cycle,event,id,field,byte,selected_id,candidate_id,candidate_ready,cadence_slot,pts_active,pts_due,stc,display_pts,display_pts_valid,tff,rff,present,generation,decoder_wait,presentation_wait,destination_wait,writer_wait,state,decoder_ready,cache_ready,prefill_miss,phase_error,overlap_error,progressive,descriptor_valid,active_bank,display_bank,pending_bank,secondary_valid,secondary_bank,ordinary_decode_open
0,PTS,0,0,0,0,0,0,1,0,0,0,0,0,1,0,0,0,0,0,0,0,2147483648,0,0,0,0,0,0,0,0,0,0,0,0,0
172,START,0,0,166,0,0,0,1,0,0,48003,0,0,1,0,0,0,7,0,0,0,2147483648,1,0,0,0,0,0,0,0,0,0,0,0,0
994754,SELECT,0,0,4484,0,0,0,1,0,0,49495,0,0,1,0,0,0,990270,0,0,4620,2147483648,0,0,0,0,0,0,0,0,0,0,0,0,0
1692822,START,1,0,7506,0,0,0,0,0,0,50542,0,0,1,0,0,1,1685317,0,0,7890,2147483648,1,0,0,0,0,0,0,0,0,0,0,0,0
1692823,READY,0,0,7506,0,0,0,0,0,0,50542,0,0,1,0,0,1,1685317,0,0,7890,2147483648,0,0,0,0,0,0,0,1,0,0,0,0,0
1909960,FIELD,0,0,7636,0,0,0,0,0,0,50867,48003,1,1,0,0,1,1902324,0,0,12787,3221225472,0,1,0,0,0,1,1,1,0,0,0,0,0
2522650,READY,1,1,7889,0,0,0,0,0,0,51786,48003,1,1,0,0,1,2514762,0,0,26110,3221225472,1,1,0,0,0,1,1,2,0,0,0,0,0
2522651,START,2,1,7890,0,1,0,0,0,0,51786,48003,1,1,0,0,1,2514762,0,0,26110,3288334336,1,1,0,0,0,1,1,2,0,1,0,0,0
2776281,PTS,1,1,8065,0,1,0,0,0,0,52167,48003,1,1,0,0,1,2768217,0,0,32508,1073742405,1,1,0,0,0,1,1,2,0,1,0,0,0
2912866,FIELD,0,1,8128,0,1,0,0,0,0,52372,48003,1,1,0,0,1,2904738,0,0,35967,1073742405,0,1,0,0,0,1,1,2,0,1,0,0,0
2996760,PUBLISH,0,2,8176,0,1,0,0,0,0,52498,48003,1,1,0,1,1,2988584,0,0,38091,1073742405,0,1,0,0,0,1,1,2,0,1,0,0,0
3226552,READY,2,2,8272,0,1,0,0,0,0,52842,48003,1,1,0,1,1,3218280,0,0,55853,1073742405,0,1,0,0,0,1,1,2,0,1,0,0,0
3226554,START,3,2,8274,0,2,1,0,0,0,52842,48003,1,1,0,1,1,3218281,0,0,55853,1073742409,1,1,0,0,0,1,1,2,0,1,0,0,0
3911960,FIELD,0,2,8656,0,2,1,0,0,0,53870,48003,1,1,0,1,1,3903304,0,0,109245,1073742925,0,1,0,0,0,1,1,2,0,1,0,0,0
3955645,READY,3,3,8656,0,2,1,0,0,0,53936,48003,1,1,0,1,1,3946989,0,0,110348,1073742925,0,1,0,0,0,1,1,2,0,1,0,0,0
3955647,START,4,3,8658,0,2,1,0,0,0,53936,48003,1,1,0,1,1,3946990,0,0,110348,1073742937,1,1,0,0,0,1,1,2,0,1,0,0,0
4832669,READY,4,3,9041,0,2,1,0,0,0,55252,48003,1,1,0,1,1,4823629,0,0,171012,1073744987,1,1,0,0,0,1,1,0,0,1,0,0,0
4914866,FIELD,0,3,9041,0,2,1,1,0,0,55375,48003,1,1,0,1,1,4823629,82196,0,171012,1140855899,1,1,0,0,0,1,1,0,0,2,0,0,0
4914867,SELECT,2,4,9041,2,3,1,0,1,0,55375,48003,0,1,1,1,1,4823629,82197,0,171012,1140856179,1,1,0,0,0,1,1,0,0,2,0,0,0
4998760,PUBLISH,2,4,9041,2,3,1,0,1,0,55501,48003,0,1,1,1,2,4823629,166090,0,171012,1140856179,1,1,0,0,0,1,1,0,0,2,0,0,0
5913960,FIELD,2,4,9041,2,3,1,0,1,1,56873,48003,0,1,1,1,2,4823629,1081290,0,171012,1140856179,1,1,0,0,0,1,1,0,0,2,0,0,0
6916866,FIELD,2,5,9041,2,3,1,0,1,1,58378,48003,0,1,1,1,2,4823629,2084196,0,171012,1140856179,1,1,0,0,0,1,1,0,0,2,0,0,0
7915960,FIELD,2,6,9041,2,3,1,1,1,1,59876,48003,0,1,1,1,2,4823629,3083290,0,171012,1140856179,1,1,0,0,0,1,1,0,0,2,0,0,0
7915961,START,5,7,9042,3,1,1,0,0,0,59876,55511,1,0,0,1,2,4823629,3083291,0,171012,1140856131,1,1,0,0,0,1,1,0,0,2,0,0,0
7915961,SELECT,3,7,9042,3,1,1,0,0,0,59876,55511,1,0,0,1,2,4823629,3083291,0,171012,1140856131,1,1,0,0,0,1,1,0,0,2,0,0,0
8003666,PUBLISH,3,7,9124,3,1,1,0,0,0,60008,55511,1,0,0,1,3,4911251,3083291,0,173438,1091872067,0,1,0,0,0,1,1,0,0,2,0,0,0
8642329,READY,5,7,9424,3,1,1,0,0,0,60966,55511,1,0,0,1,3,5549614,3083291,0,222821,1091872067,0,1,0,0,0,1,1,0,0,2,0,0,0
8918866,FIELD,3,7,9425,3,1,1,0,0,0,61381,55511,1,0,0,1,3,5549615,3359826,0,222821,1091904835,1,1,0,0,0,1,1,0,0,2,0,0,0
9917960,FIELD,3,8,9425,3,1,1,1,0,0,62879,55511,1,0,0,1,3,5549615,4358920,0,222821,1091904835,1,1,0,0,0,1,1,0,0,2,0,0,0
9917961,SELECT,1,9,9425,1,4,0,0,0,0,62879,48003,0,0,1,1,3,5549615,4358921,0,222821,1125459203,1,1,0,0,0,1,1,0,1,2,0,0,0
9917962,START,6,9,9426,1,5,1,0,0,0,62879,48003,0,0,1,1,4,5549615,4358922,0,222821,1073742409,1,0,0,0,0,1,1,0,1,2,0,0,0
10005666,PUBLISH,1,9,9508,1,5,1,0,0,0,63011,48003,0,0,1,1,4,5637236,4358922,0,225264,1073742925,0,1,0,0,0,1,1,0,1,2,0,0,0
10644413,READY,6,9,9808,1,5,1,0,0,0,63969,48003,0,0,1,1,4,6275683,4358922,0,274713,1073742925,0,1,0,0,0,1,1,0,1,2,0,0,0
10644415,START,7,9,9810,1,5,1,0,0,0,63969,48003,0,0,1,1,4,6275684,4358922,0,274713,1073742937,1,1,0,0,0,1,1,0,1,2,0,0,0
10920866,FIELD,1,9,9964,1,5,1,0,0,0,64384,48003,0,0,1,1,4,6551980,4358922,0,294579,1073744987,0,1,0,0,0,1,1,0,1,2,0,0,0
11519306,READY,7,10,10193,1,5,1,0,0,0,65281,48003,0,0,1,1,4,7150192,4358922,0,333564,1073744987,1,1,0,0,0,1,1,1,1,2,0,0,0
11919960,FIELD,1,10,10193,1,5,1,0,0,0,65882,48003,0,0,1,1,4,7150192,4759575,0,333564,1140855899,1,1,0,0,0,1,1,1,1,0,0,0,0
12922866,FIELD,1,11,10193,1,5,1,1,0,0,67387,48003,0,0,1,1,4,7150192,5762481,0,333564,1140855899,1,1,0,0,0,1,1,1,1,0,0,0,0
12922867,SELECT,5,12,10193,5,6,1,0,0,0,67387,55511,0,1,0,1,4,7150192,5762482,0,333564,1140856179,1,1,0,0,0,1,1,1,1,0,0,0,0
13006760,PUBLISH,5,12,10193,5,6,1,0,0,0,67513,55511,0,1,0,1,5,7150192,5846375,0,333564,1140856179,1,1,0,0,0,1,1,1,1,0,0,0,0
13921960,FIELD,5,12,10193,5,6,1,0,0,0,68885,55511,0,1,0,1,5,7150192,6761575,0,333564,1140856179,1,1,0,0,0,1,1,1,1,0,0,0,0
14924867,FIELD,5,13,10193,5,6,1,1,0,0,70390,55511,0,1,0,1,5,7150192,7764482,0,333564,1140856179,1,1,0,0,0,1,1,1,1,0,0,0,0
14924868,START,8,14,10194,6,4,1,0,0,0,70390,55511,0,1,1,1,5,7150192,7764483,0,333564,1140856131,1,1,0,0,0,1,1,1,1,0,0,0,0
14924868,SELECT,6,14,10194,6,4,1,0,0,0,70390,55511,0,1,1,1,5,7150192,7764483,0,333564,1140856131,1,1,0,0,0,1,1,1,1,0,0,0,0
15008760,PUBLISH,6,14,10276,6,4,1,0,0,0,70516,55511,0,1,1,1,6,7234001,7764483,0,335671,1091872067,0,1,0,0,0,1,1,1,1,0,0,0,0
15651512,READY,8,14,10576,6,4,1,0,0,0,71480,55511,0,1,1,1,6,7876453,7764483,0,385382,1091872067,0,1,0,0,0,1,1,1,1,0,0,0,0
15923960,FIELD,6,14,10577,6,4,1,0,0,0,71888,55511,0,1,1,1,6,7876454,8036929,0,385382,1091904835,1,1,0,0,0,1,1,1,1,0,0,0,0
16926867,FIELD,6,15,10577,6,4,1,0,0,0,73393,55511,0,1,1,1,6,7876454,9039836,0,385382,1091904835,1,1,0,0,0,1,1,1,1,0,0,0,0
17925960,FIELD,6,16,10577,6,4,1,1,0,0,74891,55511,0,1,1,1,6,7876454,10038929,0,385382,1091904835,1,1,0,0,0,1,1,1,1,0,0,0,0
17925961,SELECT,4,17,10577,4,7,0,0,0,0,74891,55511,0,0,0,1,6,7876454,10038930,0,385382,1125459203,1,1,0,0,0,1,1,1,2,0,0,0,0
17925962,START,9,17,10578,4,8,1,0,0,0,74891,55511,0,0,0,1,7,7876454,10038931,0,385382,1073742409,1,0,0,0,0,1,1,1,2,0,0,0,0
18013666,PUBLISH,4,17,10660,4,8,1,0,0,0,75023,55511,0,0,0,1,7,7964075,10038931,0,387565,1073742925,0,1,0,0,0,1,1,1,2,0,0,0,0
18652600,READY,9,17,10960,4,8,1,0,0,0,75981,55511,0,0,0,1,7,8602709,10038931,0,437152,1073742925,0,1,0,0,0,1,1,1,2,0,0,0,0
18652602,START,10,17,10962,4,8,1,0,0,0,75981,55511,0,0,0,1,7,8602710,10038931,0,437152,1073742937,1,1,0,0,0,1,1,1,2,0,0,0,0
18928867,FIELD,4,17,11116,4,8,1,0,0,0,76396,55511,0,0,0,1,7,8878820,10038931,0,457242,1073744987,0,1,0,0,0,1,1,1,2,0,0,0,0
19526682,READY,10,18,11345,4,8,1,0,0,0,77293,55511,0,0,0,1,7,9476407,10038931,0,495716,1073744987,1,1,0,0,0,1,1,2,2,0,0,0,0
19927960,FIELD,4,18,11345,4,8,1,1,0,0,77894,55511,0,0,0,1,7,9476407,10440208,0,495716,1140855899,1,1,0,0,0,1,1,2,2,1,0,0,0
19927961,SELECT,8,19,11345,8,9,1,0,0,0,77894,55511,0,0,1,1,7,9476407,10440209,0,495716,1140856179,1,1,0,0,0,1,1,2,2,1,0,0,0
20015666,PUBLISH,8,19,11345,8,9,1,0,0,0,78026,55511,0,0,1,1,8,9476407,10527914,0,495716,1140856179,1,1,0,0,0,1,1,2,2,1,0,0,0
20930867,FIELD,8,19,11345,8,9,1,0,0,0,79399,55511,0,0,1,1,8,9476407,11443115,0,495716,1140856179,1,1,0,0,0,1,1,2,2,1,0,0,0
21929960,FIELD,8,20,11345,8,9,1,0,0,0,80897,55511,0,0,1,1,8,9476407,12442208,0,495716,1140856179,1,1,0,0,0,1,1,2,2,1,0,0,0
22932867,FIELD,8,21,11345,8,9,1,1,0,0,82402,55511,0,0,1,1,8,9476407,13445115,0,495716,1140856179,1,1,0,0,0,1,1,2,2,1,0,0,0
22932868,START,11,22,11346,9,7,1,0,0,0,82402,55511,0,1,0,1,8,9476407,13445116,0,495716,1140856131,1,1,0,0,0,1,1,2,2,1,0,0,0
22932868,SELECT,9,22,11346,9,7,1,0,0,0,82402,55511,0,1,0,1,8,9476407,13445116,0,495716,1140856131,1,1,0,0,0,1,1,2,2,1,0,0,0
23016760,PUBLISH,9,22,11428,9,7,1,0,0,0,82528,55511,0,1,0,1,9,9560216,13445116,0,498023,1091872067,0,1,0,0,0,1,1,2,2,1,0,0,0
23659704,READY,11,22,11728,9,7,1,0,0,0,83492,55511,0,1,0,1,9,10202860,13445116,0,548071,1091872067,0,1,0,0,0,1,1,2,2,1,0,0,0
23931960,FIELD,9,22,11729,9,7,1,0,0,0,83900,55511,0,1,0,1,9,10202861,13717370,0,548071,1091904835,1,1,0,0,0,1,1,2,2,1,0,0,0
24934867,FIELD,9,23,11729,9,7,1,1,0,0,85405,55511,0,1,0,1,9,10202861,14720277,0,548071,1091904835,1,1,0,0,0,1,1,2,2,1,0,0,0
24934868,SELECT,7,24,11729,7,10,0,0,0,0,85405,55511,0,1,1,1,9,10202861,14720278,0,548071,1125459203,1,1,0,0,0,1,1,2,0,1,0,0,0
24935029,START,12,24,11890,7,11,1,0,0,0,85405,55511,0,1,1,0,10,10202861,14720279,0,548071,1073742409,1,0,0,0,0,1,1,2,0,1,0,0,0
25018760,PUBLISH,7,24,12270,7,11,1,0,0,0,85531,55511,0,1,1,1,10,10286211,14720279,0,548543,1073744459,0,1,0,0,0,1,1,2,0,1,0,0,0
25933960,FIELD,7,24,16214,7,11,1,0,0,0,86903,55511,0,1,1,1,10,11197467,14720279,0,592801,1073744459,0,1,0,0,0,1,1,2,0,1,0,0,0
26388538,PTS,2,25,18175,7,11,1,0,0,0,87585,55511,0,1,1,1,10,11650085,14720279,0,611440,1073744459,1,1,0,0,0,1,1,2,0,1,0,0,0
26632327,START,13,25,19230,7,11,1,0,0,0,87951,55511,0,1,1,1,10,11892819,14720279,0,622713,1073744459,1,1,0,0,0,1,1,2,0,1,0,0,0
26632328,READY,12,25,19230,7,11,1,0,0,0,87951,55511,0,1,1,1,10,11892819,14720279,0,622713,1073744459,1,1,0,0,0,1,1,0,0,1,0,0,0
26936867,FIELD,7,25,19420,7,11,1,0,0,0,88408,55511,0,1,1,1,10,12197167,14720280,0,646710,1628742219,0,1,0,0,0,1,1,0,0,2,0,0,0
27358950,READY,13,26,19612,7,11,1,0,0,0,89041,55511,0,1,1,1,10,12619058,14720280,0,674811,1628742219,0,1,0,0,0,1,1,0,0,2,0,0,0
27935960,FIELD,7,26,19613,7,11,1,1,0,0,89906,55511,0,1,1,1,10,12619059,15297288,0,674811,1628840523,1,1,0,0,0,1,1,0,0,2,0,0,0
27935961,SELECT,11,27,19613,11,10,1,0,0,0,89906,55511,0,0,0,1,10,12619059,15297289,0,674811,1628840803,1,1,0,0,0,1,1,0,0,2,0,0,0
28023667,PUBLISH,11,27,19613,11,10,1,0,0,0,90038,55511,0,0,0,1,11,12619059,15384995,0,674811,1628840803,1,1,0,0,0,1,1,0,0,2,0,0,0
28938867,FIELD,11,27,19613,11,10,1,0,0,0,91411,55511,0,0,0,1,11,12619059,16300195,0,674811,1628840803,1,1,0,0,0,1,1,0,0,2,0,0,0
29937960,FIELD,11,28,19613,11,10,1,1,0,0,92909,55511,0,0,0,1,11,12619059,17299288,0,674811,1628840803,1,1,0,0,0,1,1,0,0,2,0,0,0
29937961,SELECT,10,29,19613,10,12,0,0,0,0,92909,55511,0,0,1,1,11,12619059,17299289,0,674811,1662395171,1,1,0,0,0,1,1,0,1,2,0,0,0
29937962,START,14,29,19614,10,13,1,0,1,0,92909,55511,0,0,1,1,12,12619059,17299290,0,674811,1610613361,1,0,0,0,0,1,1,0,1,2,0,0,0
30025667,PUBLISH,10,29,19696,10,13,1,0,1,0,93041,55511,0,0,1,1,12,12706681,17299290,0,677230,1610613877,0,1,0,0,0,1,1,0,1,2,0,0,0
30664552,READY,14,29,19996,10,13,1,0,1,1,93999,55511,0,0,1,1,12,13345266,17299290,0,726842,1610613877,0,1,0,0,0,1,1,0,1,2,0,0,0
30664554,START,15,29,19998,10,13,1,0,1,1,93999,55511,0,0,1,1,12,13345267,17299290,0,726842,1610613881,1,1,0,0,0,1,1,0,1,2,0,0,0
30940867,FIELD,10,29,20152,10,13,1,0,1,1,94414,55511,0,0,1,1,12,13621425,17299290,0,747088,1610615931,0,1,0,0,0,1,1,0,1,2,0,0,0
31539224,READY,15,30,20381,10,13,1,0,1,1,95311,55511,0,0,1,1,12,14219554,17299290,0,786230,1610615931,1,1,0,0,0,1,1,1,1,2,0,0,0
31939960,FIELD,10,30,20381,10,13,1,0,1,1,95912,55511,0,0,1,1,12,14219554,17700025,0,786230,1677726843,1,1,0,0,0,1,1,1,1,0,0,0,0
32942867,FIELD,10,31,20381,10,13,1,1,1,1,97417,55511,0,0,1,1,12,14219554,18702932,0,786230,1677726843,1,1,0,0,0,1,1,1,1,0,0,0,0
32942868,SELECT,13,32,20381,13,14,1,0,0,0,97417,93047,1,1,0,1,12,14219554,18702933,0,786230,1677727051,1,1,0,0,0,1,1,1,1,0,0,0,0
33026760,PUBLISH,13,32,20381,13,14,1,0,0,0,97543,93047,1,1,0,1,13,14219554,18786825,0,786230,1677727051,1,1,0,0,0,1,1,1,1,0,0,0,0
33941960,FIELD,13,32,20381,13,14,1,0,0,0,98915,93047,1,1,0,1,13,14219554,19702025,0,786230,1677727051,1,1,0,0,0,1,1,1,1,0,0,0,0
34944867,FIELD,13,33,20381,13,14,1,1,0,0,100420,93047,1,1,0,1,13,14219554,20704932,0,786230,1677727051,1,1,0,0,0,1,1,1,1,0,0,0,0
34944868,START,16,34,20382,14,12,1,0,0,0,100420,93047,0,1,1,1,13,14219554,20704933,0,786230,1677727075,1,1,0,0,0,1,1,1,1,0,0,0,0
34944868,SELECT,14,34,20382,14,12,1,0,0,0,100420,93047,0,1,1,1,13,14219554,20704933,0,786230,1677727075,1,1,0,0,0,1,1,1,1,0,0,0,0
35028760,PUBLISH,14,34,20464,14,12,1,0,0,0,100546,93047,0,1,1,1,14,14303363,20704933,0,788571,1628743011,0,1,0,0,0,1,1,1,1,0,0,0,0
35671485,READY,16,34,20764,14,12,1,0,0,0,101510,93047,0,1,1,1,14,14945788,20704933,0,838250,1628743011,0,1,0,0,0,1,1,1,1,0,0,0,0
35943960,FIELD,14,34,20765,14,12,1,0,0,0,101918,93047,0,1,1,1,14,14945789,20977406,0,838250,1628841315,1,1,0,0,0,1,1,1,1,0,0,0,0
36946867,FIELD,14,35,20765,14,12,1,0,0,0,103423,93047,0,1,1,1,14,14945789,21980313,0,838250,1628841315,1,1,0,0,0,1,1,1,1,0,0,0,0
37945960,FIELD,14,36,20765,14,12,1,1,0,0,104921,93047,0,1,1,1,14,14945789,22979406,0,838250,1628841315,1,1,0,0,0,1,1,1,1,0,0,0,0
37945961,SELECT,12,37,20765,12,15,0,0,0,0,104921,55511,0,0,0,1,14,14945789,22979407,0,838250,1662395683,1,1,0,0,0,1,1,1,2,0,0,0,0
37945962,START,17,37,20766,12,16,1,0,0,0,104921,55511,0,0,0,1,15,14945789,22979408,0,838250,1610613361,1,0,0,0,0,1,1,1,2,0,0,0,0
38033667,PUBLISH,12,37,20848,12,16,1,0,0,0,105053,55511,0,0,0,1,15,15033411,22979408,0,840676,1610613877,0,1,0,0,0,1,1,1,2,0,0,0,0
38672744,READY,17,37,21148,12,16,1,0,0,0,106012,55511,0,0,0,1,15,15672188,22979408,0,890559,1610613877,0,1,0,0,0,1,1,1,2,0,0,0,0
38672746,START,18,37,21150,12,16,1,0,0,0,106012,55511,0,0,0,1,15,15672189,22979408,0,890559,1610613881,1,1,0,0,0,1,1,1,2,0,0,0,0
38948867,FIELD,12,37,21304,12,16,1,0,0,0,106426,55511,0,0,0,1,15,15948155,22979408,0,911009,1610615931,0,1,0,0,0,1,1,1,2,0,0,0,0
39547825,READY,18,38,21533,12,16,1,0,0,0,107324,55511,0,0,0,1,15,16546885,22979408,0,950199,1610615931,1,1,0,0,0,1,1,2,2,0,0,0,0
39947960,FIELD,12,38,21533,12,16,1,1,0,0,107924,55511,0,0,0,1,15,16546885,23379542,0,950199,1677726843,1,1,0,0,0,1,1,2,2,1,0,0,0
39947961,SELECT,16,39,21533,16,17,1,0,0,0,107924,93047,0,0,1,1,15,16546885,23379543,0,950199,1677727051,1,1,0,0,0,1,1,2,2,1,0,0,0
40035667,PUBLISH,16,39,21533,16,17,1,0,0,0,108056,93047,0,0,1,1,16,16546885,23467249,0,950199,1677727051,1,1,0,0,0,1,1,2,2,1,0,0,0
40950867,FIELD,16,39,21533,16,17,1,0,0,0,109429,93047,0,0,1,1,16,16546885,24382449,0,950199,1677727051,1,1,0,0,0,1,1,2,2,1,0,0,0
41949960,FIELD,16,40,21533,16,17,1,0,0,0,110927,93047,0,0,1,1,16,16546885,25381542,0,950199,1677727051,1,1,0,0,0,1,1,2,2,1,0,0,0
42952867,FIELD,16,41,21533,16,17,1,1,0,0,112432,93047,0,0,1,1,16,16546885,26384449,0,950199,1677727051,1,1,0,0,0,1,1,2,2,1,0,0,0
42952868,START,19,42,21534,17,15,1,0,0,0,112432,93047,0,1,0,1,16,16546885,26384450,0,950199,1677727075,1,1,0,0,0,1,1,2,2,1,0,0,0
42952868,SELECT,17,42,21534,17,15,1,0,0,0,112432,93047,0,1,0,1,16,16546885,26384450,0,950199,1677727075,1,1,0,0,0,1,1,2,2,1,0,0,0
43036760,PUBLISH,17,42,21616,17,15,1,0,0,0,112558,93047,0,1,0,1,17,16630694,26384450,0,952476,1628743011,0,1,0,0,0,1,1,2,2,1,0,0,0
43679416,READY,19,42,21916,17,15,1,0,0,0,113522,93047,0,1,0,1,17,17273050,26384450,0,1002138,1628743011,0,1,0,0,0,1,1,2,2,1,0,0,0
43951960,FIELD,17,42,21917,17,15,1,0,0,0,113930,93047,0,1,0,1,17,17273051,26656992,0,1002138,1628841315,1,1,0,0,0,1,1,2,2,1,0,0,0
44954867,FIELD,17,43,21917,17,15,1,1,0,0,115435,93047,0,1,0,1,17,17273051,27659899,0,1002138,1628841315,1,1,0,0,0,1,1,2,2,1,0,0,0
44954868,SELECT,15,44,21917,15,18,0,0,0,0,115435,93047,0,1,1,1,17,17273051,27659900,0,1002138,1662395683,1,1,0,0,0,1,1,2,0,1,0,0,0
44954869,START,20,44,21918,15,19,1,0,0,0,115435,93047,0,1,1,1,18,17273051,27659901,0,1002138,1610613361,1,0,0,0,0,1,1,2,0,1,0,0,0
45038760,PUBLISH,15,44,22000,15,19,1,0,0,0,115561,93047,0,1,1,1,18,17356859,27659901,0,1004413,1610613877,0,1,0,0,0,1,1,2,0,1,0,0,0
45681336,READY,20,44,22300,15,19,1,0,0,0,116525,93047,0,1,1,1,18,17999135,27659901,0,1053963,1610613877,0,1,0,0,0,1,1,2,0,1,0,0,0
45681338,START,21,44,22302,15,19,1,0,0,0,116525,93047,0,1,1,1,18,17999136,27659901,0,1053963,1610613881,1,1,0,0,0,1,1,2,0,1,0,0,0
45953960,FIELD,15,44,22456,15,19,1,0,0,0,116933,93047,0,1,1,1,18,18271603,27659901,0,1073654,1610615931,0,1,0,0,0,1,1,2,0,1,0,0,0
46556113,READY,21,45,22685,15,19,1,0,0,0,117837,93047,0,1,1,1,18,18873528,27659901,0,1113191,1610615931,1,1,0,0,0,1,1,0,0,1,0,0,0
46956867,FIELD,15,45,22685,15,19,1,0,0,0,118438,93047,0,1,1,1,18,18873528,28060654,0,1113191,1677726843,1,1,0,0,0,1,1,0,0,2,0,0,0
47955960,FIELD,15,46,22685,15,19,1,1,0,0,119936,93047,0,1,1,1,18,18873528,29059747,0,1113191,1677726843,1,1,0,0,0,1,1,0,0,2,0,0,0
47955961,SELECT,19,47,22685,19,20,1,0,0,0,119936,93047,0,0,0,1,18,18873528,29059748,0,1113191,1677727051,1,1,0,0,0,1,1,0,0,2,0,0,0
48043667,PUBLISH,19,47,22685,19,20,1,0,0,0,120068,93047,0,0,0,1,19,18873528,29147454,0,1113191,1677727051,1,1,0,0,0,1,1,0,0,2,0,0,0
48958867,FIELD,19,47,22685,19,20,1,0,0,0,121441,93047,0,0,0,1,19,18873528,30062654,0,1113191,1677727051,1,1,0,0,0,1,1,0,0,2,0,0,0
49957960,FIELD,19,48,22685,19,20,1,1,0,0,122939,93047,0,0,0,1,19,18873528,31061747,0,1113191,1677727051,1,1,0,0,0,1,1,0,0,2,0,0,0
49957961,START,22,49,22686,20,18,1,0,0,0,122939,93047,0,0,1,1,19,18873528,31061748,0,1113191,1677727075,1,1,0,0,0,1,1,0,0,2,0,0,0
49957961,SELECT,20,49,22686,20,18,1,0,0,0,122939,93047,0,0,1,1,19,18873528,31061748,0,1113191,1677727075,1,1,0,0,0,1,1,0,0,2,0,0,0
50045667,PUBLISH,20,49,22768,20,18,1,0,0,0,123071,93047,0,0,1,1,20,18961151,31061748,0,1115375,1628743011,0,1,0,0,0,1,1,0,0,2,0,0,0
50684600,READY,22,49,23068,20,18,1,0,0,0,124029,93047,0,0,1,1,20,19599784,31061748,0,1164962,1628743011,0,1,0,0,0,1,1,0,0,2,0,0,0
50960867,FIELD,20,49,23069,20,18,1,0,0,0,124444,93047,0,0,1,1,20,19599785,31338013,0,1164962,1628841315,1,1,0,0,0,1,1,0,0,2,0,0,0
51959960,FIELD,20,50,23069,20,18,1,0,0,0,125942,93047,0,0,1,1,20,19599785,32337106,0,1164962,1628841315,1,1,0,0,0,1,1,0,0,2,0,0,0
52962867,FIELD,20,51,23069,20,18,1,1,0,0,127447,93047,0,0,1,1,20,19599785,33340013,0,1164962,1628841315,1,1,0,0,0,1,1,0,0,2,0,0,0
52962868,SELECT,18,52,23069,18,21,0,0,0,0,127447,93047,0,1,0,1,20,19599785,33340014,0,1164962,1662395683,1,1,0,0,0,1,1,0,1,2,0,0,0
52962869,START,23,52,23070,18,22,1,0,0,0,127447,93047,0,1,0,1,21,19599785,33340015,0,1164962,1610613361,1,0,0,0,0,1,1,0,1,2,0,0,0
53046760,PUBLISH,18,52,23152,18,22,1,0,0,0,127573,93047,0,1,0,1,21,19683593,33340015,0,1167222,1610613877,0,1,0,0,0,1,1,0,1,2,0,0,0
53689625,READY,23,52,23452,18,22,1,0,0,0,128537,93047,0,1,0,1,21,20326158,33340015,0,1217202,1610613877,0,1,0,0,0,1,1,0,1,2,0,0,0
53689787,START,24,52,23614,18,22,1,0,0,0,128537,93047,0,1,0,1,21,20326159,33340015,0,1217202,1610613881,1,1,0,0,0,1,1,0,1,2,0,0,0
53961960,FIELD,18,52,24802,18,22,1,0,0,0,128945,93047,0,1,0,1,21,20597143,33340015,0,1231067,1610615931,0,1,0,0,0,1,1,0,1,2,0,0,0
54964867,FIELD,18,53,29152,18,22,1,1,0,0,130450,93047,0,1,0,1,21,21595700,33340015,0,1276699,1610615931,0,1,0,0,0,1,1,0,1,2,0,0,0
54964868,SELECT,22,54,29152,22,23,1,0,0,0,130450,93047,0,1,1,1,21,21595701,33340015,0,1276699,1610616139,0,1,0,0,0,1,1,0,1,2,0,0,0
55048760,PUBLISH,22,54,29517,22,23,1,0,0,0,130576,93047,0,1,1,1,22,21679228,33340015,0,1277453,1610616139,0,1,0,0,0,1,1,0,1,2,0,0,0
55232018,PTS,3,54,30309,22,23,1,0,0,0,130851,93047,0,1,1,1,22,21861695,33340015,0,1286589,1610616139,1,1,0,0,0,1,1,0,1,2,0,0,0
55388259,START,25,54,30982,22,23,1,0,0,0,131085,93047,0,1,1,1,22,22017263,33340015,0,1294218,1610616139,1,1,0,0,0,1,1,0,1,2,0,0,0
55388260,READY,24,54,30982,22,23,1,0,0,0,131085,93047,0,1,1,1,22,22017263,33340015,0,1294218,1610616139,1,1,0,0,0,1,1,1,1,2,0,0,0
55963960,FIELD,22,54,30982,22,23,1,0,0,0,131948,93047,0,1,1,1,22,22017263,33915715,0,1294218,1677727051,1,1,0,0,0,1,1,1,1,0,0,0,0
56966867,FIELD,22,55,30982,22,23,1,0,0,0,133453,93047,0,1,1,1,22,22017263,34918622,0,1294218,1677727051,1,1,0,0,0,1,1,1,1,0,0,0,0
57965960,FIELD,22,56,30982,22,23,1,1,0,0,134951,93047,0,1,1,1,22,22017263,35917715,0,1294218,1677727051,1,1,0,0,0,1,1,1,1,0,0,0,0
57965961,SELECT,23,57,30982,23,21,1,0,0,0,134951,93047,0,0,0,1,22,22017263,35917716,0,1294218,1677727075,1,1,0,0,0,1,1,1,1,0,0,0,0
58053667,PUBLISH,23,57,31064,23,21,1,0,0,0,135083,93047,0,0,0,1,23,22104886,35917717,0,1296613,1628743011,0,1,0,0,0,1,1,1,1,0,0,0,0
58692456,READY,25,57,31380,23,21,1,0,0,0,136041,93047,0,0,0,1,23,22743359,35917717,0,1346177,1628743011,0,1,0,0,0,1,1,1,1,0,0,0,0
58968867,FIELD,23,57,31381,23,21,1,0,0,0,136456,93047,0,0,0,1,23,22743360,36194126,0,1346177,1628841315,1,1,0,0,0,1,1,1,1,0,0,0,0
59967960,FIELD,23,58,31381,23,21,1,1,0,0,137954,93047,0,0,0,1,23,22743360,37193219,0,1346177,1628841315,1,1,0,0,0,1,1,1,1,0,0,0,0
59967961,SELECT,21,59,31381,21,24,0,0,0,0,137954,93047,0,0,1,1,23,22743360,37193220,0,1346177,1662395683,1,1,0,0,0,1,1,1,2,0,0,0,0
59967962,START,26,59,31382,21,25,1,0,1,0,137954,93047,0,0,1,1,24,22743360,37193221,0,1346177,1610613361,1,0,0,0,0,1,1,1,2,0,0,0,0
60055667,PUBLISH,21,59,31464,21,25,1,0,1,0,138086,93047,0,0,1,1,24,22830982,37193221,0,1348570,1610613877,0,1,0,0,0,1,1,1,2,0,0,0,0
60694505,READY,26,59,31776,21,25,1,0,1,1,139044,93047,0,0,1,1,24,23469508,37193221,0,1398186,1610613877,0,1,0,0,0,1,1,1,2,0,0,0,0
60694507,START,27,59,31778,21,25,1,0,1,1,139044,93047,0,0,1,1,24,23469509,37193221,0,1398186,1610613881,1,1,0,0,0,1,1,1,2,0,0,0,0
60970867,FIELD,21,59,31932,21,25,1,0,1,1,139459,93047,0,0,1,1,24,23745714,37193221,0,1418393,1610615931,0,1,0,0,0,1,1,1,2,0,0,0,0
61574457,READY,27,60,35357,21,25,1,0,1,1,140364,93047,0,0,1,1,24,24345880,37193221,0,1457837,1610615931,1,1,0,0,0,1,1,2,2,0,0,0,0
61969960,FIELD,21,60,35357,21,25,1,0,1,1,140957,93047,0,0,1,1,24,24345880,37588723,0,1457837,1677726843,1,1,0,0,0,1,1,2,2,1,0,0,0
62972867,FIELD,21,61,35357,21,25,1,1,1,1,142462,93047,0,0,1,1,24,24345880,38591630,0,1457837,1677726843,1,1,0,0,0,1,1,2,2,1,0,0,0
62972868,SELECT,25,62,35357,25,26,1,0,0,0,142462,138092,1,1,0,1,24,24345880,38591631,0,1457837,1677727051,1,1,0,0,0,1,1,2,2,1,0,0,0
63056760,PUBLISH,25,62,35357,25,26,1,0,0,0,142588,138092,1,1,0,1,25,24345880,38675523,0,1457837,1677727051,1,1,0,0,0,1,1,2,2,1,0,0,0
63971960,FIELD,25,62,35357,25,26,1,0,0,0,143960,138092,1,1,0,1,25,24345880,39590723,0,1457837,1677727051,1,1,0,0,0,1,1,2,2,1,0,0,0
64974867,FIELD,25,63,35357,25,26,1,1,0,0,145465,138092,1,1,0,1,25,24345880,40593630,0,1457837,1677727051,1,1,0,0,0,1,1,2,2,1,0,0,0
64974868,START,28,64,35358,26,24,1,0,0,0,145465,138092,0,1,1,1,25,24345880,40593631,0,1457837,1677727075,1,1,0,0,0,1,1,2,2,1,0,0,0
64974868,SELECT,26,64,35358,26,24,1,0,0,0,145465,138092,0,1,1,1,25,24345880,40593631,0,1457837,1677727075,1,1,0,0,0,1,1,2,2,1,0,0,0
65058760,PUBLISH,26,64,35440,26,24,1,0,0,0,145591,138092,0,1,1,1,26,24429689,40593631,0,1460166,1628743011,0,1,0,0,0,1,1,2,2,1,0,0,0
65701992,READY,28,64,35820,26,24,1,0,0,0,146555,138092,0,1,1,1,26,25072541,40593631,0,1510439,1628743011,0,1,0,0,0,1,1,2,2,1,0,0,0
65973960,FIELD,26,64,35821,26,24,1,0,0,0,146963,138092,0,1,1,1,26,25072542,40865597,0,1510439,1628841315,1,1,0,0,0,1,1,2,2,1,0,0,0
66976867,FIELD,26,65,35821,26,24,1,0,0,0,148468,138092,0,1,1,1,26,25072542,41868504,0,1510439,1628841315,1,1,0,0,0,1,1,2,2,1,0,0,0
67975960,FIELD,26,66,35821,26,24,1,1,0,0,149966,138092,0,1,1,1,26,25072542,42867597,0,1510439,1628841315,1,1,0,0,0,1,1,2,2,1,0,0,0
67975961,SELECT,24,67,35821,24,27,0,0,0,0,149966,93047,0,0,0,1,26,25072542,42867598,0,1510439,1662395683,1,1,0,0,0,1,1,2,0,1,0,0,0
67975962,START,29,67,35822,24,28,1,0,0,0,149966,93047,0,0,0,1,27,25072542,42867599,0,1510439,1610613361,1,0,0,0,0,1,1,2,0,1,0,0,0
68063667,PUBLISH,24,67,35904,24,28,1,0,0,0,150098,93047,0,0,0,1,27,25160164,42867599,0,1512866,1610613877,0,1,0,0,0,1,1,2,0,1,0,0,0
68703209,READY,29,67,36332,24,28,1,0,0,0,151057,93047,0,0,0,1,27,25799278,42867599,0,1563177,1610613877,0,1,0,0,0,1,1,2,0,1,0,0,0
68703211,START,30,67,36334,24,28,1,0,0,0,151057,93047,0,0,0,1,27,25799279,42867599,0,1563177,1610613881,1,1,0,0,0,1,1,2,0,1,0,0,0
68978867,FIELD,24,67,36488,24,28,1,0,0,0,151471,93047,0,0,0,1,27,26074780,42867599,0,1583657,1610615931,0,1,0,0,0,1,1,2,0,1,0,0,0
69977961,FIELD,24,68,45260,24,28,1,1,0,0,152969,93047,0,0,0,1,27,27065102,42867599,0,1618348,1610615931,0,1,0,0,0,1,1,2,0,1,0,0,0
69977962,SELECT,28,69,45260,28,29,1,0,0,0,152969,138092,0,0,1,1,27,27065103,42867599,0,1618348,1610616139,0,1,0,0,0,1,1,2,0,1,0,0,0
70045254,READY,30,69,45261,28,29,1,0,0,0,153070,138092,0,0,1,0,28,27132395,42867599,0,1619917,1610616139,1,1,0,0,0,1,1,0,0,1,0,0,0
70065667,PUBLISH,28,69,45261,28,29,1,0,0,0,153101,138092,0,0,1,1,28,27132395,42888011,0,1619917,1677727051,1,1,0,0,0,1,1,0,0,2,0,0,0
70980867,FIELD,28,69,45261,28,29,1,0,0,0,154474,138092,0,0,1,1,28,27132395,43803211,0,1619917,1677727051,1,1,0,0,0,1,1,0,0,2,0,0,0
71979961,FIELD,28,70,45261,28,29,1,0,0,0,155972,138092,0,0,1,1,28,27132395,44802305,0,1619917,1677727051,1,1,0,0,0,1,1,0,0,2,0,0,0
72982867,FIELD,28,71,45261,28,29,1,1,0,0,157477,138092,0,0,1,1,28,27132395,45805211,0,1619917,1677727051,1,1,0,0,0,1,1,0,0,2,0,0,0
72982868,START,31,72,45262,29,27,1,0,0,0,157477,138092,0,1,0,1,28,27132395,45805212,0,1619917,1677727075,1,1,0,0,0,1,1,0,0,2,0,0,0
72982868,SELECT,29,72,45262,29,27,1,0,0,0,157477,138092,0,1,0,1,28,27132395,45805212,0,1619917,1677727075,1,1,0,0,0,1,1,0,0,2,0,0,0
73066760,PUBLISH,29,72,45344,29,27,1,0,0,0,157603,138092,0,1,0,1,29,27216204,45805212,0,1621927,1811944803,0,1,0,0,0,1,1,0,0,2,0,0,1
73981961,FIELD,29,72,53212,29,27,1,0,0,0,158975,138092,0,1,0,1,29,28123537,45805212,0,1674691,1811944803,0,1,0,0,0,1,1,0,0,2,0,0,1
74059434,READY,31,73,53569,29,27,1,0,0,0,159092,138092,0,1,0,1,29,28200654,45805212,0,1675283,1811944803,1,1,0,0,0,1,1,1,0,2,0,0,1
74984867,FIELD,29,73,53569,29,27,1,1,0,0,160480,138092,0,1,0,1,29,28200654,46730644,0,1675283,1811944803,1,1,0,0,0,1,1,1,0,2,1,0,0
74984868,START,32,74,53570,27,30,1,0,0,0,160480,138092,0,1,1,1,29,28200654,46730645,0,1675283,3959424288,1,1,0,0,0,1,1,1,1,2,1,0,0
74984868,SELECT,27,74,53570,27,30,1,0,0,0,160480,138092,0,1,1,1,29,28200654,46730645,0,1675283,3959424288,1,1,0,0,0,1,1,1,1,2,1,0,0
75068760,PUBLISH,27,74,53570,27,30,1,0,0,0,160606,138092,0,1,1,1,30,28200654,46814536,83891,1675283,3959424288,1,1,0,0,0,1,1,1,1,2,1,0,0
75983961,FIELD,27,74,53570,27,30,1,0,0,0,161978,138092,0,1,1,1,30,28200654,47729737,999092,1675283,3959424288,1,1,0,0,0,1,1,1,1,2,1,0,0
76986867,FIELD,27,75,53570,27,30,1,0,0,0,163483,138092,0,1,1,1,30,28200654,48732643,2001998,1675283,3959424288,1,1,0,0,0,1,1,1,1,2,1,0,0
77985961,FIELD,27,76,53570,27,30,1,1,0,0,164981,138092,0,1,1,1,30,28200654,49731737,3001092,1675283,3959424288,1,1,0,0,0,1,1,1,1,2,1,0,0
77985962,SELECT,30,77,53570,30,31,1,0,0,0,164981,138092,0,0,0,1,30,28200654,49731738,3001093,1675283,3959424288,1,1,0,0,0,1,1,1,2,0,0,0,1
78073667,PUBLISH,30,77,53680,30,31,1,0,0,0,165113,138092,0,0,0,1,31,28288248,49731738,3001094,1677174,3959424288,0,1,0,0,0,1,1,1,2,0,0,0,1
78988867,FIELD,30,77,62464,30,31,1,0,0,0,166486,138092,0,0,0,1,31,29194664,49731738,3001094,1721044,3959424288,0,1,0,0,0,1,1,1,2,0,0,0,1
79382398,READY,32,78,66129,30,31,1,0,0,0,167076,138092,0,0,0,1,31,29584531,49731738,3001094,1732096,3959424288,1,1,0,0,0,1,1,2,2,0,0,0,1
79382399,START,33,78,66130,30,31,1,0,0,0,167076,138092,0,0,0,1,31,29584531,49731738,3001094,1732096,3959424288,1,1,0,0,0,1,1,2,2,0,1,1,0
79987961,FIELD,30,78,66130,30,31,1,1,0,0,167984,138092,0,0,0,1,31,29584531,50337299,3606655,1732096,3959424288,1,1,0,0,0,1,1,2,2,0,1,1,0
79987962,SELECT,31,79,66130,31,32,1,0,0,0,167984,138092,0,0,1,1,31,29584531,50337300,3606656,1732096,3959424288,1,1,0,0,0,1,1,2,0,1,0,1,1
80075667,PUBLISH,31,79,66248,31,32,1,0,0,0,168116,138092,0,0,1,1,32,29672117,50337300,3606657,1733978,3959424288,0,1,0,0,0,1,1,2,0,1,0,1,1
80990867,FIELD,31,79,76340,31,32,1,0,0,0,169489,138092,0,0,1,1,32,30577225,50337300,3606657,1776778,3959424288,0,1,0,0,0,1,1,2,0,1,0,1,1
81430785,READY,33,80,81921,31,32,1,0,0,0,170149,138092,0,0,1,1,32,31011563,50337300,3606657,1789778,3959424288,1,1,0,0,0,1,1,0,0,1,0,1,1
81430786,START,34,80,81922,31,32,1,0,0,0,170149,138092,0,0,1,1,32,31011563,50337300,3606657,1789778,3959424288,1,1,0,0,0,1,1,0,0,1,1,2,0
81989961,FIELD,31,80,81922,31,32,1,0,0,0,170987,138092,0,0,1,1,32,31011563,50896474,4165831,1789778,3959424288,1,1,0,0,0,1,1,0,0,1,1,2,0
82992867,FIELD,31,81,81922,31,32,1,1,0,0,172492,138092,0,0,1,1,32,31011563,51899380,5168737,1789778,3959424288,1,1,0,0,0,1,1,0,0,1,1,2,0
82992868,SELECT,32,82,81922,32,33,1,0,0,0,172492,138092,0,1,0,1,32,31011563,51899381,5168738,1789778,3959424288,1,1,0,0,0,1,1,0,1,2,0,2,1
83076761,PUBLISH,32,82,82596,32,33,1,0,0,0,172618,138092,0,1,0,1,33,31094781,51899381,5168739,1791381,3959424288,0,1,0,0,0,1,1,0,1,2,0,2,1
83991961,FIELD,32,82,96360,32,33,1,0,0,0,173990,138092,0,1,0,1,33,31996217,51899381,5168739,1829359,3959424288,0,1,0,0,0,1,1,0,1,2,0,2,1
84682822,READY,34,83,106593,32,33,1,0,0,0,175027,138092,0,1,0,1,33,32676846,51899381,5168739,1846177,3959424288,1,1,0,0,0,1,1,1,1,2,0,2,1
84682823,START,35,83,106594,32,33,1,0,0,0,175027,138092,0,1,0,1,33,32676846,51899381,5168739,1846177,3959424288,1,1,0,0,0,1,1,1,1,2,1,0,0
84994867,FIELD,32,83,107712,32,33,1,1,0,0,175495,138092,0,1,0,1,33,32987770,51899382,5168739,1870527,1811939909,0,1,0,0,0,1,1,1,1,2,0,0,0
84994868,SELECT,33,84,107712,33,33,0,0,0,0,175495,138092,0,1,1,1,33,32987771,51899382,5168739,1870527,1610613317,0,1,0,0,0,1,1,1,2,2,0,0,0
85078761,PUBLISH,33,84,110052,33,33,0,0,0,0,175621,138092,0,1,1,1,34,33069324,51899382,5168739,1874277,1610613317,0,1,0,0,0,1,1,1,2,2,0,0,0
85942365,READY,35,84,121848,33,33,0,0,0,0,176916,138092,0,1,1,1,34,33921132,51899382,5168739,1912442,1610613317,0,1,0,0,0,1,1,1,2,2,0,0,0
85942527,START,36,84,122010,33,35,1,0,0,0,176916,138092,0,1,1,1,34,33921133,51899382,5168739,1912442,1610613321,1,1,0,0,0,1,1,1,2,2,0,0,0
85993961,FIELD,33,84,122411,33,35,1,0,0,0,176993,138092,0,1,1,1,34,33972165,51899382,5168739,1914749,1610615371,0,1,0,0,0,1,1,1,2,2,0,0,0
86996867,FIELD,33,85,137072,33,35,1,0,0,0,178498,138092,0,1,1,1,34,34960410,51899382,5168739,1952633,1610615371,0,1,0,0,0,1,1,1,2,2,0,0,0
87855514,START,37,86,153550,33,35,1,0,0,0,179786,138092,0,1,1,1,34,35802580,51899382,5168739,1984764,1610615371,1,1,0,0,0,1,1,1,2,2,0,0,0
87855515,READY,36,86,153550,33,35,1,0,0,0,179786,138092,0,1,1,1,34,35802580,51899382,5168739,1984764,1610615371,0,1,0,0,0,1,1,2,2,2,0,0,0
87995961,FIELD,33,86,153550,33,35,1,1,0,0,179996,138092,0,1,1,1,34,35802587,52039828,5168739,1984764,1811944011,1,1,0,0,0,1,1,2,2,1,0,0,0
87995962,SELECT,35,87,153550,35,34,1,0,0,0,179996,138092,0,0,0,1,34,35802587,52039829,5168739,1984764,1811944291,1,1,0,0,0,1,1,2,2,1,0,0,0
88083667,PUBLISH,35,87,154968,35,34,1,0,0,0,180128,138092,0,0,0,1,35,35888873,52039830,5168739,1985441,1811944291,0,1,0,0,0,1,1,2,2,1,0,0,1
88998867,FIELD,35,87,168788,35,34,1,0,0,0,181501,138092,0,0,0,1,35,36790253,52039830,5168739,2029746,1811944291,0,1,0,0,0,1,1,2,2,1,0,0,1
89339006,READY,37,88,173169,35,34,1,0,0,0,182011,138092,0,0,0,1,35,37126012,52039830,5168739,2041998,1811944291,1,1,0,0,0,1,1,0,2,1,0,0,1
89997961,FIELD,35,88,173169,35,34,1,1,0,0,182999,138092,0,0,0,1,35,37126012,52698784,5168739,2041998,1811944291,1,1,0,0,0,1,1,0,2,1,1,2,0
89997962,START,38,89,173170,34,36,1,0,0,0,182999,138092,0,0,1,1,35,37126012,52698785,5168739,2041998,3959423776,1,1,0,0,0,1,1,0,0,1,1,2,0
89997962,SELECT,34,89,173170,34,36,1,0,0,0,182999,138092,0,0,1,1,35,37126012,52698785,5168739,2041998,3959423776,1,1,0,0,0,1,1,0,0,1,1,2,0
90085667,PUBLISH,34,89,173170,34,36,1,0,0,0,183131,138092,0,0,1,1,36,37126012,52786489,5256443,2041998,3959423776,1,1,0,0,0,1,1,0,0,1,1,2,0
91000867,FIELD,34,89,173170,34,36,1,0,0,0,184504,138092,0,0,1,1,36,37126012,53701689,6171643,2041998,3959423776,1,1,0,0,0,1,1,0,0,1,1,2,0
91999961,FIELD,34,90,173170,34,36,1,0,0,0,186002,138092,0,0,1,1,36,37126012,54700783,7170737,2041998,3959423776,1,1,0,0,0,1,1,0,0,1,1,2,0
93002867,FIELD,34,91,173170,34,36,1,1,0,0,187507,138092,0,0,1,1,36,37126012,55703689,8173643,2041998,3959423776,1,1,0,0,0,1,1,0,0,1,1,2,0
93002868,SELECT,36,92,173170,36,37,1,0,0,0,187507,138092,0,1,0,1,36,37126012,55703690,8173644,2041998,3959423776,1,1,0,0,0,1,1,0,1,2,0,2,1
93086761,PUBLISH,36,92,174668,36,37,1,0,0,0,187633,138092,0,1,0,1,37,37208406,55703690,8173645,2042671,3959423776,0,1,0,0,0,1,1,0,1,2,0,2,1
94001961,FIELD,36,92,188571,36,37,1,0,0,0,189005,138092,0,1,0,1,37,38109704,55703690,8173645,2080916,3959423776,1,1,0,0,0,1,1,0,1,2,0,2,1
94595454,READY,38,93,196633,36,37,1,0,0,0,189896,138092,0,1,0,1,37,38695135,55703690,8173645,2101277,3959423776,1,1,0,0,0,1,1,1,1,2,0,2,1
94595455,START,39,93,196634,36,37,1,0,0,0,189896,138092,0,1,0,1,37,38695135,55703690,8173645,2101277,3959423776,1,1,0,0,0,1,1,1,1,2,1,0,0
95004867,FIELD,36,93,196634,36,37,1,1,0,0,190510,138092,0,1,0,1,37,38695135,56113101,8583056,2101277,3959423776,1,1,0,0,0,1,1,1,1,2,1,0,0
95004868,SELECT,37,94,196634,37,38,1,0,0,0,190510,138092,0,1,1,1,37,38695135,56113102,8583057,2101277,3959423776,1,1,0,0,0,1,1,1,2,0,0,0,1
95088761,PUBLISH,37,94,197760,37,38,1,0,0,0,190636,138092,0,1,1,1,38,38777901,56113102,8583058,2101866,3959423776,0,1,0,0,0,1,1,1,2,0,0,0,1
96003961,FIELD,37,94,211948,37,38,1,0,0,0,192008,138092,0,1,1,1,38,39678913,56113102,8583058,2135028,3959423776,0,1,0,0,0,1,1,1,2,0,0,0,1
96925597,READY,39,95,225261,37,38,1,0,0,0,193391,138092,0,1,1,1,38,40587237,56113102,8583058,2160739,3959423776,1,1,0,0,0,1,1,2,2,0,0,0,1
96925598,START,40,95,225262,37,38,1,0,0,0,193391,138092,0,1,1,1,38,40587237,56113102,8583058,2160739,3959423776,1,1,0,0,0,1,1,2,2,0,1,1,0
97006867,FIELD,37,95,225262,37,38,1,0,0,0,193513,138092,0,1,1,1,38,40587237,56194370,8664326,2160739,3959423776,1,1,0,0,0,1,1,2,2,0,1,1,0
98005961,FIELD,37,96,225262,37,38,1,1,0,0,195011,138092,0,1,1,1,38,40587237,57193464,9663420,2160739,3959423776,1,1,0,0,0,1,1,2,2,0,1,1,0
98005962,SELECT,38,97,225262,38,39,1,0,0,0,195011,138092,0,0,0,1,38,40587237,57193465,9663421,2160739,3959423776,1,1,0,0,0,1,1,2,0,1,0,1,1
98093667,PUBLISH,38,97,226464,38,39,1,0,0,0,195143,138092,0,0,0,1,39,40673739,57193465,9663422,2160739,3959423776,0,1,0,0,0,1,1,2,0,1,0,1,1
99008868,FIELD,38,97,241340,38,39,1,0,0,0,196516,138092,0,0,0,1,39,41574064,57193465,9663422,2194815,3959423776,0,1,0,0,0,1,1,2,0,1,0,1,1
100002018,READY,40,98,257073,38,39,1,0,0,0,198006,138092,0,0,0,1,39,42551482,57193465,9663422,2220937,3959423776,1,1,0,0,0,1,1,0,0,1,0,1,1
100002019,START,41,98,257074,38,39,1,0,0,0,198006,138092,0,0,0,1,39,42551482,57193465,9663422,2220937,3959423776,1,1,0,0,0,1,1,0,0,1,1,2,0
100007961,FIELD,38,98,257074,38,39,1,1,0,0,198014,138092,0,0,0,1,39,42551482,57199406,9669363,2220937,3959423776,1,1,0,0,0,1,1,0,0,1,1,2,0
100007962,SELECT,39,99,257074,39,40,1,0,0,0,198014,138092,0,0,1,1,39,42551482,57199407,9669364,2220937,3959423776,1,1,0,0,0,1,1,0,1,2,0,2,1
100095667,PUBLISH,39,99,258356,39,40,1,0,0,0,198146,138092,0,0,1,1,40,42637904,57199407,9669365,2221529,3959423776,0,1,0,0,0,1,1,0,1,2,0,2,1
101010868,FIELD,39,99,272964,39,40,1,0,0,0,199519,138092,0,0,1,1,40,43538497,57199407,9669365,2253097,3959423776,0,1,0,0,0,1,1,0,1,2,0,2,1
102009961,FIELD,39,100,289916,39,40,1,0,0,0,201017,138092,0,0,1,1,40,44520638,57199407,9669365,2279721,3959423776,0,1,0,0,0,1,1,0,1,2,0,2,1
102026922,READY,41,101,289917,39,40,1,0,0,0,201043,138092,0,0,1,1,40,44537599,57199407,9669365,2280091,3959423776,1,1,0,0,0,1,1,1,1,2,0,2,1
102026923,START,42,101,289918,39,40,1,0,0,0,201043,138092,0,0,1,1,40,44537599,57199407,9669365,2280091,3959423776,1,1,0,0,0,1,1,1,1,2,1,0,0
103012868,FIELD,39,101,289918,39,40,1,1,0,0,202522,138092,0,0,1,1,40,44537599,58185351,10655309,2280091,3959423776,1,1,0,0,0,1,1,1,1,2,1,0,0
103012869,SELECT,40,102,289918,40,41,1,0,0,0,202522,138092,0,1,0,1,40,44537599,58185352,10655310,2280091,3959423776,1,1,0,0,0,1,1,1,2,0,0,0,1
103096761,PUBLISH,40,102,291648,40,41,1,0,0,0,202648,138092,0,1,0,1,41,44619760,58185352,10655311,2280677,3959423776,0,1,0,0,0,1,1,1,2,0,0,0,1
104011961,FIELD,40,102,307500,40,41,1,0,0,0,204020,138092,0,1,0,1,41,45519108,58185352,10655311,2308703,3959423776,0,1,0,0,0,1,1,1,2,0,0,0,1
105014868,FIELD,40,103,324836,40,41,1,1,0,0,205525,138092,0,1,0,1,41,46504679,58185352,10655311,2334435,3959423776,0,1,0,0,0,1,1,1,2,0,0,0,1
105014869,SELECT,41,104,324836,41,41,0,0,0,0,205525,138092,0,1,1,1,41,46504680,58185352,10655311,2334435,3758097184,0,1,0,0,0,1,1,1,0,0,0,0,1
105098761,PUBLISH,41,104,325532,41,41,0,0,0,0,205651,138092,0,1,1,1,42,46587876,58185352,10655311,2335211,3758097184,0,1,0,0,0,1,1,1,0,0,0,0,1
105142910,READY,42,104,325533,41,41,0,0,0,0,205717,138092,0,1,1,1,42,46632025,58185352,10655311,2337112,3758097184,1,1,0,0,0,1,1,2,0,0,0,0,1
105142911,START,43,104,325534,41,42,0,0,0,0,205717,138092,0,1,1,1,42,46632025,58185352,10655311,2337112,3825206048,1,1,0,0,0,1,1,2,0,1,0,0,0
106013961,FIELD,41,104,341628,41,42,1,0,0,0,207023,138092,0,1,1,1,42,47486980,58185352,10655311,2363221,3959423776,0,1,0,0,0,1,1,2,0,1,0,0,1
107016868,FIELD,41,105,359296,41,42,1,0,0,0,208528,138092,0,1,1,1,42,48472219,58185352,10655311,2386121,3959423776,0,1,0,0,0,1,1,2,0,1,0,0,1
107397948,READY,43,106,364861,41,42,1,0,0,0,209099,138092,0,1,1,1,42,48847735,58185352,10655311,2395892,3959423776,1,1,0,0,0,1,1,0,0,1,0,0,1
107397949,START,44,106,364862,41,42,1,0,0,0,209099,138092,0,1,1,1,42,48847735,58185352,10655311,2395892,3959423776,1,1,0,0,0,1,1,0,0,1,1,2,0
108015961,FIELD,41,106,364862,41,42,1,1,0,0,210026,138092,0,1,1,1,42,48847735,58803363,11273322,2395892,3959423776,1,1,0,0,0,1,1,0,0,1,1,2,0
108015962,SELECT,42,107,364862,42,43,1,0,0,0,210026,138092,0,0,0,1,42,48847735,58803364,11273323,2395892,3959423776,1,1,0,0,0,1,1,0,1,2,0,2,1
108103668,PUBLISH,42,107,367112,42,43,1,0,0,0,210158,138092,0,0,0,1,43,48933190,58803364,11273324,2395892,3959423776,0,1,0,0,0,1,1,0,1,2,0,2,1
109018868,FIELD,42,107,384020,42,43,1,0,0,0,211531,138092,0,0,0,1,43,49831482,58803364,11273324,2420912,3959423776,0,1,0,0,0,1,1,0,1,2,0,2,1
110017961,FIELD,42,108,401675,42,43,1,1,0,0,213029,138092,0,0,0,1,43,50812921,58803364,11273324,2444257,3959423776,1,1,0,0,0,1,1,0,1,2,0,2,1
110017962,SELECT,43,109,401676,43,43,0,0,0,0,213029,138092,0,0,1,1,43,50812921,58803364,11273324,2444257,3758097184,1,1,0,0,0,1,1,0,2,2,0,2,1
110105668,PUBLISH,43,109,403906,43,43,0,0,0,0,213161,138092,0,0,1,1,44,50898396,58803364,11273324,2445321,3758097184,0,1,0,0,0,1,1,0,2,2,0,2,1
110335358,READY,44,109,406525,43,43,0,0,0,0,213506,138092,0,0,1,1,44,51125468,58803364,11273324,2452834,3758097184,1,1,0,0,0,1,1,1,2,2,0,2,1
110335359,START,45,109,406526,43,44,0,0,0,0,213506,138092,0,0,1,1,44,51125468,58803364,11273324,2452834,3825206048,1,1,0,0,0,1,1,1,2,0,0,2,0
111020868,FIELD,43,109,420576,43,44,1,0,0,0,214534,138092,0,0,1,1,44,51796926,58803364,11273324,2471289,3959423776,0,1,0,0,0,1,1,1,2,0,0,2,1
112019961,FIELD,43,110,438068,43,44,1,0,0,0,216032,138092,0,0,1,1,44,52778527,58803364,11273324,2496706,3959423776,0,1,0,0,0,1,1,1,2,0,0,2,1
112690363,READY,45,111,449961,43,44,1,0,0,0,217038,138092,0,0,1,1,44,53437037,58803364,11273324,2513423,3959423776,1,1,0,0,0,1,1,2,2,0,0,2,1
112690364,START,46,111,449962,43,44,1,0,0,0,217038,138092,0,0,1,1,44,53437037,58803364,11273324,2513423,3959423776,1,1,0,0,0,1,1,2,2,0,1,1,0
113022868,FIELD,43,111,449962,43,44,1,1,0,0,217537,138092,0,0,1,1,44,53437037,59135867,11605827,2513423,3959423776,1,1,0,0,0,1,1,2,2,0,1,1,0
113022869,SELECT,44,112,449962,44,45,1,0,0,0,217537,138092,0,1,0,1,44,53437037,59135868,11605828,2513423,3959423776,1,1,0,0,0,1,1,2,0,1,0,1,1
113106761,PUBLISH,44,112,452392,44,45,1,0,0,0,217663,138092,0,1,0,1,45,53518498,59135868,11605829,2513423,3959423776,0,1,0,0,0,1,1,2,0,1,0,1,1
114021961,FIELD,44,112,469180,44,45,1,0,0,0,219035,138092,0,1,0,1,45,54416910,59135868,11605829,2537038,3959423776,0,1,0,0,0,1,1,2,0,1,0,1,1
115024868,FIELD,44,113,487672,44,45,1,1,0,0,220540,138092,0,1,0,1,45,55401325,59135868,11605829,2559330,3959423776,0,1,0,0,0,1,1,2,0,1,0,1,1
115024869,SELECT,45,114,487672,45,45,0,0,0,0,220540,138092,0,1,1,1,45,55401326,59135868,11605829,2559330,3758097184,0,1,0,0,0,1,1,2,1,1,0,1,1
115108761,PUBLISH,45,114,489320,45,45,0,0,0,0,220666,138092,0,1,1,1,46,55483570,59135868,11605829,2559389,3758097184,0,1,0,0,0,1,1,2,1,1,0,1,1
115312340,PTS,4,114,493672,45,45,0,0,0,0,220971,138092,0,1,1,1,46,55682798,59135868,11605829,2563597,3758097184,1,1,0,0,0,1,1,2,1,1,0,1,1
115462170,READY,46,114,494805,45,45,0,0,0,0,221196,138092,0,1,1,1,46,55831495,59135868,11605829,2568786,3758097184,1,1,0,0,0,1,1,0,1,1,0,1,1
115462171,START,47,114,494806,45,46,0,0,0,0,221196,138092,0,1,1,1,46,55831495,59135868,11605829,2568786,3825206048,1,1,0,0,0,1,1,0,1,2,0,1,0
116023961,FIELD,45,114,502480,45,46,0,0,0,0,222038,138092,0,1,1,1,46,56385610,59135868,11605829,2589370,1610613317,0,1,0,0,0,1,1,0,1,2,0,1,0
116953319,READY,47,115,512592,45,46,0,0,0,0,223432,138092,0,1,1,1,46,57304856,59135868,11605829,2636927,1610613317,0,1,0,0,0,1,1,0,1,2,0,1,0
116953481,START,48,115,512754,45,47,1,0,1,1,223433,138092,0,1,1,1,46,57304857,59135868,11605829,2636927,1610613321,1,1,0,0,0,1,1,0,1,2,0,1,0
117026868,FIELD,45,115,514101,45,47,1,0,1,1,223543,138092,0,1,1,1,46,57376896,59135868,11605829,2639564,1610615371,0,1,0,0,0,1,1,0,1,2,0,1,0
118025961,FIELD,45,116,535414,45,47,1,1,1,1,225041,138092,0,1,1,1,46,58354676,59135868,11605829,2674932,1610615371,0,1,0,0,0,1,1,0,1,2,0,1,0
118025962,SELECT,47,117,535414,47,46,1,0,0,0,225041,220673,1,0,0,1,46,58354677,59135868,11605829,2674932,1610615651,0,1,0,0,0,1,1,0,1,2,0,1,0
118113668,PUBLISH,47,117,538339,47,46,1,0,0,0,225173,220673,1,0,0,1,47,58439458,59135868,11605829,2675487,1610615651,0,1,0,0,0,1,1,0,1,2,0,1,0
118972515,START,49,117,556178,47,46,1,0,0,0,226461,220673,1,0,0,1,47,59280467,59135868,11605829,2707158,1610615651,1,1,0,0,0,1,1,0,1,2,0,1,0
118972516,READY,48,117,556178,47,46,1,0,0,0,226461,220673,1,0,0,1,47,59280467,59135868,11605829,2707158,1610615651,0,1,0,0,0,1,1,1,1,2,0,1,0
119028868,FIELD,47,117,557360,47,46,1,0,0,0,226546,220673,1,0,0,1,47,59335637,59135870,11605829,2708906,1811944291,0,1,0,0,0,1,1,1,1,0,0,1,1
120027961,FIELD,47,118,573904,47,46,1,1,0,0,228044,220673,1,0,0,1,47,60318186,59135870,11605829,2742795,1811944291,0,1,0,0,0,1,1,1,1,0,0,1,1
120027962,SELECT,46,119,573904,46,48,1,0,0,0,228044,138092,0,0,1,1,47,60318187,59135870,11605829,2742795,3959423776,0,1,0,0,0,1,1,1,2,0,0,1,1
120115668,PUBLISH,46,119,575648,46,48,1,0,0,0,228176,138092,0,0,1,1,48,60404149,59135870,11605829,2743623,3959423776,0,1,0,0,0,1,1,1,2,0,0,1,1
120567127,PTS,5,119,582695,46,48,1,0,0,0,228853,138092,0,0,1,1,48,60848562,59135870,11605829,2759496,3959423776,1,1,0,0,0,1,1,1,2,0,0,1,1
120635462,READY,49,119,582789,46,48,1,0,0,0,228956,138092,0,0,1,1,48,60916803,59135870,11605829,2763217,3959423776,1,1,0,0,0,1,1,2,2,0,0,1,1
120635463,START,50,119,582790,46,48,1,0,0,0,228956,138092,0,0,1,1,48,60916803,59135870,11605829,2763217,3959423776,1,1,0,0,0,1,1,2,2,0,1,1,0
121030868,FIELD,46,119,588972,46,48,1,0,0,0,229549,138092,0,0,1,1,48,61306024,59135871,11605829,2783546,1811939909,0,1,0,0,0,1,1,2,2,0,0,1,0
121766806,READY,50,120,598468,46,48,1,0,0,0,230653,138092,0,0,1,1,48,62032466,59135871,11605829,2828110,1811939909,0,1,0,0,0,1,1,2,2,0,0,1,0
121766808,START,51,120,598470,46,48,1,0,0,0,230653,138092,0,0,1,1,48,62032467,59135871,11605829,2828110,1811939913,1,1,0,0,0,1,1,2,2,0,0,1,0
122029961,FIELD,46,120,598470,46,48,1,0,0,0,231047,138092,0,0,1,1,48,62032467,59399023,11868981,2828110,1811941963,1,1,0,0,0,1,1,2,2,0,0,1,0
123032868,FIELD,46,121,598470,46,48,1,1,0,0,232552,138092,0,0,1,1,48,62032467,60401930,12871888,2828110,1811941963,1,1,0,0,0,1,1,2,2,0,0,1,0
123032869,SELECT,48,122,598470,48,50,1,0,1,1,232552,220673,0,1,0,1,48,62032467,60401931,12871889,2828110,1610615371,1,1,0,0,0,1,1,2,0,0,0,1,0
123116761,PUBLISH,48,122,599828,48,50,1,0,1,1,232678,220673,0,1,0,1,49,62115000,60401931,12871890,2828110,1610615371,0,1,0,0,0,1,1,2,0,0,0,1,0
124031961,FIELD,48,122,616472,48,50,1,0,1,1,234050,220673,0,1,0,1,49,63013556,60401931,12871890,2861685,1610615371,0,1,0,0,0,1,1,2,0,0,0,1,0
124700998,READY,51,123,627041,48,50,1,0,1,1,235054,220673,0,1,0,1,49,63672025,60401931,12871890,2885206,1610615371,1,1,0,0,0,1,1,0,0,0,0,1,0
124700999,START,52,123,627042,48,50,1,0,1,1,235054,220673,0,1,0,1,49,63672025,60401931,12871890,2885206,1677726283,1,1,0,0,0,1,1,0,0,2,0,1,0
125034868,FIELD,48,123,627042,48,50,1,1,1,1,235555,220673,0,1,0,1,49,63672025,60735799,13205758,2885206,1811944011,1,1,0,0,0,1,1,0,0,2,0,1,0
125034869,SELECT,50,124,627042,50,49,1,0,0,0,235555,231186,1,1,1,1,49,63672025,60735800,13205759,2885206,1811944291,1,1,0,0,0,1,1,0,0,2,0,1,0
125118761,PUBLISH,50,124,628460,50,49,1,0,0,0,235681,231186,1,1,1,1,50,63754498,60735801,13205760,2885794,1811944291,0,1,0,0,0,1,1,0,0,2,0,1,1
126033961,FIELD,50,124,645592,50,49,1,0,0,0,237053,231186,1,1,1,1,50,64652566,60735801,13205760,2921623,1811944291,0,1,0,0,0,1,1,0,0,2,0,1,1
126743509,READY,52,125,656837,50,49,1,0,0,0,238118,231186,1,1,1,1,50,65350870,60735801,13205760,2945815,1811944291,1,1,0,0,0,1,1,1,0,2,0,1,1
127036868,FIELD,50,125,656837,50,49,1,0,0,0,238558,231186,1,1,1,1,50,65350870,61029159,13205760,2945815,1811944291,1,1,0,0,0,1,1,1,0,2,1,0,0
128035961,FIELD,50,126,656837,50,49,1,1,0,0,240056,231186,1,1,1,1,50,65350870,62028252,13205760,2945815,1811944291,1,1,0,0,0,1,1,1,0,2,1,0,0
128035962,START,53,127,656838,49,51,1,0,0,0,240056,220673,0,0,0,1,50,65350870,62028253,13205760,2945815,3959423776,1,1,0,0,0,1,1,1,1,2,1,0,0
128035962,SELECT,49,127,656838,49,51,1,0,0,0,240056,220673,0,0,0,1,50,65350870,62028253,13205760,2945815,3959423776,1,1,0,0,0,1,1,1,1,2,1,0,0
128123668,PUBLISH,49,127,658652,49,51,1,0,0,0,240188,220673,0,0,0,1,51,65436760,62028254,13205760,2947043,1811939909,0,1,0,0,0,1,1,1,1,2,0,0,0
129038868,FIELD,49,127,673100,49,51,1,0,0,0,241561,220673,0,0,0,1,51,66337512,62028254,13205760,3000254,1811939909,0,1,0,0,0,1,1,1,1,2,0,0,0
129206718,READY,53,128,674296,49,51,1,0,0,0,241813,220673,0,0,0,1,51,66504166,62028254,13205760,3010581,1811939909,0,1,0,0,0,1,1,1,1,2,0,0,0
129206720,START,54,128,674298,49,51,1,0,0,0,241813,220673,0,0,0,1,51,66504167,62028254,13205760,3010581,1811939913,1,1,0,0,0,1,1,1,1,2,0,0,0
130037961,FIELD,49,128,674298,49,51,1,1,0,0,243059,220673,0,0,0,1,51,66504167,62859494,14037000,3010581,1811941963,1,1,0,0,0,1,1,1,1,2,0,0,0
130037962,SELECT,51,129,674298,51,53,1,0,0,0,243059,231186,0,0,1,1,51,66504167,62859495,14037001,3010581,1610615371,1,1,0,0,0,1,1,1,2,2,0,0,0
130125668,PUBLISH,51,129,676260,51,53,1,0,0,0,243191,231186,0,0,1,1,52,66589910,62859495,14037002,3011177,1610615371,0,1,0,0,0,1,1,1,2,2,0,0,0
131040868,FIELD,51,129,693100,51,53,1,0,0,0,244564,231186,0,0,1,1,52,67488270,62859495,14037002,3045175,1610615371,0,1,0,0,0,1,1,1,2,2,0,0,0
131731028,READY,54,130,704701,51,53,1,0,0,0,245599,231186,0,0,1,1,52,68166830,62859495,14037002,3068286,1610615371,1,1,0,0,0,1,1,2,2,2,0,0,0
131731029,START,55,130,704702,51,53,1,0,0,0,245599,231186,0,0,1,1,52,68166830,62859495,14037002,3068286,1677726283,1,1,0,0,0,1,1,2,2,1,0,0,0
132039961,FIELD,51,130,704702,51,53,1,0,0,0,246062,231186,0,0,1,1,52,68166830,63168426,14345933,3068286,1811944011,1,1,0,0,0,1,1,2,2,1,0,0,0
133042868,FIELD,51,131,704702,51,53,1,1,0,0,247567,231186,0,0,1,1,52,68166830,64171333,15348840,3068286,1811944011,1,1,0,0,0,1,1,2,2,1,0,0,0
133042869,SELECT,53,132,704702,53,52,1,0,0,0,247567,231186,0,1,0,1,52,68166830,64171334,15348841,3068286,1811944291,1,1,0,0,0,1,1,2,2,1,0,0,0
133126761,PUBLISH,53,132,706200,53,52,1,0,0,0,247693,231186,0,1,0,1,53,68249223,64171335,15348842,3068863,1811944291,0,1,0,0,0,1,1,2,2,1,0,0,1
134041961,FIELD,53,132,723084,53,52,1,0,0,0,249065,231186,0,1,0,1,53,69147539,64171335,15348842,3103305,1811944291,0,1,0,0,0,1,1,2,2,1,0,0,1
134810082,READY,55,133,735385,53,52,1,0,0,0,250218,231186,0,1,0,1,53,69903360,64171335,15348842,3127287,1811944291,1,1,0,0,0,1,1,0,2,1,0,0,1
135044868,FIELD,53,133,735385,53,52,1,1,0,0,250570,231186,0,1,0,1,53,69903360,64406120,15348842,3127287,1811944291,1,1,0,0,0,1,1,0,2,1,1,2,0
135044869,START,56,134,735386,52,54,1,0,0,0,250570,231186,0,1,1,1,53,69903360,64406121,15348842,3127287,3959423776,1,1,0,0,0,1,1,0,0,1,1,2,0
135044869,SELECT,52,134,735386,52,54,1,0,0,0,250570,231186,0,1,1,1,53,69903360,64406121,15348842,3127287,3959423776,1,1,0,0,0,1,1,0,0,1,1,2,0
135128761,PUBLISH,52,134,735386,52,54,1,0,0,0,250696,231186,0,1,1,1,54,69903360,64490012,15432733,3127287,3959423776,1,1,0,0,0,1,1,0,0,1,1,2,0
136043961,FIELD,52,134,735386,52,54,1,0,0,0,252068,231186,0,1,1,1,54,69903360,65405212,16347933,3127287,3959423776,1,1,0,0,0,1,1,0,0,1,1,2,0
137046868,FIELD,52,135,735386,52,54,1,0,0,0,253573,231186,0,1,1,1,54,69903360,66408119,17350840,3127287,3959423776,1,1,0,0,0,1,1,0,0,1,1,2,0
138045961,FIELD,52,136,735386,52,54,1,1,0,0,255071,231186,0,1,1,1,54,69903360,67407212,18349933,3127287,3959423776,1,1,0,0,0,1,1,0,0,1,1,2,0
138045962,SELECT,54,137,735386,54,55,1,0,0,0,255071,231186,0,0,0,1,54,69903360,67407213,18349934,3127287,3959423776,1,1,0,0,0,1,1,0,1,2,0,2,1
138133668,PUBLISH,54,137,737424,54,55,1,0,0,0,255203,231186,0,0,0,1,55,69989027,67407213,18349935,3127879,3959423776,0,1,0,0,0,1,1,0,1,2,0,2,1
139048868,FIELD,54,137,753704,54,55,1,0,0,0,256576,231186,0,0,0,1,55,70887947,67407213,18349935,3162132,3959423776,0,1,0,0,0,1,1,0,1,2,0,2,1
139791786,READY,56,138,766589,54,55,1,0,0,0,257690,231186,0,0,0,1,55,71617981,67407213,18349935,3185513,3959423776,1,1,0,0,0,1,1,1,1,2,0,2,1
139791787,START,57,138,766590,54,55,1,0,0,0,257690,231186,0,0,0,1,55,71617981,67407213,18349935,3185513,3959423776,1,1,0,0,0,1,1,1,1,2,1,0,0
140047961,FIELD,54,138,766590,54,55,1,1,0,0,258074,231186,0,0,0,1,55,71617981,67663386,18606108,3185513,3959423776,1,1,0,0,0,1,1,1,1,2,1,0,0
140047962,SELECT,55,139,766590,55,56,1,0,0,0,258074,231186,0,0,1,1,55,71617981,67663387,18606109,3185513,3959423776,1,1,0,0,0,1,1,1,2,0,0,0,1
140135668,PUBLISH,55,139,768640,55,56,1,0,0,0,258206,231186,0,0,1,1,56,71703636,67663387,18606110,3186189,3959423776,0,1,0,0,0,1,1,1,2,0,0,0,1
141050868,FIELD,55,139,784480,55,56,1,0,0,0,259579,231186,0,0,1,1,56,72602996,67663387,18606110,3220366,3959423776,0,1,0,0,0,1,1,1,2,0,0,0,1
142036094,READY,57,140,801217,55,56,1,0,0,0,261057,231186,0,0,1,1,56,73571486,67663387,18606110,3245358,3959423776,1,1,0,0,0,1,1,2,2,0,0,0,1
142036095,START,58,140,801218,55,56,1,0,0,0,261057,231186,0,0,1,1,56,73571486,67663387,18606110,3245358,3959423776,1,1,0,0,0,1,1,2,2,0,1,1,0
142049961,FIELD,55,140,801218,55,56,1,0,0,0,261077,231186,0,0,1,1,56,73571486,67677252,18619975,3245358,3959423776,1,1,0,0,0,1,1,2,2,0,1,1,0
143052868,FIELD,55,141,801218,55,56,1,1,0,0,262582,231186,0,0,1,1,56,73571486,68680159,19622882,3245358,3959423776,1,1,0,0,0,1,1,2,2,0,1,1,0
143052869,SELECT,56,142,801218,56,57,1,0,0,0,262582,231186,0,1,0,1,56,73571486,68680160,19622883,3245358,3959423776,1,1,0,0,0,1,1,2,0,1,0,1,1
143136761,PUBLISH,56,142,802872,56,57,1,0,0,0,262708,231186,0,1,0,1,57,73653723,68680160,19622884,3245953,3959423776,0,1,0,0,0,1,1,2,0,1,0,1,1
144051961,FIELD,56,142,819148,56,57,1,0,0,0,264080,231186,0,1,0,1,57,74552647,68680160,19622884,3278290,3959423776,0,1,0,0,0,1,1,2,0,1,0,1,1
145026886,READY,58,143,835593,56,57,1,0,0,0,265543,231186,0,1,0,1,57,75511128,68680160,19622884,3303315,3959423776,1,1,0,0,0,1,1,0,0,1,0,1,1
145026887,START,59,143,835594,56,57,1,0,0,0,265543,231186,0,1,0,1,57,75511128,68680160,19622884,3303315,3959423776,1,1,0,0,0,1,1,0,0,1,1,2,0
145054868,FIELD,56,143,835594,56,57,1,1,0,0,265585,231186,0,1,0,1,57,75511128,68708140,19650864,3303315,3959423776,1,1,0,0,0,1,1,0,0,1,1,2,0
145054869,SELECT,57,144,835594,57,58,1,0,0,0,265585,231186,0,1,1,1,57,75511128,68708141,19650865,3303315,3959423776,1,1,0,0,0,1,1,0,1,2,0,2,1
145138761,PUBLISH,57,144,837256,57,58,1,0,0,0,265711,231186,0,1,1,1,58,75593357,68708141,19650866,3303315,3959423776,0,1,0,0,0,1,1,0,1,2,0,2,1
146053961,FIELD,57,144,853640,57,58,1,0,0,0,267083,231186,0,1,1,1,58,76492173,68708141,19650866,3335923,3959423776,0,1,0,0,0,1,1,0,1,2,0,2,1
147021338,READY,59,145,868897,57,58,1,0,0,0,268535,231186,0,1,1,1,58,77444294,68708141,19650866,3360835,3959423776,1,1,0,0,0,1,1,1,1,2,0,2,1
147021499,START,60,145,869058,57,58,1,0,0,0,268535,231186,0,1,1,1,58,77444294,68708141,19650866,3360835,3959423776,1,1,0,0,0,1,1,1,1,2,1,0,0
147056868,FIELD,57,145,869058,57,58,1,0,0,0,268588,231186,0,1,1,1,58,77444294,68743509,19650866,3360835,3959423776,1,1,0,0,0,1,1,1,1,2,1,0,0
148055961,FIELD,57,146,869058,57,58,1,1,0,0,270086,231186,0,1,1,1,58,77444294,69742602,19650866,3360835,3959423776,1,1,0,0,0,1,1,1,1,2,1,0,0
148055962,SELECT,58,147,869059,58,59,1,0,0,0,270086,231186,0,0,0,1,58,77444294,69742603,19650866,3360835,3959423776,1,1,0,0,0,1,1,1,2,0,0,0,1
148143668,PUBLISH,58,147,870631,58,59,1,0,0,0,270218,231186,0,0,0,1,59,77530427,69742603,19650866,3361478,3959423776,0,1,0,0,0,1,1,1,2,0,0,0,1
149058868,FIELD,58,147,890303,58,59,1,0,0,0,271591,231186,0,0,0,1,59,78425955,69742603,19650866,3398402,3959423776,0,1,0,0,0,1,1,1,2,0,0,0,1
150057961,FIELD,58,148,916728,58,59,1,1,0,0,273089,231186,0,0,0,1,59,79398623,69742603,19650866,3432809,3959423776,0,1,0,0,0,1,1,1,2,0,0,0,1
150057962,SELECT,59,149,916728,59,59,0,0,0,0,273089,231186,0,0,1,1,59,79398624,69742603,19650866,3432809,3758097184,0,1,0,0,0,1,1,1,0,0,0,0,1
150130573,START,61,149,918678,59,59,0,0,0,0,273198,231186,0,0,1,0,60,79469286,69742603,19650866,3433451,3758097184,1,1,0,0,0,1,1,1,0,0,0,0,1
150130574,READY,60,149,918678,59,59,0,0,0,0,273198,231186,0,0,1,0,60,79469286,69742603,19650866,3433451,3758097184,0,1,0,0,0,1,1,2,0,0,0,0,1
150145668,PUBLISH,59,149,919204,59,60,1,0,0,0,273221,231186,0,0,1,1,60,79483854,69742604,19650866,3433451,3959423776,0,1,0,0,0,1,1,2,0,1,0,0,1
151060868,FIELD,59,149,935876,59,60,1,0,0,0,274594,231186,0,0,1,1,60,80382382,69742604,19650866,3466140,3959423776,0,1,0,0,0,1,1,2,0,1,0,0,1
152033345,PTS,6,150,952967,59,60,1,0,0,0,276053,231186,0,0,1,1,60,81337769,69742604,19650866,3487618,3959423776,1,1,0,0,0,1,1,2,0,1,0,0,1
152059961,FIELD,59,150,953056,59,60,1,0,0,0,276092,231186,0,0,1,1,60,81364295,69742604,19650866,3489106,3959423776,0,1,0,0,0,1,1,2,0,1,0,0,1
152196422,READY,61,151,954433,59,60,1,0,0,0,276297,231186,0,0,1,1,60,81499380,69742604,19650866,3491258,3959423776,1,1,0,0,0,1,1,0,0,1,0,0,1
152196423,START,62,151,954434,59,60,1,0,0,0,276297,231186,0,0,1,1,60,81499380,69742604,19650866,3491258,3959423776,1,1,0,0,0,1,1,0,0,1,1,2,0
153062868,FIELD,59,151,967156,59,60,1,1,0,0,277597,231186,0,0,1,1,60,82353101,69742605,19650866,3540069,1811939909,0,1,0,0,0,1,1,0,0,1,0,2,0
153062869,SELECT,60,152,967156,60,60,0,0,0,0,277597,231186,0,1,0,1,60,82353102,69742605,19650866,3540069,1610613317,0,1,0,0,0,1,1,0,1,1,0,2,0
153146761,PUBLISH,60,152,968392,60,60,0,0,0,0,277723,231186,0,1,0,1,61,82435758,69742605,19650866,3542376,1610613317,0,1,0,0,0,1,1,0,1,1,0,2,0
153601464,READY,62,152,972764,60,60,0,0,0,0,278405,231186,0,1,0,1,61,82886089,69742605,19650866,3576788,1610613317,0,1,0,0,0,1,1,0,1,1,0,2,0
153601466,START,63,152,972766,60,62,1,0,1,1,278405,231186,0,1,0,1,61,82886090,69742605,19650866,3576788,1610613321,1,1,0,0,0,1,1,0,1,1,0,2,0
154061962,FIELD,60,152,980632,60,62,1,0,1,1,279095,231186,0,1,0,1,61,83338719,69742605,19650866,3597194,1610613837,0,1,0,0,0,1,1,0,1,1,0,2,0
155063065,READY,63,153,992288,60,62,1,0,1,1,280597,231186,0,1,0,1,61,84328166,69742605,19650866,3664815,1610613837,0,1,0,0,0,1,1,0,1,1,0,2,0
155063067,START,64,153,992290,60,62,1,0,1,1,280597,231186,0,1,0,1,61,84328167,69742605,19650866,3664815,1610613849,1,1,0,0,0,1,1,0,1,1,0,2,0
155064868,FIELD,60,153,992824,60,62,1,1,1,1,280600,231186,0,1,0,1,61,84329433,69742605,19650866,3664815,1610615899,0,1,0,0,0,1,1,0,1,1,0,2,0
155064869,SELECT,62,154,992824,62,63,1,0,0,0,280600,276231,1,1,1,1,61,84329434,69742605,19650866,3664815,1610616179,0,1,0,0,0,1,1,0,1,1,0,2,0
155148761,PUBLISH,62,154,994217,62,63,1,0,0,0,280726,276231,1,1,1,1,62,84411934,69742605,19650866,3665408,1610616179,1,1,0,0,0,1,1,0,1,1,0,2,0
156063962,FIELD,62,154,1012312,62,63,1,0,0,0,282098,276231,1,1,1,1,62,85309039,69742605,19650866,3697599,1610616179,0,1,0,0,0,1,1,0,1,1,0,2,0
157066868,FIELD,62,155,1029444,62,63,1,0,0,0,283603,276231,1,1,1,1,62,86294813,69742605,19650866,3721171,1610616179,0,1,0,0,0,1,1,0,1,1,0,2,0
157079834,READY,64,156,1029445,62,63,1,0,0,0,283622,276231,1,1,1,1,62,86307779,69742605,19650866,3721464,1610616179,1,1,0,0,0,1,1,1,1,1,0,2,0
158065962,FIELD,62,156,1029445,62,63,1,1,0,0,285101,276231,1,1,1,1,62,86307779,70728732,19650866,3721464,1677727091,1,1,0,0,0,1,1,1,1,0,0,2,0
158065963,START,65,157,1029446,63,61,1,0,0,0,285101,276231,0,0,0,1,62,86307779,70728733,19650866,3721464,1677727043,1,1,0,0,0,1,1,1,1,0,0,2,0
158065963,SELECT,63,157,1029446,63,61,1,0,0,0,285101,276231,0,0,0,1,62,86307779,70728733,19650866,3721464,1677727043,1,1,0,0,0,1,1,1,1,0,0,2,0
158153668,PUBLISH,63,157,1031416,63,61,1,0,0,0,285233,276231,0,0,0,1,63,86393513,70728733,19650866,3722080,1811944771,0,1,0,0,0,1,1,1,1,0,0,2,1
159068868,FIELD,63,157,1048716,63,61,1,0,0,0,286606,276231,0,0,0,1,63,87291413,70728733,19650866,3754096,1811944771,0,1,0,0,0,1,1,1,1,0,0,2,1
160067962,FIELD,63,158,1066648,63,61,1,1,0,0,288104,276231,0,0,0,1,63,88272575,70728733,19650866,3778762,1811944771,0,1,0,0,0,1,1,1,1,0,0,2,1
160067963,SELECT,61,159,1066648,61,64,1,0,0,0,288104,231186,0,0,1,1,63,88272576,70728733,19650866,3778762,3959424256,0,1,0,0,0,1,1,1,2,0,0,2,1
160090850,READY,65,159,1066649,61,64,1,0,0,0,288139,231186,0,0,1,0,64,88295463,70728733,19650866,3779729,3959424256,1,1,0,0,0,1,1,2,2,0,0,2,1
160090851,START,66,159,1066650,61,64,1,0,0,0,288139,231186,0,0,1,0,64,88295463,70728733,19650866,3779729,3959424256,1,1,0,0,0,1,1,2,2,0,1,1,0
160155668,PUBLISH,61,159,1067668,61,64,1,0,0,0,288236,231186,0,0,1,1,64,88359260,70728734,19650866,3780327,1811939909,0,1,0,0,0,1,1,2,2,0,0,1,0
161070868,FIELD,61,159,1080992,61,64,1,0,0,0,289609,231186,0,0,1,1,64,89261136,70728734,19650866,3833666,1811939909,0,1,0,0,0,1,1,2,2,0,0,1,0
161716760,READY,66,160,1088400,61,64,1,0,0,0,290578,231186,0,0,1,1,64,89899620,70728734,19650866,3873263,1811939909,0,1,0,0,0,1,1,2,2,0,0,1,0
161716762,START,67,160,1088402,61,64,1,0,0,0,290578,231186,0,0,1,1,64,89899621,70728734,19650866,3873263,1811939913,1,1,0,0,0,1,1,2,2,0,0,1,0
162069962,FIELD,61,160,1094820,61,64,1,0,0,0,291107,231186,0,0,1,1,64,90246402,70728734,19650866,3887001,1811940429,0,1,0,0,0,1,1,2,2,0,0,1,0
163072868,FIELD,61,161,1106944,61,64,1,1,0,0,292612,231186,0,0,1,1,64,91237184,70728734,19650866,3961339,1811940429,0,1,0,0,0,1,1,2,2,0,0,1,0
163072869,SELECT,64,162,1106944,64,66,1,0,0,0,292612,276231,0,1,0,1,64,91237185,70728734,19650866,3961339,1610613837,0,1,0,0,0,1,1,2,0,0,0,1,0
163156762,PUBLISH,64,162,1107836,64,66,1,0,0,0,292738,276231,0,1,0,1,65,91320186,70728734,19650866,3966524,1610613837,0,1,0,0,0,1,1,2,0,0,0,1,0
163192041,READY,67,162,1107836,64,66,1,0,0,0,292791,276231,0,1,0,1,65,91355465,70728734,19650866,3969979,1610613837,0,1,0,0,0,1,1,2,0,0,0,1,0
163192043,START,68,162,1107838,64,66,1,0,0,0,292791,276231,0,1,0,1,65,91355466,70728734,19650866,3969979,1610613849,1,1,0,0,0,1,1,2,0,0,0,1,0
164071962,FIELD,64,162,1124264,64,66,1,0,0,0,294110,276231,0,1,0,1,65,92218958,70728734,19650866,3998941,1610615899,0,1,0,0,0,1,1,2,0,0,0,1,0
165074868,FIELD,64,163,1142740,64,66,1,1,0,0,295615,276231,0,1,0,1,65,93203388,70728734,19650866,4023366,1610615899,0,1,0,0,0,1,1,2,0,0,0,1,0
165074869,SELECT,66,164,1142740,66,67,1,0,0,0,295615,276231,0,1,1,1,65,93203389,70728734,19650866,4023366,1610616179,0,1,0,0,0,1,1,2,0,0,0,1,0
165158762,PUBLISH,66,164,1143668,66,67,1,0,0,0,295741,276231,0,1,1,1,66,93286354,70728734,19650866,4024394,1610616179,0,1,0,0,0,1,1,2,0,0,0,1,0
165206129,READY,68,164,1143669,66,67,1,0,0,0,295812,276231,0,1,1,1,66,93333721,70728734,19650866,4026212,1610616179,1,1,0,0,0,1,1,0,0,0,0,1,0
166073962,FIELD,66,164,1143669,66,67,1,0,0,0,297113,276231,0,1,1,1,66,93333721,71596566,19650866,4026212,1677727091,1,1,0,0,0,1,1,0,0,2,0,1,0
167076868,FIELD,66,165,1143669,66,67,1,0,0,0,298618,276231,0,1,1,1,66,93333721,72599472,19650866,4026212,1677727091,1,1,0,0,0,1,1,0,0,2,0,1,0
168075962,FIELD,66,166,1143669,66,67,1,1,0,0,300116,276231,0,1,1,1,66,93333721,73598566,19650866,4026212,1677727091,1,1,0,0,0,1,1,0,0,2,0,1,0
168075963,START,69,167,1143670,67,65,1,0,0,0,300116,276231,0,0,0,1,66,93333721,73598567,19650866,4026212,1677727043,1,1,0,0,0,1,1,0,0,2,0,1,0
168075963,SELECT,67,167,1143670,67,65,1,0,0,0,300116,276231,0,0,0,1,66,93333721,73598567,19650866,4026212,1677727043,1,1,0,0,0,1,1,0,0,2,0,1,0
168163668,PUBLISH,67,167,1145485,67,65,1,0,0,0,300248,276231,0,0,0,1,67,93419611,73598567,19650866,4026812,1811944771,1,1,0,0,0,1,1,0,0,2,0,1,1
169078868,FIELD,67,167,1161916,67,65,1,0,0,0,301621,276231,0,0,0,1,67,94318379,73598567,19650866,4055237,1811944771,0,1,0,0,0,1,1,0,0,2,0,1,1
170077962,FIELD,67,168,1180356,67,65,1,1,0,0,303119,276231,0,0,0,1,67,95299033,73598567,19650866,4081410,1811944771,0,1,0,0,0,1,1,0,0,2,0,1,1
170077963,SELECT,65,169,1180356,65,68,1,0,0,0,303119,276231,0,0,1,1,67,95299034,73598567,19650866,4081410,3959424256,0,1,0,0,0,1,1,0,1,2,0,1,1
170142378,READY,69,169,1180357,65,68,1,0,0,0,303216,276231,0,0,1,0,68,95363449,73598567,19650866,4082683,3959424256,1,1,0,0,0,1,1,1,1,2,0,1,1
170142379,START,70,169,1180358,65,68,1,0,0,0,303216,276231,0,0,1,0,68,95363449,73598567,19650866,4082683,3959424256,1,1,0,0,0,1,1,1,1,2,1,0,0
170165668,PUBLISH,65,169,1180358,65,68,1,0,0,0,303251,276231,0,0,1,1,68,95363449,73621855,19674154,4082683,3959424256,1,1,0,0,0,1,1,1,1,2,1,0,0
171080868,FIELD,65,169,1180358,65,68,1,0,0,0,304624,276231,0,0,1,1,68,95363449,74537055,20589354,4082683,3959424256,1,1,0,0,0,1,1,1,1,2,1,0,0
172079962,FIELD,65,170,1180358,65,68,1,0,0,0,306122,276231,0,0,1,1,68,95363449,75536149,21588448,4082683,3959424256,1,1,0,0,0,1,1,1,1,2,1,0,0
173082868,FIELD,65,171,1180358,65,68,1,1,0,0,307627,276231,0,0,1,1,68,95363449,76539055,22591354,4082683,3959424256,1,1,0,0,0,1,1,1,1,2,1,0,0
173082869,SELECT,68,172,1180358,68,69,1,0,0,0,307627,276231,0,1,0,1,68,95363449,76539056,22591355,4082683,3959424256,1,1,0,0,0,1,1,1,2,0,0,0,1
173166762,PUBLISH,68,172,1181964,68,69,1,0,0,0,307753,276231,0,1,0,1,69,95445735,76539056,22591356,4083283,3959424256,0,1,0,0,0,1,1,1,2,0,0,0,1
174081962,FIELD,68,172,1199288,68,69,1,0,0,0,309125,276231,0,1,0,1,69,96343611,76539056,22591356,4110954,3959424256,0,1,0,0,0,1,1,1,2,0,0,0,1
175084868,FIELD,68,173,1216760,68,69,1,1,0,0,310630,276231,0,1,0,1,69,97329045,76539056,22591356,4136643,3959424256,0,1,0,0,0,1,1,1,2,0,0,0,1
175084869,SELECT,69,174,1216760,69,69,0,0,0,0,310630,276231,0,1,1,1,69,97329046,76539056,22591356,4136643,3758097664,0,1,0,0,0,1,1,1,0,0,0,0,1
175168762,PUBLISH,69,174,1217360,69,69,0,0,0,0,310756,276231,0,1,1,1,70,97412339,76539056,22591356,4137358,3758097664,0,1,0,0,0,1,1,1,0,0,0,0,1
175187779,READY,70,174,1217361,69,69,0,0,0,0,310784,276231,0,1,1,1,70,97431356,76539056,22591356,4138601,3758097664,1,1,0,0,0,1,1,2,0,0,0,0,1
175187780,START,71,174,1217362,69,70,0,0,0,0,310784,276231,0,1,1,1,70,97431356,76539056,22591356,4138601,3825206528,1,1,0,0,0,1,1,2,0,1,0,0,0
176083962,FIELD,69,174,1233960,69,70,1,0,0,0,312128,276231,0,1,1,1,70,98310939,76539056,22591356,4164720,3959424256,0,1,0,0,0,1,1,2,0,1,0,0,1
177086868,FIELD,69,175,1251972,69,70,1,0,0,0,313633,276231,0,1,1,1,70,99295833,76539056,22591356,4189413,3959424256,0,1,0,0,0,1,1,2,0,1,0,0,1
177318570,READY,71,176,1254713,69,70,1,0,0,0,313980,276231,0,1,1,1,70,99524795,76539056,22591356,4195959,3959424256,1,1,0,0,0,1,1,0,0,1,0,0,1
177318731,START,72,176,1254874,69,70,1,0,0,0,313981,276231,0,1,1,1,70,99524795,76539056,22591356,4195959,3959424256,1,1,0,0,0,1,1,0,0,1,1,2,0
178085962,FIELD,69,176,1254874,69,70,1,1,0,0,315131,276231,0,1,1,1,70,99524795,77306286,22591356,4195959,3959424256,1,1,0,0,0,1,1,0,0,1,1,2,0
178085963,SELECT,70,177,1254875,70,71,1,0,0,0,315131,276231,0,0,0,1,70,99524795,77306287,22591356,4195959,3959424256,1,1,0,0,0,1,1,0,1,2,0,2,1
178173668,PUBLISH,70,177,1256622,70,71,1,0,0,0,315263,276231,0,0,0,1,71,99610752,77306287,22591356,4196402,3959424256,0,1,0,0,0,1,1,0,1,2,0,2,1
179088868,FIELD,70,177,1282485,70,71,1,0,0,0,316636,276231,0,0,0,1,71,100500089,77306287,22591356,4227917,3959424256,0,1,0,0,0,1,1,0,1,2,0,2,1
180087962,FIELD,70,178,1310782,70,71,1,1,0,0,318134,276231,0,0,0,1,71,101470886,77306287,22591356,4261119,3959424256,0,1,0,0,0,1,1,0,1,2,0,2,1
180087963,SELECT,71,179,1310782,71,71,0,0,0,0,318134,276231,0,0,1,1,71,101470887,77306287,22591356,4261119,3758097664,0,1,0,0,0,1,1,0,2,2,0,2,1
180175668,PUBLISH,71,179,1312841,71,71,0,0,0,0,318266,276231,0,0,1,1,72,101556533,77306287,22591356,4261930,3758097664,0,1,0,0,0,1,1,0,2,2,0,2,1
180249421,PTS,7,179,1315133,71,71,0,0,0,0,318377,276231,0,0,1,1,72,101627995,77306287,22591356,4264978,3758097664,1,1,0,0,0,1,1,0,2,2,0,2,1
180259209,START,73,179,1315438,71,71,0,0,0,0,318391,276231,0,0,1,1,72,101637478,77306287,22591356,4265256,3758097664,1,1,0,0,0,1,1,0,2,2,0,2,1
180259210,READY,72,179,1315439,71,71,0,0,0,0,318391,276231,0,0,1,1,72,101637478,77306287,22591356,4265257,1610613445,1,1,0,0,0,1,1,1,2,2,0,2,1
181090869,FIELD,71,179,1326804,71,71,0,0,0,0,319639,276231,0,0,1,1,72,102457771,77306287,22591356,4337684,1610613317,0,1,0,0,0,1,1,1,2,2,0,2,0
181892132,READY,73,180,1335988,71,71,0,0,0,0,320841,276231,0,0,1,1,72,103249850,77306287,22591356,4407919,1610613317,0,1,0,0,0,1,1,1,2,2,0,2,0
181892134,START,74,180,1335990,71,73,1,0,1,1,320841,276231,0,0,1,1,72,103249851,77306287,22591356,4407919,1610613321,1,1,0,0,0,1,1,1,2,2,0,2,0
182089962,FIELD,71,180,1339324,71,73,1,0,1,1,321137,276231,0,0,1,1,72,103444344,77306287,22591356,4417635,1610613837,0,1,0,0,0,1,1,1,2,2,0,2,0
183092869,FIELD,71,181,1351340,71,73,1,1,1,1,322642,276231,0,0,1,1,72,104435235,77306287,22591356,4511701,1610613837,0,1,0,0,0,1,1,1,2,2,0,2,0
183092870,SELECT,73,182,1351340,73,71,0,0,0,0,322642,318272,1,1,0,1,72,104435236,77306287,22591356,4511701,1610614117,0,1,0,0,0,1,1,1,2,2,0,2,0
183176762,PUBLISH,73,182,1352744,73,71,0,0,0,0,322768,318272,1,1,0,1,73,104517724,77306287,22591356,4515818,1610614117,0,1,0,0,0,1,1,1,2,2,0,2,0
183612203,READY,74,182,1357740,73,71,0,0,0,0,323421,318272,1,1,0,1,73,104948169,77306287,22591356,4542695,1610614117,0,1,0,0,0,1,1,1,2,2,0,2,0
183612205,START,75,182,1357742,73,74,1,0,0,0,323421,318272,1,1,0,1,73,104948170,77306287,22591356,4542695,1610614129,1,1,0,0,0,1,1,1,2,2,0,2,0
184091962,FIELD,73,182,1366036,73,74,1,0,0,0,324140,318272,1,1,0,1,73,105419632,77306287,22591356,4556508,1610616179,0,1,0,0,0,1,1,1,2,2,0,2,0
185094869,FIELD,73,183,1383476,73,74,1,1,0,0,325645,318272,1,1,0,1,73,106405099,77306287,22591356,4578935,1610616179,0,1,0,0,0,1,1,1,2,2,0,2,0
185094870,SELECT,74,184,1383476,74,72,1,0,0,0,325645,318272,0,1,1,1,73,106405100,77306287,22591356,4578935,1610616131,0,1,0,0,0,1,1,1,2,2,0,2,0
185178762,PUBLISH,74,184,1384720,74,72,1,0,0,0,325771,318272,0,1,1,1,74,106487748,77306287,22591356,4579743,1610616131,0,1,0,0,0,1,1,1,2,2,0,2,0
185835234,READY,75,184,1395385,74,72,1,0,0,0,326755,318272,0,1,1,1,74,107133556,77306287,22591356,4599171,1610616131,1,1,0,0,0,1,1,2,2,2,0,2,0
185835235,START,76,184,1395386,74,72,1,0,0,0,326755,318272,0,1,1,1,74,107133556,77306287,22591356,4599171,1677727043,1,1,0,0,0,1,1,2,2,1,0,2,0
186093962,FIELD,74,184,1400564,74,72,1,0,0,0,327143,318272,0,1,1,1,74,107387104,77306287,22591356,4606519,1811944771,0,1,0,0,0,1,1,2,2,1,0,2,1
187096869,FIELD,74,185,1419028,74,72,1,0,0,0,328648,318272,0,1,1,1,74,108371547,77306287,22591356,4629705,1811944771,0,1,0,0,0,1,1,2,2,1,0,2,1
188095962,FIELD,74,186,1437072,74,72,1,1,0,0,330146,318272,0,1,1,1,74,109352596,77306287,22591356,4653694,1811944771,0,1,0,0,0,1,1,2,2,1,0,2,1
188095963,SELECT,72,187,1437072,72,75,1,0,0,0,330146,276231,0,0,0,1,74,109352597,77306287,22591356,4653694,3959424256,0,1,0,0,0,1,1,2,0,1,0,2,1
188123618,READY,76,187,1437073,72,75,1,0,0,0,330188,276231,0,0,0,0,75,109380252,77306287,22591356,4654627,3959424256,1,1,0,0,0,1,1,0,0,1,0,2,1
188123619,START,77,187,1437074,72,75,1,0,0,0,330188,276231,0,0,0,0,75,109380252,77306287,22591356,4654627,3959424256,1,1,0,0,0,1,1,0,0,1,1,2,0
188183668,PUBLISH,72,187,1437074,72,75,1,0,0,0,330278,276231,0,0,0,1,75,109380252,77366335,22651404,4654627,3959424256,1,1,0,0,0,1,1,0,0,1,1,2,0
189098869,FIELD,72,187,1437074,72,75,1,0,0,0,331651,276231,0,0,0,1,75,109380252,78281536,23566605,4654627,3959424256,1,1,0,0,0,1,1,0,0,1,1,2,0
190097962,FIELD,72,188,1437074,72,75,1,1,0,0,333149,276231,0,0,0,1,75,109380252,79280629,24565698,4654627,3959424256,1,1,0,0,0,1,1,0,0,1,1,2,0
190097963,SELECT,75,189,1437074,75,76,1,0,0,0,333149,318272,0,0,1,1,75,109380252,79280630,24565699,4654627,3959424256,1,1,0,0,0,1,1,0,1,2,0,2,1
190185669,PUBLISH,75,189,1439128,75,76,1,0,0,0,333281,318272,0,0,1,1,76,109465903,79280630,24565700,4655022,3959424256,0,1,0,0,0,1,1,0,1,2,0,2,1
191100869,FIELD,75,189,1459148,75,76,1,0,0,0,334654,318272,0,0,1,1,76,110361083,79280630,24565700,4677928,3959424256,0,1,0,0,0,1,1,0,1,2,0,2,1
192099962,FIELD,75,190,1478984,75,76,1,0,0,0,336152,318272,0,0,1,1,76,111340340,79280630,24565700,4699463,3959424256,0,1,0,0,0,1,1,0,1,2,0,2,1
192614058,READY,77,191,1487125,75,76,1,0,0,0,336924,318272,0,0,1,1,76,111846296,79280630,24565700,4712168,3959424256,1,1,0,0,0,1,1,1,1,2,0,2,1
192614059,START,78,191,1487126,75,76,1,0,0,0,336924,318272,0,0,1,1,76,111846296,79280630,24565700,4712168,3959424256,1,1,0,0,0,1,1,1,1,2,1,0,0
193102869,FIELD,75,191,1494860,75,76,1,1,0,0,337657,318272,0,0,1,1,76,112327370,79280631,24565700,4746527,1811939909,0,1,0,0,0,1,1,1,1,2,0,0,0
193102870,SELECT,76,192,1494860,76,76,0,0,0,0,337657,318272,0,1,0,1,76,112327371,79280631,24565700,4746527,1610613317,0,1,0,0,0,1,1,1,2,2,0,0,0
193186762,PUBLISH,76,192,1495788,76,76,0,0,0,0,337783,318272,0,1,0,1,77,112410335,79280631,24565700,4751786,1610613317,0,1,0,0,0,1,1,1,2,2,0,0,0
194101962,FIELD,76,192,1508268,76,76,0,0,0,0,339155,318272,0,1,0,1,77,113313055,79280631,24565700,4835108,1610613317,0,1,0,0,0,1,1,1,2,2,0,0,0
194538344,READY,78,193,1513632,76,76,0,0,0,0,339810,318272,0,1,0,1,77,113744073,79280631,24565700,4856612,1610613317,0,1,0,0,0,1,1,1,2,2,0,0,0
194538346,START,79,193,1513634,76,78,1,0,0,0,339810,318272,0,1,0,1,77,113744074,79280631,24565700,4856612,1610613321,1,1,0,0,0,1,1,1,2,2,0,0,0
195104869,FIELD,76,193,1522592,76,78,1,1,0,0,340660,318272,0,1,0,1,77,114301638,79280631,24565700,4899180,1610613837,0,1,0,0,0,1,1,1,2,2,0,0,0
195104870,SELECT,78,194,1522592,78,76,0,0,0,0,340660,318272,0,1,1,1,77,114301639,79280631,24565700,4899180,1610614117,0,1,0,0,0,1,1,1,2,2,0,0,0
195188762,PUBLISH,78,194,1523512,78,76,0,0,0,0,340786,318272,0,1,1,1,78,114384611,79280631,24565700,4907639,1610614117,0,1,0,0,0,1,1,1,2,2,0,0,0
196103962,FIELD,78,194,1536240,78,76,0,0,0,0,342158,318272,0,1,1,1,78,115287083,79280631,24565700,4985726,1610614117,0,1,0,0,0,1,1,1,2,2,0,0,0
196470297,READY,79,195,1540808,78,76,0,0,0,0,342708,318272,0,1,1,1,78,115648850,79280631,24565700,5002447,1610614117,0,1,0,0,0,1,1,1,2,2,0,0,0
196470299,START,80,195,1540810,78,79,1,0,0,0,342708,318272,0,1,1,1,78,115648851,79280631,24565700,5002447,1610614129,1,1,0,0,0,1,1,1,2,2,0,0,0
197106869,FIELD,78,195,1554368,78,79,1,0,0,0,343663,318272,0,1,1,1,78,116271862,79280631,24565700,5017817,1610616179,0,1,0,0,0,1,1,1,2,2,0,0,0
198105962,FIELD,78,196,1575562,78,79,1,1,0,0,345161,318272,0,1,1,1,78,117249761,79280631,24565700,5039548,1610616179,0,1,0,0,0,1,1,1,2,2,0,0,0
198105963,SELECT,79,197,1575562,79,77,1,0,0,0,345161,318272,0,0,0,1,78,117249762,79280631,24565700,5039548,1610616131,0,1,0,0,0,1,1,1,2,2,0,0,0
198193669,PUBLISH,79,197,1577776,79,77,1,0,0,0,345293,318272,0,0,0,1,79,117335254,79280631,24565700,5040346,1610616131,0,1,0,0,0,1,1,1,2,2,0,0,0
198964125,READY,80,197,1590069,79,77,1,0,0,0,346449,318272,0,0,0,1,79,118093418,79280631,24565700,5062181,1610616131,1,1,0,0,0,1,1,2,2,2,0,0,0
198964126,START,81,197,1590070,79,77,1,0,0,0,346449,318272,0,0,0,1,79,118093418,79280631,24565700,5062181,1677727043,1,1,0,0,0,1,1,2,2,1,0,0,0
199108869,FIELD,79,197,1594188,79,77,1,0,0,0,346666,318272,0,0,0,1,79,118234042,79280631,24565700,5064885,1811944771,0,1,0,0,0,1,1,2,2,1,0,0,1
200107962,FIELD,79,198,1615334,79,77,1,1,0,0,348164,318272,0,0,0,1,79,119211989,79280631,24565700,5085415,1811944771,0,1,0,0,0,1,1,2,2,1,0,0,1
200107963,SELECT,77,199,1615334,77,80,1,0,0,0,348164,318272,0,0,1,1,79,119211990,79280631,24565700,5085415,3959424256,0,1,0,0,0,1,1,2,0,1,0,0,1
200195669,PUBLISH,77,199,1617036,77,80,1,0,0,0,348296,318272,0,0,1,1,80,119297994,79280631,24565700,5086109,3959424256,0,1,0,0,0,1,1,2,0,1,0,0,1
201110869,FIELD,77,199,1638776,77,80,1,0,0,0,349669,318272,0,0,1,1,80,120191454,79280631,24565700,5107802,3959424256,0,1,0,0,0,1,1,2,0,1,0,0,1
201540890,READY,81,200,1645393,77,80,1,0,0,0,350314,318272,0,0,1,1,80,120614859,79280631,24565700,5118261,3959424256,1,1,0,0,0,1,1,0,0,1,0,0,1
201540891,START,82,200,1645394,77,80,1,0,0,0,350314,318272,0,0,1,1,80,120614859,79280631,24565700,5118261,3959424256,1,1,0,0,0,1,1,0,0,1,1,2,0
202109962,FIELD,77,200,1653952,77,80,1,0,0,0,351167,318272,0,0,1,1,80,121175370,79280632,24565700,5160415,1811939909,0,1,0,0,0,1,1,0,0,1,0,2,0
203112869,FIELD,77,201,1668652,77,80,1,1,0,0,352672,318272,0,0,1,1,80,122163577,79280632,24565700,5245601,1811939909,0,1,0,0,0,1,1,0,0,1,0,2,0
203112870,SELECT,80,202,1668652,80,80,0,0,0,0,352672,318272,0,1,0,1,80,122163578,79280632,24565700,5245601,1610613317,0,1,0,0,0,1,1,0,1,1,0,2,0
203196762,PUBLISH,80,202,1669740,80,80,0,0,0,0,352798,318272,0,1,0,1,81,122246382,79280632,24565700,5248988,1610613317,0,1,0,0,0,1,1,0,1,1,0,2,0
203558333,READY,82,202,1674584,80,80,0,0,0,0,353340,318272,0,1,0,1,81,122603109,79280632,24565700,5265899,1610613317,0,1,0,0,0,1,1,0,1,1,0,2,0
203558335,START,83,202,1674586,80,82,1,0,0,0,353340,318272,0,1,0,1,81,122603110,79280632,24565700,5265899,1610613321,1,1,0,0,0,1,1,0,1,1,0,2,0
204111962,FIELD,80,202,1683496,80,82,1,0,0,0,354170,318272,0,1,0,1,81,123147826,79280632,24565700,5307940,1610613837,0,1,0,0,0,1,1,0,1,1,0,2,0
205114869,FIELD,80,203,1698056,80,82,1,1,0,0,355675,318272,0,1,0,1,81,124136173,79280632,24565700,5393149,1610613837,0,1,0,0,0,1,1,0,1,1,0,2,0
205114870,SELECT,82,204,1698056,82,80,0,0,0,0,355675,318272,0,1,1,1,81,124136174,79280632,24565700,5393149,1610614117,0,1,0,0,0,1,1,0,1,1,0,2,0
205198762,PUBLISH,82,204,1699136,82,80,0,0,0,0,355801,318272,0,1,1,1,82,124218986,79280632,24565700,5396680,1610614117,0,1,0,0,0,1,1,0,1,1,0,2,0
205624424,READY,83,204,1705108,82,80,0,0,0,0,356439,318272,0,1,1,1,82,124638676,79280632,24565700,5416275,1610614117,0,1,0,0,0,1,1,0,1,1,0,2,0
205624586,START,84,204,1705270,82,83,1,0,0,0,356439,318272,0,1,1,1,82,124638677,79280632,24565700,5416275,1610614129,1,1,0,0,0,1,1,0,1,1,0,2,0
206113962,FIELD,82,204,1718447,82,83,1,0,0,0,357173,318272,0,1,1,1,82,125114875,79280632,24565700,5433419,1610616179,0,1,0,0,0,1,1,0,1,1,0,2,0
207116869,FIELD,82,205,1750049,82,83,1,0,0,0,358678,318272,0,1,1,1,82,126086180,79280632,24565700,5465850,1610616179,0,1,0,0,0,1,1,0,1,1,0,2,0
207811327,PTS,8,206,1768379,82,83,1,0,0,0,359719,318272,0,1,1,1,82,126762309,79280632,24565700,5488873,1610616179,1,1,0,0,0,1,1,0,1,1,0,2,0
207823202,START,85,206,1768714,82,83,1,0,0,0,359737,318272,0,1,1,1,82,126773849,79280632,24565700,5489382,1610616179,1,1,0,0,0,1,1,0,1,1,0,2,0
207823203,READY,84,206,1768714,82,83,1,0,0,0,359737,318272,0,1,1,1,82,126773849,79280632,24565700,5489382,1610616179,1,1,0,0,0,1,1,1,1,1,0,2,0
208115962,FIELD,82,206,1768714,82,83,1,1,0,0,360176,318272,0,1,1,1,82,126773849,79573391,24565700,5489382,1677727091,1,1,0,0,0,1,1,1,1,0,0,2,0
208115963,SELECT,83,207,1768714,83,81,1,0,0,0,360176,318272,0,0,0,1,82,126773849,79573392,24565700,5489382,1677727043,1,1,0,0,0,1,1,1,1,0,0,2,0
208203669,PUBLISH,83,207,1769860,83,81,1,0,0,0,360308,318272,0,0,0,1,83,126860408,79573393,24565700,5491747,1091872067,0,1,0,0,0,1,1,1,1,0,0,2,0
209118869,FIELD,83,207,1781156,83,81,1,0,0,0,361681,318272,0,0,0,1,83,127764312,79573393,24565700,5590718,1091872067,0,1,0,0,0,1,1,1,1,0,0,2,0
209837928,READY,85,208,1789000,83,81,1,0,0,0,362759,318272,0,0,0,1,83,128475527,79573393,24565700,5649560,1091872067,0,1,0,0,0,1,1,1,1,0,0,2,0
210117962,FIELD,83,208,1789001,83,81,1,1,0,0,363179,318272,0,0,0,1,83,128475528,79853425,24565700,5649560,1091904835,1,1,0,0,0,1,1,1,1,0,0,2,0
210117963,SELECT,81,209,1789001,81,84,0,0,0,0,363179,318272,0,0,1,1,83,128475528,79853426,24565700,5649560,1125459203,1,1,0,0,0,1,1,1,2,0,0,2,0
210117964,START,86,209,1789002,81,85,1,0,1,0,363179,318272,0,0,1,1,84,128475528,79853427,24565700,5649560,1073742409,1,0,0,0,0,1,1,1,2,0,0,2,0
210205669,PUBLISH,81,209,1790156,81,85,1,0,1,0,363311,318272,0,0,1,1,84,128562078,79853427,24565700,5651603,1073742925,0,1,0,0,0,1,1,1,2,0,0,2,0
211120869,FIELD,81,209,1800976,81,85,1,0,1,1,364684,318272,0,0,1,1,84,129466458,79853427,24565700,5745420,1073742925,0,1,0,0,0,1,1,1,2,0,0,2,0
211875554,READY,86,210,1810180,81,85,1,0,1,1,365816,318272,0,0,1,1,84,130211939,79853427,24565700,5805535,1073742925,0,1,0,0,0,1,1,1,2,0,0,2,0
211875556,START,87,210,1810182,81,85,1,0,1,1,365816,318272,0,0,1,1,84,130211940,79853427,24565700,5805535,1073742937,1,1,0,0,0,1,1,1,2,0,0,2,0
212119962,FIELD,81,210,1814480,81,85,1,0,1,1,366182,318272,0,0,1,1,84,130452047,79853427,24565700,5810887,1073744987,0,1,0,0,0,1,1,1,2,0,0,2,0
213122869,FIELD,81,211,1829696,81,85,1,1,1,1,367687,318272,0,0,1,1,84,131439738,79853427,24565700,5834374,1073744987,0,1,0,0,0,1,1,1,2,0,0,2,0
213122870,SELECT,85,212,1829696,85,86,1,0,0,0,367687,363317,1,1,0,1,84,131439739,79853427,24565700,5834374,1073745267,0,1,0,0,0,1,1,1,2,0,0,2,0
213206762,PUBLISH,85,212,1831328,85,86,1,0,0,0,367813,363317,1,1,0,1,85,131521999,79853427,24565700,5835134,1073745267,0,1,0,0,0,1,1,1,2,0,0,2,0
214121962,FIELD,85,212,1847308,85,86,1,0,0,0,369185,363317,1,1,0,1,85,132421219,79853427,24565700,5859428,1073745267,0,1,0,0,0,1,1,1,2,0,0,2,0
214202438,READY,87,213,1848201,85,86,1,0,0,0,369306,363317,1,1,0,1,85,132500803,79853427,24565700,5860542,1073745267,1,1,0,0,0,1,1,2,2,0,0,2,0
215124869,FIELD,85,213,1848201,85,86,1,1,0,0,370690,363317,1,1,0,1,85,132500803,80775857,24565700,5860542,1140856179,1,1,0,0,0,1,1,2,2,1,0,2,0
215124870,START,88,214,1848202,86,84,1,0,0,0,370690,363317,0,1,1,1,85,132500803,80775858,24565700,5860542,1140856131,1,1,0,0,0,1,1,2,2,1,0,2,0
215124870,SELECT,86,214,1848202,86,84,1,0,0,0,370690,363317,0,1,1,1,85,132500803,80775858,24565700,5860542,1140856131,1,1,0,0,0,1,1,2,2,1,0,2,0
215208762,PUBLISH,86,214,1850196,86,84,1,0,0,0,370816,363317,0,1,1,1,86,132582700,80775858,24565700,5860985,1275073859,0,1,0,0,0,1,1,2,2,1,0,2,1
216123962,FIELD,86,214,1862708,86,84,1,0,0,0,372188,363317,0,1,1,1,86,133485388,80775858,24565700,5882871,1275073859,0,1,0,0,0,1,1,2,2,1,0,2,1
217126869,FIELD,86,215,1882236,86,84,1,0,0,0,373693,363317,0,1,1,1,86,134468767,80775858,24565700,5905905,1275073859,0,1,0,0,0,1,1,2,2,1,0,2,1
217542309,READY,88,216,1889133,86,84,1,0,0,0,374316,363317,0,1,1,1,86,134877311,80775858,24565700,5916503,1275073859,1,1,0,0,0,1,1,0,2,1,0,2,1
218125962,FIELD,86,216,1889133,86,84,1,1,0,0,375191,363317,0,1,1,1,86,134877311,81359510,24565700,5916503,1275073859,1,1,0,0,0,1,1,0,2,1,1,2,0
218125963,START,89,217,1889134,84,87,1,0,0,0,375191,318272,0,0,0,1,86,134877311,81359511,24565700,5916503,3422553344,1,1,0,0,0,1,1,0,0,1,1,2,0
218125963,SELECT,84,217,1889134,84,87,1,0,0,0,375191,318272,0,0,0,1,86,134877311,81359511,24565700,5916503,3422553344,1,1,0,0,0,1,1,0,0,1,1,2,0
218213669,PUBLISH,84,217,1889134,84,87,1,0,0,0,375323,318272,0,0,0,1,87,134877311,81447216,24653405,5916503,3422553344,1,1,0,0,0,1,1,0,0,1,1,2,0
219128869,FIELD,84,217,1889134,84,87,1,0,0,0,376696,318272,0,0,0,1,87,134877311,82362416,25568605,5916503,3422553344,1,1,0,0,0,1,1,0,0,1,1,2,0
220127962,FIELD,84,218,1889134,84,87,1,1,0,0,378194,318272,0,0,0,1,87,134877311,83361509,26567698,5916503,3422553344,1,1,0,0,0,1,1,0,0,1,1,2,0
220127963,SELECT,87,219,1889134,87,88,1,0,0,0,378194,363317,0,0,1,1,87,134877311,83361510,26567699,5916503,3422553344,1,1,0,0,0,1,1,0,1,2,0,2,1
220215669,PUBLISH,87,219,1891536,87,88,1,0,0,0,378326,363317,0,0,1,1,88,134962614,83361510,26567700,5916820,3422553344,0,1,0,0,0,1,1,0,1,2,0,2,1
221130869,FIELD,87,219,1904916,87,88,1,0,0,0,379699,363317,0,0,1,1,88,135864434,83361510,26567700,5940622,3422553344,0,1,0,0,0,1,1,0,1,2,0,2,1
222129962,FIELD,87,220,1924892,87,88,1,0,0,0,381197,363317,0,0,1,1,88,136843551,83361510,26567700,5962821,3422553344,0,1,0,0,0,1,1,0,1,2,0,2,1
222605950,READY,89,221,1932637,87,88,1,0,0,0,381911,363317,0,0,1,1,88,137311795,83361510,26567700,5973793,3422553344,1,1,0,0,0,1,1,1,1,2,0,2,1
222605951,START,90,221,1932638,87,88,1,0,0,0,381911,363317,0,0,1,1,88,137311795,83361510,26567700,5973793,3422553344,1,1,0,0,0,1,1,1,1,2,1,0,0
223132869,FIELD,87,221,1932638,87,88,1,1,0,0,382702,363317,0,0,1,1,88,137311795,83888427,27094617,5973793,3422553344,1,1,0,0,0,1,1,1,1,2,1,0,0
223132870,SELECT,88,222,1932638,88,89,1,0,0,0,382702,363317,0,1,0,1,88,137311795,83888428,27094618,5973793,3422553344,1,1,0,0,0,1,1,1,2,0,0,0,1
223216762,PUBLISH,88,222,1935096,88,89,1,0,0,0,382828,363317,0,1,0,1,89,137393228,83888428,27094619,5974139,3422553344,0,1,0,0,0,1,1,1,2,0,0,0,1
224131962,FIELD,88,222,1947932,88,89,1,0,0,0,384200,363317,0,1,0,1,89,138295592,83888428,27094619,5998274,3422553344,0,1,0,0,0,1,1,1,2,0,0,0,1
225134869,FIELD,88,223,1967972,88,89,1,1,0,0,385705,363317,0,1,0,1,89,139278459,83888428,27094619,6021192,3422553344,0,1,0,0,0,1,1,1,2,0,0,0,1
225134870,SELECT,89,224,1967972,89,89,0,0,0,0,385705,363317,0,1,1,1,89,139278460,83888428,27094619,6021192,3221226752,0,1,0,0,0,1,1,1,0,0,0,0,1
225218762,PUBLISH,89,224,1969760,89,89,0,0,0,0,385831,363317,0,1,1,1,90,139360564,83888428,27094619,6021855,3221226752,0,1,0,0,0,1,1,1,0,0,0,0,1
225646406,READY,90,224,1976477,89,89,0,0,0,0,386472,363317,0,1,1,1,90,139781492,83888428,27094619,6032363,3221226752,1,1,0,0,0,1,1,2,0,0,0,0,1
225646407,START,91,224,1976478,89,90,0,0,0,0,386472,363317,0,1,1,1,90,139781492,83888428,27094619,6032363,3288335616,1,1,0,0,0,1,1,2,0,1,0,0,0
226133962,FIELD,89,224,1985596,89,90,1,0,0,0,387203,363317,0,1,1,1,90,140259928,83888428,27094619,6042514,3422553344,0,1,0,0,0,1,1,2,0,1,0,0,1
227136869,FIELD,89,225,2000964,89,90,1,0,0,0,388708,363317,0,1,1,1,90,141247467,83888428,27094619,6064902,3422553344,0,1,0,0,0,1,1,2,0,1,0,0,1
228135962,FIELD,89,226,2022652,89,90,1,1,0,0,390206,363317,0,1,1,1,90,142224872,83888428,27094619,6085626,3422553344,0,1,0,0,0,1,1,2,0,1,0,0,1
228135963,SELECT,90,227,2022652,90,90,0,0,0,0,390206,363317,0,0,0,1,90,142224873,83888428,27094619,6085626,3221226752,0,1,0,0,0,1,1,2,1,1,0,0,1
228207742,READY,91,227,2022653,90,90,0,0,0,0,390314,363317,0,0,0,0,91,142296652,83888428,27094619,6087047,3221226752,1,1,0,0,0,1,1,0,1,1,0,0,1
228207743,START,92,227,2022654,90,91,0,0,0,0,390314,363317,0,0,0,0,91,142296652,83888428,27094619,6087047,3288335616,1,1,0,0,0,1,1,0,1,2,0,0,0
228223669,PUBLISH,90,227,2023552,90,91,1,0,0,0,390338,363317,0,0,0,1,91,142311679,83888428,27094619,6087047,3422553344,0,1,0,0,0,1,1,0,1,2,0,0,1
229138869,FIELD,90,227,2037344,90,91,1,0,0,0,391711,363317,0,0,0,1,91,143213087,83888428,27094619,6112439,3422553344,0,1,0,0,0,1,1,0,1,2,0,0,1
230137962,FIELD,90,228,2056404,90,91,1,1,0,0,393209,363317,0,0,0,1,91,144193120,83888428,27094619,6133154,3422553344,0,1,0,0,0,1,1,0,1,2,0,0,1
230137963,SELECT,91,229,2056404,91,91,0,0,0,0,393209,363317,0,0,1,1,91,144193121,83888428,27094619,6133154,3221226752,0,1,0,0,0,1,1,0,2,2,0,0,1
230225669,PUBLISH,91,229,2058464,91,91,0,0,0,0,393341,363317,0,0,1,1,92,144278767,83888428,27094619,6133599,3221226752,0,1,0,0,0,1,1,0,2,2,0,0,1
230793803,READY,92,229,2069561,91,91,0,0,0,0,394193,363317,0,0,1,1,92,144835805,83888428,27094619,6146994,3221226752,1,1,0,0,0,1,1,1,2,2,0,0,1
230793804,START,93,229,2069562,91,92,0,0,0,0,394193,363317,0,0,1,1,92,144835805,83888428,27094619,6146994,3288335616,1,1,0,0,0,1,1,1,2,0,0,0,0
231140869,FIELD,91,229,2076336,91,92,1,0,0,0,394714,363317,0,0,1,1,92,145176095,83888428,27094619,6155477,3422553344,0,1,0,0,0,1,1,1,2,0,0,0,1
232139962,FIELD,91,230,2091856,91,92,1,0,0,0,396212,363317,0,0,1,1,92,146159668,83888428,27094619,6178769,3422553344,0,1,0,0,0,1,1,1,2,0,0,0,1
233142869,FIELD,91,231,2112912,91,92,1,1,0,0,397717,363317,0,0,1,1,92,147141519,83888428,27094619,6198437,3422553344,0,1,0,0,0,1,1,1,2,0,0,0,1
233142870,SELECT,92,232,2112912,92,92,0,0,0,0,397717,363317,0,1,0,1,92,147141520,83888428,27094619,6198437,3221226752,0,1,0,0,0,1,1,1,0,0,0,0,1
233226762,PUBLISH,92,232,2115056,92,92,0,0,0,0,397843,363317,0,1,0,1,93,147223268,83888428,27094619,6199315,3221226752,0,1,0,0,0,1,1,1,0,0,0,0,1
233380378,READY,93,232,2116189,92,92,0,0,0,0,398073,363317,0,1,0,1,93,147375752,83888428,27094619,6203738,3221226752,1,1,0,0,0,1,1,2,0,0,0,0,1
233380379,START,94,232,2116190,92,93,0,0,0,0,398073,363317,0,1,0,1,93,147375752,83888428,27094619,6203738,3288335616,1,1,0,0,0,1,1,2,0,1,0,0,0
234141962,FIELD,92,232,2129152,92,93,1,0,0,0,399215,363317,0,1,0,1,93,148124372,83888428,27094619,6222836,3422553344,0,1,0,0,0,1,1,2,0,1,0,0,1
235144869,FIELD,92,233,2146396,92,93,1,1,0,0,400720,363317,0,1,0,1,93,149110035,83888428,27094619,6245262,3422553344,0,1,0,0,0,1,1,2,0,1,0,0,1
235144870,SELECT,93,234,2146396,93,93,0,0,0,0,400720,363317,0,1,1,1,93,149110036,83888428,27094619,6245262,3221226752,0,1,0,0,0,1,1,2,1,1,0,0,1
235228762,PUBLISH,93,234,2148308,93,93,0,0,0,0,400846,363317,0,1,1,1,94,149192016,83888428,27094619,6245773,3221226752,0,1,0,0,0,1,1,2,1,1,0,0,1
235993514,READY,94,234,2163817,93,93,0,0,0,0,401993,363317,0,1,1,1,94,149941260,83888428,27094619,6264391,3221226752,1,1,0,0,0,1,1,0,1,1,0,0,1
235993515,START,95,234,2163818,93,94,0,0,0,0,401993,363317,0,1,1,1,94,149941260,83888428,27094619,6264391,3288335616,1,1,0,0,0,1,1,0,1,2,0,0,0
236143963,FIELD,93,234,2167306,93,94,1,0,0,0,402218,363317,0,1,1,1,94,150088219,83888428,27094619,6266991,3422553344,0,1,0,0,0,1,1,0,1,2,0,0,1
237146869,FIELD,93,235,2181414,93,94,1,0,0,0,403723,363317,0,1,1,1,94,151077017,83888428,27094619,6291075,3422553344,0,1,0,0,0,1,1,0,1,2,0,0,1
238145963,FIELD,93,236,2201872,93,94,1,1,0,0,405221,363317,0,1,1,1,94,152055653,83888428,27094619,6313385,3422553344,0,1,0,0,0,1,1,0,1,2,0,0,1
238145964,SELECT,94,237,2201872,94,94,0,0,0,0,405221,363317,0,0,0,1,94,152055654,83888428,27094619,6313385,3221226752,0,1,0,0,0,1,1,0,2,2,0,0,1
238233669,PUBLISH,94,237,2203784,94,94,0,0,0,0,405353,363317,0,0,0,1,95,152141447,83888428,27094619,6313850,3221226752,0,1,0,0,0,1,1,0,2,2,0,0,1
238620386,READY,95,237,2211205,94,94,0,0,0,0,405933,363317,0,0,0,1,95,152520744,83888428,27094619,6323507,3221226752,1,1,0,0,0,1,1,1,2,2,0,0,1
238620547,START,96,237,2211366,94,95,0,0,0,0,405933,363317,0,0,0,1,95,152520744,83888428,27094619,6323507,3288335616,1,1,0,0,0,1,1,1,2,0,0,0,0
239148869,FIELD,94,237,2228167,94,95,1,0,0,0,406726,363317,0,0,0,1,95,153032264,83888428,27094619,6341831,3422553344,0,1,0,0,0,1,1,1,2,0,0,0,1
240147963,FIELD,94,238,2262837,94,95,1,1,0,0,408224,363317,0,0,0,1,95,153996688,83888428,27094619,6372756,3422553344,0,1,0,0,0,1,1,1,2,0,0,0,1
240147964,SELECT,95,239,2262837,95,95,0,0,0,0,408224,363317,0,0,1,1,95,153996689,83888428,27094619,6372756,3221226752,0,1,0,0,0,1,1,1,0,0,0,0,1
240235669,PUBLISH,95,239,2265712,95,95,0,0,0,0,408356,363317,0,0,1,1,96,154081519,83888428,27094619,6373448,3221226752,0,1,0,0,0,1,1,1,0,0,0,0,1
240922414,PTS,9,239,2286413,95,95,0,0,0,0,409386,363317,0,0,1,1,96,154747564,83888428,27094619,6397350,3221226752,1,1,0,0,0,1,1,1,0,0,0,0,1
240923851,START,97,239,2286462,95,95,0,0,0,0,409388,363317,0,0,1,1,96,154748952,83888428,27094619,6397350,3221226752,1,1,0,0,0,1,1,1,0,0,0,0,1
240923852,READY,96,239,2286463,95,95,0,0,0,0,409388,363317,0,0,1,1,96,154748952,83888428,27094619,6397350,1073742533,1,1,0,0,0,1,1,2,0,0,0,0,1
241150869,FIELD,95,239,2289240,95,95,0,0,0,0,409729,363317,0,0,1,1,96,154973191,83888428,27094619,6420603,1073742405,0,1,0,0,0,1,1,2,0,0,0,0,0
242149963,FIELD,95,240,2299628,95,95,0,0,0,0,411227,363317,0,0,1,1,96,155961897,83888428,27094619,6545851,1073742405,0,1,0,0,0,1,1,2,0,0,0,0,0
243065127,READY,97,241,2312772,95,95,0,0,0,0,412600,363317,0,0,1,1,96,156863917,83888428,27094619,6616402,1073742405,0,1,0,0,0,1,1,2,0,0,0,0,0
243065129,START,98,241,2312774,95,97,1,0,1,1,412600,363317,0,0,1,1,96,156863918,83888428,27094619,6616402,1073742409,1,1,0,0,0,1,1,2,0,0,0,0,0
243152869,FIELD,95,241,2313748,95,97,1,1,1,1,412732,363317,0,0,1,1,96,156950683,83888428,27094619,6622224,1073742925,0,1,0,0,0,1,1,2,0,0,0,0,0
243152870,SELECT,97,242,2313748,97,95,0,0,0,0,412732,408362,1,1,0,1,96,156950684,83888428,27094619,6622224,1073743205,0,1,0,0,0,1,1,2,0,0,0,0,0
243236762,PUBLISH,97,242,2314952,97,95,0,0,0,0,412858,408362,1,1,0,1,97,157033372,83888428,27094619,6627899,1073743205,0,1,0,0,0,1,1,2,0,0,0,0,0
244151963,FIELD,97,242,2323632,97,95,0,0,0,0,414230,408362,1,1,0,1,97,157939893,83888428,27094619,6741251,1073743205,0,1,0,0,0,1,1,2,0,0,0,0,0
245111656,READY,98,243,2337708,97,95,0,0,0,0,415670,408362,1,1,0,1,97,158885510,83888428,27094619,6814963,1073743205,0,1,0,0,0,1,1,2,0,0,0,0,0
245111658,START,99,243,2337710,97,98,1,0,0,0,415670,408362,1,1,0,1,97,158885511,83888428,27094619,6814963,1073743217,1,1,0,0,0,1,1,2,0,0,0,0,0
245154869,FIELD,97,243,2338676,97,98,1,1,0,0,415735,408362,1,1,0,1,97,158927755,83888428,27094619,6814963,1073745267,0,1,0,0,0,1,1,2,0,0,0,0,0
245154870,SELECT,98,244,2338676,98,96,1,0,0,0,415735,408362,0,1,1,1,97,158927756,83888428,27094619,6814963,1073745219,0,1,0,0,0,1,1,2,0,0,0,0,0
245238762,PUBLISH,98,244,2340552,98,96,1,0,0,0,415861,408362,0,1,1,1,98,159009772,83888428,27094619,6815269,1073745219,0,1,0,0,0,1,1,2,0,0,0,0,0
246153963,FIELD,98,244,2357628,98,96,1,0,0,0,417233,408362,0,1,1,1,98,159907897,83888428,27094619,6836155,1073745219,0,1,0,0,0,1,1,2,0,0,0,0,0
247156869,FIELD,98,245,2381768,98,96,1,0,0,0,418738,408362,0,1,1,1,98,160886663,83888428,27094619,6857308,1073745219,0,1,0,0,0,1,1,2,0,0,0,0,0
247775458,READY,99,246,2393093,98,96,1,0,0,0,419666,408362,0,1,1,1,98,161493928,83888428,27094619,6871393,1073745219,1,1,0,0,0,1,1,0,0,0,0,0,0
247775459,START,100,246,2393094,98,96,1,0,0,0,419666,408362,0,1,1,1,98,161493928,83888428,27094619,6871393,1140856131,1,1,0,0,0,1,1,0,0,2,0,0,0
248155963,FIELD,98,246,2397096,98,96,1,1,0,0,420236,408362,0,1,1,1,98,161870429,83888428,27094619,6915625,1091872067,0,1,0,0,0,1,1,0,0,2,0,0,0
248155964,SELECT,96,247,2397096,96,99,0,0,0,0,420236,363317,0,0,0,1,98,161870430,83888428,27094619,6915625,1125426435,0,1,0,0,0,1,1,0,1,2,0,0,0
248243669,PUBLISH,96,247,2397720,96,99,0,0,0,0,420368,363317,0,0,0,1,99,161957511,83888428,27094619,6926325,1125426435,0,1,0,0,0,1,1,0,1,2,0,0,0
249158869,FIELD,96,247,2409744,96,99,0,0,0,0,421741,363317,0,0,0,1,99,162860687,83888428,27094619,7031629,1125426435,0,1,0,0,0,1,1,0,1,2,0,0,0
249816016,READY,100,248,2419588,96,99,0,0,0,0,422727,363317,0,0,0,1,99,163507990,83888428,27094619,7083639,1125426435,0,1,0,0,0,1,1,0,1,2,0,0,0
249816019,START,101,248,2419590,96,100,1,0,0,0,422727,363317,0,0,0,1,99,163507991,83888429,27094619,7083639,1073742409,1,1,0,0,0,1,1,0,1,2,0,0,0
250157963,FIELD,96,248,2423272,96,100,1,1,0,0,423239,363317,0,0,0,1,99,163846252,83888429,27094619,7119484,1073742925,0,1,0,0,0,1,1,0,1,2,0,0,0
250157964,SELECT,100,249,2423272,100,99,0,0,0,0,423239,408362,0,0,1,1,99,163846253,83888429,27094619,7119485,1073743205,0,1,0,0,0,1,1,0,1,2,0,0,0
250245669,PUBLISH,100,249,2423820,100,99,0,0,0,0,423371,408362,0,0,1,1,100,163933410,83888429,27094619,7127206,1073743205,0,1,0,0,0,1,1,0,1,2,0,0,0
251160869,FIELD,100,249,2435620,100,99,0,0,0,0,424744,408362,0,0,1,1,100,164836810,83888429,27094619,7236301,1073743205,0,1,0,0,0,1,1,0,1,2,0,0,0
251874281,READY,101,250,2446232,100,99,0,0,0,0,425814,408362,0,0,1,1,100,165539610,83888429,27094619,7296601,1073743205,0,1,0,0,0,1,1,0,1,2,0,0,0
251874283,START,102,250,2446234,100,101,1,0,0,0,425814,408362,0,0,1,1,100,165539611,83888429,27094619,7296601,1073743217,1,1,0,0,0,1,1,0,1,2,0,0,0
252159963,FIELD,100,250,2453000,100,101,1,0,0,0,426242,408362,0,0,1,1,100,165818524,83888429,27094619,7302281,1073745267,0,1,0,0,0,1,1,0,1,2,0,0,0
253162869,FIELD,100,251,2475200,100,101,1,1,0,0,427747,408362,0,0,1,1,100,166799230,83888429,27094619,7322181,1073745267,0,1,0,0,0,1,1,0,1,2,0,0,0
253162870,SELECT,101,252,2475200,101,99,1,0,0,0,427747,408362,0,1,0,1,100,166799231,83888429,27094619,7322181,1073745219,0,1,0,0,0,1,1,0,1,2,0,0,0
253246763,PUBLISH,101,252,2475916,101,99,1,0,0,0,427873,408362,0,1,0,1,101,166882408,83888429,27094619,7322652,1073745219,0,1,0,0,0,1,1,0,1,2,0,0,0
254161963,FIELD,101,252,2498464,101,99,1,0,0,0,429245,408362,0,1,0,1,101,167775060,83888429,27094619,7343445,1073745219,0,1,0,0,0,1,1,0,1,2,0,0,0
254687002,READY,102,253,2509385,101,99,1,0,0,0,430033,408362,0,1,0,1,101,168289179,83888429,27094619,7353948,1073745219,1,1,0,0,0,1,1,1,1,2,0,0,0
254687003,START,103,253,2509386,101,99,1,0,0,0,430033,408362,0,1,0,1,101,168289179,83888429,27094619,7353948,1140856131,1,1,0,0,0,1,1,1,1,0,0,0,0
255164869,FIELD,101,253,2514448,101,99,1,1,0,0,430750,408362,0,1,0,1,101,168761982,83888429,27094619,7410484,1091872067,0,1,0,0,0,1,1,1,1,0,0,0,0
255164870,SELECT,99,254,2514448,99,102,0,0,0,0,430750,408362,0,1,1,1,101,168761983,83888429,27094619,7410485,1125426435,0,1,0,0,0,1,1,1,2,0,0,0,0
255248763,PUBLISH,99,254,2515084,99,102,0,0,0,0,430876,408362,0,1,1,1,102,168845240,83888429,27094619,7419847,1125426435,0,1,0,0,0,1,1,1,2,0,0,0,0
256163963,FIELD,99,254,2527460,99,102,0,0,0,0,432248,408362,0,1,1,1,102,169748064,83888429,27094619,7523580,1125426435,0,1,0,0,0,1,1,1,2,0,0,0,0
256862392,READY,103,255,2537892,99,102,0,0,0,0,433296,408362,0,1,1,1,102,170436061,83888429,27094619,7580907,1125426435,0,1,0,0,0,1,1,1,2,0,0,0,0
256862395,START,104,255,2537894,99,103,1,0,0,0,433296,408362,0,1,1,1,102,170436062,83888430,27094619,7580907,1073742409,1,1,0,0,0,1,1,1,2,0,0,0,0
257166869,FIELD,99,255,2541268,99,103,1,0,0,0,433753,408362,0,1,1,1,102,170737161,83888430,27094619,7609485,1073742925,0,1,0,0,0,1,1,1,2,0,0,0,0
258165963,FIELD,99,256,2553080,99,103,1,1,0,0,435251,408362,0,1,1,1,102,171724443,83888430,27094619,7725358,1073742925,0,1,0,0,0,1,1,1,2,0,0,0,0
258165964,SELECT,103,257,2553080,103,102,0,0,0,0,435251,408362,0,0,0,1,102,171724444,83888430,27094619,7725358,1073743205,0,1,0,0,0,1,1,1,2,0,0,0,0
258253669,PUBLISH,103,257,2555202,103,102,0,0,0,0,435383,408362,0,0,0,1,103,171810028,83888430,27094619,7733093,1073743205,1,1,0,0,0,1,1,1,2,0,0,0,0
259036266,READY,104,257,2566880,103,102,0,0,0,0,436557,408362,0,0,0,1,103,172580946,83888430,27094619,7806475,1073743205,0,1,0,0,0,1,1,1,2,0,0,0,0
259036268,START,105,257,2566882,103,104,1,0,0,0,436557,408362,0,0,0,1,103,172580947,83888430,27094619,7806475,1073743217,1,1,0,0,0,1,1,1,2,0,0,0,0
259168869,FIELD,103,257,2569900,103,104,1,0,0,0,436756,408362,0,0,0,1,103,172710529,83888430,27094619,7808262,1073745267,0,1,0,0,0,1,1,1,2,0,0,0,0
260167963,FIELD,103,258,2590464,103,104,1,1,0,0,438254,408362,0,0,0,1,103,173689059,83888430,27094619,7828195,1073745267,0,1,0,0,0,1,1,1,2,0,0,0,0
260167964,SELECT,104,259,2590464,104,102,1,0,0,0,438254,408362,0,0,1,1,103,173689060,83888430,27094619,7828195,1073745219,0,1,0,0,0,1,1,1,2,0,0,0,0
260255669,PUBLISH,104,259,2593268,104,102,1,0,0,0,438386,408362,0,0,1,1,104,173773961,83888430,27094619,7828624,1073745219,0,1,0,0,0,1,1,1,2,0,0,0,0
261170869,FIELD,104,259,2619668,104,102,1,0,0,0,439759,408362,0,0,1,1,104,174662761,83888430,27094619,7847461,1073745219,0,1,0,0,0,1,1,1,2,0,0,0,0
261930497,READY,105,260,2636497,104,102,1,0,0,0,440898,408362,0,0,1,1,104,175405561,83888430,27094619,7862651,1073745219,1,1,0,0,0,1,1,2,2,0,0,0,0
261930498,START,106,260,2636498,104,102,1,0,0,0,440898,408362,0,0,1,1,104,175405561,83888430,27094619,7862651,1140856131,1,1,0,0,0,1,1,2,2,1,0,0,0
262169963,FIELD,104,260,2639088,104,102,1,0,0,0,441257,408362,0,0,1,1,104,175642435,83888430,27094619,7885284,1091872067,0,1,0,0,0,1,1,2,2,1,0,0,0
263172869,FIELD,104,261,2650952,104,102,1,1,0,0,442762,408362,0,0,1,1,104,176633477,83888430,27094619,8006951,1091872067,0,1,0,0,0,1,1,2,2,1,0,0,0
263172870,SELECT,102,262,2650952,102,105,0,0,0,0,442762,408362,0,1,0,1,104,176633478,83888430,27094619,8006951,1125426435,0,1,0,0,0,1,1,2,0,1,0,0,0
263256763,PUBLISH,102,262,2652464,102,105,0,0,0,0,442888,408362,0,1,0,1,105,176715859,83888430,27094619,8013335,1125426435,0,1,0,0,0,1,1,2,0,1,0,0,0
264171963,FIELD,102,262,2666768,102,105,0,0,0,0,444260,408362,0,1,0,1,105,177616755,83888430,27094619,8088455,1125426435,0,1,0,0,0,1,1,2,0,1,0,0,0
264177840,READY,106,263,2666768,102,105,0,0,0,0,444269,408362,0,1,0,1,105,177622632,83888430,27094619,8088524,1125426435,0,1,0,0,0,1,1,2,0,1,0,0,0
264177843,START,107,263,2666770,102,106,1,0,0,0,444269,408362,0,1,0,1,105,177622633,83888431,27094619,8088524,1073742409,1,1,0,0,0,1,1,2,0,1,0,0,0
265174870,FIELD,102,263,2677848,102,106,1,1,0,0,445765,408362,0,1,0,1,105,178608581,83888431,27094619,8203513,1073742925,0,1,0,0,0,1,1,2,0,1,0,0,0
265174871,SELECT,106,264,2677848,106,105,0,0,0,0,445765,408362,0,1,1,1,105,178608582,83888431,27094619,8203513,1073743205,0,1,0,0,0,1,1,2,0,1,0,0,0
265258763,PUBLISH,106,264,2679232,106,105,0,0,0,0,445891,408362,0,1,1,1,106,178691090,83888431,27094619,8211774,1073743205,0,1,0,0,0,1,1,2,0,1,0,0,0
266173963,FIELD,106,264,2694932,106,105,0,0,0,0,447263,408362,0,1,1,1,106,179590590,83888431,27094619,8309941,1073743205,0,1,0,0,0,1,1,2,0,1,0,0,0
266433247,READY,107,265,2698712,106,105,0,0,0,0,447652,408362,0,1,1,1,106,179846094,83888431,27094619,8333070,1073743205,0,1,0,0,0,1,1,2,0,1,0,0,0
266433409,START,108,265,2698874,106,107,1,0,0,0,447653,408362,0,1,1,1,106,179846095,83888431,27094619,8333070,1073743217,1,1,0,0,0,1,1,2,0,1,0,0,0
267176870,FIELD,106,265,2719697,106,107,1,0,0,0,448768,408362,0,1,1,1,106,180568732,83888431,27094619,8361619,1073745267,0,1,0,0,0,1,1,2,0,1,0,0,0
268175963,FIELD,106,266,2757895,106,107,1,1,0,0,450266,408362,0,1,1,1,106,181529627,83888431,27094619,8390432,1073745267,0,1,0,0,0,1,1,2,0,1,0,0,0
268175964,SELECT,107,267,2757895,107,105,1,0,0,0,450266,408362,0,0,0,1,106,181529628,83888431,27094619,8390432,1073745219,0,1,0,0,0,1,1,2,0,1,0,0,0
268263669,PUBLISH,107,267,2761250,107,105,1,0,0,0,450398,408362,0,0,0,1,107,181613978,83888431,27094619,8391165,1073745219,0,1,0,0,0,1,1,2,0,1,0,0,0
268728328,PTS,10,267,2776045,107,105,1,0,0,0,451095,408362,0,0,0,1,107,182063843,83888431,27094619,8408060,1073745219,1,1,0,0,0,1,1,2,0,1,0,0,0
268765546,START,109,267,2777186,107,105,1,0,0,0,451151,408362,0,0,0,1,107,182099920,83888431,27094619,8409372,1073745219,1,1,0,0,0,1,1,2,0,1,0,0,0
268765547,READY,108,267,2777186,107,105,1,0,0,0,451151,408362,0,0,0,1,107,182099920,83888431,27094619,8409372,1073745219,1,1,0,0,0,1,1,0,0,1,0,0,0
269178870,FIELD,107,267,2781196,107,105,1,0,0,0,451771,408362,0,0,0,1,107,182509232,83888432,27094619,8455977,1091872067,0,1,0,0,0,1,1,0,0,2,0,0,0
270177963,FIELD,107,268,2795744,107,105,1,1,0,0,453269,408362,0,0,0,1,107,183493777,83888432,27094619,8579456,1091872067,0,1,0,0,0,1,1,0,0,2,0,0,0
270177964,SELECT,105,269,2795744,105,108,0,0,0,0,453269,408362,0,0,1,1,107,183493778,83888432,27094619,8579456,1125426435,0,1,0,0,0,1,1,0,1,2,0,0,0
270265669,PUBLISH,105,269,2797016,105,108,0,0,0,0,453401,408362,0,0,1,1,108,183580211,83888432,27094619,8585791,1125426435,0,1,0,0,0,1,1,0,1,2,0,0,0
270918840,READY,109,269,2805488,105,108,0,0,0,0,454381,408362,0,0,1,1,108,184224910,83888432,27094619,8655427,1125426435,0,1,0,0,0,1,1,0,1,2,0,0,0
270918843,START,110,269,2805490,105,109,1,0,1,1,454381,408362,0,0,1,1,108,184224911,83888433,27094619,8655427,1073742409,1,1,0,0,0,1,1,0,1,2,0,0,0
271180870,FIELD,105,269,2808248,105,109,1,0,1,1,454774,408362,0,0,1,1,108,184484179,83888433,27094619,8682847,1073742925,0,1,0,0,0,1,1,0,1,2,0,0,0
272179963,FIELD,105,270,2821748,105,109,1,0,1,1,456272,408362,0,0,1,1,108,185469772,83888433,27094619,8803193,1073742925,0,1,0,0,0,1,1,0,1,2,0,0,0
273032425,READY,110,271,2833532,105,109,1,0,1,1,457551,408362,0,0,1,1,108,186310450,83888433,27094619,8886660,1073742925,0,1,0,0,0,1,1,0,1,2,0,0,0
273032427,START,111,271,2833534,105,109,1,0,1,1,457551,408362,0,0,1,1,108,186310451,83888433,27094619,8886660,1073742937,1,1,0,0,0,1,1,0,1,2,0,0,0
273182870,FIELD,105,271,2836304,105,109,1,1,1,1,457777,408362,0,0,1,1,108,186458123,83888433,27094619,8889905,1073744987,0,1,0,0,0,1,1,0,1,2,0,0,0
273182871,SELECT,109,272,2836304,109,110,1,0,0,0,457777,453407,1,1,0,1,108,186458124,83888433,27094619,8889905,1073745267,0,1,0,0,0,1,1,0,1,2,0,0,0
273266763,PUBLISH,109,272,2837352,109,110,1,0,0,0,457903,453407,1,1,0,1,109,186540968,83888433,27094619,8890811,1073745267,0,1,0,0,0,1,1,0,1,2,0,0,0
274181963,FIELD,109,272,2851932,109,110,1,0,0,0,459275,453407,1,1,0,1,109,187441588,83888433,27094619,8915745,1073745267,0,1,0,0,0,1,1,0,1,2,0,0,0
275184870,FIELD,109,273,2873036,109,110,1,1,0,0,460780,453407,1,1,0,1,109,188423391,83888433,27094619,8937464,1073745267,0,1,0,0,0,1,1,0,1,2,0,0,0
275184871,SELECT,110,274,2873036,110,108,1,0,0,0,460780,453407,0,1,1,1,109,188423392,83888433,27094619,8937464,1073745219,0,1,0,0,0,1,1,0,1,2,0,0,0
275268763,PUBLISH,110,274,2874444,110,108,1,0,0,0,460906,453407,0,1,1,1,110,188505876,83888433,27094619,8938294,1073745219,0,1,0,0,0,1,1,0,1,2,0,0,0
275486084,READY,111,274,2876797,110,108,1,0,0,0,461232,453407,0,1,1,1,110,188720845,83888433,27094619,8945872,1073745219,1,1,0,0,0,1,1,1,1,2,0,0,0
275486085,START,112,274,2876798,110,108,1,0,0,0,461232,453407,0,1,1,1,110,188720845,83888433,27094619,8945872,1140856131,1,1,0,0,0,1,1,1,1,0,0,0,0
276183963,FIELD,110,274,2886792,110,108,1,0,0,0,462278,453407,0,1,1,1,110,189408728,83888433,27094619,8962045,1275073859,0,1,0,0,0,1,1,1,1,0,0,0,1
277186870,FIELD,110,275,2910324,110,108,1,0,0,0,463783,453407,0,1,1,1,110,190388103,83888433,27094619,8982043,1275073859,0,1,0,0,0,1,1,1,1,0,0,0,1
278021190,READY,112,276,2924437,110,108,1,0,0,0,465034,453407,0,1,1,1,110,191208311,83888433,27094619,9004335,1275073859,1,1,0,0,0,1,1,2,1,0,0,0,1
278185963,FIELD,110,276,2924437,110,108,1,1,0,0,465281,453407,0,1,1,1,110,191208311,84053205,27094619,9004335,1275073859,1,1,0,0,0,1,1,2,1,0,1,1,0
278185964,START,113,277,2924438,108,111,1,0,0,0,465281,408362,0,0,0,1,110,191208311,84053206,27094619,9004335,3422553344,1,1,0,0,0,1,1,2,2,0,1,1,0
278185964,SELECT,108,277,2924438,108,111,1,0,0,0,465281,408362,0,0,0,1,110,191208311,84053206,27094619,9004335,3422553344,1,1,0,0,0,1,1,2,2,0,1,1,0
278273670,PUBLISH,108,277,2924438,108,111,1,0,0,0,465413,408362,0,0,0,1,111,191208311,84140911,27182324,9004335,3422553344,1,1,0,0,0,1,1,2,2,0,1,1,0
279188870,FIELD,108,277,2924438,108,111,1,0,0,0,466786,408362,0,0,0,1,111,191208311,85056111,28097524,9004335,3422553344,1,1,0,0,0,1,1,2,2,0,1,1,0
280187963,FIELD,108,278,2924438,108,111,1,1,0,0,468284,408362,0,0,0,1,111,191208311,86055204,29096617,9004335,3422553344,1,1,0,0,0,1,1,2,2,0,1,1,0
280187964,SELECT,111,279,2924438,111,112,1,0,0,0,468284,453407,0,0,1,1,111,191208311,86055205,29096618,9004335,3422553344,1,1,0,0,0,1,1,2,0,1,0,1,1
280275670,PUBLISH,111,279,2926716,111,112,1,0,0,0,468416,453407,0,0,1,1,112,191293738,86055205,29096619,9004623,3422553344,0,1,0,0,0,1,1,2,0,1,0,1,1
281190870,FIELD,111,279,2940260,111,112,1,0,0,0,469789,453407,0,0,1,1,112,192195394,86055205,29096619,9027587,3422553344,0,1,0,0,0,1,1,2,0,1,0,1,1
282189963,FIELD,111,280,2964186,111,112,1,0,0,0,471287,453407,0,0,1,1,112,193170561,86055205,29096619,9047855,3422553344,0,1,0,0,0,1,1,2,0,1,0,1,1
282766961,READY,113,281,2973353,111,112,1,0,0,0,472153,453407,0,0,1,1,112,193738393,86055205,29096619,9063808,3422553344,1,1,0,0,0,1,1,0,0,1,0,1,1
282766962,START,114,281,2973354,111,112,1,0,0,0,472153,453407,0,0,1,1,112,193738393,86055205,29096619,9063808,3422553344,1,1,0,0,0,1,1,0,0,1,1,2,0
283192870,FIELD,111,281,2973354,111,112,1,1,0,0,472792,453407,0,0,1,1,112,193738393,86481112,29522526,9063808,3422553344,1,1,0,0,0,1,1,0,0,1,1,2,0
283192871,SELECT,112,282,2973354,112,113,1,0,0,0,472792,453407,0,1,0,1,112,193738393,86481113,29522527,9063808,3422553344,1,1,0,0,0,1,1,0,1,2,0,2,1
283276763,PUBLISH,112,282,2976008,112,113,1,0,0,0,472918,453407,0,1,0,1,113,193819630,86481113,29522528,9064092,3422553344,0,1,0,0,0,1,1,0,1,2,0,2,1
284191963,FIELD,112,282,2992064,112,113,1,0,0,0,474290,453407,0,1,0,1,113,194718774,86481113,29522528,9085982,3422553344,0,1,0,0,0,1,1,0,1,2,0,2,1
285194870,FIELD,112,283,3020536,112,113,1,1,0,0,475795,453407,0,1,0,1,113,195693209,86481113,29522528,9107873,3422553344,0,1,0,0,0,1,1,0,1,2,0,2,1
285194871,SELECT,113,284,3020536,113,113,0,0,0,0,475795,453407,0,1,1,1,113,195693210,86481113,29522528,9107873,3221226752,0,1,0,0,0,1,1,0,2,2,0,2,1
285278763,PUBLISH,113,284,3022524,113,113,0,0,0,0,475921,453407,0,1,1,1,114,195775114,86481113,29522528,9108661,3221226752,0,1,0,0,0,1,1,0,2,2,0,2,1
285929642,READY,114,284,3033673,113,113,0,0,0,0,476897,453407,0,1,1,1,114,196414845,86481113,29522528,9126223,3221226752,1,1,0,0,0,1,1,1,2,2,0,2,1
285929643,START,115,284,3033674,113,114,0,0,0,0,476897,453407,0,1,1,1,114,196414845,86481113,29522528,9126223,3288335616,1,1,0,0,0,1,1,1,2,0,0,2,0
286193963,FIELD,113,284,3036944,113,114,0,0,0,0,477293,453407,0,1,1,1,114,196675894,86481113,29522528,9152663,1073742405,0,1,0,0,0,1,1,1,2,0,0,2,0
287196870,FIELD,113,285,3051374,113,114,0,0,0,0,478798,453407,0,1,1,1,114,197664371,86481113,29522528,9267353,1073742405,0,1,0,0,0,1,1,1,2,0,0,2,0
288023577,READY,115,286,3060388,113,114,0,0,0,0,480038,453407,0,1,1,1,114,198482064,86481113,29522528,9347777,1073742405,0,1,0,0,0,1,1,1,2,0,0,2,0
288023579,START,116,286,3060390,113,115,1,0,0,0,480038,453407,0,1,1,1,114,198482065,86481113,29522528,9347777,1073742409,1,1,0,0,0,1,1,1,2,0,0,2,0
288195963,FIELD,113,286,3062364,113,115,1,1,0,0,480296,453407,0,1,1,1,114,198652474,86481113,29522528,9359843,1073742925,0,1,0,0,0,1,1,1,2,0,0,2,0
288195964,SELECT,115,287,3062364,115,114,0,0,0,0,480296,453407,0,0,0,1,114,198652475,86481113,29522528,9359843,1073743205,0,1,0,0,0,1,1,1,2,0,0,2,0
288283670,PUBLISH,115,287,3063784,115,114,0,0,0,0,480428,453407,0,0,0,1,115,198738761,86481113,29522528,9369546,1073743205,0,1,0,0,0,1,1,1,2,0,0,2,0
289198870,FIELD,115,287,3076132,115,114,0,0,0,0,481801,453407,0,0,0,1,115,199641613,86481113,29522528,9477080,1073743205,0,1,0,0,0,1,1,1,2,0,0,2,0
290096234,READY,116,288,3087824,115,114,0,0,0,0,483147,453407,0,0,0,1,115,200527285,86481113,29522528,9575275,1073743205,0,1,0,0,0,1,1,1,2,0,0,2,0
290096236,START,117,288,3087826,115,116,1,0,0,0,483147,453407,0,0,0,1,115,200527286,86481113,29522528,9575275,1073743217,1,1,0,0,0,1,1,1,2,0,0,2,0
290197963,FIELD,115,288,3090640,115,116,1,1,0,0,483299,453407,0,0,0,1,115,200626198,86481113,29522528,9577487,1073745267,0,1,0,0,0,1,1,1,2,0,0,2,0
290197964,SELECT,116,289,3090640,116,114,1,0,0,0,483299,453407,0,0,1,1,115,200626199,86481113,29522528,9577487,1073745219,0,1,0,0,0,1,1,1,2,0,0,2,0
290285670,PUBLISH,116,289,3092392,116,114,1,0,0,0,483431,453407,0,0,1,1,116,200712153,86481113,29522528,9577893,1073745219,0,1,0,0,0,1,1,1,2,0,0,2,0
291200870,FIELD,116,289,3112652,116,114,1,0,0,0,484804,453407,0,0,1,1,116,201607093,86481113,29522528,9598466,1073745219,0,1,0,0,0,1,1,1,2,0,0,2,0
292199963,FIELD,116,290,3138884,116,114,1,0,0,0,486302,453407,0,0,1,1,116,202579954,86481113,29522528,9619230,1073745219,0,1,0,0,0,1,1,1,2,0,0,2,0
292901973,READY,117,291,3150777,116,114,1,0,0,0,487355,453407,0,0,1,1,116,203270072,86481113,29522528,9636438,1073745219,1,1,0,0,0,1,1,2,2,0,0,2,0
292901974,START,118,291,3150778,116,114,1,0,0,0,487355,453407,0,0,1,1,116,203270072,86481113,29522528,9636438,1140856131,1,1,0,0,0,1,1,2,2,1,0,2,0
293202870,FIELD,116,291,3154516,116,114,1,1,0,0,487807,453407,0,0,1,1,116,203567229,86481113,29522528,9665843,1091872067,0,1,0,0,0,1,1,2,2,1,0,2,0
293202871,SELECT,114,292,3154516,114,117,0,0,0,0,487807,453407,0,1,0,1,116,203567230,86481113,29522528,9665843,1125426435,0,1,0,0,0,1,1,2,0,1,0,2,0
293286763,PUBLISH,114,292,3155300,114,117,0,0,0,0,487933,453407,0,1,0,1,117,203650338,86481113,29522528,9671166,1125426435,0,1,0,0,0,1,1,2,0,1,0,2,0
294201963,FIELD,114,292,3168868,114,117,0,0,0,0,489305,453407,0,1,0,1,117,204551970,86481113,29522528,9777537,1125426435,0,1,0,0,0,1,1,2,0,1,0,2,0
295006824,READY,118,293,3177308,114,117,0,0,0,0,490513,453407,0,1,0,1,117,205348391,86481113,29522528,9858258,1125426435,0,1,0,0,0,1,1,2,0,1,0,2,0
295006827,START,119,293,3177310,114,118,1,0,0,0,490513,453407,0,1,0,1,117,205348392,86481114,29522528,9858258,1073742409,1,1,0,0,0,1,1,2,0,1,0,2,0
295204870,FIELD,114,293,3180304,114,118,1,1,0,0,490810,453407,0,1,0,1,117,205543440,86481114,29522528,9874217,1073742925,0,1,0,0,0,1,1,2,0,1,0,2,0
295204871,SELECT,118,294,3180304,118,117,0,0,0,0,490810,453407,0,1,1,1,117,205543441,86481114,29522528,9874217,1073743205,0,1,0,0,0,1,1,2,0,1,0,2,0
295288763,PUBLISH,118,294,3181132,118,117,0,0,0,0,490936,453407,0,1,1,1,118,205626505,86481114,29522528,9883150,1073743205,0,1,0,0,0,1,1,2,0,1,0,2,0
296203963,FIELD,118,294,3194232,118,117,0,0,0,0,492308,453407,0,1,1,1,118,206528605,86481114,29522528,9986139,1073743205,0,1,0,0,0,1,1,2,0,1,0,2,0
297076946,READY,119,295,3203544,118,117,0,0,0,0,493618,453407,0,1,1,1,118,207392276,86481114,29522528,10076677,1073743205,0,1,0,0,0,1,1,2,0,1,0,2,0
297077108,START,120,295,3203706,118,119,1,0,0,0,493618,453407,0,1,1,1,118,207392277,86481114,29522528,10076677,1073743217,1,1,0,0,0,1,1,2,0,1,0,2,0
297206870,FIELD,118,295,3207359,118,119,1,0,0,0,493813,453407,0,1,1,1,118,207518385,86481114,29522528,10081074,1073745267,0,1,0,0,0,1,1,2,0,1,0,2,0
298205963,FIELD,118,296,3243440,118,119,1,1,0,0,495311,453407,0,1,1,1,118,208481398,86481114,29522528,10112067,1073745267,1,1,0,0,0,1,1,2,0,1,0,2,0
298205964,SELECT,119,297,3243440,119,117,1,0,0,0,495311,453407,0,0,0,1,118,208481398,86481114,29522528,10112068,1073745219,0,1,0,0,0,1,1,2,0,1,0,2,0
298293670,PUBLISH,119,297,3247069,119,117,1,0,0,0,495443,453407,0,0,0,1,119,208565475,86481114,29522528,10112626,1073745219,0,1,0,0,0,1,1,2,0,1,0,2,0
299208870,FIELD,119,297,3277075,119,117,1,0,0,0,496816,453407,0,0,0,1,119,209450669,86481114,29522528,10143210,1073745219,0,1,0,0,0,1,1,2,0,1,0,2,0
299387703,PTS,11,298,3281897,119,117,1,0,0,0,497084,453407,0,0,0,1,119,209624681,86481114,29522528,10146871,1073745219,1,1,0,0,0,1,1,2,0,1,0,2,0
299415974,START,121,298,3282786,119,117,1,0,0,0,497126,453407,0,0,0,1,119,209652063,86481114,29522528,10148034,1073745219,1,1,0,0,0,1,1,2,0,1,0,2,0
299415975,READY,120,298,3282786,119,117,1,0,0,0,497126,453407,0,0,0,1,119,209652063,86481114,29522528,10148034,1073745219,1,1,0,0,0,1,1,0,0,1,0,2,0
300207963,FIELD,119,298,3292408,119,117,1,1,0,0,498314,453407,0,0,0,1,119,210434428,86481115,29522528,10235541,1091872067,0,1,0,0,0,1,1,0,0,2,0,2,0
300207964,SELECT,117,299,3292408,117,120,0,0,0,0,498314,453407,0,0,1,1,119,210434429,86481115,29522528,10235541,1125426435,0,1,0,0,0,1,1,0,1,2,0,2,0
300295670,PUBLISH,117,299,3293684,117,120,0,0,0,0,498446,453407,0,0,1,1,120,210520859,86481115,29522528,10246052,1125426435,0,1,0,0,0,1,1,0,1,2,0,2,0
301210870,FIELD,117,299,3307144,117,120,0,0,0,0,499819,453407,0,0,1,1,120,211422599,86481115,29522528,10343039,1125426435,0,1,0,0,0,1,1,0,1,2,0,2,0
301598233,READY,121,300,3311392,117,120,0,0,0,0,500400,453407,0,0,1,1,120,211805714,86481115,29522528,10365706,1125426435,0,1,0,0,0,1,1,0,1,2,0,2,0
301598236,START,122,300,3311394,117,121,1,0,1,1,500400,453407,0,0,1,1,120,211805715,86481116,29522528,10365706,1073742409,1,1,0,0,0,1,1,0,1,2,0,2,0
302209963,FIELD,117,300,3318264,117,121,1,0,1,1,501317,453407,0,0,1,1,120,212410571,86481116,29522528,10432683,1073742925,0,1,0,0,0,1,1,0,1,2,0,2,0
303212870,FIELD,117,301,3333880,117,121,1,1,1,1,502822,453407,0,0,1,1,120,213397862,86481116,29522528,10546419,1073742925,0,1,0,0,0,1,1,0,1,2,0,2,0
303212871,SELECT,121,302,3333880,121,120,0,0,0,0,502822,498452,1,1,0,1,120,213397863,86481116,29522528,10546419,1073743205,0,1,0,0,0,1,1,0,1,2,0,2,0
303296763,PUBLISH,121,302,3334716,121,120,0,0,0,0,502948,498452,1,1,0,1,121,213480919,86481116,29522528,10549477,1073743205,0,1,0,0,0,1,1,0,1,2,0,2,0
303689681,READY,122,302,3339476,121,120,0,0,0,0,503537,498452,1,1,0,1,121,213869077,86481116,29522528,10576211,1073743205,0,1,0,0,0,1,1,0,1,2,0,2,0
303689683,START,123,302,3339478,121,122,1,0,0,0,503537,498452,1,1,0,1,121,213869078,86481116,29522528,10576211,1073743217,1,1,0,0,0,1,1,0,1,2,0,2,0
304211963,FIELD,121,302,3350156,121,122,1,0,0,0,504320,498452,1,1,0,1,121,214380679,86481116,29522528,10586910,1073745267,0,1,0,0,0,1,1,0,1,2,0,2,0
305214870,FIELD,121,303,3376448,121,122,1,1,0,0,505825,498452,1,1,0,1,121,215357294,86481116,29522528,10607241,1073745267,0,1,0,0,0,1,1,0,1,2,0,2,0
305214871,SELECT,122,304,3376448,122,120,1,0,0,0,505825,498452,0,1,1,1,121,215357295,86481116,29522528,10607241,1073745219,0,1,0,0,0,1,1,0,1,2,0,2,0
305298763,PUBLISH,122,304,3378552,122,120,1,0,0,0,505951,498452,0,1,1,1,122,215439083,86481116,29522528,10607999,1073745219,0,1,0,0,0,1,1,0,1,2,0,2,0
306213963,FIELD,122,304,3395992,122,120,1,0,0,0,507323,498452,0,1,1,1,122,216336843,86481116,29522528,10631122,1073745219,0,1,0,0,0,1,1,0,1,2,0,2,0
306306973,READY,123,305,3396597,122,120,1,0,0,0,507463,498452,0,1,1,1,122,216429249,86481116,29522528,10632328,1073745219,1,1,0,0,0,1,1,1,1,2,0,2,0
306306974,START,124,305,3396598,122,120,1,0,0,0,507463,498452,0,1,1,1,122,216429249,86481116,29522528,10632328,1140856131,1,1,0,0,0,1,1,1,1,0,0,2,0
307216870,FIELD,122,305,3408848,122,120,1,0,0,0,508828,498452,0,1,1,1,122,217326894,86481116,29522528,10740622,1091872067,0,1,0,0,0,1,1,1,1,0,0,2,0
308215963,FIELD,122,306,3423380,122,120,1,1,0,0,510326,498452,0,1,1,1,122,218311455,86481116,29522528,10832842,1091872067,0,1,0,0,0,1,1,1,1,0,0,2,0
308215964,SELECT,120,307,3423380,120,123,0,0,0,0,510326,453407,0,0,0,1,122,218311456,86481116,29522528,10832842,1125426435,0,1,0,0,0,1,1,1,2,0,0,2,0
308283240,READY,124,307,3423624,120,123,0,0,0,0,510427,453407,0,0,0,0,123,218378488,86481116,29522528,10836262,1125426435,0,1,0,0,0,1,1,1,2,0,0,2,0
308283243,START,125,307,3423626,120,124,1,0,0,0,510427,453407,0,0,0,0,123,218378489,86481117,29522528,10836262,1073742409,1,1,0,0,0,1,1,1,2,0,0,2,0
308303670,PUBLISH,120,307,3424052,120,124,1,0,0,0,510458,453407,0,0,0,1,123,218398489,86481117,29522528,10836262,1073742925,0,1,0,0,0,1,1,1,2,0,0,2,0
309218870,FIELD,120,307,3435616,120,124,1,0,0,0,511831,453407,0,0,0,1,123,219302125,86481117,29522528,10943698,1073742925,0,1,0,0,0,1,1,1,2,0,0,2,0
310217963,FIELD,120,308,3450136,120,124,1,1,0,0,513329,453407,0,0,0,1,123,220286698,86481117,29522528,11039182,1073742925,0,1,0,0,0,1,1,1,2,0,0,2,0
310217964,SELECT,124,309,3450136,124,123,0,0,0,0,513329,498452,0,0,1,1,123,220286699,86481117,29522528,11039182,1073743205,0,1,0,0,0,1,1,1,2,0,0,2,0
310268953,READY,125,309,3450136,124,123,0,0,0,0,513406,498452,0,0,1,0,124,220337688,86481117,29522528,11042615,1073743205,0,1,0,0,0,1,1,1,2,0,0,2,0
310268955,START,126,309,3450138,124,125,1,0,0,0,513406,498452,0,0,1,0,124,220337689,86481117,29522528,11042615,1073743217,1,1,0,0,0,1,1,1,2,0,0,2,0
310305670,PUBLISH,124,309,3451172,124,125,1,0,0,0,513461,498452,0,0,1,1,124,220373369,86481117,29522528,11042615,1073745267,0,1,0,0,0,1,1,1,2,0,0,2,0
311220870,FIELD,124,309,3470484,124,125,1,0,0,0,514834,498452,0,0,1,1,124,221269257,86481117,29522528,11062353,1073745267,0,1,0,0,0,1,1,1,2,0,0,2,0
312219963,FIELD,124,310,3495232,124,125,1,0,0,0,516332,498452,0,0,1,1,124,222243602,86481117,29522528,11084355,1073745267,0,1,0,0,0,1,1,1,2,0,0,2,0
312954438,READY,126,311,3508281,124,125,1,0,0,0,517434,498452,0,0,1,1,124,222965029,86481117,29522528,11101501,1073745267,1,1,0,0,0,1,1,2,2,0,0,2,0
313222870,FIELD,124,311,3508281,124,125,1,1,0,0,517837,498452,0,0,1,1,124,222965029,86749548,29522528,11101501,1140856179,1,1,0,0,0,1,1,2,2,1,0,2,0
313222871,START,127,312,3508282,125,123,1,0,0,0,517837,498452,0,1,0,1,124,222965029,86749549,29522528,11101501,1140856131,1,1,0,0,0,1,1,2,2,1,0,2,0
313222871,SELECT,125,312,3508282,125,123,1,0,0,0,517837,498452,0,1,0,1,124,222965029,86749549,29522528,11101501,1140856131,1,1,0,0,0,1,1,2,2,1,0,2,0
313306763,PUBLISH,125,312,3509640,125,123,1,0,0,0,517963,498452,0,1,0,1,125,223047562,86749549,29522528,11105101,1091872067,0,1,0,0,0,1,1,2,2,1,0,2,0
314221963,FIELD,125,312,3522140,125,123,1,0,0,0,519335,498452,0,1,0,1,125,223950262,86749549,29522528,11218241,1091872067,0,1,0,0,0,1,1,2,2,1,0,2,0
315224870,FIELD,125,313,3535236,125,123,1,1,0,0,520840,498452,0,1,0,1,125,224940073,86749549,29522528,11304714,1091872067,0,1,0,0,0,1,1,2,2,1,0,2,0
315224871,SELECT,123,314,3535236,123,126,0,0,0,0,520840,498452,0,1,1,1,125,224940074,86749549,29522528,11304714,1125426435,0,1,0,0,0,1,1,2,0,1,0,2,0
315229136,READY,127,314,3535236,123,126,0,0,0,0,520846,498452,0,1,1,0,126,224944339,86749549,29522528,11305257,1125426435,0,1,0,0,0,1,1,2,0,1,0,2,0
315229139,START,128,314,3535238,123,127,1,0,0,0,520846,498452,0,1,1,0,126,224944340,86749550,29522528,11305257,1073742409,1,1,0,0,0,1,1,2,0,1,0,2,0
315308763,PUBLISH,123,314,3536560,123,127,1,0,0,0,520966,498452,0,1,1,1,126,225022641,86749550,29522528,11309063,1073742925,0,1,0,0,0,1,1,2,0,1,0,2,0
316223963,FIELD,123,314,3548700,123,127,1,0,0,0,522338,498452,0,1,1,1,126,225925701,86749550,29522528,11419651,1073742925,0,1,0,0,0,1,1,2,0,1,0,2,0
317226870,FIELD,123,315,3561516,123,127,1,0,0,0,523843,498452,0,1,1,1,126,226915792,86749550,29522528,11507398,1073742925,0,1,0,0,0,1,1,2,0,1,0,2,0
317241369,READY,128,316,3561516,123,127,1,0,0,0,523865,498452,0,1,1,1,126,226930291,86749550,29522528,11507793,1073742925,0,1,0,0,0,1,1,2,0,1,0,2,0
317241371,START,129,316,3561518,123,127,1,0,0,0,523865,498452,0,1,1,1,126,226930292,86749550,29522528,11507793,1073742937,1,1,0,0,0,1,1,2,0,1,0,2,0
318225963,FIELD,123,316,3582308,123,127,1,1,0,0,525341,498452,0,1,1,1,126,227894093,86749550,29522528,11528774,1073744987,0,1,0,0,0,1,1,2,0,1,0,2,0
318225964,SELECT,127,317,3582308,127,128,1,0,0,0,525341,498452,0,0,0,1,126,227894094,86749550,29522528,11528774,1073745267,0,1,0,0,0,1,1,2,0,1,0,2,0
318313670,PUBLISH,127,317,3584428,127,128,1,0,0,0,525473,498452,0,0,0,1,127,227979680,86749550,29522528,11529183,1073745267,0,1,0,0,0,1,1,2,0,1,0,2,0
319228870,FIELD,127,317,3606880,127,128,1,0,0,0,526846,498452,0,0,0,1,127,228872428,86749550,29522528,11549923,1073745267,0,1,0,0,0,1,1,2,0,1,0,2,0
320019101,READY,129,318,3622953,127,128,1,0,0,0,528031,498452,0,0,0,1,127,229646587,86749550,29522528,11566260,1073745267,1,1,0,0,0,1,1,0,0,1,0,2,0
320227964,FIELD,127,318,3622953,127,128,1,1,0,0,528344,498452,0,0,0,1,127,229646587,86958412,29522528,11566260,1140856179,1,1,0,0,0,1,1,0,0,2,0,2,0
320227965,START,130,319,3622954,128,126,1,0,0,0,528344,498452,0,0,1,1,127,229646587,86958413,29522528,11566260,1140856131,1,1,0,0,0,1,1,0,0,2,0,2,0
320227965,SELECT,128,319,3622954,128,126,1,0,0,0,528344,498452,0,0,1,1,127,229646587,86958413,29522528,11566260,1140856131,1,1,0,0,0,1,1,0,0,2,0,2,0
320315670,PUBLISH,128,319,3624456,128,126,1,0,0,0,528476,498452,0,0,1,1,128,229732789,86958413,29522528,11569920,1091872067,0,1,0,0,0,1,1,0,0,2,0,2,0
321230870,FIELD,128,319,3637456,128,126,1,0,0,0,529849,498452,0,0,1,1,128,230634989,86958413,29522528,11678853,1091872067,0,1,0,0,0,1,1,0,0,2,0,2,0
322229964,FIELD,128,320,3651284,128,126,1,0,0,0,531347,498452,0,0,1,1,128,231620255,86958413,29522528,11756966,1091872067,0,1,0,0,0,1,1,0,0,2,0,2,0
322326205,READY,130,321,3651740,128,126,1,0,0,0,531492,498452,0,0,1,1,128,231716040,86958413,29522528,11762544,1091872067,0,1,0,0,0,1,1,0,0,2,0,2,0
323232870,FIELD,128,321,3651741,128,126,1,1,0,0,532852,498452,0,0,1,1,128,231716041,87865076,29522528,11762544,1091904835,1,1,0,0,0,1,1,0,0,2,0,2,0
323232871,SELECT,126,322,3651741,126,129,0,0,0,0,532852,498452,0,1,0,1,128,231716041,87865077,29522528,11762544,1125459203,1,1,0,0,0,1,1,0,1,2,0,2,0
323232872,START,131,322,3651742,126,130,1,0,0,0,532852,498452,0,1,0,1,129,231716041,87865078,29522528,11762544,1073742409,1,0,0,0,0,1,1,0,1,2,0,2,0
323316763,PUBLISH,126,322,3653136,126,130,1,0,0,0,532978,498452,0,1,0,1,129,231798537,87865078,29522528,11766477,1073742925,0,1,0,0,0,1,1,0,1,2,0,2,0
324231964,FIELD,126,322,3665904,126,130,1,0,0,0,534350,498452,0,1,0,1,129,232700970,87865078,29522528,11871990,1073742925,0,1,0,0,0,1,1,0,1,2,0,2,0
325234870,FIELD,126,323,3679780,126,130,1,1,0,0,535855,498452,0,1,0,1,129,233690000,87865078,29522528,11951119,1073742925,0,1,0,0,0,1,1,0,1,2,0,2,0
325234871,SELECT,130,324,3679780,130,129,0,0,0,0,535855,498452,0,1,1,1,129,233690001,87865078,29522528,11951119,1073743205,0,1,0,0,0,1,1,0,1,2,0,2,0
325318763,PUBLISH,130,324,3680580,130,129,0,0,0,0,535981,498452,0,1,1,1,130,233773093,87865078,29522528,11957491,1073743205,0,1,0,0,0,1,1,0,1,2,0,2,0
325370142,READY,131,324,3680580,130,129,0,0,0,0,536058,498452,0,1,1,1,130,233824472,87865078,29522528,11962193,1073743205,0,1,0,0,0,1,1,0,1,2,0,2,0
325370304,START,132,324,3680742,130,131,1,0,0,0,536058,498452,0,1,1,1,130,233824473,87865078,29522528,11962193,1073743217,1,1,0,0,0,1,1,0,1,2,0,2,0
326233964,FIELD,130,324,3707864,130,131,1,0,0,0,537353,498452,0,1,1,1,130,234661010,87865078,29522528,11990624,1073745267,0,1,0,0,0,1,1,0,1,2,0,2,0
327236870,FIELD,130,325,3740047,130,131,1,0,0,0,538858,498452,0,1,1,1,130,235631733,87865078,29522528,12019096,1073745267,0,1,0,0,0,1,1,0,1,2,0,2,0
327644537,PTS,12,326,3753313,130,131,1,0,0,0,539469,498452,0,1,1,1,130,236026135,87865078,29522528,12029146,1073745267,1,1,0,0,0,1,1,0,1,2,0,2,0
327653012,START,133,326,3753586,130,131,1,0,0,0,539482,498452,0,1,1,1,130,236034337,87865078,29522528,12029490,1073745267,1,1,0,0,0,1,1,0,1,2,0,2,0
327653013,READY,132,326,3753586,130,131,1,0,0,0,539482,498452,0,1,1,1,130,236034337,87865078,29522528,12029490,1073745267,1,1,0,0,0,1,1,1,1,2,0,2,0
328235964,FIELD,130,326,3753586,130,131,1,1,0,0,540356,498452,0,1,1,1,130,236034337,88448029,29522528,12029490,1140856179,1,1,0,0,0,1,1,1,1,0,0,2,0
328235965,SELECT,131,327,3753586,131,129,1,0,0,0,540356,498452,0,0,0,1,130,236034337,88448030,29522528,12029490,1140856131,1,1,0,0,0,1,1,1,1,0,0,2,0
328323670,PUBLISH,131,327,3754760,131,129,1,0,0,0,540488,498452,0,0,0,1,131,236120867,88448031,29522528,12033160,1091872067,0,1,0,0,0,1,1,1,1,0,0,2,0
329238870,FIELD,131,327,3767356,131,129,1,0,0,0,541861,498452,0,0,0,1,131,237023471,88448031,29522528,12153019,1091872067,0,1,0,0,0,1,1,1,1,0,0,2,0
330146500,READY,133,328,3775920,131,129,1,0,0,0,543222,498452,0,0,0,1,131,237922537,88448031,29522528,12240476,1091872067,0,1,0,0,0,1,1,1,1,0,0,2,0
330237964,FIELD,131,328,3775921,131,129,1,1,0,0,543359,498452,0,0,0,1,131,237922538,88539493,29522528,12240476,1091904835,1,1,0,0,0,1,1,1,1,0,0,2,0
330237965,SELECT,129,329,3775921,129,132,0,0,0,0,543359,498452,0,0,1,1,131,237922538,88539494,29522528,12240476,1125459203,1,1,0,0,0,1,1,1,2,0,0,2,0
330237966,START,134,329,3775922,129,133,1,0,1,0,543359,498452,0,0,1,1,132,237922538,88539495,29522528,12240476,1073742409,1,0,0,0,0,1,1,1,2,0,0,2,0
330325670,PUBLISH,129,329,3777080,129,133,1,0,1,0,543491,498452,0,0,1,1,132,238009083,88539495,29522528,12243847,1073742925,0,1,0,0,0,1,1,1,2,0,0,2,0
331240870,FIELD,129,329,3789628,129,133,1,0,1,1,544864,498452,0,0,1,1,132,238911735,88539495,29522528,12359746,1073742925,0,1,0,0,0,1,1,1,2,0,0,2,0
332058649,READY,134,330,3797420,129,133,1,0,1,1,546090,498452,0,0,1,1,132,239721722,88539495,29522528,12442272,1073742925,0,1,0,0,0,1,1,1,2,0,0,2,0
332058651,START,135,330,3797422,129,133,1,0,1,1,546090,498452,0,0,1,1,132,239721723,88539495,29522528,12442272,1073742937,1,1,0,0,0,1,1,1,2,0,0,2,0
332239964,FIELD,129,330,3801228,129,133,1,0,1,1,546362,498452,0,0,1,1,132,239899229,88539495,29522528,12446151,1073744987,0,1,0,0,0,1,1,1,2,0,0,2,0
333242870,FIELD,129,331,3821340,129,133,1,1,1,1,547867,498452,0,0,1,1,132,240882023,88539495,29522528,12465776,1073744987,0,1,0,0,0,1,1,1,2,0,0,2,0
333242871,SELECT,133,332,3821340,133,134,1,0,0,0,547867,543497,1,1,0,1,132,240882024,88539495,29522528,12465776,1073745267,0,1,0,0,0,1,1,1,2,0,0,2,0
333326764,PUBLISH,133,332,3824088,133,134,1,0,0,0,547993,543497,1,1,0,1,133,240963169,88539495,29522528,12466220,1073745267,0,1,0,0,0,1,1,1,2,0,0,2,0
334241964,FIELD,133,332,3844932,133,134,1,0,0,0,549365,543497,1,1,0,1,133,241857525,88539495,29522528,12486784,1073745267,0,1,0,0,0,1,1,1,2,0,0,2,0
334757246,READY,135,333,3855989,133,134,1,0,0,0,550138,543497,1,1,0,1,133,242361751,88539495,29522528,12496727,1073745267,1,1,0,0,0,1,1,2,2,0,0,2,0
335244870,FIELD,133,333,3855989,133,134,1,1,0,0,550870,543497,1,1,0,1,133,242361751,89027118,29522528,12496727,1140856179,1,1,0,0,0,1,1,2,2,1,0,2,0
335244871,START,136,334,3855990,134,132,1,0,0,0,550870,543497,0,1,1,1,133,242361751,89027119,29522528,12496727,1140856131,1,1,0,0,0,1,1,2,2,1,0,2,0
335244871,SELECT,134,334,3855990,134,132,1,0,0,0,550870,543497,0,1,1,1,133,242361751,89027119,29522528,12496727,1140856131,1,1,0,0,0,1,1,2,2,1,0,2,0
335328764,PUBLISH,134,334,3857336,134,132,1,0,0,0,550996,543497,0,1,1,1,134,242444297,89027119,29522528,12500263,1091872067,0,1,0,0,0,1,1,2,2,1,0,2,0
336243964,FIELD,134,334,3870716,134,132,1,0,0,0,552368,543497,0,1,1,1,134,243346117,89027119,29522528,12611616,1091872067,0,1,0,0,0,1,1,2,2,1,0,2,0
337175321,READY,136,335,3882184,134,132,1,0,0,0,553765,543497,0,1,1,1,134,244266006,89027119,29522528,12702656,1091872067,0,1,0,0,0,1,1,2,2,1,0,2,0
337246870,FIELD,134,335,3882185,134,132,1,0,0,0,553873,543497,0,1,1,1,134,244266007,89098666,29522528,12702656,1091904835,1,1,0,0,0,1,1,2,2,1,0,2,0
338245964,FIELD,134,336,3882185,134,132,1,1,0,0,555371,543497,0,1,1,1,134,244266007,90097760,29522528,12702656,1091904835,1,1,0,0,0,1,1,2,2,1,0,2,0
338245965,SELECT,132,337,3882185,132,135,0,0,0,0,555371,498452,0,0,0,1,134,244266007,90097761,29522528,12702656,1125459203,1,1,0,0,0,1,1,2,0,1,0,2,0
338245966,START,137,337,3882186,132,136,1,0,0,0,555371,498452,0,0,0,1,135,244266007,90097762,29522528,12702656,1073742409,1,0,0,0,0,1,1,2,0,1,0,2,0
338333670,PUBLISH,132,337,3883296,132,136,1,0,0,0,555503,498452,0,0,0,1,135,244352600,90097762,29522528,12705926,1073742925,0,1,0,0,0,1,1,2,0,1,0,2,0
339248870,FIELD,132,337,3896468,132,136,1,0,0,0,556876,498452,0,0,0,1,135,245254628,90097762,29522528,12815313,1073742925,0,1,0,0,0,1,1,2,0,1,0,2,0
340237593,READY,137,338,3908736,132,136,1,0,0,0,558359,498452,0,0,0,1,135,246231083,90097762,29522528,12909155,1073742925,0,1,0,0,0,1,1,2,0,1,0,2,0
340237595,START,138,338,3908738,132,136,1,0,0,0,558359,498452,0,0,0,1,135,246231084,90097762,29522528,12909155,1073742937,1,1,0,0,0,1,1,2,0,1,0,2,0
340247964,FIELD,132,338,3909664,132,136,1,1,0,0,558374,498452,0,0,0,1,135,246240526,90097762,29522528,12909155,1073744987,0,1,0,0,0,1,1,2,0,1,0,2,0
340247965,SELECT,136,339,3909664,136,137,1,0,0,0,558374,543497,0,0,1,1,135,246240527,90097762,29522528,12909155,1073745267,0,1,0,0,0,1,1,2,0,1,0,2,0
340335670,PUBLISH,136,339,3911380,136,137,1,0,0,0,558506,543497,0,0,1,1,136,246326516,90097762,29522528,12909669,1073745267,0,1,0,0,0,1,1,2,0,1,0,2,0
341250870,FIELD,136,339,3930468,136,137,1,0,0,0,559879,543497,0,0,1,1,136,247222628,90097762,29522528,12930617,1073745267,0,1,0,0,0,1,1,2,0,1,0,2,0
342249964,FIELD,136,340,3959260,136,137,1,0,0,0,561377,543497,0,0,1,1,136,248192930,90097762,29522528,12949570,1073745267,0,1,0,0,0,1,1,2,0,1,0,2,0
343082353,READY,138,341,3976849,136,137,1,0,0,0,562626,543497,0,0,1,1,136,249007731,90097762,29522528,12966453,1073745267,1,1,0,0,0,1,1,0,0,1,0,2,0
343252870,FIELD,136,341,3976849,136,137,1,1,0,0,562882,543497,0,0,1,1,136,249007731,90268278,29522528,12966453,1140856179,1,1,0,0,0,1,1,0,0,2,0,2,0
343252871,START,139,342,3976850,137,135,1,0,0,0,562882,543497,0,1,0,1,136,249007731,90268279,29522528,12966453,1140856131,1,1,0,0,0,1,1,0,0,2,0,2,0
343252871,SELECT,137,342,3976850,137,135,1,0,0,0,562882,543497,0,1,0,1,136,249007731,90268279,29522528,12966453,1140856131,1,1,0,0,0,1,1,0,0,2,0,2,0
343336764,PUBLISH,137,342,3978116,137,135,1,0,0,0,563008,543497,0,1,0,1,137,249090357,90268279,29522528,12969675,1091872067,0,1,0,0,0,1,1,0,0,2,0,2,0
344251964,FIELD,137,342,3991812,137,135,1,0,0,0,564380,543497,0,1,0,1,137,249991861,90268279,29522528,13076022,1091872067,0,1,0,0,0,1,1,0,0,2,0,2,0
345254870,FIELD,137,343,4008260,137,135,1,1,0,0,565885,543497,0,1,0,1,137,250978319,90268279,29522528,13172659,1091872067,0,1,0,0,0,1,1,0,0,2,0,2,0
345254871,SELECT,135,344,4008260,135,138,0,0,0,0,565885,543497,0,1,1,1,137,250978320,90268279,29522528,13172659,1125426435,0,1,0,0,0,1,1,0,1,2,0,2,0
345338764,PUBLISH,135,344,4009088,135,138,0,0,0,0,566011,543497,0,1,1,1,138,251061385,90268279,29522528,13179676,1125426435,0,1,0,0,0,1,1,0,1,2,0,2,0
345398760,READY,139,344,4009088,135,138,0,0,0,0,566101,543497,0,1,1,1,138,251121381,90268279,29522528,13186048,1125426435,0,1,0,0,0,1,1,0,1,2,0,2,0
345398763,START,140,344,4009090,135,139,1,0,0,0,566101,543497,0,1,1,1,138,251121382,90268280,29522528,13186048,1073742409,1,1,0,0,0,1,1,0,1,2,0,2,0
346253964,FIELD,135,344,4021080,135,139,1,0,0,0,567383,543497,0,1,1,1,138,251964592,90268280,29522528,13281096,1073742925,0,1,0,0,0,1,1,0,1,2,0,2,0
347256871,FIELD,135,345,4038708,135,139,1,0,0,0,568888,543497,0,1,1,1,138,252949871,90268280,29522528,13375648,1073742925,0,1,0,0,0,1,1,0,1,2,0,2,0
347565477,READY,140,346,4041772,135,139,1,0,0,0,569351,543497,0,1,1,1,138,253255413,90268280,29522528,13404112,1073742925,0,1,0,0,0,1,1,0,1,2,0,2,0
347565479,START,141,346,4041774,135,139,1,0,0,0,569351,543497,0,1,1,1,138,253255414,90268280,29522528,13404112,1073742937,1,1,0,0,0,1,1,0,1,2,0,2,0
348255964,FIELD,135,346,4056858,135,139,1,1,0,0,570386,543497,0,1,1,1,138,253930814,90268280,29522528,13418378,1073744987,0,1,0,0,0,1,1,0,1,2,0,2,0
348255965,SELECT,139,347,4056858,139,140,1,0,0,0,570386,543497,0,0,0,1,138,253930815,90268280,29522528,13418378,1073745267,0,1,0,0,0,1,1,0,1,2,0,2,0
348343670,PUBLISH,139,347,4058090,139,140,1,0,0,0,570518,543497,0,0,0,1,139,254017288,90268280,29522528,13418998,1073745267,0,1,0,0,0,1,1,0,1,2,0,2,0
349258871,FIELD,139,347,4084760,139,140,1,0,0,0,571891,543497,0,0,0,1,139,254905819,90268280,29522528,13437733,1073745267,0,1,0,0,0,1,1,0,1,2,0,2,0
350257964,FIELD,139,348,4110804,139,140,1,1,0,0,573389,543497,0,0,0,1,139,255878868,90268280,29522528,13456863,1073745267,0,1,0,0,0,1,1,0,1,2,0,2,0
350257965,SELECT,140,349,4110804,140,138,1,0,0,0,573389,543497,0,0,1,1,139,255878869,90268280,29522528,13456863,1073745219,0,1,0,0,0,1,1,0,1,2,0,2,0
350345670,PUBLISH,140,349,4113024,140,138,1,0,0,0,573521,543497,0,0,1,1,140,255964354,90268280,29522528,13457424,1073745219,0,1,0,0,0,1,1,0,1,2,0,2,0
350467452,READY,141,349,4113949,140,138,1,0,0,0,573704,543497,0,0,1,1,140,256085212,90268280,29522528,13460725,1073745219,1,1,0,0,0,1,1,1,1,2,0,2,0
350467453,START,142,349,4113950,140,138,1,0,0,0,573704,543497,0,0,1,1,140,256085212,90268280,29522528,13460725,1140856131,1,1,0,0,0,1,1,1,1,0,0,2,0
351260871,FIELD,140,349,4125844,140,138,1,0,0,0,574894,543497,0,0,1,1,140,256866735,90268280,29522528,13540538,1091872067,0,1,0,0,0,1,1,1,1,0,0,2,0
352259964,FIELD,140,350,4144204,140,138,1,0,0,0,576392,543497,0,0,1,1,140,257847468,90268280,29522528,13633712,1091872067,0,1,0,0,0,1,1,1,1,0,0,2,0
352715192,READY,142,351,4149924,140,138,1,0,0,0,577075,543497,0,0,1,1,140,258296976,90268280,29522528,13679186,1091872067,0,1,0,0,0,1,1,1,1,0,0,2,0
353262871,FIELD,140,351,4149925,140,138,1,1,0,0,577897,543497,0,0,1,1,140,258296977,90815957,29522528,13679186,1091904835,1,1,0,0,0,1,1,1,1,0,0,2,0
353262872,SELECT,138,352,4149925,138,141,0,0,0,0,577897,543497,0,1,0,1,140,258296977,90815958,29522528,13679186,1125459203,1,1,0,0,0,1,1,1,2,0,0,2,0
353262873,START,143,352,4149926,138,142,1,0,0,0,577897,543497,0,1,0,1,141,258296977,90815959,29522528,13679186,1073742409,1,0,0,0,0,1,1,1,2,0,0,2,0
353346764,PUBLISH,138,352,4151396,138,142,1,0,0,0,578023,543497,0,1,0,1,141,258379397,90815959,29522528,13682886,1073742925,0,1,0,0,0,1,1,1,2,0,0,2,0
354261964,FIELD,138,352,4165452,138,142,1,0,0,0,579395,543497,0,1,0,1,141,259280541,90815959,29522528,13778209,1073742925,0,1,0,0,0,1,1,1,2,0,0,2,0
355264871,FIELD,138,353,4183744,138,142,1,1,0,0,580900,543497,0,1,0,1,141,260265156,90815959,29522528,13872189,1073742925,0,1,0,0,0,1,1,1,2,0,0,2,0
355264872,SELECT,142,354,4183744,142,141,0,0,0,0,580900,543497,0,1,1,1,141,260265157,90815959,29522528,13872189,1073743205,0,1,0,0,0,1,1,1,2,0,0,2,0
355348764,PUBLISH,142,354,4184364,142,141,0,0,0,0,581026,543497,0,1,1,1,142,260348429,90815959,29522528,13877620,1073743205,0,1,0,0,0,1,1,1,2,0,0,2,0
355507128,READY,143,354,4185784,142,141,0,0,0,0,581263,543497,0,1,1,1,142,260505373,90815959,29522528,13892528,1073743205,0,1,0,0,0,1,1,1,2,0,0,2,0
355507290,START,144,354,4185946,142,143,1,0,0,0,581263,543497,0,1,1,1,142,260505374,90815959,29522528,13892528,1073743217,1,1,0,0,0,1,1,1,2,0,0,2,0
356263964,FIELD,142,354,4211037,142,143,1,0,0,0,582398,543497,0,1,1,1,142,261236956,90815959,29522528,13918657,1073745267,0,1,0,0,0,1,1,1,2,0,0,2,0
357266871,FIELD,142,355,4250359,142,143,1,0,0,0,583903,543497,0,1,1,1,142,262200541,90815959,29522528,13945838,1073745267,0,1,0,0,0,1,1,1,2,0,0,2,0
357850928,PTS,13,356,4267251,142,143,1,0,0,0,584779,543497,0,1,1,1,142,262767707,90815959,29522528,13962985,1073745267,1,1,0,0,0,1,1,1,2,0,0,2,0
357872224,START,145,356,4267922,142,143,1,0,0,0,584811,543497,0,1,1,1,142,262788332,90815959,29522528,13963918,1073745267,1,1,0,0,0,1,1,1,2,0,0,2,0
357872225,READY,144,356,4267922,142,143,1,0,0,0,584811,543497,0,1,1,1,142,262788332,90815959,29522528,13963918,1073745267,1,1,0,0,0,1,1,2,2,0,0,2,0
358265964,FIELD,142,356,4267922,142,143,1,1,0,0,585401,543497,0,1,1,1,142,262788332,91209698,29522528,13963918,1140856179,1,1,0,0,0,1,1,2,2,1,0,2,0
358265965,SELECT,143,357,4267922,143,141,1,0,0,0,585401,543497,0,0,0,1,142,262788332,91209699,29522528,13963918,1140856131,1,1,0,0,0,1,1,2,2,1,0,2,0
358353671,PUBLISH,143,357,4269424,143,141,1,0,0,0,585533,543497,0,0,0,1,143,262874535,91209700,29522528,13967460,1091872067,0,1,0,0,0,1,1,2,2,1,0,2,0
359268871,FIELD,143,357,4283616,143,141,1,0,0,0,586906,543497,0,0,0,1,143,263775543,91209700,29522528,14060165,1091872067,0,1,0,0,0,1,1,2,2,1,0,2,0
360267964,FIELD,143,358,4302294,143,141,1,1,0,0,588404,543497,0,0,0,1,143,264755959,91209700,29522528,14156188,1091872067,1,1,0,0,0,1,1,2,2,1,0,2,0
360267965,SELECT,141,359,4302295,141,144,0,0,0,0,588404,543497,0,0,1,1,143,264755959,91209700,29522528,14156188,1125426435,1,1,0,0,0,1,1,2,0,1,0,2,0
360355671,PUBLISH,141,359,4303508,141,144,0,0,0,0,588536,543497,0,0,1,1,144,264842451,91209700,29522528,14164759,1125426435,0,1,0,0,0,1,1,2,0,1,0,2,0
360544025,READY,145,359,4304720,141,144,0,0,0,0,588819,543497,0,0,1,1,144,265029593,91209700,29522528,14181543,1125426435,0,1,0,0,0,1,1,2,0,1,0,2,0
360544028,START,146,359,4304722,141,145,1,0,1,1,588819,543497,0,0,1,1,144,265029594,91209701,29522528,14181543,1073742409,1,1,0,0,0,1,1,2,0,1,0,2,0
361270871,FIELD,141,359,4315876,141,145,1,0,1,1,589909,543497,0,0,1,1,144,265745282,91209701,29522528,14248802,1073742925,0,1,0,0,0,1,1,2,0,1,0,2,0
362269964,FIELD,141,360,4334056,141,145,1,0,1,1,591407,543497,0,0,1,1,144,266726195,91209701,29522528,14339403,1073742925,0,1,0,0,0,1,1,2,0,1,0,2,0
362779752,READY,146,361,4339312,141,145,1,0,1,1,592172,543497,0,0,1,1,144,267230727,91209701,29522528,14380023,1073742925,0,1,0,0,0,1,1,2,0,1,0,2,0
362779754,START,147,361,4339314,141,145,1,0,1,1,592172,543497,0,0,1,1,144,267230728,91209701,29522528,14380023,1073742937,1,1,0,0,0,1,1,2,0,1,0,2,0
363272871,FIELD,141,361,4348788,141,145,1,1,1,1,592912,543497,0,0,1,1,144,267714370,91209701,29522528,14389935,1073744987,0,1,0,0,0,1,1,2,0,1,0,2,0
363272872,SELECT,145,362,4348788,145,146,1,0,0,0,592912,588542,1,1,0,1,144,267714371,91209701,29522528,14389935,1073745267,0,1,0,0,0,1,1,2,0,1,0,2,0
363356764,PUBLISH,145,362,4351036,145,146,1,0,0,0,593038,588542,1,1,0,1,145,267796015,91209701,29522528,14390333,1073745267,0,1,0,0,0,1,1,2,0,1,0,2,0
364271964,FIELD,145,362,4375480,145,146,1,0,0,0,594410,588542,1,1,0,1,145,268686771,91209701,29522528,14412116,1073745267,0,1,0,0,0,1,1,2,0,1,0,2,0
365274871,FIELD,145,363,4396988,145,146,1,1,0,0,595915,588542,1,1,0,1,145,269668170,91209701,29522528,14435326,1073745267,0,1,0,0,0,1,1,2,0,1,0,2,0
365274872,SELECT,146,364,4396988,146,144,1,0,0,0,595915,588542,0,1,1,1,145,269668171,91209701,29522528,14435326,1073745219,0,1,0,0,0,1,1,2,0,1,0,2,0
365358764,PUBLISH,146,364,4397532,146,144,1,0,0,0,596041,588542,0,1,1,1,146,269751519,91209701,29522528,14436357,1073745219,0,1,0,0,0,1,1,2,0,1,0,2,0
365397159,READY,147,364,4397533,146,144,1,0,0,0,596098,588542,0,1,1,1,146,269789914,91209701,29522528,14438775,1073745219,1,1,0,0,0,1,1,0,0,1,0,2,0
365397160,START,148,364,4397534,146,144,1,0,0,0,596098,588542,0,1,1,1,146,269789914,91209701,29522528,14438775,1140856131,1,1,0,0,0,1,1,0,0,2,0,2,0
366273964,FIELD,146,364,4410660,146,144,1,0,0,0,597413,588542,0,1,1,1,146,270653591,91209701,29522528,14529633,1091872067,0,1,0,0,0,1,1,0,0,2,0,2,0
367276871,FIELD,146,365,4427728,146,144,1,0,0,0,598918,588542,0,1,1,1,146,271639430,91209701,29522528,14633078,1091872067,0,1,0,0,0,1,1,0,0,2,0,2,0
367486497,READY,148,366,4429508,146,144,1,0,0,0,599232,588542,0,1,1,1,146,271847276,91209701,29522528,14646829,1091872067,0,1,0,0,0,1,1,0,0,2,0,2,0
368275964,FIELD,146,366,4429509,146,144,1,1,0,0,600416,588542,0,1,1,1,146,271847277,91999166,29522528,14646829,1091904835,1,1,0,0,0,1,1,0,0,2,0,2,0
368275965,SELECT,144,367,4429509,144,147,0,0,0,0,600416,543497,0,0,0,1,146,271847277,91999167,29522528,14646829,1125459203,1,1,0,0,0,1,1,0,1,2,0,2,0
368275966,START,149,367,4429510,144,148,1,0,0,0,600416,543497,0,0,0,1,147,271847277,91999168,29522528,14646829,1073742409,1,0,0,0,0,1,1,0,1,2,0,2,0
368363671,PUBLISH,144,367,4431056,144,148,1,0,0,0,600548,543497,0,0,0,1,147,271933435,91999168,29522528,14650764,1073742925,0,1,0,0,0,1,1,0,1,2,0,2,0
369278871,FIELD,144,367,4444652,144,148,1,0,0,0,601921,543497,0,0,0,1,147,272835039,91999168,29522528,14752283,1073742925,0,1,0,0,0,1,1,0,1,2,0,2,0
370277964,FIELD,144,368,4459964,144,148,1,1,0,0,603419,543497,0,0,0,1,147,273818820,91999168,29522528,14845677,1073742925,0,1,0,0,0,1,1,0,1,2,0,2,0
370277965,SELECT,148,369,4459964,148,147,0,0,0,0,603419,588542,0,0,1,1,147,273818821,91999168,29522528,14845677,1073743205,0,1,0,0,0,1,1,0,1,2,0,2,0
370324944,READY,149,369,4459964,148,147,0,0,0,0,603490,588542,0,0,1,0,148,273865800,91999168,29522528,14847883,1073743205,0,1,0,0,0,1,1,0,1,2,0,2,0
370324946,START,150,369,4459966,148,149,1,0,0,0,603490,588542,0,0,1,0,148,273865801,91999168,29522528,14847883,1073743217,1,1,0,0,0,1,1,0,1,2,0,2,0
370365671,PUBLISH,148,369,4460940,148,149,1,0,0,0,603551,588542,0,0,1,1,148,273905551,91999168,29522528,14847883,1073745267,0,1,0,0,0,1,1,0,1,2,0,2,0
371280871,FIELD,148,369,4480120,148,149,1,0,0,0,604924,588542,0,0,1,1,148,274801571,91999168,29522528,14869159,1073745267,0,1,0,0,0,1,1,0,1,2,0,2,0
372279964,FIELD,148,370,4506709,148,149,1,0,0,0,606422,588542,0,0,1,1,148,275774076,91999168,29522528,14889665,1073745267,1,1,0,0,0,1,1,0,1,2,0,2,0
373002666,READY,150,371,4518313,148,149,1,0,0,0,607506,588542,0,0,1,1,148,276485174,91999168,29522528,14908968,1073745267,1,1,0,0,0,1,1,1,1,2,0,2,0
373282871,FIELD,148,371,4518313,148,149,1,1,0,0,607927,588542,0,0,1,1,148,276485174,92279372,29522528,14908968,1140856179,1,1,0,0,0,1,1,1,1,0,0,2,0
373282872,START,151,372,4518314,149,147,1,0,0,0,607927,588542,0,1,0,1,148,276485174,92279373,29522528,14908968,1140856131,1,1,0,0,0,1,1,1,1,0,0,2,0
373282872,SELECT,149,372,4518314,149,147,1,0,0,0,607927,588542,0,1,0,1,148,276485174,92279373,29522528,14908968,1140856131,1,1,0,0,0,1,1,1,1,0,0,2,0
373366764,PUBLISH,149,372,4519760,149,147,1,0,0,0,608053,588542,0,1,0,1,149,276567619,92279373,29522528,14912945,1091872067,0,1,0,0,0,1,1,1,1,0,0,2,0
374281964,FIELD,149,372,4533408,149,147,1,0,0,0,609425,588542,0,1,0,1,149,277469171,92279373,29522528,15012824,1091872067,0,1,0,0,0,1,1,1,1,0,0,2,0
375269927,READY,151,373,4546684,149,147,1,0,0,0,610907,588542,0,1,0,1,149,278443858,92279373,29522528,15110313,1091872067,0,1,0,0,0,1,1,1,1,0,0,2,0
375284871,FIELD,149,373,4546685,149,147,1,1,0,0,610930,588542,0,1,0,1,149,278443859,92294315,29522528,15110313,1091904835,1,1,0,0,0,1,1,1,1,0,0,2,0
375284872,SELECT,147,374,4546685,147,150,0,0,0,0,610930,588542,0,1,1,1,149,278443859,92294316,29522528,15110313,1125459203,1,1,0,0,0,1,1,1,2,0,0,2,0
375284873,START,152,374,4546686,147,151,1,0,0,0,610930,588542,0,1,1,1,150,278443859,92294317,29522528,15110313,1073742409,1,0,0,0,0,1,1,1,2,0,0,2,0
375368764,PUBLISH,147,374,4548180,147,151,1,0,0,0,611056,588542,0,1,1,1,150,278526255,92294317,29522528,15114569,1073742925,0,1,0,0,0,1,1,1,2,0,0,2,0
376283964,FIELD,147,374,4561964,147,151,1,0,0,0,612428,588542,0,1,1,1,150,279427671,92294317,29522528,15210663,1073742925,0,1,0,0,0,1,1,1,2,0,0,2,0
377272272,READY,152,375,4574796,147,151,1,0,0,0,613911,588542,0,1,1,1,150,280403147,92294317,29522528,15298714,1073742925,0,1,0,0,0,1,1,1,2,0,0,2,0
377272274,START,153,375,4574798,147,151,1,0,0,0,613911,588542,0,1,1,1,150,280403148,92294317,29522528,15298714,1073742937,1,1,0,0,0,1,1,1,2,0,0,2,0
377286871,FIELD,147,375,4575820,147,151,1,0,0,0,613933,588542,0,1,1,1,150,280416722,92294317,29522528,15298714,1073744987,0,1,0,0,0,1,1,1,2,0,0,2,0
378285964,FIELD,147,376,4598400,147,151,1,1,0,0,615431,588542,0,1,1,1,150,281393235,92294317,29522528,15318852,1073744987,0,1,0,0,0,1,1,1,2,0,0,2,0
378285965,SELECT,151,377,4598400,151,152,1,0,0,0,615431,588542,0,0,0,1,150,281393236,92294317,29522528,15318852,1073745267,0,1,0,0,0,1,1,1,2,0,0,2,0
378373671,PUBLISH,151,377,4601124,151,152,1,0,0,0,615563,588542,0,0,0,1,151,281478218,92294317,29522528,15319660,1073745267,0,1,0,0,0,1,1,1,2,0,0,2,0
379288871,FIELD,151,377,4624016,151,152,1,0,0,0,616936,588542,0,0,0,1,151,282370526,92294317,29522528,15340840,1073745267,0,1,0,0,0,1,1,1,2,0,0,2,0
379975336,READY,153,378,4635097,151,152,1,0,0,0,617966,588542,0,0,0,1,151,283045911,92294317,29522528,15357908,1073745267,1,1,0,0,0,1,1,2,2,0,0,2,0
380287964,FIELD,151,378,4635097,151,152,1,1,0,0,618434,588542,0,0,0,1,151,283045911,92606944,29522528,15357908,1140856179,1,1,0,0,0,1,1,2,2,1,0,2,0
380287965,START,154,379,4635098,152,150,1,0,0,0,618434,588542,0,0,1,1,151,283045911,92606945,29522528,15357908,1140856131,1,1,0,0,0,1,1,2,2,1,0,2,0
380287965,SELECT,152,379,4635098,152,150,1,0,0,0,618434,588542,0,0,1,1,151,283045911,92606945,29522528,15357908,1140856131,1,1,0,0,0,1,1,2,2,1,0,2,0
380375671,PUBLISH,152,379,4636676,152,150,1,0,0,0,618566,588542,0,0,1,1,152,283132038,92606945,29522528,15362269,1091872067,0,1,0,0,0,1,1,2,2,1,0,2,0
381290871,FIELD,152,379,4651208,152,150,1,0,0,0,619939,588542,0,0,1,1,152,284032706,92606945,29522528,15454259,1091872067,0,1,0,0,0,1,1,2,2,1,0,2,0
382229693,READY,154,380,4663412,152,150,1,0,0,0,621347,588542,0,0,1,1,152,284959324,92606945,29522528,15543315,1091872067,0,1,0,0,0,1,1,2,2,1,0,2,0
382289964,FIELD,152,380,4663413,152,150,1,0,0,0,621437,588542,0,0,1,1,152,284959325,92667214,29522528,15543315,1091904835,1,1,0,0,0,1,1,2,2,1,0,2,0
383292871,FIELD,152,381,4663413,152,150,1,1,0,0,622942,588542,0,0,1,1,152,284959325,93670121,29522528,15543315,1091904835,1,1,0,0,0,1,1,2,2,1,0,2,0
383292872,SELECT,150,382,4663413,150,153,0,0,0,0,622942,588542,0,1,0,1,152,284959325,93670122,29522528,15543315,1125459203,1,1,0,0,0,1,1,2,0,1,0,2,0
383292873,START,155,382,4663414,150,154,1,0,0,0,622942,588542,0,1,0,1,153,284959325,93670123,29522528,15543315,1073742409,1,0,0,0,0,1,1,2,0,1,0,2,0
383376764,PUBLISH,150,382,4664976,150,154,1,0,0,0,623068,588542,0,1,0,1,153,285041653,93670123,29522528,15546993,1073742925,0,1,0,0,0,1,1,2,0,1,0,2,0
384291964,FIELD,150,382,4679112,150,154,1,0,0,0,624440,588542,0,1,0,1,153,285942717,93670123,29522528,15636265,1073742925,0,1,0,0,0,1,1,2,0,1,0,2,0
385276036,READY,155,383,4691148,150,154,1,0,0,0,625917,588542,0,1,0,1,153,286914753,93670123,29522528,15719086,1073742925,0,1,0,0,0,1,1,2,0,1,0,2,0
385276198,START,156,383,4691310,150,154,1,0,0,0,625917,588542,0,1,0,1,153,286914754,93670123,29522528,15719086,1073742937,1,1,0,0,0,1,1,2,0,1,0,2,0
385294871,FIELD,150,383,4691808,150,154,1,1,0,0,625945,588542,0,1,0,1,153,286932928,93670123,29522528,15720157,1073744987,0,1,0,0,0,1,1,2,0,1,0,2,0
385294872,SELECT,154,384,4691808,154,155,1,0,0,0,625945,588542,0,1,1,1,153,286932929,93670123,29522528,15720157,1073745267,0,1,0,0,0,1,1,2,0,1,0,2,0
385378764,PUBLISH,154,384,4693942,154,155,1,0,0,0,626071,588542,0,1,1,1,154,287014687,93670123,29522528,15721007,1073745267,0,1,0,0,0,1,1,2,0,1,0,2,0
386293964,FIELD,154,384,4726159,154,155,1,0,0,0,627443,588542,0,1,1,1,154,287897670,93670123,29522528,15752149,1073745267,0,1,0,0,0,1,1,2,0,1,0,2,0
387296871,FIELD,154,385,4758711,154,155,1,0,0,0,628948,588542,0,1,1,1,154,288868025,93670123,29522528,15784519,1073745267,0,1,0,0,0,1,1,2,0,1,0,2,0
387540395,PTS,14,386,4764979,154,155,1,0,0,0,629313,588542,0,1,1,1,154,289105282,93670123,29522528,15791636,1073745267,1,1,0,0,0,1,1,2,0,1,0,2,0
387578230,START,157,386,4766234,154,155,1,0,0,0,629370,588542,0,1,1,1,154,289141862,93670123,29522528,15793215,1073745267,1,1,0,0,0,1,1,2,0,1,0,2,0
387578231,READY,156,386,4766234,154,155,1,0,0,0,629370,588542,0,1,1,1,154,289141862,93670123,29522528,15793215,1073745267,1,1,0,0,0,1,1,0,0,1,0,2,0
388295964,FIELD,154,386,4766234,154,155,1,1,0,0,630446,588542,0,1,1,1,154,289141862,94387856,29522528,15793215,1140856179,1,1,0,0,0,1,1,0,0,2,0,2,0
388295965,SELECT,155,387,4766234,155,153,1,0,0,0,630446,588542,0,0,0,1,154,289141862,94387857,29522528,15793215,1140856131,1,1,0,0,0,1,1,0,0,2,0,2,0
388383671,PUBLISH,155,387,4767628,155,153,1,0,0,0,630578,588542,0,0,0,1,155,289228173,94387858,29522528,15797355,1091872067,0,1,0,0,0,1,1,0,0,2,0,2,0
389298871,FIELD,155,387,4781120,155,153,1,0,0,0,631951,588542,0,0,0,1,155,290129881,94387858,29522528,15897058,1091872067,0,1,0,0,0,1,1,0,0,2,0,2,0
390257768,READY,157,388,4793424,155,153,1,0,0,0,633389,588542,0,0,0,1,155,291076474,94387858,29522528,15975759,1091872067,0,1,0,0,0,1,1,0,0,2,0,2,0
390297964,FIELD,155,388,4793425,155,153,1,1,0,0,633449,588542,0,0,0,1,155,291076475,94428052,29522528,15975759,1091904835,1,1,0,0,0,1,1,0,0,2,0,2,0
390297965,SELECT,153,389,4793425,153,156,0,0,0,0,633449,588542,0,0,1,1,155,291076475,94428053,29522528,15975759,1125459203,1,1,0,0,0,1,1,0,1,2,0,2,0
390297966,START,158,389,4793426,153,157,1,0,1,0,633449,588542,0,0,1,1,156,291076475,94428054,29522528,15975759,1073742409,1,0,0,0,0,1,1,0,1,2,0,2,0
390385671,PUBLISH,153,389,4794756,153,157,1,0,1,0,633581,588542,0,0,1,1,156,291162849,94428054,29522528,15979773,1073742925,0,1,0,0,0,1,1,0,1,2,0,2,0
391300871,FIELD,153,389,4809410,153,157,1,0,1,1,634954,588542,0,0,1,1,156,292063395,94428054,29522528,16078432,1073742925,0,1,0,0,0,1,1,0,1,2,0,2,0
392172313,READY,158,390,4820072,153,157,1,0,1,1,636261,588542,0,0,1,1,156,292924175,94428054,29522528,16150068,1073742925,0,1,0,0,0,1,1,0,1,2,0,2,0
392172315,START,159,390,4820074,153,157,1,0,1,1,636261,588542,0,0,1,1,156,292924176,94428054,29522528,16150068,1073742937,1,1,0,0,0,1,1,0,1,2,0,2,0
392299964,FIELD,153,390,4822432,153,157,1,0,1,1,636452,588542,0,0,1,1,156,293049466,94428054,29522528,16151801,1073744987,0,1,0,0,0,1,1,0,1,2,0,2,0
393302871,FIELD,153,391,4845102,153,157,1,1,1,1,637957,588542,0,0,1,1,156,294029703,94428054,29522528,16172843,1073744987,0,1,0,0,0,1,1,0,1,2,0,2,0
393302872,SELECT,157,392,4845102,157,158,1,0,0,0,637957,633587,1,1,0,1,156,294029704,94428054,29522528,16172843,1073745267,0,1,0,0,0,1,1,0,1,2,0,2,0
393386764,PUBLISH,157,392,4846688,157,158,1,0,0,0,638083,633587,1,1,0,1,157,294112010,94428054,29522528,16173383,1073745267,0,1,0,0,0,1,1,0,1,2,0,2,0
394301964,FIELD,157,392,4868168,157,158,1,0,0,0,639455,633587,1,1,0,1,157,295005730,94428054,29522528,16196714,1073745267,0,1,0,0,0,1,1,0,1,2,0,2,0
394801476,READY,159,393,4876865,157,158,1,0,0,0,640205,633587,1,1,0,1,157,295496546,94428054,29522528,16208090,1073745267,1,1,0,0,0,1,1,1,1,2,0,2,0
395304871,FIELD,157,393,4876865,157,158,1,1,0,0,640960,633587,1,1,0,1,157,295496546,94931448,29522528,16208090,1140856179,1,1,0,0,0,1,1,1,1,0,0,2,0
395304872,START,160,394,4876866,158,156,1,0,0,0,640960,633587,0,1,1,1,157,295496546,94931449,29522528,16208090,1140856131,1,1,0,0,0,1,1,1,1,0,0,2,0
395304872,SELECT,158,394,4876866,158,156,1,0,0,0,640960,633587,0,1,1,1,157,295496546,94931449,29522528,16208090,1140856131,1,1,0,0,0,1,1,1,1,0,0,2,0
395388764,PUBLISH,158,394,4878204,158,156,1,0,0,0,641086,633587,0,1,1,1,158,295579099,94931449,29522528,16212222,1091872067,0,1,0,0,0,1,1,1,1,0,0,2,0
396303964,FIELD,158,394,4893040,158,156,1,0,0,0,642458,633587,0,1,1,1,158,296479463,94931449,29522528,16311920,1091872067,0,1,0,0,0,1,1,1,1,0,0,2,0
397183416,READY,160,395,4904560,158,156,1,0,0,0,643778,633587,0,1,1,1,158,297347395,94931449,29522528,16378732,1091872067,0,1,0,0,0,1,1,1,1,0,0,2,0
397306871,FIELD,158,395,4904561,158,156,1,0,0,0,643963,633587,0,1,1,1,158,297347396,95054902,29522528,16378732,1091904835,1,1,0,0,0,1,1,1,1,0,0,2,0
398305964,FIELD,158,396,4904561,158,156,1,1,0,0,645461,633587,0,1,1,1,158,297347396,96053995,29522528,16378732,1091904835,1,1,0,0,0,1,1,1,1,0,0,2,0
398305965,SELECT,156,397,4904561,156,159,0,0,0,0,645461,588542,0,0,0,1,158,297347396,96053996,29522528,16378732,1125459203,1,1,0,0,0,1,1,1,2,0,0,2,0
398305966,START,161,397,4904562,156,160,1,0,0,0,645461,588542,0,0,0,1,159,297347396,96053997,29522528,16378732,1073742409,1,0,0,0,0,1,1,1,2,0,0,2,0
398393671,PUBLISH,156,397,4905948,156,160,1,0,0,0,645593,588542,0,0,0,1,159,297433714,96053997,29522528,16382400,1073742925,0,1,0,0,0,1,1,1,2,0,0,2,0
399308871,FIELD,156,397,4920568,156,160,1,0,0,0,646966,588542,0,0,0,1,159,298334294,96053997,29522528,16478883,1073742925,0,1,0,0,0,1,1,1,2,0,0,2,0
400220801,READY,161,398,4932444,156,160,1,0,0,0,648334,588542,0,0,0,1,159,299234348,96053997,29522528,16542932,1073742925,0,1,0,0,0,1,1,1,2,0,0,2,0
400220803,START,162,398,4932446,156,160,1,0,0,0,648334,588542,0,0,0,1,159,299234349,96053997,29522528,16542932,1073742937,1,1,0,0,0,1,1,1,2,0,0,2,0
400307964,FIELD,156,398,4934740,156,160,1,1,0,0,648464,588542,0,0,0,1,159,299319215,96053997,29522528,16545221,1073744987,0,1,0,0,0,1,1,1,2,0,0,2,0
400307965,SELECT,160,399,4934740,160,161,1,0,0,0,648464,633587,0,0,1,1,159,299319216,96053997,29522528,16545221,1073745267,0,1,0,0,0,1,1,1,2,0,0,2,0
400395671,PUBLISH,160,399,4936512,160,161,1,0,0,0,648596,633587,0,0,1,1,160,299405150,96053997,29522528,16546110,1073745267,0,1,0,0,0,1,1,1,2,0,0,2,0
401310871,FIELD,160,399,4956664,160,161,1,0,0,0,649969,633587,0,0,1,1,160,300300198,96053997,29522528,16566517,1073745267,0,1,0,0,0,1,1,1,2,0,0,2,0
402309964,FIELD,160,400,4981740,160,161,1,0,0,0,651467,633587,0,0,1,1,160,301274215,96053997,29522528,16586800,1073745267,0,1,0,0,0,1,1,1,2,0,0,2,0
402953186,READY,162,401,4995525,160,161,1,0,0,0,652432,633587,0,0,1,1,160,301903653,96053997,29522528,16601453,1073745267,1,1,0,0,0,1,1,2,2,0,0,2,0
403312871,FIELD,160,401,4995525,160,161,1,1,0,0,652972,633587,0,0,1,1,160,301903653,96413681,29522528,16601453,1140856179,1,1,0,0,0,1,1,2,2,1,0,2,0
403312872,START,163,402,4995526,161,159,1,0,0,0,652972,633587,0,1,0,1,160,301903653,96413682,29522528,16601453,1140856131,1,1,0,0,0,1,1,2,2,1,0,2,0
403312872,SELECT,161,402,4995526,161,159,1,0,0,0,652972,633587,0,1,0,1,160,301903653,96413682,29522528,16601453,1140856131,1,1,0,0,0,1,1,2,2,1,0,2,0
403396764,PUBLISH,161,402,4996956,161,159,1,0,0,0,653098,633587,0,1,0,1,161,301986114,96413682,29522528,16605626,1091872067,0,1,0,0,0,1,1,2,2,1,0,2,0
404311965,FIELD,161,402,5010384,161,159,1,0,0,0,654470,633587,0,1,0,1,161,302887887,96413682,29522528,16704215,1091872067,0,1,0,0,0,1,1,2,2,1,0,2,0
405314871,FIELD,161,403,5026180,161,159,1,1,0,0,655975,633587,0,1,0,1,161,303874997,96413682,29522528,16777545,1091872067,0,1,0,0,0,1,1,2,2,1,0,2,0
405314872,SELECT,159,404,5026180,159,162,0,0,0,0,655975,633587,0,1,1,1,161,303874998,96413682,29522528,16777545,1125426435,0,1,0,0,0,1,1,2,0,1,0,2,0
405316816,READY,163,404,5026180,159,162,0,0,0,0,655978,633587,0,1,1,0,162,303876942,96413682,29522528,16778015,1125426435,0,1,0,0,0,1,1,2,0,1,0,2,0
405316819,START,164,404,5026182,159,163,1,0,0,0,655978,633587,0,1,1,0,162,303876943,96413683,29522528,16778015,1073742409,1,1,0,0,0,1,1,2,0,1,0,2,0
405398764,PUBLISH,159,404,5027568,159,163,1,0,0,0,656101,633587,0,1,1,1,162,303957501,96413683,29522528,16782119,1073742925,0,1,0,0,0,1,1,2,0,1,0,2,0
406313965,FIELD,159,404,5041316,159,163,1,0,0,0,657473,633587,0,1,1,1,162,304858954,96413683,29522528,16879848,1073742925,0,1,0,0,0,1,1,2,0,1,0,2,0
407316871,FIELD,159,405,5057816,159,163,1,0,0,0,658978,633587,0,1,1,1,162,305845360,96413683,29522528,16945401,1073742925,0,1,0,0,0,1,1,2,0,1,0,2,0
407375129,READY,164,406,5057900,159,163,1,0,0,0,659065,633587,0,1,1,1,162,305903534,96413683,29522528,16950214,1073742925,0,1,0,0,0,1,1,2,0,1,0,2,0
407375131,START,165,406,5057902,159,163,1,0,0,0,659065,633587,0,1,1,1,162,305903535,96413683,29522528,16950214,1073742937,1,1,0,0,0,1,1,2,0,1,0,2,0
408315965,FIELD,159,406,5078440,159,163,1,1,0,0,660476,633587,0,1,1,1,162,306823830,96413683,29522528,16972439,1073744987,0,1,0,0,0,1,1,2,0,1,0,2,0
408315966,SELECT,163,407,5078440,163,164,1,0,0,0,660476,633587,0,0,0,1,162,306823831,96413683,29522528,16972439,1073745267,0,1,0,0,0,1,1,2,0,1,0,2,0
408403671,PUBLISH,163,407,5080484,163,164,1,0,0,0,660608,633587,0,0,0,1,163,306909492,96413683,29522528,16972896,1073745267,0,1,0,0,0,1,1,2,0,1,0,2,0
409318871,FIELD,163,407,5104776,163,164,1,0,0,0,661981,633587,0,0,0,1,163,307800401,96413683,29522528,16992334,1073745267,1,1,0,0,0,1,1,2,0,1,0,2,0
410199498,READY,165,408,5126709,163,164,1,0,0,0,663302,633587,0,0,0,1,163,308659095,96413683,29522528,17010883,1073745267,1,1,0,0,0,1,1,0,0,1,0,2,0
410317965,FIELD,163,408,5126709,163,164,1,1,0,0,663479,633587,0,0,0,1,163,308659095,96532149,29522528,17010883,1140856179,1,1,0,0,0,1,1,0,0,2,0,2,0
410317966,START,166,409,5126710,164,162,1,0,0,0,663479,633587,0,0,1,1,163,308659095,96532150,29522528,17010883,1140856131,1,1,0,0,0,1,1,0,0,2,0,2,0
410317966,SELECT,164,409,5126710,164,162,1,0,0,0,663479,633587,0,0,1,1,163,308659095,96532150,29522528,17010883,1140856131,1,1,0,0,0,1,1,0,0,2,0,2,0
410405671,PUBLISH,164,409,5127984,164,162,1,0,0,0,663611,633587,0,0,1,1,164,308745525,96532150,29522528,17014827,1091872067,0,1,0,0,0,1,1,0,0,2,0,2,0
411320871,FIELD,164,409,5142032,164,162,1,0,0,0,664984,633587,0,0,1,1,164,309646677,96532150,29522528,17113188,1091872067,0,1,0,0,0,1,1,0,0,2,0,2,0
412319965,FIELD,164,410,5160620,164,162,1,0,0,0,666482,633587,0,0,1,1,164,310627183,96532150,29522528,17190593,1091872067,0,1,0,0,0,1,1,0,0,2,0,2,0
412427886,READY,166,411,5161248,164,162,1,0,0,0,666644,633587,0,0,1,1,164,310734476,96532150,29522528,17197052,1091872067,0,1,0,0,0,1,1,0,0,2,0,2,0
413322871,FIELD,164,411,5161249,164,162,1,1,0,0,667987,633587,0,0,1,1,164,310734477,97427133,29522528,17197052,1091904835,1,1,0,0,0,1,1,0,0,2,0,2,0
413322872,SELECT,162,412,5161249,162,165,0,0,0,0,667987,633587,0,1,0,1,164,310734477,97427134,29522528,17197052,1125459203,1,1,0,0,0,1,1,0,1,2,0,2,0
413322873,START,167,412,5161250,162,166,1,0,0,0,667987,633587,0,1,0,1,165,310734477,97427135,29522528,17197052,1073742409,1,0,0,0,0,1,1,0,1,2,0,2,0
413406765,PUBLISH,162,412,5162580,162,166,1,0,0,0,668113,633587,0,1,0,1,165,310817038,97427135,29522528,17201350,1073742925,0,1,0,0,0,1,1,0,1,2,0,2,0
414321965,FIELD,162,412,5176596,162,166,1,0,0,0,669485,633587,0,1,0,1,165,311718222,97427135,29522528,17299267,1073742925,0,1,0,0,0,1,1,0,1,2,0,2,0
415324871,FIELD,162,413,5195162,162,166,1,1,0,0,670990,633587,0,1,0,1,165,312702562,97427135,29522528,17370766,1073742925,0,1,0,0,0,1,1,0,1,2,0,2,0
415324872,SELECT,166,414,5195162,166,165,0,0,0,0,670990,633587,0,1,1,1,165,312702563,97427135,29522528,17370766,1073743205,0,1,0,0,0,1,1,0,1,2,0,2,0
415408765,PUBLISH,166,414,5196432,166,165,0,0,0,0,671116,633587,0,1,1,1,166,312785186,97427135,29522528,17376615,1073743205,0,1,0,0,0,1,1,0,1,2,0,2,0
415464552,READY,167,414,5196432,166,165,0,0,0,0,671199,633587,0,1,1,1,166,312840973,97427135,29522528,17383722,1073743205,0,1,0,0,0,1,1,0,1,2,0,2,0
415464714,START,168,414,5196594,166,167,1,0,0,0,671200,633587,0,1,1,1,166,312840974,97427135,29522528,17383722,1073743217,1,1,0,0,0,1,1,0,1,2,0,2,0
416323965,FIELD,166,414,5223244,166,167,1,0,0,0,672488,633587,0,1,1,1,166,313673574,97427135,29522528,17413690,1073745267,0,1,0,0,0,1,1,0,1,2,0,2,0
417326871,FIELD,166,415,5254346,166,167,1,0,0,0,673993,633587,0,1,1,1,166,314645378,97427135,29522528,17446311,1073745267,0,1,0,0,0,1,1,0,1,2,0,2,0
417669606,PTS,15,416,5264749,166,167,1,0,0,0,674507,633587,0,1,1,1,166,314977711,97427135,29522528,17455304,1073745267,1,1,0,0,0,1,1,0,1,2,0,2,0
417723559,START,169,416,5266726,166,167,1,0,0,0,674588,633587,0,1,1,1,166,315029687,97427135,29522528,17457453,1073745267,1,1,0,0,0,1,1,0,1,2,0,2,0
417723560,READY,168,416,5266726,166,167,1,0,0,0,674588,633587,0,1,1,1,166,315029687,97427135,29522528,17457453,1073745267,1,1,0,0,0,1,1,1,1,2,0,2,0
418325965,FIELD,166,416,5266726,166,167,1,1,0,0,675491,633587,0,1,1,1,166,315029687,98029540,29522528,17457453,1140856179,1,1,0,0,0,1,1,1,1,0,0,2,0
418325966,SELECT,167,417,5266726,167,165,1,0,0,0,675491,633587,0,0,0,1,166,315029687,98029541,29522528,17457453,1140856131,1,1,0,0,0,1,1,1,1,0,0,2,0
418413671,PUBLISH,167,417,5268288,167,165,1,0,0,0,675623,633587,0,0,0,1,167,315115829,98029542,29522528,17462988,1091872067,0,1,0,0,0,1,1,1,1,0,0,2,0
419328871,FIELD,167,417,5279748,167,165,1,0,0,0,676996,633587,0,0,0,1,167,316019569,98029542,29522528,17569711,1091872067,0,1,0,0,0,1,1,1,1,0,0,2,0
420151321,READY,169,418,5292156,167,165,1,0,0,0,678229,633587,0,0,0,1,167,316829611,98029542,29522528,17645504,1091872067,0,1,0,0,0,1,1,1,1,0,0,2,0
420327965,FIELD,167,418,5292157,167,165,1,1,0,0,678494,633587,0,0,0,1,167,316829612,98206184,29522528,17645504,1091904835,1,1,0,0,0,1,1,1,1,0,0,2,0
420327966,SELECT,165,419,5292157,165,168,0,0,0,0,678494,633587,0,0,1,1,167,316829612,98206185,29522528,17645504,1125459203,1,1,0,0,0,1,1,1,2,0,0,2,0
420327967,START,170,419,5292158,165,169,1,0,1,0,678494,633587,0,0,1,1,168,316829612,98206186,29522528,17645504,1073742409,1,0,0,0,0,1,1,1,2,0,0,2,0
420415671,PUBLISH,165,419,5293768,165,169,1,0,1,0,678626,633587,0,0,1,1,168,316915705,98206186,29522528,17651617,1073742925,0,1,0,0,0,1,1,1,2,0,0,2,0
421330871,FIELD,165,419,5304700,165,169,1,0,1,1,679999,633587,0,0,1,1,168,317819973,98206186,29522528,17761373,1073742925,0,1,0,0,0,1,1,1,2,0,0,2,0
422118864,READY,170,420,5317364,165,169,1,0,1,1,681181,633587,0,0,1,1,168,318595302,98206186,29522528,17830832,1073742925,0,1,0,0,0,1,1,1,2,0,0,2,0
422118866,START,171,420,5317366,165,169,1,0,1,1,681181,633587,0,0,1,1,168,318595303,98206186,29522528,17830832,1073742937,1,1,0,0,0,1,1,1,2,0,0,2,0
422329965,FIELD,165,420,5321568,165,169,1,0,1,1,681497,633587,0,0,1,1,168,318802199,98206186,29522528,17834356,1073744987,0,1,0,0,0,1,1,1,2,0,0,2,0
423332871,FIELD,165,421,5342016,165,169,1,1,1,1,683002,633587,0,0,1,1,168,319784657,98206186,29522528,17855636,1073744987,0,1,0,0,0,1,1,1,2,0,0,2,0
423332872,SELECT,169,422,5342016,169,170,1,0,0,0,683002,678632,1,1,0,1,168,319784658,98206186,29522528,17855636,1073745267,0,1,0,0,0,1,1,1,2,0,0,2,0
423416765,PUBLISH,169,422,5343936,169,170,1,0,0,0,683128,678632,1,1,0,1,169,319866631,98206186,29522528,17856130,1073745267,0,1,0,0,0,1,1,1,2,0,0,2,0
424331965,FIELD,169,422,5367216,169,170,1,0,0,0,684500,678632,1,1,0,1,169,320758551,98206186,29522528,17878055,1073745267,0,1,0,0,0,1,1,1,2,0,0,2,0
424741889,READY,171,423,5375909,169,170,1,0,0,0,685115,678632,1,1,0,1,169,321159783,98206186,29522528,17887889,1073745267,1,1,0,0,0,1,1,2,2,0,0,2,0
425334871,FIELD,169,423,5375909,169,170,1,1,0,0,686005,678632,1,1,0,1,169,321159783,98799167,29522528,17887889,1140856179,1,1,0,0,0,1,1,2,2,1,0,2,0
425334872,START,172,424,5375910,170,168,1,0,0,0,686005,678632,0,1,1,1,169,321159783,98799168,29522528,17887889,1140856131,1,1,0,0,0,1,1,2,2,1,0,2,0
425334872,SELECT,170,424,5375910,170,168,1,0,0,0,686005,678632,0,1,1,1,169,321159783,98799168,29522528,17887889,1140856131,1,1,0,0,0,1,1,2,2,1,0,2,0
425418765,PUBLISH,170,424,5376868,170,168,1,0,0,0,686131,678632,0,1,1,1,170,321242717,98799168,29522528,17891657,1091872067,0,1,0,0,0,1,1,2,2,1,0,2,0
426333965,FIELD,170,424,5389528,170,168,1,0,0,0,687503,678632,0,1,1,1,170,322145257,98799168,29522528,17996710,1091872067,0,1,0,0,0,1,1,2,2,1,0,2,0
427198392,READY,172,425,5403188,170,168,1,0,0,0,688800,678632,0,1,1,1,170,322996024,98799168,29522528,18081600,1091872067,0,1,0,0,0,1,1,2,2,1,0,2,0
427336871,FIELD,170,425,5403189,170,168,1,0,0,0,689008,678632,0,1,1,1,170,322996025,98937645,29522528,18081600,1091904835,1,1,0,0,0,1,1,2,2,1,0,2,0
428335965,FIELD,170,426,5403189,170,168,1,1,0,0,690506,678632,0,1,1,1,170,322996025,99936739,29522528,18081600,1091904835,1,1,0,0,0,1,1,2,2,1,0,2,0
428335966,SELECT,168,427,5403189,168,171,0,0,0,0,690506,633587,0,0,0,1,170,322996025,99936740,29522528,18081600,1125459203,1,1,0,0,0,1,1,2,0,1,0,2,0
428335967,START,173,427,5403190,168,172,1,0,0,0,690506,633587,0,0,0,1,171,322996025,99936741,29522528,18081600,1073742409,1,0,0,0,0,1,1,2,0,1,0,2,0
428423671,PUBLISH,168,427,5404228,168,172,1,0,0,0,690638,633587,0,0,0,1,171,323082690,99936741,29522528,18085297,1073742925,0,1,0,0,0,1,1,2,0,1,0,2,0
429338871,FIELD,168,427,5416440,168,172,1,0,0,0,692011,633587,0,0,0,1,171,323985678,99936741,29522528,18189649,1073742925,0,1,0,0,0,1,1,2,0,1,0,2,0
430247705,READY,173,428,5431400,168,172,1,0,0,0,693374,633587,0,0,0,1,171,324879552,99936741,29522528,18273341,1073742925,0,1,0,0,0,1,1,2,0,1,0,2,0
430247707,START,174,428,5431402,168,172,1,0,0,0,693374,633587,0,0,0,1,171,324879553,99936741,29522528,18273341,1073742937,1,1,0,0,0,1,1,2,0,1,0,2,0
430337965,FIELD,168,428,5433744,168,172,1,1,0,0,693509,633587,0,0,0,1,171,324967468,99936741,29522528,18275006,1073744987,0,1,0,0,0,1,1,2,0,1,0,2,0
430337966,SELECT,172,429,5433744,172,173,1,0,0,0,693509,678632,0,0,1,1,171,324967469,99936741,29522528,18275006,1073745267,0,1,0,0,0,1,1,2,0,1,0,2,0
430425671,PUBLISH,172,429,5435244,172,173,1,0,0,0,693641,678632,0,0,1,1,172,325053674,99936741,29522528,18275536,1073745267,0,1,0,0,0,1,1,2,0,1,0,2,0
431340872,FIELD,172,429,5453996,172,173,1,0,0,0,695014,678632,0,0,1,1,172,325950123,99936741,29522528,18296476,1073745267,0,1,0,0,0,1,1,2,0,1,0,2,0
432339965,FIELD,172,430,5480540,172,173,1,0,0,0,696512,678632,0,0,1,1,172,326922672,99936741,29522528,18315137,1073745267,0,1,0,0,0,1,1,2,0,1,0,2,0
433026010,READY,174,431,5498169,172,173,1,0,0,0,697542,678632,0,0,1,1,172,327591089,99936741,29522528,18330325,1073745267,1,1,0,0,0,1,1,0,0,1,0,2,0
433342872,FIELD,172,431,5498169,172,173,1,1,0,0,698017,678632,0,0,1,1,172,327591089,100253602,29522528,18330325,1140856179,1,1,0,0,0,1,1,0,0,2,0,2,0
433342873,START,175,432,5498170,173,171,1,0,0,0,698017,678632,0,1,0,1,172,327591089,100253603,29522528,18330325,1140856131,1,1,0,0,0,1,1,0,0,2,0,2,0
433342873,SELECT,173,432,5498170,173,171,1,0,0,0,698017,678632,0,1,0,1,172,327591089,100253603,29522528,18330325,1140856131,1,1,0,0,0,1,1,0,0,2,0,2,0
433426765,PUBLISH,173,432,5499296,173,171,1,0,0,0,698143,678632,0,1,0,1,173,327673854,100253603,29522528,18333808,1091872067,0,1,0,0,0,1,1,0,0,2,0,2,0
434341965,FIELD,173,432,5511232,173,171,1,0,0,0,699515,678632,0,1,0,1,173,328577118,100253603,29522528,18437756,1091872067,0,1,0,0,0,1,1,0,0,2,0,2,0
435274856,READY,175,433,5527924,173,171,1,0,0,0,700915,678632,0,1,0,1,173,329493317,100253603,29522528,18530816,1091872067,0,1,0,0,0,1,1,0,0,2,0,2,0
435344872,FIELD,173,433,5527925,173,171,1,1,0,0,701020,678632,0,1,0,1,173,329493318,100323617,29522528,18530816,1091904835,1,1,0,0,0,1,1,0,0,2,0,2,0
435344873,SELECT,171,434,5527925,171,174,0,0,0,0,701020,678632,0,1,1,1,173,329493318,100323618,29522528,18530816,1125459203,1,1,0,0,0,1,1,0,1,2,0,2,0
435344874,START,176,434,5527926,171,175,1,0,0,0,701020,678632,0,1,1,1,174,329493318,100323619,29522528,18530816,1073742409,1,0,0,0,0,1,1,0,1,2,0,2,0
435428765,PUBLISH,171,434,5529044,171,175,1,0,0,0,701146,678632,0,1,1,1,174,329576090,100323619,29522528,18535293,1073742925,0,1,0,0,0,1,1,0,1,2,0,2,0
436343965,FIELD,171,434,5541534,171,175,1,0,0,0,702518,678632,0,1,1,1,174,330478800,100323619,29522528,18646690,1073742925,0,1,0,0,0,1,1,0,1,2,0,2,0
437248878,READY,176,435,5557836,171,175,1,0,0,0,703876,678632,0,1,1,1,174,331367411,100323619,29522528,18730974,1073742925,0,1,0,0,0,1,1,0,1,2,0,2,0
437248880,START,177,435,5557838,171,175,1,0,0,0,703876,678632,0,1,1,1,174,331367412,100323619,29522528,18730974,1073742937,1,1,0,0,0,1,1,0,1,2,0,2,0
437346872,FIELD,171,435,5560272,171,175,1,0,0,0,704023,678632,0,1,1,1,174,331462969,100323619,29522528,18733219,1073744987,0,1,0,0,0,1,1,0,1,2,0,2,0
438345965,FIELD,171,436,5583524,171,175,1,1,0,0,705521,678632,0,1,1,1,174,332438810,100323619,29522528,18753978,1073744987,0,1,0,0,0,1,1,0,1,2,0,2,0
438345966,SELECT,175,437,5583524,175,176,1,0,0,0,705521,678632,0,0,0,1,174,332438811,100323619,29522528,18753978,1073745267,0,1,0,0,0,1,1,0,1,2,0,2,0
438433671,PUBLISH,175,437,5586172,175,176,1,0,0,0,705653,678632,0,0,0,1,175,332523868,100323619,29522528,18754834,1073745267,0,1,0,0,0,1,1,0,1,2,0,2,0
439348872,FIELD,175,437,5612248,175,176,1,0,0,0,707026,678632,0,0,0,1,175,333412993,100323619,29522528,18773854,1073745267,0,1,0,0,0,1,1,0,1,2,0,2,0
440161461,READY,177,438,5633509,175,176,1,0,0,0,708245,678632,0,0,0,1,175,334204322,100323619,29522528,18791409,1073745267,1,1,0,0,0,1,1,1,1,2,0,2,0
440347965,FIELD,175,438,5633509,175,176,1,1,0,0,708524,678632,0,0,0,1,175,334204322,100510122,29522528,18791409,1140856179,1,1,0,0,0,1,1,1,1,0,0,2,0
440347966,START,178,439,5633510,176,174,1,0,0,0,708524,678632,0,0,1,1,175,334204322,100510123,29522528,18791409,1140856131,1,1,0,0,0,1,1,1,1,0,0,2,0
440347966,SELECT,176,439,5633510,176,174,1,0,0,0,708524,678632,0,0,1,1,175,334204322,100510123,29522528,18791409,1140856131,1,1,0,0,0,1,1,1,1,0,0,2,0
440435672,PUBLISH,176,439,5634712,176,174,1,0,0,0,708656,678632,0,0,1,1,176,334290825,100510123,29522528,18795761,1091872067,0,1,0,0,0,1,1,1,1,0,0,2,0
441350872,FIELD,176,439,5646680,176,174,1,0,0,0,710029,678632,0,0,1,1,176,335194057,100510123,29522528,18899206,1091872067,0,1,0,0,0,1,1,1,1,0,0,2,0
442349965,FIELD,176,440,5665148,176,174,1,0,0,0,711527,678632,0,0,1,1,176,336174682,100510123,29522528,18990877,1091872067,0,1,0,0,0,1,1,1,1,0,0,2,0
442437736,READY,178,441,5666336,176,174,1,0,0,0,711659,678632,0,0,1,1,176,336261265,100510123,29522528,18999110,1091872067,0,1,0,0,0,1,1,1,1,0,0,2,0
443352872,FIELD,176,441,5666337,176,174,1,1,0,0,713032,678632,0,0,1,1,176,336261266,101425257,29522528,18999110,1091904835,1,1,0,0,0,1,1,1,1,0,0,2,0
443352873,SELECT,174,442,5666337,174,177,0,0,0,0,713032,678632,0,1,0,1,176,336261266,101425258,29522528,18999110,1125459203,1,1,0,0,0,1,1,1,2,0,0,2,0
443352874,START,179,442,5666338,174,178,1,0,0,0,713032,678632,0,1,0,1,177,336261266,101425259,29522528,18999110,1073742409,1,0,0,0,0,1,1,1,2,0,0,2,0
443436765,PUBLISH,174,442,5667568,174,178,1,0,0,0,713158,678632,0,1,0,1,177,336343926,101425259,29522528,19002510,1073742925,0,1,0,0,0,1,1,1,2,0,0,2,0
444351965,FIELD,174,442,5680176,174,178,1,0,0,0,714530,678632,0,1,0,1,177,337246518,101425259,29522528,19110105,1073742925,0,1,0,0,0,1,1,1,2,0,0,2,0
445354872,FIELD,174,443,5699564,174,178,1,1,0,0,716035,678632,0,1,0,1,177,338230037,101425259,29522528,19195773,1073742925,0,1,0,0,0,1,1,1,2,0,0,2,0
445354873,SELECT,178,444,5699564,178,177,0,0,0,0,716035,678632,0,1,1,1,177,338230038,101425259,29522528,19195773,1073743205,0,1,0,0,0,1,1,1,2,0,0,2,0
445438765,PUBLISH,178,444,5700768,178,177,0,0,0,0,716161,678632,0,1,1,1,178,338312726,101425259,29522528,19201842,1073743205,0,1,0,0,0,1,1,1,2,0,0,2,0
445464168,READY,179,444,5700768,178,177,0,0,0,0,716199,678632,0,1,1,1,178,338338129,101425259,29522528,19205167,1073743205,0,1,0,0,0,1,1,1,2,0,0,2,0
445464330,START,180,444,5700930,178,179,1,0,0,0,716199,678632,0,1,1,1,178,338338130,101425259,29522528,19205167,1073743217,1,1,0,0,0,1,1,1,2,0,0,2,0
446353965,FIELD,178,444,5726159,178,179,1,0,0,0,717533,678632,0,1,1,1,178,339202535,101425259,29522528,19236615,1073745267,0,1,0,0,0,1,1,1,2,0,0,2,0
447356872,FIELD,178,445,5758003,178,179,1,0,0,0,719038,678632,0,1,1,1,178,340173598,101425259,29522528,19267891,1073745267,0,1,0,0,0,1,1,1,2,0,0,2,0
447679835,PTS,16,446,5768549,178,179,1,0,0,0,719522,678632,0,1,1,1,178,340486016,101425259,29522528,19276433,1073745267,1,1,0,0,0,1,1,1,2,0,0,2,0
447709181,START,181,446,5769526,178,179,1,0,0,0,719566,678632,0,1,1,1,178,340514385,101425259,29522528,19277727,1073745267,1,1,0,0,0,1,1,1,2,0,0,2,0
447709182,READY,180,446,5769526,178,179,1,0,0,0,719566,678632,0,1,1,1,178,340514385,101425259,29522528,19277727,1073745267,1,1,0,0,0,1,1,2,2,0,0,2,0
448355965,FIELD,178,446,5769526,178,179,1,1,0,0,720536,678632,0,1,1,1,178,340514385,102072042,29522528,19277727,1140856179,1,1,0,0,0,1,1,2,2,1,0,2,0
448355966,SELECT,179,447,5769526,179,177,1,0,0,0,720536,678632,0,0,0,1,178,340514385,102072043,29522528,19277727,1140856131,1,1,0,0,0,1,1,2,2,1,0,2,0
448443672,PUBLISH,179,447,5771020,179,177,1,0,0,0,720668,678632,0,0,0,1,179,340600596,102072044,29522528,19282092,1091872067,0,1,0,0,0,1,1,2,2,1,0,2,0
449358872,FIELD,179,447,5783076,179,177,1,0,0,0,722041,678632,0,0,0,1,179,341503740,102072044,29522528,19401794,1091872067,0,1,0,0,0,1,1,2,2,1,0,2,0
450231771,READY,181,448,5796368,179,177,1,0,0,0,723350,678632,0,0,0,1,179,342363347,102072044,29522528,19501570,1091872067,0,1,0,0,0,1,1,2,2,1,0,2,0
450357965,FIELD,179,448,5796369,179,177,1,1,0,0,723539,678632,0,0,0,1,179,342363348,102198236,29522528,19501570,1091904835,1,1,0,0,0,1,1,2,2,1,0,2,0
450357966,SELECT,177,449,5796369,177,180,0,0,0,0,723539,678632,0,0,1,1,179,342363348,102198237,29522528,19501570,1125459203,1,1,0,0,0,1,1,2,0,1,0,2,0
450357967,START,182,449,5796370,177,181,1,0,1,0,723539,678632,0,0,1,1,180,342363348,102198238,29522528,19501570,1073742409,1,0,0,0,0,1,1,2,0,1,0,2,0
450445672,PUBLISH,177,449,5797836,177,181,1,0,1,0,723671,678632,0,0,1,1,180,342449586,102198238,29522528,19505828,1073742925,0,1,0,0,0,1,1,2,0,1,0,2,0
451360872,FIELD,177,449,5810584,177,181,1,0,1,1,725044,678632,0,0,1,1,180,343352038,102198238,29522528,19618676,1073742925,0,1,0,0,0,1,1,2,0,1,0,2,0
452249448,READY,182,450,5823432,177,181,1,0,1,1,726377,678632,0,0,1,1,180,344227766,102198238,29522528,19712160,1073742925,0,1,0,0,0,1,1,2,0,1,0,2,0
452249450,START,183,450,5823434,177,181,1,0,1,1,726377,678632,0,0,1,1,180,344227767,102198238,29522528,19712160,1073742937,1,1,0,0,0,1,1,2,0,1,0,2,0
452359965,FIELD,177,450,5825688,177,181,1,0,1,1,726542,678632,0,0,1,1,180,344336027,102198238,29522528,19714055,1073744987,0,1,0,0,0,1,1,2,0,1,0,2,0
453362872,FIELD,177,451,5847984,177,181,1,1,1,1,728047,678632,0,0,1,1,180,345316638,102198238,29522528,19734582,1073744987,0,1,0,0,0,1,1,2,0,1,0,2,0
453362873,SELECT,181,452,5847984,181,182,1,0,0,0,728047,723677,1,1,0,1,180,345316639,102198238,29522528,19734582,1073745267,0,1,0,0,0,1,1,2,0,1,0,2,0
453446765,PUBLISH,181,452,5849668,181,182,1,0,0,0,728173,723677,1,1,0,1,181,345398847,102198238,29522528,19735356,1073745267,0,1,0,0,0,1,1,2,0,1,0,2,0
454361965,FIELD,181,452,5872896,181,182,1,0,0,0,729545,723677,1,1,0,1,181,346290819,102198238,29522528,19755727,1073745267,0,1,0,0,0,1,1,2,0,1,0,2,0
455007801,READY,183,453,5887201,181,182,1,0,0,0,730514,723677,1,1,0,1,181,346922351,102198238,29522528,19768727,1073745267,1,1,0,0,0,1,1,0,0,1,0,2,0
455364872,FIELD,181,453,5887201,181,182,1,1,0,0,731050,723677,1,1,0,1,181,346922351,102555308,29522528,19768727,1140856179,1,1,0,0,0,1,1,0,0,2,0,2,0
455364873,START,184,454,5887202,182,180,1,0,0,0,731050,723677,0,1,1,1,181,346922351,102555309,29522528,19768727,1140856131,1,1,0,0,0,1,1,0,0,2,0,2,0
455364873,SELECT,182,454,5887202,182,180,1,0,0,0,731050,723677,0,1,1,1,181,346922351,102555309,29522528,19768727,1140856131,1,1,0,0,0,1,1,0,0,2,0,2,0
455448765,PUBLISH,182,454,5888728,182,180,1,0,0,0,731176,723677,0,1,1,1,182,347004716,102555309,29522528,19772764,1091872067,0,1,0,0,0,1,1,0,0,2,0,2,0
456363965,FIELD,182,454,5901332,182,180,1,0,0,0,732548,723677,0,1,1,1,182,347907312,102555309,29522528,19874419,1091872067,0,1,0,0,0,1,1,0,0,2,0,2,0
457366872,FIELD,182,455,5916192,182,180,1,0,0,0,734053,723677,0,1,1,1,182,348895359,102555309,29522528,19994492,1091872067,0,1,0,0,0,1,1,0,0,2,0,2,0
457379561,READY,184,456,5916192,182,180,1,0,0,0,734072,723677,0,1,1,1,182,348908048,102555309,29522528,19995985,1091872067,0,1,0,0,0,1,1,0,0,2,0,2,0
458365965,FIELD,182,456,5916193,182,180,1,1,0,0,735551,723677,0,1,1,1,182,348908049,103541711,29522528,19995985,1091904835,1,1,0,0,0,1,1,0,0,2,0,2,0
458365966,SELECT,180,457,5916193,180,183,0,0,0,0,735551,678632,0,0,0,1,182,348908049,103541712,29522528,19995985,1125459203,1,1,0,0,0,1,1,0,1,2,0,2,0
458365967,START,185,457,5916194,180,184,1,0,0,0,735551,678632,0,0,0,1,183,348908049,103541713,29522528,19995985,1073742409,1,0,0,0,0,1,1,0,1,2,0,2,0
458453672,PUBLISH,180,457,5917660,180,184,1,0,0,0,735683,678632,0,0,0,1,183,348994287,103541713,29522528,19999180,1073742925,0,1,0,0,0,1,1,0,1,2,0,2,0
459368872,FIELD,180,457,5930536,180,184,1,0,0,0,737056,678632,0,0,0,1,183,349896611,103541713,29522528,20102967,1073742925,0,1,0,0,0,1,1,0,1,2,0,2,0
460367965,FIELD,180,458,5944932,180,184,1,1,0,0,738554,678632,0,0,0,1,183,350881308,103541713,29522528,20220456,1073742925,0,1,0,0,0,1,1,0,1,2,0,2,0
460367966,SELECT,184,459,5944932,184,183,0,0,0,0,738554,723677,0,0,1,1,183,350881309,103541713,29522528,20220457,1073743205,0,1,0,0,0,1,1,0,1,2,0,2,0
460397672,READY,185,459,5944932,184,183,0,0,0,0,738599,723677,0,0,1,0,184,350911015,103541713,29522528,20225042,1073743205,0,1,0,0,0,1,1,0,1,2,0,2,0
460397674,START,186,459,5944934,184,185,1,0,0,0,738599,723677,0,0,1,0,184,350911016,103541713,29522528,20225042,1073743217,1,1,0,0,0,1,1,0,1,2,0,2,0
460455672,PUBLISH,184,459,5947004,184,185,1,0,0,0,738686,723677,0,0,1,1,184,350966943,103541713,29522528,20225200,1073745267,0,1,0,0,0,1,1,0,1,2,0,2,0
461370872,FIELD,184,459,5968492,184,185,1,0,0,0,740059,723677,0,0,1,1,184,351860655,103541713,29522528,20246786,1073745267,0,1,0,0,0,1,1,0,1,2,0,2,0
462369965,FIELD,184,460,5992006,184,185,1,0,0,0,741557,723677,0,0,1,1,184,352836234,103541713,29522528,20267814,1073745267,0,1,0,0,0,1,1,0,1,2,0,2,0
463166614,READY,186,461,6010705,184,185,1,0,0,0,742752,723677,0,0,1,1,184,353614185,103541713,29522528,20285105,1073745267,1,1,0,0,0,1,1,1,1,2,0,2,0
463372872,FIELD,184,461,6010705,184,185,1,1,0,0,743062,723677,0,0,1,1,184,353614185,103747970,29522528,20285105,1140856179,1,1,0,0,0,1,1,1,1,0,0,2,0
463372873,START,187,462,6010706,185,183,1,0,0,0,743062,723677,0,1,0,1,184,353614185,103747971,29522528,20285105,1140856131,1,1,0,0,0,1,1,1,1,0,0,2,0
463372873,SELECT,185,462,6010706,185,183,1,0,0,0,743062,723677,0,1,0,1,184,353614185,103747971,29522528,20285105,1140856131,1,1,0,0,0,1,1,1,1,0,0,2,0
463456765,PUBLISH,185,462,6011754,185,183,1,0,0,0,743188,723677,0,1,0,1,185,353697029,103747971,29522528,20289011,1091872067,1,1,0,0,0,1,1,1,1,0,0,2,0
464371965,FIELD,185,462,6026070,185,183,1,0,0,0,744560,723677,0,1,0,1,185,354597913,103747971,29522528,20399280,1091872067,1,1,0,0,0,1,1,1,1,0,0,2,0
465374872,FIELD,185,463,6040348,185,183,1,1,0,0,746065,723677,0,1,0,1,185,355586541,103747971,29522528,20523382,1091872067,0,1,0,0,0,1,1,1,1,0,0,2,0
465374873,SELECT,183,464,6040348,183,186,0,0,0,0,746065,723677,0,1,1,1,185,355586542,103747971,29522528,20523382,1125426435,0,1,0,0,0,1,1,1,2,0,0,2,0
465410585,READY,187,464,6040348,183,186,0,0,0,0,746118,723677,0,1,1,0,186,355622254,103747971,29522528,20526849,1125426435,0,1,0,0,0,1,1,1,2,0,0,2,0
465410588,START,188,464,6040350,183,187,1,0,0,0,746118,723677,0,1,1,0,186,355622255,103747972,29522528,20526849,1073742409,1,1,0,0,0,1,1,1,2,0,0,2,0
465458765,PUBLISH,183,464,6041316,183,187,1,0,0,0,746191,723677,0,1,1,1,186,355669465,103747972,29522528,20529710,1073742925,0,1,0,0,0,1,1,1,2,0,0,2,0
466373965,FIELD,183,464,6054940,183,187,1,0,0,0,747563,723677,0,1,1,1,186,356571041,103747972,29522528,20644902,1073742925,0,1,0,0,0,1,1,1,2,0,0,2,0
467376872,FIELD,183,465,6070260,183,187,1,0,0,0,749068,723677,0,1,1,1,186,357558628,103747972,29522528,20765878,1073742925,0,1,0,0,0,1,1,1,2,0,0,2,0
467455848,READY,188,466,6070260,183,187,1,0,0,0,749186,723677,0,1,1,1,186,357637604,103747972,29522528,20774545,1073742925,0,1,0,0,0,1,1,1,2,0,0,2,0
467455850,START,189,466,6070262,183,187,1,0,0,0,749186,723677,0,1,1,1,186,357637605,103747972,29522528,20774545,1073742937,1,1,0,0,0,1,1,1,2,0,0,2,0
468375965,FIELD,183,466,6092872,183,187,1,1,0,0,750566,723677,0,1,1,1,186,358535109,103747972,29522528,20794943,1073744987,0,1,0,0,0,1,1,1,2,0,0,2,0
468375966,SELECT,187,467,6092872,187,188,1,0,0,0,750566,723677,0,0,0,1,186,358535110,103747972,29522528,20794943,1073745267,0,1,0,0,0,1,1,1,2,0,0,2,0
468463672,PUBLISH,187,467,6095196,187,188,1,0,0,0,750698,723677,0,0,0,1,187,358620492,103747972,29522528,20795468,1073745267,0,1,0,0,0,1,1,1,2,0,0,2,0
469378872,FIELD,187,467,6116120,187,188,1,0,0,0,752071,723677,0,0,0,1,187,359514768,103747972,29522528,20815039,1073745267,0,1,0,0,0,1,1,1,2,0,0,2,0
470316799,READY,189,468,6140557,187,188,1,0,0,0,753478,723677,0,0,0,1,187,360428259,103747972,29522528,20834450,1073745267,1,1,0,0,0,1,1,2,2,0,0,2,0
470377965,FIELD,187,468,6140557,187,188,1,1,0,0,753569,723677,0,0,0,1,187,360428259,103809137,29522528,20834450,1140856179,1,1,0,0,0,1,1,2,2,1,0,2,0
470377966,START,190,469,6140558,188,186,1,0,0,0,753569,723677,0,0,1,1,187,360428259,103809138,29522528,20834450,1140856131,1,1,0,0,0,1,1,2,2,1,0,2,0
470377966,SELECT,188,469,6140558,188,186,1,0,0,0,753569,723677,0,0,1,1,187,360428259,103809138,29522528,20834450,1140856131,1,1,0,0,0,1,1,2,2,1,0,2,0
470465672,PUBLISH,188,469,6142252,188,186,1,0,0,0,753701,723677,0,0,1,1,188,360514270,103809138,29522528,20839920,1091872067,0,1,0,0,0,1,1,2,2,1,0,2,0
471380872,FIELD,188,469,6155520,188,186,1,0,0,0,755074,723677,0,0,1,1,188,361416202,103809138,29522528,20954765,1091872067,0,1,0,0,0,1,1,2,2,1,0,2,0
472379965,FIELD,188,470,6171472,188,186,1,0,0,0,756572,723677,0,0,1,1,188,362399343,103809138,29522528,21073955,1091872067,0,1,0,0,0,1,1,2,2,1,0,2,0
472507240,READY,190,471,6172624,188,186,1,0,0,0,756763,723677,0,0,1,1,188,362525466,103809138,29522528,21084023,1091872067,0,1,0,0,0,1,1,2,2,1,0,2,0
473382872,FIELD,188,471,6172625,188,186,1,1,0,0,758077,723677,0,0,1,1,188,362525467,104684768,29522528,21084023,1091904835,1,1,0,0,0,1,1,2,2,1,0,2,0
473382873,SELECT,186,472,6172625,186,189,0,0,0,0,758077,723677,0,1,0,1,188,362525467,104684769,29522528,21084023,1125459203,1,1,0,0,0,1,1,2,0,1,0,2,0
473382874,START,191,472,6172626,186,190,1,0,0,0,758077,723677,0,1,0,1,189,362525467,104684770,29522528,21084023,1073742409,1,0,0,0,0,1,1,2,0,1,0,2,0
473466765,PUBLISH,186,472,6174020,186,190,1,0,0,0,758203,723677,0,1,0,1,189,362607963,104684770,29522528,21089140,1073742925,0,1,0,0,0,1,1,2,0,1,0,2,0
474381965,FIELD,186,472,6188120,186,190,1,0,0,0,759575,723677,0,1,0,1,189,363509063,104684770,29522528,21199932,1073742925,0,1,0,0,0,1,1,2,0,1,0,2,0
475384872,FIELD,186,473,6205136,186,190,1,1,0,0,761080,723677,0,1,0,1,189,364494954,104684770,29522528,21320092,1073742925,0,1,0,0,0,1,1,2,0,1,0,2,0
475384873,SELECT,190,474,6205136,190,189,0,0,0,0,761080,723677,0,1,1,1,189,364494955,104684770,29522528,21320092,1073743205,0,1,0,0,0,1,1,2,0,1,0,2,0
475468765,PUBLISH,190,474,6206352,190,189,0,0,0,0,761206,723677,0,1,1,1,190,364577631,104684770,29522528,21326024,1073743205,0,1,0,0,0,1,1,2,0,1,0,2,0
475543912,READY,191,474,6206352,190,189,0,0,0,0,761318,723677,0,1,1,1,190,364652778,104684770,29522528,21336167,1073743205,0,1,0,0,0,1,1,2,0,1,0,2,0
475544074,START,192,474,6206514,190,191,1,0,0,0,761319,723677,0,1,1,1,190,364652779,104684770,29522528,21336167,1073743217,1,1,0,0,0,1,1,2,0,1,0,2,0
476383965,FIELD,190,474,6233121,190,191,1,0,0,0,762578,723677,0,1,1,1,190,365466062,104684770,29522528,21366236,1073745267,0,1,0,0,0,1,1,2,0,1,0,2,0
477386872,FIELD,190,475,6266548,190,191,1,0,0,0,764083,723677,0,1,1,1,190,366435542,104684770,29522528,21398809,1073745267,0,1,0,0,0,1,1,2,0,1,0,2,0
477848045,PTS,17,476,6282487,190,191,1,0,0,0,764775,723677,0,1,1,1,190,366880777,104684770,29522528,21413013,1073745267,1,1,0,0,0,1,1,2,0,1,0,2,0
477857741,START,193,476,6282758,190,191,1,0,0,0,764789,723677,0,1,1,1,190,366890202,104684770,29522528,21413404,1073745267,1,1,0,0,0,1,1,2,0,1,0,2,0
477857742,READY,192,476,6282758,190,191,1,0,0,0,764789,723677,0,1,1,1,190,366890202,104684770,29522528,21413404,1073745267,1,1,0,0,0,1,1,0,0,1,0,2,0
478385965,FIELD,190,476,6282758,190,191,1,1,0,0,765581,723677,0,1,1,1,190,366890202,105212993,29522528,21413404,1140856179,1,1,0,0,0,1,1,0,0,2,0,2,0
478385966,SELECT,191,477,6282758,191,189,1,0,0,0,765581,723677,0,0,0,1,190,366890202,105212994,29522528,21413404,1140856131,1,1,0,0,0,1,1,0,0,2,0,2,0
478473672,PUBLISH,191,477,6284256,191,189,1,0,0,0,765713,723677,0,0,0,1,191,366976409,105212995,29522528,21420236,1091872067,0,1,0,0,0,1,1,0,0,2,0,2,0
479388872,FIELD,191,477,6296588,191,189,1,0,0,0,767086,723677,0,0,0,1,191,367879277,105212995,29522528,21542526,1091872067,0,1,0,0,0,1,1,0,0,2,0,2,0
480387965,FIELD,191,478,6311680,191,189,1,1,0,0,768584,723677,0,0,0,1,191,368863278,105212995,29522528,21668463,1091872067,0,1,0,0,0,1,1,0,0,2,0,2,0
480387966,SELECT,189,479,6311680,189,192,0,0,0,0,768584,723677,0,0,1,1,191,368863279,105212995,29522528,21668463,1125426435,0,1,0,0,0,1,1,0,1,2,0,2,0
480475672,PUBLISH,189,479,6312724,189,192,0,0,0,0,768716,723677,0,0,1,1,192,368949941,105212995,29522528,21678145,1125426435,0,1,0,0,0,1,1,0,1,2,0,2,0
480488875,READY,193,479,6312724,189,192,0,0,0,0,768736,723677,0,0,1,1,192,368963144,105212995,29522528,21680045,1125426435,0,1,0,0,0,1,1,0,1,2,0,2,0
480488878,START,194,479,6312726,189,193,1,0,1,1,768736,723677,0,0,1,1,192,368963145,105212996,29522528,21680045,1073742409,1,1,0,0,0,1,1,0,1,2,0,2,0
481390872,FIELD,189,479,6325988,189,193,1,0,1,1,770089,723677,0,0,1,1,192,369851876,105212996,29522528,21793951,1073742925,0,1,0,0,0,1,1,0,1,2,0,2,0
482389965,FIELD,189,480,6340612,189,193,1,0,1,1,771587,723677,0,0,1,1,192,370836345,105212996,29522528,21918438,1073742925,0,1,0,0,0,1,1,0,1,2,0,2,0
482564666,READY,194,481,6342452,189,193,1,0,1,1,771849,723677,0,0,1,1,192,371009206,105212996,29522528,21937542,1073742925,0,1,0,0,0,1,1,0,1,2,0,2,0
482564668,START,195,481,6342454,189,193,1,0,1,1,771850,723677,0,0,1,1,192,371009207,105212996,29522528,21937542,1073742937,1,1,0,0,0,1,1,0,1,2,0,2,0
483392872,FIELD,189,481,6361004,189,193,1,1,1,1,773092,723677,0,0,1,1,192,371818860,105212996,29522528,21955541,1073744987,0,1,0,0,0,1,1,0,1,2,0,2,0
483392873,SELECT,193,482,6361004,193,194,1,0,0,0,773092,768722,1,1,0,1,192,371818861,105212996,29522528,21955541,1073745267,0,1,0,0,0,1,1,0,1,2,0,2,0
483476765,PUBLISH,193,482,6363076,193,194,1,0,0,0,773218,768722,1,1,0,1,193,371900681,105212996,29522528,21956000,1073745267,0,1,0,0,0,1,1,0,1,2,0,2,0
484391965,FIELD,193,482,6384112,193,194,1,0,0,0,774590,768722,1,1,0,1,193,372794845,105212996,29522528,21977822,1073745267,0,1,0,0,0,1,1,0,1,2,0,2,0
485351082,READY,195,483,6406893,193,194,1,0,0,0,776029,768722,1,1,0,1,193,373731182,105212996,29522528,21997602,1073745267,1,1,0,0,0,1,1,1,1,2,0,2,0
485394872,FIELD,193,483,6406893,193,194,1,1,0,0,776095,768722,1,1,0,1,193,373731182,105256785,29522528,21997602,1140856179,1,1,0,0,0,1,1,1,1,0,0,2,0
485394873,START,196,484,6406894,194,192,1,0,0,0,776095,768722,0,1,1,1,193,373731182,105256786,29522528,21997602,1140856131,1,1,0,0,0,1,1,1,1,0,0,2,0
485394873,SELECT,194,484,6406894,194,192,1,0,0,0,776095,768722,0,1,1,1,193,373731182,105256786,29522528,21997602,1140856131,1,1,0,0,0,1,1,1,1,0,0,2,0
485478765,PUBLISH,194,484,6408616,194,192,1,0,0,0,776221,768722,0,1,1,1,194,373813351,105256786,29522528,22003167,1091872067,0,1,0,0,0,1,1,1,1,0,0,2,0
486393966,FIELD,194,484,6422462,194,192,1,0,0,0,777593,768722,0,1,1,1,194,374714706,105256786,29522528,22119953,1091872067,0,1,0,0,0,1,1,1,1,0,0,2,0
487396872,FIELD,194,485,6436564,194,192,1,0,0,0,779098,768722,0,1,1,1,194,375703510,105256786,29522528,22244714,1091872067,0,1,0,0,0,1,1,1,1,0,0,2,0
487471870,READY,196,486,6436564,194,192,1,0,0,0,779210,768722,0,1,1,1,194,375778508,105256786,29522528,22251762,1091872067,0,1,0,0,0,1,1,1,1,0,0,2,0
488395966,FIELD,194,486,6436565,194,192,1,1,0,0,780596,768722,0,1,1,1,194,375778509,106180880,29522528,22251762,1091904835,1,1,0,0,0,1,1,1,1,0,0,2,0
488395967,SELECT,192,487,6436565,192,195,0,0,0,0,780596,723677,0,0,0,1,194,375778509,106180881,29522528,22251762,1125459203,1,1,0,0,0,1,1,1,2,0,0,2,0
488395968,START,197,487,6436566,192,196,1,0,0,0,780596,723677,0,0,0,1,195,375778509,106180882,29522528,22251762,1073742409,1,0,0,0,0,1,1,1,2,0,0,2,0
488483672,PUBLISH,192,487,6438252,192,196,1,0,0,0,780728,723677,0,0,0,1,195,375864526,106180882,29522528,22257590,1073742925,0,1,0,0,0,1,1,1,2,0,0,2,0
489398872,FIELD,192,487,6451296,192,196,1,0,0,0,782101,723677,0,0,0,1,195,376766682,106180882,29522528,22376809,1073742925,0,1,0,0,0,1,1,1,2,0,0,2,0
490397966,FIELD,192,488,6465064,192,196,1,1,0,0,783599,723677,0,0,0,1,195,377752008,106180882,29522528,22500802,1073742925,0,1,0,0,0,1,1,1,2,0,0,2,0
490397967,SELECT,196,489,6465064,196,195,0,0,0,0,783599,768722,0,0,1,1,195,377752009,106180882,29522528,22500802,1073743205,0,1,0,0,0,1,1,1,2,0,0,2,0
490468315,READY,197,489,6465064,196,195,0,0,0,0,783705,768722,0,0,1,0,196,377822357,106180882,29522528,22507994,1073743205,0,1,0,0,0,1,1,1,2,0,0,2,0
490468317,START,198,489,6465066,196,197,1,0,0,0,783705,768722,0,0,1,0,196,377822358,106180882,29522528,22507994,1073743217,1,1,0,0,0,1,1,1,2,0,0,2,0
490485672,PUBLISH,196,489,6465776,196,197,1,0,0,0,783731,768722,0,0,1,1,196,377839002,106180882,29522528,22507994,1073745267,0,1,0,0,0,1,1,1,2,0,0,2,0
491400872,FIELD,196,489,6486288,196,197,1,0,0,0,785104,768722,0,0,1,1,196,378733690,106180882,29522528,22528465,1073745267,0,1,0,0,0,1,1,1,2,0,0,2,0
492399966,FIELD,196,490,6510264,196,197,1,0,0,0,786602,768722,0,0,1,1,196,379708809,106180882,29522528,22550848,1073745267,1,1,0,0,0,1,1,1,2,0,0,2,0
493292757,READY,198,491,6530061,196,197,1,0,0,0,787942,768722,0,0,1,1,196,380581803,106180882,29522528,22571730,1073745267,1,1,0,0,0,1,1,2,2,0,0,2,0
493402872,FIELD,196,491,6530061,196,197,1,1,0,0,788107,768722,0,0,1,1,196,380581803,106290996,29522528,22571730,1140856179,1,1,0,0,0,1,1,2,2,1,0,2,0
493402873,START,199,492,6530062,197,195,1,0,0,0,788107,768722,0,1,0,1,196,380581803,106290997,29522528,22571730,1140856131,1,1,0,0,0,1,1,2,2,1,0,2,0
493402873,SELECT,197,492,6530062,197,195,1,0,0,0,788107,768722,0,1,0,1,196,380581803,106290997,29522528,22571730,1140856131,1,1,0,0,0,1,1,2,2,1,0,2,0
493486765,PUBLISH,197,492,6531608,197,195,1,0,0,0,788233,768722,0,1,0,1,197,380664148,106290997,29522528,22577212,1091872067,0,1,0,0,0,1,1,2,2,1,0,2,0
494401966,FIELD,197,492,6544024,197,195,1,0,0,0,789605,768722,0,1,0,1,197,381566933,106290997,29522528,22699348,1091872067,0,1,0,0,0,1,1,2,2,1,0,2,0
495404872,FIELD,197,493,6558588,197,195,1,1,0,0,791110,768722,0,1,0,1,197,382555275,106290997,29522528,22823763,1091872067,0,1,0,0,0,1,1,2,2,1,0,2,0
495404873,SELECT,195,494,6558588,195,198,0,0,0,0,791110,768722,0,1,1,1,197,382555276,106290997,29522528,22823763,1125426435,0,1,0,0,0,1,1,2,0,1,0,2,0
495488766,PUBLISH,195,494,6559660,195,198,0,0,0,0,791236,768722,0,1,1,1,198,382638097,106290997,29522528,22832577,1125426435,0,1,0,0,0,1,1,2,0,1,0,2,0
495512520,READY,199,494,6559660,195,198,0,0,0,0,791271,768722,0,1,1,1,198,382661851,106290997,29522528,22836659,1125426435,0,1,0,0,0,1,1,2,0,1,0,2,0
495512523,START,200,494,6559662,195,199,1,0,0,0,791271,768722,0,1,1,1,198,382661852,106290998,29522528,22836659,1073742409,1,1,0,0,0,1,1,2,0,1,0,2,0
496403966,FIELD,195,494,6572488,195,199,1,0,0,0,792608,768722,0,1,1,1,198,383540468,106290998,29522528,22958017,1073742925,0,1,0,0,0,1,1,2,0,1,0,2,0
497406872,FIELD,195,495,6586644,195,199,1,0,0,0,794113,768722,0,1,1,1,198,384529218,106290998,29522528,23084817,1073742925,0,1,0,0,0,1,1,2,0,1,0,2,0
497624176,READY,200,496,6589220,195,199,1,0,0,0,794439,768722,0,1,1,1,198,384743946,106290998,29522528,23105597,1073742925,0,1,0,0,0,1,1,2,0,1,0,2,0
497624178,START,201,496,6589222,195,199,1,0,0,0,794439,768722,0,1,1,1,198,384743947,106290998,29522528,23105597,1073742937,1,1,0,0,0,1,1,2,0,1,0,2,0
498405966,FIELD,195,496,6607538,195,199,1,1,0,0,795611,768722,0,1,1,1,198,385507418,106290998,29522528,23121965,1073744987,0,1,0,0,0,1,1,2,0,1,0,2,0
498405967,SELECT,199,497,6607538,199,200,1,0,0,0,795611,768722,0,0,0,1,198,385507419,106290998,29522528,23121965,1073745267,0,1,0,0,0,1,1,2,0,1,0,2,0
498493672,PUBLISH,199,497,6608624,199,200,1,0,0,0,795743,768722,0,0,0,1,199,385594038,106290998,29522528,23122707,1073745267,0,1,0,0,0,1,1,2,0,1,0,2,0
499408872,FIELD,199,497,6630580,199,200,1,0,0,0,797116,768722,0,0,0,1,199,386487282,106290998,29522528,23145131,1073745267,0,1,0,0,0,1,1,2,0,1,0,2,0
500407966,FIELD,199,498,6655816,199,200,1,1,0,0,798614,768722,0,0,0,1,199,387461140,106290998,29522528,23164829,1073745267,0,1,0,0,0,1,1,2,0,1,0,2,0
500407967,SELECT,200,499,6655816,200,198,1,0,0,0,798614,768722,0,0,1,1,199,387461141,106290998,29522528,23164829,1073745219,0,1,0,0,0,1,1,2,0,1,0,2,0
500471153,READY,201,499,6655817,200,198,1,0,0,0,798709,768722,0,0,1,0,200,387524327,106290998,29522528,23165494,1073745219,1,1,0,0,0,1,1,0,0,1,0,2,0
500471154,START,202,499,6655818,200,198,1,0,0,0,798709,768722,0,0,1,0,200,387524327,106290998,29522528,23165494,1140856131,1,1,0,0,0,1,1,0,0,2,0,2,0
500495672,PUBLISH,200,499,6656156,200,198,1,0,0,0,798746,768722,0,0,1,1,200,387548506,106290998,29522528,23165494,1091872067,0,1,0,0,0,1,1,0,0,2,0,2,0
501410872,FIELD,200,499,6668556,200,198,1,0,0,0,800119,768722,0,0,1,1,200,388451306,106290998,29522528,23293181,1091872067,0,1,0,0,0,1,1,0,0,2,0,2,0
502409966,FIELD,200,500,6682934,200,198,1,0,0,0,801617,768722,0,0,1,1,200,389436022,106290998,29522528,23426853,1091872067,0,1,0,0,0,1,1,0,0,2,0,2,0
502586992,READY,202,501,6684844,200,198,1,0,0,0,801883,768722,0,0,1,1,200,389611138,106290998,29522528,23447122,1091872067,0,1,0,0,0,1,1,0,0,2,0,2,0
503412872,FIELD,200,501,6684845,200,198,1,1,0,0,803122,768722,0,0,1,1,200,389611139,107116876,29522528,23447122,1091904835,1,1,0,0,0,1,1,0,0,2,0,2,0
503412873,SELECT,198,502,6684845,198,201,0,0,0,0,803122,768722,0,1,0,1,200,389611139,107116877,29522528,23447122,1125459203,1,1,0,0,0,1,1,0,1,2,0,2,0
503412874,START,203,502,6684846,198,202,1,0,0,0,803122,768722,0,1,0,1,201,389611139,107116878,29522528,23447122,1073742409,1,0,0,0,0,1,1,0,1,2,0,2,0
503496766,PUBLISH,198,502,6686396,198,202,1,0,0,0,803248,768722,0,1,0,1,201,389693480,107116878,29522528,23451549,1073742925,0,1,0,0,0,1,1,0,1,2,0,2,0
504411966,FIELD,198,502,6698300,198,202,1,0,0,0,804620,768722,0,1,0,1,201,390596776,107116878,29522528,23584270,1073742925,0,1,0,0,0,1,1,0,1,2,0,2,0
505414872,FIELD,198,503,6711760,198,202,1,1,0,0,806125,768722,0,1,0,1,201,391586222,107116878,29522528,23708355,1073742925,0,1,0,0,0,1,1,0,1,2,0,2,0
505414873,SELECT,202,504,6711760,202,201,0,0,0,0,806125,768722,0,1,1,1,201,391586223,107116878,29522528,23708355,1073743205,0,1,0,0,0,1,1,0,1,2,0,2,0
505498766,PUBLISH,202,504,6712888,202,201,0,0,0,0,806251,768722,0,1,1,1,202,391668988,107116878,29522528,23717149,1073743205,0,1,0,0,0,1,1,0,1,2,0,2,0
505522584,READY,203,504,6712888,202,201,0,0,0,0,806286,768722,0,1,1,1,202,391692806,107116878,29522528,23721271,1073743205,0,1,0,0,0,1,1,0,1,2,0,2,0
505522746,START,204,504,6713050,202,203,1,0,0,0,806287,768722,0,1,1,1,202,391692807,107116878,29522528,23721271,1073743217,1,1,0,0,0,1,1,0,1,2,0,2,0
506413966,FIELD,202,504,6744784,202,203,1,0,0,0,807623,768722,0,1,1,1,202,392552292,107116878,29522528,23751249,1073745267,0,1,0,0,0,1,1,0,1,2,0,2,0
507416872,FIELD,202,505,6779388,202,203,1,0,0,0,809128,768722,0,1,1,1,202,393520594,107116878,29522528,23783667,1073745267,0,1,0,0,0,1,1,0,1,2,0,2,0
507893893,PTS,18,506,6796425,202,203,1,0,0,0,809843,768722,0,1,1,1,202,393980579,107116878,29522528,23797234,1073745267,1,1,0,0,0,1,1,0,1,2,0,2,0
507902841,START,205,506,6796706,202,203,1,0,0,0,809857,768722,0,1,1,1,202,393989246,107116878,29522528,23797541,1073745267,1,1,0,0,0,1,1,0,1,2,0,2,0
507902842,READY,204,506,6796706,202,203,1,0,0,0,809857,768722,0,1,1,1,202,393989246,107116878,29522528,23797541,1073745267,1,1,0,0,0,1,1,1,1,2,0,2,0
508415966,FIELD,202,506,6796706,202,203,1,1,0,0,810626,768722,0,1,1,1,202,393989246,107630002,29522528,23797541,1140856179,1,1,0,0,0,1,1,1,1,0,0,2,0
508415967,SELECT,203,507,6796706,203,201,1,0,0,0,810626,768722,0,0,0,1,202,393989246,107630003,29522528,23797541,1140856131,1,1,0,0,0,1,1,1,1,0,0,2,0
508503672,PUBLISH,203,507,6797796,203,201,1,0,0,0,810758,768722,0,0,0,1,203,394075860,107630004,29522528,23802766,1091872067,0,1,0,0,0,1,1,1,1,0,0,2,0
509418872,FIELD,203,507,6810248,203,201,1,0,0,0,812131,768722,0,0,0,1,203,394978608,107630004,29522528,23937573,1091872067,0,1,0,0,0,1,1,1,1,0,0,2,0
510417966,FIELD,203,508,6824132,203,201,1,1,0,0,813629,768722,0,0,0,1,203,395963818,107630004,29522528,24069090,1091872067,0,1,0,0,0,1,1,1,1,0,0,2,0
510417967,SELECT,201,509,6824132,201,204,0,0,0,0,813629,768722,0,0,1,1,203,395963819,107630004,29522528,24069090,1125426435,0,1,0,0,0,1,1,1,2,0,0,2,0
510505672,PUBLISH,201,509,6825232,201,204,0,0,0,0,813761,768722,0,0,1,1,204,396050424,107630004,29522528,24075978,1125426435,0,1,0,0,0,1,1,1,2,0,0,2,0
510547265,READY,205,509,6825232,201,204,0,0,0,0,813823,768722,0,0,1,1,204,396092017,107630004,29522528,24081910,1125426435,0,1,0,0,0,1,1,1,2,0,0,2,0
510547268,START,206,509,6825234,201,205,1,0,1,1,813823,768722,0,0,1,1,204,396092018,107630005,29522528,24081910,1073742409,1,1,0,0,0,1,1,1,2,0,0,2,0
511420872,FIELD,201,509,6837368,201,205,1,0,1,1,815134,768722,0,0,1,1,204,396953487,107630005,29522528,24198258,1073742925,0,1,0,0,0,1,1,1,2,0,0,2,0
512419966,FIELD,201,510,6850620,201,205,1,0,1,1,816632,768722,0,0,1,1,204,397939329,107630005,29522528,24327933,1073742925,0,1,0,0,0,1,1,1,2,0,0,2,0
512657067,READY,206,511,6853152,201,205,1,0,1,1,816988,768722,0,0,1,1,204,398173898,107630005,29522528,24352050,1073742925,0,1,0,0,0,1,1,1,2,0,0,2,0
512657069,START,207,511,6853154,201,205,1,0,1,1,816988,768722,0,0,1,1,204,398173899,107630005,29522528,24352050,1073742937,1,1,0,0,0,1,1,1,2,0,0,2,0
513422872,FIELD,201,511,6870788,201,205,1,1,1,1,818137,768722,0,0,1,1,204,398922067,107630005,29522528,24367833,1073744987,0,1,0,0,0,1,1,1,2,0,0,2,0
513422873,SELECT,205,512,6870788,205,206,1,0,0,0,818137,813767,1,1,0,1,204,398922068,107630005,29522528,24367833,1073745267,0,1,0,0,0,1,1,1,2,0,0,2,0
513506766,PUBLISH,205,512,6873304,205,206,1,0,0,0,818263,813767,1,1,0,1,205,399003445,107630005,29522528,24368224,1073745267,0,1,0,0,0,1,1,1,2,0,0,2,0
514421966,FIELD,205,512,6894856,205,206,1,0,0,0,819635,813767,1,1,0,1,205,399897093,107630005,29522528,24389530,1073745267,0,1,0,0,0,1,1,1,2,0,0,2,0
515424873,FIELD,205,513,6919680,205,206,1,1,0,0,821140,813767,1,1,0,1,205,400875176,107630005,29522528,24409308,1073745267,0,1,0,0,0,1,1,1,2,0,0,2,0
515424874,SELECT,206,514,6919680,206,204,1,0,0,0,821140,813767,0,1,1,1,205,400875177,107630005,29522528,24409308,1073745219,0,1,0,0,0,1,1,1,2,0,0,2,0
515498210,READY,207,514,6919681,206,204,1,0,0,0,821250,813767,0,1,1,0,206,400948513,107630005,29522528,24410364,1073745219,1,1,0,0,0,1,1,2,2,0,0,2,0
515498211,START,208,514,6919682,206,204,1,0,0,0,821250,813767,0,1,1,0,206,400948513,107630005,29522528,24410364,1140856131,1,1,0,0,0,1,1,2,2,1,0,2,0
515508766,PUBLISH,206,514,6920124,206,204,1,0,0,0,821266,813767,0,1,1,1,206,400958625,107630005,29522528,24410364,1091872067,0,1,0,0,0,1,1,2,2,1,0,2,0
516423966,FIELD,206,514,6933568,206,204,1,0,0,0,822638,813767,0,1,1,1,206,401860381,107630005,29522528,24530804,1091872067,0,1,0,0,0,1,1,2,2,1,0,2,0
517426873,FIELD,206,515,6945904,206,204,1,0,0,0,824143,813767,0,1,1,1,206,402850952,107630005,29522528,24664077,1091872067,0,1,0,0,0,1,1,2,2,1,0,2,0
517623981,READY,208,516,6948856,206,204,1,0,0,0,824438,813767,0,1,1,1,206,403045108,107630005,29522528,24685656,1091872067,0,1,0,0,0,1,1,2,2,1,0,2,0
518425966,FIELD,206,516,6948857,206,204,1,1,0,0,825641,813767,0,1,1,1,206,403045109,108431988,29522528,24685656,1091904835,1,1,0,0,0,1,1,2,2,1,0,2,0
518425967,SELECT,204,517,6948857,204,207,0,0,0,0,825641,768722,0,0,0,1,206,403045109,108431989,29522528,24685656,1125459203,1,1,0,0,0,1,1,2,0,1,0,2,0
518425968,START,209,517,6948858,204,208,1,0,0,0,825641,768722,0,0,0,1,207,403045109,108431990,29522528,24685656,1073742409,1,0,0,0,0,1,1,2,0,1,0,2,0
518513672,PUBLISH,204,517,6950068,204,208,1,0,0,0,825773,768722,0,0,0,1,207,403131602,108431990,29522528,24689968,1073742925,0,1,0,0,0,1,1,2,0,1,0,2,0
519428873,FIELD,204,517,6962912,204,208,1,0,0,0,827146,768722,0,0,0,1,207,404033959,108431990,29522528,24816379,1073742925,0,1,0,0,0,1,1,2,0,1,0,2,0
520427966,FIELD,204,518,6974952,204,208,1,1,0,0,828644,768722,0,0,0,1,207,405021012,108431990,29522528,24944007,1073742925,0,1,0,0,0,1,1,2,0,1,0,2,0
520427967,SELECT,208,519,6974952,208,207,0,0,0,0,828644,813767,0,0,1,1,207,405021013,108431990,29522528,24944007,1073743205,0,1,0,0,0,1,1,2,0,1,0,2,0
520515672,PUBLISH,208,519,6976192,208,207,0,0,0,0,828776,813767,0,0,1,1,208,405107478,108431990,29522528,24953949,1073743205,0,1,0,0,0,1,1,2,0,1,0,2,0
520519451,READY,209,519,6976192,208,207,0,0,0,0,828782,813767,0,0,1,1,208,405111257,108431990,29522528,24954427,1073743205,0,1,0,0,0,1,1,2,0,1,0,2,0
520519453,START,210,519,6976194,208,209,1,0,0,0,828782,813767,0,0,1,1,208,405111258,108431990,29522528,24954427,1073743217,1,1,0,0,0,1,1,2,0,1,0,2,0
521430873,FIELD,208,519,6998230,208,209,1,0,0,0,830149,813767,0,0,1,1,208,406000641,108431990,29522528,24973297,1073745267,0,1,0,0,0,1,1,2,0,1,0,2,0
522429966,FIELD,208,520,7020660,208,209,1,0,0,0,831647,813767,0,0,1,1,208,406977304,108431990,29522528,24995691,1073745267,0,1,0,0,0,1,1,2,0,1,0,2,0
523394992,READY,210,521,7044153,208,209,1,0,0,0,833095,813767,0,0,1,1,208,407918838,108431990,29522528,25017558,1073745267,1,1,0,0,0,1,1,0,0,1,0,2,0
523432873,FIELD,208,521,7044153,208,209,1,1,0,0,833152,813767,0,0,1,1,208,407918838,108469870,29522528,25017558,1140856179,1,1,0,0,0,1,1,0,0,2,0,2,0
523432874,START,211,522,7044154,209,207,1,0,0,0,833152,813767,0,1,0,1,208,407918838,108469871,29522528,25017558,1140856131,1,1,0,0,0,1,1,0,0,2,0,2,0
523432874,SELECT,209,522,7044154,209,207,1,0,0,0,833152,813767,0,1,0,1,208,407918838,108469871,29522528,25017558,1140856131,1,1,0,0,0,1,1,0,0,2,0,2,0
523516766,PUBLISH,209,522,7045432,209,207,1,0,0,0,833278,813767,0,1,0,1,209,408001451,108469871,29522528,25022848,1091872067,0,1,0,0,0,1,1,0,0,2,0,2,0
524431966,FIELD,209,522,7057728,209,207,1,0,0,0,834650,813767,0,1,0,1,209,408904355,108469871,29522528,25146467,1091872067,0,1,0,0,0,1,1,0,0,2,0,2,0
525434873,FIELD,209,523,7071456,209,207,1,1,0,0,836155,813767,0,1,0,1,209,409893534,108469871,29522528,25279741,1091872067,0,1,0,0,0,1,1,0,0,2,0,2,0
525434874,SELECT,207,524,7071456,207,210,0,0,0,0,836155,813767,0,1,1,1,209,409893535,108469871,29522528,25279741,1125426435,0,1,0,0,0,1,1,0,1,2,0,2,0
525518766,PUBLISH,207,524,7072580,207,210,0,0,0,0,836281,813767,0,1,1,1,210,409976303,108469871,29522528,25286923,1125426435,0,1,0,0,0,1,1,0,1,2,0,2,0
525595811,READY,211,524,7072580,207,210,0,0,0,0,836396,813767,0,1,1,1,210,410053348,108469871,29522528,25298558,1125426435,0,1,0,0,0,1,1,0,1,2,0,2,0
525595814,START,212,524,7072582,207,211,1,0,0,0,836396,813767,0,1,1,1,210,410053349,108469872,29522528,25298558,1073742409,1,1,0,0,0,1,1,0,1,2,0,2,0
526433966,FIELD,207,524,7083740,207,211,1,0,0,0,837653,813767,0,1,1,1,210,410880342,108469872,29522528,25406051,1073742925,0,1,0,0,0,1,1,0,1,2,0,2,0
527436873,FIELD,207,525,7095876,207,211,1,0,0,0,839158,813767,0,1,1,1,210,411871113,108469872,29522528,25538636,1073742925,0,1,0,0,0,1,1,0,1,2,0,2,0
527730145,READY,212,526,7099604,207,211,1,0,0,0,839598,813767,0,1,1,1,210,412160657,108469872,29522528,25568574,1073742925,0,1,0,0,0,1,1,0,1,2,0,2,0
527730147,START,213,526,7099606,207,211,1,0,0,0,839598,813767,0,1,1,1,210,412160658,108469872,29522528,25568574,1073742937,1,1,0,0,0,1,1,0,1,2,0,2,0
528435966,FIELD,207,526,7116526,207,211,1,1,0,0,840656,813767,0,1,1,1,210,412849556,108469872,29522528,25583816,1073744987,0,1,0,0,0,1,1,0,1,2,0,2,0
528435967,SELECT,211,527,7116526,211,212,1,0,0,0,840656,813767,0,0,0,1,210,412849557,108469872,29522528,25583816,1073745267,0,1,0,0,0,1,1,0,1,2,0,2,0
528523673,PUBLISH,211,527,7117976,211,212,1,0,0,0,840788,813767,0,0,0,1,211,412935813,108469872,29522528,25584642,1073745267,0,1,0,0,0,1,1,0,1,2,0,2,0
529438873,FIELD,211,527,7139664,211,212,1,0,0,0,842161,813767,0,0,0,1,211,413829325,108469872,29522528,25607497,1073745267,0,1,0,0,0,1,1,0,1,2,0,2,0
530437966,FIELD,211,528,7164448,211,212,1,1,0,0,843659,813767,0,0,0,1,211,414803634,108469872,29522528,25629329,1073745267,0,1,0,0,0,1,1,0,1,2,0,2,0
530437967,SELECT,212,529,7164448,212,210,1,0,0,0,843659,813767,0,0,1,1,211,414803635,108469872,29522528,25629329,1073745219,0,1,0,0,0,1,1,0,1,2,0,2,0
530525673,PUBLISH,212,529,7166176,212,210,1,0,0,0,843791,813767,0,0,1,1,212,414889613,108469872,29522528,25629745,1073745219,0,1,0,0,0,1,1,0,1,2,0,2,0
530593306,READY,213,529,7166177,212,210,1,0,0,0,843892,813767,0,0,1,1,212,414957246,108469872,29522528,25631647,1073745219,1,1,0,0,0,1,1,1,1,2,0,2,0
530593307,START,214,529,7166178,212,210,1,0,0,0,843892,813767,0,0,1,1,212,414957246,108469872,29522528,25631647,1140856131,1,1,0,0,0,1,1,1,1,0,0,2,0
531440873,FIELD,212,529,7177716,212,210,1,0,0,0,845164,813767,0,0,1,1,212,415793273,108469872,29522528,25744002,1091872067,0,1,0,0,0,1,1,1,1,0,0,2,0
532439966,FIELD,212,530,7189944,212,210,1,0,0,0,846662,813767,0,0,1,1,212,416780138,108469872,29522528,25886058,1091872067,0,1,0,0,0,1,1,1,1,0,0,2,0
532687638,READY,214,531,7192956,212,210,1,0,0,0,847034,813767,0,0,1,1,212,417024798,108469872,29522528,25916002,1091872067,0,1,0,0,0,1,1,1,1,0,0,2,0
533442873,FIELD,212,531,7192957,212,210,1,1,0,0,848167,813767,0,0,1,1,212,417024799,109225105,29522528,25916002,1091904835,1,1,0,0,0,1,1,1,1,0,0,2,0
533442874,SELECT,210,532,7192957,210,213,0,0,0,0,848167,813767,0,1,0,1,212,417024799,109225106,29522528,25916002,1125459203,1,1,0,0,0,1,1,1,2,0,0,2,0
533442875,START,215,532,7192958,210,214,1,0,0,0,848167,813767,0,1,0,1,213,417024799,109225107,29522528,25916002,1073742409,1,0,0,0,0,1,1,1,2,0,0,2,0
533526766,PUBLISH,210,532,7194184,210,214,1,0,0,0,848293,813767,0,1,0,1,213,417107463,109225107,29522528,25920865,1073742925,0,1,0,0,0,1,1,1,2,0,0,2,0
534441966,FIELD,210,532,7206592,210,214,1,0,0,0,849665,813767,0,1,0,1,213,418010255,109225107,29522528,26042294,1073742925,0,1,0,0,0,1,1,1,2,0,0,2,0
535444873,FIELD,210,533,7218072,210,214,1,1,0,0,851170,813767,0,1,0,1,213,419001682,109225107,29522528,26174339,1073742925,0,1,0,0,0,1,1,1,2,0,0,2,0
535444874,SELECT,214,534,7218072,214,213,0,0,0,0,851170,813767,0,1,1,1,213,419001683,109225107,29522528,26174339,1073743205,0,1,0,0,0,1,1,1,2,0,0,2,0
535528766,PUBLISH,214,534,7219200,214,213,0,0,0,0,851296,813767,0,1,1,1,214,419084447,109225107,29522528,26182055,1073743205,0,1,0,0,0,1,1,1,2,0,0,2,0
535557304,READY,215,534,7219200,214,213,0,0,0,0,851338,813767,0,1,1,1,214,419112985,109225107,29522528,26186402,1073743205,0,1,0,0,0,1,1,1,2,0,0,2,0
535557466,START,216,534,7219362,214,215,1,0,0,0,851339,813767,0,1,1,1,214,419112986,109225107,29522528,26186402,1073743217,1,1,0,0,0,1,1,1,2,0,0,2,0
536443966,FIELD,214,534,7253448,214,215,1,0,0,0,852668,813767,0,1,1,1,214,419965399,109225107,29522528,26214265,1073745267,0,1,0,0,0,1,1,1,2,0,0,2,0
537446873,FIELD,214,535,7290442,214,215,1,0,0,0,854173,813767,0,1,1,1,214,420931312,109225107,29522528,26243546,1073745267,0,1,0,0,0,1,1,1,2,0,0,2,0
537980055,PTS,19,536,7310345,214,215,1,0,0,0,854973,813767,0,1,1,1,214,421444592,109225107,29522528,26259666,1073745267,1,1,0,0,0,1,1,1,2,0,0,2,0
538016064,START,217,536,7311758,214,215,1,0,0,0,855027,813767,0,1,1,1,214,421479188,109225107,29522528,26260819,1073745267,1,1,0,0,0,1,1,1,2,0,0,2,0
538016065,READY,216,536,7311758,214,215,1,0,0,0,855027,813767,0,1,1,1,214,421479188,109225107,29522528,26260819,1073745267,1,1,0,0,0,1,1,2,2,0,0,2,0
538445966,FIELD,214,536,7311758,214,215,1,1,0,0,855671,813767,0,1,1,1,214,421479188,109655008,29522528,26260819,1140856179,1,1,0,0,0,1,1,2,2,1,0,2,0
538445967,SELECT,215,537,7311758,215,213,1,0,0,0,855671,813767,0,0,0,1,214,421479188,109655009,29522528,26260819,1140856131,1,1,0,0,0,1,1,2,2,1,0,2,0
538533673,PUBLISH,215,537,7313072,215,213,1,0,0,0,855803,813767,0,0,0,1,215,421565579,109655010,29522528,26265769,1091872067,0,1,0,0,0,1,1,2,2,1,0,2,0
539448873,FIELD,215,537,7325892,215,213,1,0,0,0,857176,813767,0,0,0,1,215,422467959,109655010,29522528,26386834,1091872067,0,1,0,0,0,1,1,2,2,1,0,2,0
540447966,FIELD,215,538,7337484,215,213,1,1,0,0,858674,813767,0,0,0,1,215,423455460,109655010,29522528,26524657,1091872067,0,1,0,0,0,1,1,2,2,1,0,2,0
540447967,SELECT,213,539,7337484,213,216,0,0,0,0,858674,813767,0,0,1,1,215,423455461,109655010,29522528,26524657,1125426435,0,1,0,0,0,1,1,2,0,1,0,2,0
540535673,PUBLISH,213,539,7339220,213,216,0,0,0,0,858806,813767,0,0,1,1,216,423541431,109655010,29522528,26532813,1125426435,0,1,0,0,0,1,1,2,0,1,0,2,0
540638936,READY,217,539,7340504,213,216,0,0,0,0,858961,813767,0,0,1,1,216,423643410,109655010,29522528,26548439,1125426435,0,1,0,0,0,1,1,2,0,1,0,2,0
540638939,START,218,539,7340506,213,217,1,0,1,1,858961,813767,0,0,1,1,216,423643411,109655011,29522528,26548439,1073742409,1,1,0,0,0,1,1,2,0,1,0,2,0
541450873,FIELD,213,539,7352020,213,217,1,0,1,1,860179,813767,0,0,1,1,216,424443830,109655011,29522528,26643818,1073742925,0,1,0,0,0,1,1,2,0,1,0,2,0
542449966,FIELD,213,540,7363824,213,217,1,0,1,1,861677,813767,0,0,1,1,216,425431119,109655011,29522528,26777774,1073742925,0,1,0,0,0,1,1,2,0,1,0,2,0
542811422,READY,218,541,7368428,213,217,1,0,1,1,862220,813767,0,0,1,1,216,425787971,109655011,29522528,26821382,1073742925,0,1,0,0,0,1,1,2,0,1,0,2,0
542811424,START,219,541,7368430,213,217,1,0,1,1,862220,813767,0,0,1,1,216,425787972,109655011,29522528,26821382,1073742937,1,1,0,0,0,1,1,2,0,1,0,2,0
543452873,FIELD,213,541,7384660,213,217,1,1,1,1,863182,813767,0,0,1,1,216,426413190,109655011,29522528,26833157,1073744987,0,1,0,0,0,1,1,2,0,1,0,2,0
543452874,SELECT,217,542,7384660,217,218,1,0,0,0,863182,858812,1,1,0,1,216,426413191,109655011,29522528,26833157,1073745267,0,1,0,0,0,1,1,2,0,1,0,2,0
543536766,PUBLISH,217,542,7386996,217,218,1,0,0,0,863308,858812,1,1,0,1,217,426494747,109655011,29522528,26833615,1073745267,0,1,0,0,0,1,1,2,0,1,0,2,0
544451966,FIELD,217,542,7406588,217,218,1,0,0,0,864680,858812,1,1,0,1,217,427390355,109655011,29522528,26853210,1073745267,0,1,0,0,0,1,1,2,0,1,0,2,0
545454873,FIELD,217,543,7431440,217,218,1,1,0,0,866185,858812,1,1,0,1,217,428368410,109655011,29522528,26873307,1073745267,0,1,0,0,0,1,1,2,0,1,0,2,0
545454874,SELECT,218,544,7431440,218,216,1,0,0,0,866185,858812,0,1,1,1,217,428368411,109655011,29522528,26873307,1073745219,0,1,0,0,0,1,1,2,0,1,0,2,0
545538766,PUBLISH,218,544,7433616,218,216,1,0,0,0,866311,858812,0,1,1,1,218,428450127,109655011,29522528,26873805,1073745219,0,1,0,0,0,1,1,2,0,1,0,2,0
545660451,READY,219,544,7435605,218,216,1,0,0,0,866493,858812,0,1,1,1,218,428569824,109655011,29522528,26878310,1073745219,1,1,0,0,0,1,1,0,0,1,0,2,0
545660452,START,220,544,7435606,218,216,1,0,0,0,866493,858812,0,1,1,1,218,428569824,109655011,29522528,26878310,1140856131,1,1,0,0,0,1,1,0,0,2,0,2,0
546453966,FIELD,218,544,7446924,218,216,1,0,0,0,867683,858812,0,1,1,1,218,429352019,109655011,29522528,26976710,1091872067,0,1,0,0,0,1,1,0,0,2,0,2,0
547456873,FIELD,218,545,7458448,218,216,1,0,0,0,869188,858812,0,1,1,1,218,430343402,109655011,29522528,27114408,1091872067,0,1,0,0,0,1,1,0,0,2,0,2,0
547759464,READY,220,546,7462460,218,216,1,0,0,0,869642,858812,0,1,1,1,218,430641981,109655011,29522528,27153736,1091872067,0,1,0,0,0,1,1,0,0,2,0,2,0
548455966,FIELD,218,546,7462461,218,216,1,1,0,0,870686,858812,0,1,1,1,218,430641982,110351511,29522528,27153736,1091904835,1,1,0,0,0,1,1,0,0,2,0,2,0
548455967,SELECT,216,547,7462461,216,219,0,0,0,0,870686,813767,0,0,0,1,218,430641982,110351512,29522528,27153736,1125459203,1,1,0,0,0,1,1,0,1,2,0,2,0
548455968,START,221,547,7462462,216,220,1,0,0,0,870686,813767,0,0,0,1,219,430641982,110351513,29522528,27153736,1073742409,1,0,0,0,0,1,1,0,1,2,0,2,0
548543673,PUBLISH,216,547,7463800,216,220,1,0,0,0,870818,813767,0,0,0,1,219,430728348,110351513,29522528,27158579,1073742925,0,1,0,0,0,1,1,0,1,2,0,2,0
549458873,FIELD,216,547,7476224,216,220,1,0,0,0,872191,813767,0,0,0,1,219,431631124,110351513,29522528,27278861,1073742925,0,1,0,0,0,1,1,0,1,2,0,2,0
550457966,FIELD,216,548,7487740,216,220,1,1,0,0,873689,813767,0,0,0,1,219,432618701,110351513,29522528,27413844,1073742925,0,1,0,0,0,1,1,0,1,2,0,2,0
550457967,SELECT,220,549,7487740,220,219,0,0,0,0,873689,858812,0,0,1,1,219,432618702,110351513,29522528,27413844,1073743205,0,1,0,0,0,1,1,0,1,2,0,2,0
550545673,PUBLISH,220,549,7489012,220,219,0,0,0,0,873821,858812,0,0,1,1,220,432705136,110351513,29522528,27421448,1073743205,0,1,0,0,0,1,1,0,1,2,0,2,0
550575129,READY,221,549,7489012,220,219,0,0,0,0,873865,858812,0,0,1,1,220,432734592,110351513,29522528,27424998,1073743205,0,1,0,0,0,1,1,0,1,2,0,2,0
550575131,START,222,549,7489014,220,221,1,0,0,0,873865,858812,0,0,1,1,220,432734593,110351513,29522528,27424998,1073743217,1,1,0,0,0,1,1,0,1,2,0,2,0
551460873,FIELD,220,549,7510948,220,221,1,0,0,0,875194,858812,0,0,1,1,220,433598400,110351513,29522528,27444512,1073745267,0,1,0,0,0,1,1,0,1,2,0,2,0
552459966,FIELD,220,550,7534276,220,221,1,0,0,0,876692,858812,0,0,1,1,220,434574165,110351513,29522528,27463568,1073745267,0,1,0,0,0,1,1,0,1,2,0,2,0
553438613,READY,222,551,7556333,220,221,1,0,0,0,878160,858812,0,0,1,1,220,435530756,110351513,29522528,27483948,1073745267,1,1,0,0,0,1,1,1,1,2,0,2,0
553462873,FIELD,220,551,7556333,220,221,1,1,0,0,878197,858812,0,0,1,1,220,435530756,110375772,29522528,27483948,1140856179,1,1,0,0,0,1,1,1,1,0,0,2,0
553462874,START,223,552,7556334,221,219,1,0,0,0,878197,858812,0,1,0,1,220,435530756,110375773,29522528,27483948,1140856131,1,1,0,0,0,1,1,1,1,0,0,2,0
553462874,SELECT,221,552,7556334,221,219,1,0,0,0,878197,858812,0,1,0,1,220,435530756,110375773,29522528,27483948,1140856131,1,1,0,0,0,1,1,1,1,0,0,2,0
553546766,PUBLISH,221,552,7557652,221,219,1,0,0,0,878323,858812,0,1,0,1,221,435613329,110375773,29522528,27488707,1091872067,0,1,0,0,0,1,1,1,1,0,0,2,0
554461966,FIELD,221,552,7570308,221,219,1,0,0,0,879695,858812,0,1,0,1,221,436515873,110375773,29522528,27607922,1091872067,0,1,0,0,0,1,1,1,1,0,0,2,0
555464873,FIELD,221,553,7582468,221,219,1,1,0,0,881200,858812,0,1,0,1,221,437506620,110375773,29522528,27748418,1091872067,0,1,0,0,0,1,1,1,1,0,0,2,0
555464874,SELECT,219,554,7582468,219,222,0,0,0,0,881200,858812,0,1,1,1,221,437506621,110375773,29522528,27748418,1125426435,0,1,0,0,0,1,1,1,2,0,0,2,0
555548766,PUBLISH,219,554,7583124,219,222,0,0,0,0,881326,858812,0,1,1,1,222,437589857,110375773,29522528,27759392,1125426435,0,1,0,0,0,1,1,1,2,0,0,2,0
555558800,READY,223,554,7583124,219,222,0,0,0,0,881341,858812,0,1,1,1,222,437599891,110375773,29522528,27761023,1125426435,0,1,0,0,0,1,1,1,2,0,0,2,0
555558803,START,224,554,7583126,219,223,1,0,0,0,881341,858812,0,1,1,1,222,437599892,110375774,29522528,27761023,1073742409,1,1,0,0,0,1,1,1,2,0,0,2,0
556463966,FIELD,219,554,7596320,219,223,1,0,0,0,882698,858812,0,1,1,1,222,438491860,110375774,29522528,27872411,1073742925,0,1,0,0,0,1,1,1,2,0,0,2,0
557466873,FIELD,219,555,7607032,219,223,1,0,0,0,884203,858812,0,1,1,1,222,439484055,110375774,29522528,28001905,1073742925,0,1,0,0,0,1,1,1,2,0,0,2,0
557645343,READY,224,556,7609288,219,223,1,0,0,0,884471,858812,0,1,1,1,222,439660269,110375774,29522528,28022938,1073742925,0,1,0,0,0,1,1,1,2,0,0,2,0
557645345,START,225,556,7609290,219,223,1,0,0,0,884471,858812,0,1,1,1,222,439660270,110375774,29522528,28022938,1073742937,1,1,0,0,0,1,1,1,2,0,0,2,0
558465966,FIELD,219,556,7629334,219,223,1,1,0,0,885701,858812,0,1,1,1,222,440460846,110375774,29522528,28038813,1073744987,0,1,0,0,0,1,1,1,2,0,0,2,0
558465967,SELECT,223,557,7629334,223,224,1,0,0,0,885701,858812,0,0,0,1,222,440460847,110375774,29522528,28038813,1073745267,0,1,0,0,0,1,1,1,2,0,0,2,0
558553673,PUBLISH,223,557,7630600,223,224,1,0,0,0,885833,858812,0,0,0,1,223,440547287,110375774,29522528,28039478,1073745267,0,1,0,0,0,1,1,1,2,0,0,2,0
559468873,FIELD,223,557,7650764,223,224,1,0,0,0,887206,858812,0,0,0,1,223,441442323,110375774,29522528,28064133,1073745267,0,1,0,0,0,1,1,1,2,0,0,2,0
560467966,FIELD,223,558,7674016,223,224,1,1,0,0,888704,858812,0,0,0,1,223,442418164,110375774,29522528,28086247,1073745267,0,1,0,0,0,1,1,1,2,0,0,2,0
560467967,SELECT,224,559,7674016,224,222,1,0,0,0,888704,858812,0,0,1,1,223,442418165,110375774,29522528,28086247,1073745219,0,1,0,0,0,1,1,1,2,0,0,2,0
560472858,READY,225,559,7674017,224,222,1,0,0,0,888712,858812,0,0,1,0,224,442423056,110375774,29522528,28086777,1073745219,1,1,0,0,0,1,1,2,2,0,0,2,0
560472859,START,226,559,7674018,224,222,1,0,0,0,888712,858812,0,0,1,0,224,442423056,110375774,29522528,28086777,1140856131,1,1,0,0,0,1,1,2,2,1,0,2,0
560555673,PUBLISH,224,559,7675288,224,222,1,0,0,0,888836,858812,0,0,1,1,224,442504599,110375774,29522528,28091747,1091872067,0,1,0,0,0,1,1,2,2,1,0,2,0
561470873,FIELD,224,559,7687620,224,222,1,0,0,0,890209,858812,0,0,1,1,224,443407467,110375774,29522528,28214204,1091872067,0,1,0,0,0,1,1,2,2,1,0,2,0
562469966,FIELD,224,560,7699904,224,222,1,0,0,0,891707,858812,0,0,1,1,224,444394276,110375774,29522528,28346724,1091872067,0,1,0,0,0,1,1,2,2,1,0,2,0
562541968,READY,226,561,7699904,224,222,1,0,0,0,891815,858812,0,0,1,1,224,444466278,110375774,29522528,28354959,1091872067,0,1,0,0,0,1,1,2,2,1,0,2,0
563472873,FIELD,224,561,7699905,224,222,1,1,0,0,893212,858812,0,0,1,1,224,444466279,111306677,29522528,28354959,1091904835,1,1,0,0,0,1,1,2,2,1,0,2,0
563472874,SELECT,222,562,7699905,222,225,0,0,0,0,893212,858812,0,1,0,1,224,444466279,111306678,29522528,28354959,1125459203,1,1,0,0,0,1,1,2,0,1,0,2,0
563472875,START,227,562,7699906,222,226,1,0,0,0,893212,858812,0,1,0,1,225,444466279,111306679,29522528,28354959,1073742409,1,0,0,0,0,1,1,2,0,1,0,2,0
563556766,PUBLISH,222,562,7701164,222,226,1,0,0,0,893338,858812,0,1,0,1,225,444548911,111306679,29522528,28359023,1073742925,0,1,0,0,0,1,1,2,0,1,0,2,0
564471966,FIELD,222,562,7713304,222,226,1,0,0,0,894710,858812,0,1,0,1,225,445451971,111306679,29522528,28481135,1073742925,0,1,0,0,0,1,1,2,0,1,0,2,0
565474873,FIELD,222,563,7725326,222,226,1,1,0,0,896215,858812,0,1,0,1,225,446442856,111306679,29522528,28614275,1073742925,0,1,0,0,0,1,1,2,0,1,0,2,0
565474874,SELECT,226,564,7725326,226,225,0,0,0,0,896215,858812,0,1,1,1,225,446442857,111306679,29522528,28614275,1073743205,0,1,0,0,0,1,1,2,0,1,0,2,0
565553104,READY,227,564,7725372,226,225,0,0,0,0,896332,858812,0,1,1,0,226,446521041,111306679,29522528,28622501,1073743205,0,1,0,0,0,1,1,2,0,1,0,2,0
565553266,START,228,564,7725534,226,227,1,0,0,0,896332,858812,0,1,1,0,226,446521042,111306679,29522528,28622501,1073743217,1,1,0,0,0,1,1,2,0,1,0,2,0
565558766,PUBLISH,226,564,7725665,226,227,1,0,0,0,896341,858812,0,1,1,1,226,446526410,111306679,29522528,28622507,1073745267,0,1,0,0,0,1,1,2,0,1,0,2,0
566473966,FIELD,226,564,7762820,226,227,1,0,0,0,897713,858812,0,1,1,1,226,447404455,111306679,29522528,28652172,1073745267,0,1,0,0,0,1,1,2,0,1,0,2,0
567476873,FIELD,226,565,7803558,226,227,1,0,0,0,899218,858812,0,1,1,1,226,448366624,111306679,29522528,28681393,1073745267,0,1,0,0,0,1,1,2,0,1,0,2,0
568096433,PTS,20,566,7828349,226,227,1,0,0,0,900147,858812,0,1,1,1,226,448961394,111306679,29522528,28697978,1073745267,1,1,0,0,0,1,1,2,0,1,0,2,0
568110088,START,229,566,7828818,226,227,1,0,0,0,900168,858812,0,1,1,1,226,448974580,111306679,29522528,28698551,1073745267,1,1,0,0,0,1,1,2,0,1,0,2,0
568110089,READY,228,566,7828818,226,227,1,0,0,0,900168,858812,0,1,1,1,226,448974580,111306679,29522528,28698551,1073745267,1,1,0,0,0,1,1,0,0,1,0,2,0
568475966,FIELD,226,566,7828818,226,227,1,1,0,0,900716,858812,0,1,1,1,226,448974580,111672556,29522528,28698551,1140856179,1,1,0,0,0,1,1,0,0,2,0,2,0
568475967,SELECT,227,567,7828818,227,225,1,0,0,0,900716,858812,0,0,0,1,226,448974580,111672557,29522528,28698551,1140856131,1,1,0,0,0,1,1,0,0,2,0,2,0
568563673,PUBLISH,227,567,7830148,227,225,1,0,0,0,900848,858812,0,0,0,1,227,449060955,111672558,29522528,28703221,1091872067,0,1,0,0,0,1,1,0,0,2,0,2,0
569478873,FIELD,227,567,7844584,227,225,1,0,0,0,902221,858812,0,0,0,1,227,449961719,111672558,29522528,28829302,1091872067,0,1,0,0,0,1,1,0,0,2,0,2,0
570477967,FIELD,227,568,7857228,227,225,1,1,0,0,903719,858812,0,0,0,1,227,450948169,111672558,29522528,28983605,1091872067,0,1,0,0,0,1,1,0,0,2,0,2,0
570477968,SELECT,225,569,7857228,225,228,0,0,0,0,903719,858812,0,0,1,1,227,450948170,111672558,29522528,28983605,1125426435,0,1,0,0,0,1,1,0,1,2,0,2,0
570485176,READY,229,569,7857228,225,228,0,0,0,0,903730,858812,0,0,1,0,228,450955378,111672558,29522528,28984740,1125426435,0,1,0,0,0,1,1,0,1,2,0,2,0
570485179,START,230,569,7857230,225,229,1,0,1,0,903730,858812,0,0,1,0,228,450955379,111672559,29522528,28984740,1073742409,1,1,0,0,0,1,1,0,1,2,0,2,0
570565673,PUBLISH,225,569,7858424,225,229,1,0,1,0,903851,858812,0,0,1,1,228,451034678,111672559,29522528,28989165,1073742925,0,1,0,0,0,1,1,0,1,2,0,2,0
571480873,FIELD,225,569,7872420,225,229,1,0,1,1,905224,858812,0,0,1,1,228,451935882,111672559,29522528,29118996,1073742925,0,1,0,0,0,1,1,0,1,2,0,2,0
572415672,READY,230,570,7884428,225,229,1,0,1,1,906626,858812,0,0,1,1,228,452858673,111672559,29522528,29259964,1073742925,0,1,0,0,0,1,1,0,1,2,0,2,0
572415674,START,231,570,7884430,225,229,1,0,1,1,906626,858812,0,0,1,1,228,452858674,111672559,29522528,29259964,1073742937,1,1,0,0,0,1,1,0,1,2,0,2,0
572479967,FIELD,225,570,7886996,225,229,1,0,1,1,906722,858812,0,0,1,1,228,452920400,111672559,29522528,29260877,1073744987,0,1,0,0,0,1,1,0,1,2,0,2,0
573482873,FIELD,225,571,7910986,225,229,1,1,1,1,908227,858812,0,0,1,1,228,453899316,111672559,29522528,29281103,1073744987,0,1,0,0,0,1,1,0,1,2,0,2,0
573482874,SELECT,229,572,7910986,229,230,1,0,0,0,908227,903857,1,1,0,1,228,453899317,111672559,29522528,29281103,1073745267,0,1,0,0,0,1,1,0,1,2,0,2,0
573566766,PUBLISH,229,572,7912508,229,230,1,0,0,0,908353,903857,1,1,0,1,229,453981687,111672559,29522528,29281795,1073745267,0,1,0,0,0,1,1,0,1,2,0,2,0
574481967,FIELD,229,572,7933071,229,230,1,0,0,0,909725,903857,1,1,0,1,229,454876326,111672559,29522528,29304067,1073745267,1,1,0,0,0,1,1,0,1,2,0,2,0
575148358,READY,231,573,7948817,229,230,1,0,0,0,910725,903857,1,1,0,1,229,455526971,111672559,29522528,29319708,1073745267,1,1,0,0,0,1,1,1,1,2,0,2,0
575484873,FIELD,229,573,7948817,229,230,1,1,0,0,911230,903857,1,1,0,1,229,455526971,112009073,29522528,29319708,1140856179,1,1,0,0,0,1,1,1,1,0,0,2,0
575484874,START,232,574,7948818,230,228,1,0,0,0,911230,903857,0,1,1,1,229,455526971,112009074,29522528,29319708,1140856131,1,1,0,0,0,1,1,1,1,0,0,2,0
575484874,SELECT,230,574,7948818,230,228,1,0,0,0,911230,903857,0,1,1,1,229,455526971,112009074,29522528,29319708,1140856131,1,1,0,0,0,1,1,1,1,0,0,2,0
575568766,PUBLISH,230,574,7950036,230,228,1,0,0,0,911356,903857,0,1,1,1,230,455609644,112009074,29522528,29324241,1091872067,0,1,0,0,0,1,1,1,1,0,0,2,0
576483967,FIELD,230,574,7963548,230,228,1,0,0,0,912728,903857,0,1,1,1,230,456511333,112009074,29522528,29457074,1091872067,0,1,0,0,0,1,1,1,1,0,0,2,0
577366313,READY,232,575,7974572,230,228,1,0,0,0,914052,903857,0,1,1,1,230,457382655,112009074,29522528,29591207,1091872067,0,1,0,0,0,1,1,1,1,0,0,2,0
577486873,FIELD,230,575,7974573,230,228,1,0,0,0,914233,903857,0,1,1,1,230,457382656,112129632,29522528,29591207,1091904835,1,1,0,0,0,1,1,1,1,0,0,2,0
578485967,FIELD,230,576,7974573,230,228,1,1,0,0,915731,903857,0,1,1,1,230,457382656,113128726,29522528,29591207,1091904835,1,1,0,0,0,1,1,1,1,0,0,2,0
578485968,SELECT,228,577,7974573,228,231,0,0,0,0,915731,858812,0,0,0,1,230,457382656,113128727,29522528,29591207,1125459203,1,1,0,0,0,1,1,1,2,0,0,2,0
578485969,START,233,577,7974574,228,232,1,0,0,0,915731,858812,0,0,0,1,231,457382656,113128728,29522528,29591207,1073742409,1,0,0,0,0,1,1,1,2,0,0,2,0
578573673,PUBLISH,228,577,7975941,228,232,1,0,0,0,915863,858812,0,0,0,1,231,457468993,113128728,29522528,29594737,1073742925,1,1,0,0,0,1,1,1,2,0,0,2,0
579488873,FIELD,228,577,7989740,228,232,1,0,0,0,917236,858812,0,0,0,1,231,458370393,113128728,29522528,29729269,1073742925,0,1,0,0,0,1,1,1,2,0,0,2,0
580373795,READY,233,578,8000608,228,232,1,0,0,0,918563,858812,0,0,0,1,231,459244447,113128728,29522528,29859417,1073742925,0,1,0,0,0,1,1,1,2,0,0,2,0
580373797,START,234,578,8000610,228,232,1,0,0,0,918563,858812,0,0,0,1,231,459244448,113128728,29522528,29859417,1073742937,1,1,0,0,0,1,1,1,2,0,0,2,0
580487967,FIELD,228,578,8003592,228,232,1,1,0,0,918734,858812,0,0,0,1,231,459355635,113128728,29522528,29861150,1073744987,0,1,0,0,0,1,1,1,2,0,0,2,0
580487968,SELECT,232,579,8003592,232,233,1,0,0,0,918734,903857,0,0,1,1,231,459355636,113128728,29522528,29861150,1073745267,0,1,0,0,0,1,1,1,2,0,0,2,0
580575673,PUBLISH,232,579,8005788,232,233,1,0,0,0,918866,903857,0,0,1,1,232,459441145,113128728,29522528,29861434,1073745267,0,1,0,0,0,1,1,1,2,0,0,2,0
581490873,FIELD,232,579,8029226,232,233,1,0,0,0,920239,903857,0,0,1,1,232,460332907,113128728,29522528,29880921,1073745267,0,1,0,0,0,1,1,1,2,0,0,2,0
582489967,FIELD,232,580,8049996,232,233,1,0,0,0,921737,903857,0,0,1,1,232,461311231,113128728,29522528,29901627,1073745267,0,1,0,0,0,1,1,1,2,0,0,2,0
583162906,READY,234,581,8065701,232,233,1,0,0,0,922747,903857,0,0,1,1,232,461968466,113128728,29522528,29918811,1073745267,1,1,0,0,0,1,1,2,2,0,0,2,0
583492873,FIELD,232,581,8065701,232,233,1,1,0,0,923242,903857,0,0,1,1,232,461968466,113458694,29522528,29918811,1140856179,1,1,0,0,0,1,1,2,2,1,0,2,0
583492874,START,235,582,8065702,233,231,1,0,0,0,923242,903857,0,1,0,1,232,461968466,113458695,29522528,29918811,1140856131,1,1,0,0,0,1,1,2,2,1,0,2,0
583492874,SELECT,233,582,8065702,233,231,1,0,0,0,923242,903857,0,1,0,1,232,461968466,113458695,29522528,29918811,1140856131,1,1,0,0,0,1,1,2,2,1,0,2,0
583576767,PUBLISH,233,582,8067120,233,231,1,0,0,0,923368,903857,0,1,0,1,233,462050940,113458695,29522528,29922777,1091872067,0,1,0,0,0,1,1,2,2,1,0,2,0
584491967,FIELD,233,582,8080480,233,231,1,0,0,0,924740,903857,0,1,0,1,233,462952780,113458695,29522528,30050435,1091872067,0,1,0,0,0,1,1,2,2,1,0,2,0
585413992,READY,235,583,8091492,233,231,1,0,0,0,926123,903857,0,1,0,1,233,463863793,113458695,29522528,30184864,1091872067,0,1,0,0,0,1,1,2,2,1,0,2,0
585494873,FIELD,233,583,8091493,233,231,1,1,0,0,926245,903857,0,1,0,1,233,463863794,113539574,29522528,30184864,1091904835,1,1,0,0,0,1,1,2,2,1,0,2,0
585494874,SELECT,231,584,8091493,231,234,0,0,0,0,926245,903857,0,1,1,1,233,463863794,113539575,29522528,30184864,1125459203,1,1,0,0,0,1,1,2,0,1,0,2,0
585494875,START,236,584,8091494,231,235,1,0,0,0,926245,903857,0,1,1,1,234,463863794,113539576,29522528,30184864,1073742409,1,0,0,0,0,1,1,2,0,1,0,2,0
585578767,PUBLISH,231,584,8092824,231,235,1,0,0,0,926371,903857,0,1,1,1,234,463946355,113539576,29522528,30188228,1073742925,0,1,0,0,0,1,1,2,0,1,0,2,0
586493967,FIELD,231,584,8105884,231,235,1,0,0,0,927743,903857,0,1,1,1,234,464848495,113539576,29522528,30315425,1073742925,0,1,0,0,0,1,1,2,0,1,0,2,0
587397816,READY,236,585,8117096,231,235,1,0,0,0,929099,903857,0,1,1,1,234,465741132,113539576,29522528,30447943,1073742925,0,1,0,0,0,1,1,2,0,1,0,2,0
587397818,START,237,585,8117098,231,235,1,0,0,0,929099,903857,0,1,1,1,234,465741133,113539576,29522528,30447943,1073742937,1,1,0,0,0,1,1,2,0,1,0,2,0
587496873,FIELD,231,585,8120008,231,235,1,0,0,0,929248,903857,0,1,1,1,234,465837277,113539576,29522528,30449825,1073744987,0,1,0,0,0,1,1,2,0,1,0,2,0
588495967,FIELD,231,586,8145112,231,235,1,1,0,0,930746,903857,0,1,1,1,234,466811267,113539576,29522528,30471211,1073744987,0,1,0,0,0,1,1,2,0,1,0,2,0
588495968,SELECT,235,587,8145112,235,236,1,0,0,0,930746,903857,0,0,0,1,234,466811268,113539576,29522528,30471211,1073745267,0,1,0,0,0,1,1,2,0,1,0,2,0
588583673,PUBLISH,235,587,8147440,235,236,1,0,0,0,930878,903857,0,0,0,1,235,466896645,113539576,29522528,30471997,1073745267,0,1,0,0,0,1,1,2,0,1,0,2,0
589498873,FIELD,235,587,8166492,235,236,1,0,0,0,932251,903857,0,0,0,1,235,467792793,113539576,29522528,30492644,1073745267,0,1,0,0,0,1,1,2,0,1,0,2,0
590087194,READY,237,588,8178885,235,236,1,0,0,0,933133,903857,0,0,0,1,235,468368722,113539576,29522528,30506723,1073745267,1,1,0,0,0,1,1,0,0,1,0,2,0
590497967,FIELD,235,588,8178885,235,236,1,1,0,0,933749,903857,0,0,0,1,235,468368722,113950348,29522528,30506723,1140856179,1,1,0,0,0,1,1,0,0,2,0,2,0
590497968,START,238,589,8178886,236,234,1,0,0,0,933749,903857,0,0,1,1,235,468368722,113950349,29522528,30506723,1140856131,1,1,0,0,0,1,1,0,0,2,0,2,0
590497968,SELECT,236,589,8178886,236,234,1,0,0,0,933749,903857,0,0,1,1,235,468368722,113950349,29522528,30506723,1140856131,1,1,0,0,0,1,1,0,0,2,0,2,0
590585673,PUBLISH,236,589,8180168,236,234,1,0,0,0,933881,903857,0,0,1,1,236,468455144,113950349,29522528,30511034,1091872067,0,1,0,0,0,1,1,0,0,2,0,2,0
591500873,FIELD,236,589,8195156,236,234,1,0,0,0,935254,903857,0,0,1,1,236,469355356,113950349,29522528,30643278,1091872067,0,1,0,0,0,1,1,0,0,2,0,2,0
592386872,READY,238,590,8205288,236,234,1,0,0,0,936583,903857,0,0,1,1,236,470231223,113950349,29522528,30775940,1091872067,0,1,0,0,0,1,1,0,0,2,0,2,0
592499967,FIELD,236,590,8205289,236,234,1,0,0,0,936752,903857,0,0,1,1,236,470231224,114063442,29522528,30775940,1091904835,1,1,0,0,0,1,1,0,0,2,0,2,0
593502873,FIELD,236,591,8205289,236,234,1,1,0,0,938257,903857,0,0,1,1,236,470231224,115066348,29522528,30775940,1091904835,1,1,0,0,0,1,1,0,0,2,0,2,0
593502874,SELECT,234,592,8205289,234,237,0,0,0,0,938257,903857,0,1,0,1,236,470231224,115066349,29522528,30775940,1125459203,1,1,0,0,0,1,1,0,1,2,0,2,0
593502875,START,239,592,8205290,234,238,1,0,0,0,938257,903857,0,1,0,1,237,470231224,115066350,29522528,30775940,1073742409,1,0,0,0,0,1,1,0,1,2,0,2,0
593586767,PUBLISH,234,592,8206544,234,238,1,0,0,0,938383,903857,0,1,0,1,237,470313861,115066350,29522528,30779231,1073742925,0,1,0,0,0,1,1,0,1,2,0,2,0
594501967,FIELD,234,592,8220488,234,238,1,0,0,0,939755,903857,0,1,0,1,237,471215117,115066350,29522528,30908497,1073742925,0,1,0,0,0,1,1,0,1,2,0,2,0
595371965,READY,239,593,8231016,234,238,1,0,0,0,941060,903857,0,1,0,1,237,472074587,115066350,29522528,31033834,1073742925,0,1,0,0,0,1,1,0,1,2,0,2,0
595372127,START,240,593,8231178,234,238,1,0,0,0,941061,903857,0,1,0,1,237,472074588,115066350,29522528,31033834,1073742937,1,1,0,0,0,1,1,0,1,2,0,2,0
595504873,FIELD,234,593,8234657,234,238,1,1,0,0,941260,903857,0,1,0,1,237,472203854,115066350,29522528,31038878,1073744987,0,1,0,0,0,1,1,0,1,2,0,2,0
595504874,SELECT,238,594,8234657,238,239,1,0,0,0,941260,903857,0,1,1,1,237,472203855,115066350,29522528,31038878,1073745267,0,1,0,0,0,1,1,0,1,2,0,2,0
595588767,PUBLISH,238,594,8237394,238,239,1,0,0,0,941386,903857,0,1,1,1,238,472285012,115066350,29522528,31039452,1073745267,1,1,0,0,0,1,1,0,1,2,0,2,0
596503967,FIELD,238,594,8276490,238,239,1,0,0,0,942758,903857,0,1,1,1,238,473161115,115066350,29522528,31066303,1073745267,0,1,0,0,0,1,1,0,1,2,0,2,0
597506874,FIELD,238,595,8316719,238,239,1,0,0,0,944263,903857,0,1,1,1,238,474123793,115066350,29522528,31095413,1073745267,0,1,0,0,0,1,1,0,1,2,0,2,0
597865124,PTS,21,596,8330143,238,239,1,0,0,0,944800,903857,0,1,1,1,238,474468620,115066350,29522528,31104523,1073745267,1,1,0,0,0,1,1,0,1,2,0,2,0
597902671,START,241,596,8331498,238,239,1,0,0,0,944857,903857,0,1,1,1,238,474504812,115066350,29522528,31105692,1073745267,1,1,0,0,0,1,1,0,1,2,0,2,0
597902672,READY,240,596,8331498,238,239,1,0,0,0,944857,903857,0,1,1,1,238,474504812,115066350,29522528,31105692,1073745267,1,1,0,0,0,1,1,1,1,2,0,2,0
598505967,FIELD,238,596,8331498,238,239,1,1,0,0,945761,903857,0,1,1,1,238,474504812,115669645,29522528,31105692,1140856179,1,1,0,0,0,1,1,1,1,0,0,2,0
598505968,SELECT,239,597,8331498,239,237,1,0,0,0,945761,903857,0,0,0,1,238,474504812,115669646,29522528,31105692,1140856131,1,1,0,0,0,1,1,1,1,0,0,2,0
598593673,PUBLISH,239,597,8333112,239,237,1,0,0,0,945893,903857,0,0,0,1,239,474590902,115669647,29522528,31109499,1091872067,0,1,0,0,0,1,1,1,1,0,0,2,0
599508874,FIELD,239,597,8348616,239,237,1,0,0,0,947266,903857,0,0,0,1,239,475490599,115669647,29522528,31226553,1091872067,0,1,0,0,0,1,1,1,1,0,0,2,0
600474494,READY,241,598,8360240,239,237,1,0,0,0,948714,903857,0,0,0,1,239,476444595,115669647,29522528,31364470,1091872067,0,1,0,0,0,1,1,1,1,0,0,2,0
600507967,FIELD,239,598,8360241,239,237,1,1,0,0,948764,903857,0,0,0,1,239,476444596,115703118,29522528,31364470,1091904835,1,1,0,0,0,1,1,1,1,0,0,2,0
600507968,SELECT,237,599,8360241,237,240,0,0,0,0,948764,903857,0,0,1,1,239,476444596,115703119,29522528,31364470,1125459203,1,1,0,0,0,1,1,1,2,0,0,2,0
600507969,START,242,599,8360242,237,241,1,0,1,0,948764,903857,0,0,1,1,240,476444596,115703120,29522528,31364470,1073742409,1,0,0,0,0,1,1,1,2,0,0,2,0
600595673,PUBLISH,237,599,8361968,237,241,1,0,1,0,948896,903857,0,0,1,1,240,476530573,115703120,29522528,31367625,1073742925,0,1,0,0,0,1,1,1,2,0,0,2,0
601510874,FIELD,237,599,8377376,237,241,1,0,1,1,950269,903857,0,0,1,1,240,477430366,115703120,29522528,31483269,1073742925,0,1,0,0,0,1,1,1,2,0,0,2,0
602414781,READY,242,600,8388196,237,241,1,0,1,1,951625,903857,0,0,1,1,240,478323453,115703120,29522528,31607001,1073742925,0,1,0,0,0,1,1,1,2,0,0,2,0
602414783,START,243,600,8388198,237,241,1,0,1,1,951625,903857,0,0,1,1,240,478323454,115703120,29522528,31607001,1073742937,1,1,0,0,0,1,1,1,2,0,0,2,0
602509967,FIELD,237,600,8391500,237,241,1,0,1,1,951767,903857,0,0,1,1,240,478415335,115703120,29522528,31608889,1073744987,0,1,0,0,0,1,1,1,2,0,0,2,0
603512874,FIELD,237,601,8417876,237,241,1,1,1,1,953272,903857,0,0,1,1,240,479391866,115703120,29522528,31631029,1073744987,0,1,0,0,0,1,1,1,2,0,0,2,0
603512875,SELECT,241,602,8417876,241,242,1,0,0,0,953272,948902,1,1,0,1,240,479391867,115703120,29522528,31631029,1073745267,0,1,0,0,0,1,1,1,2,0,0,2,0
603596767,PUBLISH,241,602,8420324,241,242,1,0,0,0,953398,948902,1,1,0,1,241,479473311,115703120,29522528,31631365,1073745267,0,1,0,0,0,1,1,1,2,0,0,2,0
604511967,FIELD,241,602,8439915,241,242,1,0,0,0,954770,948902,1,1,0,1,241,480368921,115703120,29522528,31652754,1073745267,1,1,0,0,0,1,1,1,2,0,0,2,0
605033242,READY,243,603,8450909,241,242,1,0,0,0,955552,948902,1,1,0,1,241,480879202,115703120,29522528,31666053,1073745267,1,1,0,0,0,1,1,2,2,0,0,2,0
605514874,FIELD,241,603,8450909,241,242,1,1,0,0,956275,948902,1,1,0,1,241,480879202,116184751,29522528,31666053,1140856179,1,1,0,0,0,1,1,2,2,1,0,2,0
605514875,START,244,604,8450910,242,240,1,0,0,0,956275,948902,0,1,1,1,241,480879202,116184752,29522528,31666053,1140856131,1,1,0,0,0,1,1,2,2,1,0,2,0
605514875,SELECT,242,604,8450910,242,240,1,0,0,0,956275,948902,0,1,1,1,241,480879202,116184752,29522528,31666053,1140856131,1,1,0,0,0,1,1,2,2,1,0,2,0
605598767,PUBLISH,242,604,8452552,242,240,1,0,0,0,956401,948902,0,1,1,1,242,480961451,116184752,29522528,31669316,1091872067,0,1,0,0,0,1,1,2,2,1,0,2,0
606513967,FIELD,242,604,8467672,242,240,1,0,0,0,957773,948902,0,1,1,1,242,481861531,116184752,29522528,31788764,1091872067,0,1,0,0,0,1,1,2,2,1,0,2,0
607330329,READY,244,605,8477664,242,240,1,0,0,0,958998,948902,0,1,1,1,242,482667901,116184752,29522528,31901219,1091872067,0,1,0,0,0,1,1,2,2,1,0,2,0
607516874,FIELD,242,605,8477665,242,240,1,0,0,0,959278,948902,0,1,1,1,242,482667902,116371295,29522528,31901219,1091904835,1,1,0,0,0,1,1,2,2,1,0,2,0
608515967,FIELD,242,606,8477665,242,240,1,1,0,0,960776,948902,0,1,1,1,242,482667902,117370388,29522528,31901219,1091904835,1,1,0,0,0,1,1,2,2,1,0,2,0
608515968,SELECT,240,607,8477665,240,243,0,0,0,0,960776,903857,0,0,0,1,242,482667902,117370389,29522528,31901219,1125459203,1,1,0,0,0,1,1,2,0,1,0,2,0
608515969,START,245,607,8477666,240,244,1,0,0,0,960776,903857,0,0,0,1,243,482667902,117370390,29522528,31901219,1073742409,1,0,0,0,0,1,1,2,0,1,0,2,0
608603674,PUBLISH,240,607,8479396,240,244,1,0,0,0,960908,903857,0,0,0,1,243,482753877,117370390,29522528,31904084,1073742925,1,1,0,0,0,1,1,2,0,1,0,2,0
609518874,FIELD,240,607,8494336,240,244,1,0,0,0,962281,903857,0,0,0,1,243,483654136,117370390,29522528,32025148,1073742925,0,1,0,0,0,1,1,2,0,1,0,2,0
610317672,READY,245,608,8504140,240,244,1,0,0,0,963479,903857,0,0,0,1,243,484443130,117370390,29522528,32132729,1073742925,0,1,0,0,0,1,1,2,0,1,0,2,0
610317674,START,246,608,8504142,240,244,1,0,0,0,963479,903857,0,0,0,1,243,484443131,117370390,29522528,32132729,1073742937,1,1,0,0,0,1,1,2,0,1,0,2,0
610517967,FIELD,240,608,8509656,240,244,1,1,0,0,963779,903857,0,0,0,1,243,484637909,117370390,29522528,32136878,1073744987,0,1,0,0,0,1,1,2,0,1,0,2,0
610517968,SELECT,244,609,8509656,244,245,1,0,0,0,963779,948902,0,0,1,1,243,484637910,117370390,29522528,32136878,1073745267,0,1,0,0,0,1,1,2,0,1,0,2,0
610605674,PUBLISH,244,609,8511528,244,245,1,0,0,0,963911,948902,0,0,1,1,244,484723744,117370390,29522528,32137174,1073745267,0,1,0,0,0,1,1,2,0,1,0,2,0
611520874,FIELD,244,609,8536208,244,245,1,0,0,0,965284,948902,0,0,1,1,244,485614264,117370390,29522528,32157807,1073745267,0,1,0,0,0,1,1,2,0,1,0,2,0
612519967,FIELD,244,610,8558752,244,245,1,0,0,0,966782,948902,0,0,1,1,244,486590813,117370390,29522528,32179071,1073745267,0,1,0,0,0,1,1,2,0,1,0,2,0
612968518,READY,246,611,8567529,244,245,1,0,0,0,967455,948902,0,0,1,1,244,487030588,117370390,29522528,32189495,1073745267,1,1,0,0,0,1,1,0,0,1,0,2,0
613522874,FIELD,244,611,8567529,244,245,1,1,0,0,968287,948902,0,0,1,1,244,487030588,117924745,29522528,32189495,1140856179,1,1,0,0,0,1,1,0,0,2,0,2,0
613522875,START,247,612,8567530,245,243,1,0,0,0,968287,948902,0,1,0,1,244,487030588,117924746,29522528,32189495,1140856131,1,1,0,0,0,1,1,0,0,2,0,2,0
613522875,SELECT,245,612,8567530,245,243,1,0,0,0,968287,948902,0,1,0,1,244,487030588,117924746,29522528,32189495,1140856131,1,1,0,0,0,1,1,0,0,2,0,2,0
613606767,PUBLISH,245,612,8569416,245,243,1,0,0,0,968413,948902,0,1,0,1,245,487112593,117924746,29522528,32192746,1091872067,0,1,0,0,0,1,1,0,0,2,0,2,0
614521967,FIELD,245,612,8584732,245,243,1,0,0,0,969785,948902,0,1,0,1,245,488012477,117924746,29522528,32303749,1091872067,0,1,0,0,0,1,1,0,0,2,0,2,0
615362841,READY,247,613,8594156,245,243,1,0,0,0,971047,948902,0,1,0,1,245,488843927,117924746,29522528,32416030,1091872067,0,1,0,0,0,1,1,0,0,2,0,2,0
615524874,FIELD,245,613,8594157,245,243,1,1,0,0,971290,948902,0,1,0,1,245,488843928,118086777,29522528,32416030,1091904835,1,1,0,0,0,1,1,0,0,2,0,2,0
615524875,SELECT,243,614,8594157,243,246,0,0,0,0,971290,948902,0,1,1,1,245,488843928,118086778,29522528,32416030,1125459203,1,1,0,0,0,1,1,0,1,2,0,2,0
615524876,START,248,614,8594158,243,247,1,0,0,0,971290,948902,0,1,1,1,246,488843928,118086779,29522528,32416030,1073742409,1,0,0,0,0,1,1,0,1,2,0,2,0
615608767,PUBLISH,243,614,8595816,243,247,1,0,0,0,971416,948902,0,1,1,1,246,488926160,118086779,29522528,32419081,1073742925,0,1,0,0,0,1,1,0,1,2,0,2,0
616523967,FIELD,243,614,8610876,243,247,1,0,0,0,972788,948902,0,1,1,1,246,489826300,118086779,29522528,32535620,1073742925,0,1,0,0,0,1,1,0,1,2,0,2,0
617341648,READY,248,615,8620736,243,247,1,0,0,0,974015,948902,0,1,1,1,246,490634121,118086779,29522528,32636318,1073742925,0,1,0,0,0,1,1,0,1,2,0,2,0
617341650,START,249,615,8620738,243,247,1,0,0,0,974015,948902,0,1,1,1,246,490634122,118086779,29522528,32636318,1073742937,1,1,0,0,0,1,1,0,1,2,0,2,0
617526874,FIELD,243,615,8626032,243,247,1,0,0,0,974293,948902,0,1,1,1,246,490814051,118086779,29522528,32639909,1073744987,0,1,0,0,0,1,1,0,1,2,0,2,0
618525967,FIELD,243,616,8651056,243,247,1,1,0,0,975791,948902,0,1,1,1,246,491788120,118086779,29522528,32662231,1073744987,0,1,0,0,0,1,1,0,1,2,0,2,0
618525968,SELECT,247,617,8651056,247,248,1,0,0,0,975791,948902,0,0,0,1,246,491788121,118086779,29522528,32662231,1073745267,0,1,0,0,0,1,1,0,1,2,0,2,0
618613674,PUBLISH,247,617,8653584,247,248,1,0,0,0,975923,948902,0,0,0,1,247,491873299,118086779,29522528,32662685,1073745267,0,1,0,0,0,1,1,0,1,2,0,2,0
619528874,FIELD,247,617,8673760,247,248,1,0,0,0,977296,948902,0,0,0,1,247,492768323,118086779,29522528,32683114,1073745267,0,1,0,0,0,1,1,0,1,2,0,2,0
619952010,READY,249,618,8681093,247,248,1,0,0,0,977931,948902,0,0,0,1,247,493184127,118086779,29522528,32693523,1073745267,1,1,0,0,0,1,1,1,1,2,0,2,0
620527967,FIELD,247,618,8681093,247,248,1,1,0,0,978794,948902,0,0,0,1,247,493184127,118662735,29522528,32693523,1140856179,1,1,0,0,0,1,1,1,1,0,0,2,0
620527968,START,250,619,8681094,248,246,1,0,0,0,978794,948902,0,0,1,1,247,493184127,118662736,29522528,32693523,1140856131,1,1,0,0,0,1,1,1,1,0,0,2,0
620527968,SELECT,248,619,8681094,248,246,1,0,0,0,978794,948902,0,0,1,1,247,493184127,118662736,29522528,32693523,1140856131,1,1,0,0,0,1,1,1,1,0,0,2,0
620615674,PUBLISH,248,619,8682856,248,246,1,0,0,0,978926,948902,0,0,1,1,248,493270070,118662736,29522528,32696010,1091872067,0,1,0,0,0,1,1,1,1,0,0,2,0
621530874,FIELD,248,619,8697660,248,246,1,0,0,0,980299,948902,0,0,1,1,248,494170466,118662736,29522528,32811466,1091872067,0,1,0,0,0,1,1,1,1,0,0,2,0
622331417,READY,250,620,8707100,248,246,1,0,0,0,981500,948902,0,0,1,1,248,494961569,118662736,29522528,32916637,1091872067,0,1,0,0,0,1,1,1,1,0,0,2,0
622529967,FIELD,248,620,8707101,248,246,1,0,0,0,981797,948902,0,0,1,1,248,494961570,118861284,29522528,32916637,1091904835,1,1,0,0,0,1,1,1,1,0,0,2,0
623532874,FIELD,248,621,8707101,248,246,1,1,0,0,983302,948902,0,0,1,1,248,494961570,119864191,29522528,32916637,1091904835,1,1,0,0,0,1,1,1,1,0,0,2,0
623532875,SELECT,246,622,8707101,246,249,0,0,0,0,983302,948902,0,1,0,1,248,494961570,119864192,29522528,32916637,1125459203,1,1,0,0,0,1,1,1,2,0,0,2,0
623532876,START,251,622,8707102,246,250,1,0,0,0,983302,948902,0,1,0,1,249,494961570,119864193,29522528,32916637,1073742409,1,0,0,0,0,1,1,1,2,0,0,2,0
623616767,PUBLISH,246,622,8708852,246,250,1,0,0,0,983428,948902,0,1,0,1,249,495043710,119864193,29522528,32918867,1073742925,0,1,0,0,0,1,1,1,2,0,0,2,0
624531967,FIELD,246,622,8723676,246,250,1,0,0,0,984800,948902,0,1,0,1,249,495944086,119864193,29522528,33028032,1073742925,0,1,0,0,0,1,1,1,2,0,0,2,0
625335577,READY,251,623,8733344,246,250,1,0,0,0,986006,948902,0,1,0,1,249,496738028,119864193,29522528,33127629,1073742925,0,1,0,0,0,1,1,1,2,0,0,2,0
625335739,START,252,623,8733506,246,250,1,0,0,0,986006,948902,0,1,0,1,249,496738029,119864193,29522528,33127629,1073742937,1,1,0,0,0,1,1,1,2,0,0,2,0
625534874,FIELD,246,623,8739685,246,250,1,1,0,0,986305,948902,0,1,0,1,249,496930984,119864193,29522528,33134976,1073744987,0,1,0,0,0,1,1,1,2,0,0,2,0
625534875,SELECT,250,624,8739685,250,251,1,0,0,0,986305,948902,0,1,1,1,249,496930985,119864193,29522528,33134976,1073745267,0,1,0,0,0,1,1,1,2,0,0,2,0
625618767,PUBLISH,250,624,8742493,250,251,1,0,0,0,986431,948902,0,1,1,1,250,497012069,119864193,29522528,33135534,1073745267,0,1,0,0,0,1,1,1,2,0,0,2,0
626533967,FIELD,250,624,8780285,250,251,1,0,0,0,987803,948902,0,1,1,1,250,497889477,119864193,29522528,33164718,1073745267,0,1,0,0,0,1,1,1,2,0,0,2,0
627536874,FIELD,250,625,8819943,250,251,1,0,0,0,989308,948902,0,1,1,1,250,498852726,119864193,29522528,33195600,1073745267,0,1,0,0,0,1,1,1,2,0,0,2,0
627772832,PTS,22,626,8827871,250,251,1,0,0,0,989662,948902,0,1,1,1,250,499080757,119864193,29522528,33200855,1073745267,1,1,0,0,0,1,1,1,2,0,0,2,0
627828726,START,253,626,8829686,250,251,1,0,0,0,989746,948902,0,1,1,1,250,499134836,119864193,29522528,33202358,1073745267,1,1,0,0,0,1,1,1,2,0,0,2,0
627828727,READY,252,626,8829686,250,251,1,0,0,0,989746,948902,0,1,1,1,250,499134836,119864193,29522528,33202358,1073745267,1,1,0,0,0,1,1,2,2,0,0,2,0
628535967,FIELD,250,626,8829686,250,251,1,1,0,0,990806,948902,0,1,1,1,250,499134836,120571433,29522528,33202358,1140856179,1,1,0,0,0,1,1,2,2,1,0,2,0
628535968,SELECT,251,627,8829686,251,249,1,0,0,0,990806,948902,0,0,0,1,250,499134836,120571434,29522528,33202358,1140856131,1,1,0,0,0,1,1,2,2,1,0,2,0
628623674,PUBLISH,251,627,8831460,251,249,1,0,0,0,990938,948902,0,0,0,1,251,499220767,120571435,29522528,33204870,1091872067,0,1,0,0,0,1,1,2,2,1,0,2,0
629538874,FIELD,251,627,8846808,251,249,1,0,0,0,992311,948902,0,0,0,1,251,500120619,120571435,29522528,33308782,1091872067,0,1,0,0,0,1,1,2,2,1,0,2,0
630418621,READY,253,628,8858360,251,249,1,0,0,0,993630,948902,0,0,0,1,251,500988814,120571435,29522528,33413444,1091872067,0,1,0,0,0,1,1,2,2,1,0,2,0
630537967,FIELD,251,628,8858361,251,249,1,1,0,0,993809,948902,0,0,0,1,251,500988815,120690779,29522528,33413444,1091904835,1,1,0,0,0,1,1,2,2,1,0,2,0
630537968,SELECT,249,629,8858361,249,252,0,0,0,0,993809,948902,0,0,1,1,251,500988815,120690780,29522528,33413444,1125459203,1,1,0,0,0,1,1,2,0,1,0,2,0
630537969,START,254,629,8858362,249,253,1,0,1,0,993809,948902,0,0,1,1,252,500988815,120690781,29522528,33413444,1073742409,1,0,0,0,0,1,1,2,0,1,0,2,0
630625674,PUBLISH,249,629,8859964,249,253,1,0,1,0,993941,948902,0,0,1,1,252,501074917,120690781,29522528,33416038,1073742925,0,1,0,0,0,1,1,2,0,1,0,2,0
631540874,FIELD,249,629,8875904,249,253,1,0,1,1,995314,948902,0,0,1,1,252,501974177,120690781,29522528,33523901,1073742925,0,1,0,0,0,1,1,2,0,1,0,2,0
632341993,READY,254,630,8886460,249,253,1,0,1,1,996515,948902,0,0,1,1,252,502764740,120690781,29522528,33617921,1073742925,0,1,0,0,0,1,1,2,0,1,0,2,0
632341995,START,255,630,8886462,249,253,1,0,1,1,996515,948902,0,0,1,1,252,502764741,120690781,29522528,33617921,1073742937,1,1,0,0,0,1,1,2,0,1,0,2,0
632539967,FIELD,249,630,8892004,249,253,1,0,1,1,996812,948902,0,0,1,1,252,502957170,120690781,29522528,33621828,1073744987,0,1,0,0,0,1,1,2,0,1,0,2,0
633542874,FIELD,249,631,8918352,249,253,1,1,1,1,998317,948902,0,0,1,1,252,503933729,120690781,29522528,33641793,1073744987,0,1,0,0,0,1,1,2,0,1,0,2,0
633542875,SELECT,253,632,8918352,253,254,1,0,0,0,998317,993947,1,1,0,1,252,503933730,120690781,29522528,33641793,1073745267,0,1,0,0,0,1,1,2,0,1,0,2,0
633626767,PUBLISH,253,632,8920416,253,254,1,0,0,0,998443,993947,1,1,0,1,253,504015558,120690781,29522528,33642593,1073745267,0,1,0,0,0,1,1,2,0,1,0,2,0
634541967,FIELD,253,632,8943380,253,254,1,0,0,0,999815,993947,1,1,0,1,253,504907794,120690781,29522528,33663886,1073745267,0,1,0,0,0,1,1,2,0,1,0,2,0
634943004,READY,255,633,8949789,253,254,1,0,0,0,1000417,993947,1,1,0,1,253,505302423,120690781,29522528,33672197,1073745267,1,1,0,0,0,1,1,0,0,1,0,2,0
635544874,FIELD,253,633,8949789,253,254,1,1,0,0,1001320,993947,1,1,0,1,253,505302423,121292650,29522528,33672197,1140856179,1,1,0,0,0,1,1,0,0,2,0,2,0
635544875,START,256,634,8949790,254,252,1,0,0,0,1001320,993947,0,1,1,1,253,505302423,121292651,29522528,33672197,1140856131,1,1,0,0,0,1,1,0,0,2,0,2,0
635544875,SELECT,254,634,8949790,254,252,1,0,0,0,1001320,993947,0,1,1,1,253,505302423,121292651,29522528,33672197,1140856131,1,1,0,0,0,1,1,0,0,2,0,2,0
635628767,PUBLISH,254,634,8951876,254,252,1,0,0,0,1001446,993947,0,1,1,1,254,505384228,121292651,29522528,33675048,1091872067,0,1,0,0,0,1,1,0,0,2,0,2,0
636543967,FIELD,254,634,8967992,254,252,1,0,0,0,1002818,993947,0,1,1,1,254,506283312,121292651,29522528,33784503,1091872067,0,1,0,0,0,1,1,0,0,2,0,2,0
637261000,READY,256,635,8977256,254,252,1,0,0,0,1003894,993947,0,1,1,1,254,506991081,121292651,29522528,33867767,1091872067,0,1,0,0,0,1,1,0,0,2,0,2,0
637546874,FIELD,254,635,8977257,254,252,1,0,0,0,1004323,993947,0,1,1,1,254,506991082,121578523,29522528,33867767,1091904835,1,1,0,0,0,1,1,0,0,2,0,2,0
638545967,FIELD,254,636,8977257,254,252,1,1,0,0,1005821,993947,0,1,1,1,254,506991082,122577616,29522528,33867767,1091904835,1,1,0,0,0,1,1,0,0,2,0,2,0
638545968,SELECT,252,637,8977257,252,255,0,0,0,0,1005821,948902,0,0,0,1,254,506991082,122577617,29522528,33867767,1125459203,1,1,0,0,0,1,1,0,1,2,0,2,0
638545969,START,257,637,8977258,252,256,1,0,0,0,1005821,948902,0,0,0,1,255,506991082,122577618,29522528,33867767,1073742409,1,0,0,0,0,1,1,0,1,2,0,2,0
638633674,PUBLISH,252,637,8979324,252,256,1,0,0,0,1005953,948902,0,0,0,1,255,507076720,122577618,29522528,33870758,1073742925,0,1,0,0,0,1,1,0,1,2,0,2,0
639548874,FIELD,252,637,8994896,252,256,1,0,0,0,1007326,948902,0,0,0,1,255,507976348,122577618,29522528,33980029,1073742925,0,1,0,0,0,1,1,0,1,2,0,2,0
640246500,READY,257,638,9004024,252,256,1,0,0,0,1008372,948902,0,0,0,1,255,508664846,122577618,29522528,34062618,1073742925,0,1,0,0,0,1,1,0,1,2,0,2,0
640246502,START,258,638,9004026,252,256,1,0,0,0,1008372,948902,0,0,0,1,255,508664847,122577618,29522528,34062618,1073742937,1,1,0,0,0,1,1,0,1,2,0,2,0
640547967,FIELD,252,638,9012036,252,256,1,1,0,0,1008824,948902,0,0,0,1,255,508958301,122577618,29522528,34068099,1073744987,0,1,0,0,0,1,1,0,1,2,0,2,0
640547968,SELECT,256,639,9012036,256,257,1,0,0,0,1008824,993947,0,0,1,1,255,508958302,122577618,29522528,34068099,1073745267,0,1,0,0,0,1,1,0,1,2,0,2,0
640635674,PUBLISH,256,639,9014450,256,257,1,0,0,0,1008956,993947,0,0,1,1,0,509043594,122577618,29522528,34069018,1073745267,0,1,0,0,0,1,1,0,1,2,0,2,0
641550874,FIELD,256,639,9039888,256,257,1,0,0,0,1010329,993947,0,0,1,1,0,509933356,122577618,29522528,34088580,1073745267,0,1,0,0,0,1,1,0,1,2,0,2,0
642549967,FIELD,256,640,9062552,256,257,1,0,0,0,1011827,993947,0,0,1,1,0,510909785,122577618,29522528,34111322,1073745267,0,1,0,0,0,1,1,0,1,2,0,2,0
642837149,READY,258,641,9067153,256,257,1,0,0,0,1012258,993947,0,0,1,1,0,511192367,122577618,29522528,34118018,1073745267,1,1,0,0,0,1,1,1,1,2,0,2,0
643552874,FIELD,256,641,9067153,256,257,1,1,0,0,1013332,993947,0,0,1,1,0,511192367,123293342,29522528,34118018,1140856179,1,1,0,0,0,1,1,1,1,0,0,2,0
643552875,START,259,642,9067154,257,255,1,0,0,0,1013332,993947,0,1,0,1,0,511192367,123293343,29522528,34118018,1140856131,1,1,0,0,0,1,1,1,1,0,0,2,0
643552875,SELECT,257,642,9067154,257,255,1,0,0,0,1013332,993947,0,1,0,1,0,511192367,123293343,29522528,34118018,1140856131,1,1,0,0,0,1,1,1,1,0,0,2,0
643636767,PUBLISH,257,642,9068892,257,255,1,0,0,0,1013458,993947,0,1,0,1,1,511274520,123293343,29522528,34119907,1091872067,0,1,0,0,0,1,1,1,1,0,0,2,0
644551967,FIELD,257,642,9085712,257,255,1,0,0,0,1014830,993947,0,1,0,1,1,512172900,123293343,29522528,34220682,1091872067,0,1,0,0,0,1,1,1,1,0,0,2,0
645303260,READY,259,643,9095128,257,255,1,0,0,0,1015957,993947,0,1,0,1,1,512914777,123293343,29522528,34304477,1091872067,0,1,0,0,0,1,1,1,1,0,0,2,0
645554874,FIELD,257,643,9095129,257,255,1,1,0,0,1016335,993947,0,1,0,1,1,512914778,123544955,29522528,34304477,1091904835,1,1,0,0,0,1,1,1,1,0,0,2,0
645554875,SELECT,255,644,9095129,255,258,0,0,0,0,1016335,993947,0,1,1,1,1,512914778,123544956,29522528,34304477,1125459203,1,1,0,0,0,1,1,1,2,0,0,2,0
645554876,START,260,644,9095130,255,259,1,0,0,0,1016335,993947,0,1,1,1,2,512914778,123544957,29522528,34304477,1073742409,1,0,0,0,0,1,1,1,2,0,0,2,0
645638767,PUBLISH,255,644,9096620,255,259,1,0,0,0,1016461,993947,0,1,1,1,2,512997178,123544957,29522528,34306570,1073742925,0,1,0,0,0,1,1,1,2,0,0,2,0
646553967,FIELD,255,644,9112440,255,259,1,0,0,0,1017833,993947,0,1,1,1,2,513896558,123544957,29522528,34411316,1073742925,0,1,0,0,0,1,1,1,2,0,0,2,0
647257881,READY,260,645,9122096,255,259,1,0,0,0,1018889,993947,0,1,1,1,2,514590816,123544957,29522528,34489277,1073742925,0,1,0,0,0,1,1,1,2,0,0,2,0
647257883,START,261,645,9122098,255,259,1,0,0,0,1018889,993947,0,1,1,1,2,514590817,123544957,29522528,34489277,1073742937,1,1,0,0,0,1,1,1,2,0,0,2,0
647556874,FIELD,255,645,9130524,255,259,1,0,0,0,1019338,993947,0,1,1,1,2,514881381,123544957,29522528,34495820,1073744987,0,1,0,0,0,1,1,1,2,0,0,2,0
648555967,FIELD,255,646,9157244,255,259,1,1,0,0,1020836,993947,0,1,1,1,2,515853754,123544957,29522528,34516580,1073744987,0,1,0,0,0,1,1,1,2,0,0,2,0
648555968,SELECT,259,647,9157244,259,260,1,0,0,0,1020836,993947,0,0,0,1,2,515853755,123544957,29522528,34516580,1073745267,0,1,0,0,0,1,1,1,2,0,0,2,0
648643674,PUBLISH,259,647,9159900,259,260,1,0,0,0,1020968,993947,0,0,0,1,3,515938805,123544957,29522528,34517056,1073745267,0,1,0,0,0,1,1,1,2,0,0,2,0
649558874,FIELD,259,647,9181156,259,260,1,0,0,0,1022341,993947,0,0,0,1,3,516832749,123544957,29522528,34537375,1073745267,0,1,0,0,0,1,1,1,2,0,0,2,0
649889762,READY,261,648,9187121,259,260,1,0,0,0,1022837,993947,0,0,0,1,3,517157673,123544957,29522528,34546115,1073745267,1,1,0,0,0,1,1,2,2,0,0,2,0
650557967,FIELD,259,648,9187121,259,260,1,1,0,0,1023839,993947,0,0,0,1,3,517157673,124213161,29522528,34546115,1140856179,1,1,0,0,0,1,1,2,2,1,0,2,0
650557968,START,262,649,9187122,260,258,1,0,0,0,1023839,993947,0,0,1,1,3,517157673,124213162,29522528,34546115,1140856131,1,1,0,0,0,1,1,2,2,1,0,2,0
650557968,SELECT,260,649,9187122,260,258,1,0,0,0,1023839,993947,0,0,1,1,3,517157673,124213162,29522528,34546115,1140856131,1,1,0,0,0,1,1,2,2,1,0,2,0
650645674,PUBLISH,260,649,9189092,260,258,1,0,0,0,1023971,993947,0,0,1,1,4,517243408,124213162,29522528,34548110,1091872067,0,1,0,0,0,1,1,2,2,1,0,2,0
651560874,FIELD,260,649,9204520,260,258,1,0,0,0,1025344,993947,0,0,1,1,4,518143180,124213162,29522528,34650144,1091872067,0,1,0,0,0,1,1,2,2,1,0,2,0
652264985,READY,262,650,9213540,260,258,1,0,0,0,1026400,993947,0,0,1,1,4,518838271,124213162,29522528,34722781,1091872067,0,1,0,0,0,1,1,2,2,1,0,2,0
652559967,FIELD,260,650,9213541,260,258,1,0,0,0,1026842,993947,0,0,1,1,4,518838272,124508142,29522528,34722781,1091904835,1,1,0,0,0,1,1,2,2,1,0,2,0
653562874,FIELD,260,651,9213541,260,258,1,1,0,0,1028347,993947,0,0,1,1,4,518838272,125511049,29522528,34722781,1091904835,1,1,0,0,0,1,1,2,2,1,0,2,0
653562875,SELECT,258,652,9213541,258,261,0,0,0,0,1028347,993947,0,1,0,1,4,518838272,125511050,29522528,34722781,1125459203,1,1,0,0,0,1,1,2,0,1,0,2,0
653562876,START,263,652,9213542,258,262,1,0,0,0,1028347,993947,0,1,0,1,5,518838272,125511051,29522528,34722781,1073742409,1,0,0,0,0,1,1,2,0,1,0,2,0
653646767,PUBLISH,258,652,9215468,258,262,1,0,0,0,1028473,993947,0,1,0,1,5,518920236,125511051,29522528,34725241,1073742925,0,1,0,0,0,1,1,2,0,1,0,2,0
654561968,FIELD,258,652,9230896,258,262,1,0,0,0,1029845,993947,0,1,0,1,5,519820009,125511051,29522528,34825899,1073742925,0,1,0,0,0,1,1,2,0,1,0,2,0
655224032,READY,263,653,9239864,258,262,1,0,0,0,1030839,993947,0,1,0,1,5,520473105,125511051,29522528,34896286,1073742925,0,1,0,0,0,1,1,2,0,1,0,2,0
655224194,START,264,653,9240026,258,262,1,0,0,0,1030839,993947,0,1,0,1,5,520473106,125511051,29522528,34896286,1073742937,1,1,0,0,0,1,1,2,0,1,0,2,0
655564874,FIELD,258,653,9250063,258,262,1,1,0,0,1031350,993947,0,1,0,1,5,520803748,125511051,29522528,34910108,1073744987,0,1,0,0,0,1,1,2,0,1,0,2,0
655564875,SELECT,262,654,9250063,262,263,1,0,0,0,1031350,993947,0,1,1,1,5,520803749,125511051,29522528,34910108,1073745267,0,1,0,0,0,1,1,2,0,1,0,2,0
655648767,PUBLISH,262,654,9253238,262,263,1,0,0,0,1031476,993947,0,1,1,1,6,520884466,125511051,29522528,34910717,1073745267,0,1,0,0,0,1,1,2,0,1,0,2,0
656563968,FIELD,262,654,9289763,262,263,1,0,0,0,1032848,993947,0,1,1,1,6,521763142,125511051,29522528,34938281,1073745267,0,1,0,0,0,1,1,2,0,1,0,2,0
657566874,FIELD,262,655,9323519,262,263,1,0,0,0,1034353,993947,0,1,1,1,6,522732292,125511051,29522528,34968666,1073745267,0,1,0,0,0,1,1,2,0,1,0,2,0
657569340,PTS,23,656,9323593,262,263,1,0,0,0,1034357,993947,0,1,1,1,6,522734685,125511051,29522528,34968682,1073745267,1,1,0,0,0,1,1,2,0,1,0,2,0
657617363,START,265,656,9325046,262,263,1,0,0,0,1034429,993947,0,1,1,1,6,522781255,125511051,29522528,34968811,1073745267,1,1,0,0,0,1,1,2,0,1,0,2,0
657617364,READY,264,656,9325046,262,263,1,0,0,0,1034429,993947,0,1,1,1,6,522781255,125511051,29522528,34968811,1073745267,1,1,0,0,0,1,1,0,0,1,0,2,0
658565968,FIELD,262,656,9325046,262,263,1,1,0,0,1035851,993947,0,1,1,1,6,522781255,126459655,29522528,34968811,1140856179,1,1,0,0,0,1,1,0,0,2,0,2,0
658565969,SELECT,263,657,9325046,263,261,1,0,0,0,1035851,993947,0,0,0,1,6,522781255,126459656,29522528,34968811,1140856131,1,1,0,0,0,1,1,0,0,2,0,2,0
658653674,PUBLISH,263,657,9326720,263,261,1,0,0,0,1035983,993947,0,0,0,1,7,522867285,126459657,29522528,34970206,1091872067,0,1,0,0,0,1,1,0,0,2,0,2,0
659568874,FIELD,263,657,9342932,263,261,1,0,0,0,1037356,993947,0,0,0,1,7,523766273,126459657,29522528,35067395,1091872067,0,1,0,0,0,1,1,0,0,2,0,2,0
660322073,READY,265,658,9352976,263,261,1,0,0,0,1038486,993947,0,0,0,1,7,524509428,126459657,29522528,35142017,1091872067,0,1,0,0,0,1,1,0,0,2,0,2,0
660567968,FIELD,263,658,9352977,263,261,1,1,0,0,1038854,993947,0,0,0,1,7,524509429,126705550,29522528,35142017,1091904835,1,1,0,0,0,1,1,0,0,2,0,2,0
660567969,SELECT,261,659,9352977,261,264,0,0,0,0,1038854,993947,0,0,1,1,7,524509429,126705551,29522528,35142017,1125459203,1,1,0,0,0,1,1,0,1,2,0,2,0
660567970,START,266,659,9352978,261,265,1,0,1,0,1038854,993947,0,0,1,1,8,524509429,126705552,29522528,35142017,1073742409,1,0,0,0,0,1,1,0,1,2,0,2,0
660655674,PUBLISH,261,659,9354500,261,265,1,0,1,0,1038986,993947,0,0,1,1,8,524595610,126705552,29522528,35143917,1073742925,0,1,0,0,0,1,1,0,1,2,0,2,0
661570874,FIELD,261,659,9370940,261,265,1,0,1,1,1040359,993947,0,0,1,1,8,525494370,126705552,29522528,35241566,1073742925,0,1,0,0,0,1,1,0,1,2,0,2,0
662203700,READY,266,660,9379516,261,265,1,0,1,1,1041308,993947,0,0,1,1,8,526118620,126705552,29522528,35303851,1073742925,0,1,0,0,0,1,1,0,1,2,0,2,0
662203702,START,267,660,9379518,261,265,1,0,1,1,1041308,993947,0,0,1,1,8,526118621,126705552,29522528,35303851,1073742937,1,1,0,0,0,1,1,0,1,2,0,2,0
662569968,FIELD,261,660,9388820,261,265,1,0,1,1,1041857,993947,0,0,1,1,8,526475584,126705552,29522528,35311520,1073744987,0,1,0,0,0,1,1,0,1,2,0,2,0
663572874,FIELD,261,661,9417292,261,265,1,1,1,1,1043362,993947,0,0,1,1,8,527450018,126705552,29522528,35333522,1073744987,0,1,0,0,0,1,1,0,1,2,0,2,0
663572875,SELECT,265,662,9417292,265,266,1,0,0,0,1043362,1038992,1,1,0,1,8,527450019,126705552,29522528,35333522,1073745267,0,1,0,0,0,1,1,0,1,2,0,2,0
663656768,PUBLISH,265,662,9419644,265,266,1,0,0,0,1043488,1038992,1,1,0,1,9,527531560,126705552,29522528,35333925,1073745267,0,1,0,0,0,1,1,0,1,2,0,2,0
664571968,FIELD,265,662,9439884,265,266,1,0,0,0,1044860,1038992,1,1,0,1,9,528426520,126705552,29522528,35356174,1073745267,0,1,0,0,0,1,1,0,1,2,0,2,0
664654306,READY,267,663,9440793,265,266,1,0,0,0,1044984,1038992,1,1,0,1,9,528507950,126705552,29522528,35357054,1073745267,1,1,0,0,0,1,1,1,1,2,0,2,0
665574874,FIELD,265,663,9440793,265,266,1,1,0,0,1046365,1038992,1,1,0,1,9,528507950,127626119,29522528,35357054,1140856179,1,1,0,0,0,1,1,1,1,0,0,2,0
665574875,START,268,664,9440794,266,264,1,0,0,0,1046365,1038992,0,1,1,1,9,528507950,127626120,29522528,35357054,1140856131,1,1,0,0,0,1,1,1,1,0,0,2,0
665574875,SELECT,266,664,9440794,266,264,1,0,0,0,1046365,1038992,0,1,1,1,9,528507950,127626120,29522528,35357054,1140856131,1,1,0,0,0,1,1,1,1,0,0,2,0
665658768,PUBLISH,266,664,9442700,266,264,1,0,0,0,1046491,1038992,0,1,1,1,10,528589936,127626120,29522528,35359367,1091872067,0,1,0,0,0,1,1,1,1,0,0,2,0
666573968,FIELD,266,664,9458824,266,264,1,0,0,0,1047863,1038992,0,1,1,1,10,529489012,127626120,29522528,35456422,1091872067,0,1,0,0,0,1,1,1,1,0,0,2,0
667217360,READY,268,665,9467876,266,264,1,0,0,0,1048829,1038992,0,1,1,1,10,530123352,127626120,29522528,35517730,1091872067,0,1,0,0,0,1,1,1,1,0,0,2,0
667576874,FIELD,266,665,9467877,266,264,1,0,0,0,1049368,1038992,0,1,1,1,10,530123353,127985632,29522528,35517730,1091904835,1,1,0,0,0,1,1,1,1,0,0,2,0
668575968,FIELD,266,666,9467877,266,264,1,1,0,0,1050866,1038992,0,1,1,1,10,530123353,128984726,29522528,35517730,1091904835,1,1,0,0,0,1,1,1,1,0,0,2,0
668575969,SELECT,264,667,9467877,264,267,0,0,0,0,1050866,993947,0,0,0,1,10,530123353,128984727,29522528,35517730,1125459203,1,1,0,0,0,1,1,1,2,0,0,2,0
668575970,START,269,667,9467878,264,268,1,0,0,0,1050866,993947,0,0,0,1,11,530123353,128984728,29522528,35517730,1073742409,1,0,0,0,0,1,1,1,2,0,0,2,0
668663674,PUBLISH,264,667,9469964,264,268,1,0,0,0,1050998,993947,0,0,0,1,11,530208970,128984728,29522528,35520032,1073742925,0,1,0,0,0,1,1,1,2,0,0,2,0
669578874,FIELD,264,667,9485828,264,268,1,0,0,0,1052371,993947,0,0,0,1,11,531108306,128984728,29522528,35613317,1073742925,0,1,0,0,0,1,1,1,2,0,0,2,0
670245072,READY,269,668,9495104,264,268,1,0,0,0,1053370,993947,0,0,0,1,11,531765228,128984728,29522528,35677503,1073742925,0,1,0,0,0,1,1,1,2,0,0,2,0
670245074,START,270,668,9495106,264,268,1,0,0,0,1053370,993947,0,0,0,1,11,531765229,128984728,29522528,35677503,1073742937,1,1,0,0,0,1,1,1,2,0,0,2,0
670577968,FIELD,264,668,9504732,264,268,1,1,0,0,1053869,993947,0,0,0,1,11,532088496,128984728,29522528,35685208,1073744987,0,1,0,0,0,1,1,1,2,0,0,2,0
670577969,SELECT,268,669,9504732,268,269,1,0,0,0,1053869,1038992,0,0,1,1,11,532088497,128984728,29522528,35685208,1073745267,0,1,0,0,0,1,1,1,2,0,0,2,0
670665674,PUBLISH,268,669,9506744,268,269,1,0,0,0,1054001,1038992,0,0,1,1,12,532174190,128984728,29522528,35686006,1073745267,0,1,0,0,0,1,1,1,2,0,0,2,0
671580874,FIELD,268,669,9531316,268,269,1,0,0,0,1055374,1038992,0,0,1,1,12,533064818,128984728,29522528,35708508,1073745267,0,1,0,0,0,1,1,1,2,0,0,2,0
672579968,FIELD,268,670,9556168,268,269,1,0,0,0,1056872,1038992,0,0,1,1,12,534039060,128984728,29522528,35730276,1073745267,0,1,0,0,0,1,1,1,2,0,0,2,0
672827581,READY,270,671,9560309,268,269,1,0,0,0,1057244,1038992,0,0,1,1,12,534282533,128984728,29522528,35736933,1073745267,1,1,0,0,0,1,1,2,2,0,0,2,0
673582874,FIELD,268,671,9560309,268,269,1,1,0,0,1058377,1038992,0,0,1,1,12,534282533,129740020,29522528,35736933,1140856179,1,1,0,0,0,1,1,2,2,1,0,2,0
673582875,START,271,672,9560310,269,267,1,0,0,0,1058377,1038992,0,1,0,1,12,534282533,129740021,29522528,35736933,1140856131,1,1,0,0,0,1,1,2,2,1,0,2,0
673582875,SELECT,269,672,9560310,269,267,1,0,0,0,1058377,1038992,0,1,0,1,12,534282533,129740021,29522528,35736933,1140856131,1,1,0,0,0,1,1,2,2,1,0,2,0
673666768,PUBLISH,269,672,9561888,269,267,1,0,0,0,1058503,1038992,0,1,0,1,13,534364847,129740021,29522528,35738564,1091872067,0,1,0,0,0,1,1,2,2,1,0,2,0
674581968,FIELD,269,672,9578012,269,267,1,0,0,0,1059875,1038992,0,1,0,1,13,535263923,129740021,29522528,35829217,1091872067,0,1,0,0,0,1,1,2,2,1,0,2,0
675318712,READY,271,673,9588540,269,267,1,0,0,0,1060981,1038992,0,1,0,1,13,535990139,129740021,29522528,35896996,1091872067,0,1,0,0,0,1,1,2,2,1,0,2,0
675584874,FIELD,269,673,9588541,269,267,1,1,0,0,1061380,1038992,0,1,0,1,13,535990140,130006181,29522528,35896996,1091904835,1,1,0,0,0,1,1,2,2,1,0,2,0
675584875,SELECT,267,674,9588541,267,270,0,0,0,0,1061380,1038992,0,1,1,1,13,535990140,130006182,29522528,35896996,1125459203,1,1,0,0,0,1,1,2,0,1,0,2,0
675584876,START,272,674,9588542,267,271,1,0,0,0,1061380,1038992,0,1,1,1,14,535990140,130006183,29522528,35896996,1073742409,1,0,0,0,0,1,1,2,0,1,0,2,0
675668768,PUBLISH,267,674,9590200,267,271,1,0,0,0,1061506,1038992,0,1,1,1,14,536072373,130006183,29522528,35898448,1073742925,0,1,0,0,0,1,1,2,0,1,0,2,0
676583968,FIELD,267,674,9606332,267,271,1,0,0,0,1062878,1038992,0,1,1,1,14,536971441,130006183,29522528,35983739,1073742925,0,1,0,0,0,1,1,2,0,1,0,2,0
677342056,READY,272,675,9616960,267,271,1,0,0,0,1064016,1038992,0,1,1,1,14,537718901,130006183,29522528,36052208,1073742925,0,1,0,0,0,1,1,2,0,1,0,2,0
677342058,START,273,675,9616962,267,271,1,0,0,0,1064016,1038992,0,1,1,1,14,537718902,130006183,29522528,36052208,1073742937,1,1,0,0,0,1,1,2,0,1,0,2,0
677586874,FIELD,267,675,9624480,267,271,1,0,0,0,1064383,1038992,0,1,1,1,14,537956199,130006183,29522528,36056700,1073744987,0,1,0,0,0,1,1,2,0,1,0,2,0
678585968,FIELD,267,676,9650572,267,271,1,1,0,0,1065881,1038992,0,1,1,1,14,538929201,130006183,29522528,36078512,1073744987,0,1,0,0,0,1,1,2,0,1,0,2,0
678585969,SELECT,271,677,9650572,271,272,1,0,0,0,1065881,1038992,0,0,0,1,14,538929202,130006183,29522528,36078512,1073745267,0,1,0,0,0,1,1,2,0,1,0,2,0
678673674,PUBLISH,271,677,9653560,271,272,1,0,0,0,1066013,1038992,0,0,0,1,15,539013919,130006183,29522528,36079005,1073745267,0,1,0,0,0,1,1,2,0,1,0,2,0
679588874,FIELD,271,677,9677260,271,272,1,0,0,0,1067386,1038992,0,0,0,1,15,539905419,130006183,29522528,36098669,1073745267,0,1,0,0,0,1,1,2,0,1,0,2,0
679970270,READY,273,678,9683857,271,272,1,0,0,0,1067958,1038992,0,0,0,1,15,540280219,130006183,29522528,36107052,1073745267,1,1,0,0,0,1,1,0,0,1,0,2,0
680587968,FIELD,271,678,9683857,271,272,1,1,0,0,1068884,1038992,0,0,0,1,15,540280219,130623880,29522528,36107052,1140856179,1,1,0,0,0,1,1,0,0,2,0,2,0
680587969,START,274,679,9683858,272,270,1,0,0,0,1068884,1038992,0,0,1,1,15,540280219,130623881,29522528,36107052,1140856131,1,1,0,0,0,1,1,0,0,2,0,2,0
680587969,SELECT,272,679,9683858,272,270,1,0,0,0,1068884,1038992,0,0,1,1,15,540280219,130623881,29522528,36107052,1140856131,1,1,0,0,0,1,1,0,0,2,0,2,0
680675674,PUBLISH,272,679,9685752,272,270,1,0,0,0,1069016,1038992,0,0,1,1,16,540366029,130623881,29522528,36108777,1091872067,0,1,0,0,0,1,1,0,0,2,0,2,0
681590875,FIELD,272,679,9701496,272,270,1,0,0,0,1070389,1038992,0,0,1,1,16,541265486,130623881,29522528,36203066,1091872067,0,1,0,0,0,1,1,0,0,2,0,2,0
682403261,READY,274,680,9713812,272,270,1,0,0,0,1071607,1038992,0,0,1,1,16,542065556,130623881,29522528,36276906,1091872067,0,1,0,0,0,1,1,0,0,2,0,2,0
682589968,FIELD,272,680,9713813,272,270,1,0,0,0,1071887,1038992,0,0,1,1,16,542065557,130810586,29522528,36276906,1091904835,1,1,0,0,0,1,1,0,0,2,0,2,0
683592875,FIELD,272,681,9713813,272,270,1,1,0,0,1073392,1038992,0,0,1,1,16,542065557,131813493,29522528,36276906,1091904835,1,1,0,0,0,1,1,0,0,2,0,2,0
683592876,SELECT,270,682,9713813,270,273,0,0,0,0,1073392,1038992,0,1,0,1,16,542065557,131813494,29522528,36276906,1125459203,1,1,0,0,0,1,1,0,1,2,0,2,0
683592877,START,275,682,9713814,270,274,1,0,0,0,1073392,1038992,0,1,0,1,17,542065557,131813495,29522528,36276906,1073742409,1,0,0,0,0,1,1,0,1,2,0,2,0
683676768,PUBLISH,270,682,9715696,270,274,1,0,0,0,1073518,1038992,0,1,0,1,17,542147565,131813495,29522528,36278773,1073742925,0,1,0,0,0,1,1,0,1,2,0,2,0
684591968,FIELD,270,682,9731364,270,274,1,0,0,0,1074890,1038992,0,1,0,1,17,543047097,131813495,29522528,36364156,1073742925,0,1,0,0,0,1,1,0,1,2,0,2,0
685409128,READY,275,683,9743696,270,274,1,0,0,0,1076116,1038992,0,1,0,1,17,543851925,131813495,29522528,36437993,1073742925,0,1,0,0,0,1,1,0,1,2,0,2,0
685409290,START,276,683,9743858,270,274,1,0,0,0,1076116,1038992,0,1,0,1,17,543851926,131813495,29522528,36437993,1073742937,1,1,0,0,0,1,1,0,1,2,0,2,0
685594875,FIELD,270,683,9749022,270,274,1,1,0,0,1076395,1038992,0,1,0,1,17,544032346,131813495,29522528,36444686,1073744987,0,1,0,0,0,1,1,0,1,2,0,2,0
685594876,SELECT,274,684,9749022,274,275,1,0,0,0,1076395,1038992,0,1,1,1,17,544032347,131813495,29522528,36444686,1073745267,0,1,0,0,0,1,1,0,1,2,0,2,0
685678768,PUBLISH,274,684,9751538,274,275,1,0,0,0,1076521,1038992,0,1,1,1,18,544113723,131813495,29522528,36445456,1073745267,0,1,0,0,0,1,1,0,1,2,0,2,0
686593968,FIELD,274,684,9785940,274,275,1,0,0,0,1077893,1038992,0,1,1,1,18,544994521,131813495,29522528,36472212,1073745267,0,1,0,0,0,1,1,0,1,2,0,2,0
687596875,FIELD,274,685,9822823,274,275,1,0,0,0,1079398,1038992,0,1,1,1,18,545960545,131813495,29522528,36499538,1073745267,0,1,0,0,0,1,1,0,1,2,0,2,0
687748021,PTS,24,686,9827411,274,275,1,0,0,0,1079625,1038992,0,1,1,1,18,546107104,131813495,29522528,36502517,1073745267,1,1,0,0,0,1,1,0,1,2,0,2,0
687802934,START,277,686,9828978,274,275,1,0,0,0,1079707,1038992,0,1,1,1,18,546160450,131813495,29522528,36504579,1073745267,1,1,0,0,0,1,1,0,1,2,0,2,0
687802935,READY,276,686,9828978,274,275,1,0,0,0,1079707,1038992,0,1,1,1,18,546160450,131813495,29522528,36504579,1073745267,1,1,0,0,0,1,1,1,1,2,0,2,0
688595968,FIELD,274,686,9828978,274,275,1,1,0,0,1080896,1038992,0,1,1,1,18,546160450,132606528,29522528,36504579,1140856179,1,1,0,0,0,1,1,1,1,0,0,2,0
688595969,SELECT,275,687,9828978,275,273,1,0,0,0,1080896,1038992,0,0,0,1,18,546160450,132606529,29522528,36504579,1140856131,1,1,0,0,0,1,1,1,1,0,0,2,0
688683674,PUBLISH,275,687,9830704,275,273,1,0,0,0,1081028,1038992,0,0,0,1,19,546246428,132606530,29522528,36505719,1091872067,0,1,0,0,0,1,1,1,1,0,0,2,0
689598875,FIELD,275,687,9846460,275,273,1,0,0,0,1082401,1038992,0,0,0,1,19,547145873,132606530,29522528,36603574,1091872067,0,1,0,0,0,1,1,1,1,0,0,2,0
690316396,READY,277,688,9856724,275,273,1,0,0,0,1083477,1038992,0,0,0,1,19,547853130,132606530,29522528,36679053,1091872067,0,1,0,0,0,1,1,1,1,0,0,2,0
690597968,FIELD,275,688,9856725,275,273,1,1,0,0,1083899,1038992,0,0,0,1,19,547853131,132888100,29522528,36679053,1091904835,1,1,0,0,0,1,1,1,1,0,0,2,0
690597969,SELECT,273,689,9856725,273,276,0,0,0,0,1083899,1038992,0,0,1,1,19,547853131,132888101,29522528,36679053,1125459203,1,1,0,0,0,1,1,1,2,0,0,2,0
690597970,START,278,689,9856726,273,277,1,0,1,0,1083899,1038992,0,0,1,1,20,547853131,132888102,29522528,36679053,1073742409,1,0,0,0,0,1,1,1,2,0,0,2,0
690685675,PUBLISH,273,689,9859222,273,277,1,0,1,0,1084031,1038992,0,0,1,1,20,547938340,132888102,29522528,36681225,1073742925,1,1,0,0,0,1,1,1,2,0,0,2,0
691600875,FIELD,273,689,9874576,273,277,1,0,1,1,1085404,1038992,0,0,1,1,20,548838185,132888102,29522528,36780098,1073742925,0,1,0,0,0,1,1,1,2,0,0,2,0
692237778,READY,278,690,9882944,273,277,1,0,1,1,1086359,1038992,0,0,1,1,20,549466720,132888102,29522528,36847776,1073742925,0,1,0,0,0,1,1,1,2,0,0,2,0
692237780,START,279,690,9882946,273,277,1,0,1,1,1086359,1038992,0,0,1,1,20,549466721,132888102,29522528,36847776,1073742937,1,1,0,0,0,1,1,1,2,0,0,2,0
692599968,FIELD,273,690,9891656,273,277,1,0,1,1,1086902,1038992,0,0,1,1,20,549820198,132888102,29522528,36855518,1073744987,0,1,0,0,0,1,1,1,2,0,0,2,0
693602875,FIELD,273,691,9919836,273,277,1,1,1,1,1088407,1038992,0,0,1,1,20,550794925,132888102,29522528,36877999,1073744987,0,1,0,0,0,1,1,1,2,0,0,2,0
693602876,SELECT,277,692,9919836,277,278,1,0,0,0,1088407,1084037,1,1,0,1,20,550794926,132888102,29522528,36877999,1073745267,0,1,0,0,0,1,1,1,2,0,0,2,0
693686768,PUBLISH,277,692,9922644,277,278,1,0,0,0,1088533,1084037,1,1,0,1,21,550876010,132888102,29522528,36878687,1073745267,0,1,0,0,0,1,1,1,2,0,0,2,0
694601968,FIELD,277,692,9942988,277,278,1,0,0,0,1089905,1084037,1,1,0,1,21,551770866,132888102,29522528,36899002,1073745267,0,1,0,0,0,1,1,1,2,0,0,2,0
694755454,READY,279,693,9945897,277,278,1,0,0,0,1090136,1084037,1,1,0,1,21,551921444,132888102,29522528,36902904,1073745267,1,1,0,0,0,1,1,2,2,0,0,2,0
695604875,FIELD,277,693,9945897,277,278,1,1,0,0,1091410,1084037,1,1,0,1,21,551921444,133737522,29522528,36902904,1140856179,1,1,0,0,0,1,1,2,2,1,0,2,0
695604876,START,280,694,9945898,278,276,1,0,0,0,1091410,1084037,0,1,1,1,21,551921444,133737523,29522528,36902904,1140856131,1,1,0,0,0,1,1,2,2,1,0,2,0
695604876,SELECT,278,694,9945898,278,276,1,0,0,0,1091410,1084037,0,1,1,1,21,551921444,133737523,29522528,36902904,1140856131,1,1,0,0,0,1,1,2,2,1,0,2,0
695688768,PUBLISH,278,694,9947972,278,276,1,0,0,0,1091536,1084037,0,1,1,1,22,552003261,133737523,29522528,36904429,1091872067,0,1,0,0,0,1,1,2,2,1,0,2,0
696603968,FIELD,278,694,9964416,278,276,1,0,0,0,1092908,1084037,0,1,1,1,22,552902017,133737523,29522528,37001148,1091872067,0,1,0,0,0,1,1,2,2,1,0,2,0
697254333,READY,280,695,9972796,278,276,1,0,0,0,1093884,1084037,0,1,1,1,22,553544002,133737523,29522528,37069857,1091872067,0,1,0,0,0,1,1,2,2,1,0,2,0
697606875,FIELD,278,695,9972797,278,276,1,0,0,0,1094413,1084037,0,1,1,1,22,553544003,134090063,29522528,37069857,1091904835,1,1,0,0,0,1,1,2,2,1,0,2,0
698605968,FIELD,278,696,9972797,278,276,1,1,0,0,1095911,1084037,0,1,1,1,22,553544003,135089156,29522528,37069857,1091904835,1,1,0,0,0,1,1,2,2,1,0,2,0
698605969,SELECT,276,697,9972797,276,279,0,0,0,0,1095911,1038992,0,0,0,1,22,553544003,135089157,29522528,37069857,1125459203,1,1,0,0,0,1,1,2,0,1,0,2,0
698605970,START,281,697,9972798,276,280,1,0,0,0,1095911,1038992,0,0,0,1,23,553544003,135089158,29522528,37069857,1073742409,1,0,0,0,0,1,1,2,0,1,0,2,0
698693675,PUBLISH,276,697,9975028,276,280,1,0,0,0,1096043,1038992,0,0,0,1,23,553629477,135089158,29522528,37071700,1073742925,0,1,0,0,0,1,1,2,0,1,0,2,0
699608875,FIELD,276,697,9989844,276,280,1,0,0,0,1097416,1038992,0,0,0,1,23,554529861,135089158,29522528,37167296,1073742925,0,1,0,0,0,1,1,2,0,1,0,2,0
700314066,READY,281,698,10000352,276,280,1,0,0,0,1098474,1038992,0,0,0,1,23,555224544,135089158,29522528,37238142,1073742925,0,1,0,0,0,1,1,2,0,1,0,2,0
700314068,START,282,698,10000354,276,280,1,0,0,0,1098474,1038992,0,0,0,1,23,555224545,135089158,29522528,37238142,1073742937,1,1,0,0,0,1,1,2,0,1,0,2,0
700607968,FIELD,276,698,10008016,276,280,1,1,0,0,1098914,1038992,0,0,0,1,23,555510782,135089158,29522528,37243412,1073744987,0,1,0,0,0,1,1,2,0,1,0,2,0
700607969,SELECT,280,699,10008016,280,281,1,0,0,0,1098914,1084037,0,0,1,1,23,555510783,135089158,29522528,37243412,1073745267,0,1,0,0,0,1,1,2,0,1,0,2,0
700695675,PUBLISH,280,699,10010506,280,281,1,0,0,0,1099046,1084037,0,0,1,1,24,555595999,135089158,29522528,37244328,1073745267,0,1,0,0,0,1,1,2,0,1,0,2,0
701610875,FIELD,280,699,10035348,280,281,1,0,0,0,1100419,1084037,0,0,1,1,24,556486357,135089158,29522528,37266398,1073745267,0,1,0,0,0,1,1,2,0,1,0,2,0
702609968,FIELD,280,700,10060880,280,281,1,0,0,0,1101917,1084037,0,0,1,1,24,557459918,135089158,29522528,37286023,1073745267,0,1,0,0,0,1,1,2,0,1,0,2,0
702901786,READY,282,701,10065873,280,281,1,0,0,0,1102355,1084037,0,0,1,1,24,557746744,135089158,29522528,37292535,1073745267,1,1,0,0,0,1,1,0,0,1,0,2,0
703612875,FIELD,280,701,10065873,280,281,1,1,0,0,1103422,1084037,0,0,1,1,24,557746744,135800246,29522528,37292535,1140856179,1,1,0,0,0,1,1,0,0,2,0,2,0
703612876,START,283,702,10065874,281,279,1,0,0,0,1103422,1084037,0,1,0,1,24,557746744,135800247,29522528,37292535,1140856131,1,1,0,0,0,1,1,0,0,2,0,2,0
703612876,SELECT,281,702,10065874,281,279,1,0,0,0,1103422,1084037,0,1,0,1,24,557746744,135800247,29522528,37292535,1140856131,1,1,0,0,0,1,1,0,0,2,0,2,0
703696768,PUBLISH,281,702,10067680,281,279,1,0,0,0,1103548,1084037,0,1,0,1,25,557828829,135800247,29522528,37294300,1091872067,0,1,0,0,0,1,1,0,0,2,0,2,0
704611968,FIELD,281,702,10084096,281,279,1,0,0,0,1104920,1084037,0,1,0,1,25,558727613,135800247,29522528,37389079,1091872067,0,1,0,0,0,1,1,0,0,2,0,2,0
705365352,READY,283,703,10094656,281,279,1,0,0,0,1106051,1084037,0,1,0,1,25,559470437,135800247,29522528,37469932,1091872067,0,1,0,0,0,1,1,0,0,2,0,2,0
705614875,FIELD,281,703,10094657,281,279,1,1,0,0,1106425,1084037,0,1,0,1,25,559470438,136049768,29522528,37469932,1091904835,1,1,0,0,0,1,1,0,0,2,0,2,0
705614876,SELECT,279,704,10094657,279,282,0,0,0,0,1106425,1084037,0,1,1,1,25,559470438,136049769,29522528,37469932,1125459203,1,1,0,0,0,1,1,0,1,2,0,2,0
705614877,START,284,704,10094658,279,283,1,0,0,0,1106425,1084037,0,1,1,1,26,559470438,136049770,29522528,37469932,1073742409,1,0,0,0,0,1,1,0,1,2,0,2,0
705698768,PUBLISH,279,704,10096456,279,283,1,0,0,0,1106551,1084037,0,1,1,1,26,559552530,136049770,29522528,37471480,1073742925,0,1,0,0,0,1,1,0,1,2,0,2,0
706613968,FIELD,279,704,10112360,279,283,1,0,0,0,1107923,1084037,0,1,1,1,26,560451826,136049770,29522528,37559066,1073742925,0,1,0,0,0,1,1,0,1,2,0,2,0
707384760,READY,284,705,10124156,279,283,1,0,0,0,1109080,1084037,0,1,1,1,26,561210822,136049770,29522528,37639027,1073742925,0,1,0,0,0,1,1,0,1,2,0,2,0
707384762,START,285,705,10124158,279,283,1,0,0,0,1109080,1084037,0,1,1,1,26,561210823,136049770,29522528,37639027,1073742937,1,1,0,0,0,1,1,0,1,2,0,2,0
707616875,FIELD,279,705,10130776,279,283,1,0,0,0,1109428,1084037,0,1,1,1,26,561436317,136049770,29522528,37642943,1073744987,0,1,0,0,0,1,1,0,1,2,0,2,0
708615968,FIELD,279,706,10157448,279,283,1,1,0,0,1110926,1084037,0,1,1,1,26,562408738,136049770,29522528,37662950,1073744987,0,1,0,0,0,1,1,0,1,2,0,2,0
708615969,SELECT,283,707,10157448,283,284,1,0,0,0,1110926,1084037,0,0,0,1,26,562408739,136049770,29522528,37662950,1073745267,0,1,0,0,0,1,1,0,1,2,0,2,0
708703675,PUBLISH,283,707,10160000,283,284,1,0,0,0,1111058,1084037,0,0,0,1,27,562493893,136049770,29522528,37663714,1073745267,0,1,0,0,0,1,1,0,1,2,0,2,0
709618875,FIELD,283,707,10183128,283,284,1,0,0,0,1112431,1084037,0,0,0,1,27,563385965,136049770,29522528,37683085,1073745267,0,1,0,0,0,1,1,0,1,2,0,2,0
710056474,READY,285,708,10191721,283,284,1,0,0,0,1113087,1084037,0,0,0,1,27,563814972,136049770,29522528,37692524,1073745267,1,1,0,0,0,1,1,1,1,2,0,2,0
710617968,FIELD,283,708,10191721,283,284,1,1,0,0,1113929,1084037,0,0,0,1,27,563814972,136611263,29522528,37692524,1140856179,1,1,0,0,0,1,1,1,1,0,0,2,0
710617969,START,286,709,10191722,284,282,1,0,0,0,1113929,1084037,0,0,1,1,27,563814972,136611264,29522528,37692524,1140856131,1,1,0,0,0,1,1,1,1,0,0,2,0
710617969,SELECT,284,709,10191722,284,282,1,0,0,0,1113929,1084037,0,0,1,1,27,563814972,136611264,29522528,37692524,1140856131,1,1,0,0,0,1,1,1,1,0,0,2,0
710705675,PUBLISH,284,709,10193756,284,282,1,0,0,0,1114061,1084037,0,0,1,1,28,563900643,136611264,29522528,37694223,1091872067,0,1,0,0,0,1,1,1,1,0,0,2,0
711620875,FIELD,284,709,10209856,284,282,1,0,0,0,1115434,1084037,0,0,1,1,28,564799743,136611264,29522528,37788255,1091872067,0,1,0,0,0,1,1,1,1,0,0,2,0
712370969,READY,286,710,10220480,284,282,1,0,0,0,1116559,1084037,0,0,1,1,28,565539213,136611264,29522528,37868307,1091872067,0,1,0,0,0,1,1,1,1,0,0,2,0
712619968,FIELD,284,710,10220481,284,282,1,0,0,0,1116932,1084037,0,0,1,1,28,565539214,136860261,29522528,37868307,1091904835,1,1,0,0,0,1,1,1,1,0,0,2,0
713622875,FIELD,284,711,10220481,284,282,1,1,0,0,1118437,1084037,0,0,1,1,28,565539214,137863168,29522528,37868307,1091904835,1,1,0,0,0,1,1,1,1,0,0,2,0
713622876,SELECT,282,712,10220481,282,285,0,0,0,0,1118437,1084037,0,1,0,1,28,565539214,137863169,29522528,37868307,1125459203,1,1,0,0,0,1,1,1,2,0,0,2,0
713622877,START,287,712,10220482,282,286,1,0,0,0,1118437,1084037,0,1,0,1,29,565539214,137863170,29522528,37868307,1073742409,1,0,0,0,0,1,1,1,2,0,0,2,0
713706768,PUBLISH,282,712,10222028,282,286,1,0,0,0,1118563,1084037,0,1,0,1,29,565621558,137863170,29522528,37869906,1073742925,0,1,0,0,0,1,1,1,2,0,0,2,0
714621968,FIELD,282,712,10238438,282,286,1,0,0,0,1119935,1084037,0,1,0,1,29,566520348,137863170,29522528,37957687,1073742925,0,1,0,0,0,1,1,1,2,0,0,2,0
715385776,READY,287,713,10249204,282,286,1,0,0,0,1121081,1084037,0,1,0,1,29,567273390,137863170,29522528,38038536,1073742925,0,1,0,0,0,1,1,1,2,0,0,2,0
715385938,START,288,713,10249366,282,286,1,0,0,0,1121081,1084037,0,1,0,1,29,567273391,137863170,29522528,38038536,1073742937,1,1,0,0,0,1,1,1,2,0,0,2,0
715624875,FIELD,282,713,10256590,282,286,1,1,0,0,1121440,1084037,0,1,0,1,29,567505103,137863170,29522528,38046445,1073744987,0,1,0,0,0,1,1,1,2,0,0,2,0
715624876,SELECT,286,714,10256590,286,287,1,0,0,0,1121440,1084037,0,1,1,1,29,567505104,137863170,29522528,38046445,1073745267,0,1,0,0,0,1,1,1,2,0,0,2,0
715708768,PUBLISH,286,714,10259129,286,287,1,0,0,0,1121566,1084037,0,1,1,1,30,567586457,137863170,29522528,38046923,1073745267,0,1,0,0,0,1,1,1,2,0,0,2,0
716623968,FIELD,286,714,10292852,286,287,1,0,0,0,1122938,1084037,0,1,1,1,30,568467934,137863170,29522528,38076735,1073745267,0,1,0,0,0,1,1,1,2,0,0,2,0
717626875,FIELD,286,715,10329734,286,287,1,0,0,0,1124443,1084037,0,1,1,1,30,569433959,137863170,29522528,38107891,1073745267,0,1,0,0,0,1,1,1,2,0,0,2,0
717776925,READY,288,716,10334168,286,287,1,0,0,0,1124668,1084037,0,1,1,1,30,569579565,137863170,29522528,38110527,1342180723,0,1,0,0,0,1,1,2,2,0,0,2,0
718625968,FIELD,286,716,10334168,286,287,1,1,0,0,1125941,1084037,0,1,1,1,30,569579565,138712212,29522528,38110527,1543509363,1,1,0,0,0,1,1,2,2,1,0,2,0
718625969,SELECT,287,717,10334168,287,285,1,0,0,0,1125941,1084037,0,0,0,1,30,569579565,138712213,29522528,38110527,1543509315,1,1,0,0,0,1,1,2,2,1,0,2,0
718713675,PUBLISH,287,717,10334168,287,285,1,0,0,0,1126073,1084037,0,0,0,1,31,569579565,138712213,29522528,38110527,1543509315,1,1,0,0,0,1,1,2,2,1,0,2,0
719628875,FIELD,287,717,10334168,287,285,1,0,0,0,1127446,1084037,0,0,0,1,31,569579565,138712213,29522528,38110527,1543509315,1,1,0,0,0,1,1,2,2,1,0,2,0
720627968,FIELD,287,718,10334168,287,285,1,1,0,0,1128944,1084037,0,0,0,1,31,569579565,138712213,29522528,38110527,1543509315,1,1,0,0,0,1,1,2,2,1,0,2,0
720627969,SELECT,285,719,10334168,285,288,1,0,0,0,1128944,1084037,0,0,1,1,31,569579565,138712213,29522528,38110527,3422553344,1,1,0,0,0,1,1,2,0,1,0,2,0
720715675,PUBLISH,285,719,10334168,285,288,1,0,0,0,1129076,1084037,0,0,1,1,32,569579565,138799919,29522528,38110527,3422553344,1,1,0,0,0,1,1,2,0,1,0,2,0
721630875,FIELD,285,719,10334168,285,288,1,0,0,0,1130449,1084037,0,0,1,1,32,569579565,139715119,29522528,38110527,3422553344,1,1,0,0,0,1,1,2,0,1,0,2,0
722629968,FIELD,285,720,10334168,285,288,1,0,0,0,1131947,1084037,0,0,1,1,32,569579565,140714212,29522528,38110527,3422553344,1,1,0,0,0,1,1,2,0,1,0,2,0
723632875,FIELD,285,721,10334168,285,288,1,0,0,0,1133452,1084037,0,0,1,1,32,569579565,141717119,29522528,38110527,3422553344,1,1,0,0,0,1,1,2,0,1,0,2,0
724631968,FIELD,285,722,10334168,285,288,1,1,0,0,1134950,1084037,0,0,1,1,32,569579565,142716212,29522528,38110527,3422553344,1,1,0,0,0,1,1,2,0,1,0,2,0
724631969,SELECT,288,723,10334168,288,288,0,0,0,0,1134950,1084037,0,0,0,1,32,569579565,142716213,29522528,38110527,3221226752,1,1,0,0,0,1,1,2,1,1,0,2,0
724719675,PUBLISH,288,723,10334168,288,288,0,0,0,0,1135082,1084037,0,0,0,1,33,569579565,142716213,29522528,38110527,3221226752,1,1,0,0,0,1,1,2,1,1,0,2,0
725634875,FIELD,288,723,10334168,288,288,0,0,0,0,1136455,1084037,0,0,0,1,33,569579565,142716213,29522528,38110527,3221226752,1,1,0,0,0,1,1,2,1,1,0,2,0
726633968,FIELD,288,724,10334168,288,288,0,1,0,0,1137953,1084037,0,0,0,1,33,569579565,142716213,29522528,38110527,3221226752,1,1,0,0,0,1,1,2,1,1,0,2,0
727636875,FIELD,288,725,10334168,288,288,0,0,0,0,1139458,1084037,0,0,0,1,33,569579565,142716213,29522528,38110527,3221226752,1,1,0,0,0,1,1,2,1,1,0,2,0
728635968,FIELD,288,726,10334168,288,288,0,1,0,0,1140956,1084037,0,0,0,1,33,569579565,142716213,29522528,38110527,3221226752,1,1,0,0,0,1,1,2,1,1,0,2,0
728635970,END,288,727,10334168,288,288,0,1,0,0,1140956,1084037,0,0,0,1,33,569579565,142716213,29522528,38110527,3221226752,1,1,0,0,0,1,1,2,1,1,0,2,0
