Info: *******************************************************************
Info: Running Quartus Prime Shell
    Info: Version 17.0.2 Build 602 07/19/2017 SJ Lite Edition
    Info: Copyright (C) 2017  Intel Corporation. All rights reserved.
    Info: Your use of Intel Corporation's design tools, logic functions 
    Info: and other software and tools, and its AMPP partner logic 
    Info: functions, and any output files from any of the foregoing 
    Info: (including device programming or simulation files), and any 
    Info: associated documentation or information are expressly subject 
    Info: to the terms and conditions of the Intel Program License 
    Info: Subscription Agreement, the Intel Quartus Prime License Agreement,
    Info: the Intel MegaCore Function License Agreement, or other 
    Info: applicable license agreement, including, without limitation, 
    Info: that your use is for the sole purpose of programming logic 
    Info: devices manufactured by Intel and sold by Intel or its 
    Info: authorized distributors.  Please refer to the applicable 
    Info: agreement for further details.
    Info: Processing started: Fri Aug 28 13:00:29 2026
Info: Command: quartus_sh --flow compile MediaPlayer
Info: Quartus(args): compile MediaPlayer
Info: Project Name = /home/vash/mister-builds/entry681/FPGA/MediaPlayer
Info: Revision Name = MediaPlayer
Info: *******************************************************************
Info: Running Quartus Prime Shell
    Info: Version 17.0.2 Build 602 07/19/2017 SJ Lite Edition
    Info: Processing started: Fri Aug 28 13:00:29 2026
Info: Command: quartus_sh -t sys/build_id.tcl compile MediaPlayer MediaPlayer
Info: Quartus(args): compile MediaPlayer MediaPlayer
Info: Generated: /home/vash/mister-builds/entry681/FPGA/build_id.v: `define BUILD_DATE "260828"
Info (23030): Evaluation of Tcl script sys/build_id.tcl was successful
Info: Quartus Prime Shell was successful. 0 errors, 0 warnings
    Info: Peak virtual memory: 750 megabytes
    Info: Processing ended: Fri Aug 28 13:00:29 2026
    Info: Elapsed time: 00:00:00
    Info: Total CPU time (on all processors): 00:00:00
Info: *******************************************************************
Info: Running Quartus Prime Analysis & Synthesis
    Info: Version 17.0.2 Build 602 07/19/2017 SJ Lite Edition
    Info: Processing started: Fri Aug 28 13:00:30 2026
Info: Command: quartus_map --read_settings_files=on --write_settings_files=off MediaPlayer -c MediaPlayer
Info (16303): High Performance Effort optimization mode selected -- timing performance will be prioritized at the potential cost of increased compilation time
Info (20030): Parallel compilation is enabled and will use 16 of the 20 processors detected
Info (12021): Found 1 design units, including 1 entities, in source file rtl/pll.v
    Info (12023): Found entity 1: pll File: /home/vash/mister-builds/entry681/FPGA/rtl/pll.v Line: 8
Info (12021): Found 1 design units, including 1 entities, in source file rtl/pll/pll_0002.v
    Info (12023): Found entity 1: pll_0002 File: /home/vash/mister-builds/entry681/FPGA/rtl/pll/pll_0002.v Line: 2
Info (12021): Found 1 design units, including 1 entities, in source file sys/pll_hdmi.v
    Info (12023): Found entity 1: pll_hdmi File: /home/vash/mister-builds/entry681/FPGA/sys/pll_hdmi.v Line: 8
Info (12021): Found 1 design units, including 1 entities, in source file sys/pll_hdmi/pll_hdmi_0002.v
    Info (12023): Found entity 1: pll_hdmi_0002 File: /home/vash/mister-builds/entry681/FPGA/sys/pll_hdmi/pll_hdmi_0002.v Line: 2
Info (12021): Found 1 design units, including 1 entities, in source file sys/pll_audio.v
    Info (12023): Found entity 1: pll_audio File: /home/vash/mister-builds/entry681/FPGA/sys/pll_audio.v Line: 8
Info (12021): Found 1 design units, including 1 entities, in source file sys/pll_audio/pll_audio_0002.v
    Info (12023): Found entity 1: pll_audio_0002 File: /home/vash/mister-builds/entry681/FPGA/sys/pll_audio/pll_audio_0002.v Line: 2
Info (12021): Found 1 design units, including 1 entities, in source file sys/pll_cfg/pll_cfg.v
    Info (12023): Found entity 1: pll_cfg File: /home/vash/mister-builds/entry681/FPGA/sys/pll_cfg/pll_cfg.v Line: 8
Info (12021): Found 1 design units, including 1 entities, in source file sys/pll_cfg/pll_cfg_hdmi.v
    Info (12023): Found entity 1: pll_cfg_hdmi File: /home/vash/mister-builds/entry681/FPGA/sys/pll_cfg/pll_cfg_hdmi.v Line: 16
Info (12021): Found 1 design units, including 1 entities, in source file sys/pll_cfg/altera_pll_reconfig_top.v
    Info (12023): Found entity 1: altera_pll_reconfig_top File: /home/vash/mister-builds/entry681/FPGA/sys/pll_cfg/altera_pll_reconfig_top.v Line: 16
Info (12021): Found 3 design units, including 3 entities, in source file sys/sys_top.v
    Info (12023): Found entity 1: sys_top File: /home/vash/mister-builds/entry681/FPGA/sys/sys_top.v Line: 22
    Info (12023): Found entity 2: sync_fix File: /home/vash/mister-builds/entry681/FPGA/sys/sys_top.v Line: 1887
    Info (12023): Found entity 3: csync File: /home/vash/mister-builds/entry681/FPGA/sys/sys_top.v Line: 1919
Info (12021): Found 2 design units, including 1 entities, in source file sys/ascal.vhd
    Info (12022): Found design unit 1: ascal-rtl File: /home/vash/mister-builds/entry681/FPGA/sys/ascal.vhd Line: 269
    Info (12023): Found entity 1: ascal File: /home/vash/mister-builds/entry681/FPGA/sys/ascal.vhd Line: 114
Info (12021): Found 2 design units, including 1 entities, in source file sys/pll_hdmi_adj.vhd
    Info (12022): Found design unit 1: pll_hdmi_adj-rtl File: /home/vash/mister-builds/entry681/FPGA/sys/pll_hdmi_adj.vhd Line: 53
    Info (12023): Found entity 1: pll_hdmi_adj File: /home/vash/mister-builds/entry681/FPGA/sys/pll_hdmi_adj.vhd Line: 21
Info (12021): Found 3 design units, including 3 entities, in source file sys/math.sv
    Info (12023): Found entity 1: sys_udiv File: /home/vash/mister-builds/entry681/FPGA/sys/math.sv Line: 3
    Info (12023): Found entity 2: sys_umul File: /home/vash/mister-builds/entry681/FPGA/sys/math.sv Line: 46
    Info (12023): Found entity 3: sys_umuldiv File: /home/vash/mister-builds/entry681/FPGA/sys/math.sv Line: 85
Info (12021): Found 5 design units, including 5 entities, in source file sys/hq2x.sv
    Info (12023): Found entity 1: Hq2x File: /home/vash/mister-builds/entry681/FPGA/sys/hq2x.sv Line: 13
    Info (12023): Found entity 2: hq2x_in File: /home/vash/mister-builds/entry681/FPGA/sys/hq2x.sv Line: 226
    Info (12023): Found entity 3: hq2x_buf File: /home/vash/mister-builds/entry681/FPGA/sys/hq2x.sv Line: 250
    Info (12023): Found entity 4: DiffCheck File: /home/vash/mister-builds/entry681/FPGA/sys/hq2x.sv Line: 271
    Info (12023): Found entity 5: Blend File: /home/vash/mister-builds/entry681/FPGA/sys/hq2x.sv Line: 298
Info (12021): Found 1 design units, including 1 entities, in source file sys/scandoubler.v
    Info (12023): Found entity 1: scandoubler File: /home/vash/mister-builds/entry681/FPGA/sys/scandoubler.v Line: 22
Info (12021): Found 1 design units, including 1 entities, in source file sys/scanlines.v
    Info (12023): Found entity 1: scanlines File: /home/vash/mister-builds/entry681/FPGA/sys/scanlines.v Line: 1
Info (12021): Found 1 design units, including 1 entities, in source file sys/shadowmask.sv
    Info (12023): Found entity 1: shadowmask File: /home/vash/mister-builds/entry681/FPGA/sys/shadowmask.sv Line: 1
Info (12021): Found 2 design units, including 2 entities, in source file sys/video_cleaner.sv
    Info (12023): Found entity 1: video_cleaner File: /home/vash/mister-builds/entry681/FPGA/sys/video_cleaner.sv Line: 12
    Info (12023): Found entity 2: s_fix File: /home/vash/mister-builds/entry681/FPGA/sys/video_cleaner.sv Line: 81
Info (12021): Found 2 design units, including 2 entities, in source file sys/gamma_corr.sv
    Info (12023): Found entity 1: gamma_corr File: /home/vash/mister-builds/entry681/FPGA/sys/gamma_corr.sv Line: 1
    Info (12023): Found entity 2: gamma_fast File: /home/vash/mister-builds/entry681/FPGA/sys/gamma_corr.sv Line: 62
Info (12021): Found 1 design units, including 1 entities, in source file sys/video_mixer.sv
    Info (12023): Found entity 1: video_mixer File: /home/vash/mister-builds/entry681/FPGA/sys/video_mixer.sv Line: 19
Info (12021): Found 2 design units, including 2 entities, in source file sys/video_freak.sv
    Info (12023): Found entity 1: video_freak File: /home/vash/mister-builds/entry681/FPGA/sys/video_freak.sv Line: 16
    Info (12023): Found entity 2: video_scale_int File: /home/vash/mister-builds/entry681/FPGA/sys/video_freak.sv Line: 141
Info (12021): Found 2 design units, including 2 entities, in source file sys/video_freezer.sv
    Info (12023): Found entity 1: video_freezer File: /home/vash/mister-builds/entry681/FPGA/sys/video_freezer.sv Line: 21
    Info (12023): Found entity 2: sync_lock File: /home/vash/mister-builds/entry681/FPGA/sys/video_freezer.sv Line: 80
Info (12021): Found 2 design units, including 2 entities, in source file sys/arcade_video.v
    Info (12023): Found entity 1: arcade_video File: /home/vash/mister-builds/entry681/FPGA/sys/arcade_video.v Line: 29
    Info (12023): Found entity 2: screen_rotate File: /home/vash/mister-builds/entry681/FPGA/sys/arcade_video.v Line: 168
Info (12021): Found 1 design units, including 1 entities, in source file sys/osd.v
    Info (12023): Found entity 1: osd File: /home/vash/mister-builds/entry681/FPGA/sys/osd.v Line: 4
Info (12021): Found 1 design units, including 1 entities, in source file sys/vga_out.sv
    Info (12023): Found entity 1: vga_out File: /home/vash/mister-builds/entry681/FPGA/sys/vga_out.sv Line: 2
Info (12021): Found 1 design units, including 1 entities, in source file sys/yc_out.sv
    Info (12023): Found entity 1: yc_out File: /home/vash/mister-builds/entry681/FPGA/sys/yc_out.sv Line: 27
Info (12021): Found 1 design units, including 1 entities, in source file sys/i2c.v
    Info (12023): Found entity 1: i2c File: /home/vash/mister-builds/entry681/FPGA/sys/i2c.v Line: 2
Info (12021): Found 1 design units, including 1 entities, in source file sys/alsa.sv
    Info (12023): Found entity 1: alsa File: /home/vash/mister-builds/entry681/FPGA/sys/alsa.sv Line: 22
Info (12021): Found 1 design units, including 1 entities, in source file sys/i2s.v
    Info (12023): Found entity 1: i2s File: /home/vash/mister-builds/entry681/FPGA/sys/i2s.v Line: 2
Info (12021): Found 1 design units, including 1 entities, in source file sys/spdif.v
    Info (12023): Found entity 1: spdif File: /home/vash/mister-builds/entry681/FPGA/sys/spdif.v Line: 33
Info (12021): Found 2 design units, including 2 entities, in source file sys/audio_out.sv
    Info (12023): Found entity 1: audio_out File: /home/vash/mister-builds/entry681/FPGA/sys/audio_out.sv Line: 22
    Info (12023): Found entity 2: aud_mix_top File: /home/vash/mister-builds/entry681/FPGA/sys/audio_out.sv Line: 293
Info (12021): Found 3 design units, including 3 entities, in source file sys/iir_filter.v
    Info (12023): Found entity 1: IIR_filter File: /home/vash/mister-builds/entry681/FPGA/sys/iir_filter.v Line: 22
    Info (12023): Found entity 2: iir_filter_tap File: /home/vash/mister-builds/entry681/FPGA/sys/iir_filter.v Line: 148
    Info (12023): Found entity 3: DC_blocker File: /home/vash/mister-builds/entry681/FPGA/sys/iir_filter.v Line: 189
Info (12021): Found 2 design units, including 2 entities, in source file sys/ltc2308.sv
    Info (12023): Found entity 1: ltc2308 File: /home/vash/mister-builds/entry681/FPGA/sys/ltc2308.sv Line: 28
    Info (12023): Found entity 2: ltc2308_tape File: /home/vash/mister-builds/entry681/FPGA/sys/ltc2308.sv Line: 105
Info (12021): Found 1 design units, including 1 entities, in source file sys/sigma_delta_dac.v
    Info (12023): Found entity 1: sigma_delta_dac File: /home/vash/mister-builds/entry681/FPGA/sys/sigma_delta_dac.v Line: 6
Info (12021): Found 1 design units, including 1 entities, in source file sys/mt32pi.sv
    Info (12023): Found entity 1: mt32pi File: /home/vash/mister-builds/entry681/FPGA/sys/mt32pi.sv Line: 8
Info (12021): Found 1 design units, including 1 entities, in source file sys/mcp23009.sv
    Info (12023): Found entity 1: mcp23009 File: /home/vash/mister-builds/entry681/FPGA/sys/mcp23009.sv Line: 5
Info (12021): Found 1 design units, including 1 entities, in source file sys/f2sdram_safe_terminator.sv
    Info (12023): Found entity 1: f2sdram_safe_terminator File: /home/vash/mister-builds/entry681/FPGA/sys/f2sdram_safe_terminator.sv Line: 55
Info (12021): Found 1 design units, including 1 entities, in source file sys/ddr_svc.sv
    Info (12023): Found entity 1: ddr_svc File: /home/vash/mister-builds/entry681/FPGA/sys/ddr_svc.sv Line: 23
Info (12021): Found 2 design units, including 2 entities, in source file sys/sysmem.sv
    Info (12023): Found entity 1: sysmem_lite File: /home/vash/mister-builds/entry681/FPGA/sys/sysmem.sv Line: 2
    Info (12023): Found entity 2: sysmem_HPS_fpga_interfaces File: /home/vash/mister-builds/entry681/FPGA/sys/sysmem.sv Line: 241
Info (12021): Found 1 design units, including 1 entities, in source file sys/sd_card.sv
    Info (12023): Found entity 1: sd_card File: /home/vash/mister-builds/entry681/FPGA/sys/sd_card.sv Line: 28
Info (12021): Found 4 design units, including 4 entities, in source file sys/hps_io.sv
    Info (12023): Found entity 1: hps_io File: /home/vash/mister-builds/entry681/FPGA/sys/hps_io.sv Line: 35
    Info (12023): Found entity 2: ps2_device File: /home/vash/mister-builds/entry681/FPGA/sys/hps_io.sv Line: 741
    Info (12023): Found entity 3: video_calc File: /home/vash/mister-builds/entry681/FPGA/sys/hps_io.sv Line: 884
    Info (12023): Found entity 4: confstr_rom File: /home/vash/mister-builds/entry681/FPGA/sys/hps_io.sv Line: 1063
Info (12021): Found 1 design units, including 1 entities, in source file rtl/media_player.sv
    Info (12023): Found entity 1: media_player File: /home/vash/mister-builds/entry681/FPGA/rtl/media_player.sv Line: 1
Info (12021): Found 1 design units, including 1 entities, in source file rtl/mpeg2_video_svga_800x600.sv
    Info (12023): Found entity 1: mpeg2_video_svga_800x600 File: /home/vash/mister-builds/entry681/FPGA/rtl/mpeg2_video_svga_800x600.sv Line: 11
Info (12021): Found 1 design units, including 1 entities, in source file rtl/mpeg2_video_output_timing.sv
    Info (12023): Found entity 1: mpeg2_video_output_timing File: /home/vash/mister-builds/entry681/FPGA/rtl/mpeg2_video_output_timing.sv Line: 16
Info (12021): Found 1 design units, including 1 entities, in source file rtl/mpeg2_hdmi_deinterlace_control.sv
    Info (12023): Found entity 1: mpeg2_hdmi_deinterlace_control File: /home/vash/mister-builds/entry681/FPGA/rtl/mpeg2_hdmi_deinterlace_control.sv Line: 8
Info (12021): Found 1 design units, including 1 entities, in source file rtl/mpeg2_stream_fifo.sv
    Info (12023): Found entity 1: mpeg2_stream_fifo File: /home/vash/mister-builds/entry681/FPGA/rtl/mpeg2_stream_fifo.sv Line: 3
Info (12021): Found 1 design units, including 1 entities, in source file rtl/audio/audio_pcm_test_source.sv
    Info (12023): Found entity 1: audio_pcm_test_source File: /home/vash/mister-builds/entry681/FPGA/rtl/audio/audio_pcm_test_source.sv Line: 8
Info (12021): Found 1 design units, including 1 entities, in source file rtl/audio/audio_pcm_fifo.sv
    Info (12023): Found entity 1: audio_pcm_fifo File: /home/vash/mister-builds/entry681/FPGA/rtl/audio/audio_pcm_fifo.sv Line: 6
Info (12021): Found 1 design units, including 1 entities, in source file rtl/audio/audio_pcm_output_adapter.sv
    Info (12023): Found entity 1: audio_pcm_output_adapter File: /home/vash/mister-builds/entry681/FPGA/rtl/audio/audio_pcm_output_adapter.sv Line: 7
Info (12021): Found 1 design units, including 1 entities, in source file rtl/mpeg2_luma_framebuffer.sv
    Info (12023): Found entity 1: mpeg2_luma_framebuffer File: /home/vash/mister-builds/entry681/FPGA/rtl/mpeg2_luma_framebuffer.sv Line: 25
Info (12021): Found 1 design units, including 1 entities, in source file rtl/mpeg2_new/mpeg2_h262_frontend.sv
    Info (12023): Found entity 1: mpeg2_h262_frontend File: /home/vash/mister-builds/entry681/FPGA/rtl/mpeg2_new/mpeg2_h262_frontend.sv Line: 32
Info (12021): Found 1 design units, including 1 entities, in source file rtl/mpeg2_new/mpeg2_h262_native_field_order.sv
    Info (12023): Found entity 1: mpeg2_h262_native_field_order File: /home/vash/mister-builds/entry681/FPGA/rtl/mpeg2_new/mpeg2_h262_native_field_order.sv Line: 10
Info (12021): Found 1 design units, including 1 entities, in source file rtl/mpeg2_new/mpeg2_h262_dct_vlc.sv
    Info (12023): Found entity 1: mpeg2_h262_dct_vlc File: /home/vash/mister-builds/entry681/FPGA/rtl/mpeg2_new/mpeg2_h262_dct_vlc.sv Line: 22
Info (12021): Found 1 design units, including 1 entities, in source file rtl/mpeg2_new/mpeg2_h262_inverse_quant.sv
    Info (12023): Found entity 1: mpeg2_h262_inverse_quant File: /home/vash/mister-builds/entry681/FPGA/rtl/mpeg2_new/mpeg2_h262_inverse_quant.sv Line: 28
Info (12021): Found 1 design units, including 1 entities, in source file rtl/mpeg2_new/mpeg2_h262_idct.sv
    Info (12023): Found entity 1: mpeg2_h262_idct File: /home/vash/mister-builds/entry681/FPGA/rtl/mpeg2_new/mpeg2_h262_idct.sv Line: 17
Info (12021): Found 1 design units, including 1 entities, in source file rtl/mpeg2_new/mpeg2_h262_intra_recon.sv
    Info (12023): Found entity 1: mpeg2_h262_intra_recon File: /home/vash/mister-builds/entry681/FPGA/rtl/mpeg2_new/mpeg2_h262_intra_recon.sv Line: 26
Info (12021): Found 1 design units, including 1 entities, in source file rtl/mpeg2_new/mpeg2_h262_ddram_store_420p.sv
    Info (12023): Found entity 1: mpeg2_h262_ddram_store File: /home/vash/mister-builds/entry681/FPGA/rtl/mpeg2_new/mpeg2_h262_ddram_store_420p.sv Line: 6
Info (12021): Found 1 design units, including 1 entities, in source file rtl/mpeg2_new/mpeg2_h262_luma_write_fingerprint.sv
    Info (12023): Found entity 1: mpeg2_h262_luma_write_fingerprint File: /home/vash/mister-builds/entry681/FPGA/rtl/mpeg2_new/mpeg2_h262_luma_write_fingerprint.sv Line: 10
Info (12021): Found 1 design units, including 1 entities, in source file rtl/mpeg2_new/mpeg2_h262_ddram_arbiter.sv
    Info (12023): Found entity 1: mpeg2_h262_ddram_arbiter File: /home/vash/mister-builds/entry681/FPGA/rtl/mpeg2_new/mpeg2_h262_ddram_arbiter.sv Line: 35
Info (12021): Found 1 design units, including 1 entities, in source file rtl/mpeg2_new/mpeg2_h262_p_explicit_reference_probe.sv
    Info (12023): Found entity 1: mpeg2_h262_p_explicit_reference_probe File: /home/vash/mister-builds/entry681/FPGA/rtl/mpeg2_new/mpeg2_h262_p_explicit_reference_probe.sv Line: 7
Info (12021): Found 1 design units, including 1 entities, in source file rtl/mpeg2_new/mpeg2_h262_p_macroblock_420_engine.sv
    Info (12023): Found entity 1: mpeg2_h262_p_luma_macroblock_engine File: /home/vash/mister-builds/entry681/FPGA/rtl/mpeg2_new/mpeg2_h262_p_macroblock_420_engine.sv Line: 4
Info (12021): Found 1 design units, including 1 entities, in source file rtl/mpeg2_new/mpeg2_h262_p_four_mb_two_row_copy_engine.sv
    Info (12023): Found entity 1: mpeg2_h262_p_four_mb_two_row_copy_engine File: /home/vash/mister-builds/entry681/FPGA/rtl/mpeg2_new/mpeg2_h262_p_four_mb_two_row_copy_engine.sv Line: 18
Info (12021): Found 1 design units, including 1 entities, in source file rtl/mpeg2_new/mpeg2_h262_prediction_block_fetcher.sv
    Info (12023): Found entity 1: mpeg2_h262_prediction_block_fetcher File: /home/vash/mister-builds/entry681/FPGA/rtl/mpeg2_new/mpeg2_h262_prediction_block_fetcher.sv Line: 19
Info (12021): Found 1 design units, including 1 entities, in source file rtl/mpeg2_new/mpeg2_h262_p_motion_residual_raster_engine.sv
    Info (12023): Found entity 1: mpeg2_h262_p_motion_residual_raster_engine File: /home/vash/mister-builds/entry681/FPGA/rtl/mpeg2_new/mpeg2_h262_p_motion_residual_raster_engine.sv Line: 21
Info (12021): Found 1 design units, including 1 entities, in source file rtl/mpeg2_new/mpeg2_h262_b_bidirectional_raster_engine.sv
    Info (12023): Found entity 1: mpeg2_h262_b_bidirectional_raster_engine File: /home/vash/mister-builds/entry681/FPGA/rtl/mpeg2_new/mpeg2_h262_b_bidirectional_raster_engine_part0.svh Line: 27
Info (12021): Found 1 design units, including 1 entities, in source file rtl/mpeg2_new/mpeg2_h262_b_presentation_scheduler.sv
    Info (12023): Found entity 1: mpeg2_h262_b_presentation_scheduler File: /home/vash/mister-builds/entry681/FPGA/rtl/mpeg2_new/mpeg2_h262_b_presentation_scheduler.sv Line: 10
Info (12021): Found 1 design units, including 1 entities, in source file rtl/mpeg2_native_timing_pattern.sv
    Info (12023): Found entity 1: mpeg2_native_timing_pattern File: /home/vash/mister-builds/entry681/FPGA/rtl/mpeg2_native_timing_pattern.sv Line: 10
Info (12021): Found 1 design units, including 1 entities, in source file rtl/mpeg2_new/mpeg2_h262_hardware_cadence_profiler.sv
    Info (12023): Found entity 1: mpeg2_h262_hardware_cadence_profiler File: /home/vash/mister-builds/entry681/FPGA/rtl/mpeg2_new/mpeg2_h262_hardware_cadence_profiler.sv Line: 9
Info (12021): Found 1 design units, including 1 entities, in source file rtl/mpeg2_new/mpeg2_h262_system_time_clock.sv
    Info (12023): Found entity 1: mpeg2_h262_system_time_clock File: /home/vash/mister-builds/entry681/FPGA/rtl/mpeg2_new/mpeg2_h262_system_time_clock.sv Line: 28
Info (12021): Found 1 design units, including 1 entities, in source file rtl/mpeg2_new/mpeg2_h262_inband_metadata.sv
    Info (12023): Found entity 1: mpeg2_h262_inband_metadata File: /home/vash/mister-builds/entry681/FPGA/rtl/mpeg2_new/mpeg2_h262_inband_metadata.sv Line: 44
Info (12021): Found 1 design units, including 1 entities, in source file rtl/mpeg2_new/mpeg2_h262_clean_video_queue.sv
    Info (12023): Found entity 1: mpeg2_h262_clean_video_queue File: /home/vash/mister-builds/entry681/FPGA/rtl/mpeg2_new/mpeg2_h262_clean_video_queue.sv Line: 17
Info (12021): Found 1 design units, including 1 entities, in source file rtl/mpeg2_new/mpeg2_h262_native_startup.sv
    Info (12023): Found entity 1: mpeg2_h262_native_startup File: /home/vash/mister-builds/entry681/FPGA/rtl/mpeg2_new/mpeg2_h262_native_startup.sv Line: 5
Info (12021): Found 1 design units, including 1 entities, in source file rtl/mpeg2_new/mpeg2_h262_picture_timestamp.sv
    Info (12023): Found entity 1: mpeg2_h262_picture_timestamp File: /home/vash/mister-builds/entry681/FPGA/rtl/mpeg2_new/mpeg2_h262_picture_timestamp.sv Line: 10
Info (12021): Found 1 design units, including 1 entities, in source file rtl/mpeg2_new/mpeg2_h262_pts_presentation_timeline.sv
    Info (12023): Found entity 1: mpeg2_h262_pts_presentation_timeline File: /home/vash/mister-builds/entry681/FPGA/rtl/mpeg2_new/mpeg2_h262_pts_presentation_timeline.sv Line: 14
Info (12021): Found 1 design units, including 1 entities, in source file rtl/mpeg2_new/mpeg2_h262_final_gop_progress_probe.sv
    Info (12023): Found entity 1: mpeg2_h262_final_gop_progress_probe File: /home/vash/mister-builds/entry681/FPGA/rtl/mpeg2_new/mpeg2_h262_final_gop_progress_probe.sv Line: 9
Info (12021): Found 1 design units, including 1 entities, in source file rtl/mpeg2_new/mpeg2_h262_stream_transport_gate.sv
    Info (12023): Found entity 1: mpeg2_h262_stream_transport_gate File: /home/vash/mister-builds/entry681/FPGA/rtl/mpeg2_new/mpeg2_h262_stream_transport_gate.sv Line: 10
Info (12021): Found 1 design units, including 1 entities, in source file rtl/mpeg2_new/mpeg2_h262_download_rearm.sv
    Info (12023): Found entity 1: mpeg2_h262_download_rearm File: /home/vash/mister-builds/entry681/FPGA/rtl/mpeg2_new/mpeg2_h262_download_rearm.sv Line: 10
Info (12021): Found 1 design units, including 1 entities, in source file rtl/mpeg2_new/mpeg2_h262_reference_word_cache.sv
    Info (12023): Found entity 1: mpeg2_h262_reference_word_cache File: /home/vash/mister-builds/entry681/FPGA/rtl/mpeg2_new/mpeg2_h262_reference_word_cache.sv Line: 20
Info (12021): Found 2 design units, including 2 entities, in source file rtl/mpeg2_new/mpeg2_h262_reference_pipeline_probe_rearm.sv
    Info (12023): Found entity 1: mpeg2_h262_reference_read_probe_base File: /home/vash/mister-builds/entry681/FPGA/rtl/mpeg2_new/mpeg2_h262_reference_pipeline_probe_plan.sv Line: 11
    Info (12023): Found entity 2: mpeg2_h262_reference_read_probe File: /home/vash/mister-builds/entry681/FPGA/rtl/mpeg2_new/mpeg2_h262_reference_pipeline_probe_rearm.sv Line: 12
Info (12021): Found 1 design units, including 1 entities, in source file rtl/mpeg2_new/mpeg2_h262_bitreader.sv
    Info (12023): Found entity 1: mpeg2_h262_bitreader File: /home/vash/mister-builds/entry681/FPGA/rtl/mpeg2_new/mpeg2_h262_bitreader.sv Line: 15
Info (12021): Found 1 design units, including 1 entities, in source file rtl/mpeg2_new/mpeg2_ycbcr_to_rgb_bt601.sv
    Info (12023): Found entity 1: mpeg2_ycbcr_to_rgb_bt601 File: /home/vash/mister-builds/entry681/FPGA/rtl/mpeg2_new/mpeg2_ycbcr_to_rgb_bt601.sv Line: 17
Info (12021): Found 1 design units, including 1 entities, in source file rtl/mpeg2_new/mpeg2_h262_luma4_probe.sv
    Info (12023): Found entity 1: mpeg2_h262_luma4_probe File: /home/vash/mister-builds/entry681/FPGA/rtl/mpeg2_new/mpeg2_h262_luma4_probe.sv Line: 43
Warning (10259): Verilog HDL error at mpeg2_h262_p_syntax_probe.sv(327): constant value overflow File: /home/vash/mister-builds/entry681/FPGA/rtl/mpeg2_new/mpeg2_h262_p_syntax_probe.sv Line: 327
Info (12021): Found 1 design units, including 1 entities, in source file rtl/mpeg2_new/mpeg2_h262_p_syntax_probe.sv
    Info (12023): Found entity 1: mpeg2_h262_p_syntax_probe File: /home/vash/mister-builds/entry681/FPGA/rtl/mpeg2_new/mpeg2_h262_p_syntax_probe.sv Line: 64
Info (12021): Found 1 design units, including 1 entities, in source file rtl/mpeg2_new/mpeg2_h262_p_two_mb_syntax_probe.sv
    Info (12023): Found entity 1: mpeg2_h262_p_two_mb_syntax_probe File: /home/vash/mister-builds/entry681/FPGA/rtl/mpeg2_new/mpeg2_h262_p_two_mb_syntax_probe.sv Line: 20
Info (12021): Found 1 design units, including 1 entities, in source file rtl/mpeg2_new/mpeg2_h262_p_four_mb_two_row_syntax_probe.sv
    Info (12023): Found entity 1: mpeg2_h262_p_four_mb_two_row_syntax_probe File: /home/vash/mister-builds/entry681/FPGA/rtl/mpeg2_new/mpeg2_h262_p_four_mb_two_row_syntax_probe.sv Line: 33
Info (12021): Found 1 design units, including 1 entities, in source file rtl/mpeg2_new/mpeg2_h262_p_motion_plan_syntax_probe.sv
    Info (12023): Found entity 1: mpeg2_h262_p_aligned_motion_syntax_probe File: /home/vash/mister-builds/entry681/FPGA/rtl/mpeg2_new/mpeg2_h262_p_motion_plan_syntax_probe.sv Line: 10
Info (12021): Found 1 design units, including 1 entities, in source file rtl/mpeg2_new/mpeg2_h262_p_wide_motion_syntax_probe.sv
    Info (12023): Found entity 1: mpeg2_h262_p_wide_motion_syntax_probe File: /home/vash/mister-builds/entry681/FPGA/rtl/mpeg2_new/mpeg2_h262_p_wide_motion_syntax_probe_part0.svh Line: 23
Info (12021): Found 1 design units, including 1 entities, in source file rtl/mpeg2_new/mpeg2_h262_p_residual_parser_420.sv
    Info (12023): Found entity 1: mpeg2_h262_p_residual_parser_420 File: /home/vash/mister-builds/entry681/FPGA/rtl/mpeg2_new/mpeg2_h262_p_residual_parser_420.sv Line: 15
Info (12021): Found 1 design units, including 1 entities, in source file rtl/mpeg2_new/mpeg2_h262_p_non_intra_transform.sv
    Info (12023): Found entity 1: mpeg2_h262_p_non_intra_transform File: /home/vash/mister-builds/entry681/FPGA/rtl/mpeg2_new/mpeg2_h262_p_non_intra_transform.sv Line: 29
Info (12021): Found 1 design units, including 1 entities, in source file rtl/mpeg2_new/mpeg2_h262_p_residual_pipeline_420.sv
    Info (12023): Found entity 1: mpeg2_h262_p_residual_probe File: /home/vash/mister-builds/entry681/FPGA/rtl/mpeg2_new/mpeg2_h262_p_residual_pipeline_420.sv Line: 12
Info (12021): Found 1 design units, including 1 entities, in source file rtl/mpeg2_new/mpeg2_h262_b_core_probe.sv
    Info (12023): Found entity 1: mpeg2_h262_b_core_probe File: /home/vash/mister-builds/entry681/FPGA/rtl/mpeg2_new/mpeg2_h262_b_core_probe_part0.svh Line: 29
Info (12021): Found 1 design units, including 1 entities, in source file rtl/mpeg2_new/mpeg2_h262_p_stream_hold.sv
    Info (12023): Found entity 1: mpeg2_h262_p_stream_hold File: /home/vash/mister-builds/entry681/FPGA/rtl/mpeg2_new/mpeg2_h262_p_stream_hold.sv Line: 19
Info (12021): Found 1 design units, including 1 entities, in source file rtl/mpeg2_new/mpeg2_h262_picture_bookkeeper.sv
    Info (12023): Found entity 1: mpeg2_h262_picture_bookkeeper File: /home/vash/mister-builds/entry681/FPGA/rtl/mpeg2_new/mpeg2_h262_picture_bookkeeper.sv Line: 9
Info (12021): Found 1 design units, including 1 entities, in source file rtl/mpeg2_new/mpeg2_h262_p_diagnostic_controller_rearm.sv
    Info (12023): Found entity 1: mpeg2_h262_p_diagnostic_controller File: /home/vash/mister-builds/entry681/FPGA/rtl/mpeg2_new/mpeg2_h262_p_diagnostic_controller_rearm.sv Line: 9
Info (12021): Found 1 design units, including 1 entities, in source file rtl/mpeg2_new/mpeg2_h262_two_picture_probe_p_chain.sv
    Info (12023): Found entity 1: mpeg2_h262_two_picture_probe File: /home/vash/mister-builds/entry681/FPGA/rtl/mpeg2_new/mpeg2_h262_two_picture_probe_p_chain.sv Line: 10
Info (12021): Found 1 design units, including 1 entities, in source file MediaPlayer.sv
    Info (12023): Found entity 1: emu File: /home/vash/mister-builds/entry681/FPGA/MediaPlayer_top_00.svh Line: 19
Info (12021): Found 1 design units, including 1 entities, in source file rtl/mpeg2_new/mpeg2_h262_quant_matrices.sv
    Info (12023): Found entity 1: mpeg2_h262_quant_matrices File: /home/vash/mister-builds/entry681/FPGA/rtl/mpeg2_new/mpeg2_h262_quant_matrices.sv Line: 6
Warning (10037): Verilog HDL or VHDL warning at mpeg2_h262_p_syntax_probe.sv(536): conditional expression evaluates to a constant File: /home/vash/mister-builds/entry681/FPGA/rtl/mpeg2_new/mpeg2_h262_p_syntax_probe.sv Line: 536
Info (12127): Elaborating entity "sys_top" for the top level hierarchy
Info (12128): Elaborating entity "mcp23009" for hierarchy "mcp23009:mcp23009" File: /home/vash/mister-builds/entry681/FPGA/sys/sys_top.v Line: 175
Info (12128): Elaborating entity "i2c" for hierarchy "mcp23009:mcp23009|i2c:i2c" File: /home/vash/mister-builds/entry681/FPGA/sys/mcp23009.sv Line: 41
Info (12128): Elaborating entity "sysmem_lite" for hierarchy "sysmem_lite:sysmem" File: /home/vash/mister-builds/entry681/FPGA/sys/sys_top.v Line: 650
Info (12128): Elaborating entity "f2sdram_safe_terminator" for hierarchy "sysmem_lite:sysmem|f2sdram_safe_terminator:f2sdram_safe_terminator_ram1" File: /home/vash/mister-builds/entry681/FPGA/sys/sysmem.sv Line: 91
Info (12128): Elaborating entity "f2sdram_safe_terminator" for hierarchy "sysmem_lite:sysmem|f2sdram_safe_terminator:f2sdram_safe_terminator_vbuf" File: /home/vash/mister-builds/entry681/FPGA/sys/sysmem.sv Line: 183
Info (12128): Elaborating entity "sysmem_HPS_fpga_interfaces" for hierarchy "sysmem_lite:sysmem|sysmem_HPS_fpga_interfaces:fpga_interfaces" File: /home/vash/mister-builds/entry681/FPGA/sys/sysmem.sv Line: 223
Info (12128): Elaborating entity "ddr_svc" for hierarchy "ddr_svc:ddr_svc" File: /home/vash/mister-builds/entry681/FPGA/sys/sys_top.v Line: 691
Info (12128): Elaborating entity "ascal" for hierarchy "ascal:ascal" File: /home/vash/mister-builds/entry681/FPGA/sys/sys_top.v Line: 831
Info (19000): Inferred 9 megafunctions from design logic
    Info (276029): Inferred altsyncram megafunction from the following design logic: "ascal:ascal|altsyncram:i_mem[0].r[7]__1" 
        Info (286033): Parameter OPERATION_MODE set to DUAL_PORT
        Info (286033): Parameter WIDTH_A set to 24
        Info (286033): Parameter WIDTHAD_A set to 11
        Info (286033): Parameter NUMWORDS_A set to 2048
        Info (286033): Parameter WIDTH_B set to 24
        Info (286033): Parameter WIDTHAD_B set to 11
        Info (286033): Parameter NUMWORDS_B set to 2048
        Info (286033): Parameter ADDRESS_ACLR_A set to NONE
        Info (286033): Parameter OUTDATA_REG_B set to UNREGISTERED
        Info (286033): Parameter ADDRESS_ACLR_B set to NONE
        Info (286033): Parameter OUTDATA_ACLR_B set to NONE
        Info (286033): Parameter ADDRESS_REG_B set to CLOCK0
        Info (286033): Parameter INDATA_ACLR_A set to NONE
        Info (286033): Parameter WRCONTROL_ACLR_A set to NONE
        Info (286033): Parameter READ_DURING_WRITE_MODE_MIXED_PORTS set to OLD_DATA
        Info (286033): Parameter RDCONTROL_REG_B set to CLOCK0
    Info (276029): Inferred altsyncram megafunction from the following design logic: "ascal:ascal|altsyncram:o_line0[0].r[7]__2" 
        Info (286033): Parameter OPERATION_MODE set to DUAL_PORT
        Info (286033): Parameter WIDTH_A set to 24
        Info (286033): Parameter WIDTHAD_A set to 11
        Info (286033): Parameter NUMWORDS_A set to 2048
        Info (286033): Parameter WIDTH_B set to 24
        Info (286033): Parameter WIDTHAD_B set to 11
        Info (286033): Parameter NUMWORDS_B set to 2048
        Info (286033): Parameter ADDRESS_ACLR_A set to NONE
        Info (286033): Parameter OUTDATA_REG_B set to UNREGISTERED
        Info (286033): Parameter ADDRESS_ACLR_B set to NONE
        Info (286033): Parameter OUTDATA_ACLR_B set to NONE
        Info (286033): Parameter ADDRESS_REG_B set to CLOCK0
        Info (286033): Parameter INDATA_ACLR_A set to NONE
        Info (286033): Parameter WRCONTROL_ACLR_A set to NONE
        Info (286033): Parameter READ_DURING_WRITE_MODE_MIXED_PORTS set to OLD_DATA
    Info (276029): Inferred altsyncram megafunction from the following design logic: "ascal:ascal|altsyncram:o_line1[0].r[7]__3" 
        Info (286033): Parameter OPERATION_MODE set to DUAL_PORT
        Info (286033): Parameter WIDTH_A set to 24
        Info (286033): Parameter WIDTHAD_A set to 11
        Info (286033): Parameter NUMWORDS_A set to 2048
        Info (286033): Parameter WIDTH_B set to 24
        Info (286033): Parameter WIDTHAD_B set to 11
        Info (286033): Parameter NUMWORDS_B set to 2048
        Info (286033): Parameter ADDRESS_ACLR_A set to NONE
        Info (286033): Parameter OUTDATA_REG_B set to UNREGISTERED
        Info (286033): Parameter ADDRESS_ACLR_B set to NONE
        Info (286033): Parameter OUTDATA_ACLR_B set to NONE
        Info (286033): Parameter ADDRESS_REG_B set to CLOCK0
        Info (286033): Parameter INDATA_ACLR_A set to NONE
        Info (286033): Parameter WRCONTROL_ACLR_A set to NONE
        Info (286033): Parameter READ_DURING_WRITE_MODE_MIXED_PORTS set to OLD_DATA
    Info (276029): Inferred altsyncram megafunction from the following design logic: "ascal:ascal|altsyncram:o_line2[0].r[7]__4" 
        Info (286033): Parameter OPERATION_MODE set to DUAL_PORT
        Info (286033): Parameter WIDTH_A set to 24
        Info (286033): Parameter WIDTHAD_A set to 11
        Info (286033): Parameter NUMWORDS_A set to 2048
        Info (286033): Parameter WIDTH_B set to 24
        Info (286033): Parameter WIDTHAD_B set to 11
        Info (286033): Parameter NUMWORDS_B set to 2048
        Info (286033): Parameter ADDRESS_ACLR_A set to NONE
        Info (286033): Parameter OUTDATA_REG_B set to UNREGISTERED
        Info (286033): Parameter ADDRESS_ACLR_B set to NONE
        Info (286033): Parameter OUTDATA_ACLR_B set to NONE
        Info (286033): Parameter ADDRESS_REG_B set to CLOCK0
        Info (286033): Parameter INDATA_ACLR_A set to NONE
        Info (286033): Parameter WRCONTROL_ACLR_A set to NONE
        Info (286033): Parameter READ_DURING_WRITE_MODE_MIXED_PORTS set to OLD_DATA
    Info (276029): Inferred altsyncram megafunction from the following design logic: "ascal:ascal|altsyncram:o_line3[0].r[7]__5" 
        Info (286033): Parameter OPERATION_MODE set to DUAL_PORT
        Info (286033): Parameter WIDTH_A set to 24
        Info (286033): Parameter WIDTHAD_A set to 11
        Info (286033): Parameter NUMWORDS_A set to 2048
        Info (286033): Parameter WIDTH_B set to 24
        Info (286033): Parameter WIDTHAD_B set to 11
        Info (286033): Parameter NUMWORDS_B set to 2048
        Info (286033): Parameter ADDRESS_ACLR_A set to NONE
        Info (286033): Parameter OUTDATA_REG_B set to UNREGISTERED
        Info (286033): Parameter ADDRESS_ACLR_B set to NONE
        Info (286033): Parameter OUTDATA_ACLR_B set to NONE
        Info (286033): Parameter ADDRESS_REG_B set to CLOCK0
        Info (286033): Parameter INDATA_ACLR_A set to NONE
        Info (286033): Parameter WRCONTROL_ACLR_A set to NONE
        Info (286033): Parameter READ_DURING_WRITE_MODE_MIXED_PORTS set to OLD_DATA
    Info (276029): Inferred altsyncram megafunction from the following design logic: "ascal:ascal|altsyncram:o_linf0[0].r[7]__6" 
        Info (286033): Parameter OPERATION_MODE set to DUAL_PORT
        Info (286033): Parameter WIDTH_A set to 24
        Info (286033): Parameter WIDTHAD_A set to 8
        Info (286033): Parameter NUMWORDS_A set to 256
        Info (286033): Parameter WIDTH_B set to 24
        Info (286033): Parameter WIDTHAD_B set to 8
        Info (286033): Parameter NUMWORDS_B set to 256
        Info (286033): Parameter ADDRESS_ACLR_A set to NONE
        Info (286033): Parameter OUTDATA_REG_B set to UNREGISTERED
        Info (286033): Parameter ADDRESS_ACLR_B set to NONE
        Info (286033): Parameter OUTDATA_ACLR_B set to NONE
        Info (286033): Parameter ADDRESS_REG_B set to CLOCK0
        Info (286033): Parameter INDATA_ACLR_A set to NONE
        Info (286033): Parameter WRCONTROL_ACLR_A set to NONE
        Info (286033): Parameter READ_DURING_WRITE_MODE_MIXED_PORTS set to OLD_DATA
    Info (276029): Inferred altsyncram megafunction from the following design logic: "ascal:ascal|altsyncram:o_linf1[0].r[7]__7" 
        Info (286033): Parameter OPERATION_MODE set to DUAL_PORT
        Info (286033): Parameter WIDTH_A set to 24
        Info (286033): Parameter WIDTHAD_A set to 8
        Info (286033): Parameter NUMWORDS_A set to 256
        Info (286033): Parameter WIDTH_B set to 24
        Info (286033): Parameter WIDTHAD_B set to 8
        Info (286033): Parameter NUMWORDS_B set to 256
        Info (286033): Parameter ADDRESS_ACLR_A set to NONE
        Info (286033): Parameter OUTDATA_REG_B set to UNREGISTERED
        Info (286033): Parameter ADDRESS_ACLR_B set to NONE
        Info (286033): Parameter OUTDATA_ACLR_B set to NONE
        Info (286033): Parameter ADDRESS_REG_B set to CLOCK0
        Info (286033): Parameter INDATA_ACLR_A set to NONE
        Info (286033): Parameter WRCONTROL_ACLR_A set to NONE
        Info (286033): Parameter READ_DURING_WRITE_MODE_MIXED_PORTS set to OLD_DATA
    Info (276029): Inferred altsyncram megafunction from the following design logic: "ascal:ascal|altsyncram:o_linf2[0].r[7]__8" 
        Info (286033): Parameter OPERATION_MODE set to DUAL_PORT
        Info (286033): Parameter WIDTH_A set to 24
        Info (286033): Parameter WIDTHAD_A set to 8
        Info (286033): Parameter NUMWORDS_A set to 256
        Info (286033): Parameter WIDTH_B set to 24
        Info (286033): Parameter WIDTHAD_B set to 8
        Info (286033): Parameter NUMWORDS_B set to 256
        Info (286033): Parameter ADDRESS_ACLR_A set to NONE
        Info (286033): Parameter OUTDATA_REG_B set to UNREGISTERED
        Info (286033): Parameter ADDRESS_ACLR_B set to NONE
        Info (286033): Parameter OUTDATA_ACLR_B set to NONE
        Info (286033): Parameter ADDRESS_REG_B set to CLOCK0
        Info (286033): Parameter INDATA_ACLR_A set to NONE
        Info (286033): Parameter WRCONTROL_ACLR_A set to NONE
        Info (286033): Parameter READ_DURING_WRITE_MODE_MIXED_PORTS set to OLD_DATA
    Info (276029): Inferred altsyncram megafunction from the following design logic: "ascal:ascal|altsyncram:o_linf3[0].r[7]__9" 
        Info (286033): Parameter OPERATION_MODE set to DUAL_PORT
        Info (286033): Parameter WIDTH_A set to 24
        Info (286033): Parameter WIDTHAD_A set to 8
        Info (286033): Parameter NUMWORDS_A set to 256
        Info (286033): Parameter WIDTH_B set to 24
        Info (286033): Parameter WIDTHAD_B set to 8
        Info (286033): Parameter NUMWORDS_B set to 256
        Info (286033): Parameter ADDRESS_ACLR_A set to NONE
        Info (286033): Parameter OUTDATA_REG_B set to UNREGISTERED
        Info (286033): Parameter ADDRESS_ACLR_B set to NONE
        Info (286033): Parameter OUTDATA_ACLR_B set to NONE
        Info (286033): Parameter ADDRESS_REG_B set to CLOCK0
        Info (286033): Parameter INDATA_ACLR_A set to NONE
        Info (286033): Parameter WRCONTROL_ACLR_A set to NONE
        Info (286033): Parameter READ_DURING_WRITE_MODE_MIXED_PORTS set to OLD_DATA
Info (12128): Elaborating entity "altsyncram" for hierarchy "ascal:ascal|altsyncram:i_mem[0].r[7]__1"
Info (12130): Elaborated megafunction instantiation "ascal:ascal|altsyncram:i_mem[0].r[7]__1"
Info (12133): Instantiated megafunction "ascal:ascal|altsyncram:i_mem[0].r[7]__1" with the following parameter:
    Info (12134): Parameter "OPERATION_MODE" = "DUAL_PORT"
    Info (12134): Parameter "WIDTH_A" = "24"
    Info (12134): Parameter "WIDTHAD_A" = "11"
    Info (12134): Parameter "NUMWORDS_A" = "2048"
    Info (12134): Parameter "WIDTH_B" = "24"
    Info (12134): Parameter "WIDTHAD_B" = "11"
    Info (12134): Parameter "NUMWORDS_B" = "2048"
    Info (12134): Parameter "ADDRESS_ACLR_A" = "NONE"
    Info (12134): Parameter "OUTDATA_REG_B" = "UNREGISTERED"
    Info (12134): Parameter "ADDRESS_ACLR_B" = "NONE"
    Info (12134): Parameter "OUTDATA_ACLR_B" = "NONE"
    Info (12134): Parameter "ADDRESS_REG_B" = "CLOCK0"
    Info (12134): Parameter "INDATA_ACLR_A" = "NONE"
    Info (12134): Parameter "WRCONTROL_ACLR_A" = "NONE"
    Info (12134): Parameter "READ_DURING_WRITE_MODE_MIXED_PORTS" = "OLD_DATA"
    Info (12134): Parameter "RDCONTROL_REG_B" = "CLOCK0"
Info (12021): Found 1 design units, including 1 entities, in source file db/altsyncram_89q1.tdf
    Info (12023): Found entity 1: altsyncram_89q1 File: /home/vash/mister-builds/entry681/FPGA/db/altsyncram_89q1.tdf Line: 28
Info (12128): Elaborating entity "altsyncram_89q1" for hierarchy "ascal:ascal|altsyncram:i_mem[0].r[7]__1|altsyncram_89q1:auto_generated" File: /home/vash/intelFPGA_lite/17.0_T/quartus/libraries/megafunctions/altsyncram.tdf Line: 792
Info (12128): Elaborating entity "altsyncram" for hierarchy "ascal:ascal|altsyncram:o_line0[0].r[7]__2"
Info (12130): Elaborated megafunction instantiation "ascal:ascal|altsyncram:o_line0[0].r[7]__2"
Info (12133): Instantiated megafunction "ascal:ascal|altsyncram:o_line0[0].r[7]__2" with the following parameter:
    Info (12134): Parameter "OPERATION_MODE" = "DUAL_PORT"
    Info (12134): Parameter "WIDTH_A" = "24"
    Info (12134): Parameter "WIDTHAD_A" = "11"
    Info (12134): Parameter "NUMWORDS_A" = "2048"
    Info (12134): Parameter "WIDTH_B" = "24"
    Info (12134): Parameter "WIDTHAD_B" = "11"
    Info (12134): Parameter "NUMWORDS_B" = "2048"
    Info (12134): Parameter "ADDRESS_ACLR_A" = "NONE"
    Info (12134): Parameter "OUTDATA_REG_B" = "UNREGISTERED"
    Info (12134): Parameter "ADDRESS_ACLR_B" = "NONE"
    Info (12134): Parameter "OUTDATA_ACLR_B" = "NONE"
    Info (12134): Parameter "ADDRESS_REG_B" = "CLOCK0"
    Info (12134): Parameter "INDATA_ACLR_A" = "NONE"
    Info (12134): Parameter "WRCONTROL_ACLR_A" = "NONE"
    Info (12134): Parameter "READ_DURING_WRITE_MODE_MIXED_PORTS" = "OLD_DATA"
Info (12021): Found 1 design units, including 1 entities, in source file db/altsyncram_ccn1.tdf
    Info (12023): Found entity 1: altsyncram_ccn1 File: /home/vash/mister-builds/entry681/FPGA/db/altsyncram_ccn1.tdf Line: 28
Info (12128): Elaborating entity "altsyncram_ccn1" for hierarchy "ascal:ascal|altsyncram:o_line0[0].r[7]__2|altsyncram_ccn1:auto_generated" File: /home/vash/intelFPGA_lite/17.0_T/quartus/libraries/megafunctions/altsyncram.tdf Line: 792
Info (12128): Elaborating entity "altsyncram" for hierarchy "ascal:ascal|altsyncram:o_linf0[0].r[7]__6"
Info (12130): Elaborated megafunction instantiation "ascal:ascal|altsyncram:o_linf0[0].r[7]__6"
Info (12133): Instantiated megafunction "ascal:ascal|altsyncram:o_linf0[0].r[7]__6" with the following parameter:
    Info (12134): Parameter "OPERATION_MODE" = "DUAL_PORT"
    Info (12134): Parameter "WIDTH_A" = "24"
    Info (12134): Parameter "WIDTHAD_A" = "8"
    Info (12134): Parameter "NUMWORDS_A" = "256"
    Info (12134): Parameter "WIDTH_B" = "24"
    Info (12134): Parameter "WIDTHAD_B" = "8"
    Info (12134): Parameter "NUMWORDS_B" = "256"
    Info (12134): Parameter "ADDRESS_ACLR_A" = "NONE"
    Info (12134): Parameter "OUTDATA_REG_B" = "UNREGISTERED"
    Info (12134): Parameter "ADDRESS_ACLR_B" = "NONE"
    Info (12134): Parameter "OUTDATA_ACLR_B" = "NONE"
    Info (12134): Parameter "ADDRESS_REG_B" = "CLOCK0"
    Info (12134): Parameter "INDATA_ACLR_A" = "NONE"
    Info (12134): Parameter "WRCONTROL_ACLR_A" = "NONE"
    Info (12134): Parameter "READ_DURING_WRITE_MODE_MIXED_PORTS" = "OLD_DATA"
Info (12021): Found 1 design units, including 1 entities, in source file db/altsyncram_m6n1.tdf
    Info (12023): Found entity 1: altsyncram_m6n1 File: /home/vash/mister-builds/entry681/FPGA/db/altsyncram_m6n1.tdf Line: 28
Info (12128): Elaborating entity "altsyncram_m6n1" for hierarchy "ascal:ascal|altsyncram:o_linf0[0].r[7]__6|altsyncram_m6n1:auto_generated" File: /home/vash/intelFPGA_lite/17.0_T/quartus/libraries/megafunctions/altsyncram.tdf Line: 792
Info (12128): Elaborating entity "sys_umuldiv" for hierarchy "sys_umuldiv:ar_muldiv" File: /home/vash/mister-builds/entry681/FPGA/sys/sys_top.v Line: 891
Info (12128): Elaborating entity "sys_umul" for hierarchy "sys_umuldiv:ar_muldiv|sys_umul:umul" File: /home/vash/mister-builds/entry681/FPGA/sys/math.sv Line: 105
Info (12128): Elaborating entity "sys_udiv" for hierarchy "sys_umuldiv:ar_muldiv|sys_udiv:udiv" File: /home/vash/mister-builds/entry681/FPGA/sys/math.sv Line: 107
Info (12128): Elaborating entity "pll_hdmi_adj" for hierarchy "pll_hdmi_adj:pll_hdmi_adj" File: /home/vash/mister-builds/entry681/FPGA/sys/sys_top.v Line: 1016
Info (12128): Elaborating entity "pll_hdmi" for hierarchy "pll_hdmi:pll_hdmi" File: /home/vash/mister-builds/entry681/FPGA/sys/sys_top.v Line: 1050
Info (12128): Elaborating entity "pll_hdmi_0002" for hierarchy "pll_hdmi:pll_hdmi|pll_hdmi_0002:pll_hdmi_inst" File: /home/vash/mister-builds/entry681/FPGA/sys/pll_hdmi.v Line: 23
Info (12128): Elaborating entity "altera_pll" for hierarchy "pll_hdmi:pll_hdmi|pll_hdmi_0002:pll_hdmi_inst|altera_pll:altera_pll_i" File: /home/vash/mister-builds/entry681/FPGA/sys/pll_hdmi/pll_hdmi_0002.v Line: 239
Info (10008): Verilog HDL or VHDL information: EDA Netlist Writer cannot regroup multidimensional array "wire_to_nowhere_64" into its bus
Info (12130): Elaborated megafunction instantiation "pll_hdmi:pll_hdmi|pll_hdmi_0002:pll_hdmi_inst|altera_pll:altera_pll_i" File: /home/vash/mister-builds/entry681/FPGA/sys/pll_hdmi/pll_hdmi_0002.v Line: 239
Info (12133): Instantiated megafunction "pll_hdmi:pll_hdmi|pll_hdmi_0002:pll_hdmi_inst|altera_pll:altera_pll_i" with the following parameter: File: /home/vash/mister-builds/entry681/FPGA/sys/pll_hdmi/pll_hdmi_0002.v Line: 239
    Info (12134): Parameter "fractional_vco_multiplier" = "true"
    Info (12134): Parameter "reference_clock_frequency" = "50.0 MHz"
    Info (12134): Parameter "pll_fractional_cout" = "32"
    Info (12134): Parameter "pll_dsm_out_sel" = "1st_order"
    Info (12134): Parameter "operation_mode" = "direct"
    Info (12134): Parameter "number_of_clocks" = "1"
    Info (12134): Parameter "output_clock_frequency0" = "148.500000 MHz"
    Info (12134): Parameter "phase_shift0" = "0 ps"
    Info (12134): Parameter "duty_cycle0" = "50"
    Info (12134): Parameter "output_clock_frequency1" = "0 MHz"
    Info (12134): Parameter "phase_shift1" = "0 ps"
    Info (12134): Parameter "duty_cycle1" = "50"
    Info (12134): Parameter "output_clock_frequency2" = "0 MHz"
    Info (12134): Parameter "phase_shift2" = "0 ps"
    Info (12134): Parameter "duty_cycle2" = "50"
    Info (12134): Parameter "output_clock_frequency3" = "0 MHz"
    Info (12134): Parameter "phase_shift3" = "0 ps"
    Info (12134): Parameter "duty_cycle3" = "50"
    Info (12134): Parameter "output_clock_frequency4" = "0 MHz"
    Info (12134): Parameter "phase_shift4" = "0 ps"
    Info (12134): Parameter "duty_cycle4" = "50"
    Info (12134): Parameter "output_clock_frequency5" = "0 MHz"
    Info (12134): Parameter "phase_shift5" = "0 ps"
    Info (12134): Parameter "duty_cycle5" = "50"
    Info (12134): Parameter "output_clock_frequency6" = "0 MHz"
    Info (12134): Parameter "phase_shift6" = "0 ps"
    Info (12134): Parameter "duty_cycle6" = "50"
    Info (12134): Parameter "output_clock_frequency7" = "0 MHz"
    Info (12134): Parameter "phase_shift7" = "0 ps"
    Info (12134): Parameter "duty_cycle7" = "50"
    Info (12134): Parameter "output_clock_frequency8" = "0 MHz"
    Info (12134): Parameter "phase_shift8" = "0 ps"
    Info (12134): Parameter "duty_cycle8" = "50"
    Info (12134): Parameter "output_clock_frequency9" = "0 MHz"
    Info (12134): Parameter "phase_shift9" = "0 ps"
    Info (12134): Parameter "duty_cycle9" = "50"
    Info (12134): Parameter "output_clock_frequency10" = "0 MHz"
    Info (12134): Parameter "phase_shift10" = "0 ps"
    Info (12134): Parameter "duty_cycle10" = "50"
    Info (12134): Parameter "output_clock_frequency11" = "0 MHz"
    Info (12134): Parameter "phase_shift11" = "0 ps"
    Info (12134): Parameter "duty_cycle11" = "50"
    Info (12134): Parameter "output_clock_frequency12" = "0 MHz"
    Info (12134): Parameter "phase_shift12" = "0 ps"
    Info (12134): Parameter "duty_cycle12" = "50"
    Info (12134): Parameter "output_clock_frequency13" = "0 MHz"
    Info (12134): Parameter "phase_shift13" = "0 ps"
    Info (12134): Parameter "duty_cycle13" = "50"
    Info (12134): Parameter "output_clock_frequency14" = "0 MHz"
    Info (12134): Parameter "phase_shift14" = "0 ps"
    Info (12134): Parameter "duty_cycle14" = "50"
    Info (12134): Parameter "output_clock_frequency15" = "0 MHz"
    Info (12134): Parameter "phase_shift15" = "0 ps"
    Info (12134): Parameter "duty_cycle15" = "50"
    Info (12134): Parameter "output_clock_frequency16" = "0 MHz"
    Info (12134): Parameter "phase_shift16" = "0 ps"
    Info (12134): Parameter "duty_cycle16" = "50"
    Info (12134): Parameter "output_clock_frequency17" = "0 MHz"
    Info (12134): Parameter "phase_shift17" = "0 ps"
    Info (12134): Parameter "duty_cycle17" = "50"
    Info (12134): Parameter "pll_type" = "Cyclone V"
    Info (12134): Parameter "pll_subtype" = "Reconfigurable"
    Info (12134): Parameter "m_cnt_hi_div" = "4"
    Info (12134): Parameter "m_cnt_lo_div" = "4"
    Info (12134): Parameter "n_cnt_hi_div" = "256"
    Info (12134): Parameter "n_cnt_lo_div" = "256"
    Info (12134): Parameter "m_cnt_bypass_en" = "false"
    Info (12134): Parameter "n_cnt_bypass_en" = "true"
    Info (12134): Parameter "m_cnt_odd_div_duty_en" = "false"
    Info (12134): Parameter "n_cnt_odd_div_duty_en" = "false"
    Info (12134): Parameter "c_cnt_hi_div0" = "2"
    Info (12134): Parameter "c_cnt_lo_div0" = "1"
    Info (12134): Parameter "c_cnt_prst0" = "1"
    Info (12134): Parameter "c_cnt_ph_mux_prst0" = "0"
    Info (12134): Parameter "c_cnt_in_src0" = "ph_mux_clk"
    Info (12134): Parameter "c_cnt_bypass_en0" = "false"
    Info (12134): Parameter "c_cnt_odd_div_duty_en0" = "true"
    Info (12134): Parameter "c_cnt_hi_div1" = "1"
    Info (12134): Parameter "c_cnt_lo_div1" = "1"
    Info (12134): Parameter "c_cnt_prst1" = "1"
    Info (12134): Parameter "c_cnt_ph_mux_prst1" = "0"
    Info (12134): Parameter "c_cnt_in_src1" = "ph_mux_clk"
    Info (12134): Parameter "c_cnt_bypass_en1" = "true"
    Info (12134): Parameter "c_cnt_odd_div_duty_en1" = "false"
    Info (12134): Parameter "c_cnt_hi_div2" = "1"
    Info (12134): Parameter "c_cnt_lo_div2" = "1"
    Info (12134): Parameter "c_cnt_prst2" = "1"
    Info (12134): Parameter "c_cnt_ph_mux_prst2" = "0"
    Info (12134): Parameter "c_cnt_in_src2" = "ph_mux_clk"
    Info (12134): Parameter "c_cnt_bypass_en2" = "true"
    Info (12134): Parameter "c_cnt_odd_div_duty_en2" = "false"
    Info (12134): Parameter "c_cnt_hi_div3" = "1"
    Info (12134): Parameter "c_cnt_lo_div3" = "1"
    Info (12134): Parameter "c_cnt_prst3" = "1"
    Info (12134): Parameter "c_cnt_ph_mux_prst3" = "0"
    Info (12134): Parameter "c_cnt_in_src3" = "ph_mux_clk"
    Info (12134): Parameter "c_cnt_bypass_en3" = "true"
    Info (12134): Parameter "c_cnt_odd_div_duty_en3" = "false"
    Info (12134): Parameter "c_cnt_hi_div4" = "1"
    Info (12134): Parameter "c_cnt_lo_div4" = "1"
    Info (12134): Parameter "c_cnt_prst4" = "1"
    Info (12134): Parameter "c_cnt_ph_mux_prst4" = "0"
    Info (12134): Parameter "c_cnt_in_src4" = "ph_mux_clk"
    Info (12134): Parameter "c_cnt_bypass_en4" = "true"
    Info (12134): Parameter "c_cnt_odd_div_duty_en4" = "false"
    Info (12134): Parameter "c_cnt_hi_div5" = "1"
    Info (12134): Parameter "c_cnt_lo_div5" = "1"
    Info (12134): Parameter "c_cnt_prst5" = "1"
    Info (12134): Parameter "c_cnt_ph_mux_prst5" = "0"
    Info (12134): Parameter "c_cnt_in_src5" = "ph_mux_clk"
    Info (12134): Parameter "c_cnt_bypass_en5" = "true"
    Info (12134): Parameter "c_cnt_odd_div_duty_en5" = "false"
    Info (12134): Parameter "c_cnt_hi_div6" = "1"
    Info (12134): Parameter "c_cnt_lo_div6" = "1"
    Info (12134): Parameter "c_cnt_prst6" = "1"
    Info (12134): Parameter "c_cnt_ph_mux_prst6" = "0"
    Info (12134): Parameter "c_cnt_in_src6" = "ph_mux_clk"
    Info (12134): Parameter "c_cnt_bypass_en6" = "true"
    Info (12134): Parameter "c_cnt_odd_div_duty_en6" = "false"
    Info (12134): Parameter "c_cnt_hi_div7" = "1"
    Info (12134): Parameter "c_cnt_lo_div7" = "1"
    Info (12134): Parameter "c_cnt_prst7" = "1"
    Info (12134): Parameter "c_cnt_ph_mux_prst7" = "0"
    Info (12134): Parameter "c_cnt_in_src7" = "ph_mux_clk"
    Info (12134): Parameter "c_cnt_bypass_en7" = "true"
    Info (12134): Parameter "c_cnt_odd_div_duty_en7" = "false"
    Info (12134): Parameter "c_cnt_hi_div8" = "1"
    Info (12134): Parameter "c_cnt_lo_div8" = "1"
    Info (12134): Parameter "c_cnt_prst8" = "1"
    Info (12134): Parameter "c_cnt_ph_mux_prst8" = "0"
    Info (12134): Parameter "c_cnt_in_src8" = "ph_mux_clk"
    Info (12134): Parameter "c_cnt_bypass_en8" = "true"
    Info (12134): Parameter "c_cnt_odd_div_duty_en8" = "false"
    Info (12134): Parameter "c_cnt_hi_div9" = "1"
    Info (12134): Parameter "c_cnt_lo_div9" = "1"
    Info (12134): Parameter "c_cnt_prst9" = "1"
    Info (12134): Parameter "c_cnt_ph_mux_prst9" = "0"
    Info (12134): Parameter "c_cnt_in_src9" = "ph_mux_clk"
    Info (12134): Parameter "c_cnt_bypass_en9" = "true"
    Info (12134): Parameter "c_cnt_odd_div_duty_en9" = "false"
    Info (12134): Parameter "c_cnt_hi_div10" = "1"
    Info (12134): Parameter "c_cnt_lo_div10" = "1"
    Info (12134): Parameter "c_cnt_prst10" = "1"
    Info (12134): Parameter "c_cnt_ph_mux_prst10" = "0"
    Info (12134): Parameter "c_cnt_in_src10" = "ph_mux_clk"
    Info (12134): Parameter "c_cnt_bypass_en10" = "true"
    Info (12134): Parameter "c_cnt_odd_div_duty_en10" = "false"
    Info (12134): Parameter "c_cnt_hi_div11" = "1"
    Info (12134): Parameter "c_cnt_lo_div11" = "1"
    Info (12134): Parameter "c_cnt_prst11" = "1"
    Info (12134): Parameter "c_cnt_ph_mux_prst11" = "0"
    Info (12134): Parameter "c_cnt_in_src11" = "ph_mux_clk"
    Info (12134): Parameter "c_cnt_bypass_en11" = "true"
    Info (12134): Parameter "c_cnt_odd_div_duty_en11" = "false"
    Info (12134): Parameter "c_cnt_hi_div12" = "1"
    Info (12134): Parameter "c_cnt_lo_div12" = "1"
    Info (12134): Parameter "c_cnt_prst12" = "1"
    Info (12134): Parameter "c_cnt_ph_mux_prst12" = "0"
    Info (12134): Parameter "c_cnt_in_src12" = "ph_mux_clk"
    Info (12134): Parameter "c_cnt_bypass_en12" = "true"
    Info (12134): Parameter "c_cnt_odd_div_duty_en12" = "false"
    Info (12134): Parameter "c_cnt_hi_div13" = "1"
    Info (12134): Parameter "c_cnt_lo_div13" = "1"
    Info (12134): Parameter "c_cnt_prst13" = "1"
    Info (12134): Parameter "c_cnt_ph_mux_prst13" = "0"
    Info (12134): Parameter "c_cnt_in_src13" = "ph_mux_clk"
    Info (12134): Parameter "c_cnt_bypass_en13" = "true"
    Info (12134): Parameter "c_cnt_odd_div_duty_en13" = "false"
    Info (12134): Parameter "c_cnt_hi_div14" = "1"
    Info (12134): Parameter "c_cnt_lo_div14" = "1"
    Info (12134): Parameter "c_cnt_prst14" = "1"
    Info (12134): Parameter "c_cnt_ph_mux_prst14" = "0"
    Info (12134): Parameter "c_cnt_in_src14" = "ph_mux_clk"
    Info (12134): Parameter "c_cnt_bypass_en14" = "true"
    Info (12134): Parameter "c_cnt_odd_div_duty_en14" = "false"
    Info (12134): Parameter "c_cnt_hi_div15" = "1"
    Info (12134): Parameter "c_cnt_lo_div15" = "1"
    Info (12134): Parameter "c_cnt_prst15" = "1"
    Info (12134): Parameter "c_cnt_ph_mux_prst15" = "0"
    Info (12134): Parameter "c_cnt_in_src15" = "ph_mux_clk"
    Info (12134): Parameter "c_cnt_bypass_en15" = "true"
    Info (12134): Parameter "c_cnt_odd_div_duty_en15" = "false"
    Info (12134): Parameter "c_cnt_hi_div16" = "1"
    Info (12134): Parameter "c_cnt_lo_div16" = "1"
    Info (12134): Parameter "c_cnt_prst16" = "1"
    Info (12134): Parameter "c_cnt_ph_mux_prst16" = "0"
    Info (12134): Parameter "c_cnt_in_src16" = "ph_mux_clk"
    Info (12134): Parameter "c_cnt_bypass_en16" = "true"
    Info (12134): Parameter "c_cnt_odd_div_duty_en16" = "false"
    Info (12134): Parameter "c_cnt_hi_div17" = "1"
    Info (12134): Parameter "c_cnt_lo_div17" = "1"
    Info (12134): Parameter "c_cnt_prst17" = "1"
    Info (12134): Parameter "c_cnt_ph_mux_prst17" = "0"
    Info (12134): Parameter "c_cnt_in_src17" = "ph_mux_clk"
    Info (12134): Parameter "c_cnt_bypass_en17" = "true"
    Info (12134): Parameter "c_cnt_odd_div_duty_en17" = "false"
    Info (12134): Parameter "pll_vco_div" = "2"
    Info (12134): Parameter "pll_cp_current" = "20"
    Info (12134): Parameter "pll_bwctrl" = "4000"
    Info (12134): Parameter "pll_output_clk_frequency" = "445.499999 MHz"
    Info (12134): Parameter "pll_fractional_division" = "3908420153"
    Info (12134): Parameter "mimic_fbclk_type" = "none"
    Info (12134): Parameter "pll_fbclk_mux_1" = "glb"
    Info (12134): Parameter "pll_fbclk_mux_2" = "m_cnt"
    Info (12134): Parameter "pll_m_cnt_in_src" = "ph_mux_clk"
    Info (12134): Parameter "pll_slf_rst" = "true"
Info (12128): Elaborating entity "dps_extra_kick" for hierarchy "pll_hdmi:pll_hdmi|pll_hdmi_0002:pll_hdmi_inst|altera_pll:altera_pll_i|dps_extra_kick:dps_extra_inst" File: /home/vash/intelFPGA_lite/17.0_T/quartus/libraries/megafunctions/altera_pll.v Line: 769
Info (12131): Elaborated megafunction instantiation "pll_hdmi:pll_hdmi|pll_hdmi_0002:pll_hdmi_inst|altera_pll:altera_pll_i|dps_extra_kick:dps_extra_inst", which is child of megafunction instantiation "pll_hdmi:pll_hdmi|pll_hdmi_0002:pll_hdmi_inst|altera_pll:altera_pll_i" File: /home/vash/intelFPGA_lite/17.0_T/quartus/libraries/megafunctions/altera_pll.v Line: 769
Info (12128): Elaborating entity "dprio_init" for hierarchy "pll_hdmi:pll_hdmi|pll_hdmi_0002:pll_hdmi_inst|altera_pll:altera_pll_i|dprio_init:dprio_init_inst" File: /home/vash/intelFPGA_lite/17.0_T/quartus/libraries/megafunctions/altera_pll.v Line: 784
Info (12131): Elaborated megafunction instantiation "pll_hdmi:pll_hdmi|pll_hdmi_0002:pll_hdmi_inst|altera_pll:altera_pll_i|dprio_init:dprio_init_inst", which is child of megafunction instantiation "pll_hdmi:pll_hdmi|pll_hdmi_0002:pll_hdmi_inst|altera_pll:altera_pll_i" File: /home/vash/intelFPGA_lite/17.0_T/quartus/libraries/megafunctions/altera_pll.v Line: 784
Info (12128): Elaborating entity "altera_pll_dps_lcell_comb" for hierarchy "pll_hdmi:pll_hdmi|pll_hdmi_0002:pll_hdmi_inst|altera_pll:altera_pll_i|altera_pll_dps_lcell_comb:lcell_cntsel_int_0" File: /home/vash/intelFPGA_lite/17.0_T/quartus/libraries/megafunctions/altera_pll.v Line: 1961
Info (12131): Elaborated megafunction instantiation "pll_hdmi:pll_hdmi|pll_hdmi_0002:pll_hdmi_inst|altera_pll:altera_pll_i|altera_pll_dps_lcell_comb:lcell_cntsel_int_0", which is child of megafunction instantiation "pll_hdmi:pll_hdmi|pll_hdmi_0002:pll_hdmi_inst|altera_pll:altera_pll_i" File: /home/vash/intelFPGA_lite/17.0_T/quartus/libraries/megafunctions/altera_pll.v Line: 1961
Info (12128): Elaborating entity "altera_pll_dps_lcell_comb" for hierarchy "pll_hdmi:pll_hdmi|pll_hdmi_0002:pll_hdmi_inst|altera_pll:altera_pll_i|altera_pll_dps_lcell_comb:lcell_cntsel_int_1" File: /home/vash/intelFPGA_lite/17.0_T/quartus/libraries/megafunctions/altera_pll.v Line: 1972
Info (12131): Elaborated megafunction instantiation "pll_hdmi:pll_hdmi|pll_hdmi_0002:pll_hdmi_inst|altera_pll:altera_pll_i|altera_pll_dps_lcell_comb:lcell_cntsel_int_1", which is child of megafunction instantiation "pll_hdmi:pll_hdmi|pll_hdmi_0002:pll_hdmi_inst|altera_pll:altera_pll_i" File: /home/vash/intelFPGA_lite/17.0_T/quartus/libraries/megafunctions/altera_pll.v Line: 1972
Info (12128): Elaborating entity "altera_pll_dps_lcell_comb" for hierarchy "pll_hdmi:pll_hdmi|pll_hdmi_0002:pll_hdmi_inst|altera_pll:altera_pll_i|altera_pll_dps_lcell_comb:lcell_cntsel_int_2" File: /home/vash/intelFPGA_lite/17.0_T/quartus/libraries/megafunctions/altera_pll.v Line: 1983
Info (12131): Elaborated megafunction instantiation "pll_hdmi:pll_hdmi|pll_hdmi_0002:pll_hdmi_inst|altera_pll:altera_pll_i|altera_pll_dps_lcell_comb:lcell_cntsel_int_2", which is child of megafunction instantiation "pll_hdmi:pll_hdmi|pll_hdmi_0002:pll_hdmi_inst|altera_pll:altera_pll_i" File: /home/vash/intelFPGA_lite/17.0_T/quartus/libraries/megafunctions/altera_pll.v Line: 1983
Info (12128): Elaborating entity "altera_pll_dps_lcell_comb" for hierarchy "pll_hdmi:pll_hdmi|pll_hdmi_0002:pll_hdmi_inst|altera_pll:altera_pll_i|altera_pll_dps_lcell_comb:lcell_cntsel_int_3" File: /home/vash/intelFPGA_lite/17.0_T/quartus/libraries/megafunctions/altera_pll.v Line: 1994
Info (12131): Elaborated megafunction instantiation "pll_hdmi:pll_hdmi|pll_hdmi_0002:pll_hdmi_inst|altera_pll:altera_pll_i|altera_pll_dps_lcell_comb:lcell_cntsel_int_3", which is child of megafunction instantiation "pll_hdmi:pll_hdmi|pll_hdmi_0002:pll_hdmi_inst|altera_pll:altera_pll_i" File: /home/vash/intelFPGA_lite/17.0_T/quartus/libraries/megafunctions/altera_pll.v Line: 1994
Info (12128): Elaborating entity "altera_pll_dps_lcell_comb" for hierarchy "pll_hdmi:pll_hdmi|pll_hdmi_0002:pll_hdmi_inst|altera_pll:altera_pll_i|altera_pll_dps_lcell_comb:lcell_cntsel_int_4" File: /home/vash/intelFPGA_lite/17.0_T/quartus/libraries/megafunctions/altera_pll.v Line: 2005
Info (12131): Elaborated megafunction instantiation "pll_hdmi:pll_hdmi|pll_hdmi_0002:pll_hdmi_inst|altera_pll:altera_pll_i|altera_pll_dps_lcell_comb:lcell_cntsel_int_4", which is child of megafunction instantiation "pll_hdmi:pll_hdmi|pll_hdmi_0002:pll_hdmi_inst|altera_pll:altera_pll_i" File: /home/vash/intelFPGA_lite/17.0_T/quartus/libraries/megafunctions/altera_pll.v Line: 2005
Info (12128): Elaborating entity "pll_cfg_hdmi" for hierarchy "pll_cfg_hdmi:pll_cfg_hdmi" File: /home/vash/mister-builds/entry681/FPGA/sys/sys_top.v Line: 1085
Info (12128): Elaborating entity "altera_std_synchronizer" for hierarchy "pll_cfg_hdmi:pll_cfg_hdmi|altera_std_synchronizer:altera_std_synchronizer_inst" File: /home/vash/mister-builds/entry681/FPGA/sys/pll_cfg/pll_cfg_hdmi.v Line: 271
Info (12130): Elaborated megafunction instantiation "pll_cfg_hdmi:pll_cfg_hdmi|altera_std_synchronizer:altera_std_synchronizer_inst" File: /home/vash/mister-builds/entry681/FPGA/sys/pll_cfg/pll_cfg_hdmi.v Line: 271
Info (12133): Instantiated megafunction "pll_cfg_hdmi:pll_cfg_hdmi|altera_std_synchronizer:altera_std_synchronizer_inst" with the following parameter: File: /home/vash/mister-builds/entry681/FPGA/sys/pll_cfg/pll_cfg_hdmi.v Line: 271
    Info (12134): Parameter "depth" = "3"
Info (12128): Elaborating entity "dyn_phase_shift" for hierarchy "pll_cfg_hdmi:pll_cfg_hdmi|dyn_phase_shift:dyn_phase_shift_inst" File: /home/vash/mister-builds/entry681/FPGA/sys/pll_cfg/pll_cfg_hdmi.v Line: 1169
Info (12128): Elaborating entity "generic_lcell_comb" for hierarchy "pll_cfg_hdmi:pll_cfg_hdmi|dyn_phase_shift:dyn_phase_shift_inst|generic_lcell_comb:lcell_cnt_sel_0" File: /home/vash/mister-builds/entry681/FPGA/sys/pll_cfg/altera_pll_reconfig_core.v Line: 2060
Info (12128): Elaborating entity "generic_lcell_comb" for hierarchy "pll_cfg_hdmi:pll_cfg_hdmi|dyn_phase_shift:dyn_phase_shift_inst|generic_lcell_comb:lcell_cnt_sel_1" File: /home/vash/mister-builds/entry681/FPGA/sys/pll_cfg/altera_pll_reconfig_core.v Line: 2071
Info (12128): Elaborating entity "generic_lcell_comb" for hierarchy "pll_cfg_hdmi:pll_cfg_hdmi|dyn_phase_shift:dyn_phase_shift_inst|generic_lcell_comb:lcell_cnt_sel_2" File: /home/vash/mister-builds/entry681/FPGA/sys/pll_cfg/altera_pll_reconfig_core.v Line: 2082
Info (12128): Elaborating entity "generic_lcell_comb" for hierarchy "pll_cfg_hdmi:pll_cfg_hdmi|dyn_phase_shift:dyn_phase_shift_inst|generic_lcell_comb:lcell_cnt_sel_3" File: /home/vash/mister-builds/entry681/FPGA/sys/pll_cfg/altera_pll_reconfig_core.v Line: 2093
Info (12128): Elaborating entity "generic_lcell_comb" for hierarchy "pll_cfg_hdmi:pll_cfg_hdmi|dyn_phase_shift:dyn_phase_shift_inst|generic_lcell_comb:lcell_cnt_sel_4" File: /home/vash/mister-builds/entry681/FPGA/sys/pll_cfg/altera_pll_reconfig_core.v Line: 2104
Info (12128): Elaborating entity "self_reset" for hierarchy "pll_cfg_hdmi:pll_cfg_hdmi|self_reset:self_reset_inst" File: /home/vash/mister-builds/entry681/FPGA/sys/pll_cfg/pll_cfg_hdmi.v Line: 1173
Info (12128): Elaborating entity "dprio_mux" for hierarchy "pll_cfg_hdmi:pll_cfg_hdmi|dprio_mux:dprio_mux_inst" File: /home/vash/mister-builds/entry681/FPGA/sys/pll_cfg/pll_cfg_hdmi.v Line: 1211
Info (12128): Elaborating entity "fpll_dprio_init" for hierarchy "pll_cfg_hdmi:pll_cfg_hdmi|fpll_dprio_init:fpll_dprio_init_inst" File: /home/vash/mister-builds/entry681/FPGA/sys/pll_cfg/pll_cfg_hdmi.v Line: 1230
Info (12128): Elaborating entity "shadowmask" for hierarchy "shadowmask:HDMI_shadowmask" File: /home/vash/mister-builds/entry681/FPGA/sys/sys_top.v Line: 1179
Info (12128): Elaborating entity "osd" for hierarchy "osd:hdmi_osd" File: /home/vash/mister-builds/entry681/FPGA/sys/sys_top.v Line: 1202
Info (12128): Elaborating entity "csync" for hierarchy "csync:csync_hdmi" File: /home/vash/mister-builds/entry681/FPGA/sys/sys_top.v Line: 1205
Info (12128): Elaborating entity "altddio_out" for hierarchy "altddio_out:hdmiclk_ddr" File: /home/vash/mister-builds/entry681/FPGA/sys/sys_top.v Line: 1298
Info (12130): Elaborated megafunction instantiation "altddio_out:hdmiclk_ddr" File: /home/vash/mister-builds/entry681/FPGA/sys/sys_top.v Line: 1298
Info (12133): Instantiated megafunction "altddio_out:hdmiclk_ddr" with the following parameter: File: /home/vash/mister-builds/entry681/FPGA/sys/sys_top.v Line: 1298
    Info (12134): Parameter "extend_oe_disable" = "OFF"
    Info (12134): Parameter "intended_device_family" = "Cyclone V"
    Info (12134): Parameter "invert_output" = "OFF"
    Info (12134): Parameter "lpm_hint" = "UNUSED"
    Info (12134): Parameter "lpm_type" = "altddio_out"
    Info (12134): Parameter "oe_reg" = "UNREGISTERED"
    Info (12134): Parameter "power_up_high" = "OFF"
    Info (12134): Parameter "width" = "1"
Info (12021): Found 1 design units, including 1 entities, in source file db/ddio_out_b2j.tdf
    Info (12023): Found entity 1: ddio_out_b2j File: /home/vash/mister-builds/entry681/FPGA/db/ddio_out_b2j.tdf Line: 28
Info (12128): Elaborating entity "ddio_out_b2j" for hierarchy "altddio_out:hdmiclk_ddr|ddio_out_b2j:auto_generated" File: /home/vash/intelFPGA_lite/17.0_T/quartus/libraries/megafunctions/altddio_out.tdf Line: 101
Info (12128): Elaborating entity "altddio_out" for hierarchy "altddio_out:vgaclk_ddr" File: /home/vash/mister-builds/entry681/FPGA/sys/sys_top.v Line: 1379
Info (12130): Elaborated megafunction instantiation "altddio_out:vgaclk_ddr" File: /home/vash/mister-builds/entry681/FPGA/sys/sys_top.v Line: 1379
Info (12133): Instantiated megafunction "altddio_out:vgaclk_ddr" with the following parameter: File: /home/vash/mister-builds/entry681/FPGA/sys/sys_top.v Line: 1379
    Info (12134): Parameter "extend_oe_disable" = "OFF"
    Info (12134): Parameter "intended_device_family" = "Cyclone V"
    Info (12134): Parameter "invert_output" = "OFF"
    Info (12134): Parameter "lpm_hint" = "UNUSED"
    Info (12134): Parameter "lpm_type" = "altddio_out"
    Info (12134): Parameter "oe_reg" = "UNREGISTERED"
    Info (12134): Parameter "power_up_high" = "OFF"
    Info (12134): Parameter "width" = "1"
Info (12021): Found 1 design units, including 1 entities, in source file db/ddio_out_1oj.tdf
    Info (12023): Found entity 1: ddio_out_1oj File: /home/vash/mister-builds/entry681/FPGA/db/ddio_out_1oj.tdf Line: 30
Info (12128): Elaborating entity "ddio_out_1oj" for hierarchy "altddio_out:vgaclk_ddr|ddio_out_1oj:auto_generated" File: /home/vash/intelFPGA_lite/17.0_T/quartus/libraries/megafunctions/altddio_out.tdf Line: 101
Info (12128): Elaborating entity "scanlines" for hierarchy "scanlines:VGA_scanlines" File: /home/vash/mister-builds/entry681/FPGA/sys/sys_top.v Line: 1400
Info (12128): Elaborating entity "yc_out" for hierarchy "yc_out:yc_out" File: /home/vash/mister-builds/entry681/FPGA/sys/sys_top.v Line: 1453
Info (12128): Elaborating entity "vga_out" for hierarchy "vga_out:vga_scaler_out" File: /home/vash/mister-builds/entry681/FPGA/sys/sys_top.v Line: 1488
Info (12128): Elaborating entity "pll_audio" for hierarchy "pll_audio:pll_audio" File: /home/vash/mister-builds/entry681/FPGA/sys/sys_top.v Line: 1578
Info (12128): Elaborating entity "pll_audio_0002" for hierarchy "pll_audio:pll_audio|pll_audio_0002:pll_audio_inst" File: /home/vash/mister-builds/entry681/FPGA/sys/pll_audio.v Line: 19
Info (12128): Elaborating entity "altera_pll" for hierarchy "pll_audio:pll_audio|pll_audio_0002:pll_audio_inst|altera_pll:altera_pll_i" File: /home/vash/mister-builds/entry681/FPGA/sys/pll_audio/pll_audio_0002.v Line: 85
Info (10008): Verilog HDL or VHDL information: EDA Netlist Writer cannot regroup multidimensional array "wire_to_nowhere_64" into its bus
Info (12130): Elaborated megafunction instantiation "pll_audio:pll_audio|pll_audio_0002:pll_audio_inst|altera_pll:altera_pll_i" File: /home/vash/mister-builds/entry681/FPGA/sys/pll_audio/pll_audio_0002.v Line: 85
Info (12133): Instantiated megafunction "pll_audio:pll_audio|pll_audio_0002:pll_audio_inst|altera_pll:altera_pll_i" with the following parameter: File: /home/vash/mister-builds/entry681/FPGA/sys/pll_audio/pll_audio_0002.v Line: 85
    Info (12134): Parameter "fractional_vco_multiplier" = "true"
    Info (12134): Parameter "reference_clock_frequency" = "50.0 MHz"
    Info (12134): Parameter "operation_mode" = "direct"
    Info (12134): Parameter "number_of_clocks" = "1"
    Info (12134): Parameter "output_clock_frequency0" = "24.576000 MHz"
    Info (12134): Parameter "phase_shift0" = "0 ps"
    Info (12134): Parameter "duty_cycle0" = "50"
    Info (12134): Parameter "output_clock_frequency1" = "0 MHz"
    Info (12134): Parameter "phase_shift1" = "0 ps"
    Info (12134): Parameter "duty_cycle1" = "50"
    Info (12134): Parameter "output_clock_frequency2" = "0 MHz"
    Info (12134): Parameter "phase_shift2" = "0 ps"
    Info (12134): Parameter "duty_cycle2" = "50"
    Info (12134): Parameter "output_clock_frequency3" = "0 MHz"
    Info (12134): Parameter "phase_shift3" = "0 ps"
    Info (12134): Parameter "duty_cycle3" = "50"
    Info (12134): Parameter "output_clock_frequency4" = "0 MHz"
    Info (12134): Parameter "phase_shift4" = "0 ps"
    Info (12134): Parameter "duty_cycle4" = "50"
    Info (12134): Parameter "output_clock_frequency5" = "0 MHz"
    Info (12134): Parameter "phase_shift5" = "0 ps"
    Info (12134): Parameter "duty_cycle5" = "50"
    Info (12134): Parameter "output_clock_frequency6" = "0 MHz"
    Info (12134): Parameter "phase_shift6" = "0 ps"
    Info (12134): Parameter "duty_cycle6" = "50"
    Info (12134): Parameter "output_clock_frequency7" = "0 MHz"
    Info (12134): Parameter "phase_shift7" = "0 ps"
    Info (12134): Parameter "duty_cycle7" = "50"
    Info (12134): Parameter "output_clock_frequency8" = "0 MHz"
    Info (12134): Parameter "phase_shift8" = "0 ps"
    Info (12134): Parameter "duty_cycle8" = "50"
    Info (12134): Parameter "output_clock_frequency9" = "0 MHz"
    Info (12134): Parameter "phase_shift9" = "0 ps"
    Info (12134): Parameter "duty_cycle9" = "50"
    Info (12134): Parameter "output_clock_frequency10" = "0 MHz"
    Info (12134): Parameter "phase_shift10" = "0 ps"
    Info (12134): Parameter "duty_cycle10" = "50"
    Info (12134): Parameter "output_clock_frequency11" = "0 MHz"
    Info (12134): Parameter "phase_shift11" = "0 ps"
    Info (12134): Parameter "duty_cycle11" = "50"
    Info (12134): Parameter "output_clock_frequency12" = "0 MHz"
    Info (12134): Parameter "phase_shift12" = "0 ps"
    Info (12134): Parameter "duty_cycle12" = "50"
    Info (12134): Parameter "output_clock_frequency13" = "0 MHz"
    Info (12134): Parameter "phase_shift13" = "0 ps"
    Info (12134): Parameter "duty_cycle13" = "50"
    Info (12134): Parameter "output_clock_frequency14" = "0 MHz"
    Info (12134): Parameter "phase_shift14" = "0 ps"
    Info (12134): Parameter "duty_cycle14" = "50"
    Info (12134): Parameter "output_clock_frequency15" = "0 MHz"
    Info (12134): Parameter "phase_shift15" = "0 ps"
    Info (12134): Parameter "duty_cycle15" = "50"
    Info (12134): Parameter "output_clock_frequency16" = "0 MHz"
    Info (12134): Parameter "phase_shift16" = "0 ps"
    Info (12134): Parameter "duty_cycle16" = "50"
    Info (12134): Parameter "output_clock_frequency17" = "0 MHz"
    Info (12134): Parameter "phase_shift17" = "0 ps"
    Info (12134): Parameter "duty_cycle17" = "50"
    Info (12134): Parameter "pll_type" = "General"
    Info (12134): Parameter "pll_subtype" = "General"
Info (12128): Elaborating entity "audio_out" for hierarchy "audio_out:audio_out" File: /home/vash/mister-builds/entry681/FPGA/sys/sys_top.v Line: 1619
Info (12128): Elaborating entity "i2s" for hierarchy "audio_out:audio_out|i2s:i2s" File: /home/vash/mister-builds/entry681/FPGA/sys/audio_out.sv Line: 116
Info (12128): Elaborating entity "spdif" for hierarchy "audio_out:audio_out|spdif:toslink" File: /home/vash/mister-builds/entry681/FPGA/sys/audio_out.sv Line: 132
Info (12128): Elaborating entity "sigma_delta_dac" for hierarchy "audio_out:audio_out|sigma_delta_dac:sd_l" File: /home/vash/mister-builds/entry681/FPGA/sys/audio_out.sv Line: 140
Info (12128): Elaborating entity "IIR_filter" for hierarchy "audio_out:audio_out|IIR_filter:IIR_filter" File: /home/vash/mister-builds/entry681/FPGA/sys/audio_out.sv Line: 233
Info (12128): Elaborating entity "iir_filter_tap" for hierarchy "audio_out:audio_out|IIR_filter:IIR_filter|iir_filter_tap:iir_tap_0" File: /home/vash/mister-builds/entry681/FPGA/sys/iir_filter.v Line: 82
Info (12128): Elaborating entity "DC_blocker" for hierarchy "audio_out:audio_out|DC_blocker:dcb_l" File: /home/vash/mister-builds/entry681/FPGA/sys/audio_out.sv Line: 244
Info (12128): Elaborating entity "aud_mix_top" for hierarchy "audio_out:audio_out|aud_mix_top:audmix_l" File: /home/vash/mister-builds/entry681/FPGA/sys/audio_out.sv Line: 272
Info (12128): Elaborating entity "alsa" for hierarchy "alsa:alsa" File: /home/vash/mister-builds/entry681/FPGA/sys/sys_top.v Line: 1659
Info (12128): Elaborating entity "sync_fix" for hierarchy "sync_fix:sync_v" File: /home/vash/mister-builds/entry681/FPGA/sys/sys_top.v Line: 1711
Info (12128): Elaborating entity "emu" for hierarchy "emu:emu" File: /home/vash/mister-builds/entry681/FPGA/sys/sys_top.v Line: 1881
Warning (10036): Verilog HDL or VHDL warning at MediaPlayer_top_07.svh(268): object "unused_phase1t_reconstructed_value" assigned a value but never read File: /home/vash/mister-builds/entry681/FPGA/MediaPlayer_top_07.svh Line: 268
Info (12128): Elaborating entity "hps_io" for hierarchy "emu:emu|hps_io:hps_io" File: /home/vash/mister-builds/entry681/FPGA/MediaPlayer_top_00.svh Line: 167
Info (10264): Verilog HDL Case Statement information at hps_io.sv(423): all case item expressions in this case statement are onehot File: /home/vash/mister-builds/entry681/FPGA/sys/hps_io.sv Line: 423
Info (10264): Verilog HDL Case Statement information at hps_io.sv(452): all case item expressions in this case statement are onehot File: /home/vash/mister-builds/entry681/FPGA/sys/hps_io.sv Line: 452
Info (12128): Elaborating entity "video_calc" for hierarchy "emu:emu|hps_io:hps_io|video_calc:video_calc" File: /home/vash/mister-builds/entry681/FPGA/sys/hps_io.sv Line: 242
Info (12128): Elaborating entity "pll" for hierarchy "emu:emu|pll:pll" File: /home/vash/mister-builds/entry681/FPGA/MediaPlayer_top_00.svh Line: 190
Info (12128): Elaborating entity "pll_0002" for hierarchy "emu:emu|pll:pll|pll_0002:pll_inst" File: /home/vash/mister-builds/entry681/FPGA/rtl/pll.v Line: 26
Info (12128): Elaborating entity "altera_pll" for hierarchy "emu:emu|pll:pll|pll_0002:pll_inst|altera_pll:altera_pll_i" File: /home/vash/mister-builds/entry681/FPGA/rtl/pll/pll_0002.v Line: 94
Info (10008): Verilog HDL or VHDL information: EDA Netlist Writer cannot regroup multidimensional array "wire_to_nowhere_64" into its bus
Info (12130): Elaborated megafunction instantiation "emu:emu|pll:pll|pll_0002:pll_inst|altera_pll:altera_pll_i" File: /home/vash/mister-builds/entry681/FPGA/rtl/pll/pll_0002.v Line: 94
Info (12133): Instantiated megafunction "emu:emu|pll:pll|pll_0002:pll_inst|altera_pll:altera_pll_i" with the following parameter: File: /home/vash/mister-builds/entry681/FPGA/rtl/pll/pll_0002.v Line: 94
    Info (12134): Parameter "fractional_vco_multiplier" = "false"
    Info (12134): Parameter "reference_clock_frequency" = "50.0 MHz"
    Info (12134): Parameter "operation_mode" = "direct"
    Info (12134): Parameter "number_of_clocks" = "4"
    Info (12134): Parameter "output_clock_frequency0" = "20.000000 MHz"
    Info (12134): Parameter "phase_shift0" = "0 ps"
    Info (12134): Parameter "duty_cycle0" = "50"
    Info (12134): Parameter "output_clock_frequency1" = "54.000000 MHz"
    Info (12134): Parameter "phase_shift1" = "0 ps"
    Info (12134): Parameter "duty_cycle1" = "50"
    Info (12134): Parameter "output_clock_frequency2" = "60.000000 MHz"
    Info (12134): Parameter "phase_shift2" = "0 ps"
    Info (12134): Parameter "duty_cycle2" = "50"
    Info (12134): Parameter "output_clock_frequency3" = "135.000000 MHz"
    Info (12134): Parameter "phase_shift3" = "0 ps"
    Info (12134): Parameter "duty_cycle3" = "50"
    Info (12134): Parameter "output_clock_frequency4" = "0 MHz"
    Info (12134): Parameter "phase_shift4" = "0 ps"
    Info (12134): Parameter "duty_cycle4" = "50"
    Info (12134): Parameter "output_clock_frequency5" = "0 MHz"
    Info (12134): Parameter "phase_shift5" = "0 ps"
    Info (12134): Parameter "duty_cycle5" = "50"
    Info (12134): Parameter "output_clock_frequency6" = "0 MHz"
    Info (12134): Parameter "phase_shift6" = "0 ps"
    Info (12134): Parameter "duty_cycle6" = "50"
    Info (12134): Parameter "output_clock_frequency7" = "0 MHz"
    Info (12134): Parameter "phase_shift7" = "0 ps"
    Info (12134): Parameter "duty_cycle7" = "50"
    Info (12134): Parameter "output_clock_frequency8" = "0 MHz"
    Info (12134): Parameter "phase_shift8" = "0 ps"
    Info (12134): Parameter "duty_cycle8" = "50"
    Info (12134): Parameter "output_clock_frequency9" = "0 MHz"
    Info (12134): Parameter "phase_shift9" = "0 ps"
    Info (12134): Parameter "duty_cycle9" = "50"
    Info (12134): Parameter "output_clock_frequency10" = "0 MHz"
    Info (12134): Parameter "phase_shift10" = "0 ps"
    Info (12134): Parameter "duty_cycle10" = "50"
    Info (12134): Parameter "output_clock_frequency11" = "0 MHz"
    Info (12134): Parameter "phase_shift11" = "0 ps"
    Info (12134): Parameter "duty_cycle11" = "50"
    Info (12134): Parameter "output_clock_frequency12" = "0 MHz"
    Info (12134): Parameter "phase_shift12" = "0 ps"
    Info (12134): Parameter "duty_cycle12" = "50"
    Info (12134): Parameter "output_clock_frequency13" = "0 MHz"
    Info (12134): Parameter "phase_shift13" = "0 ps"
    Info (12134): Parameter "duty_cycle13" = "50"
    Info (12134): Parameter "output_clock_frequency14" = "0 MHz"
    Info (12134): Parameter "phase_shift14" = "0 ps"
    Info (12134): Parameter "duty_cycle14" = "50"
    Info (12134): Parameter "output_clock_frequency15" = "0 MHz"
    Info (12134): Parameter "phase_shift15" = "0 ps"
    Info (12134): Parameter "duty_cycle15" = "50"
    Info (12134): Parameter "output_clock_frequency16" = "0 MHz"
    Info (12134): Parameter "phase_shift16" = "0 ps"
    Info (12134): Parameter "duty_cycle16" = "50"
    Info (12134): Parameter "output_clock_frequency17" = "0 MHz"
    Info (12134): Parameter "phase_shift17" = "0 ps"
    Info (12134): Parameter "duty_cycle17" = "50"
    Info (12134): Parameter "pll_type" = "General"
    Info (12134): Parameter "pll_subtype" = "General"
Info (12128): Elaborating entity "mpeg2_h262_download_rearm" for hierarchy "emu:emu|mpeg2_h262_download_rearm:mpeg2_h262_download_rearm" File: /home/vash/mister-builds/entry681/FPGA/MediaPlayer_top_00.svh Line: 237
Info (12128): Elaborating entity "dcfifo" for hierarchy "emu:emu|dcfifo:audio_mode_src_fifo" File: /home/vash/mister-builds/entry681/FPGA/MediaPlayer_top_00.svh Line: 344
Info (12130): Elaborated megafunction instantiation "emu:emu|dcfifo:audio_mode_src_fifo" File: /home/vash/mister-builds/entry681/FPGA/MediaPlayer_top_00.svh Line: 344
Info (12133): Instantiated megafunction "emu:emu|dcfifo:audio_mode_src_fifo" with the following parameter: File: /home/vash/mister-builds/entry681/FPGA/MediaPlayer_top_00.svh Line: 344
    Info (12134): Parameter "lpm_numwords" = "4"
    Info (12134): Parameter "lpm_showahead" = "ON"
    Info (12134): Parameter "lpm_type" = "dcfifo"
    Info (12134): Parameter "lpm_width" = "3"
    Info (12134): Parameter "lpm_widthu" = "2"
    Info (12134): Parameter "overflow_checking" = "ON"
    Info (12134): Parameter "underflow_checking" = "ON"
    Info (12134): Parameter "use_eab" = "ON"
    Info (12134): Parameter "rdsync_delaypipe" = "4"
    Info (12134): Parameter "wrsync_delaypipe" = "4"
    Info (12134): Parameter "write_aclr_synch" = "ON"
    Info (12134): Parameter "read_aclr_synch" = "ON"
Info (12021): Found 1 design units, including 1 entities, in source file db/dcfifo_7em1.tdf
    Info (12023): Found entity 1: dcfifo_7em1 File: /home/vash/mister-builds/entry681/FPGA/db/dcfifo_7em1.tdf Line: 39
Info (12128): Elaborating entity "dcfifo_7em1" for hierarchy "emu:emu|dcfifo:audio_mode_src_fifo|dcfifo_7em1:auto_generated" File: /home/vash/intelFPGA_lite/17.0_T/quartus/libraries/megafunctions/dcfifo.tdf Line: 191
Info (12021): Found 1 design units, including 1 entities, in source file db/a_graycounter_9u6.tdf
    Info (12023): Found entity 1: a_graycounter_9u6 File: /home/vash/mister-builds/entry681/FPGA/db/a_graycounter_9u6.tdf Line: 25
Info (12128): Elaborating entity "a_graycounter_9u6" for hierarchy "emu:emu|dcfifo:audio_mode_src_fifo|dcfifo_7em1:auto_generated|a_graycounter_9u6:rdptr_g1p" File: /home/vash/mister-builds/entry681/FPGA/db/dcfifo_7em1.tdf Line: 52
Info (12021): Found 1 design units, including 1 entities, in source file db/a_graycounter_5cc.tdf
    Info (12023): Found entity 1: a_graycounter_5cc File: /home/vash/mister-builds/entry681/FPGA/db/a_graycounter_5cc.tdf Line: 25
Info (12128): Elaborating entity "a_graycounter_5cc" for hierarchy "emu:emu|dcfifo:audio_mode_src_fifo|dcfifo_7em1:auto_generated|a_graycounter_5cc:wrptr_g1p" File: /home/vash/mister-builds/entry681/FPGA/db/dcfifo_7em1.tdf Line: 53
Info (12021): Found 1 design units, including 1 entities, in source file db/altsyncram_9ra1.tdf
    Info (12023): Found entity 1: altsyncram_9ra1 File: /home/vash/mister-builds/entry681/FPGA/db/altsyncram_9ra1.tdf Line: 28
Info (12128): Elaborating entity "altsyncram_9ra1" for hierarchy "emu:emu|dcfifo:audio_mode_src_fifo|dcfifo_7em1:auto_generated|altsyncram_9ra1:fifo_ram" File: /home/vash/mister-builds/entry681/FPGA/db/dcfifo_7em1.tdf Line: 54
Info (12021): Found 1 design units, including 1 entities, in source file db/dffpipe_3dc.tdf
    Info (12023): Found entity 1: dffpipe_3dc File: /home/vash/mister-builds/entry681/FPGA/db/dffpipe_3dc.tdf Line: 25
Info (12128): Elaborating entity "dffpipe_3dc" for hierarchy "emu:emu|dcfifo:audio_mode_src_fifo|dcfifo_7em1:auto_generated|dffpipe_3dc:rdaclr" File: /home/vash/mister-builds/entry681/FPGA/db/dcfifo_7em1.tdf Line: 61
Info (12021): Found 1 design units, including 1 entities, in source file db/alt_synch_pipe_qnl.tdf
    Info (12023): Found entity 1: alt_synch_pipe_qnl File: /home/vash/mister-builds/entry681/FPGA/db/alt_synch_pipe_qnl.tdf Line: 27
Info (12128): Elaborating entity "alt_synch_pipe_qnl" for hierarchy "emu:emu|dcfifo:audio_mode_src_fifo|dcfifo_7em1:auto_generated|alt_synch_pipe_qnl:rs_dgwp" File: /home/vash/mister-builds/entry681/FPGA/db/dcfifo_7em1.tdf Line: 62
Info (12021): Found 1 design units, including 1 entities, in source file db/dffpipe_bd9.tdf
    Info (12023): Found entity 1: dffpipe_bd9 File: /home/vash/mister-builds/entry681/FPGA/db/dffpipe_bd9.tdf Line: 25
Info (12128): Elaborating entity "dffpipe_bd9" for hierarchy "emu:emu|dcfifo:audio_mode_src_fifo|dcfifo_7em1:auto_generated|alt_synch_pipe_qnl:rs_dgwp|dffpipe_bd9:dffpipe12" File: /home/vash/mister-builds/entry681/FPGA/db/alt_synch_pipe_qnl.tdf Line: 35
Info (12021): Found 1 design units, including 1 entities, in source file db/alt_synch_pipe_rnl.tdf
    Info (12023): Found entity 1: alt_synch_pipe_rnl File: /home/vash/mister-builds/entry681/FPGA/db/alt_synch_pipe_rnl.tdf Line: 27
Info (12128): Elaborating entity "alt_synch_pipe_rnl" for hierarchy "emu:emu|dcfifo:audio_mode_src_fifo|dcfifo_7em1:auto_generated|alt_synch_pipe_rnl:ws_dgrp" File: /home/vash/mister-builds/entry681/FPGA/db/dcfifo_7em1.tdf Line: 64
Info (12021): Found 1 design units, including 1 entities, in source file db/dffpipe_cd9.tdf
    Info (12023): Found entity 1: dffpipe_cd9 File: /home/vash/mister-builds/entry681/FPGA/db/dffpipe_cd9.tdf Line: 25
Info (12128): Elaborating entity "dffpipe_cd9" for hierarchy "emu:emu|dcfifo:audio_mode_src_fifo|dcfifo_7em1:auto_generated|alt_synch_pipe_rnl:ws_dgrp|dffpipe_cd9:dffpipe15" File: /home/vash/mister-builds/entry681/FPGA/db/alt_synch_pipe_rnl.tdf Line: 35
Info (12021): Found 1 design units, including 1 entities, in source file db/cmpr_ru5.tdf
    Info (12023): Found entity 1: cmpr_ru5 File: /home/vash/mister-builds/entry681/FPGA/db/cmpr_ru5.tdf Line: 23
Info (12128): Elaborating entity "cmpr_ru5" for hierarchy "emu:emu|dcfifo:audio_mode_src_fifo|dcfifo_7em1:auto_generated|cmpr_ru5:rdempty_eq_comp" File: /home/vash/mister-builds/entry681/FPGA/db/dcfifo_7em1.tdf Line: 65
Info (12128): Elaborating entity "dcfifo" for hierarchy "emu:emu|dcfifo:audio_restart_out_fifo" File: /home/vash/mister-builds/entry681/FPGA/MediaPlayer_top_00.svh Line: 370
Info (12130): Elaborated megafunction instantiation "emu:emu|dcfifo:audio_restart_out_fifo" File: /home/vash/mister-builds/entry681/FPGA/MediaPlayer_top_00.svh Line: 370
Info (12133): Instantiated megafunction "emu:emu|dcfifo:audio_restart_out_fifo" with the following parameter: File: /home/vash/mister-builds/entry681/FPGA/MediaPlayer_top_00.svh Line: 370
    Info (12134): Parameter "lpm_numwords" = "4"
    Info (12134): Parameter "lpm_showahead" = "ON"
    Info (12134): Parameter "lpm_type" = "dcfifo"
    Info (12134): Parameter "lpm_width" = "1"
    Info (12134): Parameter "lpm_widthu" = "2"
    Info (12134): Parameter "overflow_checking" = "ON"
    Info (12134): Parameter "underflow_checking" = "ON"
    Info (12134): Parameter "use_eab" = "OFF"
    Info (12134): Parameter "rdsync_delaypipe" = "4"
    Info (12134): Parameter "wrsync_delaypipe" = "4"
    Info (12134): Parameter "write_aclr_synch" = "ON"
    Info (12134): Parameter "read_aclr_synch" = "ON"
Info (12021): Found 1 design units, including 1 entities, in source file db/dcfifo_1hm1.tdf
    Info (12023): Found entity 1: dcfifo_1hm1 File: /home/vash/mister-builds/entry681/FPGA/db/dcfifo_1hm1.tdf Line: 39
Info (12128): Elaborating entity "dcfifo_1hm1" for hierarchy "emu:emu|dcfifo:audio_restart_out_fifo|dcfifo_1hm1:auto_generated" File: /home/vash/intelFPGA_lite/17.0_T/quartus/libraries/megafunctions/dcfifo.tdf Line: 191
Info (12021): Found 1 design units, including 1 entities, in source file db/altsyncram_l9i1.tdf
    Info (12023): Found entity 1: altsyncram_l9i1 File: /home/vash/mister-builds/entry681/FPGA/db/altsyncram_l9i1.tdf Line: 29
Info (12128): Elaborating entity "altsyncram_l9i1" for hierarchy "emu:emu|dcfifo:audio_restart_out_fifo|dcfifo_1hm1:auto_generated|altsyncram_l9i1:fifo_ram" File: /home/vash/mister-builds/entry681/FPGA/db/dcfifo_1hm1.tdf Line: 54
Info (12021): Found 1 design units, including 1 entities, in source file db/decode_v07.tdf
    Info (12023): Found entity 1: decode_v07 File: /home/vash/mister-builds/entry681/FPGA/db/decode_v07.tdf Line: 23
Info (12128): Elaborating entity "decode_v07" for hierarchy "emu:emu|dcfifo:audio_restart_out_fifo|dcfifo_1hm1:auto_generated|altsyncram_l9i1:fifo_ram|decode_v07:address_decoder" File: /home/vash/mister-builds/entry681/FPGA/db/altsyncram_l9i1.tdf Line: 48
Info (12021): Found 1 design units, including 1 entities, in source file db/mux_8r7.tdf
    Info (12023): Found entity 1: mux_8r7 File: /home/vash/mister-builds/entry681/FPGA/db/mux_8r7.tdf Line: 23
Info (12128): Elaborating entity "mux_8r7" for hierarchy "emu:emu|dcfifo:audio_restart_out_fifo|dcfifo_1hm1:auto_generated|altsyncram_l9i1:fifo_ram|mux_8r7:output_mux" File: /home/vash/mister-builds/entry681/FPGA/db/altsyncram_l9i1.tdf Line: 49
Info (12021): Found 1 design units, including 1 entities, in source file db/alt_synch_pipe_snl.tdf
    Info (12023): Found entity 1: alt_synch_pipe_snl File: /home/vash/mister-builds/entry681/FPGA/db/alt_synch_pipe_snl.tdf Line: 27
Info (12128): Elaborating entity "alt_synch_pipe_snl" for hierarchy "emu:emu|dcfifo:audio_restart_out_fifo|dcfifo_1hm1:auto_generated|alt_synch_pipe_snl:rs_dgwp" File: /home/vash/mister-builds/entry681/FPGA/db/dcfifo_1hm1.tdf Line: 62
Info (12021): Found 1 design units, including 1 entities, in source file db/dffpipe_dd9.tdf
    Info (12023): Found entity 1: dffpipe_dd9 File: /home/vash/mister-builds/entry681/FPGA/db/dffpipe_dd9.tdf Line: 25
Info (12128): Elaborating entity "dffpipe_dd9" for hierarchy "emu:emu|dcfifo:audio_restart_out_fifo|dcfifo_1hm1:auto_generated|alt_synch_pipe_snl:rs_dgwp|dffpipe_dd9:dffpipe5" File: /home/vash/mister-builds/entry681/FPGA/db/alt_synch_pipe_snl.tdf Line: 35
Info (12021): Found 1 design units, including 1 entities, in source file db/alt_synch_pipe_tnl.tdf
    Info (12023): Found entity 1: alt_synch_pipe_tnl File: /home/vash/mister-builds/entry681/FPGA/db/alt_synch_pipe_tnl.tdf Line: 27
Info (12128): Elaborating entity "alt_synch_pipe_tnl" for hierarchy "emu:emu|dcfifo:audio_restart_out_fifo|dcfifo_1hm1:auto_generated|alt_synch_pipe_tnl:ws_dgrp" File: /home/vash/mister-builds/entry681/FPGA/db/dcfifo_1hm1.tdf Line: 64
Info (12021): Found 1 design units, including 1 entities, in source file db/dffpipe_ed9.tdf
    Info (12023): Found entity 1: dffpipe_ed9 File: /home/vash/mister-builds/entry681/FPGA/db/dffpipe_ed9.tdf Line: 25
Info (12128): Elaborating entity "dffpipe_ed9" for hierarchy "emu:emu|dcfifo:audio_restart_out_fifo|dcfifo_1hm1:auto_generated|alt_synch_pipe_tnl:ws_dgrp|dffpipe_ed9:dffpipe8" File: /home/vash/mister-builds/entry681/FPGA/db/alt_synch_pipe_tnl.tdf Line: 35
Info (12128): Elaborating entity "audio_pcm_test_source" for hierarchy "emu:emu|audio_pcm_test_source:audio_pcm_test_source" File: /home/vash/mister-builds/entry681/FPGA/MediaPlayer_top_00.svh Line: 525
Info (12128): Elaborating entity "audio_pcm_fifo" for hierarchy "emu:emu|audio_pcm_fifo:audio_pcm_fifo" File: /home/vash/mister-builds/entry681/FPGA/MediaPlayer_top_00.svh Line: 541
Info (12128): Elaborating entity "dcfifo" for hierarchy "emu:emu|audio_pcm_fifo:audio_pcm_fifo|dcfifo:pcm_fifo" File: /home/vash/mister-builds/entry681/FPGA/rtl/audio/audio_pcm_fifo.sv Line: 51
Info (12130): Elaborated megafunction instantiation "emu:emu|audio_pcm_fifo:audio_pcm_fifo|dcfifo:pcm_fifo" File: /home/vash/mister-builds/entry681/FPGA/rtl/audio/audio_pcm_fifo.sv Line: 51
Info (12133): Instantiated megafunction "emu:emu|audio_pcm_fifo:audio_pcm_fifo|dcfifo:pcm_fifo" with the following parameter: File: /home/vash/mister-builds/entry681/FPGA/rtl/audio/audio_pcm_fifo.sv Line: 51
    Info (12134): Parameter "lpm_numwords" = "8192"
    Info (12134): Parameter "lpm_showahead" = "ON"
    Info (12134): Parameter "lpm_type" = "dcfifo"
    Info (12134): Parameter "lpm_width" = "35"
    Info (12134): Parameter "lpm_widthu" = "13"
    Info (12134): Parameter "overflow_checking" = "ON"
    Info (12134): Parameter "underflow_checking" = "ON"
    Info (12134): Parameter "use_eab" = "ON"
    Info (12134): Parameter "rdsync_delaypipe" = "4"
    Info (12134): Parameter "wrsync_delaypipe" = "4"
    Info (12134): Parameter "write_aclr_synch" = "ON"
    Info (12134): Parameter "read_aclr_synch" = "ON"
Info (12021): Found 1 design units, including 1 entities, in source file db/dcfifo_4co1.tdf
    Info (12023): Found entity 1: dcfifo_4co1 File: /home/vash/mister-builds/entry681/FPGA/db/dcfifo_4co1.tdf Line: 43
Info (12128): Elaborating entity "dcfifo_4co1" for hierarchy "emu:emu|audio_pcm_fifo:audio_pcm_fifo|dcfifo:pcm_fifo|dcfifo_4co1:auto_generated" File: /home/vash/intelFPGA_lite/17.0_T/quartus/libraries/megafunctions/dcfifo.tdf Line: 191
Info (12021): Found 1 design units, including 1 entities, in source file db/a_gray2bin_sab.tdf
    Info (12023): Found entity 1: a_gray2bin_sab File: /home/vash/mister-builds/entry681/FPGA/db/a_gray2bin_sab.tdf Line: 23
Info (12128): Elaborating entity "a_gray2bin_sab" for hierarchy "emu:emu|audio_pcm_fifo:audio_pcm_fifo|dcfifo:pcm_fifo|dcfifo_4co1:auto_generated|a_gray2bin_sab:rdptr_g_gray2bin" File: /home/vash/mister-builds/entry681/FPGA/db/dcfifo_4co1.tdf Line: 58
Info (12021): Found 1 design units, including 1 entities, in source file db/a_graycounter_rv6.tdf
    Info (12023): Found entity 1: a_graycounter_rv6 File: /home/vash/mister-builds/entry681/FPGA/db/a_graycounter_rv6.tdf Line: 25
Info (12128): Elaborating entity "a_graycounter_rv6" for hierarchy "emu:emu|audio_pcm_fifo:audio_pcm_fifo|dcfifo:pcm_fifo|dcfifo_4co1:auto_generated|a_graycounter_rv6:rdptr_g1p" File: /home/vash/mister-builds/entry681/FPGA/db/dcfifo_4co1.tdf Line: 62
Info (12021): Found 1 design units, including 1 entities, in source file db/a_graycounter_ndc.tdf
    Info (12023): Found entity 1: a_graycounter_ndc File: /home/vash/mister-builds/entry681/FPGA/db/a_graycounter_ndc.tdf Line: 25
Info (12128): Elaborating entity "a_graycounter_ndc" for hierarchy "emu:emu|audio_pcm_fifo:audio_pcm_fifo|dcfifo:pcm_fifo|dcfifo_4co1:auto_generated|a_graycounter_ndc:wrptr_g1p" File: /home/vash/mister-builds/entry681/FPGA/db/dcfifo_4co1.tdf Line: 63
Info (12021): Found 1 design units, including 1 entities, in source file db/altsyncram_n1b1.tdf
    Info (12023): Found entity 1: altsyncram_n1b1 File: /home/vash/mister-builds/entry681/FPGA/db/altsyncram_n1b1.tdf Line: 28
Info (12128): Elaborating entity "altsyncram_n1b1" for hierarchy "emu:emu|audio_pcm_fifo:audio_pcm_fifo|dcfifo:pcm_fifo|dcfifo_4co1:auto_generated|altsyncram_n1b1:fifo_ram" File: /home/vash/mister-builds/entry681/FPGA/db/dcfifo_4co1.tdf Line: 64
Info (12021): Found 1 design units, including 1 entities, in source file db/dffpipe_se9.tdf
    Info (12023): Found entity 1: dffpipe_se9 File: /home/vash/mister-builds/entry681/FPGA/db/dffpipe_se9.tdf Line: 25
Info (12128): Elaborating entity "dffpipe_se9" for hierarchy "emu:emu|audio_pcm_fifo:audio_pcm_fifo|dcfifo:pcm_fifo|dcfifo_4co1:auto_generated|dffpipe_se9:rs_brp" File: /home/vash/mister-builds/entry681/FPGA/db/dcfifo_4co1.tdf Line: 72
Info (12021): Found 1 design units, including 1 entities, in source file db/alt_synch_pipe_cpl.tdf
    Info (12023): Found entity 1: alt_synch_pipe_cpl File: /home/vash/mister-builds/entry681/FPGA/db/alt_synch_pipe_cpl.tdf Line: 27
Info (12128): Elaborating entity "alt_synch_pipe_cpl" for hierarchy "emu:emu|audio_pcm_fifo:audio_pcm_fifo|dcfifo:pcm_fifo|dcfifo_4co1:auto_generated|alt_synch_pipe_cpl:rs_dgwp" File: /home/vash/mister-builds/entry681/FPGA/db/dcfifo_4co1.tdf Line: 74
Info (12021): Found 1 design units, including 1 entities, in source file db/dffpipe_te9.tdf
    Info (12023): Found entity 1: dffpipe_te9 File: /home/vash/mister-builds/entry681/FPGA/db/dffpipe_te9.tdf Line: 25
Info (12128): Elaborating entity "dffpipe_te9" for hierarchy "emu:emu|audio_pcm_fifo:audio_pcm_fifo|dcfifo:pcm_fifo|dcfifo_4co1:auto_generated|alt_synch_pipe_cpl:rs_dgwp|dffpipe_te9:dffpipe13" File: /home/vash/mister-builds/entry681/FPGA/db/alt_synch_pipe_cpl.tdf Line: 35
Info (12021): Found 1 design units, including 1 entities, in source file db/alt_synch_pipe_dpl.tdf
    Info (12023): Found entity 1: alt_synch_pipe_dpl File: /home/vash/mister-builds/entry681/FPGA/db/alt_synch_pipe_dpl.tdf Line: 27
Info (12128): Elaborating entity "alt_synch_pipe_dpl" for hierarchy "emu:emu|audio_pcm_fifo:audio_pcm_fifo|dcfifo:pcm_fifo|dcfifo_4co1:auto_generated|alt_synch_pipe_dpl:ws_dgrp" File: /home/vash/mister-builds/entry681/FPGA/db/dcfifo_4co1.tdf Line: 78
Info (12021): Found 1 design units, including 1 entities, in source file db/dffpipe_ue9.tdf
    Info (12023): Found entity 1: dffpipe_ue9 File: /home/vash/mister-builds/entry681/FPGA/db/dffpipe_ue9.tdf Line: 25
Info (12128): Elaborating entity "dffpipe_ue9" for hierarchy "emu:emu|audio_pcm_fifo:audio_pcm_fifo|dcfifo:pcm_fifo|dcfifo_4co1:auto_generated|alt_synch_pipe_dpl:ws_dgrp|dffpipe_ue9:dffpipe16" File: /home/vash/mister-builds/entry681/FPGA/db/alt_synch_pipe_dpl.tdf Line: 35
Info (12021): Found 1 design units, including 1 entities, in source file db/cmpr_d06.tdf
    Info (12023): Found entity 1: cmpr_d06 File: /home/vash/mister-builds/entry681/FPGA/db/cmpr_d06.tdf Line: 23
Info (12128): Elaborating entity "cmpr_d06" for hierarchy "emu:emu|audio_pcm_fifo:audio_pcm_fifo|dcfifo:pcm_fifo|dcfifo_4co1:auto_generated|cmpr_d06:rdempty_eq_comp" File: /home/vash/mister-builds/entry681/FPGA/db/dcfifo_4co1.tdf Line: 85
Info (12128): Elaborating entity "audio_pcm_output_adapter" for hierarchy "emu:emu|audio_pcm_output_adapter:audio_pcm_output_adapter" File: /home/vash/mister-builds/entry681/FPGA/MediaPlayer_top_00.svh Line: 556
Info (12128): Elaborating entity "mpeg2_h262_stream_transport_gate" for hierarchy "emu:emu|mpeg2_h262_stream_transport_gate:mpeg2_h262_stream_transport_gate" File: /home/vash/mister-builds/entry681/FPGA/MediaPlayer_top_00.svh Line: 647
Info (12128): Elaborating entity "mpeg2_h262_inband_metadata" for hierarchy "emu:emu|mpeg2_h262_inband_metadata:mpeg2_h262_inband_metadata" File: /home/vash/mister-builds/entry681/FPGA/MediaPlayer_top_00.svh Line: 677
Info (12128): Elaborating entity "mpeg2_h262_clean_video_queue" for hierarchy "emu:emu|mpeg2_h262_clean_video_queue:mpeg2_h262_clean_video_queue" File: /home/vash/mister-builds/entry681/FPGA/MediaPlayer_top_00.svh Line: 696
Info (12128): Elaborating entity "scfifo" for hierarchy "emu:emu|mpeg2_h262_clean_video_queue:mpeg2_h262_clean_video_queue|scfifo:video_fifo" File: /home/vash/mister-builds/entry681/FPGA/rtl/mpeg2_new/mpeg2_h262_clean_video_queue.sv Line: 106
Info (12130): Elaborated megafunction instantiation "emu:emu|mpeg2_h262_clean_video_queue:mpeg2_h262_clean_video_queue|scfifo:video_fifo" File: /home/vash/mister-builds/entry681/FPGA/rtl/mpeg2_new/mpeg2_h262_clean_video_queue.sv Line: 106
Info (12133): Instantiated megafunction "emu:emu|mpeg2_h262_clean_video_queue:mpeg2_h262_clean_video_queue|scfifo:video_fifo" with the following parameter: File: /home/vash/mister-builds/entry681/FPGA/rtl/mpeg2_new/mpeg2_h262_clean_video_queue.sv Line: 106
    Info (12134): Parameter "lpm_numwords" = "65536"
    Info (12134): Parameter "lpm_showahead" = "ON"
    Info (12134): Parameter "lpm_type" = "scfifo"
    Info (12134): Parameter "lpm_width" = "8"
    Info (12134): Parameter "lpm_widthu" = "16"
    Info (12134): Parameter "overflow_checking" = "ON"
    Info (12134): Parameter "underflow_checking" = "ON"
    Info (12134): Parameter "use_eab" = "ON"
Info (12021): Found 1 design units, including 1 entities, in source file db/scfifo_fe31.tdf
    Info (12023): Found entity 1: scfifo_fe31 File: /home/vash/mister-builds/entry681/FPGA/db/scfifo_fe31.tdf Line: 25
Info (12128): Elaborating entity "scfifo_fe31" for hierarchy "emu:emu|mpeg2_h262_clean_video_queue:mpeg2_h262_clean_video_queue|scfifo:video_fifo|scfifo_fe31:auto_generated" File: /home/vash/intelFPGA_lite/17.0_T/quartus/libraries/megafunctions/scfifo.tdf Line: 300
Info (12021): Found 1 design units, including 1 entities, in source file db/a_dpfifo_mk31.tdf
    Info (12023): Found entity 1: a_dpfifo_mk31 File: /home/vash/mister-builds/entry681/FPGA/db/a_dpfifo_mk31.tdf Line: 33
Info (12128): Elaborating entity "a_dpfifo_mk31" for hierarchy "emu:emu|mpeg2_h262_clean_video_queue:mpeg2_h262_clean_video_queue|scfifo:video_fifo|scfifo_fe31:auto_generated|a_dpfifo_mk31:dpfifo" File: /home/vash/mister-builds/entry681/FPGA/db/scfifo_fe31.tdf Line: 37
Info (12021): Found 1 design units, including 1 entities, in source file db/altsyncram_pai1.tdf
    Info (12023): Found entity 1: altsyncram_pai1 File: /home/vash/mister-builds/entry681/FPGA/db/altsyncram_pai1.tdf Line: 34
Info (12128): Elaborating entity "altsyncram_pai1" for hierarchy "emu:emu|mpeg2_h262_clean_video_queue:mpeg2_h262_clean_video_queue|scfifo:video_fifo|scfifo_fe31:auto_generated|a_dpfifo_mk31:dpfifo|altsyncram_pai1:FIFOram" File: /home/vash/mister-builds/entry681/FPGA/db/a_dpfifo_mk31.tdf Line: 46
Info (12021): Found 1 design units, including 1 entities, in source file db/decode_417.tdf
    Info (12023): Found entity 1: decode_417 File: /home/vash/mister-builds/entry681/FPGA/db/decode_417.tdf Line: 23
Info (12128): Elaborating entity "decode_417" for hierarchy "emu:emu|mpeg2_h262_clean_video_queue:mpeg2_h262_clean_video_queue|scfifo:video_fifo|scfifo_fe31:auto_generated|a_dpfifo_mk31:dpfifo|altsyncram_pai1:FIFOram|decode_417:decode2" File: /home/vash/mister-builds/entry681/FPGA/db/altsyncram_pai1.tdf Line: 45
Info (12021): Found 1 design units, including 1 entities, in source file db/decode_tc6.tdf
    Info (12023): Found entity 1: decode_tc6 File: /home/vash/mister-builds/entry681/FPGA/db/decode_tc6.tdf Line: 23
Info (12128): Elaborating entity "decode_tc6" for hierarchy "emu:emu|mpeg2_h262_clean_video_queue:mpeg2_h262_clean_video_queue|scfifo:video_fifo|scfifo_fe31:auto_generated|a_dpfifo_mk31:dpfifo|altsyncram_pai1:FIFOram|decode_tc6:rden_decode_b" File: /home/vash/mister-builds/entry681/FPGA/db/altsyncram_pai1.tdf Line: 46
Info (12021): Found 1 design units, including 1 entities, in source file db/mux_kr7.tdf
    Info (12023): Found entity 1: mux_kr7 File: /home/vash/mister-builds/entry681/FPGA/db/mux_kr7.tdf Line: 23
Info (12128): Elaborating entity "mux_kr7" for hierarchy "emu:emu|mpeg2_h262_clean_video_queue:mpeg2_h262_clean_video_queue|scfifo:video_fifo|scfifo_fe31:auto_generated|a_dpfifo_mk31:dpfifo|altsyncram_pai1:FIFOram|mux_kr7:mux3" File: /home/vash/mister-builds/entry681/FPGA/db/altsyncram_pai1.tdf Line: 48
Info (12021): Found 1 design units, including 1 entities, in source file db/cmpr_mm8.tdf
    Info (12023): Found entity 1: cmpr_mm8 File: /home/vash/mister-builds/entry681/FPGA/db/cmpr_mm8.tdf Line: 23
Info (12128): Elaborating entity "cmpr_mm8" for hierarchy "emu:emu|mpeg2_h262_clean_video_queue:mpeg2_h262_clean_video_queue|scfifo:video_fifo|scfifo_fe31:auto_generated|a_dpfifo_mk31:dpfifo|cmpr_mm8:almost_full_comparer" File: /home/vash/mister-builds/entry681/FPGA/db/a_dpfifo_mk31.tdf Line: 55
Info (12128): Elaborating entity "cmpr_mm8" for hierarchy "emu:emu|mpeg2_h262_clean_video_queue:mpeg2_h262_clean_video_queue|scfifo:video_fifo|scfifo_fe31:auto_generated|a_dpfifo_mk31:dpfifo|cmpr_mm8:three_comparison" File: /home/vash/mister-builds/entry681/FPGA/db/a_dpfifo_mk31.tdf Line: 56
Info (12021): Found 1 design units, including 1 entities, in source file db/cntr_3ib.tdf
    Info (12023): Found entity 1: cntr_3ib File: /home/vash/mister-builds/entry681/FPGA/db/cntr_3ib.tdf Line: 26
Info (12128): Elaborating entity "cntr_3ib" for hierarchy "emu:emu|mpeg2_h262_clean_video_queue:mpeg2_h262_clean_video_queue|scfifo:video_fifo|scfifo_fe31:auto_generated|a_dpfifo_mk31:dpfifo|cntr_3ib:rd_ptr_msb" File: /home/vash/mister-builds/entry681/FPGA/db/a_dpfifo_mk31.tdf Line: 57
Info (12021): Found 1 design units, including 1 entities, in source file db/cntr_gi7.tdf
    Info (12023): Found entity 1: cntr_gi7 File: /home/vash/mister-builds/entry681/FPGA/db/cntr_gi7.tdf Line: 26
Info (12128): Elaborating entity "cntr_gi7" for hierarchy "emu:emu|mpeg2_h262_clean_video_queue:mpeg2_h262_clean_video_queue|scfifo:video_fifo|scfifo_fe31:auto_generated|a_dpfifo_mk31:dpfifo|cntr_gi7:usedw_counter" File: /home/vash/mister-builds/entry681/FPGA/db/a_dpfifo_mk31.tdf Line: 58
Info (12021): Found 1 design units, including 1 entities, in source file db/cntr_4ib.tdf
    Info (12023): Found entity 1: cntr_4ib File: /home/vash/mister-builds/entry681/FPGA/db/cntr_4ib.tdf Line: 26
Info (12128): Elaborating entity "cntr_4ib" for hierarchy "emu:emu|mpeg2_h262_clean_video_queue:mpeg2_h262_clean_video_queue|scfifo:video_fifo|scfifo_fe31:auto_generated|a_dpfifo_mk31:dpfifo|cntr_4ib:wr_ptr" File: /home/vash/mister-builds/entry681/FPGA/db/a_dpfifo_mk31.tdf Line: 59
Info (12128): Elaborating entity "scfifo" for hierarchy "emu:emu|mpeg2_h262_clean_video_queue:mpeg2_h262_clean_video_queue|scfifo:metadata_fifo" File: /home/vash/mister-builds/entry681/FPGA/rtl/mpeg2_new/mpeg2_h262_clean_video_queue.sv Line: 127
Info (12130): Elaborated megafunction instantiation "emu:emu|mpeg2_h262_clean_video_queue:mpeg2_h262_clean_video_queue|scfifo:metadata_fifo" File: /home/vash/mister-builds/entry681/FPGA/rtl/mpeg2_new/mpeg2_h262_clean_video_queue.sv Line: 127
Info (12133): Instantiated megafunction "emu:emu|mpeg2_h262_clean_video_queue:mpeg2_h262_clean_video_queue|scfifo:metadata_fifo" with the following parameter: File: /home/vash/mister-builds/entry681/FPGA/rtl/mpeg2_new/mpeg2_h262_clean_video_queue.sv Line: 127
    Info (12134): Parameter "lpm_numwords" = "16"
    Info (12134): Parameter "lpm_showahead" = "ON"
    Info (12134): Parameter "lpm_type" = "scfifo"
    Info (12134): Parameter "lpm_width" = "65"
    Info (12134): Parameter "lpm_widthu" = "4"
    Info (12134): Parameter "overflow_checking" = "ON"
    Info (12134): Parameter "underflow_checking" = "ON"
    Info (12134): Parameter "use_eab" = "ON"
Info (12021): Found 1 design units, including 1 entities, in source file db/scfifo_d931.tdf
    Info (12023): Found entity 1: scfifo_d931 File: /home/vash/mister-builds/entry681/FPGA/db/scfifo_d931.tdf Line: 25
Info (12128): Elaborating entity "scfifo_d931" for hierarchy "emu:emu|mpeg2_h262_clean_video_queue:mpeg2_h262_clean_video_queue|scfifo:metadata_fifo|scfifo_d931:auto_generated" File: /home/vash/intelFPGA_lite/17.0_T/quartus/libraries/megafunctions/scfifo.tdf Line: 300
Info (12021): Found 1 design units, including 1 entities, in source file db/a_dpfifo_kf31.tdf
    Info (12023): Found entity 1: a_dpfifo_kf31 File: /home/vash/mister-builds/entry681/FPGA/db/a_dpfifo_kf31.tdf Line: 33
Info (12128): Elaborating entity "a_dpfifo_kf31" for hierarchy "emu:emu|mpeg2_h262_clean_video_queue:mpeg2_h262_clean_video_queue|scfifo:metadata_fifo|scfifo_d931:auto_generated|a_dpfifo_kf31:dpfifo" File: /home/vash/mister-builds/entry681/FPGA/db/scfifo_d931.tdf Line: 37
Info (12021): Found 1 design units, including 1 entities, in source file db/altsyncram_l0i1.tdf
    Info (12023): Found entity 1: altsyncram_l0i1 File: /home/vash/mister-builds/entry681/FPGA/db/altsyncram_l0i1.tdf Line: 28
Info (12128): Elaborating entity "altsyncram_l0i1" for hierarchy "emu:emu|mpeg2_h262_clean_video_queue:mpeg2_h262_clean_video_queue|scfifo:metadata_fifo|scfifo_d931:auto_generated|a_dpfifo_kf31:dpfifo|altsyncram_l0i1:FIFOram" File: /home/vash/mister-builds/entry681/FPGA/db/a_dpfifo_kf31.tdf Line: 46
Info (12021): Found 1 design units, including 1 entities, in source file db/cmpr_3l8.tdf
    Info (12023): Found entity 1: cmpr_3l8 File: /home/vash/mister-builds/entry681/FPGA/db/cmpr_3l8.tdf Line: 23
Info (12128): Elaborating entity "cmpr_3l8" for hierarchy "emu:emu|mpeg2_h262_clean_video_queue:mpeg2_h262_clean_video_queue|scfifo:metadata_fifo|scfifo_d931:auto_generated|a_dpfifo_kf31:dpfifo|cmpr_3l8:almost_full_comparer" File: /home/vash/mister-builds/entry681/FPGA/db/a_dpfifo_kf31.tdf Line: 55
Info (12128): Elaborating entity "cmpr_3l8" for hierarchy "emu:emu|mpeg2_h262_clean_video_queue:mpeg2_h262_clean_video_queue|scfifo:metadata_fifo|scfifo_d931:auto_generated|a_dpfifo_kf31:dpfifo|cmpr_3l8:three_comparison" File: /home/vash/mister-builds/entry681/FPGA/db/a_dpfifo_kf31.tdf Line: 56
Info (12021): Found 1 design units, including 1 entities, in source file db/cntr_ggb.tdf
    Info (12023): Found entity 1: cntr_ggb File: /home/vash/mister-builds/entry681/FPGA/db/cntr_ggb.tdf Line: 26
Info (12128): Elaborating entity "cntr_ggb" for hierarchy "emu:emu|mpeg2_h262_clean_video_queue:mpeg2_h262_clean_video_queue|scfifo:metadata_fifo|scfifo_d931:auto_generated|a_dpfifo_kf31:dpfifo|cntr_ggb:rd_ptr_msb" File: /home/vash/mister-builds/entry681/FPGA/db/a_dpfifo_kf31.tdf Line: 57
Info (12021): Found 1 design units, including 1 entities, in source file db/cntr_tg7.tdf
    Info (12023): Found entity 1: cntr_tg7 File: /home/vash/mister-builds/entry681/FPGA/db/cntr_tg7.tdf Line: 26
Info (12128): Elaborating entity "cntr_tg7" for hierarchy "emu:emu|mpeg2_h262_clean_video_queue:mpeg2_h262_clean_video_queue|scfifo:metadata_fifo|scfifo_d931:auto_generated|a_dpfifo_kf31:dpfifo|cntr_tg7:usedw_counter" File: /home/vash/mister-builds/entry681/FPGA/db/a_dpfifo_kf31.tdf Line: 58
Info (12021): Found 1 design units, including 1 entities, in source file db/cntr_hgb.tdf
    Info (12023): Found entity 1: cntr_hgb File: /home/vash/mister-builds/entry681/FPGA/db/cntr_hgb.tdf Line: 26
Info (12128): Elaborating entity "cntr_hgb" for hierarchy "emu:emu|mpeg2_h262_clean_video_queue:mpeg2_h262_clean_video_queue|scfifo:metadata_fifo|scfifo_d931:auto_generated|a_dpfifo_kf31:dpfifo|cntr_hgb:wr_ptr" File: /home/vash/mister-builds/entry681/FPGA/db/a_dpfifo_kf31.tdf Line: 59
Info (12128): Elaborating entity "mpeg2_stream_fifo" for hierarchy "emu:emu|mpeg2_stream_fifo:mpeg2_stream_fifo" File: /home/vash/mister-builds/entry681/FPGA/MediaPlayer_top_00.svh Line: 718
Info (12128): Elaborating entity "dcfifo_mixed_widths" for hierarchy "emu:emu|mpeg2_stream_fifo:mpeg2_stream_fifo|dcfifo_mixed_widths:stream_fifo" File: /home/vash/mister-builds/entry681/FPGA/rtl/mpeg2_stream_fifo.sv Line: 92
Info (12130): Elaborated megafunction instantiation "emu:emu|mpeg2_stream_fifo:mpeg2_stream_fifo|dcfifo_mixed_widths:stream_fifo" File: /home/vash/mister-builds/entry681/FPGA/rtl/mpeg2_stream_fifo.sv Line: 92
Info (12133): Instantiated megafunction "emu:emu|mpeg2_stream_fifo:mpeg2_stream_fifo|dcfifo_mixed_widths:stream_fifo" with the following parameter: File: /home/vash/mister-builds/entry681/FPGA/rtl/mpeg2_stream_fifo.sv Line: 92
    Info (12134): Parameter "lpm_numwords" = "16384"
    Info (12134): Parameter "lpm_showahead" = "ON"
    Info (12134): Parameter "lpm_type" = "dcfifo_mixed_widths"
    Info (12134): Parameter "lpm_width" = "16"
    Info (12134): Parameter "lpm_width_r" = "8"
    Info (12134): Parameter "lpm_widthu" = "14"
    Info (12134): Parameter "lpm_widthu_r" = "15"
    Info (12134): Parameter "overflow_checking" = "ON"
    Info (12134): Parameter "underflow_checking" = "ON"
    Info (12134): Parameter "use_eab" = "ON"
    Info (12134): Parameter "rdsync_delaypipe" = "4"
    Info (12134): Parameter "wrsync_delaypipe" = "4"
    Info (12134): Parameter "write_aclr_synch" = "ON"
    Info (12134): Parameter "read_aclr_synch" = "ON"
Info (12021): Found 1 design units, including 1 entities, in source file db/dcfifo_2do1.tdf
    Info (12023): Found entity 1: dcfifo_2do1 File: /home/vash/mister-builds/entry681/FPGA/db/dcfifo_2do1.tdf Line: 45
Info (12128): Elaborating entity "dcfifo_2do1" for hierarchy "emu:emu|mpeg2_stream_fifo:mpeg2_stream_fifo|dcfifo_mixed_widths:stream_fifo|dcfifo_2do1:auto_generated" File: /home/vash/intelFPGA_lite/17.0_T/quartus/libraries/megafunctions/dcfifo_mixed_widths.tdf Line: 79
Info (12021): Found 1 design units, including 1 entities, in source file db/a_gray2bin_tab.tdf
    Info (12023): Found entity 1: a_gray2bin_tab File: /home/vash/mister-builds/entry681/FPGA/db/a_gray2bin_tab.tdf Line: 23
Info (12128): Elaborating entity "a_gray2bin_tab" for hierarchy "emu:emu|mpeg2_stream_fifo:mpeg2_stream_fifo|dcfifo_mixed_widths:stream_fifo|dcfifo_2do1:auto_generated|a_gray2bin_tab:wrptr_g_gray2bin" File: /home/vash/mister-builds/entry681/FPGA/db/dcfifo_2do1.tdf Line: 60
Info (12021): Found 1 design units, including 1 entities, in source file db/a_graycounter_sv6.tdf
    Info (12023): Found entity 1: a_graycounter_sv6 File: /home/vash/mister-builds/entry681/FPGA/db/a_graycounter_sv6.tdf Line: 25
Info (12128): Elaborating entity "a_graycounter_sv6" for hierarchy "emu:emu|mpeg2_stream_fifo:mpeg2_stream_fifo|dcfifo_mixed_widths:stream_fifo|dcfifo_2do1:auto_generated|a_graycounter_sv6:rdptr_g1p" File: /home/vash/mister-builds/entry681/FPGA/db/dcfifo_2do1.tdf Line: 62
Info (12021): Found 1 design units, including 1 entities, in source file db/a_graycounter_odc.tdf
    Info (12023): Found entity 1: a_graycounter_odc File: /home/vash/mister-builds/entry681/FPGA/db/a_graycounter_odc.tdf Line: 25
Info (12128): Elaborating entity "a_graycounter_odc" for hierarchy "emu:emu|mpeg2_stream_fifo:mpeg2_stream_fifo|dcfifo_mixed_widths:stream_fifo|dcfifo_2do1:auto_generated|a_graycounter_odc:wrptr_g1p" File: /home/vash/mister-builds/entry681/FPGA/db/dcfifo_2do1.tdf Line: 63
Info (12021): Found 1 design units, including 1 entities, in source file db/altsyncram_fk71.tdf
    Info (12023): Found entity 1: altsyncram_fk71 File: /home/vash/mister-builds/entry681/FPGA/db/altsyncram_fk71.tdf Line: 34
Info (12128): Elaborating entity "altsyncram_fk71" for hierarchy "emu:emu|mpeg2_stream_fifo:mpeg2_stream_fifo|dcfifo_mixed_widths:stream_fifo|dcfifo_2do1:auto_generated|altsyncram_fk71:fifo_ram" File: /home/vash/mister-builds/entry681/FPGA/db/dcfifo_2do1.tdf Line: 64
Info (12021): Found 1 design units, including 1 entities, in source file db/decode_oc6.tdf
    Info (12023): Found entity 1: decode_oc6 File: /home/vash/mister-builds/entry681/FPGA/db/decode_oc6.tdf Line: 23
Info (12128): Elaborating entity "decode_oc6" for hierarchy "emu:emu|mpeg2_stream_fifo:mpeg2_stream_fifo|dcfifo_mixed_widths:stream_fifo|dcfifo_2do1:auto_generated|altsyncram_fk71:fifo_ram|decode_oc6:rden_decode_b" File: /home/vash/mister-builds/entry681/FPGA/db/altsyncram_fk71.tdf Line: 51
Info (12021): Found 1 design units, including 1 entities, in source file db/mux_fr7.tdf
    Info (12023): Found entity 1: mux_fr7 File: /home/vash/mister-builds/entry681/FPGA/db/mux_fr7.tdf Line: 23
Info (12128): Elaborating entity "mux_fr7" for hierarchy "emu:emu|mpeg2_stream_fifo:mpeg2_stream_fifo|dcfifo_mixed_widths:stream_fifo|dcfifo_2do1:auto_generated|altsyncram_fk71:fifo_ram|mux_fr7:mux13" File: /home/vash/mister-builds/entry681/FPGA/db/altsyncram_fk71.tdf Line: 53
Info (12021): Found 1 design units, including 1 entities, in source file db/alt_synch_pipe_epl.tdf
    Info (12023): Found entity 1: alt_synch_pipe_epl File: /home/vash/mister-builds/entry681/FPGA/db/alt_synch_pipe_epl.tdf Line: 27
Info (12128): Elaborating entity "alt_synch_pipe_epl" for hierarchy "emu:emu|mpeg2_stream_fifo:mpeg2_stream_fifo|dcfifo_mixed_widths:stream_fifo|dcfifo_2do1:auto_generated|alt_synch_pipe_epl:rs_dgwp" File: /home/vash/mister-builds/entry681/FPGA/db/dcfifo_2do1.tdf Line: 70
Info (12021): Found 1 design units, including 1 entities, in source file db/dffpipe_ve9.tdf
    Info (12023): Found entity 1: dffpipe_ve9 File: /home/vash/mister-builds/entry681/FPGA/db/dffpipe_ve9.tdf Line: 25
Info (12128): Elaborating entity "dffpipe_ve9" for hierarchy "emu:emu|mpeg2_stream_fifo:mpeg2_stream_fifo|dcfifo_mixed_widths:stream_fifo|dcfifo_2do1:auto_generated|alt_synch_pipe_epl:rs_dgwp|dffpipe_ve9:dffpipe14" File: /home/vash/mister-builds/entry681/FPGA/db/alt_synch_pipe_epl.tdf Line: 35
Info (12021): Found 1 design units, including 1 entities, in source file db/dffpipe_0f9.tdf
    Info (12023): Found entity 1: dffpipe_0f9 File: /home/vash/mister-builds/entry681/FPGA/db/dffpipe_0f9.tdf Line: 25
Info (12128): Elaborating entity "dffpipe_0f9" for hierarchy "emu:emu|mpeg2_stream_fifo:mpeg2_stream_fifo|dcfifo_mixed_widths:stream_fifo|dcfifo_2do1:auto_generated|dffpipe_0f9:ws_brp" File: /home/vash/mister-builds/entry681/FPGA/db/dcfifo_2do1.tdf Line: 72
Info (12021): Found 1 design units, including 1 entities, in source file db/alt_synch_pipe_fpl.tdf
    Info (12023): Found entity 1: alt_synch_pipe_fpl File: /home/vash/mister-builds/entry681/FPGA/db/alt_synch_pipe_fpl.tdf Line: 27
Info (12128): Elaborating entity "alt_synch_pipe_fpl" for hierarchy "emu:emu|mpeg2_stream_fifo:mpeg2_stream_fifo|dcfifo_mixed_widths:stream_fifo|dcfifo_2do1:auto_generated|alt_synch_pipe_fpl:ws_dgrp" File: /home/vash/mister-builds/entry681/FPGA/db/dcfifo_2do1.tdf Line: 74
Info (12021): Found 1 design units, including 1 entities, in source file db/dffpipe_1f9.tdf
    Info (12023): Found entity 1: dffpipe_1f9 File: /home/vash/mister-builds/entry681/FPGA/db/dffpipe_1f9.tdf Line: 25
Info (12128): Elaborating entity "dffpipe_1f9" for hierarchy "emu:emu|mpeg2_stream_fifo:mpeg2_stream_fifo|dcfifo_mixed_widths:stream_fifo|dcfifo_2do1:auto_generated|alt_synch_pipe_fpl:ws_dgrp|dffpipe_1f9:dffpipe18" File: /home/vash/mister-builds/entry681/FPGA/db/alt_synch_pipe_fpl.tdf Line: 35
Info (12021): Found 1 design units, including 1 entities, in source file db/cmpr_e06.tdf
    Info (12023): Found entity 1: cmpr_e06 File: /home/vash/mister-builds/entry681/FPGA/db/cmpr_e06.tdf Line: 23
Info (12128): Elaborating entity "cmpr_e06" for hierarchy "emu:emu|mpeg2_stream_fifo:mpeg2_stream_fifo|dcfifo_mixed_widths:stream_fifo|dcfifo_2do1:auto_generated|cmpr_e06:rdempty_eq_comp" File: /home/vash/mister-builds/entry681/FPGA/db/dcfifo_2do1.tdf Line: 78
Info (12021): Found 1 design units, including 1 entities, in source file db/cntr_nsd.tdf
    Info (12023): Found entity 1: cntr_nsd File: /home/vash/mister-builds/entry681/FPGA/db/cntr_nsd.tdf Line: 28
Info (12128): Elaborating entity "cntr_nsd" for hierarchy "emu:emu|mpeg2_stream_fifo:mpeg2_stream_fifo|dcfifo_mixed_widths:stream_fifo|dcfifo_2do1:auto_generated|cntr_nsd:cntr_b" File: /home/vash/mister-builds/entry681/FPGA/db/dcfifo_2do1.tdf Line: 81
Info (12128): Elaborating entity "mpeg2_h262_system_time_clock" for hierarchy "emu:emu|mpeg2_h262_system_time_clock:mpeg2_h262_system_time_clock" File: /home/vash/mister-builds/entry681/FPGA/MediaPlayer_top_00.svh Line: 825
Info (12128): Elaborating entity "mpeg2_video_output_timing" for hierarchy "emu:emu|mpeg2_video_output_timing:mpeg2_video_output_timing" File: /home/vash/mister-builds/entry681/FPGA/MediaPlayer_top_01.svh Line: 18
Info (12128): Elaborating entity "mpeg2_hdmi_deinterlace_control" for hierarchy "emu:emu|mpeg2_hdmi_deinterlace_control:mpeg2_hdmi_deinterlace_control" File: /home/vash/mister-builds/entry681/FPGA/MediaPlayer_top_01.svh Line: 27
Info (12128): Elaborating entity "mpeg2_h262_native_field_order" for hierarchy "emu:emu|mpeg2_h262_native_field_order:mpeg2_h262_native_field_order" File: /home/vash/mister-builds/entry681/FPGA/MediaPlayer_top_01.svh Line: 109
Info (12128): Elaborating entity "mpeg2_h262_frontend" for hierarchy "emu:emu|mpeg2_h262_frontend:mpeg2_h262_frontend" File: /home/vash/mister-builds/entry681/FPGA/MediaPlayer_top_02.svh Line: 85
Info (12128): Elaborating entity "mpeg2_h262_quant_matrices" for hierarchy "emu:emu|mpeg2_h262_frontend:mpeg2_h262_frontend|mpeg2_h262_quant_matrices:matrices" File: /home/vash/mister-builds/entry681/FPGA/rtl/mpeg2_new/mpeg2_h262_frontend.sv Line: 120
Info (10264): Verilog HDL Case Statement information at mpeg2_h262_quant_matrices.sv(169): all case item expressions in this case statement are onehot File: /home/vash/mister-builds/entry681/FPGA/rtl/mpeg2_new/mpeg2_h262_quant_matrices.sv Line: 169
Info (12128): Elaborating entity "mpeg2_h262_two_picture_probe" for hierarchy "emu:emu|mpeg2_h262_two_picture_probe:mpeg2_h262_two_picture_probe" File: /home/vash/mister-builds/entry681/FPGA/MediaPlayer_top_03.svh Line: 22
Warning (10036): Verilog HDL or VHDL warning at mpeg2_h262_two_picture_probe_p_chain.sv(268): object "unused_base_state" assigned a value but never read File: /home/vash/mister-builds/entry681/FPGA/rtl/mpeg2_new/mpeg2_h262_two_picture_probe_p_chain.sv Line: 268
Info (12128): Elaborating entity "mpeg2_h262_picture_bookkeeper" for hierarchy "emu:emu|mpeg2_h262_two_picture_probe:mpeg2_h262_two_picture_probe|mpeg2_h262_picture_bookkeeper:bookkeeper" File: /home/vash/mister-builds/entry681/FPGA/rtl/mpeg2_new/mpeg2_h262_two_picture_probe_p_chain.sv Line: 69
Warning (10036): Verilog HDL or VHDL warning at mpeg2_h262_picture_bookkeeper.sv(113): object "unused_recon_block_complete" assigned a value but never read File: /home/vash/mister-builds/entry681/FPGA/rtl/mpeg2_new/mpeg2_h262_picture_bookkeeper.sv Line: 113
Info (12128): Elaborating entity "mpeg2_h262_luma4_probe" for hierarchy "emu:emu|mpeg2_h262_two_picture_probe:mpeg2_h262_two_picture_probe|mpeg2_h262_picture_bookkeeper:bookkeeper|mpeg2_h262_luma4_probe:picture_probe" File: /home/vash/mister-builds/entry681/FPGA/rtl/mpeg2_new/mpeg2_h262_picture_bookkeeper.sv Line: 283
Info (10264): Verilog HDL Case Statement information at mpeg2_h262_luma4_probe.sv(420): all case item expressions in this case statement are onehot File: /home/vash/mister-builds/entry681/FPGA/rtl/mpeg2_new/mpeg2_h262_luma4_probe.sv Line: 420
Info (12128): Elaborating entity "mpeg2_h262_bitreader" for hierarchy "emu:emu|mpeg2_h262_two_picture_probe:mpeg2_h262_two_picture_probe|mpeg2_h262_picture_bookkeeper:bookkeeper|mpeg2_h262_luma4_probe:picture_probe|mpeg2_h262_bitreader:mpeg2_h262_bitreader" File: /home/vash/mister-builds/entry681/FPGA/rtl/mpeg2_new/mpeg2_h262_luma4_probe.sv Line: 204
Info (12128): Elaborating entity "mpeg2_h262_dct_vlc" for hierarchy "emu:emu|mpeg2_h262_two_picture_probe:mpeg2_h262_two_picture_probe|mpeg2_h262_picture_bookkeeper:bookkeeper|mpeg2_h262_luma4_probe:picture_probe|mpeg2_h262_dct_vlc:dct_vlc" File: /home/vash/mister-builds/entry681/FPGA/rtl/mpeg2_new/mpeg2_h262_luma4_probe.sv Line: 293
Info (12128): Elaborating entity "mpeg2_h262_p_diagnostic_controller" for hierarchy "emu:emu|mpeg2_h262_two_picture_probe:mpeg2_h262_two_picture_probe|mpeg2_h262_p_diagnostic_controller:p_controller" File: /home/vash/mister-builds/entry681/FPGA/rtl/mpeg2_new/mpeg2_h262_two_picture_probe_p_chain.sv Line: 209
Warning (10036): Verilog HDL or VHDL warning at mpeg2_h262_p_diagnostic_controller_rearm.sv(36): object "two_mb_error" assigned a value but never read File: /home/vash/mister-builds/entry681/FPGA/rtl/mpeg2_new/mpeg2_h262_p_diagnostic_controller_rearm.sv Line: 36
Warning (10036): Verilog HDL or VHDL warning at mpeg2_h262_p_diagnostic_controller_rearm.sv(37): object "four_mb_error" assigned a value but never read File: /home/vash/mister-builds/entry681/FPGA/rtl/mpeg2_new/mpeg2_h262_p_diagnostic_controller_rearm.sv Line: 37
Warning (10036): Verilog HDL or VHDL warning at mpeg2_h262_p_diagnostic_controller_rearm.sv(40): object "legacy_error" assigned a value but never read File: /home/vash/mister-builds/entry681/FPGA/rtl/mpeg2_new/mpeg2_h262_p_diagnostic_controller_rearm.sv Line: 40
Warning (10036): Verilog HDL or VHDL warning at mpeg2_h262_p_diagnostic_controller_rearm.sv(228): object "legacy_hold_owner" assigned a value but never read File: /home/vash/mister-builds/entry681/FPGA/rtl/mpeg2_new/mpeg2_h262_p_diagnostic_controller_rearm.sv Line: 228
Warning (10036): Verilog HDL or VHDL warning at mpeg2_h262_p_diagnostic_controller_rearm.sv(240): object "mb_seen_for_hold" assigned a value but never read File: /home/vash/mister-builds/entry681/FPGA/rtl/mpeg2_new/mpeg2_h262_p_diagnostic_controller_rearm.sv Line: 240
Warning (10036): Verilog HDL or VHDL warning at mpeg2_h262_p_diagnostic_controller_rearm.sv(323): object "syntax_error" assigned a value but never read File: /home/vash/mister-builds/entry681/FPGA/rtl/mpeg2_new/mpeg2_h262_p_diagnostic_controller_rearm.sv Line: 323
Warning (10036): Verilog HDL or VHDL warning at mpeg2_h262_p_diagnostic_controller_rearm.sv(324): object "progress_error" assigned a value but never read File: /home/vash/mister-builds/entry681/FPGA/rtl/mpeg2_new/mpeg2_h262_p_diagnostic_controller_rearm.sv Line: 324
Warning (10036): Verilog HDL or VHDL warning at mpeg2_h262_p_diagnostic_controller_rearm.sv(462): object "unused_general" assigned a value but never read File: /home/vash/mister-builds/entry681/FPGA/rtl/mpeg2_new/mpeg2_h262_p_diagnostic_controller_rearm.sv Line: 462
Info (12128): Elaborating entity "mpeg2_h262_p_wide_motion_syntax_probe" for hierarchy "emu:emu|mpeg2_h262_two_picture_probe:mpeg2_h262_two_picture_probe|mpeg2_h262_p_diagnostic_controller:p_controller|mpeg2_h262_p_wide_motion_syntax_probe:wide_general_probe" File: /home/vash/mister-builds/entry681/FPGA/rtl/mpeg2_new/mpeg2_h262_p_diagnostic_controller_rearm.sv Line: 402
Warning (10036): Verilog HDL or VHDL warning at mpeg2_h262_p_wide_motion_syntax_probe_part0.svh(212): object "current_has_quant" assigned a value but never read File: /home/vash/mister-builds/entry681/FPGA/rtl/mpeg2_new/mpeg2_h262_p_wide_motion_syntax_probe_part0.svh Line: 212
Warning (10036): Verilog HDL or VHDL warning at mpeg2_h262_p_wide_motion_syntax_probe_part0.svh(229): object "current_residual_slot" assigned a value but never read File: /home/vash/mister-builds/entry681/FPGA/rtl/mpeg2_new/mpeg2_h262_p_wide_motion_syntax_probe_part0.svh Line: 229
Warning (10230): Verilog HDL assignment warning at mpeg2_h262_p_wide_motion_syntax_probe_part1.svh(24): truncated value with size 32 to match size of target (6) File: /home/vash/mister-builds/entry681/FPGA/rtl/mpeg2_new/mpeg2_h262_p_wide_motion_syntax_probe_part1.svh Line: 24
Warning (10230): Verilog HDL assignment warning at mpeg2_h262_p_wide_motion_syntax_probe_part1.svh(29): truncated value with size 32 to match size of target (6) File: /home/vash/mister-builds/entry681/FPGA/rtl/mpeg2_new/mpeg2_h262_p_wide_motion_syntax_probe_part1.svh Line: 29
Warning (10230): Verilog HDL assignment warning at mpeg2_h262_p_wide_motion_syntax_probe_part1.svh(34): truncated value with size 32 to match size of target (6) File: /home/vash/mister-builds/entry681/FPGA/rtl/mpeg2_new/mpeg2_h262_p_wide_motion_syntax_probe_part1.svh Line: 34
Warning (10230): Verilog HDL assignment warning at mpeg2_h262_p_wide_motion_syntax_probe_part1.svh(39): truncated value with size 32 to match size of target (6) File: /home/vash/mister-builds/entry681/FPGA/rtl/mpeg2_new/mpeg2_h262_p_wide_motion_syntax_probe_part1.svh Line: 39
Warning (10230): Verilog HDL assignment warning at mpeg2_h262_p_wide_motion_syntax_probe_part1.svh(44): truncated value with size 32 to match size of target (6) File: /home/vash/mister-builds/entry681/FPGA/rtl/mpeg2_new/mpeg2_h262_p_wide_motion_syntax_probe_part1.svh Line: 44
Warning (10230): Verilog HDL assignment warning at mpeg2_h262_p_wide_motion_syntax_probe_part1.svh(46): truncated value with size 32 to match size of target (6) File: /home/vash/mister-builds/entry681/FPGA/rtl/mpeg2_new/mpeg2_h262_p_wide_motion_syntax_probe_part1.svh Line: 46
Warning (10230): Verilog HDL assignment warning at mpeg2_h262_p_wide_motion_syntax_probe_part1.svh(48): truncated value with size 32 to match size of target (6) File: /home/vash/mister-builds/entry681/FPGA/rtl/mpeg2_new/mpeg2_h262_p_wide_motion_syntax_probe_part1.svh Line: 48
Warning (10230): Verilog HDL assignment warning at mpeg2_h262_p_wide_motion_syntax_probe_part1.svh(53): truncated value with size 32 to match size of target (6) File: /home/vash/mister-builds/entry681/FPGA/rtl/mpeg2_new/mpeg2_h262_p_wide_motion_syntax_probe_part1.svh Line: 53
Warning (10230): Verilog HDL assignment warning at mpeg2_h262_p_wide_motion_syntax_probe_part1.svh(55): truncated value with size 32 to match size of target (6) File: /home/vash/mister-builds/entry681/FPGA/rtl/mpeg2_new/mpeg2_h262_p_wide_motion_syntax_probe_part1.svh Line: 55
Warning (10230): Verilog HDL assignment warning at mpeg2_h262_p_wide_motion_syntax_probe_part1.svh(57): truncated value with size 32 to match size of target (6) File: /home/vash/mister-builds/entry681/FPGA/rtl/mpeg2_new/mpeg2_h262_p_wide_motion_syntax_probe_part1.svh Line: 57
Warning (10230): Verilog HDL assignment warning at mpeg2_h262_p_wide_motion_syntax_probe_part1.svh(62): truncated value with size 32 to match size of target (6) File: /home/vash/mister-builds/entry681/FPGA/rtl/mpeg2_new/mpeg2_h262_p_wide_motion_syntax_probe_part1.svh Line: 62
Warning (10230): Verilog HDL assignment warning at mpeg2_h262_p_wide_motion_syntax_probe_part1.svh(64): truncated value with size 32 to match size of target (6) File: /home/vash/mister-builds/entry681/FPGA/rtl/mpeg2_new/mpeg2_h262_p_wide_motion_syntax_probe_part1.svh Line: 64
Warning (10230): Verilog HDL assignment warning at mpeg2_h262_p_wide_motion_syntax_probe_part1.svh(66): truncated value with size 32 to match size of target (6) File: /home/vash/mister-builds/entry681/FPGA/rtl/mpeg2_new/mpeg2_h262_p_wide_motion_syntax_probe_part1.svh Line: 66
Warning (10230): Verilog HDL assignment warning at mpeg2_h262_p_wide_motion_syntax_probe_part1.svh(68): truncated value with size 32 to match size of target (6) File: /home/vash/mister-builds/entry681/FPGA/rtl/mpeg2_new/mpeg2_h262_p_wide_motion_syntax_probe_part1.svh Line: 68
Warning (10230): Verilog HDL assignment warning at mpeg2_h262_p_wide_motion_syntax_probe_part1.svh(70): truncated value with size 32 to match size of target (6) File: /home/vash/mister-builds/entry681/FPGA/rtl/mpeg2_new/mpeg2_h262_p_wide_motion_syntax_probe_part1.svh Line: 70
Warning (10230): Verilog HDL assignment warning at mpeg2_h262_p_wide_motion_syntax_probe_part1.svh(72): truncated value with size 32 to match size of target (6) File: /home/vash/mister-builds/entry681/FPGA/rtl/mpeg2_new/mpeg2_h262_p_wide_motion_syntax_probe_part1.svh Line: 72
Info (10264): Verilog HDL Case Statement information at mpeg2_h262_p_wide_motion_syntax_probe_part2.svh(12): all case item expressions in this case statement are onehot File: /home/vash/mister-builds/entry681/FPGA/rtl/mpeg2_new/mpeg2_h262_p_wide_motion_syntax_probe_part2.svh Line: 12
Warning (10230): Verilog HDL assignment warning at mpeg2_h262_p_wide_motion_syntax_probe_part2.svh(194): truncated value with size 8 to match size of target (6) File: /home/vash/mister-builds/entry681/FPGA/rtl/mpeg2_new/mpeg2_h262_p_wide_motion_syntax_probe_part2.svh Line: 194
Warning (10230): Verilog HDL assignment warning at mpeg2_h262_p_wide_motion_syntax_probe_part1.svh(97): truncated value with size 32 to match size of target (18) File: /home/vash/mister-builds/entry681/FPGA/rtl/mpeg2_new/mpeg2_h262_p_wide_motion_syntax_probe_part1.svh Line: 97
Warning (10230): Verilog HDL assignment warning at mpeg2_h262_p_wide_motion_syntax_probe_part2.svh(437): truncated value with size 12 to match size of target (11) File: /home/vash/mister-builds/entry681/FPGA/rtl/mpeg2_new/mpeg2_h262_p_wide_motion_syntax_probe_part2.svh Line: 437
Info (10264): Verilog HDL Case Statement information at mpeg2_h262_p_wide_motion_syntax_probe_part2.svh(91): all case item expressions in this case statement are onehot File: /home/vash/mister-builds/entry681/FPGA/rtl/mpeg2_new/mpeg2_h262_p_wide_motion_syntax_probe_part2.svh Line: 91
Warning (10230): Verilog HDL assignment warning at mpeg2_h262_p_wide_motion_syntax_probe_part3.svh(478): truncated value with size 32 to match size of target (9) File: /home/vash/mister-builds/entry681/FPGA/rtl/mpeg2_new/mpeg2_h262_p_wide_motion_syntax_probe_part3.svh Line: 478
Info (12128): Elaborating entity "mpeg2_h262_p_residual_probe" for hierarchy "emu:emu|mpeg2_h262_two_picture_probe:mpeg2_h262_two_picture_probe|mpeg2_h262_p_diagnostic_controller:p_controller|mpeg2_h262_p_residual_probe:residual_probe" File: /home/vash/mister-builds/entry681/FPGA/rtl/mpeg2_new/mpeg2_h262_p_diagnostic_controller_rearm.sv Line: 451
Warning (10036): Verilog HDL or VHDL warning at mpeg2_h262_p_residual_pipeline_420.sv(137): object "unused_legacy" assigned a value but never read File: /home/vash/mister-builds/entry681/FPGA/rtl/mpeg2_new/mpeg2_h262_p_residual_pipeline_420.sv Line: 137
Info (10264): Verilog HDL Case Statement information at mpeg2_h262_p_residual_pipeline_420.sv(226): all case item expressions in this case statement are onehot File: /home/vash/mister-builds/entry681/FPGA/rtl/mpeg2_new/mpeg2_h262_p_residual_pipeline_420.sv Line: 226
Info (12128): Elaborating entity "mpeg2_h262_p_non_intra_transform" for hierarchy "emu:emu|mpeg2_h262_two_picture_probe:mpeg2_h262_two_picture_probe|mpeg2_h262_p_diagnostic_controller:p_controller|mpeg2_h262_p_residual_probe:residual_probe|mpeg2_h262_p_non_intra_transform:transform" File: /home/vash/mister-builds/entry681/FPGA/rtl/mpeg2_new/mpeg2_h262_p_residual_pipeline_420.sv Line: 127
Warning (10036): Verilog HDL or VHDL warning at mpeg2_h262_p_non_intra_transform.sv(374): object "unused_idct_values" assigned a value but never read File: /home/vash/mister-builds/entry681/FPGA/rtl/mpeg2_new/mpeg2_h262_p_non_intra_transform.sv Line: 374
Warning (10230): Verilog HDL assignment warning at mpeg2_h262_p_non_intra_transform.sv(303): truncated value with size 33 to match size of target (32) File: /home/vash/mister-builds/entry681/FPGA/rtl/mpeg2_new/mpeg2_h262_p_non_intra_transform.sv Line: 303
Warning (10230): Verilog HDL assignment warning at mpeg2_h262_p_non_intra_transform.sv(305): truncated value with size 33 to match size of target (32) File: /home/vash/mister-builds/entry681/FPGA/rtl/mpeg2_new/mpeg2_h262_p_non_intra_transform.sv Line: 305
Info (12128): Elaborating entity "mpeg2_h262_idct" for hierarchy "emu:emu|mpeg2_h262_two_picture_probe:mpeg2_h262_two_picture_probe|mpeg2_h262_p_diagnostic_controller:p_controller|mpeg2_h262_p_residual_probe:residual_probe|mpeg2_h262_p_non_intra_transform:transform|mpeg2_h262_idct:p_residual_idct" File: /home/vash/mister-builds/entry681/FPGA/rtl/mpeg2_new/mpeg2_h262_p_non_intra_transform.sv Line: 369
Warning (10027): Verilog HDL or VHDL warning at the mpeg2_h262_idct.sv(184): index expression is not wide enough to address all of the elements in the array File: /home/vash/mister-builds/entry681/FPGA/rtl/mpeg2_new/mpeg2_h262_idct.sv Line: 184
Warning (10027): Verilog HDL or VHDL warning at the mpeg2_h262_idct.sv(185): index expression is not wide enough to address all of the elements in the array File: /home/vash/mister-builds/entry681/FPGA/rtl/mpeg2_new/mpeg2_h262_idct.sv Line: 185
Warning (10027): Verilog HDL or VHDL warning at the mpeg2_h262_idct.sv(186): index expression is not wide enough to address all of the elements in the array File: /home/vash/mister-builds/entry681/FPGA/rtl/mpeg2_new/mpeg2_h262_idct.sv Line: 186
Warning (10027): Verilog HDL or VHDL warning at the mpeg2_h262_idct.sv(187): index expression is not wide enough to address all of the elements in the array File: /home/vash/mister-builds/entry681/FPGA/rtl/mpeg2_new/mpeg2_h262_idct.sv Line: 187
Info (12128): Elaborating entity "mpeg2_h262_b_core_probe" for hierarchy "emu:emu|mpeg2_h262_two_picture_probe:mpeg2_h262_two_picture_probe|mpeg2_h262_b_core_probe:b_controller" File: /home/vash/mister-builds/entry681/FPGA/rtl/mpeg2_new/mpeg2_h262_two_picture_probe_p_chain.sv Line: 219
Warning (10036): Verilog HDL or VHDL warning at mpeg2_h262_b_core_probe_part0.svh(228): object "current_quant" assigned a value but never read File: /home/vash/mister-builds/entry681/FPGA/rtl/mpeg2_new/mpeg2_h262_b_core_probe_part0.svh Line: 228
Warning (10036): Verilog HDL or VHDL warning at mpeg2_h262_b_core_probe_part1.svh(83): object "mba_target_col" assigned a value but never read File: /home/vash/mister-builds/entry681/FPGA/rtl/mpeg2_new/mpeg2_h262_b_core_probe_part1.svh Line: 83
Warning (10230): Verilog HDL assignment warning at mpeg2_h262_b_core_probe_part1.svh(130): truncated value with size 32 to match size of target (6) File: /home/vash/mister-builds/entry681/FPGA/rtl/mpeg2_new/mpeg2_h262_b_core_probe_part1.svh Line: 130
Warning (10230): Verilog HDL assignment warning at mpeg2_h262_b_core_probe_part1.svh(131): truncated value with size 32 to match size of target (6) File: /home/vash/mister-builds/entry681/FPGA/rtl/mpeg2_new/mpeg2_h262_b_core_probe_part1.svh Line: 131
Warning (10230): Verilog HDL assignment warning at mpeg2_h262_b_core_probe_part1.svh(132): truncated value with size 32 to match size of target (6) File: /home/vash/mister-builds/entry681/FPGA/rtl/mpeg2_new/mpeg2_h262_b_core_probe_part1.svh Line: 132
Warning (10230): Verilog HDL assignment warning at mpeg2_h262_b_core_probe_part1.svh(133): truncated value with size 32 to match size of target (6) File: /home/vash/mister-builds/entry681/FPGA/rtl/mpeg2_new/mpeg2_h262_b_core_probe_part1.svh Line: 133
Warning (10230): Verilog HDL assignment warning at mpeg2_h262_b_core_probe_part1.svh(135): truncated value with size 32 to match size of target (6) File: /home/vash/mister-builds/entry681/FPGA/rtl/mpeg2_new/mpeg2_h262_b_core_probe_part1.svh Line: 135
Warning (10230): Verilog HDL assignment warning at mpeg2_h262_b_core_probe_part1.svh(136): truncated value with size 32 to match size of target (6) File: /home/vash/mister-builds/entry681/FPGA/rtl/mpeg2_new/mpeg2_h262_b_core_probe_part1.svh Line: 136
Warning (10230): Verilog HDL assignment warning at mpeg2_h262_b_core_probe_part1.svh(137): truncated value with size 32 to match size of target (6) File: /home/vash/mister-builds/entry681/FPGA/rtl/mpeg2_new/mpeg2_h262_b_core_probe_part1.svh Line: 137
Warning (10230): Verilog HDL assignment warning at mpeg2_h262_b_core_probe_part1.svh(139): truncated value with size 32 to match size of target (6) File: /home/vash/mister-builds/entry681/FPGA/rtl/mpeg2_new/mpeg2_h262_b_core_probe_part1.svh Line: 139
Warning (10230): Verilog HDL assignment warning at mpeg2_h262_b_core_probe_part1.svh(140): truncated value with size 32 to match size of target (6) File: /home/vash/mister-builds/entry681/FPGA/rtl/mpeg2_new/mpeg2_h262_b_core_probe_part1.svh Line: 140
Warning (10230): Verilog HDL assignment warning at mpeg2_h262_b_core_probe_part1.svh(141): truncated value with size 32 to match size of target (6) File: /home/vash/mister-builds/entry681/FPGA/rtl/mpeg2_new/mpeg2_h262_b_core_probe_part1.svh Line: 141
Warning (10230): Verilog HDL assignment warning at mpeg2_h262_b_core_probe_part1.svh(143): truncated value with size 32 to match size of target (6) File: /home/vash/mister-builds/entry681/FPGA/rtl/mpeg2_new/mpeg2_h262_b_core_probe_part1.svh Line: 143
Warning (10230): Verilog HDL assignment warning at mpeg2_h262_b_core_probe_part1.svh(144): truncated value with size 32 to match size of target (6) File: /home/vash/mister-builds/entry681/FPGA/rtl/mpeg2_new/mpeg2_h262_b_core_probe_part1.svh Line: 144
Warning (10230): Verilog HDL assignment warning at mpeg2_h262_b_core_probe_part1.svh(145): truncated value with size 32 to match size of target (6) File: /home/vash/mister-builds/entry681/FPGA/rtl/mpeg2_new/mpeg2_h262_b_core_probe_part1.svh Line: 145
Warning (10230): Verilog HDL assignment warning at mpeg2_h262_b_core_probe_part1.svh(146): truncated value with size 32 to match size of target (6) File: /home/vash/mister-builds/entry681/FPGA/rtl/mpeg2_new/mpeg2_h262_b_core_probe_part1.svh Line: 146
Warning (10230): Verilog HDL assignment warning at mpeg2_h262_b_core_probe_part1.svh(147): truncated value with size 32 to match size of target (6) File: /home/vash/mister-builds/entry681/FPGA/rtl/mpeg2_new/mpeg2_h262_b_core_probe_part1.svh Line: 147
Warning (10230): Verilog HDL assignment warning at mpeg2_h262_b_core_probe_part1.svh(148): truncated value with size 32 to match size of target (6) File: /home/vash/mister-builds/entry681/FPGA/rtl/mpeg2_new/mpeg2_h262_b_core_probe_part1.svh Line: 148
Info (10264): Verilog HDL Case Statement information at mpeg2_h262_b_core_probe_part3.svh(150): all case item expressions in this case statement are onehot File: /home/vash/mister-builds/entry681/FPGA/rtl/mpeg2_new/mpeg2_h262_b_core_probe_part3.svh Line: 150
Warning (10230): Verilog HDL assignment warning at mpeg2_h262_b_core_probe_part2.svh(17): truncated value with size 4 to match size of target (3) File: /home/vash/mister-builds/entry681/FPGA/rtl/mpeg2_new/mpeg2_h262_b_core_probe_part2.svh Line: 17
Warning (10230): Verilog HDL assignment warning at mpeg2_h262_b_core_probe_part2.svh(22): truncated value with size 32 to match size of target (12) File: /home/vash/mister-builds/entry681/FPGA/rtl/mpeg2_new/mpeg2_h262_b_core_probe_part2.svh Line: 22
Info (10264): Verilog HDL Case Statement information at mpeg2_h262_b_core_probe_part3.svh(182): all case item expressions in this case statement are onehot File: /home/vash/mister-builds/entry681/FPGA/rtl/mpeg2_new/mpeg2_h262_b_core_probe_part3.svh Line: 182
Info (10264): Verilog HDL Case Statement information at mpeg2_h262_b_core_probe_part5.svh(27): all case item expressions in this case statement are onehot File: /home/vash/mister-builds/entry681/FPGA/rtl/mpeg2_new/mpeg2_h262_b_core_probe_part5.svh Line: 27
Warning (10230): Verilog HDL assignment warning at mpeg2_h262_b_core_probe_part5.svh(185): truncated value with size 32 to match size of target (9) File: /home/vash/mister-builds/entry681/FPGA/rtl/mpeg2_new/mpeg2_h262_b_core_probe_part5.svh Line: 185
Info (12128): Elaborating entity "mpeg2_h262_inverse_quant" for hierarchy "emu:emu|mpeg2_h262_inverse_quant:mpeg2_h262_inverse_quant" File: /home/vash/mister-builds/entry681/FPGA/MediaPlayer_top_03.svh Line: 50
Info (12128): Elaborating entity "mpeg2_h262_intra_recon" for hierarchy "emu:emu|mpeg2_h262_intra_recon:mpeg2_h262_intra_recon" File: /home/vash/mister-builds/entry681/FPGA/MediaPlayer_top_03.svh Line: 98
Info (12128): Elaborating entity "mpeg2_h262_ddram_store" for hierarchy "emu:emu|mpeg2_h262_ddram_store:mpeg2_h262_ddram_store" File: /home/vash/mister-builds/entry681/FPGA/MediaPlayer_top_04.svh Line: 30
Warning (10230): Verilog HDL assignment warning at mpeg2_h262_ddram_store_420p.sv(103): truncated value with size 32 to match size of target (8) File: /home/vash/mister-builds/entry681/FPGA/rtl/mpeg2_new/mpeg2_h262_ddram_store_420p.sv Line: 103
Warning (10230): Verilog HDL assignment warning at mpeg2_h262_ddram_store_420p.sv(103): truncated value with size 32 to match size of target (29) File: /home/vash/mister-builds/entry681/FPGA/rtl/mpeg2_new/mpeg2_h262_ddram_store_420p.sv Line: 103
Info (12128): Elaborating entity "mpeg2_h262_reference_read_probe" for hierarchy "emu:emu|mpeg2_h262_reference_read_probe:mpeg2_h262_reference_read_probe" File: /home/vash/mister-builds/entry681/FPGA/MediaPlayer_top_04.svh Line: 93
Warning (10036): Verilog HDL or VHDL warning at mpeg2_h262_reference_pipeline_probe_rearm.sv(102): object "plan_capture_window" assigned a value but never read File: /home/vash/mister-builds/entry681/FPGA/rtl/mpeg2_new/mpeg2_h262_reference_pipeline_probe_rearm.sv Line: 102
Warning (10036): Verilog HDL or VHDL warning at mpeg2_h262_reference_pipeline_probe_rearm.sv(163): object "base_reset" assigned a value but never read File: /home/vash/mister-builds/entry681/FPGA/rtl/mpeg2_new/mpeg2_h262_reference_pipeline_probe_rearm.sv Line: 163
Warning (10036): Verilog HDL or VHDL warning at mpeg2_h262_reference_pipeline_probe_rearm.sv(170): object "base_vector_valid" assigned a value but never read File: /home/vash/mister-builds/entry681/FPGA/rtl/mpeg2_new/mpeg2_h262_reference_pipeline_probe_rearm.sv Line: 170
Warning (10036): Verilog HDL or VHDL warning at mpeg2_h262_reference_pipeline_probe_rearm.sv(171): object "base_residual_valid" assigned a value but never read File: /home/vash/mister-builds/entry681/FPGA/rtl/mpeg2_new/mpeg2_h262_reference_pipeline_probe_rearm.sv Line: 171
Warning (10036): Verilog HDL or VHDL warning at mpeg2_h262_reference_pipeline_probe_rearm.sv(382): object "unused_b" assigned a value but never read File: /home/vash/mister-builds/entry681/FPGA/rtl/mpeg2_new/mpeg2_h262_reference_pipeline_probe_rearm.sv Line: 382
Info (12128): Elaborating entity "mpeg2_h262_reference_word_cache" for hierarchy "emu:emu|mpeg2_h262_reference_read_probe:mpeg2_h262_reference_read_probe|mpeg2_h262_reference_word_cache:reference_cache" File: /home/vash/mister-builds/entry681/FPGA/rtl/mpeg2_new/mpeg2_h262_reference_pipeline_probe_rearm.sv Line: 293
Warning (10036): Verilog HDL or VHDL warning at mpeg2_h262_reference_word_cache.sv(94): object "request_accept" assigned a value but never read File: /home/vash/mister-builds/entry681/FPGA/rtl/mpeg2_new/mpeg2_h262_reference_word_cache.sv Line: 94
Warning (10036): Verilog HDL or VHDL warning at mpeg2_h262_reference_word_cache.sv(106): object "request_active" assigned a value but never read File: /home/vash/mister-builds/entry681/FPGA/rtl/mpeg2_new/mpeg2_h262_reference_word_cache.sv Line: 106
Warning (10036): Verilog HDL or VHDL warning at mpeg2_h262_reference_word_cache.sv(109): object "request_addr_reg" assigned a value but never read File: /home/vash/mister-builds/entry681/FPGA/rtl/mpeg2_new/mpeg2_h262_reference_word_cache.sv Line: 109
Info (10264): Verilog HDL Case Statement information at mpeg2_h262_reference_word_cache.sv(196): all case item expressions in this case statement are onehot File: /home/vash/mister-builds/entry681/FPGA/rtl/mpeg2_new/mpeg2_h262_reference_word_cache.sv Line: 196
Info (12128): Elaborating entity "mpeg2_h262_p_motion_residual_raster_engine" for hierarchy "emu:emu|mpeg2_h262_reference_read_probe:mpeg2_h262_reference_read_probe|mpeg2_h262_p_motion_residual_raster_engine:mixed_probe" File: /home/vash/mister-builds/entry681/FPGA/rtl/mpeg2_new/mpeg2_h262_reference_pipeline_probe_rearm.sv Line: 317
Warning (10036): Verilog HDL or VHDL warning at mpeg2_h262_p_motion_residual_raster_engine.sv(218): object "metadata_done" assigned a value but never read File: /home/vash/mister-builds/entry681/FPGA/rtl/mpeg2_new/mpeg2_h262_p_motion_residual_raster_engine.sv Line: 218
Warning (10036): Verilog HDL or VHDL warning at mpeg2_h262_p_motion_residual_raster_engine.sv(245): object "next_prelaunch_addr" assigned a value but never read File: /home/vash/mister-builds/entry681/FPGA/rtl/mpeg2_new/mpeg2_h262_p_motion_residual_raster_engine.sv Line: 245
Warning (10036): Verilog HDL or VHDL warning at mpeg2_h262_p_motion_residual_raster_engine.sv(379): object "src_y_tap" assigned a value but never read File: /home/vash/mister-builds/entry681/FPGA/rtl/mpeg2_new/mpeg2_h262_p_motion_residual_raster_engine.sv Line: 379
Warning (10036): Verilog HDL or VHDL warning at mpeg2_h262_p_motion_residual_raster_engine.sv(391): object "next_src_x_tap" assigned a value but never read File: /home/vash/mister-builds/entry681/FPGA/rtl/mpeg2_new/mpeg2_h262_p_motion_residual_raster_engine.sv Line: 391
Warning (10036): Verilog HDL or VHDL warning at mpeg2_h262_p_motion_residual_raster_engine.sv(392): object "next_src_y_tap" assigned a value but never read File: /home/vash/mister-builds/entry681/FPGA/rtl/mpeg2_new/mpeg2_h262_p_motion_residual_raster_engine.sv Line: 392
Warning (10036): Verilog HDL or VHDL warning at mpeg2_h262_p_motion_residual_raster_engine.sv(453): object "reconstructed_current" assigned a value but never read File: /home/vash/mister-builds/entry681/FPGA/rtl/mpeg2_new/mpeg2_h262_p_motion_residual_raster_engine.sv Line: 453
Warning (10036): Verilog HDL or VHDL warning at mpeg2_h262_p_motion_residual_raster_engine.sv(527): object "unused_shift_map" assigned a value but never read File: /home/vash/mister-builds/entry681/FPGA/rtl/mpeg2_new/mpeg2_h262_p_motion_residual_raster_engine.sv Line: 527
Warning (10230): Verilog HDL assignment warning at mpeg2_h262_p_motion_residual_raster_engine.sv(177): truncated value with size 14 to match size of target (13) File: /home/vash/mister-builds/entry681/FPGA/rtl/mpeg2_new/mpeg2_h262_p_motion_residual_raster_engine.sv Line: 177
Warning (10230): Verilog HDL assignment warning at mpeg2_h262_p_motion_residual_raster_engine.sv(187): truncated value with size 11 to match size of target (8) File: /home/vash/mister-builds/entry681/FPGA/rtl/mpeg2_new/mpeg2_h262_p_motion_residual_raster_engine.sv Line: 187
Warning (10230): Verilog HDL assignment warning at mpeg2_h262_p_motion_residual_raster_engine.sv(188): truncated value with size 11 to match size of target (8) File: /home/vash/mister-builds/entry681/FPGA/rtl/mpeg2_new/mpeg2_h262_p_motion_residual_raster_engine.sv Line: 188
Warning (10230): Verilog HDL assignment warning at mpeg2_h262_p_motion_residual_raster_engine.sv(502): truncated value with size 32 to match size of target (8) File: /home/vash/mister-builds/entry681/FPGA/rtl/mpeg2_new/mpeg2_h262_p_motion_residual_raster_engine.sv Line: 502
Info (12128): Elaborating entity "mpeg2_h262_prediction_block_fetcher" for hierarchy "emu:emu|mpeg2_h262_reference_read_probe:mpeg2_h262_reference_read_probe|mpeg2_h262_p_motion_residual_raster_engine:mixed_probe|mpeg2_h262_prediction_block_fetcher:block_fetcher" File: /home/vash/mister-builds/entry681/FPGA/rtl/mpeg2_new/mpeg2_h262_p_motion_residual_raster_engine.sv Line: 326
Info (10264): Verilog HDL Case Statement information at mpeg2_h262_prediction_block_fetcher.sv(201): all case item expressions in this case statement are onehot File: /home/vash/mister-builds/entry681/FPGA/rtl/mpeg2_new/mpeg2_h262_prediction_block_fetcher.sv Line: 201
Info (12128): Elaborating entity "mpeg2_h262_b_bidirectional_raster_engine" for hierarchy "emu:emu|mpeg2_h262_reference_read_probe:mpeg2_h262_reference_read_probe|mpeg2_h262_b_bidirectional_raster_engine:b_probe" File: /home/vash/mister-builds/entry681/FPGA/rtl/mpeg2_new/mpeg2_h262_reference_pipeline_probe_rearm.sv Line: 339
Warning (10036): Verilog HDL or VHDL warning at mpeg2_h262_b_bidirectional_raster_engine_part1.svh(57): object "miss_prelaunch_addr" assigned a value but never read File: /home/vash/mister-builds/entry681/FPGA/rtl/mpeg2_new/mpeg2_h262_b_bidirectional_raster_engine_part1.svh Line: 57
Warning (10036): Verilog HDL or VHDL warning at mpeg2_h262_b_bidirectional_raster_engine_part1.svh(80): object "metadata_done" assigned a value but never read File: /home/vash/mister-builds/entry681/FPGA/rtl/mpeg2_new/mpeg2_h262_b_bidirectional_raster_engine_part1.svh Line: 80
Warning (10036): Verilog HDL or VHDL warning at mpeg2_h262_b_bidirectional_raster_engine_part1.svh(127): object "block_fetch_active" assigned a value but never read File: /home/vash/mister-builds/entry681/FPGA/rtl/mpeg2_new/mpeg2_h262_b_bidirectional_raster_engine_part1.svh Line: 127
Warning (10036): Verilog HDL or VHDL warning at mpeg2_h262_b_bidirectional_raster_engine_part1.svh(130): object "block_fetch_issued" assigned a value but never read File: /home/vash/mister-builds/entry681/FPGA/rtl/mpeg2_new/mpeg2_h262_b_bidirectional_raster_engine_part1.svh Line: 130
Warning (10036): Verilog HDL or VHDL warning at mpeg2_h262_b_bidirectional_raster_engine_part1.svh(130): object "block_fetch_returned" assigned a value but never read File: /home/vash/mister-builds/entry681/FPGA/rtl/mpeg2_new/mpeg2_h262_b_bidirectional_raster_engine_part1.svh Line: 130
Warning (10036): Verilog HDL or VHDL warning at mpeg2_h262_b_bidirectional_raster_engine_part1.svh(131): object "block_fetch_outstanding" assigned a value but never read File: /home/vash/mister-builds/entry681/FPGA/rtl/mpeg2_new/mpeg2_h262_b_bidirectional_raster_engine_part1.svh Line: 131
Warning (10036): Verilog HDL or VHDL warning at mpeg2_h262_b_bidirectional_raster_engine_part2.svh(359): object "early_lookup" assigned a value but never read File: /home/vash/mister-builds/entry681/FPGA/rtl/mpeg2_new/mpeg2_h262_b_bidirectional_raster_engine_part2.svh Line: 359
Warning (10036): Verilog HDL or VHDL warning at mpeg2_h262_b_bidirectional_raster_engine_part2.svh(361): object "early_lookup_addr" assigned a value but never read File: /home/vash/mister-builds/entry681/FPGA/rtl/mpeg2_new/mpeg2_h262_b_bidirectional_raster_engine_part2.svh Line: 361
Warning (10036): Verilog HDL or VHDL warning at mpeg2_h262_b_bidirectional_raster_engine_part2.svh(363): object "early_half_x" assigned a value but never read File: /home/vash/mister-builds/entry681/FPGA/rtl/mpeg2_new/mpeg2_h262_b_bidirectional_raster_engine_part2.svh Line: 363
Warning (10036): Verilog HDL or VHDL warning at mpeg2_h262_b_bidirectional_raster_engine_part2.svh(365): object "early_half_y" assigned a value but never read File: /home/vash/mister-builds/entry681/FPGA/rtl/mpeg2_new/mpeg2_h262_b_bidirectional_raster_engine_part2.svh Line: 365
Warning (10036): Verilog HDL or VHDL warning at mpeg2_h262_b_bidirectional_raster_engine_part2.svh(372): object "miss_response_prelaunch" assigned a value but never read File: /home/vash/mister-builds/entry681/FPGA/rtl/mpeg2_new/mpeg2_h262_b_bidirectional_raster_engine_part2.svh Line: 372
Warning (10036): Verilog HDL or VHDL warning at mpeg2_h262_b_bidirectional_raster_engine_part2.svh(373): object "miss_response_prelaunch_byte" assigned a value but never read File: /home/vash/mister-builds/entry681/FPGA/rtl/mpeg2_new/mpeg2_h262_b_bidirectional_raster_engine_part2.svh Line: 373
Warning (10036): Verilog HDL or VHDL warning at mpeg2_h262_b_bidirectional_raster_engine_part2.svh(381): object "src_x_tap" assigned a value but never read File: /home/vash/mister-builds/entry681/FPGA/rtl/mpeg2_new/mpeg2_h262_b_bidirectional_raster_engine_part2.svh Line: 381
Warning (10036): Verilog HDL or VHDL warning at mpeg2_h262_b_bidirectional_raster_engine_part2.svh(382): object "src_y_tap" assigned a value but never read File: /home/vash/mister-builds/entry681/FPGA/rtl/mpeg2_new/mpeg2_h262_b_bidirectional_raster_engine_part2.svh Line: 382
Warning (10036): Verilog HDL or VHDL warning at mpeg2_h262_b_bidirectional_raster_engine_part2.svh(387): object "next_src_x_tap" assigned a value but never read File: /home/vash/mister-builds/entry681/FPGA/rtl/mpeg2_new/mpeg2_h262_b_bidirectional_raster_engine_part2.svh Line: 387
Warning (10036): Verilog HDL or VHDL warning at mpeg2_h262_b_bidirectional_raster_engine_part2.svh(388): object "next_src_y_tap" assigned a value but never read File: /home/vash/mister-builds/entry681/FPGA/rtl/mpeg2_new/mpeg2_h262_b_bidirectional_raster_engine_part2.svh Line: 388
Warning (10036): Verilog HDL or VHDL warning at mpeg2_h262_b_bidirectional_raster_engine_part2.svh(449): object "reconstructed_current" assigned a value but never read File: /home/vash/mister-builds/entry681/FPGA/rtl/mpeg2_new/mpeg2_h262_b_bidirectional_raster_engine_part2.svh Line: 449
Warning (10036): Verilog HDL or VHDL warning at mpeg2_h262_b_bidirectional_raster_engine_part2.svh(497): object "normal_lookup_addr" assigned a value but never read File: /home/vash/mister-builds/entry681/FPGA/rtl/mpeg2_new/mpeg2_h262_b_bidirectional_raster_engine_part2.svh Line: 497
Warning (10036): Verilog HDL or VHDL warning at mpeg2_h262_b_bidirectional_raster_engine_part2.svh(502): object "next_miss_prelaunch_addr" assigned a value but never read File: /home/vash/mister-builds/entry681/FPGA/rtl/mpeg2_new/mpeg2_h262_b_bidirectional_raster_engine_part2.svh Line: 502
Warning (10230): Verilog HDL assignment warning at mpeg2_h262_b_bidirectional_raster_engine_part1.svh(21): truncated value with size 11 to match size of target (10) File: /home/vash/mister-builds/entry681/FPGA/rtl/mpeg2_new/mpeg2_h262_b_bidirectional_raster_engine_part1.svh Line: 21
Warning (10230): Verilog HDL assignment warning at mpeg2_h262_b_bidirectional_raster_engine_part1.svh(25): truncated value with size 11 to match size of target (8) File: /home/vash/mister-builds/entry681/FPGA/rtl/mpeg2_new/mpeg2_h262_b_bidirectional_raster_engine_part1.svh Line: 25
Info (12128): Elaborating entity "mpeg2_h262_native_startup" for hierarchy "emu:emu|mpeg2_h262_native_startup:mpeg2_h262_native_startup" File: /home/vash/mister-builds/entry681/FPGA/MediaPlayer_top_05.svh Line: 124
Info (12128): Elaborating entity "mpeg2_h262_picture_timestamp" for hierarchy "emu:emu|mpeg2_h262_picture_timestamp:mpeg2_h262_picture_timestamp" File: /home/vash/mister-builds/entry681/FPGA/MediaPlayer_top_05.svh Line: 157
Info (12128): Elaborating entity "mpeg2_h262_pts_presentation_timeline" for hierarchy "emu:emu|mpeg2_h262_pts_presentation_timeline:mpeg2_h262_pts_presentation_timeline" File: /home/vash/mister-builds/entry681/FPGA/MediaPlayer_top_05.svh Line: 172
Info (12128): Elaborating entity "mpeg2_h262_b_presentation_scheduler" for hierarchy "emu:emu|mpeg2_h262_b_presentation_scheduler:mpeg2_h262_b_presentation_scheduler" File: /home/vash/mister-builds/entry681/FPGA/MediaPlayer_top_05.svh Line: 220
Warning (10036): Verilog HDL or VHDL warning at mpeg2_h262_b_presentation_scheduler.sv(122): object "last_bound_reference_bank" assigned a value but never read File: /home/vash/mister-builds/entry681/FPGA/rtl/mpeg2_new/mpeg2_h262_b_presentation_scheduler.sv Line: 122
Warning (10036): Verilog HDL or VHDL warning at mpeg2_h262_b_presentation_scheduler.sv(123): object "last_bound_reference_count" assigned a value but never read File: /home/vash/mister-builds/entry681/FPGA/rtl/mpeg2_new/mpeg2_h262_b_presentation_scheduler.sv Line: 123
Info (12128): Elaborating entity "mpeg2_h262_luma_write_fingerprint" for hierarchy "emu:emu|mpeg2_h262_luma_write_fingerprint:mpeg2_h262_luma_write_fingerprint" File: /home/vash/mister-builds/entry681/FPGA/MediaPlayer_top_06.svh Line: 165
Info (12128): Elaborating entity "mpeg2_luma_framebuffer" for hierarchy "emu:emu|mpeg2_luma_framebuffer:mpeg2_luma_framebuffer" File: /home/vash/mister-builds/entry681/FPGA/MediaPlayer_top_06.svh Line: 305
Info (10264): Verilog HDL Case Statement information at mpeg2_luma_framebuffer.sv(901): all case item expressions in this case statement are onehot File: /home/vash/mister-builds/entry681/FPGA/rtl/mpeg2_luma_framebuffer.sv Line: 901
Info (12128): Elaborating entity "altsyncram" for hierarchy "emu:emu|mpeg2_luma_framebuffer:mpeg2_luma_framebuffer|altsyncram:y_line_cache" File: /home/vash/mister-builds/entry681/FPGA/rtl/mpeg2_luma_framebuffer.sv Line: 1218
Info (12130): Elaborated megafunction instantiation "emu:emu|mpeg2_luma_framebuffer:mpeg2_luma_framebuffer|altsyncram:y_line_cache" File: /home/vash/mister-builds/entry681/FPGA/rtl/mpeg2_luma_framebuffer.sv Line: 1218
Info (12133): Instantiated megafunction "emu:emu|mpeg2_luma_framebuffer:mpeg2_luma_framebuffer|altsyncram:y_line_cache" with the following parameter: File: /home/vash/mister-builds/entry681/FPGA/rtl/mpeg2_luma_framebuffer.sv Line: 1218
    Info (12134): Parameter "operation_mode" = "DUAL_PORT"
    Info (12134): Parameter "width_a" = "64"
    Info (12134): Parameter "widthad_a" = "8"
    Info (12134): Parameter "numwords_a" = "180"
    Info (12134): Parameter "width_b" = "64"
    Info (12134): Parameter "widthad_b" = "8"
    Info (12134): Parameter "numwords_b" = "180"
    Info (12134): Parameter "outdata_reg_b" = "UNREGISTERED"
    Info (12134): Parameter "address_reg_b" = "CLOCK1"
    Info (12134): Parameter "read_during_write_mode_mixed_ports" = "DONT_CARE"
    Info (12134): Parameter "ram_block_type" = "M10K"
    Info (12134): Parameter "intended_device_family" = "Cyclone V"
Info (12021): Found 1 design units, including 1 entities, in source file db/altsyncram_mag1.tdf
    Info (12023): Found entity 1: altsyncram_mag1 File: /home/vash/mister-builds/entry681/FPGA/db/altsyncram_mag1.tdf Line: 28
Info (12128): Elaborating entity "altsyncram_mag1" for hierarchy "emu:emu|mpeg2_luma_framebuffer:mpeg2_luma_framebuffer|altsyncram:y_line_cache|altsyncram_mag1:auto_generated" File: /home/vash/intelFPGA_lite/17.0_T/quartus/libraries/megafunctions/altsyncram.tdf Line: 792
Warning (287013): Variable or input pin "data_b" is defined but never used. File: /home/vash/mister-builds/entry681/FPGA/db/altsyncram_mag1.tdf Line: 35
Info (12128): Elaborating entity "altsyncram" for hierarchy "emu:emu|mpeg2_luma_framebuffer:mpeg2_luma_framebuffer|altsyncram:cb_line_cache" File: /home/vash/mister-builds/entry681/FPGA/rtl/mpeg2_luma_framebuffer.sv Line: 1250
Info (12130): Elaborated megafunction instantiation "emu:emu|mpeg2_luma_framebuffer:mpeg2_luma_framebuffer|altsyncram:cb_line_cache" File: /home/vash/mister-builds/entry681/FPGA/rtl/mpeg2_luma_framebuffer.sv Line: 1250
Info (12133): Instantiated megafunction "emu:emu|mpeg2_luma_framebuffer:mpeg2_luma_framebuffer|altsyncram:cb_line_cache" with the following parameter: File: /home/vash/mister-builds/entry681/FPGA/rtl/mpeg2_luma_framebuffer.sv Line: 1250
    Info (12134): Parameter "operation_mode" = "DUAL_PORT"
    Info (12134): Parameter "width_a" = "64"
    Info (12134): Parameter "widthad_a" = "7"
    Info (12134): Parameter "numwords_a" = "90"
    Info (12134): Parameter "width_b" = "64"
    Info (12134): Parameter "widthad_b" = "7"
    Info (12134): Parameter "numwords_b" = "90"
    Info (12134): Parameter "outdata_reg_b" = "UNREGISTERED"
    Info (12134): Parameter "address_reg_b" = "CLOCK1"
    Info (12134): Parameter "read_during_write_mode_mixed_ports" = "DONT_CARE"
    Info (12134): Parameter "ram_block_type" = "M10K"
    Info (12134): Parameter "intended_device_family" = "Cyclone V"
Info (12021): Found 1 design units, including 1 entities, in source file db/altsyncram_k7g1.tdf
    Info (12023): Found entity 1: altsyncram_k7g1 File: /home/vash/mister-builds/entry681/FPGA/db/altsyncram_k7g1.tdf Line: 28
Info (12128): Elaborating entity "altsyncram_k7g1" for hierarchy "emu:emu|mpeg2_luma_framebuffer:mpeg2_luma_framebuffer|altsyncram:cb_line_cache|altsyncram_k7g1:auto_generated" File: /home/vash/intelFPGA_lite/17.0_T/quartus/libraries/megafunctions/altsyncram.tdf Line: 792
Warning (287013): Variable or input pin "data_b" is defined but never used. File: /home/vash/mister-builds/entry681/FPGA/db/altsyncram_k7g1.tdf Line: 35
Info (12128): Elaborating entity "mpeg2_ycbcr_to_rgb_bt601" for hierarchy "emu:emu|mpeg2_luma_framebuffer:mpeg2_luma_framebuffer|mpeg2_ycbcr_to_rgb_bt601:mpeg2_ycbcr_to_rgb_bt601" File: /home/vash/mister-builds/entry681/FPGA/rtl/mpeg2_luma_framebuffer.sv Line: 1789
Info (12128): Elaborating entity "mpeg2_h262_ddram_arbiter" for hierarchy "emu:emu|mpeg2_h262_ddram_arbiter:mpeg2_h262_ddram_arbiter" File: /home/vash/mister-builds/entry681/FPGA/MediaPlayer_top_06.svh Line: 337
Warning (10036): Verilog HDL or VHDL warning at mpeg2_h262_ddram_arbiter.sv(211): object "unused_writer_rd" assigned a value but never read File: /home/vash/mister-builds/entry681/FPGA/rtl/mpeg2_new/mpeg2_h262_ddram_arbiter.sv Line: 211
Info (10264): Verilog HDL Case Statement information at mpeg2_h262_ddram_arbiter.sv(198): all case item expressions in this case statement are onehot File: /home/vash/mister-builds/entry681/FPGA/rtl/mpeg2_new/mpeg2_h262_ddram_arbiter.sv Line: 198
Info (12128): Elaborating entity "mpeg2_native_timing_pattern" for hierarchy "emu:emu|mpeg2_native_timing_pattern:mpeg2_native_timing_pattern" File: /home/vash/mister-builds/entry681/FPGA/MediaPlayer_top_07.svh Line: 33
Info (12128): Elaborating entity "mpeg2_h262_hardware_cadence_profiler" for hierarchy "emu:emu|mpeg2_h262_hardware_cadence_profiler:mpeg2_h262_hardware_cadence_profiler" File: /home/vash/mister-builds/entry681/FPGA/MediaPlayer_top_07.svh Line: 219
Warning (10036): Verilog HDL or VHDL warning at mpeg2_h262_hardware_cadence_profiler.sv(220): object "last_first_field_raw_fingerprint" assigned a value but never read File: /home/vash/mister-builds/entry681/FPGA/rtl/mpeg2_new/mpeg2_h262_hardware_cadence_profiler.sv Line: 220
Warning (10036): Verilog HDL or VHDL warning at mpeg2_h262_hardware_cadence_profiler.sv(221): object "last_first_field_display_fingerprint" assigned a value but never read File: /home/vash/mister-builds/entry681/FPGA/rtl/mpeg2_new/mpeg2_h262_hardware_cadence_profiler.sv Line: 221
Warning (10036): Verilog HDL or VHDL warning at mpeg2_h262_hardware_cadence_profiler.sv(222): object "last_second_field_raw_fingerprint" assigned a value but never read File: /home/vash/mister-builds/entry681/FPGA/rtl/mpeg2_new/mpeg2_h262_hardware_cadence_profiler.sv Line: 222
Warning (10036): Verilog HDL or VHDL warning at mpeg2_h262_hardware_cadence_profiler.sv(223): object "last_second_field_display_fingerprint" assigned a value but never read File: /home/vash/mister-builds/entry681/FPGA/rtl/mpeg2_new/mpeg2_h262_hardware_cadence_profiler.sv Line: 223
Warning (10036): Verilog HDL or VHDL warning at mpeg2_h262_hardware_cadence_profiler.sv(243): object "second_field_write_read_region" assigned a value but never read File: /home/vash/mister-builds/entry681/FPGA/rtl/mpeg2_new/mpeg2_h262_hardware_cadence_profiler.sv Line: 243
Warning (10036): Verilog HDL or VHDL warning at mpeg2_h262_hardware_cadence_profiler.sv(317): object "display_gap_now" assigned a value but never read File: /home/vash/mister-builds/entry681/FPGA/rtl/mpeg2_new/mpeg2_h262_hardware_cadence_profiler.sv Line: 317
Info (12128): Elaborating entity "mpeg2_h262_final_gop_progress_probe" for hierarchy "emu:emu|mpeg2_h262_final_gop_progress_probe:mpeg2_h262_final_gop_progress_probe" File: /home/vash/mister-builds/entry681/FPGA/MediaPlayer_top_07.svh Line: 506
Warning (14284): Synthesized away the following node(s):
    Warning (14285): Synthesized away the following LCELL buffer node(s):
        Warning (14320): Synthesized away node "pll_hdmi:pll_hdmi|pll_hdmi_0002:pll_hdmi_inst|altera_pll:altera_pll_i|cntsel_temp[4]" File: /home/vash/intelFPGA_lite/17.0_T/quartus/libraries/megafunctions/altera_pll.v Line: 425
        Warning (14320): Synthesized away node "pll_hdmi:pll_hdmi|pll_hdmi_0002:pll_hdmi_inst|altera_pll:altera_pll_i|cntsel_temp[3]" File: /home/vash/intelFPGA_lite/17.0_T/quartus/libraries/megafunctions/altera_pll.v Line: 425
        Warning (14320): Synthesized away node "pll_hdmi:pll_hdmi|pll_hdmi_0002:pll_hdmi_inst|altera_pll:altera_pll_i|cntsel_temp[2]" File: /home/vash/intelFPGA_lite/17.0_T/quartus/libraries/megafunctions/altera_pll.v Line: 425
        Warning (14320): Synthesized away node "pll_hdmi:pll_hdmi|pll_hdmi_0002:pll_hdmi_inst|altera_pll:altera_pll_i|cntsel_temp[1]" File: /home/vash/intelFPGA_lite/17.0_T/quartus/libraries/megafunctions/altera_pll.v Line: 425
        Warning (14320): Synthesized away node "pll_hdmi:pll_hdmi|pll_hdmi_0002:pll_hdmi_inst|altera_pll:altera_pll_i|cntsel_temp[0]" File: /home/vash/intelFPGA_lite/17.0_T/quartus/libraries/megafunctions/altera_pll.v Line: 425
        Warning (14320): Synthesized away node "pll_hdmi:pll_hdmi|pll_hdmi_0002:pll_hdmi_inst|altera_pll:altera_pll_i|gnd" File: /home/vash/intelFPGA_lite/17.0_T/quartus/libraries/megafunctions/altera_pll.v Line: 427
    Warning (14285): Synthesized away the following PLL node(s):
        Warning (14320): Synthesized away node "emu:emu|pll:pll|pll_0002:pll_inst|altera_pll:altera_pll_i|outclk_wire[3]" File: /home/vash/intelFPGA_lite/17.0_T/quartus/libraries/megafunctions/altera_pll.v Line: 749
Info (19018): Gated clocks are found and converted to use clock enables
    Info (19019): Convert gated clock comb~synth
Info (286030): Timing-Driven Synthesis is running
Info (276014): Found 28 instances of uninferred RAM logic
    Info (276006): RAM logic "emu:emu|mpeg2_h262_ddram_store:mpeg2_h262_ddram_store|blk" is uninferred due to "logic" being set as ramstyle synthesis attribute File: /home/vash/mister-builds/entry681/FPGA/rtl/mpeg2_new/mpeg2_h262_ddram_store_420p.sv Line: 53
    Info (276004): RAM logic "emu:emu|mpeg2_h262_inverse_quant:mpeg2_h262_inverse_quant|Ram0" is uninferred due to inappropriate RAM size File: /home/vash/mister-builds/entry681/FPGA/rtl/mpeg2_new/mpeg2_h262_inverse_quant.sv Line: 115
    Info (276004): RAM logic "emu:emu|mpeg2_h262_inverse_quant:mpeg2_h262_inverse_quant|Ram1" is uninferred due to inappropriate RAM size File: /home/vash/mister-builds/entry681/FPGA/rtl/mpeg2_new/mpeg2_h262_inverse_quant.sv Line: 152
    Info (276004): RAM logic "emu:emu|mpeg2_h262_inverse_quant:mpeg2_h262_inverse_quant|Ram2" is uninferred due to inappropriate RAM size File: /home/vash/mister-builds/entry681/FPGA/rtl/mpeg2_new/mpeg2_h262_inverse_quant.sv Line: 243
    Info (276004): RAM logic "emu:emu|mpeg2_h262_inverse_quant:mpeg2_h262_inverse_quant|mpeg2_h262_quant_matrices:matrices|Ram0" is uninferred due to inappropriate RAM size File: /home/vash/mister-builds/entry681/FPGA/rtl/mpeg2_new/mpeg2_h262_quant_matrices.sv Line: 46
    Info (276004): RAM logic "emu:emu|mpeg2_h262_inverse_quant:mpeg2_h262_inverse_quant|mpeg2_h262_quant_matrices:matrices|Ram1" is uninferred due to inappropriate RAM size File: /home/vash/mister-builds/entry681/FPGA/rtl/mpeg2_new/mpeg2_h262_quant_matrices.sv Line: 86
    Info (276004): RAM logic "emu:emu|mpeg2_h262_two_picture_probe:mpeg2_h262_two_picture_probe|mpeg2_h262_b_core_probe:b_controller|mpeg2_h262_p_non_intra_transform:b_transform|Ram0" is uninferred due to inappropriate RAM size File: /home/vash/mister-builds/entry681/FPGA/rtl/mpeg2_new/mpeg2_h262_p_non_intra_transform.sv Line: 154
    Info (276004): RAM logic "emu:emu|mpeg2_h262_two_picture_probe:mpeg2_h262_two_picture_probe|mpeg2_h262_b_core_probe:b_controller|mpeg2_h262_p_non_intra_transform:b_transform|Ram1" is uninferred due to inappropriate RAM size File: /home/vash/mister-builds/entry681/FPGA/rtl/mpeg2_new/mpeg2_h262_p_non_intra_transform.sv Line: 70
    Info (276004): RAM logic "emu:emu|mpeg2_h262_two_picture_probe:mpeg2_h262_two_picture_probe|mpeg2_h262_b_core_probe:b_controller|mpeg2_h262_p_non_intra_transform:b_transform|Ram2" is uninferred due to inappropriate RAM size File: /home/vash/mister-builds/entry681/FPGA/rtl/mpeg2_new/mpeg2_h262_p_non_intra_transform.sv Line: 107
    Info (276004): RAM logic "emu:emu|mpeg2_h262_two_picture_probe:mpeg2_h262_two_picture_probe|mpeg2_h262_b_core_probe:b_controller|mpeg2_h262_p_non_intra_transform:b_transform|Ram3" is uninferred due to inappropriate RAM size File: /home/vash/mister-builds/entry681/FPGA/rtl/mpeg2_new/mpeg2_h262_p_non_intra_transform.sv Line: 70
    Info (276004): RAM logic "emu:emu|mpeg2_h262_two_picture_probe:mpeg2_h262_two_picture_probe|mpeg2_h262_b_core_probe:b_controller|mpeg2_h262_p_non_intra_transform:b_transform|Ram4" is uninferred due to inappropriate RAM size File: /home/vash/mister-builds/entry681/FPGA/rtl/mpeg2_new/mpeg2_h262_p_non_intra_transform.sv Line: 107
    Info (276004): RAM logic "emu:emu|mpeg2_h262_two_picture_probe:mpeg2_h262_two_picture_probe|mpeg2_h262_b_core_probe:b_controller|mpeg2_h262_p_non_intra_transform:b_transform|Ram5" is uninferred due to inappropriate RAM size File: /home/vash/mister-builds/entry681/FPGA/rtl/mpeg2_new/mpeg2_h262_p_non_intra_transform.sv Line: 70
    Info (276004): RAM logic "emu:emu|mpeg2_h262_two_picture_probe:mpeg2_h262_two_picture_probe|mpeg2_h262_b_core_probe:b_controller|mpeg2_h262_p_non_intra_transform:b_transform|Ram6" is uninferred due to inappropriate RAM size File: /home/vash/mister-builds/entry681/FPGA/rtl/mpeg2_new/mpeg2_h262_p_non_intra_transform.sv Line: 107
    Info (276007): RAM logic "emu:emu|mpeg2_h262_two_picture_probe:mpeg2_h262_two_picture_probe|mpeg2_h262_b_core_probe:b_controller|mpeg2_h262_p_non_intra_transform:b_transform|mpeg2_h262_quant_matrices:matrices|intra_mem" is uninferred due to asynchronous read logic File: /home/vash/mister-builds/entry681/FPGA/rtl/mpeg2_new/mpeg2_h262_quant_matrices.sv Line: 16
    Info (276007): RAM logic "emu:emu|mpeg2_h262_two_picture_probe:mpeg2_h262_two_picture_probe|mpeg2_h262_b_core_probe:b_controller|mpeg2_h262_p_non_intra_transform:b_transform|mpeg2_h262_quant_matrices:matrices|non_intra_mem" is uninferred due to asynchronous read logic File: /home/vash/mister-builds/entry681/FPGA/rtl/mpeg2_new/mpeg2_h262_quant_matrices.sv Line: 17
    Info (276004): RAM logic "emu:emu|mpeg2_h262_two_picture_probe:mpeg2_h262_two_picture_probe|mpeg2_h262_b_core_probe:b_controller|mpeg2_h262_p_non_intra_transform:b_transform|mpeg2_h262_quant_matrices:matrices|Ram0" is uninferred due to inappropriate RAM size File: /home/vash/mister-builds/entry681/FPGA/rtl/mpeg2_new/mpeg2_h262_quant_matrices.sv Line: 46
    Info (276004): RAM logic "emu:emu|mpeg2_h262_two_picture_probe:mpeg2_h262_two_picture_probe|mpeg2_h262_b_core_probe:b_controller|mpeg2_h262_p_non_intra_transform:b_transform|mpeg2_h262_quant_matrices:matrices|Ram1" is uninferred due to inappropriate RAM size File: /home/vash/mister-builds/entry681/FPGA/rtl/mpeg2_new/mpeg2_h262_quant_matrices.sv Line: 86
    Info (276004): RAM logic "emu:emu|mpeg2_h262_two_picture_probe:mpeg2_h262_two_picture_probe|mpeg2_h262_p_diagnostic_controller:p_controller|mpeg2_h262_p_residual_probe:residual_probe|mpeg2_h262_p_non_intra_transform:transform|Ram0" is uninferred due to inappropriate RAM size File: /home/vash/mister-builds/entry681/FPGA/rtl/mpeg2_new/mpeg2_h262_p_non_intra_transform.sv Line: 154
    Info (276004): RAM logic "emu:emu|mpeg2_h262_two_picture_probe:mpeg2_h262_two_picture_probe|mpeg2_h262_p_diagnostic_controller:p_controller|mpeg2_h262_p_residual_probe:residual_probe|mpeg2_h262_p_non_intra_transform:transform|Ram1" is uninferred due to inappropriate RAM size File: /home/vash/mister-builds/entry681/FPGA/rtl/mpeg2_new/mpeg2_h262_p_non_intra_transform.sv Line: 70
    Info (276004): RAM logic "emu:emu|mpeg2_h262_two_picture_probe:mpeg2_h262_two_picture_probe|mpeg2_h262_p_diagnostic_controller:p_controller|mpeg2_h262_p_residual_probe:residual_probe|mpeg2_h262_p_non_intra_transform:transform|Ram2" is uninferred due to inappropriate RAM size File: /home/vash/mister-builds/entry681/FPGA/rtl/mpeg2_new/mpeg2_h262_p_non_intra_transform.sv Line: 107
    Info (276004): RAM logic "emu:emu|mpeg2_h262_two_picture_probe:mpeg2_h262_two_picture_probe|mpeg2_h262_p_diagnostic_controller:p_controller|mpeg2_h262_p_residual_probe:residual_probe|mpeg2_h262_p_non_intra_transform:transform|Ram3" is uninferred due to inappropriate RAM size File: /home/vash/mister-builds/entry681/FPGA/rtl/mpeg2_new/mpeg2_h262_p_non_intra_transform.sv Line: 70
    Info (276004): RAM logic "emu:emu|mpeg2_h262_two_picture_probe:mpeg2_h262_two_picture_probe|mpeg2_h262_p_diagnostic_controller:p_controller|mpeg2_h262_p_residual_probe:residual_probe|mpeg2_h262_p_non_intra_transform:transform|Ram4" is uninferred due to inappropriate RAM size File: /home/vash/mister-builds/entry681/FPGA/rtl/mpeg2_new/mpeg2_h262_p_non_intra_transform.sv Line: 107
    Info (276004): RAM logic "emu:emu|mpeg2_h262_two_picture_probe:mpeg2_h262_two_picture_probe|mpeg2_h262_p_diagnostic_controller:p_controller|mpeg2_h262_p_residual_probe:residual_probe|mpeg2_h262_p_non_intra_transform:transform|Ram5" is uninferred due to inappropriate RAM size File: /home/vash/mister-builds/entry681/FPGA/rtl/mpeg2_new/mpeg2_h262_p_non_intra_transform.sv Line: 70
    Info (276004): RAM logic "emu:emu|mpeg2_h262_two_picture_probe:mpeg2_h262_two_picture_probe|mpeg2_h262_p_diagnostic_controller:p_controller|mpeg2_h262_p_residual_probe:residual_probe|mpeg2_h262_p_non_intra_transform:transform|Ram6" is uninferred due to inappropriate RAM size File: /home/vash/mister-builds/entry681/FPGA/rtl/mpeg2_new/mpeg2_h262_p_non_intra_transform.sv Line: 107
    Info (276007): RAM logic "emu:emu|mpeg2_h262_two_picture_probe:mpeg2_h262_two_picture_probe|mpeg2_h262_p_diagnostic_controller:p_controller|mpeg2_h262_p_residual_probe:residual_probe|mpeg2_h262_p_non_intra_transform:transform|mpeg2_h262_quant_matrices:matrices|intra_mem" is uninferred due to asynchronous read logic File: /home/vash/mister-builds/entry681/FPGA/rtl/mpeg2_new/mpeg2_h262_quant_matrices.sv Line: 16
    Info (276007): RAM logic "emu:emu|mpeg2_h262_two_picture_probe:mpeg2_h262_two_picture_probe|mpeg2_h262_p_diagnostic_controller:p_controller|mpeg2_h262_p_residual_probe:residual_probe|mpeg2_h262_p_non_intra_transform:transform|mpeg2_h262_quant_matrices:matrices|non_intra_mem" is uninferred due to asynchronous read logic File: /home/vash/mister-builds/entry681/FPGA/rtl/mpeg2_new/mpeg2_h262_quant_matrices.sv Line: 17
    Info (276004): RAM logic "emu:emu|mpeg2_h262_two_picture_probe:mpeg2_h262_two_picture_probe|mpeg2_h262_p_diagnostic_controller:p_controller|mpeg2_h262_p_residual_probe:residual_probe|mpeg2_h262_p_non_intra_transform:transform|mpeg2_h262_quant_matrices:matrices|Ram0" is uninferred due to inappropriate RAM size File: /home/vash/mister-builds/entry681/FPGA/rtl/mpeg2_new/mpeg2_h262_quant_matrices.sv Line: 46
    Info (276004): RAM logic "emu:emu|mpeg2_h262_two_picture_probe:mpeg2_h262_two_picture_probe|mpeg2_h262_p_diagnostic_controller:p_controller|mpeg2_h262_p_residual_probe:residual_probe|mpeg2_h262_p_non_intra_transform:transform|mpeg2_h262_quant_matrices:matrices|Ram1" is uninferred due to inappropriate RAM size File: /home/vash/mister-builds/entry681/FPGA/rtl/mpeg2_new/mpeg2_h262_quant_matrices.sv Line: 86
Warning (13046): Tri-state node(s) do not directly drive top-level pin(s)
    Warning (13049): Converted tri-state buffer "emu:emu|SD_CS" feeding internal logic into a wire File: /home/vash/mister-builds/entry681/FPGA/sys/emu_ports.vh Line: 100
Info (19000): Inferred 25 megafunctions from design logic
    Info (276029): Inferred altsyncram megafunction from the following design logic: "emu:emu|mpeg2_h262_reference_read_probe:mpeg2_h262_reference_read_probe|shared_residual_store_rtl_0" 
        Info (286033): Parameter OPERATION_MODE set to DUAL_PORT
        Info (286033): Parameter WIDTH_A set to 16
        Info (286033): Parameter WIDTHAD_A set to 16
        Info (286033): Parameter NUMWORDS_A set to 65536
        Info (286033): Parameter WIDTH_B set to 16
        Info (286033): Parameter WIDTHAD_B set to 16
        Info (286033): Parameter NUMWORDS_B set to 65536
        Info (286033): Parameter ADDRESS_ACLR_A set to NONE
        Info (286033): Parameter OUTDATA_REG_B set to UNREGISTERED
        Info (286033): Parameter ADDRESS_ACLR_B set to NONE
        Info (286033): Parameter OUTDATA_ACLR_B set to NONE
        Info (286033): Parameter ADDRESS_REG_B set to CLOCK0
        Info (286033): Parameter INDATA_ACLR_A set to NONE
        Info (286033): Parameter WRCONTROL_ACLR_A set to NONE
        Info (286033): Parameter RAM_BLOCK_TYPE set to M10K
        Info (286033): Parameter READ_DURING_WRITE_MODE_MIXED_PORTS set to OLD_DATA
    Info (276029): Inferred altsyncram megafunction from the following design logic: "emu:emu|mpeg2_h262_reference_read_probe:mpeg2_h262_reference_read_probe|mpeg2_h262_b_bidirectional_raster_engine:b_probe|motion_mem_rtl_0" 
        Info (286033): Parameter OPERATION_MODE set to DUAL_PORT
        Info (286033): Parameter WIDTH_A set to 42
        Info (286033): Parameter WIDTHAD_A set to 11
        Info (286033): Parameter NUMWORDS_A set to 1350
        Info (286033): Parameter WIDTH_B set to 42
        Info (286033): Parameter WIDTHAD_B set to 11
        Info (286033): Parameter NUMWORDS_B set to 1350
        Info (286033): Parameter ADDRESS_ACLR_A set to NONE
        Info (286033): Parameter OUTDATA_REG_B set to UNREGISTERED
        Info (286033): Parameter ADDRESS_ACLR_B set to NONE
        Info (286033): Parameter OUTDATA_ACLR_B set to NONE
        Info (286033): Parameter ADDRESS_REG_B set to CLOCK0
        Info (286033): Parameter INDATA_ACLR_A set to NONE
        Info (286033): Parameter WRCONTROL_ACLR_A set to NONE
        Info (286033): Parameter RAM_BLOCK_TYPE set to M10K
        Info (286033): Parameter READ_DURING_WRITE_MODE_MIXED_PORTS set to OLD_DATA
    Info (276029): Inferred altsyncram megafunction from the following design logic: "emu:emu|mpeg2_h262_reference_read_probe:mpeg2_h262_reference_read_probe|mpeg2_h262_b_bidirectional_raster_engine:b_probe|desc_mem_rtl_0" 
        Info (286033): Parameter OPERATION_MODE set to DUAL_PORT
        Info (286033): Parameter WIDTH_A set to 14
        Info (286033): Parameter WIDTHAD_A set to 10
        Info (286033): Parameter NUMWORDS_A set to 1024
        Info (286033): Parameter WIDTH_B set to 14
        Info (286033): Parameter WIDTHAD_B set to 10
        Info (286033): Parameter NUMWORDS_B set to 1024
        Info (286033): Parameter ADDRESS_ACLR_A set to NONE
        Info (286033): Parameter OUTDATA_REG_B set to UNREGISTERED
        Info (286033): Parameter ADDRESS_ACLR_B set to NONE
        Info (286033): Parameter OUTDATA_ACLR_B set to NONE
        Info (286033): Parameter ADDRESS_REG_B set to CLOCK0
        Info (286033): Parameter INDATA_ACLR_A set to NONE
        Info (286033): Parameter WRCONTROL_ACLR_A set to NONE
        Info (286033): Parameter RAM_BLOCK_TYPE set to M10K
        Info (286033): Parameter READ_DURING_WRITE_MODE_MIXED_PORTS set to OLD_DATA
    Info (276029): Inferred altsyncram megafunction from the following design logic: "emu:emu|mpeg2_h262_reference_read_probe:mpeg2_h262_reference_read_probe|mpeg2_h262_p_motion_residual_raster_engine:mixed_probe|motion_mem_rtl_0" 
        Info (286033): Parameter OPERATION_MODE set to DUAL_PORT
        Info (286033): Parameter WIDTH_A set to 27
        Info (286033): Parameter WIDTHAD_A set to 11
        Info (286033): Parameter NUMWORDS_A set to 1350
        Info (286033): Parameter WIDTH_B set to 27
        Info (286033): Parameter WIDTHAD_B set to 11
        Info (286033): Parameter NUMWORDS_B set to 1350
        Info (286033): Parameter ADDRESS_ACLR_A set to NONE
        Info (286033): Parameter OUTDATA_REG_B set to UNREGISTERED
        Info (286033): Parameter ADDRESS_ACLR_B set to NONE
        Info (286033): Parameter OUTDATA_ACLR_B set to NONE
        Info (286033): Parameter ADDRESS_REG_B set to CLOCK0
        Info (286033): Parameter INDATA_ACLR_A set to NONE
        Info (286033): Parameter WRCONTROL_ACLR_A set to NONE
        Info (286033): Parameter RAM_BLOCK_TYPE set to M10K
        Info (286033): Parameter READ_DURING_WRITE_MODE_MIXED_PORTS set to OLD_DATA
    Info (276029): Inferred altsyncram megafunction from the following design logic: "emu:emu|mpeg2_h262_reference_read_probe:mpeg2_h262_reference_read_probe|mpeg2_h262_p_motion_residual_raster_engine:mixed_probe|desc_mem_rtl_0" 
        Info (286033): Parameter OPERATION_MODE set to DUAL_PORT
        Info (286033): Parameter WIDTH_A set to 15
        Info (286033): Parameter WIDTHAD_A set to 10
        Info (286033): Parameter NUMWORDS_A set to 1024
        Info (286033): Parameter WIDTH_B set to 15
        Info (286033): Parameter WIDTHAD_B set to 10
        Info (286033): Parameter NUMWORDS_B set to 1024
        Info (286033): Parameter ADDRESS_ACLR_A set to NONE
        Info (286033): Parameter OUTDATA_REG_B set to UNREGISTERED
        Info (286033): Parameter ADDRESS_ACLR_B set to NONE
        Info (286033): Parameter OUTDATA_ACLR_B set to NONE
        Info (286033): Parameter ADDRESS_REG_B set to CLOCK0
        Info (286033): Parameter INDATA_ACLR_A set to NONE
        Info (286033): Parameter WRCONTROL_ACLR_A set to NONE
        Info (286033): Parameter RAM_BLOCK_TYPE set to M10K
        Info (286033): Parameter READ_DURING_WRITE_MODE_MIXED_PORTS set to OLD_DATA
    Info (276029): Inferred altsyncram megafunction from the following design logic: "emu:emu|mpeg2_h262_inverse_quant:mpeg2_h262_inverse_quant|mpeg2_h262_quant_matrices:matrices|intra_mem_rtl_0" 
        Info (286033): Parameter OPERATION_MODE set to DUAL_PORT
        Info (286033): Parameter WIDTH_A set to 8
        Info (286033): Parameter WIDTHAD_A set to 6
        Info (286033): Parameter NUMWORDS_A set to 64
        Info (286033): Parameter WIDTH_B set to 8
        Info (286033): Parameter WIDTHAD_B set to 6
        Info (286033): Parameter NUMWORDS_B set to 64
        Info (286033): Parameter ADDRESS_ACLR_A set to NONE
        Info (286033): Parameter OUTDATA_REG_B set to UNREGISTERED
        Info (286033): Parameter ADDRESS_ACLR_B set to NONE
        Info (286033): Parameter OUTDATA_ACLR_B set to NONE
        Info (286033): Parameter ADDRESS_REG_B set to CLOCK0
        Info (286033): Parameter INDATA_ACLR_A set to NONE
        Info (286033): Parameter WRCONTROL_ACLR_A set to NONE
    Info (276029): Inferred altsyncram megafunction from the following design logic: "emu:emu|mpeg2_h262_two_picture_probe:mpeg2_h262_two_picture_probe|mpeg2_h262_b_core_probe:b_controller|residual_block_mem_rtl_0" 
        Info (286033): Parameter OPERATION_MODE set to DUAL_PORT
        Info (286033): Parameter WIDTH_A set to 36
        Info (286033): Parameter WIDTHAD_A set to 11
        Info (286033): Parameter NUMWORDS_A set to 2048
        Info (286033): Parameter WIDTH_B set to 36
        Info (286033): Parameter WIDTHAD_B set to 11
        Info (286033): Parameter NUMWORDS_B set to 2048
        Info (286033): Parameter ADDRESS_ACLR_A set to NONE
        Info (286033): Parameter OUTDATA_REG_B set to UNREGISTERED
        Info (286033): Parameter ADDRESS_ACLR_B set to NONE
        Info (286033): Parameter OUTDATA_ACLR_B set to NONE
        Info (286033): Parameter ADDRESS_REG_B set to CLOCK0
        Info (286033): Parameter INDATA_ACLR_A set to NONE
        Info (286033): Parameter WRCONTROL_ACLR_A set to NONE
        Info (286033): Parameter RAM_BLOCK_TYPE set to M10K
        Info (286033): Parameter READ_DURING_WRITE_MODE_MIXED_PORTS set to OLD_DATA
    Info (276029): Inferred altsyncram megafunction from the following design logic: "emu:emu|mpeg2_h262_two_picture_probe:mpeg2_h262_two_picture_probe|mpeg2_h262_b_core_probe:b_controller|residual_coeff_mem_rtl_0" 
        Info (286033): Parameter OPERATION_MODE set to DUAL_PORT
        Info (286033): Parameter WIDTH_A set to 19
        Info (286033): Parameter WIDTHAD_A set to 15
        Info (286033): Parameter NUMWORDS_A set to 32768
        Info (286033): Parameter WIDTH_B set to 19
        Info (286033): Parameter WIDTHAD_B set to 15
        Info (286033): Parameter NUMWORDS_B set to 32768
        Info (286033): Parameter ADDRESS_ACLR_A set to NONE
        Info (286033): Parameter OUTDATA_REG_B set to UNREGISTERED
        Info (286033): Parameter ADDRESS_ACLR_B set to NONE
        Info (286033): Parameter OUTDATA_ACLR_B set to NONE
        Info (286033): Parameter ADDRESS_REG_B set to CLOCK0
        Info (286033): Parameter INDATA_ACLR_A set to NONE
        Info (286033): Parameter WRCONTROL_ACLR_A set to NONE
        Info (286033): Parameter RAM_BLOCK_TYPE set to M10K
        Info (286033): Parameter READ_DURING_WRITE_MODE_MIXED_PORTS set to OLD_DATA
    Info (276029): Inferred altsyncram megafunction from the following design logic: "emu:emu|mpeg2_h262_two_picture_probe:mpeg2_h262_two_picture_probe|mpeg2_h262_b_core_probe:b_controller|row_bytes_rtl_0" 
        Info (286033): Parameter OPERATION_MODE set to DUAL_PORT
        Info (286033): Parameter WIDTH_A set to 8
        Info (286033): Parameter WIDTHAD_A set to 9
        Info (286033): Parameter NUMWORDS_A set to 512
        Info (286033): Parameter WIDTH_B set to 8
        Info (286033): Parameter WIDTHAD_B set to 9
        Info (286033): Parameter NUMWORDS_B set to 512
        Info (286033): Parameter ADDRESS_ACLR_A set to NONE
        Info (286033): Parameter OUTDATA_REG_B set to UNREGISTERED
        Info (286033): Parameter ADDRESS_ACLR_B set to NONE
        Info (286033): Parameter OUTDATA_ACLR_B set to NONE
        Info (286033): Parameter ADDRESS_REG_B set to CLOCK0
        Info (286033): Parameter INDATA_ACLR_A set to NONE
        Info (286033): Parameter WRCONTROL_ACLR_A set to NONE
        Info (286033): Parameter RAM_BLOCK_TYPE set to M10K
        Info (286033): Parameter READ_DURING_WRITE_MODE_MIXED_PORTS set to OLD_DATA
    Info (276029): Inferred altsyncram megafunction from the following design logic: "emu:emu|mpeg2_h262_two_picture_probe:mpeg2_h262_two_picture_probe|mpeg2_h262_p_diagnostic_controller:p_controller|mpeg2_h262_p_wide_motion_syntax_probe:wide_general_probe|residual_block_mem_rtl_0" 
        Info (286033): Parameter OPERATION_MODE set to DUAL_PORT
        Info (286033): Parameter WIDTH_A set to 20
        Info (286033): Parameter WIDTHAD_A set to 11
        Info (286033): Parameter NUMWORDS_A set to 2048
        Info (286033): Parameter WIDTH_B set to 20
        Info (286033): Parameter WIDTHAD_B set to 11
        Info (286033): Parameter NUMWORDS_B set to 2048
        Info (286033): Parameter ADDRESS_ACLR_A set to NONE
        Info (286033): Parameter OUTDATA_REG_B set to UNREGISTERED
        Info (286033): Parameter ADDRESS_ACLR_B set to NONE
        Info (286033): Parameter OUTDATA_ACLR_B set to NONE
        Info (286033): Parameter ADDRESS_REG_B set to CLOCK0
        Info (286033): Parameter INDATA_ACLR_A set to NONE
        Info (286033): Parameter WRCONTROL_ACLR_A set to NONE
        Info (286033): Parameter RAM_BLOCK_TYPE set to M10K
        Info (286033): Parameter READ_DURING_WRITE_MODE_MIXED_PORTS set to OLD_DATA
    Info (276029): Inferred altsyncram megafunction from the following design logic: "emu:emu|mpeg2_h262_two_picture_probe:mpeg2_h262_two_picture_probe|mpeg2_h262_p_diagnostic_controller:p_controller|mpeg2_h262_p_wide_motion_syntax_probe:wide_general_probe|residual_coeff_mem_rtl_0" 
        Info (286033): Parameter OPERATION_MODE set to DUAL_PORT
        Info (286033): Parameter WIDTH_A set to 19
        Info (286033): Parameter WIDTHAD_A set to 15
        Info (286033): Parameter NUMWORDS_A set to 32768
        Info (286033): Parameter WIDTH_B set to 19
        Info (286033): Parameter WIDTHAD_B set to 15
        Info (286033): Parameter NUMWORDS_B set to 32768
        Info (286033): Parameter ADDRESS_ACLR_A set to NONE
        Info (286033): Parameter OUTDATA_REG_B set to UNREGISTERED
        Info (286033): Parameter ADDRESS_ACLR_B set to NONE
        Info (286033): Parameter OUTDATA_ACLR_B set to NONE
        Info (286033): Parameter ADDRESS_REG_B set to CLOCK0
        Info (286033): Parameter INDATA_ACLR_A set to NONE
        Info (286033): Parameter WRCONTROL_ACLR_A set to NONE
        Info (286033): Parameter RAM_BLOCK_TYPE set to M10K
        Info (286033): Parameter READ_DURING_WRITE_MODE_MIXED_PORTS set to OLD_DATA
    Info (276029): Inferred altsyncram megafunction from the following design logic: "emu:emu|mpeg2_h262_two_picture_probe:mpeg2_h262_two_picture_probe|mpeg2_h262_p_diagnostic_controller:p_controller|mpeg2_h262_p_wide_motion_syntax_probe:wide_general_probe|residual_coeff_last_mem_rtl_0" 
        Info (286033): Parameter OPERATION_MODE set to DUAL_PORT
        Info (286033): Parameter WIDTH_A set to 1
        Info (286033): Parameter WIDTHAD_A set to 15
        Info (286033): Parameter NUMWORDS_A set to 32768
        Info (286033): Parameter WIDTH_B set to 1
        Info (286033): Parameter WIDTHAD_B set to 15
        Info (286033): Parameter NUMWORDS_B set to 32768
        Info (286033): Parameter ADDRESS_ACLR_A set to NONE
        Info (286033): Parameter OUTDATA_REG_B set to UNREGISTERED
        Info (286033): Parameter ADDRESS_ACLR_B set to NONE
        Info (286033): Parameter OUTDATA_ACLR_B set to NONE
        Info (286033): Parameter ADDRESS_REG_B set to CLOCK0
        Info (286033): Parameter INDATA_ACLR_A set to NONE
        Info (286033): Parameter WRCONTROL_ACLR_A set to NONE
        Info (286033): Parameter RAM_BLOCK_TYPE set to M10K
        Info (286033): Parameter READ_DURING_WRITE_MODE_MIXED_PORTS set to OLD_DATA
    Info (276029): Inferred altsyncram megafunction from the following design logic: "emu:emu|mpeg2_h262_two_picture_probe:mpeg2_h262_two_picture_probe|mpeg2_h262_p_diagnostic_controller:p_controller|mpeg2_h262_p_wide_motion_syntax_probe:wide_general_probe|row_bytes_rtl_0" 
        Info (286033): Parameter OPERATION_MODE set to DUAL_PORT
        Info (286033): Parameter WIDTH_A set to 8
        Info (286033): Parameter WIDTHAD_A set to 9
        Info (286033): Parameter NUMWORDS_A set to 512
        Info (286033): Parameter WIDTH_B set to 8
        Info (286033): Parameter WIDTHAD_B set to 9
        Info (286033): Parameter NUMWORDS_B set to 512
        Info (286033): Parameter ADDRESS_ACLR_A set to NONE
        Info (286033): Parameter OUTDATA_REG_B set to UNREGISTERED
        Info (286033): Parameter ADDRESS_ACLR_B set to NONE
        Info (286033): Parameter OUTDATA_ACLR_B set to NONE
        Info (286033): Parameter ADDRESS_REG_B set to CLOCK0
        Info (286033): Parameter INDATA_ACLR_A set to NONE
        Info (286033): Parameter WRCONTROL_ACLR_A set to NONE
        Info (286033): Parameter RAM_BLOCK_TYPE set to M10K
        Info (286033): Parameter READ_DURING_WRITE_MODE_MIXED_PORTS set to OLD_DATA
    Info (276029): Inferred altsyncram megafunction from the following design logic: "osd:vga_osd|osd_buffer_rtl_0" 
        Info (286033): Parameter OPERATION_MODE set to DUAL_PORT
        Info (286033): Parameter WIDTH_A set to 8
        Info (286033): Parameter WIDTHAD_A set to 12
        Info (286033): Parameter NUMWORDS_A set to 4096
        Info (286033): Parameter WIDTH_B set to 8
        Info (286033): Parameter WIDTHAD_B set to 12
        Info (286033): Parameter NUMWORDS_B set to 4096
        Info (286033): Parameter ADDRESS_ACLR_A set to NONE
        Info (286033): Parameter OUTDATA_REG_B set to UNREGISTERED
        Info (286033): Parameter ADDRESS_ACLR_B set to NONE
        Info (286033): Parameter OUTDATA_ACLR_B set to NONE
        Info (286033): Parameter ADDRESS_REG_B set to CLOCK1
        Info (286033): Parameter INDATA_ACLR_A set to NONE
        Info (286033): Parameter WRCONTROL_ACLR_A set to NONE
    Info (276029): Inferred altsyncram megafunction from the following design logic: "osd:hdmi_osd|osd_buffer_rtl_0" 
        Info (286033): Parameter OPERATION_MODE set to DUAL_PORT
        Info (286033): Parameter WIDTH_A set to 8
        Info (286033): Parameter WIDTHAD_A set to 12
        Info (286033): Parameter NUMWORDS_A set to 4096
        Info (286033): Parameter WIDTH_B set to 8
        Info (286033): Parameter WIDTHAD_B set to 12
        Info (286033): Parameter NUMWORDS_B set to 4096
        Info (286033): Parameter ADDRESS_ACLR_A set to NONE
        Info (286033): Parameter OUTDATA_REG_B set to UNREGISTERED
        Info (286033): Parameter ADDRESS_ACLR_B set to NONE
        Info (286033): Parameter OUTDATA_ACLR_B set to NONE
        Info (286033): Parameter ADDRESS_REG_B set to CLOCK1
        Info (286033): Parameter INDATA_ACLR_A set to NONE
        Info (286033): Parameter WRCONTROL_ACLR_A set to NONE
    Info (276029): Inferred altsyncram megafunction from the following design logic: "shadowmask:HDMI_shadowmask|mask_lut_rtl_0" 
        Info (286033): Parameter OPERATION_MODE set to DUAL_PORT
        Info (286033): Parameter WIDTH_A set to 11
        Info (286033): Parameter WIDTHAD_A set to 8
        Info (286033): Parameter NUMWORDS_A set to 256
        Info (286033): Parameter WIDTH_B set to 11
        Info (286033): Parameter WIDTHAD_B set to 8
        Info (286033): Parameter NUMWORDS_B set to 256
        Info (286033): Parameter ADDRESS_ACLR_A set to NONE
        Info (286033): Parameter OUTDATA_REG_B set to UNREGISTERED
        Info (286033): Parameter ADDRESS_ACLR_B set to NONE
        Info (286033): Parameter OUTDATA_ACLR_B set to NONE
        Info (286033): Parameter ADDRESS_REG_B set to CLOCK1
        Info (286033): Parameter INDATA_ACLR_A set to NONE
        Info (286033): Parameter WRCONTROL_ACLR_A set to NONE
    Info (276029): Inferred altsyncram megafunction from the following design logic: "ascal:ascal|i_dpram_rtl_0" 
        Info (286033): Parameter OPERATION_MODE set to DUAL_PORT
        Info (286033): Parameter WIDTH_A set to 128
        Info (286033): Parameter WIDTHAD_A set to 5
        Info (286033): Parameter NUMWORDS_A set to 32
        Info (286033): Parameter WIDTH_B set to 128
        Info (286033): Parameter WIDTHAD_B set to 5
        Info (286033): Parameter NUMWORDS_B set to 32
        Info (286033): Parameter ADDRESS_ACLR_A set to NONE
        Info (286033): Parameter OUTDATA_REG_B set to UNREGISTERED
        Info (286033): Parameter ADDRESS_ACLR_B set to NONE
        Info (286033): Parameter OUTDATA_ACLR_B set to NONE
        Info (286033): Parameter ADDRESS_REG_B set to CLOCK1
        Info (286033): Parameter INDATA_ACLR_A set to NONE
        Info (286033): Parameter WRCONTROL_ACLR_A set to NONE
    Info (276029): Inferred altsyncram megafunction from the following design logic: "ascal:ascal|pal1_mem_rtl_0" 
        Info (286033): Parameter OPERATION_MODE set to DUAL_PORT
        Info (286033): Parameter WIDTH_A set to 48
        Info (286033): Parameter WIDTHAD_A set to 7
        Info (286033): Parameter NUMWORDS_A set to 128
        Info (286033): Parameter WIDTH_B set to 48
        Info (286033): Parameter WIDTHAD_B set to 7
        Info (286033): Parameter NUMWORDS_B set to 128
        Info (286033): Parameter ADDRESS_ACLR_A set to NONE
        Info (286033): Parameter OUTDATA_REG_B set to UNREGISTERED
        Info (286033): Parameter ADDRESS_ACLR_B set to NONE
        Info (286033): Parameter OUTDATA_ACLR_B set to NONE
        Info (286033): Parameter ADDRESS_REG_B set to CLOCK1
        Info (286033): Parameter INDATA_ACLR_A set to NONE
        Info (286033): Parameter WRCONTROL_ACLR_A set to NONE
    Info (276029): Inferred altsyncram megafunction from the following design logic: "ascal:ascal|o_dpram_rtl_0" 
        Info (286033): Parameter OPERATION_MODE set to DUAL_PORT
        Info (286033): Parameter WIDTH_A set to 128
        Info (286033): Parameter WIDTHAD_A set to 5
        Info (286033): Parameter NUMWORDS_A set to 32
        Info (286033): Parameter WIDTH_B set to 128
        Info (286033): Parameter WIDTHAD_B set to 5
        Info (286033): Parameter NUMWORDS_B set to 32
        Info (286033): Parameter ADDRESS_ACLR_A set to NONE
        Info (286033): Parameter OUTDATA_REG_B set to CLOCK1
        Info (286033): Parameter ADDRESS_ACLR_B set to NONE
        Info (286033): Parameter OUTDATA_ACLR_B set to NONE
        Info (286033): Parameter ADDRESS_REG_B set to CLOCK1
        Info (286033): Parameter INDATA_ACLR_A set to NONE
        Info (286033): Parameter WRCONTROL_ACLR_A set to NONE
    Info (276029): Inferred altsyncram megafunction from the following design logic: "ascal:ascal|o_h_poly_mem_rtl_0" 
        Info (286033): Parameter OPERATION_MODE set to DUAL_PORT
        Info (286033): Parameter WIDTH_A set to 40
        Info (286033): Parameter WIDTHAD_A set to 8
        Info (286033): Parameter NUMWORDS_A set to 256
        Info (286033): Parameter WIDTH_B set to 40
        Info (286033): Parameter WIDTHAD_B set to 8
        Info (286033): Parameter NUMWORDS_B set to 256
        Info (286033): Parameter ADDRESS_ACLR_A set to NONE
        Info (286033): Parameter OUTDATA_REG_B set to UNREGISTERED
        Info (286033): Parameter ADDRESS_ACLR_B set to NONE
        Info (286033): Parameter OUTDATA_ACLR_B set to NONE
        Info (286033): Parameter ADDRESS_REG_B set to CLOCK1
        Info (286033): Parameter INDATA_ACLR_A set to NONE
        Info (286033): Parameter WRCONTROL_ACLR_A set to NONE
    Info (276029): Inferred altsyncram megafunction from the following design logic: "ascal:ascal|o_v_poly_mem_rtl_0" 
        Info (286033): Parameter OPERATION_MODE set to DUAL_PORT
        Info (286033): Parameter WIDTH_A set to 40
        Info (286033): Parameter WIDTHAD_A set to 8
        Info (286033): Parameter NUMWORDS_A set to 256
        Info (286033): Parameter WIDTH_B set to 40
        Info (286033): Parameter WIDTHAD_B set to 8
        Info (286033): Parameter NUMWORDS_B set to 256
        Info (286033): Parameter ADDRESS_ACLR_A set to NONE
        Info (286033): Parameter OUTDATA_REG_B set to UNREGISTERED
        Info (286033): Parameter ADDRESS_ACLR_B set to NONE
        Info (286033): Parameter OUTDATA_ACLR_B set to NONE
        Info (286033): Parameter ADDRESS_REG_B set to CLOCK1
        Info (286033): Parameter INDATA_ACLR_A set to NONE
        Info (286033): Parameter WRCONTROL_ACLR_A set to NONE
    Info (276029): Inferred altsyncram megafunction from the following design logic: "ascal:ascal|o_a_poly_mem_rtl_0" 
        Info (286033): Parameter OPERATION_MODE set to DUAL_PORT
        Info (286033): Parameter WIDTH_A set to 40
        Info (286033): Parameter WIDTHAD_A set to 8
        Info (286033): Parameter NUMWORDS_A set to 256
        Info (286033): Parameter WIDTH_B set to 40
        Info (286033): Parameter WIDTHAD_B set to 8
        Info (286033): Parameter NUMWORDS_B set to 256
        Info (286033): Parameter ADDRESS_ACLR_A set to NONE
        Info (286033): Parameter OUTDATA_REG_B set to UNREGISTERED
        Info (286033): Parameter ADDRESS_ACLR_B set to NONE
        Info (286033): Parameter OUTDATA_ACLR_B set to NONE
        Info (286033): Parameter ADDRESS_REG_B set to CLOCK1
        Info (286033): Parameter INDATA_ACLR_A set to NONE
        Info (286033): Parameter WRCONTROL_ACLR_A set to NONE
    Info (276034): Inferred altshift_taps megafunction from the following design logic: "shadowmask:HDMI_shadowmask|vid_rtl_0"
        Info (286033): Parameter NUMBER_OF_TAPS set to 1
        Info (286033): Parameter TAP_DISTANCE set to 4
        Info (286033): Parameter WIDTH set to 81
        Info (286033): Parameter POWER_UP_STATE set to DONT_CARE
    Info (276034): Inferred altshift_taps megafunction from the following design logic: "ascal:ascal|o_vpix_inner[2].r_rtl_0"
        Info (286033): Parameter NUMBER_OF_TAPS set to 1
        Info (286033): Parameter TAP_DISTANCE set to 4
        Info (286033): Parameter WIDTH set to 24
        Info (286033): Parameter POWER_UP_STATE set to DONT_CARE
    Info (276034): Inferred altshift_taps megafunction from the following design logic: "vga_out:vga_scaler_out|din1_rtl_0"
        Info (286033): Parameter NUMBER_OF_TAPS set to 1
        Info (286033): Parameter TAP_DISTANCE set to 3
        Info (286033): Parameter WIDTH set to 31
        Info (286033): Parameter POWER_UP_STATE set to DONT_CARE
Info (12130): Elaborated megafunction instantiation "emu:emu|mpeg2_h262_reference_read_probe:mpeg2_h262_reference_read_probe|altsyncram:shared_residual_store_rtl_0"
Info (12133): Instantiated megafunction "emu:emu|mpeg2_h262_reference_read_probe:mpeg2_h262_reference_read_probe|altsyncram:shared_residual_store_rtl_0" with the following parameter:
    Info (12134): Parameter "OPERATION_MODE" = "DUAL_PORT"
    Info (12134): Parameter "WIDTH_A" = "16"
    Info (12134): Parameter "WIDTHAD_A" = "16"
    Info (12134): Parameter "NUMWORDS_A" = "65536"
    Info (12134): Parameter "WIDTH_B" = "16"
    Info (12134): Parameter "WIDTHAD_B" = "16"
    Info (12134): Parameter "NUMWORDS_B" = "65536"
    Info (12134): Parameter "ADDRESS_ACLR_A" = "NONE"
    Info (12134): Parameter "OUTDATA_REG_B" = "UNREGISTERED"
    Info (12134): Parameter "ADDRESS_ACLR_B" = "NONE"
    Info (12134): Parameter "OUTDATA_ACLR_B" = "NONE"
    Info (12134): Parameter "ADDRESS_REG_B" = "CLOCK0"
    Info (12134): Parameter "INDATA_ACLR_A" = "NONE"
    Info (12134): Parameter "WRCONTROL_ACLR_A" = "NONE"
    Info (12134): Parameter "RAM_BLOCK_TYPE" = "M10K"
    Info (12134): Parameter "READ_DURING_WRITE_MODE_MIXED_PORTS" = "OLD_DATA"
Info (12021): Found 1 design units, including 1 entities, in source file db/altsyncram_jdp1.tdf
    Info (12023): Found entity 1: altsyncram_jdp1 File: /home/vash/mister-builds/entry681/FPGA/db/altsyncram_jdp1.tdf Line: 32
Info (12021): Found 1 design units, including 1 entities, in source file db/decode_dla.tdf
    Info (12023): Found entity 1: decode_dla File: /home/vash/mister-builds/entry681/FPGA/db/decode_dla.tdf Line: 23
Info (12021): Found 1 design units, including 1 entities, in source file db/mux_chb.tdf
    Info (12023): Found entity 1: mux_chb File: /home/vash/mister-builds/entry681/FPGA/db/mux_chb.tdf Line: 23
Info (12130): Elaborated megafunction instantiation "emu:emu|mpeg2_h262_reference_read_probe:mpeg2_h262_reference_read_probe|mpeg2_h262_b_bidirectional_raster_engine:b_probe|altsyncram:desc_mem_rtl_0"
Info (12133): Instantiated megafunction "emu:emu|mpeg2_h262_reference_read_probe:mpeg2_h262_reference_read_probe|mpeg2_h262_b_bidirectional_raster_engine:b_probe|altsyncram:desc_mem_rtl_0" with the following parameter:
    Info (12134): Parameter "OPERATION_MODE" = "DUAL_PORT"
    Info (12134): Parameter "WIDTH_A" = "14"
    Info (12134): Parameter "WIDTHAD_A" = "10"
    Info (12134): Parameter "NUMWORDS_A" = "1024"
    Info (12134): Parameter "WIDTH_B" = "14"
    Info (12134): Parameter "WIDTHAD_B" = "10"
    Info (12134): Parameter "NUMWORDS_B" = "1024"
    Info (12134): Parameter "ADDRESS_ACLR_A" = "NONE"
    Info (12134): Parameter "OUTDATA_REG_B" = "UNREGISTERED"
    Info (12134): Parameter "ADDRESS_ACLR_B" = "NONE"
    Info (12134): Parameter "OUTDATA_ACLR_B" = "NONE"
    Info (12134): Parameter "ADDRESS_REG_B" = "CLOCK0"
    Info (12134): Parameter "INDATA_ACLR_A" = "NONE"
    Info (12134): Parameter "WRCONTROL_ACLR_A" = "NONE"
    Info (12134): Parameter "RAM_BLOCK_TYPE" = "M10K"
    Info (12134): Parameter "READ_DURING_WRITE_MODE_MIXED_PORTS" = "OLD_DATA"
Info (12021): Found 1 design units, including 1 entities, in source file db/altsyncram_v8p1.tdf
    Info (12023): Found entity 1: altsyncram_v8p1 File: /home/vash/mister-builds/entry681/FPGA/db/altsyncram_v8p1.tdf Line: 28
Info (12130): Elaborated megafunction instantiation "emu:emu|mpeg2_h262_reference_read_probe:mpeg2_h262_reference_read_probe|mpeg2_h262_p_motion_residual_raster_engine:mixed_probe|altsyncram:desc_mem_rtl_0"
Info (12133): Instantiated megafunction "emu:emu|mpeg2_h262_reference_read_probe:mpeg2_h262_reference_read_probe|mpeg2_h262_p_motion_residual_raster_engine:mixed_probe|altsyncram:desc_mem_rtl_0" with the following parameter:
    Info (12134): Parameter "OPERATION_MODE" = "DUAL_PORT"
    Info (12134): Parameter "WIDTH_A" = "15"
    Info (12134): Parameter "WIDTHAD_A" = "10"
    Info (12134): Parameter "NUMWORDS_A" = "1024"
    Info (12134): Parameter "WIDTH_B" = "15"
    Info (12134): Parameter "WIDTHAD_B" = "10"
    Info (12134): Parameter "NUMWORDS_B" = "1024"
    Info (12134): Parameter "ADDRESS_ACLR_A" = "NONE"
    Info (12134): Parameter "OUTDATA_REG_B" = "UNREGISTERED"
    Info (12134): Parameter "ADDRESS_ACLR_B" = "NONE"
    Info (12134): Parameter "OUTDATA_ACLR_B" = "NONE"
    Info (12134): Parameter "ADDRESS_REG_B" = "CLOCK0"
    Info (12134): Parameter "INDATA_ACLR_A" = "NONE"
    Info (12134): Parameter "WRCONTROL_ACLR_A" = "NONE"
    Info (12134): Parameter "RAM_BLOCK_TYPE" = "M10K"
    Info (12134): Parameter "READ_DURING_WRITE_MODE_MIXED_PORTS" = "OLD_DATA"
Info (12021): Found 1 design units, including 1 entities, in source file db/altsyncram_19p1.tdf
    Info (12023): Found entity 1: altsyncram_19p1 File: /home/vash/mister-builds/entry681/FPGA/db/altsyncram_19p1.tdf Line: 28
Info (12130): Elaborated megafunction instantiation "osd:vga_osd|altsyncram:osd_buffer_rtl_0"
Info (12133): Instantiated megafunction "osd:vga_osd|altsyncram:osd_buffer_rtl_0" with the following parameter:
    Info (12134): Parameter "OPERATION_MODE" = "DUAL_PORT"
    Info (12134): Parameter "WIDTH_A" = "8"
    Info (12134): Parameter "WIDTHAD_A" = "12"
    Info (12134): Parameter "NUMWORDS_A" = "4096"
    Info (12134): Parameter "WIDTH_B" = "8"
    Info (12134): Parameter "WIDTHAD_B" = "12"
    Info (12134): Parameter "NUMWORDS_B" = "4096"
    Info (12134): Parameter "ADDRESS_ACLR_A" = "NONE"
    Info (12134): Parameter "OUTDATA_REG_B" = "UNREGISTERED"
    Info (12134): Parameter "ADDRESS_ACLR_B" = "NONE"
    Info (12134): Parameter "OUTDATA_ACLR_B" = "NONE"
    Info (12134): Parameter "ADDRESS_REG_B" = "CLOCK1"
    Info (12134): Parameter "INDATA_ACLR_A" = "NONE"
    Info (12134): Parameter "WRCONTROL_ACLR_A" = "NONE"
Info (12021): Found 1 design units, including 1 entities, in source file db/altsyncram_i6k1.tdf
    Info (12023): Found entity 1: altsyncram_i6k1 File: /home/vash/mister-builds/entry681/FPGA/db/altsyncram_i6k1.tdf Line: 28
Info (12130): Elaborated megafunction instantiation "shadowmask:HDMI_shadowmask|altsyncram:mask_lut_rtl_0"
Info (12133): Instantiated megafunction "shadowmask:HDMI_shadowmask|altsyncram:mask_lut_rtl_0" with the following parameter:
    Info (12134): Parameter "OPERATION_MODE" = "DUAL_PORT"
    Info (12134): Parameter "WIDTH_A" = "11"
    Info (12134): Parameter "WIDTHAD_A" = "8"
    Info (12134): Parameter "NUMWORDS_A" = "256"
    Info (12134): Parameter "WIDTH_B" = "11"
    Info (12134): Parameter "WIDTHAD_B" = "8"
    Info (12134): Parameter "NUMWORDS_B" = "256"
    Info (12134): Parameter "ADDRESS_ACLR_A" = "NONE"
    Info (12134): Parameter "OUTDATA_REG_B" = "UNREGISTERED"
    Info (12134): Parameter "ADDRESS_ACLR_B" = "NONE"
    Info (12134): Parameter "OUTDATA_ACLR_B" = "NONE"
    Info (12134): Parameter "ADDRESS_REG_B" = "CLOCK1"
    Info (12134): Parameter "INDATA_ACLR_A" = "NONE"
    Info (12134): Parameter "WRCONTROL_ACLR_A" = "NONE"
Info (12021): Found 1 design units, including 1 entities, in source file db/altsyncram_k9j1.tdf
    Info (12023): Found entity 1: altsyncram_k9j1 File: /home/vash/mister-builds/entry681/FPGA/db/altsyncram_k9j1.tdf Line: 28
Info (12130): Elaborated megafunction instantiation "ascal:ascal|altsyncram:pal1_mem_rtl_0"
Info (12133): Instantiated megafunction "ascal:ascal|altsyncram:pal1_mem_rtl_0" with the following parameter:
    Info (12134): Parameter "OPERATION_MODE" = "DUAL_PORT"
    Info (12134): Parameter "WIDTH_A" = "48"
    Info (12134): Parameter "WIDTHAD_A" = "7"
    Info (12134): Parameter "NUMWORDS_A" = "128"
    Info (12134): Parameter "WIDTH_B" = "48"
    Info (12134): Parameter "WIDTHAD_B" = "7"
    Info (12134): Parameter "NUMWORDS_B" = "128"
    Info (12134): Parameter "ADDRESS_ACLR_A" = "NONE"
    Info (12134): Parameter "OUTDATA_REG_B" = "UNREGISTERED"
    Info (12134): Parameter "ADDRESS_ACLR_B" = "NONE"
    Info (12134): Parameter "OUTDATA_ACLR_B" = "NONE"
    Info (12134): Parameter "ADDRESS_REG_B" = "CLOCK1"
    Info (12134): Parameter "INDATA_ACLR_A" = "NONE"
    Info (12134): Parameter "WRCONTROL_ACLR_A" = "NONE"
Info (12021): Found 1 design units, including 1 entities, in source file db/altsyncram_2aj1.tdf
    Info (12023): Found entity 1: altsyncram_2aj1 File: /home/vash/mister-builds/entry681/FPGA/db/altsyncram_2aj1.tdf Line: 28
Info (12130): Elaborated megafunction instantiation "ascal:ascal|altsyncram:o_dpram_rtl_0"
Info (12133): Instantiated megafunction "ascal:ascal|altsyncram:o_dpram_rtl_0" with the following parameter:
    Info (12134): Parameter "OPERATION_MODE" = "DUAL_PORT"
    Info (12134): Parameter "WIDTH_A" = "128"
    Info (12134): Parameter "WIDTHAD_A" = "5"
    Info (12134): Parameter "NUMWORDS_A" = "32"
    Info (12134): Parameter "WIDTH_B" = "128"
    Info (12134): Parameter "WIDTHAD_B" = "5"
    Info (12134): Parameter "NUMWORDS_B" = "32"
    Info (12134): Parameter "ADDRESS_ACLR_A" = "NONE"
    Info (12134): Parameter "OUTDATA_REG_B" = "CLOCK1"
    Info (12134): Parameter "ADDRESS_ACLR_B" = "NONE"
    Info (12134): Parameter "OUTDATA_ACLR_B" = "NONE"
    Info (12134): Parameter "ADDRESS_REG_B" = "CLOCK1"
    Info (12134): Parameter "INDATA_ACLR_A" = "NONE"
    Info (12134): Parameter "WRCONTROL_ACLR_A" = "NONE"
Info (12021): Found 1 design units, including 1 entities, in source file db/altsyncram_32k1.tdf
    Info (12023): Found entity 1: altsyncram_32k1 File: /home/vash/mister-builds/entry681/FPGA/db/altsyncram_32k1.tdf Line: 28
Info (12130): Elaborated megafunction instantiation "ascal:ascal|altsyncram:o_h_poly_mem_rtl_0"
Info (12133): Instantiated megafunction "ascal:ascal|altsyncram:o_h_poly_mem_rtl_0" with the following parameter:
    Info (12134): Parameter "OPERATION_MODE" = "DUAL_PORT"
    Info (12134): Parameter "WIDTH_A" = "40"
    Info (12134): Parameter "WIDTHAD_A" = "8"
    Info (12134): Parameter "NUMWORDS_A" = "256"
    Info (12134): Parameter "WIDTH_B" = "40"
    Info (12134): Parameter "WIDTHAD_B" = "8"
    Info (12134): Parameter "NUMWORDS_B" = "256"
    Info (12134): Parameter "ADDRESS_ACLR_A" = "NONE"
    Info (12134): Parameter "OUTDATA_REG_B" = "UNREGISTERED"
    Info (12134): Parameter "ADDRESS_ACLR_B" = "NONE"
    Info (12134): Parameter "OUTDATA_ACLR_B" = "NONE"
    Info (12134): Parameter "ADDRESS_REG_B" = "CLOCK1"
    Info (12134): Parameter "INDATA_ACLR_A" = "NONE"
    Info (12134): Parameter "WRCONTROL_ACLR_A" = "NONE"
Info (12021): Found 1 design units, including 1 entities, in source file db/altsyncram_o9j1.tdf
    Info (12023): Found entity 1: altsyncram_o9j1 File: /home/vash/mister-builds/entry681/FPGA/db/altsyncram_o9j1.tdf Line: 28
Info (12130): Elaborated megafunction instantiation "shadowmask:HDMI_shadowmask|altshift_taps:vid_rtl_0"
Info (12133): Instantiated megafunction "shadowmask:HDMI_shadowmask|altshift_taps:vid_rtl_0" with the following parameter:
    Info (12134): Parameter "NUMBER_OF_TAPS" = "1"
    Info (12134): Parameter "TAP_DISTANCE" = "4"
    Info (12134): Parameter "WIDTH" = "81"
    Info (12134): Parameter "POWER_UP_STATE" = "DONT_CARE"
Info (12021): Found 1 design units, including 1 entities, in source file db/shift_taps_0vu.tdf
    Info (12023): Found entity 1: shift_taps_0vu File: /home/vash/mister-builds/entry681/FPGA/db/shift_taps_0vu.tdf Line: 27
Info (12021): Found 1 design units, including 1 entities, in source file db/altsyncram_pr91.tdf
    Info (12023): Found entity 1: altsyncram_pr91 File: /home/vash/mister-builds/entry681/FPGA/db/altsyncram_pr91.tdf Line: 28
Info (12021): Found 1 design units, including 1 entities, in source file db/cntr_phf.tdf
    Info (12023): Found entity 1: cntr_phf File: /home/vash/mister-builds/entry681/FPGA/db/cntr_phf.tdf Line: 26
Info (12130): Elaborated megafunction instantiation "ascal:ascal|altshift_taps:o_vpix_inner[2].r_rtl_0"
Info (12133): Instantiated megafunction "ascal:ascal|altshift_taps:o_vpix_inner[2].r_rtl_0" with the following parameter:
    Info (12134): Parameter "NUMBER_OF_TAPS" = "1"
    Info (12134): Parameter "TAP_DISTANCE" = "4"
    Info (12134): Parameter "WIDTH" = "24"
    Info (12134): Parameter "POWER_UP_STATE" = "DONT_CARE"
Info (12021): Found 1 design units, including 1 entities, in source file db/shift_taps_agv.tdf
    Info (12023): Found entity 1: shift_taps_agv File: /home/vash/mister-builds/entry681/FPGA/db/shift_taps_agv.tdf Line: 27
Info (12021): Found 1 design units, including 1 entities, in source file db/altsyncram_jr91.tdf
    Info (12023): Found entity 1: altsyncram_jr91 File: /home/vash/mister-builds/entry681/FPGA/db/altsyncram_jr91.tdf Line: 28
Info (12130): Elaborated megafunction instantiation "vga_out:vga_scaler_out|altshift_taps:din1_rtl_0"
Info (12133): Instantiated megafunction "vga_out:vga_scaler_out|altshift_taps:din1_rtl_0" with the following parameter:
    Info (12134): Parameter "NUMBER_OF_TAPS" = "1"
    Info (12134): Parameter "TAP_DISTANCE" = "3"
    Info (12134): Parameter "WIDTH" = "31"
    Info (12134): Parameter "POWER_UP_STATE" = "DONT_CARE"
Info (12021): Found 1 design units, including 1 entities, in source file db/shift_taps_quu.tdf
    Info (12023): Found entity 1: shift_taps_quu File: /home/vash/mister-builds/entry681/FPGA/db/shift_taps_quu.tdf Line: 27
Info (12021): Found 1 design units, including 1 entities, in source file db/altsyncram_dr91.tdf
    Info (12023): Found entity 1: altsyncram_dr91 File: /home/vash/mister-builds/entry681/FPGA/db/altsyncram_dr91.tdf Line: 28
Info (12021): Found 1 design units, including 1 entities, in source file db/cntr_ohf.tdf
    Info (12023): Found entity 1: cntr_ohf File: /home/vash/mister-builds/entry681/FPGA/db/cntr_ohf.tdf Line: 28
Info (12021): Found 1 design units, including 1 entities, in source file db/cmpr_a9c.tdf
    Info (12023): Found entity 1: cmpr_a9c File: /home/vash/mister-builds/entry681/FPGA/db/cmpr_a9c.tdf Line: 23
Info (12130): Elaborated megafunction instantiation "ascal:ascal|altsyncram:i_dpram_rtl_0"
Info (12133): Instantiated megafunction "ascal:ascal|altsyncram:i_dpram_rtl_0" with the following parameter:
    Info (12134): Parameter "OPERATION_MODE" = "DUAL_PORT"
    Info (12134): Parameter "WIDTH_A" = "128"
    Info (12134): Parameter "WIDTHAD_A" = "5"
    Info (12134): Parameter "NUMWORDS_A" = "32"
    Info (12134): Parameter "WIDTH_B" = "128"
    Info (12134): Parameter "WIDTHAD_B" = "5"
    Info (12134): Parameter "NUMWORDS_B" = "32"
    Info (12134): Parameter "ADDRESS_ACLR_A" = "NONE"
    Info (12134): Parameter "OUTDATA_REG_B" = "UNREGISTERED"
    Info (12134): Parameter "ADDRESS_ACLR_B" = "NONE"
    Info (12134): Parameter "OUTDATA_ACLR_B" = "NONE"
    Info (12134): Parameter "ADDRESS_REG_B" = "CLOCK1"
    Info (12134): Parameter "INDATA_ACLR_A" = "NONE"
    Info (12134): Parameter "WRCONTROL_ACLR_A" = "NONE"
Info (12021): Found 1 design units, including 1 entities, in source file db/altsyncram_g9j1.tdf
    Info (12023): Found entity 1: altsyncram_g9j1 File: /home/vash/mister-builds/entry681/FPGA/db/altsyncram_g9j1.tdf Line: 28
Info (12130): Elaborated megafunction instantiation "emu:emu|mpeg2_h262_reference_read_probe:mpeg2_h262_reference_read_probe|mpeg2_h262_b_bidirectional_raster_engine:b_probe|altsyncram:motion_mem_rtl_0"
Info (12133): Instantiated megafunction "emu:emu|mpeg2_h262_reference_read_probe:mpeg2_h262_reference_read_probe|mpeg2_h262_b_bidirectional_raster_engine:b_probe|altsyncram:motion_mem_rtl_0" with the following parameter:
    Info (12134): Parameter "OPERATION_MODE" = "DUAL_PORT"
    Info (12134): Parameter "WIDTH_A" = "42"
    Info (12134): Parameter "WIDTHAD_A" = "11"
    Info (12134): Parameter "NUMWORDS_A" = "1350"
    Info (12134): Parameter "WIDTH_B" = "42"
    Info (12134): Parameter "WIDTHAD_B" = "11"
    Info (12134): Parameter "NUMWORDS_B" = "1350"
    Info (12134): Parameter "ADDRESS_ACLR_A" = "NONE"
    Info (12134): Parameter "OUTDATA_REG_B" = "UNREGISTERED"
    Info (12134): Parameter "ADDRESS_ACLR_B" = "NONE"
    Info (12134): Parameter "OUTDATA_ACLR_B" = "NONE"
    Info (12134): Parameter "ADDRESS_REG_B" = "CLOCK0"
    Info (12134): Parameter "INDATA_ACLR_A" = "NONE"
    Info (12134): Parameter "WRCONTROL_ACLR_A" = "NONE"
    Info (12134): Parameter "RAM_BLOCK_TYPE" = "M10K"
    Info (12134): Parameter "READ_DURING_WRITE_MODE_MIXED_PORTS" = "OLD_DATA"
Info (12021): Found 1 design units, including 1 entities, in source file db/altsyncram_79p1.tdf
    Info (12023): Found entity 1: altsyncram_79p1 File: /home/vash/mister-builds/entry681/FPGA/db/altsyncram_79p1.tdf Line: 28
Info (12130): Elaborated megafunction instantiation "emu:emu|mpeg2_h262_reference_read_probe:mpeg2_h262_reference_read_probe|mpeg2_h262_p_motion_residual_raster_engine:mixed_probe|altsyncram:motion_mem_rtl_0"
Info (12133): Instantiated megafunction "emu:emu|mpeg2_h262_reference_read_probe:mpeg2_h262_reference_read_probe|mpeg2_h262_p_motion_residual_raster_engine:mixed_probe|altsyncram:motion_mem_rtl_0" with the following parameter:
    Info (12134): Parameter "OPERATION_MODE" = "DUAL_PORT"
    Info (12134): Parameter "WIDTH_A" = "27"
    Info (12134): Parameter "WIDTHAD_A" = "11"
    Info (12134): Parameter "NUMWORDS_A" = "1350"
    Info (12134): Parameter "WIDTH_B" = "27"
    Info (12134): Parameter "WIDTHAD_B" = "11"
    Info (12134): Parameter "NUMWORDS_B" = "1350"
    Info (12134): Parameter "ADDRESS_ACLR_A" = "NONE"
    Info (12134): Parameter "OUTDATA_REG_B" = "UNREGISTERED"
    Info (12134): Parameter "ADDRESS_ACLR_B" = "NONE"
    Info (12134): Parameter "OUTDATA_ACLR_B" = "NONE"
    Info (12134): Parameter "ADDRESS_REG_B" = "CLOCK0"
    Info (12134): Parameter "INDATA_ACLR_A" = "NONE"
    Info (12134): Parameter "WRCONTROL_ACLR_A" = "NONE"
    Info (12134): Parameter "RAM_BLOCK_TYPE" = "M10K"
    Info (12134): Parameter "READ_DURING_WRITE_MODE_MIXED_PORTS" = "OLD_DATA"
Info (12021): Found 1 design units, including 1 entities, in source file db/altsyncram_d9p1.tdf
    Info (12023): Found entity 1: altsyncram_d9p1 File: /home/vash/mister-builds/entry681/FPGA/db/altsyncram_d9p1.tdf Line: 28
Info (12130): Elaborated megafunction instantiation "emu:emu|mpeg2_h262_inverse_quant:mpeg2_h262_inverse_quant|mpeg2_h262_quant_matrices:matrices|altsyncram:intra_mem_rtl_0"
Info (12133): Instantiated megafunction "emu:emu|mpeg2_h262_inverse_quant:mpeg2_h262_inverse_quant|mpeg2_h262_quant_matrices:matrices|altsyncram:intra_mem_rtl_0" with the following parameter:
    Info (12134): Parameter "OPERATION_MODE" = "DUAL_PORT"
    Info (12134): Parameter "WIDTH_A" = "8"
    Info (12134): Parameter "WIDTHAD_A" = "6"
    Info (12134): Parameter "NUMWORDS_A" = "64"
    Info (12134): Parameter "WIDTH_B" = "8"
    Info (12134): Parameter "WIDTHAD_B" = "6"
    Info (12134): Parameter "NUMWORDS_B" = "64"
    Info (12134): Parameter "ADDRESS_ACLR_A" = "NONE"
    Info (12134): Parameter "OUTDATA_REG_B" = "UNREGISTERED"
    Info (12134): Parameter "ADDRESS_ACLR_B" = "NONE"
    Info (12134): Parameter "OUTDATA_ACLR_B" = "NONE"
    Info (12134): Parameter "ADDRESS_REG_B" = "CLOCK0"
    Info (12134): Parameter "INDATA_ACLR_A" = "NONE"
    Info (12134): Parameter "WRCONTROL_ACLR_A" = "NONE"
Info (12021): Found 1 design units, including 1 entities, in source file db/altsyncram_ogi1.tdf
    Info (12023): Found entity 1: altsyncram_ogi1 File: /home/vash/mister-builds/entry681/FPGA/db/altsyncram_ogi1.tdf Line: 28
Info (12130): Elaborated megafunction instantiation "emu:emu|mpeg2_h262_two_picture_probe:mpeg2_h262_two_picture_probe|mpeg2_h262_b_core_probe:b_controller|altsyncram:residual_block_mem_rtl_0"
Info (12133): Instantiated megafunction "emu:emu|mpeg2_h262_two_picture_probe:mpeg2_h262_two_picture_probe|mpeg2_h262_b_core_probe:b_controller|altsyncram:residual_block_mem_rtl_0" with the following parameter:
    Info (12134): Parameter "OPERATION_MODE" = "DUAL_PORT"
    Info (12134): Parameter "WIDTH_A" = "36"
    Info (12134): Parameter "WIDTHAD_A" = "11"
    Info (12134): Parameter "NUMWORDS_A" = "2048"
    Info (12134): Parameter "WIDTH_B" = "36"
    Info (12134): Parameter "WIDTHAD_B" = "11"
    Info (12134): Parameter "NUMWORDS_B" = "2048"
    Info (12134): Parameter "ADDRESS_ACLR_A" = "NONE"
    Info (12134): Parameter "OUTDATA_REG_B" = "UNREGISTERED"
    Info (12134): Parameter "ADDRESS_ACLR_B" = "NONE"
    Info (12134): Parameter "OUTDATA_ACLR_B" = "NONE"
    Info (12134): Parameter "ADDRESS_REG_B" = "CLOCK0"
    Info (12134): Parameter "INDATA_ACLR_A" = "NONE"
    Info (12134): Parameter "WRCONTROL_ACLR_A" = "NONE"
    Info (12134): Parameter "RAM_BLOCK_TYPE" = "M10K"
    Info (12134): Parameter "READ_DURING_WRITE_MODE_MIXED_PORTS" = "OLD_DATA"
Info (12021): Found 1 design units, including 1 entities, in source file db/altsyncram_n9p1.tdf
    Info (12023): Found entity 1: altsyncram_n9p1 File: /home/vash/mister-builds/entry681/FPGA/db/altsyncram_n9p1.tdf Line: 28
Info (12130): Elaborated megafunction instantiation "emu:emu|mpeg2_h262_two_picture_probe:mpeg2_h262_two_picture_probe|mpeg2_h262_b_core_probe:b_controller|altsyncram:residual_coeff_mem_rtl_0"
Info (12133): Instantiated megafunction "emu:emu|mpeg2_h262_two_picture_probe:mpeg2_h262_two_picture_probe|mpeg2_h262_b_core_probe:b_controller|altsyncram:residual_coeff_mem_rtl_0" with the following parameter:
    Info (12134): Parameter "OPERATION_MODE" = "DUAL_PORT"
    Info (12134): Parameter "WIDTH_A" = "19"
    Info (12134): Parameter "WIDTHAD_A" = "15"
    Info (12134): Parameter "NUMWORDS_A" = "32768"
    Info (12134): Parameter "WIDTH_B" = "19"
    Info (12134): Parameter "WIDTHAD_B" = "15"
    Info (12134): Parameter "NUMWORDS_B" = "32768"
    Info (12134): Parameter "ADDRESS_ACLR_A" = "NONE"
    Info (12134): Parameter "OUTDATA_REG_B" = "UNREGISTERED"
    Info (12134): Parameter "ADDRESS_ACLR_B" = "NONE"
    Info (12134): Parameter "OUTDATA_ACLR_B" = "NONE"
    Info (12134): Parameter "ADDRESS_REG_B" = "CLOCK0"
    Info (12134): Parameter "INDATA_ACLR_A" = "NONE"
    Info (12134): Parameter "WRCONTROL_ACLR_A" = "NONE"
    Info (12134): Parameter "RAM_BLOCK_TYPE" = "M10K"
    Info (12134): Parameter "READ_DURING_WRITE_MODE_MIXED_PORTS" = "OLD_DATA"
Info (12021): Found 1 design units, including 1 entities, in source file db/altsyncram_pdp1.tdf
    Info (12023): Found entity 1: altsyncram_pdp1 File: /home/vash/mister-builds/entry681/FPGA/db/altsyncram_pdp1.tdf Line: 32
Info (12021): Found 1 design units, including 1 entities, in source file db/decode_8la.tdf
    Info (12023): Found entity 1: decode_8la File: /home/vash/mister-builds/entry681/FPGA/db/decode_8la.tdf Line: 23
Info (12021): Found 1 design units, including 1 entities, in source file db/mux_ahb.tdf
    Info (12023): Found entity 1: mux_ahb File: /home/vash/mister-builds/entry681/FPGA/db/mux_ahb.tdf Line: 23
Info (12130): Elaborated megafunction instantiation "emu:emu|mpeg2_h262_two_picture_probe:mpeg2_h262_two_picture_probe|mpeg2_h262_b_core_probe:b_controller|altsyncram:row_bytes_rtl_0"
Info (12133): Instantiated megafunction "emu:emu|mpeg2_h262_two_picture_probe:mpeg2_h262_two_picture_probe|mpeg2_h262_b_core_probe:b_controller|altsyncram:row_bytes_rtl_0" with the following parameter:
    Info (12134): Parameter "OPERATION_MODE" = "DUAL_PORT"
    Info (12134): Parameter "WIDTH_A" = "8"
    Info (12134): Parameter "WIDTHAD_A" = "9"
    Info (12134): Parameter "NUMWORDS_A" = "512"
    Info (12134): Parameter "WIDTH_B" = "8"
    Info (12134): Parameter "WIDTHAD_B" = "9"
    Info (12134): Parameter "NUMWORDS_B" = "512"
    Info (12134): Parameter "ADDRESS_ACLR_A" = "NONE"
    Info (12134): Parameter "OUTDATA_REG_B" = "UNREGISTERED"
    Info (12134): Parameter "ADDRESS_ACLR_B" = "NONE"
    Info (12134): Parameter "OUTDATA_ACLR_B" = "NONE"
    Info (12134): Parameter "ADDRESS_REG_B" = "CLOCK0"
    Info (12134): Parameter "INDATA_ACLR_A" = "NONE"
    Info (12134): Parameter "WRCONTROL_ACLR_A" = "NONE"
    Info (12134): Parameter "RAM_BLOCK_TYPE" = "M10K"
    Info (12134): Parameter "READ_DURING_WRITE_MODE_MIXED_PORTS" = "OLD_DATA"
Info (12021): Found 1 design units, including 1 entities, in source file db/altsyncram_n0p1.tdf
    Info (12023): Found entity 1: altsyncram_n0p1 File: /home/vash/mister-builds/entry681/FPGA/db/altsyncram_n0p1.tdf Line: 28
Info (12130): Elaborated megafunction instantiation "emu:emu|mpeg2_h262_two_picture_probe:mpeg2_h262_two_picture_probe|mpeg2_h262_p_diagnostic_controller:p_controller|mpeg2_h262_p_wide_motion_syntax_probe:wide_general_probe|altsyncram:residual_block_mem_rtl_0"
Info (12133): Instantiated megafunction "emu:emu|mpeg2_h262_two_picture_probe:mpeg2_h262_two_picture_probe|mpeg2_h262_p_diagnostic_controller:p_controller|mpeg2_h262_p_wide_motion_syntax_probe:wide_general_probe|altsyncram:residual_block_mem_rtl_0" with the following parameter:
    Info (12134): Parameter "OPERATION_MODE" = "DUAL_PORT"
    Info (12134): Parameter "WIDTH_A" = "20"
    Info (12134): Parameter "WIDTHAD_A" = "11"
    Info (12134): Parameter "NUMWORDS_A" = "2048"
    Info (12134): Parameter "WIDTH_B" = "20"
    Info (12134): Parameter "WIDTHAD_B" = "11"
    Info (12134): Parameter "NUMWORDS_B" = "2048"
    Info (12134): Parameter "ADDRESS_ACLR_A" = "NONE"
    Info (12134): Parameter "OUTDATA_REG_B" = "UNREGISTERED"
    Info (12134): Parameter "ADDRESS_ACLR_B" = "NONE"
    Info (12134): Parameter "OUTDATA_ACLR_B" = "NONE"
    Info (12134): Parameter "ADDRESS_REG_B" = "CLOCK0"
    Info (12134): Parameter "INDATA_ACLR_A" = "NONE"
    Info (12134): Parameter "WRCONTROL_ACLR_A" = "NONE"
    Info (12134): Parameter "RAM_BLOCK_TYPE" = "M10K"
    Info (12134): Parameter "READ_DURING_WRITE_MODE_MIXED_PORTS" = "OLD_DATA"
Info (12021): Found 1 design units, including 1 entities, in source file db/altsyncram_99p1.tdf
    Info (12023): Found entity 1: altsyncram_99p1 File: /home/vash/mister-builds/entry681/FPGA/db/altsyncram_99p1.tdf Line: 28
Info (12130): Elaborated megafunction instantiation "emu:emu|mpeg2_h262_two_picture_probe:mpeg2_h262_two_picture_probe|mpeg2_h262_p_diagnostic_controller:p_controller|mpeg2_h262_p_wide_motion_syntax_probe:wide_general_probe|altsyncram:residual_coeff_last_mem_rtl_0"
Info (12133): Instantiated megafunction "emu:emu|mpeg2_h262_two_picture_probe:mpeg2_h262_two_picture_probe|mpeg2_h262_p_diagnostic_controller:p_controller|mpeg2_h262_p_wide_motion_syntax_probe:wide_general_probe|altsyncram:residual_coeff_last_mem_rtl_0" with the following parameter:
    Info (12134): Parameter "OPERATION_MODE" = "DUAL_PORT"
    Info (12134): Parameter "WIDTH_A" = "1"
    Info (12134): Parameter "WIDTHAD_A" = "15"
    Info (12134): Parameter "NUMWORDS_A" = "32768"
    Info (12134): Parameter "WIDTH_B" = "1"
    Info (12134): Parameter "WIDTHAD_B" = "15"
    Info (12134): Parameter "NUMWORDS_B" = "32768"
    Info (12134): Parameter "ADDRESS_ACLR_A" = "NONE"
    Info (12134): Parameter "OUTDATA_REG_B" = "UNREGISTERED"
    Info (12134): Parameter "ADDRESS_ACLR_B" = "NONE"
    Info (12134): Parameter "OUTDATA_ACLR_B" = "NONE"
    Info (12134): Parameter "ADDRESS_REG_B" = "CLOCK0"
    Info (12134): Parameter "INDATA_ACLR_A" = "NONE"
    Info (12134): Parameter "WRCONTROL_ACLR_A" = "NONE"
    Info (12134): Parameter "RAM_BLOCK_TYPE" = "M10K"
    Info (12134): Parameter "READ_DURING_WRITE_MODE_MIXED_PORTS" = "OLD_DATA"
Info (12021): Found 1 design units, including 1 entities, in source file db/altsyncram_7ap1.tdf
    Info (12023): Found entity 1: altsyncram_7ap1 File: /home/vash/mister-builds/entry681/FPGA/db/altsyncram_7ap1.tdf Line: 32
Info (12021): Found 1 design units, including 1 entities, in source file db/mux_hfb.tdf
    Info (12023): Found entity 1: mux_hfb File: /home/vash/mister-builds/entry681/FPGA/db/mux_hfb.tdf Line: 23
Warning (12241): 14 hierarchies have connectivity warnings - see the Connectivity Checks report folder
Info (17026): Resynthesizing 0 WYSIWYG logic cells and I/Os using "speed" technology mapper which leaves 66 WYSIWYG logic cells and I/Os untouched
Warning (13050): Open-drain buffer(s) that do not directly drive top-level pin(s) are removed
    Warning (13051): Converted the fanout from the open-drain buffer "HDMI_I2C_SCL" to the node "hdmi_scl_en" into a wire File: /home/vash/mister-builds/entry681/FPGA/sys/sys_top.v Line: 30
Warning (14284): Synthesized away the following node(s):
    Warning (14285): Synthesized away the following LCELL buffer node(s):
        Warning (14320): Synthesized away node "pll_cfg_hdmi:pll_cfg_hdmi|phase_done" File: /home/vash/mister-builds/entry681/FPGA/sys/pll_cfg/pll_cfg_hdmi.v Line: 165
Warning (13050): Open-drain buffer(s) that do not directly drive top-level pin(s) are removed
    Warning (13051): Converted the fanout from the open-drain buffer "emu:emu|SD_SCK" to the node "emu:emu|SD_SCK" into a wire File: /home/vash/mister-builds/entry681/FPGA/sys/emu_ports.vh Line: 97
    Warning (13051): Converted the fanout from the open-drain buffer "emu:emu|SD_MOSI" to the node "emu:emu|SD_MOSI" into a wire File: /home/vash/mister-builds/entry681/FPGA/sys/emu_ports.vh Line: 98
Info (17049): 1148 registers lost all their fanouts during netlist optimizations.
Info (17016): Found the following redundant logic cells in design
    Info (17048): Logic cell "pll_cfg_hdmi:pll_cfg_hdmi|generic_lcell_comb:lcell_dprio_read|combout" File: /home/vash/mister-builds/entry681/FPGA/sys/pll_cfg/altera_pll_reconfig_core.v Line: 2179
    Info (17048): Logic cell "pll_cfg_hdmi:pll_cfg_hdmi|dyn_phase_shift:dyn_phase_shift_inst|generic_lcell_comb:lcell_cnt_sel_0|combout" File: /home/vash/mister-builds/entry681/FPGA/sys/pll_cfg/altera_pll_reconfig_core.v Line: 2179
    Info (17048): Logic cell "pll_cfg_hdmi:pll_cfg_hdmi|dyn_phase_shift:dyn_phase_shift_inst|generic_lcell_comb:lcell_cnt_sel_1|combout" File: /home/vash/mister-builds/entry681/FPGA/sys/pll_cfg/altera_pll_reconfig_core.v Line: 2179
    Info (17048): Logic cell "pll_cfg_hdmi:pll_cfg_hdmi|dyn_phase_shift:dyn_phase_shift_inst|generic_lcell_comb:lcell_cnt_sel_2|combout" File: /home/vash/mister-builds/entry681/FPGA/sys/pll_cfg/altera_pll_reconfig_core.v Line: 2179
    Info (17048): Logic cell "pll_cfg_hdmi:pll_cfg_hdmi|dyn_phase_shift:dyn_phase_shift_inst|generic_lcell_comb:lcell_cnt_sel_3|combout" File: /home/vash/mister-builds/entry681/FPGA/sys/pll_cfg/altera_pll_reconfig_core.v Line: 2179
    Info (17048): Logic cell "pll_cfg_hdmi:pll_cfg_hdmi|dyn_phase_shift:dyn_phase_shift_inst|generic_lcell_comb:lcell_cnt_sel_4|combout" File: /home/vash/mister-builds/entry681/FPGA/sys/pll_cfg/altera_pll_reconfig_core.v Line: 2179
    Info (17048): Logic cell "pll_cfg_hdmi:pll_cfg_hdmi|generic_lcell_comb:lcell_fpll_0_1|combout" File: /home/vash/mister-builds/entry681/FPGA/sys/pll_cfg/altera_pll_reconfig_core.v Line: 2179
    Info (17048): Logic cell "pll_cfg_hdmi:pll_cfg_hdmi|up_dn" File: /home/vash/mister-builds/entry681/FPGA/sys/pll_cfg/pll_cfg_hdmi.v Line: 167
    Info (17048): Logic cell "pll_cfg_hdmi:pll_cfg_hdmi|phase_en" File: /home/vash/mister-builds/entry681/FPGA/sys/pll_cfg/pll_cfg_hdmi.v Line: 166
    Info (17048): Logic cell "pll_cfg_hdmi:pll_cfg_hdmi|dprio_ser_shift_load" File: /home/vash/mister-builds/entry681/FPGA/sys/pll_cfg/pll_cfg_hdmi.v Line: 159
    Info (17048): Logic cell "pll_cfg_hdmi:pll_cfg_hdmi|dyn_phase_shift:dyn_phase_shift_inst|gnd" File: /home/vash/mister-builds/entry681/FPGA/sys/pll_cfg/altera_pll_reconfig_core.v Line: 1919
Info (144001): Generated suppressed messages file /home/vash/mister-builds/entry681/FPGA/output_files/MediaPlayer.map.smsg
Info (16010): Generating hard_block partition "hard_block:auto_generated_inst"
    Info (16011): Adding 41 node(s), including 2 DDIO, 4 PLL, 0 transceiver and 0 LCELL
Info (21057): Implemented 83719 device resources after synthesis - the final resource count might be different
    Info (21058): Implemented 16 input pins
    Info (21059): Implemented 97 output pins
    Info (21060): Implemented 32 bidirectional pins
    Info (21061): Implemented 81827 logic cells
    Info (21064): Implemented 1656 RAM segments
    Info (21065): Implemented 4 PLLs
    Info (21062): Implemented 67 DSP elements
Info: Quartus Prime Analysis & Synthesis was successful. 0 errors, 138 warnings
    Info: Peak virtual memory: 2864 megabytes
    Info: Processing ended: Fri Aug 28 13:02:59 2026
    Info: Elapsed time: 00:02:29
    Info: Total CPU time (on all processors): 00:02:55
Info: *******************************************************************
Info: Running Quartus Prime Fitter
    Info: Version 17.0.2 Build 602 07/19/2017 SJ Lite Edition
    Info: Processing started: Fri Aug 28 13:03:00 2026
Info: Command: quartus_fit --read_settings_files=off --write_settings_files=off MediaPlayer -c MediaPlayer
Info: qfit2_default_script.tcl version: #1
Info: Project  = MediaPlayer
Info: Revision = MediaPlayer
Info (16303): High Performance Effort optimization mode selected -- timing performance will be prioritized at the potential cost of increased compilation time
Info (20030): Parallel compilation is enabled and will use 16 of the 20 processors detected
Info (119006): Selected device 5CSEBA6U23I7 for design "MediaPlayer"
Info (21077): Low junction temperature is -40 degrees C
Info (21077): High junction temperature is 100 degrees C
Info (171004): Fitter is performing a Standard Fit compilation using maximum Fitter effort to optimize design performance
Warning (292013): Feature LogicLock is only available with a valid subscription license. You can purchase a software subscription to gain full access to this feature.
Info (176045): Design uses memory blocks. Violating setup or hold times of memory block address registers for either read or write operations could cause memory contents to be corrupted. Make sure that all memory block address registers meet the setup and hold time requirements.
Info (184020): Starting Fitter periphery placement operations
Warning (177007): PLL(s) placed in location FRACTIONALPLL_X89_Y1_N0 do not have a PLL clock to compensate specified - the Fitter will attempt to compensate all PLL clocks
    Info (177008): PLL emu:emu|pll:pll|pll_0002:pll_inst|altera_pll:altera_pll_i|general[0].gpll~FRACTIONAL_PLL
Info (11178): Promoted 10 clocks (9 global, 1 regional)
    Info (11162): aspi_sck~CLKENA0 with 129 fanout uses regional clock CLKCTRL_R80
        Info (11177): Node drives Regional Clock Region 2 from (45, 0) to (89, 36)
    Info (11162): sysmem_lite:sysmem|sysmem_HPS_fpga_interfaces:fpga_interfaces|h2f_rst_n[0]~CLKENA0 with 31 fanout uses global clock CLKCTRL_G8
    Info (11162): sysmem_lite:sysmem|sysmem_HPS_fpga_interfaces:fpga_interfaces|h2f_user0_clk[0]~CLKENA0 with 940 fanout uses global clock CLKCTRL_G9
    Info (11162): hdmi_tx_clk~CLKENA0 with 84 fanout uses global clock CLKCTRL_G5
    Info (11162): vga_tx_clk~CLKENA0 with 3 fanout uses global clock CLKCTRL_G7
    Info (11162): pll_audio:pll_audio|pll_audio_0002:pll_audio_inst|altera_pll:altera_pll_i|outclk_wire[0]~CLKENA0 with 1961 fanout uses global clock CLKCTRL_G13
    Info (11162): emu:emu|pll:pll|pll_0002:pll_inst|altera_pll:altera_pll_i|outclk_wire[0]~CLKENA0 with 1643 fanout uses global clock CLKCTRL_G10
    Info (11162): emu:emu|pll:pll|pll_0002:pll_inst|altera_pll:altera_pll_i|outclk_wire[1]~CLKENA0 with 7780 fanout uses global clock CLKCTRL_G6
    Info (11162): emu:emu|pll:pll|pll_0002:pll_inst|altera_pll:altera_pll_i|outclk_wire[2]~CLKENA0 with 33463 fanout uses global clock CLKCTRL_G11
Info (11191): Automatically promoted 2 clocks (2 global)
    Info (11162): FPGA_CLK1_50~inputCLKENA0 with 705 fanout uses global clock CLKCTRL_G0
    Info (11162): FPGA_CLK2_50~inputCLKENA0 with 189 fanout uses global clock CLKCTRL_G1
Info (184021): Fitter periphery placement operations ending: elapsed time is 00:00:01
Info (332164): Evaluating HDL-embedded SDC commands
    Info (332165): Entity altera_std_synchronizer
        Info (332166): set_false_path -to [get_keepers {*altera_std_synchronizer:*|din_s1}]
    Info (332165): Entity dcfifo_1hm1
        Info (332166): set_false_path -from *rdptr_g* -to *ws_dgrp|dffpipe_ed9:dffpipe8|dffe9a* 
        Info (332166): set_false_path -from *delayed_wrptr_g* -to *rs_dgwp|dffpipe_dd9:dffpipe5|dffe6a* 
    Info (332165): Entity dcfifo_2do1
        Info (332166): set_false_path -from *rdptr_g* -to *ws_dgrp|dffpipe_1f9:dffpipe18|dffe19a* 
        Info (332166): set_false_path -from *delayed_wrptr_g* -to *rs_dgwp|dffpipe_ve9:dffpipe14|dffe15a* 
    Info (332165): Entity dcfifo_4co1
        Info (332166): set_false_path -from *rdptr_g* -to *ws_dgrp|dffpipe_ue9:dffpipe16|dffe17a* 
        Info (332166): set_false_path -from *delayed_wrptr_g* -to *rs_dgwp|dffpipe_te9:dffpipe13|dffe14a* 
    Info (332165): Entity dcfifo_7em1
        Info (332166): set_false_path -from *rdptr_g* -to *ws_dgrp|dffpipe_cd9:dffpipe15|dffe16a* 
        Info (332166): set_false_path -from *delayed_wrptr_g* -to *rs_dgwp|dffpipe_bd9:dffpipe12|dffe13a* 
Info (332104): Reading SDC File: 'sys/sys_top.sdc'
Info (332110): Deriving PLL clocks
    Info (332110): create_generated_clock -source {pll_audio|pll_audio_inst|altera_pll_i|general[0].gpll~FRACTIONAL_PLL|refclkin} -divide_by 512 -multiply_by 4279 -duty_cycle 50.00 -name {pll_audio|pll_audio_inst|altera_pll_i|general[0].gpll~FRACTIONAL_PLL|vcoph[0]} {pll_audio|pll_audio_inst|altera_pll_i|general[0].gpll~FRACTIONAL_PLL|vcoph[0]}
    Info (332110): create_generated_clock -source {pll_audio|pll_audio_inst|altera_pll_i|general[0].gpll~PLL_OUTPUT_COUNTER|vco0ph[0]} -divide_by 17 -duty_cycle 50.00 -name {pll_audio|pll_audio_inst|altera_pll_i|general[0].gpll~PLL_OUTPUT_COUNTER|divclk} {pll_audio|pll_audio_inst|altera_pll_i|general[0].gpll~PLL_OUTPUT_COUNTER|divclk}
    Info (332110): create_generated_clock -source {emu|pll|pll_inst|altera_pll_i|general[0].gpll~FRACTIONAL_PLL|refclkin} -divide_by 5 -multiply_by 54 -duty_cycle 50.00 -name {emu|pll|pll_inst|altera_pll_i|general[0].gpll~FRACTIONAL_PLL|vcoph[0]} {emu|pll|pll_inst|altera_pll_i|general[0].gpll~FRACTIONAL_PLL|vcoph[0]}
    Info (332110): create_generated_clock -source {emu|pll|pll_inst|altera_pll_i|general[0].gpll~PLL_OUTPUT_COUNTER|vco0ph[0]} -divide_by 27 -duty_cycle 50.00 -name {emu|pll|pll_inst|altera_pll_i|general[0].gpll~PLL_OUTPUT_COUNTER|divclk} {emu|pll|pll_inst|altera_pll_i|general[0].gpll~PLL_OUTPUT_COUNTER|divclk}
    Info (332110): create_generated_clock -source {emu|pll|pll_inst|altera_pll_i|general[1].gpll~PLL_OUTPUT_COUNTER|vco0ph[0]} -divide_by 10 -duty_cycle 50.00 -name {emu|pll|pll_inst|altera_pll_i|general[1].gpll~PLL_OUTPUT_COUNTER|divclk} {emu|pll|pll_inst|altera_pll_i|general[1].gpll~PLL_OUTPUT_COUNTER|divclk}
    Info (332110): create_generated_clock -source {emu|pll|pll_inst|altera_pll_i|general[2].gpll~PLL_OUTPUT_COUNTER|vco0ph[0]} -divide_by 9 -duty_cycle 50.00 -name {emu|pll|pll_inst|altera_pll_i|general[2].gpll~PLL_OUTPUT_COUNTER|divclk} {emu|pll|pll_inst|altera_pll_i|general[2].gpll~PLL_OUTPUT_COUNTER|divclk}
Info (332151): Clock uncertainty is not calculated until you update the timing netlist.
Info (332104): Reading SDC File: 'MediaPlayer.sdc'
Info (332151): Clock uncertainty is not calculated until you update the timing netlist.
Warning (332174): Ignored filter at MediaPlayer.sdc(51): *|mpeg2_new_framebuffer_generation[*] could not be matched with a keeper File: /home/vash/mister-builds/entry681/FPGA/MediaPlayer.sdc Line: 51
Warning (332174): Ignored filter at MediaPlayer.sdc(52): *|mpeg2_luma_framebuffer:mpeg2_luma_framebuffer|framebuffer_generation_r1[*] could not be matched with a keeper File: /home/vash/mister-builds/entry681/FPGA/MediaPlayer.sdc Line: 52
Warning (332049): Ignored set_false_path at MediaPlayer.sdc(50): Argument <from> is an empty collection File: /home/vash/mister-builds/entry681/FPGA/MediaPlayer.sdc Line: 50
    Info (332050): set_false_path \
    -from [get_keepers {*|mpeg2_new_framebuffer_generation[*]}] \
    -to   [get_keepers {*|mpeg2_luma_framebuffer:mpeg2_luma_framebuffer|framebuffer_generation_r1[*]}] File: /home/vash/mister-builds/entry681/FPGA/MediaPlayer.sdc Line: 50
Warning (332049): Ignored set_false_path at MediaPlayer.sdc(50): Argument <to> is an empty collection File: /home/vash/mister-builds/entry681/FPGA/MediaPlayer.sdc Line: 50
Warning (332174): Ignored filter at MediaPlayer.sdc(66): *|mpeg2_luma_framebuffer:mpeg2_luma_framebuffer|luma_tag_*_mem* could not be matched with a keeper File: /home/vash/mister-builds/entry681/FPGA/MediaPlayer.sdc Line: 66
Warning (332174): Ignored filter at MediaPlayer.sdc(67): *|mpeg2_luma_framebuffer:mpeg2_luma_framebuffer|luma_tag_*_r1* could not be matched with a keeper File: /home/vash/mister-builds/entry681/FPGA/MediaPlayer.sdc Line: 67
Warning (332049): Ignored set_false_path at MediaPlayer.sdc(65): Argument <from> is an empty collection File: /home/vash/mister-builds/entry681/FPGA/MediaPlayer.sdc Line: 65
    Info (332050): set_false_path \
    -from [get_keepers {*|mpeg2_luma_framebuffer:mpeg2_luma_framebuffer|luma_tag_*_mem*}] \
    -to   [get_keepers {*|mpeg2_luma_framebuffer:mpeg2_luma_framebuffer|luma_tag_*_r1*}] File: /home/vash/mister-builds/entry681/FPGA/MediaPlayer.sdc Line: 65
Warning (332049): Ignored set_false_path at MediaPlayer.sdc(65): Argument <to> is an empty collection File: /home/vash/mister-builds/entry681/FPGA/MediaPlayer.sdc Line: 65
Warning (332174): Ignored filter at MediaPlayer.sdc(69): *|mpeg2_luma_framebuffer:mpeg2_luma_framebuffer|luma_tag_toggle_bank0_mem could not be matched with a keeper File: /home/vash/mister-builds/entry681/FPGA/MediaPlayer.sdc Line: 69
Warning (332174): Ignored filter at MediaPlayer.sdc(70): *|mpeg2_luma_framebuffer:mpeg2_luma_framebuffer|luma_tag_toggle_bank0_sync_rd[0] could not be matched with a keeper File: /home/vash/mister-builds/entry681/FPGA/MediaPlayer.sdc Line: 70
Warning (332049): Ignored set_false_path at MediaPlayer.sdc(68): Argument <from> is an empty collection File: /home/vash/mister-builds/entry681/FPGA/MediaPlayer.sdc Line: 68
    Info (332050): set_false_path \
    -from [get_keepers {*|mpeg2_luma_framebuffer:mpeg2_luma_framebuffer|luma_tag_toggle_bank0_mem}] \
    -to   [get_keepers {*|mpeg2_luma_framebuffer:mpeg2_luma_framebuffer|luma_tag_toggle_bank0_sync_rd[0]}] File: /home/vash/mister-builds/entry681/FPGA/MediaPlayer.sdc Line: 68
Warning (332049): Ignored set_false_path at MediaPlayer.sdc(68): Argument <to> is an empty collection File: /home/vash/mister-builds/entry681/FPGA/MediaPlayer.sdc Line: 68
Warning (332174): Ignored filter at MediaPlayer.sdc(72): *|mpeg2_luma_framebuffer:mpeg2_luma_framebuffer|luma_tag_toggle_bank1_mem could not be matched with a keeper File: /home/vash/mister-builds/entry681/FPGA/MediaPlayer.sdc Line: 72
Warning (332174): Ignored filter at MediaPlayer.sdc(73): *|mpeg2_luma_framebuffer:mpeg2_luma_framebuffer|luma_tag_toggle_bank1_sync_rd[0] could not be matched with a keeper File: /home/vash/mister-builds/entry681/FPGA/MediaPlayer.sdc Line: 73
Warning (332049): Ignored set_false_path at MediaPlayer.sdc(71): Argument <from> is an empty collection File: /home/vash/mister-builds/entry681/FPGA/MediaPlayer.sdc Line: 71
    Info (332050): set_false_path \
    -from [get_keepers {*|mpeg2_luma_framebuffer:mpeg2_luma_framebuffer|luma_tag_toggle_bank1_mem}] \
    -to   [get_keepers {*|mpeg2_luma_framebuffer:mpeg2_luma_framebuffer|luma_tag_toggle_bank1_sync_rd[0]}] File: /home/vash/mister-builds/entry681/FPGA/MediaPlayer.sdc Line: 71
Warning (332049): Ignored set_false_path at MediaPlayer.sdc(71): Argument <to> is an empty collection File: /home/vash/mister-builds/entry681/FPGA/MediaPlayer.sdc Line: 71
Warning (332174): Ignored filter at MediaPlayer.sdc(79): *|mpeg2_luma_framebuffer:mpeg2_luma_framebuffer|luma_provenance_*_rd* could not be matched with a keeper File: /home/vash/mister-builds/entry681/FPGA/MediaPlayer.sdc Line: 79
Warning (332174): Ignored filter at MediaPlayer.sdc(80): *|mpeg2_luma_framebuffer:mpeg2_luma_framebuffer|luma_provenance_*_m1* could not be matched with a keeper File: /home/vash/mister-builds/entry681/FPGA/MediaPlayer.sdc Line: 80
Warning (332049): Ignored set_false_path at MediaPlayer.sdc(78): Argument <from> is an empty collection File: /home/vash/mister-builds/entry681/FPGA/MediaPlayer.sdc Line: 78
    Info (332050): set_false_path \
    -from [get_keepers {*|mpeg2_luma_framebuffer:mpeg2_luma_framebuffer|luma_provenance_*_rd*}] \
    -to   [get_keepers {*|mpeg2_luma_framebuffer:mpeg2_luma_framebuffer|luma_provenance_*_m1*}] File: /home/vash/mister-builds/entry681/FPGA/MediaPlayer.sdc Line: 78
Warning (332049): Ignored set_false_path at MediaPlayer.sdc(78): Argument <to> is an empty collection File: /home/vash/mister-builds/entry681/FPGA/MediaPlayer.sdc Line: 78
Warning (332174): Ignored filter at MediaPlayer.sdc(82): *|mpeg2_luma_framebuffer:mpeg2_luma_framebuffer|luma_provenance_toggle_rd could not be matched with a keeper File: /home/vash/mister-builds/entry681/FPGA/MediaPlayer.sdc Line: 82
Warning (332174): Ignored filter at MediaPlayer.sdc(83): *|mpeg2_luma_framebuffer:mpeg2_luma_framebuffer|luma_provenance_toggle_sync[0] could not be matched with a keeper File: /home/vash/mister-builds/entry681/FPGA/MediaPlayer.sdc Line: 83
Warning (332049): Ignored set_false_path at MediaPlayer.sdc(81): Argument <from> is an empty collection File: /home/vash/mister-builds/entry681/FPGA/MediaPlayer.sdc Line: 81
    Info (332050): set_false_path \
    -from [get_keepers {*|mpeg2_luma_framebuffer:mpeg2_luma_framebuffer|luma_provenance_toggle_rd}] \
    -to   [get_keepers {*|mpeg2_luma_framebuffer:mpeg2_luma_framebuffer|luma_provenance_toggle_sync[0]}] File: /home/vash/mister-builds/entry681/FPGA/MediaPlayer.sdc Line: 81
Warning (332049): Ignored set_false_path at MediaPlayer.sdc(81): Argument <to> is an empty collection File: /home/vash/mister-builds/entry681/FPGA/MediaPlayer.sdc Line: 81
Warning (332174): Ignored filter at MediaPlayer.sdc(140): *|mpeg2_new_framebuffer_prefill_missed_sync[0] could not be matched with a keeper File: /home/vash/mister-builds/entry681/FPGA/MediaPlayer.sdc Line: 140
Warning (332049): Ignored set_false_path at MediaPlayer.sdc(139): Argument <to> is an empty collection File: /home/vash/mister-builds/entry681/FPGA/MediaPlayer.sdc Line: 139
    Info (332050): set_false_path \
    -to [get_keepers {*|mpeg2_new_framebuffer_prefill_missed_sync[0]}] File: /home/vash/mister-builds/entry681/FPGA/MediaPlayer.sdc Line: 139
Warning (332174): Ignored filter at MediaPlayer.sdc(147): *|mpeg2_new_framebuffer_phase_error_sync[0] could not be matched with a keeper File: /home/vash/mister-builds/entry681/FPGA/MediaPlayer.sdc Line: 147
Warning (332049): Ignored set_false_path at MediaPlayer.sdc(146): Argument <to> is an empty collection File: /home/vash/mister-builds/entry681/FPGA/MediaPlayer.sdc Line: 146
    Info (332050): set_false_path \
    -to [get_keepers {*|mpeg2_new_framebuffer_phase_error_sync[0]}] File: /home/vash/mister-builds/entry681/FPGA/MediaPlayer.sdc Line: 146
Warning (332174): Ignored filter at MediaPlayer.sdc(212): RESET could not be matched with a port File: /home/vash/mister-builds/entry681/FPGA/MediaPlayer.sdc Line: 212
Warning (332049): Ignored set_false_path at MediaPlayer.sdc(211): Argument <from> is an empty collection File: /home/vash/mister-builds/entry681/FPGA/MediaPlayer.sdc Line: 211
    Info (332050): set_false_path \
    -from [get_ports {RESET}] \
    -to   [get_keepers {*|reset_mpeg2_sync[*]}] File: /home/vash/mister-builds/entry681/FPGA/MediaPlayer.sdc Line: 211
Warning (332049): Ignored set_false_path at MediaPlayer.sdc(214): Argument <from> is an empty collection File: /home/vash/mister-builds/entry681/FPGA/MediaPlayer.sdc Line: 214
    Info (332050): set_false_path \
    -from [get_ports {RESET}] \
    -to   [get_keepers {*|reset_video_sync[*]}] File: /home/vash/mister-builds/entry681/FPGA/MediaPlayer.sdc Line: 214
Info (332097): The following timing edges are non-unate.  TimeQuest will assume pos-unate behavior for these edges in the clock network.
    Info (332098): Cell: emu|pll|pll_inst|altera_pll_i|general[0].gpll~FRACTIONAL_PLL  from: refclkin  to: fbclk
    Info (332098): Cell: emu|pll|pll_inst|altera_pll_i|general[0].gpll~PLL_OUTPUT_COUNTER  from: vco0ph[0]  to: divclk
    Info (332098): Cell: emu|pll|pll_inst|altera_pll_i|general[0].gpll~PLL_REFCLK_SELECT  from: clkin[0]  to: clkout
    Info (332098): Cell: emu|pll|pll_inst|altera_pll_i|general[1].gpll~PLL_OUTPUT_COUNTER  from: vco0ph[0]  to: divclk
    Info (332098): Cell: emu|pll|pll_inst|altera_pll_i|general[2].gpll~PLL_OUTPUT_COUNTER  from: vco0ph[0]  to: divclk
    Info (332098): Cell: pll_audio|pll_audio_inst|altera_pll_i|general[0].gpll~FRACTIONAL_PLL  from: refclkin  to: fbclk
    Info (332098): Cell: pll_audio|pll_audio_inst|altera_pll_i|general[0].gpll~PLL_OUTPUT_COUNTER  from: vco0ph[0]  to: divclk
    Info (332098): Cell: pll_audio|pll_audio_inst|altera_pll_i|general[0].gpll~PLL_REFCLK_SELECT  from: clkin[0]  to: clkout
    Info (332098): From: sysmem|fpga_interfaces|f2sdram|cmd_port_clk_0  to: sysmem_lite:sysmem|sysmem_HPS_fpga_interfaces:fpga_interfaces|f2sdram~FF_762
    Info (332098): From: sysmem|fpga_interfaces|f2sdram|cmd_port_clk_1  to: sysmem_lite:sysmem|sysmem_HPS_fpga_interfaces:fpga_interfaces|f2sdram~FF_827
    Info (332098): From: sysmem|fpga_interfaces|f2sdram|cmd_port_clk_2  to: sysmem_lite:sysmem|sysmem_HPS_fpga_interfaces:fpga_interfaces|f2sdram~FF_920
    Info (332098): From: sysmem|fpga_interfaces|f2sdram|rd_clk_0  to: sysmem_lite:sysmem|sysmem_HPS_fpga_interfaces:fpga_interfaces|f2sdram~FF_7
    Info (332098): From: sysmem|fpga_interfaces|f2sdram|rd_clk_1  to: sysmem_lite:sysmem|sysmem_HPS_fpga_interfaces:fpga_interfaces|f2sdram~FF_6
    Info (332098): From: sysmem|fpga_interfaces|f2sdram|rd_clk_2  to: sysmem_lite:sysmem|sysmem_HPS_fpga_interfaces:fpga_interfaces|f2sdram~FF_5
    Info (332098): From: sysmem|fpga_interfaces|f2sdram|rd_clk_3  to: sysmem_lite:sysmem|sysmem_HPS_fpga_interfaces:fpga_interfaces|f2sdram~FF_4
    Info (332098): From: sysmem|fpga_interfaces|f2sdram|wr_clk_0  to: sysmem_lite:sysmem|sysmem_HPS_fpga_interfaces:fpga_interfaces|f2sdram~FF_3
    Info (332098): From: sysmem|fpga_interfaces|f2sdram|wr_clk_1  to: sysmem_lite:sysmem|sysmem_HPS_fpga_interfaces:fpga_interfaces|f2sdram~FF_2
    Info (332098): From: sysmem|fpga_interfaces|f2sdram|wr_clk_2  to: sysmem_lite:sysmem|sysmem_HPS_fpga_interfaces:fpga_interfaces|f2sdram~FF_1
    Info (332098): From: sysmem|fpga_interfaces|f2sdram|wr_clk_3  to: sysmem_lite:sysmem|sysmem_HPS_fpga_interfaces:fpga_interfaces|f2sdram~FF_0
Info (332123): Deriving Clock Uncertainty. Please refer to report_sdc in TimeQuest to see clock uncertainties.
Info (332129): Detected timing requirements -- optimizing circuit to achieve only the specified requirements
Info (332111): Found 14 clocks
    Info (332111):   Period   Clock Name
    Info (332111): ======== ============
    Info (332111):    1.851 emu|pll|pll_inst|altera_pll_i|general[0].gpll~FRACTIONAL_PLL|vcoph[0]
    Info (332111):   50.000 emu|pll|pll_inst|altera_pll_i|general[0].gpll~PLL_OUTPUT_COUNTER|divclk
    Info (332111):   18.518 emu|pll|pll_inst|altera_pll_i|general[1].gpll~PLL_OUTPUT_COUNTER|divclk
    Info (332111):   16.666 emu|pll|pll_inst|altera_pll_i|general[2].gpll~PLL_OUTPUT_COUNTER|divclk
    Info (332111):   20.000 FPGA_CLK1_50
    Info (332111):   20.000 FPGA_CLK2_50
    Info (332111):   20.000 FPGA_CLK3_50
    Info (332111):  100.000     hdmi_sck
    Info (332111):    2.393 pll_audio|pll_audio_inst|altera_pll_i|general[0].gpll~FRACTIONAL_PLL|vcoph[0]
    Info (332111):   40.682 pll_audio|pll_audio_inst|altera_pll_i|general[0].gpll~PLL_OUTPUT_COUNTER|divclk
    Info (332111):   10.000      spi_sck
    Info (332111):   10.000 sysmem|fpga_interfaces|clocks_resets|h2f_user0_clk
Info (176233): Starting register packing
Warning (176250): Ignoring invalid fast I/O register assignments. See the Ignored Assignments panel in the Fitter Compilation Report for more information.
Info (176235): Finished register packing
    Extra Info (176218): Packed 51 registers into blocks of type Block RAM
    Extra Info (176218): Packed 960 registers into blocks of type DSP block
    Extra Info (176218): Packed 27 registers into blocks of type I/O output buffer
    Extra Info (176220): Created 328 register duplicates
Info (128000): Starting physical synthesis optimizations for speed
Info (128002): Starting physical synthesis algorithm register retiming
Info (128003): Physical synthesis algorithm register retiming complete: estimated slack improvement of 9829 ps
Info (128002): Starting physical synthesis algorithm combinational resynthesis using boolean division
Info (128003): Physical synthesis algorithm combinational resynthesis using boolean division complete: estimated slack improvement of 422 ps
Info (128002): Starting physical synthesis algorithm register retiming
Info (128003): Physical synthesis algorithm register retiming complete: estimated slack improvement of 0 ps
Info (128002): Starting physical synthesis algorithm combinational resynthesis using boolean division
Info (128003): Physical synthesis algorithm combinational resynthesis using boolean division complete: estimated slack improvement of 0 ps
Info (128001): Physical synthesis optimizations for speed complete: elapsed time is 00:01:42
Info (176233): Starting register packing
Info (176235): Finished register packing
    Extra Info (176218): Packed 327 registers into blocks of type DSP block
    Extra Info (176220): Created 159 register duplicates
Info (11798): Fitter preparation operations ending: elapsed time is 00:02:13
Info (170189): Fitter placement preparation operations beginning
Info (14951): The Fitter is using Advanced Physical Optimization.
Info (170190): Fitter placement preparation operations ending: elapsed time is 00:01:19
Info (170191): Fitter placement operations beginning
Info (170137): Fitter placement was successful
Info (170192): Fitter placement operations ending: elapsed time is 00:01:07
Info (170193): Fitter routing operations beginning
Info (170089): 2e+03 ns of routing delay (approximately 1.0% of available device routing delay) has been added to meet hold timing. For more information, refer to the Estimated Delay Added for Hold Timing section in the Fitter report.
Info (170195): Router estimated average interconnect usage is 34% of the available device resources
    Info (170196): Router estimated peak interconnect usage is 50% of the available device resources in the region that extends from location X22_Y58 to location X32_Y69
Info (170194): Fitter routing operations ending: elapsed time is 00:02:12
Info (11888): Total time spent on timing analysis during the Fitter is 98.06 seconds.
Info (334003): Started post-fitting delay annotation
Info (334004): Delay annotation completed successfully
Info (334003): Started post-fitting delay annotation
Info (334004): Delay annotation completed successfully
Info (11801): Fitter post-fit operations ending: elapsed time is 00:00:49
Warning (171167): Found invalid Fitter assignments. See the Ignored Assignments panel in the Fitter Compilation Report for more information.
Warning (169064): Following 20 pins have no output enable or a GND or VCC output enable - later changes to this connectivity may change fitting results
    Info (169065): Pin SDRAM_DQ[0] has a permanently disabled output enable File: /home/vash/mister-builds/entry681/FPGA/sys/sys_top.v Line: 48
    Info (169065): Pin SDRAM_DQ[1] has a permanently disabled output enable File: /home/vash/mister-builds/entry681/FPGA/sys/sys_top.v Line: 48
    Info (169065): Pin SDRAM_DQ[2] has a permanently disabled output enable File: /home/vash/mister-builds/entry681/FPGA/sys/sys_top.v Line: 48
    Info (169065): Pin SDRAM_DQ[3] has a permanently disabled output enable File: /home/vash/mister-builds/entry681/FPGA/sys/sys_top.v Line: 48
    Info (169065): Pin SDRAM_DQ[4] has a permanently disabled output enable File: /home/vash/mister-builds/entry681/FPGA/sys/sys_top.v Line: 48
    Info (169065): Pin SDRAM_DQ[5] has a permanently disabled output enable File: /home/vash/mister-builds/entry681/FPGA/sys/sys_top.v Line: 48
    Info (169065): Pin SDRAM_DQ[6] has a permanently disabled output enable File: /home/vash/mister-builds/entry681/FPGA/sys/sys_top.v Line: 48
    Info (169065): Pin SDRAM_DQ[7] has a permanently disabled output enable File: /home/vash/mister-builds/entry681/FPGA/sys/sys_top.v Line: 48
    Info (169065): Pin SDRAM_DQ[8] has a permanently disabled output enable File: /home/vash/mister-builds/entry681/FPGA/sys/sys_top.v Line: 48
    Info (169065): Pin SDRAM_DQ[9] has a permanently disabled output enable File: /home/vash/mister-builds/entry681/FPGA/sys/sys_top.v Line: 48
    Info (169065): Pin SDRAM_DQ[10] has a permanently disabled output enable File: /home/vash/mister-builds/entry681/FPGA/sys/sys_top.v Line: 48
    Info (169065): Pin SDRAM_DQ[11] has a permanently disabled output enable File: /home/vash/mister-builds/entry681/FPGA/sys/sys_top.v Line: 48
    Info (169065): Pin SDRAM_DQ[12] has a permanently disabled output enable File: /home/vash/mister-builds/entry681/FPGA/sys/sys_top.v Line: 48
    Info (169065): Pin SDRAM_DQ[13] has a permanently disabled output enable File: /home/vash/mister-builds/entry681/FPGA/sys/sys_top.v Line: 48
    Info (169065): Pin SDRAM_DQ[14] has a permanently disabled output enable File: /home/vash/mister-builds/entry681/FPGA/sys/sys_top.v Line: 48
    Info (169065): Pin SDRAM_DQ[15] has a permanently disabled output enable File: /home/vash/mister-builds/entry681/FPGA/sys/sys_top.v Line: 48
    Info (169065): Pin USER_IO[0] has a permanently disabled output enable File: /home/vash/mister-builds/entry681/FPGA/sys/sys_top.v Line: 125
    Info (169065): Pin USER_IO[1] has a permanently disabled output enable File: /home/vash/mister-builds/entry681/FPGA/sys/sys_top.v Line: 125
    Info (169065): Pin USER_IO[3] has a permanently disabled output enable File: /home/vash/mister-builds/entry681/FPGA/sys/sys_top.v Line: 125
    Info (169065): Pin USER_IO[6] has a permanently disabled output enable File: /home/vash/mister-builds/entry681/FPGA/sys/sys_top.v Line: 125
Info (144001): Generated suppressed messages file /home/vash/mister-builds/entry681/FPGA/output_files/MediaPlayer.fit.smsg
Info: Quartus Prime Fitter was successful. 0 errors, 36 warnings
    Info: Peak virtual memory: 5794 megabytes
    Info: Processing ended: Fri Aug 28 13:12:27 2026
    Info: Elapsed time: 00:09:27
    Info: Total CPU time (on all processors): 00:41:43
Info: *******************************************************************
Info: Running Quartus Prime Assembler
    Info: Version 17.0.2 Build 602 07/19/2017 SJ Lite Edition
    Info: Processing started: Fri Aug 28 13:12:28 2026
Info: Command: quartus_asm --read_settings_files=off --write_settings_files=off MediaPlayer -c MediaPlayer
Info (115030): Assembler is generating device programming files
Info: Quartus Prime Assembler was successful. 0 errors, 0 warnings
    Info: Peak virtual memory: 1517 megabytes
    Info: Processing ended: Fri Aug 28 13:12:42 2026
    Info: Elapsed time: 00:00:14
    Info: Total CPU time (on all processors): 00:00:13
Info (293026): Skipped module PowerPlay Power Analyzer due to the assignment FLOW_ENABLE_POWER_ANALYZER
Info: *******************************************************************
Info: Running Quartus Prime TimeQuest Timing Analyzer
    Info: Version 17.0.2 Build 602 07/19/2017 SJ Lite Edition
    Info: Processing started: Fri Aug 28 13:12:42 2026
Info: Command: quartus_sta MediaPlayer -c MediaPlayer
Info: qsta_default_script.tcl version: #1
Info (20030): Parallel compilation is enabled and will use 16 of the 20 processors detected
Info (21077): Low junction temperature is -40 degrees C
Info (21077): High junction temperature is 100 degrees C
Info (332164): Evaluating HDL-embedded SDC commands
    Info (332165): Entity altera_std_synchronizer
        Info (332166): set_false_path -to [get_keepers {*altera_std_synchronizer:*|din_s1}]
    Info (332165): Entity dcfifo_1hm1
        Info (332166): set_false_path -from *rdptr_g* -to *ws_dgrp|dffpipe_ed9:dffpipe8|dffe9a* 
        Info (332166): set_false_path -from *delayed_wrptr_g* -to *rs_dgwp|dffpipe_dd9:dffpipe5|dffe6a* 
    Info (332165): Entity dcfifo_2do1
        Info (332166): set_false_path -from *rdptr_g* -to *ws_dgrp|dffpipe_1f9:dffpipe18|dffe19a* 
        Info (332166): set_false_path -from *delayed_wrptr_g* -to *rs_dgwp|dffpipe_ve9:dffpipe14|dffe15a* 
    Info (332165): Entity dcfifo_4co1
        Info (332166): set_false_path -from *rdptr_g* -to *ws_dgrp|dffpipe_ue9:dffpipe16|dffe17a* 
        Info (332166): set_false_path -from *delayed_wrptr_g* -to *rs_dgwp|dffpipe_te9:dffpipe13|dffe14a* 
    Info (332165): Entity dcfifo_7em1
        Info (332166): set_false_path -from *rdptr_g* -to *ws_dgrp|dffpipe_cd9:dffpipe15|dffe16a* 
        Info (332166): set_false_path -from *delayed_wrptr_g* -to *rs_dgwp|dffpipe_bd9:dffpipe12|dffe13a* 
Info (332104): Reading SDC File: 'sys/sys_top.sdc'
Info (332110): Deriving PLL clocks
    Info (332110): create_generated_clock -source {pll_audio|pll_audio_inst|altera_pll_i|general[0].gpll~FRACTIONAL_PLL|refclkin} -divide_by 512 -multiply_by 4279 -duty_cycle 50.00 -name {pll_audio|pll_audio_inst|altera_pll_i|general[0].gpll~FRACTIONAL_PLL|vcoph[0]} {pll_audio|pll_audio_inst|altera_pll_i|general[0].gpll~FRACTIONAL_PLL|vcoph[0]}
    Info (332110): create_generated_clock -source {pll_audio|pll_audio_inst|altera_pll_i|general[0].gpll~PLL_OUTPUT_COUNTER|vco0ph[0]} -divide_by 17 -duty_cycle 50.00 -name {pll_audio|pll_audio_inst|altera_pll_i|general[0].gpll~PLL_OUTPUT_COUNTER|divclk} {pll_audio|pll_audio_inst|altera_pll_i|general[0].gpll~PLL_OUTPUT_COUNTER|divclk}
    Info (332110): create_generated_clock -source {emu|pll|pll_inst|altera_pll_i|general[0].gpll~FRACTIONAL_PLL|refclkin} -divide_by 5 -multiply_by 54 -duty_cycle 50.00 -name {emu|pll|pll_inst|altera_pll_i|general[0].gpll~FRACTIONAL_PLL|vcoph[0]} {emu|pll|pll_inst|altera_pll_i|general[0].gpll~FRACTIONAL_PLL|vcoph[0]}
    Info (332110): create_generated_clock -source {emu|pll|pll_inst|altera_pll_i|general[0].gpll~PLL_OUTPUT_COUNTER|vco0ph[0]} -divide_by 27 -duty_cycle 50.00 -name {emu|pll|pll_inst|altera_pll_i|general[0].gpll~PLL_OUTPUT_COUNTER|divclk} {emu|pll|pll_inst|altera_pll_i|general[0].gpll~PLL_OUTPUT_COUNTER|divclk}
    Info (332110): create_generated_clock -source {emu|pll|pll_inst|altera_pll_i|general[1].gpll~PLL_OUTPUT_COUNTER|vco0ph[0]} -divide_by 10 -duty_cycle 50.00 -name {emu|pll|pll_inst|altera_pll_i|general[1].gpll~PLL_OUTPUT_COUNTER|divclk} {emu|pll|pll_inst|altera_pll_i|general[1].gpll~PLL_OUTPUT_COUNTER|divclk}
    Info (332110): create_generated_clock -source {emu|pll|pll_inst|altera_pll_i|general[2].gpll~PLL_OUTPUT_COUNTER|vco0ph[0]} -divide_by 9 -duty_cycle 50.00 -name {emu|pll|pll_inst|altera_pll_i|general[2].gpll~PLL_OUTPUT_COUNTER|divclk} {emu|pll|pll_inst|altera_pll_i|general[2].gpll~PLL_OUTPUT_COUNTER|divclk}
Info (332151): Clock uncertainty is not calculated until you update the timing netlist.
Info (332104): Reading SDC File: 'MediaPlayer.sdc'
Info (332151): Clock uncertainty is not calculated until you update the timing netlist.
Warning (332174): Ignored filter at MediaPlayer.sdc(51): *|mpeg2_new_framebuffer_generation[*] could not be matched with a keeper File: /home/vash/mister-builds/entry681/FPGA/MediaPlayer.sdc Line: 51
Warning (332174): Ignored filter at MediaPlayer.sdc(52): *|mpeg2_luma_framebuffer:mpeg2_luma_framebuffer|framebuffer_generation_r1[*] could not be matched with a keeper File: /home/vash/mister-builds/entry681/FPGA/MediaPlayer.sdc Line: 52
Warning (332049): Ignored set_false_path at MediaPlayer.sdc(50): Argument <from> is an empty collection File: /home/vash/mister-builds/entry681/FPGA/MediaPlayer.sdc Line: 50
    Info (332050): set_false_path \
    -from [get_keepers {*|mpeg2_new_framebuffer_generation[*]}] \
    -to   [get_keepers {*|mpeg2_luma_framebuffer:mpeg2_luma_framebuffer|framebuffer_generation_r1[*]}] File: /home/vash/mister-builds/entry681/FPGA/MediaPlayer.sdc Line: 50
Warning (332049): Ignored set_false_path at MediaPlayer.sdc(50): Argument <to> is an empty collection File: /home/vash/mister-builds/entry681/FPGA/MediaPlayer.sdc Line: 50
Warning (332174): Ignored filter at MediaPlayer.sdc(66): *|mpeg2_luma_framebuffer:mpeg2_luma_framebuffer|luma_tag_*_mem* could not be matched with a keeper File: /home/vash/mister-builds/entry681/FPGA/MediaPlayer.sdc Line: 66
Warning (332174): Ignored filter at MediaPlayer.sdc(67): *|mpeg2_luma_framebuffer:mpeg2_luma_framebuffer|luma_tag_*_r1* could not be matched with a keeper File: /home/vash/mister-builds/entry681/FPGA/MediaPlayer.sdc Line: 67
Warning (332049): Ignored set_false_path at MediaPlayer.sdc(65): Argument <from> is an empty collection File: /home/vash/mister-builds/entry681/FPGA/MediaPlayer.sdc Line: 65
    Info (332050): set_false_path \
    -from [get_keepers {*|mpeg2_luma_framebuffer:mpeg2_luma_framebuffer|luma_tag_*_mem*}] \
    -to   [get_keepers {*|mpeg2_luma_framebuffer:mpeg2_luma_framebuffer|luma_tag_*_r1*}] File: /home/vash/mister-builds/entry681/FPGA/MediaPlayer.sdc Line: 65
Warning (332049): Ignored set_false_path at MediaPlayer.sdc(65): Argument <to> is an empty collection File: /home/vash/mister-builds/entry681/FPGA/MediaPlayer.sdc Line: 65
Warning (332174): Ignored filter at MediaPlayer.sdc(69): *|mpeg2_luma_framebuffer:mpeg2_luma_framebuffer|luma_tag_toggle_bank0_mem could not be matched with a keeper File: /home/vash/mister-builds/entry681/FPGA/MediaPlayer.sdc Line: 69
Warning (332174): Ignored filter at MediaPlayer.sdc(70): *|mpeg2_luma_framebuffer:mpeg2_luma_framebuffer|luma_tag_toggle_bank0_sync_rd[0] could not be matched with a keeper File: /home/vash/mister-builds/entry681/FPGA/MediaPlayer.sdc Line: 70
Warning (332049): Ignored set_false_path at MediaPlayer.sdc(68): Argument <from> is an empty collection File: /home/vash/mister-builds/entry681/FPGA/MediaPlayer.sdc Line: 68
    Info (332050): set_false_path \
    -from [get_keepers {*|mpeg2_luma_framebuffer:mpeg2_luma_framebuffer|luma_tag_toggle_bank0_mem}] \
    -to   [get_keepers {*|mpeg2_luma_framebuffer:mpeg2_luma_framebuffer|luma_tag_toggle_bank0_sync_rd[0]}] File: /home/vash/mister-builds/entry681/FPGA/MediaPlayer.sdc Line: 68
Warning (332049): Ignored set_false_path at MediaPlayer.sdc(68): Argument <to> is an empty collection File: /home/vash/mister-builds/entry681/FPGA/MediaPlayer.sdc Line: 68
Warning (332174): Ignored filter at MediaPlayer.sdc(72): *|mpeg2_luma_framebuffer:mpeg2_luma_framebuffer|luma_tag_toggle_bank1_mem could not be matched with a keeper File: /home/vash/mister-builds/entry681/FPGA/MediaPlayer.sdc Line: 72
Warning (332174): Ignored filter at MediaPlayer.sdc(73): *|mpeg2_luma_framebuffer:mpeg2_luma_framebuffer|luma_tag_toggle_bank1_sync_rd[0] could not be matched with a keeper File: /home/vash/mister-builds/entry681/FPGA/MediaPlayer.sdc Line: 73
Warning (332049): Ignored set_false_path at MediaPlayer.sdc(71): Argument <from> is an empty collection File: /home/vash/mister-builds/entry681/FPGA/MediaPlayer.sdc Line: 71
    Info (332050): set_false_path \
    -from [get_keepers {*|mpeg2_luma_framebuffer:mpeg2_luma_framebuffer|luma_tag_toggle_bank1_mem}] \
    -to   [get_keepers {*|mpeg2_luma_framebuffer:mpeg2_luma_framebuffer|luma_tag_toggle_bank1_sync_rd[0]}] File: /home/vash/mister-builds/entry681/FPGA/MediaPlayer.sdc Line: 71
Warning (332049): Ignored set_false_path at MediaPlayer.sdc(71): Argument <to> is an empty collection File: /home/vash/mister-builds/entry681/FPGA/MediaPlayer.sdc Line: 71
Warning (332174): Ignored filter at MediaPlayer.sdc(79): *|mpeg2_luma_framebuffer:mpeg2_luma_framebuffer|luma_provenance_*_rd* could not be matched with a keeper File: /home/vash/mister-builds/entry681/FPGA/MediaPlayer.sdc Line: 79
Warning (332174): Ignored filter at MediaPlayer.sdc(80): *|mpeg2_luma_framebuffer:mpeg2_luma_framebuffer|luma_provenance_*_m1* could not be matched with a keeper File: /home/vash/mister-builds/entry681/FPGA/MediaPlayer.sdc Line: 80
Warning (332049): Ignored set_false_path at MediaPlayer.sdc(78): Argument <from> is an empty collection File: /home/vash/mister-builds/entry681/FPGA/MediaPlayer.sdc Line: 78
    Info (332050): set_false_path \
    -from [get_keepers {*|mpeg2_luma_framebuffer:mpeg2_luma_framebuffer|luma_provenance_*_rd*}] \
    -to   [get_keepers {*|mpeg2_luma_framebuffer:mpeg2_luma_framebuffer|luma_provenance_*_m1*}] File: /home/vash/mister-builds/entry681/FPGA/MediaPlayer.sdc Line: 78
Warning (332049): Ignored set_false_path at MediaPlayer.sdc(78): Argument <to> is an empty collection File: /home/vash/mister-builds/entry681/FPGA/MediaPlayer.sdc Line: 78
Warning (332174): Ignored filter at MediaPlayer.sdc(82): *|mpeg2_luma_framebuffer:mpeg2_luma_framebuffer|luma_provenance_toggle_rd could not be matched with a keeper File: /home/vash/mister-builds/entry681/FPGA/MediaPlayer.sdc Line: 82
Warning (332174): Ignored filter at MediaPlayer.sdc(83): *|mpeg2_luma_framebuffer:mpeg2_luma_framebuffer|luma_provenance_toggle_sync[0] could not be matched with a keeper File: /home/vash/mister-builds/entry681/FPGA/MediaPlayer.sdc Line: 83
Warning (332049): Ignored set_false_path at MediaPlayer.sdc(81): Argument <from> is an empty collection File: /home/vash/mister-builds/entry681/FPGA/MediaPlayer.sdc Line: 81
    Info (332050): set_false_path \
    -from [get_keepers {*|mpeg2_luma_framebuffer:mpeg2_luma_framebuffer|luma_provenance_toggle_rd}] \
    -to   [get_keepers {*|mpeg2_luma_framebuffer:mpeg2_luma_framebuffer|luma_provenance_toggle_sync[0]}] File: /home/vash/mister-builds/entry681/FPGA/MediaPlayer.sdc Line: 81
Warning (332049): Ignored set_false_path at MediaPlayer.sdc(81): Argument <to> is an empty collection File: /home/vash/mister-builds/entry681/FPGA/MediaPlayer.sdc Line: 81
Warning (332174): Ignored filter at MediaPlayer.sdc(140): *|mpeg2_new_framebuffer_prefill_missed_sync[0] could not be matched with a keeper File: /home/vash/mister-builds/entry681/FPGA/MediaPlayer.sdc Line: 140
Warning (332049): Ignored set_false_path at MediaPlayer.sdc(139): Argument <to> is an empty collection File: /home/vash/mister-builds/entry681/FPGA/MediaPlayer.sdc Line: 139
    Info (332050): set_false_path \
    -to [get_keepers {*|mpeg2_new_framebuffer_prefill_missed_sync[0]}] File: /home/vash/mister-builds/entry681/FPGA/MediaPlayer.sdc Line: 139
Warning (332174): Ignored filter at MediaPlayer.sdc(147): *|mpeg2_new_framebuffer_phase_error_sync[0] could not be matched with a keeper File: /home/vash/mister-builds/entry681/FPGA/MediaPlayer.sdc Line: 147
Warning (332049): Ignored set_false_path at MediaPlayer.sdc(146): Argument <to> is an empty collection File: /home/vash/mister-builds/entry681/FPGA/MediaPlayer.sdc Line: 146
    Info (332050): set_false_path \
    -to [get_keepers {*|mpeg2_new_framebuffer_phase_error_sync[0]}] File: /home/vash/mister-builds/entry681/FPGA/MediaPlayer.sdc Line: 146
Warning (332174): Ignored filter at MediaPlayer.sdc(212): RESET could not be matched with a port File: /home/vash/mister-builds/entry681/FPGA/MediaPlayer.sdc Line: 212
Warning (332049): Ignored set_false_path at MediaPlayer.sdc(211): Argument <from> is an empty collection File: /home/vash/mister-builds/entry681/FPGA/MediaPlayer.sdc Line: 211
    Info (332050): set_false_path \
    -from [get_ports {RESET}] \
    -to   [get_keepers {*|reset_mpeg2_sync[*]}] File: /home/vash/mister-builds/entry681/FPGA/MediaPlayer.sdc Line: 211
Warning (332049): Ignored set_false_path at MediaPlayer.sdc(214): Argument <from> is an empty collection File: /home/vash/mister-builds/entry681/FPGA/MediaPlayer.sdc Line: 214
    Info (332050): set_false_path \
    -from [get_ports {RESET}] \
    -to   [get_keepers {*|reset_video_sync[*]}] File: /home/vash/mister-builds/entry681/FPGA/MediaPlayer.sdc Line: 214
Info (332097): The following timing edges are non-unate.  TimeQuest will assume pos-unate behavior for these edges in the clock network.
    Info (332098): Cell: emu|pll|pll_inst|altera_pll_i|general[0].gpll~FRACTIONAL_PLL  from: refclkin  to: fbclk
    Info (332098): Cell: emu|pll|pll_inst|altera_pll_i|general[0].gpll~PLL_OUTPUT_COUNTER  from: vco0ph[0]  to: divclk
    Info (332098): Cell: emu|pll|pll_inst|altera_pll_i|general[0].gpll~PLL_REFCLK_SELECT  from: clkin[0]  to: clkout
    Info (332098): Cell: emu|pll|pll_inst|altera_pll_i|general[1].gpll~PLL_OUTPUT_COUNTER  from: vco0ph[0]  to: divclk
    Info (332098): Cell: emu|pll|pll_inst|altera_pll_i|general[2].gpll~PLL_OUTPUT_COUNTER  from: vco0ph[0]  to: divclk
    Info (332098): Cell: pll_audio|pll_audio_inst|altera_pll_i|general[0].gpll~FRACTIONAL_PLL  from: refclkin  to: fbclk
    Info (332098): Cell: pll_audio|pll_audio_inst|altera_pll_i|general[0].gpll~PLL_OUTPUT_COUNTER  from: vco0ph[0]  to: divclk
    Info (332098): Cell: pll_audio|pll_audio_inst|altera_pll_i|general[0].gpll~PLL_REFCLK_SELECT  from: clkin[0]  to: clkout
    Info (332098): From: sysmem|fpga_interfaces|f2sdram|cmd_port_clk_0  to: sysmem_lite:sysmem|sysmem_HPS_fpga_interfaces:fpga_interfaces|f2sdram~FF_762
    Info (332098): From: sysmem|fpga_interfaces|f2sdram|cmd_port_clk_1  to: sysmem_lite:sysmem|sysmem_HPS_fpga_interfaces:fpga_interfaces|f2sdram~FF_827
    Info (332098): From: sysmem|fpga_interfaces|f2sdram|cmd_port_clk_2  to: sysmem_lite:sysmem|sysmem_HPS_fpga_interfaces:fpga_interfaces|f2sdram~FF_920
    Info (332098): From: sysmem|fpga_interfaces|f2sdram|rd_clk_0  to: sysmem_lite:sysmem|sysmem_HPS_fpga_interfaces:fpga_interfaces|f2sdram~FF_7
    Info (332098): From: sysmem|fpga_interfaces|f2sdram|rd_clk_1  to: sysmem_lite:sysmem|sysmem_HPS_fpga_interfaces:fpga_interfaces|f2sdram~FF_6
    Info (332098): From: sysmem|fpga_interfaces|f2sdram|rd_clk_2  to: sysmem_lite:sysmem|sysmem_HPS_fpga_interfaces:fpga_interfaces|f2sdram~FF_5
    Info (332098): From: sysmem|fpga_interfaces|f2sdram|rd_clk_3  to: sysmem_lite:sysmem|sysmem_HPS_fpga_interfaces:fpga_interfaces|f2sdram~FF_4
    Info (332098): From: sysmem|fpga_interfaces|f2sdram|wr_clk_0  to: sysmem_lite:sysmem|sysmem_HPS_fpga_interfaces:fpga_interfaces|f2sdram~FF_3
    Info (332098): From: sysmem|fpga_interfaces|f2sdram|wr_clk_1  to: sysmem_lite:sysmem|sysmem_HPS_fpga_interfaces:fpga_interfaces|f2sdram~FF_2
    Info (332098): From: sysmem|fpga_interfaces|f2sdram|wr_clk_2  to: sysmem_lite:sysmem|sysmem_HPS_fpga_interfaces:fpga_interfaces|f2sdram~FF_1
    Info (332098): From: sysmem|fpga_interfaces|f2sdram|wr_clk_3  to: sysmem_lite:sysmem|sysmem_HPS_fpga_interfaces:fpga_interfaces|f2sdram~FF_0
Info (332123): Deriving Clock Uncertainty. Please refer to report_sdc in TimeQuest to see clock uncertainties.
Info: Found TIMEQUEST_REPORT_SCRIPT_INCLUDE_DEFAULT_ANALYSIS = ON
Info (332146): Worst-case setup slack is 0.269
    Info (332119):     Slack       End Point TNS Clock 
    Info (332119): ========= =================== =====================
    Info (332119):     1.401               0.000 emu|pll|pll_inst|altera_pll_i|general[2].gpll~PLL_OUTPUT_COUNTER|divclk 
    Info (332119):     2.048               0.000 sysmem|fpga_interfaces|clocks_resets|h2f_user0_clk 
    Info (332119):     3.150               0.000 emu|pll|pll_inst|altera_pll_i|general[1].gpll~PLL_OUTPUT_COUNTER|divclk 
    Info (332119):     5.064               0.000 spi_sck 
    Info (332119):     7.494               0.000 FPGA_CLK1_50 
    Info (332119):    12.246               0.000 FPGA_CLK2_50 
    Info (332119):    14.014               0.000 pll_audio|pll_audio_inst|altera_pll_i|general[0].gpll~PLL_OUTPUT_COUNTER|divclk 
    Info (332119):    38.461               0.000 emu|pll|pll_inst|altera_pll_i|general[0].gpll~PLL_OUTPUT_COUNTER|divclk 
Info (332146): Worst-case hold slack is 0.250
    Info (332119):     Slack       End Point TNS Clock 
    Info (332119): ========= =================== =====================
    Info (332119):     0.250               0.000 emu|pll|pll_inst|altera_pll_i|general[1].gpll~PLL_OUTPUT_COUNTER|divclk 
    Info (332119):     0.254               0.000 emu|pll|pll_inst|altera_pll_i|general[2].gpll~PLL_OUTPUT_COUNTER|divclk 
    Info (332119):     0.280               0.000 pll_audio|pll_audio_inst|altera_pll_i|general[0].gpll~PLL_OUTPUT_COUNTER|divclk 
    Info (332119):     0.324               0.000 sysmem|fpga_interfaces|clocks_resets|h2f_user0_clk 
    Info (332119):     0.393               0.000 emu|pll|pll_inst|altera_pll_i|general[0].gpll~PLL_OUTPUT_COUNTER|divclk 
    Info (332119):     0.413               0.000 FPGA_CLK1_50 
    Info (332119):     0.419               0.000 FPGA_CLK2_50 
    Info (332119):     0.441               0.000 spi_sck 
Info (332146): Worst-case recovery slack is 3.968
    Info (332119):     Slack       End Point TNS Clock 
    Info (332119): ========= =================== =====================
    Info (332119):     5.532               0.000 sysmem|fpga_interfaces|clocks_resets|h2f_user0_clk 
    Info (332119):     9.119               0.000 emu|pll|pll_inst|altera_pll_i|general[2].gpll~PLL_OUTPUT_COUNTER|divclk 
    Info (332119):    14.731               0.000 emu|pll|pll_inst|altera_pll_i|general[1].gpll~PLL_OUTPUT_COUNTER|divclk 
    Info (332119):    16.787               0.000 FPGA_CLK1_50 
    Info (332119):    35.654               0.000 pll_audio|pll_audio_inst|altera_pll_i|general[0].gpll~PLL_OUTPUT_COUNTER|divclk 
    Info (332119):    41.573               0.000 emu|pll|pll_inst|altera_pll_i|general[0].gpll~PLL_OUTPUT_COUNTER|divclk 
Info (332146): Worst-case removal slack is 0.572
    Info (332119):     Slack       End Point TNS Clock 
    Info (332119): ========= =================== =====================
    Info (332119):     0.572               0.000 emu|pll|pll_inst|altera_pll_i|general[2].gpll~PLL_OUTPUT_COUNTER|divclk 
    Info (332119):     0.717               0.000 pll_audio|pll_audio_inst|altera_pll_i|general[0].gpll~PLL_OUTPUT_COUNTER|divclk 
    Info (332119):     0.820               0.000 emu|pll|pll_inst|altera_pll_i|general[0].gpll~PLL_OUTPUT_COUNTER|divclk 
    Info (332119):     1.475               0.000 FPGA_CLK1_50 
    Info (332119):     1.850               0.000 emu|pll|pll_inst|altera_pll_i|general[1].gpll~PLL_OUTPUT_COUNTER|divclk 
    Info (332119):     1.939               0.000 sysmem|fpga_interfaces|clocks_resets|h2f_user0_clk 
Info (332146): Worst-case minimum pulse width slack is 0.925
    Info (332119):     Slack       End Point TNS Clock 
    Info (332119): ========= =================== =====================
    Info (332119):     0.925               0.000 emu|pll|pll_inst|altera_pll_i|general[0].gpll~FRACTIONAL_PLL|vcoph[0] 
    Info (332119):     1.196               0.000 pll_audio|pll_audio_inst|altera_pll_i|general[0].gpll~FRACTIONAL_PLL|vcoph[0] 
    Info (332119):     3.593               0.000 sysmem|fpga_interfaces|clocks_resets|h2f_user0_clk 
    Info (332119):     4.256               0.000 spi_sck 
    Info (332119):     6.882               0.000 emu|pll|pll_inst|altera_pll_i|general[2].gpll~PLL_OUTPUT_COUNTER|divclk 
    Info (332119):     7.831               0.000 emu|pll|pll_inst|altera_pll_i|general[1].gpll~PLL_OUTPUT_COUNTER|divclk 
    Info (332119):     9.214               0.000 FPGA_CLK1_50 
    Info (332119):     9.214               0.000 FPGA_CLK2_50 
    Info (332119):     9.730               0.000 FPGA_CLK3_50 
    Info (332119):    18.926               0.000 pll_audio|pll_audio_inst|altera_pll_i|general[0].gpll~PLL_OUTPUT_COUNTER|divclk 
    Info (332119):    23.560               0.000 emu|pll|pll_inst|altera_pll_i|general[0].gpll~PLL_OUTPUT_COUNTER|divclk 
Info (332114): Report Metastability: Found 2750 synchronizer chains.
    Info (332114): Worst-Case MTBF of Design is 1e+09 years or 3.15e+16 seconds.
    Info (332114): Typical MTBF of Design is 1e+09 years or 3.15e+16 seconds.

    Info (332114): Number of Synchronizer Chains Found: 2750
    Info (332114): Shortest Synchronizer Chain: 2 Registers
    Info (332114): Fraction of Chains for which MTBFs Could Not be Calculated: 0.247
    Info (332114): Worst Case Available Settling Time: 3.444 ns
    Info (332114): Worst-Case MTBF values are calculated based on the worst-case silicon characteristics, with worst-case operating conditions.
    Info (332114):   - Under worst-case conditions, an increase of 100ps in available settling time will increase MTBF values by a factor of 8.0
    Info (332114): Typical MTBF values are calculated based on the nominal silicon characteristics, at nominal operating conditions.
    Info (332114):   - Under typical conditions, an increase of 100ps in available settling time will increase MTBF values by a factor of 17.8
Info (332102): Design is not fully constrained for setup requirements
Info (332102): Design is not fully constrained for hold requirements
Info: Quartus Prime TimeQuest Timing Analyzer was successful. 0 errors, 31 warnings
    Info: Peak virtual memory: 2219 megabytes
    Info: Processing ended: Fri Aug 28 13:12:53 2026
    Info: Elapsed time: 00:00:11
    Info: Total CPU time (on all processors): 00:00:17
Info (293000): Quartus Prime Full Compilation was successful. 0 errors, 205 warnings
Info (23030): Evaluation of Tcl script /home/vash/intelFPGA_lite/17.0_T/quartus/common/tcl/internal/qsh_flow.tcl was successful
Info: Quartus Prime Shell was successful. 0 errors, 205 warnings
    Info: Peak virtual memory: 774 megabytes
    Info: Processing ended: Fri Aug 28 13:12:54 2026
    Info: Elapsed time: 00:12:25
    Info: Total CPU time (on all processors): 00:45:10
