cycle,event,id,field,byte,selected_id,candidate_id,candidate_ready,cadence_slot,pts_active,pts_due,stc,display_pts,display_pts_valid,tff,rff,present,generation,decoder_wait,presentation_wait,destination_wait,writer_wait,state,decoder_ready,cache_ready,prefill_miss,phase_error,overlap_error
0,PTS,0,0,0,0,0,0,1,0,0,0,0,0,1,0,0,0,0,0,0,0,2147483648,0,0,0,0,0
172,START,0,0,166,0,0,0,1,0,0,48003,0,0,1,0,0,0,7,0,0,0,2147483648,1,0,0,0,0
994754,SELECT,0,0,4484,0,0,0,1,0,0,49495,0,0,1,0,0,0,990270,0,0,4620,2147483648,0,0,0,0,0
1692822,START,1,0,7506,0,0,0,0,0,0,50542,0,0,1,0,0,1,1685317,0,0,7890,2147483648,1,0,0,0,0
1692823,READY,0,0,7506,0,0,0,0,0,0,50542,0,0,1,0,0,1,1685317,0,0,7890,2147483648,0,0,0,0,0
1909960,FIELD,0,0,7636,0,0,0,0,0,0,50867,48003,0,1,0,0,1,1902324,0,0,12787,3221225472,0,1,0,0,0
2522650,READY,1,1,7889,0,0,0,0,0,0,51786,48003,0,1,0,0,1,2514762,0,0,26110,3221225472,1,1,0,0,0
2522651,START,2,1,7890,0,1,0,0,0,0,51786,48003,0,1,0,0,1,2514762,0,0,26110,3288334336,1,1,0,0,0
2776281,PTS,1,1,8065,0,1,0,0,0,0,52167,48003,0,1,0,0,1,2768217,0,0,32508,1073742405,1,1,0,0,0
2912866,FIELD,0,1,8128,0,1,0,0,0,0,52372,48003,0,1,0,0,1,2904738,0,0,35967,1073742405,0,1,0,0,0
2996760,PUBLISH,0,2,8176,0,1,0,0,0,0,52498,48003,0,1,0,1,1,2988584,0,0,38091,1073742405,0,1,0,0,0
3226552,READY,2,2,8272,0,1,0,0,0,0,52842,48003,0,1,0,1,1,3218280,0,0,55853,1073742405,0,1,0,0,0
3226554,START,3,2,8274,0,2,1,0,0,0,52842,48003,0,1,0,1,1,3218281,0,0,55853,1073742409,1,1,0,0,0
3911960,FIELD,0,2,8656,0,2,1,0,0,0,53870,48003,0,1,0,1,1,3903304,0,0,109245,1073742925,0,1,0,0,0
3955645,READY,3,3,8656,0,2,1,0,0,0,53936,48003,0,1,0,1,1,3946989,0,0,110348,1073742925,0,1,0,0,0
3955647,START,4,3,8658,0,2,1,0,0,0,53936,48003,0,1,0,1,1,3946990,0,0,110348,1073742937,1,1,0,0,0
4832669,READY,4,3,9041,0,2,1,0,0,0,55252,48003,0,1,0,1,1,4823629,0,0,171012,1073744987,1,1,0,0,0
4914866,FIELD,0,3,9041,0,2,1,1,0,0,55375,48003,0,1,0,1,1,4823629,82196,0,171012,1140855899,1,1,0,0,0
4914867,SELECT,2,4,9041,2,3,1,0,1,0,55375,48003,0,1,1,1,1,4823629,82197,0,171012,1140856179,1,1,0,0,0
4998760,PUBLISH,2,4,9041,2,3,1,0,1,0,55501,48003,0,1,1,1,2,4823629,166090,0,171012,1140856179,1,1,0,0,0
5913960,FIELD,2,4,9041,2,3,1,0,1,1,56873,48003,0,1,1,1,2,4823629,1081290,0,171012,1140856179,1,1,0,0,0
6916866,FIELD,2,5,9041,2,3,1,0,1,1,58378,48003,0,1,1,1,2,4823629,2084196,0,171012,1140856179,1,1,0,0,0
7915960,FIELD,2,6,9041,2,3,1,1,1,1,59876,48003,0,1,1,1,2,4823629,3083290,0,171012,1140856179,1,1,0,0,0
7915961,START,5,7,9042,3,1,1,0,0,0,59876,55511,1,0,0,1,2,4823629,3083291,0,171012,1140856131,1,1,0,0,0
7915961,SELECT,3,7,9042,3,1,1,0,0,0,59876,55511,1,0,0,1,2,4823629,3083291,0,171012,1140856131,1,1,0,0,0
8003666,PUBLISH,3,7,9124,3,1,1,0,0,0,60008,55511,1,0,0,1,3,4911251,3083291,0,173438,1091872067,0,1,0,0,0
8642329,READY,5,7,9424,3,1,1,0,0,0,60966,55511,1,0,0,1,3,5549614,3083291,0,222821,1091872067,0,1,0,0,0
8918866,FIELD,3,7,9425,3,1,1,0,0,0,61381,55511,1,0,0,1,3,5549615,3359826,0,222821,1091904835,1,1,0,0,0
9917960,FIELD,3,8,9425,3,1,1,1,0,0,62879,55511,1,0,0,1,3,5549615,4358920,0,222821,1091904835,1,1,0,0,0
9917961,SELECT,1,9,9425,1,4,0,0,0,0,62879,48003,0,0,1,1,3,5549615,4358921,0,222821,1125459203,1,1,0,0,0
9917962,START,6,9,9426,1,5,1,0,0,0,62879,48003,0,0,1,1,4,5549615,4358922,0,222821,1073742409,1,0,0,0,0
10005666,PUBLISH,1,9,9508,1,5,1,0,0,0,63011,48003,0,0,1,1,4,5637236,4358922,0,225264,1073742925,0,1,0,0,0
10644413,READY,6,9,9808,1,5,1,0,0,0,63969,48003,0,0,1,1,4,6275683,4358922,0,274713,1073742925,0,1,0,0,0
10644415,START,7,9,9810,1,5,1,0,0,0,63969,48003,0,0,1,1,4,6275684,4358922,0,274713,1073742937,1,1,0,0,0
10920866,FIELD,1,9,9964,1,5,1,0,0,0,64384,48003,0,0,1,1,4,6551980,4358922,0,294579,1073744987,0,1,0,0,0
11519306,READY,7,10,10193,1,5,1,0,0,0,65281,48003,0,0,1,1,4,7150192,4358922,0,333564,1073744987,1,1,0,0,0
11919960,FIELD,1,10,10193,1,5,1,0,0,0,65882,48003,0,0,1,1,4,7150192,4759575,0,333564,1140855899,1,1,0,0,0
12922866,FIELD,1,11,10193,1,5,1,1,0,0,67387,48003,0,0,1,1,4,7150192,5762481,0,333564,1140855899,1,1,0,0,0
12922867,SELECT,5,12,10193,5,6,1,0,0,0,67387,55511,0,1,0,1,4,7150192,5762482,0,333564,1140856179,1,1,0,0,0
13006760,PUBLISH,5,12,10193,5,6,1,0,0,0,67513,55511,0,1,0,1,5,7150192,5846375,0,333564,1140856179,1,1,0,0,0
13921960,FIELD,5,12,10193,5,6,1,0,0,0,68885,55511,0,1,0,1,5,7150192,6761575,0,333564,1140856179,1,1,0,0,0
14924867,FIELD,5,13,10193,5,6,1,1,0,0,70390,55511,0,1,0,1,5,7150192,7764482,0,333564,1140856179,1,1,0,0,0
14924868,START,8,14,10194,6,4,1,0,0,0,70390,55511,0,1,1,1,5,7150192,7764483,0,333564,1140856131,1,1,0,0,0
14924868,SELECT,6,14,10194,6,4,1,0,0,0,70390,55511,0,1,1,1,5,7150192,7764483,0,333564,1140856131,1,1,0,0,0
15008760,PUBLISH,6,14,10276,6,4,1,0,0,0,70516,55511,0,1,1,1,6,7234001,7764483,0,335671,1091872067,0,1,0,0,0
15651512,READY,8,14,10576,6,4,1,0,0,0,71480,55511,0,1,1,1,6,7876453,7764483,0,385382,1091872067,0,1,0,0,0
15923960,FIELD,6,14,10577,6,4,1,0,0,0,71888,55511,0,1,1,1,6,7876454,8036929,0,385382,1091904835,1,1,0,0,0
16926867,FIELD,6,15,10577,6,4,1,0,0,0,73393,55511,0,1,1,1,6,7876454,9039836,0,385382,1091904835,1,1,0,0,0
17925960,FIELD,6,16,10577,6,4,1,1,0,0,74891,55511,0,1,1,1,6,7876454,10038929,0,385382,1091904835,1,1,0,0,0
17925961,SELECT,4,17,10577,4,7,0,0,0,0,74891,55511,0,0,0,1,6,7876454,10038930,0,385382,1125459203,1,1,0,0,0
17925962,START,9,17,10578,4,8,1,0,0,0,74891,55511,0,0,0,1,7,7876454,10038931,0,385382,1073742409,1,0,0,0,0
18013666,PUBLISH,4,17,10660,4,8,1,0,0,0,75023,55511,0,0,0,1,7,7964075,10038931,0,387565,1073742925,0,1,0,0,0
18652600,READY,9,17,10960,4,8,1,0,0,0,75981,55511,0,0,0,1,7,8602709,10038931,0,437152,1073742925,0,1,0,0,0
18652602,START,10,17,10962,4,8,1,0,0,0,75981,55511,0,0,0,1,7,8602710,10038931,0,437152,1073742937,1,1,0,0,0
18928867,FIELD,4,17,11116,4,8,1,0,0,0,76396,55511,0,0,0,1,7,8878820,10038931,0,457242,1073744987,0,1,0,0,0
19526682,READY,10,18,11345,4,8,1,0,0,0,77293,55511,0,0,0,1,7,9476407,10038931,0,495716,1073744987,1,1,0,0,0
19927960,FIELD,4,18,11345,4,8,1,1,0,0,77894,55511,0,0,0,1,7,9476407,10440208,0,495716,1140855899,1,1,0,0,0
19927961,SELECT,8,19,11345,8,9,1,0,0,0,77894,55511,0,0,1,1,7,9476407,10440209,0,495716,1140856179,1,1,0,0,0
20015666,PUBLISH,8,19,11345,8,9,1,0,0,0,78026,55511,0,0,1,1,8,9476407,10527914,0,495716,1140856179,1,1,0,0,0
20930867,FIELD,8,19,11345,8,9,1,0,0,0,79399,55511,0,0,1,1,8,9476407,11443115,0,495716,1140856179,1,1,0,0,0
21929960,FIELD,8,20,11345,8,9,1,0,0,0,80897,55511,0,0,1,1,8,9476407,12442208,0,495716,1140856179,1,1,0,0,0
22932867,FIELD,8,21,11345,8,9,1,1,0,0,82402,55511,0,0,1,1,8,9476407,13445115,0,495716,1140856179,1,1,0,0,0
22932868,START,11,22,11346,9,7,1,0,0,0,82402,55511,0,1,0,1,8,9476407,13445116,0,495716,1140856131,1,1,0,0,0
22932868,SELECT,9,22,11346,9,7,1,0,0,0,82402,55511,0,1,0,1,8,9476407,13445116,0,495716,1140856131,1,1,0,0,0
23016760,PUBLISH,9,22,11428,9,7,1,0,0,0,82528,55511,0,1,0,1,9,9560216,13445116,0,498023,1091872067,0,1,0,0,0
23659704,READY,11,22,11728,9,7,1,0,0,0,83492,55511,0,1,0,1,9,10202860,13445116,0,548071,1091872067,0,1,0,0,0
23931960,FIELD,9,22,11729,9,7,1,0,0,0,83900,55511,0,1,0,1,9,10202861,13717370,0,548071,1091904835,1,1,0,0,0
24934867,FIELD,9,23,11729,9,7,1,1,0,0,85405,55511,0,1,0,1,9,10202861,14720277,0,548071,1091904835,1,1,0,0,0
24934868,SELECT,7,24,11729,7,10,0,0,0,0,85405,55511,0,1,1,1,9,10202861,14720278,0,548071,1125459203,1,1,0,0,0
24935029,START,12,24,11890,7,11,1,0,0,0,85405,55511,0,1,1,0,10,10202861,14720279,0,548071,1073742409,1,0,0,0,0
25018760,PUBLISH,7,24,12270,7,11,1,0,0,0,85531,55511,0,1,1,1,10,10286211,14720279,0,548543,1073744459,0,1,0,0,0
25933960,FIELD,7,24,16214,7,11,1,0,0,0,86903,55511,0,1,1,1,10,11197467,14720279,0,592801,1073744459,0,1,0,0,0
26388538,PTS,2,25,18175,7,11,1,0,0,0,87585,55511,0,1,1,1,10,11650085,14720279,0,611440,1073744459,1,1,0,0,0
26632327,START,13,25,19230,7,11,1,0,0,0,87951,55511,0,1,1,1,10,11892819,14720279,0,622713,1073744459,1,1,0,0,0
26632328,READY,12,25,19230,7,11,1,0,0,0,87951,55511,0,1,1,1,10,11892819,14720279,0,622713,1073744459,1,1,0,0,0
26936867,FIELD,7,25,19420,7,11,1,0,0,0,88408,55511,0,1,1,1,10,12197167,14720280,0,646710,1628742219,0,1,0,0,0
27358950,READY,13,26,19612,7,11,1,0,0,0,89041,55511,0,1,1,1,10,12619058,14720280,0,674811,1628742219,0,1,0,0,0
27935960,FIELD,7,26,19613,7,11,1,1,0,0,89906,55511,0,1,1,1,10,12619059,15297288,0,674811,1628840523,1,1,0,0,0
27935961,SELECT,11,27,19613,11,10,1,0,0,0,89906,55511,0,0,0,1,10,12619059,15297289,0,674811,1628840803,1,1,0,0,0
28023667,PUBLISH,11,27,19613,11,10,1,0,0,0,90038,55511,0,0,0,1,11,12619059,15384995,0,674811,1628840803,1,1,0,0,0
28938867,FIELD,11,27,19613,11,10,1,0,0,0,91411,55511,0,0,0,1,11,12619059,16300195,0,674811,1628840803,1,1,0,0,0
29937960,FIELD,11,28,19613,11,10,1,1,0,0,92909,55511,0,0,0,1,11,12619059,17299288,0,674811,1628840803,1,1,0,0,0
29937961,SELECT,10,29,19613,10,12,0,0,0,0,92909,55511,0,0,1,1,11,12619059,17299289,0,674811,1662395171,1,1,0,0,0
29937962,START,14,29,19614,10,13,1,0,1,0,92909,55511,0,0,1,1,12,12619059,17299290,0,674811,1610613361,1,0,0,0,0
30025667,PUBLISH,10,29,19696,10,13,1,0,1,0,93041,55511,0,0,1,1,12,12706681,17299290,0,677230,1610613877,0,1,0,0,0
30664552,READY,14,29,19996,10,13,1,0,1,1,93999,55511,0,0,1,1,12,13345266,17299290,0,726842,1610613877,0,1,0,0,0
30664554,START,15,29,19998,10,13,1,0,1,1,93999,55511,0,0,1,1,12,13345267,17299290,0,726842,1610613881,1,1,0,0,0
30940867,FIELD,10,29,20152,10,13,1,0,1,1,94414,55511,0,0,1,1,12,13621425,17299290,0,747088,1610615931,0,1,0,0,0
31539224,READY,15,30,20381,10,13,1,0,1,1,95311,55511,0,0,1,1,12,14219554,17299290,0,786230,1610615931,1,1,0,0,0
31939960,FIELD,10,30,20381,10,13,1,0,1,1,95912,55511,0,0,1,1,12,14219554,17700025,0,786230,1677726843,1,1,0,0,0
32942867,FIELD,10,31,20381,10,13,1,1,1,1,97417,55511,0,0,1,1,12,14219554,18702932,0,786230,1677726843,1,1,0,0,0
32942868,SELECT,13,32,20381,13,14,1,0,0,0,97417,93047,1,1,0,1,12,14219554,18702933,0,786230,1677727051,1,1,0,0,0
33026760,PUBLISH,13,32,20381,13,14,1,0,0,0,97543,93047,1,1,0,1,13,14219554,18786825,0,786230,1677727051,1,1,0,0,0
33941960,FIELD,13,32,20381,13,14,1,0,0,0,98915,93047,1,1,0,1,13,14219554,19702025,0,786230,1677727051,1,1,0,0,0
34944867,FIELD,13,33,20381,13,14,1,1,0,0,100420,93047,1,1,0,1,13,14219554,20704932,0,786230,1677727051,1,1,0,0,0
34944868,START,16,34,20382,14,12,1,0,0,0,100420,93047,0,1,1,1,13,14219554,20704933,0,786230,1677727075,1,1,0,0,0
34944868,SELECT,14,34,20382,14,12,1,0,0,0,100420,93047,0,1,1,1,13,14219554,20704933,0,786230,1677727075,1,1,0,0,0
35028760,PUBLISH,14,34,20464,14,12,1,0,0,0,100546,93047,0,1,1,1,14,14303363,20704933,0,788571,1628743011,0,1,0,0,0
35671485,READY,16,34,20764,14,12,1,0,0,0,101510,93047,0,1,1,1,14,14945788,20704933,0,838250,1628743011,0,1,0,0,0
35943960,FIELD,14,34,20765,14,12,1,0,0,0,101918,93047,0,1,1,1,14,14945789,20977406,0,838250,1628841315,1,1,0,0,0
36946867,FIELD,14,35,20765,14,12,1,0,0,0,103423,93047,0,1,1,1,14,14945789,21980313,0,838250,1628841315,1,1,0,0,0
37945960,FIELD,14,36,20765,14,12,1,1,0,0,104921,93047,0,1,1,1,14,14945789,22979406,0,838250,1628841315,1,1,0,0,0
37945961,SELECT,12,37,20765,12,15,0,0,0,0,104921,55511,0,0,0,1,14,14945789,22979407,0,838250,1662395683,1,1,0,0,0
37945962,START,17,37,20766,12,16,1,0,0,0,104921,55511,0,0,0,1,15,14945789,22979408,0,838250,1610613361,1,0,0,0,0
38033667,PUBLISH,12,37,20848,12,16,1,0,0,0,105053,55511,0,0,0,1,15,15033411,22979408,0,840676,1610613877,0,1,0,0,0
38672744,READY,17,37,21148,12,16,1,0,0,0,106012,55511,0,0,0,1,15,15672188,22979408,0,890559,1610613877,0,1,0,0,0
38672746,START,18,37,21150,12,16,1,0,0,0,106012,55511,0,0,0,1,15,15672189,22979408,0,890559,1610613881,1,1,0,0,0
38948867,FIELD,12,37,21304,12,16,1,0,0,0,106426,55511,0,0,0,1,15,15948155,22979408,0,911009,1610615931,0,1,0,0,0
39547825,READY,18,38,21533,12,16,1,0,0,0,107324,55511,0,0,0,1,15,16546885,22979408,0,950199,1610615931,1,1,0,0,0
39947960,FIELD,12,38,21533,12,16,1,1,0,0,107924,55511,0,0,0,1,15,16546885,23379542,0,950199,1677726843,1,1,0,0,0
39947961,SELECT,16,39,21533,16,17,1,0,0,0,107924,93047,0,0,1,1,15,16546885,23379543,0,950199,1677727051,1,1,0,0,0
40035667,PUBLISH,16,39,21533,16,17,1,0,0,0,108056,93047,0,0,1,1,16,16546885,23467249,0,950199,1677727051,1,1,0,0,0
40950867,FIELD,16,39,21533,16,17,1,0,0,0,109429,93047,0,0,1,1,16,16546885,24382449,0,950199,1677727051,1,1,0,0,0
41949960,FIELD,16,40,21533,16,17,1,0,0,0,110927,93047,0,0,1,1,16,16546885,25381542,0,950199,1677727051,1,1,0,0,0
42952867,FIELD,16,41,21533,16,17,1,1,0,0,112432,93047,0,0,1,1,16,16546885,26384449,0,950199,1677727051,1,1,0,0,0
42952868,START,19,42,21534,17,15,1,0,0,0,112432,93047,0,1,0,1,16,16546885,26384450,0,950199,1677727075,1,1,0,0,0
42952868,SELECT,17,42,21534,17,15,1,0,0,0,112432,93047,0,1,0,1,16,16546885,26384450,0,950199,1677727075,1,1,0,0,0
43036760,PUBLISH,17,42,21616,17,15,1,0,0,0,112558,93047,0,1,0,1,17,16630694,26384450,0,952476,1628743011,0,1,0,0,0
43679416,READY,19,42,21916,17,15,1,0,0,0,113522,93047,0,1,0,1,17,17273050,26384450,0,1002138,1628743011,0,1,0,0,0
43951960,FIELD,17,42,21917,17,15,1,0,0,0,113930,93047,0,1,0,1,17,17273051,26656992,0,1002138,1628841315,1,1,0,0,0
44954867,FIELD,17,43,21917,17,15,1,1,0,0,115435,93047,0,1,0,1,17,17273051,27659899,0,1002138,1628841315,1,1,0,0,0
44954868,SELECT,15,44,21917,15,18,0,0,0,0,115435,93047,0,1,1,1,17,17273051,27659900,0,1002138,1662395683,1,1,0,0,0
44954869,START,20,44,21918,15,19,1,0,0,0,115435,93047,0,1,1,1,18,17273051,27659901,0,1002138,1610613361,1,0,0,0,0
45038760,PUBLISH,15,44,22000,15,19,1,0,0,0,115561,93047,0,1,1,1,18,17356859,27659901,0,1004413,1610613877,0,1,0,0,0
45681336,READY,20,44,22300,15,19,1,0,0,0,116525,93047,0,1,1,1,18,17999135,27659901,0,1053963,1610613877,0,1,0,0,0
45681338,START,21,44,22302,15,19,1,0,0,0,116525,93047,0,1,1,1,18,17999136,27659901,0,1053963,1610613881,1,1,0,0,0
45953960,FIELD,15,44,22456,15,19,1,0,0,0,116933,93047,0,1,1,1,18,18271603,27659901,0,1073654,1610615931,0,1,0,0,0
46556113,READY,21,45,22685,15,19,1,0,0,0,117837,93047,0,1,1,1,18,18873528,27659901,0,1113191,1610615931,1,1,0,0,0
46956867,FIELD,15,45,22685,15,19,1,0,0,0,118438,93047,0,1,1,1,18,18873528,28060654,0,1113191,1677726843,1,1,0,0,0
47955960,FIELD,15,46,22685,15,19,1,1,0,0,119936,93047,0,1,1,1,18,18873528,29059747,0,1113191,1677726843,1,1,0,0,0
47955961,SELECT,19,47,22685,19,20,1,0,0,0,119936,93047,0,0,0,1,18,18873528,29059748,0,1113191,1677727051,1,1,0,0,0
48043667,PUBLISH,19,47,22685,19,20,1,0,0,0,120068,93047,0,0,0,1,19,18873528,29147454,0,1113191,1677727051,1,1,0,0,0
48958867,FIELD,19,47,22685,19,20,1,0,0,0,121441,93047,0,0,0,1,19,18873528,30062654,0,1113191,1677727051,1,1,0,0,0
49957960,FIELD,19,48,22685,19,20,1,1,0,0,122939,93047,0,0,0,1,19,18873528,31061747,0,1113191,1677727051,1,1,0,0,0
49957961,START,22,49,22686,20,18,1,0,0,0,122939,93047,0,0,1,1,19,18873528,31061748,0,1113191,1677727075,1,1,0,0,0
49957961,SELECT,20,49,22686,20,18,1,0,0,0,122939,93047,0,0,1,1,19,18873528,31061748,0,1113191,1677727075,1,1,0,0,0
50045667,PUBLISH,20,49,22768,20,18,1,0,0,0,123071,93047,0,0,1,1,20,18961151,31061748,0,1115375,1628743011,0,1,0,0,0
50684600,READY,22,49,23068,20,18,1,0,0,0,124029,93047,0,0,1,1,20,19599784,31061748,0,1164962,1628743011,0,1,0,0,0
50960867,FIELD,20,49,23069,20,18,1,0,0,0,124444,93047,0,0,1,1,20,19599785,31338013,0,1164962,1628841315,1,1,0,0,0
51959960,FIELD,20,50,23069,20,18,1,0,0,0,125942,93047,0,0,1,1,20,19599785,32337106,0,1164962,1628841315,1,1,0,0,0
52962867,FIELD,20,51,23069,20,18,1,1,0,0,127447,93047,0,0,1,1,20,19599785,33340013,0,1164962,1628841315,1,1,0,0,0
52962868,SELECT,18,52,23069,18,21,0,0,0,0,127447,93047,0,1,0,1,20,19599785,33340014,0,1164962,1662395683,1,1,0,0,0
52962869,START,23,52,23070,18,22,1,0,0,0,127447,93047,0,1,0,1,21,19599785,33340015,0,1164962,1610613361,1,0,0,0,0
53046760,PUBLISH,18,52,23152,18,22,1,0,0,0,127573,93047,0,1,0,1,21,19683593,33340015,0,1167222,1610613877,0,1,0,0,0
53689625,READY,23,52,23452,18,22,1,0,0,0,128537,93047,0,1,0,1,21,20326158,33340015,0,1217202,1610613877,0,1,0,0,0
53689787,START,24,52,23614,18,22,1,0,0,0,128537,93047,0,1,0,1,21,20326159,33340015,0,1217202,1610613881,1,1,0,0,0
53961960,FIELD,18,52,24802,18,22,1,0,0,0,128945,93047,0,1,0,1,21,20597143,33340015,0,1231067,1610615931,0,1,0,0,0
54964867,FIELD,18,53,29152,18,22,1,1,0,0,130450,93047,0,1,0,1,21,21595700,33340015,0,1276699,1610615931,0,1,0,0,0
54964868,SELECT,22,54,29152,22,23,1,0,0,0,130450,93047,0,1,1,1,21,21595701,33340015,0,1276699,1610616139,0,1,0,0,0
55048760,PUBLISH,22,54,29517,22,23,1,0,0,0,130576,93047,0,1,1,1,22,21679228,33340015,0,1277453,1610616139,0,1,0,0,0
55232018,PTS,3,54,30309,22,23,1,0,0,0,130851,93047,0,1,1,1,22,21861695,33340015,0,1286589,1610616139,1,1,0,0,0
55388259,START,25,54,30982,22,23,1,0,0,0,131085,93047,0,1,1,1,22,22017263,33340015,0,1294218,1610616139,1,1,0,0,0
55388260,READY,24,54,30982,22,23,1,0,0,0,131085,93047,0,1,1,1,22,22017263,33340015,0,1294218,1610616139,1,1,0,0,0
55963960,FIELD,22,54,30982,22,23,1,0,0,0,131948,93047,0,1,1,1,22,22017263,33915715,0,1294218,1677727051,1,1,0,0,0
56966867,FIELD,22,55,30982,22,23,1,0,0,0,133453,93047,0,1,1,1,22,22017263,34918622,0,1294218,1677727051,1,1,0,0,0
57965960,FIELD,22,56,30982,22,23,1,1,0,0,134951,93047,0,1,1,1,22,22017263,35917715,0,1294218,1677727051,1,1,0,0,0
57965961,SELECT,23,57,30982,23,21,1,0,0,0,134951,93047,0,0,0,1,22,22017263,35917716,0,1294218,1677727075,1,1,0,0,0
58053667,PUBLISH,23,57,31064,23,21,1,0,0,0,135083,93047,0,0,0,1,23,22104886,35917717,0,1296613,1628743011,0,1,0,0,0
58692456,READY,25,57,31380,23,21,1,0,0,0,136041,93047,0,0,0,1,23,22743359,35917717,0,1346177,1628743011,0,1,0,0,0
58968867,FIELD,23,57,31381,23,21,1,0,0,0,136456,93047,0,0,0,1,23,22743360,36194126,0,1346177,1628841315,1,1,0,0,0
59967960,FIELD,23,58,31381,23,21,1,1,0,0,137954,93047,0,0,0,1,23,22743360,37193219,0,1346177,1628841315,1,1,0,0,0
59967961,SELECT,21,59,31381,21,24,0,0,0,0,137954,93047,0,0,1,1,23,22743360,37193220,0,1346177,1662395683,1,1,0,0,0
59967962,START,26,59,31382,21,25,1,0,1,0,137954,93047,0,0,1,1,24,22743360,37193221,0,1346177,1610613361,1,0,0,0,0
60055667,PUBLISH,21,59,31464,21,25,1,0,1,0,138086,93047,0,0,1,1,24,22830982,37193221,0,1348570,1610613877,0,1,0,0,0
60694505,READY,26,59,31776,21,25,1,0,1,1,139044,93047,0,0,1,1,24,23469508,37193221,0,1398186,1610613877,0,1,0,0,0
60694507,START,27,59,31778,21,25,1,0,1,1,139044,93047,0,0,1,1,24,23469509,37193221,0,1398186,1610613881,1,1,0,0,0
60970867,FIELD,21,59,31932,21,25,1,0,1,1,139459,93047,0,0,1,1,24,23745714,37193221,0,1418393,1610615931,0,1,0,0,0
61574457,READY,27,60,35357,21,25,1,0,1,1,140364,93047,0,0,1,1,24,24345880,37193221,0,1457837,1610615931,1,1,0,0,0
61969960,FIELD,21,60,35357,21,25,1,0,1,1,140957,93047,0,0,1,1,24,24345880,37588723,0,1457837,1677726843,1,1,0,0,0
62972867,FIELD,21,61,35357,21,25,1,1,1,1,142462,93047,0,0,1,1,24,24345880,38591630,0,1457837,1677726843,1,1,0,0,0
62972868,SELECT,25,62,35357,25,26,1,0,0,0,142462,138092,1,1,0,1,24,24345880,38591631,0,1457837,1677727051,1,1,0,0,0
63056760,PUBLISH,25,62,35357,25,26,1,0,0,0,142588,138092,1,1,0,1,25,24345880,38675523,0,1457837,1677727051,1,1,0,0,0
63971960,FIELD,25,62,35357,25,26,1,0,0,0,143960,138092,1,1,0,1,25,24345880,39590723,0,1457837,1677727051,1,1,0,0,0
64974867,FIELD,25,63,35357,25,26,1,1,0,0,145465,138092,1,1,0,1,25,24345880,40593630,0,1457837,1677727051,1,1,0,0,0
64974868,START,28,64,35358,26,24,1,0,0,0,145465,138092,0,1,1,1,25,24345880,40593631,0,1457837,1677727075,1,1,0,0,0
64974868,SELECT,26,64,35358,26,24,1,0,0,0,145465,138092,0,1,1,1,25,24345880,40593631,0,1457837,1677727075,1,1,0,0,0
65058760,PUBLISH,26,64,35440,26,24,1,0,0,0,145591,138092,0,1,1,1,26,24429689,40593631,0,1460166,1628743011,0,1,0,0,0
65701992,READY,28,64,35820,26,24,1,0,0,0,146555,138092,0,1,1,1,26,25072541,40593631,0,1510439,1628743011,0,1,0,0,0
65973960,FIELD,26,64,35821,26,24,1,0,0,0,146963,138092,0,1,1,1,26,25072542,40865597,0,1510439,1628841315,1,1,0,0,0
66976867,FIELD,26,65,35821,26,24,1,0,0,0,148468,138092,0,1,1,1,26,25072542,41868504,0,1510439,1628841315,1,1,0,0,0
67975960,FIELD,26,66,35821,26,24,1,0,0,0,149966,138092,0,1,1,1,26,25072542,42867597,0,1510439,1628841315,1,1,0,0,0
68978867,FIELD,26,67,35821,26,24,1,1,0,0,151471,138092,0,1,1,1,26,25072542,43870504,0,1510439,1628841315,1,1,0,0,0
68978868,SELECT,24,68,35821,24,27,0,0,0,0,151471,93047,0,1,1,1,26,25072542,43870505,0,1510439,1662395683,1,1,0,0,0
68978869,START,29,68,35822,24,28,1,0,0,0,151471,93047,0,1,1,1,27,25072542,43870506,0,1510439,1610613361,1,0,0,0,0
69062760,PUBLISH,24,68,35904,24,28,1,0,0,0,151597,93047,0,1,1,1,27,25156350,43870506,0,1512778,1610613877,0,1,0,0,0
69706088,READY,29,68,36332,24,28,1,0,0,0,152562,93047,0,1,1,1,27,25799250,43870506,0,1563129,1610613877,0,1,0,0,0
69706090,START,30,68,36334,24,28,1,0,0,0,152562,93047,0,1,1,1,27,25799251,43870506,0,1563129,1610613881,1,1,0,0,0
69977961,FIELD,24,68,36488,24,28,1,0,0,0,152969,93047,0,1,1,1,27,26070967,43870506,0,1583087,1610615931,0,1,0,0,0
70980867,FIELD,24,69,45260,24,28,1,0,0,0,154474,93047,0,1,1,1,27,27065101,43870506,0,1617174,1610615931,0,1,0,0,0
71047650,READY,30,70,45261,24,28,1,0,0,0,154574,93047,0,1,1,1,27,27131884,43870506,0,1618314,1610615931,1,1,0,0,0
71979961,FIELD,24,70,45261,24,28,1,1,0,0,155972,93047,0,1,1,1,27,27131884,44802816,0,1618314,1677726843,1,1,0,0,0
71979962,SELECT,28,71,45261,28,29,1,0,0,0,155972,138092,0,0,1,1,27,27131884,44802817,0,1618314,1677727051,1,1,0,0,0
72067667,PUBLISH,28,71,45261,28,29,1,0,0,0,156104,138092,0,0,1,1,28,27131884,44890522,0,1618314,1677727051,1,1,0,0,0
72982867,FIELD,28,71,45261,28,29,1,0,0,0,157477,138092,0,0,1,1,28,27131884,45805722,0,1618314,1677727051,1,1,0,0,0
73981961,FIELD,28,72,45261,28,29,1,0,0,0,158975,138092,0,0,1,1,28,27131884,46804816,0,1618314,1677727051,1,1,0,0,0
74984867,FIELD,28,73,45261,28,29,1,1,0,0,160480,138092,0,0,1,1,28,27131884,47807722,0,1618314,1677727051,1,1,0,0,0
74984868,START,31,74,45262,29,27,1,0,0,0,160480,138092,0,1,0,1,28,27131884,47807723,0,1618314,1677727075,1,1,0,0,0
74984868,SELECT,29,74,45262,29,27,1,0,0,0,160480,138092,0,1,0,1,28,27131884,47807723,0,1618314,1677727075,1,1,0,0,0
75068760,PUBLISH,29,74,45344,29,27,1,0,0,0,160606,138092,0,1,0,1,29,27215693,47807723,0,1620344,1811944803,0,1,0,0,0
75983961,FIELD,29,74,53212,29,27,1,0,0,0,161978,138092,0,1,0,1,29,28123026,47807723,0,1672892,1811944803,0,1,0,0,0
76061553,READY,31,75,53569,29,27,1,0,0,0,162095,138092,0,1,0,1,29,28200262,47807723,0,1673473,1811944803,1,1,0,0,0
76061554,START,32,75,53570,29,27,1,0,0,0,162095,138092,0,1,0,1,29,28200262,47807723,0,1673473,1811944803,1,1,0,0,0
76986867,FIELD,29,75,61764,29,27,1,1,0,0,163483,138092,0,1,0,1,29,29117380,47807723,0,1721387,1811944803,0,1,0,0,0
76986868,SELECT,27,76,61764,27,30,1,0,0,0,163483,138092,0,1,1,1,29,29117381,47807723,0,1721387,3959424288,0,1,0,0,0
76997375,WAIT,32,76,61764,27,30,1,0,0,0,163499,138092,0,1,1,0,30,29127888,47818230,0,1731851,3959424288,0,1,0,0,0
77070760,PUBLISH,27,76,61764,27,30,1,0,0,0,163609,138092,0,1,1,1,30,29201273,47891615,0,1805236,3959424288,0,1,0,0,0
77073962,WAIT_RELEASE,32,76,61764,27,30,1,0,0,0,163613,138092,0,1,1,1,30,29204475,47894817,0,1808438,3959424288,0,1,0,0,0
77985961,FIELD,27,76,61764,27,30,1,0,0,0,164981,138092,0,1,1,1,30,30116474,48806816,0,2720437,3959424288,0,1,0,0,0
77995614,WAIT,32,77,61764,27,30,1,0,0,0,164996,138092,0,1,1,1,30,30126127,48816469,0,2730090,3959424288,0,1,0,0,0
78076869,WAIT_RELEASE,32,77,61764,27,30,1,0,0,0,165118,138092,0,1,1,1,30,30207382,48897724,0,2811345,3959424288,0,1,0,0,0
78988867,FIELD,27,77,61764,27,30,1,0,0,0,166486,138092,0,1,1,1,30,31119380,49809722,0,3723343,3959424288,0,1,0,0,0
78998506,WAIT,32,78,61764,27,30,1,0,0,0,166500,138092,0,1,1,1,30,31129019,49819361,0,3732982,3959424288,0,1,0,0,0
79075963,WAIT_RELEASE,32,78,61764,27,30,1,0,0,0,166616,138092,0,1,1,1,30,31206476,49896818,0,3810439,3959424288,0,1,0,0,0
79987961,FIELD,27,78,61764,27,30,1,1,0,0,167984,138092,0,1,1,1,30,32118474,50808816,0,4722437,3959424288,0,1,0,0,0
79987962,SELECT,30,79,61764,30,30,0,0,0,0,167984,138092,0,0,0,1,30,32118475,50808817,0,4722438,3758097696,0,1,0,0,0
80075667,PUBLISH,30,79,63228,30,30,0,0,0,0,168116,138092,0,0,0,1,31,32204716,50808817,0,4723972,3758097696,0,1,0,0,0
80427577,READY,32,79,66129,30,30,0,0,0,0,168644,138092,0,0,0,1,31,32553726,50808817,0,4735590,3758097696,1,1,0,0,0
80427578,START,33,79,66130,30,32,0,0,0,0,168644,138092,0,0,0,1,31,32553726,50808817,0,4735590,3825206560,1,1,0,0,0
80990867,FIELD,30,79,66130,30,32,1,0,0,0,169489,138092,0,0,0,1,31,32553726,51372105,563288,4735590,3959424288,1,1,0,0,0
81989961,FIELD,30,80,66130,30,32,1,0,0,0,170987,138092,0,0,0,1,31,32553726,52371199,1562382,4735590,3959424288,1,1,0,0,0
82992867,FIELD,30,81,66130,30,32,1,1,0,0,172492,138092,0,0,0,1,31,32553726,53374105,2565288,4735590,3959424288,1,1,0,0,0
82992868,SELECT,32,82,66130,32,32,0,0,0,0,172492,138092,0,1,0,1,31,32553726,53374106,2565289,4735590,3758097696,1,1,0,0,0
83076761,PUBLISH,32,82,66248,32,32,0,0,0,0,172618,138092,0,1,0,1,32,32637500,53374106,2565290,4736805,3758097696,0,1,0,0,0
83991961,FIELD,32,82,76340,32,32,0,0,0,0,173990,138092,0,1,0,1,32,33542608,53374106,2565290,4779752,3758097696,0,1,0,0,0
84435782,READY,33,83,81921,32,32,0,0,0,0,174656,138092,0,1,0,1,32,33980849,53374106,2565290,4792338,3758097696,1,1,0,0,0
84435783,START,34,83,81922,32,33,0,0,0,0,174656,138092,0,1,0,1,32,33980849,53374106,2565290,4792338,3825206560,1,1,0,0,0
84994867,FIELD,32,83,81922,32,33,1,1,0,0,175495,138092,0,1,0,1,32,33980849,53933189,2565290,4792338,3959424288,1,1,0,0,0
84994868,SELECT,33,84,81923,33,33,0,0,0,0,175495,138092,0,1,1,1,32,33980849,53933190,2565290,4792338,3758097696,1,1,0,0,0
85078761,PUBLISH,33,84,82596,33,33,0,0,0,0,175621,138092,0,1,1,1,33,34064068,53933190,2565290,4793904,3758097696,0,1,0,0,0
85993961,FIELD,33,84,96360,33,33,0,0,0,0,176993,138092,0,1,1,1,33,34965504,53933190,2565290,4831719,3758097696,0,1,0,0,0
86684842,READY,34,85,106593,33,33,0,0,0,0,178030,138092,0,1,1,1,33,35646153,53933190,2565290,4849318,3758097696,1,1,0,0,0
86684843,START,35,85,106594,33,34,0,0,0,0,178030,138092,0,1,1,1,33,35646153,53933190,2565290,4849318,3825206560,1,1,0,0,0
86996867,FIELD,33,85,107712,33,34,0,0,0,0,178498,138092,0,1,1,1,33,35957058,53933190,2565290,4873561,1610613317,0,1,0,0,0
87943739,READY,35,86,121848,33,34,0,0,0,0,179918,138092,0,1,1,1,33,36889794,53933190,2565290,4916356,1610613317,0,1,0,0,0
87943901,START,36,86,122010,33,35,1,0,0,0,179918,138092,0,1,1,1,33,36889795,53933190,2565290,4916356,1610613321,1,1,0,0,0
87995961,FIELD,33,86,122420,33,35,1,1,0,0,179996,138092,0,1,1,1,33,36941444,53933190,2565290,4918657,1610615371,0,1,0,0,0
87995962,SELECT,35,87,122420,35,34,1,0,0,0,179996,138092,0,0,0,1,33,36941445,53933190,2565290,4918657,1610615651,0,1,0,0,0
88083667,PUBLISH,35,87,123288,35,34,1,0,0,0,180128,138092,0,0,0,1,34,37028282,53933190,2565290,4919314,1610615651,0,1,0,0,0
88998867,FIELD,35,87,137077,35,34,1,0,0,0,181501,138092,0,0,0,1,34,37929693,53933190,2565290,4956565,1610615651,0,1,0,0,0
89856613,START,37,88,153550,35,34,1,0,0,0,182787,138092,0,0,0,1,34,38770967,53933190,2565290,4987784,1610615651,1,1,0,0,0
89856614,READY,36,88,153550,35,34,1,0,0,0,182787,138092,0,0,0,1,34,38770967,53933190,2565290,4987784,1610615651,0,1,0,0,0
89997961,FIELD,35,88,155388,35,34,1,1,0,0,182999,138092,0,0,0,1,34,38910476,53933190,2565290,4996308,1677726563,0,1,0,0,0
89997962,SELECT,34,89,155388,34,36,0,0,0,0,182999,138092,0,0,1,1,34,38910477,53933190,2565290,4996308,3825206048,0,1,0,0,0
90085667,PUBLISH,34,89,156520,34,36,0,0,0,0,183131,138092,0,0,1,1,35,38997050,53933190,2565290,4998389,3825206048,0,1,0,0,0
91000867,FIELD,34,89,171204,34,36,0,0,0,0,184504,138092,0,0,1,1,35,39897566,53933190,2565290,5038706,3825206048,0,1,0,0,0
91199814,READY,37,90,173169,34,36,0,0,0,0,184802,138092,0,0,1,1,35,40094549,53933190,2565290,5046264,3825206048,1,1,0,0,0
91199815,START,38,90,173170,34,37,0,0,0,0,184802,138092,0,0,1,1,35,40094549,53933190,2565290,5046264,3825206048,1,1,0,0,0
91999961,FIELD,34,90,173170,34,37,1,0,0,0,186002,138092,0,0,1,1,35,40094549,54733335,3365435,5046264,3959423776,1,1,0,0,0
93002867,FIELD,34,91,173170,34,37,1,1,0,0,187507,138092,0,0,1,1,35,40094549,55736241,4368341,5046264,3959423776,1,1,0,0,0
93002868,SELECT,37,92,173170,37,37,0,0,0,0,187507,138092,0,1,1,1,35,40094549,55736242,4368342,5046264,3758097184,1,1,0,0,0
93086761,PUBLISH,37,92,174668,37,37,0,0,0,0,187633,138092,0,1,1,1,36,40176943,55736242,4368343,5046937,3758097184,0,1,0,0,0
94001961,FIELD,37,92,188571,37,37,0,0,0,0,189005,138092,0,1,1,1,36,41078241,55736242,4368343,5085182,3758097184,1,1,0,0,0
94595454,READY,38,93,196633,37,37,0,0,0,0,189896,138092,0,1,1,1,36,41663672,55736242,4368343,5105543,3758097184,1,1,0,0,0
94595455,START,39,93,196634,37,38,0,0,0,0,189896,138092,0,1,1,1,36,41663672,55736242,4368343,5105543,3825206048,1,1,0,0,0
95004867,FIELD,37,93,196634,37,38,1,0,0,0,190510,138092,0,1,1,1,36,41663672,56145653,4368343,5105543,3959423776,1,1,0,0,0
96003961,FIELD,37,94,196634,37,38,1,1,0,0,192008,138092,0,1,1,1,36,41663672,57144747,4368343,5105543,3959423776,1,1,0,0,0
96003962,SELECT,38,95,196635,38,38,0,0,0,0,192008,138092,0,0,0,1,36,41663672,57144748,4368343,5105543,3758097184,1,1,0,0,0
96091667,PUBLISH,38,95,198272,38,38,0,0,0,0,192140,138092,0,0,0,1,37,41749739,57144748,4368343,5105581,3758097184,0,1,0,0,0
97006867,FIELD,38,95,211948,38,38,0,0,0,0,193513,138092,0,0,0,1,37,42651263,57144748,4368343,5138548,3758097184,0,1,0,0,0
97924678,READY,39,96,225261,38,38,0,0,0,0,194890,138092,0,0,0,1,37,43555762,57144748,4368343,5164881,3758097184,1,1,0,0,0
97924679,START,40,96,225262,38,39,0,0,0,0,194890,138092,0,0,0,1,37,43555762,57144748,4368343,5164881,3825206048,1,1,0,0,0
98005961,FIELD,38,96,225262,38,39,1,1,0,0,195011,138092,0,0,0,1,37,43555762,57226029,4368343,5164881,3959423776,1,1,0,0,0
98005962,SELECT,39,97,225263,39,39,0,0,0,0,195011,138092,0,0,1,1,37,43555762,57226030,4368343,5164881,3758097184,1,1,0,0,0
98093667,PUBLISH,39,97,226464,39,39,0,0,0,0,195143,138092,0,0,1,1,38,43642265,57226030,4368343,5164881,3758097184,0,1,0,0,0
99008868,FIELD,39,97,241340,39,39,0,0,0,0,196516,138092,0,0,1,1,38,44542590,57226030,4368343,5198864,3758097184,0,1,0,0,0
100002018,READY,40,98,257073,39,39,0,0,0,0,198006,138092,0,0,1,1,38,45520008,57226030,4368343,5224996,3758097184,1,1,0,0,0
100002019,START,41,98,257074,39,40,0,0,0,0,198006,138092,0,0,1,1,38,45520008,57226030,4368343,5224996,3825206048,1,1,0,0,0
100007961,FIELD,39,98,257074,39,40,1,0,0,0,198014,138092,0,0,1,1,38,45520008,57231971,4368343,5224996,3959423776,1,1,0,0,0
101010868,FIELD,39,99,257074,39,40,1,1,0,0,199519,138092,0,0,1,1,38,45520008,58234878,4368343,5224996,3959423776,1,1,0,0,0
101010869,SELECT,40,100,257075,40,40,0,0,0,0,199519,138092,0,1,0,1,38,45520008,58234879,4368343,5224996,3758097184,1,1,0,0,0
101094761,PUBLISH,40,100,258356,40,40,0,0,0,0,199645,138092,0,1,0,1,39,45602618,58234879,4368343,5225577,3758097184,0,1,0,0,0
102009961,FIELD,40,100,272964,40,40,0,0,0,0,201017,138092,0,1,0,1,39,46503210,58234879,4368343,5256958,3758097184,0,1,0,0,0
103012868,FIELD,40,101,289916,40,40,0,1,0,0,202522,138092,0,1,0,1,39,47489165,58234879,4368343,5284027,3758097184,0,1,0,0,0
103029830,READY,41,102,289917,40,40,0,1,0,0,202547,138092,0,1,0,1,39,47506127,58234879,4368343,5284399,3758097184,1,1,0,0,0
103029831,START,42,102,289918,40,41,0,1,0,0,202547,138092,0,1,0,1,39,47506127,58234879,4368343,5284399,3825206048,1,1,0,0,0
104011961,FIELD,40,102,289918,40,41,1,0,0,0,204020,138092,0,1,0,1,39,47506127,59217008,4368343,5284399,3959423776,1,1,0,0,0
105014868,FIELD,40,103,289918,40,41,1,1,0,0,205525,138092,0,1,0,1,39,47506127,60219915,4368343,5284399,3959423776,1,1,0,0,0
105014869,SELECT,41,104,289919,41,41,0,0,0,0,205525,138092,0,1,1,1,39,47506127,60219916,4368343,5284399,3758097184,1,1,0,0,0
105098761,PUBLISH,41,104,291648,41,41,0,0,0,0,205651,138092,0,1,1,1,40,47588289,60219916,4368343,5285006,3758097184,0,1,0,0,0
106013961,FIELD,41,104,307500,41,41,0,0,0,0,207023,138092,0,1,1,1,40,48487637,60219916,4368343,5313463,3758097184,0,1,0,0,0
107016868,FIELD,41,105,324836,41,41,0,0,0,0,208528,138092,0,1,1,1,40,49473208,60219916,4368343,5338958,3758097184,0,1,0,0,0
107145017,READY,42,106,325533,41,41,0,0,0,0,208720,138092,0,1,1,1,40,49600661,60219916,4368343,5342027,3758097184,1,1,0,0,0
107145018,START,43,106,325534,41,42,0,0,0,0,208720,138092,0,1,1,1,40,49600661,60219916,4368343,5342027,3825206048,1,1,0,0,0
108015961,FIELD,41,106,325534,41,42,1,1,0,0,210026,138092,0,1,1,1,40,49600661,61090858,4368343,5342027,3959423776,1,1,0,0,0
108015962,SELECT,42,107,325535,42,42,0,0,0,0,210026,138092,0,0,0,1,40,49600661,61090859,4368343,5342027,3758097184,1,1,0,0,0
108103668,PUBLISH,42,107,327608,42,42,0,0,0,0,210158,138092,0,0,0,1,41,49686293,61090859,4368343,5342607,3758097184,0,1,0,0,0
109018868,FIELD,42,107,344356,42,42,0,0,0,0,211531,138092,0,0,0,1,41,50584745,61090859,4368343,5368569,3758097184,0,1,0,0,0
110017961,FIELD,42,108,361456,42,42,0,1,0,0,213029,138092,0,0,0,1,41,51566738,61090859,4368343,5391748,3758097184,0,1,0,0,0
110271002,READY,43,109,364861,42,42,0,0,0,0,213409,138092,0,0,0,1,41,51816375,61090859,4368343,5398988,3758097184,1,1,0,0,0
110271003,START,44,109,364862,42,43,0,0,0,0,213409,138092,0,0,0,1,41,51816375,61090859,4368343,5398988,3825206048,1,1,0,0,0
111020868,FIELD,42,109,364862,42,43,1,0,0,0,214534,138092,0,0,0,1,41,51816375,61840723,4368343,5398988,3959423776,1,1,0,0,0
112019961,FIELD,42,110,364862,42,43,1,1,0,0,216032,138092,0,0,0,1,41,51816375,62839816,4368343,5398988,3959423776,1,1,0,0,0
112019962,SELECT,43,111,364863,43,43,0,0,0,0,216032,138092,0,0,1,1,41,51816375,62839817,4368343,5398988,3758097184,1,1,0,0,0
112107668,PUBLISH,43,111,367112,43,43,0,0,0,0,216164,138092,0,0,1,1,42,51901831,62839817,4368343,5399589,3758097184,0,1,0,0,0
113022868,FIELD,43,111,384020,43,43,0,0,0,0,217537,138092,0,0,1,1,42,52800123,62839817,4368343,5424802,3758097184,0,1,0,0,0
114021961,FIELD,43,112,401676,43,43,0,0,0,0,219035,138092,0,0,1,1,42,53781561,62839817,4368343,5448063,3758097184,1,1,0,0,0
114339242,READY,44,113,406525,43,43,0,0,0,0,219511,138092,0,0,1,1,42,54093993,62839817,4368343,5456374,3758097184,1,1,0,0,0
114339243,START,45,113,406526,43,44,0,0,0,0,219511,138092,0,0,1,1,42,54093993,62839817,4368343,5456374,3825206048,1,1,0,0,0
115024868,FIELD,43,113,406526,43,44,1,1,0,0,220540,138092,0,0,1,1,42,54093993,63525441,4368343,5456374,3959423776,1,1,0,0,0
115024869,SELECT,44,114,406527,44,44,0,0,0,0,220540,138092,0,1,0,1,42,54093993,63525442,4368343,5456374,3758097184,1,1,0,0,0
115108761,PUBLISH,44,114,408908,44,44,0,0,0,0,220666,138092,0,1,0,1,43,54175503,63525442,4368343,5456989,3758097184,0,1,0,0,0
116023961,FIELD,44,114,426104,44,44,0,0,0,0,222038,138092,0,1,0,1,43,55073507,63525442,4368343,5482757,3758097184,0,1,0,0,0
117026868,FIELD,44,115,444420,44,44,0,1,0,0,223543,138092,0,1,0,1,43,56058098,63525442,4368343,5505903,3758097184,0,1,0,0,0
117380220,READY,45,116,449961,44,44,0,0,0,0,224073,138092,0,1,0,1,43,56405910,63525442,4368343,5514396,3758097184,1,1,0,0,0
117380221,START,46,116,449962,44,45,0,0,0,0,224073,138092,0,1,0,1,43,56405910,63525442,4368343,5514396,3825206048,1,1,0,0,0
118025961,FIELD,44,116,449962,44,45,1,0,0,0,225041,138092,0,1,0,1,43,56405910,64171181,4368343,5514396,3959423776,1,1,0,0,0
119028868,FIELD,44,117,449962,44,45,1,1,0,0,226546,138092,0,1,0,1,43,56405910,65174088,4368343,5514396,3959423776,1,1,0,0,0
119028869,SELECT,45,118,449963,45,45,0,0,0,0,226546,138092,0,1,1,1,43,56405910,65174089,4368343,5514396,3758097184,1,1,0,0,0
119112761,PUBLISH,45,118,452392,45,45,0,0,0,0,226672,138092,0,1,1,1,44,56487372,65174089,4368343,5514987,3758097184,0,1,0,0,0
120027961,FIELD,45,118,469180,45,45,0,0,0,0,228044,138092,0,1,1,1,44,57385784,65174089,4368343,5537439,3758097184,0,1,0,0,0
121030868,FIELD,45,119,487672,45,45,0,0,0,0,229549,138092,0,1,1,1,44,58370199,65174089,4368343,5558568,3758097184,0,1,0,0,0
121318339,PTS,4,120,493672,45,45,0,0,0,0,229980,138092,0,1,1,1,44,58651671,65174089,4368343,5563635,3758097184,1,1,0,0,0
121468030,READY,46,120,494805,45,45,0,0,0,0,230205,138092,0,1,1,1,44,58800229,65174089,4368343,5568818,3758097184,1,1,0,0,0
121468031,START,47,120,494806,45,46,0,0,0,0,230205,138092,0,1,1,1,44,58800229,65174089,4368343,5568818,3825206048,1,1,0,0,0
122029961,FIELD,45,120,502480,45,46,0,1,0,0,231047,138092,0,1,1,1,44,59354484,65174089,4368343,5589840,1610613317,0,1,0,0,0
122959293,READY,47,121,512592,45,46,0,0,0,0,232441,138092,0,1,1,1,44,60273704,65174089,4368343,5637210,1610613317,0,1,0,0,0
122959455,START,48,121,512754,45,47,1,0,1,1,232442,138092,0,1,1,1,44,60273705,65174089,4368343,5637210,1610613321,1,1,0,0,0
123032868,FIELD,45,121,514101,45,47,1,0,1,1,232552,138092,0,1,1,1,44,60345770,65174089,4368343,5640012,1610615371,0,1,0,0,0
124031961,FIELD,45,122,535393,45,47,1,1,1,1,234050,138092,0,1,1,1,44,61323571,65174089,4368343,5677385,1610615371,0,1,0,0,0
124031962,SELECT,47,123,535393,47,46,1,0,0,0,234050,220673,1,0,0,1,44,61323572,65174089,4368343,5677385,1610615651,0,1,0,0,0
124119668,PUBLISH,47,123,538304,47,46,1,0,0,0,234182,220673,1,0,0,1,45,61408367,65174089,4368343,5678164,1610615651,0,1,0,0,0
124979007,START,49,123,556178,47,46,1,0,0,0,235471,220673,1,0,0,1,45,62249833,65174089,4368343,5710422,1610615651,1,1,0,0,0
124979008,READY,48,123,556178,47,46,1,0,0,0,235471,220673,1,0,0,1,45,62249833,65174089,4368343,5710422,1610615651,0,1,0,0,0
125034868,FIELD,47,123,557360,47,46,1,0,0,0,235555,220673,1,0,0,1,45,62304511,65174089,4368343,5711963,1677726563,0,1,0,0,0
126033961,FIELD,47,124,573904,47,46,1,1,0,0,237053,220673,1,0,0,1,45,63287060,65174089,4368343,5747983,1677726563,0,1,0,0,0
126033962,SELECT,46,125,573904,46,48,0,0,0,0,237053,138092,0,0,1,1,45,63287061,65174089,4368343,5747983,3825206048,0,1,0,0,0
126121668,PUBLISH,46,125,575648,46,48,0,0,0,0,237185,138092,0,0,1,1,46,63373023,65174089,4368343,5748766,3825206048,0,1,0,0,0
126573619,PTS,5,125,582695,46,48,0,0,0,0,237863,138092,0,0,1,1,46,63817928,65174089,4368343,5764887,3825206048,1,1,0,0,0
126642289,READY,49,125,582789,46,48,0,0,0,0,237966,138092,0,0,1,1,46,63886504,65174089,4368343,5768813,3825206048,1,1,0,0,0
126642290,START,50,125,582790,46,49,0,0,0,0,237966,138092,0,0,1,1,46,63886504,65174089,4368343,5768813,3825206048,1,1,0,0,0
127036868,FIELD,46,125,588972,46,49,0,0,0,0,238558,138092,0,0,1,1,46,64274899,65174089,4368343,5787999,1610613317,0,1,0,0,0
127773624,READY,50,126,598468,46,49,0,0,0,0,239663,138092,0,0,1,1,46,65002159,65174089,4368343,5832989,1610613317,0,1,0,0,0
127773626,START,51,126,598470,46,50,1,0,1,1,239663,138092,0,0,1,1,46,65002160,65174089,4368343,5832989,1610613321,1,1,0,0,0
128035961,FIELD,46,126,598470,46,50,1,0,1,1,240056,138092,0,0,1,1,46,65002160,65174089,4630677,5832989,1610615371,1,1,0,0,0
129038868,FIELD,46,127,598470,46,50,1,1,1,1,241561,138092,0,0,1,1,46,65002160,65174089,5633584,5832989,1610615371,1,1,0,0,0
129038869,SELECT,50,128,598470,50,49,1,0,0,0,241561,231186,1,1,1,1,46,65002160,65174089,5633585,5832989,1610615651,1,1,0,0,0
129122761,PUBLISH,50,128,599828,50,49,1,0,0,0,241687,231186,1,1,1,1,47,65084693,65174089,5633586,5833578,1610615651,0,1,0,0,0
130037961,FIELD,50,128,616472,50,49,1,0,0,0,243059,231186,1,1,1,1,47,65983249,65174089,5633586,5867947,1610615651,0,1,0,0,0
130706658,READY,51,129,627041,50,49,1,0,0,0,244062,231186,1,1,1,1,47,66641378,65174089,5633586,5889693,1610615651,1,1,0,0,0
130706659,START,52,129,627042,50,49,1,0,0,0,244062,231186,1,1,1,1,47,66641378,65174089,5633586,5889693,1677726563,1,1,0,0,0
131040868,FIELD,50,129,633300,50,49,1,0,0,0,244564,231186,1,1,1,1,47,66969328,65174089,5633586,5903323,1811944291,0,1,0,0,0
132039961,FIELD,50,130,650952,50,49,1,1,0,0,246062,231186,1,1,1,1,47,67950769,65174089,5633586,5934334,1811944291,0,1,0,0,0
132039962,SELECT,49,131,650952,49,51,1,0,0,0,246062,220673,0,0,0,1,47,67950770,65174089,5633586,5934334,3959423776,0,1,0,0,0
132127668,PUBLISH,49,131,650952,49,51,1,0,0,0,246194,220673,0,0,0,1,48,67951717,65261795,5633586,5935304,3959423776,1,1,0,0,0
133042868,FIELD,49,131,650952,49,51,1,0,0,0,247567,220673,0,0,0,1,48,67951717,66176995,5633586,5935304,3959423776,1,1,0,0,0
134041961,FIELD,49,132,650952,49,51,1,1,0,0,249065,220673,0,0,0,1,48,67951717,67176088,5633586,5935304,3959423776,1,1,0,0,0
134041962,SELECT,51,133,650953,51,51,0,0,0,0,249065,231186,0,0,1,1,48,67951717,67176089,5633586,5935304,3758097184,1,1,0,0,0
134129668,PUBLISH,51,133,652372,51,51,0,0,0,0,249197,231186,0,0,1,1,49,68038003,67176089,5633586,5935311,3758097184,0,1,0,0,0
134416510,READY,52,133,656837,51,51,0,0,0,0,249627,231186,0,0,1,1,49,68320381,67176089,5633586,5945982,3758097184,1,1,0,0,0
134416511,START,53,133,656838,51,52,0,0,0,0,249627,231186,0,0,1,1,49,68320381,67176089,5633586,5945982,3825206048,1,1,0,0,0
135044868,FIELD,51,133,666876,51,52,0,0,0,0,250570,231186,0,0,1,1,49,68938699,67176089,5633586,5981979,1610613317,0,1,0,0,0
135587024,READY,53,134,674296,51,52,0,0,0,0,251383,231186,0,0,1,1,49,69473435,67176089,5633586,6013652,1610613317,0,1,0,0,0
135587026,START,54,134,674298,51,53,1,0,0,0,251383,231186,0,0,1,1,49,69473436,67176089,5633586,6013652,1610613321,1,1,0,0,0
136043961,FIELD,51,134,682652,51,53,1,0,0,0,252068,231186,0,0,1,1,49,69922016,67176089,5633586,6032986,1610615371,0,1,0,0,0
137046868,FIELD,51,135,701292,51,53,1,1,0,0,253573,231186,0,0,1,1,49,70906283,67176089,5633586,6065520,1610615371,0,1,0,0,0
137046869,SELECT,53,136,701292,53,52,1,0,0,0,253573,231186,0,1,0,1,49,70906284,67176089,5633586,6065520,1610615651,0,1,0,0,0
137130761,PUBLISH,53,136,702508,53,52,1,0,0,0,253699,231186,0,1,0,1,50,70988960,67176089,5633586,6066086,1610615651,0,1,0,0,0
137280138,READY,54,136,704701,53,52,1,0,0,0,253923,231186,0,1,0,1,50,71136145,67176089,5633586,6072810,1610615651,1,1,0,0,0
137280139,START,55,136,704702,53,52,1,0,0,0,253923,231186,0,1,0,1,50,71136145,67176089,5633586,6072810,1677726563,1,1,0,0,0
138045961,FIELD,53,136,718404,53,52,1,0,0,0,255071,231186,0,1,0,1,50,71888264,67176089,5633586,6102522,1811944291,0,1,0,0,0
139047138,READY,55,137,735385,53,52,1,0,0,0,256573,231186,0,1,0,1,50,72872461,67176089,5633586,6133766,1811944291,1,1,0,0,0
139047139,START,56,137,735386,53,52,1,0,0,0,256573,231186,0,1,0,1,50,72872461,67176089,5633586,6133766,1811944291,1,1,0,0,0
139048868,FIELD,53,137,735920,53,52,1,1,0,0,256576,231186,0,1,0,1,50,72873655,67176089,5633586,6133766,1811944291,0,1,0,0,0
139048869,SELECT,52,138,735920,52,54,1,0,0,0,256576,231186,0,1,1,1,50,72873656,67176089,5633586,6133766,3959423776,0,1,0,0,0
139132761,PUBLISH,52,138,735920,52,54,1,0,0,0,256702,231186,0,1,1,1,51,72876892,67259981,5633586,6133766,3959423776,1,1,0,0,0
140047961,FIELD,52,138,735920,52,54,1,0,0,0,258074,231186,0,1,1,1,51,72876892,68175181,5633586,6133766,3959423776,1,1,0,0,0
141050868,FIELD,52,139,735920,52,54,1,0,0,0,259579,231186,0,1,1,1,51,72876892,69178088,5633586,6133766,3959423776,1,1,0,0,0
142049961,FIELD,52,140,735920,52,54,1,1,0,0,261077,231186,0,1,1,1,51,72876892,70177181,5633586,6133766,3959423776,1,1,0,0,0
142049962,SELECT,54,141,735921,54,54,0,0,0,0,261077,231186,0,0,0,1,51,72876892,70177182,5633586,6133766,3758097184,1,1,0,0,0
142137668,PUBLISH,54,141,737796,54,54,0,0,0,0,261209,231186,0,0,0,1,52,72962722,70177182,5633586,6134580,3758097184,0,1,0,0,0
143052868,FIELD,54,141,753704,54,54,0,0,0,0,262582,231186,0,0,0,1,52,73862014,70177182,5633586,6168380,3758097184,0,1,0,0,0
143790718,READY,56,142,766589,54,54,0,0,0,0,263689,231186,0,0,0,1,52,74586980,70177182,5633586,6191345,3758097184,1,1,0,0,0
143790719,START,57,142,766590,54,56,0,0,0,0,263689,231186,0,0,0,1,52,74586980,70177182,5633586,6191345,3825206048,1,1,0,0,0
144051961,FIELD,54,142,766590,54,56,1,0,0,0,264080,231186,0,0,0,1,52,74586980,70438423,5894827,6191345,3959423776,1,1,0,0,0
145054868,FIELD,54,143,766590,54,56,1,1,0,0,265585,231186,0,0,0,1,52,74586980,71441330,6897734,6191345,3959423776,1,1,0,0,0
145054869,SELECT,56,144,766590,56,56,0,0,0,0,265585,231186,0,1,0,1,52,74586980,71441331,6897735,6191345,3758097184,1,1,0,0,0
145138761,PUBLISH,56,144,768259,56,56,0,0,0,0,265711,231186,0,1,0,1,53,74669203,71441331,6897736,6191944,3758097184,1,1,0,0,0
146053961,FIELD,56,144,784480,56,56,0,0,0,0,267083,231186,0,1,0,1,53,75568181,71441331,6897736,6224795,3758097184,0,1,0,0,0
147043098,READY,57,145,801217,56,56,0,0,0,0,268567,231186,0,1,0,1,53,76540582,71441331,6897736,6249863,3758097184,1,1,0,0,0
147043099,START,58,145,801218,56,57,0,0,0,0,268567,231186,0,1,0,1,53,76540582,71441331,6897736,6249863,3825206048,1,1,0,0,0
147056868,FIELD,56,145,801218,56,57,1,1,0,0,268588,231186,0,1,0,1,53,76540582,71455099,6897736,6249863,3959423776,1,1,0,0,0
147056869,SELECT,57,146,801219,57,57,0,0,0,0,268588,231186,0,1,1,1,53,76540582,71455100,6897736,6249863,3758097184,1,1,0,0,0
147140761,PUBLISH,57,146,802872,57,57,0,0,0,0,268714,231186,0,1,1,1,54,76622820,71455100,6897736,6250455,3758097184,0,1,0,0,0
148055961,FIELD,57,146,819148,57,57,0,0,0,0,270086,231186,0,1,1,1,54,77521744,71455100,6897736,6282479,3758097184,0,1,0,0,0
149030882,READY,58,147,835593,57,57,0,0,0,0,271549,231186,0,1,1,1,54,78480221,71455100,6897736,6307584,3758097184,1,1,0,0,0
149030883,START,59,147,835594,57,58,0,0,0,0,271549,231186,0,1,1,1,54,78480221,71455100,6897736,6307584,3825206048,1,1,0,0,0
149058868,FIELD,57,147,835594,57,58,1,0,0,0,271591,231186,0,1,1,1,54,78480221,71483084,6897736,6307584,3959423776,1,1,0,0,0
150057961,FIELD,57,148,835594,57,58,1,1,0,0,273089,231186,0,1,1,1,54,78480221,72482177,6897736,6307584,3959423776,1,1,0,0,0
150057962,SELECT,58,149,835595,58,58,0,0,0,0,273089,231186,0,0,0,1,54,78480221,72482178,6897736,6307584,3758097184,1,1,0,0,0
150145668,PUBLISH,58,149,837256,58,58,0,0,0,0,273221,231186,0,0,0,1,55,78566265,72482178,6897736,6308174,3758097184,0,1,0,0,0
151060868,FIELD,58,149,853640,58,58,0,0,0,0,274594,231186,0,0,0,1,55,79465081,72482178,6897736,6341498,3758097184,0,1,0,0,0
152024390,READY,59,150,868897,58,58,0,0,0,0,276039,231186,0,0,0,1,55,80413347,72482178,6897736,6365714,3758097184,1,1,0,0,0
152024551,START,60,150,869058,58,59,0,0,0,0,276039,231186,0,0,0,1,55,80413347,72482178,6897736,6365714,3825206048,1,1,0,0,0
152059961,FIELD,58,150,869669,58,59,1,1,0,0,276092,231186,0,0,0,1,55,80448145,72482178,6897736,6367578,3959423776,0,1,0,0,0
152059962,SELECT,59,151,869669,59,59,0,0,0,0,276092,231186,0,0,1,1,55,80448146,72482178,6897736,6367578,3758097184,0,1,0,0,0
152147668,PUBLISH,59,151,871312,59,59,0,0,0,0,276224,231186,0,0,1,1,56,80534209,72482178,6897736,6368333,3758097184,0,1,0,0,0
153062868,FIELD,59,151,891792,59,59,0,0,0,0,277597,231186,0,0,1,1,56,81428929,72482178,6897736,6406144,3758097184,0,1,0,0,0
154061962,FIELD,59,152,917605,59,59,0,0,0,0,279095,231186,0,0,1,1,56,82402210,72482178,6897736,6440130,3758097184,0,1,0,0,0
154099325,START,61,153,918678,59,59,0,0,0,0,279151,231186,0,0,1,1,56,82438501,72482178,6897736,6440183,3758097184,1,1,0,0,0
154099326,READY,60,153,918678,59,59,0,0,0,0,279151,231186,0,0,1,1,56,82438501,72482178,6897736,6440183,3758097184,0,1,0,0,0
155064868,FIELD,59,153,935876,59,60,0,1,0,0,280600,231186,0,0,1,1,56,83386845,72482178,6897736,6472518,3825206048,0,1,0,0,0
156002097,PTS,6,154,952967,59,60,0,0,0,0,282006,231186,0,0,1,1,56,84306984,72482178,6897736,6492757,3825206048,1,1,0,0,0
156063962,FIELD,59,154,953056,59,60,0,0,0,0,282098,231186,0,0,1,1,56,84368759,72482178,6897736,6494249,3825206048,0,1,0,0,0
156164266,READY,61,155,954433,59,60,0,1,0,0,282249,231186,0,0,1,1,56,84467687,72482178,6897736,6495710,3825206048,1,1,0,0,0
156164267,START,62,155,954434,59,61,0,0,0,0,282249,231186,0,0,1,1,56,84467687,72482178,6897736,6495710,3825206048,1,1,0,0,0
157066868,FIELD,59,155,967808,59,61,0,0,0,0,283603,231186,0,0,1,1,56,85356913,72482178,6897736,6546339,1610613317,0,1,0,0,0
157569208,READY,62,156,972764,59,61,0,1,0,0,284356,231186,0,0,1,1,56,85854297,72482178,6897736,6580294,1610613317,0,1,0,0,0
157569210,START,63,156,972766,59,62,1,0,1,1,284356,231186,0,0,1,1,56,85854298,72482178,6897736,6580294,1610613321,1,1,0,0,0
158065962,FIELD,59,156,981304,59,62,1,0,1,1,285101,231186,0,0,1,1,56,86342511,72482178,6897736,6601516,1610613837,0,1,0,0,0
159030712,READY,63,157,992288,59,62,1,1,1,1,286549,231186,0,0,1,1,56,87296277,72482178,6897736,6666401,1610613837,0,1,0,0,0
159030714,START,64,157,992290,59,62,1,1,1,1,286549,231186,0,0,1,1,56,87296278,72482178,6897736,6666401,1610613849,1,1,0,0,0
159068868,FIELD,59,157,992290,59,62,1,1,1,1,286606,231186,0,0,1,1,56,87296278,72482178,6935889,6666401,1610615899,1,1,0,0,0
159068869,SELECT,62,158,992290,62,63,1,0,0,0,286606,276231,1,1,1,1,56,87296278,72482178,6935890,6666401,1610616179,1,1,0,0,0
159152761,PUBLISH,62,158,993716,62,63,1,0,0,0,286732,276231,1,1,1,1,57,87378743,72482178,6935891,6666971,1610616179,0,1,0,0,0
160067962,FIELD,62,158,1012312,62,63,1,0,0,0,288104,276231,1,1,1,1,57,88275348,72482178,6935891,6699295,1610616179,0,1,0,0,0
161070868,FIELD,62,159,1029444,62,63,1,0,0,0,289609,276231,1,1,1,1,57,89261122,72482178,6935891,6723255,1610616179,0,1,0,0,0
161085510,READY,64,160,1029445,62,63,1,0,0,0,289631,276231,1,1,1,1,57,89275764,72482178,6935891,6723568,1610616179,1,1,0,0,0
162069962,FIELD,62,160,1029445,62,63,1,1,0,0,291107,276231,1,1,1,1,57,89275764,73466629,6935891,6723568,1677727091,1,1,0,0,0
162069963,START,65,161,1029446,63,61,1,0,0,0,291107,276231,0,0,0,1,57,89275764,73466630,6935891,6723568,1677727043,1,1,0,0,0
162069963,SELECT,63,161,1029446,63,61,1,0,0,0,291107,276231,0,0,0,1,57,89275764,73466630,6935891,6723568,1677727043,1,1,0,0,0
162157668,PUBLISH,63,161,1031416,63,61,1,0,0,0,291239,276231,0,0,0,1,58,89361498,73466630,6935891,6724179,1811944771,0,1,0,0,0
163072868,FIELD,63,161,1048716,63,61,1,0,0,0,292612,276231,0,0,0,1,58,90259398,73466630,6935891,6755240,1811944771,0,1,0,0,0
164071962,FIELD,63,162,1066648,63,61,1,1,0,0,294110,276231,0,0,0,1,58,91240560,73466630,6935891,6779826,1811944771,0,1,0,0,0
164071963,SELECT,61,163,1066648,61,64,1,0,0,0,294110,231186,0,0,1,1,58,91240561,73466630,6935891,6779826,3959424256,0,1,0,0,0
164094790,READY,65,163,1066648,61,64,1,0,0,0,294145,231186,0,0,1,0,59,91263388,73489457,6935891,6780691,3959424256,1,1,0,0,0
164094792,START,66,163,1066650,61,65,0,0,0,0,294145,231186,0,0,1,0,59,91263388,73489458,6935891,6780691,3825206528,1,1,0,0,0
164159668,PUBLISH,61,163,1067668,61,65,0,0,0,0,294242,231186,0,0,1,1,59,91327245,73489458,6935891,6781274,1610613317,0,1,0,0,0
165074868,FIELD,61,163,1080992,61,65,0,0,0,0,295615,231186,0,0,1,1,59,92229121,73489458,6935891,6834755,1610613317,0,1,0,0,0
165720856,READY,66,164,1088400,61,65,0,0,0,0,296584,231186,0,0,1,1,59,92867701,73489458,6935891,6874180,1610613317,0,1,0,0,0
165720858,START,67,164,1088402,61,66,1,0,0,0,296584,231186,0,0,1,1,59,92867702,73489458,6935891,6874180,1610613321,1,1,0,0,0
166073962,FIELD,61,164,1094820,61,66,1,0,0,0,297113,231186,0,0,1,1,59,93214387,73489458,6935891,6887857,1610613837,0,1,0,0,0
167076868,FIELD,61,165,1106944,61,66,1,1,0,0,298618,231186,0,0,1,1,59,94205169,73489458,6935891,6961597,1610613837,0,1,0,0,0
167076869,SELECT,66,166,1106944,66,65,0,0,0,0,298618,276231,0,1,1,1,59,94205170,73489458,6935891,6961597,1610614117,0,1,0,0,0
167160762,PUBLISH,66,166,1107836,66,65,0,0,0,0,298744,276231,0,1,1,1,60,94288171,73489458,6935891,6966735,1610614117,0,1,0,0,0
167196264,READY,67,166,1107836,66,65,0,0,0,0,298797,276231,0,1,1,1,60,94323673,73489458,6935891,6970474,1610614117,0,1,0,0,0
167196266,START,68,166,1107838,66,67,1,0,0,0,298797,276231,0,1,1,1,60,94323674,73489458,6935891,6970474,1610614129,1,1,0,0,0
168075962,FIELD,66,166,1124264,66,67,1,0,0,0,300116,276231,0,1,1,1,60,95186943,73489458,6935891,7000987,1610616179,0,1,0,0,0
169078868,FIELD,66,167,1142740,66,67,1,0,0,0,301621,276231,0,1,1,1,60,96171373,73489458,6935891,7026523,1610616179,0,1,0,0,0
169210494,READY,68,168,1143669,66,67,1,0,0,0,301818,276231,0,1,1,1,60,96302071,73489458,6935891,7029081,1610616179,1,1,0,0,0
170077962,FIELD,66,168,1143669,66,67,1,1,0,0,303119,276231,0,1,1,1,60,96302071,74356925,6935891,7029081,1677727091,1,1,0,0,0
170077963,START,69,169,1143670,67,65,1,0,0,0,303119,276231,0,0,0,1,60,96302071,74356926,6935891,7029081,1677727043,1,1,0,0,0
170077963,SELECT,67,169,1143670,67,65,1,0,0,0,303119,276231,0,0,0,1,60,96302071,74356926,6935891,7029081,1677727043,1,1,0,0,0
170165668,PUBLISH,67,169,1145485,67,65,1,0,0,0,303251,276231,0,0,0,1,61,96387961,74356926,6935891,7029096,1811944771,1,1,0,0,0
171080868,FIELD,67,169,1161916,67,65,1,0,0,0,304624,276231,0,0,0,1,61,97286729,74356926,6935891,7057380,1811944771,0,1,0,0,0
172079962,FIELD,67,170,1180356,67,65,1,1,0,0,306122,276231,0,0,0,1,61,98267383,74356926,6935891,7082604,1811944771,0,1,0,0,0
172079963,SELECT,65,171,1180356,65,68,1,0,0,0,306122,276231,0,0,1,1,61,98267384,74356926,6935891,7082604,3959424256,0,1,0,0,0
172144410,READY,69,171,1180356,65,68,1,0,0,0,306219,276231,0,0,1,0,62,98331831,74421373,6935891,7083931,3959424256,1,1,0,0,0
172144412,START,70,171,1180358,65,69,0,0,0,0,306219,276231,0,0,1,0,62,98331831,74421374,6935891,7083931,3825206528,1,1,0,0,0
172167668,PUBLISH,65,171,1180358,65,69,1,0,0,0,306254,276231,0,0,1,1,62,98331831,74444629,6959146,7083931,3959424256,1,1,0,0,0
173082868,FIELD,65,171,1180358,65,69,1,0,0,0,307627,276231,0,0,1,1,62,98331831,75359829,7874346,7083931,3959424256,1,1,0,0,0
174081962,FIELD,65,172,1180358,65,69,1,0,0,0,309125,276231,0,0,1,1,62,98331831,76358923,8873440,7083931,3959424256,1,1,0,0,0
175084868,FIELD,65,173,1180358,65,69,1,1,0,0,310630,276231,0,0,1,1,62,98331831,77361829,9876346,7083931,3959424256,1,1,0,0,0
175084869,SELECT,69,174,1180358,69,69,0,0,0,0,310630,276231,0,1,1,1,62,98331831,77361830,9876347,7083931,3758097664,1,1,0,0,0
175168762,PUBLISH,69,174,1181964,69,69,0,0,0,0,310756,276231,0,1,1,1,63,98414117,77361830,9876348,7083931,3758097664,0,1,0,0,0
176083962,FIELD,69,174,1199288,69,69,0,0,0,0,312128,276231,0,1,1,1,63,99311993,77361830,9876348,7111157,3758097664,0,1,0,0,0
177086868,FIELD,69,175,1216760,69,69,0,0,0,0,313633,276231,0,1,1,1,63,100297427,77361830,9876348,7136123,3758097664,0,1,0,0,0
177189775,READY,70,176,1217361,69,69,0,0,0,0,313787,276231,0,1,1,1,63,100399734,77361830,9876348,7138042,3758097664,1,1,0,0,0
177189776,START,71,176,1217362,69,70,0,0,0,0,313787,276231,0,1,1,1,63,100399734,77361830,9876348,7138042,3825206528,1,1,0,0,0
178085962,FIELD,69,176,1217362,69,70,1,1,0,0,315131,276231,0,1,1,1,63,100399734,78258015,9876348,7138042,3959424256,1,1,0,0,0
178085963,SELECT,70,177,1217363,70,70,0,0,0,0,315131,276231,0,0,0,1,63,100399734,78258016,9876348,7138042,3758097664,1,1,0,0,0
178173668,PUBLISH,70,177,1218968,70,70,0,0,0,0,315263,276231,0,0,0,1,64,100485833,78258016,9876348,7138385,3758097664,0,1,0,0,0
179088868,FIELD,70,177,1235756,70,70,0,0,0,0,316636,276231,0,0,0,1,64,101384245,78258016,9876348,7162408,3758097664,0,1,0,0,0
180087962,FIELD,70,178,1253330,70,70,0,1,0,0,318134,276231,0,0,0,1,64,102365766,78258016,9876348,7186026,3758097664,1,1,0,0,0
180215578,READY,71,179,1254713,70,70,0,0,0,0,318326,276231,0,0,0,1,64,102491999,78258016,9876348,7189041,3758097664,1,1,0,0,0
180215739,START,72,179,1254874,70,71,0,0,0,0,318326,276231,0,0,0,1,64,102491999,78258016,9876348,7189041,3825206528,1,1,0,0,0
181090869,FIELD,70,179,1278437,70,71,1,0,0,0,319639,276231,0,0,0,1,64,103343565,78258016,9876348,7221684,3959424256,0,1,0,0,0
182089962,FIELD,70,180,1308054,70,71,1,1,0,0,321137,276231,0,0,0,1,64,104313041,78258016,9876348,7255450,3959424256,0,1,0,0,0
182089963,SELECT,71,181,1308054,71,71,0,0,0,0,321137,276231,0,0,1,1,64,104313042,78258016,9876348,7255450,3758097664,0,1,0,0,0
182177668,PUBLISH,71,181,1310017,71,71,0,0,0,0,321269,276231,0,0,1,1,65,104398784,78258016,9876348,7256392,3758097664,0,1,0,0,0
182379000,PTS,7,181,1315133,71,71,0,0,0,0,321571,276231,0,0,1,1,65,104595001,78258016,9876348,7263798,3758097664,1,1,0,0,0
182388768,START,73,181,1315438,71,71,0,0,0,0,321586,276231,0,0,1,1,65,104604464,78258016,9876348,7264281,3758097664,1,1,0,0,0
182388769,READY,72,181,1315439,71,71,0,0,0,0,321586,276231,0,0,1,1,65,104604464,78258016,9876348,7264281,1610613317,1,1,0,0,0
183092869,FIELD,71,181,1325288,71,71,0,0,0,0,322642,276231,0,0,1,1,65,105298714,78258016,9876348,7317557,1610613317,0,1,0,0,0
184021949,READY,73,182,1335988,71,71,0,0,0,0,324035,276231,0,0,1,1,65,106217094,78258016,9876348,7406342,1610613317,0,1,0,0,0
184021951,START,74,182,1335990,71,73,1,0,1,1,324035,276231,0,0,1,1,65,106217095,78258016,9876348,7406342,1610613321,1,1,0,0,0
184091962,FIELD,71,182,1337008,71,73,1,0,1,1,324140,276231,0,0,1,1,65,106286087,78258016,9876348,7408539,1610613837,0,1,0,0,0
185094869,FIELD,71,183,1349520,71,73,1,1,1,1,325645,276231,0,0,1,1,65,107276482,78258016,9876348,7496563,1610613837,0,1,0,0,0
185094870,SELECT,73,184,1349520,73,71,0,0,0,0,325645,318272,1,1,0,1,65,107276483,78258016,9876348,7496563,1610614117,0,1,0,0,0
185178762,PUBLISH,73,184,1350664,73,71,0,0,0,0,325771,318272,1,1,0,1,66,107359231,78258016,9876348,7502132,1610614117,0,1,0,0,0
185741416,READY,74,184,1357740,73,71,0,0,0,0,326615,318272,1,1,0,1,66,107914809,78258016,9876348,7538144,1610614117,0,1,0,0,0
185741418,START,75,184,1357742,73,74,1,0,0,0,326615,318272,1,1,0,1,66,107914810,78258016,9876348,7538144,1610614129,1,1,0,0,0
186093962,FIELD,73,184,1363404,73,74,1,0,0,0,327143,318272,1,1,0,1,66,108261691,78258016,9876348,7546666,1610616179,0,1,0,0,0
187096869,FIELD,73,185,1380848,73,74,1,1,0,0,328648,318272,1,1,0,1,66,109247154,78258016,9876348,7569715,1610616179,0,1,0,0,0
187096870,SELECT,74,186,1380848,74,71,1,0,0,0,328648,318272,0,1,1,1,66,109247155,78258016,9876348,7569715,1610616131,0,1,0,0,0
187180762,PUBLISH,74,186,1382200,74,71,1,0,0,0,328774,318272,0,1,1,1,67,109329695,78258016,9876348,7570126,1610616131,0,1,0,0,0
187964486,READY,75,186,1395385,74,71,1,0,0,0,329949,318272,0,1,1,1,67,110100235,78258016,9876348,7594388,1610616131,1,1,0,0,0
187964487,START,76,186,1395386,74,71,1,0,0,0,329949,318272,0,1,1,1,67,110100235,78258016,9876348,7594388,1677727043,1,1,0,0,0
188095962,FIELD,74,186,1398160,74,71,1,0,0,0,330146,318272,0,1,1,1,67,110228935,78258016,9876348,7598603,1811944771,0,1,0,0,0
189098869,FIELD,74,187,1416212,74,71,1,0,0,0,331651,318272,0,1,1,1,67,111213790,78258016,9876348,7621259,1811944771,0,1,0,0,0
190097962,FIELD,74,188,1434888,74,71,1,1,0,0,333149,318272,0,1,1,1,67,112194207,78258016,9876348,7646725,1811944771,0,1,0,0,0
190097963,SELECT,71,189,1434888,71,75,1,0,0,0,333149,276231,0,0,1,1,67,112194208,78258016,9876348,7646725,3959424256,0,1,0,0,0
190122785,WAIT,76,189,1434888,71,75,1,0,0,0,333187,276231,0,0,1,0,68,112208938,78282838,9876348,7656724,3959424256,1,1,0,0,0
190185669,PUBLISH,71,189,1434888,71,75,1,0,0,0,333281,276231,0,0,1,1,68,112208938,78345722,9876348,7719608,3959424256,1,1,0,0,0
190188871,WAIT_RELEASE,76,189,1434888,71,75,1,0,0,0,333286,276231,0,0,1,1,68,112208938,78348924,9876348,7722810,3959424256,1,1,0,0,0
191100869,FIELD,71,189,1434888,71,75,1,0,0,0,334654,276231,0,0,1,1,68,112208938,79260922,9876348,8634808,3959424256,1,1,0,0,0
191110507,WAIT,76,190,1434888,71,75,1,0,0,0,334668,276231,0,0,1,1,68,112208938,79270560,9876348,8644446,3959424256,1,1,0,0,0
191187964,WAIT_RELEASE,76,190,1434888,71,75,1,0,0,0,334784,276231,0,0,1,1,68,112208938,79348017,9876348,8721903,3959424256,1,1,0,0,0
192099962,FIELD,71,190,1434888,71,75,1,0,0,0,336152,276231,0,0,1,1,68,112208938,80260015,9876348,9633901,3959424256,1,1,0,0,0
192109601,WAIT,76,191,1434888,71,75,1,0,0,0,336167,276231,0,0,1,1,68,112208938,80269654,9876348,9643540,3959424256,1,1,0,0,0
192190871,WAIT_RELEASE,76,191,1434888,71,75,1,0,0,0,336289,276231,0,0,1,1,68,112208938,80350924,9876348,9724810,3959424256,1,1,0,0,0
193102869,FIELD,71,191,1434888,71,75,1,0,0,0,337657,276231,0,0,1,1,68,112208938,81262922,9876348,10636808,3959424256,1,1,0,0,0
193112521,WAIT,76,192,1434888,71,75,1,0,0,0,337671,276231,0,0,1,1,68,112208938,81272574,9876348,10646460,3959424256,1,1,0,0,0
193189964,WAIT_RELEASE,76,192,1434888,71,75,1,1,0,0,337787,276231,0,0,1,1,68,112208938,81350017,9876348,10723903,3959424256,1,1,0,0,0
194101962,FIELD,71,192,1434888,71,75,1,1,0,0,339155,276231,0,0,1,1,68,112208938,82262015,9876348,11635901,3959424256,1,1,0,0,0
194101963,SELECT,75,193,1434889,75,75,0,0,0,0,339155,318272,0,0,1,1,68,112208938,82262016,9876348,11635902,3758097664,1,1,0,0,0
194189669,PUBLISH,75,193,1437072,75,75,0,0,0,0,339287,318272,0,0,1,1,69,112294460,82262016,9876348,11637196,3758097664,0,1,0,0,0
194243441,READY,76,193,1437073,75,75,0,0,0,0,339368,318272,0,0,1,1,69,112348232,82262016,9876348,11640008,3758097664,1,1,0,0,0
194243442,START,77,193,1437074,75,76,0,0,0,0,339368,318272,0,0,1,1,69,112348232,82262016,9876348,11640008,3825206528,1,1,0,0,0
195104869,FIELD,75,193,1437074,75,76,1,0,0,0,340660,318272,0,0,1,1,69,112348232,83123442,9876348,11640008,3959424256,1,1,0,0,0
196103962,FIELD,75,194,1437074,75,76,1,0,0,0,342158,318272,0,0,1,1,69,112348232,84122535,9876348,11640008,3959424256,1,1,0,0,0
197106869,FIELD,75,195,1437074,75,76,1,1,0,0,343663,318272,0,0,1,1,69,112348232,85125442,9876348,11640008,3959424256,1,1,0,0,0
197106870,SELECT,76,196,1437075,76,76,0,0,0,0,343663,318272,0,1,0,1,69,112348232,85125443,9876348,11640008,3758097664,1,1,0,0,0
197190762,PUBLISH,76,196,1439128,76,76,0,0,0,0,343789,318272,0,1,0,1,70,112430070,85125443,9876348,11640590,3758097664,0,1,0,0,0
198105962,FIELD,76,196,1458724,76,76,0,0,0,0,345161,318272,0,1,0,1,70,113325674,85125443,9876348,11662552,3758097664,0,1,0,0,0
199108869,FIELD,76,197,1478984,76,76,0,1,0,0,346666,318272,0,1,0,1,70,114308321,85125443,9876348,11687023,3758097664,0,1,0,0,0
199622882,READY,77,198,1487125,76,76,0,0,0,0,347437,318272,0,1,0,1,70,114814194,85125443,9876348,11699652,3758097664,1,1,0,0,0
199622883,START,78,198,1487126,76,77,0,1,0,0,347437,318272,0,1,0,1,70,114814194,85125443,9876348,11699652,3825206528,1,1,0,0,0
200107962,FIELD,76,198,1494860,76,77,0,1,0,0,348164,318272,0,1,0,1,70,115291538,85125443,9876348,11733893,1610613317,0,1,0,0,0
201110869,FIELD,76,199,1508268,76,77,0,0,0,0,349669,318272,0,1,0,1,70,116281037,85125443,9876348,11820600,1610613317,0,1,0,0,0
201547368,READY,78,200,1513632,76,77,0,1,0,0,350324,318272,0,1,0,1,70,116712172,85125443,9876348,11842204,1610613317,0,1,0,0,0
201547370,START,79,200,1513634,76,78,1,0,0,0,350324,318272,0,1,0,1,70,116712173,85125443,9876348,11842204,1610613321,1,1,0,0,0
202109962,FIELD,76,200,1522592,76,78,1,0,0,0,351167,318272,0,1,0,1,70,117265806,85125443,9876348,11883747,1610613837,0,1,0,0,0
203112869,FIELD,76,201,1536240,76,78,1,1,0,0,352672,318272,0,1,0,1,70,118255065,85125443,9876348,11969788,1610613837,0,1,0,0,0
203112870,SELECT,78,202,1536240,78,77,0,0,0,0,352672,318272,0,1,1,1,70,118255066,85125443,9876348,11969788,1610614117,0,1,0,0,0
203196762,PUBLISH,78,202,1537352,78,77,0,0,0,0,352798,318272,0,1,1,1,71,118337846,85125443,9876348,11973794,1610614117,0,1,0,0,0
203479351,READY,79,202,1540808,78,77,0,0,0,0,353222,318272,0,1,1,1,71,118616979,85125443,9876348,11986940,1610614117,0,1,0,0,0
203479353,START,80,202,1540810,78,79,1,0,0,0,353222,318272,0,1,1,1,71,118616980,85125443,9876348,11986940,1610614129,1,1,0,0,0
204111962,FIELD,78,202,1554368,78,79,1,0,0,0,354170,318272,0,1,1,1,71,119236030,85125443,9876348,12002186,1610616179,0,1,0,0,0
205114869,FIELD,78,203,1575562,78,79,1,0,0,0,355675,318272,0,1,1,1,71,120217743,85125443,9876348,12022679,1610616179,0,1,0,0,0
205973218,READY,80,204,1590069,78,79,1,0,0,0,356962,318272,0,1,1,1,71,121061586,85125443,9876348,12045003,1610616179,1,1,0,0,0
206113962,FIELD,78,204,1590069,78,79,1,1,0,0,357173,318272,0,1,1,1,71,121061586,85266186,9876348,12045003,1677727091,1,1,0,0,0
206113963,START,81,205,1590070,79,77,1,0,0,0,357173,318272,0,0,0,1,71,121061586,85266187,9876348,12045003,1677727043,1,1,0,0,0
206113963,SELECT,79,205,1590070,79,77,1,0,0,0,357173,318272,0,0,0,1,71,121061586,85266187,9876348,12045003,1677727043,1,1,0,0,0
206201669,PUBLISH,79,205,1592560,79,77,1,0,0,0,357305,318272,0,0,0,1,72,121146801,85266187,9876348,12045522,1811944771,0,1,0,0,0
207116869,FIELD,79,205,1612144,79,77,1,0,0,0,358678,318272,0,0,0,1,72,122042417,85266187,9876348,12066668,1811944771,0,1,0,0,0
208115962,FIELD,79,206,1635988,79,77,1,1,0,0,360176,318272,0,0,0,1,72,123017666,85266187,9876348,12086523,1811944771,0,1,0,0,0
208115963,SELECT,77,207,1635988,77,80,1,0,0,0,360176,318272,0,0,1,1,72,123017667,85266187,9876348,12086523,3959424256,0,1,0,0,0
208203669,PUBLISH,77,207,1635988,77,80,1,0,0,0,360308,318272,0,0,1,1,73,123061852,85353893,9876348,12087014,3959424256,1,1,0,0,0
209118869,FIELD,77,207,1635988,77,80,1,0,0,0,361681,318272,0,0,1,1,73,123061852,86269093,9876348,12087014,3959424256,1,1,0,0,0
210117962,FIELD,77,208,1635988,77,80,1,0,0,0,363179,318272,0,0,1,1,73,123061852,87268186,9876348,12087014,3959424256,1,1,0,0,0
211120869,FIELD,77,209,1635988,77,80,1,1,0,0,364684,318272,0,0,1,1,73,123061852,88271093,9876348,12087014,3959424256,1,1,0,0,0
211120870,SELECT,80,210,1635989,80,80,0,0,0,0,364684,318272,0,1,0,1,73,123061852,88271094,9876348,12087014,3758097664,1,1,0,0,0
211204762,PUBLISH,80,210,1638386,80,80,0,0,0,0,364810,318272,0,1,0,1,74,123143346,88271094,9876348,12087075,3758097664,0,1,0,0,0
211651810,READY,81,210,1645393,80,80,0,0,0,0,365480,318272,0,1,0,1,74,123583388,88271094,9876348,12101269,3758097664,1,1,0,0,0
211651811,START,82,210,1645394,80,81,0,0,0,0,365480,318272,0,1,0,1,74,123583388,88271094,9876348,12101269,3825206528,1,1,0,0,0
212119962,FIELD,80,210,1653008,80,81,0,0,0,0,366182,318272,0,1,0,1,74,124043924,88271094,9876348,12136610,1610613317,0,1,0,0,0
213122869,FIELD,80,211,1666408,80,81,0,0,0,0,367687,318272,0,1,0,1,74,125033431,88271094,9876348,12223184,1610613317,0,1,0,0,0
213669231,READY,82,212,1674584,80,81,0,1,0,0,368506,318272,0,1,0,1,74,125571617,88271094,9876348,12249845,1610613317,0,1,0,0,0
213669233,START,83,212,1674586,80,82,1,0,0,0,368506,318272,0,1,0,1,74,125571618,88271094,9876348,12249845,1610613321,1,1,0,0,0
214121962,FIELD,80,212,1682140,80,82,1,0,0,0,369185,318272,0,1,0,1,74,126016792,88271094,9876348,12279948,1610613837,0,1,0,0,0
215124869,FIELD,80,213,1695568,80,82,1,1,0,0,370690,318272,0,1,0,1,74,127006271,88271094,9876348,12370267,1610613837,0,1,0,0,0
215124870,SELECT,82,214,1695568,82,81,0,0,0,0,370690,318272,0,1,1,1,74,127006272,88271094,9876348,12370267,1610614117,0,1,0,0,0
215208762,PUBLISH,82,214,1697806,82,81,0,0,0,0,370816,318272,0,1,1,1,75,127087926,88271094,9876348,12374397,1610614117,0,1,0,0,0
215735229,READY,83,214,1705108,82,81,0,0,0,0,371605,318272,0,1,1,1,75,127607091,88271094,9876348,12401144,1610614117,0,1,0,0,0
215735391,START,84,214,1705270,82,83,1,0,0,0,371606,318272,0,1,1,1,75,127607092,88271094,9876348,12401144,1610614129,1,1,0,0,0
216123962,FIELD,82,214,1715667,82,83,1,0,0,0,372188,318272,0,1,1,1,75,127985265,88271094,9876348,12414870,1610616179,0,1,0,0,0
217126869,FIELD,82,215,1746722,82,83,1,0,0,0,373693,318272,0,1,1,1,75,128957117,88271094,9876348,12448715,1610616179,0,1,0,0,0
217922029,PTS,8,216,1768379,82,83,1,0,0,0,374886,318272,0,1,1,1,75,129730621,88271094,9876348,12474719,1610616179,1,1,0,0,0
217933876,START,85,216,1768714,82,83,1,0,0,0,374903,318272,0,1,1,1,75,129742133,88271094,9876348,12475198,1610616179,1,1,0,0,0
217933877,READY,84,216,1768714,82,83,1,0,0,0,374903,318272,0,1,1,1,75,129742133,88271094,9876348,12475198,1610616179,1,1,0,0,0
218125962,FIELD,82,216,1768714,82,83,1,1,0,0,375191,318272,0,1,1,1,75,129742133,88463179,9876348,12475198,1677727091,1,1,0,0,0
218125963,SELECT,83,217,1768714,83,81,1,0,0,0,375191,318272,0,0,0,1,75,129742133,88463180,9876348,12475198,1677727043,1,1,0,0,0
218213669,PUBLISH,83,217,1769860,83,81,1,0,0,0,375323,318272,0,0,0,1,76,129828692,88463181,9876348,12477658,1091872067,0,1,0,0,0
219128869,FIELD,83,217,1781156,83,81,1,0,0,0,376696,318272,0,0,0,1,76,130732596,88463181,9876348,12576230,1091872067,0,1,0,0,0
219848120,READY,85,218,1789000,83,81,1,0,0,0,377775,318272,0,0,0,1,76,131444003,88463181,9876348,12634041,1091872067,0,1,0,0,0
220127962,FIELD,83,218,1789001,83,81,1,1,0,0,378194,318272,0,0,0,1,76,131444004,88743021,9876348,12634041,1091904835,1,1,0,0,0
220127963,SELECT,81,219,1789001,81,84,0,0,0,0,378194,318272,0,0,1,1,76,131444004,88743022,9876348,12634041,1125459203,1,1,0,0,0
220127964,START,86,219,1789002,81,85,1,0,1,1,378194,318272,0,0,1,1,77,131444004,88743023,9876348,12634041,1073742409,1,0,0,0,0
220215669,PUBLISH,81,219,1790156,81,85,1,0,1,1,378326,318272,0,0,1,1,77,131530554,88743023,9876348,12635977,1073742925,0,1,0,0,0
221130869,FIELD,81,219,1800976,81,85,1,0,1,1,379699,318272,0,0,1,1,77,132434934,88743023,9876348,12730870,1073742925,0,1,0,0,0
221885555,READY,86,220,1810180,81,85,1,0,1,1,380831,318272,0,0,1,1,77,133180416,88743023,9876348,12790772,1073742925,0,1,0,0,0
221885557,START,87,220,1810182,81,85,1,0,1,1,380831,318272,0,0,1,1,77,133180417,88743023,9876348,12790772,1073742937,1,1,0,0,0
222129962,FIELD,81,220,1814480,81,85,1,0,1,1,381197,318272,0,0,1,1,77,133420523,88743023,9876348,12796308,1073744987,0,1,0,0,0
223132869,FIELD,81,221,1829696,81,85,1,1,1,1,382702,318272,0,0,1,1,77,134408214,88743023,9876348,12819337,1073744987,0,1,0,0,0
223132870,SELECT,85,222,1829696,85,86,1,0,0,0,382702,363317,1,1,0,1,77,134408215,88743023,9876348,12819337,1073745267,0,1,0,0,0
223216762,PUBLISH,85,222,1831328,85,86,1,0,0,0,382828,363317,1,1,0,1,78,134490475,88743023,9876348,12820186,1073745267,0,1,0,0,0
224131962,FIELD,85,222,1847308,85,86,1,0,0,0,384200,363317,1,1,0,1,78,135389695,88743023,9876348,12844489,1073745267,0,1,0,0,0
224212294,READY,87,223,1848201,85,86,1,0,0,0,384321,363317,1,1,0,1,78,135469135,88743023,9876348,12845366,1073745267,1,1,0,0,0
225134869,FIELD,85,223,1848201,85,86,1,1,0,0,385705,363317,1,1,0,1,78,135469135,89665597,9876348,12845366,1140856179,1,1,0,0,0
225134870,START,88,224,1848202,86,84,1,0,0,0,385705,363317,0,1,1,1,78,135469135,89665598,9876348,12845366,1140856131,1,1,0,0,0
225134870,SELECT,86,224,1848202,86,84,1,0,0,0,385705,363317,0,1,1,1,78,135469135,89665598,9876348,12845366,1140856131,1,1,0,0,0
225218762,PUBLISH,86,224,1850196,86,84,1,0,0,0,385831,363317,0,1,1,1,79,135551032,89665598,9876348,12845527,1275073859,0,1,0,0,0
226133962,FIELD,86,224,1862708,86,84,1,0,0,0,387203,363317,0,1,1,1,79,136453720,89665598,9876348,12867808,1275073859,0,1,0,0,0
227136869,FIELD,86,225,1882236,86,84,1,0,0,0,388708,363317,0,1,1,1,79,137437099,89665598,9876348,12889795,1275073859,0,1,0,0,0
227552441,READY,88,226,1889133,86,84,1,0,0,0,389331,363317,0,1,1,1,79,137845775,89665598,9876348,12900312,1275073859,1,1,0,0,0
227552442,START,89,226,1889134,86,84,1,0,0,0,389331,363317,0,1,1,1,79,137845775,89665598,9876348,12900312,1275073859,1,1,0,0,0
228135962,FIELD,86,226,1899532,86,84,1,1,0,0,390206,363317,0,1,1,1,79,138418896,89665598,9876348,12914415,1275073859,0,1,0,0,0
228135963,SELECT,84,227,1899532,84,87,1,0,0,0,390206,318272,0,0,1,1,79,138418897,89665598,9876348,12914415,3422553344,0,1,0,0,0
228146470,WAIT,89,227,1899532,84,87,1,0,0,0,390222,318272,0,0,1,0,80,138429404,89676105,9876348,12924849,3422553344,0,1,0,0,0
228223669,PUBLISH,84,227,1899532,84,87,1,0,0,0,390338,318272,0,0,1,1,80,138506603,89753304,9876348,13002048,3422553344,0,1,0,0,0
228226871,WAIT_RELEASE,89,227,1899532,84,87,1,0,0,0,390343,318272,0,0,1,1,80,138509805,89756506,9876348,13005250,3422553344,0,1,0,0,0
229138869,FIELD,84,227,1899532,84,87,1,0,0,0,391711,318272,0,0,1,1,80,139421803,90668504,9876348,13917248,3422553344,0,1,0,0,0
229148510,WAIT,89,228,1899532,84,87,1,0,0,0,391725,318272,0,0,1,1,80,139431444,90678145,9876348,13926889,3422553344,0,1,0,0,0
229225964,WAIT_RELEASE,89,228,1899532,84,87,1,0,0,0,391841,318272,0,0,1,1,80,139508898,90755599,9876348,14004343,3422553344,0,1,0,0,0
230137962,FIELD,84,228,1899532,84,87,1,0,0,0,393209,318272,0,0,1,1,80,140420896,91667597,9876348,14916341,3422553344,0,1,0,0,0
230147610,WAIT,89,229,1899532,84,87,1,0,0,0,393224,318272,0,0,1,1,80,140430544,91677245,9876348,14925989,3422553344,0,1,0,0,0
230228871,WAIT_RELEASE,89,229,1899532,84,87,1,0,0,0,393346,318272,0,0,1,1,80,140511805,91758506,9876348,15007250,3422553344,0,1,0,0,0
231140869,FIELD,84,229,1899532,84,87,1,0,0,0,394714,318272,0,0,1,1,80,141423803,92670504,9876348,15919248,3422553344,0,1,0,0,0
231150508,WAIT,89,230,1899532,84,87,1,0,0,0,394728,318272,0,0,1,1,80,141433442,92680143,9876348,15928887,3422553344,0,1,0,0,0
231227964,WAIT_RELEASE,89,230,1899532,84,87,1,1,0,0,394844,318272,0,0,1,1,80,141510898,92757599,9876348,16006343,3422553344,0,1,0,0,0
232139962,FIELD,84,230,1899532,84,87,1,1,0,0,396212,318272,0,0,1,1,80,142422896,93669597,9876348,16918341,3422553344,0,1,0,0,0
232139963,SELECT,87,231,1899532,87,87,0,0,0,0,396212,363317,0,0,1,1,80,142422897,93669598,9876348,16918342,3221226752,0,1,0,0,0
232227669,PUBLISH,87,231,1900735,87,87,0,0,0,0,396344,363317,0,0,1,1,81,142509401,93669598,9876348,16919363,3221226752,1,1,0,0,0
233142869,FIELD,87,231,1916956,87,87,0,0,0,0,397717,363317,0,0,1,1,81,143408379,93669598,9876348,16942740,3221226752,0,1,0,0,0
233993798,READY,89,232,1932637,87,87,0,0,0,0,398993,363317,0,0,1,1,81,144243628,93669598,9876348,16963351,3221226752,1,1,0,0,0
233993799,START,90,232,1932638,87,89,0,0,0,0,398993,363317,0,0,1,1,81,144243628,93669598,9876348,16963351,3288335616,1,1,0,0,0
234141962,FIELD,87,232,1932638,87,89,1,0,0,0,399215,363317,0,0,1,1,81,144243628,93817760,10024510,16963351,3422553344,1,1,0,0,0
235144869,FIELD,87,233,1932638,87,89,1,1,0,0,400720,363317,0,0,1,1,81,144243628,94820667,11027417,16963351,3422553344,1,1,0,0,0
235144870,SELECT,89,234,1932638,89,89,0,0,0,0,400720,363317,0,1,1,1,81,144243628,94820668,11027418,16963351,3221226752,1,1,0,0,0
235228762,PUBLISH,89,234,1935096,89,89,0,0,0,0,400846,363317,0,1,1,1,82,144325061,94820668,11027419,16963696,3221226752,0,1,0,0,0
236143963,FIELD,89,234,1947932,89,89,0,0,0,0,402218,363317,0,1,1,1,82,145227426,94820668,11027419,16987509,3221226752,0,1,0,0,0
237146869,FIELD,89,235,1967972,89,89,0,0,0,0,403723,363317,0,1,1,1,82,146210292,94820668,11027419,17009865,3221226752,0,1,0,0,0
237658525,READY,90,236,1976477,89,89,0,0,0,0,404490,363317,0,1,1,1,82,146713444,94820668,11027419,17020941,3221226752,1,1,0,0,0
237658526,START,91,236,1976478,89,90,0,0,0,0,404490,363317,0,1,1,1,82,146713444,94820668,11027419,17020941,3288335616,1,1,0,0,0
238145963,FIELD,89,236,1976478,89,90,1,1,0,0,405221,363317,0,1,1,1,82,146713444,95308104,11027419,17020941,3422553344,1,1,0,0,0
238145964,SELECT,90,237,1976479,90,90,0,0,0,0,405221,363317,0,0,0,1,82,146713444,95308105,11027419,17020941,3221226752,1,1,0,0,0
238233669,PUBLISH,90,237,1978700,90,90,0,0,0,0,405353,363317,0,0,0,1,83,146798927,95308105,11027419,17021236,3221226752,0,1,0,0,0
239148869,FIELD,90,237,1992452,90,90,0,0,0,0,406726,363317,0,0,0,1,83,147700375,95308105,11027419,17043743,3221226752,0,1,0,0,0
240147963,FIELD,90,238,2011844,90,90,0,1,0,0,408224,363317,0,0,0,1,83,148680077,95308105,11027419,17066526,3221226752,0,1,0,0,0
240708785,READY,91,239,2022653,90,90,0,0,0,0,409066,363317,0,0,0,1,83,149230091,95308105,11027419,17078351,3221226752,1,1,0,0,0
240708786,START,92,239,2022654,90,91,0,0,0,0,409066,363317,0,0,0,1,83,149230091,95308105,11027419,17078351,3288335616,1,1,0,0,0
241150869,FIELD,90,239,2022654,90,91,1,0,0,0,409729,363317,0,0,0,1,83,149230091,95750187,11027419,17078351,3422553344,1,1,0,0,0
242149963,FIELD,90,240,2022654,90,91,1,1,0,0,411227,363317,0,0,0,1,83,149230091,96749281,11027419,17078351,3422553344,1,1,0,0,0
242149964,SELECT,91,241,2022655,91,91,0,0,0,0,411227,363317,0,0,1,1,83,149230091,96749282,11027419,17078351,3221226752,1,1,0,0,0
242237669,PUBLISH,91,241,2025184,91,91,0,0,0,0,411359,363317,0,0,1,1,84,149315266,96749282,11027419,17078754,3221226752,0,1,0,0,0
243152869,FIELD,91,241,2038396,91,91,0,0,0,0,412732,363317,0,0,1,1,84,150217254,96749282,11027419,17101895,3221226752,0,1,0,0,0
244151963,FIELD,91,242,2058464,91,91,0,0,0,0,414230,363317,0,0,1,1,84,151196280,96749282,11027419,17123895,3221226752,0,1,0,0,0
244735970,READY,92,243,2069561,91,91,0,0,0,0,415106,363317,0,0,1,1,84,151769191,96749282,11027419,17136986,3221226752,1,1,0,0,0
244735971,START,93,243,2069562,91,92,0,0,0,0,415106,363317,0,0,1,1,84,151769191,96749282,11027419,17136986,3288335616,1,1,0,0,0
245154869,FIELD,91,243,2069562,91,92,1,1,0,0,415735,363317,0,0,1,1,84,151769191,97168179,11027419,17136986,3422553344,1,1,0,0,0
245154870,SELECT,92,244,2069563,92,92,0,0,0,0,415735,363317,0,1,0,1,84,151769191,97168180,11027419,17136986,3221226752,1,1,0,0,0
245238762,PUBLISH,92,244,2072132,92,92,0,0,0,0,415861,363317,0,1,0,1,85,151850513,97168180,11027419,17137342,3221226752,0,1,0,0,0
246153963,FIELD,92,244,2085560,92,92,0,0,0,0,417233,363317,0,1,0,1,85,152752286,97168180,11027419,17161494,3221226752,0,1,0,0,0
247156869,FIELD,92,245,2105304,92,92,0,1,0,0,418738,363317,0,1,0,1,85,153735448,97168180,11027419,17184118,3221226752,0,1,0,0,0
247741397,READY,93,246,2116189,92,92,0,0,0,0,419615,363317,0,1,0,1,85,154309092,97168180,11027419,17196140,3221226752,1,1,0,0,0
247741398,START,94,246,2116190,92,93,0,0,0,0,419615,363317,0,1,0,1,85,154309092,97168180,11027419,17196140,3288335616,1,1,0,0,0
248155963,FIELD,92,246,2116190,92,93,1,0,0,0,420236,363317,0,1,0,1,85,154309092,97582744,11027419,17196140,3422553344,1,1,0,0,0
249158869,FIELD,92,247,2116190,92,93,1,1,0,0,421741,363317,0,1,0,1,85,154309092,98585650,11027419,17196140,3422553344,1,1,0,0,0
249158870,SELECT,93,248,2116191,93,93,0,0,0,0,421741,363317,0,1,1,1,85,154309092,98585651,11027419,17196140,3221226752,1,1,0,0,0
249242763,PUBLISH,93,248,2118616,93,93,0,0,0,0,421867,363317,0,1,1,1,86,154390559,98585651,11027419,17196448,3221226752,0,1,0,0,0
250157963,FIELD,93,248,2132284,93,93,0,0,0,0,423239,363317,0,1,1,1,86,155292091,98585651,11027419,17218109,3221226752,0,1,0,0,0
251160869,FIELD,93,249,2152416,93,93,0,0,0,0,424744,363317,0,1,1,1,86,156274865,98585651,11027419,17238876,3221226752,0,1,0,0,0
251772074,READY,94,250,2163817,93,93,0,0,0,0,425661,363317,0,1,1,1,86,156874670,98585651,11027419,17250479,3221226752,1,1,0,0,0
251772075,START,95,250,2163818,93,94,0,0,0,0,425661,363317,0,1,1,1,86,156874670,98585651,11027419,17250479,3288335616,1,1,0,0,0
252159963,FIELD,93,250,2163818,93,94,1,1,0,0,426242,363317,0,1,1,1,86,156874670,98973538,11027419,17250479,3422553344,1,1,0,0,0
252159964,SELECT,94,251,2163819,94,94,0,0,0,0,426242,363317,0,0,0,1,86,156874670,98973539,11027419,17250479,3221226752,1,1,0,0,0
252247669,PUBLISH,94,251,2166284,94,94,0,0,0,0,426374,363317,0,0,0,1,87,156959909,98973539,11027419,17250897,3221226752,0,1,0,0,0
253162869,FIELD,94,251,2179160,94,94,0,0,0,0,427747,363317,0,0,0,1,87,157862233,98973539,11027419,17273017,3221226752,0,1,0,0,0
254161963,FIELD,94,252,2199756,94,94,0,1,0,0,429245,363317,0,0,0,1,87,158840731,98973539,11027419,17293296,3221226752,0,1,0,0,0
254787010,READY,95,253,2211205,94,94,0,0,0,0,430183,363317,0,0,0,1,87,159454330,98973539,11027419,17307549,3221226752,1,1,0,0,0
254787171,START,96,253,2211366,94,95,0,0,0,0,430183,363317,0,0,0,1,87,159454330,98973539,11027419,17307549,3288335616,1,1,0,0,0
255164869,FIELD,94,253,2223112,94,95,1,0,0,0,430750,363317,0,0,0,1,87,159820281,98973539,11027419,17320095,3422553344,0,1,0,0,0
256163963,FIELD,94,254,2258008,94,95,1,1,0,0,432248,363317,0,0,0,1,87,160784479,98973539,11027419,17352240,3422553344,0,1,0,0,0
256163964,SELECT,95,255,2258008,95,95,0,0,0,0,432248,363317,0,0,1,1,87,160784480,98973539,11027419,17352240,3221226752,0,1,0,0,0
256251669,PUBLISH,95,255,2260697,95,95,0,0,0,0,432380,363317,0,0,1,1,88,160869496,98973539,11027419,17352750,3221226752,0,1,0,0,0
257088950,PTS,9,255,2286413,95,95,0,0,0,0,433636,363317,0,0,1,1,88,161681062,98973539,11027419,17381821,3221226752,1,1,0,0,0
257090387,START,97,255,2286462,95,95,0,0,0,0,433638,363317,0,0,1,1,88,161682450,98973539,11027419,17381979,3221226752,1,1,0,0,0
257090388,READY,96,255,2286463,95,95,0,0,0,0,433638,363317,0,0,1,1,88,161682450,98973539,11027419,17381979,1073742405,1,1,0,0,0
257166869,FIELD,95,255,2287668,95,95,0,0,0,0,433753,363317,0,0,1,1,88,161757725,98973539,11027419,17388057,1073742405,0,1,0,0,0
258165963,FIELD,95,256,2297628,95,95,0,0,0,0,435251,363317,0,0,1,1,88,162746859,98973539,11027419,17516836,1073742405,0,1,0,0,0
259168869,FIELD,95,257,2312772,95,95,0,0,0,0,436756,363317,0,0,1,1,88,163734621,98973539,11027419,17594738,1073742405,0,1,0,0,0
259229976,READY,97,258,2312772,95,95,0,0,0,0,436847,363317,0,0,1,1,88,163795728,98973539,11027419,17598719,1073742405,0,1,0,0,0
259229978,START,98,258,2312774,95,97,1,1,1,1,436847,363317,0,0,1,1,88,163795729,98973539,11027419,17598719,1073742409,1,1,0,0,0
260167963,FIELD,95,258,2321784,95,97,1,0,1,1,438254,363317,0,0,1,1,88,164724703,98973539,11027419,17707984,1073742925,0,1,0,0,0
261170869,FIELD,95,259,2337108,95,97,1,1,1,1,439759,363317,0,0,1,1,88,165712285,98973539,11027419,17792192,1073742925,0,1,0,0,0
261170870,SELECT,97,260,2337108,97,95,0,0,0,0,439759,408362,1,1,0,1,88,165712286,98973539,11027419,17792192,1073743205,0,1,0,0,0
261254763,PUBLISH,97,260,2337708,97,95,0,0,0,0,439885,408362,1,1,0,1,89,165795579,98973539,11027419,17796279,1073743205,0,1,0,0,0
261276264,READY,98,260,2337708,97,95,0,0,0,0,439917,408362,1,1,0,1,89,165817080,98973539,11027419,17797919,1073743205,0,1,0,0,0
261276266,START,99,260,2337710,97,98,1,0,0,0,439917,408362,1,1,0,1,89,165817081,98973539,11027419,17797919,1073743217,1,1,0,0,0
262169963,FIELD,97,260,2356060,97,98,1,0,0,0,441257,408362,1,1,0,1,89,166692427,98973539,11027419,17816115,1073745267,0,1,0,0,0
263172869,FIELD,97,261,2378148,97,98,1,1,0,0,442762,408362,1,1,0,1,89,167673245,98973539,11027419,17837205,1073745267,0,1,0,0,0
263172870,SELECT,98,262,2378148,98,95,1,0,0,0,442762,408362,0,1,1,1,89,167673246,98973539,11027419,17837205,1073745219,0,1,0,0,0
263256763,PUBLISH,98,262,2379992,98,95,1,0,0,0,442888,408362,0,1,1,1,90,167755295,98973539,11027419,17837970,1073745219,0,1,0,0,0
263940122,READY,99,262,2393093,98,95,1,0,0,0,443913,408362,0,1,1,1,90,168425554,98973539,11027419,17854236,1073745219,1,1,0,0,0
263940123,START,100,262,2393094,98,95,1,0,0,0,443913,408362,0,1,1,1,90,168425554,98973539,11027419,17854236,1140856131,1,1,0,0,0
264171963,FIELD,98,262,2395332,98,95,1,0,0,0,444260,408362,0,1,1,1,90,168655155,98973539,11027419,17877463,1091872067,0,1,0,0,0
265174870,FIELD,98,263,2407448,98,95,1,0,0,0,445765,408362,0,1,1,1,90,169645946,98973539,11027419,18001123,1091872067,0,1,0,0,0
265980600,READY,100,264,2419588,98,95,1,0,0,0,446973,408362,0,1,1,1,90,170439536,98973539,11027419,18063148,1091872067,0,1,0,0,0
266173963,FIELD,98,264,2419589,98,95,1,1,0,0,447263,408362,0,1,1,1,90,170439537,99166900,11027419,18063148,1091904835,1,1,0,0,0
266173964,SELECT,95,265,2419589,95,99,0,0,0,0,447263,363317,0,0,1,1,90,170439537,99166901,11027419,18063148,1125459203,1,1,0,0,0
266173965,START,101,265,2419590,95,100,1,0,0,0,447263,363317,0,0,1,1,91,170439537,99166902,11027419,18063148,1073742409,1,0,0,0,0
266261669,PUBLISH,95,265,2420580,95,100,1,0,0,0,447395,363317,0,0,1,1,91,170526250,99166902,11027419,18066604,1073742925,0,1,0,0,0
267176870,FIELD,95,265,2429992,95,100,1,0,0,0,448768,363317,0,0,1,1,91,171432039,99166902,11027419,18185373,1073742925,0,1,0,0,0
268175963,FIELD,95,266,2446232,95,100,1,0,0,0,450266,363317,0,0,1,1,91,172414892,99166902,11027419,18269754,1073742925,0,1,0,0,0
268230504,READY,101,267,2446232,95,100,1,0,0,0,450348,363317,0,0,1,1,91,172469433,99166902,11027419,18273127,1073742925,0,1,0,0,0
268230506,START,102,267,2446234,95,100,1,0,0,0,450348,363317,0,0,1,1,91,172469434,99166902,11027419,18273127,1073742937,1,1,0,0,0
269178870,FIELD,95,267,2446234,95,100,1,0,0,0,451771,363317,0,0,1,1,91,172469434,99166902,11975782,18273127,1073744987,1,1,0,0,0
270177963,FIELD,95,268,2446234,95,100,1,1,0,0,453269,363317,0,0,1,1,91,172469434,99166902,12974875,18273127,1073744987,1,1,0,0,0
270177964,SELECT,100,269,2446234,100,101,1,0,0,0,453269,408362,0,0,1,1,91,172469434,99166902,12974876,18273127,1073745267,1,1,0,0,0
270265669,PUBLISH,100,269,2449272,100,101,1,0,0,0,453401,408362,0,0,1,1,92,172554100,99166902,12974877,18273471,1073745267,0,1,0,0,0
271180870,FIELD,100,269,2467460,100,101,1,0,0,0,454774,408362,0,0,1,1,92,173451113,99166902,12974877,18294031,1073745267,0,1,0,0,0
272179963,FIELD,100,270,2492404,100,101,1,0,0,0,456272,408362,0,0,1,1,92,174425262,99166902,12974877,18314389,1073745267,0,1,0,0,0
272990790,READY,102,271,2509385,100,101,1,0,0,0,457489,408362,0,0,1,1,92,175219109,99166902,12974877,18332707,1073745267,1,1,0,0,0
273182870,FIELD,100,271,2509385,100,101,1,1,0,0,457777,408362,0,0,1,1,92,175219109,99358981,12974877,18332707,1140856179,1,1,0,0,0
273182871,START,103,272,2509386,101,99,1,0,0,0,457777,408362,0,1,0,1,92,175219109,99358982,12974877,18332707,1140856131,1,1,0,0,0
273182871,SELECT,101,272,2509386,101,99,1,0,0,0,457777,408362,0,1,0,1,92,175219109,99358982,12974877,18332707,1140856131,1,1,0,0,0
273266763,PUBLISH,101,272,2510516,101,99,1,0,0,0,457903,408362,0,1,0,1,93,175301870,99358982,12974877,18337605,1091872067,0,1,0,0,0
274181963,FIELD,101,272,2519512,101,99,1,0,0,0,459275,408362,0,1,0,1,93,176208074,99358982,12974877,18455642,1091872067,0,1,0,0,0
275184870,FIELD,101,273,2535508,101,99,1,1,0,0,460780,408362,0,1,0,1,93,177194985,99358982,12974877,18543216,1091872067,0,1,0,0,0
275184871,SELECT,99,274,2535508,99,102,0,0,0,0,460780,408362,0,1,1,1,93,177194986,99358982,12974877,18543216,1125426435,0,1,0,0,0
275268763,PUBLISH,99,274,2537144,99,102,0,0,0,0,460906,408362,0,1,1,1,94,177277242,99358982,12974877,18548777,1125426435,0,1,0,0,0
275357885,READY,103,274,2537892,99,102,0,0,0,0,461039,408362,0,1,1,1,94,177365616,99358982,12974877,18557992,1125426435,0,1,0,0,0
275357888,START,104,274,2537894,99,103,1,0,0,0,461039,408362,0,1,1,1,94,177365617,99358983,12974877,18557992,1073742409,1,1,0,0,0
276183963,FIELD,99,274,2546004,99,103,1,0,0,0,462278,408362,0,1,1,1,94,178183581,99358983,12974877,18653575,1073742925,0,1,0,0,0
277186870,FIELD,99,275,2561924,99,103,1,0,0,0,463783,408362,0,1,1,1,94,179170568,99358983,12974877,18752402,1073742925,0,1,0,0,0
277531581,READY,104,276,2566880,99,103,1,0,0,0,464300,408362,0,1,1,1,94,179510323,99358983,12974877,18781916,1073742925,0,1,0,0,0
277531583,START,105,276,2566882,99,103,1,0,0,0,464300,408362,0,1,1,1,94,179510324,99358983,12974877,18781916,1073742937,1,1,0,0,0
278185963,FIELD,99,276,2580812,99,103,1,1,0,0,465281,408362,0,1,1,1,94,180150773,99358983,12974877,18796027,1073744987,0,1,0,0,0
278185964,SELECT,103,277,2580812,103,104,1,0,0,0,465281,408362,0,0,0,1,94,180150774,99358983,12974877,18796027,1073745267,0,1,0,0,0
278273670,PUBLISH,103,277,2582568,103,104,1,0,0,0,465413,408362,0,0,0,1,95,180236724,99358983,12974877,18796472,1073745267,0,1,0,0,0
279188870,FIELD,103,277,2606476,103,104,1,0,0,0,466786,408362,0,0,0,1,95,181128016,99358983,12974877,18815897,1073745267,0,1,0,0,0
280187963,FIELD,103,278,2632788,103,104,1,1,0,0,468284,408362,0,0,0,1,95,182100797,99358983,12974877,18835949,1073745267,0,1,0,0,0
280187964,SELECT,104,279,2632788,104,102,1,0,0,0,468284,408362,0,0,1,1,95,182100798,99358983,12974877,18835949,1073745219,0,1,0,0,0
280275670,PUBLISH,104,279,2634984,104,102,1,0,0,0,468416,408362,0,0,1,1,96,182186308,99358983,12974877,18836340,1073745219,0,1,0,0,0
280425642,READY,105,279,2636497,104,102,1,0,0,0,468641,408362,0,0,1,1,96,182334768,99358983,12974877,18840085,1073745219,1,1,0,0,0
280425643,START,106,279,2636498,104,102,1,0,0,0,468641,408362,0,0,1,1,96,182334768,99358983,12974877,18840085,1140856131,1,1,0,0,0
281190870,FIELD,104,279,2643824,104,102,1,0,0,0,469789,408362,0,0,1,1,96,183092668,99358983,12974877,18932121,1091872067,0,1,0,0,0
282189963,FIELD,104,280,2659988,104,102,1,0,0,0,471287,408362,0,0,1,1,96,184075597,99358983,12974877,19028664,1091872067,0,1,0,0,0
282673072,READY,106,281,2666768,104,102,1,0,0,0,472012,408362,0,0,1,1,96,184551926,99358983,12974877,19067526,1091872067,0,1,0,0,0
283192870,FIELD,104,281,2666769,104,102,1,1,0,0,472792,408362,0,0,1,1,96,184551927,99878779,12974877,19067526,1091904835,1,1,0,0,0
283192871,SELECT,102,282,2666769,102,105,0,0,0,0,472792,408362,0,1,0,1,96,184551927,99878780,12974877,19067526,1125459203,1,1,0,0,0
283192872,START,107,282,2666770,102,106,1,0,0,0,472792,408362,0,1,0,1,97,184551927,99878781,12974877,19067526,1073742409,1,0,0,0,0
283276763,PUBLISH,102,282,2668020,102,106,1,0,0,0,472918,408362,0,1,0,1,97,184634567,99878781,12974877,19071237,1073742925,0,1,0,0,0
284191963,FIELD,102,282,2677848,102,106,1,0,0,0,474290,408362,0,1,0,1,97,185539939,99878781,12974877,19183199,1073742925,0,1,0,0,0
285194870,FIELD,102,283,2694932,102,106,1,1,0,0,475795,408362,0,1,0,1,97,186525762,99878781,12974877,19290122,1073742925,0,1,0,0,0
285194871,SELECT,106,284,2694932,106,105,0,0,0,0,475795,408362,0,1,1,1,97,186525763,99878781,12974877,19290122,1073743205,0,1,0,0,0
285278763,PUBLISH,106,284,2696464,106,105,0,0,0,0,475921,408362,0,1,1,1,98,186608123,99878781,12974877,19297059,1073743205,0,1,0,0,0
285448217,READY,107,284,2698712,106,105,0,0,0,0,476175,408362,0,1,1,1,98,186775329,99878781,12974877,19313033,1073743205,0,1,0,0,0
285448379,START,108,284,2698874,106,107,1,0,0,0,476175,408362,0,1,1,1,98,186775330,99878781,12974877,19313033,1073743217,1,1,0,0,0
286193963,FIELD,106,284,2719765,106,107,1,0,0,0,477293,408362,0,1,1,1,98,187500022,99878781,12974877,19339293,1073745267,0,1,0,0,0
287196870,FIELD,106,285,2758105,106,107,1,0,0,0,478798,408362,0,1,1,1,98,188464589,99878781,12974877,19368634,1073745267,0,1,0,0,0
287743294,PTS,10,286,2776045,106,107,1,0,0,0,479617,408362,0,1,1,1,98,188993074,99878781,12974877,19386281,1073745267,1,1,0,0,0
287780490,START,109,286,2777186,106,107,1,0,0,0,479673,408362,0,1,1,1,98,189029129,99878781,12974877,19387766,1073745267,1,1,0,0,0
287780491,READY,108,286,2777186,106,107,1,0,0,0,479673,408362,0,1,1,1,98,189029129,99878781,12974877,19387766,1073745267,1,1,0,0,0
288195963,FIELD,106,286,2777186,106,107,1,1,0,0,480296,408362,0,1,1,1,98,189029129,100294253,12974877,19387766,1140856179,1,1,0,0,0
288195964,SELECT,107,287,2777186,107,105,1,0,0,0,480296,408362,0,0,0,1,98,189029129,100294254,12974877,19387766,1140856131,1,1,0,0,0
288283670,PUBLISH,107,287,2778224,107,105,1,0,0,0,480428,408362,0,0,0,1,99,189115796,100294255,12974877,19392235,1091872067,0,1,0,0,0
289198870,FIELD,107,287,2788324,107,105,1,0,0,0,481801,408362,0,0,0,1,99,190020896,100294255,12974877,19514211,1091872067,0,1,0,0,0
290197963,FIELD,107,288,2803984,107,105,1,1,0,0,483299,408362,0,0,0,1,99,191004329,100294255,12974877,19613827,1091872067,0,1,0,0,0
290197964,SELECT,105,289,2803984,105,108,0,0,0,0,483299,408362,0,0,1,1,99,191004330,100294255,12974877,19613827,1125426435,0,1,0,0,0
290285670,PUBLISH,105,289,2805488,105,108,0,0,0,0,483431,408362,0,0,1,1,100,191090532,100294255,12974877,19620377,1125426435,0,1,0,0,0
290348496,READY,109,289,2805488,105,108,0,0,0,0,483525,408362,0,0,1,1,100,191153358,100294255,12974877,19628507,1125426435,0,1,0,0,0
290348499,START,110,289,2805490,105,109,1,0,1,1,483525,408362,0,0,1,1,100,191153359,100294256,12974877,19628507,1073742409,1,1,0,0,0
291200870,FIELD,105,289,2813888,105,109,1,0,1,1,484804,408362,0,0,1,1,100,191997331,100294256,12974877,19732892,1073742925,0,1,0,0,0
292199963,FIELD,105,290,2831300,105,109,1,0,1,1,486302,408362,0,0,1,1,100,192979012,100294256,12974877,19836528,1073742925,0,1,0,0,0
292461849,READY,110,291,2833532,105,109,1,0,1,1,486695,408362,0,0,1,1,100,193238666,100294256,12974877,19858102,1073742925,0,1,0,0,0
292461851,START,111,291,2833534,105,109,1,0,1,1,486695,408362,0,0,1,1,100,193238667,100294256,12974877,19858102,1073742937,1,1,0,0,0
293202870,FIELD,105,291,2842800,105,109,1,1,1,1,487807,408362,0,0,1,1,100,193970419,100294256,12974877,19877375,1073744987,0,1,0,0,0
293202871,SELECT,109,292,2842800,109,110,1,0,0,0,487807,453407,1,1,0,1,100,193970420,100294256,12974877,19877375,1073745267,0,1,0,0,0
293286763,PUBLISH,109,292,2843948,109,110,1,0,0,0,487933,453407,1,1,0,1,101,194053164,100294256,12974877,19877825,1073745267,0,1,0,0,0
294201963,FIELD,109,292,2864616,109,110,1,0,0,0,489305,453407,1,1,0,1,101,194947696,100294256,12974877,19899919,1073745267,0,1,0,0,0
294915413,READY,111,293,2876797,109,110,1,0,0,0,490376,453407,1,1,0,1,101,195648966,100294256,12974877,19917963,1073745267,1,1,0,0,0
295204870,FIELD,109,293,2876797,109,110,1,1,0,0,490810,453407,1,1,0,1,101,195648966,100583712,12974877,19917963,1140856179,1,1,0,0,0
295204871,START,112,294,2876798,110,108,1,0,0,0,490810,453407,0,1,1,1,101,195648966,100583713,12974877,19917963,1140856131,1,1,0,0,0
295204871,SELECT,110,294,2876798,110,108,1,0,0,0,490810,453407,0,1,1,1,101,195648966,100583713,12974877,19917963,1140856131,1,1,0,0,0
295288763,PUBLISH,110,294,2878824,110,108,1,0,0,0,490936,453407,0,1,1,1,102,195730831,100583713,12974877,19918216,1275073859,0,1,0,0,0
296203963,FIELD,110,294,2891978,110,108,1,0,0,0,492308,453407,0,1,1,1,102,196632877,100583713,12974877,19940059,1275073859,0,1,0,0,0
297206870,FIELD,110,295,2916020,110,108,1,0,0,0,493813,453407,0,1,1,1,102,197611742,100583713,12974877,19963390,1275073859,0,1,0,0,0
297739946,READY,112,296,2924437,110,108,1,0,0,0,494612,453407,0,1,1,1,102,198136402,100583713,12974877,19976206,1275073859,1,1,0,0,0
297739947,START,113,296,2924438,110,108,1,0,0,0,494612,453407,0,1,1,1,102,198136402,100583713,12974877,19976206,1275073859,1,1,0,0,0
298205963,FIELD,110,296,2932292,110,108,1,0,0,0,495311,453407,0,1,1,1,102,198594563,100583713,12974877,19987104,1275073859,0,1,0,0,0
299208870,FIELD,110,297,2952684,110,108,1,1,0,0,496816,453407,0,1,1,1,102,199577078,100583713,12974877,20008892,1275073859,0,1,0,0,0
299208871,SELECT,108,298,2952684,108,111,1,0,0,0,496816,408362,0,1,1,1,102,199577079,100583713,12974877,20008892,3422553344,0,1,0,0,0
299270780,WAIT,113,298,2952684,108,111,1,0,0,0,496909,408362,0,1,1,0,103,199628832,100645622,12974877,20018891,3422553344,1,1,0,0,0
299292763,PUBLISH,108,298,2952684,108,111,1,0,0,0,496942,408362,0,1,1,1,103,199628832,100667605,12974877,20040874,3422553344,1,1,0,0,0
299295965,WAIT_RELEASE,113,298,2952684,108,111,1,0,0,0,496946,408362,0,1,1,1,103,199628832,100670807,12974877,20044076,3422553344,1,1,0,0,0
300207963,FIELD,108,298,2952684,108,111,1,0,0,0,498314,408362,0,1,1,1,103,199628832,101582805,12974877,20956074,3422553344,1,1,0,0,0
300217602,WAIT,113,299,2952684,108,111,1,0,0,0,498329,408362,0,1,1,1,103,199628832,101592444,12974877,20965713,3422553344,1,1,0,0,0
300298872,WAIT_RELEASE,113,299,2952684,108,111,1,0,0,0,498451,408362,0,1,1,1,103,199628832,101673714,12974877,21046983,3422553344,1,1,0,0,0
301210870,FIELD,108,299,2952684,108,111,1,0,0,0,499819,408362,0,1,1,1,103,199628832,102585712,12974877,21958981,3422553344,1,1,0,0,0
301220509,WAIT,113,300,2952684,108,111,1,0,0,0,499833,408362,0,1,1,1,103,199628832,102595351,12974877,21968620,3422553344,1,1,0,0,0
301297965,WAIT_RELEASE,113,300,2952684,108,111,1,0,0,0,499949,408362,0,1,1,1,103,199628832,102672807,12974877,22046076,3422553344,1,1,0,0,0
302209963,FIELD,108,300,2952684,108,111,1,1,0,0,501317,408362,0,1,1,1,103,199628832,103584805,12974877,22958074,3422553344,1,1,0,0,0
302209964,SELECT,111,301,2952685,111,111,0,0,0,0,501317,453407,0,0,1,1,103,199628832,103584806,12974877,22958075,3221226752,1,1,0,0,0
302297670,PUBLISH,111,301,2954936,111,111,0,0,0,0,501449,453407,0,0,1,1,104,199714286,103584806,12974877,22959101,3221226752,0,1,0,0,0
303212870,FIELD,111,301,2973352,111,111,0,0,0,0,502822,453407,0,0,1,1,104,200611070,103584806,12974877,22983006,3221226752,0,1,0,0,0
303266274,READY,113,302,2973353,111,111,0,0,0,0,502902,453407,0,0,1,1,104,200664474,103584806,12974877,22983820,3221226752,1,1,0,0,0
303266275,START,114,302,2973354,111,113,0,0,0,0,502902,453407,0,0,1,1,104,200664474,103584806,12974877,22983820,3288335616,1,1,0,0,0
304211963,FIELD,111,302,2973354,111,113,1,0,0,0,504320,453407,0,0,1,1,104,200664474,104530493,13920564,22983820,3422553344,1,1,0,0,0
305214870,FIELD,111,303,2973354,111,113,1,1,0,0,505825,453407,0,0,1,1,104,200664474,105533400,14923471,22983820,3422553344,1,1,0,0,0
305214871,SELECT,113,304,2973354,113,113,0,0,0,0,505825,453407,0,1,1,1,104,200664474,105533401,14923472,22983820,3221226752,1,1,0,0,0
305298763,PUBLISH,113,304,2976008,113,113,0,0,0,0,505951,453407,0,1,1,1,105,200745711,105533401,14923473,22984167,3221226752,0,1,0,0,0
306213963,FIELD,113,304,2992064,113,113,0,0,0,0,507323,453407,0,1,1,1,105,201644855,105533401,14923473,23006018,3221226752,0,1,0,0,0
307216870,FIELD,113,305,3020536,113,113,0,0,0,0,508828,453407,0,1,1,1,105,202619290,105533401,14923473,23027142,3221226752,0,1,0,0,0
307951742,READY,114,306,3033673,113,113,0,0,0,0,509930,453407,0,1,1,1,105,203341026,105533401,14923473,23045072,3221226752,1,1,0,0,0
307951743,START,115,306,3033674,113,114,0,0,0,0,509930,453407,0,1,1,1,105,203341026,105533401,14923473,23045072,3288335616,1,1,0,0,0
308215963,FIELD,113,306,3036944,113,114,0,0,0,0,510326,453407,0,1,1,1,105,203601975,105533401,14923473,23071387,1073742405,0,1,0,0,0
309218870,FIELD,113,307,3051374,113,114,0,1,0,0,511831,453407,0,1,1,1,105,204590452,105533401,14923473,23187212,1073742405,0,1,0,0,0
310046097,READY,115,308,3060388,113,114,0,0,0,0,513072,453407,0,1,1,1,105,205408665,105533401,14923473,23268207,1073742405,0,1,0,0,0
310046099,START,116,308,3060390,113,115,1,1,0,0,513072,453407,0,1,1,1,105,205408666,105533401,14923473,23268207,1073742409,1,1,0,0,0
310217963,FIELD,113,308,3062364,113,115,1,1,0,0,513329,453407,0,1,1,1,105,205578555,105533401,14923473,23280538,1073742925,0,1,0,0,0
310217964,SELECT,115,309,3062364,115,114,0,0,0,0,513329,453407,0,0,0,1,105,205578556,105533401,14923473,23280538,1073743205,0,1,0,0,0
310305670,PUBLISH,115,309,3063784,115,114,0,0,0,0,513461,453407,0,0,0,1,106,205664842,105533401,14923473,23289784,1073743205,0,1,0,0,0
311220870,FIELD,115,309,3076132,115,114,0,0,0,0,514834,453407,0,0,0,1,106,206567694,105533401,14923473,23396330,1073743205,0,1,0,0,0
312118712,READY,116,310,3087824,115,114,0,0,0,0,516181,453407,0,0,0,1,106,207453844,105533401,14923473,23495278,1073743205,0,1,0,0,0
312118714,START,117,310,3087826,115,116,1,0,0,0,516181,453407,0,0,0,1,106,207453845,105533401,14923473,23495278,1073743217,1,1,0,0,0
312219963,FIELD,115,310,3090640,115,116,1,1,0,0,516332,453407,0,0,0,1,106,207552279,105533401,14923473,23496967,1073745267,0,1,0,0,0
312219964,SELECT,116,311,3090640,116,114,1,0,0,0,516332,453407,0,0,1,1,106,207552280,105533401,14923473,23496967,1073745219,0,1,0,0,0
312307670,PUBLISH,116,311,3092392,116,114,1,0,0,0,516464,453407,0,0,1,1,107,207638234,105533401,14923473,23497419,1073745219,0,1,0,0,0
313222870,FIELD,116,311,3112652,116,114,1,0,0,0,517837,453407,0,0,1,1,107,208533174,105533401,14923473,23518154,1073745219,0,1,0,0,0
314221963,FIELD,116,312,3138546,116,114,1,0,0,0,519335,453407,0,0,1,1,107,209506374,105533401,14923473,23538772,1073745219,1,1,0,0,0
314924289,READY,117,313,3150777,116,114,1,0,0,0,520389,453407,0,0,1,1,107,210196469,105533401,14923473,23556355,1073745219,1,1,0,0,0
314924290,START,118,313,3150778,116,114,1,0,0,0,520389,453407,0,0,1,1,107,210196469,105533401,14923473,23556355,1140856131,1,1,0,0,0
315224870,FIELD,116,313,3154516,116,114,1,1,0,0,520840,453407,0,0,1,1,107,210493310,105533401,14923473,23585005,1091872067,0,1,0,0,0
315224871,SELECT,114,314,3154516,114,117,0,0,0,0,520840,453407,0,1,0,1,107,210493311,105533401,14923473,23585005,1125426435,0,1,0,0,0
315308763,PUBLISH,114,314,3155300,114,117,0,0,0,0,520966,453407,0,1,0,1,108,210576419,105533401,14923473,23590388,1125426435,0,1,0,0,0
316223963,FIELD,114,314,3168868,114,117,0,0,0,0,522338,453407,0,1,0,1,108,211478051,105533401,14923473,23696479,1125426435,0,1,0,0,0
317029053,READY,118,315,3177308,114,117,0,0,0,0,523546,453407,0,1,0,1,108,212274701,105533401,14923473,23779088,1125426435,0,1,0,0,0
317029056,START,119,315,3177310,114,118,1,0,0,0,523546,453407,0,1,0,1,108,212274702,105533402,14923473,23779088,1073742409,1,1,0,0,0
317226870,FIELD,114,315,3180304,114,118,1,1,0,0,523843,453407,0,1,0,1,108,212469521,105533402,14923473,23795315,1073742925,0,1,0,0,0
317226871,SELECT,118,316,3180304,118,117,0,0,0,0,523843,453407,0,1,1,1,108,212469522,105533402,14923473,23795315,1073743205,0,1,0,0,0
317310763,PUBLISH,118,316,3181132,118,117,0,0,0,0,523969,453407,0,1,1,1,109,212552586,105533402,14923473,23804377,1073743205,0,1,0,0,0
318225963,FIELD,118,316,3194232,118,117,0,0,0,0,525341,453407,0,1,1,1,109,213454686,105533402,14923473,23907752,1073743205,0,1,0,0,0
319099188,READY,119,317,3203544,118,117,0,0,0,0,526651,453407,0,1,1,1,109,214318599,105533402,14923473,23997961,1073743205,0,1,0,0,0
319099350,START,120,317,3203706,118,119,1,0,0,0,526652,453407,0,1,1,1,109,214318600,105533402,14923473,23997961,1073743217,1,1,0,0,0
319228870,FIELD,118,317,3207354,118,119,1,0,0,0,526846,453407,0,1,1,1,109,214444472,105533402,14923473,24002638,1073745267,1,1,0,0,0
320227964,FIELD,118,318,3243436,118,119,1,1,0,0,528344,453407,0,1,1,1,109,215407483,105533402,14923473,24032557,1073745267,0,1,0,0,0
320227965,SELECT,119,319,3243436,119,117,1,0,0,0,528344,453407,0,0,0,1,109,215407484,105533402,14923473,24032557,1073745219,0,1,0,0,0
320315670,PUBLISH,119,319,3247065,119,117,1,0,0,0,528476,453407,0,0,0,1,110,215491560,105533402,14923473,24033118,1073745219,0,1,0,0,0
321230870,FIELD,119,319,3277052,119,117,1,0,0,0,529849,453407,0,0,0,1,110,216376773,105533402,14923473,24065335,1073745219,0,1,0,0,0
321410091,PTS,11,320,3281897,119,117,1,0,0,0,530118,453407,0,0,0,1,110,216551150,105533402,14923473,24068812,1073745219,1,1,0,0,0
321438362,START,121,320,3282786,119,117,1,0,0,0,530160,453407,0,0,0,1,110,216578532,105533402,14923473,24069606,1073745219,1,1,0,0,0
321438363,READY,120,320,3282786,119,117,1,0,0,0,530160,453407,0,0,0,1,110,216578532,105533402,14923473,24069606,1073745219,1,1,0,0,0
322229964,FIELD,119,320,3292408,119,117,1,1,0,0,531347,453407,0,0,0,1,110,217360510,105533403,14923473,24157573,1091872067,0,1,0,0,0
322229965,SELECT,117,321,3292408,117,120,0,0,0,0,531347,453407,0,0,1,1,110,217360511,105533403,14923473,24157573,1125426435,0,1,0,0,0
322317670,PUBLISH,117,321,3293684,117,120,0,0,0,0,531479,453407,0,0,1,1,111,217446940,105533403,14923473,24168128,1125426435,0,1,0,0,0
323232870,FIELD,117,321,3307144,117,120,0,0,0,0,532852,453407,0,0,1,1,111,218348680,105533403,14923473,24264578,1125426435,0,1,0,0,0
323620541,READY,121,322,3311392,117,120,0,0,0,0,533433,453407,0,0,1,1,111,218732103,105533403,14923473,24286223,1125426435,0,1,0,0,0
323620544,START,122,322,3311394,117,121,1,0,1,1,533433,453407,0,0,1,1,111,218732104,105533404,14923473,24286223,1073742409,1,1,0,0,0
324231964,FIELD,117,322,3318264,117,121,1,0,1,1,534350,453407,0,0,1,1,111,219336653,105533404,14923473,24351418,1073742925,0,1,0,0,0
325234870,FIELD,117,323,3333880,117,121,1,1,1,1,535855,453407,0,0,1,1,111,220323943,105533404,14923473,24465788,1073742925,0,1,0,0,0
325234871,SELECT,121,324,3333880,121,120,0,0,0,0,535855,498452,1,1,0,1,111,220323944,105533404,14923473,24465788,1073743205,0,1,0,0,0
325318763,PUBLISH,121,324,3334716,121,120,0,0,0,0,535981,498452,1,1,0,1,112,220407000,105533404,14923473,24468834,1073743205,0,1,0,0,0
325712105,READY,122,324,3339476,121,120,0,0,0,0,536571,498452,1,1,0,1,112,220795582,105533404,14923473,24495745,1073743205,0,1,0,0,0
325712107,START,123,324,3339478,121,122,1,0,0,0,536571,498452,1,1,0,1,112,220795583,105533404,14923473,24495745,1073743217,1,1,0,0,0
326233964,FIELD,121,324,3350156,121,122,1,0,0,0,537353,498452,1,1,0,1,112,221306761,105533404,14923473,24506837,1073745267,0,1,0,0,0
327236870,FIELD,121,325,3376448,121,122,1,1,0,0,538858,498452,1,1,0,1,112,222283375,105533404,14923473,24527442,1073745267,0,1,0,0,0
327236871,SELECT,122,326,3376448,122,120,1,0,0,0,538858,498452,0,1,1,1,112,222283376,105533404,14923473,24527442,1073745219,0,1,0,0,0
327320763,PUBLISH,122,326,3378552,122,120,1,0,0,0,538984,498452,0,1,1,1,113,222365164,105533404,14923473,24528260,1073745219,0,1,0,0,0
328235964,FIELD,122,326,3395992,122,120,1,0,0,0,540356,498452,0,1,1,1,113,223262925,105533404,14923473,24554042,1073745219,0,1,0,0,0
328329498,READY,123,327,3396597,122,120,1,0,0,0,540497,498452,0,1,1,1,113,223355855,105533404,14923473,24555337,1073745219,1,1,0,0,0
328329499,START,124,327,3396598,122,120,1,0,0,0,540497,498452,0,1,1,1,113,223355855,105533404,14923473,24555337,1140856131,1,1,0,0,0
329238870,FIELD,122,327,3408848,122,120,1,0,0,0,541861,498452,0,1,1,1,113,224252975,105533404,14923473,24665103,1091872067,0,1,0,0,0
330237964,FIELD,122,328,3423380,122,120,1,0,0,0,543359,498452,0,1,1,1,113,225237537,105533404,14923473,24756558,1091872067,0,1,0,0,0
330305769,READY,124,329,3423624,122,120,1,0,0,0,543461,498452,0,1,1,1,113,225305098,105533404,14923473,24759908,1091872067,0,1,0,0,0
331240870,FIELD,122,329,3423625,122,120,1,1,0,0,544864,498452,0,1,1,1,113,225305099,106468503,14923473,24759908,1091904835,1,1,0,0,0
331240871,SELECT,120,330,3423625,120,123,0,0,0,0,544864,453407,0,1,1,1,113,225305099,106468504,14923473,24759908,1125459203,1,1,0,0,0
331240872,START,125,330,3423626,120,124,1,0,0,0,544864,453407,0,1,1,1,114,225305099,106468505,14923473,24759908,1073742409,1,0,0,0,0
331324764,PUBLISH,120,330,3424908,120,124,1,0,0,0,544990,453407,0,1,1,1,114,225387708,106468505,14923473,24763809,1073742925,0,1,0,0,0
332239964,FIELD,120,330,3437372,120,124,1,0,0,0,546362,453407,0,1,1,1,114,226290444,106468505,14923473,24873348,1073742925,0,1,0,0,0
333229033,READY,125,331,3450136,120,124,1,0,0,0,547846,453407,0,1,1,1,114,227266749,106468505,14923473,24967009,1073742925,0,1,0,0,0
333229035,START,126,331,3450138,120,124,1,0,0,0,547846,453407,0,1,1,1,114,227266750,106468505,14923473,24967009,1073742937,1,1,0,0,0
333242870,FIELD,120,331,3451172,120,124,1,0,0,0,547867,453407,0,1,1,1,114,227279550,106468505,14923473,24967009,1073744987,0,1,0,0,0
334241964,FIELD,120,332,3472676,120,124,1,1,0,0,549365,453407,0,1,1,1,114,228257140,106468505,14923473,24986722,1073744987,0,1,0,0,0
334241965,SELECT,124,333,3472676,124,125,1,0,0,0,549365,498452,0,0,1,1,114,228257141,106468505,14923473,24986722,1073745267,0,1,0,0,0
334329670,PUBLISH,124,333,3475160,124,125,1,0,0,0,549497,498452,0,0,1,1,115,228342362,106468505,14923473,24987210,1073745267,0,1,0,0,0
335244870,FIELD,124,333,3495232,124,125,1,0,0,0,550870,498452,0,0,1,1,115,229237490,106468505,14923473,25007407,1073745267,0,1,0,0,0
335914310,READY,126,334,3508281,124,125,1,0,0,0,551874,498452,0,0,1,1,115,229893882,106468505,14923473,25022559,1073745267,1,1,0,0,0
336243964,FIELD,124,334,3508281,124,125,1,0,0,0,552368,498452,0,0,1,1,115,229893882,106798158,14923473,25022559,1140856179,1,1,0,0,0
337246870,FIELD,124,335,3508281,124,125,1,1,0,0,553873,498452,0,0,1,1,115,229893882,107801064,14923473,25022559,1140856179,1,1,0,0,0
337246871,START,127,336,3508282,125,123,1,0,0,0,553873,498452,0,1,0,1,115,229893882,107801065,14923473,25022559,1140856131,1,1,0,0,0
337246871,SELECT,125,336,3508282,125,123,1,0,0,0,553873,498452,0,1,0,1,115,229893882,107801065,14923473,25022559,1140856131,1,1,0,0,0
337330764,PUBLISH,125,336,3509640,125,123,1,0,0,0,553999,498452,0,1,0,1,116,229976416,107801065,14923473,25026128,1091872067,0,1,0,0,0
338245964,FIELD,125,336,3522140,125,123,1,0,0,0,555371,498452,0,1,0,1,116,230879116,107801065,14923473,25139332,1091872067,0,1,0,0,0
339248870,FIELD,125,337,3535236,125,123,1,1,0,0,556876,498452,0,1,0,1,116,231868926,107801065,14923473,25226013,1091872067,0,1,0,0,0
339248871,SELECT,123,338,3535236,123,126,0,0,0,0,556876,498452,0,1,1,1,116,231868927,107801065,14923473,25226013,1125426435,0,1,0,0,0
339253200,READY,127,338,3535236,123,126,0,0,0,0,556882,498452,0,1,1,0,117,231873256,107801065,14923473,25226530,1125426435,0,1,0,0,0
339253203,START,128,338,3535238,123,127,1,0,0,0,556882,498452,0,1,1,0,117,231873257,107801066,14923473,25226530,1073742409,1,1,0,0,0
339332764,PUBLISH,123,338,3536560,123,127,1,0,0,0,557002,498452,0,1,1,1,117,231951495,107801066,14923473,25230336,1073742925,0,1,0,0,0
340247964,FIELD,123,338,3548700,123,127,1,0,0,0,558374,498452,0,1,1,1,117,232854555,107801066,14923473,25343465,1073742925,0,1,0,0,0
341250870,FIELD,123,339,3561516,123,127,1,0,0,0,559879,498452,0,1,1,1,117,233844645,107801066,14923473,25430154,1073742925,0,1,0,0,0
341265177,READY,128,340,3561516,123,127,1,0,0,0,559900,498452,0,1,1,1,117,233858952,107801066,14923473,25430543,1073742925,0,1,0,0,0
341265179,START,129,340,3561518,123,127,1,0,0,0,559900,498452,0,1,1,1,117,233858953,107801066,14923473,25430543,1073742937,1,1,0,0,0
342249964,FIELD,123,340,3582308,123,127,1,1,0,0,561377,498452,0,1,1,1,117,234822947,107801066,14923473,25450766,1073744987,0,1,0,0,0
342249965,SELECT,127,341,3582308,127,128,1,0,0,0,561377,498452,0,0,0,1,117,234822948,107801066,14923473,25450766,1073745267,0,1,0,0,0
342337670,PUBLISH,127,341,3584428,127,128,1,0,0,0,561509,498452,0,0,0,1,118,234908533,107801066,14923473,25451175,1073745267,0,1,0,0,0
343252870,FIELD,127,341,3606880,127,128,1,0,0,0,562882,498452,0,0,0,1,118,235801281,107801066,14923473,25472510,1073745267,0,1,0,0,0
344042779,READY,129,342,3622953,127,128,1,0,0,0,564067,498452,0,0,0,1,118,236575118,107801066,14923473,25490218,1073745267,1,1,0,0,0
344251964,FIELD,127,342,3622953,127,128,1,1,0,0,564380,498452,0,0,0,1,118,236575118,108010250,14923473,25490218,1140856179,1,1,0,0,0
344251965,START,130,343,3622954,128,126,1,0,0,0,564380,498452,0,0,1,1,118,236575118,108010251,14923473,25490218,1140856131,1,1,0,0,0
344251965,SELECT,128,343,3622954,128,126,1,0,0,0,564380,498452,0,0,1,1,118,236575118,108010251,14923473,25490218,1140856131,1,1,0,0,0
344339670,PUBLISH,128,343,3624456,128,126,1,0,0,0,564512,498452,0,0,1,1,119,236661320,108010251,14923473,25493741,1091872067,0,1,0,0,0
345254870,FIELD,128,343,3637456,128,126,1,0,0,0,565885,498452,0,0,1,1,119,237563520,108010251,14923473,25603162,1091872067,0,1,0,0,0
346253964,FIELD,128,344,3651284,128,126,1,0,0,0,567383,498452,0,0,1,1,119,238548786,108010251,14923473,25680897,1091872067,0,1,0,0,0
346350288,READY,130,345,3651740,128,126,1,0,0,0,567528,498452,0,0,1,1,119,238644654,108010251,14923473,25686588,1091872067,0,1,0,0,0
347256871,FIELD,128,345,3651741,128,126,1,1,0,0,568888,498452,0,0,1,1,119,238644655,108916832,14923473,25686588,1091904835,1,1,0,0,0
347256872,SELECT,126,346,3651741,126,129,0,0,0,0,568888,498452,0,1,0,1,119,238644655,108916833,14923473,25686588,1125459203,1,1,0,0,0
347256873,START,131,346,3651742,126,130,1,0,0,0,568888,498452,0,1,0,1,120,238644655,108916834,14923473,25686588,1073742409,1,0,0,0,0
347340764,PUBLISH,126,346,3653136,126,130,1,0,0,0,569014,498452,0,1,0,1,120,238727151,108916834,14923473,25690576,1073742925,0,1,0,0,0
348255964,FIELD,126,346,3665904,126,130,1,0,0,0,570386,498452,0,1,0,1,120,239629583,108916834,14923473,25796146,1073742925,0,1,0,0,0
349258871,FIELD,126,347,3679780,126,130,1,1,0,0,571891,498452,0,1,0,1,120,240618614,108916834,14923473,25874840,1073742925,0,1,0,0,0
349258872,SELECT,130,348,3679780,130,129,0,0,0,0,571891,498452,0,1,1,1,120,240618615,108916834,14923473,25874840,1073743205,0,1,0,0,0
349342764,PUBLISH,130,348,3680580,130,129,0,0,0,0,572017,498452,0,1,1,1,121,240701707,108916834,14923473,25881282,1073743205,0,1,0,0,0
349394024,READY,131,348,3680580,130,129,0,0,0,0,572094,498452,0,1,1,1,121,240752967,108916834,14923473,25885806,1073743205,0,1,0,0,0
349394186,START,132,348,3680742,130,131,1,0,0,0,572094,498452,0,1,1,1,121,240752968,108916834,14923473,25885806,1073743217,1,1,0,0,0
350257964,FIELD,130,348,3707864,130,131,1,0,0,0,573389,498452,0,1,1,1,121,241589623,108916834,14923473,25915608,1073745267,0,1,0,0,0
351260871,FIELD,130,349,3740047,130,131,1,0,0,0,574894,498452,0,1,1,1,121,242560347,108916834,14923473,25945737,1073745267,0,1,0,0,0
351668544,PTS,12,350,3753313,130,131,1,0,0,0,575505,498452,0,1,1,1,121,242954755,108916834,14923473,25955908,1073745267,1,1,0,0,0
351677019,START,133,350,3753586,130,131,1,0,0,0,575518,498452,0,1,1,1,121,242962957,108916834,14923473,25956203,1073745267,1,1,0,0,0
351677020,READY,132,350,3753586,130,131,1,0,0,0,575518,498452,0,1,1,1,121,242962957,108916834,14923473,25956203,1073745267,1,1,0,0,0
352259964,FIELD,130,350,3753586,130,131,1,1,0,0,576392,498452,0,1,1,1,121,242962957,109499778,14923473,25956203,1140856179,1,1,0,0,0
352259965,SELECT,131,351,3753586,131,129,1,0,0,0,576392,498452,0,0,0,1,121,242962957,109499779,14923473,25956203,1140856131,1,1,0,0,0
352347670,PUBLISH,131,351,3754760,131,129,1,0,0,0,576524,498452,0,0,0,1,122,243049487,109499780,14923473,25959898,1091872067,0,1,0,0,0
353262871,FIELD,131,351,3767356,131,129,1,0,0,0,577897,498452,0,0,0,1,122,243952092,109499780,14923473,26079304,1091872067,0,1,0,0,0
354170420,READY,133,352,3775920,131,129,1,0,0,0,579258,498452,0,0,0,1,122,244851077,109499780,14923473,26166406,1091872067,0,1,0,0,0
354261964,FIELD,131,352,3775921,131,129,1,1,0,0,579395,498452,0,0,0,1,122,244851078,109591322,14923473,26166406,1091904835,1,1,0,0,0
354261965,SELECT,129,353,3775921,129,132,0,0,0,0,579395,498452,0,0,1,1,122,244851078,109591323,14923473,26166406,1125459203,1,1,0,0,0
354261966,START,134,353,3775922,129,133,1,0,1,1,579395,498452,0,0,1,1,123,244851078,109591324,14923473,26166406,1073742409,1,0,0,0,0
354349670,PUBLISH,129,353,3777080,129,133,1,0,1,1,579527,498452,0,0,1,1,123,244937623,109591324,14923473,26169840,1073742925,0,1,0,0,0
355264871,FIELD,129,353,3789628,129,133,1,0,1,1,580900,498452,0,0,1,1,123,245840276,109591324,14923473,26286389,1073742925,0,1,0,0,0
356082792,READY,134,354,3797420,129,133,1,0,1,1,582127,498452,0,0,1,1,123,246650405,109591324,14923473,26370640,1073742925,0,1,0,0,0
356082794,START,135,354,3797422,129,133,1,0,1,1,582127,498452,0,0,1,1,123,246650406,109591324,14923473,26370640,1073742937,1,1,0,0,0
356263964,FIELD,129,354,3801228,129,133,1,0,1,1,582398,498452,0,0,1,1,123,246827769,109591324,14923473,26374936,1073744987,0,1,0,0,0
357266871,FIELD,129,355,3821340,129,133,1,1,1,1,583903,498452,0,0,1,1,123,247810564,109591324,14923473,26395833,1073744987,0,1,0,0,0
357266872,SELECT,133,356,3821340,133,134,1,0,0,0,583903,543497,1,1,0,1,123,247810565,109591324,14923473,26395833,1073745267,0,1,0,0,0
357350764,PUBLISH,133,356,3824088,133,134,1,0,0,0,584029,543497,1,1,0,1,124,247891709,109591324,14923473,26396320,1073745267,0,1,0,0,0
358265964,FIELD,133,356,3844932,133,134,1,0,0,0,585401,543497,1,1,0,1,124,248786065,109591324,14923473,26417283,1073745267,0,1,0,0,0
358781622,READY,135,357,3855989,133,134,1,0,0,0,586175,543497,1,1,0,1,124,249290667,109591324,14923473,26427918,1073745267,1,1,0,0,0
359268871,FIELD,133,357,3855989,133,134,1,1,0,0,586906,543497,1,1,0,1,124,249290667,110078572,14923473,26427918,1140856179,1,1,0,0,0
359268872,START,136,358,3855990,134,132,1,0,0,0,586906,543497,0,1,1,1,124,249290667,110078573,14923473,26427918,1140856131,1,1,0,0,0
359268872,SELECT,134,358,3855990,134,132,1,0,0,0,586906,543497,0,1,1,1,124,249290667,110078573,14923473,26427918,1140856131,1,1,0,0,0
359352764,PUBLISH,134,358,3857336,134,132,1,0,0,0,587032,543497,0,1,1,1,125,249373212,110078573,14923473,26431486,1091872067,0,1,0,0,0
360267964,FIELD,134,358,3870716,134,132,1,0,0,0,588404,543497,0,1,1,1,125,250275032,110078573,14923473,26542829,1091872067,0,1,0,0,0
361199312,READY,136,359,3882184,134,132,1,0,0,0,589801,543497,0,1,1,1,125,251194912,110078573,14923473,26634807,1091872067,0,1,0,0,0
361270871,FIELD,134,359,3882185,134,132,1,0,0,0,589909,543497,0,1,1,1,125,251194913,110150130,14923473,26634807,1091904835,1,1,0,0,0
362269964,FIELD,134,360,3882185,134,132,1,0,0,0,591407,543497,0,1,1,1,125,251194913,111149223,14923473,26634807,1091904835,1,1,0,0,0
363272871,FIELD,134,361,3882185,134,132,1,1,0,0,592912,543497,0,1,1,1,125,251194913,112152130,14923473,26634807,1091904835,1,1,0,0,0
363272872,SELECT,132,362,3882185,132,135,0,0,0,0,592912,498452,0,1,1,1,125,251194913,112152131,14923473,26634807,1125459203,1,1,0,0,0
363272873,START,137,362,3882186,132,136,1,0,0,0,592912,498452,0,1,1,1,126,251194913,112152132,14923473,26634807,1073742409,1,0,0,0,0
363356764,PUBLISH,132,362,3883296,132,136,1,0,0,0,593038,498452,0,1,1,1,126,251277693,112152132,14923473,26638138,1073742925,0,1,0,0,0
364271964,FIELD,132,362,3896468,132,136,1,0,0,0,594410,498452,0,1,1,1,126,252179721,112152132,14923473,26747159,1073742925,0,1,0,0,0
365264336,READY,137,363,3908736,132,136,1,0,0,0,595899,498452,0,1,1,1,126,253159825,112152132,14923473,26840913,1073742925,0,1,0,0,0
365264338,START,138,363,3908738,132,136,1,0,0,0,595899,498452,0,1,1,1,126,253159826,112152132,14923473,26840913,1073742937,1,1,0,0,0
365274871,FIELD,132,363,3909664,132,136,1,0,0,0,595915,498452,0,1,1,1,126,253169432,112152132,14923473,26840913,1073744987,0,1,0,0,0
366273964,FIELD,132,364,3930468,132,136,1,1,0,0,597413,498452,0,1,1,1,126,254147721,112152132,14923473,26861641,1073744987,0,1,0,0,0
366273965,SELECT,136,365,3930468,136,137,1,0,0,0,597413,543497,0,0,1,1,126,254147722,112152132,14923473,26861641,1073745267,0,1,0,0,0
366361671,PUBLISH,136,365,3933380,136,137,1,0,0,0,597545,543497,0,0,1,1,127,254232516,112152132,14923473,26862012,1073745267,0,1,0,0,0
367276871,FIELD,136,365,3959260,136,137,1,0,0,0,598918,543497,0,0,1,1,127,255121836,112152132,14923473,26880630,1073745267,0,1,0,0,0
368109226,READY,138,366,3976849,136,137,1,0,0,0,600166,543497,0,0,1,1,127,255936603,112152132,14923473,26898268,1073745267,1,1,0,0,0
368275964,FIELD,136,366,3976849,136,137,1,0,0,0,600416,543497,0,0,1,1,127,255936603,112318869,14923473,26898268,1140856179,1,1,0,0,0
369278871,FIELD,136,367,3976849,136,137,1,1,0,0,601921,543497,0,0,1,1,127,255936603,113321776,14923473,26898268,1140856179,1,1,0,0,0
369278872,START,139,368,3976850,137,135,1,0,0,0,601921,543497,0,1,0,1,127,255936603,113321777,14923473,26898268,1140856131,1,1,0,0,0
369278872,SELECT,137,368,3976850,137,135,1,0,0,0,601921,543497,0,1,0,1,127,255936603,113321777,14923473,26898268,1140856131,1,1,0,0,0
369362764,PUBLISH,137,368,3978116,137,135,1,0,0,0,602047,543497,0,1,0,1,128,256019228,113321777,14923473,26901468,1091872067,0,1,0,0,0
370277964,FIELD,137,368,3991812,137,135,1,0,0,0,603419,543497,0,1,0,1,128,256920732,113321777,14923473,27007305,1091872067,0,1,0,0,0
371280871,FIELD,137,369,4008260,137,135,1,1,0,0,604924,543497,0,1,0,1,128,257907191,113321777,14923473,27104187,1091872067,0,1,0,0,0
371280872,SELECT,135,370,4008260,135,138,0,0,0,0,604924,543497,0,1,1,1,128,257907192,113321777,14923473,27104187,1125426435,0,1,0,0,0
371364764,PUBLISH,135,370,4009088,135,138,0,0,0,0,605050,543497,0,1,1,1,129,257990256,113321777,14923473,27111155,1125426435,0,1,0,0,0
371424793,READY,139,370,4009088,135,138,0,0,0,0,605140,543497,0,1,1,1,129,258050285,113321777,14923473,27117557,1125426435,0,1,0,0,0
371424796,START,140,370,4009090,135,139,1,0,0,0,605140,543497,0,1,1,1,129,258050286,113321778,14923473,27117557,1073742409,1,1,0,0,0
372279964,FIELD,135,370,4021080,135,139,1,0,0,0,606422,543497,0,1,1,1,129,258893463,113321778,14923473,27213052,1073742925,0,1,0,0,0
373282871,FIELD,135,371,4038708,135,139,1,0,0,0,607927,543497,0,1,1,1,129,259878742,113321778,14923473,27306565,1073742925,0,1,0,0,0
373591571,READY,140,372,4041772,135,139,1,0,0,0,608390,543497,0,1,1,1,129,260184378,113321778,14923473,27334923,1073742925,0,1,0,0,0
373591573,START,141,372,4041774,135,139,1,0,0,0,608390,543497,0,1,1,1,129,260184379,113321778,14923473,27334923,1073742937,1,1,0,0,0
374281964,FIELD,135,372,4056858,135,139,1,1,0,0,609425,543497,0,1,1,1,129,260859685,113321778,14923473,27349775,1073744987,0,1,0,0,0
374281965,SELECT,139,373,4056858,139,140,1,0,0,0,609425,543497,0,0,0,1,129,260859686,113321778,14923473,27349775,1073745267,0,1,0,0,0
374369671,PUBLISH,139,373,4058090,139,140,1,0,0,0,609557,543497,0,0,0,1,130,260946160,113321778,14923473,27350729,1073745267,0,1,0,0,0
375284871,FIELD,139,373,4084760,139,140,1,0,0,0,610930,543497,0,0,0,1,130,261834690,113321778,14923473,27369277,1073745267,0,1,0,0,0
376283964,FIELD,139,374,4110804,139,140,1,1,0,0,612428,543497,0,0,0,1,130,262807739,113321778,14923473,27389455,1073745267,0,1,0,0,0
376283965,SELECT,140,375,4110804,140,138,1,0,0,0,612428,543497,0,0,1,1,130,262807740,113321778,14923473,27389455,1073745219,0,1,0,0,0
376371671,PUBLISH,140,375,4113024,140,138,1,0,0,0,612560,543497,0,0,1,1,131,262893226,113321778,14923473,27389927,1073745219,0,1,0,0,0
376493444,READY,141,375,4113949,140,138,1,0,0,0,612743,543497,0,0,1,1,131,263014075,113321778,14923473,27393468,1073745219,1,1,0,0,0
376493445,START,142,375,4113950,140,138,1,0,0,0,612743,543497,0,0,1,1,131,263014075,113321778,14923473,27393468,1140856131,1,1,0,0,0
377286871,FIELD,140,375,4125844,140,138,1,0,0,0,613933,543497,0,0,1,1,131,263795606,113321778,14923473,27473929,1091872067,0,1,0,0,0
378285964,FIELD,140,376,4144204,140,138,1,0,0,0,615431,543497,0,0,1,1,131,264776339,113321778,14923473,27567939,1091872067,0,1,0,0,0
378741176,READY,142,377,4149924,140,138,1,0,0,0,616114,543497,0,0,1,1,131,265225831,113321778,14923473,27614034,1091872067,0,1,0,0,0
379288871,FIELD,140,377,4149925,140,138,1,1,0,0,616936,543497,0,0,1,1,131,265225832,113869471,14923473,27614034,1091904835,1,1,0,0,0
379288872,SELECT,138,378,4149925,138,141,0,0,0,0,616936,543497,0,1,0,1,131,265225832,113869472,14923473,27614034,1125459203,1,1,0,0,0
379288873,START,143,378,4149926,138,142,1,0,0,0,616936,543497,0,1,0,1,132,265225832,113869473,14923473,27614034,1073742409,1,0,0,0,0
379372764,PUBLISH,138,378,4151396,138,142,1,0,0,0,617062,543497,0,1,0,1,132,265308252,113869473,14923473,27617811,1073742925,0,1,0,0,0
380287964,FIELD,138,378,4165452,138,142,1,0,0,0,618434,543497,0,1,0,1,132,266209396,113869473,14923473,27713069,1073742925,0,1,0,0,0
381290871,FIELD,138,379,4183744,138,142,1,1,0,0,619939,543497,0,1,0,1,132,267194011,113869473,14923473,27807485,1073742925,0,1,0,0,0
381290872,SELECT,142,380,4183744,142,141,0,0,0,0,619939,543497,0,1,1,1,132,267194012,113869473,14923473,27807486,1073743205,0,1,0,0,0
381374764,PUBLISH,142,380,4184364,142,141,0,0,0,0,620065,543497,0,1,1,1,133,267277284,113869473,14923473,27813265,1073743205,0,1,0,0,0
381532953,READY,143,380,4185784,142,141,0,0,0,0,620302,543497,0,1,1,1,133,267434053,113869473,14923473,27828021,1073743205,0,1,0,0,0
381533115,START,144,380,4185946,142,143,1,0,0,0,620302,543497,0,1,1,1,133,267434054,113869473,14923473,27828021,1073743217,1,1,0,0,0
382289964,FIELD,142,380,4211044,142,143,1,0,0,0,621437,543497,0,1,1,1,133,268165804,113869473,14923473,27853360,1073745267,0,1,0,0,0
383292871,FIELD,142,381,4250359,142,143,1,0,0,0,622942,543497,0,1,1,1,133,269129396,113869473,14923473,27882679,1073745267,0,1,0,0,0
383876933,PTS,13,382,4267251,142,143,1,0,0,0,623818,543497,0,1,1,1,133,269696567,113869473,14923473,27900005,1073745267,1,1,0,0,0
383898229,START,145,382,4267922,142,143,1,0,0,0,623850,543497,0,1,1,1,133,269717192,113869473,14923473,27900884,1073745267,1,1,0,0,0
383898230,READY,144,382,4267922,142,143,1,0,0,0,623850,543497,0,1,1,1,133,269717192,113869473,14923473,27900884,1073745267,1,1,0,0,0
384291964,FIELD,142,382,4267922,142,143,1,1,0,0,624440,543497,0,1,1,1,133,269717192,114263207,14923473,27900884,1140856179,1,1,0,0,0
384291965,SELECT,143,383,4267922,143,141,1,0,0,0,624440,543497,0,0,0,1,133,269717192,114263208,14923473,27900884,1140856131,1,1,0,0,0
384379671,PUBLISH,143,383,4269424,143,141,1,0,0,0,624572,543497,0,0,0,1,134,269803395,114263209,14923473,27904404,1091872067,0,1,0,0,0
385294871,FIELD,143,383,4283616,143,141,1,0,0,0,625945,543497,0,0,0,1,134,270704403,114263209,14923473,27996642,1091872067,0,1,0,0,0
386293964,FIELD,143,384,4302294,143,141,1,1,0,0,627443,543497,0,0,0,1,134,271684819,114263209,14923473,28093150,1091872067,1,1,0,0,0
386293965,SELECT,141,385,4302295,141,144,0,0,0,0,627443,543497,0,0,1,1,134,271684819,114263209,14923473,28093150,1125426435,1,1,0,0,0
386381671,PUBLISH,141,385,4303508,141,144,0,0,0,0,627575,543497,0,0,1,1,135,271771311,114263209,14923473,28101696,1125426435,0,1,0,0,0
386570088,READY,145,385,4304720,141,144,0,0,0,0,627858,543497,0,0,1,1,135,271958516,114263209,14923473,28117692,1125426435,0,1,0,0,0
386570091,START,146,385,4304722,141,145,1,0,1,1,627858,543497,0,0,1,1,135,271958517,114263210,14923473,28117692,1073742409,1,1,0,0,0
387296871,FIELD,141,385,4315876,141,145,1,0,1,1,628948,543497,0,0,1,1,135,272674142,114263210,14923473,28185379,1073742925,0,1,0,0,0
388295964,FIELD,141,386,4334056,141,145,1,0,1,1,630446,543497,0,0,1,1,135,273655055,114263210,14923473,28276077,1073742925,0,1,0,0,0
388805840,READY,146,387,4339312,141,145,1,0,1,1,631211,543497,0,0,1,1,135,274159675,114263210,14923473,28316680,1073742925,0,1,0,0,0
388805842,START,147,387,4339314,141,145,1,0,1,1,631211,543497,0,0,1,1,135,274159676,114263210,14923473,28316680,1073742937,1,1,0,0,0
389298871,FIELD,141,387,4348788,141,145,1,1,1,1,631951,543497,0,0,1,1,135,274643230,114263210,14923473,28326007,1073744987,0,1,0,0,0
389298872,SELECT,145,388,4348788,145,146,1,0,0,0,631951,588542,1,1,0,1,135,274643231,114263210,14923473,28326007,1073745267,0,1,0,0,0
389382764,PUBLISH,145,388,4351036,145,146,1,0,0,0,632077,588542,1,1,0,1,136,274724875,114263210,14923473,28326427,1073745267,0,1,0,0,0
390297964,FIELD,145,388,4375480,145,146,1,0,0,0,633449,588542,1,1,0,1,136,275615631,114263210,14923473,28347033,1073745267,0,1,0,0,0
391300871,FIELD,145,389,4396988,145,146,1,1,0,0,634954,588542,1,1,0,1,136,276597030,114263210,14923473,28369499,1073745267,0,1,0,0,0
391300872,SELECT,146,390,4396988,146,144,1,0,0,0,634954,588542,0,1,1,1,136,276597031,114263210,14923473,28369499,1073745219,0,1,0,0,0
391384764,PUBLISH,146,390,4397532,146,144,1,0,0,0,635080,588542,0,1,1,1,137,276680379,114263210,14923473,28370561,1073745219,0,1,0,0,0
391423258,READY,147,390,4397533,146,144,1,0,0,0,635137,588542,0,1,1,1,137,276718873,114263210,14923473,28373088,1073745219,1,1,0,0,0
391423259,START,148,390,4397534,146,144,1,0,0,0,635137,588542,0,1,1,1,137,276718873,114263210,14923473,28373088,1140856131,1,1,0,0,0
392299964,FIELD,146,390,4410660,146,144,1,0,0,0,636452,588542,0,1,1,1,137,277582451,114263210,14923473,28463666,1091872067,0,1,0,0,0
393302871,FIELD,146,391,4427728,146,144,1,0,0,0,637957,588542,0,1,1,1,137,278568290,114263210,14923473,28566662,1091872067,0,1,0,0,0
393512516,READY,148,392,4429508,146,144,1,0,0,0,638271,588542,0,1,1,1,137,278776155,114263210,14923473,28580350,1091872067,0,1,0,0,0
394301964,FIELD,146,392,4429509,146,144,1,0,0,0,639455,588542,0,1,1,1,137,278776156,115052656,14923473,28580350,1091904835,1,1,0,0,0
395304871,FIELD,146,393,4429509,146,144,1,1,0,0,640960,588542,0,1,1,1,137,278776156,116055563,14923473,28580350,1091904835,1,1,0,0,0
395304872,SELECT,144,394,4429509,144,147,0,0,0,0,640960,543497,0,1,1,1,137,278776156,116055564,14923473,28580350,1125459203,1,1,0,0,0
395304873,START,149,394,4429510,144,148,1,0,0,0,640960,543497,0,1,1,1,138,278776156,116055565,14923473,28580350,1073742409,1,0,0,0,0
395388764,PUBLISH,144,394,4431056,144,148,1,0,0,0,641086,543497,0,1,1,1,138,278858500,116055565,14923473,28584309,1073742925,0,1,0,0,0
396303964,FIELD,144,394,4444652,144,148,1,0,0,0,642458,543497,0,1,1,1,138,279760104,116055565,14923473,28685040,1073742925,0,1,0,0,0
397306871,FIELD,144,395,4459964,144,148,1,0,0,0,643963,543497,0,1,1,1,138,280747699,116055565,14923473,28778485,1073742925,0,1,0,0,0
397353320,READY,149,396,4459964,144,148,1,0,0,0,644032,543497,0,1,1,1,138,280794148,116055565,14923473,28780190,1073742925,0,1,0,0,0
397353322,START,150,396,4459966,144,148,1,0,0,0,644032,543497,0,1,1,1,138,280794149,116055565,14923473,28780190,1073742937,1,1,0,0,0
398305964,FIELD,144,396,4480120,144,148,1,1,0,0,645461,543497,0,1,1,1,138,281726636,116055565,14923473,28797582,1073744987,0,1,0,0,0
398305965,SELECT,148,397,4480120,148,149,1,0,0,0,645461,588542,0,0,1,1,138,281726637,116055565,14923473,28797582,1073745267,0,1,0,0,0
398393671,PUBLISH,148,397,4482124,148,149,1,0,0,0,645593,588542,0,0,1,1,139,281812339,116055565,14923473,28797978,1073745267,0,1,0,0,0
399308871,FIELD,148,397,4507114,148,149,1,0,0,0,646966,588542,0,0,1,1,139,282702549,116055565,14923473,28817567,1073745267,0,1,0,0,0
400030777,READY,150,398,4518313,148,149,1,0,0,0,648049,588542,0,0,1,1,139,283413257,116055565,14923473,28836979,1073745267,1,1,0,0,0
400307964,FIELD,148,398,4518313,148,149,1,0,0,0,648464,588542,0,0,1,1,139,283413257,116332751,14923473,28836979,1140856179,1,1,0,0,0
401310871,FIELD,148,399,4518313,148,149,1,1,0,0,649969,588542,0,0,1,1,139,283413257,117335658,14923473,28836979,1140856179,1,1,0,0,0
401310872,START,151,400,4518314,149,147,1,0,0,0,649969,588542,0,1,0,1,139,283413257,117335659,14923473,28836979,1140856131,1,1,0,0,0
401310872,SELECT,149,400,4518314,149,147,1,0,0,0,649969,588542,0,1,0,1,139,283413257,117335659,14923473,28836979,1140856131,1,1,0,0,0
401394764,PUBLISH,149,400,4519760,149,147,1,0,0,0,650095,588542,0,1,0,1,140,283495702,117335659,14923473,28841134,1091872067,0,1,0,0,0
402309964,FIELD,149,400,4533408,149,147,1,0,0,0,651467,588542,0,1,0,1,140,284397254,117335659,14923473,28940905,1091872067,0,1,0,0,0
403297921,READY,151,401,4546684,149,147,1,0,0,0,652949,588542,0,1,0,1,140,285371935,117335659,14923473,29037788,1091872067,0,1,0,0,0
403312871,FIELD,149,401,4546685,149,147,1,1,0,0,652972,588542,0,1,0,1,140,285371936,117350607,14923473,29037788,1091904835,1,1,0,0,0
403312872,SELECT,147,402,4546685,147,150,0,0,0,0,652972,588542,0,1,1,1,140,285371936,117350608,14923473,29037788,1125459203,1,1,0,0,0
403312873,START,152,402,4546686,147,151,1,0,0,0,652972,588542,0,1,1,1,141,285371936,117350609,14923473,29037788,1073742409,1,0,0,0,0
403396764,PUBLISH,147,402,4548180,147,151,1,0,0,0,653098,588542,0,1,1,1,141,285454332,117350609,14923473,29041958,1073742925,0,1,0,0,0
404311965,FIELD,147,402,4561964,147,151,1,0,0,0,654470,588542,0,1,1,1,141,286355749,117350609,14923473,29139240,1073742925,0,1,0,0,0
405300174,READY,152,403,4574796,147,151,1,0,0,0,655953,588542,0,1,1,1,141,287331126,117350609,14923473,29226806,1073742925,0,1,0,0,0
405300176,START,153,403,4574798,147,151,1,0,0,0,655953,588542,0,1,1,1,141,287331127,117350609,14923473,29226806,1073742937,1,1,0,0,0
405314871,FIELD,147,403,4575820,147,151,1,0,0,0,655975,588542,0,1,1,1,141,287344799,117350609,14923473,29226806,1073744987,0,1,0,0,0
406313965,FIELD,147,404,4598400,147,151,1,1,0,0,657473,588542,0,1,1,1,141,288321313,117350609,14923473,29247267,1073744987,0,1,0,0,0
406313966,SELECT,151,405,4598400,151,152,1,0,0,0,657473,588542,0,0,0,1,141,288321314,117350609,14923473,29247267,1073745267,0,1,0,0,0
406401671,PUBLISH,151,405,4601124,151,152,1,0,0,0,657605,588542,0,0,0,1,142,288406295,117350609,14923473,29247890,1073745267,0,1,0,0,0
407316871,FIELD,151,405,4624016,151,152,1,0,0,0,658978,588542,0,0,0,1,142,289298603,117350609,14923473,29268184,1073745267,0,1,0,0,0
408003418,READY,153,406,4635097,151,152,1,0,0,0,660008,588542,0,0,0,1,142,289974070,117350609,14923473,29285668,1073745267,1,1,0,0,0
408315965,FIELD,151,406,4635097,151,152,1,1,0,0,660476,588542,0,0,0,1,142,289974070,117663155,14923473,29285668,1140856179,1,1,0,0,0
408315966,START,154,407,4635098,152,150,1,0,0,0,660476,588542,0,0,1,1,142,289974070,117663156,14923473,29285668,1140856131,1,1,0,0,0
408315966,SELECT,152,407,4635098,152,150,1,0,0,0,660476,588542,0,0,1,1,142,289974070,117663156,14923473,29285668,1140856131,1,1,0,0,0
408403671,PUBLISH,152,407,4636676,152,150,1,0,0,0,660608,588542,0,0,1,1,143,290060196,117663156,14923473,29290067,1091872067,0,1,0,0,0
409318871,FIELD,152,407,4651208,152,150,1,0,0,0,661981,588542,0,0,1,1,143,290960864,117663156,14923473,29381576,1091872067,0,1,0,0,0
410257616,READY,154,408,4663412,152,150,1,0,0,0,663389,588542,0,0,1,1,143,291887405,117663156,14923473,29470756,1091872067,0,1,0,0,0
410317965,FIELD,152,408,4663413,152,150,1,0,0,0,663479,588542,0,0,1,1,143,291887406,117723503,14923473,29470756,1091904835,1,1,0,0,0
411320871,FIELD,152,409,4663413,152,150,1,1,0,0,664984,588542,0,0,1,1,143,291887406,118726409,14923473,29470756,1091904835,1,1,0,0,0
411320872,SELECT,150,410,4663413,150,153,0,0,0,0,664984,588542,0,1,0,1,143,291887406,118726410,14923473,29470756,1125459203,1,1,0,0,0
411320873,START,155,410,4663414,150,154,1,0,0,0,664984,588542,0,1,0,1,144,291887406,118726411,14923473,29470756,1073742409,1,0,0,0,0
411404764,PUBLISH,150,410,4664976,150,154,1,0,0,0,665110,588542,0,1,0,1,144,291969734,118726411,14923473,29474523,1073742925,0,1,0,0,0
412319965,FIELD,150,410,4679112,150,154,1,0,0,0,666482,588542,0,1,0,1,144,292870799,118726411,14923473,29563973,1073742925,0,1,0,0,0
413304041,READY,155,411,4691148,150,154,1,0,0,0,667959,588542,0,1,0,1,144,293842839,118726411,14923473,29647867,1073742925,0,1,0,0,0
413304203,START,156,411,4691310,150,154,1,0,0,0,667959,588542,0,1,0,1,144,293842840,118726411,14923473,29647867,1073742937,1,1,0,0,0
413322871,FIELD,150,411,4691808,150,154,1,1,0,0,667987,588542,0,1,0,1,144,293861009,118726411,14923473,29648929,1073744987,0,1,0,0,0
413322872,SELECT,154,412,4691808,154,155,1,0,0,0,667987,588542,0,1,1,1,144,293861010,118726411,14923473,29648929,1073745267,0,1,0,0,0
413406765,PUBLISH,154,412,4693942,154,155,1,0,0,0,668113,588542,0,1,1,1,145,293942769,118726411,14923473,29649501,1073745267,0,1,0,0,0
414321965,FIELD,154,412,4726159,154,155,1,0,0,0,669485,588542,0,1,1,1,145,294825752,118726411,14923473,29680341,1073745267,0,1,0,0,0
415324871,FIELD,154,413,4758711,154,155,1,0,0,0,670990,588542,0,1,1,1,145,295796106,118726411,14923473,29713491,1073745267,0,1,0,0,0
415568512,PTS,14,414,4764979,154,155,1,0,0,0,671355,588542,0,1,1,1,145,296033480,118726411,14923473,29719548,1073745267,1,1,0,0,0
415606311,START,157,414,4766234,154,155,1,0,0,0,671412,588542,0,1,1,1,145,296070024,118726411,14923473,29720620,1073745267,1,1,0,0,0
415606312,READY,156,414,4766234,154,155,1,0,0,0,671412,588542,0,1,1,1,145,296070024,118726411,14923473,29720620,1073745267,1,1,0,0,0
416323965,FIELD,154,414,4766234,154,155,1,1,0,0,672488,588542,0,1,1,1,145,296070024,119444064,14923473,29720620,1140856179,1,1,0,0,0
416323966,SELECT,155,415,4766234,155,153,1,0,0,0,672488,588542,0,0,0,1,145,296070024,119444065,14923473,29720620,1140856131,1,1,0,0,0
416411671,PUBLISH,155,415,4767628,155,153,1,0,0,0,672620,588542,0,0,0,1,146,296156334,119444066,14923473,29724733,1091872067,0,1,0,0,0
417326871,FIELD,155,415,4781120,155,153,1,0,0,0,673993,588542,0,0,0,1,146,297058042,119444066,14923473,29824809,1091872067,0,1,0,0,0
418285776,READY,157,416,4793424,155,153,1,0,0,0,675431,588542,0,0,0,1,146,298004643,119444066,14923473,29903524,1091872067,0,1,0,0,0
418325965,FIELD,155,416,4793425,155,153,1,1,0,0,675491,588542,0,0,0,1,146,298004644,119484253,14923473,29903524,1091904835,1,1,0,0,0
418325966,SELECT,153,417,4793425,153,156,0,0,0,0,675491,588542,0,0,1,1,146,298004644,119484254,14923473,29903524,1125459203,1,1,0,0,0
418325967,START,158,417,4793426,153,157,1,0,1,1,675491,588542,0,0,1,1,147,298004644,119484255,14923473,29903524,1073742409,1,0,0,0,0
418413671,PUBLISH,153,417,4794756,153,157,1,0,1,1,675623,588542,0,0,1,1,147,298091017,119484255,14923473,29907451,1073742925,0,1,0,0,0
419328871,FIELD,153,417,4809410,153,157,1,0,1,1,676996,588542,0,0,1,1,147,298991563,119484255,14923473,30006170,1073742925,0,1,0,0,0
420200632,READY,158,418,4820072,153,157,1,0,1,1,678303,588542,0,0,1,1,147,299852662,119484255,14923473,30078063,1073742925,0,1,0,0,0
420200634,START,159,418,4820074,153,157,1,0,1,1,678303,588542,0,0,1,1,147,299852663,119484255,14923473,30078063,1073742937,1,1,0,0,0
420327965,FIELD,153,418,4822432,153,157,1,0,1,1,678494,588542,0,0,1,1,147,299977635,119484255,14923473,30079909,1073744987,0,1,0,0,0
421330871,FIELD,153,419,4845102,153,157,1,1,1,1,679999,588542,0,0,1,1,147,300957871,119484255,14923473,30100614,1073744987,0,1,0,0,0
421330872,SELECT,157,420,4845102,157,158,1,0,0,0,679999,633587,1,1,0,1,147,300957872,119484255,14923473,30100614,1073745267,0,1,0,0,0
421414765,PUBLISH,157,420,4846688,157,158,1,0,0,0,680125,633587,1,1,0,1,148,301040179,119484255,14923473,30101330,1073745267,0,1,0,0,0
422329965,FIELD,157,420,4868168,157,158,1,0,0,0,681497,633587,1,1,0,1,148,301933899,119484255,14923473,30124503,1073745267,0,1,0,0,0
422829759,READY,159,421,4876865,157,158,1,0,0,0,682247,633587,1,1,0,1,148,302424997,119484255,14923473,30136612,1073745267,1,1,0,0,0
423332871,FIELD,157,421,4876865,157,158,1,1,0,0,683002,633587,1,1,0,1,148,302424997,119987366,14923473,30136612,1140856179,1,1,0,0,0
423332872,START,160,422,4876866,158,156,1,0,0,0,683002,633587,0,1,1,1,148,302424997,119987367,14923473,30136612,1140856131,1,1,0,0,0
423332872,SELECT,158,422,4876866,158,156,1,0,0,0,683002,633587,0,1,1,1,148,302424997,119987367,14923473,30136612,1140856131,1,1,0,0,0
423416765,PUBLISH,158,422,4878204,158,156,1,0,0,0,683128,633587,0,1,1,1,149,302507551,119987367,14923473,30140759,1091872067,0,1,0,0,0
424331965,FIELD,158,422,4893040,158,156,1,0,0,0,684500,633587,0,1,1,1,149,303407915,119987367,14923473,30240251,1091872067,0,1,0,0,0
425211576,READY,160,423,4904560,158,156,1,0,0,0,685820,633587,0,1,1,1,149,304276006,119987367,14923473,30307167,1091872067,0,1,0,0,0
425334871,FIELD,158,423,4904561,158,156,1,0,0,0,686005,633587,0,1,1,1,149,304276007,120110660,14923473,30307167,1091904835,1,1,0,0,0
426333965,FIELD,158,424,4904561,158,156,1,0,0,0,687503,633587,0,1,1,1,149,304276007,121109754,14923473,30307167,1091904835,1,1,0,0,0
427336871,FIELD,158,425,4904561,158,156,1,1,0,0,689008,633587,0,1,1,1,149,304276007,122112660,14923473,30307167,1091904835,1,1,0,0,0
427336872,SELECT,156,426,4904561,156,159,0,0,0,0,689008,588542,0,1,1,1,149,304276007,122112661,14923473,30307167,1125459203,1,1,0,0,0
427336873,START,161,426,4904562,156,160,1,0,0,0,689008,588542,0,1,1,1,150,304276007,122112662,14923473,30307167,1073742409,1,0,0,0,0
427420765,PUBLISH,156,426,4905948,156,160,1,0,0,0,689134,588542,0,1,1,1,150,304358512,122112662,14923473,30310840,1073742925,0,1,0,0,0
428335965,FIELD,156,426,4920568,156,160,1,0,0,0,690506,588542,0,1,1,1,150,305259092,122112662,14923473,30406136,1073742925,0,1,0,0,0
429251708,READY,161,427,4932444,156,160,1,0,0,0,691880,588542,0,1,1,1,150,306162959,122112662,14923473,30471263,1073742925,0,1,0,0,0
429251710,START,162,427,4932446,156,160,1,0,0,0,691880,588542,0,1,1,1,150,306162960,122112662,14923473,30471263,1073742937,1,1,0,0,0
429338871,FIELD,156,427,4934740,156,160,1,0,0,0,692011,588542,0,1,1,1,150,306247826,122112662,14923473,30473509,1073744987,0,1,0,0,0
430337965,FIELD,156,428,4956664,156,160,1,1,0,0,693509,588542,0,1,1,1,150,307224996,122112662,14923473,30493741,1073744987,0,1,0,0,0
430337966,SELECT,160,429,4956664,160,161,1,0,0,0,693509,633587,0,0,1,1,150,307224997,122112662,14923473,30493741,1073745267,0,1,0,0,0
430425671,PUBLISH,160,429,4959008,160,161,1,0,0,0,693641,633587,0,0,1,1,151,307310358,122112662,14923473,30494030,1073745267,0,1,0,0,0
431340872,FIELD,160,429,4981740,160,161,1,0,0,0,695014,633587,0,0,1,1,151,308202827,122112662,14923473,30513532,1073745267,0,1,0,0,0
431984098,READY,162,430,4995525,160,161,1,0,0,0,695979,633587,0,0,1,1,151,308832269,122112662,14923473,30527928,1073745267,1,1,0,0,0
432339965,FIELD,160,430,4995525,160,161,1,0,0,0,696512,633587,0,0,1,1,151,308832269,122468528,14923473,30527928,1140856179,1,1,0,0,0
433342872,FIELD,160,431,4995525,160,161,1,1,0,0,698017,633587,0,0,1,1,151,308832269,123471435,14923473,30527928,1140856179,1,1,0,0,0
433342873,START,163,432,4995526,161,159,1,0,0,0,698017,633587,0,1,0,1,151,308832269,123471436,14923473,30527928,1140856131,1,1,0,0,0
433342873,SELECT,161,432,4995526,161,159,1,0,0,0,698017,633587,0,1,0,1,151,308832269,123471436,14923473,30527928,1140856131,1,1,0,0,0
433426765,PUBLISH,161,432,4996956,161,159,1,0,0,0,698143,633587,0,1,0,1,152,308914730,123471436,14923473,30532171,1091872067,0,1,0,0,0
434341965,FIELD,161,432,5010384,161,159,1,0,0,0,699515,633587,0,1,0,1,152,309816502,123471436,14923473,30630926,1091872067,0,1,0,0,0
435344872,FIELD,161,433,5026180,161,159,1,1,0,0,701020,633587,0,1,0,1,152,310803613,123471436,14923473,30704548,1091872067,0,1,0,0,0
435344873,SELECT,159,434,5026180,159,162,0,0,0,0,701020,633587,0,1,1,1,152,310803614,123471436,14923473,30704548,1125426435,0,1,0,0,0
435347048,READY,163,434,5026180,159,162,0,0,0,0,701023,633587,0,1,1,0,153,310805789,123471436,14923473,30704988,1125426435,0,1,0,0,0
435347051,START,164,434,5026182,159,163,1,0,0,0,701023,633587,0,1,1,0,153,310805790,123471437,14923473,30704988,1073742409,1,1,0,0,0
435428765,PUBLISH,159,434,5027568,159,163,1,0,0,0,701146,633587,0,1,1,1,153,310886117,123471437,14923473,30709194,1073742925,0,1,0,0,0
436343965,FIELD,159,434,5041316,159,163,1,0,0,0,702518,633587,0,1,1,1,153,311787569,123471437,14923473,30807329,1073742925,0,1,0,0,0
437346872,FIELD,159,435,5057816,159,163,1,0,0,0,704023,633587,0,1,1,1,153,312773976,123471437,14923473,30874100,1073742925,0,1,0,0,0
437405288,READY,164,436,5057900,159,163,1,0,0,0,704110,633587,0,1,1,1,153,312832308,123471437,14923473,30878957,1073742925,0,1,0,0,0
437405290,START,165,436,5057902,159,163,1,0,0,0,704110,633587,0,1,1,1,153,312832309,123471437,14923473,30878957,1073742937,1,1,0,0,0
438345965,FIELD,159,436,5078440,159,163,1,1,0,0,705521,633587,0,1,1,1,153,313752445,123471437,14923473,30901294,1073744987,0,1,0,0,0
438345966,SELECT,163,437,5078440,163,164,1,0,0,0,705521,633587,0,0,0,1,153,313752446,123471437,14923473,30901294,1073745267,0,1,0,0,0
438433671,PUBLISH,163,437,5080484,163,164,1,0,0,0,705653,633587,0,0,0,1,154,313838107,123471437,14923473,30901712,1073745267,0,1,0,0,0
439348872,FIELD,163,437,5104618,163,164,1,0,0,0,707026,633587,0,0,0,1,154,314729175,123471437,14923473,30920344,1073745267,1,1,0,0,0
440229596,READY,165,438,5126709,163,164,1,0,0,0,708347,633587,0,0,0,1,154,315587808,123471437,14923473,30939492,1073745267,1,1,0,0,0
440347965,FIELD,163,438,5126709,163,164,1,1,0,0,708524,633587,0,0,0,1,154,315587808,123589805,14923473,30939492,1140856179,1,1,0,0,0
440347966,START,166,439,5126710,164,162,1,0,0,0,708524,633587,0,0,1,1,154,315587808,123589806,14923473,30939492,1140856131,1,1,0,0,0
440347966,SELECT,164,439,5126710,164,162,1,0,0,0,708524,633587,0,0,1,1,154,315587808,123589806,14923473,30939492,1140856131,1,1,0,0,0
440435672,PUBLISH,164,439,5127984,164,162,1,0,0,0,708656,633587,0,0,1,1,155,315674239,123589806,14923473,30943480,1091872067,0,1,0,0,0
441350872,FIELD,164,439,5142032,164,162,1,0,0,0,710029,633587,0,0,1,1,155,316575391,123589806,14923473,31042777,1091872067,0,1,0,0,0
442349965,FIELD,164,440,5160620,164,162,1,0,0,0,711527,633587,0,0,1,1,155,317555896,123589806,14923473,31120117,1091872067,0,1,0,0,0
442457807,READY,166,441,5161248,164,162,1,0,0,0,711689,633587,0,0,1,1,155,317663110,123589806,14923473,31126471,1091872067,0,1,0,0,0
443352872,FIELD,164,441,5161249,164,162,1,1,0,0,713032,633587,0,0,1,1,155,317663111,124484869,14923473,31126471,1091904835,1,1,0,0,0
443352873,SELECT,162,442,5161249,162,165,0,0,0,0,713032,633587,0,1,0,1,155,317663111,124484870,14923473,31126471,1125459203,1,1,0,0,0
443352874,START,167,442,5161250,162,166,1,0,0,0,713032,633587,0,1,0,1,156,317663111,124484871,14923473,31126471,1073742409,1,0,0,0,0
443436765,PUBLISH,162,442,5162580,162,166,1,0,0,0,713158,633587,0,1,0,1,156,317745671,124484871,14923473,31130784,1073742925,0,1,0,0,0
444351965,FIELD,162,442,5176596,162,166,1,0,0,0,714530,633587,0,1,0,1,156,318646855,124484871,14923473,31229076,1073742925,0,1,0,0,0
445354872,FIELD,162,443,5195162,162,166,1,1,0,0,716035,633587,0,1,0,1,156,319631196,124484871,14923473,31299794,1073742925,0,1,0,0,0
445354873,SELECT,166,444,5195162,166,165,0,0,0,0,716035,633587,0,1,1,1,156,319631197,124484871,14923473,31299795,1073743205,0,1,0,0,0
445438765,PUBLISH,166,444,5196432,166,165,0,0,0,0,716161,633587,0,1,1,1,157,319713819,124484871,14923473,31305693,1073743205,0,1,0,0,0
445494632,READY,167,444,5196432,166,165,0,0,0,0,716244,633587,0,1,1,1,157,319769686,124484871,14923473,31312953,1073743205,0,1,0,0,0
445494794,START,168,444,5196594,166,167,1,0,0,0,716245,633587,0,1,1,1,157,319769687,124484871,14923473,31312953,1073743217,1,1,0,0,0
446353965,FIELD,166,444,5223240,166,167,1,0,0,0,717533,633587,0,1,1,1,157,320602211,124484871,14923473,31343608,1073745267,0,1,0,0,0
447356872,FIELD,166,445,5254341,166,167,1,0,0,0,719038,633587,0,1,1,1,157,321574017,124484871,14923473,31375812,1073745267,0,1,0,0,0
447699878,PTS,15,446,5264749,166,167,1,0,0,0,719552,633587,0,1,1,1,157,321906616,124484871,14923473,31385843,1073745267,1,1,0,0,0
447753827,START,169,446,5266726,166,167,1,0,0,0,719633,633587,0,1,1,1,157,321958588,124484871,14923473,31387594,1073745267,1,1,0,0,0
447753828,READY,168,446,5266726,166,167,1,0,0,0,719633,633587,0,1,1,1,157,321958588,124484871,14923473,31387594,1073745267,1,1,0,0,0
448355965,FIELD,166,446,5266726,166,167,1,1,0,0,720536,633587,0,1,1,1,157,321958588,125087008,14923473,31387594,1140856179,1,1,0,0,0
448355966,SELECT,167,447,5266726,167,165,1,0,0,0,720536,633587,0,0,0,1,157,321958588,125087009,14923473,31387594,1140856131,1,1,0,0,0
448443672,PUBLISH,167,447,5268288,167,165,1,0,0,0,720668,633587,0,0,0,1,158,322044731,125087010,14923473,31393187,1091872067,0,1,0,0,0
449358872,FIELD,167,447,5279748,167,165,1,0,0,0,722041,633587,0,0,0,1,158,322948471,125087010,14923473,31500428,1091872067,0,1,0,0,0
450181353,READY,169,448,5292156,167,165,1,0,0,0,723275,633587,0,0,0,1,158,323758544,125087010,14923473,31575946,1091872067,0,1,0,0,0
450357965,FIELD,167,448,5292157,167,165,1,1,0,0,723539,633587,0,0,0,1,158,323758545,125263620,14923473,31575946,1091904835,1,1,0,0,0
450357966,SELECT,165,449,5292157,165,168,0,0,0,0,723539,633587,0,0,1,1,158,323758545,125263621,14923473,31575946,1125459203,1,1,0,0,0
450357967,START,170,449,5292158,165,169,1,0,1,1,723539,633587,0,0,1,1,159,323758545,125263622,14923473,31575946,1073742409,1,0,0,0,0
450445672,PUBLISH,165,449,5293768,165,169,1,0,1,1,723671,633587,0,0,1,1,159,323844639,125263622,14923473,31582043,1073742925,0,1,0,0,0
451360872,FIELD,165,449,5304700,165,169,1,0,1,1,725044,633587,0,0,1,1,159,324748907,125263622,14923473,31692027,1073742925,0,1,0,0,0
452148761,READY,170,450,5317364,165,169,1,0,1,1,726226,633587,0,0,1,1,159,325524132,125263622,14923473,31760844,1073742925,0,1,0,0,0
452148763,START,171,450,5317366,165,169,1,0,1,1,726226,633587,0,0,1,1,159,325524133,125263622,14923473,31760844,1073742937,1,1,0,0,0
452359965,FIELD,165,450,5321568,165,169,1,0,1,1,726542,633587,0,0,1,1,159,325731132,125263622,14923473,31765136,1073744987,0,1,0,0,0
453362872,FIELD,165,451,5342016,165,169,1,1,1,1,728047,633587,0,0,1,1,159,326713591,125263622,14923473,31787751,1073744987,0,1,0,0,0
453362873,SELECT,169,452,5342016,169,170,1,0,0,0,728047,678632,1,1,0,1,159,326713592,125263622,14923473,31787751,1073745267,0,1,0,0,0
453446765,PUBLISH,169,452,5343936,169,170,1,0,0,0,728173,678632,1,1,0,1,160,326795564,125263622,14923473,31788359,1073745267,0,1,0,0,0
454361965,FIELD,169,452,5367216,169,170,1,0,0,0,729545,678632,1,1,0,1,160,327687484,125263622,14923473,31809394,1073745267,0,1,0,0,0
454771682,READY,171,453,5375909,169,170,1,0,0,0,730160,678632,1,1,0,1,160,328088509,125263622,14923473,31819634,1073745267,1,1,0,0,0
455364872,FIELD,169,453,5375909,169,170,1,1,0,0,731050,678632,1,1,0,1,160,328088509,125856811,14923473,31819634,1140856179,1,1,0,0,0
455364873,START,172,454,5375910,170,168,1,0,0,0,731050,678632,0,1,1,1,160,328088509,125856812,14923473,31819634,1140856131,1,1,0,0,0
455364873,SELECT,170,454,5375910,170,168,1,0,0,0,731050,678632,0,1,1,1,160,328088509,125856812,14923473,31819634,1140856131,1,1,0,0,0
455448765,PUBLISH,170,454,5376868,170,168,1,0,0,0,731176,678632,0,1,1,1,161,328171442,125856812,14923473,31823397,1091872067,0,1,0,0,0
456363965,FIELD,170,454,5389528,170,168,1,0,0,0,732548,678632,0,1,1,1,161,329073982,125856812,14923473,31927368,1091872067,0,1,0,0,0
457228221,READY,172,455,5403188,170,168,1,0,0,0,733845,678632,0,1,1,1,161,329924578,125856812,14923473,32012432,1091872067,0,1,0,0,0
457366872,FIELD,170,455,5403189,170,168,1,0,0,0,734053,678632,0,1,1,1,161,329924579,125995461,14923473,32012432,1091904835,1,1,0,0,0
458365965,FIELD,170,456,5403189,170,168,1,0,0,0,735551,678632,0,1,1,1,161,329924579,126994554,14923473,32012432,1091904835,1,1,0,0,0
459368872,FIELD,170,457,5403189,170,168,1,1,0,0,737056,678632,0,1,1,1,161,329924579,127997461,14923473,32012432,1091904835,1,1,0,0,0
459368873,SELECT,168,458,5403189,168,171,0,0,0,0,737056,633587,0,1,1,1,161,329924579,127997462,14923473,32012432,1125459203,1,1,0,0,0
459368874,START,173,458,5403190,168,172,1,0,0,0,737056,633587,0,1,1,1,162,329924579,127997463,14923473,32012432,1073742409,1,0,0,0,0
459452765,PUBLISH,168,458,5404228,168,172,1,0,0,0,737182,633587,0,1,1,1,162,330007431,127997463,14923473,32016154,1073742925,0,1,0,0,0
460367965,FIELD,168,458,5416440,168,172,1,0,0,0,738554,633587,0,1,1,1,162,330910419,127997463,14923473,32120632,1073742925,0,1,0,0,0
461280696,READY,173,459,5431400,168,172,1,0,0,0,739924,633587,0,1,1,1,162,331808190,127997463,14923473,32204408,1073742925,0,1,0,0,0
461280698,START,174,459,5431402,168,172,1,0,0,0,739924,633587,0,1,1,1,162,331808191,127997463,14923473,32204408,1073742937,1,1,0,0,0
461370872,FIELD,168,459,5433744,168,172,1,0,0,0,740059,633587,0,1,1,1,162,331896022,127997463,14923473,32206029,1073744987,0,1,0,0,0
462369965,FIELD,168,460,5453996,168,172,1,1,0,0,741557,633587,0,1,1,1,162,332874863,127997463,14923473,32226612,1073744987,0,1,0,0,0
462369966,SELECT,172,461,5453996,172,173,1,0,0,0,741557,678632,0,0,1,1,162,332874864,127997463,14923473,32226612,1073745267,0,1,0,0,0
462457672,PUBLISH,172,461,5456020,172,173,1,0,0,0,741689,678632,0,0,1,1,163,332960546,127997463,14923473,32227154,1073745267,0,1,0,0,0
463372872,FIELD,172,461,5480540,172,173,1,0,0,0,743062,678632,0,0,1,1,163,333851226,127997463,14923473,32246395,1073745267,0,1,0,0,0
464059018,READY,174,462,5498169,172,173,1,0,0,0,744091,678632,0,0,1,1,163,334519744,127997463,14923473,32262618,1073745267,1,1,0,0,0
464371965,FIELD,172,462,5498169,172,173,1,0,0,0,744560,678632,0,0,1,1,163,334519744,128310409,14923473,32262618,1140856179,1,1,0,0,0
465374872,FIELD,172,463,5498169,172,173,1,1,0,0,746065,678632,0,0,1,1,163,334519744,129313316,14923473,32262618,1140856179,1,1,0,0,0
465374873,START,175,464,5498170,173,171,1,0,0,0,746065,678632,0,1,0,1,163,334519744,129313317,14923473,32262618,1140856131,1,1,0,0,0
465374873,SELECT,173,464,5498170,173,171,1,0,0,0,746065,678632,0,1,0,1,163,334519744,129313317,14923473,32262618,1140856131,1,1,0,0,0
465458765,PUBLISH,173,464,5499296,173,171,1,0,0,0,746191,678632,0,1,0,1,164,334602509,129313317,14923473,32266101,1091872067,0,1,0,0,0
466373965,FIELD,173,464,5511232,173,171,1,0,0,0,747563,678632,0,1,0,1,164,335505773,129313317,14923473,32369894,1091872067,0,1,0,0,0
467306777,READY,175,465,5527924,173,171,1,0,0,0,748963,678632,0,1,0,1,164,336421893,129313317,14923473,32462807,1091872067,0,1,0,0,0
467376872,FIELD,173,465,5527925,173,171,1,1,0,0,749068,678632,0,1,0,1,164,336421894,129383410,14923473,32462807,1091904835,1,1,0,0,0
467376873,SELECT,171,466,5527925,171,174,0,0,0,0,749068,678632,0,1,1,1,164,336421894,129383411,14923473,32462807,1125459203,1,1,0,0,0
467376874,START,176,466,5527926,171,175,1,0,0,0,749068,678632,0,1,1,1,165,336421894,129383412,14923473,32462807,1073742409,1,0,0,0,0
467460765,PUBLISH,171,466,5529044,171,175,1,0,0,0,749194,678632,0,1,1,1,165,336504666,129383412,14923473,32467284,1073742925,0,1,0,0,0
468375965,FIELD,171,466,5541534,171,175,1,0,0,0,750566,678632,0,1,1,1,165,337407376,129383412,14923473,32578705,1073742925,0,1,0,0,0
469280878,READY,176,467,5557836,171,175,1,0,0,0,751924,678632,0,1,1,1,165,338295987,129383412,14923473,32662937,1073742925,0,1,0,0,0
469280880,START,177,467,5557838,171,175,1,0,0,0,751924,678632,0,1,1,1,165,338295988,129383412,14923473,32662937,1073742937,1,1,0,0,0
469378872,FIELD,171,467,5560272,171,175,1,0,0,0,752071,678632,0,1,1,1,165,338391545,129383412,14923473,32664604,1073744987,0,1,0,0,0
470377965,FIELD,171,468,5583524,171,175,1,1,0,0,753569,678632,0,1,1,1,165,339367386,129383412,14923473,32685394,1073744987,0,1,0,0,0
470377966,SELECT,175,469,5583524,175,176,1,0,0,0,753569,678632,0,0,0,1,165,339367387,129383412,14923473,32685394,1073745267,0,1,0,0,0
470465672,PUBLISH,175,469,5586172,175,176,1,0,0,0,753701,678632,0,0,0,1,166,339452445,129383412,14923473,32686250,1073745267,0,1,0,0,0
471380872,FIELD,175,469,5612248,175,176,1,0,0,0,755074,678632,0,0,0,1,166,340341569,129383412,14923473,32705127,1073745267,0,1,0,0,0
472193461,READY,177,470,5633509,175,176,1,0,0,0,756293,678632,0,0,0,1,166,341132898,129383412,14923473,32722250,1073745267,1,1,0,0,0
472379965,FIELD,175,470,5633509,175,176,1,1,0,0,756572,678632,0,0,0,1,166,341132898,129569915,14923473,32722250,1140856179,1,1,0,0,0
472379966,START,178,471,5633510,176,174,1,0,0,0,756572,678632,0,0,1,1,166,341132898,129569916,14923473,32722250,1140856131,1,1,0,0,0
472379966,SELECT,176,471,5633510,176,174,1,0,0,0,756572,678632,0,0,1,1,166,341132898,129569916,14923473,32722250,1140856131,1,1,0,0,0
472467672,PUBLISH,176,471,5634712,176,174,1,0,0,0,756704,678632,0,0,1,1,167,341219401,129569916,14923473,32726602,1091872067,0,1,0,0,0
473382872,FIELD,176,471,5646680,176,174,1,0,0,0,758077,678632,0,0,1,1,167,342122633,129569916,14923473,32830061,1091872067,0,1,0,0,0
474381965,FIELD,176,472,5665148,176,174,1,0,0,0,759575,678632,0,0,1,1,167,343103258,129569916,14923473,32921713,1091872067,0,1,0,0,0
474469736,READY,178,473,5666336,176,174,1,0,0,0,759707,678632,0,0,1,1,167,343189841,129569916,14923473,32929946,1091872067,0,1,0,0,0
475384872,FIELD,176,473,5666337,176,174,1,1,0,0,761080,678632,0,0,1,1,167,343189842,130485050,14923473,32929946,1091904835,1,1,0,0,0
475384873,SELECT,174,474,5666337,174,177,0,0,0,0,761080,678632,0,1,0,1,167,343189842,130485051,14923473,32929946,1125459203,1,1,0,0,0
475384874,START,179,474,5666338,174,178,1,0,0,0,761080,678632,0,1,0,1,168,343189842,130485052,14923473,32929946,1073742409,1,0,0,0,0
475468765,PUBLISH,174,474,5667568,174,178,1,0,0,0,761206,678632,0,1,0,1,168,343272502,130485052,14923473,32933346,1073742925,0,1,0,0,0
476383965,FIELD,174,474,5680176,174,178,1,0,0,0,762578,678632,0,1,0,1,168,344175094,130485052,14923473,33040928,1073742925,0,1,0,0,0
477386872,FIELD,174,475,5699564,174,178,1,1,0,0,764083,678632,0,1,0,1,168,345158613,130485052,14923473,33126613,1073742925,0,1,0,0,0
477386873,SELECT,178,476,5699564,178,177,0,0,0,0,764083,678632,0,1,1,1,168,345158614,130485052,14923473,33126613,1073743205,0,1,0,0,0
477470765,PUBLISH,178,476,5700768,178,177,0,0,0,0,764209,678632,0,1,1,1,169,345241302,130485052,14923473,33132682,1073743205,0,1,0,0,0
477496168,READY,179,476,5700768,178,177,0,0,0,0,764247,678632,0,1,1,1,169,345266705,130485052,14923473,33136007,1073743205,0,1,0,0,0
477496330,START,180,476,5700930,178,179,1,0,0,0,764247,678632,0,1,1,1,169,345266706,130485052,14923473,33136007,1073743217,1,1,0,0,0
478385965,FIELD,178,476,5726159,178,179,1,0,0,0,765581,678632,0,1,1,1,169,346131111,130485052,14923473,33167492,1073745267,0,1,0,0,0
479388872,FIELD,178,477,5758005,178,179,1,0,0,0,767086,678632,0,1,1,1,169,347102172,130485052,14923473,33199812,1073745267,0,1,0,0,0
479711756,PTS,16,478,5768549,178,179,1,0,0,0,767570,678632,0,1,1,1,169,347414513,130485052,14923473,33207510,1073745267,1,1,0,0,0
479741027,START,181,478,5769526,178,179,1,0,0,0,767614,678632,0,1,1,1,169,347442807,130485052,14923473,33208517,1073745267,1,1,0,0,0
479741028,READY,180,478,5769526,178,179,1,0,0,0,767614,678632,0,1,1,1,169,347442807,130485052,14923473,33208517,1073745267,1,1,0,0,0
480387965,FIELD,178,478,5769526,178,179,1,1,0,0,768584,678632,0,1,1,1,169,347442807,131131989,14923473,33208517,1140856179,1,1,0,0,0
480387966,SELECT,179,479,5769526,179,177,1,0,0,0,768584,678632,0,0,0,1,169,347442807,131131990,14923473,33208517,1140856131,1,1,0,0,0
480475672,PUBLISH,179,479,5771020,179,177,1,0,0,0,768716,678632,0,0,0,1,170,347529018,131131991,14923473,33212882,1091872067,0,1,0,0,0
481390872,FIELD,179,479,5783076,179,177,1,0,0,0,770089,678632,0,0,0,1,170,348432162,131131991,14923473,33332525,1091872067,0,1,0,0,0
482263771,READY,181,480,5796368,179,177,1,0,0,0,771398,678632,0,0,0,1,170,349291769,131131991,14923473,33432285,1091872067,0,1,0,0,0
482389965,FIELD,179,480,5796369,179,177,1,1,0,0,771587,678632,0,0,0,1,170,349291770,131258183,14923473,33432285,1091904835,1,1,0,0,0
482389966,SELECT,177,481,5796369,177,180,0,0,0,0,771587,678632,0,0,1,1,170,349291770,131258184,14923473,33432285,1125459203,1,1,0,0,0
482389967,START,182,481,5796370,177,181,1,0,1,1,771587,678632,0,0,1,1,171,349291770,131258185,14923473,33432285,1073742409,1,0,0,0,0
482477672,PUBLISH,177,481,5797836,177,181,1,0,1,1,771719,678632,0,0,1,1,171,349378008,131258185,14923473,33436543,1073742925,0,1,0,0,0
483392872,FIELD,177,481,5810584,177,181,1,0,1,1,773092,678632,0,0,1,1,171,350280460,131258185,14923473,33549082,1073742925,0,1,0,0,0
484281448,READY,182,482,5823432,177,181,1,0,1,1,774425,678632,0,0,1,1,171,351156188,131258185,14923473,33642347,1073742925,0,1,0,0,0
484281450,START,183,482,5823434,177,181,1,0,1,1,774425,678632,0,0,1,1,171,351156189,131258185,14923473,33642347,1073742937,1,1,0,0,0
484391965,FIELD,177,482,5825688,177,181,1,0,1,1,774590,678632,0,0,1,1,171,351264449,131258185,14923473,33644250,1073744987,0,1,0,0,0
485394872,FIELD,177,483,5847984,177,181,1,1,1,1,776095,678632,0,0,1,1,171,352245060,131258185,14923473,33664680,1073744987,0,1,0,0,0
485394873,SELECT,181,484,5847984,181,182,1,0,0,0,776095,723677,1,1,0,1,171,352245061,131258185,14923473,33664680,1073745267,0,1,0,0,0
485478765,PUBLISH,181,484,5849668,181,182,1,0,0,0,776221,723677,1,1,0,1,172,352327269,131258185,14923473,33665389,1073745267,0,1,0,0,0
486393966,FIELD,181,484,5872896,181,182,1,0,0,0,777593,723677,1,1,0,1,172,353219242,131258185,14923473,33685651,1073745267,0,1,0,0,0
487039801,READY,183,485,5887201,181,182,1,0,0,0,778562,723677,1,1,0,1,172,353850773,131258185,14923473,33698688,1073745267,1,1,0,0,0
487396872,FIELD,181,485,5887201,181,182,1,1,0,0,779098,723677,1,1,0,1,172,353850773,131615255,14923473,33698688,1140856179,1,1,0,0,0
487396873,START,184,486,5887202,182,180,1,0,0,0,779098,723677,0,1,1,1,172,353850773,131615256,14923473,33698688,1140856131,1,1,0,0,0
487396873,SELECT,182,486,5887202,182,180,1,0,0,0,779098,723677,0,1,1,1,172,353850773,131615256,14923473,33698688,1140856131,1,1,0,0,0
487480765,PUBLISH,182,486,5888728,182,180,1,0,0,0,779224,723677,0,1,1,1,173,353933138,131615256,14923473,33702725,1091872067,0,1,0,0,0
488395966,FIELD,182,486,5901332,182,180,1,0,0,0,780596,723677,0,1,1,1,173,354835735,131615256,14923473,33804336,1091872067,0,1,0,0,0
489398872,FIELD,182,487,5916192,182,180,1,0,0,0,782101,723677,0,1,1,1,173,355823781,131615256,14923473,33924602,1091872067,0,1,0,0,0
489411561,READY,184,488,5916192,182,180,1,0,0,0,782120,723677,0,1,1,1,173,355836470,131615256,14923473,33926095,1091872067,0,1,0,0,0
490397966,FIELD,182,488,5916193,182,180,1,0,0,0,783599,723677,0,1,1,1,173,355836471,132601659,14923473,33926095,1091904835,1,1,0,0,0
491400872,FIELD,182,489,5916193,182,180,1,1,0,0,785104,723677,0,1,1,1,173,355836471,133604565,14923473,33926095,1091904835,1,1,0,0,0
491400873,SELECT,180,490,5916193,180,183,0,0,0,0,785104,678632,0,1,1,1,173,355836471,133604566,14923473,33926095,1125459203,1,1,0,0,0
491400874,START,185,490,5916194,180,184,1,0,0,0,785104,678632,0,1,1,1,174,355836471,133604567,14923473,33926095,1073742409,1,0,0,0,0
491484765,PUBLISH,180,490,5917148,180,184,1,0,0,0,785230,678632,0,1,1,1,174,355919407,133604567,14923473,33929022,1073742925,0,1,0,0,0
492399966,FIELD,180,490,5930536,180,184,1,0,0,0,786602,678632,0,1,1,1,174,356821220,133604567,14923473,34033514,1073742925,0,1,0,0,0
493402872,FIELD,180,491,5944932,180,184,1,0,0,0,788107,678632,0,1,1,1,174,357809730,133604567,14923473,34150311,1073742925,0,1,0,0,0
493432089,READY,185,492,5944932,180,184,1,0,0,0,788151,678632,0,1,1,1,174,357838947,133604567,14923473,34154408,1073742925,0,1,0,0,0
493432091,START,186,492,5944934,180,184,1,0,0,0,788151,678632,0,1,1,1,174,357838948,133604567,14923473,34154408,1073742937,1,1,0,0,0
494401966,FIELD,180,492,5968492,180,184,1,1,0,0,789605,678632,0,1,1,1,174,358785264,133604567,14923473,34177148,1073744987,0,1,0,0,0
494401967,SELECT,184,493,5968492,184,185,1,0,0,0,789605,723677,0,0,1,1,174,358785265,133604567,14923473,34177148,1073745267,0,1,0,0,0
494489672,PUBLISH,184,493,5970716,184,185,1,0,0,0,789737,723677,0,0,1,1,175,358870746,133604567,14923473,34177978,1073745267,0,1,0,0,0
495404872,FIELD,184,493,5992006,184,185,1,0,0,0,791110,723677,0,0,1,1,175,359764656,133604567,14923473,34199129,1073745267,0,1,0,0,0
496200574,READY,186,494,6010705,184,185,1,0,0,0,792303,723677,0,0,1,1,175,360541660,133604567,14923473,34216202,1073745267,1,1,0,0,0
496403966,FIELD,184,494,6010705,184,185,1,0,0,0,792608,723677,0,0,1,1,175,360541660,133807958,14923473,34216202,1140856179,1,1,0,0,0
497406872,FIELD,184,495,6010705,184,185,1,1,0,0,794113,723677,0,0,1,1,175,360541660,134810864,14923473,34216202,1140856179,1,1,0,0,0
497406873,START,187,496,6010706,185,183,1,0,0,0,794113,723677,0,1,0,1,175,360541660,134810865,14923473,34216202,1140856131,1,1,0,0,0
497406873,SELECT,185,496,6010706,185,183,1,0,0,0,794113,723677,0,1,0,1,175,360541660,134810865,14923473,34216202,1140856131,1,1,0,0,0
497490766,PUBLISH,185,496,6011755,185,183,1,0,0,0,794239,723677,0,1,0,1,176,360624504,134810865,14923473,34220065,1091872067,1,1,0,0,0
498405966,FIELD,185,496,6026071,185,183,1,0,0,0,795611,723677,0,1,0,1,176,361525388,134810865,14923473,34329465,1091872067,1,1,0,0,0
499408872,FIELD,185,497,6040348,185,183,1,1,0,0,797116,723677,0,1,0,1,176,362514016,134810865,14923473,34454745,1091872067,0,1,0,0,0
499408873,SELECT,183,498,6040348,183,186,0,0,0,0,797116,723677,0,1,1,1,176,362514017,134810865,14923473,34454745,1125426435,0,1,0,0,0
499444761,READY,187,498,6040348,183,186,0,0,0,0,797170,723677,0,1,1,0,177,362549905,134810865,14923473,34458321,1125426435,0,1,0,0,0
499444764,START,188,498,6040350,183,187,1,0,0,0,797170,723677,0,1,1,0,177,362549906,134810866,14923473,34458321,1073742409,1,1,0,0,0
499492766,PUBLISH,183,498,6041316,183,187,1,0,0,0,797242,723677,0,1,1,1,177,362596941,134810866,14923473,34461148,1073742925,0,1,0,0,0
500407966,FIELD,183,498,6054940,183,187,1,0,0,0,798614,723677,0,1,1,1,177,363498517,134810866,14923473,34575807,1073742925,0,1,0,0,0
501410872,FIELD,183,499,6070260,183,187,1,0,0,0,800119,723677,0,1,1,1,177,364486103,134810866,14923473,34697192,1073742925,0,1,0,0,0
501490024,READY,188,500,6070260,183,187,1,0,0,0,800238,723677,0,1,1,1,177,364565255,134810866,14923473,34705823,1073742925,0,1,0,0,0
501490026,START,189,500,6070262,183,187,1,0,0,0,800238,723677,0,1,1,1,177,364565256,134810866,14923473,34705823,1073742937,1,1,0,0,0
502409966,FIELD,183,500,6092872,183,187,1,1,0,0,801617,723677,0,1,1,1,177,365462585,134810866,14923473,34726090,1073744987,0,1,0,0,0
502409967,SELECT,187,501,6092872,187,188,1,0,0,0,801617,723677,0,0,0,1,177,365462586,134810866,14923473,34726090,1073745267,0,1,0,0,0
502497672,PUBLISH,187,501,6095196,187,188,1,0,0,0,801749,723677,0,0,0,1,178,365547967,134810866,14923473,34726615,1073745267,0,1,0,0,0
503412872,FIELD,187,501,6116120,187,188,1,0,0,0,803122,723677,0,0,0,1,178,366442243,134810866,14923473,34745166,1073745267,0,1,0,0,0
504350914,READY,189,502,6140557,187,188,1,0,0,0,804529,723677,0,0,0,1,178,367355849,134810866,14923473,34765928,1073745267,1,1,0,0,0
504411966,FIELD,187,502,6140557,187,188,1,1,0,0,804620,723677,0,0,0,1,178,367355849,134871917,14923473,34765928,1140856179,1,1,0,0,0
504411967,START,190,503,6140558,188,186,1,0,0,0,804620,723677,0,0,1,1,178,367355849,134871918,14923473,34765928,1140856131,1,1,0,0,0
504411967,SELECT,188,503,6140558,188,186,1,0,0,0,804620,723677,0,0,1,1,178,367355849,134871918,14923473,34765928,1140856131,1,1,0,0,0
504499672,PUBLISH,188,503,6142252,188,186,1,0,0,0,804752,723677,0,0,1,1,179,367441859,134871918,14923473,34771367,1091872067,0,1,0,0,0
505414872,FIELD,188,503,6155520,188,186,1,0,0,0,806125,723677,0,0,1,1,179,368343791,134871918,14923473,34885179,1091872067,0,1,0,0,0
506413966,FIELD,188,504,6171472,188,186,1,0,0,0,807623,723677,0,0,1,1,179,369326933,134871918,14923473,35003572,1091872067,0,1,0,0,0
506541081,READY,190,505,6172624,188,186,1,0,0,0,807814,723677,0,0,1,1,179,369452896,134871918,14923473,35013947,1091872067,0,1,0,0,0
507416872,FIELD,188,505,6172625,188,186,1,1,0,0,809128,723677,0,0,1,1,179,369452897,135747707,14923473,35013947,1091904835,1,1,0,0,0
507416873,SELECT,186,506,6172625,186,189,0,0,0,0,809128,723677,0,1,0,1,179,369452897,135747708,14923473,35013947,1125459203,1,1,0,0,0
507416874,START,191,506,6172626,186,190,1,0,0,0,809128,723677,0,1,0,1,180,369452897,135747709,14923473,35013947,1073742409,1,0,0,0,0
507500766,PUBLISH,186,506,6174020,186,190,1,0,0,0,809254,723677,0,1,0,1,180,369535394,135747709,14923473,35018985,1073742925,0,1,0,0,0
508415966,FIELD,186,506,6188120,186,190,1,0,0,0,810626,723677,0,1,0,1,180,370436494,135747709,14923473,35130645,1073742925,0,1,0,0,0
509418872,FIELD,186,507,6205136,186,190,1,1,0,0,812131,723677,0,1,0,1,180,371422384,135747709,14923473,35251138,1073742925,0,1,0,0,0
509418873,SELECT,190,508,6205136,190,189,0,0,0,0,812131,723677,0,1,1,1,180,371422385,135747709,14923473,35251139,1073743205,0,1,0,0,0
509502766,PUBLISH,190,508,6206352,190,189,0,0,0,0,812257,723677,0,1,1,1,181,371505062,135747709,14923473,35256975,1073743205,0,1,0,0,0
509578088,READY,191,508,6206352,190,189,0,0,0,0,812370,723677,0,1,1,1,181,371580384,135747709,14923473,35267442,1073743205,0,1,0,0,0
509578250,START,192,508,6206514,190,191,1,0,0,0,812370,723677,0,1,1,1,181,371580385,135747709,14923473,35267442,1073743217,1,1,0,0,0
510417966,FIELD,190,508,6233116,190,191,1,0,0,0,813629,723677,0,1,1,1,181,372393498,135747709,14923473,35296361,1073745267,0,1,0,0,0
511420872,FIELD,190,509,6266543,190,191,1,0,0,0,815134,723677,0,1,1,1,181,373362977,135747709,14923473,35325548,1073745267,0,1,0,0,0
511882244,PTS,17,510,6282487,190,191,1,0,0,0,815826,723677,0,1,1,1,181,373808406,135747709,14923473,35338886,1073745267,1,1,0,0,0
511891933,START,193,510,6282758,190,191,1,0,0,0,815840,723677,0,1,1,1,181,373817824,135747709,14923473,35339150,1073745267,1,1,0,0,0
511891934,READY,192,510,6282758,190,191,1,0,0,0,815840,723677,0,1,1,1,181,373817824,135747709,14923473,35339150,1073745267,1,1,0,0,0
512419966,FIELD,190,510,6282758,190,191,1,1,0,0,816632,723677,0,1,1,1,181,373817824,136275741,14923473,35339150,1140856179,1,1,0,0,0
512419967,SELECT,191,511,6282758,191,189,1,0,0,0,816632,723677,0,0,0,1,181,373817824,136275742,14923473,35339150,1140856131,1,1,0,0,0
512507672,PUBLISH,191,511,6284256,191,189,1,0,0,0,816764,723677,0,0,0,1,182,373904030,136275743,14923473,35346005,1091872067,0,1,0,0,0
513422872,FIELD,191,511,6296588,191,189,1,0,0,0,818137,723677,0,0,0,1,182,374806898,136275743,14923473,35469157,1091872067,0,1,0,0,0
514421966,FIELD,191,512,6311680,191,189,1,1,0,0,819635,723677,0,0,0,1,182,375790900,136275743,14923473,35595370,1091872067,0,1,0,0,0
514421967,SELECT,189,513,6311680,189,192,0,0,0,0,819635,723677,0,0,1,1,182,375790901,136275743,14923473,35595370,1125426435,0,1,0,0,0
514509672,PUBLISH,189,513,6312724,189,192,0,0,0,0,819767,723677,0,0,1,1,183,375877562,136275743,14923473,35605170,1125426435,0,1,0,0,0
514522902,READY,193,513,6312724,189,192,0,0,0,0,819787,723677,0,0,1,1,183,375890792,136275743,14923473,35607081,1125426435,0,1,0,0,0
514522905,START,194,513,6312726,189,193,1,0,1,1,819787,723677,0,0,1,1,183,375890793,136275744,14923473,35607081,1073742409,1,1,0,0,0
515424873,FIELD,189,513,6325988,189,193,1,0,1,1,821140,723677,0,0,1,1,183,376779498,136275744,14923473,35721660,1073742925,0,1,0,0,0
516423966,FIELD,189,514,6340612,189,193,1,0,1,1,822638,723677,0,0,1,1,183,377763967,136275744,14923473,35846381,1073742925,0,1,0,0,0
516599025,READY,194,515,6342452,189,193,1,0,1,1,822901,723677,0,0,1,1,183,377937186,136275744,14923473,35865666,1073742925,0,1,0,0,0
516599027,START,195,515,6342454,189,193,1,0,1,1,822901,723677,0,0,1,1,183,377937187,136275744,14923473,35865666,1073742937,1,1,0,0,0
517426873,FIELD,189,515,6361004,189,193,1,1,1,1,824143,723677,0,0,1,1,183,378746482,136275744,14923473,35883186,1073744987,0,1,0,0,0
517426874,SELECT,193,516,6361004,193,194,1,0,0,0,824143,768722,1,1,0,1,183,378746483,136275744,14923473,35883186,1073745267,0,1,0,0,0
517510766,PUBLISH,193,516,6363076,193,194,1,0,0,0,824269,768722,1,1,0,1,184,378828303,136275744,14923473,35883490,1073745267,0,1,0,0,0
518425966,FIELD,193,516,6384112,193,194,1,0,0,0,825641,768722,1,1,0,1,184,379722467,136275744,14923473,35905009,1073745267,0,1,0,0,0
519385470,READY,195,517,6406893,193,194,1,0,0,0,827081,768722,1,1,0,1,184,380659191,136275744,14923473,35925838,1073745267,1,1,0,0,0
519428873,FIELD,193,517,6406893,193,194,1,1,0,0,827146,768722,1,1,0,1,184,380659191,136319146,14923473,35925838,1140856179,1,1,0,0,0
519428874,START,196,518,6406894,194,192,1,0,0,0,827146,768722,0,1,1,1,184,380659191,136319147,14923473,35925838,1140856131,1,1,0,0,0
519428874,SELECT,194,518,6406894,194,192,1,0,0,0,827146,768722,0,1,1,1,184,380659191,136319147,14923473,35925838,1140856131,1,1,0,0,0
519512766,PUBLISH,194,518,6408616,194,192,1,0,0,0,827272,768722,0,1,1,1,185,380741360,136319147,14923473,35931438,1091872067,0,1,0,0,0
520427966,FIELD,194,518,6422462,194,192,1,0,0,0,828644,768722,0,1,1,1,185,381642714,136319147,14923473,36047832,1091872067,0,1,0,0,0
521430873,FIELD,194,519,6436564,194,192,1,0,0,0,830149,768722,0,1,1,1,185,382631519,136319147,14923473,36173950,1091872067,0,1,0,0,0
521505916,READY,196,520,6436564,194,192,1,0,0,0,830261,768722,0,1,1,1,185,382706562,136319147,14923473,36181067,1091872067,0,1,0,0,0
522429966,FIELD,194,520,6436565,194,192,1,0,0,0,831647,768722,0,1,1,1,185,382706563,137243195,14923473,36181067,1091904835,1,1,0,0,0
523432873,FIELD,194,521,6436565,194,192,1,1,0,0,833152,768722,0,1,1,1,185,382706563,138246102,14923473,36181067,1091904835,1,1,0,0,0
523432874,SELECT,192,522,6436565,192,195,0,0,0,0,833152,723677,0,1,1,1,185,382706563,138246103,14923473,36181067,1125459203,1,1,0,0,0
523432875,START,197,522,6436566,192,196,1,0,0,0,833152,723677,0,1,1,1,186,382706563,138246104,14923473,36181067,1073742409,1,0,0,0,0
523516766,PUBLISH,192,522,6438252,192,196,1,0,0,0,833278,723677,0,1,1,1,186,382788767,138246104,14923473,36186366,1073742925,0,1,0,0,0
524431966,FIELD,192,522,6451296,192,196,1,0,0,0,834650,723677,0,1,1,1,186,383690923,138246104,14923473,36304313,1073742925,0,1,0,0,0
525434873,FIELD,192,523,6465064,192,196,1,0,0,0,836155,723677,0,1,1,1,186,384680062,138246104,14923473,36428520,1073742925,0,1,0,0,0
525505243,READY,197,524,6465064,192,196,1,0,0,0,836260,723677,0,1,1,1,186,384750432,138246104,14923473,36435240,1073742925,0,1,0,0,0
525505245,START,198,524,6465066,192,196,1,0,0,0,836260,723677,0,1,1,1,186,384750433,138246104,14923473,36435240,1073742937,1,1,0,0,0
526433966,FIELD,192,524,6486288,192,196,1,1,0,0,837653,723677,0,1,1,1,186,385657931,138246104,14923473,36456466,1073744987,0,1,0,0,0
526433967,SELECT,196,525,6486288,196,197,1,0,0,0,837653,768722,0,0,1,1,186,385657932,138246104,14923473,36456466,1073745267,0,1,0,0,0
526521673,PUBLISH,196,525,6488508,196,197,1,0,0,0,837785,768722,0,0,1,1,187,385743418,138246104,14923473,36456918,1073745267,0,1,0,0,0
527436873,FIELD,196,525,6510243,196,197,1,0,0,0,839158,768722,0,0,1,1,187,386636884,138246104,14923473,36478768,1073745267,1,1,0,0,0
528329655,READY,198,526,6530061,196,197,1,0,0,0,840497,768722,0,0,1,1,187,387509848,138246104,14923473,36498787,1073745267,1,1,0,0,0
528435966,FIELD,196,526,6530061,196,197,1,0,0,0,840656,768722,0,0,1,1,187,387509848,138352414,14923473,36498787,1140856179,1,1,0,0,0
529438873,FIELD,196,527,6530061,196,197,1,1,0,0,842161,768722,0,0,1,1,187,387509848,139355321,14923473,36498787,1140856179,1,1,0,0,0
529438874,START,199,528,6530062,197,195,1,0,0,0,842161,768722,0,1,0,1,187,387509848,139355322,14923473,36498787,1140856131,1,1,0,0,0
529438874,SELECT,197,528,6530062,197,195,1,0,0,0,842161,768722,0,1,0,1,187,387509848,139355322,14923473,36498787,1140856131,1,1,0,0,0
529522766,PUBLISH,197,528,6531608,197,195,1,0,0,0,842287,768722,0,1,0,1,188,387592193,139355322,14923473,36504225,1091872067,0,1,0,0,0
530437966,FIELD,197,528,6544024,197,195,1,0,0,0,843659,768722,0,1,0,1,188,388494977,139355322,14923473,36625879,1091872067,0,1,0,0,0
531440873,FIELD,197,529,6558588,197,195,1,1,0,0,845164,768722,0,1,0,1,188,389483320,139355322,14923473,36749635,1091872067,0,1,0,0,0
531440874,SELECT,195,530,6558588,195,198,0,0,0,0,845164,768722,0,1,1,1,188,389483321,139355322,14923473,36749635,1125426435,0,1,0,0,0
531524766,PUBLISH,195,530,6559660,195,198,0,0,0,0,845290,768722,0,1,1,1,189,389566141,139355322,14923473,36758444,1125426435,0,1,0,0,0
531548517,READY,199,530,6559660,195,198,0,0,0,0,845325,768722,0,1,1,1,189,389589892,139355322,14923473,36762489,1125426435,0,1,0,0,0
531548520,START,200,530,6559662,195,199,1,0,0,0,845325,768722,0,1,1,1,189,389589893,139355323,14923473,36762489,1073742409,1,1,0,0,0
532439966,FIELD,195,530,6572488,195,199,1,0,0,0,846662,768722,0,1,1,1,189,390468512,139355323,14923473,36882530,1073742925,0,1,0,0,0
533442873,FIELD,195,531,6586644,195,199,1,0,0,0,848167,768722,0,1,1,1,189,391457263,139355323,14923473,37009290,1073742925,0,1,0,0,0
533660091,READY,200,532,6589220,195,199,1,0,0,0,848493,768722,0,1,1,1,189,391671905,139355323,14923473,37030359,1073742925,0,1,0,0,0
533660093,START,201,532,6589222,195,199,1,0,0,0,848493,768722,0,1,1,1,189,391671906,139355323,14923473,37030359,1073742937,1,1,0,0,0
534441966,FIELD,195,532,6607538,195,199,1,1,0,0,849665,768722,0,1,1,1,189,392435462,139355323,14923473,37047148,1073744987,0,1,0,0,0
534441967,SELECT,199,533,6607538,199,200,1,0,0,0,849665,768722,0,0,0,1,189,392435463,139355323,14923473,37047148,1073745267,0,1,0,0,0
534529673,PUBLISH,199,533,6608624,199,200,1,0,0,0,849797,768722,0,0,0,1,190,392522083,139355323,14923473,37047793,1073745267,0,1,0,0,0
535444873,FIELD,199,533,6630580,199,200,1,0,0,0,851170,768722,0,0,0,1,190,393415327,139355323,14923473,37068537,1073745267,0,1,0,0,0
536443966,FIELD,199,534,6655816,199,200,1,1,0,0,852668,768722,0,0,0,1,190,394389184,139355323,14923473,37088356,1073745267,0,1,0,0,0
536443967,SELECT,200,535,6655816,200,198,1,0,0,0,852668,768722,0,0,1,1,190,394389185,139355323,14923473,37088356,1073745219,0,1,0,0,0
536507072,READY,201,535,6655817,200,198,1,0,0,0,852763,768722,0,0,1,0,191,394452290,139355323,14923473,37088937,1073745219,1,1,0,0,0
536507073,START,202,535,6655818,200,198,1,0,0,0,852763,768722,0,0,1,0,191,394452290,139355323,14923473,37088937,1140856131,1,1,0,0,0
536531673,PUBLISH,200,535,6656156,200,198,1,0,0,0,852800,768722,0,0,1,1,191,394476551,139355323,14923473,37088937,1091872067,0,1,0,0,0
537446873,FIELD,200,535,6668556,200,198,1,0,0,0,854173,768722,0,0,1,1,191,395379351,139355323,14923473,37216889,1091872067,0,1,0,0,0
538445966,FIELD,200,536,6682934,200,198,1,0,0,0,855671,768722,0,0,1,1,191,396364066,139355323,14923473,37349373,1091872067,0,1,0,0,0
538622832,READY,202,537,6684844,200,198,1,0,0,0,855937,768722,0,0,1,1,191,396539022,139355323,14923473,37369618,1091872067,0,1,0,0,0
539448873,FIELD,200,537,6684845,200,198,1,1,0,0,857176,768722,0,0,1,1,191,396539023,140181362,14923473,37369618,1091904835,1,1,0,0,0
539448874,SELECT,198,538,6684845,198,201,0,0,0,0,857176,768722,0,1,0,1,191,396539023,140181363,14923473,37369618,1125459203,1,1,0,0,0
539448875,START,203,538,6684846,198,202,1,0,0,0,857176,768722,0,1,0,1,192,396539023,140181364,14923473,37369618,1073742409,1,0,0,0,0
539532766,PUBLISH,198,538,6686396,198,202,1,0,0,0,857302,768722,0,1,0,1,192,396621363,140181364,14923473,37374071,1073742925,0,1,0,0,0
540447966,FIELD,198,538,6698300,198,202,1,0,0,0,858674,768722,0,1,0,1,192,397524659,140181364,14923473,37507290,1073742925,0,1,0,0,0
541450873,FIELD,198,539,6711760,198,202,1,1,0,0,860179,768722,0,1,0,1,192,398514106,140181364,14923473,37631716,1073742925,0,1,0,0,0
541450874,SELECT,202,540,6711760,202,201,0,0,0,0,860179,768722,0,1,1,1,192,398514107,140181364,14923473,37631716,1073743205,0,1,0,0,0
541534766,PUBLISH,202,540,6712888,202,201,0,0,0,0,860305,768722,0,1,1,1,193,398596871,140181364,14923473,37640354,1073743205,0,1,0,0,0
541558475,READY,203,540,6712888,202,201,0,0,0,0,860340,768722,0,1,1,1,193,398620580,140181364,14923473,37644215,1073743205,0,1,0,0,0
541558637,START,204,540,6713050,202,203,1,0,0,0,860340,768722,0,1,1,1,193,398620581,140181364,14923473,37644215,1073743217,1,1,0,0,0
542449966,FIELD,202,540,6744784,202,203,1,0,0,0,861677,768722,0,1,1,1,193,399480175,140181364,14923473,37674428,1073745267,0,1,0,0,0
543452873,FIELD,202,541,6779390,202,203,1,0,0,0,863182,768722,0,1,1,1,193,400448476,140181364,14923473,37706965,1073745267,0,1,0,0,0
543929811,PTS,18,542,6796425,202,203,1,0,0,0,863897,768722,0,1,1,1,193,400908380,140181364,14923473,37719247,1073745267,1,1,0,0,0
543938759,START,205,542,6796706,202,203,1,0,0,0,863911,768722,0,1,1,1,193,400917047,140181364,14923473,37719463,1073745267,1,1,0,0,0
543938760,READY,204,542,6796706,202,203,1,0,0,0,863911,768722,0,1,1,1,193,400917047,140181364,14923473,37719463,1073745267,1,1,0,0,0
544451966,FIELD,202,542,6796706,202,203,1,1,0,0,864680,768722,0,1,1,1,193,400917047,140694570,14923473,37719463,1140856179,1,1,0,0,0
544451967,SELECT,203,543,6796706,203,201,1,0,0,0,864680,768722,0,0,0,1,193,400917047,140694571,14923473,37719463,1140856131,1,1,0,0,0
544539673,PUBLISH,203,543,6797796,203,201,1,0,0,0,864812,768722,0,0,0,1,194,401003662,140694572,14923473,37724718,1091872067,0,1,0,0,0
545454873,FIELD,203,543,6810248,203,201,1,0,0,0,866185,768722,0,0,0,1,194,401906410,140694572,14923473,37859544,1091872067,0,1,0,0,0
546453966,FIELD,203,544,6824132,203,201,1,1,0,0,867683,768722,0,0,0,1,194,402891619,140694572,14923473,37990876,1091872067,0,1,0,0,0
546453967,SELECT,201,545,6824132,201,204,0,0,0,0,867683,768722,0,0,1,1,194,402891620,140694572,14923473,37990876,1125426435,0,1,0,0,0
546541673,PUBLISH,201,545,6825232,201,204,0,0,0,0,867815,768722,0,0,1,1,195,402978226,140694572,14923473,37997757,1125426435,0,1,0,0,0
546582910,READY,205,545,6825232,201,204,0,0,0,0,867877,768722,0,0,1,1,195,403019463,140694572,14923473,38003150,1125426435,0,1,0,0,0
546582913,START,206,545,6825234,201,205,1,0,1,1,867877,768722,0,0,1,1,195,403019464,140694573,14923473,38003150,1073742409,1,1,0,0,0
547456873,FIELD,201,545,6837368,201,205,1,0,1,1,869188,768722,0,0,1,1,195,403881289,140694573,14923473,38119663,1073742925,0,1,0,0,0
548455966,FIELD,201,546,6850620,201,205,1,0,1,1,870686,768722,0,0,1,1,195,404867130,140694573,14923473,38249489,1073742925,0,1,0,0,0
548692794,READY,206,547,6853152,201,205,1,0,1,1,871042,768722,0,0,1,1,195,405101426,140694573,14923473,38273648,1073742925,0,1,0,0,0
548692796,START,207,547,6853154,201,205,1,0,1,1,871042,768722,0,0,1,1,195,405101427,140694573,14923473,38273648,1073742937,1,1,0,0,0
549458873,FIELD,201,547,6870788,201,205,1,1,1,1,872191,768722,0,0,1,1,195,405849869,140694573,14923473,38289758,1073744987,0,1,0,0,0
549458874,SELECT,205,548,6870788,205,206,1,0,0,0,872191,813767,1,1,0,1,195,405849870,140694573,14923473,38289758,1073745267,0,1,0,0,0
549542766,PUBLISH,205,548,6873304,205,206,1,0,0,0,872317,813767,1,1,0,1,196,405931246,140694573,14923473,38290222,1073745267,0,1,0,0,0
550457966,FIELD,205,548,6894856,205,206,1,0,0,0,873689,813767,1,1,0,1,196,406824894,140694573,14923473,38312480,1073745267,0,1,0,0,0
551460873,FIELD,205,549,6919680,205,206,1,1,0,0,875194,813767,1,1,0,1,196,407802977,140694573,14923473,38331709,1073745267,0,1,0,0,0
551460874,SELECT,206,550,6919680,206,204,1,0,0,0,875194,813767,0,1,1,1,196,407802978,140694573,14923473,38331709,1073745219,0,1,0,0,0
551533854,READY,207,550,6919681,206,204,1,0,0,0,875303,813767,0,1,1,0,197,407875958,140694573,14923473,38332571,1073745219,1,1,0,0,0
551533855,START,208,550,6919682,206,204,1,0,0,0,875303,813767,0,1,1,0,197,407875958,140694573,14923473,38332571,1140856131,1,1,0,0,0
551544766,PUBLISH,206,550,6920124,206,204,1,0,0,0,875320,813767,0,1,1,1,197,407886426,140694573,14923473,38332571,1091872067,0,1,0,0,0
552459966,FIELD,206,550,6933568,206,204,1,0,0,0,876692,813767,0,1,1,1,197,408788182,140694573,14923473,38449959,1091872067,0,1,0,0,0
553462873,FIELD,206,551,6945904,206,204,1,0,0,0,878197,813767,0,1,1,1,197,409778753,140694573,14923473,38583296,1091872067,0,1,0,0,0
553659723,READY,208,552,6948856,206,204,1,0,0,0,878492,813767,0,1,1,1,197,409972651,140694573,14923473,38604910,1091872067,0,1,0,0,0
554461966,FIELD,206,552,6948857,206,204,1,0,0,0,879695,813767,0,1,1,1,197,409972652,141496814,14923473,38604910,1091904835,1,1,0,0,0
555464873,FIELD,206,553,6948857,206,204,1,1,0,0,881200,813767,0,1,1,1,197,409972652,142499721,14923473,38604910,1091904835,1,1,0,0,0
555464874,SELECT,204,554,6948857,204,207,0,0,0,0,881200,768722,0,1,1,1,197,409972652,142499722,14923473,38604910,1125459203,1,1,0,0,0
555464875,START,209,554,6948858,204,208,1,0,0,0,881200,768722,0,1,1,1,198,409972652,142499723,14923473,38604910,1073742409,1,0,0,0,0
555548766,PUBLISH,204,554,6950068,204,208,1,0,0,0,881326,768722,0,1,1,1,198,410055332,142499723,14923473,38609141,1073742925,0,1,0,0,0
556463966,FIELD,204,554,6962912,204,208,1,0,0,0,882698,768722,0,1,1,1,198,410957688,142499723,14923473,38734519,1073742925,0,1,0,0,0
557466873,FIELD,204,555,6974952,204,208,1,0,0,0,884203,768722,0,1,1,1,198,411948555,142499723,14923473,38863295,1073742925,0,1,0,0,0
557558553,READY,209,556,6976192,204,208,1,0,0,0,884340,768722,0,1,1,1,198,412038995,142499723,14923473,38874002,1073742925,0,1,0,0,0
557558555,START,210,556,6976194,204,208,1,0,0,0,884340,768722,0,1,1,1,198,412038996,142499723,14923473,38874002,1073742937,1,1,0,0,0
558465966,FIELD,204,556,6997720,204,208,1,1,0,0,885701,768722,0,1,1,1,198,412924880,142499723,14923473,38893916,1073744987,0,1,0,0,0
558465967,SELECT,208,557,6997720,208,209,1,0,0,0,885701,813767,0,0,1,1,198,412924881,142499723,14923473,38893916,1073745267,0,1,0,0,0
558553673,PUBLISH,208,557,6999648,208,209,1,0,0,0,885833,813767,0,0,1,1,199,413010659,142499723,14923473,38894697,1073745267,0,1,0,0,0
559468873,FIELD,208,557,7020660,208,209,1,0,0,0,887206,813767,0,0,1,1,199,413904847,142499723,14923473,38916937,1073745267,0,1,0,0,0
560434357,READY,210,558,7044153,208,209,1,0,0,0,888654,813767,0,0,1,1,199,414846839,142499723,14923473,38937455,1073745267,1,1,0,0,0
560467966,FIELD,208,558,7044153,208,209,1,0,0,0,888704,813767,0,0,1,1,199,414846839,142533331,14923473,38937455,1140856179,1,1,0,0,0
561470873,FIELD,208,559,7044153,208,209,1,1,0,0,890209,813767,0,0,1,1,199,414846839,143536238,14923473,38937455,1140856179,1,1,0,0,0
561470874,START,211,560,7044154,209,207,1,0,0,0,890209,813767,0,1,0,1,199,414846839,143536239,14923473,38937455,1140856131,1,1,0,0,0
561470874,SELECT,209,560,7044154,209,207,1,0,0,0,890209,813767,0,1,0,1,199,414846839,143536239,14923473,38937455,1140856131,1,1,0,0,0
561554766,PUBLISH,209,560,7045432,209,207,1,0,0,0,890335,813767,0,1,0,1,200,414929452,143536239,14923473,38942761,1091872067,0,1,0,0,0
562469966,FIELD,209,560,7057728,209,207,1,0,0,0,891707,813767,0,1,0,1,200,415832356,143536239,14923473,39066284,1091872067,0,1,0,0,0
563472873,FIELD,209,561,7071456,209,207,1,1,0,0,893212,813767,0,1,0,1,200,416821535,143536239,14923473,39198890,1091872067,0,1,0,0,0
563472874,SELECT,207,562,7071456,207,210,0,0,0,0,893212,813767,0,1,1,1,200,416821536,143536239,14923473,39198890,1125426435,0,1,0,0,0
563556766,PUBLISH,207,562,7072580,207,210,0,0,0,0,893338,813767,0,1,1,1,201,416904304,143536239,14923473,39206072,1125426435,0,1,0,0,0
563633788,READY,211,562,7072580,207,210,0,0,0,0,893453,813767,0,1,1,1,201,416981326,143536239,14923473,39217492,1125426435,0,1,0,0,0
563633791,START,212,562,7072582,207,211,1,0,0,0,893453,813767,0,1,1,1,201,416981327,143536240,14923473,39217492,1073742409,1,1,0,0,0
564471966,FIELD,207,562,7083740,207,211,1,0,0,0,894710,813767,0,1,1,1,201,417808343,143536240,14923473,39322257,1073742925,0,1,0,0,0
565474873,FIELD,207,563,7095876,207,211,1,0,0,0,896215,813767,0,1,1,1,201,418799114,143536240,14923473,39454034,1073742925,0,1,0,0,0
565767882,READY,212,564,7099604,207,211,1,0,0,0,896654,813767,0,1,1,1,201,419088395,143536240,14923473,39483953,1073742925,0,1,0,0,0
565767884,START,213,564,7099606,207,211,1,0,0,0,896654,813767,0,1,1,1,201,419088396,143536240,14923473,39483953,1073742937,1,1,0,0,0
566473966,FIELD,207,564,7116526,207,211,1,1,0,0,897713,813767,0,1,1,1,201,419777557,143536240,14923473,39499432,1073744987,0,1,0,0,0
566473967,SELECT,211,565,7116526,211,212,1,0,0,0,897713,813767,0,0,0,1,201,419777558,143536240,14923473,39499432,1073745267,0,1,0,0,0
566561673,PUBLISH,211,565,7117976,211,212,1,0,0,0,897845,813767,0,0,0,1,202,419863814,143536240,14923473,39500183,1073745267,0,1,0,0,0
567476873,FIELD,211,565,7139664,211,212,1,0,0,0,899218,813767,0,0,0,1,202,420757326,143536240,14923473,39522671,1073745267,0,1,0,0,0
568475966,FIELD,211,566,7164448,211,212,1,1,0,0,900716,813767,0,0,0,1,202,421731635,143536240,14923473,39543843,1073745267,0,1,0,0,0
568475967,SELECT,212,567,7164448,212,210,1,0,0,0,900716,813767,0,0,1,1,202,421731636,143536240,14923473,39543843,1073745219,0,1,0,0,0
568563673,PUBLISH,212,567,7166176,212,210,1,0,0,0,900848,813767,0,0,1,1,203,421817614,143536240,14923473,39544156,1073745219,0,1,0,0,0
568631322,READY,213,567,7166177,212,210,1,0,0,0,900949,813767,0,0,1,1,203,421885263,143536240,14923473,39546340,1073745219,1,1,0,0,0
568631323,START,214,567,7166178,212,210,1,0,0,0,900949,813767,0,0,1,1,203,421885263,143536240,14923473,39546340,1140856131,1,1,0,0,0
569478873,FIELD,212,567,7177716,212,210,1,0,0,0,902221,813767,0,0,1,1,203,422721274,143536240,14923473,39659137,1091872067,0,1,0,0,0
570477967,FIELD,212,568,7189944,212,210,1,0,0,0,903719,813767,0,0,1,1,203,423708140,143536240,14923473,39800658,1091872067,0,1,0,0,0
570725767,READY,214,569,7192956,212,210,1,0,0,0,904091,813767,0,0,1,1,203,423952928,143536240,14923473,39830463,1091872067,0,1,0,0,0
571480873,FIELD,212,569,7192957,212,210,1,1,0,0,905224,813767,0,0,1,1,203,423952929,144291344,14923473,39830463,1091904835,1,1,0,0,0
571480874,SELECT,210,570,7192957,210,213,0,0,0,0,905224,813767,0,1,0,1,203,423952929,144291345,14923473,39830463,1125459203,1,1,0,0,0
571480875,START,215,570,7192958,210,214,1,0,0,0,905224,813767,0,1,0,1,204,423952929,144291346,14923473,39830463,1073742409,1,0,0,0,0
571564766,PUBLISH,210,570,7194184,210,214,1,0,0,0,905350,813767,0,1,0,1,204,424035593,144291346,14923473,39835329,1073742925,0,1,0,0,0
572479967,FIELD,210,570,7206592,210,214,1,0,0,0,906722,813767,0,1,0,1,204,424938386,144291346,14923473,39958022,1073742925,0,1,0,0,0
573482873,FIELD,210,571,7218072,210,214,1,1,0,0,908227,813767,0,1,0,1,204,425929812,144291346,14923473,40090819,1073742925,0,1,0,0,0
573482874,SELECT,214,572,7218072,214,213,0,0,0,0,908227,813767,0,1,1,1,204,425929813,144291346,14923473,40090819,1073743205,0,1,0,0,0
573566766,PUBLISH,214,572,7219200,214,213,0,0,0,0,908353,813767,0,1,1,1,205,426012577,144291346,14923473,40098555,1073743205,0,1,0,0,0
573595275,READY,215,572,7219200,214,213,0,0,0,0,908395,813767,0,1,1,1,205,426041086,144291346,14923473,40102837,1073743205,0,1,0,0,0
573595437,START,216,572,7219362,214,215,1,0,0,0,908396,813767,0,1,1,1,205,426041087,144291346,14923473,40102837,1073743217,1,1,0,0,0
574481967,FIELD,214,572,7253448,214,215,1,0,0,0,909725,813767,0,1,1,1,205,426893530,144291346,14923473,40132654,1073745267,0,1,0,0,0
575484873,FIELD,214,573,7290442,214,215,1,0,0,0,911230,813767,0,1,1,1,205,427859442,144291346,14923473,40162115,1073745267,0,1,0,0,0
576018166,PTS,19,574,7310345,214,215,1,0,0,0,912030,813767,0,1,1,1,205,428372833,144291346,14923473,40175585,1073745267,1,1,0,0,0
576054220,START,217,574,7311758,214,215,1,0,0,0,912084,813767,0,1,1,1,205,428407474,144291346,14923473,40177346,1073745267,1,1,0,0,0
576054221,READY,216,574,7311758,214,215,1,0,0,0,912084,813767,0,1,1,1,205,428407474,144291346,14923473,40177346,1073745267,1,1,0,0,0
576483967,FIELD,214,574,7311758,214,215,1,1,0,0,912728,813767,0,1,1,1,205,428407474,144721092,14923473,40177346,1140856179,1,1,0,0,0
576483968,SELECT,215,575,7311758,215,213,1,0,0,0,912728,813767,0,0,0,1,205,428407474,144721093,14923473,40177346,1140856131,1,1,0,0,0
576571673,PUBLISH,215,575,7313072,215,213,1,0,0,0,912860,813767,0,0,0,1,206,428493864,144721094,14923473,40182166,1091872067,0,1,0,0,0
577486873,FIELD,215,575,7325892,215,213,1,0,0,0,914233,813767,0,0,0,1,206,429396244,144721094,14923473,40303832,1091872067,0,1,0,0,0
578485967,FIELD,215,576,7337484,215,213,1,1,0,0,915731,813767,0,0,0,1,206,430383746,144721094,14923473,40441553,1091872067,0,1,0,0,0
578485968,SELECT,213,577,7337484,213,216,0,0,0,0,915731,813767,0,0,1,1,206,430383747,144721094,14923473,40441553,1125426435,0,1,0,0,0
578573673,PUBLISH,213,577,7339220,213,216,0,0,0,0,915863,813767,0,0,1,1,207,430469716,144721094,14923473,40449724,1125426435,0,1,0,0,0
578677062,READY,217,577,7340504,213,216,0,0,0,0,916018,813767,0,0,1,1,207,430571821,144721094,14923473,40465462,1125426435,0,1,0,0,0
578677065,START,218,577,7340506,213,217,1,0,1,1,916018,813767,0,0,1,1,207,430571822,144721095,14923473,40465462,1073742409,1,1,0,0,0
579488873,FIELD,213,577,7352020,213,217,1,0,1,1,917236,813767,0,0,1,1,207,431372115,144721095,14923473,40560253,1073742925,0,1,0,0,0
580487967,FIELD,213,578,7363824,213,217,1,0,1,1,918734,813767,0,0,1,1,207,432359405,144721095,14923473,40694859,1073742925,0,1,0,0,0
580849613,READY,218,579,7368428,213,217,1,0,1,1,919277,813767,0,0,1,1,207,432716447,144721095,14923473,40738599,1073742925,0,1,0,0,0
580849615,START,219,579,7368430,213,217,1,0,1,1,919277,813767,0,0,1,1,207,432716448,144721095,14923473,40738599,1073742937,1,1,0,0,0
581490873,FIELD,213,579,7384660,213,217,1,1,1,1,920239,813767,0,0,1,1,207,433341475,144721095,14923473,40750629,1073744987,0,1,0,0,0
581490874,SELECT,217,580,7384660,217,218,1,0,0,0,920239,858812,1,1,0,1,207,433341476,144721095,14923473,40750629,1073745267,0,1,0,0,0
581574767,PUBLISH,217,580,7386996,217,218,1,0,0,0,920365,858812,1,1,0,1,208,433423033,144721095,14923473,40751284,1073745267,0,1,0,0,0
582489967,FIELD,217,580,7406588,217,218,1,0,0,0,921737,858812,1,1,0,1,208,434318641,144721095,14923473,40771428,1073745267,0,1,0,0,0
583492873,FIELD,217,581,7431440,217,218,1,1,0,0,923242,858812,1,1,0,1,208,435296695,144721095,14923473,40791263,1073745267,0,1,0,0,0
583492874,SELECT,218,582,7431440,218,216,1,0,0,0,923242,858812,0,1,1,1,208,435296696,144721095,14923473,40791264,1073745219,0,1,0,0,0
583576767,PUBLISH,218,582,7433616,218,216,1,0,0,0,923368,858812,0,1,1,1,209,435378413,144721095,14923473,40792126,1073745219,0,1,0,0,0
583698457,READY,219,582,7435605,218,216,1,0,0,0,923550,858812,0,1,1,1,209,435498115,144721095,14923473,40796328,1073745219,1,1,0,0,0
583698458,START,220,582,7435606,218,216,1,0,0,0,923550,858812,0,1,1,1,209,435498115,144721095,14923473,40796328,1140856131,1,1,0,0,0
584491967,FIELD,218,582,7446924,218,216,1,0,0,0,924740,858812,0,1,1,1,209,436280305,144721095,14923473,40894959,1091872067,0,1,0,0,0
585494873,FIELD,218,583,7458448,218,216,1,0,0,0,926245,858812,0,1,1,1,209,437271687,144721095,14923473,41031854,1091872067,0,1,0,0,0
585797355,READY,220,584,7462460,218,216,1,0,0,0,926699,858812,0,1,1,1,209,437570157,144721095,14923473,41070818,1091872067,0,1,0,0,0
586493967,FIELD,218,584,7462461,218,216,1,0,0,0,927743,858812,0,1,1,1,209,437570158,145417705,14923473,41070818,1091904835,1,1,0,0,0
587496873,FIELD,218,585,7462461,218,216,1,1,0,0,929248,858812,0,1,1,1,209,437570158,146420611,14923473,41070818,1091904835,1,1,0,0,0
587496874,SELECT,216,586,7462461,216,219,0,0,0,0,929248,813767,0,1,1,1,209,437570158,146420612,14923473,41070818,1125459203,1,1,0,0,0
587496875,START,221,586,7462462,216,220,1,0,0,0,929248,813767,0,1,1,1,210,437570158,146420613,14923473,41070818,1073742409,1,0,0,0,0
587580767,PUBLISH,216,586,7463800,216,220,1,0,0,0,929374,813767,0,1,1,1,210,437652711,146420613,14923473,41075708,1073742925,0,1,0,0,0
588495967,FIELD,216,586,7476224,216,220,1,0,0,0,930746,813767,0,1,1,1,210,438555487,146420613,14923473,41194789,1073742925,0,1,0,0,0
589498873,FIELD,216,587,7487740,216,220,1,0,0,0,932251,813767,0,1,1,1,210,439546877,146420613,14923473,41329411,1073742925,0,1,0,0,0
589616317,READY,221,588,7489012,216,220,1,0,0,0,932427,813767,0,1,1,1,210,439663049,146420613,14923473,41340943,1073742925,0,1,0,0,0
589616319,START,222,588,7489014,216,220,1,0,0,0,932427,813767,0,1,1,1,210,439663050,146420613,14923473,41340943,1073742937,1,1,0,0,0
590497967,FIELD,216,588,7510948,216,220,1,1,0,0,933749,813767,0,1,1,1,210,440522763,146420613,14923473,41359443,1073744987,0,1,0,0,0
590497968,SELECT,220,589,7510948,220,221,1,0,0,0,933749,858812,0,0,1,1,210,440522764,146420613,14923473,41359443,1073745267,0,1,0,0,0
590585673,PUBLISH,220,589,7513268,220,221,1,0,0,0,933881,858812,0,0,1,1,211,440608149,146420613,14923473,41359932,1073745267,0,1,0,0,0
591500873,FIELD,220,589,7534276,220,221,1,0,0,0,935254,858812,0,0,1,1,211,441502341,146420613,14923473,41379245,1073745267,0,1,0,0,0
592479640,READY,222,590,7556333,220,221,1,0,0,0,936722,858812,0,0,1,1,211,442459052,146420613,14923473,41400884,1073745267,1,1,0,0,0
592499967,FIELD,220,590,7556333,220,221,1,0,0,0,936752,858812,0,0,1,1,211,442459052,146440939,14923473,41400884,1140856179,1,1,0,0,0
593502873,FIELD,220,591,7556333,220,221,1,1,0,0,938257,858812,0,0,1,1,211,442459052,147443845,14923473,41400884,1140856179,1,1,0,0,0
593502874,START,223,592,7556334,221,219,1,0,0,0,938257,858812,0,1,0,1,211,442459052,147443846,14923473,41400884,1140856131,1,1,0,0,0
593502874,SELECT,221,592,7556334,221,219,1,0,0,0,938257,858812,0,1,0,1,211,442459052,147443846,14923473,41400884,1140856131,1,1,0,0,0
593586767,PUBLISH,221,592,7557652,221,219,1,0,0,0,938383,858812,0,1,0,1,212,442541626,147443846,14923473,41405610,1091872067,0,1,0,0,0
594501967,FIELD,221,592,7570308,221,219,1,0,0,0,939755,858812,0,1,0,1,212,443444170,147443846,14923473,41524782,1091872067,0,1,0,0,0
595504873,FIELD,221,593,7582468,221,219,1,1,0,0,941260,858812,0,1,0,1,212,444434916,147443846,14923473,41664767,1091872067,0,1,0,0,0
595504874,SELECT,219,594,7582468,219,222,0,0,0,0,941260,858812,0,1,1,1,212,444434917,147443846,14923473,41664767,1125426435,0,1,0,0,0
595588767,PUBLISH,219,594,7583124,219,222,0,0,0,0,941386,858812,0,1,1,1,213,444518154,147443846,14923473,41675817,1125426435,0,1,0,0,0
595598808,READY,223,594,7583124,219,222,0,0,0,0,941401,858812,0,1,1,1,213,444528195,147443846,14923473,41677411,1125426435,0,1,0,0,0
595598811,START,224,594,7583126,219,223,1,0,0,0,941401,858812,0,1,1,1,213,444528196,147443847,14923473,41677411,1073742409,1,1,0,0,0
596503967,FIELD,219,594,7596320,219,223,1,0,0,0,942758,858812,0,1,1,1,213,445420157,147443847,14923473,41788642,1073742925,0,1,0,0,0
597506874,FIELD,219,595,7607032,219,223,1,0,0,0,944263,858812,0,1,1,1,213,446412352,147443847,14923473,41918889,1073742925,0,1,0,0,0
597685353,READY,224,596,7609288,219,223,1,0,0,0,944531,858812,0,1,1,1,213,446588575,147443847,14923473,41939770,1073742925,0,1,0,0,0
597685355,START,225,596,7609290,219,223,1,0,0,0,944531,858812,0,1,1,1,213,446588576,147443847,14923473,41939770,1073742937,1,1,0,0,0
598505967,FIELD,219,596,7629334,219,223,1,1,0,0,945761,858812,0,1,1,1,213,447389143,147443847,14923473,41956660,1073744987,0,1,0,0,0
598505968,SELECT,223,597,7629334,223,224,1,0,0,0,945761,858812,0,0,0,1,213,447389144,147443847,14923473,41956660,1073745267,0,1,0,0,0
598593673,PUBLISH,223,597,7630600,223,224,1,0,0,0,945893,858812,0,0,0,1,214,447475583,147443847,14923473,41957328,1073745267,0,1,0,0,0
599508874,FIELD,223,597,7650764,223,224,1,0,0,0,947266,858812,0,0,0,1,214,448370620,147443847,14923473,41978827,1073745267,0,1,0,0,0
600507967,FIELD,223,598,7674016,223,224,1,1,0,0,948764,858812,0,0,0,1,214,449346461,147443847,14923473,42000538,1073745267,0,1,0,0,0
600507968,SELECT,224,599,7674016,224,222,1,0,0,0,948764,858812,0,0,1,1,214,449346462,147443847,14923473,42000538,1073745219,0,1,0,0,0
600512838,READY,225,599,7674017,224,222,1,0,0,0,948772,858812,0,0,1,0,215,449351332,147443847,14923473,42001045,1073745219,1,1,0,0,0
600512839,START,226,599,7674018,224,222,1,0,0,0,948772,858812,0,0,1,0,215,449351332,147443847,14923473,42001045,1140856131,1,1,0,0,0
600595673,PUBLISH,224,599,7675288,224,222,1,0,0,0,948896,858812,0,0,1,1,215,449432895,147443847,14923473,42005961,1091872067,0,1,0,0,0
601510874,FIELD,224,599,7687620,224,222,1,0,0,0,950269,858812,0,0,1,1,215,450335764,147443847,14923473,42128533,1091872067,0,1,0,0,0
602509967,FIELD,224,600,7699904,224,222,1,0,0,0,951767,858812,0,0,1,1,215,451322573,147443847,14923473,42261275,1091872067,0,1,0,0,0
602581976,READY,226,601,7699904,224,222,1,0,0,0,951875,858812,0,0,1,1,215,451394582,147443847,14923473,42269680,1091872067,0,1,0,0,0
603512874,FIELD,224,601,7699905,224,222,1,1,0,0,953272,858812,0,0,1,1,215,451394583,148374743,14923473,42269680,1091904835,1,1,0,0,0
603512875,SELECT,222,602,7699905,222,225,0,0,0,0,953272,858812,0,1,0,1,215,451394583,148374744,14923473,42269680,1125459203,1,1,0,0,0
603512876,START,227,602,7699906,222,226,1,0,0,0,953272,858812,0,1,0,1,216,451394583,148374745,14923473,42269680,1073742409,1,0,0,0,0
603596767,PUBLISH,222,602,7701164,222,226,1,0,0,0,953398,858812,0,1,0,1,216,451477215,148374745,14923473,42273794,1073742925,0,1,0,0,0
604511967,FIELD,222,602,7713304,222,226,1,0,0,0,954770,858812,0,1,0,1,216,452380275,148374745,14923473,42396063,1073742925,0,1,0,0,0
605514874,FIELD,222,603,7725326,222,226,1,1,0,0,956275,858812,0,1,0,1,216,453371160,148374745,14923473,42529862,1073742925,0,1,0,0,0
605514875,SELECT,226,604,7725326,226,225,0,0,0,0,956275,858812,0,1,1,1,216,453371161,148374745,14923473,42529862,1073743205,0,1,0,0,0
605593147,READY,227,604,7725372,226,225,0,0,0,0,956392,858812,0,1,1,0,217,453449387,148374745,14923473,42538217,1073743205,0,1,0,0,0
605593309,START,228,604,7725534,226,227,1,0,0,0,956392,858812,0,1,1,0,217,453449388,148374745,14923473,42538217,1073743217,1,1,0,0,0
605598767,PUBLISH,226,604,7725665,226,227,1,0,0,0,956401,858812,0,1,1,1,217,453454714,148374745,14923473,42538237,1073745267,0,1,0,0,0
606513967,FIELD,226,604,7762820,226,227,1,0,0,0,957773,858812,0,1,1,1,217,454332759,148374745,14923473,42567311,1073745267,0,1,0,0,0
607516874,FIELD,226,605,7803558,226,227,1,0,0,0,959278,858812,0,1,1,1,217,455294928,148374745,14923473,42596617,1073745267,0,1,0,0,0
608136419,PTS,20,606,7828349,226,227,1,0,0,0,960207,858812,0,1,1,1,217,455889683,148374745,14923473,42613281,1073745267,1,1,0,0,0
608150074,START,229,606,7828818,226,227,1,0,0,0,960228,858812,0,1,1,1,217,455902869,148374745,14923473,42613908,1073745267,1,1,0,0,0
608150075,READY,228,606,7828818,226,227,1,0,0,0,960228,858812,0,1,1,1,217,455902869,148374745,14923473,42613908,1073745267,1,1,0,0,0
608515967,FIELD,226,606,7828818,226,227,1,1,0,0,960776,858812,0,1,1,1,217,455902869,148740637,14923473,42613908,1140856179,1,1,0,0,0
608515968,SELECT,227,607,7828818,227,225,1,0,0,0,960776,858812,0,0,0,1,217,455902869,148740638,14923473,42613908,1140856131,1,1,0,0,0
608603674,PUBLISH,227,607,7830148,227,225,1,0,0,0,960908,858812,0,0,0,1,218,455989244,148740639,14923473,42618539,1091872067,0,1,0,0,0
609518874,FIELD,227,607,7844584,227,225,1,0,0,0,962281,858812,0,0,0,1,218,456890008,148740639,14923473,42745664,1091872067,0,1,0,0,0
610517967,FIELD,227,608,7857228,227,225,1,1,0,0,963779,858812,0,0,0,1,218,457876457,148740639,14923473,42901364,1091872067,0,1,0,0,0
610517968,SELECT,225,609,7857228,225,228,0,0,0,0,963779,858812,0,0,1,1,218,457876458,148740639,14923473,42901364,1125426435,0,1,0,0,0
610525368,READY,229,609,7857228,225,228,0,0,0,0,963791,858812,0,0,1,0,219,457883858,148740639,14923473,42902355,1125426435,0,1,0,0,0
610525371,START,230,609,7857230,225,229,1,0,1,1,963791,858812,0,0,1,0,219,457883859,148740640,14923473,42902355,1073742409,1,1,0,0,0
610605674,PUBLISH,225,609,7858424,225,229,1,0,1,1,963911,858812,0,0,1,1,219,457962967,148740640,14923473,42906780,1073742925,0,1,0,0,0
611520874,FIELD,225,609,7872420,225,229,1,0,1,1,965284,858812,0,0,1,1,219,458864171,148740640,14923473,43035364,1073742925,0,1,0,0,0
612455913,READY,230,610,7884428,225,229,1,0,1,1,966686,858812,0,0,1,1,219,459787202,148740640,14923473,43177340,1073742925,0,1,0,0,0
612455915,START,231,610,7884430,225,229,1,0,1,1,966686,858812,0,0,1,1,219,459787203,148740640,14923473,43177340,1073742937,1,1,0,0,0
612519967,FIELD,225,610,7886996,225,229,1,0,1,1,966782,858812,0,0,1,1,219,459848688,148740640,14923473,43178434,1073744987,0,1,0,0,0
613522874,FIELD,225,611,7910829,225,229,1,1,1,1,968287,858812,0,0,1,1,219,460827763,148740640,14923473,43198789,1073744987,1,1,0,0,0
613522875,SELECT,229,612,7910830,229,230,1,0,0,0,968287,903857,1,1,0,1,219,460827763,148740640,14923473,43198789,1073745267,1,1,0,0,0
613606767,PUBLISH,229,612,7912508,229,230,1,0,0,0,968413,903857,1,1,0,1,220,460909976,148740640,14923473,43199737,1073745267,0,1,0,0,0
614521967,FIELD,229,612,7932830,229,230,1,0,0,0,969785,903857,1,1,0,1,220,461804855,148740640,14923473,43220178,1073745267,1,1,0,0,0
615189047,READY,231,613,7948817,229,230,1,0,0,0,970786,903857,1,1,0,1,220,462455948,148740640,14923473,43234982,1073745267,1,1,0,0,0
615524874,FIELD,229,613,7948817,229,230,1,1,0,0,971290,903857,1,1,0,1,220,462455948,149076466,14923473,43234982,1140856179,1,1,0,0,0
615524875,START,232,614,7948818,230,228,1,0,0,0,971290,903857,0,1,1,1,220,462455948,149076467,14923473,43234982,1140856131,1,1,0,0,0
615524875,SELECT,230,614,7948818,230,228,1,0,0,0,971290,903857,0,1,1,1,220,462455948,149076467,14923473,43234982,1140856131,1,1,0,0,0
615608767,PUBLISH,230,614,7950036,230,228,1,0,0,0,971416,903857,0,1,1,1,221,462538621,149076467,14923473,43239560,1091872067,0,1,0,0,0
616523967,FIELD,230,614,7963548,230,228,1,0,0,0,972788,903857,0,1,1,1,221,463440309,149076467,14923473,43373453,1091872067,0,1,0,0,0
617406312,READY,232,615,7974572,230,228,1,0,0,0,974112,903857,0,1,1,1,221,464311630,149076467,14923473,43508066,1091872067,0,1,0,0,0
617526874,FIELD,230,615,7974573,230,228,1,0,0,0,974293,903857,0,1,1,1,221,464311631,149197027,14923473,43508066,1091904835,1,1,0,0,0
618525967,FIELD,230,616,7974573,230,228,1,0,0,0,975791,903857,0,1,1,1,221,464311631,150196120,14923473,43508066,1091904835,1,1,0,0,0
619528874,FIELD,230,617,7974573,230,228,1,1,0,0,977296,903857,0,1,1,1,221,464311631,151199027,14923473,43508066,1091904835,1,1,0,0,0
619528875,SELECT,228,618,7974573,228,231,0,0,0,0,977296,858812,0,1,1,1,221,464311631,151199028,14923473,43508066,1125459203,1,1,0,0,0
619528876,START,233,618,7974574,228,232,1,0,0,0,977296,858812,0,1,1,1,222,464311631,151199029,14923473,43508066,1073742409,1,0,0,0,0
619612767,PUBLISH,228,618,7975900,228,232,1,0,0,0,977422,858812,0,1,1,1,222,464394195,151199029,14923473,43511618,1073742925,0,1,0,0,0
620527967,FIELD,228,618,7989740,228,232,1,0,0,0,978794,858812,0,1,1,1,222,465295555,151199029,14923473,43645669,1073742925,0,1,0,0,0
621416912,READY,233,619,8000608,228,232,1,0,0,0,980128,858812,0,1,1,1,222,466173632,151199029,14923473,43778015,1073742925,0,1,0,0,0
621416914,START,234,619,8000610,228,232,1,0,0,0,980128,858812,0,1,1,1,222,466173633,151199029,14923473,43778015,1073742937,1,1,0,0,0
621530874,FIELD,228,619,8003592,228,232,1,0,0,0,980299,858812,0,1,1,1,222,466284610,151199029,14923473,43780184,1073744987,0,1,0,0,0
622529967,FIELD,228,620,8028716,228,232,1,1,0,0,981797,858812,0,1,1,1,222,467258579,151199029,14923473,43799704,1073744987,0,1,0,0,0
622529968,SELECT,232,621,8028716,232,233,1,0,0,0,981797,903857,0,0,1,1,222,467258580,151199029,14923473,43799704,1073745267,0,1,0,0,0
622617674,PUBLISH,232,621,8030084,232,233,1,0,0,0,981929,903857,0,0,1,1,223,467344918,151199029,14923473,43800555,1073745267,0,1,0,0,0
623532874,FIELD,232,621,8049996,232,233,1,0,0,0,983302,903857,0,0,1,1,223,468240206,151199029,14923473,43822629,1073745267,0,1,0,0,0
624206106,READY,234,622,8065701,232,233,1,0,0,0,984312,903857,0,0,1,1,223,468897734,151199029,14923473,43839005,1073745267,1,1,0,0,0
624531967,FIELD,232,622,8065701,232,233,1,0,0,0,984800,903857,0,0,1,1,223,468897734,151524889,14923473,43839005,1140856179,1,1,0,0,0
625534874,FIELD,232,623,8065701,232,233,1,1,0,0,986305,903857,0,0,1,1,223,468897734,152527796,14923473,43839005,1140856179,1,1,0,0,0
625534875,START,235,624,8065702,233,231,1,0,0,0,986305,903857,0,1,0,1,223,468897734,152527797,14923473,43839005,1140856131,1,1,0,0,0
625534875,SELECT,233,624,8065702,233,231,1,0,0,0,986305,903857,0,1,0,1,223,468897734,152527797,14923473,43839005,1140856131,1,1,0,0,0
625618767,PUBLISH,233,624,8067120,233,231,1,0,0,0,986431,903857,0,1,0,1,224,468980207,152527797,14923473,43842870,1091872067,0,1,0,0,0
626533967,FIELD,233,624,8080480,233,231,1,0,0,0,987803,903857,0,1,0,1,224,469882047,152527797,14923473,43969708,1091872067,0,1,0,0,0
627455848,READY,235,625,8091492,233,231,1,0,0,0,989186,903857,0,1,0,1,224,470792916,152527797,14923473,44103886,1091872067,0,1,0,0,0
627536874,FIELD,233,625,8091493,233,231,1,1,0,0,989308,903857,0,1,0,1,224,470792917,152608821,14923473,44103886,1091904835,1,1,0,0,0
627536875,SELECT,231,626,8091493,231,234,0,0,0,0,989308,903857,0,1,1,1,224,470792917,152608822,14923473,44103886,1125459203,1,1,0,0,0
627536876,START,236,626,8091494,231,235,1,0,0,0,989308,903857,0,1,1,1,225,470792917,152608823,14923473,44103886,1073742409,1,0,0,0,0
627620767,PUBLISH,231,626,8092824,231,235,1,0,0,0,989434,903857,0,1,1,1,225,470875477,152608823,14923473,44107297,1073742925,0,1,0,0,0
628535967,FIELD,231,626,8105884,231,235,1,0,0,0,990806,903857,0,1,1,1,225,471777617,152608823,14923473,44234269,1073742925,0,1,0,0,0
629439620,READY,236,627,8117096,231,235,1,0,0,0,992162,903857,0,1,1,1,225,472670058,152608823,14923473,44366941,1073742925,0,1,0,0,0
629439622,START,237,627,8117098,231,235,1,0,0,0,992162,903857,0,1,1,1,225,472670059,152608823,14923473,44366941,1073742937,1,1,0,0,0
629538874,FIELD,231,627,8120008,231,235,1,0,0,0,992311,903857,0,1,1,1,225,472766400,152608823,14923473,44369143,1073744987,0,1,0,0,0
630537967,FIELD,231,628,8145112,231,235,1,1,0,0,993809,903857,0,1,1,1,225,473740389,152608823,14923473,44390543,1073744987,0,1,0,0,0
630537968,SELECT,235,629,8145112,235,236,1,0,0,0,993809,903857,0,0,0,1,225,473740390,152608823,14923473,44390543,1073745267,0,1,0,0,0
630625674,PUBLISH,235,629,8147440,235,236,1,0,0,0,993941,903857,0,0,0,1,226,473825768,152608823,14923473,44391426,1073745267,0,1,0,0,0
631540874,FIELD,235,629,8166492,235,236,1,0,0,0,995314,903857,0,0,0,1,226,474721916,152608823,14923473,44412309,1073745267,0,1,0,0,0
632128794,READY,237,630,8178885,235,236,1,0,0,0,996196,903857,0,0,0,1,226,475297444,152608823,14923473,44425364,1073745267,1,1,0,0,0
632539967,FIELD,235,630,8178885,235,236,1,1,0,0,996812,903857,0,0,0,1,226,475297444,153019995,14923473,44425364,1140856179,1,1,0,0,0
632539968,START,238,631,8178886,236,234,1,0,0,0,996812,903857,0,0,1,1,226,475297444,153019996,14923473,44425364,1140856131,1,1,0,0,0
632539968,SELECT,236,631,8178886,236,234,1,0,0,0,996812,903857,0,0,1,1,226,475297444,153019996,14923473,44425364,1140856131,1,1,0,0,0
632627674,PUBLISH,236,631,8180168,236,234,1,0,0,0,996944,903857,0,0,1,1,227,475383867,153019996,14923473,44429604,1091872067,0,1,0,0,0
633542874,FIELD,236,631,8195156,236,234,1,0,0,0,998317,903857,0,0,1,1,227,476284079,153019996,14923473,44561671,1091872067,0,1,0,0,0
634428953,READY,238,632,8205288,236,234,1,0,0,0,999646,903857,0,0,1,1,227,477160026,153019996,14923473,44695004,1091872067,0,1,0,0,0
634541967,FIELD,236,632,8205289,236,234,1,0,0,0,999815,903857,0,0,1,1,227,477160027,153133008,14923473,44695004,1091904835,1,1,0,0,0
635544874,FIELD,236,633,8205289,236,234,1,1,0,0,1001320,903857,0,0,1,1,227,477160027,154135915,14923473,44695004,1091904835,1,1,0,0,0
635544875,SELECT,234,634,8205289,234,237,0,0,0,0,1001320,903857,0,1,0,1,227,477160027,154135916,14923473,44695004,1125459203,1,1,0,0,0
635544876,START,239,634,8205290,234,238,1,0,0,0,1001320,903857,0,1,0,1,228,477160027,154135917,14923473,44695004,1073742409,1,0,0,0,0
635628767,PUBLISH,234,634,8206544,234,238,1,0,0,0,1001446,903857,0,1,0,1,228,477242663,154135917,14923473,44698258,1073742925,0,1,0,0,0
636543967,FIELD,234,634,8220488,234,238,1,0,0,0,1002818,903857,0,1,0,1,228,478143919,154135917,14923473,44827687,1073742925,0,1,0,0,0
637413992,READY,239,635,8231016,234,238,1,0,0,0,1004123,903857,0,1,0,1,228,479003416,154135917,14923473,44952431,1073742925,0,1,0,0,0
637414154,START,240,635,8231178,234,238,1,0,0,0,1004124,903857,0,1,0,1,228,479003417,154135917,14923473,44952431,1073742937,1,1,0,0,0
637546874,FIELD,234,635,8234658,234,238,1,1,0,0,1004323,903857,0,1,0,1,228,479132656,154135917,14923473,44957746,1073744987,0,1,0,0,0
637546875,SELECT,238,636,8234658,238,239,1,0,0,0,1004323,903857,0,1,1,1,228,479132657,154135917,14923473,44957746,1073745267,0,1,0,0,0
637630767,PUBLISH,238,636,8237393,238,239,1,0,0,0,1004449,903857,0,1,1,1,229,479213814,154135917,14923473,44958205,1073745267,0,1,0,0,0
638545967,FIELD,238,636,8276489,238,239,1,0,0,0,1005821,903857,0,1,1,1,229,480089918,154135917,14923473,44985281,1073745267,0,1,0,0,0
639548874,FIELD,238,637,8316719,238,239,1,0,0,0,1007326,903857,0,1,1,1,229,481052595,154135917,14923473,45013660,1073745267,0,1,0,0,0
639907125,PTS,21,638,8330143,238,239,1,0,0,0,1007863,903857,0,1,1,1,229,481397423,154135917,14923473,45023088,1073745267,1,1,0,0,0
639944672,START,241,638,8331498,238,239,1,0,0,0,1007920,903857,0,1,1,1,229,481433615,154135917,14923473,45024335,1073745267,1,1,0,0,0
639944673,READY,240,638,8331498,238,239,1,0,0,0,1007920,903857,0,1,1,1,229,481433615,154135917,14923473,45024335,1073745267,1,1,0,0,0
640547967,FIELD,238,638,8331498,238,239,1,1,0,0,1008824,903857,0,1,1,1,229,481433615,154739211,14923473,45024335,1140856179,1,1,0,0,0
640547968,SELECT,239,639,8331498,239,237,1,0,0,0,1008824,903857,0,0,0,1,229,481433615,154739212,14923473,45024335,1140856131,1,1,0,0,0
640635674,PUBLISH,239,639,8333112,239,237,1,0,0,0,1008956,903857,0,0,0,1,230,481519706,154739213,14923473,45028213,1091872067,0,1,0,0,0
641550874,FIELD,239,639,8348616,239,237,1,0,0,0,1010329,903857,0,0,0,1,230,482419402,154739213,14923473,45144707,1091872067,0,1,0,0,0
642516413,READY,241,640,8360240,239,237,1,0,0,0,1011777,903857,0,0,0,1,230,483373317,154739213,14923473,45282464,1091872067,0,1,0,0,0
642549967,FIELD,239,640,8360241,239,237,1,1,0,0,1011827,903857,0,0,0,1,230,483373318,154772765,14923473,45282464,1091904835,1,1,0,0,0
642549968,SELECT,237,641,8360241,237,240,0,0,0,0,1011827,903857,0,0,1,1,230,483373318,154772766,14923473,45282464,1125459203,1,1,0,0,0
642549969,START,242,641,8360242,237,241,1,0,1,1,1011827,903857,0,0,1,1,231,483373318,154772767,14923473,45282464,1073742409,1,0,0,0,0
642637674,PUBLISH,237,641,8361968,237,241,1,0,1,1,1011959,903857,0,0,1,1,231,483459296,154772767,14923473,45285514,1073742925,0,1,0,0,0
643552874,FIELD,237,641,8377376,237,241,1,0,1,1,1013332,903857,0,0,1,1,231,484359088,154772767,14923473,45401486,1073742925,0,1,0,0,0
644456888,READY,242,642,8388196,237,241,1,0,1,1,1014688,903857,0,0,1,1,231,485252282,154772767,14923473,45523542,1073742925,0,1,0,0,0
644456890,START,243,642,8388198,237,241,1,0,1,1,1014688,903857,0,0,1,1,231,485252283,154772767,14923473,45523542,1073742937,1,1,0,0,0
644551967,FIELD,237,642,8391500,237,241,1,0,1,1,1014830,903857,0,0,1,1,231,485344057,154772767,14923473,45525564,1073744987,0,1,0,0,0
645554874,FIELD,237,643,8417876,237,241,1,1,1,1,1016335,903857,0,0,1,1,231,486320588,154772767,14923473,45546563,1073744987,0,1,0,0,0
645554875,SELECT,241,644,8417876,241,242,1,0,0,0,1016335,948902,1,1,0,1,231,486320589,154772767,14923473,45546563,1073745267,0,1,0,0,0
645638767,PUBLISH,241,644,8420324,241,242,1,0,0,0,1016461,948902,1,1,0,1,232,486402033,154772767,14923473,45546935,1073745267,0,1,0,0,0
646553967,FIELD,241,644,8439808,241,242,1,0,0,0,1017833,948902,1,1,0,1,232,487297750,154772767,14923473,45567821,1073745267,1,1,0,0,0
647074986,READY,243,645,8450909,241,242,1,0,0,0,1018615,948902,1,1,0,1,232,487807668,154772767,14923473,45580393,1073745267,1,1,0,0,0
647556874,FIELD,241,645,8450909,241,242,1,1,0,0,1019338,948902,1,1,0,1,232,487807668,155254654,14923473,45580393,1140856179,1,1,0,0,0
647556875,START,244,646,8450910,242,240,1,0,0,0,1019338,948902,0,1,1,1,232,487807668,155254655,14923473,45580393,1140856131,1,1,0,0,0
647556875,SELECT,242,646,8450910,242,240,1,0,0,0,1019338,948902,0,1,1,1,232,487807668,155254655,14923473,45580393,1140856131,1,1,0,0,0
647640767,PUBLISH,242,646,8452552,242,240,1,0,0,0,1019464,948902,0,1,1,1,233,487889917,155254655,14923473,45583697,1091872067,0,1,0,0,0
648555967,FIELD,242,646,8467672,242,240,1,0,0,0,1020836,948902,0,1,1,1,233,488789997,155254655,14923473,45702098,1091872067,0,1,0,0,0
649372520,READY,244,647,8477664,242,240,1,0,0,0,1022061,948902,0,1,1,1,233,489596558,155254655,14923473,45815330,1091872067,0,1,0,0,0
649558874,FIELD,242,647,8477665,242,240,1,0,0,0,1022341,948902,0,1,1,1,233,489596559,155441007,14923473,45815330,1091904835,1,1,0,0,0
650557967,FIELD,242,648,8477665,242,240,1,0,0,0,1023839,948902,0,1,1,1,233,489596559,156440100,14923473,45815330,1091904835,1,1,0,0,0
651560874,FIELD,242,649,8477665,242,240,1,1,0,0,1025344,948902,0,1,1,1,233,489596559,157443007,14923473,45815330,1091904835,1,1,0,0,0
651560875,SELECT,240,650,8477665,240,243,0,0,0,0,1025344,903857,0,1,1,1,233,489596559,157443008,14923473,45815330,1125459203,1,1,0,0,0
651560876,START,245,650,8477666,240,244,1,0,0,0,1025344,903857,0,1,1,1,234,489596559,157443009,14923473,45815330,1073742409,1,0,0,0,0
651644767,PUBLISH,240,650,8479216,240,244,1,0,0,0,1025470,903857,0,1,1,1,234,489678899,157443009,14923473,45818183,1073742925,0,1,0,0,0
652559967,FIELD,240,650,8494336,240,244,1,0,0,0,1026842,903857,0,1,1,1,234,490578979,157443009,14923473,45940527,1073742925,0,1,0,0,0
653362463,READY,245,651,8504140,240,244,1,0,0,0,1028046,903857,0,1,1,1,234,491371671,157443009,14923473,46047888,1073742925,0,1,0,0,0
653362465,START,246,651,8504142,240,244,1,0,0,0,1028046,903857,0,1,1,1,234,491371672,157443009,14923473,46047888,1073742937,1,1,0,0,0
653562874,FIELD,240,651,8509656,240,244,1,0,0,0,1028347,903857,0,1,1,1,234,491566566,157443009,14923473,46051756,1073744987,0,1,0,0,0
654561968,FIELD,240,652,8536208,240,244,1,1,0,0,1029845,903857,0,1,1,1,234,492539108,157443009,14923473,46072537,1073744987,0,1,0,0,0
654561969,SELECT,244,653,8536208,244,245,1,0,0,0,1029845,948902,0,0,1,1,234,492539109,157443009,14923473,46072537,1073745267,0,1,0,0,0
654649674,PUBLISH,244,653,8538772,244,245,1,0,0,0,1029977,948902,0,0,1,1,235,492624250,157443009,14923473,46072939,1073745267,0,1,0,0,0
655564874,FIELD,244,653,8558752,244,245,1,0,0,0,1031350,948902,0,0,1,1,235,493519470,157443009,14923473,46094116,1073745267,0,1,0,0,0
656013369,READY,246,654,8567529,244,245,1,0,0,0,1032023,948902,0,0,1,1,235,493959189,157443009,14923473,46104887,1073745267,1,1,0,0,0
656563968,FIELD,244,654,8567529,244,245,1,0,0,0,1032848,948902,0,0,1,1,235,493959189,157993607,14923473,46104887,1140856179,1,1,0,0,0
657566874,FIELD,244,655,8567529,244,245,1,1,0,0,1034353,948902,0,0,1,1,235,493959189,158996513,14923473,46104887,1140856179,1,1,0,0,0
657566875,START,247,656,8567530,245,243,1,0,0,0,1034353,948902,0,1,0,1,235,493959189,158996514,14923473,46104887,1140856131,1,1,0,0,0
657566875,SELECT,245,656,8567530,245,243,1,0,0,0,1034353,948902,0,1,0,1,235,493959189,158996514,14923473,46104887,1140856131,1,1,0,0,0
657650767,PUBLISH,245,656,8569416,245,243,1,0,0,0,1034479,948902,0,1,0,1,236,494041194,158996514,14923473,46108170,1091872067,0,1,0,0,0
658565968,FIELD,245,656,8584732,245,243,1,0,0,0,1035851,948902,0,1,0,1,236,494941079,158996514,14923473,46219841,1091872067,0,1,0,0,0
659407056,READY,247,657,8594156,245,243,1,0,0,0,1037113,948902,0,1,0,1,236,495772743,158996514,14923473,46331504,1091872067,0,1,0,0,0
659568874,FIELD,245,657,8594157,245,243,1,1,0,0,1037356,948902,0,1,0,1,236,495772744,159158330,14923473,46331504,1091904835,1,1,0,0,0
659568875,SELECT,243,658,8594157,243,246,0,0,0,0,1037356,948902,0,1,1,1,236,495772744,159158331,14923473,46331504,1125459203,1,1,0,0,0
659568876,START,248,658,8594158,243,247,1,0,0,0,1037356,948902,0,1,1,1,237,495772744,159158332,14923473,46331504,1073742409,1,0,0,0,0
659652767,PUBLISH,243,658,8595816,243,247,1,0,0,0,1037482,948902,0,1,1,1,237,495854976,159158332,14923473,46334541,1073742925,0,1,0,0,0
660567968,FIELD,243,658,8610876,243,247,1,0,0,0,1038854,948902,0,1,1,1,237,496755117,159158332,14923473,46451781,1073742925,0,1,0,0,0
661385680,READY,248,659,8620736,243,247,1,0,0,0,1040081,948902,0,1,1,1,237,497562969,159158332,14923473,46551566,1073742925,0,1,0,0,0
661385682,START,249,659,8620738,243,247,1,0,0,0,1040081,948902,0,1,1,1,237,497562970,159158332,14923473,46551566,1073742937,1,1,0,0,0
661570874,FIELD,243,659,8626032,243,247,1,0,0,0,1040359,948902,0,1,1,1,237,497742867,159158332,14923473,46554980,1073744987,0,1,0,0,0
662569968,FIELD,243,660,8651056,243,247,1,1,0,0,1041857,948902,0,1,1,1,237,498716937,159158332,14923473,46577156,1073744987,0,1,0,0,0
662569969,SELECT,247,661,8651056,247,248,1,0,0,0,1041857,948902,0,0,0,1,237,498716938,159158332,14923473,46577156,1073745267,0,1,0,0,0
662657674,PUBLISH,247,661,8653584,247,248,1,0,0,0,1041989,948902,0,0,0,1,238,498802115,159158332,14923473,46577610,1073745267,0,1,0,0,0
663572874,FIELD,247,661,8673760,247,248,1,0,0,0,1043362,948902,0,0,0,1,238,499697139,159158332,14923473,46596692,1073745267,0,1,0,0,0
663996317,READY,249,662,8681093,247,248,1,0,0,0,1043997,948902,0,0,0,1,238,500113250,159158332,14923473,46606410,1073745267,1,1,0,0,0
664571968,FIELD,247,662,8681093,247,248,1,1,0,0,1044860,948902,0,0,0,1,238,500113250,159733982,14923473,46606410,1140856179,1,1,0,0,0
664571969,START,250,663,8681094,248,246,1,0,0,0,1044860,948902,0,0,1,1,238,500113250,159733983,14923473,46606410,1140856131,1,1,0,0,0
664571969,SELECT,248,663,8681094,248,246,1,0,0,0,1044860,948902,0,0,1,1,238,500113250,159733983,14923473,46606410,1140856131,1,1,0,0,0
664659674,PUBLISH,248,663,8682856,248,246,1,0,0,0,1044992,948902,0,0,1,1,239,500199192,159733983,14923473,46608827,1091872067,0,1,0,0,0
665574874,FIELD,248,663,8697660,248,246,1,0,0,0,1046365,948902,0,0,1,1,239,501099588,159733983,14923473,46725152,1091872067,0,1,0,0,0
666374937,READY,250,664,8707100,248,246,1,0,0,0,1047565,948902,0,0,1,1,239,501890211,159733983,14923473,46829732,1091872067,0,1,0,0,0
666573968,FIELD,248,664,8707101,248,246,1,0,0,0,1047863,948902,0,0,1,1,239,501890212,159933012,14923473,46829732,1091904835,1,1,0,0,0
667576874,FIELD,248,665,8707101,248,246,1,1,0,0,1049368,948902,0,0,1,1,239,501890212,160935918,14923473,46829732,1091904835,1,1,0,0,0
667576875,SELECT,246,666,8707101,246,249,0,0,0,0,1049368,948902,0,1,0,1,239,501890212,160935919,14923473,46829732,1125459203,1,1,0,0,0
667576876,START,251,666,8707102,246,250,1,0,0,0,1049368,948902,0,1,0,1,240,501890212,160935920,14923473,46829732,1073742409,1,0,0,0,0
667660768,PUBLISH,246,666,8708852,246,250,1,0,0,0,1049494,948902,0,1,0,1,240,501972353,160935920,14923473,46831859,1073742925,0,1,0,0,0
668575968,FIELD,246,666,8723676,246,250,1,0,0,0,1050866,948902,0,1,0,1,240,502872729,160935920,14923473,46941483,1073742925,0,1,0,0,0
669379865,READY,251,667,8733344,246,250,1,0,0,0,1052072,948902,0,1,0,1,240,503666958,160935920,14923473,47041055,1073742925,0,1,0,0,0
669380027,START,252,667,8733506,246,250,1,0,0,0,1052073,948902,0,1,0,1,240,503666959,160935920,14923473,47041055,1073742937,1,1,0,0,0
669578874,FIELD,246,667,8739670,246,250,1,1,0,0,1052371,948902,0,1,0,1,240,503859641,160935920,14923473,47047796,1073744987,0,1,0,0,0
669578875,SELECT,250,668,8739670,250,251,1,0,0,0,1052371,948902,0,1,1,1,240,503859642,160935920,14923473,47047796,1073745267,0,1,0,0,0
669662768,PUBLISH,250,668,8742491,250,251,1,0,0,0,1052497,948902,0,1,1,1,241,503940714,160935920,14923473,47048246,1073745267,0,1,0,0,0
670577968,FIELD,250,668,8780277,250,251,1,0,0,0,1053869,948902,0,1,1,1,241,504818128,160935920,14923473,47076079,1073745267,0,1,0,0,0
671580874,FIELD,250,669,8819932,250,251,1,0,0,0,1055374,948902,0,1,1,1,241,505781379,160935920,14923473,47105069,1073745267,0,1,0,0,0
671817180,PTS,22,670,8827871,250,251,1,0,0,0,1055728,948902,0,1,1,1,241,506009747,160935920,14923473,47111011,1073745267,1,1,0,0,0
671873086,START,253,670,8829686,250,251,1,0,0,0,1055812,948902,0,1,1,1,241,506063838,160935920,14923473,47112840,1073745267,1,1,0,0,0
671873087,READY,252,670,8829686,250,251,1,0,0,0,1055812,948902,0,1,1,1,241,506063838,160935920,14923473,47112840,1073745267,1,1,0,0,0
672579968,FIELD,250,670,8829686,250,251,1,1,0,0,1056872,948902,0,1,1,1,241,506063838,161642801,14923473,47112840,1140856179,1,1,0,0,0
672579969,SELECT,251,671,8829686,251,249,1,0,0,0,1056872,948902,0,0,0,1,241,506063838,161642802,14923473,47112840,1140856131,1,1,0,0,0
672667674,PUBLISH,251,671,8831460,251,249,1,0,0,0,1057004,948902,0,0,0,1,242,506149768,161642803,14923473,47115383,1091872067,0,1,0,0,0
673582874,FIELD,251,671,8846808,251,249,1,0,0,0,1058377,948902,0,0,0,1,242,507049620,161642803,14923473,47217857,1091872067,0,1,0,0,0
674462745,READY,253,672,8858360,251,249,1,0,0,0,1059697,948902,0,0,0,1,242,507917939,161642803,14923473,47322049,1091872067,0,1,0,0,0
674581968,FIELD,251,672,8858361,251,249,1,1,0,0,1059875,948902,0,0,0,1,242,507917940,161762024,14923473,47322049,1091904835,1,1,0,0,0
674581969,SELECT,249,673,8858361,249,252,0,0,0,0,1059875,948902,0,0,1,1,242,507917940,161762025,14923473,47322049,1125459203,1,1,0,0,0
674581970,START,254,673,8858362,249,253,1,0,1,1,1059875,948902,0,0,1,1,243,507917940,161762026,14923473,47322049,1073742409,1,0,0,0,0
674669674,PUBLISH,249,673,8859964,249,253,1,0,1,1,1060007,948902,0,0,1,1,243,508004041,161762026,14923473,47324674,1073742925,0,1,0,0,0
675584874,FIELD,249,673,8875904,249,253,1,0,1,1,1061380,948902,0,0,1,1,243,508903301,161762026,14923473,47432651,1073742925,0,1,0,0,0
676386232,READY,254,674,8886460,249,253,1,0,1,1,1062582,948902,0,0,1,1,243,509694103,161762026,14923473,47527522,1073742925,0,1,0,0,0
676386234,START,255,674,8886462,249,253,1,0,1,1,1062582,948902,0,0,1,1,243,509694104,161762026,14923473,47527522,1073742937,1,1,0,0,0
676583968,FIELD,249,674,8892004,249,253,1,0,1,1,1062878,948902,0,0,1,1,243,509886295,161762026,14923473,47531530,1073744987,0,1,0,0,0
677586874,FIELD,249,675,8918352,249,253,1,1,1,1,1064383,948902,0,0,1,1,243,510862853,161762026,14923473,47552768,1073744987,0,1,0,0,0
677586875,SELECT,253,676,8918352,253,254,1,0,0,0,1064383,993947,1,1,0,1,243,510862854,161762026,14923473,47552768,1073745267,0,1,0,0,0
677670768,PUBLISH,253,676,8920416,253,254,1,0,0,0,1064509,993947,1,1,0,1,244,510944683,161762026,14923473,47553619,1073745267,0,1,0,0,0
678585968,FIELD,253,676,8943380,253,254,1,0,0,0,1065881,993947,1,1,0,1,244,511836919,161762026,14923473,47575878,1073745267,0,1,0,0,0
678987299,READY,255,677,8949789,253,254,1,0,0,0,1066483,993947,1,1,0,1,244,512231842,161762026,14923473,47585488,1073745267,1,1,0,0,0
679588874,FIELD,253,677,8949789,253,254,1,1,0,0,1067386,993947,1,1,0,1,244,512231842,162363600,14923473,47585488,1140856179,1,1,0,0,0
679588875,START,256,678,8949790,254,252,1,0,0,0,1067386,993947,0,1,1,1,244,512231842,162363601,14923473,47585488,1140856131,1,1,0,0,0
679588875,SELECT,254,678,8949790,254,252,1,0,0,0,1067386,993947,0,1,1,1,244,512231842,162363601,14923473,47585488,1140856131,1,1,0,0,0
679672768,PUBLISH,254,678,8951876,254,252,1,0,0,0,1067512,993947,0,1,1,1,245,512313648,162363601,14923473,47588330,1091872067,0,1,0,0,0
680587968,FIELD,254,678,8967992,254,252,1,0,0,0,1068884,993947,0,1,1,1,245,513212732,162363601,14923473,47698629,1091872067,0,1,0,0,0
681304667,READY,256,679,8977256,254,252,1,0,0,0,1069959,993947,0,1,1,1,245,513920167,162363601,14923473,47781659,1091872067,0,1,0,0,0
681590875,FIELD,254,679,8977257,254,252,1,0,0,0,1070389,993947,0,1,1,1,245,513920168,162649807,14923473,47781659,1091904835,1,1,0,0,0
682589968,FIELD,254,680,8977257,254,252,1,0,0,0,1071887,993947,0,1,1,1,245,513920168,163648900,14923473,47781659,1091904835,1,1,0,0,0
683592875,FIELD,254,681,8977257,254,252,1,1,0,0,1073392,993947,0,1,1,1,245,513920168,164651807,14923473,47781659,1091904835,1,1,0,0,0
683592876,SELECT,252,682,8977257,252,255,0,0,0,0,1073392,948902,0,1,1,1,245,513920168,164651808,14923473,47781659,1125459203,1,1,0,0,0
683592877,START,257,682,8977258,252,256,1,0,0,0,1073392,948902,0,1,1,1,246,513920168,164651809,14923473,47781659,1073742409,1,0,0,0,0
683676768,PUBLISH,252,682,8978840,252,256,1,0,0,0,1073518,948902,0,1,1,1,246,514002477,164651809,14923473,47783976,1073742925,1,1,0,0,0
684591968,FIELD,252,682,8994896,252,256,1,0,0,0,1074890,948902,0,1,1,1,246,514901620,164651809,14923473,47893375,1073742925,0,1,0,0,0
685293547,READY,257,683,9004024,252,256,1,0,0,0,1075943,948902,0,1,1,1,246,515594071,164651809,14923473,47977282,1073742925,0,1,0,0,0
685293549,START,258,683,9004026,252,256,1,0,0,0,1075943,948902,0,1,1,1,246,515594072,164651809,14923473,47977282,1073742937,1,1,0,0,0
685594875,FIELD,252,683,9012036,252,256,1,0,0,0,1076395,948902,0,1,1,1,246,515887387,164651809,14923473,47983266,1073744987,0,1,0,0,0
686593968,FIELD,252,684,9039378,252,256,1,1,0,0,1077893,948902,0,1,1,1,246,516859138,164651809,14923473,48003672,1073744987,0,1,0,0,0
686593969,SELECT,256,685,9039378,256,257,1,0,0,0,1077893,993947,0,0,1,1,246,516859139,164651809,14923473,48003672,1073745267,0,1,0,0,0
686681674,PUBLISH,256,685,9041042,256,257,1,0,0,0,1078025,993947,0,0,1,1,247,516945180,164651809,14923473,48004071,1073745267,0,1,0,0,0
687596875,FIELD,256,685,9062552,256,257,1,0,0,0,1079398,993947,0,0,1,1,247,517838871,164651809,14923473,48026139,1073745267,0,1,0,0,0
687884258,READY,258,686,9067153,256,257,1,0,0,0,1079829,993947,0,0,1,1,247,518121654,164651809,14923473,48033409,1073745267,1,1,0,0,0
688595968,FIELD,256,686,9067153,256,257,1,0,0,0,1080896,993947,0,0,1,1,247,518121654,165363518,14923473,48033409,1140856179,1,1,0,0,0
689598875,FIELD,256,687,9067153,256,257,1,1,0,0,1082401,993947,0,0,1,1,247,518121654,166366425,14923473,48033409,1140856179,1,1,0,0,0
689598876,START,259,688,9067154,257,255,1,0,0,0,1082401,993947,0,1,0,1,247,518121654,166366426,14923473,48033409,1140856131,1,1,0,0,0
689598876,SELECT,257,688,9067154,257,255,1,0,0,0,1082401,993947,0,1,0,1,247,518121654,166366426,14923473,48033409,1140856131,1,1,0,0,0
689682768,PUBLISH,257,688,9068892,257,255,1,0,0,0,1082527,993947,0,1,0,1,248,518203807,166366426,14923473,48035260,1091872067,0,1,0,0,0
690597968,FIELD,257,688,9085712,257,255,1,0,0,0,1083899,993947,0,1,0,1,248,519102187,166366426,14923473,48136879,1091872067,0,1,0,0,0
691349273,READY,259,689,9095128,257,255,1,0,0,0,1085026,993947,0,1,0,1,248,519844076,166366426,14923473,48220085,1091872067,0,1,0,0,0
691600875,FIELD,257,689,9095129,257,255,1,1,0,0,1085404,993947,0,1,0,1,248,519844077,166618026,14923473,48220085,1091904835,1,1,0,0,0
691600876,SELECT,255,690,9095129,255,258,0,0,0,0,1085404,993947,0,1,1,1,248,519844077,166618027,14923473,48220085,1125459203,1,1,0,0,0
691600877,START,260,690,9095130,255,259,1,0,0,0,1085404,993947,0,1,1,1,249,519844077,166618028,14923473,48220085,1073742409,1,0,0,0,0
691684768,PUBLISH,255,690,9096620,255,259,1,0,0,0,1085530,993947,0,1,1,1,249,519926477,166618028,14923473,48222129,1073742925,0,1,0,0,0
692599968,FIELD,255,690,9112440,255,259,1,0,0,0,1086902,993947,0,1,1,1,249,520825857,166618028,14923473,48326635,1073742925,0,1,0,0,0
693303895,READY,260,691,9122096,255,259,1,0,0,0,1087958,993947,0,1,1,1,249,521520128,166618028,14923473,48404492,1073742925,0,1,0,0,0
693303897,START,261,691,9122098,255,259,1,0,0,0,1087958,993947,0,1,1,1,249,521520129,166618028,14923473,48404492,1073742937,1,1,0,0,0
693602875,FIELD,255,691,9130524,255,259,1,0,0,0,1088407,993947,0,1,1,1,249,521810680,166618028,14923473,48410505,1073744987,0,1,0,0,0
694601968,FIELD,255,692,9157244,255,259,1,1,0,0,1089905,993947,0,1,1,1,249,522783053,166618028,14923473,48431167,1073744987,0,1,0,0,0
694601969,SELECT,259,693,9157244,259,260,1,0,0,0,1089905,993947,0,0,0,1,249,522783054,166618028,14923473,48431167,1073745267,0,1,0,0,0
694689675,PUBLISH,259,693,9159900,259,260,1,0,0,0,1090037,993947,0,0,0,1,250,522868104,166618028,14923473,48431661,1073745267,0,1,0,0,0
695604875,FIELD,259,693,9181156,259,260,1,0,0,0,1091410,993947,0,0,0,1,250,523762048,166618028,14923473,48452064,1073745267,0,1,0,0,0
695935645,READY,261,694,9187121,259,260,1,0,0,0,1091906,993947,0,0,0,1,250,524086854,166618028,14923473,48460473,1073745267,1,1,0,0,0
696603968,FIELD,259,694,9187121,259,260,1,1,0,0,1092908,993947,0,0,0,1,250,524086854,167286350,14923473,48460473,1140856179,1,1,0,0,0
696603969,START,262,695,9187122,260,258,1,0,0,0,1092908,993947,0,0,1,1,250,524086854,167286351,14923473,48460473,1140856131,1,1,0,0,0
696603969,SELECT,260,695,9187122,260,258,1,0,0,0,1092908,993947,0,0,1,1,250,524086854,167286351,14923473,48460473,1140856131,1,1,0,0,0
696691675,PUBLISH,260,695,9189092,260,258,1,0,0,0,1093040,993947,0,0,1,1,251,524172589,167286351,14923473,48462436,1091872067,0,1,0,0,0
697606875,FIELD,260,695,9204520,260,258,1,0,0,0,1094413,993947,0,0,1,1,251,525072361,167286351,14923473,48564178,1091872067,0,1,0,0,0
698310937,READY,262,696,9213540,260,258,1,0,0,0,1095469,993947,0,0,1,1,251,525767403,167286351,14923473,48636610,1091872067,0,1,0,0,0
698605968,FIELD,260,696,9213541,260,258,1,0,0,0,1095911,993947,0,0,1,1,251,525767404,167581380,14923473,48636610,1091904835,1,1,0,0,0
699608875,FIELD,260,697,9213541,260,258,1,1,0,0,1097416,993947,0,0,1,1,251,525767404,168584287,14923473,48636610,1091904835,1,1,0,0,0
699608876,SELECT,258,698,9213541,258,261,0,0,0,0,1097416,993947,0,1,0,1,251,525767404,168584288,14923473,48636610,1125459203,1,1,0,0,0
699608877,START,263,698,9213542,258,262,1,0,0,0,1097416,993947,0,1,0,1,252,525767404,168584289,14923473,48636610,1073742409,1,0,0,0,0
699692768,PUBLISH,258,698,9215468,258,262,1,0,0,0,1097542,993947,0,1,0,1,252,525849368,168584289,14923473,48638980,1073742925,0,1,0,0,0
700607968,FIELD,258,698,9230896,258,262,1,0,0,0,1098914,993947,0,1,0,1,252,526749140,168584289,14923473,48739179,1073742925,0,1,0,0,0
701269984,READY,263,699,9239864,258,262,1,0,0,0,1099907,993947,0,1,0,1,252,527402188,168584289,14923473,48809723,1073742925,0,1,0,0,0
701270146,START,264,699,9240026,258,262,1,0,0,0,1099908,993947,0,1,0,1,252,527402189,168584289,14923473,48809723,1073742937,1,1,0,0,0
701610875,FIELD,258,699,9250063,258,262,1,1,0,0,1100419,993947,0,1,0,1,252,527732880,168584289,14923473,48823554,1073744987,0,1,0,0,0
701610876,SELECT,262,700,9250063,262,263,1,0,0,0,1100419,993947,0,1,1,1,252,527732881,168584289,14923473,48823554,1073745267,0,1,0,0,0
701694768,PUBLISH,262,700,9253238,262,263,1,0,0,0,1100545,993947,0,1,1,1,253,527813598,168584289,14923473,48824220,1073745267,0,1,0,0,0
702609968,FIELD,262,700,9289763,262,263,1,0,0,0,1101917,993947,0,1,1,1,253,528692273,168584289,14923473,48852020,1073745267,0,1,0,0,0
703612875,FIELD,262,701,9323518,262,263,1,0,0,0,1103422,993947,0,1,1,1,253,529661425,168584289,14923473,48881620,1073745267,0,1,0,0,0
703615444,PTS,23,702,9323593,262,263,1,0,0,0,1103426,993947,0,1,1,1,253,529663920,168584289,14923473,48881636,1073745267,1,1,0,0,0
703663467,START,265,702,9325046,262,263,1,0,0,0,1103498,993947,0,1,1,1,253,529710490,168584289,14923473,48881727,1073745267,1,1,0,0,0
703663468,READY,264,702,9325046,262,263,1,0,0,0,1103498,993947,0,1,1,1,253,529710490,168584289,14923473,48881727,1073745267,1,1,0,0,0
704611968,FIELD,262,702,9325046,262,263,1,1,0,0,1104920,993947,0,1,1,1,253,529710490,169532789,14923473,48881727,1140856179,1,1,0,0,0
704611969,SELECT,263,703,9325046,263,261,1,0,0,0,1104920,993947,0,0,0,1,253,529710490,169532790,14923473,48881727,1140856131,1,1,0,0,0
704699675,PUBLISH,263,703,9326720,263,261,1,0,0,0,1105052,993947,0,0,0,1,254,529796521,169532791,14923473,48883120,1091872067,0,1,0,0,0
705614875,FIELD,263,703,9342932,263,261,1,0,0,0,1106425,993947,0,0,0,1,254,530695509,169532791,14923473,48978354,1091872067,0,1,0,0,0
706368025,READY,265,704,9352976,263,261,1,0,0,0,1107555,993947,0,0,0,1,254,531438615,169532791,14923473,49053623,1091872067,0,1,0,0,0
706613968,FIELD,263,704,9352977,263,261,1,1,0,0,1107923,993947,0,0,0,1,254,531438616,169778732,14923473,49053623,1091904835,1,1,0,0,0
706613969,SELECT,261,705,9352977,261,264,0,0,0,0,1107923,993947,0,0,1,1,254,531438616,169778733,14923473,49053623,1125459203,1,1,0,0,0
706613970,START,266,705,9352978,261,265,1,0,1,1,1107923,993947,0,0,1,1,255,531438616,169778734,14923473,49053623,1073742409,1,0,0,0,0
706701675,PUBLISH,261,705,9354500,261,265,1,0,1,1,1108055,993947,0,0,1,1,255,531524798,169778734,14923473,49055544,1073742925,0,1,0,0,0
707616875,FIELD,261,705,9370940,261,265,1,0,1,1,1109428,993947,0,0,1,1,255,532423558,169778734,14923473,49153282,1073742925,0,1,0,0,0
708249880,READY,266,706,9379516,261,265,1,0,1,1,1110377,993947,0,0,1,1,255,533047987,169778734,14923473,49216138,1073742925,0,1,0,0,0
708249882,START,267,706,9379518,261,265,1,0,1,1,1110377,993947,0,0,1,1,255,533047988,169778734,14923473,49216138,1073742937,1,1,0,0,0
708615968,FIELD,261,706,9388820,261,265,1,0,1,1,1110926,993947,0,0,1,1,255,533404771,169778734,14923473,49224206,1073744987,0,1,0,0,0
709618875,FIELD,261,707,9417292,261,265,1,1,1,1,1112431,993947,0,0,1,1,255,534379206,169778734,14923473,49246649,1073744987,0,1,0,0,0
709618876,SELECT,265,708,9417292,265,266,1,0,0,0,1112431,1038992,1,1,0,1,255,534379207,169778734,14923473,49246649,1073745267,0,1,0,0,0
709702768,PUBLISH,265,708,9419644,265,266,1,0,0,0,1112557,1038992,1,1,0,1,0,534460747,169778734,14923473,49247034,1073745267,0,1,0,0,0
710617968,FIELD,265,708,9439884,265,266,1,0,0,0,1113929,1038992,1,1,0,1,0,535355707,169778734,14923473,49269089,1073745267,0,1,0,0,0
710700514,READY,267,709,9440793,265,266,1,0,0,0,1114053,1038992,1,1,0,1,0,535437345,169778734,14923473,49270027,1073745267,1,1,0,0,0
711620875,FIELD,265,709,9440793,265,266,1,1,0,0,1115434,1038992,1,1,0,1,0,535437345,170699094,14923473,49270027,1140856179,1,1,0,0,0
711620876,START,268,710,9440794,266,264,1,0,0,0,1115434,1038992,0,1,1,1,0,535437345,170699095,14923473,49270027,1140856131,1,1,0,0,0
711620876,SELECT,266,710,9440794,266,264,1,0,0,0,1115434,1038992,0,1,1,1,0,535437345,170699095,14923473,49270027,1140856131,1,1,0,0,0
711704768,PUBLISH,266,710,9442700,266,264,1,0,0,0,1115560,1038992,0,1,1,1,1,535519330,170699095,14923473,49272279,1091872067,0,1,0,0,0
712619968,FIELD,266,710,9458824,266,264,1,0,0,0,1116932,1038992,0,1,1,1,1,536418406,170699095,14923473,49369408,1091872067,0,1,0,0,0
713264067,READY,268,711,9467876,266,264,1,0,0,0,1117899,1038992,0,1,1,1,1,537053453,170699095,14923473,49431465,1091872067,0,1,0,0,0
713622875,FIELD,266,711,9467877,266,264,1,0,0,0,1118437,1038992,0,1,1,1,1,537053454,171057901,14923473,49431465,1091904835,1,1,0,0,0
714621968,FIELD,266,712,9467877,266,264,1,0,0,0,1119935,1038992,0,1,1,1,1,537053454,172056994,14923473,49431465,1091904835,1,1,0,0,0
715624875,FIELD,266,713,9467877,266,264,1,1,0,0,1121440,1038992,0,1,1,1,1,537053454,173059901,14923473,49431465,1091904835,1,1,0,0,0
715624876,SELECT,264,714,9467877,264,267,0,0,0,0,1121440,993947,0,1,1,1,1,537053454,173059902,14923473,49431465,1125459203,1,1,0,0,0
715624877,START,269,714,9467878,264,268,1,0,0,0,1121440,993947,0,1,1,1,2,537053454,173059903,14923473,49431465,1073742409,1,0,0,0,0
715708768,PUBLISH,264,714,9469452,264,268,1,0,0,0,1121566,993947,0,1,1,1,2,537135770,173059903,14923473,49433425,1073742925,0,1,0,0,0
716623968,FIELD,264,714,9485316,264,268,1,0,0,0,1122938,993947,0,1,1,1,2,538035106,173059903,14923473,49526344,1073742925,0,1,0,0,0
717293776,READY,269,715,9495104,264,268,1,0,0,0,1123943,993947,0,1,1,1,2,538695126,173059903,14923473,49590439,1073742925,0,1,0,0,0
717293778,START,270,715,9495106,264,268,1,0,0,0,1123943,993947,0,1,1,1,2,538695127,173059903,14923473,49590439,1073742937,1,1,0,0,0
717626875,FIELD,264,715,9504732,264,268,1,0,0,0,1124443,993947,0,1,1,1,2,539018597,173059903,14923473,49597793,1073744987,0,1,0,0,0
718625968,FIELD,264,716,9531316,264,268,1,1,0,0,1125941,993947,0,1,1,1,2,539991106,173059903,14923473,49619863,1073744987,0,1,0,0,0
718625969,SELECT,268,717,9531316,268,269,1,0,0,0,1125941,1038992,0,0,1,1,2,539991107,173059903,14923473,49619863,1073745267,0,1,0,0,0
718713675,PUBLISH,268,717,9534224,268,269,1,0,0,0,1126073,1038992,0,0,1,1,3,540075905,173059903,14923473,49620244,1073745267,0,1,0,0,0
719628875,FIELD,268,717,9556168,268,269,1,0,0,0,1127446,1038992,0,0,1,1,3,540969161,173059903,14923473,49641085,1073745267,0,1,0,0,0
719876488,READY,270,718,9560309,268,269,1,0,0,0,1127817,1038992,0,0,1,1,3,541212634,173059903,14923473,49647659,1073745267,1,1,0,0,0
720627968,FIELD,268,718,9560309,268,269,1,0,0,0,1128944,1038992,0,0,1,1,3,541212634,173811382,14923473,49647659,1140856179,1,1,0,0,0
721630875,FIELD,268,719,9560309,268,269,1,1,0,0,1130449,1038992,0,0,1,1,3,541212634,174814289,14923473,49647659,1140856179,1,1,0,0,0
721630876,START,271,720,9560310,269,267,1,0,0,0,1130449,1038992,0,1,0,1,3,541212634,174814290,14923473,49647659,1140856131,1,1,0,0,0
721630876,SELECT,269,720,9560310,269,267,1,0,0,0,1130449,1038992,0,1,0,1,3,541212634,174814290,14923473,49647659,1140856131,1,1,0,0,0
721714768,PUBLISH,269,720,9561888,269,267,1,0,0,0,1130575,1038992,0,1,0,1,4,541294947,174814290,14923473,49649219,1091872067,0,1,0,0,0
722629968,FIELD,269,720,9578012,269,267,1,0,0,0,1131947,1038992,0,1,0,1,4,542194023,174814290,14923473,49740311,1091872067,0,1,0,0,0
723366681,READY,271,721,9588540,269,267,1,0,0,0,1133053,1038992,0,1,0,1,4,542920208,174814290,14923473,49809534,1091872067,0,1,0,0,0
723632875,FIELD,269,721,9588541,269,267,1,1,0,0,1133452,1038992,0,1,0,1,4,542920209,175080482,14923473,49809534,1091904835,1,1,0,0,0
723632876,SELECT,267,722,9588541,267,270,0,0,0,0,1133452,1038992,0,1,1,1,4,542920209,175080483,14923473,49809534,1125459203,1,1,0,0,0
723632877,START,272,722,9588542,267,271,1,0,0,0,1133452,1038992,0,1,1,1,5,542920209,175080484,14923473,49809534,1073742409,1,0,0,0,0
723716768,PUBLISH,267,722,9590200,267,271,1,0,0,0,1133578,1038992,0,1,1,1,5,543002441,175080484,14923473,49810977,1073742925,0,1,0,0,0
724631968,FIELD,267,722,9606332,267,271,1,0,0,0,1134950,1038992,0,1,1,1,5,543901509,175080484,14923473,49897649,1073742925,0,1,0,0,0
725390467,READY,272,723,9616960,267,271,1,0,0,0,1136088,1038992,0,1,1,1,5,544649380,175080484,14923473,49966960,1073742925,0,1,0,0,0
725390469,START,273,723,9616962,267,271,1,0,0,0,1136088,1038992,0,1,1,1,5,544649381,175080484,14923473,49966960,1073742937,1,1,0,0,0
725634875,FIELD,267,723,9624480,267,271,1,0,0,0,1136455,1038992,0,1,1,1,5,544886268,175080484,14923473,49971752,1073744987,0,1,0,0,0
726633968,FIELD,267,724,9650572,267,271,1,1,0,0,1137953,1038992,0,1,1,1,5,545859269,175080484,14923473,49993535,1073744987,0,1,0,0,0
726633969,SELECT,271,725,9650572,271,272,1,0,0,0,1137953,1038992,0,0,0,1,5,545859270,175080484,14923473,49993535,1073745267,0,1,0,0,0
726721675,PUBLISH,271,725,9653560,271,272,1,0,0,0,1138085,1038992,0,0,0,1,6,545943988,175080484,14923473,49994063,1073745267,0,1,0,0,0
727636875,FIELD,271,725,9677260,271,272,1,0,0,0,1139458,1038992,0,0,0,1,6,546835488,175080484,14923473,50014131,1073745267,0,1,0,0,0
728018558,READY,273,726,9683857,271,272,1,0,0,0,1140030,1038992,0,0,0,1,6,547210575,175080484,14923473,50022956,1073745267,1,1,0,0,0
728635968,FIELD,271,726,9683857,271,272,1,1,0,0,1140956,1038992,0,0,0,1,6,547210575,175697893,14923473,50022956,1140856179,1,1,0,0,0
728635969,START,274,727,9683858,272,270,1,0,0,0,1140956,1038992,0,0,1,1,6,547210575,175697894,14923473,50022956,1140856131,1,1,0,0,0
728635969,SELECT,272,727,9683858,272,270,1,0,0,0,1140956,1038992,0,0,1,1,6,547210575,175697894,14923473,50022956,1140856131,1,1,0,0,0
728723675,PUBLISH,272,727,9685752,272,270,1,0,0,0,1141088,1038992,0,0,1,1,7,547296386,175697894,14923473,50024712,1091872067,0,1,0,0,0
729638875,FIELD,272,727,9701496,272,270,1,0,0,0,1142461,1038992,0,0,1,1,7,548195842,175697894,14923473,50118633,1091872067,0,1,0,0,0
730451433,READY,274,728,9713812,272,270,1,0,0,0,1143680,1038992,0,0,1,1,7,548996084,175697894,14923473,50191806,1091872067,0,1,0,0,0
730637968,FIELD,272,728,9713813,272,270,1,0,0,0,1143959,1038992,0,0,1,1,7,548996085,175884427,14923473,50191806,1091904835,1,1,0,0,0
731640875,FIELD,272,729,9713813,272,270,1,1,0,0,1145464,1038992,0,0,1,1,7,548996085,176887334,14923473,50191806,1091904835,1,1,0,0,0
731640876,SELECT,270,730,9713813,270,273,0,0,0,0,1145464,1038992,0,1,0,1,7,548996085,176887335,14923473,50191806,1125459203,1,1,0,0,0
731640877,START,275,730,9713814,270,274,1,0,0,0,1145464,1038992,0,1,0,1,8,548996085,176887336,14923473,50191806,1073742409,1,0,0,0,0
731724768,PUBLISH,270,730,9715696,270,274,1,0,0,0,1145590,1038992,0,1,0,1,8,549078093,176887336,14923473,50193619,1073742925,0,1,0,0,0
732639968,FIELD,270,730,9731364,270,274,1,0,0,0,1146962,1038992,0,1,0,1,8,549977625,176887336,14923473,50279042,1073742925,0,1,0,0,0
733456848,READY,275,731,9743696,270,274,1,0,0,0,1148188,1038992,0,1,0,1,8,550782173,176887336,14923473,50352717,1073742925,0,1,0,0,0
733457010,START,276,731,9743858,270,274,1,0,0,0,1148188,1038992,0,1,0,1,8,550782174,176887336,14923473,50352717,1073742937,1,1,0,0,0
733642875,FIELD,270,731,9749041,270,274,1,1,0,0,1148467,1038992,0,1,0,1,8,550962855,176887336,14923473,50360523,1073744987,0,1,0,0,0
733642876,SELECT,274,732,9749041,274,275,1,0,0,0,1148467,1038992,0,1,1,1,8,550962856,176887336,14923473,50360523,1073745267,0,1,0,0,0
733726768,PUBLISH,274,732,9751545,274,275,1,0,0,0,1148593,1038992,0,1,1,1,9,551044244,176887336,14923473,50361221,1073745267,0,1,0,0,0
734641968,FIELD,274,732,9785947,274,275,1,0,0,0,1149965,1038992,0,1,1,1,9,551925042,176887336,14923473,50390053,1073745267,0,1,0,0,0
735644875,FIELD,274,733,9822826,274,275,1,0,0,0,1151470,1038992,0,1,1,1,9,552891070,176887336,14923473,50419855,1073745267,0,1,0,0,0
735795811,PTS,24,734,9827411,274,275,1,0,0,0,1151696,1038992,0,1,1,1,9,553037422,176887336,14923473,50422785,1073745267,1,1,0,0,0
735850702,START,277,734,9828978,274,275,1,0,0,0,1151779,1038992,0,1,1,1,9,553090746,176887336,14923473,50424744,1073745267,1,1,0,0,0
735850703,READY,276,734,9828978,274,275,1,0,0,0,1151779,1038992,0,1,1,1,9,553090746,176887336,14923473,50424744,1073745267,1,1,0,0,0
736643969,FIELD,274,734,9828978,274,275,1,1,0,0,1152968,1038992,0,1,1,1,9,553090746,177680602,14923473,50424744,1140856179,1,1,0,0,0
736643970,SELECT,275,735,9828978,275,273,1,0,0,0,1152968,1038992,0,0,0,1,9,553090746,177680603,14923473,50424744,1140856131,1,1,0,0,0
736731675,PUBLISH,275,735,9830704,275,273,1,0,0,0,1153100,1038992,0,0,0,1,10,553176724,177680604,14923473,50425731,1091872067,0,1,0,0,0
737646875,FIELD,275,735,9846460,275,273,1,0,0,0,1154473,1038992,0,0,0,1,10,554076168,177680604,14923473,50523621,1091872067,0,1,0,0,0
738364375,READY,277,736,9856724,275,273,1,0,0,0,1155549,1038992,0,0,0,1,10,554783404,177680604,14923473,50598096,1091872067,0,1,0,0,0
738645969,FIELD,275,736,9856725,275,273,1,1,0,0,1155971,1038992,0,0,0,1,10,554783405,177962196,14923473,50598096,1091904835,1,1,0,0,0
738645970,SELECT,273,737,9856725,273,276,0,0,0,0,1155971,1038992,0,0,1,1,10,554783405,177962197,14923473,50598096,1125459203,1,1,0,0,0
738645971,START,278,737,9856726,273,277,1,0,1,1,1155971,1038992,0,0,1,1,11,554783405,177962198,14923473,50598096,1073742409,1,0,0,0,0
738733675,PUBLISH,273,737,9859221,273,277,1,0,1,1,1156103,1038992,0,0,1,1,11,554868614,177962198,14923473,50600292,1073742925,1,1,0,0,0
739648875,FIELD,273,737,9874576,273,277,1,0,1,1,1157476,1038992,0,0,1,1,11,555768458,177962198,14923473,50699349,1073742925,0,1,0,0,0
740285778,READY,278,738,9882944,273,277,1,0,1,1,1158431,1038992,0,0,1,1,11,556396993,177962198,14923473,50767383,1073742925,0,1,0,0,0
740285780,START,279,738,9882946,273,277,1,0,1,1,1158431,1038992,0,0,1,1,11,556396994,177962198,14923473,50767383,1073742937,1,1,0,0,0
740647969,FIELD,273,738,9891656,273,277,1,0,1,1,1158974,1038992,0,0,1,1,11,556750472,177962198,14923473,50775709,1073744987,0,1,0,0,0
741650875,FIELD,273,739,9919836,273,277,1,1,1,1,1160479,1038992,0,0,1,1,11,557725198,177962198,14923473,50796836,1073744987,0,1,0,0,0
741650876,SELECT,277,740,9919836,277,278,1,0,0,0,1160479,1084037,1,1,0,1,11,557725199,177962198,14923473,50796836,1073745267,0,1,0,0,0
741734768,PUBLISH,277,740,9922644,277,278,1,0,0,0,1160605,1084037,1,1,0,1,12,557806283,177962198,14923473,50797463,1073745267,0,1,0,0,0
742649969,FIELD,277,740,9942988,277,278,1,0,0,0,1161977,1084037,1,1,0,1,12,558701140,177962198,14923473,50818209,1073745267,0,1,0,0,0
742803482,READY,279,741,9945897,277,278,1,0,0,0,1162208,1084037,1,1,0,1,12,558851745,177962198,14923473,50822426,1073745267,1,1,0,0,0
743652875,FIELD,277,741,9945897,277,278,1,1,0,0,1163482,1084037,1,1,0,1,12,558851745,178811590,14923473,50822426,1140856179,1,1,0,0,0
743652876,START,280,742,9945898,278,276,1,0,0,0,1163482,1084037,0,1,1,1,12,558851745,178811591,14923473,50822426,1140856131,1,1,0,0,0
743652876,SELECT,278,742,9945898,278,276,1,0,0,0,1163482,1084037,0,1,1,1,12,558851745,178811591,14923473,50822426,1140856131,1,1,0,0,0
743736768,PUBLISH,278,742,9947972,278,276,1,0,0,0,1163608,1084037,0,1,1,1,13,558933562,178811591,14923473,50823925,1091872067,0,1,0,0,0
744651969,FIELD,278,742,9964416,278,276,1,0,0,0,1164980,1084037,0,1,1,1,13,559832319,178811591,14923473,50921519,1091872067,0,1,0,0,0
745302712,READY,280,743,9972796,278,276,1,0,0,0,1165957,1084037,0,1,1,1,13,560474682,178811591,14923473,50990404,1091872067,0,1,0,0,0
745654875,FIELD,278,743,9972797,278,276,1,0,0,0,1166485,1084037,0,1,1,1,13,560474683,179163752,14923473,50990404,1091904835,1,1,0,0,0
746653969,FIELD,278,744,9972797,278,276,1,0,0,0,1167983,1084037,0,1,1,1,13,560474683,180162846,14923473,50990404,1091904835,1,1,0,0,0
747656875,FIELD,278,745,9972797,278,276,1,1,0,0,1169488,1084037,0,1,1,1,13,560474683,181165752,14923473,50990404,1091904835,1,1,0,0,0
747656876,SELECT,276,746,9972797,276,279,0,0,0,0,1169488,1038992,0,1,1,1,13,560474683,181165753,14923473,50990404,1125459203,1,1,0,0,0
747656877,START,281,746,9972798,276,280,1,0,0,0,1169488,1038992,0,1,1,1,14,560474683,181165754,14923473,50990404,1073742409,1,0,0,0,0
747740769,PUBLISH,276,746,9974516,276,280,1,0,0,0,1169614,1038992,0,1,1,1,14,560556856,181165754,14923473,50991953,1073742925,0,1,0,0,0
748655969,FIELD,276,746,9989844,276,280,1,0,0,0,1170986,1038992,0,1,1,1,14,561456728,181165754,14923473,51088521,1073742925,0,1,0,0,0
749365133,READY,281,747,10000352,276,280,1,0,0,0,1172050,1038992,0,1,1,1,14,562155384,181165754,14923473,51159835,1073742925,0,1,0,0,0
749365135,START,282,747,10000354,276,280,1,0,0,0,1172050,1038992,0,1,1,1,14,562155385,181165754,14923473,51159835,1073742937,1,1,0,0,0
749658875,FIELD,276,747,10008016,276,280,1,0,0,0,1172491,1038992,0,1,1,1,14,562441462,181165754,14923473,51166812,1073744987,0,1,0,0,0
750657969,FIELD,276,748,10035348,276,280,1,1,0,0,1173989,1038992,0,1,1,1,14,563413224,181165754,14923473,51190612,1073744987,0,1,0,0,0
750657970,SELECT,280,749,10035348,280,281,1,0,0,0,1173989,1084037,0,0,1,1,14,563413225,181165754,14923473,51190612,1073745267,0,1,0,0,0
750745675,PUBLISH,280,749,10038410,280,281,1,0,0,0,1174121,1084037,0,0,1,1,15,563497868,181165754,14923473,51191324,1073745267,0,1,0,0,0
751660875,FIELD,280,749,10060880,280,281,1,0,0,0,1175494,1084037,0,0,1,1,15,564390598,181165754,14923473,51213097,1073745267,0,1,0,0,0
751952697,READY,282,750,10065873,280,281,1,0,0,0,1175932,1084037,0,0,1,1,15,564677428,181165754,14923473,51219636,1073745267,1,1,0,0,0
752659969,FIELD,280,750,10065873,280,281,1,0,0,0,1176992,1084037,0,0,1,1,15,564677428,181873025,14923473,51219636,1140856179,1,1,0,0,0
753662875,FIELD,280,751,10065873,280,281,1,1,0,0,1178497,1084037,0,0,1,1,15,564677428,182875931,14923473,51219636,1140856179,1,1,0,0,0
753662876,START,283,752,10065874,281,279,1,0,0,0,1178497,1084037,0,1,0,1,15,564677428,182875932,14923473,51219636,1140856131,1,1,0,0,0
753662876,SELECT,281,752,10065874,281,279,1,0,0,0,1178497,1084037,0,1,0,1,15,564677428,182875932,14923473,51219636,1140856131,1,1,0,0,0
753746769,PUBLISH,281,752,10067680,281,279,1,0,0,0,1178623,1084037,0,1,0,1,16,564759514,182875932,14923473,51221443,1091872067,0,1,0,0,0
754661969,FIELD,281,752,10084096,281,279,1,0,0,0,1179995,1084037,0,1,0,1,16,565658298,182875932,14923473,51314639,1091872067,0,1,0,0,0
755415480,READY,283,753,10094656,281,279,1,0,0,0,1181126,1084037,0,1,0,1,16,566401249,182875932,14923473,51394444,1091872067,0,1,0,0,0
755664875,FIELD,281,753,10094657,281,279,1,1,0,0,1181500,1084037,0,1,0,1,16,566401250,183125325,14923473,51394444,1091904835,1,1,0,0,0
755664876,SELECT,279,754,10094657,279,282,0,0,0,0,1181500,1084037,0,1,1,1,16,566401250,183125326,14923473,51394444,1125459203,1,1,0,0,0
755664877,START,284,754,10094658,279,283,1,0,0,0,1181500,1084037,0,1,1,1,17,566401250,183125327,14923473,51394444,1073742409,1,0,0,0,0
755748769,PUBLISH,279,754,10096456,279,283,1,0,0,0,1181626,1084037,0,1,1,1,17,566483343,183125327,14923473,51395916,1073742925,0,1,0,0,0
756663969,FIELD,279,754,10112360,279,283,1,0,0,0,1182998,1084037,0,1,1,1,17,567382639,183125327,14923473,51484551,1073742925,0,1,0,0,0
757434576,READY,284,755,10124156,279,283,1,0,0,0,1184154,1084037,0,1,1,1,17,568141450,183125327,14923473,51565105,1073742925,0,1,0,0,0
757434578,START,285,755,10124158,279,283,1,0,0,0,1184154,1084037,0,1,1,1,17,568141451,183125327,14923473,51565105,1073742937,1,1,0,0,0
757666875,FIELD,279,755,10130776,279,283,1,0,0,0,1184503,1084037,0,1,1,1,17,568367129,183125327,14923473,51569080,1073744987,0,1,0,0,0
758665969,FIELD,279,756,10157448,279,283,1,1,0,0,1186001,1084037,0,1,1,1,17,569339551,183125327,14923473,51590507,1073744987,0,1,0,0,0
758665970,SELECT,283,757,10157448,283,284,1,0,0,0,1186001,1084037,0,0,0,1,17,569339552,183125327,14923473,51590507,1073745267,0,1,0,0,0
758753675,PUBLISH,283,757,10160000,283,284,1,0,0,0,1186133,1084037,0,0,0,1,18,569424705,183125327,14923473,51591303,1073745267,0,1,0,0,0
759668875,FIELD,283,757,10183128,283,284,1,0,0,0,1187506,1084037,0,0,0,1,18,570316777,183125327,14923473,51608519,1073745267,0,1,0,0,0
760106666,READY,285,758,10191721,283,284,1,0,0,0,1188162,1084037,0,0,0,1,18,570745976,183125327,14923473,51618686,1073745267,1,1,0,0,0
760667969,FIELD,283,758,10191721,283,284,1,1,0,0,1189004,1084037,0,0,0,1,18,570745976,183686629,14923473,51618686,1140856179,1,1,0,0,0
760667970,START,286,759,10191722,284,282,1,0,0,0,1189004,1084037,0,0,1,1,18,570745976,183686630,14923473,51618686,1140856131,1,1,0,0,0
760667970,SELECT,284,759,10191722,284,282,1,0,0,0,1189004,1084037,0,0,1,1,18,570745976,183686630,14923473,51618686,1140856131,1,1,0,0,0
760755675,PUBLISH,284,759,10193756,284,282,1,0,0,0,1189136,1084037,0,0,1,1,19,570831646,183686630,14923473,51620338,1091872067,0,1,0,0,0
761670875,FIELD,284,759,10209856,284,282,1,0,0,0,1190509,1084037,0,0,1,1,19,571730746,183686630,14923473,51714082,1091872067,0,1,0,0,0
762420944,READY,286,760,10220480,284,282,1,0,0,0,1191634,1084037,0,0,1,1,19,572470191,183686630,14923473,51793485,1091872067,0,1,0,0,0
762669969,FIELD,284,760,10220481,284,282,1,0,0,0,1192007,1084037,0,0,1,1,19,572470192,183935653,14923473,51793485,1091904835,1,1,0,0,0
763672875,FIELD,284,761,10220481,284,282,1,1,0,0,1193512,1084037,0,0,1,1,19,572470192,184938559,14923473,51793485,1091904835,1,1,0,0,0
763672876,SELECT,282,762,10220481,282,285,0,0,0,0,1193512,1084037,0,1,0,1,19,572470192,184938560,14923473,51793485,1125459203,1,1,0,0,0
763672877,START,287,762,10220482,282,286,1,0,0,0,1193512,1084037,0,1,0,1,20,572470192,184938561,14923473,51793485,1073742409,1,0,0,0,0
763756769,PUBLISH,282,762,10222028,282,286,1,0,0,0,1193638,1084037,0,1,0,1,20,572552537,184938561,14923473,51794960,1073742925,0,1,0,0,0
764671969,FIELD,282,762,10238438,282,286,1,0,0,0,1195010,1084037,0,1,0,1,20,573451327,184938561,14923473,51885982,1073742925,0,1,0,0,0
765435800,READY,287,763,10249204,282,286,1,0,0,0,1196156,1084037,0,1,0,1,20,574204392,184938561,14923473,51966384,1073742925,0,1,0,0,0
765435962,START,288,763,10249366,282,286,1,0,0,0,1196156,1084037,0,1,0,1,20,574204393,184938561,14923473,51966384,1073742937,1,1,0,0,0
765674876,FIELD,282,763,10256590,282,286,1,1,0,0,1196515,1084037,0,1,0,1,20,574436082,184938561,14923473,51974673,1073744987,0,1,0,0,0
765674877,SELECT,286,764,10256590,286,287,1,0,0,0,1196515,1084037,0,1,1,1,20,574436083,184938561,14923473,51974673,1073745267,0,1,0,0,0
765758769,PUBLISH,286,764,10259129,286,287,1,0,0,0,1196641,1084037,0,1,1,1,21,574517436,184938561,14923473,51975236,1073745267,0,1,0,0,0
766673969,FIELD,286,764,10292860,286,287,1,0,0,0,1198013,1084037,0,1,1,1,21,575398905,184938561,14923473,52003595,1073745267,0,1,0,0,0
767676876,FIELD,286,765,10329742,286,287,1,0,0,0,1199518,1084037,0,1,1,1,21,576364930,184938561,14923473,52031679,1073745267,0,1,0,0,0
767826823,READY,288,766,10334168,286,287,1,0,0,0,1199743,1084037,0,1,1,1,21,576510441,184938561,14923473,52034626,1342180723,0,1,0,0,0
768675969,FIELD,286,766,10334168,286,287,1,1,0,0,1201016,1084037,0,1,1,1,21,576510441,185787706,14923473,52034626,1409291635,1,1,0,0,0
768675970,SELECT,287,767,10334168,287,285,1,0,0,0,1201016,1084037,0,0,0,1,21,576510441,185787707,14923473,52034626,1409291587,1,1,0,0,0
768763675,PUBLISH,287,767,10334168,287,285,1,0,0,0,1201148,1084037,0,0,0,1,22,576510441,185787707,14923473,52034626,1409291587,1,1,0,0,0
769678876,FIELD,287,767,10334168,287,285,1,0,0,0,1202521,1084037,0,0,0,1,22,576510441,185787707,14923473,52034626,1409291587,1,1,0,0,0
770677969,FIELD,287,768,10334168,287,285,1,1,0,0,1204019,1084037,0,0,0,1,22,576510441,185787707,14923473,52034626,1409291587,1,1,0,0,0
770677970,SELECT,285,769,10334168,285,288,1,0,0,0,1204019,1084037,0,0,1,1,22,576510441,185787707,14923473,52034626,3422553344,1,1,0,0,0
770765675,PUBLISH,285,769,10334168,285,288,1,0,0,0,1204151,1084037,0,0,1,1,23,576510441,185875412,14923473,52034626,3422553344,1,1,0,0,0
771680876,FIELD,285,769,10334168,285,288,1,0,0,0,1205524,1084037,0,0,1,1,23,576510441,186790613,14923473,52034626,3422553344,1,1,0,0,0
772679969,FIELD,285,770,10334168,285,288,1,0,0,0,1207022,1084037,0,0,1,1,23,576510441,187789706,14923473,52034626,3422553344,1,1,0,0,0
773682876,FIELD,285,771,10334168,285,288,1,0,0,0,1208527,1084037,0,0,1,1,23,576510441,188792613,14923473,52034626,3422553344,1,1,0,0,0
774681969,FIELD,285,772,10334168,285,288,1,1,0,0,1210025,1084037,0,0,1,1,23,576510441,189791706,14923473,52034626,3422553344,1,1,0,0,0
774681970,SELECT,288,773,10334168,288,288,0,0,0,0,1210025,1084037,0,0,0,1,23,576510441,189791707,14923473,52034626,3221226752,1,1,0,0,0
774769676,PUBLISH,288,773,10334168,288,288,0,0,0,0,1210157,1084037,0,0,0,1,24,576510441,189791707,14923473,52034626,3221226752,1,1,0,0,0
775684876,FIELD,288,773,10334168,288,288,0,0,0,0,1211530,1084037,0,0,0,1,24,576510441,189791707,14923473,52034626,3221226752,1,1,0,0,0
776683969,FIELD,288,774,10334168,288,288,0,1,0,0,1213028,1084037,0,0,0,1,24,576510441,189791707,14923473,52034626,3221226752,1,1,0,0,0
777686876,FIELD,288,775,10334168,288,288,0,0,0,0,1214533,1084037,0,0,0,1,24,576510441,189791707,14923473,52034626,3221226752,1,1,0,0,0
778685969,FIELD,288,776,10334168,288,288,0,1,0,0,1216031,1084037,0,0,0,1,24,576510441,189791707,14923473,52034626,3221226752,1,1,0,0,0
778685971,END,288,777,10334168,288,288,0,1,0,0,1216031,1084037,0,0,0,1,24,576510441,189791707,14923473,52034626,3221226752,1,1,0,0,0
