t=2 start source=file:/media/fat/games/MediaPlayer/dvd_opening_video_only.mpg index=65 core=MediaPlayer alternate=MediaPlayer
t=39 profile_version=2 transport=credit_step_v1 ack_sample_every=64 first_byte_means=first_verified_step interval_means=media_poll_entry_to_entry poll_budget_us=2000 step_bytes=2048 step_limit=8
t=2009 helper forked pid=2762 read_fd=14
t=2114 download asserted index=65 pid=2762
t=2272 would_block count=1 submitted=0
t=2292 profile_poll polls=1 elapsed_us=35 interval_us=0 chunks=0
t=2483 would_block count=2 submitted=0
t=2552 profile_poll polls=2 elapsed_us=78 interval_us=216 chunks=0
t=2624 would_block count=3 submitted=0
t=2639 profile_poll polls=3 elapsed_us=22 interval_us=144 chunks=0
t=2696 would_block count=4 submitted=0
t=2709 profile_poll polls=4 elapsed_us=20 interval_us=72 chunks=0
t=2888 would_block count=8 submitted=0
t=3227 would_block count=16 submitted=0
t=3941 would_block count=32 submitted=0
t=5288 would_block count=64 submitted=0
t=5306 profile_poll polls=64 elapsed_us=23 interval_us=41 chunks=0
t=7955 would_block count=128 submitted=0
t=7971 profile_poll polls=128 elapsed_us=22 interval_us=40 chunks=0
media_player_helper: audio output hdmi (decoded stereo PCM)
t=16635 pipe_read event=1 count=16384 read_us=82 buffered=16384
t=17131 first_byte latency_us=15018 would_block=164 count=2048
t=17144 transfer event=1 count=2048 submitted=2048 tx_us=455 fast_bytes=2048 slow_bytes=0 queries=2
t=17745 transfer event=2 count=2048 submitted=4096 tx_us=479 fast_bytes=2048 slow_bytes=0 queries=2
t=18225 transfer event=3 count=2048 submitted=6144 tx_us=453 fast_bytes=2048 slow_bytes=0 queries=2
t=18706 transfer event=4 count=2048 submitted=8192 tx_us=466 fast_bytes=2048 slow_bytes=0 queries=2
t=20649 pipe_read event=2 count=8192 read_us=25 buffered=8192
t=29654 pipe_read event=3 count=16384 read_us=60 buffered=16384
t=33503 pipe_read event=4 count=16384 read_us=31 buffered=16384
t=34436 profile_poll polls=192 elapsed_us=2351 interval_us=2498 chunks=5
t=37625 pipe_read event=5 count=16384 read_us=131 buffered=16384
t=41562 pipe_read event=6 count=16384 read_us=132 buffered=16384
t=45429 pipe_read event=7 count=16384 read_us=114 buffered=16384
t=52243 profile_poll polls=256 elapsed_us=42 interval_us=48 chunks=1
t=53520 transfer event=64 count=12 submitted=106072 tx_us=36 fast_bytes=12 slow_bytes=0 queries=2
t=55642 profile_poll polls=320 elapsed_us=43 interval_us=49 chunks=1
t=58967 profile_poll polls=384 elapsed_us=15 interval_us=47 chunks=0
t=62341 profile_poll polls=448 elapsed_us=15 interval_us=47 chunks=0
t=65735 profile_poll polls=512 elapsed_us=15 interval_us=48 chunks=0
t=66790 pipe_read event=8 count=16384 read_us=133 buffered=16384
t=69304 profile_poll polls=576 elapsed_us=15 interval_us=48 chunks=0
t=72696 profile_poll polls=640 elapsed_us=15 interval_us=48 chunks=0
t=76084 profile_poll polls=704 elapsed_us=15 interval_us=76 chunks=0
t=78764 transfer event=128 count=12 submitted=106900 tx_us=26 fast_bytes=12 slow_bytes=0 queries=2
t=79450 profile_poll polls=768 elapsed_us=15 interval_us=48 chunks=0
t=82783 profile_poll polls=832 elapsed_us=15 interval_us=48 chunks=0
t=86131 profile_poll polls=896 elapsed_us=15 interval_us=47 chunks=0
t=89446 profile_poll polls=960 elapsed_us=15 interval_us=47 chunks=0
t=113308 profile_poll polls=1024 elapsed_us=14 interval_us=48 chunks=0
t=116443 profile_poll polls=1088 elapsed_us=15 interval_us=48 chunks=0
t=119587 profile_poll polls=1152 elapsed_us=14 interval_us=50 chunks=0
t=122712 profile_poll polls=1216 elapsed_us=14 interval_us=48 chunks=0
t=125834 profile_poll polls=1280 elapsed_us=14 interval_us=48 chunks=0
t=128952 profile_poll polls=1344 elapsed_us=14 interval_us=48 chunks=0
t=132071 profile_poll polls=1408 elapsed_us=14 interval_us=49 chunks=0
t=135189 profile_poll polls=1472 elapsed_us=15 interval_us=47 chunks=0
t=138306 profile_poll polls=1536 elapsed_us=14 interval_us=48 chunks=0
t=141425 profile_poll polls=1600 elapsed_us=15 interval_us=47 chunks=0
t=144557 profile_poll polls=1664 elapsed_us=15 interval_us=61 chunks=0
t=147676 profile_poll polls=1728 elapsed_us=15 interval_us=49 chunks=0
t=151080 profile_poll polls=1792 elapsed_us=15 interval_us=47 chunks=0
t=154423 profile_poll polls=1856 elapsed_us=15 interval_us=48 chunks=0
t=157806 profile_poll polls=1920 elapsed_us=15 interval_us=47 chunks=0
t=161033 profile_poll polls=1984 elapsed_us=15 interval_us=48 chunks=0
t=164155 profile_poll polls=2048 elapsed_us=15 interval_us=48 chunks=0
t=167270 profile_poll polls=2112 elapsed_us=15 interval_us=48 chunks=0
t=170401 profile_poll polls=2176 elapsed_us=15 interval_us=48 chunks=0
t=173536 profile_poll polls=2240 elapsed_us=15 interval_us=60 chunks=0
t=176655 profile_poll polls=2304 elapsed_us=14 interval_us=48 chunks=0
t=179772 profile_poll polls=2368 elapsed_us=15 interval_us=47 chunks=0
t=183039 profile_poll polls=2432 elapsed_us=15 interval_us=48 chunks=0
t=184316 transfer event=192 count=12 submitted=107848 tx_us=25 fast_bytes=12 slow_bytes=0 queries=2
t=186438 profile_poll polls=2496 elapsed_us=15 interval_us=47 chunks=0
t=189823 profile_poll polls=2560 elapsed_us=15 interval_us=76 chunks=0
t=193147 profile_poll polls=2624 elapsed_us=15 interval_us=47 chunks=0
t=196492 profile_poll polls=2688 elapsed_us=15 interval_us=76 chunks=0
t=199813 profile_poll polls=2752 elapsed_us=15 interval_us=47 chunks=0
t=203157 profile_poll polls=2816 elapsed_us=15 interval_us=48 chunks=0
t=206440 profile_poll polls=2880 elapsed_us=15 interval_us=48 chunks=0
t=209572 profile_poll polls=2944 elapsed_us=14 interval_us=51 chunks=0
t=212690 profile_poll polls=3008 elapsed_us=15 interval_us=48 chunks=0
t=215810 profile_poll polls=3072 elapsed_us=15 interval_us=48 chunks=0
t=218934 profile_poll polls=3136 elapsed_us=15 interval_us=48 chunks=0
t=222055 profile_poll polls=3200 elapsed_us=15 interval_us=47 chunks=0
t=225174 profile_poll polls=3264 elapsed_us=14 interval_us=48 chunks=0
t=228300 profile_poll polls=3328 elapsed_us=15 interval_us=47 chunks=0
t=231421 profile_poll polls=3392 elapsed_us=15 interval_us=48 chunks=0
t=234564 profile_poll polls=3456 elapsed_us=15 interval_us=62 chunks=0
t=237687 profile_poll polls=3520 elapsed_us=14 interval_us=48 chunks=0
t=240806 profile_poll polls=3584 elapsed_us=15 interval_us=47 chunks=0
t=243927 profile_poll polls=3648 elapsed_us=14 interval_us=48 chunks=0
t=247050 profile_poll polls=3712 elapsed_us=15 interval_us=47 chunks=0
t=250173 profile_poll polls=3776 elapsed_us=14 interval_us=48 chunks=0
t=253292 profile_poll polls=3840 elapsed_us=15 interval_us=48 chunks=0
t=256412 profile_poll polls=3904 elapsed_us=15 interval_us=47 chunks=0
t=259541 profile_poll polls=3968 elapsed_us=15 interval_us=59 chunks=0
t=262664 profile_poll polls=4032 elapsed_us=15 interval_us=48 chunks=0
t=265905 profile_poll polls=4096 elapsed_us=15 interval_us=76 chunks=0
t=269245 profile_poll polls=4160 elapsed_us=15 interval_us=48 chunks=0
t=269705 transfer event=256 count=12 submitted=108676 tx_us=26 fast_bytes=12 slow_bytes=0 queries=2
t=272656 profile_poll polls=4224 elapsed_us=14 interval_us=49 chunks=0
t=276002 profile_poll polls=4288 elapsed_us=15 interval_us=48 chunks=0
t=279147 profile_poll polls=4352 elapsed_us=15 interval_us=48 chunks=0
t=282268 profile_poll polls=4416 elapsed_us=14 interval_us=48 chunks=0
t=285382 profile_poll polls=4480 elapsed_us=15 interval_us=47 chunks=0
t=288515 profile_poll polls=4544 elapsed_us=26 interval_us=48 chunks=0
t=291637 profile_poll polls=4608 elapsed_us=15 interval_us=49 chunks=0
t=294758 profile_poll polls=4672 elapsed_us=14 interval_us=48 chunks=0
t=297887 profile_poll polls=4736 elapsed_us=14 interval_us=48 chunks=0
t=301008 profile_poll polls=4800 elapsed_us=15 interval_us=47 chunks=0
t=304128 profile_poll polls=4864 elapsed_us=15 interval_us=48 chunks=0
t=307247 profile_poll polls=4928 elapsed_us=15 interval_us=47 chunks=0
t=310369 profile_poll polls=4992 elapsed_us=15 interval_us=48 chunks=0
t=313488 profile_poll polls=5056 elapsed_us=15 interval_us=47 chunks=0
t=316805 profile_poll polls=5120 elapsed_us=15 interval_us=48 chunks=0
t=320178 profile_poll polls=5184 elapsed_us=15 interval_us=75 chunks=0
t=323534 profile_poll polls=5248 elapsed_us=15 interval_us=59 chunks=0
t=326900 profile_poll polls=5312 elapsed_us=15 interval_us=48 chunks=0
t=330216 profile_poll polls=5376 elapsed_us=15 interval_us=47 chunks=0
t=333571 profile_poll polls=5440 elapsed_us=15 interval_us=50 chunks=0
t=334305 transfer event=320 count=12 submitted=109504 tx_us=25 fast_bytes=12 slow_bytes=0 queries=2
t=336911 profile_poll polls=5504 elapsed_us=15 interval_us=48 chunks=0
t=340198 profile_poll polls=5568 elapsed_us=15 interval_us=48 chunks=0
t=343315 profile_poll polls=5632 elapsed_us=15 interval_us=48 chunks=0
t=346433 profile_poll polls=5696 elapsed_us=15 interval_us=47 chunks=0
t=349561 profile_poll polls=5760 elapsed_us=15 interval_us=61 chunks=0
t=352679 profile_poll polls=5824 elapsed_us=14 interval_us=49 chunks=0
t=355797 profile_poll polls=5888 elapsed_us=15 interval_us=48 chunks=0
t=358923 profile_poll polls=5952 elapsed_us=15 interval_us=48 chunks=0
t=362048 profile_poll polls=6016 elapsed_us=15 interval_us=47 chunks=0
t=365171 profile_poll polls=6080 elapsed_us=15 interval_us=47 chunks=0
t=368292 profile_poll polls=6144 elapsed_us=15 interval_us=47 chunks=0
t=371406 profile_poll polls=6208 elapsed_us=14 interval_us=48 chunks=0
t=374536 profile_poll polls=6272 elapsed_us=15 interval_us=59 chunks=0
t=377660 profile_poll polls=6336 elapsed_us=14 interval_us=49 chunks=0
t=380783 profile_poll polls=6400 elapsed_us=15 interval_us=49 chunks=0
t=383905 profile_poll polls=6464 elapsed_us=15 interval_us=48 chunks=0
t=387025 profile_poll polls=6528 elapsed_us=15 interval_us=48 chunks=0
t=390143 profile_poll polls=6592 elapsed_us=15 interval_us=47 chunks=0
t=393260 profile_poll polls=6656 elapsed_us=15 interval_us=48 chunks=0
t=396379 profile_poll polls=6720 elapsed_us=15 interval_us=47 chunks=0
t=399631 profile_poll polls=6784 elapsed_us=15 interval_us=49 chunks=0
t=403004 profile_poll polls=6848 elapsed_us=15 interval_us=48 chunks=0
t=406377 profile_poll polls=6912 elapsed_us=15 interval_us=75 chunks=0
t=409707 profile_poll polls=6976 elapsed_us=15 interval_us=48 chunks=0
t=412846 profile_poll polls=7040 elapsed_us=15 interval_us=47 chunks=0
t=415968 profile_poll polls=7104 elapsed_us=15 interval_us=48 chunks=0
t=419094 profile_poll polls=7168 elapsed_us=15 interval_us=47 chunks=0
t=422223 profile_poll polls=7232 elapsed_us=15 interval_us=48 chunks=0
t=425343 profile_poll polls=7296 elapsed_us=15 interval_us=48 chunks=0
t=428464 profile_poll polls=7360 elapsed_us=15 interval_us=48 chunks=0
t=432036 profile_poll polls=7424 elapsed_us=214 interval_us=289 chunks=8
t=432276 transfer event=384 count=8 submitted=110380 tx_us=24 fast_bytes=8 slow_bytes=0 queries=2
t=434304 transfer event=448 count=6 submitted=110904 tx_us=24 fast_bytes=6 slow_bytes=0 queries=2
t=436334 transfer event=512 count=6 submitted=111436 tx_us=24 fast_bytes=6 slow_bytes=0 queries=2
t=438368 transfer event=576 count=6 submitted=111962 tx_us=24 fast_bytes=6 slow_bytes=0 queries=2
t=440398 transfer event=640 count=8 submitted=112488 tx_us=24 fast_bytes=8 slow_bytes=0 queries=2
t=442425 transfer event=704 count=6 submitted=113012 tx_us=24 fast_bytes=6 slow_bytes=0 queries=2
t=444452 transfer event=768 count=6 submitted=113536 tx_us=23 fast_bytes=6 slow_bytes=0 queries=2
t=446480 transfer event=832 count=6 submitted=114060 tx_us=24 fast_bytes=6 slow_bytes=0 queries=2
t=448290 profile_poll polls=7488 elapsed_us=213 interval_us=247 chunks=8
t=448543 transfer event=896 count=10 submitted=114602 tx_us=25 fast_bytes=10 slow_bytes=0 queries=2
t=450570 transfer event=960 count=6 submitted=115126 tx_us=23 fast_bytes=6 slow_bytes=0 queries=2
t=452601 transfer event=1024 count=8 submitted=115652 tx_us=25 fast_bytes=8 slow_bytes=0 queries=2
t=454629 transfer event=1088 count=6 submitted=116176 tx_us=24 fast_bytes=6 slow_bytes=0 queries=2
t=456659 transfer event=1152 count=6 submitted=116702 tx_us=24 fast_bytes=6 slow_bytes=0 queries=2
t=458687 transfer event=1216 count=6 submitted=117226 tx_us=24 fast_bytes=6 slow_bytes=0 queries=2
t=460758 profile_poll polls=7552 elapsed_us=15 interval_us=48 chunks=0
t=464150 profile_poll polls=7616 elapsed_us=15 interval_us=75 chunks=0
t=467541 profile_poll polls=7680 elapsed_us=53 interval_us=47 chunks=1
t=470917 profile_poll polls=7744 elapsed_us=15 interval_us=47 chunks=0
t=471426 transfer event=1280 count=2 submitted=117894 tx_us=23 fast_bytes=2 slow_bytes=0 queries=2
t=474083 profile_poll polls=7808 elapsed_us=15 interval_us=47 chunks=0
t=477203 profile_poll polls=7872 elapsed_us=15 interval_us=48 chunks=0
t=480322 profile_poll polls=7936 elapsed_us=14 interval_us=48 chunks=0
t=483444 profile_poll polls=8000 elapsed_us=15 interval_us=47 chunks=0
t=486586 profile_poll polls=8064 elapsed_us=15 interval_us=49 chunks=0
t=489709 profile_poll polls=8128 elapsed_us=15 interval_us=48 chunks=0
t=492826 profile_poll polls=8192 elapsed_us=14 interval_us=48 chunks=0
t=495948 profile_poll polls=8256 elapsed_us=15 interval_us=48 chunks=0
t=499070 profile_poll polls=8320 elapsed_us=14 interval_us=47 chunks=0
t=502190 profile_poll polls=8384 elapsed_us=14 interval_us=48 chunks=0
t=505306 profile_poll polls=8448 elapsed_us=15 interval_us=48 chunks=0
t=508429 profile_poll polls=8512 elapsed_us=15 interval_us=48 chunks=0
t=511558 profile_poll polls=8576 elapsed_us=15 interval_us=60 chunks=0
t=514678 profile_poll polls=8640 elapsed_us=15 interval_us=47 chunks=0
t=518066 profile_poll polls=8704 elapsed_us=15 interval_us=77 chunks=0
t=521409 profile_poll polls=8768 elapsed_us=15 interval_us=48 chunks=0
t=524798 profile_poll polls=8832 elapsed_us=15 interval_us=48 chunks=0
t=528123 profile_poll polls=8896 elapsed_us=15 interval_us=47 chunks=0
t=531469 profile_poll polls=8960 elapsed_us=42 interval_us=48 chunks=1
t=534799 profile_poll polls=9024 elapsed_us=15 interval_us=48 chunks=0
t=538144 profile_poll polls=9088 elapsed_us=15 interval_us=48 chunks=0
t=541342 profile_poll polls=9152 elapsed_us=14 interval_us=48 chunks=0
t=544457 profile_poll polls=9216 elapsed_us=15 interval_us=47 chunks=0
t=547596 profile_poll polls=9280 elapsed_us=15 interval_us=50 chunks=0
t=550714 profile_poll polls=9344 elapsed_us=15 interval_us=48 chunks=0
t=553834 profile_poll polls=9408 elapsed_us=15 interval_us=48 chunks=0
t=556954 profile_poll polls=9472 elapsed_us=15 interval_us=47 chunks=0
t=560075 profile_poll polls=9536 elapsed_us=14 interval_us=48 chunks=0
t=563194 profile_poll polls=9600 elapsed_us=14 interval_us=48 chunks=0
t=566315 profile_poll polls=9664 elapsed_us=15 interval_us=48 chunks=0
t=569431 profile_poll polls=9728 elapsed_us=15 interval_us=47 chunks=0
t=572564 profile_poll polls=9792 elapsed_us=15 interval_us=61 chunks=0
t=575679 profile_poll polls=9856 elapsed_us=15 interval_us=47 chunks=0
t=578795 profile_poll polls=9920 elapsed_us=15 interval_us=48 chunks=0
t=581915 profile_poll polls=9984 elapsed_us=14 interval_us=49 chunks=0
t=585032 profile_poll polls=10048 elapsed_us=15 interval_us=47 chunks=0
t=588154 profile_poll polls=10112 elapsed_us=15 interval_us=48 chunks=0
t=601430 transfer event=1344 count=12 submitted=118804 tx_us=25 fast_bytes=12 slow_bytes=0 queries=2
t=601854 profile_poll polls=10176 elapsed_us=43 interval_us=47 chunks=1
t=605394 profile_poll polls=10240 elapsed_us=15 interval_us=75 chunks=0
t=608840 profile_poll polls=10304 elapsed_us=42 interval_us=48 chunks=1
t=612028 profile_poll polls=10368 elapsed_us=14 interval_us=48 chunks=0
t=615146 profile_poll polls=10432 elapsed_us=15 interval_us=48 chunks=0
t=618275 profile_poll polls=10496 elapsed_us=14 interval_us=48 chunks=0
t=621390 profile_poll polls=10560 elapsed_us=15 interval_us=47 chunks=0
t=624518 profile_poll polls=10624 elapsed_us=15 interval_us=57 chunks=0
t=627638 profile_poll polls=10688 elapsed_us=15 interval_us=49 chunks=0
t=630763 profile_poll polls=10752 elapsed_us=15 interval_us=48 chunks=0
t=633888 profile_poll polls=10816 elapsed_us=15 interval_us=48 chunks=0
t=637008 profile_poll polls=10880 elapsed_us=14 interval_us=48 chunks=0
t=640128 profile_poll polls=10944 elapsed_us=15 interval_us=47 chunks=0
t=643248 profile_poll polls=11008 elapsed_us=15 interval_us=47 chunks=0
t=646366 profile_poll polls=11072 elapsed_us=15 interval_us=48 chunks=0
t=649638 profile_poll polls=11136 elapsed_us=14 interval_us=49 chunks=0
t=653009 profile_poll polls=11200 elapsed_us=42 interval_us=47 chunks=1
t=656356 profile_poll polls=11264 elapsed_us=14 interval_us=48 chunks=0
t=659713 profile_poll polls=11328 elapsed_us=15 interval_us=48 chunks=0
t=663048 profile_poll polls=11392 elapsed_us=15 interval_us=47 chunks=0
t=665775 transfer event=1408 count=12 submitted=119632 tx_us=26 fast_bytes=12 slow_bytes=0 queries=2
t=666414 profile_poll polls=11456 elapsed_us=15 interval_us=48 chunks=0
t=669769 profile_poll polls=11520 elapsed_us=42 interval_us=48 chunks=1
t=673053 profile_poll polls=11584 elapsed_us=14 interval_us=48 chunks=0
t=676196 profile_poll polls=11648 elapsed_us=14 interval_us=48 chunks=0
t=679315 profile_poll polls=11712 elapsed_us=15 interval_us=47 chunks=0
t=682432 profile_poll polls=11776 elapsed_us=15 interval_us=48 chunks=0
t=685563 profile_poll polls=11840 elapsed_us=15 interval_us=60 chunks=0
t=688682 profile_poll polls=11904 elapsed_us=15 interval_us=48 chunks=0
t=691804 profile_poll polls=11968 elapsed_us=14 interval_us=48 chunks=0
t=694917 profile_poll polls=12032 elapsed_us=15 interval_us=48 chunks=0
t=698032 profile_poll polls=12096 elapsed_us=15 interval_us=48 chunks=0
t=701149 profile_poll polls=12160 elapsed_us=15 interval_us=48 chunks=0
t=704269 profile_poll polls=12224 elapsed_us=14 interval_us=48 chunks=0
t=707384 profile_poll polls=12288 elapsed_us=15 interval_us=47 chunks=0
t=710510 profile_poll polls=12352 elapsed_us=25 interval_us=48 chunks=0
t=713634 profile_poll polls=12416 elapsed_us=15 interval_us=48 chunks=0
t=716759 profile_poll polls=12480 elapsed_us=15 interval_us=48 chunks=0
t=719878 profile_poll polls=12544 elapsed_us=14 interval_us=48 chunks=0
t=722997 profile_poll polls=12608 elapsed_us=14 interval_us=48 chunks=0
t=726124 profile_poll polls=12672 elapsed_us=15 interval_us=47 chunks=0
t=729241 profile_poll polls=12736 elapsed_us=15 interval_us=47 chunks=0
t=732427 profile_poll polls=12800 elapsed_us=15 interval_us=48 chunks=0
t=735811 profile_poll polls=12864 elapsed_us=15 interval_us=47 chunks=0
t=739151 profile_poll polls=12928 elapsed_us=15 interval_us=48 chunks=0
t=742530 profile_poll polls=12992 elapsed_us=15 interval_us=59 chunks=0
t=745700 profile_poll polls=13056 elapsed_us=14 interval_us=48 chunks=0
t=748822 profile_poll polls=13120 elapsed_us=14 interval_us=48 chunks=0
t=751942 profile_poll polls=13184 elapsed_us=15 interval_us=47 chunks=0
t=755063 profile_poll polls=13248 elapsed_us=15 interval_us=48 chunks=0
t=758181 profile_poll polls=13312 elapsed_us=15 interval_us=48 chunks=0
t=761300 profile_poll polls=13376 elapsed_us=14 interval_us=48 chunks=0
t=764418 profile_poll polls=13440 elapsed_us=15 interval_us=47 chunks=0
t=767753 profile_poll polls=13504 elapsed_us=15 interval_us=48 chunks=0
t=771120 profile_poll polls=13568 elapsed_us=14 interval_us=48 chunks=0
t=771773 transfer event=1472 count=12 submitted=120448 tx_us=25 fast_bytes=12 slow_bytes=0 queries=2
t=774527 profile_poll polls=13632 elapsed_us=53 interval_us=48 chunks=1
t=777851 profile_poll polls=13696 elapsed_us=15 interval_us=48 chunks=0
t=781162 profile_poll polls=13760 elapsed_us=15 interval_us=47 chunks=0
t=784513 profile_poll polls=13824 elapsed_us=25 interval_us=48 chunks=0
t=787840 profile_poll polls=13888 elapsed_us=15 interval_us=48 chunks=0
t=791097 profile_poll polls=13952 elapsed_us=14 interval_us=48 chunks=0
t=794214 profile_poll polls=14016 elapsed_us=15 interval_us=47 chunks=0
t=797334 profile_poll polls=14080 elapsed_us=15 interval_us=48 chunks=0
t=800454 profile_poll polls=14144 elapsed_us=15 interval_us=47 chunks=0
t=803579 profile_poll polls=14208 elapsed_us=15 interval_us=50 chunks=0
t=806700 profile_poll polls=14272 elapsed_us=15 interval_us=48 chunks=0
t=809821 profile_poll polls=14336 elapsed_us=14 interval_us=48 chunks=0
t=812942 profile_poll polls=14400 elapsed_us=15 interval_us=48 chunks=0
t=816066 profile_poll polls=14464 elapsed_us=15 interval_us=48 chunks=0
t=819228 profile_poll polls=14528 elapsed_us=14 interval_us=48 chunks=0
t=822372 profile_poll polls=14592 elapsed_us=15 interval_us=48 chunks=0
t=825491 profile_poll polls=14656 elapsed_us=15 interval_us=48 chunks=0
t=828622 profile_poll polls=14720 elapsed_us=14 interval_us=49 chunks=0
t=831745 profile_poll polls=14784 elapsed_us=14 interval_us=49 chunks=0
t=834869 profile_poll polls=14848 elapsed_us=14 interval_us=48 chunks=0
t=837988 profile_poll polls=14912 elapsed_us=15 interval_us=48 chunks=0
t=841109 profile_poll polls=14976 elapsed_us=15 interval_us=48 chunks=0
t=844228 profile_poll polls=15040 elapsed_us=15 interval_us=48 chunks=0
t=847342 profile_poll polls=15104 elapsed_us=15 interval_us=47 chunks=0
t=850663 profile_poll polls=15168 elapsed_us=15 interval_us=48 chunks=0
t=854038 profile_poll polls=15232 elapsed_us=14 interval_us=77 chunks=0
t=857128 transfer event=1536 count=12 submitted=121276 tx_us=26 fast_bytes=12 slow_bytes=0 queries=2
t=857405 profile_poll polls=15296 elapsed_us=15 interval_us=48 chunks=0
t=860730 profile_poll polls=15360 elapsed_us=15 interval_us=48 chunks=0
t=863848 profile_poll polls=15424 elapsed_us=15 interval_us=47 chunks=0
t=866965 profile_poll polls=15488 elapsed_us=14 interval_us=48 chunks=0
t=870083 profile_poll polls=15552 elapsed_us=15 interval_us=48 chunks=0
t=873203 profile_poll polls=15616 elapsed_us=15 interval_us=47 chunks=0
t=876324 profile_poll polls=15680 elapsed_us=15 interval_us=48 chunks=0
t=879442 profile_poll polls=15744 elapsed_us=14 interval_us=48 chunks=0
t=882578 profile_poll polls=15808 elapsed_us=15 interval_us=50 chunks=0
t=885696 profile_poll polls=15872 elapsed_us=14 interval_us=48 chunks=0
t=888814 profile_poll polls=15936 elapsed_us=14 interval_us=48 chunks=0
t=891930 profile_poll polls=16000 elapsed_us=15 interval_us=47 chunks=0
t=895046 profile_poll polls=16064 elapsed_us=15 interval_us=47 chunks=0
t=898162 profile_poll polls=16128 elapsed_us=15 interval_us=48 chunks=0
t=901524 profile_poll polls=16192 elapsed_us=15 interval_us=58 chunks=0
t=904897 profile_poll polls=16256 elapsed_us=42 interval_us=48 chunks=1
t=908242 profile_poll polls=16320 elapsed_us=14 interval_us=48 chunks=0
t=911200 transfer event=1600 count=8 submitted=122144 tx_us=24 fast_bytes=8 slow_bytes=0 queries=2
t=913231 transfer event=1664 count=8 submitted=122676 tx_us=24 fast_bytes=8 slow_bytes=0 queries=2
t=914194 pipe_read event=9 count=16384 read_us=145 buffered=16384
t=915487 transfer event=1728 count=6 submitted=123258 tx_us=24 fast_bytes=6 slow_bytes=0 queries=2
t=916899 profile_poll polls=16384 elapsed_us=215 interval_us=269 chunks=8
t=917568 transfer event=1792 count=6 submitted=123796 tx_us=24 fast_bytes=6 slow_bytes=0 queries=2
t=919595 transfer event=1856 count=6 submitted=124320 tx_us=24 fast_bytes=6 slow_bytes=0 queries=2
t=921624 transfer event=1920 count=6 submitted=124852 tx_us=24 fast_bytes=6 slow_bytes=0 queries=2
t=923654 transfer event=1984 count=6 submitted=125378 tx_us=24 fast_bytes=6 slow_bytes=0 queries=2
t=925685 transfer event=2048 count=6 submitted=125910 tx_us=24 fast_bytes=6 slow_bytes=0 queries=2
t=927716 transfer event=2112 count=8 submitted=126452 tx_us=24 fast_bytes=8 slow_bytes=0 queries=2
t=929745 transfer event=2176 count=6 submitted=126976 tx_us=24 fast_bytes=6 slow_bytes=0 queries=2
t=931774 transfer event=2240 count=6 submitted=127502 tx_us=24 fast_bytes=6 slow_bytes=0 queries=2
t=933155 profile_poll polls=16448 elapsed_us=213 interval_us=249 chunks=8
t=933825 transfer event=2304 count=6 submitted=128032 tx_us=24 fast_bytes=6 slow_bytes=0 queries=2
t=935857 transfer event=2368 count=6 submitted=128568 tx_us=25 fast_bytes=6 slow_bytes=0 queries=2
t=937890 transfer event=2432 count=6 submitted=129094 tx_us=24 fast_bytes=6 slow_bytes=0 queries=2
t=940636 profile_poll polls=16512 elapsed_us=15 interval_us=48 chunks=0
t=943754 profile_poll polls=16576 elapsed_us=15 interval_us=48 chunks=0
t=946873 profile_poll polls=16640 elapsed_us=15 interval_us=47 chunks=0
t=949991 profile_poll polls=16704 elapsed_us=15 interval_us=48 chunks=0
t=953109 profile_poll polls=16768 elapsed_us=14 interval_us=48 chunks=0
t=956243 profile_poll polls=16832 elapsed_us=15 interval_us=47 chunks=0
t=959363 profile_poll polls=16896 elapsed_us=14 interval_us=48 chunks=0
t=962483 profile_poll polls=16960 elapsed_us=15 interval_us=47 chunks=0
t=965616 profile_poll polls=17024 elapsed_us=15 interval_us=49 chunks=0
t=968737 profile_poll polls=17088 elapsed_us=14 interval_us=48 chunks=0
t=971853 profile_poll polls=17152 elapsed_us=15 interval_us=48 chunks=0
t=974972 profile_poll polls=17216 elapsed_us=15 interval_us=47 chunks=0
t=978106 profile_poll polls=17280 elapsed_us=15 interval_us=47 chunks=0
t=981227 profile_poll polls=17344 elapsed_us=15 interval_us=48 chunks=0
t=984566 profile_poll polls=17408 elapsed_us=15 interval_us=61 chunks=0
t=987941 profile_poll polls=17472 elapsed_us=14 interval_us=48 chunks=0
t=991284 profile_poll polls=17536 elapsed_us=14 interval_us=48 chunks=0
t=994583 profile_poll polls=17600 elapsed_us=15 interval_us=49 chunks=0
t=997698 profile_poll polls=17664 elapsed_us=14 interval_us=49 chunks=0
t=1000819 profile_poll polls=17728 elapsed_us=15 interval_us=48 chunks=0
t=1003939 profile_poll polls=17792 elapsed_us=15 interval_us=48 chunks=0
t=1007057 profile_poll polls=17856 elapsed_us=14 interval_us=48 chunks=0
t=1010173 profile_poll polls=17920 elapsed_us=15 interval_us=48 chunks=0
t=1013295 profile_poll polls=17984 elapsed_us=14 interval_us=48 chunks=0
t=1016516 profile_poll polls=18048 elapsed_us=25 interval_us=48 chunks=0
t=1019892 profile_poll polls=18112 elapsed_us=15 interval_us=48 chunks=0
t=1020068 transfer event=2496 count=12 submitted=129852 tx_us=25 fast_bytes=12 slow_bytes=0 queries=2
t=1023288 profile_poll polls=18176 elapsed_us=15 interval_us=48 chunks=0
t=1026649 profile_poll polls=18240 elapsed_us=15 interval_us=48 chunks=0
t=1029976 profile_poll polls=18304 elapsed_us=15 interval_us=48 chunks=0
t=1033522 profile_poll polls=18368 elapsed_us=15 interval_us=58 chunks=0
t=1037181 profile_poll polls=18432 elapsed_us=14 interval_us=48 chunks=0
t=1040768 profile_poll polls=18496 elapsed_us=15 interval_us=48 chunks=0
t=1043888 profile_poll polls=18560 elapsed_us=15 interval_us=48 chunks=0
t=1047004 profile_poll polls=18624 elapsed_us=15 interval_us=47 chunks=0
t=1050126 profile_poll polls=18688 elapsed_us=15 interval_us=47 chunks=0
t=1053248 profile_poll polls=18752 elapsed_us=14 interval_us=48 chunks=0
t=1056371 profile_poll polls=18816 elapsed_us=14 interval_us=48 chunks=0
t=1059505 profile_poll polls=18880 elapsed_us=25 interval_us=48 chunks=0
t=1062628 profile_poll polls=18944 elapsed_us=14 interval_us=49 chunks=0
t=1065749 profile_poll polls=19008 elapsed_us=14 interval_us=48 chunks=0
t=1068871 profile_poll polls=19072 elapsed_us=14 interval_us=48 chunks=0
t=1071991 profile_poll polls=19136 elapsed_us=15 interval_us=48 chunks=0
t=1075186 profile_poll polls=19200 elapsed_us=15 interval_us=47 chunks=0
t=1078315 profile_poll polls=19264 elapsed_us=14 interval_us=48 chunks=0
t=1081441 profile_poll polls=19328 elapsed_us=15 interval_us=47 chunks=0
t=1084571 profile_poll polls=19392 elapsed_us=15 interval_us=50 chunks=0
t=1087694 profile_poll polls=19456 elapsed_us=15 interval_us=48 chunks=0
t=1090826 profile_poll polls=19520 elapsed_us=14 interval_us=48 chunks=0
t=1093960 profile_poll polls=19584 elapsed_us=15 interval_us=47 chunks=0
t=1097104 profile_poll polls=19648 elapsed_us=15 interval_us=47 chunks=0
t=1100390 profile_poll polls=19712 elapsed_us=43 interval_us=48 chunks=1
t=1103762 profile_poll polls=19776 elapsed_us=14 interval_us=48 chunks=0
t=1104256 transfer event=2560 count=16 submitted=133856 tx_us=26 fast_bytes=16 slow_bytes=0 queries=2
t=1107164 profile_poll polls=19840 elapsed_us=15 interval_us=48 chunks=0
t=1110532 profile_poll polls=19904 elapsed_us=51 interval_us=48 chunks=1
t=1113653 profile_poll polls=19968 elapsed_us=15 interval_us=49 chunks=0
t=1116779 profile_poll polls=20032 elapsed_us=15 interval_us=48 chunks=0
t=1119897 profile_poll polls=20096 elapsed_us=14 interval_us=49 chunks=0
t=1123015 profile_poll polls=20160 elapsed_us=14 interval_us=48 chunks=0
t=1126131 profile_poll polls=20224 elapsed_us=15 interval_us=48 chunks=0
t=1129267 profile_poll polls=20288 elapsed_us=15 interval_us=47 chunks=0
t=1132392 profile_poll polls=20352 elapsed_us=15 interval_us=48 chunks=0
t=1135522 profile_poll polls=20416 elapsed_us=15 interval_us=58 chunks=0
t=1138644 profile_poll polls=20480 elapsed_us=15 interval_us=48 chunks=0
t=1141767 profile_poll polls=20544 elapsed_us=15 interval_us=48 chunks=0
t=1144888 profile_poll polls=20608 elapsed_us=15 interval_us=48 chunks=0
t=1148008 profile_poll polls=20672 elapsed_us=15 interval_us=48 chunks=0
t=1151129 profile_poll polls=20736 elapsed_us=15 interval_us=47 chunks=0
t=1154249 profile_poll polls=20800 elapsed_us=15 interval_us=48 chunks=0
t=1157366 profile_poll polls=20864 elapsed_us=15 interval_us=48 chunks=0
t=1160485 profile_poll polls=20928 elapsed_us=15 interval_us=47 chunks=0
t=1163616 profile_poll polls=20992 elapsed_us=15 interval_us=49 chunks=0
t=1166866 profile_poll polls=21056 elapsed_us=15 interval_us=48 chunks=0
t=1170233 profile_poll polls=21120 elapsed_us=42 interval_us=48 chunks=1
t=1173611 profile_poll polls=21184 elapsed_us=15 interval_us=49 chunks=0
t=1176966 profile_poll polls=21248 elapsed_us=15 interval_us=48 chunks=0
t=1180296 profile_poll polls=21312 elapsed_us=15 interval_us=47 chunks=0
t=1183925 profile_poll polls=21376 elapsed_us=15 interval_us=48 chunks=0
t=1184944 transfer event=2624 count=452 submitted=136864 tx_us=118 fast_bytes=452 slow_bytes=0 queries=2
t=1187689 profile_poll polls=21440 elapsed_us=15 interval_us=48 chunks=0
t=1190181 pipe_read event=10 count=16384 read_us=136 buffered=16384
t=1191701 profile_poll polls=21504 elapsed_us=15 interval_us=48 chunks=0
t=1195340 profile_poll polls=21568 elapsed_us=15 interval_us=48 chunks=0
t=1198954 profile_poll polls=21632 elapsed_us=14 interval_us=48 chunks=0
t=1202096 profile_poll polls=21696 elapsed_us=14 interval_us=48 chunks=0
t=1205216 profile_poll polls=21760 elapsed_us=15 interval_us=48 chunks=0
t=1208337 profile_poll polls=21824 elapsed_us=15 interval_us=48 chunks=0
t=1211456 profile_poll polls=21888 elapsed_us=15 interval_us=47 chunks=0
t=1214586 profile_poll polls=21952 elapsed_us=15 interval_us=49 chunks=0
t=1217712 profile_poll polls=22016 elapsed_us=15 interval_us=47 chunks=0
t=1220835 profile_poll polls=22080 elapsed_us=15 interval_us=48 chunks=0
t=1223957 profile_poll polls=22144 elapsed_us=15 interval_us=47 chunks=0
t=1227079 profile_poll polls=22208 elapsed_us=15 interval_us=48 chunks=0
t=1230213 profile_poll polls=22272 elapsed_us=15 interval_us=47 chunks=0
t=1233334 profile_poll polls=22336 elapsed_us=14 interval_us=48 chunks=0
t=1236455 profile_poll polls=22400 elapsed_us=15 interval_us=47 chunks=0
t=1239584 profile_poll polls=22464 elapsed_us=15 interval_us=50 chunks=0
t=1242700 profile_poll polls=22528 elapsed_us=15 interval_us=48 chunks=0
t=1245823 profile_poll polls=22592 elapsed_us=15 interval_us=48 chunks=0
t=1248942 profile_poll polls=22656 elapsed_us=15 interval_us=47 chunks=0
t=1252063 profile_poll polls=22720 elapsed_us=15 interval_us=47 chunks=0
t=1255181 profile_poll polls=22784 elapsed_us=15 interval_us=47 chunks=0
t=1258302 profile_poll polls=22848 elapsed_us=15 interval_us=48 chunks=0
t=1261418 profile_poll polls=22912 elapsed_us=15 interval_us=47 chunks=0
t=1264548 profile_poll polls=22976 elapsed_us=15 interval_us=60 chunks=0
t=1267823 profile_poll polls=23040 elapsed_us=15 interval_us=48 chunks=0
t=1271170 profile_poll polls=23104 elapsed_us=15 interval_us=48 chunks=0
t=1275258 profile_poll polls=23168 elapsed_us=15 interval_us=47 chunks=0
t=1279003 profile_poll polls=23232 elapsed_us=15 interval_us=47 chunks=0
t=1282773 profile_poll polls=23296 elapsed_us=15 interval_us=48 chunks=0
t=1286127 transfer event=2688 count=16 submitted=152036 tx_us=26 fast_bytes=16 slow_bytes=0 queries=2
t=1286160 profile_poll polls=23360 elapsed_us=61 interval_us=47 chunks=1
t=1289997 profile_poll polls=23424 elapsed_us=14 interval_us=48 chunks=0
t=1291489 pipe_read event=11 count=16384 read_us=125 buffered=16384
t=1294208 profile_poll polls=23488 elapsed_us=15 interval_us=48 chunks=0
t=1298192 profile_poll polls=23552 elapsed_us=15 interval_us=48 chunks=0
t=1301524 profile_poll polls=23616 elapsed_us=15 interval_us=59 chunks=0
t=1304649 profile_poll polls=23680 elapsed_us=15 interval_us=48 chunks=0
t=1307765 profile_poll polls=23744 elapsed_us=14 interval_us=48 chunks=0
t=1310885 profile_poll polls=23808 elapsed_us=15 interval_us=48 chunks=0
t=1314002 profile_poll polls=23872 elapsed_us=15 interval_us=47 chunks=0
t=1317127 profile_poll polls=23936 elapsed_us=15 interval_us=48 chunks=0
t=1320247 profile_poll polls=24000 elapsed_us=15 interval_us=48 chunks=0
t=1323364 profile_poll polls=24064 elapsed_us=14 interval_us=48 chunks=0
t=1326484 profile_poll polls=24128 elapsed_us=15 interval_us=48 chunks=0
t=1329622 profile_poll polls=24192 elapsed_us=14 interval_us=50 chunks=0
t=1332746 profile_poll polls=24256 elapsed_us=15 interval_us=48 chunks=0
t=1335870 profile_poll polls=24320 elapsed_us=15 interval_us=48 chunks=0
t=1338986 profile_poll polls=24384 elapsed_us=14 interval_us=48 chunks=0
t=1342111 profile_poll polls=24448 elapsed_us=14 interval_us=48 chunks=0
t=1345233 profile_poll polls=24512 elapsed_us=15 interval_us=47 chunks=0
t=1348353 profile_poll polls=24576 elapsed_us=14 interval_us=49 chunks=0
t=1352161 profile_poll polls=24640 elapsed_us=14 interval_us=48 chunks=0
t=1355737 profile_poll polls=24704 elapsed_us=14 interval_us=48 chunks=0
t=1358861 profile_poll polls=24768 elapsed_us=14 interval_us=48 chunks=0
t=1361981 profile_poll polls=24832 elapsed_us=15 interval_us=48 chunks=0
t=1365097 profile_poll polls=24896 elapsed_us=15 interval_us=47 chunks=0
t=1368216 profile_poll polls=24960 elapsed_us=15 interval_us=47 chunks=0
t=1371331 profile_poll polls=25024 elapsed_us=15 interval_us=47 chunks=0
t=1374451 profile_poll polls=25088 elapsed_us=14 interval_us=48 chunks=0
t=1377579 profile_poll polls=25152 elapsed_us=15 interval_us=50 chunks=0
t=1380700 profile_poll polls=25216 elapsed_us=15 interval_us=48 chunks=0
t=1383820 profile_poll polls=25280 elapsed_us=15 interval_us=47 chunks=0
t=1386940 profile_poll polls=25344 elapsed_us=14 interval_us=48 chunks=0
t=1390063 profile_poll polls=25408 elapsed_us=14 interval_us=48 chunks=0
t=1393181 profile_poll polls=25472 elapsed_us=14 interval_us=48 chunks=0
t=1396301 profile_poll polls=25536 elapsed_us=15 interval_us=48 chunks=0
t=1399458 profile_poll polls=25600 elapsed_us=14 interval_us=48 chunks=0
t=1402843 profile_poll polls=25664 elapsed_us=15 interval_us=48 chunks=0
t=1406833 transfer event=2752 count=604 submitted=168428 tx_us=149 fast_bytes=604 slow_bytes=0 queries=2
t=1407065 profile_poll polls=25728 elapsed_us=14 interval_us=48 chunks=0
t=1411154 profile_poll polls=25792 elapsed_us=15 interval_us=48 chunks=0
t=1412106 pipe_read event=12 count=16384 read_us=125 buffered=16384
t=1415177 profile_poll polls=25856 elapsed_us=15 interval_us=47 chunks=0
t=1419328 profile_poll polls=25920 elapsed_us=15 interval_us=48 chunks=0
t=1423006 profile_poll polls=25984 elapsed_us=14 interval_us=48 chunks=0
t=1426125 profile_poll polls=26048 elapsed_us=15 interval_us=47 chunks=0
t=1429238 profile_poll polls=26112 elapsed_us=15 interval_us=47 chunks=0
t=1432363 profile_poll polls=26176 elapsed_us=15 interval_us=48 chunks=0
t=1436039 profile_poll polls=26240 elapsed_us=14 interval_us=48 chunks=0
t=1440509 profile_poll polls=26304 elapsed_us=25 interval_us=47 chunks=0
t=1442228 pipe_read event=13 count=16384 read_us=119 buffered=16384
t=1445280 profile_poll polls=26368 elapsed_us=14 interval_us=48 chunks=0
t=1447620 transfer event=2816 count=512 submitted=193956 tx_us=141 fast_bytes=512 slow_bytes=0 queries=2
t=1449395 profile_poll polls=26432 elapsed_us=14 interval_us=48 chunks=0
t=1453571 profile_poll polls=26496 elapsed_us=15 interval_us=51 chunks=0
t=1457792 profile_poll polls=26560 elapsed_us=15 interval_us=48 chunks=0
t=1459082 pipe_read event=14 count=16384 read_us=115 buffered=16384
t=1461606 profile_poll polls=26624 elapsed_us=15 interval_us=49 chunks=0
t=1465159 profile_poll polls=26688 elapsed_us=14 interval_us=48 chunks=0
t=1469692 profile_poll polls=26752 elapsed_us=15 interval_us=48 chunks=0
t=1473955 profile_poll polls=26816 elapsed_us=14 interval_us=48 chunks=0
t=1475592 transfer event=2880 count=512 submitted=216472 tx_us=142 fast_bytes=512 slow_bytes=0 queries=2
t=1478046 profile_poll polls=26880 elapsed_us=15 interval_us=48 chunks=0
t=1482689 pipe_read event=15 count=16384 read_us=119 buffered=16384
t=1482922 transfer event=2944 count=10 submitted=221476 tx_us=25 fast_bytes=10 slow_bytes=0 queries=2
t=1485162 transfer event=3008 count=8 submitted=222868 tx_us=24 fast_bytes=8 slow_bytes=0 queries=2
t=1485457 profile_poll polls=26944 elapsed_us=237 interval_us=277 chunks=8
t=1487389 transfer event=3072 count=22 submitted=224212 tx_us=27 fast_bytes=22 slow_bytes=0 queries=2
t=1489652 transfer event=3136 count=22 submitted=225758 tx_us=27 fast_bytes=22 slow_bytes=0 queries=2
t=1491872 transfer event=3200 count=12 submitted=227166 tx_us=25 fast_bytes=12 slow_bytes=0 queries=2
t=1494084 transfer event=3264 count=8 submitted=228550 tx_us=24 fast_bytes=8 slow_bytes=0 queries=2
t=1496938 transfer event=3328 count=190 submitted=232954 tx_us=62 fast_bytes=190 slow_bytes=0 queries=2
t=1499685 transfer event=3392 count=60 submitted=236804 tx_us=35 fast_bytes=60 slow_bytes=0 queries=2
t=1500560 pipe_read event=16 count=16384 read_us=131 buffered=16384
t=1502378 transfer event=3456 count=22 submitted=239644 tx_us=27 fast_bytes=22 slow_bytes=0 queries=2
t=1504906 transfer event=3520 count=66 submitted=242446 tx_us=37 fast_bytes=66 slow_bytes=0 queries=2
t=1505229 profile_poll polls=27008 elapsed_us=266 interval_us=350 chunks=8
t=1507445 transfer event=3584 count=36 submitted=245304 tx_us=30 fast_bytes=36 slow_bytes=0 queries=2
t=1510013 transfer event=3648 count=16 submitted=248318 tx_us=26 fast_bytes=16 slow_bytes=0 queries=2
t=1512660 transfer event=3712 count=72 submitted=251714 tx_us=38 fast_bytes=72 slow_bytes=0 queries=2
t=1515398 pipe_read event=17 count=16384 read_us=113 buffered=16384
t=1515474 profile_poll polls=27072 elapsed_us=279 interval_us=47 chunks=2
t=1519441 profile_poll polls=27136 elapsed_us=15 interval_us=47 chunks=0
t=1523940 profile_poll polls=27200 elapsed_us=15 interval_us=48 chunks=0
t=1528216 profile_poll polls=27264 elapsed_us=15 interval_us=47 chunks=0
t=1532286 profile_poll polls=27328 elapsed_us=15 interval_us=48 chunks=0
t=1533398 pipe_read event=18 count=16384 read_us=113 buffered=16384
t=1536156 profile_poll polls=27392 elapsed_us=14 interval_us=48 chunks=0
t=1539275 profile_poll polls=27456 elapsed_us=15 interval_us=47 chunks=0
t=1542392 profile_poll polls=27520 elapsed_us=15 interval_us=47 chunks=0
t=1545531 profile_poll polls=27584 elapsed_us=15 interval_us=59 chunks=0
t=1548650 profile_poll polls=27648 elapsed_us=14 interval_us=48 chunks=0
t=1551767 profile_poll polls=27712 elapsed_us=15 interval_us=48 chunks=0
t=1554886 profile_poll polls=27776 elapsed_us=15 interval_us=47 chunks=0
t=1557999 profile_poll polls=27840 elapsed_us=14 interval_us=48 chunks=0
t=1561116 profile_poll polls=27904 elapsed_us=15 interval_us=48 chunks=0
t=1564233 profile_poll polls=27968 elapsed_us=15 interval_us=48 chunks=0
t=1567822 profile_poll polls=28032 elapsed_us=15 interval_us=48 chunks=0
t=1570608 transfer event=3776 count=28 submitted=275356 tx_us=29 fast_bytes=28 slow_bytes=0 queries=2
t=1571996 profile_poll polls=28096 elapsed_us=174 interval_us=48 chunks=2
t=1576020 profile_poll polls=28160 elapsed_us=15 interval_us=48 chunks=0
t=1580565 profile_poll polls=28224 elapsed_us=14 interval_us=61 chunks=0
t=1582793 pipe_read event=19 count=16384 read_us=112 buffered=16384
t=1585076 profile_poll polls=28288 elapsed_us=14 interval_us=48 chunks=0
t=1589143 profile_poll polls=28352 elapsed_us=14 interval_us=48 chunks=0
t=1592909 profile_poll polls=28416 elapsed_us=14 interval_us=48 chunks=0
t=1596027 profile_poll polls=28480 elapsed_us=15 interval_us=47 chunks=0
t=1599141 profile_poll polls=28544 elapsed_us=15 interval_us=47 chunks=0
t=1602256 profile_poll polls=28608 elapsed_us=15 interval_us=47 chunks=0
t=1605368 profile_poll polls=28672 elapsed_us=15 interval_us=47 chunks=0
t=1608533 profile_poll polls=28736 elapsed_us=15 interval_us=59 chunks=0
t=1611652 profile_poll polls=28800 elapsed_us=15 interval_us=48 chunks=0
t=1614767 profile_poll polls=28864 elapsed_us=14 interval_us=48 chunks=0
t=1618630 profile_poll polls=28928 elapsed_us=14 interval_us=49 chunks=0
t=1621059 transfer event=3840 count=192 submitted=299436 tx_us=63 fast_bytes=192 slow_bytes=0 queries=2
t=1622777 profile_poll polls=28992 elapsed_us=206 interval_us=50 chunks=2
t=1626209 pipe_read event=20 count=16384 read_us=115 buffered=16384
t=1627096 profile_poll polls=29056 elapsed_us=236 interval_us=47 chunks=2
t=1631435 profile_poll polls=29120 elapsed_us=14 interval_us=48 chunks=0
t=1635857 profile_poll polls=29184 elapsed_us=15 interval_us=357 chunks=0
t=1639920 profile_poll polls=29248 elapsed_us=15 interval_us=48 chunks=0
t=1642200 pipe_read event=21 count=16384 read_us=112 buffered=16384
t=1644146 profile_poll polls=29312 elapsed_us=14 interval_us=48 chunks=0
t=1648092 profile_poll polls=29376 elapsed_us=15 interval_us=73 chunks=0
t=1651092 transfer event=3904 count=144 submitted=325400 tx_us=53 fast_bytes=144 slow_bytes=0 queries=2
t=1651969 profile_poll polls=29440 elapsed_us=14 interval_us=248 chunks=0
t=1655873 profile_poll polls=29504 elapsed_us=15 interval_us=48 chunks=0
t=1659958 profile_poll polls=29568 elapsed_us=15 interval_us=48 chunks=0
t=1663089 pipe_read event=22 count=16384 read_us=113 buffered=16384
t=1664806 profile_poll polls=29632 elapsed_us=14 interval_us=48 chunks=0
t=1669041 profile_poll polls=29696 elapsed_us=15 interval_us=47 chunks=0
t=1673249 profile_poll polls=29760 elapsed_us=14 interval_us=48 chunks=0
t=1677422 profile_poll polls=29824 elapsed_us=14 interval_us=48 chunks=0
t=1679039 pipe_read event=23 count=16384 read_us=114 buffered=16384
t=1681951 profile_poll polls=29888 elapsed_us=15 interval_us=47 chunks=0
t=1685101 profile_poll polls=29952 elapsed_us=15 interval_us=48 chunks=0
t=1688218 profile_poll polls=30016 elapsed_us=15 interval_us=47 chunks=0
t=1691332 profile_poll polls=30080 elapsed_us=14 interval_us=48 chunks=0
t=1694440 profile_poll polls=30144 elapsed_us=14 interval_us=48 chunks=0
t=1697566 profile_poll polls=30208 elapsed_us=14 interval_us=62 chunks=0
t=1699565 transfer event=3968 count=400 submitted=355754 tx_us=117 fast_bytes=400 slow_bytes=0 queries=2
t=1701275 profile_poll polls=30272 elapsed_us=215 interval_us=48 chunks=2
t=1705287 profile_poll polls=30336 elapsed_us=15 interval_us=48 chunks=0
t=1709276 profile_poll polls=30400 elapsed_us=15 interval_us=47 chunks=0
t=1713507 profile_poll polls=30464 elapsed_us=25 interval_us=47 chunks=0
t=1713957 pipe_read event=24 count=16384 read_us=116 buffered=16384
t=1718526 profile_poll polls=30528 elapsed_us=15 interval_us=59 chunks=0
t=1722748 profile_poll polls=30592 elapsed_us=15 interval_us=48 chunks=0
t=1727236 profile_poll polls=30656 elapsed_us=14 interval_us=392 chunks=0
t=1728251 transfer event=4032 count=512 submitted=384092 tx_us=130 fast_bytes=512 slow_bytes=0 queries=2
t=1729614 pipe_read event=25 count=16384 read_us=122 buffered=16384
t=1731562 profile_poll polls=30720 elapsed_us=15 interval_us=63 chunks=0
t=1734951 profile_poll polls=30784 elapsed_us=15 interval_us=47 chunks=0
t=1738070 profile_poll polls=30848 elapsed_us=15 interval_us=47 chunks=0
t=1741193 profile_poll polls=30912 elapsed_us=15 interval_us=48 chunks=0
t=1744306 profile_poll polls=30976 elapsed_us=15 interval_us=47 chunks=0
t=1747426 profile_poll polls=31040 elapsed_us=15 interval_us=48 chunks=0
t=1750559 profile_poll polls=31104 elapsed_us=14 interval_us=61 chunks=0
t=1753670 profile_poll polls=31168 elapsed_us=14 interval_us=48 chunks=0
t=1756792 profile_poll polls=31232 elapsed_us=15 interval_us=47 chunks=0
t=1759910 profile_poll polls=31296 elapsed_us=14 interval_us=48 chunks=0
t=1763029 profile_poll polls=31360 elapsed_us=15 interval_us=47 chunks=0
t=1766142 profile_poll polls=31424 elapsed_us=15 interval_us=47 chunks=0
t=1770614 profile_poll polls=31488 elapsed_us=14 interval_us=49 chunks=0
t=1774841 profile_poll polls=31552 elapsed_us=284 interval_us=51 chunks=2
t=1778796 profile_poll polls=31616 elapsed_us=14 interval_us=48 chunks=0
t=1779251 pipe_read event=26 count=16384 read_us=118 buffered=16384
t=1783547 profile_poll polls=31680 elapsed_us=15 interval_us=62 chunks=0
t=1787870 profile_poll polls=31744 elapsed_us=14 interval_us=48 chunks=0
t=1790907 transfer event=4096 count=278 submitted=414428 tx_us=81 fast_bytes=278 slow_bytes=0 queries=2
t=1792395 profile_poll polls=31808 elapsed_us=15 interval_us=47 chunks=0
t=1794705 pipe_read event=27 count=16384 read_us=113 buffered=16384
t=1796738 profile_poll polls=31872 elapsed_us=14 interval_us=48 chunks=0
t=1801044 profile_poll polls=31936 elapsed_us=15 interval_us=47 chunks=0
t=1804187 profile_poll polls=32000 elapsed_us=14 interval_us=48 chunks=0
t=1807304 profile_poll polls=32064 elapsed_us=15 interval_us=47 chunks=0
t=1810425 profile_poll polls=32128 elapsed_us=15 interval_us=48 chunks=0
t=1813556 profile_poll polls=32192 elapsed_us=15 interval_us=61 chunks=0
t=1816890 profile_poll polls=32256 elapsed_us=15 interval_us=47 chunks=0
t=1821343 profile_poll polls=32320 elapsed_us=15 interval_us=47 chunks=0
t=1825682 pipe_read event=28 count=16384 read_us=115 buffered=16384
t=1826051 profile_poll polls=32384 elapsed_us=14 interval_us=49 chunks=0
t=1830526 profile_poll polls=32448 elapsed_us=354 interval_us=47 chunks=2
t=1834161 transfer event=4160 count=512 submitted=443148 tx_us=130 fast_bytes=512 slow_bytes=0 queries=2
t=1834812 profile_poll polls=32512 elapsed_us=15 interval_us=48 chunks=0
t=1839166 profile_poll polls=32576 elapsed_us=15 interval_us=47 chunks=0
t=1841065 pipe_read event=29 count=16384 read_us=112 buffered=16384
t=1843937 profile_poll polls=32640 elapsed_us=15 interval_us=49 chunks=0
t=1848134 profile_poll polls=32704 elapsed_us=15 interval_us=48 chunks=0
t=1852389 profile_poll polls=32768 elapsed_us=15 interval_us=47 chunks=0
t=1855772 profile_poll polls=32832 elapsed_us=14 interval_us=48 chunks=0
t=1858902 profile_poll polls=32896 elapsed_us=14 interval_us=48 chunks=0
t=1862021 profile_poll polls=32960 elapsed_us=15 interval_us=47 chunks=0
t=1865140 profile_poll polls=33024 elapsed_us=15 interval_us=48 chunks=0
t=1868257 profile_poll polls=33088 elapsed_us=15 interval_us=48 chunks=0
t=1871378 profile_poll polls=33152 elapsed_us=15 interval_us=48 chunks=0
t=1874502 profile_poll polls=33216 elapsed_us=15 interval_us=47 chunks=0
t=1877620 profile_poll polls=33280 elapsed_us=15 interval_us=50 chunks=0
t=1880740 profile_poll polls=33344 elapsed_us=15 interval_us=47 chunks=0
t=1884456 profile_poll polls=33408 elapsed_us=14 interval_us=48 chunks=0
t=1886455 pipe_read event=30 count=16384 read_us=194 buffered=16384
t=1889322 profile_poll polls=33472 elapsed_us=15 interval_us=47 chunks=0
t=1892870 transfer event=4224 count=644 submitted=475104 tx_us=158 fast_bytes=644 slow_bytes=0 queries=2
t=1893627 profile_poll polls=33536 elapsed_us=15 interval_us=49 chunks=0
t=1898267 profile_poll polls=33600 elapsed_us=15 interval_us=48 chunks=0
t=1900952 pipe_read event=31 count=16384 read_us=489 buffered=16384
t=1903414 profile_poll polls=33664 elapsed_us=14 interval_us=48 chunks=0
t=1907754 profile_poll polls=33728 elapsed_us=15 interval_us=48 chunks=0
t=1912059 profile_poll polls=33792 elapsed_us=15 interval_us=48 chunks=0
t=1915728 pipe_read event=32 count=16384 read_us=372 buffered=16384
t=1917208 profile_poll polls=33856 elapsed_us=15 interval_us=48 chunks=0
t=1920380 transfer event=4288 count=104 submitted=504104 tx_us=45 fast_bytes=104 slow_bytes=0 queries=2
t=1921345 profile_poll polls=33920 elapsed_us=15 interval_us=47 chunks=0
t=1924514 profile_poll polls=33984 elapsed_us=25 interval_us=48 chunks=0
t=1927634 profile_poll polls=34048 elapsed_us=14 interval_us=49 chunks=0
t=1930756 profile_poll polls=34112 elapsed_us=15 interval_us=48 chunks=0
t=1934513 profile_poll polls=34176 elapsed_us=25 interval_us=48 chunks=0
t=1938820 profile_poll polls=34240 elapsed_us=15 interval_us=47 chunks=0
t=1943075 pipe_read event=33 count=16384 read_us=325 buffered=16384
t=1943791 profile_poll polls=34304 elapsed_us=15 interval_us=47 chunks=0
t=1948460 profile_poll polls=34368 elapsed_us=14 interval_us=48 chunks=0
t=1952572 profile_poll polls=34432 elapsed_us=15 interval_us=50 chunks=0
t=1956946 profile_poll polls=34496 elapsed_us=15 interval_us=48 chunks=0
t=1957702 pipe_read event=34 count=16384 read_us=350 buffered=16384
t=1960307 transfer event=4352 count=128 submitted=536358 tx_us=49 fast_bytes=128 slow_bytes=0 queries=2
t=1962184 profile_poll polls=34560 elapsed_us=15 interval_us=47 chunks=0
t=1966577 profile_poll polls=34624 elapsed_us=15 interval_us=50 chunks=0
t=1970952 profile_poll polls=34688 elapsed_us=14 interval_us=48 chunks=0
t=1974298 profile_poll polls=34752 elapsed_us=14 interval_us=48 chunks=0
t=1977416 profile_poll polls=34816 elapsed_us=15 interval_us=47 chunks=0
t=1980551 profile_poll polls=34880 elapsed_us=15 interval_us=60 chunks=0
t=1983668 profile_poll polls=34944 elapsed_us=15 interval_us=48 chunks=0
t=1986793 profile_poll polls=35008 elapsed_us=14 interval_us=48 chunks=0
t=1989911 profile_poll polls=35072 elapsed_us=15 interval_us=47 chunks=0
t=1993026 profile_poll polls=35136 elapsed_us=15 interval_us=47 chunks=0
t=1996145 profile_poll polls=35200 elapsed_us=14 interval_us=48 chunks=0
t=1999263 profile_poll polls=35264 elapsed_us=15 interval_us=47 chunks=0
t=2000271 pipe_read event=35 count=16384 read_us=323 buffered=16384
t=2004247 profile_poll polls=35328 elapsed_us=15 interval_us=48 chunks=0
t=2008950 profile_poll polls=35392 elapsed_us=15 interval_us=450 chunks=0
t=2013261 profile_poll polls=35456 elapsed_us=14 interval_us=48 chunks=0
t=2014347 pipe_read event=36 count=16384 read_us=331 buffered=16384
t=2016617 transfer event=4416 count=512 submitted=567982 tx_us=140 fast_bytes=512 slow_bytes=0 queries=2
t=2018279 profile_poll polls=35520 elapsed_us=14 interval_us=48 chunks=0
t=2022568 profile_poll polls=35584 elapsed_us=14 interval_us=63 chunks=0
t=2026986 profile_poll polls=35648 elapsed_us=15 interval_us=47 chunks=0
t=2029610 pipe_read event=37 count=16384 read_us=345 buffered=16384
t=2031821 profile_poll polls=35712 elapsed_us=15 interval_us=48 chunks=0
t=2036219 profile_poll polls=35776 elapsed_us=15 interval_us=47 chunks=0
t=2040368 profile_poll polls=35840 elapsed_us=15 interval_us=47 chunks=0
t=2044480 profile_poll polls=35904 elapsed_us=15 interval_us=47 chunks=0
t=2047026 pipe_read event=38 count=16384 read_us=363 buffered=16384
t=2047763 transfer event=4480 count=176 submitted=599418 tx_us=59 fast_bytes=176 slow_bytes=0 queries=2
t=2049070 profile_poll polls=35968 elapsed_us=14 interval_us=48 chunks=0
t=2053041 profile_poll polls=36032 elapsed_us=14 interval_us=48 chunks=0
t=2057064 profile_poll polls=36096 elapsed_us=14 interval_us=48 chunks=0
t=2060921 profile_poll polls=36160 elapsed_us=14 interval_us=48 chunks=0
t=2064840 profile_poll polls=36224 elapsed_us=15 interval_us=48 chunks=0
t=2066110 transfer event=4544 count=58 submitted=612064 tx_us=34 fast_bytes=58 slow_bytes=0 queries=2
t=2068746 pipe_read event=39 count=16384 read_us=340 buffered=16384
t=2068973 transfer event=4608 count=12 submitted=614786 tx_us=25 fast_bytes=12 slow_bytes=0 queries=2
t=2071446 transfer event=4672 count=70 submitted=617304 tx_us=37 fast_bytes=70 slow_bytes=0 queries=2
t=2073926 transfer event=4736 count=14 submitted=619856 tx_us=25 fast_bytes=14 slow_bytes=0 queries=2
t=2076375 transfer event=4800 count=24 submitted=622356 tx_us=28 fast_bytes=24 slow_bytes=0 queries=2
t=2078857 transfer event=4864 count=70 submitted=624958 tx_us=37 fast_bytes=70 slow_bytes=0 queries=2
t=2082329 pipe_read event=40 count=16384 read_us=328 buffered=16384
t=2082629 transfer event=4928 count=1142 submitted=631926 tx_us=278 fast_bytes=1142 slow_bytes=0 queries=2
t=2085753 profile_poll polls=36288 elapsed_us=424 interval_us=333 chunks=8
t=2086085 transfer event=4992 count=36 submitted=638940 tx_us=30 fast_bytes=36 slow_bytes=0 queries=2
t=2088690 transfer event=5056 count=56 submitted=642150 tx_us=34 fast_bytes=56 slow_bytes=0 queries=2
t=2091270 transfer event=5120 count=16 submitted=645202 tx_us=25 fast_bytes=16 slow_bytes=0 queries=2
t=2093419 pipe_read event=41 count=16384 read_us=330 buffered=16384
t=2094350 transfer event=5184 count=62 submitted=648720 tx_us=36 fast_bytes=62 slow_bytes=0 queries=2
t=2096899 transfer event=5248 count=28 submitted=651614 tx_us=28 fast_bytes=28 slow_bytes=0 queries=2
t=2100612 profile_poll polls=36352 elapsed_us=15 interval_us=49 chunks=0
t=2104961 profile_poll polls=36416 elapsed_us=222 interval_us=48 chunks=2
t=2107358 transfer event=5312 count=168 submitted=662570 tx_us=57 fast_bytes=168 slow_bytes=0 queries=2
t=2109162 pipe_read event=42 count=16384 read_us=340 buffered=16384
t=2109686 profile_poll polls=36480 elapsed_us=15 interval_us=49 chunks=0
t=2114298 profile_poll polls=36544 elapsed_us=15 interval_us=48 chunks=0
t=2118463 profile_poll polls=36608 elapsed_us=15 interval_us=48 chunks=0
t=2122798 profile_poll polls=36672 elapsed_us=15 interval_us=48 chunks=0
t=2124829 pipe_read event=43 count=16384 read_us=336 buffered=16384
t=2127318 profile_poll polls=36736 elapsed_us=15 interval_us=47 chunks=0
t=2131580 profile_poll polls=36800 elapsed_us=15 interval_us=50 chunks=0
t=2133090 transfer event=5376 count=484 submitted=687210 tx_us=124 fast_bytes=484 slow_bytes=0 queries=2
t=2135890 profile_poll polls=36864 elapsed_us=14 interval_us=48 chunks=0
t=2139938 profile_poll polls=36928 elapsed_us=14 interval_us=48 chunks=0
t=2144353 pipe_read event=44 count=16384 read_us=333 buffered=16384
t=2144768 profile_poll polls=36992 elapsed_us=15 interval_us=48 chunks=0
t=2147921 profile_poll polls=37056 elapsed_us=15 interval_us=47 chunks=0
t=2151044 profile_poll polls=37120 elapsed_us=14 interval_us=48 chunks=0
t=2154163 profile_poll polls=37184 elapsed_us=15 interval_us=48 chunks=0
t=2157279 profile_poll polls=37248 elapsed_us=14 interval_us=48 chunks=0
t=2160392 profile_poll polls=37312 elapsed_us=15 interval_us=48 chunks=0
t=2163522 profile_poll polls=37376 elapsed_us=15 interval_us=59 chunks=0
t=2166813 profile_poll polls=37440 elapsed_us=15 interval_us=219 chunks=0
t=2171024 profile_poll polls=37504 elapsed_us=15 interval_us=47 chunks=0
t=2175443 profile_poll polls=37568 elapsed_us=15 interval_us=47 chunks=0
t=2177029 transfer event=5440 count=274 submitted=708078 tx_us=80 fast_bytes=274 slow_bytes=0 queries=2
t=2179977 profile_poll polls=37632 elapsed_us=15 interval_us=48 chunks=0
t=2182028 pipe_read event=45 count=16384 read_us=350 buffered=16384
t=2184978 profile_poll polls=37696 elapsed_us=14 interval_us=48 chunks=0
t=2189132 profile_poll polls=37760 elapsed_us=15 interval_us=48 chunks=0
t=2193611 profile_poll polls=37824 elapsed_us=14 interval_us=50 chunks=0
t=2197815 pipe_read event=46 count=16384 read_us=334 buffered=16384
t=2198423 profile_poll polls=37888 elapsed_us=14 interval_us=48 chunks=0
t=2202756 profile_poll polls=37952 elapsed_us=15 interval_us=48 chunks=0
t=2203758 transfer event=5504 count=512 submitted=735458 tx_us=131 fast_bytes=512 slow_bytes=0 queries=2
t=2207438 profile_poll polls=38016 elapsed_us=406 interval_us=48 chunks=3
t=2211623 profile_poll polls=38080 elapsed_us=15 interval_us=48 chunks=0
t=2213290 pipe_read event=47 count=16384 read_us=322 buffered=16384
t=2216488 profile_poll polls=38144 elapsed_us=14 interval_us=48 chunks=0
t=2219888 profile_poll polls=38208 elapsed_us=14 interval_us=48 chunks=0
t=2223009 profile_poll polls=38272 elapsed_us=15 interval_us=47 chunks=0
t=2226128 profile_poll polls=38336 elapsed_us=15 interval_us=48 chunks=0
t=2229249 profile_poll polls=38400 elapsed_us=15 interval_us=47 chunks=0
t=2232371 profile_poll polls=38464 elapsed_us=15 interval_us=47 chunks=0
t=2235491 profile_poll polls=38528 elapsed_us=15 interval_us=47 chunks=0
t=2238640 profile_poll polls=38592 elapsed_us=15 interval_us=49 chunks=0
t=2241760 profile_poll polls=38656 elapsed_us=15 interval_us=48 chunks=0
t=2244881 profile_poll polls=38720 elapsed_us=14 interval_us=48 chunks=0
t=2248002 profile_poll polls=38784 elapsed_us=14 interval_us=49 chunks=0
t=2251686 profile_poll polls=38848 elapsed_us=15 interval_us=48 chunks=0
t=2255994 profile_poll polls=38912 elapsed_us=14 interval_us=49 chunks=0
t=2260411 transfer event=5568 count=512 submitted=760594 tx_us=130 fast_bytes=512 slow_bytes=0 queries=2
t=2260618 profile_poll polls=38976 elapsed_us=15 interval_us=50 chunks=0
t=2262001 pipe_read event=48 count=16384 read_us=356 buffered=16384
t=2265511 profile_poll polls=39040 elapsed_us=25 interval_us=48 chunks=0
t=2269729 profile_poll polls=39104 elapsed_us=15 interval_us=48 chunks=0
t=2273914 profile_poll polls=39168 elapsed_us=15 interval_us=48 chunks=0
t=2278250 profile_poll polls=39232 elapsed_us=15 interval_us=47 chunks=0
t=2279876 pipe_read event=49 count=16384 read_us=344 buffered=16384
t=2282004 transfer event=5632 count=384 submitted=780950 tx_us=104 fast_bytes=384 slow_bytes=0 queries=2
t=2283237 profile_poll polls=39296 elapsed_us=15 interval_us=47 chunks=0
t=2287954 profile_poll polls=39360 elapsed_us=384 interval_us=50 chunks=3
t=2292046 profile_poll polls=39424 elapsed_us=14 interval_us=48 chunks=0
t=2295266 pipe_read event=50 count=16384 read_us=325 buffered=16384
t=2297192 profile_poll polls=39488 elapsed_us=15 interval_us=47 chunks=0
t=2301579 profile_poll polls=39552 elapsed_us=15 interval_us=51 chunks=0
t=2305866 profile_poll polls=39616 elapsed_us=15 interval_us=49 chunks=0
t=2308514 transfer event=5696 count=364 submitted=809634 tx_us=109 fast_bytes=364 slow_bytes=0 queries=2
t=2310361 pipe_read event=51 count=16384 read_us=332 buffered=16384
t=2311078 profile_poll polls=39680 elapsed_us=14 interval_us=48 chunks=0
t=2315419 profile_poll polls=39744 elapsed_us=15 interval_us=47 chunks=0
t=2319820 profile_poll polls=39808 elapsed_us=16 interval_us=354 chunks=0
t=2324105 profile_poll polls=39872 elapsed_us=15 interval_us=48 chunks=0
t=2326245 pipe_read event=52 count=16384 read_us=332 buffered=16384
t=2328914 profile_poll polls=39936 elapsed_us=15 interval_us=47 chunks=0
t=2333359 profile_poll polls=40000 elapsed_us=15 interval_us=48 chunks=0
t=2336483 profile_poll polls=40064 elapsed_us=15 interval_us=47 chunks=0
t=2339616 profile_poll polls=40128 elapsed_us=15 interval_us=49 chunks=0
t=2342732 profile_poll polls=40192 elapsed_us=14 interval_us=48 chunks=0
t=2345847 profile_poll polls=40256 elapsed_us=15 interval_us=47 chunks=0
t=2348966 profile_poll polls=40320 elapsed_us=15 interval_us=48 chunks=0
t=2352086 profile_poll polls=40384 elapsed_us=14 interval_us=48 chunks=0
t=2355208 profile_poll polls=40448 elapsed_us=15 interval_us=47 chunks=0
t=2358327 profile_poll polls=40512 elapsed_us=14 interval_us=48 chunks=0
t=2361443 profile_poll polls=40576 elapsed_us=15 interval_us=47 chunks=0
t=2364585 profile_poll polls=40640 elapsed_us=14 interval_us=50 chunks=0
t=2367707 profile_poll polls=40704 elapsed_us=15 interval_us=47 chunks=0
t=2370823 profile_poll polls=40768 elapsed_us=14 interval_us=48 chunks=0
t=2373944 profile_poll polls=40832 elapsed_us=15 interval_us=48 chunks=0
t=2377104 profile_poll polls=40896 elapsed_us=14 interval_us=51 chunks=0
t=2380869 profile_poll polls=40960 elapsed_us=16 interval_us=54 chunks=0
t=2385201 transfer event=5760 count=512 submitted=837506 tx_us=134 fast_bytes=512 slow_bytes=0 queries=2
t=2385721 profile_poll polls=41024 elapsed_us=14 interval_us=50 chunks=0
t=2391248 pipe_read event=53 count=16384 read_us=445 buffered=16384
t=2392470 profile_poll polls=41088 elapsed_us=15 interval_us=48 chunks=0
t=2397198 profile_poll polls=41152 elapsed_us=14 interval_us=48 chunks=0
t=2401859 profile_poll polls=41216 elapsed_us=15 interval_us=47 chunks=0
t=2406260 profile_poll polls=41280 elapsed_us=15 interval_us=48 chunks=0
t=2406907 pipe_read event=54 count=16384 read_us=379 buffered=16384
t=2411169 profile_poll polls=41344 elapsed_us=40 interval_us=48 chunks=1
t=2414298 profile_poll polls=41408 elapsed_us=15 interval_us=48 chunks=0
t=2417423 profile_poll polls=41472 elapsed_us=15 interval_us=48 chunks=0
t=2420553 profile_poll polls=41536 elapsed_us=14 interval_us=60 chunks=0
t=2423674 profile_poll polls=41600 elapsed_us=14 interval_us=48 chunks=0
t=2426808 profile_poll polls=41664 elapsed_us=15 interval_us=48 chunks=0
t=2429934 profile_poll polls=41728 elapsed_us=15 interval_us=47 chunks=0
t=2433076 profile_poll polls=41792 elapsed_us=15 interval_us=47 chunks=0
t=2435084 transfer event=5824 count=512 submitted=866938 tx_us=130 fast_bytes=512 slow_bytes=0 queries=2
t=2437687 profile_poll polls=41856 elapsed_us=14 interval_us=49 chunks=0
t=2442057 profile_poll polls=41920 elapsed_us=14 interval_us=48 chunks=0
t=2443774 pipe_read event=55 count=16384 read_us=361 buffered=16384
t=2447059 profile_poll polls=41984 elapsed_us=15 interval_us=48 chunks=0
t=2451188 profile_poll polls=42048 elapsed_us=15 interval_us=47 chunks=0
t=2455356 profile_poll polls=42112 elapsed_us=15 interval_us=48 chunks=0
t=2460090 pipe_read event=56 count=16384 read_us=329 buffered=16384
t=2460356 profile_poll polls=42176 elapsed_us=15 interval_us=826 chunks=0
t=2464111 transfer event=5888 count=766 submitted=898024 tx_us=184 fast_bytes=766 slow_bytes=0 queries=2
t=2464809 profile_poll polls=42240 elapsed_us=15 interval_us=48 chunks=0
t=2468979 profile_poll polls=42304 elapsed_us=15 interval_us=48 chunks=0
t=2473639 profile_poll polls=42368 elapsed_us=15 interval_us=48 chunks=0
t=2475484 pipe_read event=57 count=16384 read_us=332 buffered=16384
t=2478476 profile_poll polls=42432 elapsed_us=15 interval_us=47 chunks=0
t=2482899 profile_poll polls=42496 elapsed_us=330 interval_us=50 chunks=2
t=2487000 profile_poll polls=42560 elapsed_us=15 interval_us=47 chunks=0
t=2491246 profile_poll polls=42624 elapsed_us=15 interval_us=47 chunks=0
t=2491929 pipe_read event=58 count=16384 read_us=360 buffered=16384
t=2492967 transfer event=5952 count=512 submitted=927330 tx_us=131 fast_bytes=512 slow_bytes=0 queries=2
t=2496392 profile_poll polls=42688 elapsed_us=15 interval_us=47 chunks=0
t=2500191 profile_poll polls=42752 elapsed_us=14 interval_us=48 chunks=0
t=2503309 profile_poll polls=42816 elapsed_us=15 interval_us=48 chunks=0
t=2506427 profile_poll polls=42880 elapsed_us=14 interval_us=48 chunks=0
t=2509554 profile_poll polls=42944 elapsed_us=14 interval_us=60 chunks=0
t=2512669 profile_poll polls=43008 elapsed_us=15 interval_us=48 chunks=0
t=2515793 profile_poll polls=43072 elapsed_us=15 interval_us=47 chunks=0
t=2519903 profile_poll polls=43136 elapsed_us=15 interval_us=47 chunks=0
t=2524078 pipe_read event=59 count=16384 read_us=332 buffered=16384
t=2525041 profile_poll polls=43200 elapsed_us=15 interval_us=48 chunks=0
t=2529548 profile_poll polls=43264 elapsed_us=15 interval_us=367 chunks=0
t=2533616 profile_poll polls=43328 elapsed_us=15 interval_us=50 chunks=0
t=2537709 profile_poll polls=43392 elapsed_us=15 interval_us=48 chunks=0
t=2538203 transfer event=6016 count=262 submitted=956898 tx_us=78 fast_bytes=262 slow_bytes=0 queries=2
t=2540815 pipe_read event=60 count=16384 read_us=360 buffered=16384
t=2542677 profile_poll polls=43456 elapsed_us=15 interval_us=47 chunks=0
t=2546845 profile_poll polls=43520 elapsed_us=14 interval_us=48 chunks=0
t=2551316 transfer event=6080 count=14 submitted=969072 tx_us=26 fast_bytes=14 slow_bytes=0 queries=2
t=2553857 transfer event=6144 count=70 submitted=971880 tx_us=38 fast_bytes=70 slow_bytes=0 queries=2
t=2555832 profile_poll polls=43584 elapsed_us=244 interval_us=314 chunks=8
t=2556367 transfer event=6208 count=32 submitted=974568 tx_us=29 fast_bytes=32 slow_bytes=0 queries=2
t=2557071 pipe_read event=61 count=16384 read_us=327 buffered=16384
t=2559346 transfer event=6272 count=64 submitted=977740 tx_us=36 fast_bytes=64 slow_bytes=0 queries=2
t=2561798 transfer event=6336 count=10 submitted=980182 tx_us=25 fast_bytes=10 slow_bytes=0 queries=2
t=2564676 transfer event=6400 count=138 submitted=984678 tx_us=51 fast_bytes=138 slow_bytes=0 queries=2
t=2567854 pipe_read event=62 count=16384 read_us=330 buffered=16384
t=2569180 transfer event=6464 count=112 submitted=995020 tx_us=45 fast_bytes=112 slow_bytes=0 queries=2
t=2572090 transfer event=6528 count=28 submitted=999628 tx_us=29 fast_bytes=28 slow_bytes=0 queries=2
t=2574717 transfer event=6592 count=68 submitted=1002932 tx_us=37 fast_bytes=68 slow_bytes=0 queries=2
t=2577455 transfer event=6656 count=48 submitted=1006818 tx_us=32 fast_bytes=48 slow_bytes=0 queries=2
t=2578406 pipe_read event=63 count=16384 read_us=330 buffered=16384
t=2580289 profile_poll polls=43648 elapsed_us=291 interval_us=316 chunks=8
t=2580903 transfer event=6720 count=34 submitted=1011898 tx_us=30 fast_bytes=34 slow_bytes=0 queries=2
t=2583716 transfer event=6784 count=56 submitted=1016074 tx_us=35 fast_bytes=56 slow_bytes=0 queries=2
t=2587808 profile_poll polls=43712 elapsed_us=14 interval_us=48 chunks=0
t=2591685 pipe_read event=64 count=16384 read_us=344 buffered=16384
t=2592632 profile_poll polls=43776 elapsed_us=15 interval_us=49 chunks=0
t=2597228 profile_poll polls=43840 elapsed_us=15 interval_us=48 chunks=0
t=2601763 profile_poll polls=43904 elapsed_us=15 interval_us=47 chunks=0
t=2606356 pipe_read event=65 count=16384 read_us=329 buffered=16384
t=2606638 transfer event=6848 count=1044 submitted=1041428 tx_us=258 fast_bytes=1044 slow_bytes=0 queries=2
t=2606669 profile_poll polls=43968 elapsed_us=756 interval_us=48 chunks=2
t=2610907 profile_poll polls=44032 elapsed_us=15 interval_us=48 chunks=0
t=2615102 profile_poll polls=44096 elapsed_us=14 interval_us=48 chunks=0
t=2619267 profile_poll polls=44160 elapsed_us=15 interval_us=47 chunks=0
t=2623103 pipe_read event=66 count=16384 read_us=326 buffered=16384
t=2623994 profile_poll polls=44224 elapsed_us=15 interval_us=48 chunks=0
t=2628268 profile_poll polls=44288 elapsed_us=14 interval_us=48 chunks=0
t=2632241 profile_poll polls=44352 elapsed_us=14 interval_us=216 chunks=0
t=2635278 transfer event=6912 count=80 submitted=1067292 tx_us=39 fast_bytes=80 slow_bytes=0 queries=2
t=2636312 profile_poll polls=44416 elapsed_us=14 interval_us=48 chunks=0
t=2640306 profile_poll polls=44480 elapsed_us=15 interval_us=231 chunks=0
t=2644228 pipe_read event=67 count=16384 read_us=347 buffered=16384
t=2644823 profile_poll polls=44544 elapsed_us=15 interval_us=49 chunks=0
t=2649138 profile_poll polls=44608 elapsed_us=14 interval_us=48 chunks=0
t=2653179 profile_poll polls=44672 elapsed_us=15 interval_us=48 chunks=0
t=2657199 profile_poll polls=44736 elapsed_us=14 interval_us=48 chunks=0
t=2661136 profile_poll polls=44800 elapsed_us=15 interval_us=47 chunks=0
t=2661525 transfer event=6976 count=512 submitted=1087552 tx_us=142 fast_bytes=512 slow_bytes=0 queries=2
t=2664733 pipe_read event=68 count=16384 read_us=342 buffered=16384
t=2665666 profile_poll polls=44864 elapsed_us=15 interval_us=48 chunks=0
t=2669676 profile_poll polls=44928 elapsed_us=15 interval_us=48 chunks=0
t=2673921 profile_poll polls=44992 elapsed_us=15 interval_us=48 chunks=0
t=2678488 profile_poll polls=45056 elapsed_us=15 interval_us=47 chunks=0
t=2680958 pipe_read event=69 count=16384 read_us=346 buffered=16384
t=2684002 profile_poll polls=45120 elapsed_us=15 interval_us=47 chunks=0
t=2688308 profile_poll polls=45184 elapsed_us=15 interval_us=48 chunks=0
t=2689215 transfer event=7040 count=944 submitted=1116552 tx_us=221 fast_bytes=944 slow_bytes=0 queries=2
t=2692540 profile_poll polls=45248 elapsed_us=15 interval_us=60 chunks=0
t=2695844 pipe_read event=70 count=16384 read_us=325 buffered=16384
t=2697447 profile_poll polls=45312 elapsed_us=14 interval_us=48 chunks=0
t=2701319 profile_poll polls=45376 elapsed_us=15 interval_us=47 chunks=0
t=2704438 profile_poll polls=45440 elapsed_us=15 interval_us=47 chunks=0
t=2707567 profile_poll polls=45504 elapsed_us=15 interval_us=61 chunks=0
t=2710685 profile_poll polls=45568 elapsed_us=15 interval_us=48 chunks=0
t=2713804 profile_poll polls=45632 elapsed_us=15 interval_us=48 chunks=0
t=2716925 profile_poll polls=45696 elapsed_us=15 interval_us=47 chunks=0
t=2721394 profile_poll polls=45760 elapsed_us=15 interval_us=48 chunks=0
t=2725714 profile_poll polls=45824 elapsed_us=15 interval_us=48 chunks=0
t=2727613 pipe_read event=71 count=16384 read_us=342 buffered=16384
t=2730855 profile_poll polls=45888 elapsed_us=14 interval_us=48 chunks=0
t=2735348 profile_poll polls=45952 elapsed_us=14 interval_us=48 chunks=0
t=2735859 transfer event=7104 count=426 submitted=1150196 tx_us=113 fast_bytes=426 slow_bytes=0 queries=2
t=2740040 profile_poll polls=46016 elapsed_us=14 interval_us=48 chunks=0
t=2741107 pipe_read event=72 count=16384 read_us=350 buffered=16384
t=2744987 profile_poll polls=46080 elapsed_us=15 interval_us=48 chunks=0
t=2749222 profile_poll polls=46144 elapsed_us=15 interval_us=47 chunks=0
t=2753370 profile_poll polls=46208 elapsed_us=15 interval_us=47 chunks=0
t=2757642 pipe_read event=73 count=16384 read_us=353 buffered=16384
t=2758339 profile_poll polls=46272 elapsed_us=15 interval_us=48 chunks=0
t=2762314 transfer event=7168 count=136 submitted=1175788 tx_us=51 fast_bytes=136 slow_bytes=0 queries=2
t=2762508 profile_poll polls=46336 elapsed_us=26 interval_us=49 chunks=0
t=2766317 profile_poll polls=46400 elapsed_us=15 interval_us=47 chunks=0
t=2770383 profile_poll polls=46464 elapsed_us=15 interval_us=269 chunks=0
t=2774212 profile_poll polls=46528 elapsed_us=15 interval_us=47 chunks=0
t=2778100 profile_poll polls=46592 elapsed_us=15 interval_us=47 chunks=0
t=2779397 pipe_read event=74 count=16384 read_us=333 buffered=16384
t=2783147 profile_poll polls=46656 elapsed_us=14 interval_us=48 chunks=0
t=2787355 profile_poll polls=46720 elapsed_us=15 interval_us=48 chunks=0
t=2790650 transfer event=7232 count=168 submitted=1198544 tx_us=57 fast_bytes=168 slow_bytes=0 queries=2
t=2791264 profile_poll polls=46784 elapsed_us=15 interval_us=48 chunks=0
t=2795245 profile_poll polls=46848 elapsed_us=15 interval_us=48 chunks=0
t=2799276 pipe_read event=75 count=16384 read_us=324 buffered=16384
t=2799710 profile_poll polls=46912 elapsed_us=15 interval_us=48 chunks=0
t=2803710 profile_poll polls=46976 elapsed_us=15 interval_us=49 chunks=0
t=2808306 profile_poll polls=47040 elapsed_us=15 interval_us=48 chunks=0
t=2812636 profile_poll polls=47104 elapsed_us=15 interval_us=48 chunks=0
t=2815949 pipe_read event=76 count=16384 read_us=335 buffered=16384
t=2817659 profile_poll polls=47168 elapsed_us=15 interval_us=48 chunks=0
t=2820040 transfer event=7296 count=510 submitted=1226146 tx_us=130 fast_bytes=510 slow_bytes=0 queries=2
t=2821945 profile_poll polls=47232 elapsed_us=15 interval_us=47 chunks=0
t=2826423 profile_poll polls=47296 elapsed_us=15 interval_us=47 chunks=0
t=2830176 pipe_read event=77 count=16384 read_us=326 buffered=16384
t=2831364 profile_poll polls=47360 elapsed_us=15 interval_us=47 chunks=0
t=2835419 profile_poll polls=47424 elapsed_us=14 interval_us=48 chunks=0
t=2838551 profile_poll polls=47488 elapsed_us=15 interval_us=60 chunks=0
t=2841670 profile_poll polls=47552 elapsed_us=15 interval_us=48 chunks=0
t=2844791 profile_poll polls=47616 elapsed_us=15 interval_us=47 chunks=0
t=2847915 profile_poll polls=47680 elapsed_us=15 interval_us=47 chunks=0
t=2851460 profile_poll polls=47744 elapsed_us=269 interval_us=48 chunks=2
t=2855871 profile_poll polls=47808 elapsed_us=15 interval_us=48 chunks=0
t=2860210 profile_poll polls=47872 elapsed_us=15 interval_us=47 chunks=0
t=2860896 pipe_read event=78 count=16384 read_us=346 buffered=16384
t=2863400 transfer event=7360 count=618 submitted=1256894 tx_us=152 fast_bytes=618 slow_bytes=0 queries=2
t=2865368 profile_poll polls=47936 elapsed_us=15 interval_us=48 chunks=0
t=2869614 profile_poll polls=48000 elapsed_us=15 interval_us=49 chunks=0
t=2874162 profile_poll polls=48064 elapsed_us=15 interval_us=379 chunks=0
t=2875682 pipe_read event=79 count=16384 read_us=376 buffered=16384
t=2879217 profile_poll polls=48128 elapsed_us=15 interval_us=48 chunks=0
t=2883384 profile_poll polls=48192 elapsed_us=14 interval_us=48 chunks=0
t=2886797 profile_poll polls=48256 elapsed_us=14 interval_us=48 chunks=0
t=2889918 profile_poll polls=48320 elapsed_us=15 interval_us=48 chunks=0
t=2893036 profile_poll polls=48384 elapsed_us=15 interval_us=48 chunks=0
t=2896156 profile_poll polls=48448 elapsed_us=14 interval_us=48 chunks=0
t=2899273 profile_poll polls=48512 elapsed_us=15 interval_us=48 chunks=0
t=2902393 profile_poll polls=48576 elapsed_us=14 interval_us=48 chunks=0
t=2905519 profile_poll polls=48640 elapsed_us=15 interval_us=57 chunks=0
t=2908639 profile_poll polls=48704 elapsed_us=15 interval_us=48 chunks=0
t=2911780 profile_poll polls=48768 elapsed_us=15 interval_us=47 chunks=0
t=2914903 profile_poll polls=48832 elapsed_us=15 interval_us=47 chunks=0
t=2918033 profile_poll polls=48896 elapsed_us=14 interval_us=48 chunks=0
t=2921150 profile_poll polls=48960 elapsed_us=15 interval_us=48 chunks=0
t=2924272 profile_poll polls=49024 elapsed_us=15 interval_us=47 chunks=0
t=2927393 profile_poll polls=49088 elapsed_us=15 interval_us=47 chunks=0
t=2930538 profile_poll polls=49152 elapsed_us=15 interval_us=61 chunks=0
t=2933664 profile_poll polls=49216 elapsed_us=14 interval_us=49 chunks=0
t=2938010 profile_poll polls=49280 elapsed_us=14 interval_us=48 chunks=0
t=2940603 pipe_read event=80 count=16384 read_us=351 buffered=16384
t=2941090 transfer event=7424 count=246 submitted=1286622 tx_us=74 fast_bytes=246 slow_bytes=0 queries=2
t=2943085 profile_poll polls=49344 elapsed_us=15 interval_us=47 chunks=0
t=2947368 profile_poll polls=49408 elapsed_us=14 interval_us=48 chunks=0
t=2951623 profile_poll polls=49472 elapsed_us=15 interval_us=48 chunks=0
t=2956087 pipe_read event=81 count=16384 read_us=336 buffered=16384
t=2956602 profile_poll polls=49536 elapsed_us=14 interval_us=51 chunks=0
t=2961142 profile_poll polls=49600 elapsed_us=15 interval_us=47 chunks=0
t=2965305 profile_poll polls=49664 elapsed_us=15 interval_us=47 chunks=0
t=2969337 profile_poll polls=49728 elapsed_us=15 interval_us=47 chunks=0
t=2972460 profile_poll polls=49792 elapsed_us=15 interval_us=48 chunks=0
t=2975591 profile_poll polls=49856 elapsed_us=15 interval_us=50 chunks=0
t=2978711 profile_poll polls=49920 elapsed_us=15 interval_us=48 chunks=0
t=2981832 profile_poll polls=49984 elapsed_us=15 interval_us=48 chunks=0
t=2985392 profile_poll polls=50048 elapsed_us=14 interval_us=48 chunks=0
t=2985686 transfer event=7488 count=512 submitted=1317788 tx_us=130 fast_bytes=512 slow_bytes=0 queries=2
t=2986954 pipe_read event=82 count=16384 read_us=340 buffered=16384
t=2990672 profile_poll polls=50112 elapsed_us=15 interval_us=49 chunks=0
t=2994937 profile_poll polls=50176 elapsed_us=14 interval_us=48 chunks=0
t=2999201 profile_poll polls=50240 elapsed_us=14 interval_us=48 chunks=0
t=3001688 pipe_read event=83 count=16384 read_us=344 buffered=16384
t=3004219 profile_poll polls=50304 elapsed_us=15 interval_us=48 chunks=0
t=3008442 profile_poll polls=50368 elapsed_us=15 interval_us=48 chunks=0
t=3013042 profile_poll polls=50432 elapsed_us=15 interval_us=48 chunks=0
t=3014013 transfer event=7552 count=382 submitted=1349008 tx_us=102 fast_bytes=382 slow_bytes=0 queries=2
t=3017279 profile_poll polls=50496 elapsed_us=15 interval_us=47 chunks=0
t=3017810 pipe_read event=84 count=16384 read_us=335 buffered=16384
t=3021681 transfer event=7616 count=72 submitted=1355922 tx_us=38 fast_bytes=72 slow_bytes=0 queries=2
t=3024331 transfer event=7680 count=44 submitted=1359328 tx_us=31 fast_bytes=44 slow_bytes=0 queries=2
t=3027165 transfer event=7744 count=58 submitted=1363604 tx_us=34 fast_bytes=58 slow_bytes=0 queries=2
t=3030019 pipe_read event=85 count=16384 read_us=325 buffered=16384
t=3030954 transfer event=7808 count=74 submitted=1370564 tx_us=39 fast_bytes=74 slow_bytes=0 queries=2
t=3033127 profile_poll polls=50560 elapsed_us=388 interval_us=418 chunks=8
t=3034328 transfer event=7872 count=76 submitted=1377270 tx_us=39 fast_bytes=76 slow_bytes=0 queries=2
t=3038083 pipe_read event=86 count=16384 read_us=319 buffered=16384
t=3038349 transfer event=7936 count=1044 submitted=1385492 tx_us=242 fast_bytes=1044 slow_bytes=0 queries=2
t=3041725 transfer event=8000 count=14 submitted=1392174 tx_us=25 fast_bytes=14 slow_bytes=0 queries=2
t=3044694 transfer event=8064 count=74 submitted=1397072 tx_us=38 fast_bytes=74 slow_bytes=0 queries=2
t=3047425 pipe_read event=87 count=16384 read_us=320 buffered=16384
t=3048114 transfer event=8128 count=24 submitted=1402372 tx_us=28 fast_bytes=24 slow_bytes=0 queries=2
t=3051006 transfer event=8192 count=74 submitted=1406874 tx_us=38 fast_bytes=74 slow_bytes=0 queries=2
t=3053687 transfer event=8256 count=52 submitted=1410410 tx_us=34 fast_bytes=52 slow_bytes=0 queries=2
t=3056336 profile_poll polls=50624 elapsed_us=14 interval_us=48 chunks=0
t=3059699 pipe_read event=88 count=16384 read_us=351 buffered=16384
t=3060976 profile_poll polls=50688 elapsed_us=14 interval_us=48 chunks=0
t=3065033 profile_poll polls=50752 elapsed_us=15 interval_us=48 chunks=0
t=3065618 transfer event=8320 count=348 submitted=1422912 tx_us=97 fast_bytes=348 slow_bytes=0 queries=2
t=3069066 profile_poll polls=50816 elapsed_us=14 interval_us=288 chunks=0
t=3072908 profile_poll polls=50880 elapsed_us=15 interval_us=48 chunks=0
t=3076931 profile_poll polls=50944 elapsed_us=15 interval_us=48 chunks=0
t=3080868 profile_poll polls=51008 elapsed_us=14 interval_us=48 chunks=0
t=3081627 pipe_read event=89 count=16384 read_us=365 buffered=16384
t=3085443 profile_poll polls=51072 elapsed_us=15 interval_us=47 chunks=0
t=3089685 profile_poll polls=51136 elapsed_us=243 interval_us=48 chunks=2
t=3093481 profile_poll polls=51200 elapsed_us=15 interval_us=47 chunks=0
t=3095184 transfer event=8384 count=512 submitted=1444472 tx_us=129 fast_bytes=512 slow_bytes=0 queries=2
t=3097433 profile_poll polls=51264 elapsed_us=203 interval_us=48 chunks=2
t=3101269 profile_poll polls=51328 elapsed_us=15 interval_us=48 chunks=0
t=3103680 pipe_read event=90 count=16384 read_us=365 buffered=16384
t=3105847 profile_poll polls=51392 elapsed_us=14 interval_us=49 chunks=0
t=3109990 profile_poll polls=51456 elapsed_us=15 interval_us=48 chunks=0
t=3113878 profile_poll polls=51520 elapsed_us=15 interval_us=48 chunks=0
t=3118212 profile_poll polls=51584 elapsed_us=15 interval_us=47 chunks=0
t=3122048 pipe_read event=91 count=16384 read_us=326 buffered=16384
t=3122994 profile_poll polls=51648 elapsed_us=15 interval_us=48 chunks=0
t=3126110 transfer event=8448 count=494 submitted=1471146 tx_us=126 fast_bytes=494 slow_bytes=0 queries=2
t=3127333 profile_poll polls=51712 elapsed_us=15 interval_us=48 chunks=0
t=3131581 profile_poll polls=51776 elapsed_us=15 interval_us=51 chunks=0
t=3136183 profile_poll polls=51840 elapsed_us=15 interval_us=47 chunks=0
t=3137550 pipe_read event=92 count=16384 read_us=368 buffered=16384
t=3141128 profile_poll polls=51904 elapsed_us=14 interval_us=48 chunks=0
t=3145581 profile_poll polls=51968 elapsed_us=15 interval_us=51 chunks=0
t=3149791 profile_poll polls=52032 elapsed_us=15 interval_us=48 chunks=0
t=3154025 pipe_read event=93 count=16384 read_us=338 buffered=16384
t=3154293 transfer event=8512 count=1048 submitted=1500184 tx_us=244 fast_bytes=1048 slow_bytes=0 queries=2
t=3154608 profile_poll polls=52096 elapsed_us=15 interval_us=49 chunks=0
t=3158947 profile_poll polls=52160 elapsed_us=14 interval_us=48 chunks=0
t=3163416 profile_poll polls=52224 elapsed_us=15 interval_us=47 chunks=0
t=3167729 profile_poll polls=52288 elapsed_us=14 interval_us=48 chunks=0
t=3168476 pipe_read event=94 count=16384 read_us=332 buffered=16384
t=3172927 profile_poll polls=52352 elapsed_us=14 interval_us=48 chunks=0
t=3177519 profile_poll polls=52416 elapsed_us=352 interval_us=47 chunks=2
t=3181749 profile_poll polls=52480 elapsed_us=15 interval_us=48 chunks=0
t=3182746 pipe_read event=95 count=16384 read_us=366 buffered=16384
t=3183477 transfer event=8576 count=724 submitted=1533204 tx_us=174 fast_bytes=724 slow_bytes=0 queries=2
t=3186009 profile_poll polls=52544 elapsed_us=15 interval_us=48 chunks=0
t=3189138 profile_poll polls=52608 elapsed_us=15 interval_us=48 chunks=0
t=3192261 profile_poll polls=52672 elapsed_us=15 interval_us=48 chunks=0
t=3195382 profile_poll polls=52736 elapsed_us=14 interval_us=48 chunks=0
t=3198514 profile_poll polls=52800 elapsed_us=24 interval_us=48 chunks=0
t=3201634 profile_poll polls=52864 elapsed_us=14 interval_us=49 chunks=0
t=3204753 profile_poll polls=52928 elapsed_us=15 interval_us=48 chunks=0
t=3207871 profile_poll polls=52992 elapsed_us=15 interval_us=48 chunks=0
t=3210992 profile_poll polls=53056 elapsed_us=15 interval_us=48 chunks=0
t=3214111 profile_poll polls=53120 elapsed_us=14 interval_us=48 chunks=0
t=3217230 profile_poll polls=53184 elapsed_us=14 interval_us=48 chunks=0
t=3220371 profile_poll polls=53248 elapsed_us=15 interval_us=48 chunks=0
t=3223491 profile_poll polls=53312 elapsed_us=15 interval_us=47 chunks=0
t=3226621 profile_poll polls=53376 elapsed_us=15 interval_us=48 chunks=0
t=3229746 profile_poll polls=53440 elapsed_us=15 interval_us=48 chunks=0
t=3232862 profile_poll polls=53504 elapsed_us=15 interval_us=48 chunks=0
t=3235983 profile_poll polls=53568 elapsed_us=15 interval_us=48 chunks=0
t=3239103 profile_poll polls=53632 elapsed_us=15 interval_us=47 chunks=0
t=3242220 profile_poll polls=53696 elapsed_us=15 interval_us=48 chunks=0
t=3245349 profile_poll polls=53760 elapsed_us=15 interval_us=48 chunks=0
t=3248471 profile_poll polls=53824 elapsed_us=14 interval_us=48 chunks=0
t=3251917 profile_poll polls=53888 elapsed_us=14 interval_us=48 chunks=0
t=3255339 profile_poll polls=53952 elapsed_us=14 interval_us=48 chunks=0
t=3258458 profile_poll polls=54016 elapsed_us=14 interval_us=48 chunks=0
t=3261587 profile_poll polls=54080 elapsed_us=14 interval_us=50 chunks=0
t=3264705 profile_poll polls=54144 elapsed_us=14 interval_us=48 chunks=0
t=3267824 profile_poll polls=54208 elapsed_us=15 interval_us=48 chunks=0
t=3270939 profile_poll polls=54272 elapsed_us=15 interval_us=47 chunks=0
t=3274056 profile_poll polls=54336 elapsed_us=15 interval_us=47 chunks=0
t=3277176 profile_poll polls=54400 elapsed_us=15 interval_us=47 chunks=0
t=3280298 profile_poll polls=54464 elapsed_us=15 interval_us=47 chunks=0
t=3283417 profile_poll polls=54528 elapsed_us=15 interval_us=48 chunks=0
t=3286549 profile_poll polls=54592 elapsed_us=15 interval_us=61 chunks=0
t=3289666 profile_poll polls=54656 elapsed_us=15 interval_us=48 chunks=0
t=3292785 profile_poll polls=54720 elapsed_us=15 interval_us=48 chunks=0
t=3295904 profile_poll polls=54784 elapsed_us=15 interval_us=47 chunks=0
t=3299023 profile_poll polls=54848 elapsed_us=15 interval_us=47 chunks=0
t=3302714 profile_poll polls=54912 elapsed_us=15 interval_us=48 chunks=0
t=3307399 profile_poll polls=54976 elapsed_us=15 interval_us=48 chunks=0
t=3311811 pipe_read event=96 count=16384 read_us=354 buffered=16384
t=3312412 profile_poll polls=55040 elapsed_us=15 interval_us=48 chunks=0
t=3317143 profile_poll polls=55104 elapsed_us=15 interval_us=48 chunks=0
t=3321840 profile_poll polls=55168 elapsed_us=14 interval_us=48 chunks=0
t=3324232 pipe_read event=97 count=16384 read_us=322 buffered=16384
t=3327322 profile_poll polls=55232 elapsed_us=15 interval_us=48 chunks=0
t=3328293 transfer event=8640 count=222 submitted=1569826 tx_us=70 fast_bytes=222 slow_bytes=0 queries=2
t=3331771 profile_poll polls=55296 elapsed_us=15 interval_us=48 chunks=0
t=3336093 profile_poll polls=55360 elapsed_us=15 interval_us=48 chunks=0
t=3338290 pipe_read event=98 count=16384 read_us=343 buffered=16384
t=3341060 profile_poll polls=55424 elapsed_us=15 interval_us=48 chunks=0
t=3345070 profile_poll polls=55488 elapsed_us=15 interval_us=48 chunks=0
t=3349193 profile_poll polls=55552 elapsed_us=15 interval_us=47 chunks=0
t=3353304 profile_poll polls=55616 elapsed_us=15 interval_us=288 chunks=0
t=3357055 profile_poll polls=55680 elapsed_us=15 interval_us=47 chunks=0
t=3357981 pipe_read event=99 count=16384 read_us=344 buffered=16384
t=3361012 transfer event=8704 count=510 submitted=1600762 tx_us=129 fast_bytes=510 slow_bytes=0 queries=2
t=3361641 profile_poll polls=55744 elapsed_us=14 interval_us=49 chunks=0
t=3365799 profile_poll polls=55808 elapsed_us=16 interval_us=49 chunks=0
t=3369684 profile_poll polls=55872 elapsed_us=15 interval_us=48 chunks=0
t=3373881 profile_poll polls=55936 elapsed_us=15 interval_us=47 chunks=0
t=3376959 pipe_read event=100 count=16384 read_us=354 buffered=16384
t=3378426 profile_poll polls=56000 elapsed_us=15 interval_us=47 chunks=0
t=3382604 profile_poll polls=56064 elapsed_us=14 interval_us=50 chunks=0
t=3386466 profile_poll polls=56128 elapsed_us=15 interval_us=47 chunks=0
t=3390458 profile_poll polls=56192 elapsed_us=14 interval_us=48 chunks=0
t=3393100 transfer event=8768 count=510 submitted=1627574 tx_us=128 fast_bytes=510 slow_bytes=0 queries=2
t=3394784 profile_poll polls=56256 elapsed_us=14 interval_us=48 chunks=0
t=3396946 pipe_read event=101 count=16384 read_us=333 buffered=16384
t=3399307 profile_poll polls=56320 elapsed_us=15 interval_us=48 chunks=0
t=3403530 profile_poll polls=56384 elapsed_us=15 interval_us=59 chunks=0
t=3407566 profile_poll polls=56448 elapsed_us=15 interval_us=62 chunks=0
t=3412195 profile_poll polls=56512 elapsed_us=15 interval_us=47 chunks=0
t=3413596 pipe_read event=102 count=16384 read_us=352 buffered=16384
t=3417058 profile_poll polls=56576 elapsed_us=15 interval_us=47 chunks=0
t=3421680 profile_poll polls=56640 elapsed_us=14 interval_us=48 chunks=0
t=3423690 transfer event=8832 count=370 submitted=1658984 tx_us=101 fast_bytes=370 slow_bytes=0 queries=2
t=3426334 profile_poll polls=56704 elapsed_us=15 interval_us=48 chunks=0
t=3427159 pipe_read event=103 count=16384 read_us=346 buffered=16384
t=3432057 profile_poll polls=56768 elapsed_us=15 interval_us=48 chunks=0
t=3436512 profile_poll polls=56832 elapsed_us=25 interval_us=48 chunks=0
t=3440213 pipe_read event=104 count=16384 read_us=330 buffered=16384
t=3441564 profile_poll polls=56896 elapsed_us=428 interval_us=48 chunks=3
t=3445753 profile_poll polls=56960 elapsed_us=15 interval_us=48 chunks=0
t=3449507 profile_poll polls=57024 elapsed_us=25 interval_us=48 chunks=0
t=3453279 profile_poll polls=57088 elapsed_us=15 interval_us=48 chunks=0
t=3456468 transfer event=8896 count=1020 submitted=1695732 tx_us=237 fast_bytes=1020 slow_bytes=0 queries=2
t=3456849 pipe_read event=105 count=16384 read_us=320 buffered=16384
t=3458626 profile_poll polls=57152 elapsed_us=14 interval_us=49 chunks=0
t=3463321 profile_poll polls=57216 elapsed_us=15 interval_us=48 chunks=0
t=3468105 profile_poll polls=57280 elapsed_us=15 interval_us=47 chunks=0
t=3469330 pipe_read event=106 count=16384 read_us=340 buffered=16384
t=3474370 profile_poll polls=57344 elapsed_us=15 interval_us=738 chunks=0
t=3479222 profile_poll polls=57408 elapsed_us=15 interval_us=48 chunks=0
t=3480367 pipe_read event=107 count=16384 read_us=331 buffered=16384
t=3483945 profile_poll polls=57472 elapsed_us=15 interval_us=47 chunks=0
t=3487422 profile_poll polls=57536 elapsed_us=14 interval_us=48 chunks=0
t=3490556 profile_poll polls=57600 elapsed_us=15 interval_us=61 chunks=0
t=3493677 profile_poll polls=57664 elapsed_us=15 interval_us=48 chunks=0
t=3496808 profile_poll polls=57728 elapsed_us=14 interval_us=48 chunks=0
t=3499929 profile_poll polls=57792 elapsed_us=15 interval_us=47 chunks=0
t=3503046 profile_poll polls=57856 elapsed_us=14 interval_us=48 chunks=0
t=3506163 profile_poll polls=57920 elapsed_us=15 interval_us=48 chunks=0
t=3509281 profile_poll polls=57984 elapsed_us=15 interval_us=47 chunks=0
t=3512407 profile_poll polls=58048 elapsed_us=15 interval_us=47 chunks=0
t=3515540 profile_poll polls=58112 elapsed_us=15 interval_us=60 chunks=0
t=3518669 profile_poll polls=58176 elapsed_us=15 interval_us=48 chunks=0
t=3521788 profile_poll polls=58240 elapsed_us=16 interval_us=48 chunks=0
t=3524905 profile_poll polls=58304 elapsed_us=15 interval_us=47 chunks=0
t=3528025 profile_poll polls=58368 elapsed_us=14 interval_us=48 chunks=0
t=3531143 profile_poll polls=58432 elapsed_us=14 interval_us=48 chunks=0
t=3534256 profile_poll polls=58496 elapsed_us=15 interval_us=48 chunks=0
t=3536051 transfer event=8960 count=512 submitted=1736192 tx_us=131 fast_bytes=512 slow_bytes=0 queries=2
t=3538843 profile_poll polls=58560 elapsed_us=15 interval_us=432 chunks=0
t=3543018 profile_poll polls=58624 elapsed_us=15 interval_us=47 chunks=0
t=3544533 pipe_read event=108 count=16384 read_us=351 buffered=16384
t=3547854 profile_poll polls=58688 elapsed_us=14 interval_us=48 chunks=0
t=3551830 profile_poll polls=58752 elapsed_us=15 interval_us=48 chunks=0
t=3555926 profile_poll polls=58816 elapsed_us=15 interval_us=48 chunks=0
t=3559965 profile_poll polls=58880 elapsed_us=266 interval_us=48 chunks=2
t=3563936 pipe_read event=109 count=16384 read_us=331 buffered=16384
t=3564370 profile_poll polls=58944 elapsed_us=15 interval_us=48 chunks=0
t=3564938 transfer event=9024 count=82 submitted=1762652 tx_us=39 fast_bytes=82 slow_bytes=0 queries=2
t=3568762 profile_poll polls=59008 elapsed_us=14 interval_us=48 chunks=0
t=3573136 profile_poll polls=59072 elapsed_us=15 interval_us=381 chunks=0
t=3576979 profile_poll polls=59136 elapsed_us=14 interval_us=48 chunks=0
t=3581683 pipe_read event=110 count=16384 read_us=396 buffered=16384
t=3581925 profile_poll polls=59200 elapsed_us=15 interval_us=52 chunks=0
t=3586085 profile_poll polls=59264 elapsed_us=15 interval_us=48 chunks=0
t=3589964 profile_poll polls=59328 elapsed_us=15 interval_us=48 chunks=0
t=3593793 profile_poll polls=59392 elapsed_us=16 interval_us=47 chunks=0
t=3595342 transfer event=9088 count=198 submitted=1789388 tx_us=64 fast_bytes=198 slow_bytes=0 queries=2
t=3598228 profile_poll polls=59456 elapsed_us=15 interval_us=48 chunks=0
t=3601688 pipe_read event=111 count=16384 read_us=345 buffered=16384
t=3602982 profile_poll polls=59520 elapsed_us=15 interval_us=48 chunks=0
t=3607575 profile_poll polls=59584 elapsed_us=15 interval_us=74 chunks=0
t=3611741 profile_poll polls=59648 elapsed_us=335 interval_us=48 chunks=8
t=3612710 transfer event=9152 count=60 submitted=1805352 tx_us=35 fast_bytes=60 slow_bytes=0 queries=2
t=3615657 transfer event=9216 count=54 submitted=1810158 tx_us=34 fast_bytes=54 slow_bytes=0 queries=2
t=3616195 pipe_read event=112 count=16384 read_us=341 buffered=16384
t=3619274 transfer event=9280 count=58 submitted=1816212 tx_us=35 fast_bytes=58 slow_bytes=0 queries=2
t=3622222 transfer event=9344 count=58 submitted=1821000 tx_us=35 fast_bytes=58 slow_bytes=0 queries=2
t=3625147 transfer event=9408 count=62 submitted=1825632 tx_us=36 fast_bytes=62 slow_bytes=0 queries=2
t=3626168 pipe_read event=113 count=16384 read_us=336 buffered=16384
t=3629240 transfer event=9472 count=198 submitted=1833978 tx_us=64 fast_bytes=198 slow_bytes=0 queries=2
t=3632769 transfer event=9536 count=98 submitted=1841464 tx_us=43 fast_bytes=98 slow_bytes=0 queries=2
t=3633924 pipe_read event=114 count=16384 read_us=331 buffered=16384
t=3636634 transfer event=9600 count=36 submitted=1848756 tx_us=30 fast_bytes=36 slow_bytes=0 queries=2
t=3638603 profile_poll polls=59712 elapsed_us=356 interval_us=350 chunks=8
t=3639595 transfer event=9664 count=34 submitted=1853542 tx_us=29 fast_bytes=34 slow_bytes=0 queries=2
t=3642477 transfer event=9728 count=46 submitted=1858102 tx_us=32 fast_bytes=46 slow_bytes=0 queries=2
t=3643891 pipe_read event=115 count=16384 read_us=324 buffered=16384
t=3645939 transfer event=9792 count=80 submitted=1863506 tx_us=40 fast_bytes=80 slow_bytes=0 queries=2
t=3649999 profile_poll polls=59776 elapsed_us=15 interval_us=48 chunks=0
t=3653699 profile_poll polls=59840 elapsed_us=15 interval_us=49 chunks=0
t=3657713 profile_poll polls=59904 elapsed_us=15 interval_us=48 chunks=0
t=3660634 transfer event=9856 count=56 submitted=1874030 tx_us=34 fast_bytes=56 slow_bytes=0 queries=2
t=3661546 profile_poll polls=59968 elapsed_us=15 interval_us=61 chunks=0
t=3663315 pipe_read event=116 count=16384 read_us=326 buffered=16384
t=3665883 profile_poll polls=60032 elapsed_us=14 interval_us=48 chunks=0
t=3669858 profile_poll polls=60096 elapsed_us=14 interval_us=48 chunks=0
t=3673999 profile_poll polls=60160 elapsed_us=15 interval_us=48 chunks=0
t=3677800 profile_poll polls=60224 elapsed_us=15 interval_us=47 chunks=0
t=3681234 profile_poll polls=60288 elapsed_us=15 interval_us=48 chunks=0
t=3684355 profile_poll polls=60352 elapsed_us=15 interval_us=47 chunks=0
t=3688303 profile_poll polls=60416 elapsed_us=15 interval_us=47 chunks=0
t=3691102 pipe_read event=117 count=16384 read_us=322 buffered=16384
t=3692754 profile_poll polls=60480 elapsed_us=14 interval_us=48 chunks=0
t=3695072 transfer event=9920 count=212 submitted=1895234 tx_us=67 fast_bytes=212 slow_bytes=0 queries=2
t=3696743 profile_poll polls=60544 elapsed_us=14 interval_us=48 chunks=0
t=3700749 profile_poll polls=60608 elapsed_us=14 interval_us=49 chunks=0
t=3704568 profile_poll polls=60672 elapsed_us=15 interval_us=61 chunks=0
t=3708649 profile_poll polls=60736 elapsed_us=15 interval_us=47 chunks=0
t=3712745 profile_poll polls=60800 elapsed_us=14 interval_us=48 chunks=0
t=3714457 pipe_read event=118 count=16384 read_us=343 buffered=16384
t=3717601 profile_poll polls=60864 elapsed_us=15 interval_us=408 chunks=0
t=3721580 profile_poll polls=60928 elapsed_us=14 interval_us=51 chunks=0
t=3724020 transfer event=9984 count=492 submitted=1918146 tx_us=126 fast_bytes=492 slow_bytes=0 queries=2
t=3725539 profile_poll polls=60992 elapsed_us=16 interval_us=60 chunks=0
t=3729393 profile_poll polls=61056 elapsed_us=15 interval_us=47 chunks=0
t=3733551 pipe_read event=119 count=16384 read_us=345 buffered=16384
t=3734068 profile_poll polls=61120 elapsed_us=15 interval_us=49 chunks=0
t=3738532 profile_poll polls=61184 elapsed_us=15 interval_us=60 chunks=0
t=3742822 profile_poll polls=61248 elapsed_us=15 interval_us=47 chunks=0
t=3747310 profile_poll polls=61312 elapsed_us=14 interval_us=48 chunks=0
t=3748119 pipe_read event=120 count=16384 read_us=350 buffered=16384
t=3752236 profile_poll polls=61376 elapsed_us=14 interval_us=48 chunks=0
t=3755361 profile_poll polls=61440 elapsed_us=15 interval_us=48 chunks=0
t=3758478 profile_poll polls=61504 elapsed_us=14 interval_us=48 chunks=0
t=3761604 profile_poll polls=61568 elapsed_us=14 interval_us=49 chunks=0
t=3764727 profile_poll polls=61632 elapsed_us=14 interval_us=48 chunks=0
t=3767848 profile_poll polls=61696 elapsed_us=15 interval_us=48 chunks=0
t=3771969 transfer event=10048 count=430 submitted=1951346 tx_us=112 fast_bytes=430 slow_bytes=0 queries=2
t=3772295 profile_poll polls=61760 elapsed_us=15 interval_us=48 chunks=0
t=3776345 profile_poll polls=61824 elapsed_us=15 interval_us=48 chunks=0
t=3780207 pipe_read event=121 count=16384 read_us=330 buffered=16384
t=3780760 profile_poll polls=61888 elapsed_us=15 interval_us=48 chunks=0
t=3784750 profile_poll polls=61952 elapsed_us=15 interval_us=48 chunks=0
t=3789154 profile_poll polls=62016 elapsed_us=14 interval_us=48 chunks=0
t=3793693 profile_poll polls=62080 elapsed_us=14 interval_us=48 chunks=0
t=3796027 pipe_read event=122 count=16384 read_us=349 buffered=16384
t=3798975 profile_poll polls=62144 elapsed_us=15 interval_us=47 chunks=0
t=3802110 transfer event=10112 count=512 submitted=1981074 tx_us=130 fast_bytes=512 slow_bytes=0 queries=2
t=3803196 profile_poll polls=62208 elapsed_us=15 interval_us=48 chunks=0
t=3807747 profile_poll polls=62272 elapsed_us=15 interval_us=48 chunks=0
t=3811216 pipe_read event=123 count=16384 read_us=324 buffered=16384
t=3812704 profile_poll polls=62336 elapsed_us=14 interval_us=49 chunks=0
t=3816869 profile_poll polls=62400 elapsed_us=15 interval_us=47 chunks=0
t=3820311 profile_poll polls=62464 elapsed_us=15 interval_us=47 chunks=0
t=3823431 profile_poll polls=62528 elapsed_us=15 interval_us=47 chunks=0
t=3826602 profile_poll polls=62592 elapsed_us=15 interval_us=102 chunks=0
t=3829728 profile_poll polls=62656 elapsed_us=15 interval_us=47 chunks=0
t=3832844 profile_poll polls=62720 elapsed_us=15 interval_us=47 chunks=0
t=3835968 profile_poll polls=62784 elapsed_us=15 interval_us=48 chunks=0
t=3839086 profile_poll polls=62848 elapsed_us=15 interval_us=48 chunks=0
t=3842207 profile_poll polls=62912 elapsed_us=15 interval_us=47 chunks=0
t=3845323 profile_poll polls=62976 elapsed_us=15 interval_us=47 chunks=0
t=3848445 profile_poll polls=63040 elapsed_us=15 interval_us=47 chunks=0
t=3851576 profile_poll polls=63104 elapsed_us=15 interval_us=50 chunks=0
t=3854698 profile_poll polls=63168 elapsed_us=14 interval_us=48 chunks=0
t=3857821 profile_poll polls=63232 elapsed_us=15 interval_us=49 chunks=0
t=3860941 profile_poll polls=63296 elapsed_us=15 interval_us=48 chunks=0
t=3864062 profile_poll polls=63360 elapsed_us=15 interval_us=48 chunks=0
t=3867178 profile_poll polls=63424 elapsed_us=14 interval_us=48 chunks=0
t=3870296 profile_poll polls=63488 elapsed_us=15 interval_us=47 chunks=0
t=3873414 profile_poll polls=63552 elapsed_us=14 interval_us=48 chunks=0
t=3876553 profile_poll polls=63616 elapsed_us=14 interval_us=61 chunks=0
t=3879673 profile_poll polls=63680 elapsed_us=15 interval_us=48 chunks=0
t=3882808 profile_poll polls=63744 elapsed_us=15 interval_us=48 chunks=0
t=3886251 profile_poll polls=63808 elapsed_us=15 interval_us=47 chunks=0
t=3890265 profile_poll polls=63872 elapsed_us=15 interval_us=47 chunks=0
t=3894465 profile_poll polls=63936 elapsed_us=15 interval_us=48 chunks=0
t=3895218 pipe_read event=124 count=16384 read_us=339 buffered=16384
t=3899688 transfer event=10176 count=622 submitted=2013566 tx_us=153 fast_bytes=622 slow_bytes=0 queries=2
t=3899879 profile_poll polls=64000 elapsed_us=14 interval_us=49 chunks=0
t=3904313 profile_poll polls=64064 elapsed_us=15 interval_us=48 chunks=0
t=3908655 profile_poll polls=64128 elapsed_us=15 interval_us=47 chunks=0
t=3909301 pipe_read event=125 count=16384 read_us=326 buffered=16384
t=3913858 profile_poll polls=64192 elapsed_us=14 interval_us=48 chunks=0
t=3917332 profile_poll polls=64256 elapsed_us=14 interval_us=48 chunks=0
t=3920458 profile_poll polls=64320 elapsed_us=15 interval_us=48 chunks=0
t=3923590 profile_poll polls=64384 elapsed_us=15 interval_us=49 chunks=0
t=3926709 profile_poll polls=64448 elapsed_us=15 interval_us=48 chunks=0
t=3929834 profile_poll polls=64512 elapsed_us=14 interval_us=49 chunks=0
t=3932951 profile_poll polls=64576 elapsed_us=15 interval_us=47 chunks=0
t=3936729 profile_poll polls=64640 elapsed_us=14 interval_us=48 chunks=0
t=3940954 profile_poll polls=64704 elapsed_us=15 interval_us=48 chunks=0
t=3943473 pipe_read event=126 count=16384 read_us=331 buffered=16384
t=3945424 profile_poll polls=64768 elapsed_us=14 interval_us=48 chunks=0
t=3949412 profile_poll polls=64832 elapsed_us=15 interval_us=47 chunks=0
t=3949918 transfer event=10240 count=6 submitted=2045318 tx_us=24 fast_bytes=6 slow_bytes=0 queries=2
t=3953461 profile_poll polls=64896 elapsed_us=15 interval_us=48 chunks=0
t=3957928 profile_poll polls=64960 elapsed_us=15 interval_us=47 chunks=0
t=3960457 pipe_read event=127 count=16384 read_us=328 buffered=16384
t=3963292 profile_poll polls=65024 elapsed_us=15 interval_us=48 chunks=0
t=3967613 profile_poll polls=65088 elapsed_us=14 interval_us=49 chunks=0
t=3972102 profile_poll polls=65152 elapsed_us=15 interval_us=47 chunks=0
t=3974584 pipe_read event=128 count=16384 read_us=349 buffered=16384
t=3976922 profile_poll polls=65216 elapsed_us=41 interval_us=47 chunks=1
t=3980052 profile_poll polls=65280 elapsed_us=15 interval_us=48 chunks=0
t=3983174 profile_poll polls=65344 elapsed_us=15 interval_us=48 chunks=0
t=3986901 profile_poll polls=65408 elapsed_us=15 interval_us=48 chunks=0
t=3989084 transfer event=10304 count=278 submitted=2080158 tx_us=80 fast_bytes=278 slow_bytes=0 queries=2
t=3991230 profile_poll polls=65472 elapsed_us=14 interval_us=49 chunks=0
t=3995353 profile_poll polls=65536 elapsed_us=15 interval_us=47 chunks=0
t=3999428 profile_poll polls=65600 elapsed_us=15 interval_us=47 chunks=0
t=4000250 pipe_read event=129 count=16384 read_us=325 buffered=16384
t=4003880 profile_poll polls=65664 elapsed_us=15 interval_us=47 chunks=0
t=4008324 profile_poll polls=65728 elapsed_us=14 interval_us=49 chunks=0
t=4012918 profile_poll polls=65792 elapsed_us=15 interval_us=47 chunks=0
t=4014957 pipe_read event=130 count=16384 read_us=342 buffered=16384
t=4018255 profile_poll polls=65856 elapsed_us=15 interval_us=47 chunks=0
t=4021861 transfer event=10368 count=512 submitted=2114438 tx_us=132 fast_bytes=512 slow_bytes=0 queries=2
t=4022870 profile_poll polls=65920 elapsed_us=15 interval_us=48 chunks=0
t=4027377 profile_poll polls=65984 elapsed_us=15 interval_us=48 chunks=0
t=4030545 profile_poll polls=66048 elapsed_us=15 interval_us=61 chunks=0
t=4033663 profile_poll polls=66112 elapsed_us=14 interval_us=49 chunks=0
t=4036781 profile_poll polls=66176 elapsed_us=15 interval_us=47 chunks=0
t=4039898 profile_poll polls=66240 elapsed_us=15 interval_us=48 chunks=0
t=4043016 profile_poll polls=66304 elapsed_us=15 interval_us=48 chunks=0
t=4046134 profile_poll polls=66368 elapsed_us=14 interval_us=48 chunks=0
t=4049255 profile_poll polls=66432 elapsed_us=15 interval_us=48 chunks=0
t=4052367 pipe_read event=131 count=16384 read_us=346 buffered=16384
t=4053506 profile_poll polls=66496 elapsed_us=15 interval_us=48 chunks=0
t=4057737 profile_poll polls=66560 elapsed_us=15 interval_us=47 chunks=0
t=4061855 profile_poll polls=66624 elapsed_us=14 interval_us=48 chunks=0
t=4065890 profile_poll polls=66688 elapsed_us=15 interval_us=47 chunks=0
t=4070024 pipe_read event=132 count=16384 read_us=329 buffered=16384
t=4070422 profile_poll polls=66752 elapsed_us=15 interval_us=47 chunks=0
t=4074266 transfer event=10432 count=352 submitted=2143506 tx_us=96 fast_bytes=352 slow_bytes=0 queries=2
t=4074944 profile_poll polls=66816 elapsed_us=15 interval_us=48 chunks=0
t=4079518 profile_poll polls=66880 elapsed_us=26 interval_us=47 chunks=0
t=4083483 pipe_read event=133 count=16384 read_us=323 buffered=16384
t=4084995 profile_poll polls=66944 elapsed_us=15 interval_us=48 chunks=0
t=4089617 profile_poll polls=67008 elapsed_us=15 interval_us=49 chunks=0
t=4094089 profile_poll polls=67072 elapsed_us=14 interval_us=48 chunks=0
t=4097240 profile_poll polls=67136 elapsed_us=15 interval_us=48 chunks=0
t=4100364 profile_poll polls=67200 elapsed_us=15 interval_us=47 chunks=0
t=4104165 profile_poll polls=67264 elapsed_us=15 interval_us=47 chunks=0
t=4104731 pipe_read event=134 count=16384 read_us=346 buffered=16384
t=4109113 profile_poll polls=67328 elapsed_us=15 interval_us=48 chunks=0
t=4113036 transfer event=10496 count=780 submitted=2179814 tx_us=185 fast_bytes=780 slow_bytes=0 queries=2
t=4113268 profile_poll polls=67392 elapsed_us=14 interval_us=48 chunks=0
t=4117206 profile_poll polls=67456 elapsed_us=15 interval_us=48 chunks=0
t=4121346 profile_poll polls=67520 elapsed_us=15 interval_us=417 chunks=0
t=4122880 pipe_read event=135 count=16384 read_us=320 buffered=16384
t=4126233 profile_poll polls=67584 elapsed_us=14 interval_us=48 chunks=0
t=4130801 profile_poll polls=67648 elapsed_us=15 interval_us=47 chunks=0
t=4135474 profile_poll polls=67712 elapsed_us=15 interval_us=48 chunks=0
t=4136194 pipe_read event=136 count=16384 read_us=329 buffered=16384
t=4140919 profile_poll polls=67776 elapsed_us=507 interval_us=48 chunks=3
t=4144957 profile_poll polls=67840 elapsed_us=40 interval_us=48 chunks=1
t=4148166 profile_poll polls=67904 elapsed_us=15 interval_us=48 chunks=0
t=4151287 profile_poll polls=67968 elapsed_us=15 interval_us=47 chunks=0
t=4154405 profile_poll polls=68032 elapsed_us=15 interval_us=47 chunks=0
t=4157539 profile_poll polls=68096 elapsed_us=14 interval_us=60 chunks=0
t=4160663 profile_poll polls=68160 elapsed_us=14 interval_us=48 chunks=0
t=4163778 profile_poll polls=68224 elapsed_us=15 interval_us=48 chunks=0
t=4166896 profile_poll polls=68288 elapsed_us=15 interval_us=48 chunks=0
t=4168737 transfer event=10560 count=534 submitted=2215050 tx_us=135 fast_bytes=534 slow_bytes=0 queries=2
t=4170693 profile_poll polls=68352 elapsed_us=14 interval_us=48 chunks=0
t=4174205 pipe_read event=137 count=16384 read_us=341 buffered=16384
t=4175755 profile_poll polls=68416 elapsed_us=15 interval_us=49 chunks=0
t=4179878 profile_poll polls=68480 elapsed_us=15 interval_us=380 chunks=0
t=4183596 profile_poll polls=68544 elapsed_us=15 interval_us=49 chunks=0
t=4187638 profile_poll polls=68608 elapsed_us=14 interval_us=49 chunks=0
t=4191482 pipe_read event=138 count=16384 read_us=346 buffered=16384
t=4192962 profile_poll polls=68672 elapsed_us=15 interval_us=48 chunks=0
t=4197579 profile_poll polls=68736 elapsed_us=15 interval_us=51 chunks=0
t=4201530 transfer event=10624 count=512 submitted=2249202 tx_us=141 fast_bytes=512 slow_bytes=0 queries=2
t=4202231 profile_poll polls=68800 elapsed_us=15 interval_us=47 chunks=0
t=4204857 pipe_read event=139 count=16384 read_us=322 buffered=16384
t=4207204 profile_poll polls=68864 elapsed_us=14 interval_us=48 chunks=0
t=4211777 profile_poll polls=68928 elapsed_us=15 interval_us=48 chunks=0
t=4214931 profile_poll polls=68992 elapsed_us=15 interval_us=48 chunks=0
t=4218059 profile_poll polls=69056 elapsed_us=15 interval_us=48 chunks=0
t=4222193 profile_poll polls=69120 elapsed_us=15 interval_us=48 chunks=0
t=4225796 pipe_read event=140 count=16384 read_us=356 buffered=16384
t=4227108 profile_poll polls=69184 elapsed_us=15 interval_us=48 chunks=0
t=4231187 profile_poll polls=69248 elapsed_us=15 interval_us=48 chunks=0
t=4235179 profile_poll polls=69312 elapsed_us=326 interval_us=48 chunks=3
t=4239072 profile_poll polls=69376 elapsed_us=15 interval_us=47 chunks=0
t=4239608 transfer event=10688 count=1020 submitted=2281886 tx_us=250 fast_bytes=1020 slow_bytes=0 queries=2
t=4243037 pipe_read event=141 count=16384 read_us=354 buffered=16384
t=4244621 profile_poll polls=69440 elapsed_us=15 interval_us=48 chunks=0
t=4249265 profile_poll polls=69504 elapsed_us=15 interval_us=47 chunks=0
t=4254016 profile_poll polls=69568 elapsed_us=14 interval_us=48 chunks=0
t=4255432 pipe_read event=142 count=16384 read_us=325 buffered=16384
t=4259006 profile_poll polls=69632 elapsed_us=14 interval_us=48 chunks=0
t=4263025 transfer event=10752 count=60 submitted=2310564 tx_us=35 fast_bytes=60 slow_bytes=0 queries=2
t=4266201 transfer event=10816 count=90 submitted=2316452 tx_us=42 fast_bytes=90 slow_bytes=0 queries=2
t=4267508 pipe_read event=143 count=16384 read_us=324 buffered=16384
t=4268997 profile_poll polls=69696 elapsed_us=381 interval_us=443 chunks=8
t=4270296 transfer event=10880 count=80 submitted=2324714 tx_us=39 fast_bytes=80 slow_bytes=0 queries=2
t=4273700 transfer event=10944 count=96 submitted=2331626 tx_us=43 fast_bytes=96 slow_bytes=0 queries=2
t=4275593 pipe_read event=144 count=16384 read_us=360 buffered=16384
t=4277770 transfer event=11008 count=102 submitted=2339792 tx_us=45 fast_bytes=102 slow_bytes=0 queries=2
t=4281693 transfer event=11072 count=196 submitted=2349160 tx_us=63 fast_bytes=196 slow_bytes=0 queries=2
t=4283001 pipe_read event=145 count=16384 read_us=324 buffered=16384
t=4285726 transfer event=11136 count=212 submitted=2357258 tx_us=67 fast_bytes=212 slow_bytes=0 queries=2
t=4288957 transfer event=11200 count=100 submitted=2363404 tx_us=43 fast_bytes=100 slow_bytes=0 queries=2
t=4291430 pipe_read event=146 count=16384 read_us=325 buffered=16384
t=4292792 transfer event=11264 count=90 submitted=2370594 tx_us=42 fast_bytes=90 slow_bytes=0 queries=2
t=4295899 transfer event=11328 count=94 submitted=2376116 tx_us=43 fast_bytes=94 slow_bytes=0 queries=2
t=4297882 profile_poll polls=69760 elapsed_us=347 interval_us=407 chunks=8
t=4299039 transfer event=11392 count=78 submitted=2381750 tx_us=39 fast_bytes=78 slow_bytes=0 queries=2
t=4300673 pipe_read event=147 count=16384 read_us=346 buffered=16384
t=4304486 profile_poll polls=69824 elapsed_us=14 interval_us=47 chunks=0
t=4308223 profile_poll polls=69888 elapsed_us=15 interval_us=47 chunks=0
t=4311888 profile_poll polls=69952 elapsed_us=15 interval_us=47 chunks=0
t=4315771 profile_poll polls=70016 elapsed_us=15 interval_us=49 chunks=0
t=4319674 profile_poll polls=70080 elapsed_us=14 interval_us=49 chunks=0
t=4321543 transfer event=11456 count=510 submitted=2398984 tx_us=141 fast_bytes=510 slow_bytes=0 queries=2
t=4324025 pipe_read event=148 count=16384 read_us=332 buffered=16384
t=4324311 profile_poll polls=70144 elapsed_us=15 interval_us=672 chunks=0
t=4328433 profile_poll polls=70208 elapsed_us=15 interval_us=47 chunks=0
t=4332806 profile_poll polls=70272 elapsed_us=281 interval_us=61 chunks=2
t=4336621 profile_poll polls=70336 elapsed_us=14 interval_us=50 chunks=0
t=4340474 profile_poll polls=70400 elapsed_us=14 interval_us=228 chunks=0
t=4344135 profile_poll polls=70464 elapsed_us=15 interval_us=47 chunks=0
t=4346242 pipe_read event=149 count=16384 read_us=327 buffered=16384
t=4348259 profile_poll polls=70528 elapsed_us=14 interval_us=48 chunks=0
t=4352039 profile_poll polls=70592 elapsed_us=15 interval_us=48 chunks=0
t=4354903 transfer event=11520 count=482 submitted=2422448 tx_us=124 fast_bytes=482 slow_bytes=0 queries=2
t=4356213 profile_poll polls=70656 elapsed_us=15 interval_us=307 chunks=0
t=4360185 profile_poll polls=70720 elapsed_us=15 interval_us=47 chunks=0
t=4364236 profile_poll polls=70784 elapsed_us=15 interval_us=48 chunks=0
t=4367107 pipe_read event=150 count=16384 read_us=326 buffered=16384
t=4369054 profile_poll polls=70848 elapsed_us=15 interval_us=48 chunks=0
t=4373583 profile_poll polls=70912 elapsed_us=15 interval_us=50 chunks=0
t=4378064 profile_poll polls=70976 elapsed_us=15 interval_us=48 chunks=0
t=4381211 pipe_read event=151 count=16384 read_us=346 buffered=16384
t=4382951 profile_poll polls=71040 elapsed_us=15 interval_us=48 chunks=0
t=4386533 transfer event=11584 count=512 submitted=2454906 tx_us=141 fast_bytes=512 slow_bytes=0 queries=2
t=4387381 profile_poll polls=71104 elapsed_us=15 interval_us=47 chunks=0
t=4392211 profile_poll polls=71168 elapsed_us=15 interval_us=48 chunks=0
t=4394871 pipe_read event=152 count=16384 read_us=331 buffered=16384
t=4397743 profile_poll polls=71232 elapsed_us=14 interval_us=49 chunks=0
t=4402365 profile_poll polls=71296 elapsed_us=15 interval_us=47 chunks=0
t=4406916 profile_poll polls=71360 elapsed_us=15 interval_us=47 chunks=0
t=4407632 pipe_read event=153 count=16384 read_us=344 buffered=16384
t=4412444 profile_poll polls=71424 elapsed_us=14 interval_us=49 chunks=0
t=4416234 profile_poll polls=71488 elapsed_us=15 interval_us=47 chunks=0
t=4416700 transfer event=11648 count=128 submitted=2493078 tx_us=49 fast_bytes=128 slow_bytes=0 queries=2
t=4420141 profile_poll polls=71552 elapsed_us=15 interval_us=47 chunks=0
t=4423787 profile_poll polls=71616 elapsed_us=15 interval_us=47 chunks=0
t=4427426 profile_poll polls=71680 elapsed_us=175 interval_us=47 chunks=2
t=4428771 pipe_read event=154 count=16384 read_us=368 buffered=16384
t=4431822 profile_poll polls=71744 elapsed_us=14 interval_us=48 chunks=0
t=4436080 profile_poll polls=71808 elapsed_us=15 interval_us=48 chunks=0
t=4440408 profile_poll polls=71872 elapsed_us=15 interval_us=47 chunks=0
t=4444578 profile_poll polls=71936 elapsed_us=15 interval_us=50 chunks=0
t=4445506 pipe_read event=155 count=16384 read_us=329 buffered=16384
t=4449145 profile_poll polls=72000 elapsed_us=15 interval_us=47 chunks=0
t=4452351 profile_poll polls=72064 elapsed_us=14 interval_us=134 chunks=0
t=4453962 transfer event=11712 count=512 submitted=2519426 tx_us=130 fast_bytes=512 slow_bytes=0 queries=2
t=4456135 profile_poll polls=72128 elapsed_us=15 interval_us=47 chunks=0
t=4459977 profile_poll polls=72192 elapsed_us=15 interval_us=48 chunks=0
t=4463562 profile_poll polls=72256 elapsed_us=15 interval_us=68 chunks=0
t=4467559 profile_poll polls=72320 elapsed_us=14 interval_us=63 chunks=0
t=4471518 profile_poll polls=72384 elapsed_us=27 interval_us=48 chunks=0
t=4472212 pipe_read event=156 count=16384 read_us=339 buffered=16384
t=4476252 profile_poll polls=72448 elapsed_us=14 interval_us=48 chunks=0
t=4480672 profile_poll polls=72512 elapsed_us=15 interval_us=47 chunks=0
t=4484897 profile_poll polls=72576 elapsed_us=15 interval_us=48 chunks=0
t=4488235 profile_poll polls=72640 elapsed_us=15 interval_us=47 chunks=0
t=4491351 profile_poll polls=72704 elapsed_us=15 interval_us=47 chunks=0
t=4494463 profile_poll polls=72768 elapsed_us=15 interval_us=47 chunks=0
t=4497585 profile_poll polls=72832 elapsed_us=14 interval_us=50 chunks=0
t=4500696 profile_poll polls=72896 elapsed_us=15 interval_us=47 chunks=0
t=4503811 profile_poll polls=72960 elapsed_us=15 interval_us=48 chunks=0
t=4506940 profile_poll polls=73024 elapsed_us=15 interval_us=47 chunks=0
t=4510058 profile_poll polls=73088 elapsed_us=14 interval_us=48 chunks=0
t=4513176 profile_poll polls=73152 elapsed_us=15 interval_us=48 chunks=0
t=4516289 profile_poll polls=73216 elapsed_us=14 interval_us=48 chunks=0
t=4519057 transfer event=11776 count=534 submitted=2545102 tx_us=134 fast_bytes=534 slow_bytes=0 queries=2
t=4519709 profile_poll polls=73280 elapsed_us=15 interval_us=48 chunks=0
t=4521764 pipe_read event=157 count=16384 read_us=350 buffered=16384
t=4525185 profile_poll polls=73344 elapsed_us=14 interval_us=48 chunks=0
t=4529701 profile_poll polls=73408 elapsed_us=15 interval_us=48 chunks=0
t=4534205 profile_poll polls=73472 elapsed_us=15 interval_us=48 chunks=0
t=4535538 pipe_read event=158 count=16384 read_us=347 buffered=16384
t=4539533 profile_poll polls=73536 elapsed_us=15 interval_us=60 chunks=0
t=4544642 profile_poll polls=73600 elapsed_us=15 interval_us=48 chunks=0
t=4545802 pipe_read event=159 count=16384 read_us=349 buffered=16384
t=4548709 transfer event=11840 count=510 submitted=2585412 tx_us=129 fast_bytes=510 slow_bytes=0 queries=2
t=4550691 profile_poll polls=73664 elapsed_us=14 interval_us=49 chunks=0
t=4555306 profile_poll polls=73728 elapsed_us=15 interval_us=48 chunks=0
t=4558026 pipe_read event=160 count=16384 read_us=350 buffered=16384
t=4560556 profile_poll polls=73792 elapsed_us=15 interval_us=62 chunks=0
t=4565223 profile_poll polls=73856 elapsed_us=15 interval_us=47 chunks=0
t=4568383 profile_poll polls=73920 elapsed_us=14 interval_us=48 chunks=0
t=4572259 profile_poll polls=73984 elapsed_us=14 interval_us=48 chunks=0
t=4575951 profile_poll polls=74048 elapsed_us=14 interval_us=48 chunks=0
t=4578116 pipe_read event=161 count=16384 read_us=344 buffered=16384
t=4580213 profile_poll polls=74112 elapsed_us=14 interval_us=48 chunks=0
t=4583938 profile_poll polls=74176 elapsed_us=15 interval_us=48 chunks=0
t=4584664 transfer event=11904 count=512 submitted=2617238 tx_us=130 fast_bytes=512 slow_bytes=0 queries=2
t=4588003 profile_poll polls=74240 elapsed_us=14 interval_us=48 chunks=0
t=4592037 profile_poll polls=74304 elapsed_us=14 interval_us=48 chunks=0
t=4596401 profile_poll polls=74368 elapsed_us=14 interval_us=48 chunks=0
t=4597922 pipe_read event=162 count=16384 read_us=334 buffered=16384
t=4601104 profile_poll polls=74432 elapsed_us=14 interval_us=48 chunks=0
t=4605353 profile_poll polls=74496 elapsed_us=130 interval_us=47 chunks=1
t=4609099 profile_poll polls=74560 elapsed_us=15 interval_us=47 chunks=0
t=4612980 profile_poll polls=74624 elapsed_us=15 interval_us=224 chunks=0
t=4616612 profile_poll polls=74688 elapsed_us=15 interval_us=49 chunks=0
t=4618329 transfer event=11968 count=512 submitted=2644074 tx_us=130 fast_bytes=512 slow_bytes=0 queries=2
t=4620363 profile_poll polls=74752 elapsed_us=15 interval_us=48 chunks=0
t=4621143 pipe_read event=163 count=16384 read_us=325 buffered=16384
t=4625199 profile_poll polls=74816 elapsed_us=15 interval_us=48 chunks=0
t=4629322 profile_poll polls=74880 elapsed_us=15 interval_us=48 chunks=0
t=4633834 profile_poll polls=74944 elapsed_us=15 interval_us=404 chunks=0
t=4638022 pipe_read event=164 count=16384 read_us=327 buffered=16384
t=4638516 profile_poll polls=75008 elapsed_us=32 interval_us=48 chunks=0
t=4643008 profile_poll polls=75072 elapsed_us=15 interval_us=49 chunks=0
t=4647302 transfer event=12032 count=1020 submitted=2673558 tx_us=236 fast_bytes=1020 slow_bytes=0 queries=2
t=4647600 profile_poll polls=75136 elapsed_us=15 interval_us=50 chunks=0
t=4652152 pipe_read event=165 count=16384 read_us=326 buffered=16384
t=4652455 profile_poll polls=75200 elapsed_us=14 interval_us=49 chunks=0
t=4656910 profile_poll polls=75264 elapsed_us=14 interval_us=47 chunks=0
t=4661862 profile_poll polls=75328 elapsed_us=14 interval_us=48 chunks=0
t=4664731 pipe_read event=166 count=16384 read_us=373 buffered=16384
t=4667810 profile_poll polls=75392 elapsed_us=14 interval_us=49 chunks=0
t=4673701 pipe_read event=167 count=16384 read_us=341 buffered=16384
t=4674048 profile_poll polls=75456 elapsed_us=984 interval_us=48 chunks=3
t=4678298 transfer event=12096 count=510 submitted=2719024 tx_us=130 fast_bytes=510 slow_bytes=0 queries=2
t=4679226 profile_poll polls=75520 elapsed_us=14 interval_us=48 chunks=0
t=4683942 pipe_read event=168 count=16384 read_us=323 buffered=16384
t=4684719 profile_poll polls=75584 elapsed_us=15 interval_us=48 chunks=0
t=4689362 profile_poll polls=75648 elapsed_us=14 interval_us=48 chunks=0
t=4693216 profile_poll polls=75712 elapsed_us=15 interval_us=48 chunks=0
t=4696922 profile_poll polls=75776 elapsed_us=15 interval_us=47 chunks=0
t=4700764 profile_poll polls=75840 elapsed_us=184 interval_us=49 chunks=2
t=4704575 profile_poll polls=75904 elapsed_us=15 interval_us=51 chunks=0
t=4705797 pipe_read event=169 count=16384 read_us=345 buffered=16384
t=4709062 profile_poll polls=75968 elapsed_us=15 interval_us=47 chunks=0
t=4711168 transfer event=12160 count=104 submitted=2750798 tx_us=44 fast_bytes=104 slow_bytes=0 queries=2
t=4713365 profile_poll polls=76032 elapsed_us=15 interval_us=48 chunks=0
t=4717443 profile_poll polls=76096 elapsed_us=14 interval_us=48 chunks=0
t=4722151 pipe_read event=170 count=16384 read_us=325 buffered=16384
t=4722360 profile_poll polls=76160 elapsed_us=15 interval_us=781 chunks=0
t=4726538 profile_poll polls=76224 elapsed_us=15 interval_us=60 chunks=0
t=4729689 profile_poll polls=76288 elapsed_us=15 interval_us=48 chunks=0
t=4732807 profile_poll polls=76352 elapsed_us=15 interval_us=47 chunks=0
t=4736044 profile_poll polls=76416 elapsed_us=15 interval_us=167 chunks=0
t=4739815 profile_poll polls=76480 elapsed_us=14 interval_us=48 chunks=0
t=4743552 profile_poll polls=76544 elapsed_us=15 interval_us=61 chunks=0
t=4747368 profile_poll polls=76608 elapsed_us=15 interval_us=48 chunks=0
t=4751220 profile_poll polls=76672 elapsed_us=15 interval_us=48 chunks=0
t=4753460 pipe_read event=171 count=16384 read_us=319 buffered=16384
t=4753622 transfer event=12224 count=478 submitted=2777566 tx_us=138 fast_bytes=478 slow_bytes=0 queries=2
t=4756278 profile_poll polls=76736 elapsed_us=15 interval_us=47 chunks=0
t=4760592 profile_poll polls=76800 elapsed_us=15 interval_us=49 chunks=0
t=4764772 profile_poll polls=76864 elapsed_us=14 interval_us=48 chunks=0
t=4769015 profile_poll polls=76928 elapsed_us=15 interval_us=47 chunks=0
t=4769880 pipe_read event=172 count=16384 read_us=343 buffered=16384
t=4774387 profile_poll polls=76992 elapsed_us=291 interval_us=322 chunks=8
t=4774508 transfer event=12288 count=124 submitted=2798604 tx_us=60 fast_bytes=124 slow_bytes=0 queries=2
t=4777557 transfer event=12352 count=130 submitted=2803918 tx_us=50 fast_bytes=130 slow_bytes=0 queries=2
t=4780621 transfer event=12416 count=138 submitted=2809252 tx_us=51 fast_bytes=138 slow_bytes=0 queries=2
t=4781325 pipe_read event=173 count=16384 read_us=318 buffered=16384
t=4784144 transfer event=12480 count=114 submitted=2815064 tx_us=47 fast_bytes=114 slow_bytes=0 queries=2
t=4787291 transfer event=12544 count=254 submitted=2820806 tx_us=76 fast_bytes=254 slow_bytes=0 queries=2
t=4790067 pipe_read event=174 count=16384 read_us=345 buffered=16384
t=4791879 transfer event=12608 count=202 submitted=2831390 tx_us=65 fast_bytes=202 slow_bytes=0 queries=2
t=4795906 transfer event=12672 count=284 submitted=2841252 tx_us=83 fast_bytes=284 slow_bytes=0 queries=2
t=4796837 pipe_read event=175 count=16384 read_us=321 buffered=16384
t=4800342 transfer event=12736 count=160 submitted=2851322 tx_us=56 fast_bytes=160 slow_bytes=0 queries=2
t=4804044 pipe_read event=176 count=16384 read_us=331 buffered=16384
t=4804721 profile_poll polls=77056 elapsed_us=1123 interval_us=450 chunks=8
t=4804880 transfer event=12800 count=296 submitted=2861636 tx_us=84 fast_bytes=296 slow_bytes=0 queries=2
t=4808226 transfer event=12864 count=66 submitted=2868318 tx_us=37 fast_bytes=66 slow_bytes=0 queries=2
t=4811299 transfer event=12928 count=128 submitted=2873732 tx_us=49 fast_bytes=128 slow_bytes=0 queries=2
t=4812576 pipe_read event=177 count=16384 read_us=342 buffered=16384
t=4814875 profile_poll polls=77120 elapsed_us=14 interval_us=48 chunks=0
t=4818000 profile_poll polls=77184 elapsed_us=15 interval_us=48 chunks=0
t=4821631 profile_poll polls=77248 elapsed_us=15 interval_us=48 chunks=0
t=4825447 profile_poll polls=77312 elapsed_us=15 interval_us=48 chunks=0
t=4829032 profile_poll polls=77376 elapsed_us=15 interval_us=48 chunks=0
t=4833000 profile_poll polls=77440 elapsed_us=15 interval_us=48 chunks=0
t=4837211 profile_poll polls=77504 elapsed_us=14 interval_us=48 chunks=0
t=4841208 pipe_read event=178 count=16384 read_us=336 buffered=16384
t=4841895 profile_poll polls=77568 elapsed_us=15 interval_us=47 chunks=0
t=4842253 transfer event=12992 count=324 submitted=2893248 tx_us=91 fast_bytes=324 slow_bytes=0 queries=2
t=4846085 profile_poll polls=77632 elapsed_us=15 interval_us=48 chunks=0
t=4850114 profile_poll polls=77696 elapsed_us=15 interval_us=47 chunks=0
t=4854366 profile_poll polls=77760 elapsed_us=15 interval_us=47 chunks=0
t=4858136 profile_poll polls=77824 elapsed_us=15 interval_us=48 chunks=0
t=4861875 profile_poll polls=77888 elapsed_us=14 interval_us=48 chunks=0
t=4862931 pipe_read event=179 count=16384 read_us=334 buffered=16384
t=4866005 profile_poll polls=77952 elapsed_us=14 interval_us=48 chunks=0
t=4870028 profile_poll polls=78016 elapsed_us=15 interval_us=48 chunks=0
t=4874433 profile_poll polls=78080 elapsed_us=15 interval_us=47 chunks=0
t=4876606 transfer event=13056 count=510 submitted=2921114 tx_us=140 fast_bytes=510 slow_bytes=0 queries=2
t=4878808 profile_poll polls=78144 elapsed_us=15 interval_us=48 chunks=0
t=4880924 pipe_read event=180 count=16384 read_us=325 buffered=16384
t=4883559 profile_poll polls=78208 elapsed_us=15 interval_us=64 chunks=0
t=4887475 profile_poll polls=78272 elapsed_us=15 interval_us=47 chunks=0
t=4891437 profile_poll polls=78336 elapsed_us=15 interval_us=48 chunks=0
t=4895375 profile_poll polls=78400 elapsed_us=15 interval_us=47 chunks=0
t=4899171 profile_poll polls=78464 elapsed_us=15 interval_us=47 chunks=0
t=4902146 pipe_read event=181 count=16384 read_us=326 buffered=16384
t=4903663 profile_poll polls=78528 elapsed_us=15 interval_us=48 chunks=0
t=4908224 profile_poll polls=78592 elapsed_us=15 interval_us=47 chunks=0
t=4909322 transfer event=13120 count=1020 submitted=2949898 tx_us=236 fast_bytes=1020 slow_bytes=0 queries=2
t=4913132 profile_poll polls=78656 elapsed_us=15 interval_us=47 chunks=0
t=4915648 pipe_read event=182 count=16384 read_us=388 buffered=16384
t=4918190 profile_poll polls=78720 elapsed_us=15 interval_us=48 chunks=0
t=4922764 profile_poll polls=78784 elapsed_us=15 interval_us=47 chunks=0
t=4927541 profile_poll polls=78848 elapsed_us=394 interval_us=48 chunks=3
t=4929090 pipe_read event=183 count=16384 read_us=324 buffered=16384
t=4931684 profile_poll polls=78912 elapsed_us=15 interval_us=48 chunks=0
t=4934810 profile_poll polls=78976 elapsed_us=15 interval_us=47 chunks=0
t=4938834 profile_poll polls=79040 elapsed_us=15 interval_us=48 chunks=0
t=4942743 profile_poll polls=79104 elapsed_us=15 interval_us=48 chunks=0
t=4946635 profile_poll polls=79168 elapsed_us=15 interval_us=48 chunks=0
t=4947173 transfer event=13184 count=456 submitted=2985136 tx_us=118 fast_bytes=456 slow_bytes=0 queries=2
t=4950665 profile_poll polls=79232 elapsed_us=14 interval_us=48 chunks=0
t=4953084 pipe_read event=184 count=16384 read_us=325 buffered=16384
t=4956416 profile_poll polls=79296 elapsed_us=633 interval_us=48 chunks=4
t=4961448 profile_poll polls=79360 elapsed_us=14 interval_us=49 chunks=0
t=4963283 pipe_read event=185 count=16384 read_us=319 buffered=16384
t=4966627 profile_poll polls=79424 elapsed_us=15 interval_us=49 chunks=0
t=4971097 profile_poll polls=79488 elapsed_us=15 interval_us=48 chunks=0
t=4975324 profile_poll polls=79552 elapsed_us=14 interval_us=48 chunks=0
t=4978633 pipe_read event=186 count=16384 read_us=339 buffered=16384
t=4979178 transfer event=13248 count=512 submitted=3024080 tx_us=131 fast_bytes=512 slow_bytes=0 queries=2
t=4980139 profile_poll polls=79616 elapsed_us=15 interval_us=48 chunks=0
t=4984165 profile_poll polls=79680 elapsed_us=15 interval_us=47 chunks=0
t=4988162 profile_poll polls=79744 elapsed_us=15 interval_us=48 chunks=0
t=4992200 profile_poll polls=79808 elapsed_us=15 interval_us=48 chunks=0
t=4995906 pipe_read event=187 count=16384 read_us=316 buffered=16384
t=4997826 profile_poll polls=79872 elapsed_us=15 interval_us=48 chunks=0
t=5002845 profile_poll polls=79936 elapsed_us=15 interval_us=48 chunks=0
t=5005969 profile_poll polls=80000 elapsed_us=14 interval_us=48 chunks=0
t=5009101 profile_poll polls=80064 elapsed_us=15 interval_us=48 chunks=0
t=5012223 profile_poll polls=80128 elapsed_us=15 interval_us=47 chunks=0
t=5015345 profile_poll polls=80192 elapsed_us=14 interval_us=48 chunks=0
t=5018477 profile_poll polls=80256 elapsed_us=15 interval_us=47 chunks=0
t=5021611 profile_poll polls=80320 elapsed_us=14 interval_us=49 chunks=0
t=5024753 profile_poll polls=80384 elapsed_us=15 interval_us=48 chunks=0
t=5027873 profile_poll polls=80448 elapsed_us=15 interval_us=47 chunks=0
t=5030993 profile_poll polls=80512 elapsed_us=15 interval_us=47 chunks=0
t=5034108 profile_poll polls=80576 elapsed_us=14 interval_us=48 chunks=0
t=5037224 profile_poll polls=80640 elapsed_us=15 interval_us=48 chunks=0
t=5040341 profile_poll polls=80704 elapsed_us=15 interval_us=47 chunks=0
t=5043456 profile_poll polls=80768 elapsed_us=15 interval_us=47 chunks=0
t=5046585 profile_poll polls=80832 elapsed_us=15 interval_us=50 chunks=0
t=5049703 profile_poll polls=80896 elapsed_us=15 interval_us=48 chunks=0
t=5053370 profile_poll polls=80960 elapsed_us=561 interval_us=48 chunks=3
t=5055310 pipe_read event=188 count=16384 read_us=335 buffered=16384
t=5058584 profile_poll polls=81024 elapsed_us=14 interval_us=51 chunks=0
t=5059599 transfer event=13312 count=1020 submitted=3061240 tx_us=248 fast_bytes=1020 slow_bytes=0 queries=2
t=5063073 profile_poll polls=81088 elapsed_us=14 interval_us=48 chunks=0
t=5067314 profile_poll polls=81152 elapsed_us=15 interval_us=48 chunks=0
t=5071121 profile_poll polls=81216 elapsed_us=15 interval_us=47 chunks=0
t=5074255 profile_poll polls=81280 elapsed_us=15 interval_us=48 chunks=0
t=5077372 profile_poll polls=81344 elapsed_us=14 interval_us=48 chunks=0
t=5080492 profile_poll polls=81408 elapsed_us=15 interval_us=48 chunks=0
t=5083624 profile_poll polls=81472 elapsed_us=14 interval_us=49 chunks=0
t=5086742 profile_poll polls=81536 elapsed_us=15 interval_us=47 chunks=0
t=5089874 profile_poll polls=81600 elapsed_us=15 interval_us=48 chunks=0
t=5092994 profile_poll polls=81664 elapsed_us=15 interval_us=47 chunks=0
t=5096116 profile_poll polls=81728 elapsed_us=15 interval_us=48 chunks=0
t=5099231 profile_poll polls=81792 elapsed_us=15 interval_us=47 chunks=0
t=5102349 profile_poll polls=81856 elapsed_us=15 interval_us=47 chunks=0
t=5103312 pipe_read event=189 count=16384 read_us=324 buffered=16384
t=5107267 profile_poll polls=81920 elapsed_us=15 interval_us=48 chunks=0
t=5111595 profile_poll polls=81984 elapsed_us=14 interval_us=49 chunks=0
t=5115834 profile_poll polls=82048 elapsed_us=15 interval_us=48 chunks=0
t=5118619 pipe_read event=190 count=16384 read_us=365 buffered=16384
t=5121209 profile_poll polls=82112 elapsed_us=14 interval_us=48 chunks=0
t=5123371 transfer event=13376 count=364 submitted=3096948 tx_us=99 fast_bytes=364 slow_bytes=0 queries=2
t=5126708 profile_poll polls=82176 elapsed_us=15 interval_us=48 chunks=0
t=5127670 pipe_read event=191 count=16384 read_us=338 buffered=16384
t=5133192 profile_poll polls=82240 elapsed_us=14 interval_us=48 chunks=0
t=5137907 profile_poll polls=82304 elapsed_us=15 interval_us=48 chunks=0
t=5138992 pipe_read event=192 count=16384 read_us=350 buffered=16384
t=5142719 profile_poll polls=82368 elapsed_us=15 interval_us=48 chunks=0
t=5147231 profile_poll polls=82432 elapsed_us=14 interval_us=48 chunks=0
t=5151082 profile_poll polls=82496 elapsed_us=15 interval_us=48 chunks=0
t=5154582 transfer event=13440 count=512 submitted=3136480 tx_us=140 fast_bytes=512 slow_bytes=0 queries=2
t=5155022 profile_poll polls=82560 elapsed_us=14 interval_us=48 chunks=0
t=5157127 pipe_read event=193 count=16384 read_us=326 buffered=16384
t=5159256 profile_poll polls=82624 elapsed_us=15 interval_us=47 chunks=0
t=5163339 profile_poll polls=82688 elapsed_us=15 interval_us=47 chunks=0
t=5167655 profile_poll polls=82752 elapsed_us=15 interval_us=48 chunks=0
t=5171863 profile_poll polls=82816 elapsed_us=15 interval_us=48 chunks=0
t=5176134 pipe_read event=194 count=16384 read_us=330 buffered=16384
t=5176231 profile_poll polls=82880 elapsed_us=588 interval_us=48 chunks=3
t=5180064 profile_poll polls=82944 elapsed_us=15 interval_us=48 chunks=0
t=5184167 profile_poll polls=83008 elapsed_us=15 interval_us=265 chunks=0
t=5187921 profile_poll polls=83072 elapsed_us=15 interval_us=48 chunks=0
t=5188393 transfer event=13504 count=512 submitted=3162640 tx_us=129 fast_bytes=512 slow_bytes=0 queries=2
t=5191842 profile_poll polls=83136 elapsed_us=15 interval_us=231 chunks=0
t=5195633 profile_poll polls=83200 elapsed_us=15 interval_us=48 chunks=0
t=5199352 pipe_read event=195 count=16384 read_us=330 buffered=16384
t=5200666 profile_poll polls=83264 elapsed_us=437 interval_us=47 chunks=3
t=5204948 profile_poll polls=83328 elapsed_us=15 interval_us=47 chunks=0
t=5208844 profile_poll polls=83392 elapsed_us=15 interval_us=47 chunks=0
t=5212812 profile_poll polls=83456 elapsed_us=15 interval_us=307 chunks=0
t=5216684 profile_poll polls=83520 elapsed_us=15 interval_us=48 chunks=0
t=5218281 pipe_read event=196 count=16384 read_us=319 buffered=16384
t=5221479 profile_poll polls=83584 elapsed_us=15 interval_us=47 chunks=0
t=5221784 transfer event=13568 count=512 submitted=3191248 tx_us=131 fast_bytes=512 slow_bytes=0 queries=2
t=5226000 profile_poll polls=83648 elapsed_us=15 interval_us=47 chunks=0
t=5230443 profile_poll polls=83712 elapsed_us=14 interval_us=48 chunks=0
t=5232635 pipe_read event=197 count=16384 read_us=371 buffered=16384
t=5236506 profile_poll polls=83776 elapsed_us=26 interval_us=48 chunks=0
t=5241777 pipe_read event=198 count=16384 read_us=342 buffered=16384
t=5242450 profile_poll polls=83840 elapsed_us=14 interval_us=48 chunks=0
t=5247804 profile_poll polls=83904 elapsed_us=15 interval_us=47 chunks=0
t=5251285 transfer event=13632 count=512 submitted=3234360 tx_us=131 fast_bytes=512 slow_bytes=0 queries=2
t=5252433 profile_poll polls=83968 elapsed_us=15 interval_us=47 chunks=0
t=5253084 pipe_read event=199 count=16384 read_us=330 buffered=16384
t=5257707 profile_poll polls=84032 elapsed_us=14 interval_us=474 chunks=0
t=5262292 profile_poll polls=84096 elapsed_us=15 interval_us=48 chunks=0
t=5266005 profile_poll polls=84160 elapsed_us=15 interval_us=47 chunks=0
t=5269005 pipe_read event=200 count=16384 read_us=334 buffered=16384
t=5270413 profile_poll polls=84224 elapsed_us=15 interval_us=47 chunks=0
t=5274171 profile_poll polls=84288 elapsed_us=15 interval_us=47 chunks=0
t=5278054 profile_poll polls=84352 elapsed_us=14 interval_us=48 chunks=0
t=5282301 profile_poll polls=84416 elapsed_us=15 interval_us=48 chunks=0
t=5285288 transfer event=13696 count=408 submitted=3266380 tx_us=108 fast_bytes=408 slow_bytes=0 queries=2
t=5286909 profile_poll polls=84480 elapsed_us=14 interval_us=50 chunks=0
t=5288257 pipe_read event=201 count=16384 read_us=326 buffered=16384
t=5291074 profile_poll polls=84544 elapsed_us=15 interval_us=47 chunks=0
t=5294956 profile_poll polls=84608 elapsed_us=15 interval_us=47 chunks=0
t=5298774 profile_poll polls=84672 elapsed_us=124 interval_us=48 chunks=1
t=5302473 profile_poll polls=84736 elapsed_us=14 interval_us=48 chunks=0
t=5306506 profile_poll polls=84800 elapsed_us=25 interval_us=48 chunks=0
t=5310221 profile_poll polls=84864 elapsed_us=14 interval_us=48 chunks=0
t=5312715 pipe_read event=202 count=16384 read_us=348 buffered=16384
t=5314640 profile_poll polls=84928 elapsed_us=15 interval_us=48 chunks=0
t=5319369 profile_poll polls=84992 elapsed_us=14 interval_us=468 chunks=0
t=5320433 transfer event=13760 count=512 submitted=3293088 tx_us=130 fast_bytes=512 slow_bytes=0 queries=2
t=5323393 profile_poll polls=85056 elapsed_us=15 interval_us=47 chunks=0
t=5327095 profile_poll polls=85120 elapsed_us=15 interval_us=47 chunks=0
t=5330931 profile_poll polls=85184 elapsed_us=14 interval_us=48 chunks=0
t=5332642 pipe_read event=203 count=16384 read_us=390 buffered=16384
t=5335976 transfer event=13824 count=168 submitted=3305162 tx_us=58 fast_bytes=168 slow_bytes=0 queries=2
t=5339202 transfer event=13888 count=172 submitted=3311262 tx_us=59 fast_bytes=172 slow_bytes=0 queries=2
t=5341535 profile_poll polls=85248 elapsed_us=360 interval_us=384 chunks=8
t=5342462 transfer event=13952 count=132 submitted=3317462 tx_us=51 fast_bytes=132 slow_bytes=0 queries=2
t=5342961 pipe_read event=204 count=16384 read_us=331 buffered=16384
t=5346417 transfer event=14016 count=128 submitted=3325220 tx_us=50 fast_bytes=128 slow_bytes=0 queries=2
t=5350249 pipe_read event=205 count=16384 read_us=318 buffered=16384
t=5351392 transfer event=14080 count=340 submitted=3337782 tx_us=94 fast_bytes=340 slow_bytes=0 queries=2
t=5355735 transfer event=14144 count=230 submitted=3348984 tx_us=70 fast_bytes=230 slow_bytes=0 queries=2
t=5356696 pipe_read event=206 count=16384 read_us=347 buffered=16384
t=5360254 transfer event=14208 count=172 submitted=3359350 tx_us=59 fast_bytes=172 slow_bytes=0 queries=2
t=5363399 transfer event=14272 count=104 submitted=3365104 tx_us=45 fast_bytes=104 slow_bytes=0 queries=2
t=5364756 pipe_read event=207 count=16384 read_us=343 buffered=16384
t=5366983 transfer event=14336 count=102 submitted=3371044 tx_us=44 fast_bytes=102 slow_bytes=0 queries=2
t=5369989 transfer event=14400 count=54 submitted=3376118 tx_us=34 fast_bytes=54 slow_bytes=0 queries=2
t=5372039 profile_poll polls=85312 elapsed_us=341 interval_us=325 chunks=8
t=5372973 transfer event=14464 count=154 submitted=3380966 tx_us=55 fast_bytes=154 slow_bytes=0 queries=2
t=5375553 pipe_read event=208 count=16384 read_us=349 buffered=16384
t=5377307 profile_poll polls=85376 elapsed_us=14 interval_us=48 chunks=0
t=5381284 profile_poll polls=85440 elapsed_us=14 interval_us=262 chunks=0
t=5385086 profile_poll polls=85504 elapsed_us=15 interval_us=47 chunks=0
t=5389294 profile_poll polls=85568 elapsed_us=15 interval_us=47 chunks=0
t=5393579 profile_poll polls=85632 elapsed_us=15 interval_us=51 chunks=0
t=5395699 pipe_read event=209 count=16384 read_us=346 buffered=16384
t=5398148 profile_poll polls=85696 elapsed_us=14 interval_us=48 chunks=0
t=5402027 profile_poll polls=85760 elapsed_us=15 interval_us=48 chunks=0
t=5405131 transfer event=14528 count=492 submitted=3407544 tx_us=125 fast_bytes=492 slow_bytes=0 queries=2
t=5405999 profile_poll polls=85824 elapsed_us=15 interval_us=48 chunks=0
t=5409864 profile_poll polls=85888 elapsed_us=14 interval_us=48 chunks=0
t=5413904 profile_poll polls=85952 elapsed_us=15 interval_us=48 chunks=0
t=5417605 profile_poll polls=86016 elapsed_us=15 interval_us=48 chunks=0
t=5419612 pipe_read event=210 count=16384 read_us=348 buffered=16384
t=5422074 profile_poll polls=86080 elapsed_us=15 interval_us=48 chunks=0
t=5426420 profile_poll polls=86144 elapsed_us=15 interval_us=47 chunks=0
t=5430735 profile_poll polls=86208 elapsed_us=15 interval_us=47 chunks=0
t=5434814 profile_poll polls=86272 elapsed_us=15 interval_us=47 chunks=0
t=5436980 pipe_read event=211 count=16384 read_us=327 buffered=16384
t=5438947 transfer event=14592 count=512 submitted=3434540 tx_us=130 fast_bytes=512 slow_bytes=0 queries=2
t=5439338 profile_poll polls=86336 elapsed_us=15 interval_us=48 chunks=0
t=5443168 profile_poll polls=86400 elapsed_us=15 interval_us=47 chunks=0
t=5447479 profile_poll polls=86464 elapsed_us=14 interval_us=48 chunks=0
t=5451910 profile_poll polls=86528 elapsed_us=15 interval_us=49 chunks=0
t=5454289 pipe_read event=212 count=16384 read_us=347 buffered=16384
t=5456650 profile_poll polls=86592 elapsed_us=15 interval_us=48 chunks=0
t=5461693 profile_poll polls=86656 elapsed_us=15 interval_us=48 chunks=0
t=5464625 pipe_read event=213 count=16384 read_us=382 buffered=16384
t=5468381 profile_poll polls=86720 elapsed_us=15 interval_us=48 chunks=0
t=5469475 transfer event=14656 count=1222 submitted=3474640 tx_us=279 fast_bytes=1222 slow_bytes=0 queries=2
t=5473256 profile_poll polls=86784 elapsed_us=15 interval_us=47 chunks=0
t=5475699 pipe_read event=214 count=16384 read_us=350 buffered=16384
t=5478436 profile_poll polls=86848 elapsed_us=15 interval_us=48 chunks=0
t=5482663 profile_poll polls=86912 elapsed_us=15 interval_us=48 chunks=0
t=5487318 profile_poll polls=86976 elapsed_us=14 interval_us=48 chunks=0
t=5491220 profile_poll polls=87040 elapsed_us=14 interval_us=48 chunks=0
t=5492184 pipe_read event=215 count=16384 read_us=333 buffered=16384
t=5495533 profile_poll polls=87104 elapsed_us=15 interval_us=60 chunks=0
t=5499371 profile_poll polls=87168 elapsed_us=14 interval_us=48 chunks=0
t=5499910 transfer event=14720 count=512 submitted=3503384 tx_us=130 fast_bytes=512 slow_bytes=0 queries=2
t=5503635 profile_poll polls=87232 elapsed_us=14 interval_us=49 chunks=0
t=5508205 profile_poll polls=87296 elapsed_us=15 interval_us=47 chunks=0
t=5511359 pipe_read event=216 count=16384 read_us=333 buffered=16384
t=5512666 profile_poll polls=87360 elapsed_us=14 interval_us=49 chunks=0
t=5516760 profile_poll polls=87424 elapsed_us=15 interval_us=48 chunks=0
t=5520656 profile_poll polls=87488 elapsed_us=41 interval_us=48 chunks=1
t=5523778 profile_poll polls=87552 elapsed_us=15 interval_us=49 chunks=0
t=5526895 profile_poll polls=87616 elapsed_us=15 interval_us=48 chunks=0
t=5530012 profile_poll polls=87680 elapsed_us=14 interval_us=48 chunks=0
t=5533133 profile_poll polls=87744 elapsed_us=15 interval_us=47 chunks=0
t=5536256 profile_poll polls=87808 elapsed_us=15 interval_us=48 chunks=0
t=5540157 profile_poll polls=87872 elapsed_us=15 interval_us=48 chunks=0
t=5543844 profile_poll polls=87936 elapsed_us=14 interval_us=48 chunks=0
t=5547895 profile_poll polls=88000 elapsed_us=15 interval_us=372 chunks=0
t=5548909 transfer event=14784 count=512 submitted=3530628 tx_us=130 fast_bytes=512 slow_bytes=0 queries=2
t=5549329 pipe_read event=217 count=16384 read_us=346 buffered=16384
t=5552464 profile_poll polls=88064 elapsed_us=14 interval_us=48 chunks=0
t=5557091 profile_poll polls=88128 elapsed_us=14 interval_us=48 chunks=0
t=5560853 profile_poll polls=88192 elapsed_us=14 interval_us=48 chunks=0
t=5564853 profile_poll polls=88256 elapsed_us=14 interval_us=48 chunks=0
t=5567249 pipe_read event=218 count=16384 read_us=327 buffered=16384
t=5569311 profile_poll polls=88320 elapsed_us=14 interval_us=48 chunks=0
t=5574055 profile_poll polls=88384 elapsed_us=15 interval_us=483 chunks=0
t=5578485 profile_poll polls=88448 elapsed_us=446 interval_us=48 chunks=3
t=5579788 transfer event=14848 count=708 submitted=3560674 tx_us=171 fast_bytes=708 slow_bytes=0 queries=2
t=5582596 profile_poll polls=88512 elapsed_us=15 interval_us=49 chunks=0
t=5583032 pipe_read event=219 count=16384 read_us=323 buffered=16384
t=5588598 profile_poll polls=88576 elapsed_us=14 interval_us=49 chunks=0
t=5592158 pipe_read event=220 count=16384 read_us=323 buffered=16384
t=5594404 profile_poll polls=88640 elapsed_us=15 interval_us=47 chunks=0
t=5599470 profile_poll polls=88704 elapsed_us=423 interval_us=48 chunks=3
t=5603861 profile_poll polls=88768 elapsed_us=15 interval_us=48 chunks=0
t=5605354 pipe_read event=221 count=16384 read_us=329 buffered=16384
t=5608651 profile_poll polls=88832 elapsed_us=14 interval_us=49 chunks=0
t=5609269 transfer event=14912 count=1020 submitted=3601416 tx_us=236 fast_bytes=1020 slow_bytes=0 queries=2
t=5613513 profile_poll polls=88896 elapsed_us=26 interval_us=237 chunks=0
t=5616669 profile_poll polls=88960 elapsed_us=15 interval_us=48 chunks=0
t=5619793 profile_poll polls=89024 elapsed_us=14 interval_us=49 chunks=0
t=5622915 profile_poll polls=89088 elapsed_us=15 interval_us=47 chunks=0
t=5626035 profile_poll polls=89152 elapsed_us=15 interval_us=48 chunks=0
t=5629152 profile_poll polls=89216 elapsed_us=15 interval_us=47 chunks=0
t=5632271 profile_poll polls=89280 elapsed_us=14 interval_us=48 chunks=0
t=5635392 profile_poll polls=89344 elapsed_us=15 interval_us=47 chunks=0
t=5639151 profile_poll polls=89408 elapsed_us=15 interval_us=47 chunks=0
t=5642904 profile_poll polls=89472 elapsed_us=15 interval_us=48 chunks=0
t=5645815 pipe_read event=222 count=16384 read_us=347 buffered=16384
t=5647274 profile_poll polls=89536 elapsed_us=14 interval_us=48 chunks=0
t=5651272 profile_poll polls=89600 elapsed_us=15 interval_us=48 chunks=0
t=5655952 profile_poll polls=89664 elapsed_us=14 interval_us=48 chunks=0
t=5659832 profile_poll polls=89728 elapsed_us=15 interval_us=48 chunks=0
t=5663245 transfer event=14976 count=28 submitted=3629056 tx_us=28 fast_bytes=28 slow_bytes=0 queries=2
t=5663643 pipe_read event=223 count=16384 read_us=376 buffered=16384
t=5664592 profile_poll polls=89792 elapsed_us=15 interval_us=51 chunks=0
t=5668604 profile_poll polls=89856 elapsed_us=14 interval_us=49 chunks=0
t=5672412 profile_poll polls=89920 elapsed_us=15 interval_us=47 chunks=0
t=5676185 profile_poll polls=89984 elapsed_us=15 interval_us=47 chunks=0
t=5680153 profile_poll polls=90048 elapsed_us=15 interval_us=48 chunks=0
t=5684120 profile_poll polls=90112 elapsed_us=15 interval_us=47 chunks=0
t=5686233 pipe_read event=224 count=16384 read_us=332 buffered=16384
t=5689066 profile_poll polls=90176 elapsed_us=15 interval_us=47 chunks=0
t=5692892 profile_poll polls=90240 elapsed_us=15 interval_us=48 chunks=0
t=5696953 profile_poll polls=90304 elapsed_us=15 interval_us=48 chunks=0
t=5697534 transfer event=15040 count=512 submitted=3655976 tx_us=142 fast_bytes=512 slow_bytes=0 queries=2
t=5701005 profile_poll polls=90368 elapsed_us=14 interval_us=48 chunks=0
t=5705114 pipe_read event=225 count=16384 read_us=343 buffered=16384
t=5705611 profile_poll polls=90432 elapsed_us=16 interval_us=49 chunks=0
t=5710148 profile_poll polls=90496 elapsed_us=15 interval_us=48 chunks=0
t=5714672 profile_poll polls=90560 elapsed_us=15 interval_us=47 chunks=0
t=5717751 pipe_read event=226 count=16384 read_us=345 buffered=16384
t=5719947 profile_poll polls=90624 elapsed_us=15 interval_us=47 chunks=0
t=5725051 profile_poll polls=90688 elapsed_us=15 interval_us=47 chunks=0
t=5727425 transfer event=15104 count=1208 submitted=3694116 tx_us=276 fast_bytes=1208 slow_bytes=0 queries=2
t=5728962 pipe_read event=227 count=16384 read_us=328 buffered=16384
t=5731088 profile_poll polls=90752 elapsed_us=15 interval_us=47 chunks=0
t=5735536 profile_poll polls=90816 elapsed_us=15 interval_us=61 chunks=0
t=5740007 profile_poll polls=90880 elapsed_us=15 interval_us=48 chunks=0
t=5742466 pipe_read event=228 count=16384 read_us=323 buffered=16384
t=5745069 profile_poll polls=90944 elapsed_us=15 interval_us=48 chunks=0
t=5749775 profile_poll polls=91008 elapsed_us=15 interval_us=48 chunks=0
t=5752918 profile_poll polls=91072 elapsed_us=15 interval_us=47 chunks=0
t=5756914 profile_poll polls=91136 elapsed_us=14 interval_us=49 chunks=0
t=5760658 profile_poll polls=91200 elapsed_us=15 interval_us=48 chunks=0
t=5761848 pipe_read event=229 count=16384 read_us=323 buffered=16384
t=5763915 transfer event=15168 count=620 submitted=3729368 tx_us=153 fast_bytes=620 slow_bytes=0 queries=2
t=5765185 profile_poll polls=91264 elapsed_us=15 interval_us=305 chunks=0
t=5769314 profile_poll polls=91328 elapsed_us=14 interval_us=48 chunks=0
t=5773599 profile_poll polls=91392 elapsed_us=15 interval_us=49 chunks=0
t=5777817 profile_poll polls=91456 elapsed_us=15 interval_us=47 chunks=0
t=5779905 pipe_read event=230 count=16384 read_us=327 buffered=16384
t=5782326 profile_poll polls=91520 elapsed_us=14 interval_us=48 chunks=0
t=5786433 profile_poll polls=91584 elapsed_us=240 interval_us=48 chunks=2
t=5789742 profile_poll polls=91648 elapsed_us=15 interval_us=48 chunks=0
t=5792860 profile_poll polls=91712 elapsed_us=15 interval_us=48 chunks=0
t=5795980 profile_poll polls=91776 elapsed_us=15 interval_us=47 chunks=0
t=5799095 profile_poll polls=91840 elapsed_us=15 interval_us=48 chunks=0
t=5802210 profile_poll polls=91904 elapsed_us=15 interval_us=47 chunks=0
t=5805954 profile_poll polls=91968 elapsed_us=15 interval_us=47 chunks=0
t=5809753 profile_poll polls=92032 elapsed_us=15 interval_us=48 chunks=0
t=5811299 transfer event=15232 count=116 submitted=3755512 tx_us=47 fast_bytes=116 slow_bytes=0 queries=2
t=5813872 profile_poll polls=92096 elapsed_us=290 interval_us=49 chunks=2
t=5817827 pipe_read event=231 count=16384 read_us=361 buffered=16384
t=5818187 profile_poll polls=92160 elapsed_us=14 interval_us=52 chunks=0
t=5822578 profile_poll polls=92224 elapsed_us=15 interval_us=50 chunks=0
t=5826899 profile_poll polls=92288 elapsed_us=14 interval_us=48 chunks=0
t=5830860 profile_poll polls=92352 elapsed_us=14 interval_us=48 chunks=0
t=5835088 pipe_read event=232 count=16384 read_us=324 buffered=16384
t=5835331 profile_poll polls=92416 elapsed_us=15 interval_us=52 chunks=0
t=5839075 profile_poll polls=92480 elapsed_us=15 interval_us=47 chunks=0
t=5839732 transfer event=15296 count=32 submitted=3779906 tx_us=30 fast_bytes=32 slow_bytes=0 queries=2
t=5842741 transfer event=15360 count=74 submitted=3784994 tx_us=38 fast_bytes=74 slow_bytes=0 queries=2
t=5845889 transfer event=15424 count=62 submitted=3790606 tx_us=35 fast_bytes=62 slow_bytes=0 queries=2
t=5847623 pipe_read event=233 count=16384 read_us=373 buffered=16384
t=5850017 transfer event=15488 count=78 submitted=3798972 tx_us=39 fast_bytes=78 slow_bytes=0 queries=2
t=5853406 transfer event=15552 count=48 submitted=3805858 tx_us=33 fast_bytes=48 slow_bytes=0 queries=2
t=5855193 pipe_read event=234 count=16384 read_us=331 buffered=16384
t=5857918 transfer event=15616 count=80 submitted=3816148 tx_us=39 fast_bytes=80 slow_bytes=0 queries=2
t=5861171 transfer event=15680 count=108 submitted=3822396 tx_us=45 fast_bytes=108 slow_bytes=0 queries=2
t=5863385 pipe_read event=235 count=16384 read_us=328 buffered=16384
t=5864897 transfer event=15744 count=102 submitted=3829048 tx_us=44 fast_bytes=102 slow_bytes=0 queries=2
t=5867000 profile_poll polls=92544 elapsed_us=307 interval_us=391 chunks=8
t=5867987 transfer event=15808 count=42 submitted=3834390 tx_us=32 fast_bytes=42 slow_bytes=0 queries=2
t=5871032 transfer event=15872 count=82 submitted=3839662 tx_us=40 fast_bytes=82 slow_bytes=0 queries=2
t=5872673 pipe_read event=236 count=16384 read_us=345 buffered=16384
t=5874978 transfer event=15936 count=76 submitted=3847312 tx_us=39 fast_bytes=76 slow_bytes=0 queries=2
t=5879189 profile_poll polls=92608 elapsed_us=14 interval_us=48 chunks=0
t=5882316 profile_poll polls=92672 elapsed_us=15 interval_us=48 chunks=0
t=5885439 profile_poll polls=92736 elapsed_us=15 interval_us=48 chunks=0
t=5889134 profile_poll polls=92800 elapsed_us=15 interval_us=47 chunks=0
t=5892857 profile_poll polls=92864 elapsed_us=15 interval_us=48 chunks=0
t=5896458 transfer event=16000 count=118 submitted=3858432 tx_us=47 fast_bytes=118 slow_bytes=0 queries=2
t=5896840 pipe_read event=237 count=16384 read_us=360 buffered=16384
t=5897269 profile_poll polls=92928 elapsed_us=15 interval_us=47 chunks=0
t=5901600 profile_poll polls=92992 elapsed_us=14 interval_us=50 chunks=0
t=5905873 profile_poll polls=93056 elapsed_us=15 interval_us=48 chunks=0
t=5909485 profile_poll polls=93120 elapsed_us=15 interval_us=47 chunks=0
t=5913171 profile_poll polls=93184 elapsed_us=15 interval_us=48 chunks=0
t=5917021 profile_poll polls=93248 elapsed_us=15 interval_us=47 chunks=0
t=5920456 profile_poll polls=93312 elapsed_us=120 interval_us=47 chunks=1
t=5921245 pipe_read event=238 count=16384 read_us=323 buffered=16384
t=5924807 profile_poll polls=93376 elapsed_us=15 interval_us=48 chunks=0
t=5928748 profile_poll polls=93440 elapsed_us=15 interval_us=47 chunks=0
t=5931720 transfer event=16064 count=512 submitted=3882346 tx_us=130 fast_bytes=512 slow_bytes=0 queries=2
t=5932602 profile_poll polls=93504 elapsed_us=15 interval_us=49 chunks=0
t=5937139 profile_poll polls=93568 elapsed_us=14 interval_us=48 chunks=0
t=5940983 profile_poll polls=93632 elapsed_us=15 interval_us=48 chunks=0
t=5942385 pipe_read event=239 count=16384 read_us=322 buffered=16384
t=5945145 profile_poll polls=93696 elapsed_us=14 interval_us=48 chunks=0
t=5948977 profile_poll polls=93760 elapsed_us=15 interval_us=48 chunks=0
t=5953293 profile_poll polls=93824 elapsed_us=15 interval_us=405 chunks=0
t=5957480 profile_poll polls=93888 elapsed_us=16 interval_us=48 chunks=0
t=5961848 pipe_read event=240 count=16384 read_us=327 buffered=16384
t=5962292 profile_poll polls=93952 elapsed_us=15 interval_us=49 chunks=0
t=5963165 transfer event=16128 count=590 submitted=3910222 tx_us=146 fast_bytes=590 slow_bytes=0 queries=2
t=5966914 profile_poll polls=94016 elapsed_us=14 interval_us=48 chunks=0
t=5972042 profile_poll polls=94080 elapsed_us=15 interval_us=48 chunks=0
t=5972899 pipe_read event=241 count=16384 read_us=320 buffered=16384
t=5977812 profile_poll polls=94144 elapsed_us=15 interval_us=47 chunks=0
t=5982359 profile_poll polls=94208 elapsed_us=15 interval_us=48 chunks=0
t=5984987 pipe_read event=242 count=16384 read_us=327 buffered=16384
t=5988061 profile_poll polls=94272 elapsed_us=625 interval_us=47 chunks=3
t=5992998 profile_poll polls=94336 elapsed_us=599 interval_us=47 chunks=3
t=5994179 transfer event=16192 count=512 submitted=3953446 tx_us=130 fast_bytes=512 slow_bytes=0 queries=2
t=5996527 profile_poll polls=94400 elapsed_us=15 interval_us=58 chunks=0
t=5999647 profile_poll polls=94464 elapsed_us=15 interval_us=48 chunks=0
t=6002766 profile_poll polls=94528 elapsed_us=15 interval_us=47 chunks=0
t=6006476 profile_poll polls=94592 elapsed_us=15 interval_us=47 chunks=0
t=6007038 pipe_read event=243 count=16384 read_us=330 buffered=16384
t=6010750 profile_poll polls=94656 elapsed_us=15 interval_us=47 chunks=0
t=6014872 profile_poll polls=94720 elapsed_us=15 interval_us=48 chunks=0
t=6019412 profile_poll polls=94784 elapsed_us=15 interval_us=47 chunks=0
t=6023629 profile_poll polls=94848 elapsed_us=15 interval_us=49 chunks=0
t=6025570 pipe_read event=244 count=16384 read_us=393 buffered=16384
t=6028233 profile_poll polls=94912 elapsed_us=15 interval_us=48 chunks=0
t=6032269 profile_poll polls=94976 elapsed_us=259 interval_us=47 chunks=2
t=6033331 transfer event=16256 count=512 submitted=3979174 tx_us=130 fast_bytes=512 slow_bytes=0 queries=2
t=6035927 profile_poll polls=95040 elapsed_us=14 interval_us=48 chunks=0
t=6039048 profile_poll polls=95104 elapsed_us=14 interval_us=48 chunks=0
t=6042171 profile_poll polls=95168 elapsed_us=15 interval_us=47 chunks=0
t=6045285 profile_poll polls=95232 elapsed_us=14 interval_us=48 chunks=0
t=6048405 profile_poll polls=95296 elapsed_us=15 interval_us=48 chunks=0
t=6051538 profile_poll polls=95360 elapsed_us=15 interval_us=60 chunks=0
t=6054666 profile_poll polls=95424 elapsed_us=15 interval_us=48 chunks=0
t=6057786 profile_poll polls=95488 elapsed_us=15 interval_us=48 chunks=0
t=6060903 profile_poll polls=95552 elapsed_us=15 interval_us=48 chunks=0
t=6064019 profile_poll polls=95616 elapsed_us=15 interval_us=47 chunks=0
t=6067140 profile_poll polls=95680 elapsed_us=14 interval_us=48 chunks=0
t=6070252 profile_poll polls=95744 elapsed_us=15 interval_us=48 chunks=0
t=6074117 profile_poll polls=95808 elapsed_us=14 interval_us=48 chunks=0
t=6077997 profile_poll polls=95872 elapsed_us=15 interval_us=48 chunks=0
t=6082149 profile_poll polls=95936 elapsed_us=15 interval_us=47 chunks=0
t=6083077 pipe_read event=245 count=16384 read_us=334 buffered=16384
t=6087104 profile_poll polls=96000 elapsed_us=15 interval_us=48 chunks=0
t=6091352 profile_poll polls=96064 elapsed_us=14 interval_us=48 chunks=0
t=6095463 profile_poll polls=96128 elapsed_us=15 interval_us=47 chunks=0
t=6097651 transfer event=16320 count=412 submitted=4003762 tx_us=109 fast_bytes=412 slow_bytes=0 queries=2
t=6099334 profile_poll polls=96192 elapsed_us=15 interval_us=47 chunks=0
t=6101580 pipe_read event=246 count=16384 read_us=348 buffered=16384
t=6103535 profile_poll polls=96256 elapsed_us=15 interval_us=61 chunks=0
t=6108184 profile_poll polls=96320 elapsed_us=15 interval_us=47 chunks=0
t=6112456 profile_poll polls=96384 elapsed_us=14 interval_us=48 chunks=0
t=6116823 pipe_read event=247 count=16384 read_us=333 buffered=16384
t=6117593 profile_poll polls=96448 elapsed_us=15 interval_us=50 chunks=0
t=6122668 profile_poll polls=96512 elapsed_us=14 interval_us=48 chunks=0
t=6126843 pipe_read event=248 count=16384 read_us=328 buffered=16384
t=6128790 transfer event=16384 count=818 submitted=4043886 tx_us=193 fast_bytes=818 slow_bytes=0 queries=2
t=6129216 profile_poll polls=96576 elapsed_us=15 interval_us=48 chunks=0
t=6134338 profile_poll polls=96640 elapsed_us=15 interval_us=48 chunks=0
t=6136902 pipe_read event=249 count=16384 read_us=328 buffered=16384
t=6139832 profile_poll polls=96704 elapsed_us=15 interval_us=47 chunks=0
t=6145301 profile_poll polls=96768 elapsed_us=15 interval_us=48 chunks=0
t=6147051 pipe_read event=250 count=16384 read_us=322 buffered=16384
t=6150285 profile_poll polls=96832 elapsed_us=15 interval_us=48 chunks=0
t=6153408 profile_poll polls=96896 elapsed_us=15 interval_us=47 chunks=0
t=6156539 profile_poll polls=96960 elapsed_us=15 interval_us=59 chunks=0
t=6159662 profile_poll polls=97024 elapsed_us=14 interval_us=48 chunks=0
t=6162781 profile_poll polls=97088 elapsed_us=15 interval_us=48 chunks=0
t=6165921 profile_poll polls=97152 elapsed_us=15 interval_us=48 chunks=0
t=6169042 profile_poll polls=97216 elapsed_us=15 interval_us=47 chunks=0
t=6172759 profile_poll polls=97280 elapsed_us=15 interval_us=48 chunks=0
t=6176512 profile_poll polls=97344 elapsed_us=25 interval_us=48 chunks=0
t=6180574 profile_poll polls=97408 elapsed_us=15 interval_us=50 chunks=0
t=6181192 transfer event=16448 count=512 submitted=4083394 tx_us=130 fast_bytes=512 slow_bytes=0 queries=2
t=6184745 profile_poll polls=97472 elapsed_us=15 interval_us=48 chunks=0
t=6185427 pipe_read event=251 count=16384 read_us=324 buffered=16384
t=6189968 profile_poll polls=97536 elapsed_us=14 interval_us=48 chunks=0
t=6194308 profile_poll polls=97600 elapsed_us=15 interval_us=48 chunks=0
t=6198452 profile_poll polls=97664 elapsed_us=15 interval_us=47 chunks=0
t=6201811 pipe_read event=252 count=16384 read_us=378 buffered=16384
t=6203188 profile_poll polls=97728 elapsed_us=14 interval_us=48 chunks=0
t=6207252 profile_poll polls=97792 elapsed_us=15 interval_us=48 chunks=0
t=6211048 profile_poll polls=97856 elapsed_us=15 interval_us=47 chunks=0
t=6211487 transfer event=16512 count=168 submitted=4111814 tx_us=59 fast_bytes=168 slow_bytes=0 queries=2
t=6215122 profile_poll polls=97920 elapsed_us=15 interval_us=48 chunks=0
t=6219214 profile_poll polls=97984 elapsed_us=15 interval_us=47 chunks=0
t=6221309 pipe_read event=253 count=16384 read_us=328 buffered=16384
t=6224512 profile_poll polls=98048 elapsed_us=26 interval_us=47 chunks=0
t=6228898 profile_poll polls=98112 elapsed_us=15 interval_us=49 chunks=0
t=6232993 profile_poll polls=98176 elapsed_us=15 interval_us=48 chunks=0
t=6237014 profile_poll polls=98240 elapsed_us=15 interval_us=48 chunks=0
t=6237746 pipe_read event=254 count=16384 read_us=372 buffered=16384
t=6241531 profile_poll polls=98304 elapsed_us=15 interval_us=60 chunks=0
t=6243347 transfer event=16576 count=502 submitted=4141554 tx_us=128 fast_bytes=502 slow_bytes=0 queries=2
t=6245853 profile_poll polls=98368 elapsed_us=16 interval_us=47 chunks=0
t=6250160 profile_poll polls=98432 elapsed_us=14 interval_us=48 chunks=0
t=6254011 pipe_read event=255 count=16384 read_us=326 buffered=16384
t=6255895 profile_poll polls=98496 elapsed_us=15 interval_us=50 chunks=0
t=6261113 profile_poll polls=98560 elapsed_us=14 interval_us=48 chunks=0
t=6264100 pipe_read event=256 count=16384 read_us=335 buffered=16384
t=6267155 profile_poll polls=98624 elapsed_us=14 interval_us=48 chunks=0
t=6272001 pipe_read event=257 count=16384 read_us=322 buffered=16384
t=6273004 transfer event=16640 count=686 submitted=4187472 tx_us=166 fast_bytes=686 slow_bytes=0 queries=2
t=6273893 profile_poll polls=98688 elapsed_us=15 interval_us=47 chunks=0
t=6279226 profile_poll polls=98752 elapsed_us=14 interval_us=48 chunks=0
t=6282168 pipe_read event=258 count=16384 read_us=329 buffered=16384
t=6284438 profile_poll polls=98816 elapsed_us=15 interval_us=47 chunks=0
t=6289144 profile_poll polls=98880 elapsed_us=14 interval_us=48 chunks=0
t=6293159 profile_poll polls=98944 elapsed_us=15 interval_us=47 chunks=0
t=6296989 profile_poll polls=99008 elapsed_us=15 interval_us=47 chunks=0
t=6298839 pipe_read event=259 count=16384 read_us=359 buffered=16384
t=6301711 profile_poll polls=99072 elapsed_us=15 interval_us=48 chunks=0
t=6303453 transfer event=16704 count=510 submitted=4223820 tx_us=129 fast_bytes=510 slow_bytes=0 queries=2
t=6306422 profile_poll polls=99136 elapsed_us=15 interval_us=49 chunks=0
t=6310836 profile_poll polls=99200 elapsed_us=15 interval_us=47 chunks=0
t=6314382 pipe_read event=260 count=16384 read_us=328 buffered=16384
t=6315944 profile_poll polls=99264 elapsed_us=15 interval_us=49 chunks=0
t=6320184 profile_poll polls=99328 elapsed_us=15 interval_us=48 chunks=0
t=6324161 profile_poll polls=99392 elapsed_us=15 interval_us=47 chunks=0
t=6328012 profile_poll polls=99456 elapsed_us=15 interval_us=47 chunks=0
t=6331135 profile_poll polls=99520 elapsed_us=15 interval_us=48 chunks=0
t=6334265 profile_poll polls=99584 elapsed_us=15 interval_us=48 chunks=0
t=6337405 profile_poll polls=99648 elapsed_us=15 interval_us=47 chunks=0
t=6341444 profile_poll polls=99712 elapsed_us=14 interval_us=48 chunks=0
t=6342069 pipe_read event=261 count=16384 read_us=326 buffered=16384
t=6344204 transfer event=16768 count=564 submitted=4254184 tx_us=140 fast_bytes=564 slow_bytes=0 queries=2
t=6346079 profile_poll polls=99776 elapsed_us=15 interval_us=48 chunks=0
t=6350185 profile_poll polls=99840 elapsed_us=15 interval_us=47 chunks=0
t=6355019 profile_poll polls=99904 elapsed_us=15 interval_us=48 chunks=0
t=6357729 pipe_read event=262 count=16384 read_us=345 buffered=16384
t=6359862 profile_poll polls=99968 elapsed_us=15 interval_us=47 chunks=0
t=6364581 profile_poll polls=100032 elapsed_us=15 interval_us=50 chunks=0
t=6368761 profile_poll polls=100096 elapsed_us=15 interval_us=47 chunks=0
t=6372513 profile_poll polls=100160 elapsed_us=26 interval_us=47 chunks=0
t=6373954 transfer event=16832 count=512 submitted=4284114 tx_us=130 fast_bytes=512 slow_bytes=0 queries=2
t=6375225 pipe_read event=263 count=16384 read_us=325 buffered=16384
t=6378317 transfer event=16896 count=66 submitted=4290320 tx_us=36 fast_bytes=66 slow_bytes=0 queries=2
t=6381591 transfer event=16960 count=228 submitted=4296596 tx_us=71 fast_bytes=228 slow_bytes=0 queries=2
t=6383898 pipe_read event=264 count=16384 read_us=347 buffered=16384
t=6385999 transfer event=17024 count=158 submitted=4306402 tx_us=56 fast_bytes=158 slow_bytes=0 queries=2
t=6387360 profile_poll polls=100224 elapsed_us=433 interval_us=413 chunks=8
t=6389610 transfer event=17088 count=130 submitted=4314170 tx_us=50 fast_bytes=130 slow_bytes=0 queries=2
t=6391307 pipe_read event=265 count=16384 read_us=319 buffered=16384
t=6394018 transfer event=17152 count=98 submitted=4324106 tx_us=43 fast_bytes=98 slow_bytes=0 queries=2
t=6397957 transfer event=17216 count=172 submitted=4333508 tx_us=59 fast_bytes=172 slow_bytes=0 queries=2
t=6398380 pipe_read event=266 count=16384 read_us=319 buffered=16384
t=6402892 transfer event=17280 count=66 submitted=4345894 tx_us=36 fast_bytes=66 slow_bytes=0 queries=2
t=6405198 pipe_read event=267 count=16384 read_us=341 buffered=16384
t=6406982 transfer event=17344 count=48 submitted=4354144 tx_us=33 fast_bytes=48 slow_bytes=0 queries=2
t=6410064 transfer event=17408 count=38 submitted=4359556 tx_us=31 fast_bytes=38 slow_bytes=0 queries=2
t=6412872 transfer event=17472 count=26 submitted=4363694 tx_us=28 fast_bytes=26 slow_bytes=0 queries=2
t=6414634 profile_poll polls=100288 elapsed_us=15 interval_us=48 chunks=0
t=6417769 profile_poll polls=100352 elapsed_us=15 interval_us=48 chunks=0
t=6421190 pipe_read event=268 count=16384 read_us=323 buffered=16384
t=6421718 profile_poll polls=100416 elapsed_us=338 interval_us=553 chunks=3
t=6425620 profile_poll polls=100480 elapsed_us=15 interval_us=49 chunks=0
t=6429630 profile_poll polls=100544 elapsed_us=14 interval_us=49 chunks=0
t=6434167 profile_poll polls=100608 elapsed_us=359 interval_us=48 chunks=3
t=6436854 transfer event=17536 count=1020 submitted=4381822 tx_us=236 fast_bytes=1020 slow_bytes=0 queries=2
t=6438399 pipe_read event=269 count=16384 read_us=326 buffered=16384
t=6438930 profile_poll polls=100672 elapsed_us=15 interval_us=48 chunks=0
t=6443323 profile_poll polls=100736 elapsed_us=15 interval_us=48 chunks=0
t=6448271 profile_poll polls=100800 elapsed_us=15 interval_us=48 chunks=0
t=6452197 pipe_read event=270 count=16384 read_us=320 buffered=16384
t=6452796 profile_poll polls=100864 elapsed_us=14 interval_us=48 chunks=0
t=6456833 profile_poll polls=100928 elapsed_us=15 interval_us=270 chunks=0
t=6460490 profile_poll polls=100992 elapsed_us=15 interval_us=48 chunks=0
t=6464623 profile_poll polls=101056 elapsed_us=15 interval_us=315 chunks=0
t=6468767 profile_poll polls=101120 elapsed_us=15 interval_us=47 chunks=0
t=6469382 transfer event=17600 count=482 submitted=4412396 tx_us=123 fast_bytes=482 slow_bytes=0 queries=2
t=6472855 profile_poll polls=101184 elapsed_us=15 interval_us=48 chunks=0
t=6473599 pipe_read event=271 count=16384 read_us=369 buffered=16384
t=6477836 profile_poll polls=101248 elapsed_us=15 interval_us=48 chunks=0
t=6482349 profile_poll polls=101312 elapsed_us=15 interval_us=47 chunks=0
t=6486717 profile_poll polls=101376 elapsed_us=15 interval_us=48 chunks=0
t=6487354 pipe_read event=272 count=16384 read_us=334 buffered=16384
t=6491251 profile_poll polls=101440 elapsed_us=15 interval_us=47 chunks=0
t=6495158 profile_poll polls=101504 elapsed_us=119 interval_us=48 chunks=1
t=6499446 profile_poll polls=101568 elapsed_us=15 interval_us=48 chunks=0
t=6503016 transfer event=17664 count=510 submitted=4446200 tx_us=129 fast_bytes=510 slow_bytes=0 queries=2
t=6503873 profile_poll polls=101632 elapsed_us=15 interval_us=48 chunks=0
t=6504929 pipe_read event=273 count=16384 read_us=325 buffered=16384
t=6509534 profile_poll polls=101696 elapsed_us=535 interval_us=47 chunks=3
t=6514086 profile_poll polls=101760 elapsed_us=15 interval_us=528 chunks=0
t=6517220 pipe_read event=274 count=16384 read_us=365 buffered=16384
t=6519835 profile_poll polls=101824 elapsed_us=15 interval_us=47 chunks=0
t=6525908 pipe_read event=275 count=16384 read_us=328 buffered=16384
t=6526508 profile_poll polls=101888 elapsed_us=30 interval_us=1042 chunks=0
t=6530871 profile_poll polls=101952 elapsed_us=15 interval_us=48 chunks=0
t=6532791 transfer event=17728 count=564 submitted=4489990 tx_us=141 fast_bytes=564 slow_bytes=0 queries=2
t=6535373 profile_poll polls=102016 elapsed_us=15 interval_us=399 chunks=0
t=6539380 profile_poll polls=102080 elapsed_us=15 interval_us=48 chunks=0
t=6540824 pipe_read event=276 count=16384 read_us=333 buffered=16384
t=6543867 profile_poll polls=102144 elapsed_us=14 interval_us=48 chunks=0
t=6548165 profile_poll polls=102208 elapsed_us=15 interval_us=48 chunks=0
t=6552171 profile_poll polls=102272 elapsed_us=15 interval_us=48 chunks=0
t=6556428 profile_poll polls=102336 elapsed_us=14 interval_us=48 chunks=0
t=6559058 pipe_read event=277 count=16384 read_us=326 buffered=16384
t=6561716 profile_poll polls=102400 elapsed_us=15 interval_us=49 chunks=0
t=6562980 transfer event=17792 count=152 submitted=4519918 tx_us=55 fast_bytes=152 slow_bytes=0 queries=2
t=6566002 profile_poll polls=102464 elapsed_us=15 interval_us=48 chunks=0
t=6569979 profile_poll polls=102528 elapsed_us=15 interval_us=47 chunks=0
t=6573804 profile_poll polls=102592 elapsed_us=14 interval_us=48 chunks=0
t=6576947 profile_poll polls=102656 elapsed_us=15 interval_us=48 chunks=0
t=6580064 profile_poll polls=102720 elapsed_us=15 interval_us=48 chunks=0
t=6583179 profile_poll polls=102784 elapsed_us=15 interval_us=47 chunks=0
t=6586310 profile_poll polls=102848 elapsed_us=15 interval_us=47 chunks=0
t=6589428 profile_poll polls=102912 elapsed_us=15 interval_us=47 chunks=0
t=6592576 profile_poll polls=102976 elapsed_us=14 interval_us=51 chunks=0
t=6595695 profile_poll polls=103040 elapsed_us=15 interval_us=47 chunks=0
t=6598812 profile_poll polls=103104 elapsed_us=15 interval_us=47 chunks=0
t=6601932 profile_poll polls=103168 elapsed_us=14 interval_us=48 chunks=0
t=6605652 profile_poll polls=103232 elapsed_us=15 interval_us=50 chunks=0
t=6606817 pipe_read event=278 count=16384 read_us=366 buffered=16384
t=6610353 profile_poll polls=103296 elapsed_us=15 interval_us=47 chunks=0
t=6614328 profile_poll polls=103360 elapsed_us=15 interval_us=47 chunks=0
t=6618228 profile_poll polls=103424 elapsed_us=14 interval_us=48 chunks=0
t=6622657 profile_poll polls=103488 elapsed_us=15 interval_us=48 chunks=0
t=6624958 pipe_read event=279 count=16384 read_us=332 buffered=16384
t=6625937 transfer event=17856 count=408 submitted=4548366 tx_us=109 fast_bytes=408 slow_bytes=0 queries=2
t=6627902 profile_poll polls=103552 elapsed_us=15 interval_us=48 chunks=0
t=6632049 profile_poll polls=103616 elapsed_us=14 interval_us=268 chunks=0
t=6635958 profile_poll polls=103680 elapsed_us=200 interval_us=48 chunks=2
t=6640098 profile_poll polls=103744 elapsed_us=14 interval_us=48 chunks=0
t=6642755 pipe_read event=280 count=16384 read_us=338 buffered=16384
t=6644951 profile_poll polls=103808 elapsed_us=15 interval_us=48 chunks=0
t=6649791 profile_poll polls=103872 elapsed_us=15 interval_us=48 chunks=0
t=6654323 profile_poll polls=103936 elapsed_us=15 interval_us=47 chunks=0
t=6655139 pipe_read event=281 count=16384 read_us=324 buffered=16384
t=6656276 transfer event=17920 count=512 submitted=4581006 tx_us=130 fast_bytes=512 slow_bytes=0 queries=2
t=6660469 profile_poll polls=104000 elapsed_us=15 interval_us=48 chunks=0
t=6664143 pipe_read event=282 count=16384 read_us=329 buffered=16384
t=6666389 profile_poll polls=104064 elapsed_us=15 interval_us=47 chunks=0
t=6671458 profile_poll polls=104128 elapsed_us=476 interval_us=48 chunks=3
t=6675663 profile_poll polls=104192 elapsed_us=15 interval_us=49 chunks=0
t=6678279 pipe_read event=283 count=16384 read_us=334 buffered=16384
t=6680350 profile_poll polls=104256 elapsed_us=14 interval_us=48 chunks=0
t=6684029 profile_poll polls=104320 elapsed_us=15 interval_us=47 chunks=0
t=6687149 profile_poll polls=104384 elapsed_us=14 interval_us=48 chunks=0
t=6690270 profile_poll polls=104448 elapsed_us=15 interval_us=47 chunks=0
t=6693386 profile_poll polls=104512 elapsed_us=15 interval_us=47 chunks=0
t=6696513 profile_poll polls=104576 elapsed_us=25 interval_us=48 chunks=0
t=6699635 profile_poll polls=104640 elapsed_us=14 interval_us=49 chunks=0
t=6702756 profile_poll polls=104704 elapsed_us=15 interval_us=48 chunks=0
t=6706255 profile_poll polls=104768 elapsed_us=15 interval_us=47 chunks=0
t=6707680 transfer event=17984 count=512 submitted=4619630 tx_us=130 fast_bytes=512 slow_bytes=0 queries=2
t=6710471 profile_poll polls=104832 elapsed_us=15 interval_us=48 chunks=0
t=6714506 profile_poll polls=104896 elapsed_us=25 interval_us=49 chunks=0
t=6718640 pipe_read event=284 count=16384 read_us=370 buffered=16384
t=6719044 profile_poll polls=104960 elapsed_us=14 interval_us=49 chunks=0
t=6723827 profile_poll polls=105024 elapsed_us=14 interval_us=48 chunks=0
t=6728109 profile_poll polls=105088 elapsed_us=15 interval_us=47 chunks=0
t=6732094 profile_poll polls=105152 elapsed_us=14 interval_us=48 chunks=0
t=6735723 profile_poll polls=105216 elapsed_us=15 interval_us=48 chunks=0
t=6737119 pipe_read event=285 count=16384 read_us=345 buffered=16384
t=6738549 transfer event=18048 count=232 submitted=4645770 tx_us=82 fast_bytes=232 slow_bytes=0 queries=2
t=6740195 profile_poll polls=105280 elapsed_us=15 interval_us=47 chunks=0
t=6744210 profile_poll polls=105344 elapsed_us=15 interval_us=47 chunks=0
t=6748226 profile_poll polls=105408 elapsed_us=15 interval_us=48 chunks=0
t=6752353 profile_poll polls=105472 elapsed_us=14 interval_us=48 chunks=0
t=6755826 pipe_read event=286 count=16384 read_us=344 buffered=16384
t=6757560 profile_poll polls=105536 elapsed_us=15 interval_us=63 chunks=0
t=6761828 profile_poll polls=105600 elapsed_us=14 interval_us=250 chunks=0
t=6765517 profile_poll polls=105664 elapsed_us=25 interval_us=48 chunks=0
t=6769272 transfer event=18112 count=248 submitted=4672934 tx_us=75 fast_bytes=248 slow_bytes=0 queries=2
t=6769454 profile_poll polls=105728 elapsed_us=15 interval_us=48 chunks=0
t=6774084 pipe_read event=287 count=16384 read_us=322 buffered=16384
t=6774264 profile_poll polls=105792 elapsed_us=15 interval_us=904 chunks=0
t=6779053 profile_poll polls=105856 elapsed_us=14 interval_us=48 chunks=0
t=6783754 profile_poll polls=105920 elapsed_us=15 interval_us=48 chunks=0
t=6786425 pipe_read event=288 count=16384 read_us=327 buffered=16384
t=6789526 profile_poll polls=105984 elapsed_us=673 interval_us=47 chunks=3
t=6794926 profile_poll polls=106048 elapsed_us=15 interval_us=48 chunks=0
t=6796420 pipe_read event=289 count=16384 read_us=324 buffered=16384
t=6797979 transfer event=18176 count=1220 submitted=4714158 tx_us=279 fast_bytes=1220 slow_bytes=0 queries=2
t=6800452 profile_poll polls=106112 elapsed_us=15 interval_us=47 chunks=0
t=6805026 profile_poll polls=106176 elapsed_us=14 interval_us=48 chunks=0
t=6809677 pipe_read event=290 count=16384 read_us=369 buffered=16384
t=6810107 profile_poll polls=106240 elapsed_us=15 interval_us=829 chunks=0
t=6814464 profile_poll polls=106304 elapsed_us=14 interval_us=48 chunks=0
t=6817850 profile_poll polls=106368 elapsed_us=15 interval_us=48 chunks=0
t=6820972 profile_poll polls=106432 elapsed_us=15 interval_us=48 chunks=0
t=6825056 profile_poll polls=106496 elapsed_us=15 interval_us=47 chunks=0
t=6829195 profile_poll polls=106560 elapsed_us=15 interval_us=47 chunks=0
t=6832117 pipe_read event=291 count=16384 read_us=334 buffered=16384
t=6832990 transfer event=18240 count=348 submitted=4744370 tx_us=96 fast_bytes=348 slow_bytes=0 queries=2
t=6833766 profile_poll polls=106624 elapsed_us=15 interval_us=47 chunks=0
t=6838363 profile_poll polls=106688 elapsed_us=14 interval_us=48 chunks=0
t=6842568 profile_poll polls=106752 elapsed_us=15 interval_us=61 chunks=0
t=6846808 profile_poll polls=106816 elapsed_us=15 interval_us=48 chunks=0
t=6849169 pipe_read event=292 count=16384 read_us=333 buffered=16384
t=6851146 profile_poll polls=106880 elapsed_us=15 interval_us=47 chunks=0
t=6854639 profile_poll polls=106944 elapsed_us=15 interval_us=48 chunks=0
t=6857761 profile_poll polls=107008 elapsed_us=15 interval_us=48 chunks=0
t=6860882 profile_poll polls=107072 elapsed_us=14 interval_us=48 chunks=0
t=6864000 profile_poll polls=107136 elapsed_us=15 interval_us=48 chunks=0
t=6867115 profile_poll polls=107200 elapsed_us=15 interval_us=48 chunks=0
t=6870236 profile_poll polls=107264 elapsed_us=15 interval_us=48 chunks=0
t=6874042 profile_poll polls=107328 elapsed_us=15 interval_us=48 chunks=0
t=6878439 profile_poll polls=107392 elapsed_us=340 interval_us=48 chunks=4
t=6881898 transfer event=18304 count=260 submitted=4771590 tx_us=78 fast_bytes=260 slow_bytes=0 queries=2
t=6882319 profile_poll polls=107456 elapsed_us=15 interval_us=48 chunks=0
t=6886220 profile_poll polls=107520 elapsed_us=14 interval_us=48 chunks=0
t=6886974 pipe_read event=293 count=16384 read_us=329 buffered=16384
t=6891203 profile_poll polls=107584 elapsed_us=15 interval_us=48 chunks=0
t=6895619 profile_poll polls=107648 elapsed_us=15 interval_us=49 chunks=0
t=6899465 profile_poll polls=107712 elapsed_us=14 interval_us=48 chunks=0
t=6903116 profile_poll polls=107776 elapsed_us=15 interval_us=48 chunks=0
t=6905350 transfer event=18368 count=46 submitted=4791172 tx_us=33 fast_bytes=46 slow_bytes=0 queries=2
t=6906380 pipe_read event=294 count=16384 read_us=327 buffered=16384
t=6909153 transfer event=18432 count=50 submitted=4798158 tx_us=33 fast_bytes=50 slow_bytes=0 queries=2
t=6912766 transfer event=18496 count=136 submitted=4806074 tx_us=51 fast_bytes=136 slow_bytes=0 queries=2
t=6914515 pipe_read event=295 count=16384 read_us=364 buffered=16384
t=6916844 transfer event=18560 count=104 submitted=4814268 tx_us=44 fast_bytes=104 slow_bytes=0 queries=2
t=6920625 transfer event=18624 count=216 submitted=4822922 tx_us=68 fast_bytes=216 slow_bytes=0 queries=2
t=6921856 pipe_read event=296 count=16384 read_us=343 buffered=16384
t=6925045 profile_poll polls=107840 elapsed_us=462 interval_us=487 chunks=8
t=6925417 transfer event=18688 count=62 submitted=4834450 tx_us=36 fast_bytes=62 slow_bytes=0 queries=2
t=6928996 pipe_read event=297 count=16384 read_us=322 buffered=16384
t=6929573 transfer event=18752 count=168 submitted=4843212 tx_us=58 fast_bytes=168 slow_bytes=0 queries=2
t=6932721 transfer event=18816 count=38 submitted=4848886 tx_us=30 fast_bytes=38 slow_bytes=0 queries=2
t=6935590 transfer event=18880 count=90 submitted=4853298 tx_us=42 fast_bytes=90 slow_bytes=0 queries=2
t=6938797 pipe_read event=298 count=16384 read_us=342 buffered=16384
t=6938970 transfer event=18944 count=604 submitted=4858460 tx_us=150 fast_bytes=604 slow_bytes=0 queries=2
t=6941898 transfer event=19008 count=86 submitted=4863070 tx_us=41 fast_bytes=86 slow_bytes=0 queries=2
t=6943720 profile_poll polls=107904 elapsed_us=15 interval_us=48 chunks=0
t=6946843 profile_poll polls=107968 elapsed_us=15 interval_us=47 chunks=0
t=6949966 profile_poll polls=108032 elapsed_us=15 interval_us=48 chunks=0
t=6953079 profile_poll polls=108096 elapsed_us=15 interval_us=47 chunks=0
t=6956844 profile_poll polls=108160 elapsed_us=14 interval_us=283 chunks=0
t=6960893 profile_poll polls=108224 elapsed_us=15 interval_us=47 chunks=0
t=6964772 profile_poll polls=108288 elapsed_us=15 interval_us=47 chunks=0
t=6966421 pipe_read event=299 count=16384 read_us=330 buffered=16384
t=6969675 profile_poll polls=108352 elapsed_us=402 interval_us=47 chunks=3
t=6973998 profile_poll polls=108416 elapsed_us=15 interval_us=47 chunks=0
t=6978269 profile_poll polls=108480 elapsed_us=15 interval_us=47 chunks=0
t=6979091 transfer event=19072 count=512 submitted=4887456 tx_us=129 fast_bytes=512 slow_bytes=0 queries=2
t=6982165 profile_poll polls=108544 elapsed_us=184 interval_us=48 chunks=2
t=6985060 pipe_read event=300 count=16384 read_us=328 buffered=16384
t=6986270 profile_poll polls=108608 elapsed_us=15 interval_us=48 chunks=0
t=6990075 profile_poll polls=108672 elapsed_us=15 interval_us=274 chunks=0
t=6994165 profile_poll polls=108736 elapsed_us=14 interval_us=48 chunks=0
t=6998177 profile_poll polls=108800 elapsed_us=15 interval_us=48 chunks=0
t=7002140 profile_poll polls=108864 elapsed_us=14 interval_us=48 chunks=0
t=7005061 pipe_read event=301 count=16384 read_us=331 buffered=16384
t=7007488 profile_poll polls=108928 elapsed_us=14 interval_us=49 chunks=0
t=7011580 transfer event=19136 count=172 submitted=4914372 tx_us=59 fast_bytes=172 slow_bytes=0 queries=2
t=7011613 profile_poll polls=108992 elapsed_us=240 interval_us=48 chunks=2
t=7015420 profile_poll polls=109056 elapsed_us=15 interval_us=48 chunks=0
t=7019109 profile_poll polls=109120 elapsed_us=14 interval_us=48 chunks=0
t=7023489 pipe_read event=302 count=16384 read_us=324 buffered=16384
t=7024083 profile_poll polls=109184 elapsed_us=15 interval_us=48 chunks=0
t=7028662 profile_poll polls=109248 elapsed_us=15 interval_us=48 chunks=0
t=7033174 profile_poll polls=109312 elapsed_us=14 interval_us=48 chunks=0
t=7035685 pipe_read event=303 count=16384 read_us=351 buffered=16384
t=7039240 profile_poll polls=109376 elapsed_us=14 interval_us=48 chunks=0
t=7040158 transfer event=19200 count=374 submitted=4947484 tx_us=101 fast_bytes=374 slow_bytes=0 queries=2
t=7044178 profile_poll polls=109440 elapsed_us=14 interval_us=48 chunks=0
t=7046587 pipe_read event=304 count=16384 read_us=340 buffered=16384
t=7049798 profile_poll polls=109504 elapsed_us=14 interval_us=48 chunks=0
t=7054146 profile_poll polls=109568 elapsed_us=15 interval_us=47 chunks=0
t=7058640 profile_poll polls=109632 elapsed_us=14 interval_us=49 chunks=0
t=7060759 pipe_read event=305 count=16384 read_us=392 buffered=16384
t=7063483 profile_poll polls=109696 elapsed_us=15 interval_us=48 chunks=0
t=7066619 profile_poll polls=109760 elapsed_us=15 interval_us=48 chunks=0
t=7069743 profile_poll polls=109824 elapsed_us=15 interval_us=48 chunks=0
t=7073484 profile_poll polls=109888 elapsed_us=253 interval_us=48 chunks=2
t=7077576 profile_poll polls=109952 elapsed_us=15 interval_us=51 chunks=0
t=7078134 transfer event=19264 count=306 submitted=4981784 tx_us=86 fast_bytes=306 slow_bytes=0 queries=2
t=7081589 profile_poll polls=110016 elapsed_us=15 interval_us=49 chunks=0
t=7085992 profile_poll polls=110080 elapsed_us=15 interval_us=48 chunks=0
t=7087129 pipe_read event=306 count=16384 read_us=321 buffered=16384
t=7090924 profile_poll polls=110144 elapsed_us=15 interval_us=48 chunks=0
t=7095032 profile_poll polls=110208 elapsed_us=14 interval_us=48 chunks=0
t=7099107 profile_poll polls=110272 elapsed_us=144 interval_us=48 chunks=1
t=7102801 profile_poll polls=110336 elapsed_us=15 interval_us=48 chunks=0
t=7105922 profile_poll polls=110400 elapsed_us=15 interval_us=48 chunks=0
t=7109045 profile_poll polls=110464 elapsed_us=15 interval_us=48 chunks=0
t=7112165 profile_poll polls=110528 elapsed_us=15 interval_us=48 chunks=0
t=7115284 profile_poll polls=110592 elapsed_us=15 interval_us=47 chunks=0
t=7118412 profile_poll polls=110656 elapsed_us=15 interval_us=48 chunks=0
t=7121545 profile_poll polls=110720 elapsed_us=15 interval_us=60 chunks=0
t=7124666 profile_poll polls=110784 elapsed_us=15 interval_us=48 chunks=0
t=7127785 profile_poll polls=110848 elapsed_us=15 interval_us=48 chunks=0
t=7130909 profile_poll polls=110912 elapsed_us=14 interval_us=48 chunks=0
t=7134055 profile_poll polls=110976 elapsed_us=14 interval_us=48 chunks=0
t=7137178 profile_poll polls=111040 elapsed_us=15 interval_us=47 chunks=0
t=7140912 profile_poll polls=111104 elapsed_us=15 interval_us=48 chunks=0
t=7141535 pipe_read event=307 count=16384 read_us=347 buffered=16384
t=7143624 transfer event=19328 count=212 submitted=5007976 tx_us=67 fast_bytes=212 slow_bytes=0 queries=2
t=7145677 profile_poll polls=111168 elapsed_us=15 interval_us=48 chunks=0
t=7149696 profile_poll polls=111232 elapsed_us=15 interval_us=48 chunks=0
t=7154151 profile_poll polls=111296 elapsed_us=14 interval_us=48 chunks=0
t=7158432 pipe_read event=308 count=16384 read_us=331 buffered=16384
t=7159023 profile_poll polls=111360 elapsed_us=14 interval_us=48 chunks=0
t=7163103 profile_poll polls=111424 elapsed_us=15 interval_us=47 chunks=0
t=7167063 profile_poll polls=111488 elapsed_us=15 interval_us=47 chunks=0
t=7171305 transfer event=19392 count=426 submitted=5033120 tx_us=112 fast_bytes=426 slow_bytes=0 queries=2
t=7171439 profile_poll polls=111552 elapsed_us=15 interval_us=49 chunks=0
t=7175953 pipe_read event=309 count=16384 read_us=325 buffered=16384
t=7176437 profile_poll polls=111616 elapsed_us=15 interval_us=48 chunks=0
t=7180970 profile_poll polls=111680 elapsed_us=15 interval_us=47 chunks=0
t=7185700 profile_poll polls=111744 elapsed_us=16 interval_us=47 chunks=0
t=7188121 pipe_read event=310 count=16384 read_us=324 buffered=16384
t=7191619 profile_poll polls=111808 elapsed_us=15 interval_us=49 chunks=0
t=7196478 profile_poll polls=111872 elapsed_us=15 interval_us=48 chunks=0
t=7198835 transfer event=19456 count=48 submitted=5070848 tx_us=33 fast_bytes=48 slow_bytes=0 queries=2
t=7199179 pipe_read event=311 count=16384 read_us=321 buffered=16384
t=7202396 profile_poll polls=111936 elapsed_us=15 interval_us=48 chunks=0
t=7207323 profile_poll polls=112000 elapsed_us=15 interval_us=47 chunks=0
t=7210137 pipe_read event=312 count=16384 read_us=343 buffered=16384
t=7213215 profile_poll polls=112064 elapsed_us=15 interval_us=665 chunks=0
t=7216668 profile_poll polls=112128 elapsed_us=15 interval_us=48 chunks=0
t=7219886 profile_poll polls=112192 elapsed_us=15 interval_us=48 chunks=0
t=7223012 profile_poll polls=112256 elapsed_us=14 interval_us=48 chunks=0
t=7226135 profile_poll polls=112320 elapsed_us=15 interval_us=48 chunks=0
t=7229250 profile_poll polls=112384 elapsed_us=15 interval_us=47 chunks=0
t=7232374 profile_poll polls=112448 elapsed_us=15 interval_us=48 chunks=0
t=7235489 profile_poll polls=112512 elapsed_us=15 interval_us=48 chunks=0
t=7238737 profile_poll polls=112576 elapsed_us=14 interval_us=48 chunks=0
t=7243056 profile_poll polls=112640 elapsed_us=15 interval_us=47 chunks=0
t=7246911 profile_poll polls=112704 elapsed_us=14 interval_us=48 chunks=0
t=7249938 pipe_read event=313 count=16384 read_us=334 buffered=16384
t=7251460 profile_poll polls=112768 elapsed_us=15 interval_us=48 chunks=0
t=7252058 transfer event=19520 count=836 submitted=5106416 tx_us=198 fast_bytes=836 slow_bytes=0 queries=2
t=7255890 profile_poll polls=112832 elapsed_us=15 interval_us=47 chunks=0
t=7260288 profile_poll polls=112896 elapsed_us=14 interval_us=48 chunks=0
t=7264431 profile_poll polls=112960 elapsed_us=15 interval_us=284 chunks=0
t=7266632 pipe_read event=314 count=16384 read_us=349 buffered=16384
t=7269022 profile_poll polls=113024 elapsed_us=15 interval_us=48 chunks=0
t=7273003 profile_poll polls=113088 elapsed_us=15 interval_us=48 chunks=0
t=7277028 profile_poll polls=113152 elapsed_us=15 interval_us=47 chunks=0
t=7281097 profile_poll polls=113216 elapsed_us=15 interval_us=47 chunks=0
t=7285036 profile_poll polls=113280 elapsed_us=14 interval_us=48 chunks=0
t=7285636 pipe_read event=315 count=16384 read_us=365 buffered=16384
t=7287563 transfer event=19584 count=512 submitted=5138876 tx_us=141 fast_bytes=512 slow_bytes=0 queries=2
t=7290337 profile_poll polls=113344 elapsed_us=15 interval_us=48 chunks=0
t=7294489 profile_poll polls=113408 elapsed_us=14 interval_us=48 chunks=0
t=7298808 profile_poll polls=113472 elapsed_us=14 interval_us=48 chunks=0
t=7301791 pipe_read event=316 count=16384 read_us=363 buffered=16384
t=7303536 profile_poll polls=113536 elapsed_us=15 interval_us=61 chunks=0
t=7307714 profile_poll polls=113600 elapsed_us=15 interval_us=48 chunks=0
t=7312336 profile_poll polls=113664 elapsed_us=15 interval_us=47 chunks=0
t=7316082 transfer event=19648 count=480 submitted=5169152 tx_us=123 fast_bytes=480 slow_bytes=0 queries=2
t=7316427 pipe_read event=317 count=16384 read_us=323 buffered=16384
t=7317339 profile_poll polls=113728 elapsed_us=15 interval_us=47 chunks=0
t=7322668 profile_poll polls=113792 elapsed_us=15 interval_us=49 chunks=0
t=7327479 pipe_read event=318 count=16384 read_us=341 buffered=16384
t=7327997 profile_poll polls=113856 elapsed_us=15 interval_us=48 chunks=0
t=7333009 profile_poll polls=113920 elapsed_us=14 interval_us=48 chunks=0
t=7338144 profile_poll polls=113984 elapsed_us=15 interval_us=48 chunks=0
t=7338594 pipe_read event=319 count=16384 read_us=353 buffered=16384
t=7344444 profile_poll polls=114048 elapsed_us=15 interval_us=48 chunks=0
t=7345592 transfer event=19712 count=1132 submitted=5215692 tx_us=271 fast_bytes=1132 slow_bytes=0 queries=2
t=7348615 pipe_read event=320 count=16384 read_us=353 buffered=16384
t=7350547 profile_poll polls=114112 elapsed_us=15 interval_us=716 chunks=0
t=7354087 profile_poll polls=114176 elapsed_us=15 interval_us=47 chunks=0
t=7357882 profile_poll polls=114240 elapsed_us=15 interval_us=48 chunks=0
t=7362046 profile_poll polls=114304 elapsed_us=14 interval_us=48 chunks=0
t=7365906 profile_poll polls=114368 elapsed_us=15 interval_us=47 chunks=0
t=7366512 pipe_read event=321 count=16384 read_us=337 buffered=16384
t=7371053 profile_poll polls=114432 elapsed_us=14 interval_us=414 chunks=0
t=7375208 profile_poll polls=114496 elapsed_us=15 interval_us=47 chunks=0
t=7379561 transfer event=19776 count=238 submitted=5249564 tx_us=83 fast_bytes=238 slow_bytes=0 queries=2
t=7379795 profile_poll polls=114560 elapsed_us=15 interval_us=48 chunks=0
t=7382151 pipe_read event=322 count=16384 read_us=320 buffered=16384
t=7384695 profile_poll polls=114624 elapsed_us=15 interval_us=381 chunks=0
t=7388848 profile_poll polls=114688 elapsed_us=15 interval_us=48 chunks=0
t=7392152 profile_poll polls=114752 elapsed_us=15 interval_us=48 chunks=0
t=7395381 profile_poll polls=114816 elapsed_us=15 interval_us=49 chunks=0
t=7399409 profile_poll polls=114880 elapsed_us=15 interval_us=48 chunks=0
t=7403332 profile_poll polls=114944 elapsed_us=15 interval_us=48 chunks=0
t=7408479 profile_poll polls=115008 elapsed_us=342 interval_us=50 chunks=3
t=7413210 profile_poll polls=115072 elapsed_us=15 interval_us=48 chunks=0
t=7414300 pipe_read event=323 count=16384 read_us=379 buffered=16384
t=7417931 profile_poll polls=115136 elapsed_us=15 interval_us=48 chunks=0
t=7422444 profile_poll polls=115200 elapsed_us=15 interval_us=48 chunks=0
t=7426596 profile_poll polls=115264 elapsed_us=15 interval_us=49 chunks=0
t=7428278 transfer event=19840 count=78 submitted=5281626 tx_us=39 fast_bytes=78 slow_bytes=0 queries=2
t=7430093 pipe_read event=324 count=16384 read_us=338 buffered=16384
t=7431609 profile_poll polls=115328 elapsed_us=14 interval_us=50 chunks=0
t=7435822 profile_poll polls=115392 elapsed_us=15 interval_us=47 chunks=0
t=7440277 profile_poll polls=115456 elapsed_us=15 interval_us=47 chunks=0
t=7442424 transfer event=19904 count=76 submitted=5297066 tx_us=38 fast_bytes=76 slow_bytes=0 queries=2
t=7444465 pipe_read event=325 count=16384 read_us=324 buffered=16384
t=7446174 transfer event=19968 count=92 submitted=5303824 tx_us=42 fast_bytes=92 slow_bytes=0 queries=2
t=7449320 transfer event=20032 count=68 submitted=5309554 tx_us=37 fast_bytes=68 slow_bytes=0 queries=2
t=7453048 pipe_read event=326 count=16384 read_us=364 buffered=16384
t=7453517 transfer event=20096 count=238 submitted=5318310 tx_us=87 fast_bytes=238 slow_bytes=0 queries=2
t=7456690 transfer event=20160 count=30 submitted=5324084 tx_us=29 fast_bytes=30 slow_bytes=0 queries=2
t=7459788 transfer event=20224 count=186 submitted=5329602 tx_us=61 fast_bytes=186 slow_bytes=0 queries=2
t=7461903 pipe_read event=327 count=16384 read_us=328 buffered=16384
t=7463695 transfer event=20288 count=158 submitted=5336930 tx_us=56 fast_bytes=158 slow_bytes=0 queries=2
t=7464195 profile_poll polls=115520 elapsed_us=370 interval_us=560 chunks=8
t=7467072 transfer event=20352 count=28 submitted=5343548 tx_us=29 fast_bytes=28 slow_bytes=0 queries=2
t=7470487 pipe_read event=328 count=16384 read_us=337 buffered=16384
t=7470893 transfer event=20416 count=40 submitted=5350650 tx_us=31 fast_bytes=40 slow_bytes=0 queries=2
t=7474187 transfer event=20480 count=102 submitted=5356974 tx_us=44 fast_bytes=102 slow_bytes=0 queries=2
t=7477242 transfer event=20544 count=96 submitted=5362270 tx_us=42 fast_bytes=96 slow_bytes=0 queries=2
t=7479987 profile_poll polls=115584 elapsed_us=15 interval_us=48 chunks=0
t=7483109 profile_poll polls=115648 elapsed_us=15 interval_us=47 chunks=0
t=7486230 profile_poll polls=115712 elapsed_us=15 interval_us=47 chunks=0
t=7489429 pipe_read event=329 count=16384 read_us=330 buffered=16384
t=7490202 profile_poll polls=115776 elapsed_us=14 interval_us=48 chunks=0
t=7494037 profile_poll polls=115840 elapsed_us=15 interval_us=48 chunks=0
t=7497941 profile_poll polls=115904 elapsed_us=14 interval_us=48 chunks=0
t=7502043 profile_poll polls=115968 elapsed_us=15 interval_us=47 chunks=0
t=7506184 profile_poll polls=116032 elapsed_us=15 interval_us=48 chunks=0
t=7508997 transfer event=20608 count=512 submitted=5381292 tx_us=130 fast_bytes=512 slow_bytes=0 queries=2
t=7510426 pipe_read event=330 count=16384 read_us=337 buffered=16384
t=7510817 profile_poll polls=116096 elapsed_us=15 interval_us=51 chunks=0
t=7515145 profile_poll polls=116160 elapsed_us=15 interval_us=47 chunks=0
t=7519135 profile_poll polls=116224 elapsed_us=14 interval_us=48 chunks=0
t=7522476 profile_poll polls=116288 elapsed_us=15 interval_us=180 chunks=0
t=7526383 profile_poll polls=116352 elapsed_us=15 interval_us=219 chunks=0
t=7530233 profile_poll polls=116416 elapsed_us=14 interval_us=48 chunks=0
t=7534136 pipe_read event=331 count=16384 read_us=333 buffered=16384
t=7534666 profile_poll polls=116480 elapsed_us=15 interval_us=48 chunks=0
t=7539023 profile_poll polls=116544 elapsed_us=15 interval_us=48 chunks=0
t=7541081 transfer event=20672 count=238 submitted=5406180 tx_us=73 fast_bytes=238 slow_bytes=0 queries=2
t=7543440 profile_poll polls=116608 elapsed_us=16 interval_us=47 chunks=0
t=7547677 profile_poll polls=116672 elapsed_us=15 interval_us=48 chunks=0
t=7550989 pipe_read event=332 count=16384 read_us=329 buffered=16384
t=7552211 profile_poll polls=116736 elapsed_us=15 interval_us=48 chunks=0
t=7556928 profile_poll polls=116800 elapsed_us=402 interval_us=60 chunks=3
t=7561466 profile_poll polls=116864 elapsed_us=14 interval_us=49 chunks=0
t=7564554 pipe_read event=333 count=16384 read_us=341 buffered=16384
t=7566365 profile_poll polls=116928 elapsed_us=14 interval_us=48 chunks=0
t=7569660 transfer event=20736 count=512 submitted=5437216 tx_us=131 fast_bytes=512 slow_bytes=0 queries=2
t=7570904 profile_poll polls=116992 elapsed_us=15 interval_us=47 chunks=0
t=7575509 profile_poll polls=117056 elapsed_us=26 interval_us=47 chunks=0
t=7577719 pipe_read event=334 count=16384 read_us=368 buffered=16384
t=7581383 profile_poll polls=117120 elapsed_us=15 interval_us=47 chunks=0
t=7586212 profile_poll polls=117184 elapsed_us=15 interval_us=48 chunks=0
t=7588778 pipe_read event=335 count=16384 read_us=338 buffered=16384
t=7592190 profile_poll polls=117248 elapsed_us=15 interval_us=48 chunks=0
t=7596302 profile_poll polls=117312 elapsed_us=15 interval_us=47 chunks=0
t=7599423 profile_poll polls=117376 elapsed_us=15 interval_us=48 chunks=0
t=7602548 profile_poll polls=117440 elapsed_us=14 interval_us=60 chunks=0
t=7605752 profile_poll polls=117504 elapsed_us=15 interval_us=47 chunks=0
t=7609652 profile_poll polls=117568 elapsed_us=15 interval_us=48 chunks=0
t=7609838 transfer event=20800 count=512 submitted=5477792 tx_us=131 fast_bytes=512 slow_bytes=0 queries=2
t=7613594 profile_poll polls=117632 elapsed_us=15 interval_us=49 chunks=0
t=7614167 pipe_read event=336 count=16384 read_us=359 buffered=16384
t=7618288 profile_poll polls=117696 elapsed_us=15 interval_us=47 chunks=0
t=7622472 profile_poll polls=117760 elapsed_us=14 interval_us=48 chunks=0
t=7626889 profile_poll polls=117824 elapsed_us=14 interval_us=389 chunks=0
t=7630941 profile_poll polls=117888 elapsed_us=15 interval_us=47 chunks=0
t=7631688 pipe_read event=337 count=16384 read_us=348 buffered=16384
t=7636028 profile_poll polls=117952 elapsed_us=15 interval_us=47 chunks=0
t=7639174 profile_poll polls=118016 elapsed_us=15 interval_us=47 chunks=0
t=7642291 profile_poll polls=118080 elapsed_us=15 interval_us=48 chunks=0
t=7645409 profile_poll polls=118144 elapsed_us=15 interval_us=47 chunks=0
t=7648537 profile_poll polls=118208 elapsed_us=15 interval_us=59 chunks=0
t=7651655 profile_poll polls=118272 elapsed_us=14 interval_us=48 chunks=0
t=7654769 profile_poll polls=118336 elapsed_us=14 interval_us=48 chunks=0
t=7657891 profile_poll polls=118400 elapsed_us=15 interval_us=47 chunks=0
t=7661008 profile_poll polls=118464 elapsed_us=15 interval_us=48 chunks=0
t=7664126 profile_poll polls=118528 elapsed_us=15 interval_us=47 chunks=0
t=7667239 profile_poll polls=118592 elapsed_us=15 interval_us=47 chunks=0
t=7670353 profile_poll polls=118656 elapsed_us=15 interval_us=48 chunks=0
t=7672725 transfer event=20864 count=512 submitted=5502384 tx_us=130 fast_bytes=512 slow_bytes=0 queries=2
t=7674035 profile_poll polls=118720 elapsed_us=14 interval_us=48 chunks=0
t=7677906 profile_poll polls=118784 elapsed_us=14 interval_us=48 chunks=0
t=7681915 profile_poll polls=118848 elapsed_us=239 interval_us=47 chunks=2
t=7686016 profile_poll polls=118912 elapsed_us=15 interval_us=314 chunks=0
t=7687226 pipe_read event=338 count=16384 read_us=330 buffered=16384
t=7690701 profile_poll polls=118976 elapsed_us=14 interval_us=48 chunks=0
t=7694761 profile_poll polls=119040 elapsed_us=15 interval_us=47 chunks=0
t=7699013 profile_poll polls=119104 elapsed_us=14 interval_us=48 chunks=0
t=7703381 pipe_read event=339 count=16384 read_us=346 buffered=16384
t=7703860 profile_poll polls=119168 elapsed_us=14 interval_us=48 chunks=0
t=7704052 transfer event=20928 count=536 submitted=5530324 tx_us=135 fast_bytes=536 slow_bytes=0 queries=2
t=7708441 profile_poll polls=119232 elapsed_us=15 interval_us=48 chunks=0
t=7713000 profile_poll polls=119296 elapsed_us=14 interval_us=48 chunks=0
t=7717039 pipe_read event=340 count=16384 read_us=330 buffered=16384
t=7718456 profile_poll polls=119360 elapsed_us=14 interval_us=49 chunks=0
t=7723106 profile_poll polls=119424 elapsed_us=15 interval_us=47 chunks=0
t=7728041 profile_poll polls=119488 elapsed_us=15 interval_us=47 chunks=0
t=7729197 pipe_read event=341 count=16384 read_us=332 buffered=16384
t=7732545 transfer event=20992 count=180 submitted=5569120 tx_us=71 fast_bytes=180 slow_bytes=0 queries=2
t=7733506 profile_poll polls=119552 elapsed_us=26 interval_us=48 chunks=0
t=7739274 pipe_read event=342 count=16384 read_us=326 buffered=16384
t=7739731 profile_poll polls=119616 elapsed_us=15 interval_us=1132 chunks=0
t=7744933 profile_poll polls=119680 elapsed_us=14 interval_us=48 chunks=0
t=7749067 pipe_read event=343 count=16384 read_us=328 buffered=16384
t=7750406 profile_poll polls=119744 elapsed_us=14 interval_us=48 chunks=0
t=7753538 profile_poll polls=119808 elapsed_us=15 interval_us=59 chunks=0
t=7756662 profile_poll polls=119872 elapsed_us=15 interval_us=48 chunks=0
t=7759778 profile_poll polls=119936 elapsed_us=15 interval_us=48 chunks=0
t=7762891 profile_poll polls=120000 elapsed_us=15 interval_us=47 chunks=0
t=7766014 profile_poll polls=120064 elapsed_us=14 interval_us=48 chunks=0
t=7769128 profile_poll polls=120128 elapsed_us=15 interval_us=48 chunks=0
t=7772336 profile_poll polls=120192 elapsed_us=106 interval_us=48 chunks=1
t=7776245 profile_poll polls=120256 elapsed_us=15 interval_us=47 chunks=0
t=7780241 profile_poll polls=120320 elapsed_us=14 interval_us=48 chunks=0
t=7784214 profile_poll polls=120384 elapsed_us=15 interval_us=48 chunks=0
t=7785890 transfer event=21056 count=272 submitted=5606948 tx_us=80 fast_bytes=272 slow_bytes=0 queries=2
t=7788441 profile_poll polls=120448 elapsed_us=15 interval_us=48 chunks=0
t=7790738 pipe_read event=344 count=16384 read_us=347 buffered=16384
t=7793304 profile_poll polls=120512 elapsed_us=14 interval_us=48 chunks=0
t=7797736 profile_poll polls=120576 elapsed_us=15 interval_us=369 chunks=0
t=7802432 profile_poll polls=120640 elapsed_us=15 interval_us=48 chunks=0
t=7805989 profile_poll polls=120704 elapsed_us=15 interval_us=48 chunks=0
t=7807515 pipe_read event=345 count=16384 read_us=339 buffered=16384
t=7810472 profile_poll polls=120768 elapsed_us=15 interval_us=48 chunks=0
t=7814098 transfer event=21120 count=180 submitted=5633024 tx_us=61 fast_bytes=180 slow_bytes=0 queries=2
t=7814472 profile_poll polls=120832 elapsed_us=15 interval_us=48 chunks=0
t=7818480 profile_poll polls=120896 elapsed_us=14 interval_us=48 chunks=0
t=7822672 profile_poll polls=120960 elapsed_us=14 interval_us=48 chunks=0
t=7826755 profile_poll polls=121024 elapsed_us=15 interval_us=47 chunks=0
t=7827291 pipe_read event=346 count=16384 read_us=350 buffered=16384
t=7832041 profile_poll polls=121088 elapsed_us=15 interval_us=47 chunks=0
t=7836656 profile_poll polls=121152 elapsed_us=15 interval_us=48 chunks=0
t=7840850 profile_poll polls=121216 elapsed_us=15 interval_us=48 chunks=0
t=7841360 pipe_read event=347 count=16384 read_us=346 buffered=16384
t=7844420 transfer event=21184 count=974 submitted=5666318 tx_us=225 fast_bytes=974 slow_bytes=0 queries=2
t=7846547 profile_poll polls=121280 elapsed_us=15 interval_us=61 chunks=0
t=7851312 profile_poll polls=121344 elapsed_us=15 interval_us=47 chunks=0
t=7852554 pipe_read event=348 count=16384 read_us=340 buffered=16384
t=7857235 profile_poll polls=121408 elapsed_us=14 interval_us=48 chunks=0
t=7862395 profile_poll polls=121472 elapsed_us=15 interval_us=47 chunks=0
t=7863599 pipe_read event=349 count=16384 read_us=354 buffered=16384
t=7868053 profile_poll polls=121536 elapsed_us=14 interval_us=48 chunks=0
t=7872604 pipe_read event=350 count=16384 read_us=347 buffered=16384
t=7873613 transfer event=21248 count=512 submitted=5711148 tx_us=145 fast_bytes=512 slow_bytes=0 queries=2
t=7874684 profile_poll polls=121600 elapsed_us=15 interval_us=48 chunks=0
t=7880201 profile_poll polls=121664 elapsed_us=15 interval_us=48 chunks=0
t=7881572 pipe_read event=351 count=16384 read_us=332 buffered=16384
t=7885839 profile_poll polls=121728 elapsed_us=15 interval_us=74 chunks=0
t=7889047 profile_poll polls=121792 elapsed_us=98 interval_us=48 chunks=1
t=7893052 profile_poll polls=121856 elapsed_us=14 interval_us=48 chunks=0
t=7896930 profile_poll polls=121920 elapsed_us=15 interval_us=48 chunks=0
t=7900997 profile_poll polls=121984 elapsed_us=15 interval_us=48 chunks=0
t=7902972 pipe_read event=352 count=16384 read_us=333 buffered=16384
t=7905487 profile_poll polls=122048 elapsed_us=14 interval_us=48 chunks=0
t=7906098 transfer event=21312 count=58 submitted=5746148 tx_us=34 fast_bytes=58 slow_bytes=0 queries=2
t=7909987 profile_poll polls=122112 elapsed_us=14 interval_us=48 chunks=0
t=7914199 profile_poll polls=122176 elapsed_us=15 interval_us=47 chunks=0
t=7918956 pipe_read event=353 count=16384 read_us=325 buffered=16384
t=7919355 profile_poll polls=122240 elapsed_us=15 interval_us=52 chunks=0
t=7923767 profile_poll polls=122304 elapsed_us=40 interval_us=48 chunks=1
t=7926891 profile_poll polls=122368 elapsed_us=15 interval_us=48 chunks=0
t=7930016 profile_poll polls=122432 elapsed_us=15 interval_us=48 chunks=0
t=7933138 profile_poll polls=122496 elapsed_us=15 interval_us=47 chunks=0
t=7936256 profile_poll polls=122560 elapsed_us=15 interval_us=48 chunks=0
t=7939746 profile_poll polls=122624 elapsed_us=278 interval_us=48 chunks=2
t=7943517 profile_poll polls=122688 elapsed_us=25 interval_us=48 chunks=0
t=7947634 profile_poll polls=122752 elapsed_us=15 interval_us=48 chunks=0
t=7949725 transfer event=21376 count=420 submitted=5773636 tx_us=112 fast_bytes=420 slow_bytes=0 queries=2
t=7951520 profile_poll polls=122816 elapsed_us=16 interval_us=58 chunks=0
t=7953131 pipe_read event=354 count=16384 read_us=358 buffered=16384
t=7956483 profile_poll polls=122880 elapsed_us=14 interval_us=383 chunks=0
t=7960710 profile_poll polls=122944 elapsed_us=15 interval_us=48 chunks=0
t=7965459 profile_poll polls=123008 elapsed_us=463 interval_us=48 chunks=3
t=7967077 pipe_read event=355 count=16384 read_us=322 buffered=16384
t=7970126 profile_poll polls=123072 elapsed_us=15 interval_us=48 chunks=0
t=7974819 transfer event=21440 count=46 submitted=5800244 tx_us=32 fast_bytes=46 slow_bytes=0 queries=2
t=7976242 profile_poll polls=123136 elapsed_us=318 interval_us=450 chunks=8
t=7977626 transfer event=21504 count=24 submitted=5804278 tx_us=27 fast_bytes=24 slow_bytes=0 queries=2
t=7980170 pipe_read event=356 count=16384 read_us=350 buffered=16384
t=7981299 transfer event=21568 count=32 submitted=5810628 tx_us=29 fast_bytes=32 slow_bytes=0 queries=2
t=7984458 transfer event=21632 count=76 submitted=5816406 tx_us=38 fast_bytes=76 slow_bytes=0 queries=2
t=7987463 transfer event=21696 count=78 submitted=5821484 tx_us=39 fast_bytes=78 slow_bytes=0 queries=2
t=7989344 pipe_read event=357 count=16384 read_us=328 buffered=16384
t=7991361 transfer event=21760 count=136 submitted=5828934 tx_us=51 fast_bytes=136 slow_bytes=0 queries=2
t=7994698 transfer event=21824 count=70 submitted=5835508 tx_us=38 fast_bytes=70 slow_bytes=0 queries=2
t=7998064 pipe_read event=358 count=16384 read_us=317 buffered=16384
t=7998297 transfer event=21888 count=892 submitted=5841788 tx_us=210 fast_bytes=892 slow_bytes=0 queries=2
t=8001608 transfer event=21952 count=118 submitted=5848164 tx_us=47 fast_bytes=118 slow_bytes=0 queries=2
t=8003305 profile_poll polls=123200 elapsed_us=417 interval_us=414 chunks=8
t=8004999 transfer event=22016 count=34 submitted=5854956 tx_us=29 fast_bytes=34 slow_bytes=0 queries=2
t=8006458 pipe_read event=359 count=16384 read_us=324 buffered=16384
t=8008999 transfer event=22080 count=20 submitted=5862908 tx_us=26 fast_bytes=20 slow_bytes=0 queries=2
t=8013802 profile_poll polls=123264 elapsed_us=15 interval_us=48 chunks=0
t=8016930 profile_poll polls=123328 elapsed_us=14 interval_us=48 chunks=0
t=8020056 profile_poll polls=123392 elapsed_us=15 interval_us=48 chunks=0
t=8023454 profile_poll polls=123456 elapsed_us=15 interval_us=48 chunks=0
t=8027290 profile_poll polls=123520 elapsed_us=14 interval_us=48 chunks=0
t=8028610 transfer event=22144 count=512 submitted=5872458 tx_us=141 fast_bytes=512 slow_bytes=0 queries=2
t=8030878 pipe_read event=360 count=16384 read_us=326 buffered=16384
t=8031825 profile_poll polls=123584 elapsed_us=15 interval_us=47 chunks=0
t=8035935 profile_poll polls=123648 elapsed_us=15 interval_us=48 chunks=0
t=8040216 profile_poll polls=123712 elapsed_us=14 interval_us=48 chunks=0
t=8044550 profile_poll polls=123776 elapsed_us=15 interval_us=61 chunks=0
t=8048125 pipe_read event=361 count=16384 read_us=329 buffered=16384
t=8049220 profile_poll polls=123840 elapsed_us=15 interval_us=48 chunks=0
t=8053288 profile_poll polls=123904 elapsed_us=15 interval_us=47 chunks=0
t=8056731 profile_poll polls=123968 elapsed_us=14 interval_us=48 chunks=0
t=8059985 transfer event=22208 count=328 submitted=5898202 tx_us=92 fast_bytes=328 slow_bytes=0 queries=2
t=8060612 profile_poll polls=124032 elapsed_us=14 interval_us=49 chunks=0
t=8064601 profile_poll polls=124096 elapsed_us=14 interval_us=49 chunks=0
t=8068704 profile_poll polls=124160 elapsed_us=14 interval_us=48 chunks=0
t=8070556 pipe_read event=362 count=16384 read_us=360 buffered=16384
t=8073720 profile_poll polls=124224 elapsed_us=15 interval_us=49 chunks=0
t=8077790 profile_poll polls=124288 elapsed_us=15 interval_us=48 chunks=0
t=8082091 profile_poll polls=124352 elapsed_us=15 interval_us=47 chunks=0
t=8086403 profile_poll polls=124416 elapsed_us=15 interval_us=48 chunks=0
t=8087291 transfer event=22272 count=150 submitted=5921980 tx_us=54 fast_bytes=150 slow_bytes=0 queries=2
t=8087863 pipe_read event=363 count=16384 read_us=311 buffered=16384
t=8091359 profile_poll polls=124480 elapsed_us=15 interval_us=47 chunks=0
t=8096043 profile_poll polls=124544 elapsed_us=15 interval_us=48 chunks=0
t=8100704 profile_poll polls=124608 elapsed_us=14 interval_us=48 chunks=0
t=8101645 pipe_read event=364 count=16384 read_us=352 buffered=16384
t=8106507 profile_poll polls=124672 elapsed_us=26 interval_us=48 chunks=0
t=8111288 profile_poll polls=124736 elapsed_us=15 interval_us=47 chunks=0
t=8112544 pipe_read event=365 count=16384 read_us=343 buffered=16384
t=8115430 transfer event=22336 count=1020 submitted=5960354 tx_us=238 fast_bytes=1020 slow_bytes=0 queries=2
t=8116446 profile_poll polls=124800 elapsed_us=15 interval_us=47 chunks=0
t=8121480 profile_poll polls=124864 elapsed_us=15 interval_us=47 chunks=0
t=8123820 pipe_read event=366 count=16384 read_us=337 buffered=16384
t=8127524 profile_poll polls=124928 elapsed_us=15 interval_us=58 chunks=0
t=8132362 profile_poll polls=124992 elapsed_us=15 interval_us=48 chunks=0
t=8135485 profile_poll polls=125056 elapsed_us=15 interval_us=48 chunks=0
t=8138617 profile_poll polls=125120 elapsed_us=14 interval_us=49 chunks=0
t=8142400 profile_poll polls=125184 elapsed_us=15 interval_us=48 chunks=0
t=8143090 pipe_read event=367 count=16384 read_us=354 buffered=16384
t=8146887 profile_poll polls=125248 elapsed_us=15 interval_us=47 chunks=0
t=8151102 profile_poll polls=125312 elapsed_us=14 interval_us=48 chunks=0
t=8152761 transfer event=22400 count=512 submitted=5996874 tx_us=130 fast_bytes=512 slow_bytes=0 queries=2
t=8155417 profile_poll polls=125376 elapsed_us=15 interval_us=48 chunks=0
t=8159658 profile_poll polls=125440 elapsed_us=14 interval_us=50 chunks=0
t=8161002 pipe_read event=368 count=16384 read_us=329 buffered=16384
t=8164362 profile_poll polls=125504 elapsed_us=15 interval_us=343 chunks=0
t=8168427 profile_poll polls=125568 elapsed_us=15 interval_us=47 chunks=0
t=8172355 profile_poll polls=125632 elapsed_us=15 interval_us=47 chunks=0
t=8175477 profile_poll polls=125696 elapsed_us=15 interval_us=48 chunks=0
t=8178605 profile_poll polls=125760 elapsed_us=14 interval_us=50 chunks=0
t=8181726 profile_poll polls=125824 elapsed_us=15 interval_us=49 chunks=0
t=8184842 profile_poll polls=125888 elapsed_us=15 interval_us=48 chunks=0
t=8187962 profile_poll polls=125952 elapsed_us=15 interval_us=47 chunks=0
t=8191083 profile_poll polls=126016 elapsed_us=14 interval_us=48 chunks=0
t=8194202 profile_poll polls=126080 elapsed_us=15 interval_us=48 chunks=0
t=8197320 profile_poll polls=126144 elapsed_us=14 interval_us=48 chunks=0
t=8200440 profile_poll polls=126208 elapsed_us=14 interval_us=48 chunks=0
t=8203569 profile_poll polls=126272 elapsed_us=15 interval_us=50 chunks=0
t=8206962 profile_poll polls=126336 elapsed_us=15 interval_us=47 chunks=0
t=8210945 profile_poll polls=126400 elapsed_us=15 interval_us=48 chunks=0
t=8214426 pipe_read event=369 count=16384 read_us=349 buffered=16384
t=8215563 profile_poll polls=126464 elapsed_us=15 interval_us=65 chunks=0
t=8217414 transfer event=22464 count=512 submitted=6024018 tx_us=129 fast_bytes=512 slow_bytes=0 queries=2
t=8219908 profile_poll polls=126528 elapsed_us=15 interval_us=49 chunks=0
t=8223876 profile_poll polls=126592 elapsed_us=14 interval_us=48 chunks=0
t=8228075 profile_poll polls=126656 elapsed_us=15 interval_us=47 chunks=0
t=8232115 profile_poll polls=126720 elapsed_us=14 interval_us=48 chunks=0
t=8232693 pipe_read event=370 count=16384 read_us=347 buffered=16384
t=8236781 profile_poll polls=126784 elapsed_us=14 interval_us=48 chunks=0
t=8240913 profile_poll polls=126848 elapsed_us=15 interval_us=339 chunks=0
t=8245475 profile_poll polls=126912 elapsed_us=15 interval_us=48 chunks=0
t=8248240 pipe_read event=371 count=16384 read_us=334 buffered=16384
t=8250670 profile_poll polls=126976 elapsed_us=14 interval_us=48 chunks=0
t=8250858 transfer event=22528 count=512 submitted=6057890 tx_us=130 fast_bytes=512 slow_bytes=0 queries=2
t=8256226 profile_poll polls=127040 elapsed_us=15 interval_us=48 chunks=0
t=8258876 pipe_read event=372 count=16384 read_us=326 buffered=16384
t=8261805 profile_poll polls=127104 elapsed_us=14 interval_us=50 chunks=0
t=8266623 profile_poll polls=127168 elapsed_us=15 interval_us=49 chunks=0
t=8270130 pipe_read event=373 count=16384 read_us=326 buffered=16384
t=8272074 profile_poll polls=127232 elapsed_us=15 interval_us=47 chunks=0
t=8276904 profile_poll polls=127296 elapsed_us=15 interval_us=48 chunks=0
t=8279685 transfer event=22592 count=1168 submitted=6101150 tx_us=281 fast_bytes=1168 slow_bytes=0 queries=2
t=8281487 pipe_read event=374 count=16384 read_us=326 buffered=16384
t=8282416 profile_poll polls=127360 elapsed_us=15 interval_us=48 chunks=0
t=8286762 profile_poll polls=127424 elapsed_us=14 interval_us=48 chunks=0
t=8289889 profile_poll polls=127488 elapsed_us=15 interval_us=47 chunks=0
t=8293007 profile_poll polls=127552 elapsed_us=14 interval_us=48 chunks=0
t=8296130 profile_poll polls=127616 elapsed_us=14 interval_us=48 chunks=0
t=8299251 profile_poll polls=127680 elapsed_us=15 interval_us=48 chunks=0
t=8302366 profile_poll polls=127744 elapsed_us=15 interval_us=47 chunks=0
t=8305480 profile_poll polls=127808 elapsed_us=15 interval_us=48 chunks=0
t=8309289 profile_poll polls=127872 elapsed_us=15 interval_us=47 chunks=0
t=8313467 profile_poll polls=127936 elapsed_us=14 interval_us=48 chunks=0
t=8317814 pipe_read event=375 count=16384 read_us=346 buffered=16384
t=8318239 profile_poll polls=128000 elapsed_us=15 interval_us=48 chunks=0
t=8322444 profile_poll polls=128064 elapsed_us=14 interval_us=48 chunks=0
t=8326590 profile_poll polls=128128 elapsed_us=15 interval_us=49 chunks=0
t=8330708 profile_poll polls=128192 elapsed_us=14 interval_us=48 chunks=0
t=8331282 transfer event=22656 count=512 submitted=6131658 tx_us=130 fast_bytes=512 slow_bytes=0 queries=2
t=8334670 profile_poll polls=128256 elapsed_us=15 interval_us=48 chunks=0
t=8336683 pipe_read event=376 count=16384 read_us=363 buffered=16384
t=8339444 profile_poll polls=128320 elapsed_us=15 interval_us=47 chunks=0
t=8343536 profile_poll polls=128384 elapsed_us=15 interval_us=309 chunks=0
t=8347467 profile_poll polls=128448 elapsed_us=15 interval_us=48 chunks=0
t=8351781 profile_poll polls=128512 elapsed_us=14 interval_us=48 chunks=0
t=8354824 pipe_read event=377 count=16384 read_us=388 buffered=16384
t=8356648 profile_poll polls=128576 elapsed_us=14 interval_us=320 chunks=0
t=8360568 profile_poll polls=128640 elapsed_us=15 interval_us=62 chunks=0
t=8363698 transfer event=22720 count=150 submitted=6159484 tx_us=55 fast_bytes=150 slow_bytes=0 queries=2
t=8364619 profile_poll polls=128704 elapsed_us=15 interval_us=49 chunks=0
t=8368591 profile_poll polls=128768 elapsed_us=15 interval_us=49 chunks=0
t=8373229 pipe_read event=378 count=16384 read_us=323 buffered=16384
t=8373476 profile_poll polls=128832 elapsed_us=15 interval_us=49 chunks=0
t=8378121 profile_poll polls=128896 elapsed_us=14 interval_us=49 chunks=0
t=8382995 profile_poll polls=128960 elapsed_us=15 interval_us=48 chunks=0
t=8385948 pipe_read event=379 count=16384 read_us=329 buffered=16384
t=8388383 profile_poll polls=129024 elapsed_us=14 interval_us=48 chunks=0
t=8392214 transfer event=22784 count=82 submitted=6195718 tx_us=40 fast_bytes=82 slow_bytes=0 queries=2
t=8393793 profile_poll polls=129088 elapsed_us=15 interval_us=567 chunks=0
t=8397033 pipe_read event=380 count=16384 read_us=326 buffered=16384
t=8398873 profile_poll polls=129152 elapsed_us=15 interval_us=48 chunks=0
t=8403901 profile_poll polls=129216 elapsed_us=15 interval_us=47 chunks=0
t=8408338 pipe_read event=381 count=16384 read_us=319 buffered=16384
t=8409259 profile_poll polls=129280 elapsed_us=15 interval_us=47 chunks=0
t=8415247 profile_poll polls=129344 elapsed_us=780 interval_us=48 chunks=4
t=8418575 pipe_read event=382 count=16384 read_us=340 buffered=16384
t=8420382 transfer event=22848 count=118 submitted=6238954 tx_us=47 fast_bytes=118 slow_bytes=0 queries=2
t=8420965 profile_poll polls=129408 elapsed_us=15 interval_us=47 chunks=0
t=8424583 profile_poll polls=129472 elapsed_us=15 interval_us=49 chunks=0
t=8428783 profile_poll polls=129536 elapsed_us=15 interval_us=301 chunks=0
t=8432834 profile_poll polls=129600 elapsed_us=14 interval_us=48 chunks=0
t=8435793 pipe_read event=383 count=16384 read_us=341 buffered=16384
t=8437480 profile_poll polls=129664 elapsed_us=15 interval_us=48 chunks=0
t=8441632 profile_poll polls=129728 elapsed_us=15 interval_us=49 chunks=0
t=8445674 profile_poll polls=129792 elapsed_us=15 interval_us=48 chunks=0
t=8449729 profile_poll polls=129856 elapsed_us=15 interval_us=47 chunks=0
t=8453088 transfer event=22912 count=36 submitted=6266518 tx_us=31 fast_bytes=36 slow_bytes=0 queries=2
t=8453909 profile_poll polls=129920 elapsed_us=15 interval_us=47 chunks=0
t=8454462 pipe_read event=384 count=16384 read_us=346 buffered=16384
t=8458617 profile_poll polls=129984 elapsed_us=15 interval_us=49 chunks=0
t=8461743 profile_poll polls=130048 elapsed_us=14 interval_us=48 chunks=0
t=8464871 profile_poll polls=130112 elapsed_us=15 interval_us=48 chunks=0
t=8467998 profile_poll polls=130176 elapsed_us=15 interval_us=48 chunks=0
t=8471119 profile_poll polls=130240 elapsed_us=15 interval_us=48 chunks=0
t=8474739 profile_poll polls=130304 elapsed_us=15 interval_us=48 chunks=0
t=8478978 profile_poll polls=130368 elapsed_us=15 interval_us=48 chunks=0
t=8483120 profile_poll polls=130432 elapsed_us=14 interval_us=48 chunks=0
t=8486106 pipe_read event=385 count=16384 read_us=335 buffered=16384
t=8487825 profile_poll polls=130496 elapsed_us=14 interval_us=48 chunks=0
t=8491968 profile_poll polls=130560 elapsed_us=15 interval_us=47 chunks=0
t=8496142 profile_poll polls=130624 elapsed_us=14 interval_us=48 chunks=0
t=8498108 transfer event=22976 count=512 submitted=6294086 tx_us=130 fast_bytes=512 slow_bytes=0 queries=2
t=8500249 profile_poll polls=130688 elapsed_us=15 interval_us=48 chunks=0
t=8503828 pipe_read event=386 count=16384 read_us=341 buffered=16384
t=8505362 profile_poll polls=130752 elapsed_us=14 interval_us=48 chunks=0
t=8510811 transfer event=23040 count=56 submitted=6307926 tx_us=34 fast_bytes=56 slow_bytes=0 queries=2
t=8512120 profile_poll polls=130816 elapsed_us=368 interval_us=454 chunks=8
t=8513884 transfer event=23104 count=138 submitted=6313214 tx_us=51 fast_bytes=138 slow_bytes=0 queries=2
t=8515618 pipe_read event=387 count=16384 read_us=374 buffered=16384
t=8518024 transfer event=23168 count=110 submitted=6321620 tx_us=46 fast_bytes=110 slow_bytes=0 queries=2
t=8521432 transfer event=23232 count=24 submitted=6328600 tx_us=28 fast_bytes=24 slow_bytes=0 queries=2
t=8523704 pipe_read event=388 count=16384 read_us=341 buffered=16384
t=8525388 transfer event=23296 count=78 submitted=6336340 tx_us=39 fast_bytes=78 slow_bytes=0 queries=2
t=8528710 transfer event=23360 count=112 submitted=6342806 tx_us=46 fast_bytes=112 slow_bytes=0 queries=2
t=8532134 pipe_read event=389 count=16384 read_us=343 buffered=16384
t=8532863 transfer event=23424 count=130 submitted=6351210 tx_us=49 fast_bytes=130 slow_bytes=0 queries=2
t=8536238 transfer event=23488 count=64 submitted=6357988 tx_us=36 fast_bytes=64 slow_bytes=0 queries=2
t=8539720 transfer event=23552 count=4 submitted=6365184 tx_us=23 fast_bytes=4 slow_bytes=0 queries=2
t=8540073 pipe_read event=390 count=16384 read_us=328 buffered=16384
t=8541950 profile_poll polls=130880 elapsed_us=405 interval_us=456 chunks=8
t=8543923 transfer event=23616 count=86 submitted=6373952 tx_us=41 fast_bytes=86 slow_bytes=0 queries=2
t=8547348 transfer event=23680 count=72 submitted=6381028 tx_us=37 fast_bytes=72 slow_bytes=0 queries=2
t=8549953 profile_poll polls=130944 elapsed_us=15 interval_us=48 chunks=0
t=8553074 profile_poll polls=131008 elapsed_us=15 interval_us=48 chunks=0
t=8556192 profile_poll polls=131072 elapsed_us=15 interval_us=47 chunks=0
t=8557093 pipe_read event=391 count=16384 read_us=355 buffered=16384
t=8560973 profile_poll polls=131136 elapsed_us=14 interval_us=285 chunks=0
t=8564981 profile_poll polls=131200 elapsed_us=14 interval_us=48 chunks=0
t=8569170 profile_poll polls=131264 elapsed_us=15 interval_us=47 chunks=0
t=8572968 profile_poll polls=131328 elapsed_us=14 interval_us=48 chunks=0
t=8576062 pipe_read event=392 count=16384 read_us=336 buffered=16384
t=8577657 profile_poll polls=131392 elapsed_us=15 interval_us=48 chunks=0
t=8581580 profile_poll polls=131456 elapsed_us=15 interval_us=51 chunks=0
t=8585671 profile_poll polls=131520 elapsed_us=15 interval_us=48 chunks=0
t=8587139 transfer event=23744 count=512 submitted=6407490 tx_us=130 fast_bytes=512 slow_bytes=0 queries=2
t=8590205 profile_poll polls=131584 elapsed_us=14 interval_us=318 chunks=0
t=8594044 profile_poll polls=131648 elapsed_us=14 interval_us=48 chunks=0
t=8594881 pipe_read event=393 count=16384 read_us=331 buffered=16384
t=8598675 profile_poll polls=131712 elapsed_us=15 interval_us=48 chunks=0
t=8602919 profile_poll polls=131776 elapsed_us=15 interval_us=47 chunks=0
t=8606997 profile_poll polls=131840 elapsed_us=14 interval_us=48 chunks=0
t=8610919 profile_poll polls=131904 elapsed_us=15 interval_us=48 chunks=0
t=8614179 pipe_read event=394 count=16384 read_us=328 buffered=16384
t=8615562 profile_poll polls=131968 elapsed_us=14 interval_us=64 chunks=0
t=8619061 transfer event=23808 count=512 submitted=6435338 tx_us=129 fast_bytes=512 slow_bytes=0 queries=2
t=8619713 profile_poll polls=132032 elapsed_us=14 interval_us=49 chunks=0
t=8623863 profile_poll polls=132096 elapsed_us=15 interval_us=47 chunks=0
t=8628220 profile_poll polls=132160 elapsed_us=437 interval_us=48 chunks=3
t=8631087 pipe_read event=395 count=16384 read_us=329 buffered=16384
t=8633245 profile_poll polls=132224 elapsed_us=15 interval_us=48 chunks=0
t=8638051 profile_poll polls=132288 elapsed_us=15 interval_us=47 chunks=0
t=8643099 pipe_read event=396 count=16384 read_us=330 buffered=16384
t=8643613 profile_poll polls=132352 elapsed_us=15 interval_us=886 chunks=0
t=8648309 profile_poll polls=132416 elapsed_us=14 interval_us=48 chunks=0
t=8649360 transfer event=23872 count=1020 submitted=6473500 tx_us=235 fast_bytes=1020 slow_bytes=0 queries=2
t=8653161 profile_poll polls=132480 elapsed_us=15 interval_us=48 chunks=0
t=8654459 pipe_read event=397 count=16384 read_us=323 buffered=16384
t=8658471 profile_poll polls=132544 elapsed_us=15 interval_us=47 chunks=0
t=8663400 profile_poll polls=132608 elapsed_us=15 interval_us=48 chunks=0
t=8665984 pipe_read event=398 count=16384 read_us=369 buffered=16384
t=8669681 profile_poll polls=132672 elapsed_us=14 interval_us=49 chunks=0
t=8673399 profile_poll polls=132736 elapsed_us=14 interval_us=49 chunks=0
t=8677699 profile_poll polls=132800 elapsed_us=15 interval_us=323 chunks=0
t=8679835 transfer event=23936 count=54 submitted=6512018 tx_us=34 fast_bytes=54 slow_bytes=0 queries=2
t=8681202 pipe_read event=399 count=16384 read_us=329 buffered=16384
t=8682406 profile_poll polls=132864 elapsed_us=15 interval_us=48 chunks=0
t=8686303 profile_poll polls=132928 elapsed_us=15 interval_us=48 chunks=0
t=8690513 profile_poll polls=132992 elapsed_us=26 interval_us=47 chunks=0
t=8694480 profile_poll polls=133056 elapsed_us=15 interval_us=47 chunks=0
t=8698720 profile_poll polls=133120 elapsed_us=332 interval_us=48 chunks=2
t=8700266 pipe_read event=400 count=16384 read_us=325 buffered=16384
t=8703137 profile_poll polls=133184 elapsed_us=15 interval_us=47 chunks=0
t=8707243 profile_poll polls=133248 elapsed_us=14 interval_us=48 chunks=0
t=8710390 profile_poll polls=133312 elapsed_us=15 interval_us=48 chunks=0
t=8713517 profile_poll polls=133376 elapsed_us=24 interval_us=48 chunks=0
t=8716639 profile_poll polls=133440 elapsed_us=15 interval_us=48 chunks=0
t=8719759 profile_poll polls=133504 elapsed_us=14 interval_us=48 chunks=0
t=8722877 profile_poll polls=133568 elapsed_us=15 interval_us=47 chunks=0
t=8725996 profile_poll polls=133632 elapsed_us=14 interval_us=48 chunks=0
t=8729128 profile_poll polls=133696 elapsed_us=14 interval_us=48 chunks=0
t=8732247 profile_poll polls=133760 elapsed_us=15 interval_us=47 chunks=0
t=8735363 profile_poll polls=133824 elapsed_us=14 interval_us=48 chunks=0
t=8738480 profile_poll polls=133888 elapsed_us=15 interval_us=48 chunks=0
t=8742343 transfer event=24000 count=376 submitted=6537546 tx_us=102 fast_bytes=376 slow_bytes=0 queries=2
t=8742392 profile_poll polls=133952 elapsed_us=286 interval_us=47 chunks=2
t=8746605 profile_poll polls=134016 elapsed_us=303 interval_us=48 chunks=3
t=8750540 profile_poll polls=134080 elapsed_us=15 interval_us=59 chunks=0
t=8752332 pipe_read event=401 count=16384 read_us=335 buffered=16384
t=8754991 profile_poll polls=134144 elapsed_us=15 interval_us=47 chunks=0
t=8759144 profile_poll polls=134208 elapsed_us=15 interval_us=48 chunks=0
t=8763058 profile_poll polls=134272 elapsed_us=15 interval_us=48 chunks=0
t=8767109 profile_poll polls=134336 elapsed_us=14 interval_us=48 chunks=0
t=8771069 profile_poll polls=134400 elapsed_us=15 interval_us=47 chunks=0
t=8772020 pipe_read event=402 count=16384 read_us=331 buffered=16384
t=8775053 transfer event=24064 count=48 submitted=6564230 tx_us=33 fast_bytes=48 slow_bytes=0 queries=2
t=8775894 profile_poll polls=134464 elapsed_us=15 interval_us=47 chunks=0
t=8780472 profile_poll polls=134528 elapsed_us=15 interval_us=47 chunks=0
t=8784744 pipe_read event=403 count=16384 read_us=345 buffered=16384
t=8786323 profile_poll polls=134592 elapsed_us=15 interval_us=48 chunks=0
t=8791122 profile_poll polls=134656 elapsed_us=14 interval_us=48 chunks=0
t=8795821 profile_poll polls=134720 elapsed_us=14 interval_us=48 chunks=0
t=8797187 pipe_read event=404 count=16384 read_us=325 buffered=16384
t=8800951 profile_poll polls=134784 elapsed_us=15 interval_us=48 chunks=0
t=8803160 transfer event=24128 count=734 submitted=6602668 tx_us=176 fast_bytes=734 slow_bytes=0 queries=2
t=8805853 profile_poll polls=134848 elapsed_us=14 interval_us=48 chunks=0
t=8809814 pipe_read event=405 count=16384 read_us=341 buffered=16384
t=8811037 profile_poll polls=134912 elapsed_us=14 interval_us=48 chunks=0
t=8816061 profile_poll polls=134976 elapsed_us=15 interval_us=48 chunks=0
t=8820070 pipe_read event=406 count=16384 read_us=331 buffered=16384
t=8821507 profile_poll polls=135040 elapsed_us=26 interval_us=49 chunks=0
t=8824635 profile_poll polls=135104 elapsed_us=15 interval_us=48 chunks=0
t=8827757 profile_poll polls=135168 elapsed_us=15 interval_us=48 chunks=0
t=8830875 profile_poll polls=135232 elapsed_us=15 interval_us=48 chunks=0
t=8834001 profile_poll polls=135296 elapsed_us=15 interval_us=48 chunks=0
t=8837117 profile_poll polls=135360 elapsed_us=15 interval_us=47 chunks=0
t=8840328 profile_poll polls=135424 elapsed_us=15 interval_us=48 chunks=0
t=8844625 profile_poll polls=135488 elapsed_us=15 interval_us=312 chunks=0
t=8848555 profile_poll polls=135552 elapsed_us=14 interval_us=62 chunks=0
t=8852665 profile_poll polls=135616 elapsed_us=15 interval_us=48 chunks=0
t=8855719 transfer event=24192 count=392 submitted=6642122 tx_us=106 fast_bytes=392 slow_bytes=0 queries=2
t=8856580 profile_poll polls=135680 elapsed_us=15 interval_us=51 chunks=0
t=8858446 pipe_read event=407 count=16384 read_us=347 buffered=16384
t=8861155 profile_poll polls=135744 elapsed_us=15 interval_us=48 chunks=0
t=8865276 profile_poll polls=135808 elapsed_us=15 interval_us=47 chunks=0
t=8869245 profile_poll polls=135872 elapsed_us=15 interval_us=48 chunks=0
t=8873531 profile_poll polls=135936 elapsed_us=16 interval_us=58 chunks=0
t=8877706 pipe_read event=408 count=16384 read_us=371 buffered=16384
t=8878080 profile_poll polls=136000 elapsed_us=15 interval_us=48 chunks=0
t=8882249 profile_poll polls=136064 elapsed_us=14 interval_us=48 chunks=0
t=8885069 transfer event=24256 count=396 submitted=6667218 tx_us=106 fast_bytes=396 slow_bytes=0 queries=2
t=8886469 profile_poll polls=136128 elapsed_us=15 interval_us=47 chunks=0
t=8890329 profile_poll polls=136192 elapsed_us=14 interval_us=48 chunks=0
t=8894461 profile_poll polls=136256 elapsed_us=265 interval_us=47 chunks=2
t=8897136 pipe_read event=409 count=16384 read_us=328 buffered=16384
t=8898922 profile_poll polls=136320 elapsed_us=15 interval_us=48 chunks=0
t=8902853 profile_poll polls=136384 elapsed_us=15 interval_us=48 chunks=0
t=8907081 profile_poll polls=136448 elapsed_us=15 interval_us=47 chunks=0
t=8911542 profile_poll polls=136512 elapsed_us=15 interval_us=60 chunks=0
t=8914386 pipe_read event=410 count=16384 read_us=327 buffered=16384
t=8916601 profile_poll polls=136576 elapsed_us=15 interval_us=50 chunks=0
t=8917068 transfer event=24320 count=740 submitted=6697038 tx_us=178 fast_bytes=740 slow_bytes=0 queries=2
t=8921482 profile_poll polls=136640 elapsed_us=15 interval_us=47 chunks=0
t=8926584 pipe_read event=411 count=16384 read_us=346 buffered=16384
t=8927142 profile_poll polls=136704 elapsed_us=947 interval_us=48 chunks=3
t=8931955 profile_poll polls=136768 elapsed_us=15 interval_us=48 chunks=0
t=8936759 profile_poll polls=136832 elapsed_us=15 interval_us=47 chunks=0
t=8938029 pipe_read event=412 count=16384 read_us=326 buffered=16384
t=8942010 profile_poll polls=136896 elapsed_us=15 interval_us=47 chunks=0
t=8945821 transfer event=24384 count=702 submitted=6736944 tx_us=170 fast_bytes=702 slow_bytes=0 queries=2
t=8946883 profile_poll polls=136960 elapsed_us=14 interval_us=48 chunks=0
t=8949560 pipe_read event=413 count=16384 read_us=367 buffered=16384
t=8953148 profile_poll polls=137024 elapsed_us=15 interval_us=48 chunks=0
t=8957758 profile_poll polls=137088 elapsed_us=14 interval_us=49 chunks=0
t=8961734 profile_poll polls=137152 elapsed_us=15 interval_us=48 chunks=0
t=8962385 pipe_read event=414 count=16384 read_us=326 buffered=16384
t=8966293 profile_poll polls=137216 elapsed_us=15 interval_us=47 chunks=0
t=8970487 profile_poll polls=137280 elapsed_us=14 interval_us=48 chunks=0
t=8974300 profile_poll polls=137344 elapsed_us=15 interval_us=47 chunks=0
t=8976957 transfer event=24448 count=512 submitted=6770106 tx_us=130 fast_bytes=512 slow_bytes=0 queries=2
t=8978454 profile_poll polls=137408 elapsed_us=15 interval_us=48 chunks=0
t=8982400 profile_poll polls=137472 elapsed_us=14 interval_us=48 chunks=0
t=8983453 pipe_read event=415 count=16384 read_us=329 buffered=16384
t=8986777 profile_poll polls=137536 elapsed_us=15 interval_us=48 chunks=0
t=8991036 profile_poll polls=137600 elapsed_us=14 interval_us=48 chunks=0
t=8994529 profile_poll polls=137664 elapsed_us=15 interval_us=59 chunks=0
t=8997653 profile_poll polls=137728 elapsed_us=16 interval_us=48 chunks=0
t=9000773 profile_poll polls=137792 elapsed_us=15 interval_us=48 chunks=0
t=9003887 profile_poll polls=137856 elapsed_us=15 interval_us=48 chunks=0
t=9007101 profile_poll polls=137920 elapsed_us=15 interval_us=47 chunks=0
t=9011099 profile_poll polls=137984 elapsed_us=14 interval_us=48 chunks=0
t=9015264 profile_poll polls=138048 elapsed_us=14 interval_us=48 chunks=0
t=9016240 pipe_read event=416 count=16384 read_us=331 buffered=16384
t=9019792 profile_poll polls=138112 elapsed_us=14 interval_us=48 chunks=0
t=9023637 profile_poll polls=138176 elapsed_us=15 interval_us=48 chunks=0
t=9023935 transfer event=24512 count=400 submitted=6797618 tx_us=107 fast_bytes=400 slow_bytes=0 queries=2
t=9027812 profile_poll polls=138240 elapsed_us=15 interval_us=48 chunks=0
t=9031664 profile_poll polls=138304 elapsed_us=14 interval_us=48 chunks=0
t=9035650 profile_poll polls=138368 elapsed_us=16 interval_us=48 chunks=0
t=9036876 pipe_read event=417 count=16384 read_us=328 buffered=16384
t=9040147 profile_poll polls=138432 elapsed_us=15 interval_us=48 chunks=0
t=9043333 transfer event=24576 count=150 submitted=6813594 tx_us=54 fast_bytes=150 slow_bytes=0 queries=2
t=9046718 transfer event=24640 count=102 submitted=6820430 tx_us=44 fast_bytes=102 slow_bytes=0 queries=2
t=9048775 pipe_read event=418 count=16384 read_us=364 buffered=16384
t=9051190 transfer event=24704 count=192 submitted=6830526 tx_us=63 fast_bytes=192 slow_bytes=0 queries=2
t=9054936 transfer event=24768 count=158 submitted=6839052 tx_us=56 fast_bytes=158 slow_bytes=0 queries=2
t=9055847 pipe_read event=419 count=16384 read_us=320 buffered=16384
t=9059333 transfer event=24832 count=176 submitted=6848920 tx_us=59 fast_bytes=176 slow_bytes=0 queries=2
t=9059689 profile_poll polls=138496 elapsed_us=482 interval_us=420 chunks=8
t=9062933 transfer event=24896 count=180 submitted=6856662 tx_us=60 fast_bytes=180 slow_bytes=0 queries=2
t=9063310 pipe_read event=420 count=16384 read_us=321 buffered=16384
t=9067176 transfer event=24960 count=62 submitted=6865666 tx_us=36 fast_bytes=62 slow_bytes=0 queries=2
t=9070419 transfer event=25024 count=150 submitted=6871852 tx_us=53 fast_bytes=150 slow_bytes=0 queries=2
t=9071424 pipe_read event=421 count=16384 read_us=349 buffered=16384
t=9074443 transfer event=25088 count=90 submitted=6879776 tx_us=41 fast_bytes=90 slow_bytes=0 queries=2
t=9077975 transfer event=25152 count=170 submitted=6887292 tx_us=58 fast_bytes=170 slow_bytes=0 queries=2
t=9079319 pipe_read event=422 count=16384 read_us=323 buffered=16384
t=9082437 profile_poll polls=138560 elapsed_us=14 interval_us=48 chunks=0
t=9085575 profile_poll polls=138624 elapsed_us=14 interval_us=51 chunks=0
t=9088698 profile_poll polls=138688 elapsed_us=14 interval_us=48 chunks=0
t=9092360 profile_poll polls=138752 elapsed_us=15 interval_us=48 chunks=0
t=9096080 transfer event=25216 count=416 submitted=6900516 tx_us=110 fast_bytes=416 slow_bytes=0 queries=2
t=9096454 profile_poll polls=138816 elapsed_us=15 interval_us=48 chunks=0
t=9100324 profile_poll polls=138880 elapsed_us=14 interval_us=48 chunks=0
t=9103261 pipe_read event=423 count=16384 read_us=327 buffered=16384
t=9104860 profile_poll polls=138944 elapsed_us=14 interval_us=48 chunks=0
t=9108954 profile_poll polls=139008 elapsed_us=15 interval_us=48 chunks=0
t=9112808 profile_poll polls=139072 elapsed_us=15 interval_us=48 chunks=0
t=9116699 profile_poll polls=139136 elapsed_us=15 interval_us=48 chunks=0
t=9120743 profile_poll polls=139200 elapsed_us=15 interval_us=48 chunks=0
t=9123309 pipe_read event=424 count=16384 read_us=328 buffered=16384
t=9125476 profile_poll polls=139264 elapsed_us=14 interval_us=48 chunks=0
t=9129321 transfer event=25280 count=512 submitted=6926888 tx_us=130 fast_bytes=512 slow_bytes=0 queries=2
t=9129687 profile_poll polls=139328 elapsed_us=15 interval_us=49 chunks=0
t=9133554 profile_poll polls=139392 elapsed_us=15 interval_us=60 chunks=0
t=9137714 profile_poll polls=139456 elapsed_us=14 interval_us=48 chunks=0
t=9141605 profile_poll polls=139520 elapsed_us=14 interval_us=49 chunks=0
t=9144408 pipe_read event=425 count=16384 read_us=334 buffered=16384
t=9146066 profile_poll polls=139584 elapsed_us=14 interval_us=48 chunks=0
t=9149861 profile_poll polls=139648 elapsed_us=15 interval_us=48 chunks=0
t=9154033 profile_poll polls=139712 elapsed_us=14 interval_us=335 chunks=0
t=9158254 profile_poll polls=139776 elapsed_us=14 interval_us=411 chunks=0
t=9161959 transfer event=25344 count=136 submitted=6954148 tx_us=51 fast_bytes=136 slow_bytes=0 queries=2
t=9162429 profile_poll polls=139840 elapsed_us=15 interval_us=48 chunks=0
t=9163483 pipe_read event=426 count=16384 read_us=323 buffered=16384
t=9168002 profile_poll polls=139904 elapsed_us=15 interval_us=625 chunks=0
t=9172861 profile_poll polls=139968 elapsed_us=15 interval_us=48 chunks=0
t=9174610 pipe_read event=427 count=16384 read_us=349 buffered=16384
t=9178181 profile_poll polls=140032 elapsed_us=15 interval_us=47 chunks=0
t=9183061 profile_poll polls=140096 elapsed_us=14 interval_us=49 chunks=0
t=9187067 pipe_read event=428 count=16384 read_us=370 buffered=16384
t=9188759 profile_poll polls=140160 elapsed_us=15 interval_us=49 chunks=0
t=9191519 transfer event=25408 count=510 submitted=6994294 tx_us=141 fast_bytes=510 slow_bytes=0 queries=2
t=9193396 profile_poll polls=140224 elapsed_us=16 interval_us=551 chunks=0
t=9198540 pipe_read event=429 count=16384 read_us=345 buffered=16384
t=9198783 profile_poll polls=140288 elapsed_us=15 interval_us=1104 chunks=0
t=9203970 profile_poll polls=140352 elapsed_us=15 interval_us=47 chunks=0
t=9208729 profile_poll polls=140416 elapsed_us=242 interval_us=47 chunks=2
t=9211002 pipe_read event=430 count=16384 read_us=323 buffered=16384
t=9213260 profile_poll polls=140480 elapsed_us=15 interval_us=48 chunks=0
t=9217265 profile_poll polls=140544 elapsed_us=15 interval_us=48 chunks=0
t=9221007 transfer event=25472 count=512 submitted=7029736 tx_us=130 fast_bytes=512 slow_bytes=0 queries=2
t=9221576 profile_poll polls=140608 elapsed_us=14 interval_us=52 chunks=0
t=9225434 profile_poll polls=140672 elapsed_us=15 interval_us=48 chunks=0
t=9229439 profile_poll polls=140736 elapsed_us=15 interval_us=48 chunks=0
t=9231683 pipe_read event=431 count=16384 read_us=359 buffered=16384
t=9233682 profile_poll polls=140800 elapsed_us=15 interval_us=49 chunks=0
t=9238014 profile_poll polls=140864 elapsed_us=348 interval_us=48 chunks=3
t=9242217 profile_poll polls=140928 elapsed_us=312 interval_us=48 chunks=2
t=9245342 profile_poll polls=140992 elapsed_us=14 interval_us=48 chunks=0
t=9248460 profile_poll polls=141056 elapsed_us=14 interval_us=48 chunks=0
t=9251592 profile_poll polls=141120 elapsed_us=15 interval_us=49 chunks=0
t=9254714 profile_poll polls=141184 elapsed_us=15 interval_us=48 chunks=0
t=9257833 profile_poll polls=141248 elapsed_us=15 interval_us=48 chunks=0
t=9260952 profile_poll polls=141312 elapsed_us=15 interval_us=48 chunks=0
t=9264072 profile_poll polls=141376 elapsed_us=14 interval_us=47 chunks=0
t=9267275 profile_poll polls=141440 elapsed_us=14 interval_us=48 chunks=0
t=9270411 profile_poll polls=141504 elapsed_us=15 interval_us=47 chunks=0
t=9273543 profile_poll polls=141568 elapsed_us=15 interval_us=59 chunks=0
t=9277663 profile_poll polls=141632 elapsed_us=15 interval_us=48 chunks=0
t=9281088 pipe_read event=432 count=16384 read_us=334 buffered=16384
t=9282273 profile_poll polls=141696 elapsed_us=15 interval_us=48 chunks=0
t=9285525 transfer event=25536 count=654 submitted=7057724 tx_us=171 fast_bytes=654 slow_bytes=0 queries=2
t=9286233 profile_poll polls=141760 elapsed_us=15 interval_us=48 chunks=0
t=9290325 profile_poll polls=141824 elapsed_us=15 interval_us=48 chunks=0
t=9294097 profile_poll polls=141888 elapsed_us=15 interval_us=47 chunks=0
t=9297849 profile_poll polls=141952 elapsed_us=15 interval_us=48 chunks=0
t=9302354 pipe_read event=433 count=16384 read_us=326 buffered=16384
t=9302446 profile_poll polls=142016 elapsed_us=663 interval_us=48 chunks=3
t=9306505 profile_poll polls=142080 elapsed_us=25 interval_us=48 chunks=0
t=9310711 profile_poll polls=142144 elapsed_us=15 interval_us=48 chunks=0
t=9315999 profile_poll polls=142208 elapsed_us=586 interval_us=48 chunks=3
t=9317371 pipe_read event=434 count=16384 read_us=322 buffered=16384
t=9319142 transfer event=25600 count=1020 submitted=7090342 tx_us=237 fast_bytes=1020 slow_bytes=0 queries=2
t=9321342 profile_poll polls=142272 elapsed_us=15 interval_us=48 chunks=0
t=9326279 profile_poll polls=142336 elapsed_us=14 interval_us=48 chunks=0
t=9327719 pipe_read event=435 count=16384 read_us=345 buffered=16384
t=9331508 profile_poll polls=142400 elapsed_us=26 interval_us=48 chunks=0
t=9336121 profile_poll polls=142464 elapsed_us=15 interval_us=48 chunks=0
t=9340287 pipe_read event=436 count=16384 read_us=337 buffered=16384
t=9341736 profile_poll polls=142528 elapsed_us=14 interval_us=50 chunks=0
t=9346686 profile_poll polls=142592 elapsed_us=15 interval_us=679 chunks=0
t=9351264 transfer event=25664 count=510 submitted=7134898 tx_us=130 fast_bytes=510 slow_bytes=0 queries=2
t=9351748 pipe_read event=437 count=16384 read_us=366 buffered=16384
t=9352240 profile_poll polls=142656 elapsed_us=15 interval_us=1226 chunks=0
t=9356771 profile_poll polls=142720 elapsed_us=15 interval_us=47 chunks=0
t=9359897 profile_poll polls=142784 elapsed_us=14 interval_us=48 chunks=0
t=9363016 profile_poll polls=142848 elapsed_us=15 interval_us=47 chunks=0
t=9366137 profile_poll polls=142912 elapsed_us=15 interval_us=47 chunks=0
t=9369252 profile_poll polls=142976 elapsed_us=15 interval_us=47 chunks=0
t=9372367 profile_poll polls=143040 elapsed_us=14 interval_us=48 chunks=0
t=9376115 profile_poll polls=143104 elapsed_us=15 interval_us=47 chunks=0
t=9380241 profile_poll polls=143168 elapsed_us=14 interval_us=48 chunks=0
t=9384198 profile_poll polls=143232 elapsed_us=14 interval_us=48 chunks=0
t=9385011 pipe_read event=438 count=16384 read_us=327 buffered=16384
t=9388796 profile_poll polls=143296 elapsed_us=15 interval_us=48 chunks=0
t=9392643 profile_poll polls=143360 elapsed_us=15 interval_us=48 chunks=0
t=9396453 profile_poll polls=143424 elapsed_us=15 interval_us=48 chunks=0
t=9400297 profile_poll polls=143488 elapsed_us=15 interval_us=47 chunks=0
t=9401860 transfer event=25728 count=544 submitted=7164800 tx_us=137 fast_bytes=544 slow_bytes=0 queries=2
t=9404522 profile_poll polls=143552 elapsed_us=16 interval_us=320 chunks=0
t=9407246 pipe_read event=439 count=16384 read_us=355 buffered=16384
t=9409103 profile_poll polls=143616 elapsed_us=14 interval_us=48 chunks=0
t=9413043 profile_poll polls=143680 elapsed_us=14 interval_us=48 chunks=0
t=9417170 profile_poll polls=143744 elapsed_us=255 interval_us=48 chunks=2
t=9421069 profile_poll polls=143808 elapsed_us=15 interval_us=48 chunks=0
t=9424946 profile_poll polls=143872 elapsed_us=14 interval_us=48 chunks=0
t=9426844 pipe_read event=440 count=16384 read_us=328 buffered=16384
t=9429364 profile_poll polls=143936 elapsed_us=15 interval_us=47 chunks=0
t=9433148 profile_poll polls=144000 elapsed_us=15 interval_us=47 chunks=0
t=9436993 profile_poll polls=144064 elapsed_us=15 interval_us=48 chunks=0
t=9440040 transfer event=25792 count=510 submitted=7194246 tx_us=130 fast_bytes=510 slow_bytes=0 queries=2
t=9440943 profile_poll polls=144128 elapsed_us=15 interval_us=48 chunks=0
t=9445065 profile_poll polls=144192 elapsed_us=15 interval_us=48 chunks=0
t=9447974 pipe_read event=441 count=16384 read_us=326 buffered=16384
t=9450324 profile_poll polls=144256 elapsed_us=15 interval_us=47 chunks=0
t=9455203 profile_poll polls=144320 elapsed_us=14 interval_us=48 chunks=0
t=9459170 pipe_read event=442 count=16384 read_us=316 buffered=16384
t=9461147 profile_poll polls=144384 elapsed_us=15 interval_us=48 chunks=0
t=9466050 profile_poll polls=144448 elapsed_us=14 interval_us=49 chunks=0
t=9470669 pipe_read event=443 count=16384 read_us=380 buffered=16384
t=9470909 transfer event=25856 count=904 submitted=7234440 tx_us=213 fast_bytes=904 slow_bytes=0 queries=2
t=9471108 profile_poll polls=144512 elapsed_us=15 interval_us=49 chunks=0
t=9475649 profile_poll polls=144576 elapsed_us=15 interval_us=48 chunks=0
t=9480384 profile_poll polls=144640 elapsed_us=15 interval_us=48 chunks=0
t=9483275 pipe_read event=444 count=16384 read_us=333 buffered=16384
t=9485753 profile_poll polls=144704 elapsed_us=14 interval_us=48 chunks=0
t=9491148 profile_poll polls=144768 elapsed_us=15 interval_us=48 chunks=0
t=9495024 pipe_read event=445 count=16384 read_us=326 buffered=16384
t=9495916 profile_poll polls=144832 elapsed_us=14 interval_us=49 chunks=0
t=9499791 profile_poll polls=144896 elapsed_us=15 interval_us=48 chunks=0
t=9503658 transfer event=25920 count=512 submitted=7273676 tx_us=131 fast_bytes=512 slow_bytes=0 queries=2
t=9503973 profile_poll polls=144960 elapsed_us=15 interval_us=48 chunks=0
t=9507838 profile_poll polls=145024 elapsed_us=15 interval_us=48 chunks=0
t=9511596 profile_poll polls=145088 elapsed_us=15 interval_us=49 chunks=0
t=9515509 profile_poll polls=145152 elapsed_us=25 interval_us=48 chunks=0
t=9517775 pipe_read event=446 count=16384 read_us=350 buffered=16384
t=9519700 profile_poll polls=145216 elapsed_us=15 interval_us=48 chunks=0
t=9523939 profile_poll polls=145280 elapsed_us=15 interval_us=48 chunks=0
t=9527836 profile_poll polls=145344 elapsed_us=15 interval_us=47 chunks=0
t=9530960 profile_poll polls=145408 elapsed_us=15 interval_us=47 chunks=0
t=9534079 profile_poll polls=145472 elapsed_us=15 interval_us=47 chunks=0
t=9537195 profile_poll polls=145536 elapsed_us=14 interval_us=48 chunks=0
t=9540312 profile_poll polls=145600 elapsed_us=15 interval_us=47 chunks=0
t=9544239 profile_poll polls=145664 elapsed_us=14 interval_us=48 chunks=0
t=9548416 profile_poll polls=145728 elapsed_us=14 interval_us=48 chunks=0
t=9549775 pipe_read event=447 count=16384 read_us=343 buffered=16384
t=9551908 transfer event=25984 count=536 submitted=7301400 tx_us=135 fast_bytes=536 slow_bytes=0 queries=2
t=9553084 profile_poll polls=145792 elapsed_us=275 interval_us=47 chunks=2
t=9556921 profile_poll polls=145856 elapsed_us=15 interval_us=48 chunks=0
t=9560645 profile_poll polls=145920 elapsed_us=15 interval_us=48 chunks=0
t=9564634 profile_poll polls=145984 elapsed_us=15 interval_us=49 chunks=0
t=9568398 profile_poll polls=146048 elapsed_us=15 interval_us=47 chunks=0
t=9572315 profile_poll polls=146112 elapsed_us=14 interval_us=48 chunks=0
t=9573341 pipe_read event=448 count=16384 read_us=327 buffered=16384
t=9576787 transfer event=26048 count=32 submitted=7319060 tx_us=29 fast_bytes=32 slow_bytes=0 queries=2
t=9580256 transfer event=26112 count=170 submitted=7326340 tx_us=58 fast_bytes=170 slow_bytes=0 queries=2
t=9581734 profile_poll polls=146176 elapsed_us=529 interval_us=360 chunks=8
t=9583068 pipe_read event=449 count=16384 read_us=358 buffered=16384
t=9585129 transfer event=26176 count=186 submitted=7338150 tx_us=62 fast_bytes=186 slow_bytes=0 queries=2
t=9589544 pipe_read event=450 count=16384 read_us=357 buffered=16384
t=9589855 transfer event=26240 count=1250 submitted=7349474 tx_us=286 fast_bytes=1250 slow_bytes=0 queries=2
t=9594186 transfer event=26304 count=120 submitted=7360634 tx_us=47 fast_bytes=120 slow_bytes=0 queries=2
t=9596230 pipe_read event=451 count=16384 read_us=329 buffered=16384
t=9598607 transfer event=26368 count=104 submitted=7370486 tx_us=45 fast_bytes=104 slow_bytes=0 queries=2
t=9602066 transfer event=26432 count=54 submitted=7377718 tx_us=33 fast_bytes=54 slow_bytes=0 queries=2
t=9604014 pipe_read event=452 count=16384 read_us=321 buffered=16384
t=9606609 transfer event=26496 count=148 submitted=7387300 tx_us=53 fast_bytes=148 slow_bytes=0 queries=2
t=9610285 transfer event=26560 count=104 submitted=7395328 tx_us=44 fast_bytes=104 slow_bytes=0 queries=2
t=9611448 pipe_read event=453 count=16384 read_us=338 buffered=16384
t=9614794 transfer event=26624 count=98 submitted=7405504 tx_us=43 fast_bytes=98 slow_bytes=0 queries=2
t=9616232 profile_poll polls=146240 elapsed_us=397 interval_us=425 chunks=8
t=9619876 profile_poll polls=146304 elapsed_us=15 interval_us=48 chunks=0
t=9622996 profile_poll polls=146368 elapsed_us=14 interval_us=48 chunks=0
t=9626719 profile_poll polls=146432 elapsed_us=15 interval_us=47 chunks=0
t=9628456 pipe_read event=454 count=16384 read_us=337 buffered=16384
t=9631299 profile_poll polls=146496 elapsed_us=14 interval_us=48 chunks=0
t=9635261 profile_poll polls=146560 elapsed_us=15 interval_us=47 chunks=0
t=9639414 profile_poll polls=146624 elapsed_us=15 interval_us=283 chunks=0
t=9641831 transfer event=26688 count=308 submitted=7425136 tx_us=87 fast_bytes=308 slow_bytes=0 queries=2
t=9643261 profile_poll polls=146688 elapsed_us=15 interval_us=47 chunks=0
t=9647040 profile_poll polls=146752 elapsed_us=15 interval_us=47 chunks=0
t=9650275 pipe_read event=455 count=16384 read_us=330 buffered=16384
t=9651467 profile_poll polls=146816 elapsed_us=15 interval_us=47 chunks=0
t=9655486 profile_poll polls=146880 elapsed_us=15 interval_us=47 chunks=0
t=9659677 profile_poll polls=146944 elapsed_us=14 interval_us=49 chunks=0
t=9663644 profile_poll polls=147008 elapsed_us=15 interval_us=303 chunks=0
t=9667572 profile_poll polls=147072 elapsed_us=14 interval_us=51 chunks=0
t=9669727 pipe_read event=456 count=16384 read_us=350 buffered=16384
t=9672285 profile_poll polls=147136 elapsed_us=14 interval_us=48 chunks=0
t=9676171 profile_poll polls=147200 elapsed_us=15 interval_us=48 chunks=0
t=9678111 transfer event=26752 count=512 submitted=7453760 tx_us=130 fast_bytes=512 slow_bytes=0 queries=2
t=9679986 profile_poll polls=147264 elapsed_us=15 interval_us=48 chunks=0
t=9683739 profile_poll polls=147328 elapsed_us=14 interval_us=48 chunks=0
t=9687767 profile_poll polls=147392 elapsed_us=15 interval_us=48 chunks=0
t=9691678 pipe_read event=457 count=16384 read_us=351 buffered=16384
t=9692113 profile_poll polls=147456 elapsed_us=15 interval_us=47 chunks=0
t=9696247 profile_poll polls=147520 elapsed_us=15 interval_us=47 chunks=0
t=9701120 profile_poll polls=147584 elapsed_us=15 interval_us=47 chunks=0
t=9705668 pipe_read event=458 count=16384 read_us=348 buffered=16384
t=9706400 profile_poll polls=147648 elapsed_us=15 interval_us=48 chunks=0
t=9710080 transfer event=26816 count=512 submitted=7485932 tx_us=129 fast_bytes=512 slow_bytes=0 queries=2
t=9711368 profile_poll polls=147712 elapsed_us=15 interval_us=48 chunks=0
t=9716358 profile_poll polls=147776 elapsed_us=15 interval_us=47 chunks=0
t=9717063 pipe_read event=459 count=16384 read_us=365 buffered=16384
t=9721929 profile_poll polls=147840 elapsed_us=15 interval_us=49 chunks=0
t=9726560 profile_poll polls=147904 elapsed_us=15 interval_us=62 chunks=0
t=9729544 pipe_read event=460 count=16384 read_us=339 buffered=16384
t=9731725 profile_poll polls=147968 elapsed_us=15 interval_us=48 chunks=0
t=9736636 profile_poll polls=148032 elapsed_us=15 interval_us=48 chunks=0
t=9738877 transfer event=26880 count=510 submitted=7525994 tx_us=130 fast_bytes=510 slow_bytes=0 queries=2
t=9740855 pipe_read event=461 count=16384 read_us=330 buffered=16384
t=9743010 profile_poll polls=148096 elapsed_us=15 interval_us=48 chunks=0
t=9746942 profile_poll polls=148160 elapsed_us=256 interval_us=48 chunks=2
t=9750901 profile_poll polls=148224 elapsed_us=15 interval_us=47 chunks=0
t=9754802 profile_poll polls=148288 elapsed_us=15 interval_us=47 chunks=0
t=9756643 pipe_read event=462 count=16384 read_us=349 buffered=16384
t=9759342 profile_poll polls=148352 elapsed_us=15 interval_us=48 chunks=0
t=9763326 profile_poll polls=148416 elapsed_us=210 interval_us=48 chunks=2
t=9767069 profile_poll polls=148480 elapsed_us=14 interval_us=48 chunks=0
t=9770891 profile_poll polls=148544 elapsed_us=15 interval_us=48 chunks=0
t=9772610 transfer event=26944 count=450 submitted=7556028 tx_us=127 fast_bytes=450 slow_bytes=0 queries=2
t=9774768 profile_poll polls=148608 elapsed_us=15 interval_us=48 chunks=0
t=9778919 profile_poll polls=148672 elapsed_us=15 interval_us=48 chunks=0
t=9782061 profile_poll polls=148736 elapsed_us=15 interval_us=48 chunks=0
t=9785174 profile_poll polls=148800 elapsed_us=15 interval_us=48 chunks=0
t=9788293 profile_poll polls=148864 elapsed_us=15 interval_us=48 chunks=0
t=9791408 profile_poll polls=148928 elapsed_us=15 interval_us=48 chunks=0
t=9794534 profile_poll polls=148992 elapsed_us=15 interval_us=59 chunks=0
t=9797673 profile_poll polls=149056 elapsed_us=14 interval_us=50 chunks=0
t=9800794 profile_poll polls=149120 elapsed_us=15 interval_us=48 chunks=0
t=9803910 profile_poll polls=149184 elapsed_us=15 interval_us=48 chunks=0
t=9807027 profile_poll polls=149248 elapsed_us=15 interval_us=47 chunks=0
t=9808005 pipe_read event=463 count=16384 read_us=332 buffered=16384
t=9811420 profile_poll polls=149312 elapsed_us=15 interval_us=48 chunks=0
t=9815641 profile_poll polls=149376 elapsed_us=14 interval_us=49 chunks=0
t=9819583 profile_poll polls=149440 elapsed_us=15 interval_us=50 chunks=0
t=9823451 profile_poll polls=149504 elapsed_us=15 interval_us=47 chunks=0
t=9827386 profile_poll polls=149568 elapsed_us=15 interval_us=47 chunks=0
t=9829635 pipe_read event=464 count=16384 read_us=351 buffered=16384
t=9831539 profile_poll polls=149632 elapsed_us=15 interval_us=60 chunks=0
t=9835580 profile_poll polls=149696 elapsed_us=15 interval_us=50 chunks=0
t=9836542 transfer event=27008 count=328 submitted=7582928 tx_us=103 fast_bytes=328 slow_bytes=0 queries=2
t=9839427 profile_poll polls=149760 elapsed_us=15 interval_us=47 chunks=0
t=9843545 profile_poll polls=149824 elapsed_us=15 interval_us=63 chunks=0
t=9847471 pipe_read event=465 count=16384 read_us=325 buffered=16384
t=9849328 profile_poll polls=149888 elapsed_us=15 interval_us=48 chunks=0
t=9854278 profile_poll polls=149952 elapsed_us=15 interval_us=48 chunks=0
t=9858706 pipe_read event=466 count=16384 read_us=368 buffered=16384
t=9859670 profile_poll polls=150016 elapsed_us=15 interval_us=49 chunks=0
t=9864627 profile_poll polls=150080 elapsed_us=15 interval_us=48 chunks=0
t=9868225 transfer event=27072 count=1020 submitted=7624584 tx_us=234 fast_bytes=1020 slow_bytes=0 queries=2
t=9869210 profile_poll polls=150144 elapsed_us=15 interval_us=48 chunks=0
t=9870137 pipe_read event=467 count=16384 read_us=324 buffered=16384
t=9874739 profile_poll polls=150208 elapsed_us=15 interval_us=48 chunks=0
t=9879511 profile_poll polls=150272 elapsed_us=25 interval_us=48 chunks=0
t=9882627 pipe_read event=468 count=16384 read_us=349 buffered=16384
t=9884899 profile_poll polls=150336 elapsed_us=15 interval_us=48 chunks=0
t=9890089 profile_poll polls=150400 elapsed_us=14 interval_us=48 chunks=0
t=9893239 profile_poll polls=150464 elapsed_us=15 interval_us=48 chunks=0
t=9896362 profile_poll polls=150528 elapsed_us=15 interval_us=48 chunks=0
t=9899482 profile_poll polls=150592 elapsed_us=14 interval_us=48 chunks=0
t=9902611 profile_poll polls=150656 elapsed_us=15 interval_us=49 chunks=0
t=9905733 profile_poll polls=150720 elapsed_us=15 interval_us=48 chunks=0
t=9909208 profile_poll polls=150784 elapsed_us=15 interval_us=48 chunks=0
t=9913304 pipe_read event=469 count=16384 read_us=337 buffered=16384
t=9913773 profile_poll polls=150848 elapsed_us=14 interval_us=48 chunks=0
t=9915320 transfer event=27136 count=472 submitted=7661880 tx_us=121 fast_bytes=472 slow_bytes=0 queries=2
t=9918104 profile_poll polls=150912 elapsed_us=15 interval_us=48 chunks=0
t=9922042 profile_poll polls=150976 elapsed_us=14 interval_us=48 chunks=0
t=9926032 profile_poll polls=151040 elapsed_us=210 interval_us=47 chunks=2
t=9929805 profile_poll polls=151104 elapsed_us=15 interval_us=48 chunks=0
t=9933548 profile_poll polls=151168 elapsed_us=15 interval_us=61 chunks=0
t=9935357 pipe_read event=470 count=16384 read_us=351 buffered=16384
t=9938041 profile_poll polls=151232 elapsed_us=15 interval_us=47 chunks=0
t=9942177 profile_poll polls=151296 elapsed_us=15 interval_us=47 chunks=0
t=9946230 profile_poll polls=151360 elapsed_us=15 interval_us=48 chunks=0
t=9946888 transfer event=27200 count=468 submitted=7685808 tx_us=120 fast_bytes=468 slow_bytes=0 queries=2
t=9950525 profile_poll polls=151424 elapsed_us=15 interval_us=58 chunks=0
t=9954483 profile_poll polls=151488 elapsed_us=15 interval_us=47 chunks=0
t=9955343 pipe_read event=471 count=16384 read_us=322 buffered=16384
t=9958957 profile_poll polls=151552 elapsed_us=15 interval_us=48 chunks=0
t=9962705 profile_poll polls=151616 elapsed_us=15 interval_us=48 chunks=0
t=9966651 profile_poll polls=151680 elapsed_us=15 interval_us=49 chunks=0
t=9970402 profile_poll polls=151744 elapsed_us=15 interval_us=47 chunks=0
t=9974309 profile_poll polls=151808 elapsed_us=15 interval_us=48 chunks=0
t=9977816 pipe_read event=472 count=16384 read_us=334 buffered=16384
t=9978352 transfer event=27264 count=510 submitted=7709738 tx_us=128 fast_bytes=510 slow_bytes=0 queries=2
t=9979209 profile_poll polls=151872 elapsed_us=15 interval_us=47 chunks=0
t=9984076 profile_poll polls=151936 elapsed_us=14 interval_us=48 chunks=0
t=9988956 profile_poll polls=152000 elapsed_us=14 interval_us=48 chunks=0
t=9989719 pipe_read event=473 count=16384 read_us=347 buffered=16384
t=9994849 profile_poll polls=152064 elapsed_us=15 interval_us=48 chunks=0
t=9999586 profile_poll polls=152128 elapsed_us=14 interval_us=50 chunks=0
t=10001177 pipe_read event=474 count=16384 read_us=343 buffered=16384
t=10004542 profile_poll polls=152192 elapsed_us=15 interval_us=62 chunks=0
t=10008123 transfer event=27328 count=512 submitted=7749700 tx_us=131 fast_bytes=512 slow_bytes=0 queries=2
t=10009129 profile_poll polls=152256 elapsed_us=15 interval_us=48 chunks=0
t=10013782 profile_poll polls=152320 elapsed_us=15 interval_us=48 chunks=0
t=10014637 pipe_read event=475 count=16384 read_us=349 buffered=16384
t=10019898 profile_poll polls=152384 elapsed_us=15 interval_us=48 chunks=0
t=10024274 profile_poll polls=152448 elapsed_us=15 interval_us=47 chunks=0
t=10026607 pipe_read event=476 count=16384 read_us=356 buffered=16384
t=10028944 profile_poll polls=152512 elapsed_us=15 interval_us=47 chunks=0
t=10032889 profile_poll polls=152576 elapsed_us=15 interval_us=48 chunks=0
t=10037058 profile_poll polls=152640 elapsed_us=14 interval_us=309 chunks=0
t=10040479 transfer event=27392 count=512 submitted=7785796 tx_us=129 fast_bytes=512 slow_bytes=0 queries=2
t=10040943 profile_poll polls=152704 elapsed_us=15 interval_us=47 chunks=0
t=10044916 profile_poll polls=152768 elapsed_us=15 interval_us=275 chunks=0
t=10048393 pipe_read event=477 count=16384 read_us=337 buffered=16384
t=10049253 profile_poll polls=152832 elapsed_us=15 interval_us=47 chunks=0
t=10053088 profile_poll polls=152896 elapsed_us=14 interval_us=48 chunks=0
t=10057134 profile_poll polls=152960 elapsed_us=15 interval_us=47 chunks=0
t=10060564 profile_poll polls=153024 elapsed_us=15 interval_us=59 chunks=0
t=10063684 profile_poll polls=153088 elapsed_us=14 interval_us=48 chunks=0
t=10066804 profile_poll polls=153152 elapsed_us=15 interval_us=47 chunks=0
t=10069919 profile_poll polls=153216 elapsed_us=15 interval_us=47 chunks=0
t=10073036 profile_poll polls=153280 elapsed_us=15 interval_us=48 chunks=0
t=10076786 profile_poll polls=153344 elapsed_us=15 interval_us=48 chunks=0
t=10080674 profile_poll polls=153408 elapsed_us=14 interval_us=48 chunks=0
t=10085026 pipe_read event=478 count=16384 read_us=331 buffered=16384
t=10085201 profile_poll polls=153472 elapsed_us=15 interval_us=695 chunks=0
t=10088266 transfer event=27456 count=460 submitted=7810072 tx_us=119 fast_bytes=460 slow_bytes=0 queries=2
t=10089134 profile_poll polls=153536 elapsed_us=15 interval_us=48 chunks=0
t=10093133 profile_poll polls=153600 elapsed_us=15 interval_us=47 chunks=0
t=10096891 profile_poll polls=153664 elapsed_us=15 interval_us=47 chunks=0
t=10100778 profile_poll polls=153728 elapsed_us=15 interval_us=48 chunks=0
t=10104639 profile_poll polls=153792 elapsed_us=14 interval_us=48 chunks=0
t=10108296 pipe_read event=479 count=16384 read_us=324 buffered=16384
t=10109017 profile_poll polls=153856 elapsed_us=15 interval_us=48 chunks=0
t=10110271 transfer event=27520 count=68 submitted=7825482 tx_us=37 fast_bytes=68 slow_bytes=0 queries=2
t=10113910 transfer event=27584 count=292 submitted=7833460 tx_us=83 fast_bytes=292 slow_bytes=0 queries=2
t=10116876 pipe_read event=480 count=16384 read_us=359 buffered=16384
t=10118950 transfer event=27648 count=98 submitted=7846094 tx_us=43 fast_bytes=98 slow_bytes=0 queries=2
t=10122974 pipe_read event=481 count=16384 read_us=327 buffered=16384
t=10124403 transfer event=27712 count=230 submitted=7860870 tx_us=71 fast_bytes=230 slow_bytes=0 queries=2
t=10128773 transfer event=27776 count=210 submitted=7872318 tx_us=67 fast_bytes=210 slow_bytes=0 queries=2
t=10129184 pipe_read event=482 count=16384 read_us=322 buffered=16384
t=10133666 transfer event=27840 count=34 submitted=7884470 tx_us=29 fast_bytes=34 slow_bytes=0 queries=2
t=10135960 pipe_read event=483 count=16384 read_us=320 buffered=16384
t=10138175 transfer event=27904 count=130 submitted=7894862 tx_us=50 fast_bytes=130 slow_bytes=0 queries=2
t=10142057 transfer event=27968 count=30 submitted=7904042 tx_us=29 fast_bytes=30 slow_bytes=0 queries=2
t=10142961 pipe_read event=484 count=16384 read_us=321 buffered=16384
t=10144680 profile_poll polls=153920 elapsed_us=549 interval_us=508 chunks=8
t=10146729 transfer event=28032 count=140 submitted=7915058 tx_us=52 fast_bytes=140 slow_bytes=0 queries=2
t=10149783 pipe_read event=485 count=16384 read_us=340 buffered=16384
t=10151480 transfer event=28096 count=148 submitted=7926598 tx_us=53 fast_bytes=148 slow_bytes=0 queries=2
t=10154253 profile_poll polls=153984 elapsed_us=15 interval_us=48 chunks=0
t=10157374 profile_poll polls=154048 elapsed_us=15 interval_us=48 chunks=0
t=10161441 profile_poll polls=154112 elapsed_us=15 interval_us=47 chunks=0
t=10165799 profile_poll polls=154176 elapsed_us=15 interval_us=48 chunks=0
t=10169314 pipe_read event=486 count=16384 read_us=342 buffered=16384
t=10170478 profile_poll polls=154240 elapsed_us=15 interval_us=47 chunks=0
t=10174390 profile_poll polls=154304 elapsed_us=15 interval_us=48 chunks=0
t=10178350 profile_poll polls=154368 elapsed_us=14 interval_us=48 chunks=0
t=10182239 profile_poll polls=154432 elapsed_us=15 interval_us=47 chunks=0
t=10185384 transfer event=28160 count=416 submitted=7950746 tx_us=111 fast_bytes=416 slow_bytes=0 queries=2
t=10186203 profile_poll polls=154496 elapsed_us=15 interval_us=47 chunks=0
t=10189297 pipe_read event=487 count=16384 read_us=326 buffered=16384
t=10191041 profile_poll polls=154560 elapsed_us=15 interval_us=48 chunks=0
t=10195359 profile_poll polls=154624 elapsed_us=15 interval_us=313 chunks=0
t=10199370 profile_poll polls=154688 elapsed_us=15 interval_us=48 chunks=0
t=10203652 profile_poll polls=154752 elapsed_us=14 interval_us=49 chunks=0
t=10207869 pipe_read event=488 count=16384 read_us=334 buffered=16384
t=10208157 profile_poll polls=154816 elapsed_us=15 interval_us=48 chunks=0
t=10212100 profile_poll polls=154880 elapsed_us=15 interval_us=48 chunks=0
t=10215149 transfer event=28224 count=294 submitted=7975796 tx_us=84 fast_bytes=294 slow_bytes=0 queries=2
t=10216134 profile_poll polls=154944 elapsed_us=15 interval_us=48 chunks=0
t=10220339 profile_poll polls=155008 elapsed_us=15 interval_us=48 chunks=0
t=10224778 profile_poll polls=155072 elapsed_us=15 interval_us=49 chunks=0
t=10226396 pipe_read event=489 count=16384 read_us=331 buffered=16384
t=10229955 profile_poll polls=155136 elapsed_us=15 interval_us=48 chunks=0
t=10235445 profile_poll polls=155200 elapsed_us=15 interval_us=48 chunks=0
t=10237189 pipe_read event=490 count=16384 read_us=343 buffered=16384
t=10240790 profile_poll polls=155264 elapsed_us=15 interval_us=48 chunks=0
t=10243357 transfer event=28288 count=226 submitted=8013210 tx_us=70 fast_bytes=226 slow_bytes=0 queries=2
t=10245742 profile_poll polls=155328 elapsed_us=15 interval_us=48 chunks=0
t=10249529 pipe_read event=491 count=16384 read_us=348 buffered=16384
t=10251149 profile_poll polls=155392 elapsed_us=15 interval_us=47 chunks=0
t=10255808 profile_poll polls=155456 elapsed_us=15 interval_us=47 chunks=0
t=10260611 profile_poll polls=155520 elapsed_us=15 interval_us=49 chunks=0
t=10261602 pipe_read event=492 count=16384 read_us=353 buffered=16384
t=10266659 profile_poll polls=155584 elapsed_us=15 interval_us=47 chunks=0
t=10270190 profile_poll polls=155648 elapsed_us=15 interval_us=47 chunks=0
t=10273307 profile_poll polls=155712 elapsed_us=15 interval_us=48 chunks=0
t=10277049 profile_poll polls=155776 elapsed_us=15 interval_us=48 chunks=0
t=10278460 transfer event=28352 count=416 submitted=8051326 tx_us=110 fast_bytes=416 slow_bytes=0 queries=2
t=10280788 pipe_read event=493 count=16384 read_us=343 buffered=16384
t=10281896 profile_poll polls=155840 elapsed_us=15 interval_us=48 chunks=0
t=10286035 profile_poll polls=155904 elapsed_us=256 interval_us=49 chunks=2
t=10289919 profile_poll polls=155968 elapsed_us=14 interval_us=48 chunks=0
t=10293908 profile_poll polls=156032 elapsed_us=14 interval_us=48 chunks=0
t=10297895 profile_poll polls=156096 elapsed_us=14 interval_us=48 chunks=0
t=10301653 pipe_read event=494 count=16384 read_us=368 buffered=16384
t=10302724 profile_poll polls=156160 elapsed_us=15 interval_us=48 chunks=0
t=10306392 profile_poll polls=156224 elapsed_us=14 interval_us=48 chunks=0
t=10309517 profile_poll polls=156288 elapsed_us=25 interval_us=47 chunks=0
t=10312636 profile_poll polls=156352 elapsed_us=15 interval_us=48 chunks=0
t=10315761 profile_poll polls=156416 elapsed_us=14 interval_us=48 chunks=0
t=10318887 profile_poll polls=156480 elapsed_us=15 interval_us=48 chunks=0
t=10322005 profile_poll polls=156544 elapsed_us=15 interval_us=48 chunks=0
t=10325123 profile_poll polls=156608 elapsed_us=14 interval_us=48 chunks=0
t=10328244 profile_poll polls=156672 elapsed_us=14 interval_us=48 chunks=0
t=10331364 profile_poll polls=156736 elapsed_us=15 interval_us=48 chunks=0
t=10334486 profile_poll polls=156800 elapsed_us=15 interval_us=48 chunks=0
t=10337616 profile_poll polls=156864 elapsed_us=15 interval_us=48 chunks=0
t=10340739 profile_poll polls=156928 elapsed_us=14 interval_us=48 chunks=0
t=10344805 profile_poll polls=156992 elapsed_us=14 interval_us=48 chunks=0
t=10345299 transfer event=28416 count=436 submitted=8077318 tx_us=114 fast_bytes=436 slow_bytes=0 queries=2
t=10348973 profile_poll polls=157056 elapsed_us=15 interval_us=48 chunks=0
t=10353129 profile_poll polls=157120 elapsed_us=14 interval_us=48 chunks=0
t=10355425 pipe_read event=495 count=16384 read_us=349 buffered=16384
t=10357624 profile_poll polls=157184 elapsed_us=16 interval_us=49 chunks=0
t=10361597 profile_poll polls=157248 elapsed_us=15 interval_us=50 chunks=0
t=10365587 profile_poll polls=157312 elapsed_us=14 interval_us=50 chunks=0
t=10369834 profile_poll polls=157376 elapsed_us=15 interval_us=48 chunks=0
t=10374513 pipe_read event=496 count=16384 read_us=343 buffered=16384
t=10374673 profile_poll polls=157440 elapsed_us=16 interval_us=958 chunks=0
t=10375426 transfer event=28480 count=510 submitted=8103048 tx_us=131 fast_bytes=510 slow_bytes=0 queries=2
t=10379595 profile_poll polls=157504 elapsed_us=15 interval_us=49 chunks=0
t=10384553 profile_poll polls=157568 elapsed_us=14 interval_us=60 chunks=0
t=10385517 pipe_read event=497 count=16384 read_us=344 buffered=16384
t=10390376 profile_poll polls=157632 elapsed_us=15 interval_us=48 chunks=0
t=10395184 profile_poll polls=157696 elapsed_us=15 interval_us=48 chunks=0
t=10398013 pipe_read event=498 count=16384 read_us=327 buffered=16384
t=10400218 profile_poll polls=157760 elapsed_us=15 interval_us=47 chunks=0
t=10404814 profile_poll polls=157824 elapsed_us=15 interval_us=48 chunks=0
t=10406781 transfer event=28544 count=512 submitted=8146978 tx_us=130 fast_bytes=512 slow_bytes=0 queries=2
t=10409554 profile_poll polls=157888 elapsed_us=15 interval_us=62 chunks=0
t=10410217 pipe_read event=499 count=16384 read_us=329 buffered=16384
t=10415250 profile_poll polls=157952 elapsed_us=15 interval_us=47 chunks=0
t=10419560 profile_poll polls=158016 elapsed_us=14 interval_us=64 chunks=0
t=10422689 profile_poll polls=158080 elapsed_us=15 interval_us=48 chunks=0
t=10425810 profile_poll polls=158144 elapsed_us=15 interval_us=47 chunks=0
t=10428944 profile_poll polls=158208 elapsed_us=15 interval_us=48 chunks=0
t=10432066 profile_poll polls=158272 elapsed_us=15 interval_us=48 chunks=0
t=10435190 profile_poll polls=158336 elapsed_us=15 interval_us=48 chunks=0
t=10438313 profile_poll polls=158400 elapsed_us=15 interval_us=48 chunks=0
t=10441433 profile_poll polls=158464 elapsed_us=15 interval_us=47 chunks=0
t=10444807 pipe_read event=500 count=16384 read_us=371 buffered=16384
t=10446203 profile_poll polls=158528 elapsed_us=15 interval_us=47 chunks=0
t=10450372 profile_poll polls=158592 elapsed_us=15 interval_us=47 chunks=0
t=10454604 profile_poll polls=158656 elapsed_us=15 interval_us=49 chunks=0
t=10458431 profile_poll polls=158720 elapsed_us=15 interval_us=47 chunks=0
t=10460809 transfer event=28608 count=512 submitted=8180754 tx_us=129 fast_bytes=512 slow_bytes=0 queries=2
t=10462341 profile_poll polls=158784 elapsed_us=14 interval_us=48 chunks=0
t=10465117 pipe_read event=501 count=16384 read_us=358 buffered=16384
t=10467054 profile_poll polls=158848 elapsed_us=14 interval_us=48 chunks=0
t=10470878 profile_poll polls=158912 elapsed_us=15 interval_us=47 chunks=0
t=10474533 profile_poll polls=158976 elapsed_us=16 interval_us=59 chunks=0
t=10478777 profile_poll polls=159040 elapsed_us=243 interval_us=60 chunks=2
t=10482692 profile_poll polls=159104 elapsed_us=15 interval_us=48 chunks=0
t=10486617 pipe_read event=502 count=16384 read_us=352 buffered=16384
t=10487243 profile_poll polls=159168 elapsed_us=15 interval_us=48 chunks=0
t=10491367 profile_poll polls=159232 elapsed_us=15 interval_us=48 chunks=0
t=10493852 transfer event=28672 count=56 submitted=8206262 tx_us=34 fast_bytes=56 slow_bytes=0 queries=2
t=10495302 profile_poll polls=159296 elapsed_us=15 interval_us=48 chunks=0
t=10499352 profile_poll polls=159360 elapsed_us=15 interval_us=47 chunks=0
t=10503413 profile_poll polls=159424 elapsed_us=15 interval_us=251 chunks=0
t=10507175 pipe_read event=503 count=16384 read_us=325 buffered=16384
t=10508257 profile_poll polls=159488 elapsed_us=14 interval_us=48 chunks=0
t=10512928 profile_poll polls=159552 elapsed_us=14 interval_us=48 chunks=0
t=10517907 profile_poll polls=159616 elapsed_us=15 interval_us=48 chunks=0
t=10518582 pipe_read event=504 count=16384 read_us=340 buffered=16384
t=10523124 transfer event=28736 count=1020 submitted=8240908 tx_us=235 fast_bytes=1020 slow_bytes=0 queries=2
t=10523810 profile_poll polls=159680 elapsed_us=14 interval_us=48 chunks=0
t=10528632 profile_poll polls=159744 elapsed_us=14 interval_us=49 chunks=0
t=10529706 pipe_read event=505 count=16384 read_us=349 buffered=16384
t=10534072 profile_poll polls=159808 elapsed_us=14 interval_us=48 chunks=0
t=10538729 profile_poll polls=159872 elapsed_us=14 interval_us=48 chunks=0
t=10542727 pipe_read event=506 count=16384 read_us=346 buffered=16384
t=10544215 profile_poll polls=159936 elapsed_us=15 interval_us=539 chunks=0
t=10549030 profile_poll polls=160000 elapsed_us=14 interval_us=48 chunks=0
t=10552565 profile_poll polls=160064 elapsed_us=15 interval_us=61 chunks=0
t=10555701 profile_poll polls=160128 elapsed_us=15 interval_us=47 chunks=0
t=10559191 profile_poll polls=160192 elapsed_us=15 interval_us=48 chunks=0
t=10560012 transfer event=28800 count=512 submitted=8279114 tx_us=130 fast_bytes=512 slow_bytes=0 queries=2
t=10563444 pipe_read event=507 count=16384 read_us=332 buffered=16384
t=10563829 profile_poll polls=160256 elapsed_us=15 interval_us=49 chunks=0
t=10568158 profile_poll polls=160320 elapsed_us=14 interval_us=48 chunks=0
t=10572403 profile_poll polls=160384 elapsed_us=14 interval_us=48 chunks=0
t=10576445 profile_poll polls=160448 elapsed_us=15 interval_us=47 chunks=0
t=10580461 profile_poll polls=160512 elapsed_us=14 interval_us=48 chunks=0
t=10582535 pipe_read event=508 count=16384 read_us=353 buffered=16384
t=10584852 profile_poll polls=160576 elapsed_us=14 interval_us=48 chunks=0
t=10588874 profile_poll polls=160640 elapsed_us=15 interval_us=48 chunks=0
t=10592005 profile_poll polls=160704 elapsed_us=14 interval_us=48 chunks=0
t=10595118 profile_poll polls=160768 elapsed_us=15 interval_us=48 chunks=0
t=10598236 profile_poll polls=160832 elapsed_us=14 interval_us=48 chunks=0
t=10601350 profile_poll polls=160896 elapsed_us=14 interval_us=48 chunks=0
t=10604462 profile_poll polls=160960 elapsed_us=14 interval_us=48 chunks=0
t=10607590 profile_poll polls=161024 elapsed_us=15 interval_us=50 chunks=0
t=10608554 transfer event=28864 count=536 submitted=8304258 tx_us=146 fast_bytes=536 slow_bytes=0 queries=2
t=10611615 profile_poll polls=161088 elapsed_us=15 interval_us=49 chunks=0
t=10615860 profile_poll polls=161152 elapsed_us=15 interval_us=47 chunks=0
t=10620061 pipe_read event=509 count=16384 read_us=327 buffered=16384
t=10620449 profile_poll polls=161216 elapsed_us=15 interval_us=47 chunks=0
t=10624691 profile_poll polls=161280 elapsed_us=14 interval_us=49 chunks=0
t=10628565 profile_poll polls=161344 elapsed_us=14 interval_us=63 chunks=0
t=10632540 profile_poll polls=161408 elapsed_us=15 interval_us=60 chunks=0
t=10636551 profile_poll polls=161472 elapsed_us=15 interval_us=60 chunks=0
t=10638582 transfer event=28928 count=380 submitted=8329450 tx_us=112 fast_bytes=380 slow_bytes=0 queries=2
t=10641160 pipe_read event=510 count=16384 read_us=345 buffered=16384
t=10643085 transfer event=28992 count=70 submitted=8335760 tx_us=37 fast_bytes=70 slow_bytes=0 queries=2
t=10646395 profile_poll polls=161536 elapsed_us=346 interval_us=447 chunks=8
t=10647126 transfer event=29056 count=140 submitted=8345616 tx_us=51 fast_bytes=140 slow_bytes=0 queries=2
t=10648449 pipe_read event=511 count=16384 read_us=347 buffered=16384
t=10652460 transfer event=29120 count=112 submitted=8359746 tx_us=46 fast_bytes=112 slow_bytes=0 queries=2
t=10654489 pipe_read event=512 count=16384 read_us=329 buffered=16384
t=10657675 transfer event=29184 count=280 submitted=8373328 tx_us=81 fast_bytes=280 slow_bytes=0 queries=2
t=10660797 pipe_read event=513 count=16384 read_us=338 buffered=16384
t=10662705 transfer event=29248 count=58 submitted=8386124 tx_us=35 fast_bytes=58 slow_bytes=0 queries=2
t=10666756 transfer event=29312 count=44 submitted=8396112 tx_us=32 fast_bytes=44 slow_bytes=0 queries=2
t=10667561 pipe_read event=514 count=16384 read_us=337 buffered=16384
t=10671195 transfer event=29376 count=112 submitted=8406178 tx_us=46 fast_bytes=112 slow_bytes=0 queries=2
t=10674613 pipe_read event=515 count=16384 read_us=358 buffered=16384
t=10675779 transfer event=29440 count=200 submitted=8416760 tx_us=65 fast_bytes=200 slow_bytes=0 queries=2
t=10679471 transfer event=29504 count=118 submitted=8424974 tx_us=47 fast_bytes=118 slow_bytes=0 queries=2
t=10681845 pipe_read event=516 count=16384 read_us=323 buffered=16384
t=10682106 profile_poll polls=161600 elapsed_us=15 interval_us=52 chunks=0
t=10685240 profile_poll polls=161664 elapsed_us=15 interval_us=48 chunks=0
t=10688360 profile_poll polls=161728 elapsed_us=15 interval_us=47 chunks=0
t=10691479 profile_poll polls=161792 elapsed_us=15 interval_us=47 chunks=0
t=10695646 profile_poll polls=161856 elapsed_us=15 interval_us=49 chunks=0
t=10700028 profile_poll polls=161920 elapsed_us=15 interval_us=47 chunks=0
t=10703921 transfer event=29568 count=660 submitted=8442862 tx_us=161 fast_bytes=660 slow_bytes=0 queries=2
t=10704390 profile_poll polls=161984 elapsed_us=15 interval_us=47 chunks=0
t=10707718 pipe_read event=517 count=16384 read_us=348 buffered=16384
t=10709064 profile_poll polls=162048 elapsed_us=14 interval_us=48 chunks=0
t=10713045 profile_poll polls=162112 elapsed_us=15 interval_us=47 chunks=0
t=10717127 profile_poll polls=162176 elapsed_us=15 interval_us=47 chunks=0
t=10720945 profile_poll polls=162240 elapsed_us=14 interval_us=48 chunks=0
t=10724840 profile_poll polls=162304 elapsed_us=15 interval_us=47 chunks=0
t=10728346 pipe_read event=518 count=16384 read_us=332 buffered=16384
t=10729681 profile_poll polls=162368 elapsed_us=14 interval_us=49 chunks=0
t=10734120 profile_poll polls=162432 elapsed_us=14 interval_us=48 chunks=0
t=10734450 transfer event=29632 count=512 submitted=8468930 tx_us=130 fast_bytes=512 slow_bytes=0 queries=2
t=10738503 profile_poll polls=162496 elapsed_us=15 interval_us=48 chunks=0
t=10742678 profile_poll polls=162560 elapsed_us=15 interval_us=48 chunks=0
t=10746692 pipe_read event=519 count=16384 read_us=343 buffered=16384
t=10747017 profile_poll polls=162624 elapsed_us=15 interval_us=52 chunks=0
t=10751062 profile_poll polls=162688 elapsed_us=14 interval_us=48 chunks=0
t=10755081 profile_poll polls=162752 elapsed_us=14 interval_us=48 chunks=0
t=10759809 profile_poll polls=162816 elapsed_us=14 interval_us=48 chunks=0
t=10762510 pipe_read event=520 count=16384 read_us=334 buffered=16384
t=10762812 transfer event=29696 count=1222 submitted=8496326 tx_us=279 fast_bytes=1222 slow_bytes=0 queries=2
t=10765602 profile_poll polls=162880 elapsed_us=14 interval_us=50 chunks=0
t=10770718 profile_poll polls=162944 elapsed_us=15 interval_us=48 chunks=0
t=10772105 pipe_read event=521 count=16384 read_us=341 buffered=16384
t=10776668 profile_poll polls=163008 elapsed_us=15 interval_us=48 chunks=0
t=10781388 profile_poll polls=163072 elapsed_us=15 interval_us=48 chunks=0
t=10783917 pipe_read event=522 count=16384 read_us=328 buffered=16384
t=10786762 profile_poll polls=163136 elapsed_us=15 interval_us=48 chunks=0
t=10790428 transfer event=29760 count=110 submitted=8536456 tx_us=45 fast_bytes=110 slow_bytes=0 queries=2
t=10791480 profile_poll polls=163200 elapsed_us=15 interval_us=48 chunks=0
t=10796059 profile_poll polls=163264 elapsed_us=15 interval_us=48 chunks=0
t=10796603 pipe_read event=523 count=16384 read_us=359 buffered=16384
t=10801012 profile_poll polls=163328 elapsed_us=15 interval_us=48 chunks=0
t=10804134 profile_poll polls=163392 elapsed_us=14 interval_us=48 chunks=0
t=10807267 profile_poll polls=163456 elapsed_us=14 interval_us=48 chunks=0
t=10811292 profile_poll polls=163520 elapsed_us=242 interval_us=48 chunks=2
t=10815638 profile_poll polls=163584 elapsed_us=14 interval_us=49 chunks=0
t=10819710 pipe_read event=524 count=16384 read_us=344 buffered=16384
t=10820317 profile_poll polls=163648 elapsed_us=14 interval_us=48 chunks=0
t=10824510 profile_poll polls=163712 elapsed_us=25 interval_us=48 chunks=0
t=10826774 transfer event=29824 count=512 submitted=8567538 tx_us=130 fast_bytes=512 slow_bytes=0 queries=2
t=10828725 profile_poll polls=163776 elapsed_us=206 interval_us=60 chunks=2
t=10832724 profile_poll polls=163840 elapsed_us=205 interval_us=59 chunks=2
t=10836511 profile_poll polls=163904 elapsed_us=26 interval_us=47 chunks=0
t=10840111 profile_poll polls=163968 elapsed_us=15 interval_us=48 chunks=0
t=10843238 profile_poll polls=164032 elapsed_us=15 interval_us=47 chunks=0
t=10846363 profile_poll polls=164096 elapsed_us=15 interval_us=48 chunks=0
t=10849482 profile_poll polls=164160 elapsed_us=15 interval_us=47 chunks=0
t=10852609 profile_poll polls=164224 elapsed_us=15 interval_us=49 chunks=0
t=10855731 profile_poll polls=164288 elapsed_us=15 interval_us=47 chunks=0
t=10858848 profile_poll polls=164352 elapsed_us=15 interval_us=48 chunks=0
t=10861964 profile_poll polls=164416 elapsed_us=15 interval_us=47 chunks=0
t=10865085 profile_poll polls=164480 elapsed_us=15 interval_us=47 chunks=0
t=10868238 profile_poll polls=164544 elapsed_us=15 interval_us=47 chunks=0
t=10871371 profile_poll polls=164608 elapsed_us=14 interval_us=48 chunks=0
t=10874489 profile_poll polls=164672 elapsed_us=15 interval_us=47 chunks=0
t=10876230 pipe_read event=525 count=16384 read_us=336 buffered=16384
t=10879183 profile_poll polls=164736 elapsed_us=14 interval_us=48 chunks=0
t=10883524 profile_poll polls=164800 elapsed_us=15 interval_us=59 chunks=0
t=10887783 profile_poll polls=164864 elapsed_us=15 interval_us=48 chunks=0
t=10891934 profile_poll polls=164928 elapsed_us=14 interval_us=48 chunks=0
t=10892411 transfer event=29888 count=118 submitted=8593408 tx_us=47 fast_bytes=118 slow_bytes=0 queries=2
t=10892775 pipe_read event=526 count=16384 read_us=343 buffered=16384
t=10896558 profile_poll polls=164992 elapsed_us=15 interval_us=61 chunks=0
t=10900587 profile_poll polls=165056 elapsed_us=15 interval_us=49 chunks=0
t=10904564 profile_poll polls=165120 elapsed_us=15 interval_us=249 chunks=0
t=10909795 pipe_read event=527 count=16384 read_us=335 buffered=16384
t=10910013 profile_poll polls=165184 elapsed_us=14 interval_us=52 chunks=0
t=10914850 profile_poll polls=165248 elapsed_us=14 interval_us=48 chunks=0
t=10920343 pipe_read event=528 count=16384 read_us=323 buffered=16384
t=10920653 transfer event=29952 count=1182 submitted=8627358 tx_us=285 fast_bytes=1182 slow_bytes=0 queries=2
t=10920947 profile_poll polls=165312 elapsed_us=15 interval_us=48 chunks=0
t=10925922 profile_poll polls=165376 elapsed_us=15 interval_us=48 chunks=0
t=10931213 pipe_read event=529 count=16384 read_us=328 buffered=16384
t=10931705 profile_poll polls=165440 elapsed_us=15 interval_us=49 chunks=0
t=10936267 profile_poll polls=165504 elapsed_us=14 interval_us=48 chunks=0
t=10941423 profile_poll polls=165568 elapsed_us=14 interval_us=48 chunks=0
t=10943095 pipe_read event=530 count=16384 read_us=331 buffered=16384
t=10946415 profile_poll polls=165632 elapsed_us=15 interval_us=47 chunks=0
t=10948421 transfer event=30016 count=560 submitted=8665970 tx_us=140 fast_bytes=560 slow_bytes=0 queries=2
t=10950425 profile_poll polls=165696 elapsed_us=15 interval_us=47 chunks=0
t=10953560 profile_poll polls=165760 elapsed_us=14 interval_us=61 chunks=0
t=10956679 profile_poll polls=165824 elapsed_us=15 interval_us=49 chunks=0
t=10959797 profile_poll polls=165888 elapsed_us=15 interval_us=47 chunks=0
t=10962917 profile_poll polls=165952 elapsed_us=15 interval_us=47 chunks=0
t=10966031 profile_poll polls=166016 elapsed_us=14 interval_us=48 chunks=0
t=10969153 profile_poll polls=166080 elapsed_us=14 interval_us=48 chunks=0
t=10972271 profile_poll polls=166144 elapsed_us=15 interval_us=47 chunks=0
t=10975389 profile_poll polls=166208 elapsed_us=14 interval_us=49 chunks=0
t=10979917 profile_poll polls=166272 elapsed_us=15 interval_us=47 chunks=0
t=10984171 profile_poll polls=166336 elapsed_us=15 interval_us=47 chunks=0
t=10984741 pipe_read event=531 count=16384 read_us=386 buffered=16384
t=10989219 profile_poll polls=166400 elapsed_us=15 interval_us=48 chunks=0
t=10993360 profile_poll polls=166464 elapsed_us=15 interval_us=47 chunks=0
t=10997371 profile_poll polls=166528 elapsed_us=15 interval_us=48 chunks=0
t=11001326 profile_poll polls=166592 elapsed_us=15 interval_us=47 chunks=0
t=11003037 transfer event=30080 count=512 submitted=8691234 tx_us=130 fast_bytes=512 slow_bytes=0 queries=2
t=11004301 pipe_read event=532 count=16384 read_us=330 buffered=16384
t=11005645 profile_poll polls=166656 elapsed_us=14 interval_us=49 chunks=0
t=11008978 profile_poll polls=166720 elapsed_us=200 interval_us=48 chunks=2
t=11013113 profile_poll polls=166784 elapsed_us=15 interval_us=48 chunks=0
t=11017353 profile_poll polls=166848 elapsed_us=16 interval_us=48 chunks=0
t=11021883 profile_poll polls=166912 elapsed_us=14 interval_us=330 chunks=0
t=11024258 pipe_read event=533 count=16384 read_us=338 buffered=16384
t=11026448 profile_poll polls=166976 elapsed_us=15 interval_us=47 chunks=0
t=11030431 profile_poll polls=167040 elapsed_us=15 interval_us=48 chunks=0
t=11034453 profile_poll polls=167104 elapsed_us=15 interval_us=48 chunks=0
t=11036291 transfer event=30144 count=204 submitted=8717962 tx_us=65 fast_bytes=204 slow_bytes=0 queries=2
t=11038411 profile_poll polls=167168 elapsed_us=14 interval_us=48 chunks=0
t=11043107 pipe_read event=534 count=16384 read_us=327 buffered=16384
t=11043727 profile_poll polls=167232 elapsed_us=15 interval_us=49 chunks=0
t=11049056 profile_poll polls=167296 elapsed_us=15 interval_us=597 chunks=0
t=11053594 pipe_read event=535 count=16384 read_us=347 buffered=16384
t=11054514 profile_poll polls=167360 elapsed_us=29 interval_us=47 chunks=0
t=11060021 profile_poll polls=167424 elapsed_us=15 interval_us=47 chunks=0
t=11064043 transfer event=30208 count=310 submitted=8757248 tx_us=88 fast_bytes=310 slow_bytes=0 queries=2
t=11064398 pipe_read event=536 count=16384 read_us=332 buffered=16384
t=11065219 profile_poll polls=167488 elapsed_us=15 interval_us=47 chunks=0
t=11070226 profile_poll polls=167552 elapsed_us=15 interval_us=48 chunks=0
t=11074827 profile_poll polls=167616 elapsed_us=15 interval_us=48 chunks=0
t=11077301 pipe_read event=537 count=16384 read_us=344 buffered=16384
t=11079624 profile_poll polls=167680 elapsed_us=15 interval_us=48 chunks=0
t=11083524 profile_poll polls=167744 elapsed_us=15 interval_us=59 chunks=0
t=11086651 profile_poll polls=167808 elapsed_us=14 interval_us=49 chunks=0
t=11089788 profile_poll polls=167872 elapsed_us=14 interval_us=48 chunks=0
t=11093403 profile_poll polls=167936 elapsed_us=15 interval_us=48 chunks=0
t=11097556 profile_poll polls=168000 elapsed_us=14 interval_us=62 chunks=0
t=11101803 profile_poll polls=168064 elapsed_us=15 interval_us=47 chunks=0
t=11102410 pipe_read event=538 count=16384 read_us=323 buffered=16384
t=11103071 transfer event=30272 count=512 submitted=8790830 tx_us=130 fast_bytes=512 slow_bytes=0 queries=2
t=11106771 profile_poll polls=168128 elapsed_us=14 interval_us=48 chunks=0
t=11110859 profile_poll polls=168192 elapsed_us=15 interval_us=48 chunks=0
t=11114827 profile_poll polls=168256 elapsed_us=15 interval_us=48 chunks=0
t=11118764 profile_poll polls=168320 elapsed_us=14 interval_us=48 chunks=0
t=11122434 profile_poll polls=168384 elapsed_us=15 interval_us=48 chunks=0
t=11125571 profile_poll polls=168448 elapsed_us=14 interval_us=51 chunks=0
t=11128697 profile_poll polls=168512 elapsed_us=15 interval_us=48 chunks=0
t=11131819 profile_poll polls=168576 elapsed_us=15 interval_us=47 chunks=0
t=11134941 profile_poll polls=168640 elapsed_us=14 interval_us=48 chunks=0
t=11138060 profile_poll polls=168704 elapsed_us=14 interval_us=48 chunks=0
t=11141178 profile_poll polls=168768 elapsed_us=15 interval_us=47 chunks=0
t=11143237 pipe_read event=539 count=16384 read_us=328 buffered=16384
t=11145663 profile_poll polls=168832 elapsed_us=15 interval_us=48 chunks=0
t=11149831 profile_poll polls=168896 elapsed_us=15 interval_us=47 chunks=0
t=11152302 transfer event=30336 count=604 submitted=8816258 tx_us=149 fast_bytes=604 slow_bytes=0 queries=2
t=11154483 profile_poll polls=168960 elapsed_us=14 interval_us=48 chunks=0
t=11158631 profile_poll polls=169024 elapsed_us=15 interval_us=49 chunks=0
t=11159789 pipe_read event=540 count=16384 read_us=334 buffered=16384
t=11163097 profile_poll polls=169088 elapsed_us=15 interval_us=47 chunks=0
t=11167087 profile_poll polls=169152 elapsed_us=15 interval_us=48 chunks=0
t=11171012 profile_poll polls=169216 elapsed_us=15 interval_us=48 chunks=0
t=11173197 transfer event=30400 count=48 submitted=8833494 tx_us=32 fast_bytes=48 slow_bytes=0 queries=2
t=11176329 pipe_read event=541 count=16384 read_us=325 buffered=16384
t=11177229 transfer event=30464 count=136 submitted=8841620 tx_us=51 fast_bytes=136 slow_bytes=0 queries=2
t=11181216 transfer event=30528 count=176 submitted=8851260 tx_us=59 fast_bytes=176 slow_bytes=0 queries=2
t=11183330 pipe_read event=542 count=16384 read_us=340 buffered=16384
t=11186266 transfer event=30592 count=114 submitted=8863992 tx_us=46 fast_bytes=114 slow_bytes=0 queries=2
t=11189889 pipe_read event=543 count=16384 read_us=327 buffered=16384
t=11191182 transfer event=30656 count=230 submitted=8876250 tx_us=71 fast_bytes=230 slow_bytes=0 queries=2
t=11195373 transfer event=30720 count=142 submitted=8886850 tx_us=53 fast_bytes=142 slow_bytes=0 queries=2
t=11196231 pipe_read event=544 count=16384 read_us=348 buffered=16384
t=11196780 profile_poll polls=169280 elapsed_us=1262 interval_us=473 chunks=8
t=11200385 transfer event=30784 count=76 submitted=8899380 tx_us=39 fast_bytes=76 slow_bytes=0 queries=2
t=11203127 pipe_read event=545 count=16384 read_us=320 buffered=16384
t=11204796 transfer event=30848 count=46 submitted=8909256 tx_us=32 fast_bytes=46 slow_bytes=0 queries=2
t=11208527 transfer event=30912 count=62 submitted=8917718 tx_us=46 fast_bytes=62 slow_bytes=0 queries=2
t=11210563 pipe_read event=546 count=16384 read_us=343 buffered=16384
t=11212583 transfer event=30976 count=88 submitted=8925868 tx_us=41 fast_bytes=88 slow_bytes=0 queries=2
t=11215218 profile_poll polls=169344 elapsed_us=15 interval_us=48 chunks=0
t=11218347 profile_poll polls=169408 elapsed_us=15 interval_us=48 chunks=0
t=11221467 profile_poll polls=169472 elapsed_us=14 interval_us=48 chunks=0
t=11224597 profile_poll polls=169536 elapsed_us=15 interval_us=49 chunks=0
t=11228762 profile_poll polls=169600 elapsed_us=15 interval_us=49 chunks=0
t=11232873 profile_poll polls=169664 elapsed_us=15 interval_us=48 chunks=0
t=11235142 pipe_read event=547 count=16384 read_us=333 buffered=16384
t=11237783 profile_poll polls=169728 elapsed_us=14 interval_us=48 chunks=0
t=11242085 profile_poll polls=169792 elapsed_us=15 interval_us=48 chunks=0
t=11243830 transfer event=31040 count=118 submitted=8947564 tx_us=47 fast_bytes=118 slow_bytes=0 queries=2
t=11246430 profile_poll polls=169856 elapsed_us=14 interval_us=48 chunks=0
t=11250431 profile_poll polls=169920 elapsed_us=15 interval_us=48 chunks=0
t=11252166 pipe_read event=548 count=16384 read_us=336 buffered=16384
t=11255003 profile_poll polls=169984 elapsed_us=233 interval_us=48 chunks=2
t=11258240 profile_poll polls=170048 elapsed_us=14 interval_us=48 chunks=0
t=11262299 profile_poll polls=170112 elapsed_us=15 interval_us=48 chunks=0
t=11266671 profile_poll polls=170176 elapsed_us=15 interval_us=48 chunks=0
t=11271105 profile_poll polls=170240 elapsed_us=15 interval_us=47 chunks=0
t=11272007 pipe_read event=549 count=16384 read_us=327 buffered=16384
t=11275945 transfer event=31104 count=512 submitted=8974868 tx_us=130 fast_bytes=512 slow_bytes=0 queries=2
t=11276152 profile_poll polls=170304 elapsed_us=15 interval_us=325 chunks=0
t=11280314 profile_poll polls=170368 elapsed_us=15 interval_us=48 chunks=0
t=11284312 profile_poll polls=170432 elapsed_us=15 interval_us=47 chunks=0
t=11288214 profile_poll polls=170496 elapsed_us=15 interval_us=156 chunks=0
t=11290282 pipe_read event=550 count=16384 read_us=323 buffered=16384
t=11293594 profile_poll polls=170560 elapsed_us=15 interval_us=50 chunks=0
t=11298907 profile_poll polls=170624 elapsed_us=15 interval_us=649 chunks=0
t=11300598 pipe_read event=551 count=16384 read_us=342 buffered=16384
t=11304517 transfer event=31168 count=728 submitted=9009480 tx_us=185 fast_bytes=728 slow_bytes=0 queries=2
t=11305003 profile_poll polls=170688 elapsed_us=15 interval_us=816 chunks=0
t=11310100 profile_poll polls=170752 elapsed_us=14 interval_us=48 chunks=0
t=11311035 pipe_read event=552 count=16384 read_us=368 buffered=16384
t=11316203 profile_poll polls=170816 elapsed_us=15 interval_us=47 chunks=0
t=11321062 profile_poll polls=170880 elapsed_us=15 interval_us=47 chunks=0
t=11321752 pipe_read event=553 count=16384 read_us=361 buffered=16384
t=11326374 profile_poll polls=170944 elapsed_us=15 interval_us=48 chunks=0
t=11329919 transfer event=31232 count=594 submitted=9046466 tx_us=147 fast_bytes=594 slow_bytes=0 queries=2
t=11330998 profile_poll polls=171008 elapsed_us=15 interval_us=47 chunks=0
t=11334365 profile_poll polls=171072 elapsed_us=15 interval_us=48 chunks=0
t=11337483 profile_poll polls=171136 elapsed_us=15 interval_us=48 chunks=0
t=11340612 profile_poll polls=171200 elapsed_us=15 interval_us=49 chunks=0
t=11344369 profile_poll polls=171264 elapsed_us=15 interval_us=47 chunks=0
t=11346200 pipe_read event=554 count=16384 read_us=326 buffered=16384
t=11349159 profile_poll polls=171328 elapsed_us=15 interval_us=47 chunks=0
t=11353893 profile_poll polls=171392 elapsed_us=15 interval_us=48 chunks=0
t=11358227 profile_poll polls=171456 elapsed_us=14 interval_us=48 chunks=0
t=11361774 pipe_read event=555 count=16384 read_us=343 buffered=16384
t=11363070 profile_poll polls=171520 elapsed_us=15 interval_us=47 chunks=0
t=11366318 transfer event=31296 count=436 submitted=9072940 tx_us=114 fast_bytes=436 slow_bytes=0 queries=2
t=11367034 profile_poll polls=171584 elapsed_us=15 interval_us=47 chunks=0
t=11370918 profile_poll polls=171648 elapsed_us=14 interval_us=48 chunks=0
t=11374059 profile_poll polls=171712 elapsed_us=15 interval_us=47 chunks=0
t=11377185 profile_poll polls=171776 elapsed_us=15 interval_us=47 chunks=0
t=11380310 profile_poll polls=171840 elapsed_us=14 interval_us=48 chunks=0
t=11383431 profile_poll polls=171904 elapsed_us=14 interval_us=48 chunks=0
t=11386564 profile_poll polls=171968 elapsed_us=15 interval_us=61 chunks=0
t=11389684 profile_poll polls=172032 elapsed_us=15 interval_us=48 chunks=0
t=11392808 profile_poll polls=172096 elapsed_us=15 interval_us=48 chunks=0
t=11395929 profile_poll polls=172160 elapsed_us=15 interval_us=48 chunks=0
t=11399049 profile_poll polls=172224 elapsed_us=15 interval_us=48 chunks=0
t=11402165 profile_poll polls=172288 elapsed_us=14 interval_us=48 chunks=0
t=11405280 profile_poll polls=172352 elapsed_us=15 interval_us=48 chunks=0
t=11408398 profile_poll polls=172416 elapsed_us=14 interval_us=48 chunks=0
t=11412667 profile_poll polls=172480 elapsed_us=15 interval_us=49 chunks=0
t=11416757 profile_poll polls=172544 elapsed_us=14 interval_us=48 chunks=0
t=11418402 pipe_read event=556 count=16384 read_us=337 buffered=16384
t=11421831 profile_poll polls=172608 elapsed_us=14 interval_us=48 chunks=0
t=11426424 profile_poll polls=172672 elapsed_us=15 interval_us=47 chunks=0
t=11430561 profile_poll polls=172736 elapsed_us=15 interval_us=61 chunks=0
t=11431084 transfer event=31360 count=512 submitted=9098304 tx_us=130 fast_bytes=512 slow_bytes=0 queries=2
t=11434476 profile_poll polls=172800 elapsed_us=15 interval_us=48 chunks=0
t=11436010 pipe_read event=557 count=16384 read_us=325 buffered=16384
t=11439484 profile_poll polls=172864 elapsed_us=15 interval_us=48 chunks=0
t=11444706 profile_poll polls=172928 elapsed_us=14 interval_us=48 chunks=0
t=11447365 pipe_read event=558 count=16384 read_us=325 buffered=16384
t=11450459 profile_poll polls=172992 elapsed_us=14 interval_us=49 chunks=0
t=11455472 profile_poll polls=173056 elapsed_us=15 interval_us=47 chunks=0
t=11457459 transfer event=31424 count=412 submitted=9134080 tx_us=109 fast_bytes=412 slow_bytes=0 queries=2
t=11457824 pipe_read event=559 count=16384 read_us=341 buffered=16384
t=11461622 profile_poll polls=173120 elapsed_us=15 interval_us=49 chunks=0
t=11466536 profile_poll polls=173184 elapsed_us=15 interval_us=60 chunks=0
t=11468599 pipe_read event=560 count=16384 read_us=358 buffered=16384
t=11472046 profile_poll polls=173248 elapsed_us=15 interval_us=48 chunks=0
t=11476486 profile_poll polls=173312 elapsed_us=15 interval_us=47 chunks=0
t=11480807 profile_poll polls=173376 elapsed_us=14 interval_us=48 chunks=0
t=11483926 profile_poll polls=173440 elapsed_us=15 interval_us=47 chunks=0
t=11487081 profile_poll polls=173504 elapsed_us=15 interval_us=48 chunks=0
t=11490205 profile_poll polls=173568 elapsed_us=15 interval_us=48 chunks=0
t=11493322 profile_poll polls=173632 elapsed_us=15 interval_us=47 chunks=0
t=11496448 profile_poll polls=173696 elapsed_us=14 interval_us=48 chunks=0
t=11499587 profile_poll polls=173760 elapsed_us=15 interval_us=50 chunks=0
t=11502705 profile_poll polls=173824 elapsed_us=15 interval_us=48 chunks=0
t=11505824 profile_poll polls=173888 elapsed_us=15 interval_us=48 chunks=0
t=11508942 profile_poll polls=173952 elapsed_us=15 interval_us=48 chunks=0
t=11510331 pipe_read event=561 count=16384 read_us=330 buffered=16384
t=11513696 profile_poll polls=174016 elapsed_us=15 interval_us=48 chunks=0
t=11515689 transfer event=31488 count=54 submitted=9172038 tx_us=34 fast_bytes=54 slow_bytes=0 queries=2
t=11518257 profile_poll polls=174080 elapsed_us=15 interval_us=47 chunks=0
t=11522922 profile_poll polls=174144 elapsed_us=14 interval_us=361 chunks=0
t=11526144 pipe_read event=562 count=16384 read_us=368 buffered=16384
t=11527693 profile_poll polls=174208 elapsed_us=15 interval_us=47 chunks=0
t=11531814 profile_poll polls=174272 elapsed_us=15 interval_us=48 chunks=0
t=11535943 profile_poll polls=174336 elapsed_us=15 interval_us=47 chunks=0
t=11539398 profile_poll polls=174400 elapsed_us=14 interval_us=48 chunks=0
t=11542524 profile_poll polls=174464 elapsed_us=15 interval_us=58 chunks=0
t=11546751 profile_poll polls=174528 elapsed_us=15 interval_us=48 chunks=0
t=11547038 transfer event=31552 count=372 submitted=9198452 tx_us=100 fast_bytes=372 slow_bytes=0 queries=2
t=11549131 pipe_read event=563 count=16384 read_us=328 buffered=16384
t=11551507 profile_poll polls=174592 elapsed_us=26 interval_us=47 chunks=0
t=11556099 profile_poll polls=174656 elapsed_us=15 interval_us=48 chunks=0
t=11560438 profile_poll polls=174720 elapsed_us=15 interval_us=47 chunks=0
t=11564936 pipe_read event=564 count=16384 read_us=328 buffered=16384
t=11565211 profile_poll polls=174784 elapsed_us=15 interval_us=52 chunks=0
t=11569153 profile_poll polls=174848 elapsed_us=14 interval_us=48 chunks=0
t=11573917 transfer event=31616 count=852 submitted=9226724 tx_us=200 fast_bytes=852 slow_bytes=0 queries=2
t=11574254 profile_poll polls=174912 elapsed_us=15 interval_us=48 chunks=0
t=11578404 pipe_read event=565 count=16384 read_us=320 buffered=16384
t=11580050 profile_poll polls=174976 elapsed_us=14 interval_us=48 chunks=0
t=11584917 profile_poll polls=175040 elapsed_us=15 interval_us=47 chunks=0
t=11588797 pipe_read event=566 count=16384 read_us=341 buffered=16384
t=11591110 profile_poll polls=175104 elapsed_us=14 interval_us=48 chunks=0
t=11596842 profile_poll polls=175168 elapsed_us=15 interval_us=659 chunks=0
t=11598583 pipe_read event=567 count=16384 read_us=346 buffered=16384
t=11598739 transfer event=31680 count=516 submitted=9265668 tx_us=132 fast_bytes=516 slow_bytes=0 queries=2
t=11602192 profile_poll polls=175232 elapsed_us=15 interval_us=47 chunks=0
t=11607190 profile_poll polls=175296 elapsed_us=15 interval_us=47 chunks=0
t=11611241 pipe_read event=568 count=16384 read_us=346 buffered=16384
t=11612065 profile_poll polls=175360 elapsed_us=14 interval_us=48 chunks=0
t=11615936 profile_poll polls=175424 elapsed_us=15 interval_us=48 chunks=0
t=11619061 profile_poll polls=175488 elapsed_us=14 interval_us=48 chunks=0
t=11622175 profile_poll polls=175552 elapsed_us=14 interval_us=48 chunks=0
t=11625309 profile_poll polls=175616 elapsed_us=14 interval_us=48 chunks=0
t=11629324 profile_poll polls=175680 elapsed_us=15 interval_us=47 chunks=0
t=11633665 profile_poll polls=175744 elapsed_us=14 interval_us=48 chunks=0
t=11637933 profile_poll polls=175808 elapsed_us=15 interval_us=48 chunks=0
t=11638438 pipe_read event=569 count=16384 read_us=323 buffered=16384
t=11638628 transfer event=31744 count=620 submitted=9298540 tx_us=166 fast_bytes=620 slow_bytes=0 queries=2
t=11642938 profile_poll polls=175872 elapsed_us=15 interval_us=48 chunks=0
t=11647156 profile_poll polls=175936 elapsed_us=15 interval_us=47 chunks=0
t=11651226 profile_poll polls=176000 elapsed_us=15 interval_us=48 chunks=0
t=11654844 profile_poll polls=176064 elapsed_us=14 interval_us=48 chunks=0
t=11657963 profile_poll polls=176128 elapsed_us=14 interval_us=48 chunks=0
t=11661082 profile_poll polls=176192 elapsed_us=15 interval_us=48 chunks=0
t=11664198 profile_poll polls=176256 elapsed_us=14 interval_us=48 chunks=0
t=11667318 profile_poll polls=176320 elapsed_us=15 interval_us=47 chunks=0
t=11670442 profile_poll polls=176384 elapsed_us=14 interval_us=48 chunks=0
t=11673573 profile_poll polls=176448 elapsed_us=14 interval_us=50 chunks=0
t=11677091 profile_poll polls=176512 elapsed_us=14 interval_us=48 chunks=0
t=11678783 pipe_read event=570 count=16384 read_us=349 buffered=16384
t=11681752 profile_poll polls=176576 elapsed_us=15 interval_us=48 chunks=0
t=11686242 profile_poll polls=176640 elapsed_us=15 interval_us=48 chunks=0
t=11688159 transfer event=31808 count=190 submitted=9325068 tx_us=63 fast_bytes=190 slow_bytes=0 queries=2
t=11690779 profile_poll polls=176704 elapsed_us=15 interval_us=48 chunks=0
t=11694348 pipe_read event=571 count=16384 read_us=335 buffered=16384
t=11695620 profile_poll polls=176768 elapsed_us=14 interval_us=50 chunks=0
t=11699765 profile_poll polls=176832 elapsed_us=15 interval_us=48 chunks=0
t=11703562 profile_poll polls=176896 elapsed_us=15 interval_us=61 chunks=0
t=11704958 transfer event=31872 count=34 submitted=9340136 tx_us=30 fast_bytes=34 slow_bytes=0 queries=2
t=11708148 transfer event=31936 count=84 submitted=9346104 tx_us=40 fast_bytes=84 slow_bytes=0 queries=2
t=11708947 pipe_read event=572 count=16384 read_us=348 buffered=16384
t=11712486 transfer event=32000 count=106 submitted=9355560 tx_us=45 fast_bytes=106 slow_bytes=0 queries=2
t=11716216 pipe_read event=573 count=16384 read_us=342 buffered=16384
t=11717257 transfer event=32064 count=122 submitted=9366972 tx_us=48 fast_bytes=122 slow_bytes=0 queries=2
t=11721289 transfer event=32128 count=136 submitted=9376846 tx_us=51 fast_bytes=136 slow_bytes=0 queries=2
t=11722877 pipe_read event=574 count=16384 read_us=324 buffered=16384
t=11726000 transfer event=32192 count=22 submitted=9388138 tx_us=27 fast_bytes=22 slow_bytes=0 queries=2
t=11729826 pipe_read event=575 count=16384 read_us=321 buffered=16384
t=11730251 transfer event=32256 count=114 submitted=9397436 tx_us=47 fast_bytes=114 slow_bytes=0 queries=2
t=11733948 transfer event=32320 count=46 submitted=9405622 tx_us=32 fast_bytes=46 slow_bytes=0 queries=2
t=11734998 profile_poll polls=176960 elapsed_us=447 interval_us=471 chunks=8
t=11737304 transfer event=32384 count=150 submitted=9412276 tx_us=54 fast_bytes=150 slow_bytes=0 queries=2
t=11737844 pipe_read event=576 count=16384 read_us=322 buffered=16384
t=11741033 transfer event=32448 count=58 submitted=9418958 tx_us=34 fast_bytes=58 slow_bytes=0 queries=2
t=11745713 profile_poll polls=177024 elapsed_us=15 interval_us=47 chunks=0
t=11748837 profile_poll polls=177088 elapsed_us=15 interval_us=48 chunks=0
t=11751972 profile_poll polls=177152 elapsed_us=15 interval_us=47 chunks=0
t=11755092 profile_poll polls=177216 elapsed_us=15 interval_us=47 chunks=0
t=11758209 profile_poll polls=177280 elapsed_us=15 interval_us=47 chunks=0
t=11762086 profile_poll polls=177344 elapsed_us=14 interval_us=48 chunks=0
t=11763328 transfer event=32512 count=228 submitted=9427892 tx_us=71 fast_bytes=228 slow_bytes=0 queries=2
t=11765406 pipe_read event=577 count=16384 read_us=326 buffered=16384
t=11766891 profile_poll polls=177408 elapsed_us=15 interval_us=48 chunks=0
t=11771378 profile_poll polls=177472 elapsed_us=15 interval_us=48 chunks=0
t=11775805 profile_poll polls=177536 elapsed_us=15 interval_us=48 chunks=0
t=11780051 profile_poll polls=177600 elapsed_us=15 interval_us=47 chunks=0
t=11780779 pipe_read event=578 count=16384 read_us=343 buffered=16384
t=11784777 profile_poll polls=177664 elapsed_us=15 interval_us=47 chunks=0
t=11788632 profile_poll polls=177728 elapsed_us=15 interval_us=48 chunks=0
t=11791777 profile_poll polls=177792 elapsed_us=14 interval_us=48 chunks=0
t=11793682 transfer event=32576 count=420 submitted=9452960 tx_us=111 fast_bytes=420 slow_bytes=0 queries=2
t=11795831 profile_poll polls=177856 elapsed_us=15 interval_us=48 chunks=0
t=11800132 profile_poll polls=177920 elapsed_us=14 interval_us=48 chunks=0
t=11803010 pipe_read event=579 count=16384 read_us=325 buffered=16384
t=11805114 profile_poll polls=177984 elapsed_us=15 interval_us=47 chunks=0
t=11809682 profile_poll polls=178048 elapsed_us=15 interval_us=49 chunks=0
t=11813890 profile_poll polls=178112 elapsed_us=15 interval_us=47 chunks=0
t=11818059 profile_poll polls=178176 elapsed_us=15 interval_us=47 chunks=0
t=11819254 transfer event=32640 count=244 submitted=9477764 tx_us=74 fast_bytes=244 slow_bytes=0 queries=2
t=11820424 pipe_read event=580 count=16384 read_us=322 buffered=16384
t=11823284 profile_poll polls=178240 elapsed_us=14 interval_us=48 chunks=0
t=11828659 profile_poll polls=178304 elapsed_us=14 interval_us=49 chunks=0
t=11831029 pipe_read event=581 count=16384 read_us=329 buffered=16384
t=11834368 profile_poll polls=178368 elapsed_us=15 interval_us=48 chunks=0
t=11840099 profile_poll polls=178432 elapsed_us=14 interval_us=48 chunks=0
t=11841026 pipe_read event=582 count=16384 read_us=334 buffered=16384
t=11845273 transfer event=32704 count=512 submitted=9518616 tx_us=130 fast_bytes=512 slow_bytes=0 queries=2
t=11846076 profile_poll polls=178496 elapsed_us=14 interval_us=48 chunks=0
t=11850912 profile_poll polls=178560 elapsed_us=15 interval_us=48 chunks=0
t=11851363 pipe_read event=583 count=16384 read_us=359 buffered=16384
t=11856148 profile_poll polls=178624 elapsed_us=14 interval_us=48 chunks=0
t=11860683 profile_poll polls=178688 elapsed_us=15 interval_us=48 chunks=0
t=11863830 profile_poll polls=178752 elapsed_us=15 interval_us=48 chunks=0
t=11866950 profile_poll polls=178816 elapsed_us=14 interval_us=48 chunks=0
t=11870070 profile_poll polls=178880 elapsed_us=15 interval_us=47 chunks=0
t=11873190 profile_poll polls=178944 elapsed_us=15 interval_us=48 chunks=0
t=11876310 profile_poll polls=179008 elapsed_us=15 interval_us=47 chunks=0
t=11880896 pipe_read event=584 count=16384 read_us=339 buffered=16384
t=11881188 profile_poll polls=179072 elapsed_us=14 interval_us=49 chunks=0
t=11885604 profile_poll polls=179136 elapsed_us=14 interval_us=50 chunks=0
t=11887013 transfer event=32768 count=142 submitted=9550944 tx_us=52 fast_bytes=142 slow_bytes=0 queries=2
t=11890266 profile_poll polls=179200 elapsed_us=15 interval_us=47 chunks=0
t=11894882 profile_poll polls=179264 elapsed_us=15 interval_us=363 chunks=0
t=11896014 pipe_read event=585 count=16384 read_us=333 buffered=16384
t=11899538 profile_poll polls=179328 elapsed_us=15 interval_us=291 chunks=0
t=11903401 profile_poll polls=179392 elapsed_us=15 interval_us=48 chunks=0
t=11906563 profile_poll polls=179456 elapsed_us=15 interval_us=61 chunks=0
t=11909684 profile_poll polls=179520 elapsed_us=14 interval_us=48 chunks=0
t=11912803 profile_poll polls=179584 elapsed_us=15 interval_us=47 chunks=0
t=11915922 profile_poll polls=179648 elapsed_us=15 interval_us=48 chunks=0
t=11919045 profile_poll polls=179712 elapsed_us=15 interval_us=48 chunks=0
t=11922164 profile_poll polls=179776 elapsed_us=15 interval_us=47 chunks=0
t=11925280 profile_poll polls=179840 elapsed_us=15 interval_us=48 chunks=0
t=11928400 profile_poll polls=179904 elapsed_us=14 interval_us=48 chunks=0
t=11931534 profile_poll polls=179968 elapsed_us=15 interval_us=60 chunks=0
t=11934652 profile_poll polls=180032 elapsed_us=15 interval_us=48 chunks=0
t=11937770 profile_poll polls=180096 elapsed_us=15 interval_us=48 chunks=0
t=11940900 profile_poll polls=180160 elapsed_us=15 interval_us=48 chunks=0
t=11944481 profile_poll polls=180224 elapsed_us=15 interval_us=48 chunks=0
t=11948850 profile_poll polls=180288 elapsed_us=14 interval_us=48 chunks=0
t=11952864 transfer event=32832 count=216 submitted=9576448 tx_us=68 fast_bytes=216 slow_bytes=0 queries=2
t=11953218 pipe_read event=586 count=16384 read_us=331 buffered=16384
t=11953682 profile_poll polls=180352 elapsed_us=15 interval_us=49 chunks=0
t=11958361 profile_poll polls=180416 elapsed_us=14 interval_us=48 chunks=0
t=11962654 profile_poll polls=180480 elapsed_us=15 interval_us=48 chunks=0
t=11966872 profile_poll polls=180544 elapsed_us=14 interval_us=49 chunks=0
t=11969619 pipe_read event=587 count=16384 read_us=351 buffered=16384
t=11971461 profile_poll polls=180608 elapsed_us=16 interval_us=47 chunks=0
t=11976724 profile_poll polls=180672 elapsed_us=15 interval_us=48 chunks=0
t=11980365 transfer event=32896 count=512 submitted=9608216 tx_us=130 fast_bytes=512 slow_bytes=0 queries=2
t=11980957 pipe_read event=588 count=16384 read_us=321 buffered=16384
t=11982517 profile_poll polls=180736 elapsed_us=24 interval_us=47 chunks=0
t=11987393 profile_poll polls=180800 elapsed_us=14 interval_us=48 chunks=0
t=11991295 pipe_read event=589 count=16384 read_us=345 buffered=16384
t=11993584 profile_poll polls=180864 elapsed_us=15 interval_us=51 chunks=0
t=11999476 profile_poll polls=180928 elapsed_us=15 interval_us=47 chunks=0
t=12000730 pipe_read event=590 count=16384 read_us=346 buffered=16384
t=12005126 profile_poll polls=180992 elapsed_us=15 interval_us=517 chunks=0
t=12007786 transfer event=32960 count=662 submitted=9652700 tx_us=163 fast_bytes=662 slow_bytes=0 queries=2
t=12009631 profile_poll polls=181056 elapsed_us=15 interval_us=49 chunks=0
t=12013100 pipe_read event=591 count=16384 read_us=328 buffered=16384
t=12014227 profile_poll polls=181120 elapsed_us=15 interval_us=47 chunks=0
t=12017361 profile_poll polls=181184 elapsed_us=14 interval_us=48 chunks=0
t=12020480 profile_poll polls=181248 elapsed_us=14 interval_us=48 chunks=0
t=12023617 profile_poll polls=181312 elapsed_us=15 interval_us=51 chunks=0
t=12026735 profile_poll polls=181376 elapsed_us=15 interval_us=49 chunks=0
t=12029859 profile_poll polls=181440 elapsed_us=15 interval_us=48 chunks=0
t=12032985 profile_poll polls=181504 elapsed_us=14 interval_us=48 chunks=0
t=12036105 profile_poll polls=181568 elapsed_us=15 interval_us=48 chunks=0
t=12039225 profile_poll polls=181632 elapsed_us=15 interval_us=48 chunks=0
t=12042348 profile_poll polls=181696 elapsed_us=15 interval_us=48 chunks=0
t=12046424 profile_poll polls=181760 elapsed_us=14 interval_us=48 chunks=0
t=12050786 profile_poll polls=181824 elapsed_us=14 interval_us=49 chunks=0
t=12054975 profile_poll polls=181888 elapsed_us=15 interval_us=48 chunks=0
t=12058920 pipe_read event=592 count=16384 read_us=324 buffered=16384
t=12060017 profile_poll polls=181952 elapsed_us=14 interval_us=48 chunks=0
t=12064369 profile_poll polls=182016 elapsed_us=14 interval_us=48 chunks=0
t=12066013 transfer event=33024 count=232 submitted=9682664 tx_us=71 fast_bytes=232 slow_bytes=0 queries=2
t=12068425 profile_poll polls=182080 elapsed_us=15 interval_us=48 chunks=0
t=12072374 profile_poll polls=182144 elapsed_us=15 interval_us=47 chunks=0
t=12075502 profile_poll polls=182208 elapsed_us=15 interval_us=48 chunks=0
t=12079633 profile_poll polls=182272 elapsed_us=15 interval_us=49 chunks=0
t=12080572 pipe_read event=593 count=16384 read_us=366 buffered=16384
t=12084441 profile_poll polls=182336 elapsed_us=15 interval_us=47 chunks=0
t=12088738 profile_poll polls=182400 elapsed_us=15 interval_us=48 chunks=0
t=12093395 profile_poll polls=182464 elapsed_us=15 interval_us=47 chunks=0
t=12096253 transfer event=33088 count=324 submitted=9707520 tx_us=91 fast_bytes=324 slow_bytes=0 queries=2
t=12096626 pipe_read event=594 count=16384 read_us=349 buffered=16384
t=12098136 profile_poll polls=182528 elapsed_us=15 interval_us=47 chunks=0
t=12102442 profile_poll polls=182592 elapsed_us=15 interval_us=277 chunks=0
t=12106400 profile_poll polls=182656 elapsed_us=14 interval_us=48 chunks=0
t=12111408 pipe_read event=595 count=16384 read_us=341 buffered=16384
t=12112087 profile_poll polls=182720 elapsed_us=15 interval_us=47 chunks=0
t=12117456 profile_poll polls=182784 elapsed_us=15 interval_us=48 chunks=0
t=12121905 pipe_read event=596 count=16384 read_us=347 buffered=16384
t=12123400 profile_poll polls=182848 elapsed_us=15 interval_us=48 chunks=0
t=12124365 transfer event=33152 count=514 submitted=9744422 tx_us=130 fast_bytes=514 slow_bytes=0 queries=2
t=12128728 profile_poll polls=182912 elapsed_us=15 interval_us=48 chunks=0
t=12131363 pipe_read event=597 count=16384 read_us=332 buffered=16384
t=12135058 profile_poll polls=182976 elapsed_us=15 interval_us=48 chunks=0
t=12140420 profile_poll polls=183040 elapsed_us=15 interval_us=541 chunks=0
t=12141933 pipe_read event=598 count=16384 read_us=330 buffered=16384
t=12145323 profile_poll polls=183104 elapsed_us=15 interval_us=48 chunks=0
t=12149725 profile_poll polls=183168 elapsed_us=14 interval_us=49 chunks=0
t=12152852 profile_poll polls=183232 elapsed_us=15 interval_us=48 chunks=0
t=12155974 profile_poll polls=183296 elapsed_us=14 interval_us=48 chunks=0
t=12159095 profile_poll polls=183360 elapsed_us=14 interval_us=48 chunks=0
t=12161906 transfer event=33216 count=70 submitted=9785304 tx_us=37 fast_bytes=70 slow_bytes=0 queries=2
t=12163285 profile_poll polls=183424 elapsed_us=14 interval_us=48 chunks=0
t=12167040 pipe_read event=599 count=16384 read_us=331 buffered=16384
t=12168166 profile_poll polls=183488 elapsed_us=15 interval_us=48 chunks=0
t=12172437 profile_poll polls=183552 elapsed_us=14 interval_us=48 chunks=0
t=12176801 profile_poll polls=183616 elapsed_us=14 interval_us=48 chunks=0
t=12181251 profile_poll polls=183680 elapsed_us=15 interval_us=48 chunks=0
t=12181971 pipe_read event=600 count=16384 read_us=331 buffered=16384
t=12185982 profile_poll polls=183744 elapsed_us=15 interval_us=48 chunks=0
t=12189939 profile_poll polls=183808 elapsed_us=15 interval_us=48 chunks=0
t=12193094 profile_poll polls=183872 elapsed_us=14 interval_us=48 chunks=0
t=12196214 profile_poll polls=183936 elapsed_us=15 interval_us=47 chunks=0
t=12199329 profile_poll polls=184000 elapsed_us=15 interval_us=48 chunks=0
t=12202444 profile_poll polls=184064 elapsed_us=15 interval_us=48 chunks=0
t=12205577 profile_poll polls=184128 elapsed_us=16 interval_us=50 chunks=0
t=12208695 profile_poll polls=184192 elapsed_us=14 interval_us=48 chunks=0
t=12210140 transfer event=33280 count=534 submitted=9812808 tx_us=134 fast_bytes=534 slow_bytes=0 queries=2
t=12212893 profile_poll polls=184256 elapsed_us=228 interval_us=48 chunks=2
t=12217066 profile_poll polls=184320 elapsed_us=15 interval_us=47 chunks=0
t=12220006 pipe_read event=601 count=16384 read_us=328 buffered=16384
t=12222003 profile_poll polls=184384 elapsed_us=15 interval_us=48 chunks=0
t=12226368 profile_poll polls=184448 elapsed_us=15 interval_us=48 chunks=0
t=12230853 profile_poll polls=184512 elapsed_us=15 interval_us=49 chunks=0
t=12234941 profile_poll polls=184576 elapsed_us=14 interval_us=48 chunks=0
t=12235961 pipe_read event=602 count=16384 read_us=326 buffered=16384
t=12237716 transfer event=33344 count=172 submitted=9840852 tx_us=59 fast_bytes=172 slow_bytes=0 queries=2
t=12239576 profile_poll polls=184640 elapsed_us=16 interval_us=50 chunks=0
t=12242893 transfer event=33408 count=124 submitted=9846836 tx_us=48 fast_bytes=124 slow_bytes=0 queries=2
t=12246012 transfer event=33472 count=122 submitted=9852448 tx_us=48 fast_bytes=122 slow_bytes=0 queries=2
t=12247616 pipe_read event=603 count=16384 read_us=378 buffered=16384
t=12250401 transfer event=33536 count=60 submitted=9862042 tx_us=35 fast_bytes=60 slow_bytes=0 queries=2
t=12254198 transfer event=33600 count=180 submitted=9870802 tx_us=61 fast_bytes=180 slow_bytes=0 queries=2
t=12254797 pipe_read event=604 count=16384 read_us=359 buffered=16384
t=12258812 transfer event=33664 count=84 submitted=9881508 tx_us=40 fast_bytes=84 slow_bytes=0 queries=2
t=12261648 pipe_read event=605 count=16384 read_us=342 buffered=16384
t=12263648 transfer event=33728 count=154 submitted=9893326 tx_us=55 fast_bytes=154 slow_bytes=0 queries=2
t=12266455 profile_poll polls=184704 elapsed_us=383 interval_us=432 chunks=8
t=12267695 transfer event=33792 count=124 submitted=9903164 tx_us=48 fast_bytes=124 slow_bytes=0 queries=2
t=12268428 pipe_read event=606 count=16384 read_us=320 buffered=16384
t=12272116 transfer event=33856 count=40 submitted=9913166 tx_us=31 fast_bytes=40 slow_bytes=0 queries=2
t=12275288 transfer event=33920 count=62 submitted=9918928 tx_us=36 fast_bytes=62 slow_bytes=0 queries=2
t=12276513 pipe_read event=607 count=16384 read_us=331 buffered=16384
t=12279033 transfer event=33984 count=50 submitted=9925692 tx_us=33 fast_bytes=50 slow_bytes=0 queries=2
t=12281766 profile_poll polls=184768 elapsed_us=15 interval_us=48 chunks=0
t=12284886 profile_poll polls=184832 elapsed_us=15 interval_us=48 chunks=0
t=12288008 profile_poll polls=184896 elapsed_us=14 interval_us=48 chunks=0
t=12291130 profile_poll polls=184960 elapsed_us=15 interval_us=47 chunks=0
t=12294734 profile_poll polls=185024 elapsed_us=15 interval_us=48 chunks=0
t=12299068 profile_poll polls=185088 elapsed_us=268 interval_us=48 chunks=2
t=12303155 pipe_read event=608 count=16384 read_us=334 buffered=16384
t=12303594 profile_poll polls=185152 elapsed_us=15 interval_us=52 chunks=0
t=12308158 profile_poll polls=185216 elapsed_us=14 interval_us=48 chunks=0
t=12310724 transfer event=34048 count=270 submitted=9945200 tx_us=79 fast_bytes=270 slow_bytes=0 queries=2
t=12312698 profile_poll polls=185280 elapsed_us=14 interval_us=48 chunks=0
t=12317030 profile_poll polls=185344 elapsed_us=15 interval_us=272 chunks=0
t=12318999 pipe_read event=609 count=16384 read_us=325 buffered=16384
t=12321561 profile_poll polls=185408 elapsed_us=15 interval_us=62 chunks=0
t=12324683 profile_poll polls=185472 elapsed_us=15 interval_us=47 chunks=0
t=12328548 profile_poll polls=185536 elapsed_us=15 interval_us=61 chunks=0
t=12332607 profile_poll polls=185600 elapsed_us=15 interval_us=49 chunks=0
t=12336925 profile_poll polls=185664 elapsed_us=15 interval_us=47 chunks=0
t=12340391 transfer event=34112 count=510 submitted=9969552 tx_us=130 fast_bytes=510 slow_bytes=0 queries=2
t=12340808 pipe_read event=610 count=16384 read_us=340 buffered=16384
t=12342100 profile_poll polls=185728 elapsed_us=14 interval_us=48 chunks=0
t=12346629 profile_poll polls=185792 elapsed_us=14 interval_us=49 chunks=0
t=12350616 profile_poll polls=185856 elapsed_us=15 interval_us=49 chunks=0
t=12355301 profile_poll polls=185920 elapsed_us=15 interval_us=622 chunks=0
t=12356801 pipe_read event=611 count=16384 read_us=362 buffered=16384
t=12360867 profile_poll polls=185984 elapsed_us=15 interval_us=47 chunks=0
t=12365472 profile_poll polls=186048 elapsed_us=14 interval_us=48 chunks=0
t=12366104 transfer event=34176 count=1020 submitted=9999874 tx_us=237 fast_bytes=1020 slow_bytes=0 queries=2
t=12368838 pipe_read event=612 count=16384 read_us=328 buffered=16384
t=12371276 profile_poll polls=186112 elapsed_us=15 interval_us=47 chunks=0
t=12377030 profile_poll polls=186176 elapsed_us=14 interval_us=48 chunks=0
t=12377995 pipe_read event=613 count=16384 read_us=324 buffered=16384
t=12383238 profile_poll polls=186240 elapsed_us=15 interval_us=48 chunks=0
t=12387910 profile_poll polls=186304 elapsed_us=14 interval_us=48 chunks=0
t=12388565 pipe_read event=614 count=16384 read_us=371 buffered=16384
t=12393074 profile_poll polls=186368 elapsed_us=14 interval_us=48 chunks=0
t=12396948 profile_poll polls=186432 elapsed_us=15 interval_us=47 chunks=0
t=12400066 profile_poll polls=186496 elapsed_us=15 interval_us=47 chunks=0
t=12403185 profile_poll polls=186560 elapsed_us=15 interval_us=47 chunks=0
t=12406305 profile_poll polls=186624 elapsed_us=15 interval_us=48 chunks=0
t=12409423 profile_poll polls=186688 elapsed_us=15 interval_us=48 chunks=0
t=12410345 transfer event=34240 count=536 submitted=10044902 tx_us=135 fast_bytes=536 slow_bytes=0 queries=2
t=12414110 profile_poll polls=186752 elapsed_us=15 interval_us=48 chunks=0
t=12417845 pipe_read event=615 count=16384 read_us=613 buffered=16384
t=12420999 profile_poll polls=186816 elapsed_us=334 interval_us=51 chunks=3
t=12427187 profile_poll polls=186880 elapsed_us=16 interval_us=70 chunks=0
t=12431862 profile_poll polls=186944 elapsed_us=15 interval_us=252 chunks=0
t=12432983 pipe_read event=616 count=16384 read_us=367 buffered=16384
t=12436454 profile_poll polls=187008 elapsed_us=15 interval_us=47 chunks=0
t=12436751 transfer event=34304 count=400 submitted=10071266 tx_us=107 fast_bytes=400 slow_bytes=0 queries=2
t=12439754 profile_poll polls=187072 elapsed_us=15 interval_us=48 chunks=0
t=12442876 profile_poll polls=187136 elapsed_us=14 interval_us=48 chunks=0
t=12446019 profile_poll polls=187200 elapsed_us=14 interval_us=48 chunks=0
t=12449139 profile_poll polls=187264 elapsed_us=15 interval_us=47 chunks=0
t=12452258 profile_poll polls=187328 elapsed_us=15 interval_us=47 chunks=0
t=12455379 profile_poll polls=187392 elapsed_us=15 interval_us=48 chunks=0
t=12458509 profile_poll polls=187456 elapsed_us=25 interval_us=48 chunks=0
t=12461627 profile_poll polls=187520 elapsed_us=15 interval_us=49 chunks=0
t=12464758 profile_poll polls=187584 elapsed_us=14 interval_us=48 chunks=0
t=12467880 profile_poll polls=187648 elapsed_us=14 interval_us=48 chunks=0
t=12471002 profile_poll polls=187712 elapsed_us=15 interval_us=47 chunks=0
t=12474121 profile_poll polls=187776 elapsed_us=15 interval_us=47 chunks=0
t=12477421 profile_poll polls=187840 elapsed_us=15 interval_us=48 chunks=0
t=12481811 profile_poll polls=187904 elapsed_us=14 interval_us=48 chunks=0
t=12486035 profile_poll polls=187968 elapsed_us=15 interval_us=267 chunks=0
t=12490159 pipe_read event=617 count=16384 read_us=348 buffered=16384
t=12491146 profile_poll polls=188032 elapsed_us=15 interval_us=47 chunks=0
t=12495577 profile_poll polls=188096 elapsed_us=14 interval_us=51 chunks=0
t=12499670 profile_poll polls=188160 elapsed_us=14 interval_us=48 chunks=0
t=12503582 transfer event=34368 count=512 submitted=10098062 tx_us=142 fast_bytes=512 slow_bytes=0 queries=2
t=12503923 profile_poll polls=188224 elapsed_us=15 interval_us=48 chunks=0
t=12506665 pipe_read event=618 count=16384 read_us=375 buffered=16384
t=12509387 profile_poll polls=188288 elapsed_us=15 interval_us=47 chunks=0
t=12514164 profile_poll polls=188352 elapsed_us=15 interval_us=48 chunks=0
t=12517959 pipe_read event=619 count=16384 read_us=346 buffered=16384
t=12519711 profile_poll polls=188416 elapsed_us=14 interval_us=48 chunks=0
t=12525415 profile_poll polls=188480 elapsed_us=693 interval_us=48 chunks=3
t=12527229 pipe_read event=620 count=16384 read_us=329 buffered=16384
t=12531575 transfer event=34432 count=1020 submitted=10141912 tx_us=247 fast_bytes=1020 slow_bytes=0 queries=2
t=12531964 profile_poll polls=188544 elapsed_us=15 interval_us=49 chunks=0
t=12536654 pipe_read event=621 count=16384 read_us=339 buffered=16384
t=12537403 profile_poll polls=188608 elapsed_us=15 interval_us=47 chunks=0
t=12542411 profile_poll polls=188672 elapsed_us=14 interval_us=48 chunks=0
t=12546986 profile_poll polls=188736 elapsed_us=14 interval_us=48 chunks=0
t=12550346 profile_poll polls=188800 elapsed_us=15 interval_us=48 chunks=0
t=12553465 profile_poll polls=188864 elapsed_us=15 interval_us=47 chunks=0
t=12556593 profile_poll polls=188928 elapsed_us=15 interval_us=49 chunks=0
t=12559709 profile_poll polls=188992 elapsed_us=15 interval_us=48 chunks=0
t=12562827 profile_poll polls=189056 elapsed_us=15 interval_us=48 chunks=0
t=12565943 profile_poll polls=189120 elapsed_us=14 interval_us=48 chunks=0
t=12569064 profile_poll polls=189184 elapsed_us=14 interval_us=48 chunks=0
t=12572194 profile_poll polls=189248 elapsed_us=15 interval_us=47 chunks=0
t=12575315 profile_poll polls=189312 elapsed_us=15 interval_us=48 chunks=0
t=12578989 pipe_read event=622 count=16384 read_us=331 buffered=16384
t=12579794 profile_poll polls=189376 elapsed_us=15 interval_us=293 chunks=0
t=12583868 profile_poll polls=189440 elapsed_us=15 interval_us=47 chunks=0
t=12588118 transfer event=34496 count=512 submitted=10175486 tx_us=130 fast_bytes=512 slow_bytes=0 queries=2
t=12588327 profile_poll polls=189504 elapsed_us=340 interval_us=48 chunks=2
t=12592796 profile_poll polls=189568 elapsed_us=15 interval_us=48 chunks=0
t=12594676 pipe_read event=623 count=16384 read_us=349 buffered=16384
t=12597993 profile_poll polls=189632 elapsed_us=256 interval_us=48 chunks=2
t=12601961 profile_poll polls=189696 elapsed_us=14 interval_us=48 chunks=0
t=12606016 profile_poll polls=189760 elapsed_us=15 interval_us=48 chunks=0
t=12609185 profile_poll polls=189824 elapsed_us=15 interval_us=48 chunks=0
t=12613259 profile_poll polls=189888 elapsed_us=15 interval_us=48 chunks=0
t=12616332 pipe_read event=624 count=16384 read_us=383 buffered=16384
t=12618135 profile_poll polls=189952 elapsed_us=15 interval_us=48 chunks=0
t=12619867 transfer event=34560 count=252 submitted=10202670 tx_us=75 fast_bytes=252 slow_bytes=0 queries=2
t=12622448 profile_poll polls=190016 elapsed_us=14 interval_us=48 chunks=0
t=12626906 profile_poll polls=190080 elapsed_us=15 interval_us=48 chunks=0
t=12630805 pipe_read event=625 count=16384 read_us=341 buffered=16384
t=12632101 profile_poll polls=190144 elapsed_us=15 interval_us=47 chunks=0
t=12636413 profile_poll polls=190208 elapsed_us=213 interval_us=47 chunks=3
t=12640582 profile_poll polls=190272 elapsed_us=14 interval_us=50 chunks=0
t=12645264 transfer event=34624 count=156 submitted=10231808 tx_us=55 fast_bytes=156 slow_bytes=0 queries=2
t=12645637 pipe_read event=626 count=16384 read_us=350 buffered=16384
t=12646270 profile_poll polls=190336 elapsed_us=15 interval_us=48 chunks=0
t=12651690 profile_poll polls=190400 elapsed_us=15 interval_us=47 chunks=0
t=12656356 profile_poll polls=190464 elapsed_us=14 interval_us=48 chunks=0
t=12657166 pipe_read event=627 count=16384 read_us=326 buffered=16384
t=12662615 profile_poll polls=190528 elapsed_us=15 interval_us=49 chunks=0
media_player_helper: video=10334393 bytes, pts=25, audio=0 frames/0 samples
t=12666662 pipe_read event=628 count=16384 read_us=421 buffered=16384
t=12669030 profile_poll polls=190592 elapsed_us=15 interval_us=48 chunks=0
t=12673263 transfer event=34688 count=988 submitted=10277710 tx_us=230 fast_bytes=988 slow_bytes=0 queries=2
t=12674054 profile_poll polls=190656 elapsed_us=15 interval_us=47 chunks=0
t=12676134 pipe_read event=629 count=16384 read_us=34 buffered=16384
t=12679100 profile_poll polls=190720 elapsed_us=15 interval_us=48 chunks=0
t=12683643 profile_poll polls=190784 elapsed_us=15 interval_us=48 chunks=0
t=12686765 profile_poll polls=190848 elapsed_us=15 interval_us=47 chunks=0
t=12689886 profile_poll polls=190912 elapsed_us=15 interval_us=47 chunks=0
t=12693003 profile_poll polls=190976 elapsed_us=15 interval_us=48 chunks=0
t=12697049 profile_poll polls=191040 elapsed_us=15 interval_us=47 chunks=0
t=12701036 pipe_read event=630 count=16384 read_us=32 buffered=16384
t=12701403 profile_poll polls=191104 elapsed_us=15 interval_us=47 chunks=0
t=12705575 profile_poll polls=191168 elapsed_us=15 interval_us=51 chunks=0
t=12710386 transfer event=34752 count=880 submitted=10308326 tx_us=207 fast_bytes=880 slow_bytes=0 queries=2
t=12710539 profile_poll polls=191232 elapsed_us=15 interval_us=63 chunks=0
t=12714959 profile_poll polls=191296 elapsed_us=15 interval_us=48 chunks=0
t=12715577 pipe_read event=631 count=16384 read_us=32 buffered=16384
t=12719110 profile_poll polls=191360 elapsed_us=14 interval_us=48 chunks=0
t=12722966 profile_poll polls=191424 elapsed_us=14 interval_us=48 chunks=0
t=12726088 profile_poll polls=191488 elapsed_us=15 interval_us=48 chunks=0
t=12729207 profile_poll polls=191552 elapsed_us=15 interval_us=48 chunks=0
t=12732327 profile_poll polls=191616 elapsed_us=15 interval_us=47 chunks=0
t=12735445 profile_poll polls=191680 elapsed_us=14 interval_us=48 chunks=0
t=12738573 profile_poll polls=191744 elapsed_us=14 interval_us=51 chunks=0
t=12741697 profile_poll polls=191808 elapsed_us=15 interval_us=48 chunks=0
t=12745266 profile_poll polls=191872 elapsed_us=14 interval_us=48 chunks=0
t=12749534 profile_poll polls=191936 elapsed_us=15 interval_us=59 chunks=0
t=12753534 profile_poll polls=192000 elapsed_us=15 interval_us=59 chunks=0
t=12755209 pipe_read event=632 count=4281 read_us=16 buffered=4281
t=12758101 profile_poll polls=192064 elapsed_us=15 interval_us=48 chunks=0
t=12758286 transfer event=34816 count=512 submitted=10333482 tx_us=130 fast_bytes=512 slow_bytes=0 queries=2
t=12758548 helper stdout eof
t=12758587 finish reason=eof fd=14 download=1 submitted=10334393 reads=632 would_block=187
t=12758647 download released
t=12758725 child wait=2762 status=0x0 wait_errno=0 exited=1 exit_code=0 signaled=0 signal=0
t=12758744 transfer complete submitted=10334393 reads=632
t=12758756 profile_poll polls=192065 elapsed_us=601 interval_us=68 chunks=3
t=12758767 profile_summary polls=192065 poll_us=6151896 poll_max_us=7667 data_polls=9981 data_poll_us=3435062 intervals=192064 interval_us=12755897 interval_max_us=20717 read_calls=820 read_us=207374 tx_calls=34818 tx_us=5100884 tx_max_us=625 ack_chunks=544 fast_bytes=10334393 slow_bytes=0 burst_calls=34818 status_queries=259484 transport_mode=2
