----------------
; Command Info ;
----------------
Report Timing: Found 15 setup paths (1 violated).  Worst case slack is -0.002 

Tcl Command:
    report_timing -setup -file /home/vash/mister-builds/entry675/results/setup_paths.rpt -npaths 15 -detail full_path

Options:
    -setup 
    -npaths 15 
    -detail full_path 
    -file {/home/vash/mister-builds/entry675/results/setup_paths.rpt} 

Delay Model:
    Slow 1100mV 100C Model

+----------------------------------------------------------------------------------------------------------------------------------------------------------------------------------------------------------------------------------------------------------------------------------------------------------------------------------------------------+
; Summary of Paths                                                                                                                                                                                                                                                                                                                                   ;
+--------+------------------------------------------------------------------------------------+-------------------------------------+-----------------------------------------------------------------------------------+-----------------------------------------------------------------------------------+--------------+------------+------------+
; Slack  ; From Node                                                                          ; To Node                             ; Launch Clock                                                                      ; Latch Clock                                                                       ; Relationship ; Clock Skew ; Data Delay ;
+--------+------------------------------------------------------------------------------------+-------------------------------------+-----------------------------------------------------------------------------------+-----------------------------------------------------------------------------------+--------------+------------+------------+
; -0.002 ; ascal:ascal|altsyncram:o_dpram_rtl_0|altsyncram_32k1:auto_generated|ram_block1a121 ; ascal:ascal|o_hpixs.g[1]            ; pll_hdmi|pll_hdmi_inst|altera_pll_i|cyclonev_pll|counter[0].output_counter|divclk ; pll_hdmi|pll_hdmi_inst|altera_pll_i|cyclonev_pll|counter[0].output_counter|divclk ; 6.732        ; -0.586     ; 5.948      ;
; 0.003  ; ascal:ascal|altsyncram:o_dpram_rtl_0|altsyncram_32k1:auto_generated|ram_block1a121 ; ascal:ascal|o_hpixs.g[0]            ; pll_hdmi|pll_hdmi_inst|altera_pll_i|cyclonev_pll|counter[0].output_counter|divclk ; pll_hdmi|pll_hdmi_inst|altera_pll_i|cyclonev_pll|counter[0].output_counter|divclk ; 6.732        ; -0.582     ; 5.947      ;
; 0.015  ; ascal:ascal|altsyncram:o_dpram_rtl_0|altsyncram_32k1:auto_generated|ram_block1a3   ; ascal:ascal|o_shift[124]            ; pll_hdmi|pll_hdmi_inst|altera_pll_i|cyclonev_pll|counter[0].output_counter|divclk ; pll_hdmi|pll_hdmi_inst|altera_pll_i|cyclonev_pll|counter[0].output_counter|divclk ; 6.732        ; -0.229     ; 6.288      ;
; 0.146  ; ascal:ascal|o_vacpt[4]                                                             ; ascal:ascal|o_adrs_pre[0]_OTERM5    ; pll_hdmi|pll_hdmi_inst|altera_pll_i|cyclonev_pll|counter[0].output_counter|divclk ; pll_hdmi|pll_hdmi_inst|altera_pll_i|cyclonev_pll|counter[0].output_counter|divclk ; 6.732        ; 0.186      ; 6.572      ;
; 0.146  ; ascal:ascal|o_vacpt[4]                                                             ; ascal:ascal|o_adrs_pre[1]_OTERM15   ; pll_hdmi|pll_hdmi_inst|altera_pll_i|cyclonev_pll|counter[0].output_counter|divclk ; pll_hdmi|pll_hdmi_inst|altera_pll_i|cyclonev_pll|counter[0].output_counter|divclk ; 6.732        ; 0.186      ; 6.572      ;
; 0.146  ; ascal:ascal|o_vacpt[4]                                                             ; ascal:ascal|o_adrs_pre[2]_OTERM21   ; pll_hdmi|pll_hdmi_inst|altera_pll_i|cyclonev_pll|counter[0].output_counter|divclk ; pll_hdmi|pll_hdmi_inst|altera_pll_i|cyclonev_pll|counter[0].output_counter|divclk ; 6.732        ; 0.186      ; 6.572      ;
; 0.146  ; ascal:ascal|o_vacpt[4]                                                             ; ascal:ascal|o_adrs_pre[3]_OTERM27   ; pll_hdmi|pll_hdmi_inst|altera_pll_i|cyclonev_pll|counter[0].output_counter|divclk ; pll_hdmi|pll_hdmi_inst|altera_pll_i|cyclonev_pll|counter[0].output_counter|divclk ; 6.732        ; 0.186      ; 6.572      ;
; 0.146  ; ascal:ascal|o_vacpt[4]                                                             ; ascal:ascal|o_adrs_pre[4]_OTERM51   ; pll_hdmi|pll_hdmi_inst|altera_pll_i|cyclonev_pll|counter[0].output_counter|divclk ; pll_hdmi|pll_hdmi_inst|altera_pll_i|cyclonev_pll|counter[0].output_counter|divclk ; 6.732        ; 0.186      ; 6.572      ;
; 0.146  ; ascal:ascal|o_vacpt[4]                                                             ; ascal:ascal|o_adrs_pre[5]_OTERM45   ; pll_hdmi|pll_hdmi_inst|altera_pll_i|cyclonev_pll|counter[0].output_counter|divclk ; pll_hdmi|pll_hdmi_inst|altera_pll_i|cyclonev_pll|counter[0].output_counter|divclk ; 6.732        ; 0.186      ; 6.572      ;
; 0.146  ; ascal:ascal|o_vacpt[4]                                                             ; ascal:ascal|o_adrs_pre[6]_OTERM39   ; pll_hdmi|pll_hdmi_inst|altera_pll_i|cyclonev_pll|counter[0].output_counter|divclk ; pll_hdmi|pll_hdmi_inst|altera_pll_i|cyclonev_pll|counter[0].output_counter|divclk ; 6.732        ; 0.186      ; 6.572      ;
; 0.146  ; ascal:ascal|o_vacpt[4]                                                             ; ascal:ascal|o_adrs_pre[7]_OTERM33   ; pll_hdmi|pll_hdmi_inst|altera_pll_i|cyclonev_pll|counter[0].output_counter|divclk ; pll_hdmi|pll_hdmi_inst|altera_pll_i|cyclonev_pll|counter[0].output_counter|divclk ; 6.732        ; 0.186      ; 6.572      ;
; 0.146  ; ascal:ascal|o_vacpt[4]                                                             ; ascal:ascal|o_adrs_pre[8]_OTERM189  ; pll_hdmi|pll_hdmi_inst|altera_pll_i|cyclonev_pll|counter[0].output_counter|divclk ; pll_hdmi|pll_hdmi_inst|altera_pll_i|cyclonev_pll|counter[0].output_counter|divclk ; 6.732        ; 0.186      ; 6.572      ;
; 0.146  ; ascal:ascal|o_vacpt[4]                                                             ; ascal:ascal|o_adrs_pre[9]_OTERM183  ; pll_hdmi|pll_hdmi_inst|altera_pll_i|cyclonev_pll|counter[0].output_counter|divclk ; pll_hdmi|pll_hdmi_inst|altera_pll_i|cyclonev_pll|counter[0].output_counter|divclk ; 6.732        ; 0.186      ; 6.572      ;
; 0.146  ; ascal:ascal|o_vacpt[4]                                                             ; ascal:ascal|o_adrs_pre[10]_OTERM177 ; pll_hdmi|pll_hdmi_inst|altera_pll_i|cyclonev_pll|counter[0].output_counter|divclk ; pll_hdmi|pll_hdmi_inst|altera_pll_i|cyclonev_pll|counter[0].output_counter|divclk ; 6.732        ; 0.186      ; 6.572      ;
; 0.146  ; ascal:ascal|o_vacpt[4]                                                             ; ascal:ascal|o_adrs_pre[11]_OTERM171 ; pll_hdmi|pll_hdmi_inst|altera_pll_i|cyclonev_pll|counter[0].output_counter|divclk ; pll_hdmi|pll_hdmi_inst|altera_pll_i|cyclonev_pll|counter[0].output_counter|divclk ; 6.732        ; 0.186      ; 6.572      ;
+--------+------------------------------------------------------------------------------------+-------------------------------------+-----------------------------------------------------------------------------------+-----------------------------------------------------------------------------------+--------------+------------+------------+

Path #1: Setup slack is -0.002 (VIOLATED)
===============================================================================
+---------------------------------------------------------------------------------------------------------+
; Path Summary                                                                                            ;
+--------------------+------------------------------------------------------------------------------------+
; Property           ; Value                                                                              ;
+--------------------+------------------------------------------------------------------------------------+
; From Node          ; ascal:ascal|altsyncram:o_dpram_rtl_0|altsyncram_32k1:auto_generated|ram_block1a121 ;
; To Node            ; ascal:ascal|o_hpixs.g[1]                                                           ;
; Launch Clock       ; pll_hdmi|pll_hdmi_inst|altera_pll_i|cyclonev_pll|counter[0].output_counter|divclk  ;
; Latch Clock        ; pll_hdmi|pll_hdmi_inst|altera_pll_i|cyclonev_pll|counter[0].output_counter|divclk  ;
; Data Arrival Time  ; 14.783                                                                             ;
; Data Required Time ; 14.781                                                                             ;
; Slack              ; -0.002 (VIOLATED)                                                                  ;
+--------------------+------------------------------------------------------------------------------------+

+--------------------------------------------------------------------------------------+
; Statistics                                                                           ;
+------------------------+--------+-------+-------------+------------+--------+--------+
; Property               ; Value  ; Count ; Total Delay ; % of Total ; Min    ; Max    ;
+------------------------+--------+-------+-------------+------------+--------+--------+
; Setup Relationship     ; 6.732  ;       ;             ;            ;        ;        ;
; Clock Skew             ; -0.586 ;       ;             ;            ;        ;        ;
; Data Delay             ; 5.948  ;       ;             ;            ;        ;        ;
; Number of Logic Levels ;        ; 3     ;             ;            ;        ;        ;
; Physical Delays        ;        ;       ;             ;            ;        ;        ;
;  Arrival Path          ;        ;       ;             ;            ;        ;        ;
;   Clock                ;        ;       ;             ;            ;        ;        ;
;    IC                  ;        ; 6     ; 4.850       ; 55         ; 0.000  ; 2.383  ;
;    Cell                ;        ; 6     ; 3.985       ; 45         ; 0.185  ; 1.745  ;
;   Data                 ;        ;       ;             ;            ;        ;        ;
;    IC                  ;        ; 4     ; 4.544       ; 76         ; 0.000  ; 2.914  ;
;    Cell                ;        ; 5     ; 1.404       ; 24         ; 0.049  ; 0.535  ;
;    uTco                ;        ; 1     ; 0.000       ; 0          ; 0.000  ; 0.000  ;
;  Required Path         ;        ;       ;             ;            ;        ;        ;
;   Clock                ;        ;       ;             ;            ;        ;        ;
;    IC                  ;        ; 6     ; 4.136       ; 56         ; 0.000  ; 1.970  ;
;    Cell                ;        ; 5     ; 3.298       ; 44         ; 0.279  ; 1.466  ;
;    PLL Compensation    ;        ; 1     ; -0.151      ; 0          ; -0.151 ; -0.151 ;
+------------------------+--------+-------+-------------+------------+--------+--------+
Note: Negative delays are omitted from totals when calculating percentages

+------------------------------------------------------------------------------------------------------------------------------------------------------------+
; Data Arrival Path                                                                                                                                          ;
+----------+---------+----+------+--------+---------------------------+--------------------------------------------------------------------------------------+
; Total    ; Incr    ; RF ; Type ; Fanout ; Location                  ; Element                                                                              ;
+----------+---------+----+------+--------+---------------------------+--------------------------------------------------------------------------------------+
; 0.000    ; 0.000   ;    ;      ;        ;                           ; launch edge time                                                                     ;
; 8.835    ; 8.835   ;    ;      ;        ;                           ; clock path                                                                           ;
;   0.000  ;   0.000 ;    ;      ;        ;                           ; source latency                                                                       ;
;   0.000  ;   0.000 ;    ;      ; 1      ; PIN_V11                   ; FPGA_CLK1_50                                                                         ;
;   0.000  ;   0.000 ; RR ; IC   ; 1      ; IOIBUF_X32_Y0_N1          ; FPGA_CLK1_50~input|i                                                                 ;
;   0.761  ;   0.761 ; RR ; CELL ; 2      ; IOIBUF_X32_Y0_N1          ; FPGA_CLK1_50~input|o                                                                 ;
;   2.086  ;   1.325 ; RR ; IC   ; 1      ; PLLREFCLKSELECT_X0_Y7_N0  ; pll_hdmi|pll_hdmi_inst|altera_pll_i|cyclonev_pll|fpll_0|REFCLK_SELECT|clkin[0]       ;
;   2.419  ;   0.333 ; RR ; CELL ; 1      ; PLLREFCLKSELECT_X0_Y7_N0  ; pll_hdmi|pll_hdmi_inst|altera_pll_i|cyclonev_pll|fpll_0|REFCLK_SELECT|clkout         ;
;   2.419  ;   0.000 ; RR ; IC   ; 10     ; FRACTIONALPLL_X0_Y1_N0    ; pll_hdmi|pll_hdmi_inst|altera_pll_i|cyclonev_pll|fpll_0|fpll|refclkin                ;
;   2.604  ;   0.185 ; RR ; CELL ; 1      ; FRACTIONALPLL_X0_Y1_N0    ; pll_hdmi|pll_hdmi_inst|altera_pll_i|cyclonev_pll|fpll_0|fpll|vcoph[0]                ;
;   2.604  ;   0.000 ; RR ; IC   ; 1      ; PLLOUTPUTCOUNTER_X0_Y5_N1 ; pll_hdmi|pll_hdmi_inst|altera_pll_i|cyclonev_pll|counter[0].output_counter|vco0ph[0] ;
;   4.349  ;   1.745 ; RR ; CELL ; 3      ; PLLOUTPUTCOUNTER_X0_Y5_N1 ; pll_hdmi|pll_hdmi_inst|altera_pll_i|cyclonev_pll|counter[0].output_counter|divclk    ;
;   5.491  ;   1.142 ; RR ; IC   ; 1      ; CLKCTRL_G4                ; pll_hdmi|pll_hdmi_inst|altera_pll_i|cyclonev_pll|divclk[0]~CLKENA0|inclk             ;
;   5.795  ;   0.304 ; RR ; CELL ; 3657   ; CLKCTRL_G4                ; pll_hdmi|pll_hdmi_inst|altera_pll_i|cyclonev_pll|divclk[0]~CLKENA0|outclk            ;
;   8.178  ;   2.383 ; RR ; IC   ; 51     ; M10K_X49_Y62_N0           ; ascal|o_dpram_rtl_0|auto_generated|ram_block1a88|clk1                                ;
;   8.835  ;   0.657 ; RR ; CELL ; 1      ; M10K_X49_Y62_N0           ; ascal:ascal|altsyncram:o_dpram_rtl_0|altsyncram_32k1:auto_generated|ram_block1a121   ;
; 14.783   ; 5.948   ;    ;      ;        ;                           ; data path                                                                            ;
;   8.835  ;   0.000 ;    ; uTco ; 1      ; M10K_X49_Y62_N0           ; ascal:ascal|altsyncram:o_dpram_rtl_0|altsyncram_32k1:auto_generated|ram_block1a121   ;
;   8.884  ;   0.049 ; FF ; CELL ; 3      ; M10K_X49_Y62_N0           ; ascal|o_dpram_rtl_0|auto_generated|ram_block1a88|portbdataout[33]                    ;
;   11.798 ;   2.914 ; FF ; IC   ; 1      ; LABCELL_X48_Y61_N54       ; ascal|Mux312~0|dataf                                                                 ;
;   11.879 ;   0.081 ; FF ; CELL ; 1      ; LABCELL_X48_Y61_N54       ; ascal|Mux312~0|combout                                                               ;
;   12.209 ;   0.330 ; FF ; IC   ; 1      ; MLABCELL_X47_Y61_N39      ; ascal|Mux312~1|datab                                                                 ;
;   12.744 ;   0.535 ; FF ; CELL ; 6      ; MLABCELL_X47_Y61_N39      ; ascal|Mux312~1|combout                                                               ;
;   14.044 ;   1.300 ; FF ; IC   ; 1      ; LABCELL_X48_Y57_N6        ; ascal|Mux448~0|datac                                                                 ;
;   14.521 ;   0.477 ; FF ; CELL ; 1      ; LABCELL_X48_Y57_N6        ; ascal|Mux448~0|combout                                                               ;
;   14.521 ;   0.000 ; FF ; IC   ; 1      ; FF_X48_Y57_N8             ; ascal|o_hpixs.g[1]|d                                                                 ;
;   14.783 ;   0.262 ; FF ; CELL ; 1      ; FF_X48_Y57_N8             ; ascal:ascal|o_hpixs.g[1]                                                             ;
+----------+---------+----+------+--------+---------------------------+--------------------------------------------------------------------------------------+

+-------------------------------------------------------------------------------------------------------------------------------------------------------------+
; Data Required Path                                                                                                                                          ;
+----------+----------+----+------+--------+---------------------------+--------------------------------------------------------------------------------------+
; Total    ; Incr     ; RF ; Type ; Fanout ; Location                  ; Element                                                                              ;
+----------+----------+----+------+--------+---------------------------+--------------------------------------------------------------------------------------+
; 6.732    ; 6.732    ;    ;      ;        ;                           ; latch edge time                                                                      ;
; 14.981   ; 8.249    ;    ;      ;        ;                           ; clock path                                                                           ;
;   6.732  ;   0.000  ;    ;      ;        ;                           ; source latency                                                                       ;
;   6.732  ;   0.000  ;    ;      ; 1      ; PIN_V11                   ; FPGA_CLK1_50                                                                         ;
;   6.732  ;   0.000  ; RR ; IC   ; 1      ; IOIBUF_X32_Y0_N1          ; FPGA_CLK1_50~input|i                                                                 ;
;   7.493  ;   0.761  ; RR ; CELL ; 2      ; IOIBUF_X32_Y0_N1          ; FPGA_CLK1_50~input|o                                                                 ;
;   8.654  ;   1.161  ; RR ; IC   ; 1      ; PLLREFCLKSELECT_X0_Y7_N0  ; pll_hdmi|pll_hdmi_inst|altera_pll_i|cyclonev_pll|fpll_0|REFCLK_SELECT|clkin[0]       ;
;   8.962  ;   0.308  ; RR ; CELL ; 1      ; PLLREFCLKSELECT_X0_Y7_N0  ; pll_hdmi|pll_hdmi_inst|altera_pll_i|cyclonev_pll|fpll_0|REFCLK_SELECT|clkout         ;
;   8.962  ;   0.000  ; RR ; IC   ; 10     ; FRACTIONALPLL_X0_Y1_N0    ; pll_hdmi|pll_hdmi_inst|altera_pll_i|cyclonev_pll|fpll_0|fpll|refclkin                ;
;   8.811  ;   -0.151 ; RR ; COMP ; 1      ; FRACTIONALPLL_X0_Y1_N0    ; pll_hdmi|pll_hdmi_inst|altera_pll_i|cyclonev_pll|fpll_0|fpll|vcoph[0]                ;
;   8.811  ;   0.000  ; RR ; IC   ; 1      ; PLLOUTPUTCOUNTER_X0_Y5_N1 ; pll_hdmi|pll_hdmi_inst|altera_pll_i|cyclonev_pll|counter[0].output_counter|vco0ph[0] ;
;   10.277 ;   1.466  ; RR ; CELL ; 3      ; PLLOUTPUTCOUNTER_X0_Y5_N1 ; pll_hdmi|pll_hdmi_inst|altera_pll_i|cyclonev_pll|counter[0].output_counter|divclk    ;
;   11.282 ;   1.005  ; RR ; IC   ; 1      ; CLKCTRL_G4                ; pll_hdmi|pll_hdmi_inst|altera_pll_i|cyclonev_pll|divclk[0]~CLKENA0|inclk             ;
;   11.561 ;   0.279  ; RR ; CELL ; 3657   ; CLKCTRL_G4                ; pll_hdmi|pll_hdmi_inst|altera_pll_i|cyclonev_pll|divclk[0]~CLKENA0|outclk            ;
;   13.531 ;   1.970  ; RR ; IC   ; 1      ; FF_X48_Y57_N8             ; ascal|o_hpixs.g[1]|clk                                                               ;
;   14.015 ;   0.484  ; RR ; CELL ; 1      ; FF_X48_Y57_N8             ; ascal:ascal|o_hpixs.g[1]                                                             ;
;   14.981 ;   0.966  ;    ;      ;        ;                           ; clock pessimism removed                                                              ;
; 14.781   ; -0.200   ;    ;      ;        ;                           ; clock uncertainty                                                                    ;
; 14.781   ; 0.000    ;    ; uTsu ; 1      ; FF_X48_Y57_N8             ; ascal:ascal|o_hpixs.g[1]                                                             ;
+----------+----------+----+------+--------+---------------------------+--------------------------------------------------------------------------------------+

----------------------------
; Extra Fitter Information ;
----------------------------
HTML report is unavailable in plain text report export.


Path #2: Setup slack is 0.003 
===============================================================================
+---------------------------------------------------------------------------------------------------------+
; Path Summary                                                                                            ;
+--------------------+------------------------------------------------------------------------------------+
; Property           ; Value                                                                              ;
+--------------------+------------------------------------------------------------------------------------+
; From Node          ; ascal:ascal|altsyncram:o_dpram_rtl_0|altsyncram_32k1:auto_generated|ram_block1a121 ;
; To Node            ; ascal:ascal|o_hpixs.g[0]                                                           ;
; Launch Clock       ; pll_hdmi|pll_hdmi_inst|altera_pll_i|cyclonev_pll|counter[0].output_counter|divclk  ;
; Latch Clock        ; pll_hdmi|pll_hdmi_inst|altera_pll_i|cyclonev_pll|counter[0].output_counter|divclk  ;
; Data Arrival Time  ; 14.782                                                                             ;
; Data Required Time ; 14.785                                                                             ;
; Slack              ; 0.003                                                                              ;
+--------------------+------------------------------------------------------------------------------------+

+--------------------------------------------------------------------------------------+
; Statistics                                                                           ;
+------------------------+--------+-------+-------------+------------+--------+--------+
; Property               ; Value  ; Count ; Total Delay ; % of Total ; Min    ; Max    ;
+------------------------+--------+-------+-------------+------------+--------+--------+
; Setup Relationship     ; 6.732  ;       ;             ;            ;        ;        ;
; Clock Skew             ; -0.582 ;       ;             ;            ;        ;        ;
; Data Delay             ; 5.947  ;       ;             ;            ;        ;        ;
; Number of Logic Levels ;        ; 3     ;             ;            ;        ;        ;
; Physical Delays        ;        ;       ;             ;            ;        ;        ;
;  Arrival Path          ;        ;       ;             ;            ;        ;        ;
;   Clock                ;        ;       ;             ;            ;        ;        ;
;    IC                  ;        ; 6     ; 4.850       ; 55         ; 0.000  ; 2.383  ;
;    Cell                ;        ; 6     ; 3.985       ; 45         ; 0.185  ; 1.745  ;
;   Data                 ;        ;       ;             ;            ;        ;        ;
;    IC                  ;        ; 4     ; 4.545       ; 76         ; 0.000  ; 2.914  ;
;    Cell                ;        ; 5     ; 1.402       ; 24         ; 0.049  ; 0.535  ;
;    uTco                ;        ; 1     ; 0.000       ; 0          ; 0.000  ; 0.000  ;
;  Required Path         ;        ;       ;             ;            ;        ;        ;
;   Clock                ;        ;       ;             ;            ;        ;        ;
;    IC                  ;        ; 6     ; 4.136       ; 56         ; 0.000  ; 1.970  ;
;    Cell                ;        ; 5     ; 3.302       ; 44         ; 0.279  ; 1.466  ;
;    PLL Compensation    ;        ; 1     ; -0.151      ; 0          ; -0.151 ; -0.151 ;
+------------------------+--------+-------+-------------+------------+--------+--------+
Note: Negative delays are omitted from totals when calculating percentages

+------------------------------------------------------------------------------------------------------------------------------------------------------------+
; Data Arrival Path                                                                                                                                          ;
+----------+---------+----+------+--------+---------------------------+--------------------------------------------------------------------------------------+
; Total    ; Incr    ; RF ; Type ; Fanout ; Location                  ; Element                                                                              ;
+----------+---------+----+------+--------+---------------------------+--------------------------------------------------------------------------------------+
; 0.000    ; 0.000   ;    ;      ;        ;                           ; launch edge time                                                                     ;
; 8.835    ; 8.835   ;    ;      ;        ;                           ; clock path                                                                           ;
;   0.000  ;   0.000 ;    ;      ;        ;                           ; source latency                                                                       ;
;   0.000  ;   0.000 ;    ;      ; 1      ; PIN_V11                   ; FPGA_CLK1_50                                                                         ;
;   0.000  ;   0.000 ; RR ; IC   ; 1      ; IOIBUF_X32_Y0_N1          ; FPGA_CLK1_50~input|i                                                                 ;
;   0.761  ;   0.761 ; RR ; CELL ; 2      ; IOIBUF_X32_Y0_N1          ; FPGA_CLK1_50~input|o                                                                 ;
;   2.086  ;   1.325 ; RR ; IC   ; 1      ; PLLREFCLKSELECT_X0_Y7_N0  ; pll_hdmi|pll_hdmi_inst|altera_pll_i|cyclonev_pll|fpll_0|REFCLK_SELECT|clkin[0]       ;
;   2.419  ;   0.333 ; RR ; CELL ; 1      ; PLLREFCLKSELECT_X0_Y7_N0  ; pll_hdmi|pll_hdmi_inst|altera_pll_i|cyclonev_pll|fpll_0|REFCLK_SELECT|clkout         ;
;   2.419  ;   0.000 ; RR ; IC   ; 10     ; FRACTIONALPLL_X0_Y1_N0    ; pll_hdmi|pll_hdmi_inst|altera_pll_i|cyclonev_pll|fpll_0|fpll|refclkin                ;
;   2.604  ;   0.185 ; RR ; CELL ; 1      ; FRACTIONALPLL_X0_Y1_N0    ; pll_hdmi|pll_hdmi_inst|altera_pll_i|cyclonev_pll|fpll_0|fpll|vcoph[0]                ;
;   2.604  ;   0.000 ; RR ; IC   ; 1      ; PLLOUTPUTCOUNTER_X0_Y5_N1 ; pll_hdmi|pll_hdmi_inst|altera_pll_i|cyclonev_pll|counter[0].output_counter|vco0ph[0] ;
;   4.349  ;   1.745 ; RR ; CELL ; 3      ; PLLOUTPUTCOUNTER_X0_Y5_N1 ; pll_hdmi|pll_hdmi_inst|altera_pll_i|cyclonev_pll|counter[0].output_counter|divclk    ;
;   5.491  ;   1.142 ; RR ; IC   ; 1      ; CLKCTRL_G4                ; pll_hdmi|pll_hdmi_inst|altera_pll_i|cyclonev_pll|divclk[0]~CLKENA0|inclk             ;
;   5.795  ;   0.304 ; RR ; CELL ; 3657   ; CLKCTRL_G4                ; pll_hdmi|pll_hdmi_inst|altera_pll_i|cyclonev_pll|divclk[0]~CLKENA0|outclk            ;
;   8.178  ;   2.383 ; RR ; IC   ; 51     ; M10K_X49_Y62_N0           ; ascal|o_dpram_rtl_0|auto_generated|ram_block1a88|clk1                                ;
;   8.835  ;   0.657 ; RR ; CELL ; 1      ; M10K_X49_Y62_N0           ; ascal:ascal|altsyncram:o_dpram_rtl_0|altsyncram_32k1:auto_generated|ram_block1a121   ;
; 14.782   ; 5.947   ;    ;      ;        ;                           ; data path                                                                            ;
;   8.835  ;   0.000 ;    ; uTco ; 1      ; M10K_X49_Y62_N0           ; ascal:ascal|altsyncram:o_dpram_rtl_0|altsyncram_32k1:auto_generated|ram_block1a121   ;
;   8.884  ;   0.049 ; FF ; CELL ; 3      ; M10K_X49_Y62_N0           ; ascal|o_dpram_rtl_0|auto_generated|ram_block1a88|portbdataout[33]                    ;
;   11.798 ;   2.914 ; FF ; IC   ; 1      ; LABCELL_X48_Y61_N54       ; ascal|Mux312~0|dataf                                                                 ;
;   11.879 ;   0.081 ; FF ; CELL ; 1      ; LABCELL_X48_Y61_N54       ; ascal|Mux312~0|combout                                                               ;
;   12.209 ;   0.330 ; FF ; IC   ; 1      ; MLABCELL_X47_Y61_N39      ; ascal|Mux312~1|datab                                                                 ;
;   12.744 ;   0.535 ; FF ; CELL ; 6      ; MLABCELL_X47_Y61_N39      ; ascal|Mux312~1|combout                                                               ;
;   14.045 ;   1.301 ; FF ; IC   ; 1      ; LABCELL_X48_Y57_N0        ; ascal|Mux449~0|datac                                                                 ;
;   14.522 ;   0.477 ; FF ; CELL ; 1      ; LABCELL_X48_Y57_N0        ; ascal|Mux449~0|combout                                                               ;
;   14.522 ;   0.000 ; FF ; IC   ; 1      ; FF_X48_Y57_N1             ; ascal|o_hpixs.g[0]|d                                                                 ;
;   14.782 ;   0.260 ; FF ; CELL ; 1      ; FF_X48_Y57_N1             ; ascal:ascal|o_hpixs.g[0]                                                             ;
+----------+---------+----+------+--------+---------------------------+--------------------------------------------------------------------------------------+

+-------------------------------------------------------------------------------------------------------------------------------------------------------------+
; Data Required Path                                                                                                                                          ;
+----------+----------+----+------+--------+---------------------------+--------------------------------------------------------------------------------------+
; Total    ; Incr     ; RF ; Type ; Fanout ; Location                  ; Element                                                                              ;
+----------+----------+----+------+--------+---------------------------+--------------------------------------------------------------------------------------+
; 6.732    ; 6.732    ;    ;      ;        ;                           ; latch edge time                                                                      ;
; 14.985   ; 8.253    ;    ;      ;        ;                           ; clock path                                                                           ;
;   6.732  ;   0.000  ;    ;      ;        ;                           ; source latency                                                                       ;
;   6.732  ;   0.000  ;    ;      ; 1      ; PIN_V11                   ; FPGA_CLK1_50                                                                         ;
;   6.732  ;   0.000  ; RR ; IC   ; 1      ; IOIBUF_X32_Y0_N1          ; FPGA_CLK1_50~input|i                                                                 ;
;   7.493  ;   0.761  ; RR ; CELL ; 2      ; IOIBUF_X32_Y0_N1          ; FPGA_CLK1_50~input|o                                                                 ;
;   8.654  ;   1.161  ; RR ; IC   ; 1      ; PLLREFCLKSELECT_X0_Y7_N0  ; pll_hdmi|pll_hdmi_inst|altera_pll_i|cyclonev_pll|fpll_0|REFCLK_SELECT|clkin[0]       ;
;   8.962  ;   0.308  ; RR ; CELL ; 1      ; PLLREFCLKSELECT_X0_Y7_N0  ; pll_hdmi|pll_hdmi_inst|altera_pll_i|cyclonev_pll|fpll_0|REFCLK_SELECT|clkout         ;
;   8.962  ;   0.000  ; RR ; IC   ; 10     ; FRACTIONALPLL_X0_Y1_N0    ; pll_hdmi|pll_hdmi_inst|altera_pll_i|cyclonev_pll|fpll_0|fpll|refclkin                ;
;   8.811  ;   -0.151 ; RR ; COMP ; 1      ; FRACTIONALPLL_X0_Y1_N0    ; pll_hdmi|pll_hdmi_inst|altera_pll_i|cyclonev_pll|fpll_0|fpll|vcoph[0]                ;
;   8.811  ;   0.000  ; RR ; IC   ; 1      ; PLLOUTPUTCOUNTER_X0_Y5_N1 ; pll_hdmi|pll_hdmi_inst|altera_pll_i|cyclonev_pll|counter[0].output_counter|vco0ph[0] ;
;   10.277 ;   1.466  ; RR ; CELL ; 3      ; PLLOUTPUTCOUNTER_X0_Y5_N1 ; pll_hdmi|pll_hdmi_inst|altera_pll_i|cyclonev_pll|counter[0].output_counter|divclk    ;
;   11.282 ;   1.005  ; RR ; IC   ; 1      ; CLKCTRL_G4                ; pll_hdmi|pll_hdmi_inst|altera_pll_i|cyclonev_pll|divclk[0]~CLKENA0|inclk             ;
;   11.561 ;   0.279  ; RR ; CELL ; 3657   ; CLKCTRL_G4                ; pll_hdmi|pll_hdmi_inst|altera_pll_i|cyclonev_pll|divclk[0]~CLKENA0|outclk            ;
;   13.531 ;   1.970  ; RR ; IC   ; 1      ; FF_X48_Y57_N1             ; ascal|o_hpixs.g[0]|clk                                                               ;
;   14.019 ;   0.488  ; RR ; CELL ; 1      ; FF_X48_Y57_N1             ; ascal:ascal|o_hpixs.g[0]                                                             ;
;   14.985 ;   0.966  ;    ;      ;        ;                           ; clock pessimism removed                                                              ;
; 14.785   ; -0.200   ;    ;      ;        ;                           ; clock uncertainty                                                                    ;
; 14.785   ; 0.000    ;    ; uTsu ; 1      ; FF_X48_Y57_N1             ; ascal:ascal|o_hpixs.g[0]                                                             ;
+----------+----------+----+------+--------+---------------------------+--------------------------------------------------------------------------------------+

----------------------------
; Extra Fitter Information ;
----------------------------
HTML report is unavailable in plain text report export.


Path #3: Setup slack is 0.015 
===============================================================================
+--------------------------------------------------------------------------------------------------------+
; Path Summary                                                                                           ;
+--------------------+-----------------------------------------------------------------------------------+
; Property           ; Value                                                                             ;
+--------------------+-----------------------------------------------------------------------------------+
; From Node          ; ascal:ascal|altsyncram:o_dpram_rtl_0|altsyncram_32k1:auto_generated|ram_block1a3  ;
; To Node            ; ascal:ascal|o_shift[124]                                                          ;
; Launch Clock       ; pll_hdmi|pll_hdmi_inst|altera_pll_i|cyclonev_pll|counter[0].output_counter|divclk ;
; Latch Clock        ; pll_hdmi|pll_hdmi_inst|altera_pll_i|cyclonev_pll|counter[0].output_counter|divclk ;
; Data Arrival Time  ; 15.136                                                                            ;
; Data Required Time ; 15.151                                                                            ;
; Slack              ; 0.015                                                                             ;
+--------------------+-----------------------------------------------------------------------------------+

+--------------------------------------------------------------------------------------+
; Statistics                                                                           ;
+------------------------+--------+-------+-------------+------------+--------+--------+
; Property               ; Value  ; Count ; Total Delay ; % of Total ; Min    ; Max    ;
+------------------------+--------+-------+-------------+------------+--------+--------+
; Setup Relationship     ; 6.732  ;       ;             ;            ;        ;        ;
; Clock Skew             ; -0.229 ;       ;             ;            ;        ;        ;
; Data Delay             ; 6.288  ;       ;             ;            ;        ;        ;
; Number of Logic Levels ;        ; 1     ;             ;            ;        ;        ;
; Physical Delays        ;        ;       ;             ;            ;        ;        ;
;  Arrival Path          ;        ;       ;             ;            ;        ;        ;
;   Clock                ;        ;       ;             ;            ;        ;        ;
;    IC                  ;        ; 6     ; 4.867       ; 55         ; 0.000  ; 2.400  ;
;    Cell                ;        ; 6     ; 3.981       ; 45         ; 0.185  ; 1.745  ;
;   Data                 ;        ;       ;             ;            ;        ;        ;
;    IC                  ;        ; 2     ; 5.498       ; 87         ; 0.000  ; 5.498  ;
;    Cell                ;        ; 3     ; 0.790       ; 13         ; 0.025  ; 0.503  ;
;    uTco                ;        ; 1     ; 0.000       ; 0          ; 0.000  ; 0.000  ;
;  Required Path         ;        ;       ;             ;            ;        ;        ;
;   Clock                ;        ;       ;             ;            ;        ;        ;
;    IC                  ;        ; 6     ; 4.142       ; 56         ; 0.000  ; 1.976  ;
;    Cell                ;        ; 5     ; 3.294       ; 44         ; 0.279  ; 1.466  ;
;    PLL Compensation    ;        ; 1     ; -0.151      ; 0          ; -0.151 ; -0.151 ;
+------------------------+--------+-------+-------------+------------+--------+--------+
Note: Negative delays are omitted from totals when calculating percentages

+------------------------------------------------------------------------------------------------------------------------------------------------------------+
; Data Arrival Path                                                                                                                                          ;
+----------+---------+----+------+--------+---------------------------+--------------------------------------------------------------------------------------+
; Total    ; Incr    ; RF ; Type ; Fanout ; Location                  ; Element                                                                              ;
+----------+---------+----+------+--------+---------------------------+--------------------------------------------------------------------------------------+
; 0.000    ; 0.000   ;    ;      ;        ;                           ; launch edge time                                                                     ;
; 8.848    ; 8.848   ;    ;      ;        ;                           ; clock path                                                                           ;
;   0.000  ;   0.000 ;    ;      ;        ;                           ; source latency                                                                       ;
;   0.000  ;   0.000 ;    ;      ; 1      ; PIN_V11                   ; FPGA_CLK1_50                                                                         ;
;   0.000  ;   0.000 ; RR ; IC   ; 1      ; IOIBUF_X32_Y0_N1          ; FPGA_CLK1_50~input|i                                                                 ;
;   0.761  ;   0.761 ; RR ; CELL ; 2      ; IOIBUF_X32_Y0_N1          ; FPGA_CLK1_50~input|o                                                                 ;
;   2.086  ;   1.325 ; RR ; IC   ; 1      ; PLLREFCLKSELECT_X0_Y7_N0  ; pll_hdmi|pll_hdmi_inst|altera_pll_i|cyclonev_pll|fpll_0|REFCLK_SELECT|clkin[0]       ;
;   2.419  ;   0.333 ; RR ; CELL ; 1      ; PLLREFCLKSELECT_X0_Y7_N0  ; pll_hdmi|pll_hdmi_inst|altera_pll_i|cyclonev_pll|fpll_0|REFCLK_SELECT|clkout         ;
;   2.419  ;   0.000 ; RR ; IC   ; 10     ; FRACTIONALPLL_X0_Y1_N0    ; pll_hdmi|pll_hdmi_inst|altera_pll_i|cyclonev_pll|fpll_0|fpll|refclkin                ;
;   2.604  ;   0.185 ; RR ; CELL ; 1      ; FRACTIONALPLL_X0_Y1_N0    ; pll_hdmi|pll_hdmi_inst|altera_pll_i|cyclonev_pll|fpll_0|fpll|vcoph[0]                ;
;   2.604  ;   0.000 ; RR ; IC   ; 1      ; PLLOUTPUTCOUNTER_X0_Y5_N1 ; pll_hdmi|pll_hdmi_inst|altera_pll_i|cyclonev_pll|counter[0].output_counter|vco0ph[0] ;
;   4.349  ;   1.745 ; RR ; CELL ; 3      ; PLLOUTPUTCOUNTER_X0_Y5_N1 ; pll_hdmi|pll_hdmi_inst|altera_pll_i|cyclonev_pll|counter[0].output_counter|divclk    ;
;   5.491  ;   1.142 ; RR ; IC   ; 1      ; CLKCTRL_G4                ; pll_hdmi|pll_hdmi_inst|altera_pll_i|cyclonev_pll|divclk[0]~CLKENA0|inclk             ;
;   5.795  ;   0.304 ; RR ; CELL ; 3657   ; CLKCTRL_G4                ; pll_hdmi|pll_hdmi_inst|altera_pll_i|cyclonev_pll|divclk[0]~CLKENA0|outclk            ;
;   8.195  ;   2.400 ; RR ; IC   ; 19     ; M10K_X49_Y61_N0           ; ascal|o_dpram_rtl_0|auto_generated|ram_block1a0|clk1                                 ;
;   8.848  ;   0.653 ; RR ; CELL ; 1      ; M10K_X49_Y61_N0           ; ascal:ascal|altsyncram:o_dpram_rtl_0|altsyncram_32k1:auto_generated|ram_block1a3     ;
; 15.136   ; 6.288   ;    ;      ;        ;                           ; data path                                                                            ;
;   8.848  ;   0.000 ;    ; uTco ; 1      ; M10K_X49_Y61_N0           ; ascal:ascal|altsyncram:o_dpram_rtl_0|altsyncram_32k1:auto_generated|ram_block1a3     ;
;   8.873  ;   0.025 ; FF ; CELL ; 3      ; M10K_X49_Y61_N0           ; ascal|o_dpram_rtl_0|auto_generated|ram_block1a0|portbdataout[3]                      ;
;   14.371 ;   5.498 ; FF ; IC   ; 1      ; MLABCELL_X47_Y64_N0       ; ascal|Mux422~0|datac                                                                 ;
;   14.874 ;   0.503 ; FF ; CELL ; 1      ; MLABCELL_X47_Y64_N0       ; ascal|Mux422~0|combout                                                               ;
;   14.874 ;   0.000 ; FF ; IC   ; 1      ; FF_X47_Y64_N2             ; ascal|o_shift[124]|d                                                                 ;
;   15.136 ;   0.262 ; FF ; CELL ; 1      ; FF_X47_Y64_N2             ; ascal:ascal|o_shift[124]                                                             ;
+----------+---------+----+------+--------+---------------------------+--------------------------------------------------------------------------------------+

+-------------------------------------------------------------------------------------------------------------------------------------------------------------+
; Data Required Path                                                                                                                                          ;
+----------+----------+----+------+--------+---------------------------+--------------------------------------------------------------------------------------+
; Total    ; Incr     ; RF ; Type ; Fanout ; Location                  ; Element                                                                              ;
+----------+----------+----+------+--------+---------------------------+--------------------------------------------------------------------------------------+
; 6.732    ; 6.732    ;    ;      ;        ;                           ; latch edge time                                                                      ;
; 15.351   ; 8.619    ;    ;      ;        ;                           ; clock path                                                                           ;
;   6.732  ;   0.000  ;    ;      ;        ;                           ; source latency                                                                       ;
;   6.732  ;   0.000  ;    ;      ; 1      ; PIN_V11                   ; FPGA_CLK1_50                                                                         ;
;   6.732  ;   0.000  ; RR ; IC   ; 1      ; IOIBUF_X32_Y0_N1          ; FPGA_CLK1_50~input|i                                                                 ;
;   7.493  ;   0.761  ; RR ; CELL ; 2      ; IOIBUF_X32_Y0_N1          ; FPGA_CLK1_50~input|o                                                                 ;
;   8.654  ;   1.161  ; RR ; IC   ; 1      ; PLLREFCLKSELECT_X0_Y7_N0  ; pll_hdmi|pll_hdmi_inst|altera_pll_i|cyclonev_pll|fpll_0|REFCLK_SELECT|clkin[0]       ;
;   8.962  ;   0.308  ; RR ; CELL ; 1      ; PLLREFCLKSELECT_X0_Y7_N0  ; pll_hdmi|pll_hdmi_inst|altera_pll_i|cyclonev_pll|fpll_0|REFCLK_SELECT|clkout         ;
;   8.962  ;   0.000  ; RR ; IC   ; 10     ; FRACTIONALPLL_X0_Y1_N0    ; pll_hdmi|pll_hdmi_inst|altera_pll_i|cyclonev_pll|fpll_0|fpll|refclkin                ;
;   8.811  ;   -0.151 ; RR ; COMP ; 1      ; FRACTIONALPLL_X0_Y1_N0    ; pll_hdmi|pll_hdmi_inst|altera_pll_i|cyclonev_pll|fpll_0|fpll|vcoph[0]                ;
;   8.811  ;   0.000  ; RR ; IC   ; 1      ; PLLOUTPUTCOUNTER_X0_Y5_N1 ; pll_hdmi|pll_hdmi_inst|altera_pll_i|cyclonev_pll|counter[0].output_counter|vco0ph[0] ;
;   10.277 ;   1.466  ; RR ; CELL ; 3      ; PLLOUTPUTCOUNTER_X0_Y5_N1 ; pll_hdmi|pll_hdmi_inst|altera_pll_i|cyclonev_pll|counter[0].output_counter|divclk    ;
;   11.282 ;   1.005  ; RR ; IC   ; 1      ; CLKCTRL_G4                ; pll_hdmi|pll_hdmi_inst|altera_pll_i|cyclonev_pll|divclk[0]~CLKENA0|inclk             ;
;   11.561 ;   0.279  ; RR ; CELL ; 3657   ; CLKCTRL_G4                ; pll_hdmi|pll_hdmi_inst|altera_pll_i|cyclonev_pll|divclk[0]~CLKENA0|outclk            ;
;   13.537 ;   1.976  ; RR ; IC   ; 1      ; FF_X47_Y64_N2             ; ascal|o_shift[124]|clk                                                               ;
;   14.017 ;   0.480  ; RR ; CELL ; 1      ; FF_X47_Y64_N2             ; ascal:ascal|o_shift[124]                                                             ;
;   15.351 ;   1.334  ;    ;      ;        ;                           ; clock pessimism removed                                                              ;
; 15.151   ; -0.200   ;    ;      ;        ;                           ; clock uncertainty                                                                    ;
; 15.151   ; 0.000    ;    ; uTsu ; 1      ; FF_X47_Y64_N2             ; ascal:ascal|o_shift[124]                                                             ;
+----------+----------+----+------+--------+---------------------------+--------------------------------------------------------------------------------------+

----------------------------
; Extra Fitter Information ;
----------------------------
HTML report is unavailable in plain text report export.


Path #4: Setup slack is 0.146 
===============================================================================
+--------------------------------------------------------------------------------------------------------+
; Path Summary                                                                                           ;
+--------------------+-----------------------------------------------------------------------------------+
; Property           ; Value                                                                             ;
+--------------------+-----------------------------------------------------------------------------------+
; From Node          ; ascal:ascal|o_vacpt[4]                                                            ;
; To Node            ; ascal:ascal|o_adrs_pre[0]_OTERM5                                                  ;
; Launch Clock       ; pll_hdmi|pll_hdmi_inst|altera_pll_i|cyclonev_pll|counter[0].output_counter|divclk ;
; Latch Clock        ; pll_hdmi|pll_hdmi_inst|altera_pll_i|cyclonev_pll|counter[0].output_counter|divclk ;
; Data Arrival Time  ; 15.173                                                                            ;
; Data Required Time ; 15.319                                                                            ;
; Slack              ; 0.146                                                                             ;
+--------------------+-----------------------------------------------------------------------------------+

+-------------------------------------------------------------------------------------+
; Statistics                                                                          ;
+------------------------+-------+-------+-------------+------------+--------+--------+
; Property               ; Value ; Count ; Total Delay ; % of Total ; Min    ; Max    ;
+------------------------+-------+-------+-------------+------------+--------+--------+
; Setup Relationship     ; 6.732 ;       ;             ;            ;        ;        ;
; Clock Skew             ; 0.186 ;       ;             ;            ;        ;        ;
; Data Delay             ; 6.572 ;       ;             ;            ;        ;        ;
; Number of Logic Levels ;       ; 1     ;             ;            ;        ;        ;
; Physical Delays        ;       ;       ;             ;            ;        ;        ;
;  Arrival Path          ;       ;       ;             ;            ;        ;        ;
;   Clock                ;       ;       ;             ;            ;        ;        ;
;    IC                  ;       ; 6     ; 4.700       ; 55         ; 0.000  ; 2.233  ;
;    Cell                ;       ; 6     ; 3.901       ; 45         ; 0.185  ; 1.745  ;
;   Data                 ;       ;       ;             ;            ;        ;        ;
;    IC                  ;       ; 10    ; 1.411       ; 21         ; 0.000  ; 0.955  ;
;    Cell                ;       ; 11    ; 5.161       ; 79         ; 0.000  ; 3.549  ;
;    uTco                ;       ; 1     ; 0.000       ; 0          ; 0.000  ; 0.000  ;
;  Required Path         ;       ;       ;             ;            ;        ;        ;
;   Clock                ;       ;       ;             ;            ;        ;        ;
;    IC                  ;       ; 6     ; 4.003       ; 53         ; 0.000  ; 1.837  ;
;    Cell                ;       ; 5     ; 3.597       ; 47         ; 0.279  ; 1.466  ;
;    PLL Compensation    ;       ; 1     ; -0.151      ; 0          ; -0.151 ; -0.151 ;
+------------------------+-------+-------+-------------+------------+--------+--------+
Note: Negative delays are omitted from totals when calculating percentages

+------------------------------------------------------------------------------------------------------------------------------------------------------------+
; Data Arrival Path                                                                                                                                          ;
+----------+---------+----+------+--------+---------------------------+--------------------------------------------------------------------------------------+
; Total    ; Incr    ; RF ; Type ; Fanout ; Location                  ; Element                                                                              ;
+----------+---------+----+------+--------+---------------------------+--------------------------------------------------------------------------------------+
; 0.000    ; 0.000   ;    ;      ;        ;                           ; launch edge time                                                                     ;
; 8.601    ; 8.601   ;    ;      ;        ;                           ; clock path                                                                           ;
;   0.000  ;   0.000 ;    ;      ;        ;                           ; source latency                                                                       ;
;   0.000  ;   0.000 ;    ;      ; 1      ; PIN_V11                   ; FPGA_CLK1_50                                                                         ;
;   0.000  ;   0.000 ; RR ; IC   ; 1      ; IOIBUF_X32_Y0_N1          ; FPGA_CLK1_50~input|i                                                                 ;
;   0.761  ;   0.761 ; RR ; CELL ; 2      ; IOIBUF_X32_Y0_N1          ; FPGA_CLK1_50~input|o                                                                 ;
;   2.086  ;   1.325 ; RR ; IC   ; 1      ; PLLREFCLKSELECT_X0_Y7_N0  ; pll_hdmi|pll_hdmi_inst|altera_pll_i|cyclonev_pll|fpll_0|REFCLK_SELECT|clkin[0]       ;
;   2.419  ;   0.333 ; RR ; CELL ; 1      ; PLLREFCLKSELECT_X0_Y7_N0  ; pll_hdmi|pll_hdmi_inst|altera_pll_i|cyclonev_pll|fpll_0|REFCLK_SELECT|clkout         ;
;   2.419  ;   0.000 ; RR ; IC   ; 10     ; FRACTIONALPLL_X0_Y1_N0    ; pll_hdmi|pll_hdmi_inst|altera_pll_i|cyclonev_pll|fpll_0|fpll|refclkin                ;
;   2.604  ;   0.185 ; RR ; CELL ; 1      ; FRACTIONALPLL_X0_Y1_N0    ; pll_hdmi|pll_hdmi_inst|altera_pll_i|cyclonev_pll|fpll_0|fpll|vcoph[0]                ;
;   2.604  ;   0.000 ; RR ; IC   ; 1      ; PLLOUTPUTCOUNTER_X0_Y5_N1 ; pll_hdmi|pll_hdmi_inst|altera_pll_i|cyclonev_pll|counter[0].output_counter|vco0ph[0] ;
;   4.349  ;   1.745 ; RR ; CELL ; 3      ; PLLOUTPUTCOUNTER_X0_Y5_N1 ; pll_hdmi|pll_hdmi_inst|altera_pll_i|cyclonev_pll|counter[0].output_counter|divclk    ;
;   5.491  ;   1.142 ; RR ; IC   ; 1      ; CLKCTRL_G4                ; pll_hdmi|pll_hdmi_inst|altera_pll_i|cyclonev_pll|divclk[0]~CLKENA0|inclk             ;
;   5.795  ;   0.304 ; RR ; CELL ; 3657   ; CLKCTRL_G4                ; pll_hdmi|pll_hdmi_inst|altera_pll_i|cyclonev_pll|divclk[0]~CLKENA0|outclk            ;
;   8.028  ;   2.233 ; RR ; IC   ; 1      ; FF_X56_Y26_N14            ; ascal|o_vacpt[4]|clk                                                                 ;
;   8.601  ;   0.573 ; RR ; CELL ; 1      ; FF_X56_Y26_N14            ; ascal:ascal|o_vacpt[4]                                                               ;
; 15.173   ; 6.572   ;    ;      ;        ;                           ; data path                                                                            ;
;   8.601  ;   0.000 ;    ; uTco ; 1      ; FF_X56_Y26_N14            ; ascal:ascal|o_vacpt[4]                                                               ;
;   8.601  ;   0.000 ; RR ; CELL ; 5      ; FF_X56_Y26_N14            ; ascal|o_vacpt[4]|q                                                                   ;
;   9.057  ;   0.456 ; RR ; IC   ; 2      ; LABCELL_X55_Y26_N12       ; ascal|Add83~13|datab                                                                 ;
;   10.119 ;   1.062 ; RR ; CELL ; 1      ; LABCELL_X55_Y26_N12       ; ascal|Add83~13|cout                                                                  ;
;   10.119 ;   0.000 ; RR ; IC   ; 2      ; LABCELL_X55_Y26_N15       ; ascal|Add83~17|cin                                                                   ;
;   10.119 ;   0.000 ; RR ; CELL ; 1      ; LABCELL_X55_Y26_N15       ; ascal|Add83~17|cout                                                                  ;
;   10.119 ;   0.000 ; RR ; IC   ; 2      ; LABCELL_X55_Y26_N18       ; ascal|Add83~21|cin                                                                   ;
;   10.169 ;   0.050 ; RR ; CELL ; 1      ; LABCELL_X55_Y26_N18       ; ascal|Add83~21|cout                                                                  ;
;   10.169 ;   0.000 ; RR ; IC   ; 2      ; LABCELL_X55_Y26_N21       ; ascal|Add83~25|cin                                                                   ;
;   10.169 ;   0.000 ; RR ; CELL ; 1      ; LABCELL_X55_Y26_N21       ; ascal|Add83~25|cout                                                                  ;
;   10.169 ;   0.000 ; RR ; IC   ; 2      ; LABCELL_X55_Y26_N24       ; ascal|Add83~29|cin                                                                   ;
;   10.233 ;   0.064 ; RR ; CELL ; 1      ; LABCELL_X55_Y26_N24       ; ascal|Add83~29|cout                                                                  ;
;   10.233 ;   0.000 ; RR ; IC   ; 2      ; LABCELL_X55_Y26_N27       ; ascal|Add83~33|cin                                                                   ;
;   10.233 ;   0.000 ; RR ; CELL ; 1      ; LABCELL_X55_Y26_N27       ; ascal|Add83~33|cout                                                                  ;
;   10.233 ;   0.000 ; RR ; IC   ; 2      ; LABCELL_X55_Y26_N30       ; ascal|Add83~37|cin                                                                   ;
;   10.333 ;   0.100 ; RR ; CELL ; 1      ; LABCELL_X55_Y26_N30       ; ascal|Add83~37|cout                                                                  ;
;   10.333 ;   0.000 ; RR ; IC   ; 2      ; LABCELL_X55_Y26_N33       ; ascal|Add83~41|cin                                                                   ;
;   10.333 ;   0.000 ; RR ; CELL ; 1      ; LABCELL_X55_Y26_N33       ; ascal|Add83~41|cout                                                                  ;
;   10.333 ;   0.000 ; RR ; IC   ; 1      ; LABCELL_X55_Y26_N36       ; ascal|Add83~45|cin                                                                   ;
;   10.669 ;   0.336 ; RF ; CELL ; 7      ; LABCELL_X55_Y26_N36       ; ascal|Add83~45|sumout                                                                ;
;   11.624 ;   0.955 ; FF ; IC   ; 24     ; DSP_X54_Y26_N0            ; ascal|Mult12~8|ay[18]                                                                ;
;   15.173 ;   3.549 ; FR ; CELL ; 1      ; DSP_X54_Y26_N0            ; ascal:ascal|o_adrs_pre[0]_OTERM5                                                     ;
+----------+---------+----+------+--------+---------------------------+--------------------------------------------------------------------------------------+

+-------------------------------------------------------------------------------------------------------------------------------------------------------------+
; Data Required Path                                                                                                                                          ;
+----------+----------+----+------+--------+---------------------------+--------------------------------------------------------------------------------------+
; Total    ; Incr     ; RF ; Type ; Fanout ; Location                  ; Element                                                                              ;
+----------+----------+----+------+--------+---------------------------+--------------------------------------------------------------------------------------+
; 6.732    ; 6.732    ;    ;      ;        ;                           ; latch edge time                                                                      ;
; 15.519   ; 8.787    ;    ;      ;        ;                           ; clock path                                                                           ;
;   6.732  ;   0.000  ;    ;      ;        ;                           ; source latency                                                                       ;
;   6.732  ;   0.000  ;    ;      ; 1      ; PIN_V11                   ; FPGA_CLK1_50                                                                         ;
;   6.732  ;   0.000  ; RR ; IC   ; 1      ; IOIBUF_X32_Y0_N1          ; FPGA_CLK1_50~input|i                                                                 ;
;   7.493  ;   0.761  ; RR ; CELL ; 2      ; IOIBUF_X32_Y0_N1          ; FPGA_CLK1_50~input|o                                                                 ;
;   8.654  ;   1.161  ; RR ; IC   ; 1      ; PLLREFCLKSELECT_X0_Y7_N0  ; pll_hdmi|pll_hdmi_inst|altera_pll_i|cyclonev_pll|fpll_0|REFCLK_SELECT|clkin[0]       ;
;   8.962  ;   0.308  ; RR ; CELL ; 1      ; PLLREFCLKSELECT_X0_Y7_N0  ; pll_hdmi|pll_hdmi_inst|altera_pll_i|cyclonev_pll|fpll_0|REFCLK_SELECT|clkout         ;
;   8.962  ;   0.000  ; RR ; IC   ; 10     ; FRACTIONALPLL_X0_Y1_N0    ; pll_hdmi|pll_hdmi_inst|altera_pll_i|cyclonev_pll|fpll_0|fpll|refclkin                ;
;   8.811  ;   -0.151 ; RR ; COMP ; 1      ; FRACTIONALPLL_X0_Y1_N0    ; pll_hdmi|pll_hdmi_inst|altera_pll_i|cyclonev_pll|fpll_0|fpll|vcoph[0]                ;
;   8.811  ;   0.000  ; RR ; IC   ; 1      ; PLLOUTPUTCOUNTER_X0_Y5_N1 ; pll_hdmi|pll_hdmi_inst|altera_pll_i|cyclonev_pll|counter[0].output_counter|vco0ph[0] ;
;   10.277 ;   1.466  ; RR ; CELL ; 3      ; PLLOUTPUTCOUNTER_X0_Y5_N1 ; pll_hdmi|pll_hdmi_inst|altera_pll_i|cyclonev_pll|counter[0].output_counter|divclk    ;
;   11.282 ;   1.005  ; RR ; IC   ; 1      ; CLKCTRL_G4                ; pll_hdmi|pll_hdmi_inst|altera_pll_i|cyclonev_pll|divclk[0]~CLKENA0|inclk             ;
;   11.561 ;   0.279  ; RR ; CELL ; 3657   ; CLKCTRL_G4                ; pll_hdmi|pll_hdmi_inst|altera_pll_i|cyclonev_pll|divclk[0]~CLKENA0|outclk            ;
;   13.398 ;   1.837  ; RR ; IC   ; 39     ; DSP_X54_Y26_N0            ; ascal|Mult12~8|clk[0]                                                                ;
;   14.181 ;   0.783  ; RR ; CELL ; 1      ; DSP_X54_Y26_N0            ; ascal:ascal|o_adrs_pre[0]_OTERM5                                                     ;
;   15.519 ;   1.338  ;    ;      ;        ;                           ; clock pessimism removed                                                              ;
; 15.319   ; -0.200   ;    ;      ;        ;                           ; clock uncertainty                                                                    ;
; 15.319   ; 0.000    ;    ; uTsu ; 1      ; DSP_X54_Y26_N0            ; ascal:ascal|o_adrs_pre[0]_OTERM5                                                     ;
+----------+----------+----+------+--------+---------------------------+--------------------------------------------------------------------------------------+

----------------------------
; Extra Fitter Information ;
----------------------------
HTML report is unavailable in plain text report export.


Path #5: Setup slack is 0.146 
===============================================================================
+--------------------------------------------------------------------------------------------------------+
; Path Summary                                                                                           ;
+--------------------+-----------------------------------------------------------------------------------+
; Property           ; Value                                                                             ;
+--------------------+-----------------------------------------------------------------------------------+
; From Node          ; ascal:ascal|o_vacpt[4]                                                            ;
; To Node            ; ascal:ascal|o_adrs_pre[1]_OTERM15                                                 ;
; Launch Clock       ; pll_hdmi|pll_hdmi_inst|altera_pll_i|cyclonev_pll|counter[0].output_counter|divclk ;
; Latch Clock        ; pll_hdmi|pll_hdmi_inst|altera_pll_i|cyclonev_pll|counter[0].output_counter|divclk ;
; Data Arrival Time  ; 15.173                                                                            ;
; Data Required Time ; 15.319                                                                            ;
; Slack              ; 0.146                                                                             ;
+--------------------+-----------------------------------------------------------------------------------+

+-------------------------------------------------------------------------------------+
; Statistics                                                                          ;
+------------------------+-------+-------+-------------+------------+--------+--------+
; Property               ; Value ; Count ; Total Delay ; % of Total ; Min    ; Max    ;
+------------------------+-------+-------+-------------+------------+--------+--------+
; Setup Relationship     ; 6.732 ;       ;             ;            ;        ;        ;
; Clock Skew             ; 0.186 ;       ;             ;            ;        ;        ;
; Data Delay             ; 6.572 ;       ;             ;            ;        ;        ;
; Number of Logic Levels ;       ; 1     ;             ;            ;        ;        ;
; Physical Delays        ;       ;       ;             ;            ;        ;        ;
;  Arrival Path          ;       ;       ;             ;            ;        ;        ;
;   Clock                ;       ;       ;             ;            ;        ;        ;
;    IC                  ;       ; 6     ; 4.700       ; 55         ; 0.000  ; 2.233  ;
;    Cell                ;       ; 6     ; 3.901       ; 45         ; 0.185  ; 1.745  ;
;   Data                 ;       ;       ;             ;            ;        ;        ;
;    IC                  ;       ; 10    ; 1.411       ; 21         ; 0.000  ; 0.955  ;
;    Cell                ;       ; 11    ; 5.161       ; 79         ; 0.000  ; 3.549  ;
;    uTco                ;       ; 1     ; 0.000       ; 0          ; 0.000  ; 0.000  ;
;  Required Path         ;       ;       ;             ;            ;        ;        ;
;   Clock                ;       ;       ;             ;            ;        ;        ;
;    IC                  ;       ; 6     ; 4.003       ; 53         ; 0.000  ; 1.837  ;
;    Cell                ;       ; 5     ; 3.597       ; 47         ; 0.279  ; 1.466  ;
;    PLL Compensation    ;       ; 1     ; -0.151      ; 0          ; -0.151 ; -0.151 ;
+------------------------+-------+-------+-------------+------------+--------+--------+
Note: Negative delays are omitted from totals when calculating percentages

+------------------------------------------------------------------------------------------------------------------------------------------------------------+
; Data Arrival Path                                                                                                                                          ;
+----------+---------+----+------+--------+---------------------------+--------------------------------------------------------------------------------------+
; Total    ; Incr    ; RF ; Type ; Fanout ; Location                  ; Element                                                                              ;
+----------+---------+----+------+--------+---------------------------+--------------------------------------------------------------------------------------+
; 0.000    ; 0.000   ;    ;      ;        ;                           ; launch edge time                                                                     ;
; 8.601    ; 8.601   ;    ;      ;        ;                           ; clock path                                                                           ;
;   0.000  ;   0.000 ;    ;      ;        ;                           ; source latency                                                                       ;
;   0.000  ;   0.000 ;    ;      ; 1      ; PIN_V11                   ; FPGA_CLK1_50                                                                         ;
;   0.000  ;   0.000 ; RR ; IC   ; 1      ; IOIBUF_X32_Y0_N1          ; FPGA_CLK1_50~input|i                                                                 ;
;   0.761  ;   0.761 ; RR ; CELL ; 2      ; IOIBUF_X32_Y0_N1          ; FPGA_CLK1_50~input|o                                                                 ;
;   2.086  ;   1.325 ; RR ; IC   ; 1      ; PLLREFCLKSELECT_X0_Y7_N0  ; pll_hdmi|pll_hdmi_inst|altera_pll_i|cyclonev_pll|fpll_0|REFCLK_SELECT|clkin[0]       ;
;   2.419  ;   0.333 ; RR ; CELL ; 1      ; PLLREFCLKSELECT_X0_Y7_N0  ; pll_hdmi|pll_hdmi_inst|altera_pll_i|cyclonev_pll|fpll_0|REFCLK_SELECT|clkout         ;
;   2.419  ;   0.000 ; RR ; IC   ; 10     ; FRACTIONALPLL_X0_Y1_N0    ; pll_hdmi|pll_hdmi_inst|altera_pll_i|cyclonev_pll|fpll_0|fpll|refclkin                ;
;   2.604  ;   0.185 ; RR ; CELL ; 1      ; FRACTIONALPLL_X0_Y1_N0    ; pll_hdmi|pll_hdmi_inst|altera_pll_i|cyclonev_pll|fpll_0|fpll|vcoph[0]                ;
;   2.604  ;   0.000 ; RR ; IC   ; 1      ; PLLOUTPUTCOUNTER_X0_Y5_N1 ; pll_hdmi|pll_hdmi_inst|altera_pll_i|cyclonev_pll|counter[0].output_counter|vco0ph[0] ;
;   4.349  ;   1.745 ; RR ; CELL ; 3      ; PLLOUTPUTCOUNTER_X0_Y5_N1 ; pll_hdmi|pll_hdmi_inst|altera_pll_i|cyclonev_pll|counter[0].output_counter|divclk    ;
;   5.491  ;   1.142 ; RR ; IC   ; 1      ; CLKCTRL_G4                ; pll_hdmi|pll_hdmi_inst|altera_pll_i|cyclonev_pll|divclk[0]~CLKENA0|inclk             ;
;   5.795  ;   0.304 ; RR ; CELL ; 3657   ; CLKCTRL_G4                ; pll_hdmi|pll_hdmi_inst|altera_pll_i|cyclonev_pll|divclk[0]~CLKENA0|outclk            ;
;   8.028  ;   2.233 ; RR ; IC   ; 1      ; FF_X56_Y26_N14            ; ascal|o_vacpt[4]|clk                                                                 ;
;   8.601  ;   0.573 ; RR ; CELL ; 1      ; FF_X56_Y26_N14            ; ascal:ascal|o_vacpt[4]                                                               ;
; 15.173   ; 6.572   ;    ;      ;        ;                           ; data path                                                                            ;
;   8.601  ;   0.000 ;    ; uTco ; 1      ; FF_X56_Y26_N14            ; ascal:ascal|o_vacpt[4]                                                               ;
;   8.601  ;   0.000 ; RR ; CELL ; 5      ; FF_X56_Y26_N14            ; ascal|o_vacpt[4]|q                                                                   ;
;   9.057  ;   0.456 ; RR ; IC   ; 2      ; LABCELL_X55_Y26_N12       ; ascal|Add83~13|datab                                                                 ;
;   10.119 ;   1.062 ; RR ; CELL ; 1      ; LABCELL_X55_Y26_N12       ; ascal|Add83~13|cout                                                                  ;
;   10.119 ;   0.000 ; RR ; IC   ; 2      ; LABCELL_X55_Y26_N15       ; ascal|Add83~17|cin                                                                   ;
;   10.119 ;   0.000 ; RR ; CELL ; 1      ; LABCELL_X55_Y26_N15       ; ascal|Add83~17|cout                                                                  ;
;   10.119 ;   0.000 ; RR ; IC   ; 2      ; LABCELL_X55_Y26_N18       ; ascal|Add83~21|cin                                                                   ;
;   10.169 ;   0.050 ; RR ; CELL ; 1      ; LABCELL_X55_Y26_N18       ; ascal|Add83~21|cout                                                                  ;
;   10.169 ;   0.000 ; RR ; IC   ; 2      ; LABCELL_X55_Y26_N21       ; ascal|Add83~25|cin                                                                   ;
;   10.169 ;   0.000 ; RR ; CELL ; 1      ; LABCELL_X55_Y26_N21       ; ascal|Add83~25|cout                                                                  ;
;   10.169 ;   0.000 ; RR ; IC   ; 2      ; LABCELL_X55_Y26_N24       ; ascal|Add83~29|cin                                                                   ;
;   10.233 ;   0.064 ; RR ; CELL ; 1      ; LABCELL_X55_Y26_N24       ; ascal|Add83~29|cout                                                                  ;
;   10.233 ;   0.000 ; RR ; IC   ; 2      ; LABCELL_X55_Y26_N27       ; ascal|Add83~33|cin                                                                   ;
;   10.233 ;   0.000 ; RR ; CELL ; 1      ; LABCELL_X55_Y26_N27       ; ascal|Add83~33|cout                                                                  ;
;   10.233 ;   0.000 ; RR ; IC   ; 2      ; LABCELL_X55_Y26_N30       ; ascal|Add83~37|cin                                                                   ;
;   10.333 ;   0.100 ; RR ; CELL ; 1      ; LABCELL_X55_Y26_N30       ; ascal|Add83~37|cout                                                                  ;
;   10.333 ;   0.000 ; RR ; IC   ; 2      ; LABCELL_X55_Y26_N33       ; ascal|Add83~41|cin                                                                   ;
;   10.333 ;   0.000 ; RR ; CELL ; 1      ; LABCELL_X55_Y26_N33       ; ascal|Add83~41|cout                                                                  ;
;   10.333 ;   0.000 ; RR ; IC   ; 1      ; LABCELL_X55_Y26_N36       ; ascal|Add83~45|cin                                                                   ;
;   10.669 ;   0.336 ; RF ; CELL ; 7      ; LABCELL_X55_Y26_N36       ; ascal|Add83~45|sumout                                                                ;
;   11.624 ;   0.955 ; FF ; IC   ; 24     ; DSP_X54_Y26_N0            ; ascal|Mult12~8|ay[18]                                                                ;
;   15.173 ;   3.549 ; FR ; CELL ; 1      ; DSP_X54_Y26_N0            ; ascal:ascal|o_adrs_pre[1]_OTERM15                                                    ;
+----------+---------+----+------+--------+---------------------------+--------------------------------------------------------------------------------------+

+-------------------------------------------------------------------------------------------------------------------------------------------------------------+
; Data Required Path                                                                                                                                          ;
+----------+----------+----+------+--------+---------------------------+--------------------------------------------------------------------------------------+
; Total    ; Incr     ; RF ; Type ; Fanout ; Location                  ; Element                                                                              ;
+----------+----------+----+------+--------+---------------------------+--------------------------------------------------------------------------------------+
; 6.732    ; 6.732    ;    ;      ;        ;                           ; latch edge time                                                                      ;
; 15.519   ; 8.787    ;    ;      ;        ;                           ; clock path                                                                           ;
;   6.732  ;   0.000  ;    ;      ;        ;                           ; source latency                                                                       ;
;   6.732  ;   0.000  ;    ;      ; 1      ; PIN_V11                   ; FPGA_CLK1_50                                                                         ;
;   6.732  ;   0.000  ; RR ; IC   ; 1      ; IOIBUF_X32_Y0_N1          ; FPGA_CLK1_50~input|i                                                                 ;
;   7.493  ;   0.761  ; RR ; CELL ; 2      ; IOIBUF_X32_Y0_N1          ; FPGA_CLK1_50~input|o                                                                 ;
;   8.654  ;   1.161  ; RR ; IC   ; 1      ; PLLREFCLKSELECT_X0_Y7_N0  ; pll_hdmi|pll_hdmi_inst|altera_pll_i|cyclonev_pll|fpll_0|REFCLK_SELECT|clkin[0]       ;
;   8.962  ;   0.308  ; RR ; CELL ; 1      ; PLLREFCLKSELECT_X0_Y7_N0  ; pll_hdmi|pll_hdmi_inst|altera_pll_i|cyclonev_pll|fpll_0|REFCLK_SELECT|clkout         ;
;   8.962  ;   0.000  ; RR ; IC   ; 10     ; FRACTIONALPLL_X0_Y1_N0    ; pll_hdmi|pll_hdmi_inst|altera_pll_i|cyclonev_pll|fpll_0|fpll|refclkin                ;
;   8.811  ;   -0.151 ; RR ; COMP ; 1      ; FRACTIONALPLL_X0_Y1_N0    ; pll_hdmi|pll_hdmi_inst|altera_pll_i|cyclonev_pll|fpll_0|fpll|vcoph[0]                ;
;   8.811  ;   0.000  ; RR ; IC   ; 1      ; PLLOUTPUTCOUNTER_X0_Y5_N1 ; pll_hdmi|pll_hdmi_inst|altera_pll_i|cyclonev_pll|counter[0].output_counter|vco0ph[0] ;
;   10.277 ;   1.466  ; RR ; CELL ; 3      ; PLLOUTPUTCOUNTER_X0_Y5_N1 ; pll_hdmi|pll_hdmi_inst|altera_pll_i|cyclonev_pll|counter[0].output_counter|divclk    ;
;   11.282 ;   1.005  ; RR ; IC   ; 1      ; CLKCTRL_G4                ; pll_hdmi|pll_hdmi_inst|altera_pll_i|cyclonev_pll|divclk[0]~CLKENA0|inclk             ;
;   11.561 ;   0.279  ; RR ; CELL ; 3657   ; CLKCTRL_G4                ; pll_hdmi|pll_hdmi_inst|altera_pll_i|cyclonev_pll|divclk[0]~CLKENA0|outclk            ;
;   13.398 ;   1.837  ; RR ; IC   ; 39     ; DSP_X54_Y26_N0            ; ascal|Mult12~8|clk[0]                                                                ;
;   14.181 ;   0.783  ; RR ; CELL ; 1      ; DSP_X54_Y26_N0            ; ascal:ascal|o_adrs_pre[1]_OTERM15                                                    ;
;   15.519 ;   1.338  ;    ;      ;        ;                           ; clock pessimism removed                                                              ;
; 15.319   ; -0.200   ;    ;      ;        ;                           ; clock uncertainty                                                                    ;
; 15.319   ; 0.000    ;    ; uTsu ; 1      ; DSP_X54_Y26_N0            ; ascal:ascal|o_adrs_pre[1]_OTERM15                                                    ;
+----------+----------+----+------+--------+---------------------------+--------------------------------------------------------------------------------------+

----------------------------
; Extra Fitter Information ;
----------------------------
HTML report is unavailable in plain text report export.


Path #6: Setup slack is 0.146 
===============================================================================
+--------------------------------------------------------------------------------------------------------+
; Path Summary                                                                                           ;
+--------------------+-----------------------------------------------------------------------------------+
; Property           ; Value                                                                             ;
+--------------------+-----------------------------------------------------------------------------------+
; From Node          ; ascal:ascal|o_vacpt[4]                                                            ;
; To Node            ; ascal:ascal|o_adrs_pre[2]_OTERM21                                                 ;
; Launch Clock       ; pll_hdmi|pll_hdmi_inst|altera_pll_i|cyclonev_pll|counter[0].output_counter|divclk ;
; Latch Clock        ; pll_hdmi|pll_hdmi_inst|altera_pll_i|cyclonev_pll|counter[0].output_counter|divclk ;
; Data Arrival Time  ; 15.173                                                                            ;
; Data Required Time ; 15.319                                                                            ;
; Slack              ; 0.146                                                                             ;
+--------------------+-----------------------------------------------------------------------------------+

+-------------------------------------------------------------------------------------+
; Statistics                                                                          ;
+------------------------+-------+-------+-------------+------------+--------+--------+
; Property               ; Value ; Count ; Total Delay ; % of Total ; Min    ; Max    ;
+------------------------+-------+-------+-------------+------------+--------+--------+
; Setup Relationship     ; 6.732 ;       ;             ;            ;        ;        ;
; Clock Skew             ; 0.186 ;       ;             ;            ;        ;        ;
; Data Delay             ; 6.572 ;       ;             ;            ;        ;        ;
; Number of Logic Levels ;       ; 1     ;             ;            ;        ;        ;
; Physical Delays        ;       ;       ;             ;            ;        ;        ;
;  Arrival Path          ;       ;       ;             ;            ;        ;        ;
;   Clock                ;       ;       ;             ;            ;        ;        ;
;    IC                  ;       ; 6     ; 4.700       ; 55         ; 0.000  ; 2.233  ;
;    Cell                ;       ; 6     ; 3.901       ; 45         ; 0.185  ; 1.745  ;
;   Data                 ;       ;       ;             ;            ;        ;        ;
;    IC                  ;       ; 10    ; 1.411       ; 21         ; 0.000  ; 0.955  ;
;    Cell                ;       ; 11    ; 5.161       ; 79         ; 0.000  ; 3.549  ;
;    uTco                ;       ; 1     ; 0.000       ; 0          ; 0.000  ; 0.000  ;
;  Required Path         ;       ;       ;             ;            ;        ;        ;
;   Clock                ;       ;       ;             ;            ;        ;        ;
;    IC                  ;       ; 6     ; 4.003       ; 53         ; 0.000  ; 1.837  ;
;    Cell                ;       ; 5     ; 3.597       ; 47         ; 0.279  ; 1.466  ;
;    PLL Compensation    ;       ; 1     ; -0.151      ; 0          ; -0.151 ; -0.151 ;
+------------------------+-------+-------+-------------+------------+--------+--------+
Note: Negative delays are omitted from totals when calculating percentages

+------------------------------------------------------------------------------------------------------------------------------------------------------------+
; Data Arrival Path                                                                                                                                          ;
+----------+---------+----+------+--------+---------------------------+--------------------------------------------------------------------------------------+
; Total    ; Incr    ; RF ; Type ; Fanout ; Location                  ; Element                                                                              ;
+----------+---------+----+------+--------+---------------------------+--------------------------------------------------------------------------------------+
; 0.000    ; 0.000   ;    ;      ;        ;                           ; launch edge time                                                                     ;
; 8.601    ; 8.601   ;    ;      ;        ;                           ; clock path                                                                           ;
;   0.000  ;   0.000 ;    ;      ;        ;                           ; source latency                                                                       ;
;   0.000  ;   0.000 ;    ;      ; 1      ; PIN_V11                   ; FPGA_CLK1_50                                                                         ;
;   0.000  ;   0.000 ; RR ; IC   ; 1      ; IOIBUF_X32_Y0_N1          ; FPGA_CLK1_50~input|i                                                                 ;
;   0.761  ;   0.761 ; RR ; CELL ; 2      ; IOIBUF_X32_Y0_N1          ; FPGA_CLK1_50~input|o                                                                 ;
;   2.086  ;   1.325 ; RR ; IC   ; 1      ; PLLREFCLKSELECT_X0_Y7_N0  ; pll_hdmi|pll_hdmi_inst|altera_pll_i|cyclonev_pll|fpll_0|REFCLK_SELECT|clkin[0]       ;
;   2.419  ;   0.333 ; RR ; CELL ; 1      ; PLLREFCLKSELECT_X0_Y7_N0  ; pll_hdmi|pll_hdmi_inst|altera_pll_i|cyclonev_pll|fpll_0|REFCLK_SELECT|clkout         ;
;   2.419  ;   0.000 ; RR ; IC   ; 10     ; FRACTIONALPLL_X0_Y1_N0    ; pll_hdmi|pll_hdmi_inst|altera_pll_i|cyclonev_pll|fpll_0|fpll|refclkin                ;
;   2.604  ;   0.185 ; RR ; CELL ; 1      ; FRACTIONALPLL_X0_Y1_N0    ; pll_hdmi|pll_hdmi_inst|altera_pll_i|cyclonev_pll|fpll_0|fpll|vcoph[0]                ;
;   2.604  ;   0.000 ; RR ; IC   ; 1      ; PLLOUTPUTCOUNTER_X0_Y5_N1 ; pll_hdmi|pll_hdmi_inst|altera_pll_i|cyclonev_pll|counter[0].output_counter|vco0ph[0] ;
;   4.349  ;   1.745 ; RR ; CELL ; 3      ; PLLOUTPUTCOUNTER_X0_Y5_N1 ; pll_hdmi|pll_hdmi_inst|altera_pll_i|cyclonev_pll|counter[0].output_counter|divclk    ;
;   5.491  ;   1.142 ; RR ; IC   ; 1      ; CLKCTRL_G4                ; pll_hdmi|pll_hdmi_inst|altera_pll_i|cyclonev_pll|divclk[0]~CLKENA0|inclk             ;
;   5.795  ;   0.304 ; RR ; CELL ; 3657   ; CLKCTRL_G4                ; pll_hdmi|pll_hdmi_inst|altera_pll_i|cyclonev_pll|divclk[0]~CLKENA0|outclk            ;
;   8.028  ;   2.233 ; RR ; IC   ; 1      ; FF_X56_Y26_N14            ; ascal|o_vacpt[4]|clk                                                                 ;
;   8.601  ;   0.573 ; RR ; CELL ; 1      ; FF_X56_Y26_N14            ; ascal:ascal|o_vacpt[4]                                                               ;
; 15.173   ; 6.572   ;    ;      ;        ;                           ; data path                                                                            ;
;   8.601  ;   0.000 ;    ; uTco ; 1      ; FF_X56_Y26_N14            ; ascal:ascal|o_vacpt[4]                                                               ;
;   8.601  ;   0.000 ; RR ; CELL ; 5      ; FF_X56_Y26_N14            ; ascal|o_vacpt[4]|q                                                                   ;
;   9.057  ;   0.456 ; RR ; IC   ; 2      ; LABCELL_X55_Y26_N12       ; ascal|Add83~13|datab                                                                 ;
;   10.119 ;   1.062 ; RR ; CELL ; 1      ; LABCELL_X55_Y26_N12       ; ascal|Add83~13|cout                                                                  ;
;   10.119 ;   0.000 ; RR ; IC   ; 2      ; LABCELL_X55_Y26_N15       ; ascal|Add83~17|cin                                                                   ;
;   10.119 ;   0.000 ; RR ; CELL ; 1      ; LABCELL_X55_Y26_N15       ; ascal|Add83~17|cout                                                                  ;
;   10.119 ;   0.000 ; RR ; IC   ; 2      ; LABCELL_X55_Y26_N18       ; ascal|Add83~21|cin                                                                   ;
;   10.169 ;   0.050 ; RR ; CELL ; 1      ; LABCELL_X55_Y26_N18       ; ascal|Add83~21|cout                                                                  ;
;   10.169 ;   0.000 ; RR ; IC   ; 2      ; LABCELL_X55_Y26_N21       ; ascal|Add83~25|cin                                                                   ;
;   10.169 ;   0.000 ; RR ; CELL ; 1      ; LABCELL_X55_Y26_N21       ; ascal|Add83~25|cout                                                                  ;
;   10.169 ;   0.000 ; RR ; IC   ; 2      ; LABCELL_X55_Y26_N24       ; ascal|Add83~29|cin                                                                   ;
;   10.233 ;   0.064 ; RR ; CELL ; 1      ; LABCELL_X55_Y26_N24       ; ascal|Add83~29|cout                                                                  ;
;   10.233 ;   0.000 ; RR ; IC   ; 2      ; LABCELL_X55_Y26_N27       ; ascal|Add83~33|cin                                                                   ;
;   10.233 ;   0.000 ; RR ; CELL ; 1      ; LABCELL_X55_Y26_N27       ; ascal|Add83~33|cout                                                                  ;
;   10.233 ;   0.000 ; RR ; IC   ; 2      ; LABCELL_X55_Y26_N30       ; ascal|Add83~37|cin                                                                   ;
;   10.333 ;   0.100 ; RR ; CELL ; 1      ; LABCELL_X55_Y26_N30       ; ascal|Add83~37|cout                                                                  ;
;   10.333 ;   0.000 ; RR ; IC   ; 2      ; LABCELL_X55_Y26_N33       ; ascal|Add83~41|cin                                                                   ;
;   10.333 ;   0.000 ; RR ; CELL ; 1      ; LABCELL_X55_Y26_N33       ; ascal|Add83~41|cout                                                                  ;
;   10.333 ;   0.000 ; RR ; IC   ; 1      ; LABCELL_X55_Y26_N36       ; ascal|Add83~45|cin                                                                   ;
;   10.669 ;   0.336 ; RF ; CELL ; 7      ; LABCELL_X55_Y26_N36       ; ascal|Add83~45|sumout                                                                ;
;   11.624 ;   0.955 ; FF ; IC   ; 24     ; DSP_X54_Y26_N0            ; ascal|Mult12~8|ay[18]                                                                ;
;   15.173 ;   3.549 ; FR ; CELL ; 1      ; DSP_X54_Y26_N0            ; ascal:ascal|o_adrs_pre[2]_OTERM21                                                    ;
+----------+---------+----+------+--------+---------------------------+--------------------------------------------------------------------------------------+

+-------------------------------------------------------------------------------------------------------------------------------------------------------------+
; Data Required Path                                                                                                                                          ;
+----------+----------+----+------+--------+---------------------------+--------------------------------------------------------------------------------------+
; Total    ; Incr     ; RF ; Type ; Fanout ; Location                  ; Element                                                                              ;
+----------+----------+----+------+--------+---------------------------+--------------------------------------------------------------------------------------+
; 6.732    ; 6.732    ;    ;      ;        ;                           ; latch edge time                                                                      ;
; 15.519   ; 8.787    ;    ;      ;        ;                           ; clock path                                                                           ;
;   6.732  ;   0.000  ;    ;      ;        ;                           ; source latency                                                                       ;
;   6.732  ;   0.000  ;    ;      ; 1      ; PIN_V11                   ; FPGA_CLK1_50                                                                         ;
;   6.732  ;   0.000  ; RR ; IC   ; 1      ; IOIBUF_X32_Y0_N1          ; FPGA_CLK1_50~input|i                                                                 ;
;   7.493  ;   0.761  ; RR ; CELL ; 2      ; IOIBUF_X32_Y0_N1          ; FPGA_CLK1_50~input|o                                                                 ;
;   8.654  ;   1.161  ; RR ; IC   ; 1      ; PLLREFCLKSELECT_X0_Y7_N0  ; pll_hdmi|pll_hdmi_inst|altera_pll_i|cyclonev_pll|fpll_0|REFCLK_SELECT|clkin[0]       ;
;   8.962  ;   0.308  ; RR ; CELL ; 1      ; PLLREFCLKSELECT_X0_Y7_N0  ; pll_hdmi|pll_hdmi_inst|altera_pll_i|cyclonev_pll|fpll_0|REFCLK_SELECT|clkout         ;
;   8.962  ;   0.000  ; RR ; IC   ; 10     ; FRACTIONALPLL_X0_Y1_N0    ; pll_hdmi|pll_hdmi_inst|altera_pll_i|cyclonev_pll|fpll_0|fpll|refclkin                ;
;   8.811  ;   -0.151 ; RR ; COMP ; 1      ; FRACTIONALPLL_X0_Y1_N0    ; pll_hdmi|pll_hdmi_inst|altera_pll_i|cyclonev_pll|fpll_0|fpll|vcoph[0]                ;
;   8.811  ;   0.000  ; RR ; IC   ; 1      ; PLLOUTPUTCOUNTER_X0_Y5_N1 ; pll_hdmi|pll_hdmi_inst|altera_pll_i|cyclonev_pll|counter[0].output_counter|vco0ph[0] ;
;   10.277 ;   1.466  ; RR ; CELL ; 3      ; PLLOUTPUTCOUNTER_X0_Y5_N1 ; pll_hdmi|pll_hdmi_inst|altera_pll_i|cyclonev_pll|counter[0].output_counter|divclk    ;
;   11.282 ;   1.005  ; RR ; IC   ; 1      ; CLKCTRL_G4                ; pll_hdmi|pll_hdmi_inst|altera_pll_i|cyclonev_pll|divclk[0]~CLKENA0|inclk             ;
;   11.561 ;   0.279  ; RR ; CELL ; 3657   ; CLKCTRL_G4                ; pll_hdmi|pll_hdmi_inst|altera_pll_i|cyclonev_pll|divclk[0]~CLKENA0|outclk            ;
;   13.398 ;   1.837  ; RR ; IC   ; 39     ; DSP_X54_Y26_N0            ; ascal|Mult12~8|clk[0]                                                                ;
;   14.181 ;   0.783  ; RR ; CELL ; 1      ; DSP_X54_Y26_N0            ; ascal:ascal|o_adrs_pre[2]_OTERM21                                                    ;
;   15.519 ;   1.338  ;    ;      ;        ;                           ; clock pessimism removed                                                              ;
; 15.319   ; -0.200   ;    ;      ;        ;                           ; clock uncertainty                                                                    ;
; 15.319   ; 0.000    ;    ; uTsu ; 1      ; DSP_X54_Y26_N0            ; ascal:ascal|o_adrs_pre[2]_OTERM21                                                    ;
+----------+----------+----+------+--------+---------------------------+--------------------------------------------------------------------------------------+

----------------------------
; Extra Fitter Information ;
----------------------------
HTML report is unavailable in plain text report export.


Path #7: Setup slack is 0.146 
===============================================================================
+--------------------------------------------------------------------------------------------------------+
; Path Summary                                                                                           ;
+--------------------+-----------------------------------------------------------------------------------+
; Property           ; Value                                                                             ;
+--------------------+-----------------------------------------------------------------------------------+
; From Node          ; ascal:ascal|o_vacpt[4]                                                            ;
; To Node            ; ascal:ascal|o_adrs_pre[3]_OTERM27                                                 ;
; Launch Clock       ; pll_hdmi|pll_hdmi_inst|altera_pll_i|cyclonev_pll|counter[0].output_counter|divclk ;
; Latch Clock        ; pll_hdmi|pll_hdmi_inst|altera_pll_i|cyclonev_pll|counter[0].output_counter|divclk ;
; Data Arrival Time  ; 15.173                                                                            ;
; Data Required Time ; 15.319                                                                            ;
; Slack              ; 0.146                                                                             ;
+--------------------+-----------------------------------------------------------------------------------+

+-------------------------------------------------------------------------------------+
; Statistics                                                                          ;
+------------------------+-------+-------+-------------+------------+--------+--------+
; Property               ; Value ; Count ; Total Delay ; % of Total ; Min    ; Max    ;
+------------------------+-------+-------+-------------+------------+--------+--------+
; Setup Relationship     ; 6.732 ;       ;             ;            ;        ;        ;
; Clock Skew             ; 0.186 ;       ;             ;            ;        ;        ;
; Data Delay             ; 6.572 ;       ;             ;            ;        ;        ;
; Number of Logic Levels ;       ; 1     ;             ;            ;        ;        ;
; Physical Delays        ;       ;       ;             ;            ;        ;        ;
;  Arrival Path          ;       ;       ;             ;            ;        ;        ;
;   Clock                ;       ;       ;             ;            ;        ;        ;
;    IC                  ;       ; 6     ; 4.700       ; 55         ; 0.000  ; 2.233  ;
;    Cell                ;       ; 6     ; 3.901       ; 45         ; 0.185  ; 1.745  ;
;   Data                 ;       ;       ;             ;            ;        ;        ;
;    IC                  ;       ; 10    ; 1.411       ; 21         ; 0.000  ; 0.955  ;
;    Cell                ;       ; 11    ; 5.161       ; 79         ; 0.000  ; 3.549  ;
;    uTco                ;       ; 1     ; 0.000       ; 0          ; 0.000  ; 0.000  ;
;  Required Path         ;       ;       ;             ;            ;        ;        ;
;   Clock                ;       ;       ;             ;            ;        ;        ;
;    IC                  ;       ; 6     ; 4.003       ; 53         ; 0.000  ; 1.837  ;
;    Cell                ;       ; 5     ; 3.597       ; 47         ; 0.279  ; 1.466  ;
;    PLL Compensation    ;       ; 1     ; -0.151      ; 0          ; -0.151 ; -0.151 ;
+------------------------+-------+-------+-------------+------------+--------+--------+
Note: Negative delays are omitted from totals when calculating percentages

+------------------------------------------------------------------------------------------------------------------------------------------------------------+
; Data Arrival Path                                                                                                                                          ;
+----------+---------+----+------+--------+---------------------------+--------------------------------------------------------------------------------------+
; Total    ; Incr    ; RF ; Type ; Fanout ; Location                  ; Element                                                                              ;
+----------+---------+----+------+--------+---------------------------+--------------------------------------------------------------------------------------+
; 0.000    ; 0.000   ;    ;      ;        ;                           ; launch edge time                                                                     ;
; 8.601    ; 8.601   ;    ;      ;        ;                           ; clock path                                                                           ;
;   0.000  ;   0.000 ;    ;      ;        ;                           ; source latency                                                                       ;
;   0.000  ;   0.000 ;    ;      ; 1      ; PIN_V11                   ; FPGA_CLK1_50                                                                         ;
;   0.000  ;   0.000 ; RR ; IC   ; 1      ; IOIBUF_X32_Y0_N1          ; FPGA_CLK1_50~input|i                                                                 ;
;   0.761  ;   0.761 ; RR ; CELL ; 2      ; IOIBUF_X32_Y0_N1          ; FPGA_CLK1_50~input|o                                                                 ;
;   2.086  ;   1.325 ; RR ; IC   ; 1      ; PLLREFCLKSELECT_X0_Y7_N0  ; pll_hdmi|pll_hdmi_inst|altera_pll_i|cyclonev_pll|fpll_0|REFCLK_SELECT|clkin[0]       ;
;   2.419  ;   0.333 ; RR ; CELL ; 1      ; PLLREFCLKSELECT_X0_Y7_N0  ; pll_hdmi|pll_hdmi_inst|altera_pll_i|cyclonev_pll|fpll_0|REFCLK_SELECT|clkout         ;
;   2.419  ;   0.000 ; RR ; IC   ; 10     ; FRACTIONALPLL_X0_Y1_N0    ; pll_hdmi|pll_hdmi_inst|altera_pll_i|cyclonev_pll|fpll_0|fpll|refclkin                ;
;   2.604  ;   0.185 ; RR ; CELL ; 1      ; FRACTIONALPLL_X0_Y1_N0    ; pll_hdmi|pll_hdmi_inst|altera_pll_i|cyclonev_pll|fpll_0|fpll|vcoph[0]                ;
;   2.604  ;   0.000 ; RR ; IC   ; 1      ; PLLOUTPUTCOUNTER_X0_Y5_N1 ; pll_hdmi|pll_hdmi_inst|altera_pll_i|cyclonev_pll|counter[0].output_counter|vco0ph[0] ;
;   4.349  ;   1.745 ; RR ; CELL ; 3      ; PLLOUTPUTCOUNTER_X0_Y5_N1 ; pll_hdmi|pll_hdmi_inst|altera_pll_i|cyclonev_pll|counter[0].output_counter|divclk    ;
;   5.491  ;   1.142 ; RR ; IC   ; 1      ; CLKCTRL_G4                ; pll_hdmi|pll_hdmi_inst|altera_pll_i|cyclonev_pll|divclk[0]~CLKENA0|inclk             ;
;   5.795  ;   0.304 ; RR ; CELL ; 3657   ; CLKCTRL_G4                ; pll_hdmi|pll_hdmi_inst|altera_pll_i|cyclonev_pll|divclk[0]~CLKENA0|outclk            ;
;   8.028  ;   2.233 ; RR ; IC   ; 1      ; FF_X56_Y26_N14            ; ascal|o_vacpt[4]|clk                                                                 ;
;   8.601  ;   0.573 ; RR ; CELL ; 1      ; FF_X56_Y26_N14            ; ascal:ascal|o_vacpt[4]                                                               ;
; 15.173   ; 6.572   ;    ;      ;        ;                           ; data path                                                                            ;
;   8.601  ;   0.000 ;    ; uTco ; 1      ; FF_X56_Y26_N14            ; ascal:ascal|o_vacpt[4]                                                               ;
;   8.601  ;   0.000 ; RR ; CELL ; 5      ; FF_X56_Y26_N14            ; ascal|o_vacpt[4]|q                                                                   ;
;   9.057  ;   0.456 ; RR ; IC   ; 2      ; LABCELL_X55_Y26_N12       ; ascal|Add83~13|datab                                                                 ;
;   10.119 ;   1.062 ; RR ; CELL ; 1      ; LABCELL_X55_Y26_N12       ; ascal|Add83~13|cout                                                                  ;
;   10.119 ;   0.000 ; RR ; IC   ; 2      ; LABCELL_X55_Y26_N15       ; ascal|Add83~17|cin                                                                   ;
;   10.119 ;   0.000 ; RR ; CELL ; 1      ; LABCELL_X55_Y26_N15       ; ascal|Add83~17|cout                                                                  ;
;   10.119 ;   0.000 ; RR ; IC   ; 2      ; LABCELL_X55_Y26_N18       ; ascal|Add83~21|cin                                                                   ;
;   10.169 ;   0.050 ; RR ; CELL ; 1      ; LABCELL_X55_Y26_N18       ; ascal|Add83~21|cout                                                                  ;
;   10.169 ;   0.000 ; RR ; IC   ; 2      ; LABCELL_X55_Y26_N21       ; ascal|Add83~25|cin                                                                   ;
;   10.169 ;   0.000 ; RR ; CELL ; 1      ; LABCELL_X55_Y26_N21       ; ascal|Add83~25|cout                                                                  ;
;   10.169 ;   0.000 ; RR ; IC   ; 2      ; LABCELL_X55_Y26_N24       ; ascal|Add83~29|cin                                                                   ;
;   10.233 ;   0.064 ; RR ; CELL ; 1      ; LABCELL_X55_Y26_N24       ; ascal|Add83~29|cout                                                                  ;
;   10.233 ;   0.000 ; RR ; IC   ; 2      ; LABCELL_X55_Y26_N27       ; ascal|Add83~33|cin                                                                   ;
;   10.233 ;   0.000 ; RR ; CELL ; 1      ; LABCELL_X55_Y26_N27       ; ascal|Add83~33|cout                                                                  ;
;   10.233 ;   0.000 ; RR ; IC   ; 2      ; LABCELL_X55_Y26_N30       ; ascal|Add83~37|cin                                                                   ;
;   10.333 ;   0.100 ; RR ; CELL ; 1      ; LABCELL_X55_Y26_N30       ; ascal|Add83~37|cout                                                                  ;
;   10.333 ;   0.000 ; RR ; IC   ; 2      ; LABCELL_X55_Y26_N33       ; ascal|Add83~41|cin                                                                   ;
;   10.333 ;   0.000 ; RR ; CELL ; 1      ; LABCELL_X55_Y26_N33       ; ascal|Add83~41|cout                                                                  ;
;   10.333 ;   0.000 ; RR ; IC   ; 1      ; LABCELL_X55_Y26_N36       ; ascal|Add83~45|cin                                                                   ;
;   10.669 ;   0.336 ; RF ; CELL ; 7      ; LABCELL_X55_Y26_N36       ; ascal|Add83~45|sumout                                                                ;
;   11.624 ;   0.955 ; FF ; IC   ; 24     ; DSP_X54_Y26_N0            ; ascal|Mult12~8|ay[18]                                                                ;
;   15.173 ;   3.549 ; FR ; CELL ; 1      ; DSP_X54_Y26_N0            ; ascal:ascal|o_adrs_pre[3]_OTERM27                                                    ;
+----------+---------+----+------+--------+---------------------------+--------------------------------------------------------------------------------------+

+-------------------------------------------------------------------------------------------------------------------------------------------------------------+
; Data Required Path                                                                                                                                          ;
+----------+----------+----+------+--------+---------------------------+--------------------------------------------------------------------------------------+
; Total    ; Incr     ; RF ; Type ; Fanout ; Location                  ; Element                                                                              ;
+----------+----------+----+------+--------+---------------------------+--------------------------------------------------------------------------------------+
; 6.732    ; 6.732    ;    ;      ;        ;                           ; latch edge time                                                                      ;
; 15.519   ; 8.787    ;    ;      ;        ;                           ; clock path                                                                           ;
;   6.732  ;   0.000  ;    ;      ;        ;                           ; source latency                                                                       ;
;   6.732  ;   0.000  ;    ;      ; 1      ; PIN_V11                   ; FPGA_CLK1_50                                                                         ;
;   6.732  ;   0.000  ; RR ; IC   ; 1      ; IOIBUF_X32_Y0_N1          ; FPGA_CLK1_50~input|i                                                                 ;
;   7.493  ;   0.761  ; RR ; CELL ; 2      ; IOIBUF_X32_Y0_N1          ; FPGA_CLK1_50~input|o                                                                 ;
;   8.654  ;   1.161  ; RR ; IC   ; 1      ; PLLREFCLKSELECT_X0_Y7_N0  ; pll_hdmi|pll_hdmi_inst|altera_pll_i|cyclonev_pll|fpll_0|REFCLK_SELECT|clkin[0]       ;
;   8.962  ;   0.308  ; RR ; CELL ; 1      ; PLLREFCLKSELECT_X0_Y7_N0  ; pll_hdmi|pll_hdmi_inst|altera_pll_i|cyclonev_pll|fpll_0|REFCLK_SELECT|clkout         ;
;   8.962  ;   0.000  ; RR ; IC   ; 10     ; FRACTIONALPLL_X0_Y1_N0    ; pll_hdmi|pll_hdmi_inst|altera_pll_i|cyclonev_pll|fpll_0|fpll|refclkin                ;
;   8.811  ;   -0.151 ; RR ; COMP ; 1      ; FRACTIONALPLL_X0_Y1_N0    ; pll_hdmi|pll_hdmi_inst|altera_pll_i|cyclonev_pll|fpll_0|fpll|vcoph[0]                ;
;   8.811  ;   0.000  ; RR ; IC   ; 1      ; PLLOUTPUTCOUNTER_X0_Y5_N1 ; pll_hdmi|pll_hdmi_inst|altera_pll_i|cyclonev_pll|counter[0].output_counter|vco0ph[0] ;
;   10.277 ;   1.466  ; RR ; CELL ; 3      ; PLLOUTPUTCOUNTER_X0_Y5_N1 ; pll_hdmi|pll_hdmi_inst|altera_pll_i|cyclonev_pll|counter[0].output_counter|divclk    ;
;   11.282 ;   1.005  ; RR ; IC   ; 1      ; CLKCTRL_G4                ; pll_hdmi|pll_hdmi_inst|altera_pll_i|cyclonev_pll|divclk[0]~CLKENA0|inclk             ;
;   11.561 ;   0.279  ; RR ; CELL ; 3657   ; CLKCTRL_G4                ; pll_hdmi|pll_hdmi_inst|altera_pll_i|cyclonev_pll|divclk[0]~CLKENA0|outclk            ;
;   13.398 ;   1.837  ; RR ; IC   ; 39     ; DSP_X54_Y26_N0            ; ascal|Mult12~8|clk[0]                                                                ;
;   14.181 ;   0.783  ; RR ; CELL ; 1      ; DSP_X54_Y26_N0            ; ascal:ascal|o_adrs_pre[3]_OTERM27                                                    ;
;   15.519 ;   1.338  ;    ;      ;        ;                           ; clock pessimism removed                                                              ;
; 15.319   ; -0.200   ;    ;      ;        ;                           ; clock uncertainty                                                                    ;
; 15.319   ; 0.000    ;    ; uTsu ; 1      ; DSP_X54_Y26_N0            ; ascal:ascal|o_adrs_pre[3]_OTERM27                                                    ;
+----------+----------+----+------+--------+---------------------------+--------------------------------------------------------------------------------------+

----------------------------
; Extra Fitter Information ;
----------------------------
HTML report is unavailable in plain text report export.


Path #8: Setup slack is 0.146 
===============================================================================
+--------------------------------------------------------------------------------------------------------+
; Path Summary                                                                                           ;
+--------------------+-----------------------------------------------------------------------------------+
; Property           ; Value                                                                             ;
+--------------------+-----------------------------------------------------------------------------------+
; From Node          ; ascal:ascal|o_vacpt[4]                                                            ;
; To Node            ; ascal:ascal|o_adrs_pre[4]_OTERM51                                                 ;
; Launch Clock       ; pll_hdmi|pll_hdmi_inst|altera_pll_i|cyclonev_pll|counter[0].output_counter|divclk ;
; Latch Clock        ; pll_hdmi|pll_hdmi_inst|altera_pll_i|cyclonev_pll|counter[0].output_counter|divclk ;
; Data Arrival Time  ; 15.173                                                                            ;
; Data Required Time ; 15.319                                                                            ;
; Slack              ; 0.146                                                                             ;
+--------------------+-----------------------------------------------------------------------------------+

+-------------------------------------------------------------------------------------+
; Statistics                                                                          ;
+------------------------+-------+-------+-------------+------------+--------+--------+
; Property               ; Value ; Count ; Total Delay ; % of Total ; Min    ; Max    ;
+------------------------+-------+-------+-------------+------------+--------+--------+
; Setup Relationship     ; 6.732 ;       ;             ;            ;        ;        ;
; Clock Skew             ; 0.186 ;       ;             ;            ;        ;        ;
; Data Delay             ; 6.572 ;       ;             ;            ;        ;        ;
; Number of Logic Levels ;       ; 1     ;             ;            ;        ;        ;
; Physical Delays        ;       ;       ;             ;            ;        ;        ;
;  Arrival Path          ;       ;       ;             ;            ;        ;        ;
;   Clock                ;       ;       ;             ;            ;        ;        ;
;    IC                  ;       ; 6     ; 4.700       ; 55         ; 0.000  ; 2.233  ;
;    Cell                ;       ; 6     ; 3.901       ; 45         ; 0.185  ; 1.745  ;
;   Data                 ;       ;       ;             ;            ;        ;        ;
;    IC                  ;       ; 10    ; 1.411       ; 21         ; 0.000  ; 0.955  ;
;    Cell                ;       ; 11    ; 5.161       ; 79         ; 0.000  ; 3.549  ;
;    uTco                ;       ; 1     ; 0.000       ; 0          ; 0.000  ; 0.000  ;
;  Required Path         ;       ;       ;             ;            ;        ;        ;
;   Clock                ;       ;       ;             ;            ;        ;        ;
;    IC                  ;       ; 6     ; 4.003       ; 53         ; 0.000  ; 1.837  ;
;    Cell                ;       ; 5     ; 3.597       ; 47         ; 0.279  ; 1.466  ;
;    PLL Compensation    ;       ; 1     ; -0.151      ; 0          ; -0.151 ; -0.151 ;
+------------------------+-------+-------+-------------+------------+--------+--------+
Note: Negative delays are omitted from totals when calculating percentages

+------------------------------------------------------------------------------------------------------------------------------------------------------------+
; Data Arrival Path                                                                                                                                          ;
+----------+---------+----+------+--------+---------------------------+--------------------------------------------------------------------------------------+
; Total    ; Incr    ; RF ; Type ; Fanout ; Location                  ; Element                                                                              ;
+----------+---------+----+------+--------+---------------------------+--------------------------------------------------------------------------------------+
; 0.000    ; 0.000   ;    ;      ;        ;                           ; launch edge time                                                                     ;
; 8.601    ; 8.601   ;    ;      ;        ;                           ; clock path                                                                           ;
;   0.000  ;   0.000 ;    ;      ;        ;                           ; source latency                                                                       ;
;   0.000  ;   0.000 ;    ;      ; 1      ; PIN_V11                   ; FPGA_CLK1_50                                                                         ;
;   0.000  ;   0.000 ; RR ; IC   ; 1      ; IOIBUF_X32_Y0_N1          ; FPGA_CLK1_50~input|i                                                                 ;
;   0.761  ;   0.761 ; RR ; CELL ; 2      ; IOIBUF_X32_Y0_N1          ; FPGA_CLK1_50~input|o                                                                 ;
;   2.086  ;   1.325 ; RR ; IC   ; 1      ; PLLREFCLKSELECT_X0_Y7_N0  ; pll_hdmi|pll_hdmi_inst|altera_pll_i|cyclonev_pll|fpll_0|REFCLK_SELECT|clkin[0]       ;
;   2.419  ;   0.333 ; RR ; CELL ; 1      ; PLLREFCLKSELECT_X0_Y7_N0  ; pll_hdmi|pll_hdmi_inst|altera_pll_i|cyclonev_pll|fpll_0|REFCLK_SELECT|clkout         ;
;   2.419  ;   0.000 ; RR ; IC   ; 10     ; FRACTIONALPLL_X0_Y1_N0    ; pll_hdmi|pll_hdmi_inst|altera_pll_i|cyclonev_pll|fpll_0|fpll|refclkin                ;
;   2.604  ;   0.185 ; RR ; CELL ; 1      ; FRACTIONALPLL_X0_Y1_N0    ; pll_hdmi|pll_hdmi_inst|altera_pll_i|cyclonev_pll|fpll_0|fpll|vcoph[0]                ;
;   2.604  ;   0.000 ; RR ; IC   ; 1      ; PLLOUTPUTCOUNTER_X0_Y5_N1 ; pll_hdmi|pll_hdmi_inst|altera_pll_i|cyclonev_pll|counter[0].output_counter|vco0ph[0] ;
;   4.349  ;   1.745 ; RR ; CELL ; 3      ; PLLOUTPUTCOUNTER_X0_Y5_N1 ; pll_hdmi|pll_hdmi_inst|altera_pll_i|cyclonev_pll|counter[0].output_counter|divclk    ;
;   5.491  ;   1.142 ; RR ; IC   ; 1      ; CLKCTRL_G4                ; pll_hdmi|pll_hdmi_inst|altera_pll_i|cyclonev_pll|divclk[0]~CLKENA0|inclk             ;
;   5.795  ;   0.304 ; RR ; CELL ; 3657   ; CLKCTRL_G4                ; pll_hdmi|pll_hdmi_inst|altera_pll_i|cyclonev_pll|divclk[0]~CLKENA0|outclk            ;
;   8.028  ;   2.233 ; RR ; IC   ; 1      ; FF_X56_Y26_N14            ; ascal|o_vacpt[4]|clk                                                                 ;
;   8.601  ;   0.573 ; RR ; CELL ; 1      ; FF_X56_Y26_N14            ; ascal:ascal|o_vacpt[4]                                                               ;
; 15.173   ; 6.572   ;    ;      ;        ;                           ; data path                                                                            ;
;   8.601  ;   0.000 ;    ; uTco ; 1      ; FF_X56_Y26_N14            ; ascal:ascal|o_vacpt[4]                                                               ;
;   8.601  ;   0.000 ; RR ; CELL ; 5      ; FF_X56_Y26_N14            ; ascal|o_vacpt[4]|q                                                                   ;
;   9.057  ;   0.456 ; RR ; IC   ; 2      ; LABCELL_X55_Y26_N12       ; ascal|Add83~13|datab                                                                 ;
;   10.119 ;   1.062 ; RR ; CELL ; 1      ; LABCELL_X55_Y26_N12       ; ascal|Add83~13|cout                                                                  ;
;   10.119 ;   0.000 ; RR ; IC   ; 2      ; LABCELL_X55_Y26_N15       ; ascal|Add83~17|cin                                                                   ;
;   10.119 ;   0.000 ; RR ; CELL ; 1      ; LABCELL_X55_Y26_N15       ; ascal|Add83~17|cout                                                                  ;
;   10.119 ;   0.000 ; RR ; IC   ; 2      ; LABCELL_X55_Y26_N18       ; ascal|Add83~21|cin                                                                   ;
;   10.169 ;   0.050 ; RR ; CELL ; 1      ; LABCELL_X55_Y26_N18       ; ascal|Add83~21|cout                                                                  ;
;   10.169 ;   0.000 ; RR ; IC   ; 2      ; LABCELL_X55_Y26_N21       ; ascal|Add83~25|cin                                                                   ;
;   10.169 ;   0.000 ; RR ; CELL ; 1      ; LABCELL_X55_Y26_N21       ; ascal|Add83~25|cout                                                                  ;
;   10.169 ;   0.000 ; RR ; IC   ; 2      ; LABCELL_X55_Y26_N24       ; ascal|Add83~29|cin                                                                   ;
;   10.233 ;   0.064 ; RR ; CELL ; 1      ; LABCELL_X55_Y26_N24       ; ascal|Add83~29|cout                                                                  ;
;   10.233 ;   0.000 ; RR ; IC   ; 2      ; LABCELL_X55_Y26_N27       ; ascal|Add83~33|cin                                                                   ;
;   10.233 ;   0.000 ; RR ; CELL ; 1      ; LABCELL_X55_Y26_N27       ; ascal|Add83~33|cout                                                                  ;
;   10.233 ;   0.000 ; RR ; IC   ; 2      ; LABCELL_X55_Y26_N30       ; ascal|Add83~37|cin                                                                   ;
;   10.333 ;   0.100 ; RR ; CELL ; 1      ; LABCELL_X55_Y26_N30       ; ascal|Add83~37|cout                                                                  ;
;   10.333 ;   0.000 ; RR ; IC   ; 2      ; LABCELL_X55_Y26_N33       ; ascal|Add83~41|cin                                                                   ;
;   10.333 ;   0.000 ; RR ; CELL ; 1      ; LABCELL_X55_Y26_N33       ; ascal|Add83~41|cout                                                                  ;
;   10.333 ;   0.000 ; RR ; IC   ; 1      ; LABCELL_X55_Y26_N36       ; ascal|Add83~45|cin                                                                   ;
;   10.669 ;   0.336 ; RF ; CELL ; 7      ; LABCELL_X55_Y26_N36       ; ascal|Add83~45|sumout                                                                ;
;   11.624 ;   0.955 ; FF ; IC   ; 24     ; DSP_X54_Y26_N0            ; ascal|Mult12~8|ay[18]                                                                ;
;   15.173 ;   3.549 ; FR ; CELL ; 1      ; DSP_X54_Y26_N0            ; ascal:ascal|o_adrs_pre[4]_OTERM51                                                    ;
+----------+---------+----+------+--------+---------------------------+--------------------------------------------------------------------------------------+

+-------------------------------------------------------------------------------------------------------------------------------------------------------------+
; Data Required Path                                                                                                                                          ;
+----------+----------+----+------+--------+---------------------------+--------------------------------------------------------------------------------------+
; Total    ; Incr     ; RF ; Type ; Fanout ; Location                  ; Element                                                                              ;
+----------+----------+----+------+--------+---------------------------+--------------------------------------------------------------------------------------+
; 6.732    ; 6.732    ;    ;      ;        ;                           ; latch edge time                                                                      ;
; 15.519   ; 8.787    ;    ;      ;        ;                           ; clock path                                                                           ;
;   6.732  ;   0.000  ;    ;      ;        ;                           ; source latency                                                                       ;
;   6.732  ;   0.000  ;    ;      ; 1      ; PIN_V11                   ; FPGA_CLK1_50                                                                         ;
;   6.732  ;   0.000  ; RR ; IC   ; 1      ; IOIBUF_X32_Y0_N1          ; FPGA_CLK1_50~input|i                                                                 ;
;   7.493  ;   0.761  ; RR ; CELL ; 2      ; IOIBUF_X32_Y0_N1          ; FPGA_CLK1_50~input|o                                                                 ;
;   8.654  ;   1.161  ; RR ; IC   ; 1      ; PLLREFCLKSELECT_X0_Y7_N0  ; pll_hdmi|pll_hdmi_inst|altera_pll_i|cyclonev_pll|fpll_0|REFCLK_SELECT|clkin[0]       ;
;   8.962  ;   0.308  ; RR ; CELL ; 1      ; PLLREFCLKSELECT_X0_Y7_N0  ; pll_hdmi|pll_hdmi_inst|altera_pll_i|cyclonev_pll|fpll_0|REFCLK_SELECT|clkout         ;
;   8.962  ;   0.000  ; RR ; IC   ; 10     ; FRACTIONALPLL_X0_Y1_N0    ; pll_hdmi|pll_hdmi_inst|altera_pll_i|cyclonev_pll|fpll_0|fpll|refclkin                ;
;   8.811  ;   -0.151 ; RR ; COMP ; 1      ; FRACTIONALPLL_X0_Y1_N0    ; pll_hdmi|pll_hdmi_inst|altera_pll_i|cyclonev_pll|fpll_0|fpll|vcoph[0]                ;
;   8.811  ;   0.000  ; RR ; IC   ; 1      ; PLLOUTPUTCOUNTER_X0_Y5_N1 ; pll_hdmi|pll_hdmi_inst|altera_pll_i|cyclonev_pll|counter[0].output_counter|vco0ph[0] ;
;   10.277 ;   1.466  ; RR ; CELL ; 3      ; PLLOUTPUTCOUNTER_X0_Y5_N1 ; pll_hdmi|pll_hdmi_inst|altera_pll_i|cyclonev_pll|counter[0].output_counter|divclk    ;
;   11.282 ;   1.005  ; RR ; IC   ; 1      ; CLKCTRL_G4                ; pll_hdmi|pll_hdmi_inst|altera_pll_i|cyclonev_pll|divclk[0]~CLKENA0|inclk             ;
;   11.561 ;   0.279  ; RR ; CELL ; 3657   ; CLKCTRL_G4                ; pll_hdmi|pll_hdmi_inst|altera_pll_i|cyclonev_pll|divclk[0]~CLKENA0|outclk            ;
;   13.398 ;   1.837  ; RR ; IC   ; 39     ; DSP_X54_Y26_N0            ; ascal|Mult12~8|clk[0]                                                                ;
;   14.181 ;   0.783  ; RR ; CELL ; 1      ; DSP_X54_Y26_N0            ; ascal:ascal|o_adrs_pre[4]_OTERM51                                                    ;
;   15.519 ;   1.338  ;    ;      ;        ;                           ; clock pessimism removed                                                              ;
; 15.319   ; -0.200   ;    ;      ;        ;                           ; clock uncertainty                                                                    ;
; 15.319   ; 0.000    ;    ; uTsu ; 1      ; DSP_X54_Y26_N0            ; ascal:ascal|o_adrs_pre[4]_OTERM51                                                    ;
+----------+----------+----+------+--------+---------------------------+--------------------------------------------------------------------------------------+

----------------------------
; Extra Fitter Information ;
----------------------------
HTML report is unavailable in plain text report export.


Path #9: Setup slack is 0.146 
===============================================================================
+--------------------------------------------------------------------------------------------------------+
; Path Summary                                                                                           ;
+--------------------+-----------------------------------------------------------------------------------+
; Property           ; Value                                                                             ;
+--------------------+-----------------------------------------------------------------------------------+
; From Node          ; ascal:ascal|o_vacpt[4]                                                            ;
; To Node            ; ascal:ascal|o_adrs_pre[5]_OTERM45                                                 ;
; Launch Clock       ; pll_hdmi|pll_hdmi_inst|altera_pll_i|cyclonev_pll|counter[0].output_counter|divclk ;
; Latch Clock        ; pll_hdmi|pll_hdmi_inst|altera_pll_i|cyclonev_pll|counter[0].output_counter|divclk ;
; Data Arrival Time  ; 15.173                                                                            ;
; Data Required Time ; 15.319                                                                            ;
; Slack              ; 0.146                                                                             ;
+--------------------+-----------------------------------------------------------------------------------+

+-------------------------------------------------------------------------------------+
; Statistics                                                                          ;
+------------------------+-------+-------+-------------+------------+--------+--------+
; Property               ; Value ; Count ; Total Delay ; % of Total ; Min    ; Max    ;
+------------------------+-------+-------+-------------+------------+--------+--------+
; Setup Relationship     ; 6.732 ;       ;             ;            ;        ;        ;
; Clock Skew             ; 0.186 ;       ;             ;            ;        ;        ;
; Data Delay             ; 6.572 ;       ;             ;            ;        ;        ;
; Number of Logic Levels ;       ; 1     ;             ;            ;        ;        ;
; Physical Delays        ;       ;       ;             ;            ;        ;        ;
;  Arrival Path          ;       ;       ;             ;            ;        ;        ;
;   Clock                ;       ;       ;             ;            ;        ;        ;
;    IC                  ;       ; 6     ; 4.700       ; 55         ; 0.000  ; 2.233  ;
;    Cell                ;       ; 6     ; 3.901       ; 45         ; 0.185  ; 1.745  ;
;   Data                 ;       ;       ;             ;            ;        ;        ;
;    IC                  ;       ; 10    ; 1.411       ; 21         ; 0.000  ; 0.955  ;
;    Cell                ;       ; 11    ; 5.161       ; 79         ; 0.000  ; 3.549  ;
;    uTco                ;       ; 1     ; 0.000       ; 0          ; 0.000  ; 0.000  ;
;  Required Path         ;       ;       ;             ;            ;        ;        ;
;   Clock                ;       ;       ;             ;            ;        ;        ;
;    IC                  ;       ; 6     ; 4.003       ; 53         ; 0.000  ; 1.837  ;
;    Cell                ;       ; 5     ; 3.597       ; 47         ; 0.279  ; 1.466  ;
;    PLL Compensation    ;       ; 1     ; -0.151      ; 0          ; -0.151 ; -0.151 ;
+------------------------+-------+-------+-------------+------------+--------+--------+
Note: Negative delays are omitted from totals when calculating percentages

+------------------------------------------------------------------------------------------------------------------------------------------------------------+
; Data Arrival Path                                                                                                                                          ;
+----------+---------+----+------+--------+---------------------------+--------------------------------------------------------------------------------------+
; Total    ; Incr    ; RF ; Type ; Fanout ; Location                  ; Element                                                                              ;
+----------+---------+----+------+--------+---------------------------+--------------------------------------------------------------------------------------+
; 0.000    ; 0.000   ;    ;      ;        ;                           ; launch edge time                                                                     ;
; 8.601    ; 8.601   ;    ;      ;        ;                           ; clock path                                                                           ;
;   0.000  ;   0.000 ;    ;      ;        ;                           ; source latency                                                                       ;
;   0.000  ;   0.000 ;    ;      ; 1      ; PIN_V11                   ; FPGA_CLK1_50                                                                         ;
;   0.000  ;   0.000 ; RR ; IC   ; 1      ; IOIBUF_X32_Y0_N1          ; FPGA_CLK1_50~input|i                                                                 ;
;   0.761  ;   0.761 ; RR ; CELL ; 2      ; IOIBUF_X32_Y0_N1          ; FPGA_CLK1_50~input|o                                                                 ;
;   2.086  ;   1.325 ; RR ; IC   ; 1      ; PLLREFCLKSELECT_X0_Y7_N0  ; pll_hdmi|pll_hdmi_inst|altera_pll_i|cyclonev_pll|fpll_0|REFCLK_SELECT|clkin[0]       ;
;   2.419  ;   0.333 ; RR ; CELL ; 1      ; PLLREFCLKSELECT_X0_Y7_N0  ; pll_hdmi|pll_hdmi_inst|altera_pll_i|cyclonev_pll|fpll_0|REFCLK_SELECT|clkout         ;
;   2.419  ;   0.000 ; RR ; IC   ; 10     ; FRACTIONALPLL_X0_Y1_N0    ; pll_hdmi|pll_hdmi_inst|altera_pll_i|cyclonev_pll|fpll_0|fpll|refclkin                ;
;   2.604  ;   0.185 ; RR ; CELL ; 1      ; FRACTIONALPLL_X0_Y1_N0    ; pll_hdmi|pll_hdmi_inst|altera_pll_i|cyclonev_pll|fpll_0|fpll|vcoph[0]                ;
;   2.604  ;   0.000 ; RR ; IC   ; 1      ; PLLOUTPUTCOUNTER_X0_Y5_N1 ; pll_hdmi|pll_hdmi_inst|altera_pll_i|cyclonev_pll|counter[0].output_counter|vco0ph[0] ;
;   4.349  ;   1.745 ; RR ; CELL ; 3      ; PLLOUTPUTCOUNTER_X0_Y5_N1 ; pll_hdmi|pll_hdmi_inst|altera_pll_i|cyclonev_pll|counter[0].output_counter|divclk    ;
;   5.491  ;   1.142 ; RR ; IC   ; 1      ; CLKCTRL_G4                ; pll_hdmi|pll_hdmi_inst|altera_pll_i|cyclonev_pll|divclk[0]~CLKENA0|inclk             ;
;   5.795  ;   0.304 ; RR ; CELL ; 3657   ; CLKCTRL_G4                ; pll_hdmi|pll_hdmi_inst|altera_pll_i|cyclonev_pll|divclk[0]~CLKENA0|outclk            ;
;   8.028  ;   2.233 ; RR ; IC   ; 1      ; FF_X56_Y26_N14            ; ascal|o_vacpt[4]|clk                                                                 ;
;   8.601  ;   0.573 ; RR ; CELL ; 1      ; FF_X56_Y26_N14            ; ascal:ascal|o_vacpt[4]                                                               ;
; 15.173   ; 6.572   ;    ;      ;        ;                           ; data path                                                                            ;
;   8.601  ;   0.000 ;    ; uTco ; 1      ; FF_X56_Y26_N14            ; ascal:ascal|o_vacpt[4]                                                               ;
;   8.601  ;   0.000 ; RR ; CELL ; 5      ; FF_X56_Y26_N14            ; ascal|o_vacpt[4]|q                                                                   ;
;   9.057  ;   0.456 ; RR ; IC   ; 2      ; LABCELL_X55_Y26_N12       ; ascal|Add83~13|datab                                                                 ;
;   10.119 ;   1.062 ; RR ; CELL ; 1      ; LABCELL_X55_Y26_N12       ; ascal|Add83~13|cout                                                                  ;
;   10.119 ;   0.000 ; RR ; IC   ; 2      ; LABCELL_X55_Y26_N15       ; ascal|Add83~17|cin                                                                   ;
;   10.119 ;   0.000 ; RR ; CELL ; 1      ; LABCELL_X55_Y26_N15       ; ascal|Add83~17|cout                                                                  ;
;   10.119 ;   0.000 ; RR ; IC   ; 2      ; LABCELL_X55_Y26_N18       ; ascal|Add83~21|cin                                                                   ;
;   10.169 ;   0.050 ; RR ; CELL ; 1      ; LABCELL_X55_Y26_N18       ; ascal|Add83~21|cout                                                                  ;
;   10.169 ;   0.000 ; RR ; IC   ; 2      ; LABCELL_X55_Y26_N21       ; ascal|Add83~25|cin                                                                   ;
;   10.169 ;   0.000 ; RR ; CELL ; 1      ; LABCELL_X55_Y26_N21       ; ascal|Add83~25|cout                                                                  ;
;   10.169 ;   0.000 ; RR ; IC   ; 2      ; LABCELL_X55_Y26_N24       ; ascal|Add83~29|cin                                                                   ;
;   10.233 ;   0.064 ; RR ; CELL ; 1      ; LABCELL_X55_Y26_N24       ; ascal|Add83~29|cout                                                                  ;
;   10.233 ;   0.000 ; RR ; IC   ; 2      ; LABCELL_X55_Y26_N27       ; ascal|Add83~33|cin                                                                   ;
;   10.233 ;   0.000 ; RR ; CELL ; 1      ; LABCELL_X55_Y26_N27       ; ascal|Add83~33|cout                                                                  ;
;   10.233 ;   0.000 ; RR ; IC   ; 2      ; LABCELL_X55_Y26_N30       ; ascal|Add83~37|cin                                                                   ;
;   10.333 ;   0.100 ; RR ; CELL ; 1      ; LABCELL_X55_Y26_N30       ; ascal|Add83~37|cout                                                                  ;
;   10.333 ;   0.000 ; RR ; IC   ; 2      ; LABCELL_X55_Y26_N33       ; ascal|Add83~41|cin                                                                   ;
;   10.333 ;   0.000 ; RR ; CELL ; 1      ; LABCELL_X55_Y26_N33       ; ascal|Add83~41|cout                                                                  ;
;   10.333 ;   0.000 ; RR ; IC   ; 1      ; LABCELL_X55_Y26_N36       ; ascal|Add83~45|cin                                                                   ;
;   10.669 ;   0.336 ; RF ; CELL ; 7      ; LABCELL_X55_Y26_N36       ; ascal|Add83~45|sumout                                                                ;
;   11.624 ;   0.955 ; FF ; IC   ; 24     ; DSP_X54_Y26_N0            ; ascal|Mult12~8|ay[18]                                                                ;
;   15.173 ;   3.549 ; FR ; CELL ; 1      ; DSP_X54_Y26_N0            ; ascal:ascal|o_adrs_pre[5]_OTERM45                                                    ;
+----------+---------+----+------+--------+---------------------------+--------------------------------------------------------------------------------------+

+-------------------------------------------------------------------------------------------------------------------------------------------------------------+
; Data Required Path                                                                                                                                          ;
+----------+----------+----+------+--------+---------------------------+--------------------------------------------------------------------------------------+
; Total    ; Incr     ; RF ; Type ; Fanout ; Location                  ; Element                                                                              ;
+----------+----------+----+------+--------+---------------------------+--------------------------------------------------------------------------------------+
; 6.732    ; 6.732    ;    ;      ;        ;                           ; latch edge time                                                                      ;
; 15.519   ; 8.787    ;    ;      ;        ;                           ; clock path                                                                           ;
;   6.732  ;   0.000  ;    ;      ;        ;                           ; source latency                                                                       ;
;   6.732  ;   0.000  ;    ;      ; 1      ; PIN_V11                   ; FPGA_CLK1_50                                                                         ;
;   6.732  ;   0.000  ; RR ; IC   ; 1      ; IOIBUF_X32_Y0_N1          ; FPGA_CLK1_50~input|i                                                                 ;
;   7.493  ;   0.761  ; RR ; CELL ; 2      ; IOIBUF_X32_Y0_N1          ; FPGA_CLK1_50~input|o                                                                 ;
;   8.654  ;   1.161  ; RR ; IC   ; 1      ; PLLREFCLKSELECT_X0_Y7_N0  ; pll_hdmi|pll_hdmi_inst|altera_pll_i|cyclonev_pll|fpll_0|REFCLK_SELECT|clkin[0]       ;
;   8.962  ;   0.308  ; RR ; CELL ; 1      ; PLLREFCLKSELECT_X0_Y7_N0  ; pll_hdmi|pll_hdmi_inst|altera_pll_i|cyclonev_pll|fpll_0|REFCLK_SELECT|clkout         ;
;   8.962  ;   0.000  ; RR ; IC   ; 10     ; FRACTIONALPLL_X0_Y1_N0    ; pll_hdmi|pll_hdmi_inst|altera_pll_i|cyclonev_pll|fpll_0|fpll|refclkin                ;
;   8.811  ;   -0.151 ; RR ; COMP ; 1      ; FRACTIONALPLL_X0_Y1_N0    ; pll_hdmi|pll_hdmi_inst|altera_pll_i|cyclonev_pll|fpll_0|fpll|vcoph[0]                ;
;   8.811  ;   0.000  ; RR ; IC   ; 1      ; PLLOUTPUTCOUNTER_X0_Y5_N1 ; pll_hdmi|pll_hdmi_inst|altera_pll_i|cyclonev_pll|counter[0].output_counter|vco0ph[0] ;
;   10.277 ;   1.466  ; RR ; CELL ; 3      ; PLLOUTPUTCOUNTER_X0_Y5_N1 ; pll_hdmi|pll_hdmi_inst|altera_pll_i|cyclonev_pll|counter[0].output_counter|divclk    ;
;   11.282 ;   1.005  ; RR ; IC   ; 1      ; CLKCTRL_G4                ; pll_hdmi|pll_hdmi_inst|altera_pll_i|cyclonev_pll|divclk[0]~CLKENA0|inclk             ;
;   11.561 ;   0.279  ; RR ; CELL ; 3657   ; CLKCTRL_G4                ; pll_hdmi|pll_hdmi_inst|altera_pll_i|cyclonev_pll|divclk[0]~CLKENA0|outclk            ;
;   13.398 ;   1.837  ; RR ; IC   ; 39     ; DSP_X54_Y26_N0            ; ascal|Mult12~8|clk[0]                                                                ;
;   14.181 ;   0.783  ; RR ; CELL ; 1      ; DSP_X54_Y26_N0            ; ascal:ascal|o_adrs_pre[5]_OTERM45                                                    ;
;   15.519 ;   1.338  ;    ;      ;        ;                           ; clock pessimism removed                                                              ;
; 15.319   ; -0.200   ;    ;      ;        ;                           ; clock uncertainty                                                                    ;
; 15.319   ; 0.000    ;    ; uTsu ; 1      ; DSP_X54_Y26_N0            ; ascal:ascal|o_adrs_pre[5]_OTERM45                                                    ;
+----------+----------+----+------+--------+---------------------------+--------------------------------------------------------------------------------------+

----------------------------
; Extra Fitter Information ;
----------------------------
HTML report is unavailable in plain text report export.


Path #10: Setup slack is 0.146 
===============================================================================
+--------------------------------------------------------------------------------------------------------+
; Path Summary                                                                                           ;
+--------------------+-----------------------------------------------------------------------------------+
; Property           ; Value                                                                             ;
+--------------------+-----------------------------------------------------------------------------------+
; From Node          ; ascal:ascal|o_vacpt[4]                                                            ;
; To Node            ; ascal:ascal|o_adrs_pre[6]_OTERM39                                                 ;
; Launch Clock       ; pll_hdmi|pll_hdmi_inst|altera_pll_i|cyclonev_pll|counter[0].output_counter|divclk ;
; Latch Clock        ; pll_hdmi|pll_hdmi_inst|altera_pll_i|cyclonev_pll|counter[0].output_counter|divclk ;
; Data Arrival Time  ; 15.173                                                                            ;
; Data Required Time ; 15.319                                                                            ;
; Slack              ; 0.146                                                                             ;
+--------------------+-----------------------------------------------------------------------------------+

+-------------------------------------------------------------------------------------+
; Statistics                                                                          ;
+------------------------+-------+-------+-------------+------------+--------+--------+
; Property               ; Value ; Count ; Total Delay ; % of Total ; Min    ; Max    ;
+------------------------+-------+-------+-------------+------------+--------+--------+
; Setup Relationship     ; 6.732 ;       ;             ;            ;        ;        ;
; Clock Skew             ; 0.186 ;       ;             ;            ;        ;        ;
; Data Delay             ; 6.572 ;       ;             ;            ;        ;        ;
; Number of Logic Levels ;       ; 1     ;             ;            ;        ;        ;
; Physical Delays        ;       ;       ;             ;            ;        ;        ;
;  Arrival Path          ;       ;       ;             ;            ;        ;        ;
;   Clock                ;       ;       ;             ;            ;        ;        ;
;    IC                  ;       ; 6     ; 4.700       ; 55         ; 0.000  ; 2.233  ;
;    Cell                ;       ; 6     ; 3.901       ; 45         ; 0.185  ; 1.745  ;
;   Data                 ;       ;       ;             ;            ;        ;        ;
;    IC                  ;       ; 10    ; 1.411       ; 21         ; 0.000  ; 0.955  ;
;    Cell                ;       ; 11    ; 5.161       ; 79         ; 0.000  ; 3.549  ;
;    uTco                ;       ; 1     ; 0.000       ; 0          ; 0.000  ; 0.000  ;
;  Required Path         ;       ;       ;             ;            ;        ;        ;
;   Clock                ;       ;       ;             ;            ;        ;        ;
;    IC                  ;       ; 6     ; 4.003       ; 53         ; 0.000  ; 1.837  ;
;    Cell                ;       ; 5     ; 3.597       ; 47         ; 0.279  ; 1.466  ;
;    PLL Compensation    ;       ; 1     ; -0.151      ; 0          ; -0.151 ; -0.151 ;
+------------------------+-------+-------+-------------+------------+--------+--------+
Note: Negative delays are omitted from totals when calculating percentages

+------------------------------------------------------------------------------------------------------------------------------------------------------------+
; Data Arrival Path                                                                                                                                          ;
+----------+---------+----+------+--------+---------------------------+--------------------------------------------------------------------------------------+
; Total    ; Incr    ; RF ; Type ; Fanout ; Location                  ; Element                                                                              ;
+----------+---------+----+------+--------+---------------------------+--------------------------------------------------------------------------------------+
; 0.000    ; 0.000   ;    ;      ;        ;                           ; launch edge time                                                                     ;
; 8.601    ; 8.601   ;    ;      ;        ;                           ; clock path                                                                           ;
;   0.000  ;   0.000 ;    ;      ;        ;                           ; source latency                                                                       ;
;   0.000  ;   0.000 ;    ;      ; 1      ; PIN_V11                   ; FPGA_CLK1_50                                                                         ;
;   0.000  ;   0.000 ; RR ; IC   ; 1      ; IOIBUF_X32_Y0_N1          ; FPGA_CLK1_50~input|i                                                                 ;
;   0.761  ;   0.761 ; RR ; CELL ; 2      ; IOIBUF_X32_Y0_N1          ; FPGA_CLK1_50~input|o                                                                 ;
;   2.086  ;   1.325 ; RR ; IC   ; 1      ; PLLREFCLKSELECT_X0_Y7_N0  ; pll_hdmi|pll_hdmi_inst|altera_pll_i|cyclonev_pll|fpll_0|REFCLK_SELECT|clkin[0]       ;
;   2.419  ;   0.333 ; RR ; CELL ; 1      ; PLLREFCLKSELECT_X0_Y7_N0  ; pll_hdmi|pll_hdmi_inst|altera_pll_i|cyclonev_pll|fpll_0|REFCLK_SELECT|clkout         ;
;   2.419  ;   0.000 ; RR ; IC   ; 10     ; FRACTIONALPLL_X0_Y1_N0    ; pll_hdmi|pll_hdmi_inst|altera_pll_i|cyclonev_pll|fpll_0|fpll|refclkin                ;
;   2.604  ;   0.185 ; RR ; CELL ; 1      ; FRACTIONALPLL_X0_Y1_N0    ; pll_hdmi|pll_hdmi_inst|altera_pll_i|cyclonev_pll|fpll_0|fpll|vcoph[0]                ;
;   2.604  ;   0.000 ; RR ; IC   ; 1      ; PLLOUTPUTCOUNTER_X0_Y5_N1 ; pll_hdmi|pll_hdmi_inst|altera_pll_i|cyclonev_pll|counter[0].output_counter|vco0ph[0] ;
;   4.349  ;   1.745 ; RR ; CELL ; 3      ; PLLOUTPUTCOUNTER_X0_Y5_N1 ; pll_hdmi|pll_hdmi_inst|altera_pll_i|cyclonev_pll|counter[0].output_counter|divclk    ;
;   5.491  ;   1.142 ; RR ; IC   ; 1      ; CLKCTRL_G4                ; pll_hdmi|pll_hdmi_inst|altera_pll_i|cyclonev_pll|divclk[0]~CLKENA0|inclk             ;
;   5.795  ;   0.304 ; RR ; CELL ; 3657   ; CLKCTRL_G4                ; pll_hdmi|pll_hdmi_inst|altera_pll_i|cyclonev_pll|divclk[0]~CLKENA0|outclk            ;
;   8.028  ;   2.233 ; RR ; IC   ; 1      ; FF_X56_Y26_N14            ; ascal|o_vacpt[4]|clk                                                                 ;
;   8.601  ;   0.573 ; RR ; CELL ; 1      ; FF_X56_Y26_N14            ; ascal:ascal|o_vacpt[4]                                                               ;
; 15.173   ; 6.572   ;    ;      ;        ;                           ; data path                                                                            ;
;   8.601  ;   0.000 ;    ; uTco ; 1      ; FF_X56_Y26_N14            ; ascal:ascal|o_vacpt[4]                                                               ;
;   8.601  ;   0.000 ; RR ; CELL ; 5      ; FF_X56_Y26_N14            ; ascal|o_vacpt[4]|q                                                                   ;
;   9.057  ;   0.456 ; RR ; IC   ; 2      ; LABCELL_X55_Y26_N12       ; ascal|Add83~13|datab                                                                 ;
;   10.119 ;   1.062 ; RR ; CELL ; 1      ; LABCELL_X55_Y26_N12       ; ascal|Add83~13|cout                                                                  ;
;   10.119 ;   0.000 ; RR ; IC   ; 2      ; LABCELL_X55_Y26_N15       ; ascal|Add83~17|cin                                                                   ;
;   10.119 ;   0.000 ; RR ; CELL ; 1      ; LABCELL_X55_Y26_N15       ; ascal|Add83~17|cout                                                                  ;
;   10.119 ;   0.000 ; RR ; IC   ; 2      ; LABCELL_X55_Y26_N18       ; ascal|Add83~21|cin                                                                   ;
;   10.169 ;   0.050 ; RR ; CELL ; 1      ; LABCELL_X55_Y26_N18       ; ascal|Add83~21|cout                                                                  ;
;   10.169 ;   0.000 ; RR ; IC   ; 2      ; LABCELL_X55_Y26_N21       ; ascal|Add83~25|cin                                                                   ;
;   10.169 ;   0.000 ; RR ; CELL ; 1      ; LABCELL_X55_Y26_N21       ; ascal|Add83~25|cout                                                                  ;
;   10.169 ;   0.000 ; RR ; IC   ; 2      ; LABCELL_X55_Y26_N24       ; ascal|Add83~29|cin                                                                   ;
;   10.233 ;   0.064 ; RR ; CELL ; 1      ; LABCELL_X55_Y26_N24       ; ascal|Add83~29|cout                                                                  ;
;   10.233 ;   0.000 ; RR ; IC   ; 2      ; LABCELL_X55_Y26_N27       ; ascal|Add83~33|cin                                                                   ;
;   10.233 ;   0.000 ; RR ; CELL ; 1      ; LABCELL_X55_Y26_N27       ; ascal|Add83~33|cout                                                                  ;
;   10.233 ;   0.000 ; RR ; IC   ; 2      ; LABCELL_X55_Y26_N30       ; ascal|Add83~37|cin                                                                   ;
;   10.333 ;   0.100 ; RR ; CELL ; 1      ; LABCELL_X55_Y26_N30       ; ascal|Add83~37|cout                                                                  ;
;   10.333 ;   0.000 ; RR ; IC   ; 2      ; LABCELL_X55_Y26_N33       ; ascal|Add83~41|cin                                                                   ;
;   10.333 ;   0.000 ; RR ; CELL ; 1      ; LABCELL_X55_Y26_N33       ; ascal|Add83~41|cout                                                                  ;
;   10.333 ;   0.000 ; RR ; IC   ; 1      ; LABCELL_X55_Y26_N36       ; ascal|Add83~45|cin                                                                   ;
;   10.669 ;   0.336 ; RF ; CELL ; 7      ; LABCELL_X55_Y26_N36       ; ascal|Add83~45|sumout                                                                ;
;   11.624 ;   0.955 ; FF ; IC   ; 24     ; DSP_X54_Y26_N0            ; ascal|Mult12~8|ay[18]                                                                ;
;   15.173 ;   3.549 ; FR ; CELL ; 1      ; DSP_X54_Y26_N0            ; ascal:ascal|o_adrs_pre[6]_OTERM39                                                    ;
+----------+---------+----+------+--------+---------------------------+--------------------------------------------------------------------------------------+

+-------------------------------------------------------------------------------------------------------------------------------------------------------------+
; Data Required Path                                                                                                                                          ;
+----------+----------+----+------+--------+---------------------------+--------------------------------------------------------------------------------------+
; Total    ; Incr     ; RF ; Type ; Fanout ; Location                  ; Element                                                                              ;
+----------+----------+----+------+--------+---------------------------+--------------------------------------------------------------------------------------+
; 6.732    ; 6.732    ;    ;      ;        ;                           ; latch edge time                                                                      ;
; 15.519   ; 8.787    ;    ;      ;        ;                           ; clock path                                                                           ;
;   6.732  ;   0.000  ;    ;      ;        ;                           ; source latency                                                                       ;
;   6.732  ;   0.000  ;    ;      ; 1      ; PIN_V11                   ; FPGA_CLK1_50                                                                         ;
;   6.732  ;   0.000  ; RR ; IC   ; 1      ; IOIBUF_X32_Y0_N1          ; FPGA_CLK1_50~input|i                                                                 ;
;   7.493  ;   0.761  ; RR ; CELL ; 2      ; IOIBUF_X32_Y0_N1          ; FPGA_CLK1_50~input|o                                                                 ;
;   8.654  ;   1.161  ; RR ; IC   ; 1      ; PLLREFCLKSELECT_X0_Y7_N0  ; pll_hdmi|pll_hdmi_inst|altera_pll_i|cyclonev_pll|fpll_0|REFCLK_SELECT|clkin[0]       ;
;   8.962  ;   0.308  ; RR ; CELL ; 1      ; PLLREFCLKSELECT_X0_Y7_N0  ; pll_hdmi|pll_hdmi_inst|altera_pll_i|cyclonev_pll|fpll_0|REFCLK_SELECT|clkout         ;
;   8.962  ;   0.000  ; RR ; IC   ; 10     ; FRACTIONALPLL_X0_Y1_N0    ; pll_hdmi|pll_hdmi_inst|altera_pll_i|cyclonev_pll|fpll_0|fpll|refclkin                ;
;   8.811  ;   -0.151 ; RR ; COMP ; 1      ; FRACTIONALPLL_X0_Y1_N0    ; pll_hdmi|pll_hdmi_inst|altera_pll_i|cyclonev_pll|fpll_0|fpll|vcoph[0]                ;
;   8.811  ;   0.000  ; RR ; IC   ; 1      ; PLLOUTPUTCOUNTER_X0_Y5_N1 ; pll_hdmi|pll_hdmi_inst|altera_pll_i|cyclonev_pll|counter[0].output_counter|vco0ph[0] ;
;   10.277 ;   1.466  ; RR ; CELL ; 3      ; PLLOUTPUTCOUNTER_X0_Y5_N1 ; pll_hdmi|pll_hdmi_inst|altera_pll_i|cyclonev_pll|counter[0].output_counter|divclk    ;
;   11.282 ;   1.005  ; RR ; IC   ; 1      ; CLKCTRL_G4                ; pll_hdmi|pll_hdmi_inst|altera_pll_i|cyclonev_pll|divclk[0]~CLKENA0|inclk             ;
;   11.561 ;   0.279  ; RR ; CELL ; 3657   ; CLKCTRL_G4                ; pll_hdmi|pll_hdmi_inst|altera_pll_i|cyclonev_pll|divclk[0]~CLKENA0|outclk            ;
;   13.398 ;   1.837  ; RR ; IC   ; 39     ; DSP_X54_Y26_N0            ; ascal|Mult12~8|clk[0]                                                                ;
;   14.181 ;   0.783  ; RR ; CELL ; 1      ; DSP_X54_Y26_N0            ; ascal:ascal|o_adrs_pre[6]_OTERM39                                                    ;
;   15.519 ;   1.338  ;    ;      ;        ;                           ; clock pessimism removed                                                              ;
; 15.319   ; -0.200   ;    ;      ;        ;                           ; clock uncertainty                                                                    ;
; 15.319   ; 0.000    ;    ; uTsu ; 1      ; DSP_X54_Y26_N0            ; ascal:ascal|o_adrs_pre[6]_OTERM39                                                    ;
+----------+----------+----+------+--------+---------------------------+--------------------------------------------------------------------------------------+

----------------------------
; Extra Fitter Information ;
----------------------------
HTML report is unavailable in plain text report export.


Path #11: Setup slack is 0.146 
===============================================================================
+--------------------------------------------------------------------------------------------------------+
; Path Summary                                                                                           ;
+--------------------+-----------------------------------------------------------------------------------+
; Property           ; Value                                                                             ;
+--------------------+-----------------------------------------------------------------------------------+
; From Node          ; ascal:ascal|o_vacpt[4]                                                            ;
; To Node            ; ascal:ascal|o_adrs_pre[7]_OTERM33                                                 ;
; Launch Clock       ; pll_hdmi|pll_hdmi_inst|altera_pll_i|cyclonev_pll|counter[0].output_counter|divclk ;
; Latch Clock        ; pll_hdmi|pll_hdmi_inst|altera_pll_i|cyclonev_pll|counter[0].output_counter|divclk ;
; Data Arrival Time  ; 15.173                                                                            ;
; Data Required Time ; 15.319                                                                            ;
; Slack              ; 0.146                                                                             ;
+--------------------+-----------------------------------------------------------------------------------+

+-------------------------------------------------------------------------------------+
; Statistics                                                                          ;
+------------------------+-------+-------+-------------+------------+--------+--------+
; Property               ; Value ; Count ; Total Delay ; % of Total ; Min    ; Max    ;
+------------------------+-------+-------+-------------+------------+--------+--------+
; Setup Relationship     ; 6.732 ;       ;             ;            ;        ;        ;
; Clock Skew             ; 0.186 ;       ;             ;            ;        ;        ;
; Data Delay             ; 6.572 ;       ;             ;            ;        ;        ;
; Number of Logic Levels ;       ; 1     ;             ;            ;        ;        ;
; Physical Delays        ;       ;       ;             ;            ;        ;        ;
;  Arrival Path          ;       ;       ;             ;            ;        ;        ;
;   Clock                ;       ;       ;             ;            ;        ;        ;
;    IC                  ;       ; 6     ; 4.700       ; 55         ; 0.000  ; 2.233  ;
;    Cell                ;       ; 6     ; 3.901       ; 45         ; 0.185  ; 1.745  ;
;   Data                 ;       ;       ;             ;            ;        ;        ;
;    IC                  ;       ; 10    ; 1.411       ; 21         ; 0.000  ; 0.955  ;
;    Cell                ;       ; 11    ; 5.161       ; 79         ; 0.000  ; 3.549  ;
;    uTco                ;       ; 1     ; 0.000       ; 0          ; 0.000  ; 0.000  ;
;  Required Path         ;       ;       ;             ;            ;        ;        ;
;   Clock                ;       ;       ;             ;            ;        ;        ;
;    IC                  ;       ; 6     ; 4.003       ; 53         ; 0.000  ; 1.837  ;
;    Cell                ;       ; 5     ; 3.597       ; 47         ; 0.279  ; 1.466  ;
;    PLL Compensation    ;       ; 1     ; -0.151      ; 0          ; -0.151 ; -0.151 ;
+------------------------+-------+-------+-------------+------------+--------+--------+
Note: Negative delays are omitted from totals when calculating percentages

+------------------------------------------------------------------------------------------------------------------------------------------------------------+
; Data Arrival Path                                                                                                                                          ;
+----------+---------+----+------+--------+---------------------------+--------------------------------------------------------------------------------------+
; Total    ; Incr    ; RF ; Type ; Fanout ; Location                  ; Element                                                                              ;
+----------+---------+----+------+--------+---------------------------+--------------------------------------------------------------------------------------+
; 0.000    ; 0.000   ;    ;      ;        ;                           ; launch edge time                                                                     ;
; 8.601    ; 8.601   ;    ;      ;        ;                           ; clock path                                                                           ;
;   0.000  ;   0.000 ;    ;      ;        ;                           ; source latency                                                                       ;
;   0.000  ;   0.000 ;    ;      ; 1      ; PIN_V11                   ; FPGA_CLK1_50                                                                         ;
;   0.000  ;   0.000 ; RR ; IC   ; 1      ; IOIBUF_X32_Y0_N1          ; FPGA_CLK1_50~input|i                                                                 ;
;   0.761  ;   0.761 ; RR ; CELL ; 2      ; IOIBUF_X32_Y0_N1          ; FPGA_CLK1_50~input|o                                                                 ;
;   2.086  ;   1.325 ; RR ; IC   ; 1      ; PLLREFCLKSELECT_X0_Y7_N0  ; pll_hdmi|pll_hdmi_inst|altera_pll_i|cyclonev_pll|fpll_0|REFCLK_SELECT|clkin[0]       ;
;   2.419  ;   0.333 ; RR ; CELL ; 1      ; PLLREFCLKSELECT_X0_Y7_N0  ; pll_hdmi|pll_hdmi_inst|altera_pll_i|cyclonev_pll|fpll_0|REFCLK_SELECT|clkout         ;
;   2.419  ;   0.000 ; RR ; IC   ; 10     ; FRACTIONALPLL_X0_Y1_N0    ; pll_hdmi|pll_hdmi_inst|altera_pll_i|cyclonev_pll|fpll_0|fpll|refclkin                ;
;   2.604  ;   0.185 ; RR ; CELL ; 1      ; FRACTIONALPLL_X0_Y1_N0    ; pll_hdmi|pll_hdmi_inst|altera_pll_i|cyclonev_pll|fpll_0|fpll|vcoph[0]                ;
;   2.604  ;   0.000 ; RR ; IC   ; 1      ; PLLOUTPUTCOUNTER_X0_Y5_N1 ; pll_hdmi|pll_hdmi_inst|altera_pll_i|cyclonev_pll|counter[0].output_counter|vco0ph[0] ;
;   4.349  ;   1.745 ; RR ; CELL ; 3      ; PLLOUTPUTCOUNTER_X0_Y5_N1 ; pll_hdmi|pll_hdmi_inst|altera_pll_i|cyclonev_pll|counter[0].output_counter|divclk    ;
;   5.491  ;   1.142 ; RR ; IC   ; 1      ; CLKCTRL_G4                ; pll_hdmi|pll_hdmi_inst|altera_pll_i|cyclonev_pll|divclk[0]~CLKENA0|inclk             ;
;   5.795  ;   0.304 ; RR ; CELL ; 3657   ; CLKCTRL_G4                ; pll_hdmi|pll_hdmi_inst|altera_pll_i|cyclonev_pll|divclk[0]~CLKENA0|outclk            ;
;   8.028  ;   2.233 ; RR ; IC   ; 1      ; FF_X56_Y26_N14            ; ascal|o_vacpt[4]|clk                                                                 ;
;   8.601  ;   0.573 ; RR ; CELL ; 1      ; FF_X56_Y26_N14            ; ascal:ascal|o_vacpt[4]                                                               ;
; 15.173   ; 6.572   ;    ;      ;        ;                           ; data path                                                                            ;
;   8.601  ;   0.000 ;    ; uTco ; 1      ; FF_X56_Y26_N14            ; ascal:ascal|o_vacpt[4]                                                               ;
;   8.601  ;   0.000 ; RR ; CELL ; 5      ; FF_X56_Y26_N14            ; ascal|o_vacpt[4]|q                                                                   ;
;   9.057  ;   0.456 ; RR ; IC   ; 2      ; LABCELL_X55_Y26_N12       ; ascal|Add83~13|datab                                                                 ;
;   10.119 ;   1.062 ; RR ; CELL ; 1      ; LABCELL_X55_Y26_N12       ; ascal|Add83~13|cout                                                                  ;
;   10.119 ;   0.000 ; RR ; IC   ; 2      ; LABCELL_X55_Y26_N15       ; ascal|Add83~17|cin                                                                   ;
;   10.119 ;   0.000 ; RR ; CELL ; 1      ; LABCELL_X55_Y26_N15       ; ascal|Add83~17|cout                                                                  ;
;   10.119 ;   0.000 ; RR ; IC   ; 2      ; LABCELL_X55_Y26_N18       ; ascal|Add83~21|cin                                                                   ;
;   10.169 ;   0.050 ; RR ; CELL ; 1      ; LABCELL_X55_Y26_N18       ; ascal|Add83~21|cout                                                                  ;
;   10.169 ;   0.000 ; RR ; IC   ; 2      ; LABCELL_X55_Y26_N21       ; ascal|Add83~25|cin                                                                   ;
;   10.169 ;   0.000 ; RR ; CELL ; 1      ; LABCELL_X55_Y26_N21       ; ascal|Add83~25|cout                                                                  ;
;   10.169 ;   0.000 ; RR ; IC   ; 2      ; LABCELL_X55_Y26_N24       ; ascal|Add83~29|cin                                                                   ;
;   10.233 ;   0.064 ; RR ; CELL ; 1      ; LABCELL_X55_Y26_N24       ; ascal|Add83~29|cout                                                                  ;
;   10.233 ;   0.000 ; RR ; IC   ; 2      ; LABCELL_X55_Y26_N27       ; ascal|Add83~33|cin                                                                   ;
;   10.233 ;   0.000 ; RR ; CELL ; 1      ; LABCELL_X55_Y26_N27       ; ascal|Add83~33|cout                                                                  ;
;   10.233 ;   0.000 ; RR ; IC   ; 2      ; LABCELL_X55_Y26_N30       ; ascal|Add83~37|cin                                                                   ;
;   10.333 ;   0.100 ; RR ; CELL ; 1      ; LABCELL_X55_Y26_N30       ; ascal|Add83~37|cout                                                                  ;
;   10.333 ;   0.000 ; RR ; IC   ; 2      ; LABCELL_X55_Y26_N33       ; ascal|Add83~41|cin                                                                   ;
;   10.333 ;   0.000 ; RR ; CELL ; 1      ; LABCELL_X55_Y26_N33       ; ascal|Add83~41|cout                                                                  ;
;   10.333 ;   0.000 ; RR ; IC   ; 1      ; LABCELL_X55_Y26_N36       ; ascal|Add83~45|cin                                                                   ;
;   10.669 ;   0.336 ; RF ; CELL ; 7      ; LABCELL_X55_Y26_N36       ; ascal|Add83~45|sumout                                                                ;
;   11.624 ;   0.955 ; FF ; IC   ; 24     ; DSP_X54_Y26_N0            ; ascal|Mult12~8|ay[18]                                                                ;
;   15.173 ;   3.549 ; FR ; CELL ; 1      ; DSP_X54_Y26_N0            ; ascal:ascal|o_adrs_pre[7]_OTERM33                                                    ;
+----------+---------+----+------+--------+---------------------------+--------------------------------------------------------------------------------------+

+-------------------------------------------------------------------------------------------------------------------------------------------------------------+
; Data Required Path                                                                                                                                          ;
+----------+----------+----+------+--------+---------------------------+--------------------------------------------------------------------------------------+
; Total    ; Incr     ; RF ; Type ; Fanout ; Location                  ; Element                                                                              ;
+----------+----------+----+------+--------+---------------------------+--------------------------------------------------------------------------------------+
; 6.732    ; 6.732    ;    ;      ;        ;                           ; latch edge time                                                                      ;
; 15.519   ; 8.787    ;    ;      ;        ;                           ; clock path                                                                           ;
;   6.732  ;   0.000  ;    ;      ;        ;                           ; source latency                                                                       ;
;   6.732  ;   0.000  ;    ;      ; 1      ; PIN_V11                   ; FPGA_CLK1_50                                                                         ;
;   6.732  ;   0.000  ; RR ; IC   ; 1      ; IOIBUF_X32_Y0_N1          ; FPGA_CLK1_50~input|i                                                                 ;
;   7.493  ;   0.761  ; RR ; CELL ; 2      ; IOIBUF_X32_Y0_N1          ; FPGA_CLK1_50~input|o                                                                 ;
;   8.654  ;   1.161  ; RR ; IC   ; 1      ; PLLREFCLKSELECT_X0_Y7_N0  ; pll_hdmi|pll_hdmi_inst|altera_pll_i|cyclonev_pll|fpll_0|REFCLK_SELECT|clkin[0]       ;
;   8.962  ;   0.308  ; RR ; CELL ; 1      ; PLLREFCLKSELECT_X0_Y7_N0  ; pll_hdmi|pll_hdmi_inst|altera_pll_i|cyclonev_pll|fpll_0|REFCLK_SELECT|clkout         ;
;   8.962  ;   0.000  ; RR ; IC   ; 10     ; FRACTIONALPLL_X0_Y1_N0    ; pll_hdmi|pll_hdmi_inst|altera_pll_i|cyclonev_pll|fpll_0|fpll|refclkin                ;
;   8.811  ;   -0.151 ; RR ; COMP ; 1      ; FRACTIONALPLL_X0_Y1_N0    ; pll_hdmi|pll_hdmi_inst|altera_pll_i|cyclonev_pll|fpll_0|fpll|vcoph[0]                ;
;   8.811  ;   0.000  ; RR ; IC   ; 1      ; PLLOUTPUTCOUNTER_X0_Y5_N1 ; pll_hdmi|pll_hdmi_inst|altera_pll_i|cyclonev_pll|counter[0].output_counter|vco0ph[0] ;
;   10.277 ;   1.466  ; RR ; CELL ; 3      ; PLLOUTPUTCOUNTER_X0_Y5_N1 ; pll_hdmi|pll_hdmi_inst|altera_pll_i|cyclonev_pll|counter[0].output_counter|divclk    ;
;   11.282 ;   1.005  ; RR ; IC   ; 1      ; CLKCTRL_G4                ; pll_hdmi|pll_hdmi_inst|altera_pll_i|cyclonev_pll|divclk[0]~CLKENA0|inclk             ;
;   11.561 ;   0.279  ; RR ; CELL ; 3657   ; CLKCTRL_G4                ; pll_hdmi|pll_hdmi_inst|altera_pll_i|cyclonev_pll|divclk[0]~CLKENA0|outclk            ;
;   13.398 ;   1.837  ; RR ; IC   ; 39     ; DSP_X54_Y26_N0            ; ascal|Mult12~8|clk[0]                                                                ;
;   14.181 ;   0.783  ; RR ; CELL ; 1      ; DSP_X54_Y26_N0            ; ascal:ascal|o_adrs_pre[7]_OTERM33                                                    ;
;   15.519 ;   1.338  ;    ;      ;        ;                           ; clock pessimism removed                                                              ;
; 15.319   ; -0.200   ;    ;      ;        ;                           ; clock uncertainty                                                                    ;
; 15.319   ; 0.000    ;    ; uTsu ; 1      ; DSP_X54_Y26_N0            ; ascal:ascal|o_adrs_pre[7]_OTERM33                                                    ;
+----------+----------+----+------+--------+---------------------------+--------------------------------------------------------------------------------------+

----------------------------
; Extra Fitter Information ;
----------------------------
HTML report is unavailable in plain text report export.


Path #12: Setup slack is 0.146 
===============================================================================
+--------------------------------------------------------------------------------------------------------+
; Path Summary                                                                                           ;
+--------------------+-----------------------------------------------------------------------------------+
; Property           ; Value                                                                             ;
+--------------------+-----------------------------------------------------------------------------------+
; From Node          ; ascal:ascal|o_vacpt[4]                                                            ;
; To Node            ; ascal:ascal|o_adrs_pre[8]_OTERM189                                                ;
; Launch Clock       ; pll_hdmi|pll_hdmi_inst|altera_pll_i|cyclonev_pll|counter[0].output_counter|divclk ;
; Latch Clock        ; pll_hdmi|pll_hdmi_inst|altera_pll_i|cyclonev_pll|counter[0].output_counter|divclk ;
; Data Arrival Time  ; 15.173                                                                            ;
; Data Required Time ; 15.319                                                                            ;
; Slack              ; 0.146                                                                             ;
+--------------------+-----------------------------------------------------------------------------------+

+-------------------------------------------------------------------------------------+
; Statistics                                                                          ;
+------------------------+-------+-------+-------------+------------+--------+--------+
; Property               ; Value ; Count ; Total Delay ; % of Total ; Min    ; Max    ;
+------------------------+-------+-------+-------------+------------+--------+--------+
; Setup Relationship     ; 6.732 ;       ;             ;            ;        ;        ;
; Clock Skew             ; 0.186 ;       ;             ;            ;        ;        ;
; Data Delay             ; 6.572 ;       ;             ;            ;        ;        ;
; Number of Logic Levels ;       ; 1     ;             ;            ;        ;        ;
; Physical Delays        ;       ;       ;             ;            ;        ;        ;
;  Arrival Path          ;       ;       ;             ;            ;        ;        ;
;   Clock                ;       ;       ;             ;            ;        ;        ;
;    IC                  ;       ; 6     ; 4.700       ; 55         ; 0.000  ; 2.233  ;
;    Cell                ;       ; 6     ; 3.901       ; 45         ; 0.185  ; 1.745  ;
;   Data                 ;       ;       ;             ;            ;        ;        ;
;    IC                  ;       ; 10    ; 1.411       ; 21         ; 0.000  ; 0.955  ;
;    Cell                ;       ; 11    ; 5.161       ; 79         ; 0.000  ; 3.549  ;
;    uTco                ;       ; 1     ; 0.000       ; 0          ; 0.000  ; 0.000  ;
;  Required Path         ;       ;       ;             ;            ;        ;        ;
;   Clock                ;       ;       ;             ;            ;        ;        ;
;    IC                  ;       ; 6     ; 4.003       ; 53         ; 0.000  ; 1.837  ;
;    Cell                ;       ; 5     ; 3.597       ; 47         ; 0.279  ; 1.466  ;
;    PLL Compensation    ;       ; 1     ; -0.151      ; 0          ; -0.151 ; -0.151 ;
+------------------------+-------+-------+-------------+------------+--------+--------+
Note: Negative delays are omitted from totals when calculating percentages

+------------------------------------------------------------------------------------------------------------------------------------------------------------+
; Data Arrival Path                                                                                                                                          ;
+----------+---------+----+------+--------+---------------------------+--------------------------------------------------------------------------------------+
; Total    ; Incr    ; RF ; Type ; Fanout ; Location                  ; Element                                                                              ;
+----------+---------+----+------+--------+---------------------------+--------------------------------------------------------------------------------------+
; 0.000    ; 0.000   ;    ;      ;        ;                           ; launch edge time                                                                     ;
; 8.601    ; 8.601   ;    ;      ;        ;                           ; clock path                                                                           ;
;   0.000  ;   0.000 ;    ;      ;        ;                           ; source latency                                                                       ;
;   0.000  ;   0.000 ;    ;      ; 1      ; PIN_V11                   ; FPGA_CLK1_50                                                                         ;
;   0.000  ;   0.000 ; RR ; IC   ; 1      ; IOIBUF_X32_Y0_N1          ; FPGA_CLK1_50~input|i                                                                 ;
;   0.761  ;   0.761 ; RR ; CELL ; 2      ; IOIBUF_X32_Y0_N1          ; FPGA_CLK1_50~input|o                                                                 ;
;   2.086  ;   1.325 ; RR ; IC   ; 1      ; PLLREFCLKSELECT_X0_Y7_N0  ; pll_hdmi|pll_hdmi_inst|altera_pll_i|cyclonev_pll|fpll_0|REFCLK_SELECT|clkin[0]       ;
;   2.419  ;   0.333 ; RR ; CELL ; 1      ; PLLREFCLKSELECT_X0_Y7_N0  ; pll_hdmi|pll_hdmi_inst|altera_pll_i|cyclonev_pll|fpll_0|REFCLK_SELECT|clkout         ;
;   2.419  ;   0.000 ; RR ; IC   ; 10     ; FRACTIONALPLL_X0_Y1_N0    ; pll_hdmi|pll_hdmi_inst|altera_pll_i|cyclonev_pll|fpll_0|fpll|refclkin                ;
;   2.604  ;   0.185 ; RR ; CELL ; 1      ; FRACTIONALPLL_X0_Y1_N0    ; pll_hdmi|pll_hdmi_inst|altera_pll_i|cyclonev_pll|fpll_0|fpll|vcoph[0]                ;
;   2.604  ;   0.000 ; RR ; IC   ; 1      ; PLLOUTPUTCOUNTER_X0_Y5_N1 ; pll_hdmi|pll_hdmi_inst|altera_pll_i|cyclonev_pll|counter[0].output_counter|vco0ph[0] ;
;   4.349  ;   1.745 ; RR ; CELL ; 3      ; PLLOUTPUTCOUNTER_X0_Y5_N1 ; pll_hdmi|pll_hdmi_inst|altera_pll_i|cyclonev_pll|counter[0].output_counter|divclk    ;
;   5.491  ;   1.142 ; RR ; IC   ; 1      ; CLKCTRL_G4                ; pll_hdmi|pll_hdmi_inst|altera_pll_i|cyclonev_pll|divclk[0]~CLKENA0|inclk             ;
;   5.795  ;   0.304 ; RR ; CELL ; 3657   ; CLKCTRL_G4                ; pll_hdmi|pll_hdmi_inst|altera_pll_i|cyclonev_pll|divclk[0]~CLKENA0|outclk            ;
;   8.028  ;   2.233 ; RR ; IC   ; 1      ; FF_X56_Y26_N14            ; ascal|o_vacpt[4]|clk                                                                 ;
;   8.601  ;   0.573 ; RR ; CELL ; 1      ; FF_X56_Y26_N14            ; ascal:ascal|o_vacpt[4]                                                               ;
; 15.173   ; 6.572   ;    ;      ;        ;                           ; data path                                                                            ;
;   8.601  ;   0.000 ;    ; uTco ; 1      ; FF_X56_Y26_N14            ; ascal:ascal|o_vacpt[4]                                                               ;
;   8.601  ;   0.000 ; RR ; CELL ; 5      ; FF_X56_Y26_N14            ; ascal|o_vacpt[4]|q                                                                   ;
;   9.057  ;   0.456 ; RR ; IC   ; 2      ; LABCELL_X55_Y26_N12       ; ascal|Add83~13|datab                                                                 ;
;   10.119 ;   1.062 ; RR ; CELL ; 1      ; LABCELL_X55_Y26_N12       ; ascal|Add83~13|cout                                                                  ;
;   10.119 ;   0.000 ; RR ; IC   ; 2      ; LABCELL_X55_Y26_N15       ; ascal|Add83~17|cin                                                                   ;
;   10.119 ;   0.000 ; RR ; CELL ; 1      ; LABCELL_X55_Y26_N15       ; ascal|Add83~17|cout                                                                  ;
;   10.119 ;   0.000 ; RR ; IC   ; 2      ; LABCELL_X55_Y26_N18       ; ascal|Add83~21|cin                                                                   ;
;   10.169 ;   0.050 ; RR ; CELL ; 1      ; LABCELL_X55_Y26_N18       ; ascal|Add83~21|cout                                                                  ;
;   10.169 ;   0.000 ; RR ; IC   ; 2      ; LABCELL_X55_Y26_N21       ; ascal|Add83~25|cin                                                                   ;
;   10.169 ;   0.000 ; RR ; CELL ; 1      ; LABCELL_X55_Y26_N21       ; ascal|Add83~25|cout                                                                  ;
;   10.169 ;   0.000 ; RR ; IC   ; 2      ; LABCELL_X55_Y26_N24       ; ascal|Add83~29|cin                                                                   ;
;   10.233 ;   0.064 ; RR ; CELL ; 1      ; LABCELL_X55_Y26_N24       ; ascal|Add83~29|cout                                                                  ;
;   10.233 ;   0.000 ; RR ; IC   ; 2      ; LABCELL_X55_Y26_N27       ; ascal|Add83~33|cin                                                                   ;
;   10.233 ;   0.000 ; RR ; CELL ; 1      ; LABCELL_X55_Y26_N27       ; ascal|Add83~33|cout                                                                  ;
;   10.233 ;   0.000 ; RR ; IC   ; 2      ; LABCELL_X55_Y26_N30       ; ascal|Add83~37|cin                                                                   ;
;   10.333 ;   0.100 ; RR ; CELL ; 1      ; LABCELL_X55_Y26_N30       ; ascal|Add83~37|cout                                                                  ;
;   10.333 ;   0.000 ; RR ; IC   ; 2      ; LABCELL_X55_Y26_N33       ; ascal|Add83~41|cin                                                                   ;
;   10.333 ;   0.000 ; RR ; CELL ; 1      ; LABCELL_X55_Y26_N33       ; ascal|Add83~41|cout                                                                  ;
;   10.333 ;   0.000 ; RR ; IC   ; 1      ; LABCELL_X55_Y26_N36       ; ascal|Add83~45|cin                                                                   ;
;   10.669 ;   0.336 ; RF ; CELL ; 7      ; LABCELL_X55_Y26_N36       ; ascal|Add83~45|sumout                                                                ;
;   11.624 ;   0.955 ; FF ; IC   ; 24     ; DSP_X54_Y26_N0            ; ascal|Mult12~8|ay[18]                                                                ;
;   15.173 ;   3.549 ; FR ; CELL ; 1      ; DSP_X54_Y26_N0            ; ascal:ascal|o_adrs_pre[8]_OTERM189                                                   ;
+----------+---------+----+------+--------+---------------------------+--------------------------------------------------------------------------------------+

+-------------------------------------------------------------------------------------------------------------------------------------------------------------+
; Data Required Path                                                                                                                                          ;
+----------+----------+----+------+--------+---------------------------+--------------------------------------------------------------------------------------+
; Total    ; Incr     ; RF ; Type ; Fanout ; Location                  ; Element                                                                              ;
+----------+----------+----+------+--------+---------------------------+--------------------------------------------------------------------------------------+
; 6.732    ; 6.732    ;    ;      ;        ;                           ; latch edge time                                                                      ;
; 15.519   ; 8.787    ;    ;      ;        ;                           ; clock path                                                                           ;
;   6.732  ;   0.000  ;    ;      ;        ;                           ; source latency                                                                       ;
;   6.732  ;   0.000  ;    ;      ; 1      ; PIN_V11                   ; FPGA_CLK1_50                                                                         ;
;   6.732  ;   0.000  ; RR ; IC   ; 1      ; IOIBUF_X32_Y0_N1          ; FPGA_CLK1_50~input|i                                                                 ;
;   7.493  ;   0.761  ; RR ; CELL ; 2      ; IOIBUF_X32_Y0_N1          ; FPGA_CLK1_50~input|o                                                                 ;
;   8.654  ;   1.161  ; RR ; IC   ; 1      ; PLLREFCLKSELECT_X0_Y7_N0  ; pll_hdmi|pll_hdmi_inst|altera_pll_i|cyclonev_pll|fpll_0|REFCLK_SELECT|clkin[0]       ;
;   8.962  ;   0.308  ; RR ; CELL ; 1      ; PLLREFCLKSELECT_X0_Y7_N0  ; pll_hdmi|pll_hdmi_inst|altera_pll_i|cyclonev_pll|fpll_0|REFCLK_SELECT|clkout         ;
;   8.962  ;   0.000  ; RR ; IC   ; 10     ; FRACTIONALPLL_X0_Y1_N0    ; pll_hdmi|pll_hdmi_inst|altera_pll_i|cyclonev_pll|fpll_0|fpll|refclkin                ;
;   8.811  ;   -0.151 ; RR ; COMP ; 1      ; FRACTIONALPLL_X0_Y1_N0    ; pll_hdmi|pll_hdmi_inst|altera_pll_i|cyclonev_pll|fpll_0|fpll|vcoph[0]                ;
;   8.811  ;   0.000  ; RR ; IC   ; 1      ; PLLOUTPUTCOUNTER_X0_Y5_N1 ; pll_hdmi|pll_hdmi_inst|altera_pll_i|cyclonev_pll|counter[0].output_counter|vco0ph[0] ;
;   10.277 ;   1.466  ; RR ; CELL ; 3      ; PLLOUTPUTCOUNTER_X0_Y5_N1 ; pll_hdmi|pll_hdmi_inst|altera_pll_i|cyclonev_pll|counter[0].output_counter|divclk    ;
;   11.282 ;   1.005  ; RR ; IC   ; 1      ; CLKCTRL_G4                ; pll_hdmi|pll_hdmi_inst|altera_pll_i|cyclonev_pll|divclk[0]~CLKENA0|inclk             ;
;   11.561 ;   0.279  ; RR ; CELL ; 3657   ; CLKCTRL_G4                ; pll_hdmi|pll_hdmi_inst|altera_pll_i|cyclonev_pll|divclk[0]~CLKENA0|outclk            ;
;   13.398 ;   1.837  ; RR ; IC   ; 39     ; DSP_X54_Y26_N0            ; ascal|Mult12~8|clk[0]                                                                ;
;   14.181 ;   0.783  ; RR ; CELL ; 1      ; DSP_X54_Y26_N0            ; ascal:ascal|o_adrs_pre[8]_OTERM189                                                   ;
;   15.519 ;   1.338  ;    ;      ;        ;                           ; clock pessimism removed                                                              ;
; 15.319   ; -0.200   ;    ;      ;        ;                           ; clock uncertainty                                                                    ;
; 15.319   ; 0.000    ;    ; uTsu ; 1      ; DSP_X54_Y26_N0            ; ascal:ascal|o_adrs_pre[8]_OTERM189                                                   ;
+----------+----------+----+------+--------+---------------------------+--------------------------------------------------------------------------------------+

----------------------------
; Extra Fitter Information ;
----------------------------
HTML report is unavailable in plain text report export.


Path #13: Setup slack is 0.146 
===============================================================================
+--------------------------------------------------------------------------------------------------------+
; Path Summary                                                                                           ;
+--------------------+-----------------------------------------------------------------------------------+
; Property           ; Value                                                                             ;
+--------------------+-----------------------------------------------------------------------------------+
; From Node          ; ascal:ascal|o_vacpt[4]                                                            ;
; To Node            ; ascal:ascal|o_adrs_pre[9]_OTERM183                                                ;
; Launch Clock       ; pll_hdmi|pll_hdmi_inst|altera_pll_i|cyclonev_pll|counter[0].output_counter|divclk ;
; Latch Clock        ; pll_hdmi|pll_hdmi_inst|altera_pll_i|cyclonev_pll|counter[0].output_counter|divclk ;
; Data Arrival Time  ; 15.173                                                                            ;
; Data Required Time ; 15.319                                                                            ;
; Slack              ; 0.146                                                                             ;
+--------------------+-----------------------------------------------------------------------------------+

+-------------------------------------------------------------------------------------+
; Statistics                                                                          ;
+------------------------+-------+-------+-------------+------------+--------+--------+
; Property               ; Value ; Count ; Total Delay ; % of Total ; Min    ; Max    ;
+------------------------+-------+-------+-------------+------------+--------+--------+
; Setup Relationship     ; 6.732 ;       ;             ;            ;        ;        ;
; Clock Skew             ; 0.186 ;       ;             ;            ;        ;        ;
; Data Delay             ; 6.572 ;       ;             ;            ;        ;        ;
; Number of Logic Levels ;       ; 1     ;             ;            ;        ;        ;
; Physical Delays        ;       ;       ;             ;            ;        ;        ;
;  Arrival Path          ;       ;       ;             ;            ;        ;        ;
;   Clock                ;       ;       ;             ;            ;        ;        ;
;    IC                  ;       ; 6     ; 4.700       ; 55         ; 0.000  ; 2.233  ;
;    Cell                ;       ; 6     ; 3.901       ; 45         ; 0.185  ; 1.745  ;
;   Data                 ;       ;       ;             ;            ;        ;        ;
;    IC                  ;       ; 10    ; 1.411       ; 21         ; 0.000  ; 0.955  ;
;    Cell                ;       ; 11    ; 5.161       ; 79         ; 0.000  ; 3.549  ;
;    uTco                ;       ; 1     ; 0.000       ; 0          ; 0.000  ; 0.000  ;
;  Required Path         ;       ;       ;             ;            ;        ;        ;
;   Clock                ;       ;       ;             ;            ;        ;        ;
;    IC                  ;       ; 6     ; 4.003       ; 53         ; 0.000  ; 1.837  ;
;    Cell                ;       ; 5     ; 3.597       ; 47         ; 0.279  ; 1.466  ;
;    PLL Compensation    ;       ; 1     ; -0.151      ; 0          ; -0.151 ; -0.151 ;
+------------------------+-------+-------+-------------+------------+--------+--------+
Note: Negative delays are omitted from totals when calculating percentages

+------------------------------------------------------------------------------------------------------------------------------------------------------------+
; Data Arrival Path                                                                                                                                          ;
+----------+---------+----+------+--------+---------------------------+--------------------------------------------------------------------------------------+
; Total    ; Incr    ; RF ; Type ; Fanout ; Location                  ; Element                                                                              ;
+----------+---------+----+------+--------+---------------------------+--------------------------------------------------------------------------------------+
; 0.000    ; 0.000   ;    ;      ;        ;                           ; launch edge time                                                                     ;
; 8.601    ; 8.601   ;    ;      ;        ;                           ; clock path                                                                           ;
;   0.000  ;   0.000 ;    ;      ;        ;                           ; source latency                                                                       ;
;   0.000  ;   0.000 ;    ;      ; 1      ; PIN_V11                   ; FPGA_CLK1_50                                                                         ;
;   0.000  ;   0.000 ; RR ; IC   ; 1      ; IOIBUF_X32_Y0_N1          ; FPGA_CLK1_50~input|i                                                                 ;
;   0.761  ;   0.761 ; RR ; CELL ; 2      ; IOIBUF_X32_Y0_N1          ; FPGA_CLK1_50~input|o                                                                 ;
;   2.086  ;   1.325 ; RR ; IC   ; 1      ; PLLREFCLKSELECT_X0_Y7_N0  ; pll_hdmi|pll_hdmi_inst|altera_pll_i|cyclonev_pll|fpll_0|REFCLK_SELECT|clkin[0]       ;
;   2.419  ;   0.333 ; RR ; CELL ; 1      ; PLLREFCLKSELECT_X0_Y7_N0  ; pll_hdmi|pll_hdmi_inst|altera_pll_i|cyclonev_pll|fpll_0|REFCLK_SELECT|clkout         ;
;   2.419  ;   0.000 ; RR ; IC   ; 10     ; FRACTIONALPLL_X0_Y1_N0    ; pll_hdmi|pll_hdmi_inst|altera_pll_i|cyclonev_pll|fpll_0|fpll|refclkin                ;
;   2.604  ;   0.185 ; RR ; CELL ; 1      ; FRACTIONALPLL_X0_Y1_N0    ; pll_hdmi|pll_hdmi_inst|altera_pll_i|cyclonev_pll|fpll_0|fpll|vcoph[0]                ;
;   2.604  ;   0.000 ; RR ; IC   ; 1      ; PLLOUTPUTCOUNTER_X0_Y5_N1 ; pll_hdmi|pll_hdmi_inst|altera_pll_i|cyclonev_pll|counter[0].output_counter|vco0ph[0] ;
;   4.349  ;   1.745 ; RR ; CELL ; 3      ; PLLOUTPUTCOUNTER_X0_Y5_N1 ; pll_hdmi|pll_hdmi_inst|altera_pll_i|cyclonev_pll|counter[0].output_counter|divclk    ;
;   5.491  ;   1.142 ; RR ; IC   ; 1      ; CLKCTRL_G4                ; pll_hdmi|pll_hdmi_inst|altera_pll_i|cyclonev_pll|divclk[0]~CLKENA0|inclk             ;
;   5.795  ;   0.304 ; RR ; CELL ; 3657   ; CLKCTRL_G4                ; pll_hdmi|pll_hdmi_inst|altera_pll_i|cyclonev_pll|divclk[0]~CLKENA0|outclk            ;
;   8.028  ;   2.233 ; RR ; IC   ; 1      ; FF_X56_Y26_N14            ; ascal|o_vacpt[4]|clk                                                                 ;
;   8.601  ;   0.573 ; RR ; CELL ; 1      ; FF_X56_Y26_N14            ; ascal:ascal|o_vacpt[4]                                                               ;
; 15.173   ; 6.572   ;    ;      ;        ;                           ; data path                                                                            ;
;   8.601  ;   0.000 ;    ; uTco ; 1      ; FF_X56_Y26_N14            ; ascal:ascal|o_vacpt[4]                                                               ;
;   8.601  ;   0.000 ; RR ; CELL ; 5      ; FF_X56_Y26_N14            ; ascal|o_vacpt[4]|q                                                                   ;
;   9.057  ;   0.456 ; RR ; IC   ; 2      ; LABCELL_X55_Y26_N12       ; ascal|Add83~13|datab                                                                 ;
;   10.119 ;   1.062 ; RR ; CELL ; 1      ; LABCELL_X55_Y26_N12       ; ascal|Add83~13|cout                                                                  ;
;   10.119 ;   0.000 ; RR ; IC   ; 2      ; LABCELL_X55_Y26_N15       ; ascal|Add83~17|cin                                                                   ;
;   10.119 ;   0.000 ; RR ; CELL ; 1      ; LABCELL_X55_Y26_N15       ; ascal|Add83~17|cout                                                                  ;
;   10.119 ;   0.000 ; RR ; IC   ; 2      ; LABCELL_X55_Y26_N18       ; ascal|Add83~21|cin                                                                   ;
;   10.169 ;   0.050 ; RR ; CELL ; 1      ; LABCELL_X55_Y26_N18       ; ascal|Add83~21|cout                                                                  ;
;   10.169 ;   0.000 ; RR ; IC   ; 2      ; LABCELL_X55_Y26_N21       ; ascal|Add83~25|cin                                                                   ;
;   10.169 ;   0.000 ; RR ; CELL ; 1      ; LABCELL_X55_Y26_N21       ; ascal|Add83~25|cout                                                                  ;
;   10.169 ;   0.000 ; RR ; IC   ; 2      ; LABCELL_X55_Y26_N24       ; ascal|Add83~29|cin                                                                   ;
;   10.233 ;   0.064 ; RR ; CELL ; 1      ; LABCELL_X55_Y26_N24       ; ascal|Add83~29|cout                                                                  ;
;   10.233 ;   0.000 ; RR ; IC   ; 2      ; LABCELL_X55_Y26_N27       ; ascal|Add83~33|cin                                                                   ;
;   10.233 ;   0.000 ; RR ; CELL ; 1      ; LABCELL_X55_Y26_N27       ; ascal|Add83~33|cout                                                                  ;
;   10.233 ;   0.000 ; RR ; IC   ; 2      ; LABCELL_X55_Y26_N30       ; ascal|Add83~37|cin                                                                   ;
;   10.333 ;   0.100 ; RR ; CELL ; 1      ; LABCELL_X55_Y26_N30       ; ascal|Add83~37|cout                                                                  ;
;   10.333 ;   0.000 ; RR ; IC   ; 2      ; LABCELL_X55_Y26_N33       ; ascal|Add83~41|cin                                                                   ;
;   10.333 ;   0.000 ; RR ; CELL ; 1      ; LABCELL_X55_Y26_N33       ; ascal|Add83~41|cout                                                                  ;
;   10.333 ;   0.000 ; RR ; IC   ; 1      ; LABCELL_X55_Y26_N36       ; ascal|Add83~45|cin                                                                   ;
;   10.669 ;   0.336 ; RF ; CELL ; 7      ; LABCELL_X55_Y26_N36       ; ascal|Add83~45|sumout                                                                ;
;   11.624 ;   0.955 ; FF ; IC   ; 24     ; DSP_X54_Y26_N0            ; ascal|Mult12~8|ay[18]                                                                ;
;   15.173 ;   3.549 ; FR ; CELL ; 1      ; DSP_X54_Y26_N0            ; ascal:ascal|o_adrs_pre[9]_OTERM183                                                   ;
+----------+---------+----+------+--------+---------------------------+--------------------------------------------------------------------------------------+

+-------------------------------------------------------------------------------------------------------------------------------------------------------------+
; Data Required Path                                                                                                                                          ;
+----------+----------+----+------+--------+---------------------------+--------------------------------------------------------------------------------------+
; Total    ; Incr     ; RF ; Type ; Fanout ; Location                  ; Element                                                                              ;
+----------+----------+----+------+--------+---------------------------+--------------------------------------------------------------------------------------+
; 6.732    ; 6.732    ;    ;      ;        ;                           ; latch edge time                                                                      ;
; 15.519   ; 8.787    ;    ;      ;        ;                           ; clock path                                                                           ;
;   6.732  ;   0.000  ;    ;      ;        ;                           ; source latency                                                                       ;
;   6.732  ;   0.000  ;    ;      ; 1      ; PIN_V11                   ; FPGA_CLK1_50                                                                         ;
;   6.732  ;   0.000  ; RR ; IC   ; 1      ; IOIBUF_X32_Y0_N1          ; FPGA_CLK1_50~input|i                                                                 ;
;   7.493  ;   0.761  ; RR ; CELL ; 2      ; IOIBUF_X32_Y0_N1          ; FPGA_CLK1_50~input|o                                                                 ;
;   8.654  ;   1.161  ; RR ; IC   ; 1      ; PLLREFCLKSELECT_X0_Y7_N0  ; pll_hdmi|pll_hdmi_inst|altera_pll_i|cyclonev_pll|fpll_0|REFCLK_SELECT|clkin[0]       ;
;   8.962  ;   0.308  ; RR ; CELL ; 1      ; PLLREFCLKSELECT_X0_Y7_N0  ; pll_hdmi|pll_hdmi_inst|altera_pll_i|cyclonev_pll|fpll_0|REFCLK_SELECT|clkout         ;
;   8.962  ;   0.000  ; RR ; IC   ; 10     ; FRACTIONALPLL_X0_Y1_N0    ; pll_hdmi|pll_hdmi_inst|altera_pll_i|cyclonev_pll|fpll_0|fpll|refclkin                ;
;   8.811  ;   -0.151 ; RR ; COMP ; 1      ; FRACTIONALPLL_X0_Y1_N0    ; pll_hdmi|pll_hdmi_inst|altera_pll_i|cyclonev_pll|fpll_0|fpll|vcoph[0]                ;
;   8.811  ;   0.000  ; RR ; IC   ; 1      ; PLLOUTPUTCOUNTER_X0_Y5_N1 ; pll_hdmi|pll_hdmi_inst|altera_pll_i|cyclonev_pll|counter[0].output_counter|vco0ph[0] ;
;   10.277 ;   1.466  ; RR ; CELL ; 3      ; PLLOUTPUTCOUNTER_X0_Y5_N1 ; pll_hdmi|pll_hdmi_inst|altera_pll_i|cyclonev_pll|counter[0].output_counter|divclk    ;
;   11.282 ;   1.005  ; RR ; IC   ; 1      ; CLKCTRL_G4                ; pll_hdmi|pll_hdmi_inst|altera_pll_i|cyclonev_pll|divclk[0]~CLKENA0|inclk             ;
;   11.561 ;   0.279  ; RR ; CELL ; 3657   ; CLKCTRL_G4                ; pll_hdmi|pll_hdmi_inst|altera_pll_i|cyclonev_pll|divclk[0]~CLKENA0|outclk            ;
;   13.398 ;   1.837  ; RR ; IC   ; 39     ; DSP_X54_Y26_N0            ; ascal|Mult12~8|clk[0]                                                                ;
;   14.181 ;   0.783  ; RR ; CELL ; 1      ; DSP_X54_Y26_N0            ; ascal:ascal|o_adrs_pre[9]_OTERM183                                                   ;
;   15.519 ;   1.338  ;    ;      ;        ;                           ; clock pessimism removed                                                              ;
; 15.319   ; -0.200   ;    ;      ;        ;                           ; clock uncertainty                                                                    ;
; 15.319   ; 0.000    ;    ; uTsu ; 1      ; DSP_X54_Y26_N0            ; ascal:ascal|o_adrs_pre[9]_OTERM183                                                   ;
+----------+----------+----+------+--------+---------------------------+--------------------------------------------------------------------------------------+

----------------------------
; Extra Fitter Information ;
----------------------------
HTML report is unavailable in plain text report export.


Path #14: Setup slack is 0.146 
===============================================================================
+--------------------------------------------------------------------------------------------------------+
; Path Summary                                                                                           ;
+--------------------+-----------------------------------------------------------------------------------+
; Property           ; Value                                                                             ;
+--------------------+-----------------------------------------------------------------------------------+
; From Node          ; ascal:ascal|o_vacpt[4]                                                            ;
; To Node            ; ascal:ascal|o_adrs_pre[10]_OTERM177                                               ;
; Launch Clock       ; pll_hdmi|pll_hdmi_inst|altera_pll_i|cyclonev_pll|counter[0].output_counter|divclk ;
; Latch Clock        ; pll_hdmi|pll_hdmi_inst|altera_pll_i|cyclonev_pll|counter[0].output_counter|divclk ;
; Data Arrival Time  ; 15.173                                                                            ;
; Data Required Time ; 15.319                                                                            ;
; Slack              ; 0.146                                                                             ;
+--------------------+-----------------------------------------------------------------------------------+

+-------------------------------------------------------------------------------------+
; Statistics                                                                          ;
+------------------------+-------+-------+-------------+------------+--------+--------+
; Property               ; Value ; Count ; Total Delay ; % of Total ; Min    ; Max    ;
+------------------------+-------+-------+-------------+------------+--------+--------+
; Setup Relationship     ; 6.732 ;       ;             ;            ;        ;        ;
; Clock Skew             ; 0.186 ;       ;             ;            ;        ;        ;
; Data Delay             ; 6.572 ;       ;             ;            ;        ;        ;
; Number of Logic Levels ;       ; 1     ;             ;            ;        ;        ;
; Physical Delays        ;       ;       ;             ;            ;        ;        ;
;  Arrival Path          ;       ;       ;             ;            ;        ;        ;
;   Clock                ;       ;       ;             ;            ;        ;        ;
;    IC                  ;       ; 6     ; 4.700       ; 55         ; 0.000  ; 2.233  ;
;    Cell                ;       ; 6     ; 3.901       ; 45         ; 0.185  ; 1.745  ;
;   Data                 ;       ;       ;             ;            ;        ;        ;
;    IC                  ;       ; 10    ; 1.411       ; 21         ; 0.000  ; 0.955  ;
;    Cell                ;       ; 11    ; 5.161       ; 79         ; 0.000  ; 3.549  ;
;    uTco                ;       ; 1     ; 0.000       ; 0          ; 0.000  ; 0.000  ;
;  Required Path         ;       ;       ;             ;            ;        ;        ;
;   Clock                ;       ;       ;             ;            ;        ;        ;
;    IC                  ;       ; 6     ; 4.003       ; 53         ; 0.000  ; 1.837  ;
;    Cell                ;       ; 5     ; 3.597       ; 47         ; 0.279  ; 1.466  ;
;    PLL Compensation    ;       ; 1     ; -0.151      ; 0          ; -0.151 ; -0.151 ;
+------------------------+-------+-------+-------------+------------+--------+--------+
Note: Negative delays are omitted from totals when calculating percentages

+------------------------------------------------------------------------------------------------------------------------------------------------------------+
; Data Arrival Path                                                                                                                                          ;
+----------+---------+----+------+--------+---------------------------+--------------------------------------------------------------------------------------+
; Total    ; Incr    ; RF ; Type ; Fanout ; Location                  ; Element                                                                              ;
+----------+---------+----+------+--------+---------------------------+--------------------------------------------------------------------------------------+
; 0.000    ; 0.000   ;    ;      ;        ;                           ; launch edge time                                                                     ;
; 8.601    ; 8.601   ;    ;      ;        ;                           ; clock path                                                                           ;
;   0.000  ;   0.000 ;    ;      ;        ;                           ; source latency                                                                       ;
;   0.000  ;   0.000 ;    ;      ; 1      ; PIN_V11                   ; FPGA_CLK1_50                                                                         ;
;   0.000  ;   0.000 ; RR ; IC   ; 1      ; IOIBUF_X32_Y0_N1          ; FPGA_CLK1_50~input|i                                                                 ;
;   0.761  ;   0.761 ; RR ; CELL ; 2      ; IOIBUF_X32_Y0_N1          ; FPGA_CLK1_50~input|o                                                                 ;
;   2.086  ;   1.325 ; RR ; IC   ; 1      ; PLLREFCLKSELECT_X0_Y7_N0  ; pll_hdmi|pll_hdmi_inst|altera_pll_i|cyclonev_pll|fpll_0|REFCLK_SELECT|clkin[0]       ;
;   2.419  ;   0.333 ; RR ; CELL ; 1      ; PLLREFCLKSELECT_X0_Y7_N0  ; pll_hdmi|pll_hdmi_inst|altera_pll_i|cyclonev_pll|fpll_0|REFCLK_SELECT|clkout         ;
;   2.419  ;   0.000 ; RR ; IC   ; 10     ; FRACTIONALPLL_X0_Y1_N0    ; pll_hdmi|pll_hdmi_inst|altera_pll_i|cyclonev_pll|fpll_0|fpll|refclkin                ;
;   2.604  ;   0.185 ; RR ; CELL ; 1      ; FRACTIONALPLL_X0_Y1_N0    ; pll_hdmi|pll_hdmi_inst|altera_pll_i|cyclonev_pll|fpll_0|fpll|vcoph[0]                ;
;   2.604  ;   0.000 ; RR ; IC   ; 1      ; PLLOUTPUTCOUNTER_X0_Y5_N1 ; pll_hdmi|pll_hdmi_inst|altera_pll_i|cyclonev_pll|counter[0].output_counter|vco0ph[0] ;
;   4.349  ;   1.745 ; RR ; CELL ; 3      ; PLLOUTPUTCOUNTER_X0_Y5_N1 ; pll_hdmi|pll_hdmi_inst|altera_pll_i|cyclonev_pll|counter[0].output_counter|divclk    ;
;   5.491  ;   1.142 ; RR ; IC   ; 1      ; CLKCTRL_G4                ; pll_hdmi|pll_hdmi_inst|altera_pll_i|cyclonev_pll|divclk[0]~CLKENA0|inclk             ;
;   5.795  ;   0.304 ; RR ; CELL ; 3657   ; CLKCTRL_G4                ; pll_hdmi|pll_hdmi_inst|altera_pll_i|cyclonev_pll|divclk[0]~CLKENA0|outclk            ;
;   8.028  ;   2.233 ; RR ; IC   ; 1      ; FF_X56_Y26_N14            ; ascal|o_vacpt[4]|clk                                                                 ;
;   8.601  ;   0.573 ; RR ; CELL ; 1      ; FF_X56_Y26_N14            ; ascal:ascal|o_vacpt[4]                                                               ;
; 15.173   ; 6.572   ;    ;      ;        ;                           ; data path                                                                            ;
;   8.601  ;   0.000 ;    ; uTco ; 1      ; FF_X56_Y26_N14            ; ascal:ascal|o_vacpt[4]                                                               ;
;   8.601  ;   0.000 ; RR ; CELL ; 5      ; FF_X56_Y26_N14            ; ascal|o_vacpt[4]|q                                                                   ;
;   9.057  ;   0.456 ; RR ; IC   ; 2      ; LABCELL_X55_Y26_N12       ; ascal|Add83~13|datab                                                                 ;
;   10.119 ;   1.062 ; RR ; CELL ; 1      ; LABCELL_X55_Y26_N12       ; ascal|Add83~13|cout                                                                  ;
;   10.119 ;   0.000 ; RR ; IC   ; 2      ; LABCELL_X55_Y26_N15       ; ascal|Add83~17|cin                                                                   ;
;   10.119 ;   0.000 ; RR ; CELL ; 1      ; LABCELL_X55_Y26_N15       ; ascal|Add83~17|cout                                                                  ;
;   10.119 ;   0.000 ; RR ; IC   ; 2      ; LABCELL_X55_Y26_N18       ; ascal|Add83~21|cin                                                                   ;
;   10.169 ;   0.050 ; RR ; CELL ; 1      ; LABCELL_X55_Y26_N18       ; ascal|Add83~21|cout                                                                  ;
;   10.169 ;   0.000 ; RR ; IC   ; 2      ; LABCELL_X55_Y26_N21       ; ascal|Add83~25|cin                                                                   ;
;   10.169 ;   0.000 ; RR ; CELL ; 1      ; LABCELL_X55_Y26_N21       ; ascal|Add83~25|cout                                                                  ;
;   10.169 ;   0.000 ; RR ; IC   ; 2      ; LABCELL_X55_Y26_N24       ; ascal|Add83~29|cin                                                                   ;
;   10.233 ;   0.064 ; RR ; CELL ; 1      ; LABCELL_X55_Y26_N24       ; ascal|Add83~29|cout                                                                  ;
;   10.233 ;   0.000 ; RR ; IC   ; 2      ; LABCELL_X55_Y26_N27       ; ascal|Add83~33|cin                                                                   ;
;   10.233 ;   0.000 ; RR ; CELL ; 1      ; LABCELL_X55_Y26_N27       ; ascal|Add83~33|cout                                                                  ;
;   10.233 ;   0.000 ; RR ; IC   ; 2      ; LABCELL_X55_Y26_N30       ; ascal|Add83~37|cin                                                                   ;
;   10.333 ;   0.100 ; RR ; CELL ; 1      ; LABCELL_X55_Y26_N30       ; ascal|Add83~37|cout                                                                  ;
;   10.333 ;   0.000 ; RR ; IC   ; 2      ; LABCELL_X55_Y26_N33       ; ascal|Add83~41|cin                                                                   ;
;   10.333 ;   0.000 ; RR ; CELL ; 1      ; LABCELL_X55_Y26_N33       ; ascal|Add83~41|cout                                                                  ;
;   10.333 ;   0.000 ; RR ; IC   ; 1      ; LABCELL_X55_Y26_N36       ; ascal|Add83~45|cin                                                                   ;
;   10.669 ;   0.336 ; RF ; CELL ; 7      ; LABCELL_X55_Y26_N36       ; ascal|Add83~45|sumout                                                                ;
;   11.624 ;   0.955 ; FF ; IC   ; 24     ; DSP_X54_Y26_N0            ; ascal|Mult12~8|ay[18]                                                                ;
;   15.173 ;   3.549 ; FR ; CELL ; 1      ; DSP_X54_Y26_N0            ; ascal:ascal|o_adrs_pre[10]_OTERM177                                                  ;
+----------+---------+----+------+--------+---------------------------+--------------------------------------------------------------------------------------+

+-------------------------------------------------------------------------------------------------------------------------------------------------------------+
; Data Required Path                                                                                                                                          ;
+----------+----------+----+------+--------+---------------------------+--------------------------------------------------------------------------------------+
; Total    ; Incr     ; RF ; Type ; Fanout ; Location                  ; Element                                                                              ;
+----------+----------+----+------+--------+---------------------------+--------------------------------------------------------------------------------------+
; 6.732    ; 6.732    ;    ;      ;        ;                           ; latch edge time                                                                      ;
; 15.519   ; 8.787    ;    ;      ;        ;                           ; clock path                                                                           ;
;   6.732  ;   0.000  ;    ;      ;        ;                           ; source latency                                                                       ;
;   6.732  ;   0.000  ;    ;      ; 1      ; PIN_V11                   ; FPGA_CLK1_50                                                                         ;
;   6.732  ;   0.000  ; RR ; IC   ; 1      ; IOIBUF_X32_Y0_N1          ; FPGA_CLK1_50~input|i                                                                 ;
;   7.493  ;   0.761  ; RR ; CELL ; 2      ; IOIBUF_X32_Y0_N1          ; FPGA_CLK1_50~input|o                                                                 ;
;   8.654  ;   1.161  ; RR ; IC   ; 1      ; PLLREFCLKSELECT_X0_Y7_N0  ; pll_hdmi|pll_hdmi_inst|altera_pll_i|cyclonev_pll|fpll_0|REFCLK_SELECT|clkin[0]       ;
;   8.962  ;   0.308  ; RR ; CELL ; 1      ; PLLREFCLKSELECT_X0_Y7_N0  ; pll_hdmi|pll_hdmi_inst|altera_pll_i|cyclonev_pll|fpll_0|REFCLK_SELECT|clkout         ;
;   8.962  ;   0.000  ; RR ; IC   ; 10     ; FRACTIONALPLL_X0_Y1_N0    ; pll_hdmi|pll_hdmi_inst|altera_pll_i|cyclonev_pll|fpll_0|fpll|refclkin                ;
;   8.811  ;   -0.151 ; RR ; COMP ; 1      ; FRACTIONALPLL_X0_Y1_N0    ; pll_hdmi|pll_hdmi_inst|altera_pll_i|cyclonev_pll|fpll_0|fpll|vcoph[0]                ;
;   8.811  ;   0.000  ; RR ; IC   ; 1      ; PLLOUTPUTCOUNTER_X0_Y5_N1 ; pll_hdmi|pll_hdmi_inst|altera_pll_i|cyclonev_pll|counter[0].output_counter|vco0ph[0] ;
;   10.277 ;   1.466  ; RR ; CELL ; 3      ; PLLOUTPUTCOUNTER_X0_Y5_N1 ; pll_hdmi|pll_hdmi_inst|altera_pll_i|cyclonev_pll|counter[0].output_counter|divclk    ;
;   11.282 ;   1.005  ; RR ; IC   ; 1      ; CLKCTRL_G4                ; pll_hdmi|pll_hdmi_inst|altera_pll_i|cyclonev_pll|divclk[0]~CLKENA0|inclk             ;
;   11.561 ;   0.279  ; RR ; CELL ; 3657   ; CLKCTRL_G4                ; pll_hdmi|pll_hdmi_inst|altera_pll_i|cyclonev_pll|divclk[0]~CLKENA0|outclk            ;
;   13.398 ;   1.837  ; RR ; IC   ; 39     ; DSP_X54_Y26_N0            ; ascal|Mult12~8|clk[0]                                                                ;
;   14.181 ;   0.783  ; RR ; CELL ; 1      ; DSP_X54_Y26_N0            ; ascal:ascal|o_adrs_pre[10]_OTERM177                                                  ;
;   15.519 ;   1.338  ;    ;      ;        ;                           ; clock pessimism removed                                                              ;
; 15.319   ; -0.200   ;    ;      ;        ;                           ; clock uncertainty                                                                    ;
; 15.319   ; 0.000    ;    ; uTsu ; 1      ; DSP_X54_Y26_N0            ; ascal:ascal|o_adrs_pre[10]_OTERM177                                                  ;
+----------+----------+----+------+--------+---------------------------+--------------------------------------------------------------------------------------+

----------------------------
; Extra Fitter Information ;
----------------------------
HTML report is unavailable in plain text report export.


Path #15: Setup slack is 0.146 
===============================================================================
+--------------------------------------------------------------------------------------------------------+
; Path Summary                                                                                           ;
+--------------------+-----------------------------------------------------------------------------------+
; Property           ; Value                                                                             ;
+--------------------+-----------------------------------------------------------------------------------+
; From Node          ; ascal:ascal|o_vacpt[4]                                                            ;
; To Node            ; ascal:ascal|o_adrs_pre[11]_OTERM171                                               ;
; Launch Clock       ; pll_hdmi|pll_hdmi_inst|altera_pll_i|cyclonev_pll|counter[0].output_counter|divclk ;
; Latch Clock        ; pll_hdmi|pll_hdmi_inst|altera_pll_i|cyclonev_pll|counter[0].output_counter|divclk ;
; Data Arrival Time  ; 15.173                                                                            ;
; Data Required Time ; 15.319                                                                            ;
; Slack              ; 0.146                                                                             ;
+--------------------+-----------------------------------------------------------------------------------+

+-------------------------------------------------------------------------------------+
; Statistics                                                                          ;
+------------------------+-------+-------+-------------+------------+--------+--------+
; Property               ; Value ; Count ; Total Delay ; % of Total ; Min    ; Max    ;
+------------------------+-------+-------+-------------+------------+--------+--------+
; Setup Relationship     ; 6.732 ;       ;             ;            ;        ;        ;
; Clock Skew             ; 0.186 ;       ;             ;            ;        ;        ;
; Data Delay             ; 6.572 ;       ;             ;            ;        ;        ;
; Number of Logic Levels ;       ; 1     ;             ;            ;        ;        ;
; Physical Delays        ;       ;       ;             ;            ;        ;        ;
;  Arrival Path          ;       ;       ;             ;            ;        ;        ;
;   Clock                ;       ;       ;             ;            ;        ;        ;
;    IC                  ;       ; 6     ; 4.700       ; 55         ; 0.000  ; 2.233  ;
;    Cell                ;       ; 6     ; 3.901       ; 45         ; 0.185  ; 1.745  ;
;   Data                 ;       ;       ;             ;            ;        ;        ;
;    IC                  ;       ; 10    ; 1.411       ; 21         ; 0.000  ; 0.955  ;
;    Cell                ;       ; 11    ; 5.161       ; 79         ; 0.000  ; 3.549  ;
;    uTco                ;       ; 1     ; 0.000       ; 0          ; 0.000  ; 0.000  ;
;  Required Path         ;       ;       ;             ;            ;        ;        ;
;   Clock                ;       ;       ;             ;            ;        ;        ;
;    IC                  ;       ; 6     ; 4.003       ; 53         ; 0.000  ; 1.837  ;
;    Cell                ;       ; 5     ; 3.597       ; 47         ; 0.279  ; 1.466  ;
;    PLL Compensation    ;       ; 1     ; -0.151      ; 0          ; -0.151 ; -0.151 ;
+------------------------+-------+-------+-------------+------------+--------+--------+
Note: Negative delays are omitted from totals when calculating percentages

+------------------------------------------------------------------------------------------------------------------------------------------------------------+
; Data Arrival Path                                                                                                                                          ;
+----------+---------+----+------+--------+---------------------------+--------------------------------------------------------------------------------------+
; Total    ; Incr    ; RF ; Type ; Fanout ; Location                  ; Element                                                                              ;
+----------+---------+----+------+--------+---------------------------+--------------------------------------------------------------------------------------+
; 0.000    ; 0.000   ;    ;      ;        ;                           ; launch edge time                                                                     ;
; 8.601    ; 8.601   ;    ;      ;        ;                           ; clock path                                                                           ;
;   0.000  ;   0.000 ;    ;      ;        ;                           ; source latency                                                                       ;
;   0.000  ;   0.000 ;    ;      ; 1      ; PIN_V11                   ; FPGA_CLK1_50                                                                         ;
;   0.000  ;   0.000 ; RR ; IC   ; 1      ; IOIBUF_X32_Y0_N1          ; FPGA_CLK1_50~input|i                                                                 ;
;   0.761  ;   0.761 ; RR ; CELL ; 2      ; IOIBUF_X32_Y0_N1          ; FPGA_CLK1_50~input|o                                                                 ;
;   2.086  ;   1.325 ; RR ; IC   ; 1      ; PLLREFCLKSELECT_X0_Y7_N0  ; pll_hdmi|pll_hdmi_inst|altera_pll_i|cyclonev_pll|fpll_0|REFCLK_SELECT|clkin[0]       ;
;   2.419  ;   0.333 ; RR ; CELL ; 1      ; PLLREFCLKSELECT_X0_Y7_N0  ; pll_hdmi|pll_hdmi_inst|altera_pll_i|cyclonev_pll|fpll_0|REFCLK_SELECT|clkout         ;
;   2.419  ;   0.000 ; RR ; IC   ; 10     ; FRACTIONALPLL_X0_Y1_N0    ; pll_hdmi|pll_hdmi_inst|altera_pll_i|cyclonev_pll|fpll_0|fpll|refclkin                ;
;   2.604  ;   0.185 ; RR ; CELL ; 1      ; FRACTIONALPLL_X0_Y1_N0    ; pll_hdmi|pll_hdmi_inst|altera_pll_i|cyclonev_pll|fpll_0|fpll|vcoph[0]                ;
;   2.604  ;   0.000 ; RR ; IC   ; 1      ; PLLOUTPUTCOUNTER_X0_Y5_N1 ; pll_hdmi|pll_hdmi_inst|altera_pll_i|cyclonev_pll|counter[0].output_counter|vco0ph[0] ;
;   4.349  ;   1.745 ; RR ; CELL ; 3      ; PLLOUTPUTCOUNTER_X0_Y5_N1 ; pll_hdmi|pll_hdmi_inst|altera_pll_i|cyclonev_pll|counter[0].output_counter|divclk    ;
;   5.491  ;   1.142 ; RR ; IC   ; 1      ; CLKCTRL_G4                ; pll_hdmi|pll_hdmi_inst|altera_pll_i|cyclonev_pll|divclk[0]~CLKENA0|inclk             ;
;   5.795  ;   0.304 ; RR ; CELL ; 3657   ; CLKCTRL_G4                ; pll_hdmi|pll_hdmi_inst|altera_pll_i|cyclonev_pll|divclk[0]~CLKENA0|outclk            ;
;   8.028  ;   2.233 ; RR ; IC   ; 1      ; FF_X56_Y26_N14            ; ascal|o_vacpt[4]|clk                                                                 ;
;   8.601  ;   0.573 ; RR ; CELL ; 1      ; FF_X56_Y26_N14            ; ascal:ascal|o_vacpt[4]                                                               ;
; 15.173   ; 6.572   ;    ;      ;        ;                           ; data path                                                                            ;
;   8.601  ;   0.000 ;    ; uTco ; 1      ; FF_X56_Y26_N14            ; ascal:ascal|o_vacpt[4]                                                               ;
;   8.601  ;   0.000 ; RR ; CELL ; 5      ; FF_X56_Y26_N14            ; ascal|o_vacpt[4]|q                                                                   ;
;   9.057  ;   0.456 ; RR ; IC   ; 2      ; LABCELL_X55_Y26_N12       ; ascal|Add83~13|datab                                                                 ;
;   10.119 ;   1.062 ; RR ; CELL ; 1      ; LABCELL_X55_Y26_N12       ; ascal|Add83~13|cout                                                                  ;
;   10.119 ;   0.000 ; RR ; IC   ; 2      ; LABCELL_X55_Y26_N15       ; ascal|Add83~17|cin                                                                   ;
;   10.119 ;   0.000 ; RR ; CELL ; 1      ; LABCELL_X55_Y26_N15       ; ascal|Add83~17|cout                                                                  ;
;   10.119 ;   0.000 ; RR ; IC   ; 2      ; LABCELL_X55_Y26_N18       ; ascal|Add83~21|cin                                                                   ;
;   10.169 ;   0.050 ; RR ; CELL ; 1      ; LABCELL_X55_Y26_N18       ; ascal|Add83~21|cout                                                                  ;
;   10.169 ;   0.000 ; RR ; IC   ; 2      ; LABCELL_X55_Y26_N21       ; ascal|Add83~25|cin                                                                   ;
;   10.169 ;   0.000 ; RR ; CELL ; 1      ; LABCELL_X55_Y26_N21       ; ascal|Add83~25|cout                                                                  ;
;   10.169 ;   0.000 ; RR ; IC   ; 2      ; LABCELL_X55_Y26_N24       ; ascal|Add83~29|cin                                                                   ;
;   10.233 ;   0.064 ; RR ; CELL ; 1      ; LABCELL_X55_Y26_N24       ; ascal|Add83~29|cout                                                                  ;
;   10.233 ;   0.000 ; RR ; IC   ; 2      ; LABCELL_X55_Y26_N27       ; ascal|Add83~33|cin                                                                   ;
;   10.233 ;   0.000 ; RR ; CELL ; 1      ; LABCELL_X55_Y26_N27       ; ascal|Add83~33|cout                                                                  ;
;   10.233 ;   0.000 ; RR ; IC   ; 2      ; LABCELL_X55_Y26_N30       ; ascal|Add83~37|cin                                                                   ;
;   10.333 ;   0.100 ; RR ; CELL ; 1      ; LABCELL_X55_Y26_N30       ; ascal|Add83~37|cout                                                                  ;
;   10.333 ;   0.000 ; RR ; IC   ; 2      ; LABCELL_X55_Y26_N33       ; ascal|Add83~41|cin                                                                   ;
;   10.333 ;   0.000 ; RR ; CELL ; 1      ; LABCELL_X55_Y26_N33       ; ascal|Add83~41|cout                                                                  ;
;   10.333 ;   0.000 ; RR ; IC   ; 1      ; LABCELL_X55_Y26_N36       ; ascal|Add83~45|cin                                                                   ;
;   10.669 ;   0.336 ; RF ; CELL ; 7      ; LABCELL_X55_Y26_N36       ; ascal|Add83~45|sumout                                                                ;
;   11.624 ;   0.955 ; FF ; IC   ; 24     ; DSP_X54_Y26_N0            ; ascal|Mult12~8|ay[18]                                                                ;
;   15.173 ;   3.549 ; FR ; CELL ; 1      ; DSP_X54_Y26_N0            ; ascal:ascal|o_adrs_pre[11]_OTERM171                                                  ;
+----------+---------+----+------+--------+---------------------------+--------------------------------------------------------------------------------------+

+-------------------------------------------------------------------------------------------------------------------------------------------------------------+
; Data Required Path                                                                                                                                          ;
+----------+----------+----+------+--------+---------------------------+--------------------------------------------------------------------------------------+
; Total    ; Incr     ; RF ; Type ; Fanout ; Location                  ; Element                                                                              ;
+----------+----------+----+------+--------+---------------------------+--------------------------------------------------------------------------------------+
; 6.732    ; 6.732    ;    ;      ;        ;                           ; latch edge time                                                                      ;
; 15.519   ; 8.787    ;    ;      ;        ;                           ; clock path                                                                           ;
;   6.732  ;   0.000  ;    ;      ;        ;                           ; source latency                                                                       ;
;   6.732  ;   0.000  ;    ;      ; 1      ; PIN_V11                   ; FPGA_CLK1_50                                                                         ;
;   6.732  ;   0.000  ; RR ; IC   ; 1      ; IOIBUF_X32_Y0_N1          ; FPGA_CLK1_50~input|i                                                                 ;
;   7.493  ;   0.761  ; RR ; CELL ; 2      ; IOIBUF_X32_Y0_N1          ; FPGA_CLK1_50~input|o                                                                 ;
;   8.654  ;   1.161  ; RR ; IC   ; 1      ; PLLREFCLKSELECT_X0_Y7_N0  ; pll_hdmi|pll_hdmi_inst|altera_pll_i|cyclonev_pll|fpll_0|REFCLK_SELECT|clkin[0]       ;
;   8.962  ;   0.308  ; RR ; CELL ; 1      ; PLLREFCLKSELECT_X0_Y7_N0  ; pll_hdmi|pll_hdmi_inst|altera_pll_i|cyclonev_pll|fpll_0|REFCLK_SELECT|clkout         ;
;   8.962  ;   0.000  ; RR ; IC   ; 10     ; FRACTIONALPLL_X0_Y1_N0    ; pll_hdmi|pll_hdmi_inst|altera_pll_i|cyclonev_pll|fpll_0|fpll|refclkin                ;
;   8.811  ;   -0.151 ; RR ; COMP ; 1      ; FRACTIONALPLL_X0_Y1_N0    ; pll_hdmi|pll_hdmi_inst|altera_pll_i|cyclonev_pll|fpll_0|fpll|vcoph[0]                ;
;   8.811  ;   0.000  ; RR ; IC   ; 1      ; PLLOUTPUTCOUNTER_X0_Y5_N1 ; pll_hdmi|pll_hdmi_inst|altera_pll_i|cyclonev_pll|counter[0].output_counter|vco0ph[0] ;
;   10.277 ;   1.466  ; RR ; CELL ; 3      ; PLLOUTPUTCOUNTER_X0_Y5_N1 ; pll_hdmi|pll_hdmi_inst|altera_pll_i|cyclonev_pll|counter[0].output_counter|divclk    ;
;   11.282 ;   1.005  ; RR ; IC   ; 1      ; CLKCTRL_G4                ; pll_hdmi|pll_hdmi_inst|altera_pll_i|cyclonev_pll|divclk[0]~CLKENA0|inclk             ;
;   11.561 ;   0.279  ; RR ; CELL ; 3657   ; CLKCTRL_G4                ; pll_hdmi|pll_hdmi_inst|altera_pll_i|cyclonev_pll|divclk[0]~CLKENA0|outclk            ;
;   13.398 ;   1.837  ; RR ; IC   ; 39     ; DSP_X54_Y26_N0            ; ascal|Mult12~8|clk[0]                                                                ;
;   14.181 ;   0.783  ; RR ; CELL ; 1      ; DSP_X54_Y26_N0            ; ascal:ascal|o_adrs_pre[11]_OTERM171                                                  ;
;   15.519 ;   1.338  ;    ;      ;        ;                           ; clock pessimism removed                                                              ;
; 15.319   ; -0.200   ;    ;      ;        ;                           ; clock uncertainty                                                                    ;
; 15.319   ; 0.000    ;    ; uTsu ; 1      ; DSP_X54_Y26_N0            ; ascal:ascal|o_adrs_pre[11]_OTERM171                                                  ;
+----------+----------+----+------+--------+---------------------------+--------------------------------------------------------------------------------------+

----------------------------
; Extra Fitter Information ;
----------------------------
HTML report is unavailable in plain text report export.


