t=2 start source=file:/media/fat/games/MediaPlayer/bbb_480i_tff_15s.m2v index=1 core=MediaPlayer alternate=MediaPlayer
t=45 profile_version=1 ack_sample_every=64 first_byte_means=first_chunk_complete interval_means=media_poll_entry_to_entry
t=1971 helper forked pid=699 read_fd=14
t=2076 download asserted index=1 pid=699
t=2237 would_block count=1 submitted=0
t=2268 profile_poll polls=1 elapsed_us=43 interval_us=0 chunks=0
t=2458 would_block count=2 submitted=0
t=2479 profile_poll polls=2 elapsed_us=30 interval_us=236 chunks=0
t=2542 would_block count=3 submitted=0
t=2556 profile_poll polls=3 elapsed_us=19 interval_us=87 chunks=0
t=2612 would_block count=4 submitted=0
t=2625 profile_poll polls=4 elapsed_us=18 interval_us=70 chunks=0
t=2857 would_block count=8 submitted=0
t=3207 would_block count=16 submitted=0
t=3902 would_block count=32 submitted=0
t=5252 would_block count=64 submitted=0
t=5267 profile_poll polls=64 elapsed_us=20 interval_us=41 chunks=0
t=7943 would_block count=128 submitted=0
t=7958 profile_poll polls=128 elapsed_us=20 interval_us=40 chunks=0
t=25171 profile_poll polls=192 elapsed_us=9 interval_us=84 chunks=0
t=28025 would_block count=256 submitted=0
t=28050 profile_poll polls=256 elapsed_us=30 interval_us=42 chunks=0
t=31328 profile_poll polls=320 elapsed_us=6 interval_us=53 chunks=0
t=34260 profile_poll polls=384 elapsed_us=6 interval_us=42 chunks=0
t=38293 profile_poll polls=448 elapsed_us=6 interval_us=42 chunks=0
t=41770 first_read latency_us=39694 count=16384
t=53570 first_byte latency_us=51494 would_block=485 count=16384
t=53608 read event=1 count=16384 submitted=16384 read_us=73 tx_us=11758 ack_sample=0
t=65244 read event=2 count=16384 submitted=32768 read_us=774 tx_us=10841 ack_sample=0
t=76342 read event=3 count=16384 submitted=49152 read_us=275 tx_us=10785 ack_sample=0
t=87412 read event=4 count=16384 submitted=65536 read_us=262 tx_us=10778 ack_sample=0
t=98619 read event=5 count=16384 submitted=81920 read_us=290 tx_us=10773 ack_sample=0
t=109701 read event=6 count=16384 submitted=98304 read_us=281 tx_us=10766 ack_sample=0
t=120793 read event=7 count=16384 submitted=114688 read_us=271 tx_us=10791 ack_sample=0
t=131854 read event=8 count=16384 submitted=131072 read_us=257 tx_us=10775 ack_sample=0
t=142996 read event=9 count=16384 submitted=147456 read_us=267 tx_us=10777 ack_sample=0
t=154692 read event=10 count=16384 submitted=163840 read_us=814 tx_us=10848 ack_sample=0
t=165812 read event=11 count=16384 submitted=180224 read_us=298 tx_us=10780 ack_sample=0
t=176888 read event=12 count=16384 submitted=196608 read_us=266 tx_us=10779 ack_sample=0
t=188138 read event=13 count=16384 submitted=212992 read_us=277 tx_us=10785 ack_sample=0
t=199212 read event=14 count=16384 submitted=229376 read_us=263 tx_us=10776 ack_sample=0
t=210276 read event=15 count=16384 submitted=245760 read_us=257 tx_us=10776 ack_sample=0
t=221350 read event=16 count=16384 submitted=262144 read_us=258 tx_us=10787 ack_sample=0
t=232495 read event=17 count=16384 submitted=278528 read_us=270 tx_us=10774 ack_sample=0
t=244149 read event=18 count=16384 submitted=294912 read_us=779 tx_us=10843 ack_sample=0
t=255241 read event=19 count=16384 submitted=311296 read_us=270 tx_us=10783 ack_sample=0
t=266306 read event=20 count=16384 submitted=327680 read_us=258 tx_us=10774 ack_sample=0
t=277496 read event=21 count=16384 submitted=344064 read_us=267 tx_us=10787 ack_sample=0
t=288582 read event=22 count=16384 submitted=360448 read_us=278 tx_us=10772 ack_sample=0
t=299663 read event=23 count=16384 submitted=376832 read_us=277 tx_us=10773 ack_sample=0
t=310732 read event=24 count=16384 submitted=393216 read_us=273 tx_us=10766 ack_sample=0
t=321900 read event=25 count=16384 submitted=409600 read_us=266 tx_us=10790 ack_sample=0
t=333533 read event=26 count=16384 submitted=425984 read_us=749 tx_us=10850 ack_sample=0
t=344628 read event=27 count=16384 submitted=442368 read_us=289 tx_us=10769 ack_sample=0
t=355760 read event=28 count=16384 submitted=458752 read_us=275 tx_us=10825 ack_sample=0
t=366951 read event=29 count=16384 submitted=475136 read_us=270 tx_us=10777 ack_sample=0
t=378041 read event=30 count=16384 submitted=491520 read_us=262 tx_us=10777 ack_sample=0
t=389100 read event=31 count=16384 submitted=507904 read_us=258 tx_us=10770 ack_sample=0
t=400158 read event=32 count=16384 submitted=524288 read_us=253 tx_us=10776 ack_sample=0
t=411302 read event=33 count=16384 submitted=540672 read_us=265 tx_us=10779 ack_sample=0
t=422993 read event=34 count=16384 submitted=557056 read_us=802 tx_us=10856 ack_sample=0
t=434080 read event=35 count=16384 submitted=573440 read_us=273 tx_us=10776 ack_sample=0
t=445147 read event=36 count=16384 submitted=589824 read_us=259 tx_us=10775 ack_sample=0
t=456335 read event=37 count=16384 submitted=606208 read_us=270 tx_us=10779 ack_sample=0
t=467408 read event=38 count=16384 submitted=622592 read_us=262 tx_us=10775 ack_sample=0
t=478471 read event=39 count=16384 submitted=638976 read_us=257 tx_us=10777 ack_sample=0
t=489538 read event=40 count=16384 submitted=655360 read_us=272 tx_us=10764 ack_sample=0
t=500689 read event=41 count=16384 submitted=671744 read_us=285 tx_us=10769 ack_sample=0
t=512338 read event=42 count=16384 submitted=688128 read_us=759 tx_us=10857 ack_sample=0
t=523444 read event=43 count=16384 submitted=704512 read_us=273 tx_us=10796 ack_sample=0
t=534512 read event=44 count=16384 submitted=720896 read_us=262 tx_us=10759 ack_sample=0
t=556066 read event=45 count=16384 submitted=737280 read_us=283 tx_us=10788 ack_sample=0
t=567202 read event=46 count=16384 submitted=753664 read_us=262 tx_us=10837 ack_sample=0
t=578279 read event=47 count=16384 submitted=770048 read_us=258 tx_us=10787 ack_sample=0
t=589340 read event=48 count=16384 submitted=786432 read_us=256 tx_us=10774 ack_sample=0
t=600493 read event=49 count=16384 submitted=802816 read_us=264 tx_us=10781 ack_sample=0
t=612180 read event=50 count=16384 submitted=819200 read_us=793 tx_us=10861 ack_sample=0
t=623272 read event=51 count=16384 submitted=835584 read_us=268 tx_us=10785 ack_sample=0
t=634344 read event=52 count=16384 submitted=851968 read_us=260 tx_us=10778 ack_sample=0
t=645547 read event=53 count=16384 submitted=868352 read_us=288 tx_us=10776 ack_sample=0
t=656632 read event=54 count=16384 submitted=884736 read_us=282 tx_us=10768 ack_sample=0
t=667705 read event=55 count=16384 submitted=901120 read_us=277 tx_us=10766 ack_sample=0
t=678775 read event=56 count=16384 submitted=917504 read_us=265 tx_us=10774 ack_sample=0
t=689928 read event=57 count=16384 submitted=933888 read_us=268 tx_us=10787 ack_sample=0
t=701567 read event=58 count=16384 submitted=950272 read_us=752 tx_us=10854 ack_sample=0
t=712751 read event=59 count=16384 submitted=966656 read_us=302 tx_us=10842 ack_sample=0
t=723833 read event=60 count=16384 submitted=983040 read_us=264 tx_us=10785 ack_sample=0
t=735041 read event=61 count=16384 submitted=999424 read_us=274 tx_us=10782 ack_sample=0
t=746274 read event=62 count=16384 submitted=1015808 read_us=326 tx_us=10849 ack_sample=0
t=757390 read event=63 count=16384 submitted=1032192 read_us=285 tx_us=10784 ack_sample=0
t=768923 read event=64 count=16384 submitted=1048576 read_us=267 tx_us=11233 ack_sample=1
t=768949 profile_ack event=64 words=8192 high_reads=16352 low_reads=16348 high_wait_words=8160 low_wait_words=8156 high_max_reads=2 low_max_reads=2 uninitialized=0
t=780105 read event=65 count=16384 submitted=1064960 read_us=274 tx_us=10776 ack_sample=0
t=791778 read event=66 count=16384 submitted=1081344 read_us=782 tx_us=10855 ack_sample=0
t=802875 read event=67 count=16384 submitted=1097728 read_us=273 tx_us=10781 ack_sample=0
t=813938 read event=68 count=16384 submitted=1114112 read_us=260 tx_us=10772 ack_sample=0
t=825123 read event=69 count=16384 submitted=1130496 read_us=270 tx_us=10777 ack_sample=0
t=836191 read event=70 count=16384 submitted=1146880 read_us=260 tx_us=10773 ack_sample=0
t=847263 read event=71 count=16384 submitted=1163264 read_us=257 tx_us=10788 ack_sample=0
t=858321 read event=72 count=16384 submitted=1179648 read_us=251 tx_us=10779 ack_sample=0
t=869472 read event=73 count=16384 submitted=1196032 read_us=267 tx_us=10777 ack_sample=0
t=881144 read event=74 count=16384 submitted=1212416 read_us=771 tx_us=10851 ack_sample=0
t=892235 read event=75 count=16384 submitted=1228800 read_us=270 tx_us=10782 ack_sample=0
t=903346 read event=76 count=16384 submitted=1245184 read_us=257 tx_us=10823 ack_sample=0
t=914558 read event=77 count=16384 submitted=1261568 read_us=296 tx_us=10772 ack_sample=0
t=925637 read event=78 count=16384 submitted=1277952 read_us=280 tx_us=10767 ack_sample=0
t=936703 read event=79 count=16384 submitted=1294336 read_us=273 tx_us=10765 ack_sample=0
t=947782 read event=80 count=16384 submitted=1310720 read_us=265 tx_us=10785 ack_sample=0
t=958923 read event=81 count=16384 submitted=1327104 read_us=264 tx_us=10778 ack_sample=0
t=970608 read event=82 count=16384 submitted=1343488 read_us=763 tx_us=10888 ack_sample=0
t=981775 read event=83 count=16384 submitted=1359872 read_us=291 tx_us=10836 ack_sample=0
t=992843 read event=84 count=16384 submitted=1376256 read_us=262 tx_us=10774 ack_sample=0
t=1004036 read event=85 count=16384 submitted=1392640 read_us=269 tx_us=10776 ack_sample=0
t=1015104 read event=86 count=16384 submitted=1409024 read_us=261 tx_us=10773 ack_sample=0
t=1026162 read event=87 count=16384 submitted=1425408 read_us=252 tx_us=10776 ack_sample=0
t=1037223 read event=88 count=16384 submitted=1441792 read_us=256 tx_us=10776 ack_sample=0
t=1058732 read event=89 count=16384 submitted=1458176 read_us=299 tx_us=10768 ack_sample=0
t=1070396 read event=90 count=16384 submitted=1474560 read_us=759 tx_us=10862 ack_sample=0
t=1081483 read event=91 count=16384 submitted=1490944 read_us=270 tx_us=10777 ack_sample=0
t=1092562 read event=92 count=16384 submitted=1507328 read_us=277 tx_us=10770 ack_sample=0
t=1103767 read event=93 count=16384 submitted=1523712 read_us=287 tx_us=10775 ack_sample=0
t=1114833 read event=94 count=16384 submitted=1540096 read_us=258 tx_us=10774 ack_sample=0
t=1125909 read event=95 count=16384 submitted=1556480 read_us=255 tx_us=10782 ack_sample=0
t=1136967 read event=96 count=16384 submitted=1572864 read_us=253 tx_us=10775 ack_sample=0
t=1148137 read event=97 count=16384 submitted=1589248 read_us=268 tx_us=10793 ack_sample=0
t=1159789 read event=98 count=16384 submitted=1605632 read_us=777 tx_us=10842 ack_sample=0
t=1170886 read event=99 count=16384 submitted=1622016 read_us=271 tx_us=10786 ack_sample=0
t=1181957 read event=100 count=16384 submitted=1638400 read_us=258 tx_us=10782 ack_sample=0
t=1193200 read event=101 count=16384 submitted=1654784 read_us=273 tx_us=10831 ack_sample=0
t=1204276 read event=102 count=16384 submitted=1671168 read_us=264 tx_us=10776 ack_sample=0
t=1215335 read event=103 count=16384 submitted=1687552 read_us=257 tx_us=10773 ack_sample=0
t=1226391 read event=104 count=16384 submitted=1703936 read_us=254 tx_us=10771 ack_sample=0
t=1237542 read event=105 count=16384 submitted=1720320 read_us=283 tx_us=10764 ack_sample=0
t=1249214 read event=106 count=16384 submitted=1736704 read_us=787 tx_us=10850 ack_sample=0
t=1260300 read event=107 count=16384 submitted=1753088 read_us=272 tx_us=10775 ack_sample=0
t=1271364 read event=108 count=16384 submitted=1769472 read_us=260 tx_us=10773 ack_sample=0
t=1271390 profile_poll polls=512 elapsed_us=44901 interval_us=44402 chunks=4
t=1282578 read event=109 count=16384 submitted=1785856 read_us=290 tx_us=10772 ack_sample=0
t=1293662 read event=110 count=16384 submitted=1802240 read_us=284 tx_us=10766 ack_sample=0
t=1304729 read event=111 count=16384 submitted=1818624 read_us=273 tx_us=10764 ack_sample=0
t=1315797 read event=112 count=16384 submitted=1835008 read_us=257 tx_us=10773 ack_sample=0
t=1326938 read event=113 count=16384 submitted=1851392 read_us=268 tx_us=10772 ack_sample=0
t=1338593 read event=114 count=16384 submitted=1867776 read_us=763 tx_us=10857 ack_sample=0
t=1349706 read event=115 count=16384 submitted=1884160 read_us=297 tx_us=10776 ack_sample=0
t=1360783 read event=116 count=16384 submitted=1900544 read_us=273 tx_us=10773 ack_sample=0
t=1371970 read event=117 count=16384 submitted=1916928 read_us=272 tx_us=10777 ack_sample=0
t=1383060 read event=118 count=16384 submitted=1933312 read_us=265 tx_us=10779 ack_sample=0
t=1394174 read event=119 count=16384 submitted=1949696 read_us=256 tx_us=10828 ack_sample=0
t=1405238 read event=120 count=16384 submitted=1966080 read_us=258 tx_us=10774 ack_sample=0
t=1416388 read event=121 count=16384 submitted=1982464 read_us=271 tx_us=10773 ack_sample=0
t=1428034 read event=122 count=16384 submitted=1998848 read_us=770 tx_us=10842 ack_sample=0
t=1439127 read event=123 count=16384 submitted=2015232 read_us=269 tx_us=10786 ack_sample=0
t=1450198 read event=124 count=16384 submitted=2031616 read_us=263 tx_us=10778 ack_sample=0
t=1461387 read event=125 count=16384 submitted=2048000 read_us=272 tx_us=10780 ack_sample=0
t=1472462 read event=126 count=16384 submitted=2064384 read_us=263 tx_us=10779 ack_sample=0
t=1483523 read event=127 count=16384 submitted=2080768 read_us=269 tx_us=10763 ack_sample=0
t=1494996 read event=128 count=16384 submitted=2097152 read_us=271 tx_us=11173 ack_sample=1
t=1495018 profile_ack event=128 words=8192 high_reads=16356 low_reads=16351 high_wait_words=8164 low_wait_words=8159 high_max_reads=2 low_max_reads=2 uninitialized=0
t=1506154 read event=129 count=16384 submitted=2113536 read_us=266 tx_us=10779 ack_sample=0
t=1517799 read event=130 count=16384 submitted=2129920 read_us=762 tx_us=10852 ack_sample=0
t=1528886 read event=131 count=16384 submitted=2146304 read_us=270 tx_us=10779 ack_sample=0
t=1539968 read event=132 count=16384 submitted=2162688 read_us=263 tx_us=10789 ack_sample=0
t=1551169 read event=133 count=16384 submitted=2179072 read_us=272 tx_us=10775 ack_sample=0
t=1562247 read event=134 count=16384 submitted=2195456 read_us=262 tx_us=10782 ack_sample=0
t=1573315 read event=135 count=16384 submitted=2211840 read_us=256 tx_us=10782 ack_sample=0
t=1584377 read event=136 count=16384 submitted=2228224 read_us=255 tx_us=10779 ack_sample=0
t=1595524 read event=137 count=16384 submitted=2244608 read_us=280 tx_us=10765 ack_sample=0
t=1607220 read event=138 count=16384 submitted=2260992 read_us=760 tx_us=10905 ack_sample=0
t=1618309 read event=139 count=16384 submitted=2277376 read_us=274 tx_us=10777 ack_sample=0
t=1629378 read event=140 count=16384 submitted=2293760 read_us=263 tx_us=10775 ack_sample=0
t=1640591 read event=141 count=16384 submitted=2310144 read_us=294 tx_us=10784 ack_sample=0
t=1651663 read event=142 count=16384 submitted=2326528 read_us=273 tx_us=10764 ack_sample=0
t=1662744 read event=143 count=16384 submitted=2342912 read_us=273 tx_us=10772 ack_sample=0
t=1673802 read event=144 count=16384 submitted=2359296 read_us=257 tx_us=10772 ack_sample=0
t=1684959 read event=145 count=16384 submitted=2375680 read_us=269 tx_us=10777 ack_sample=0
t=1696616 read event=146 count=16384 submitted=2392064 read_us=783 tx_us=10841 ack_sample=0
t=1707718 read event=147 count=16384 submitted=2408448 read_us=286 tx_us=10778 ack_sample=0
t=1718812 read event=148 count=16384 submitted=2424832 read_us=269 tx_us=10779 ack_sample=0
t=1730078 read event=149 count=16384 submitted=2441216 read_us=275 tx_us=10853 ack_sample=0
t=1741163 read event=150 count=16384 submitted=2457600 read_us=263 tx_us=10787 ack_sample=0
t=1752226 read event=151 count=16384 submitted=2473984 read_us=258 tx_us=10776 ack_sample=0
t=1763285 read event=152 count=16384 submitted=2490368 read_us=255 tx_us=10775 ack_sample=0
t=1774436 read event=153 count=16384 submitted=2506752 read_us=266 tx_us=10781 ack_sample=0
t=1786094 read event=154 count=16384 submitted=2523136 read_us=769 tx_us=10856 ack_sample=0
t=1797181 read event=155 count=16384 submitted=2539520 read_us=270 tx_us=10780 ack_sample=0
t=1808245 read event=156 count=16384 submitted=2555904 read_us=259 tx_us=10775 ack_sample=0
t=1819497 read event=157 count=16384 submitted=2572288 read_us=274 tx_us=10834 ack_sample=0
t=1830588 read event=158 count=16384 submitted=2588672 read_us=281 tx_us=10774 ack_sample=0
t=1841667 read event=159 count=16384 submitted=2605056 read_us=269 tx_us=10780 ack_sample=0
t=1852729 read event=160 count=16384 submitted=2621440 read_us=270 tx_us=10762 ack_sample=0
t=1863957 read event=161 count=16384 submitted=2637824 read_us=267 tx_us=10826 ack_sample=0
t=1875584 read event=162 count=16384 submitted=2654208 read_us=743 tx_us=10847 ack_sample=0
t=1886688 read event=163 count=16384 submitted=2670592 read_us=291 tx_us=10776 ack_sample=0
t=1897775 read event=164 count=16384 submitted=2686976 read_us=276 tx_us=10777 ack_sample=0
t=1908966 read event=165 count=16384 submitted=2703360 read_us=277 tx_us=10776 ack_sample=0
t=1920049 read event=166 count=16384 submitted=2719744 read_us=264 tx_us=10784 ack_sample=0
t=1931106 read event=167 count=16384 submitted=2736128 read_us=253 tx_us=10775 ack_sample=0
t=1942179 read event=168 count=16384 submitted=2752512 read_us=256 tx_us=10787 ack_sample=0
t=1953327 read event=169 count=16384 submitted=2768896 read_us=265 tx_us=10775 ack_sample=0
t=1964993 read event=170 count=16384 submitted=2785280 read_us=784 tx_us=10849 ack_sample=0
t=1976079 read event=171 count=16384 submitted=2801664 read_us=266 tx_us=10783 ack_sample=0
t=1987148 read event=172 count=16384 submitted=2818048 read_us=263 tx_us=10773 ack_sample=0
t=1998332 read event=173 count=16384 submitted=2834432 read_us=270 tx_us=10781 ack_sample=0
t=2009400 read event=174 count=16384 submitted=2850816 read_us=258 tx_us=10776 ack_sample=0
t=2020518 read event=175 count=16384 submitted=2867200 read_us=255 tx_us=10832 ack_sample=0
t=2031601 read event=176 count=16384 submitted=2883584 read_us=276 tx_us=10774 ack_sample=0
t=2042777 read event=177 count=16384 submitted=2899968 read_us=284 tx_us=10791 ack_sample=0
t=2054411 read event=178 count=16384 submitted=2916352 read_us=752 tx_us=10845 ack_sample=0
t=2065504 read event=179 count=16384 submitted=2932736 read_us=275 tx_us=10776 ack_sample=0
t=2076590 read event=180 count=16384 submitted=2949120 read_us=280 tx_us=10774 ack_sample=0
t=2087815 read event=181 count=16384 submitted=2965504 read_us=270 tx_us=10784 ack_sample=0
t=2098887 read event=182 count=16384 submitted=2981888 read_us=261 tx_us=10777 ack_sample=0
t=2109946 read event=183 count=16384 submitted=2998272 read_us=253 tx_us=10776 ack_sample=0
t=2121006 read event=184 count=16384 submitted=3014656 read_us=261 tx_us=10770 ack_sample=0
t=2132147 read event=185 count=16384 submitted=3031040 read_us=261 tx_us=10780 ack_sample=0
t=2143818 read event=186 count=16384 submitted=3047424 read_us=771 tx_us=10869 ack_sample=0
t=2155201 read event=187 count=16384 submitted=3063808 read_us=270 tx_us=11071 ack_sample=0
t=2166722 read event=188 count=16384 submitted=3080192 read_us=372 tx_us=11072 ack_sample=0
t=2178131 read event=189 count=16384 submitted=3096576 read_us=316 tx_us=10903 ack_sample=0
t=2190119 read event=190 count=16384 submitted=3112960 read_us=327 tx_us=11599 ack_sample=0
t=2202267 read event=191 count=16384 submitted=3129344 read_us=343 tx_us=11742 ack_sample=0
t=2215038 read event=192 count=16384 submitted=3145728 read_us=387 tx_us=12315 ack_sample=1
t=2215098 profile_ack event=192 words=8192 high_reads=16217 low_reads=16261 high_wait_words=8025 low_wait_words=8069 high_max_reads=2 low_max_reads=2 uninitialized=0
t=2227457 read event=193 count=16384 submitted=3162112 read_us=369 tx_us=11817 ack_sample=0
t=2240180 read event=194 count=16384 submitted=3178496 read_us=1146 tx_us=11519 ack_sample=0
t=2252268 read event=195 count=16384 submitted=3194880 read_us=372 tx_us=11651 ack_sample=0
t=2264391 read event=196 count=16384 submitted=3211264 read_us=353 tx_us=11713 ack_sample=0
t=2276689 read event=197 count=16384 submitted=3227648 read_us=446 tx_us=11626 ack_sample=0
t=2288405 read event=198 count=16384 submitted=3244032 read_us=331 tx_us=11300 ack_sample=0
t=2299879 read event=199 count=16384 submitted=3260416 read_us=385 tx_us=11020 ack_sample=0
t=2312107 read event=200 count=16384 submitted=3276800 read_us=778 tx_us=11378 ack_sample=0
t=2324149 read event=201 count=16384 submitted=3293184 read_us=783 tx_us=11079 ack_sample=0
t=2335839 read event=202 count=16384 submitted=3309568 read_us=799 tx_us=10851 ack_sample=0
t=2346938 read event=203 count=16384 submitted=3325952 read_us=273 tx_us=10788 ack_sample=0
t=2358023 read event=204 count=16384 submitted=3342336 read_us=263 tx_us=10776 ack_sample=0
t=2369223 read event=205 count=16384 submitted=3358720 read_us=273 tx_us=10776 ack_sample=0
t=2380293 read event=206 count=16384 submitted=3375104 read_us=260 tx_us=10777 ack_sample=0
t=2391365 read event=207 count=16384 submitted=3391488 read_us=254 tx_us=10788 ack_sample=0
t=2402459 read event=208 count=16384 submitted=3407872 read_us=277 tx_us=10779 ack_sample=0
t=2413637 read event=209 count=16384 submitted=3424256 read_us=295 tx_us=10772 ack_sample=0
t=2425316 read event=210 count=16384 submitted=3440640 read_us=795 tx_us=10849 ack_sample=0
t=2436460 read event=211 count=16384 submitted=3457024 read_us=270 tx_us=10834 ack_sample=0
t=2447554 read event=212 count=16384 submitted=3473408 read_us=277 tx_us=10783 ack_sample=0
t=2458758 read event=213 count=16384 submitted=3489792 read_us=293 tx_us=10770 ack_sample=0
t=2469826 read event=214 count=16384 submitted=3506176 read_us=259 tx_us=10776 ack_sample=0
t=2480886 read event=215 count=16384 submitted=3522560 read_us=255 tx_us=10777 ack_sample=0
t=2491937 read event=216 count=16384 submitted=3538944 read_us=249 tx_us=10774 ack_sample=0
t=2503096 read event=217 count=16384 submitted=3555328 read_us=271 tx_us=10780 ack_sample=0
t=2514760 read event=218 count=16384 submitted=3571712 read_us=776 tx_us=10856 ack_sample=0
t=2525851 read event=219 count=16384 submitted=3588096 read_us=271 tx_us=10782 ack_sample=0
t=2536918 read event=220 count=16384 submitted=3604480 read_us=259 tx_us=10777 ack_sample=0
t=2548127 read event=221 count=16384 submitted=3620864 read_us=274 tx_us=10799 ack_sample=0
t=2559189 read event=222 count=16384 submitted=3637248 read_us=257 tx_us=10770 ack_sample=0
t=2570249 read event=223 count=16384 submitted=3653632 read_us=254 tx_us=10777 ack_sample=0
t=2581309 read event=224 count=16384 submitted=3670016 read_us=254 tx_us=10777 ack_sample=0
t=2592470 read event=225 count=16384 submitted=3686400 read_us=264 tx_us=10786 ack_sample=0
t=2604115 read event=226 count=16384 submitted=3702784 read_us=765 tx_us=10846 ack_sample=0
t=2615202 read event=227 count=16384 submitted=3719168 read_us=270 tx_us=10780 ack_sample=0
t=2626267 read event=228 count=16384 submitted=3735552 read_us=261 tx_us=10773 ack_sample=0
t=2637453 read event=229 count=16384 submitted=3751936 read_us=272 tx_us=10776 ack_sample=0
t=2648589 read event=230 count=16384 submitted=3768320 read_us=276 tx_us=10828 ack_sample=0
t=2659661 read event=231 count=16384 submitted=3784704 read_us=272 tx_us=10767 ack_sample=0
t=2670730 read event=232 count=16384 submitted=3801088 read_us=274 tx_us=10766 ack_sample=0
t=2681882 read event=233 count=16384 submitted=3817472 read_us=265 tx_us=10779 ack_sample=0
t=2693505 read event=234 count=16384 submitted=3833856 read_us=737 tx_us=10855 ack_sample=0
t=2704605 read event=235 count=16384 submitted=3850240 read_us=290 tx_us=10772 ack_sample=0
t=2715697 read event=236 count=16384 submitted=3866624 read_us=288 tx_us=10767 ack_sample=0
t=2726905 read event=237 count=16384 submitted=3883008 read_us=274 tx_us=10784 ack_sample=0
t=2737975 read event=238 count=16384 submitted=3899392 read_us=262 tx_us=10775 ack_sample=0
t=2749050 read event=239 count=16384 submitted=3915776 read_us=257 tx_us=10786 ack_sample=0
t=2760189 read event=240 count=16384 submitted=3932160 read_us=256 tx_us=10854 ack_sample=0
t=2771360 read event=241 count=16384 submitted=3948544 read_us=269 tx_us=10786 ack_sample=0
t=2783020 read event=242 count=16384 submitted=3964928 read_us=770 tx_us=10855 ack_sample=0
t=2794113 read event=243 count=16384 submitted=3981312 read_us=269 tx_us=10787 ack_sample=0
t=2805176 read event=244 count=16384 submitted=3997696 read_us=261 tx_us=10772 ack_sample=0
t=2816365 read event=245 count=16384 submitted=4014080 read_us=272 tx_us=10783 ack_sample=0
t=2827430 read event=246 count=16384 submitted=4030464 read_us=256 tx_us=10777 ack_sample=0
t=2838493 read event=247 count=16384 submitted=4046848 read_us=256 tx_us=10774 ack_sample=0
t=2849663 read event=248 count=16384 submitted=4063232 read_us=290 tx_us=10828 ack_sample=0
t=2860842 read event=249 count=16384 submitted=4079616 read_us=269 tx_us=10783 ack_sample=0
t=2872490 read event=250 count=16384 submitted=4096000 read_us=759 tx_us=10857 ack_sample=0
t=2883627 read event=251 count=16384 submitted=4112384 read_us=287 tx_us=10812 ack_sample=0
t=2894716 read event=252 count=16384 submitted=4128768 read_us=280 tx_us=10777 ack_sample=0
t=2905925 read event=253 count=16384 submitted=4145152 read_us=271 tx_us=10785 ack_sample=0
t=2917002 read event=254 count=16384 submitted=4161536 read_us=262 tx_us=10782 ack_sample=0
t=2928057 read event=255 count=16384 submitted=4177920 read_us=250 tx_us=10776 ack_sample=0
t=2939522 read event=256 count=16384 submitted=4194304 read_us=256 tx_us=11180 ack_sample=1
t=2939546 profile_ack event=256 words=8192 high_reads=16347 low_reads=16353 high_wait_words=8155 low_wait_words=8161 high_max_reads=2 low_max_reads=2 uninitialized=0
t=2950691 read event=257 count=16384 submitted=4210688 read_us=287 tx_us=10766 ack_sample=0
t=2962355 read event=258 count=16384 submitted=4227072 read_us=769 tx_us=10860 ack_sample=0
t=2973445 read event=259 count=16384 submitted=4243456 read_us=272 tx_us=10781 ack_sample=0
t=2984523 read event=260 count=16384 submitted=4259840 read_us=277 tx_us=10767 ack_sample=0
t=2995719 read event=261 count=16384 submitted=4276224 read_us=291 tx_us=10773 ack_sample=0
t=3006798 read event=262 count=16384 submitted=4292608 read_us=262 tx_us=10774 ack_sample=0
t=3017899 read event=263 count=16384 submitted=4308992 read_us=254 tx_us=10815 ack_sample=0
t=3028959 read event=264 count=16384 submitted=4325376 read_us=255 tx_us=10776 ack_sample=0
t=3047499 read event=265 count=16384 submitted=4341760 read_us=59 tx_us=11126 ack_sample=0
t=3071796 read event=266 count=16384 submitted=4358144 read_us=7258 tx_us=16989 ack_sample=0
t=3089990 read event=267 count=16384 submitted=4374528 read_us=292 tx_us=17852 ack_sample=0
t=3114645 read event=268 count=16384 submitted=4390912 read_us=6750 tx_us=17861 ack_sample=0
t=3131754 read event=269 count=16384 submitted=4407296 read_us=6057 tx_us=10859 ack_sample=0
t=3142888 read event=270 count=16384 submitted=4423680 read_us=289 tx_us=10799 ack_sample=0
t=3153961 read event=271 count=16384 submitted=4440064 read_us=264 tx_us=10777 ack_sample=0
t=3165027 read event=272 count=16384 submitted=4456448 read_us=257 tx_us=10780 ack_sample=0
t=3176202 read event=273 count=16384 submitted=4472832 read_us=271 tx_us=10779 ack_sample=0
t=3188185 read event=274 count=16384 submitted=4489216 read_us=789 tx_us=11158 ack_sample=0
t=3200298 read event=275 count=16384 submitted=4505600 read_us=346 tx_us=11706 ack_sample=0
t=3211634 read event=276 count=16384 submitted=4521984 read_us=377 tx_us=10867 ack_sample=0
t=3222888 read event=277 count=16384 submitted=4538368 read_us=287 tx_us=10783 ack_sample=0
t=3233971 read event=278 count=16384 submitted=4554752 read_us=267 tx_us=10781 ack_sample=0
t=3245056 read event=279 count=16384 submitted=4571136 read_us=265 tx_us=10790 ack_sample=0
t=3256124 read event=280 count=16384 submitted=4587520 read_us=257 tx_us=10781 ack_sample=0
t=3267325 read event=281 count=16384 submitted=4603904 read_us=263 tx_us=10837 ack_sample=0
t=3279006 read event=282 count=16384 submitted=4620288 read_us=805 tx_us=10841 ack_sample=0
t=3290104 read event=283 count=16384 submitted=4636672 read_us=270 tx_us=10788 ack_sample=0
t=3301184 read event=284 count=16384 submitted=4653056 read_us=266 tx_us=10780 ack_sample=0
t=3312379 read event=285 count=16384 submitted=4669440 read_us=273 tx_us=10777 ack_sample=0
t=3323441 read event=286 count=16384 submitted=4685824 read_us=256 tx_us=10774 ack_sample=0
t=3334502 read event=287 count=16384 submitted=4702208 read_us=258 tx_us=10774 ack_sample=0
t=3345594 read event=288 count=16384 submitted=4718592 read_us=272 tx_us=10786 ack_sample=0
t=3356750 read event=289 count=16384 submitted=4734976 read_us=282 tx_us=10773 ack_sample=0
t=3368392 read event=290 count=16384 submitted=4751360 read_us=764 tx_us=10845 ack_sample=0
t=3379497 read event=291 count=16384 submitted=4767744 read_us=274 tx_us=10777 ack_sample=0
t=3390576 read event=292 count=16384 submitted=4784128 read_us=279 tx_us=10765 ack_sample=0
t=3401769 read event=293 count=16384 submitted=4800512 read_us=282 tx_us=10777 ack_sample=0
t=3412842 read event=294 count=16384 submitted=4816896 read_us=265 tx_us=10776 ack_sample=0
t=3423904 read event=295 count=16384 submitted=4833280 read_us=255 tx_us=10778 ack_sample=0
t=3434966 read event=296 count=16384 submitted=4849664 read_us=258 tx_us=10774 ack_sample=0
t=3446131 read event=297 count=16384 submitted=4866048 read_us=266 tx_us=10793 ack_sample=0
t=3457790 read event=298 count=16384 submitted=4882432 read_us=776 tx_us=10850 ack_sample=0
t=3468876 read event=299 count=16384 submitted=4898816 read_us=268 tx_us=10780 ack_sample=0
t=3479997 read event=300 count=16384 submitted=4915200 read_us=261 tx_us=10827 ack_sample=0
t=3491190 read event=301 count=16384 submitted=4931584 read_us=268 tx_us=10785 ack_sample=0
t=3502261 read event=302 count=16384 submitted=4947968 read_us=258 tx_us=10778 ack_sample=0
t=3513322 read event=303 count=16384 submitted=4964352 read_us=254 tx_us=10776 ack_sample=0
t=3524383 read event=304 count=16384 submitted=4980736 read_us=257 tx_us=10775 ack_sample=0
t=3535526 read event=305 count=16384 submitted=4997120 read_us=280 tx_us=10764 ack_sample=0
t=3547187 read event=306 count=16384 submitted=5013504 read_us=766 tx_us=10862 ack_sample=0
t=3558270 read event=307 count=16384 submitted=5029888 read_us=267 tx_us=10779 ack_sample=0
t=3569338 read event=308 count=16384 submitted=5046272 read_us=261 tx_us=10776 ack_sample=0
t=3580525 read event=309 count=16384 submitted=5062656 read_us=284 tx_us=10764 ack_sample=0
t=3591602 read event=310 count=16384 submitted=5079040 read_us=272 tx_us=10771 ack_sample=0
t=3602670 read event=311 count=16384 submitted=5095424 read_us=275 tx_us=10764 ack_sample=0
t=3613742 read event=312 count=16384 submitted=5111808 read_us=267 tx_us=10770 ack_sample=0
t=3624893 read event=313 count=16384 submitted=5128192 read_us=265 tx_us=10776 ack_sample=0
t=3636539 read event=314 count=16384 submitted=5144576 read_us=758 tx_us=10855 ack_sample=0
t=3647656 read event=315 count=16384 submitted=5160960 read_us=292 tx_us=10788 ack_sample=0
t=3658744 read event=316 count=16384 submitted=5177344 read_us=279 tx_us=10777 ack_sample=0
t=3669930 read event=317 count=16384 submitted=5193728 read_us=270 tx_us=10782 ack_sample=0
t=3681041 read event=318 count=16384 submitted=5210112 read_us=255 tx_us=10825 ack_sample=0
t=3692120 read event=319 count=16384 submitted=5226496 read_us=263 tx_us=10785 ack_sample=0
t=3703618 read event=320 count=16384 submitted=5242880 read_us=257 tx_us=11210 ack_sample=1
t=3703654 profile_ack event=320 words=8192 high_reads=16340 low_reads=16343 high_wait_words=8148 low_wait_words=8151 high_max_reads=2 low_max_reads=2 uninitialized=0
t=3714919 read event=321 count=16384 submitted=5259264 read_us=295 tx_us=10835 ack_sample=0
t=3726648 read event=322 count=16384 submitted=5275648 read_us=844 tx_us=10840 ack_sample=0
t=3737763 read event=323 count=16384 submitted=5292032 read_us=292 tx_us=10781 ack_sample=0
t=3748856 read event=324 count=16384 submitted=5308416 read_us=264 tx_us=10794 ack_sample=0
t=3760048 read event=325 count=16384 submitted=5324800 read_us=271 tx_us=10775 ack_sample=0
t=3771109 read event=326 count=16384 submitted=5341184 read_us=257 tx_us=10772 ack_sample=0
t=3782247 read event=327 count=16384 submitted=5357568 read_us=257 tx_us=10851 ack_sample=0
t=3793329 read event=328 count=16384 submitted=5373952 read_us=268 tx_us=10780 ack_sample=0
t=3804480 read event=329 count=16384 submitted=5390336 read_us=267 tx_us=10780 ack_sample=0
t=3816127 read event=330 count=16384 submitted=5406720 read_us=762 tx_us=10851 ack_sample=0
t=3827224 read event=331 count=16384 submitted=5423104 read_us=276 tx_us=10783 ack_sample=0
t=3838305 read event=332 count=16384 submitted=5439488 read_us=261 tx_us=10786 ack_sample=0
t=3849513 read event=333 count=16384 submitted=5455872 read_us=274 tx_us=10791 ack_sample=0
t=3860614 read event=334 count=16384 submitted=5472256 read_us=286 tx_us=10767 ack_sample=0
t=3871695 read event=335 count=16384 submitted=5488640 read_us=277 tx_us=10773 ack_sample=0
t=3882770 read event=336 count=16384 submitted=5505024 read_us=272 tx_us=10775 ack_sample=0
t=3893965 read event=337 count=16384 submitted=5521408 read_us=262 tx_us=10832 ack_sample=0
t=3905632 read event=338 count=16384 submitted=5537792 read_us=764 tx_us=10866 ack_sample=0
t=3916735 read event=339 count=16384 submitted=5554176 read_us=294 tx_us=10770 ack_sample=0
t=3927814 read event=340 count=16384 submitted=5570560 read_us=265 tx_us=10776 ack_sample=0
t=3939005 read event=341 count=16384 submitted=5586944 read_us=269 tx_us=10786 ack_sample=0
t=3950069 read event=342 count=16384 submitted=5603328 read_us=255 tx_us=10778 ack_sample=0
t=3961125 read event=343 count=16384 submitted=5619712 read_us=254 tx_us=10774 ack_sample=0
t=3972191 read event=344 count=16384 submitted=5636096 read_us=256 tx_us=10780 ack_sample=0
t=3983343 read event=345 count=16384 submitted=5652480 read_us=265 tx_us=10780 ack_sample=0
t=3994992 read event=346 count=16384 submitted=5668864 read_us=772 tx_us=10845 ack_sample=0
t=4006093 read event=347 count=16384 submitted=5685248 read_us=272 tx_us=10791 ack_sample=0
t=4017169 read event=348 count=16384 submitted=5701632 read_us=263 tx_us=10780 ack_sample=0
t=4028345 read event=349 count=16384 submitted=5718016 read_us=268 tx_us=10778 ack_sample=0
t=4039421 read event=350 count=16384 submitted=5734400 read_us=259 tx_us=10784 ack_sample=0
t=4050481 read event=351 count=16384 submitted=5750784 read_us=260 tx_us=10770 ack_sample=0
t=4061549 read event=352 count=16384 submitted=5767168 read_us=272 tx_us=10767 ack_sample=0
t=4072697 read event=353 count=16384 submitted=5783552 read_us=283 tx_us=10769 ack_sample=0
t=4084338 read event=354 count=16384 submitted=5799936 read_us=757 tx_us=10852 ack_sample=0
t=4095440 read event=355 count=16384 submitted=5816320 read_us=276 tx_us=10788 ack_sample=0
t=4106577 read event=356 count=16384 submitted=5832704 read_us=297 tx_us=10772 ack_sample=0
t=4117785 read event=357 count=16384 submitted=5849088 read_us=284 tx_us=10778 ack_sample=0
t=4128849 read event=358 count=16384 submitted=5865472 read_us=255 tx_us=10775 ack_sample=0
t=4139930 read event=359 count=16384 submitted=5881856 read_us=261 tx_us=10789 ack_sample=0
t=4151000 read event=360 count=16384 submitted=5898240 read_us=262 tx_us=10777 ack_sample=0
t=4162164 read event=361 count=16384 submitted=5914624 read_us=261 tx_us=10791 ack_sample=0
t=4173869 read event=362 count=16384 submitted=5931008 read_us=806 tx_us=10856 ack_sample=0
t=4184963 read event=363 count=16384 submitted=5947392 read_us=275 tx_us=10778 ack_sample=0
t=4196042 read event=364 count=16384 submitted=5963776 read_us=265 tx_us=10781 ack_sample=0
t=4196068 profile_poll polls=576 elapsed_us=44963 interval_us=44390 chunks=4
t=4207244 read event=365 count=16384 submitted=5980160 read_us=270 tx_us=10780 ack_sample=0
t=4218314 read event=366 count=16384 submitted=5996544 read_us=262 tx_us=10776 ack_sample=0
t=4229374 read event=367 count=16384 submitted=6012928 read_us=257 tx_us=10773 ack_sample=0
t=4240452 read event=368 count=16384 submitted=6029312 read_us=258 tx_us=10790 ack_sample=0
t=4251609 read event=369 count=16384 submitted=6045696 read_us=279 tx_us=10770 ack_sample=0
t=4263267 read event=370 count=16384 submitted=6062080 read_us=769 tx_us=10856 ack_sample=0
t=4274356 read event=371 count=16384 submitted=6078464 read_us=274 tx_us=10778 ack_sample=0
t=4285423 read event=372 count=16384 submitted=6094848 read_us=263 tx_us=10775 ack_sample=0
t=4296612 read event=373 count=16384 submitted=6111232 read_us=289 tx_us=10768 ack_sample=0
t=4307751 read event=374 count=16384 submitted=6127616 read_us=274 tx_us=10832 ack_sample=0
t=4318821 read event=375 count=16384 submitted=6144000 read_us=260 tx_us=10777 ack_sample=0
t=4329887 read event=376 count=16384 submitted=6160384 read_us=257 tx_us=10778 ack_sample=0
t=4341060 read event=377 count=16384 submitted=6176768 read_us=265 tx_us=10793 ack_sample=0
t=4352716 read event=378 count=16384 submitted=6193152 read_us=781 tx_us=10840 ack_sample=0
t=4363820 read event=379 count=16384 submitted=6209536 read_us=274 tx_us=10782 ack_sample=0
t=4374888 read event=380 count=16384 submitted=6225920 read_us=261 tx_us=10775 ack_sample=0
t=4386080 read event=381 count=16384 submitted=6242304 read_us=271 tx_us=10778 ack_sample=0
t=4397149 read event=382 count=16384 submitted=6258688 read_us=257 tx_us=10777 ack_sample=0
t=4408216 read event=383 count=16384 submitted=6275072 read_us=260 tx_us=10778 ack_sample=0
t=4419680 read event=384 count=16384 submitted=6291456 read_us=261 tx_us=11174 ack_sample=1
t=4419703 profile_ack event=384 words=8192 high_reads=16340 low_reads=16345 high_wait_words=8148 low_wait_words=8153 high_max_reads=2 low_max_reads=2 uninitialized=0
t=4430844 read event=385 count=16384 submitted=6307840 read_us=261 tx_us=10778 ack_sample=0
t=4442497 read event=386 count=16384 submitted=6324224 read_us=753 tx_us=10868 ack_sample=0
t=4453608 read event=387 count=16384 submitted=6340608 read_us=296 tx_us=10776 ack_sample=0
t=4464691 read event=388 count=16384 submitted=6356992 read_us=278 tx_us=10771 ack_sample=0
t=4475882 read event=389 count=16384 submitted=6373376 read_us=266 tx_us=10780 ack_sample=0
t=4486943 read event=390 count=16384 submitted=6389760 read_us=257 tx_us=10771 ack_sample=0
t=4498008 read event=391 count=16384 submitted=6406144 read_us=254 tx_us=10780 ack_sample=0
t=4509070 read event=392 count=16384 submitted=6422528 read_us=257 tx_us=10776 ack_sample=0
t=4520268 read event=393 count=16384 submitted=6438912 read_us=267 tx_us=10828 ack_sample=0
t=4531918 read event=394 count=16384 submitted=6455296 read_us=770 tx_us=10845 ack_sample=0
t=4543023 read event=395 count=16384 submitted=6471680 read_us=274 tx_us=10794 ack_sample=0
t=4554098 read event=396 count=16384 submitted=6488064 read_us=263 tx_us=10778 ack_sample=0
t=4565286 read event=397 count=16384 submitted=6504448 read_us=271 tx_us=10783 ack_sample=0
t=4576357 read event=398 count=16384 submitted=6520832 read_us=262 tx_us=10774 ack_sample=0
t=4587424 read event=399 count=16384 submitted=6537216 read_us=261 tx_us=10775 ack_sample=0
t=4598486 read event=400 count=16384 submitted=6553600 read_us=260 tx_us=10773 ack_sample=0
t=4609633 read event=401 count=16384 submitted=6569984 read_us=280 tx_us=10768 ack_sample=0
t=4621280 read event=402 count=16384 submitted=6586368 read_us=768 tx_us=10848 ack_sample=0
t=4632370 read event=403 count=16384 submitted=6602752 read_us=273 tx_us=10778 ack_sample=0
t=4643454 read event=404 count=16384 submitted=6619136 read_us=259 tx_us=10794 ack_sample=0
t=4654649 read event=405 count=16384 submitted=6635520 read_us=287 tx_us=10766 ack_sample=0
t=4665735 read event=406 count=16384 submitted=6651904 read_us=276 tx_us=10777 ack_sample=0
t=4676810 read event=407 count=16384 submitted=6668288 read_us=262 tx_us=10778 ack_sample=0
t=4687878 read event=408 count=16384 submitted=6684672 read_us=259 tx_us=10780 ack_sample=0
t=4699021 read event=409 count=16384 submitted=6701056 read_us=259 tx_us=10772 ack_sample=0
t=4710755 read event=410 count=16384 submitted=6717440 read_us=861 tx_us=10840 ack_sample=0
t=4721906 read event=411 count=16384 submitted=6733824 read_us=276 tx_us=10832 ack_sample=0
t=4732977 read event=412 count=16384 submitted=6750208 read_us=264 tx_us=10772 ack_sample=0
t=4744183 read event=413 count=16384 submitted=6766592 read_us=270 tx_us=10799 ack_sample=0
t=4755260 read event=414 count=16384 submitted=6782976 read_us=263 tx_us=10778 ack_sample=0
t=4766326 read event=415 count=16384 submitted=6799360 read_us=259 tx_us=10775 ack_sample=0
t=4777388 read event=416 count=16384 submitted=6815744 read_us=257 tx_us=10774 ack_sample=0
t=4788551 read event=417 count=16384 submitted=6832128 read_us=285 tx_us=10772 ack_sample=0
t=4800263 read event=418 count=16384 submitted=6848512 read_us=770 tx_us=10911 ack_sample=0
t=4811342 read event=419 count=16384 submitted=6864896 read_us=272 tx_us=10770 ack_sample=0
t=4822436 read event=420 count=16384 submitted=6881280 read_us=267 tx_us=10778 ack_sample=0
t=4833633 read event=421 count=16384 submitted=6897664 read_us=289 tx_us=10770 ack_sample=0
t=4844725 read event=422 count=16384 submitted=6914048 read_us=274 tx_us=10784 ack_sample=0
t=4855814 read event=423 count=16384 submitted=6930432 read_us=262 tx_us=10783 ack_sample=0
t=4866904 read event=424 count=16384 submitted=6946816 read_us=257 tx_us=10802 ack_sample=0
t=4878054 read event=425 count=16384 submitted=6963200 read_us=265 tx_us=10780 ack_sample=0
t=4889695 read event=426 count=16384 submitted=6979584 read_us=767 tx_us=10841 ack_sample=0
t=4900791 read event=427 count=16384 submitted=6995968 read_us=287 tx_us=10770 ack_sample=0
t=4911864 read event=428 count=16384 submitted=7012352 read_us=261 tx_us=10777 ack_sample=0
t=4923046 read event=429 count=16384 submitted=7028736 read_us=270 tx_us=10772 ack_sample=0
t=4934166 read event=430 count=16384 submitted=7045120 read_us=256 tx_us=10830 ack_sample=0
t=4945253 read event=431 count=16384 submitted=7061504 read_us=263 tx_us=10792 ack_sample=0
t=4956317 read event=432 count=16384 submitted=7077888 read_us=261 tx_us=10771 ack_sample=0
t=4967456 read event=433 count=16384 submitted=7094272 read_us=264 tx_us=10774 ack_sample=0
t=4979099 read event=434 count=16384 submitted=7110656 read_us=764 tx_us=10848 ack_sample=0
t=4990188 read event=435 count=16384 submitted=7127040 read_us=272 tx_us=10779 ack_sample=0
t=5001254 read event=436 count=16384 submitted=7143424 read_us=261 tx_us=10771 ack_sample=0
t=5012426 read event=437 count=16384 submitted=7159808 read_us=264 tx_us=10776 ack_sample=0
t=5023498 read event=438 count=16384 submitted=7176192 read_us=263 tx_us=10776 ack_sample=0
t=5034578 read event=439 count=16384 submitted=7192576 read_us=275 tx_us=10773 ack_sample=0
t=5045665 read event=440 count=16384 submitted=7208960 read_us=272 tx_us=10786 ack_sample=0
t=5056825 read event=441 count=16384 submitted=7225344 read_us=260 tx_us=10779 ack_sample=0
t=5068462 read event=442 count=16384 submitted=7241728 read_us=756 tx_us=10848 ack_sample=0
t=5079560 read event=443 count=16384 submitted=7258112 read_us=292 tx_us=10768 ack_sample=0
t=5090642 read event=444 count=16384 submitted=7274496 read_us=277 tx_us=10773 ack_sample=0
t=5101834 read event=445 count=16384 submitted=7290880 read_us=267 tx_us=10775 ack_sample=0
t=5112895 read event=446 count=16384 submitted=7307264 read_us=257 tx_us=10771 ack_sample=0
t=5123963 read event=447 count=16384 submitted=7323648 read_us=258 tx_us=10780 ack_sample=0
t=5135425 read event=448 count=16384 submitted=7340032 read_us=257 tx_us=11175 ack_sample=1
t=5135449 profile_ack event=448 words=8192 high_reads=16344 low_reads=16350 high_wait_words=8152 low_wait_words=8158 high_max_reads=2 low_max_reads=2 uninitialized=0
t=5146656 read event=449 count=16384 submitted=7356416 read_us=325 tx_us=10792 ack_sample=0
t=5158300 read event=450 count=16384 submitted=7372800 read_us=768 tx_us=10840 ack_sample=0
t=5169394 read event=451 count=16384 submitted=7389184 read_us=275 tx_us=10780 ack_sample=0
t=5180462 read event=452 count=16384 submitted=7405568 read_us=261 tx_us=10774 ack_sample=0
t=5191656 read event=453 count=16384 submitted=7421952 read_us=286 tx_us=10766 ack_sample=0
t=5202735 read event=454 count=16384 submitted=7438336 read_us=281 tx_us=10766 ack_sample=0
t=5213812 read event=455 count=16384 submitted=7454720 read_us=255 tx_us=10784 ack_sample=0
t=5224873 read event=456 count=16384 submitted=7471104 read_us=259 tx_us=10774 ack_sample=0
t=5236030 read event=457 count=16384 submitted=7487488 read_us=258 tx_us=10789 ack_sample=0
t=5247684 read event=458 count=16384 submitted=7503872 read_us=771 tx_us=10852 ack_sample=0
t=5258796 read event=459 count=16384 submitted=7520256 read_us=292 tx_us=10782 ack_sample=0
t=5269870 read event=460 count=16384 submitted=7536640 read_us=263 tx_us=10777 ack_sample=0
t=5281045 read event=461 count=16384 submitted=7553024 read_us=269 tx_us=10776 ack_sample=0
t=5292121 read event=462 count=16384 submitted=7569408 read_us=260 tx_us=10783 ack_sample=0
t=5303200 read event=463 count=16384 submitted=7585792 read_us=256 tx_us=10781 ack_sample=0
t=5314261 read event=464 count=16384 submitted=7602176 read_us=258 tx_us=10773 ack_sample=0
t=5325402 read event=465 count=16384 submitted=7618560 read_us=260 tx_us=10776 ack_sample=0
t=5337069 read event=466 count=16384 submitted=7634944 read_us=785 tx_us=10849 ack_sample=0
t=5348231 read event=467 count=16384 submitted=7651328 read_us=276 tx_us=10846 ack_sample=0
t=5359306 read event=468 count=16384 submitted=7667712 read_us=265 tx_us=10774 ack_sample=0
t=5370487 read event=469 count=16384 submitted=7684096 read_us=271 tx_us=10775 ack_sample=0
t=5381566 read event=470 count=16384 submitted=7700480 read_us=278 tx_us=10767 ack_sample=0
t=5392640 read event=471 count=16384 submitted=7716864 read_us=282 tx_us=10764 ack_sample=0
t=5403718 read event=472 count=16384 submitted=7733248 read_us=274 tx_us=10772 ack_sample=0
t=5414866 read event=473 count=16384 submitted=7749632 read_us=260 tx_us=10776 ack_sample=0
t=5426517 read event=474 count=16384 submitted=7766016 read_us=767 tx_us=10851 ack_sample=0
t=5437631 read event=475 count=16384 submitted=7782400 read_us=296 tx_us=10780 ack_sample=0
t=5448719 read event=476 count=16384 submitted=7798784 read_us=277 tx_us=10781 ack_sample=0
t=5459920 read event=477 count=16384 submitted=7815168 read_us=266 tx_us=10782 ack_sample=0
t=5470987 read event=478 count=16384 submitted=7831552 read_us=262 tx_us=10771 ack_sample=0
t=5482050 read event=479 count=16384 submitted=7847936 read_us=257 tx_us=10775 ack_sample=0
t=5493108 read event=480 count=16384 submitted=7864320 read_us=253 tx_us=10776 ack_sample=0
t=5504251 read event=481 count=16384 submitted=7880704 read_us=261 tx_us=10779 ack_sample=0
t=5515903 read event=482 count=16384 submitted=7897088 read_us=772 tx_us=10847 ack_sample=0
t=5526994 read event=483 count=16384 submitted=7913472 read_us=272 tx_us=10782 ack_sample=0
t=5538064 read event=484 count=16384 submitted=7929856 read_us=260 tx_us=10780 ack_sample=0
t=5549249 read event=485 count=16384 submitted=7946240 read_us=268 tx_us=10785 ack_sample=0
t=5560375 read event=486 count=16384 submitted=7962624 read_us=263 tx_us=10829 ack_sample=0
t=5571440 read event=487 count=16384 submitted=7979008 read_us=261 tx_us=10771 ack_sample=0
t=5582508 read event=488 count=16384 submitted=7995392 read_us=260 tx_us=10775 ack_sample=0
t=5593666 read event=489 count=16384 submitted=8011776 read_us=279 tx_us=10773 ack_sample=0
t=5605318 read event=490 count=16384 submitted=8028160 read_us=768 tx_us=10851 ack_sample=0
t=5616409 read event=491 count=16384 submitted=8044544 read_us=274 tx_us=10779 ack_sample=0
t=5627474 read event=492 count=16384 submitted=8060928 read_us=263 tx_us=10771 ack_sample=0
t=5638665 read event=493 count=16384 submitted=8077312 read_us=292 tx_us=10766 ack_sample=0
t=5649764 read event=494 count=16384 submitted=8093696 read_us=288 tx_us=10778 ack_sample=0
t=5660825 read event=495 count=16384 submitted=8110080 read_us=258 tx_us=10772 ack_sample=0
t=5671897 read event=496 count=16384 submitted=8126464 read_us=256 tx_us=10786 ack_sample=0
t=5683033 read event=497 count=16384 submitted=8142848 read_us=260 tx_us=10777 ack_sample=0
t=5694689 read event=498 count=16384 submitted=8159232 read_us=780 tx_us=10843 ack_sample=0
t=5705792 read event=499 count=16384 submitted=8175616 read_us=282 tx_us=10784 ack_sample=0
t=5716876 read event=500 count=16384 submitted=8192000 read_us=266 tx_us=10782 ack_sample=0
t=5728071 read event=501 count=16384 submitted=8208384 read_us=269 tx_us=10778 ack_sample=0
t=5739153 read event=502 count=16384 submitted=8224768 read_us=258 tx_us=10791 ack_sample=0
t=5750222 read event=503 count=16384 submitted=8241152 read_us=258 tx_us=10781 ack_sample=0
t=5761333 read event=504 count=16384 submitted=8257536 read_us=256 tx_us=10825 ack_sample=0
t=5772502 read event=505 count=16384 submitted=8273920 read_us=271 tx_us=10780 ack_sample=0
t=5784158 read event=506 count=16384 submitted=8290304 read_us=772 tx_us=10850 ack_sample=0
t=5795269 read event=507 count=16384 submitted=8306688 read_us=277 tx_us=10779 ack_sample=0
t=5806341 read event=508 count=16384 submitted=8323072 read_us=262 tx_us=10779 ack_sample=0
t=5817531 read event=509 count=16384 submitted=8339456 read_us=283 tx_us=10769 ack_sample=0
t=5828679 read event=510 count=16384 submitted=8355840 read_us=280 tx_us=10835 ack_sample=0
t=5839790 read event=511 count=16384 submitted=8372224 read_us=275 tx_us=10804 ack_sample=0
t=5851256 read event=512 count=16384 submitted=8388608 read_us=262 tx_us=11174 ack_sample=1
t=5851282 profile_ack event=512 words=8192 high_reads=16352 low_reads=16354 high_wait_words=8160 low_wait_words=8162 high_max_reads=2 low_max_reads=2 uninitialized=0
t=5862424 read event=513 count=16384 submitted=8404992 read_us=266 tx_us=10774 ack_sample=0
t=5874090 read event=514 count=16384 submitted=8421376 read_us=776 tx_us=10856 ack_sample=0
t=5885181 read event=515 count=16384 submitted=8437760 read_us=271 tx_us=10781 ack_sample=0
t=5896294 read event=516 count=16384 submitted=8454144 read_us=259 tx_us=10821 ack_sample=0
t=5907477 read event=517 count=16384 submitted=8470528 read_us=272 tx_us=10776 ack_sample=0
t=5918564 read event=518 count=16384 submitted=8486912 read_us=286 tx_us=10769 ack_sample=0
t=5929640 read event=519 count=16384 submitted=8503296 read_us=272 tx_us=10772 ack_sample=0
t=5940723 read event=520 count=16384 submitted=8519680 read_us=271 tx_us=10784 ack_sample=0
t=5951871 read event=521 count=16384 submitted=8536064 read_us=259 tx_us=10781 ack_sample=0
t=5963499 read event=522 count=16384 submitted=8552448 read_us=745 tx_us=10850 ack_sample=0
t=5974652 read event=523 count=16384 submitted=8568832 read_us=291 tx_us=10825 ack_sample=0
t=5985735 read event=524 count=16384 submitted=8585216 read_us=276 tx_us=10775 ack_sample=0
t=5996931 read event=525 count=16384 submitted=8601600 read_us=264 tx_us=10784 ack_sample=0
t=6008000 read event=526 count=16384 submitted=8617984 read_us=262 tx_us=10774 ack_sample=0
t=6019066 read event=527 count=16384 submitted=8634368 read_us=256 tx_us=10778 ack_sample=0
t=6030124 read event=528 count=16384 submitted=8650752 read_us=255 tx_us=10775 ack_sample=0
t=6041274 read event=529 count=16384 submitted=8667136 read_us=259 tx_us=10792 ack_sample=0
t=6052934 read event=530 count=16384 submitted=8683520 read_us=775 tx_us=10849 ack_sample=0
t=6064029 read event=531 count=16384 submitted=8699904 read_us=269 tx_us=10788 ack_sample=0
t=6075096 read event=532 count=16384 submitted=8716288 read_us=256 tx_us=10780 ack_sample=0
t=6086475 read event=533 count=16384 submitted=8732672 read_us=278 tx_us=10826 ack_sample=0
t=6097579 read event=534 count=16384 submitted=8749056 read_us=291 tx_us=10772 ack_sample=0
t=6108653 read event=535 count=16384 submitted=8765440 read_us=274 tx_us=10767 ack_sample=0
t=6119728 read event=536 count=16384 submitted=8781824 read_us=273 tx_us=10772 ack_sample=0
t=6130891 read event=537 count=16384 submitted=8798208 read_us=263 tx_us=10781 ack_sample=0
t=6142552 read event=538 count=16384 submitted=8814592 read_us=763 tx_us=10866 ack_sample=0
t=6153652 read event=539 count=16384 submitted=8830976 read_us=289 tx_us=10770 ack_sample=0
t=6164732 read event=540 count=16384 submitted=8847360 read_us=281 tx_us=10768 ack_sample=0
t=6175979 read event=541 count=16384 submitted=8863744 read_us=270 tx_us=10829 ack_sample=0
t=6187065 read event=542 count=16384 submitted=8880128 read_us=264 tx_us=10785 ack_sample=0
t=6198130 read event=543 count=16384 submitted=8896512 read_us=258 tx_us=10777 ack_sample=0
t=6209191 read event=544 count=16384 submitted=8912896 read_us=257 tx_us=10774 ack_sample=0
t=6220336 read event=545 count=16384 submitted=8929280 read_us=262 tx_us=10782 ack_sample=0
t=6232008 read event=546 count=16384 submitted=8945664 read_us=787 tx_us=10852 ack_sample=0
t=6243111 read event=547 count=16384 submitted=8962048 read_us=275 tx_us=10789 ack_sample=0
t=6254174 read event=548 count=16384 submitted=8978432 read_us=257 tx_us=10776 ack_sample=0
t=6265360 read event=549 count=16384 submitted=8994816 read_us=267 tx_us=10776 ack_sample=0
t=6276449 read event=550 count=16384 submitted=9011200 read_us=268 tx_us=10775 ack_sample=0
t=6287513 read event=551 count=16384 submitted=9027584 read_us=260 tx_us=10760 ack_sample=0
t=6298582 read event=552 count=16384 submitted=9043968 read_us=273 tx_us=10765 ack_sample=0
t=6309749 read event=553 count=16384 submitted=9060352 read_us=277 tx_us=10778 ack_sample=0
t=6321380 read event=554 count=16384 submitted=9076736 read_us=748 tx_us=10851 ack_sample=0
t=6332474 read event=555 count=16384 submitted=9093120 read_us=274 tx_us=10782 ack_sample=0
t=6343568 read event=556 count=16384 submitted=9109504 read_us=281 tx_us=10783 ack_sample=0
t=6354765 read event=557 count=16384 submitted=9125888 read_us=283 tx_us=10777 ack_sample=0
t=6365849 read event=558 count=16384 submitted=9142272 read_us=265 tx_us=10783 ack_sample=0
t=6376916 read event=559 count=16384 submitted=9158656 read_us=257 tx_us=10778 ack_sample=0
t=6388035 read event=560 count=16384 submitted=9175040 read_us=257 tx_us=10832 ack_sample=0
t=6399187 read event=561 count=16384 submitted=9191424 read_us=267 tx_us=10773 ack_sample=0
t=6410871 read event=562 count=16384 submitted=9207808 read_us=795 tx_us=10855 ack_sample=0
t=6421959 read event=563 count=16384 submitted=9224192 read_us=273 tx_us=10778 ack_sample=0
t=6433028 read event=564 count=16384 submitted=9240576 read_us=263 tx_us=10776 ack_sample=0
t=6444224 read event=565 count=16384 submitted=9256960 read_us=269 tx_us=10793 ack_sample=0
t=6455304 read event=566 count=16384 submitted=9273344 read_us=265 tx_us=10781 ack_sample=0
t=6466377 read event=567 count=16384 submitted=9289728 read_us=263 tx_us=10779 ack_sample=0
t=6477436 read event=568 count=16384 submitted=9306112 read_us=255 tx_us=10774 ack_sample=0
t=6488587 read event=569 count=16384 submitted=9322496 read_us=283 tx_us=10771 ack_sample=0
t=6500234 read event=570 count=16384 submitted=9338880 read_us=767 tx_us=10848 ack_sample=0
t=6511321 read event=571 count=16384 submitted=9355264 read_us=271 tx_us=10779 ack_sample=0
t=6522386 read event=572 count=16384 submitted=9371648 read_us=262 tx_us=10772 ack_sample=0
t=6533584 read event=573 count=16384 submitted=9388032 read_us=286 tx_us=10769 ack_sample=0
t=6544687 read event=574 count=16384 submitted=9404416 read_us=277 tx_us=10791 ack_sample=0
t=6555768 read event=575 count=16384 submitted=9420800 read_us=269 tx_us=10780 ack_sample=0
t=6567222 read event=576 count=16384 submitted=9437184 read_us=252 tx_us=11173 ack_sample=1
t=6567246 profile_ack event=576 words=8192 high_reads=16353 low_reads=16351 high_wait_words=8161 low_wait_words=8159 high_max_reads=2 low_max_reads=2 uninitialized=0
t=6578372 read event=577 count=16384 submitted=9453568 read_us=263 tx_us=10772 ack_sample=0
t=6590025 read event=578 count=16384 submitted=9469952 read_us=767 tx_us=10852 ack_sample=0
t=6601161 read event=579 count=16384 submitted=9486336 read_us=268 tx_us=10828 ack_sample=0
t=6612233 read event=580 count=16384 submitted=9502720 read_us=261 tx_us=10777 ack_sample=0
t=6623412 read event=581 count=16384 submitted=9519104 read_us=269 tx_us=10776 ack_sample=0
t=6634481 read event=582 count=16384 submitted=9535488 read_us=260 tx_us=10776 ack_sample=0
t=6645572 read event=583 count=16384 submitted=9551872 read_us=275 tx_us=10784 ack_sample=0
t=6656641 read event=584 count=16384 submitted=9568256 read_us=273 tx_us=10767 ack_sample=0
t=6667798 read event=585 count=16384 submitted=9584640 read_us=260 tx_us=10777 ack_sample=0
t=6679437 read event=586 count=16384 submitted=9601024 read_us=749 tx_us=10856 ack_sample=0
t=6690534 read event=587 count=16384 submitted=9617408 read_us=287 tx_us=10774 ack_sample=0
t=6701623 read event=588 count=16384 submitted=9633792 read_us=280 tx_us=10777 ack_sample=0
t=6712836 read event=589 count=16384 submitted=9650176 read_us=274 tx_us=10781 ack_sample=0
t=6723954 read event=590 count=16384 submitted=9666560 read_us=259 tx_us=10823 ack_sample=0
t=6735109 read event=591 count=16384 submitted=9682944 read_us=284 tx_us=10827 ack_sample=0
t=6746903 read event=592 count=16384 submitted=9699328 read_us=284 tx_us=11465 ack_sample=0
t=6759058 read event=593 count=16384 submitted=9715712 read_us=367 tx_us=11603 ack_sample=0
t=6771539 read event=594 count=16384 submitted=9732096 read_us=1218 tx_us=11203 ack_sample=0
t=6782736 read event=595 count=16384 submitted=9748480 read_us=329 tx_us=10822 ack_sample=0
t=6793856 read event=596 count=16384 submitted=9764864 read_us=284 tx_us=10786 ack_sample=0
t=6805120 read event=597 count=16384 submitted=9781248 read_us=278 tx_us=10826 ack_sample=0
t=6816201 read event=598 count=16384 submitted=9797632 read_us=262 tx_us=10783 ack_sample=0
t=6827271 read event=599 count=16384 submitted=9814016 read_us=263 tx_us=10778 ack_sample=0
t=6838329 read event=600 count=16384 submitted=9830400 read_us=253 tx_us=10775 ack_sample=0
t=6849576 read event=601 count=16384 submitted=9846784 read_us=264 tx_us=10869 ack_sample=0
t=6861235 read event=602 count=16384 submitted=9863168 read_us=772 tx_us=10850 ack_sample=0
t=6872328 read event=603 count=16384 submitted=9879552 read_us=275 tx_us=10778 ack_sample=0
t=6883397 read event=604 count=16384 submitted=9895936 read_us=259 tx_us=10778 ack_sample=0
t=6894591 read event=605 count=16384 submitted=9912320 read_us=287 tx_us=10770 ack_sample=0
t=6905679 read event=606 count=16384 submitted=9928704 read_us=286 tx_us=10769 ack_sample=0
t=6916780 read event=607 count=16384 submitted=9945088 read_us=268 tx_us=10802 ack_sample=0
t=6927841 read event=608 count=16384 submitted=9961472 read_us=255 tx_us=10772 ack_sample=0
t=6938992 read event=609 count=16384 submitted=9977856 read_us=263 tx_us=10780 ack_sample=0
t=6950637 read event=610 count=16384 submitted=9994240 read_us=775 tx_us=10837 ack_sample=0
t=6961745 read event=611 count=16384 submitted=10010624 read_us=287 tx_us=10780 ack_sample=0
t=6972812 read event=612 count=16384 submitted=10027008 read_us=259 tx_us=10777 ack_sample=0
t=6983992 read event=613 count=16384 submitted=10043392 read_us=266 tx_us=10778 ack_sample=0
t=6995060 read event=614 count=16384 submitted=10059776 read_us=261 tx_us=10773 ack_sample=0
t=7006133 read event=615 count=16384 submitted=10076160 read_us=256 tx_us=10786 ack_sample=0
t=7017246 read event=616 count=16384 submitted=10092544 read_us=254 tx_us=10830 ack_sample=0
t=7028392 read event=617 count=16384 submitted=10108928 read_us=269 tx_us=10773 ack_sample=0
t=7040055 read event=618 count=16384 submitted=10125312 read_us=767 tx_us=10861 ack_sample=0
t=7051145 read event=619 count=16384 submitted=10141696 read_us=271 tx_us=10782 ack_sample=0
t=7062212 read event=620 count=16384 submitted=10158080 read_us=260 tx_us=10774 ack_sample=0
t=7062240 profile_poll polls=640 elapsed_us=44895 interval_us=44403 chunks=4
t=7073409 read event=621 count=16384 submitted=10174464 read_us=268 tx_us=10775 ack_sample=0
t=7084477 read event=622 count=16384 submitted=10190848 read_us=261 tx_us=10772 ack_sample=0
t=7095555 read event=623 count=16384 submitted=10207232 read_us=276 tx_us=10771 ack_sample=0
t=7106658 read event=624 count=16384 submitted=10223616 read_us=269 tx_us=10805 ack_sample=0
t=7117814 read event=625 count=16384 submitted=10240000 read_us=265 tx_us=10778 ack_sample=0
t=7129447 read event=626 count=16384 submitted=10256384 read_us=749 tx_us=10850 ack_sample=0
t=7140555 read event=627 count=16384 submitted=10272768 read_us=287 tx_us=10782 ack_sample=0
t=7151638 read event=628 count=16384 submitted=10289152 read_us=277 tx_us=10773 ack_sample=0
t=7162831 read event=629 count=16384 submitted=10305536 read_us=270 tx_us=10774 ack_sample=0
t=7173901 read event=630 count=16384 submitted=10321920 read_us=259 tx_us=10776 ack_sample=0
t=7184963 read event=631 count=16384 submitted=10338304 read_us=258 tx_us=10774 ack_sample=0
t=7196026 read event=632 count=16384 submitted=10354688 read_us=253 tx_us=10780 ack_sample=0
t=7207172 read event=633 count=16384 submitted=10371072 read_us=264 tx_us=10778 ack_sample=0
t=7218874 read event=634 count=16384 submitted=10387456 read_us=769 tx_us=10900 ack_sample=0
t=7229971 read event=635 count=16384 submitted=10403840 read_us=272 tx_us=10786 ack_sample=0
t=7241064 read event=636 count=16384 submitted=10420224 read_us=261 tx_us=10788 ack_sample=0
t=7252252 read event=637 count=16384 submitted=10436608 read_us=272 tx_us=10779 ack_sample=0
t=7263334 read event=638 count=16384 submitted=10452992 read_us=268 tx_us=10779 ack_sample=0
t=7274402 read event=639 count=16384 submitted=10469376 read_us=260 tx_us=10774 ack_sample=0
t=7285864 read event=640 count=16384 submitted=10485760 read_us=253 tx_us=11179 ack_sample=1
t=7285889 profile_ack event=640 words=8192 high_reads=16334 low_reads=16353 high_wait_words=8142 low_wait_words=8161 high_max_reads=2 low_max_reads=2 uninitialized=0
t=7297028 read event=641 count=16384 submitted=10502144 read_us=267 tx_us=10775 ack_sample=0
t=7308681 read event=642 count=16384 submitted=10518528 read_us=782 tx_us=10838 ack_sample=0
t=7319789 read event=643 count=16384 submitted=10534912 read_us=286 tx_us=10784 ack_sample=0
t=7330860 read event=644 count=16384 submitted=10551296 read_us=256 tx_us=10784 ack_sample=0
t=7342071 read event=645 count=16384 submitted=10567680 read_us=271 tx_us=10797 ack_sample=0
t=7353141 read event=646 count=16384 submitted=10584064 read_us=261 tx_us=10775 ack_sample=0
t=7364205 read event=647 count=16384 submitted=10600448 read_us=256 tx_us=10778 ack_sample=0
t=7375264 read event=648 count=16384 submitted=10616832 read_us=256 tx_us=10774 ack_sample=0
t=7386417 read event=649 count=16384 submitted=10633216 read_us=268 tx_us=10772 ack_sample=0
t=7398073 read event=650 count=16384 submitted=10649600 read_us=770 tx_us=10848 ack_sample=0
t=7409169 read event=651 count=16384 submitted=10665984 read_us=275 tx_us=10784 ack_sample=0
t=7420236 read event=652 count=16384 submitted=10682368 read_us=259 tx_us=10776 ack_sample=0
t=7431480 read event=653 count=16384 submitted=10698752 read_us=268 tx_us=10841 ack_sample=0
t=7442586 read event=654 count=16384 submitted=10715136 read_us=283 tx_us=10786 ack_sample=0
t=7453656 read event=655 count=16384 submitted=10731520 read_us=272 tx_us=10766 ack_sample=0
t=7464771 read event=656 count=16384 submitted=10747904 read_us=286 tx_us=10794 ack_sample=0
t=7475936 read event=657 count=16384 submitted=10764288 read_us=274 tx_us=10774 ack_sample=0
t=7487594 read event=658 count=16384 submitted=10780672 read_us=763 tx_us=10860 ack_sample=0
t=7498702 read event=659 count=16384 submitted=10797056 read_us=290 tx_us=10778 ack_sample=0
t=7509783 read event=660 count=16384 submitted=10813440 read_us=272 tx_us=10775 ack_sample=0
t=7520978 read event=661 count=16384 submitted=10829824 read_us=275 tx_us=10784 ack_sample=0
t=7532051 read event=662 count=16384 submitted=10846208 read_us=259 tx_us=10780 ack_sample=0
t=7543122 read event=663 count=16384 submitted=10862592 read_us=255 tx_us=10786 ack_sample=0
t=7554177 read event=664 count=16384 submitted=10878976 read_us=255 tx_us=10772 ack_sample=0
t=7565312 read event=665 count=16384 submitted=10895360 read_us=266 tx_us=10770 ack_sample=0
t=7576976 read event=666 count=16384 submitted=10911744 read_us=785 tx_us=10843 ack_sample=0
t=7588066 read event=667 count=16384 submitted=10928128 read_us=270 tx_us=10782 ack_sample=0
t=7599132 read event=668 count=16384 submitted=10944512 read_us=258 tx_us=10777 ack_sample=0
t=7610319 read event=669 count=16384 submitted=10960896 read_us=274 tx_us=10773 ack_sample=0
t=7621388 read event=670 count=16384 submitted=10977280 read_us=262 tx_us=10774 ack_sample=0
t=7632500 read event=671 count=16384 submitted=10993664 read_us=260 tx_us=10821 ack_sample=0
t=7643592 read event=672 count=16384 submitted=11010048 read_us=274 tx_us=10786 ack_sample=0
t=7654757 read event=673 count=16384 submitted=11026432 read_us=281 tx_us=10782 ack_sample=0
t=7666420 read event=674 count=16384 submitted=11042816 read_us=774 tx_us=10855 ack_sample=0
t=7677521 read event=675 count=16384 submitted=11059200 read_us=275 tx_us=10787 ack_sample=0
t=7688597 read event=676 count=16384 submitted=11075584 read_us=280 tx_us=10765 ack_sample=0
t=7699811 read event=677 count=16384 submitted=11091968 read_us=287 tx_us=10787 ack_sample=0
t=7710934 read event=678 count=16384 submitted=11108352 read_us=282 tx_us=10782 ack_sample=0
t=7722018 read event=679 count=16384 submitted=11124736 read_us=265 tx_us=10782 ack_sample=0
t=7733087 read event=680 count=16384 submitted=11141120 read_us=260 tx_us=10778 ack_sample=0
t=7744261 read event=681 count=16384 submitted=11157504 read_us=268 tx_us=10789 ack_sample=0
t=7755948 read event=682 count=16384 submitted=11173888 read_us=789 tx_us=10862 ack_sample=0
t=7767057 read event=683 count=16384 submitted=11190272 read_us=284 tx_us=10783 ack_sample=0
t=7778127 read event=684 count=16384 submitted=11206656 read_us=263 tx_us=10777 ack_sample=0
t=7789325 read event=685 count=16384 submitted=11223040 read_us=273 tx_us=10785 ack_sample=0
t=7800405 read event=686 count=16384 submitted=11239424 read_us=261 tx_us=10784 ack_sample=0
t=7811469 read event=687 count=16384 submitted=11255808 read_us=256 tx_us=10777 ack_sample=0
t=7822548 read event=688 count=16384 submitted=11272192 read_us=280 tx_us=10766 ack_sample=0
t=7833713 read event=689 count=16384 submitted=11288576 read_us=287 tx_us=10775 ack_sample=0
t=7845445 read event=690 count=16384 submitted=11304960 read_us=765 tx_us=10922 ack_sample=0
t=7856554 read event=691 count=16384 submitted=11321344 read_us=293 tx_us=10776 ack_sample=0
t=7867666 read event=692 count=16384 submitted=11337728 read_us=298 tx_us=10776 ack_sample=0
t=7878975 read event=693 count=16384 submitted=11354112 read_us=275 tx_us=10865 ack_sample=0
t=7890073 read event=694 count=16384 submitted=11370496 read_us=270 tx_us=10788 ack_sample=0
t=7901137 read event=695 count=16384 submitted=11386880 read_us=257 tx_us=10778 ack_sample=0
t=7912196 read event=696 count=16384 submitted=11403264 read_us=254 tx_us=10775 ack_sample=0
t=7923367 read event=697 count=16384 submitted=11419648 read_us=272 tx_us=10784 ack_sample=0
t=7935030 read event=698 count=16384 submitted=11436032 read_us=777 tx_us=10852 ack_sample=0
t=7946141 read event=699 count=16384 submitted=11452416 read_us=273 tx_us=10799 ack_sample=0
t=7957213 read event=700 count=16384 submitted=11468800 read_us=263 tx_us=10778 ack_sample=0
t=7968406 read event=701 count=16384 submitted=11485184 read_us=274 tx_us=10780 ack_sample=0
t=7979470 read event=702 count=16384 submitted=11501568 read_us=261 tx_us=10771 ack_sample=0
t=7990538 read event=703 count=16384 submitted=11517952 read_us=271 tx_us=10767 ack_sample=0
t=8002014 read event=704 count=16384 submitted=11534336 read_us=272 tx_us=11175 ack_sample=1
t=8002037 profile_ack event=704 words=8192 high_reads=16348 low_reads=16350 high_wait_words=8156 low_wait_words=8158 high_max_reads=2 low_max_reads=2 uninitialized=0
t=8013177 read event=705 count=16384 submitted=11550720 read_us=263 tx_us=10778 ack_sample=0
t=8024855 read event=706 count=16384 submitted=11567104 read_us=799 tx_us=10848 ack_sample=0
t=8035952 read event=707 count=16384 submitted=11583488 read_us=269 tx_us=10788 ack_sample=0
t=8047027 read event=708 count=16384 submitted=11599872 read_us=259 tx_us=10785 ack_sample=0
t=8058271 read event=709 count=16384 submitted=11616256 read_us=272 tx_us=10836 ack_sample=0
t=8069343 read event=710 count=16384 submitted=11632640 read_us=262 tx_us=10776 ack_sample=0
t=8080404 read event=711 count=16384 submitted=11649024 read_us=255 tx_us=10773 ack_sample=0
t=8093758 read event=712 count=16384 submitted=11665408 read_us=252 tx_us=13072 ack_sample=0
t=8107362 read event=713 count=16384 submitted=11681792 read_us=265 tx_us=13238 ack_sample=0
t=8120481 read event=714 count=16384 submitted=11698176 read_us=773 tx_us=12313 ack_sample=0
t=8137731 read event=715 count=16384 submitted=11714560 read_us=296 tx_us=16915 ack_sample=0
t=8151490 read event=716 count=16384 submitted=11730944 read_us=260 tx_us=13459 ack_sample=0
t=8168156 read event=717 count=16384 submitted=11747328 read_us=296 tx_us=16227 ack_sample=0
t=8180417 read event=718 count=16384 submitted=11763712 read_us=262 tx_us=11966 ack_sample=0
t=8198395 read event=719 count=16384 submitted=11780096 read_us=255 tx_us=17692 ack_sample=0
t=8212283 read event=720 count=16384 submitted=11796480 read_us=253 tx_us=13604 ack_sample=0
t=8229170 read event=721 count=16384 submitted=11812864 read_us=412 tx_us=16259 ack_sample=0
t=8244034 read event=722 count=16384 submitted=11829248 read_us=845 tx_us=13963 ack_sample=0
t=8261164 read event=723 count=16384 submitted=11845632 read_us=278 tx_us=16810 ack_sample=0
t=8276316 read event=724 count=16384 submitted=11862016 read_us=266 tx_us=14852 ack_sample=0
t=8293554 read event=725 count=16384 submitted=11878400 read_us=296 tx_us=16781 ack_sample=0
t=8309068 read event=726 count=16384 submitted=11894784 read_us=277 tx_us=15202 ack_sample=0
t=8326375 read event=727 count=16384 submitted=11911168 read_us=260 tx_us=17015 ack_sample=0
t=8342060 read event=728 count=16384 submitted=11927552 read_us=255 tx_us=15402 ack_sample=0
t=8360064 read event=729 count=16384 submitted=11943936 read_us=265 tx_us=17636 ack_sample=0
t=8377568 read event=730 count=16384 submitted=11960320 read_us=782 tx_us=16689 ack_sample=0
t=8394479 read event=731 count=16384 submitted=11976704 read_us=290 tx_us=16583 ack_sample=0
t=8411291 read event=732 count=16384 submitted=11993088 read_us=279 tx_us=16501 ack_sample=0
t=8429277 read event=733 count=16384 submitted=12009472 read_us=273 tx_us=17565 ack_sample=0
t=8448944 read event=734 count=16384 submitted=12025856 read_us=259 tx_us=19374 ack_sample=0
t=8464719 read event=735 count=16384 submitted=12042240 read_us=254 tx_us=15490 ack_sample=0
t=8483294 read event=736 count=16384 submitted=12058624 read_us=256 tx_us=18229 ack_sample=0
t=8500058 read event=737 count=16384 submitted=12075008 read_us=270 tx_us=16376 ack_sample=0
t=8517422 read event=738 count=16384 submitted=12091392 read_us=775 tx_us=16555 ack_sample=0
t=8536885 read event=739 count=16384 submitted=12107776 read_us=273 tx_us=19153 ack_sample=0
t=8553764 read event=740 count=16384 submitted=12124160 read_us=261 tx_us=16586 ack_sample=0
t=8574168 read event=741 count=16384 submitted=12140544 read_us=270 tx_us=19989 ack_sample=0
t=8589520 read event=742 count=16384 submitted=12156928 read_us=258 tx_us=15060 ack_sample=0
t=8609723 read event=743 count=16384 submitted=12173312 read_us=273 tx_us=19899 ack_sample=0
t=8627076 read event=744 count=16384 submitted=12189696 read_us=256 tx_us=17059 ack_sample=0
t=8644716 read event=745 count=16384 submitted=12206080 read_us=270 tx_us=17273 ack_sample=0
t=8664371 read event=746 count=16384 submitted=12222464 read_us=764 tx_us=18847 ack_sample=0
t=8681974 read event=747 count=16384 submitted=12238848 read_us=274 tx_us=17291 ack_sample=0
t=8702921 read event=748 count=16384 submitted=12255232 read_us=264 tx_us=20650 ack_sample=0
t=8719905 read event=749 count=16384 submitted=12271616 read_us=284 tx_us=16541 ack_sample=0
t=8737956 read event=750 count=16384 submitted=12288000 read_us=267 tx_us=17746 ack_sample=0
t=8757808 read event=751 count=16384 submitted=12304384 read_us=260 tx_us=19560 ack_sample=0
t=8773745 read event=752 count=16384 submitted=12320768 read_us=277 tx_us=15615 ack_sample=0
t=8794799 read event=753 count=16384 submitted=12337152 read_us=272 tx_us=20670 ack_sample=0
t=8810175 read event=754 count=16384 submitted=12353536 read_us=782 tx_us=14557 ack_sample=0
t=8832247 read event=755 count=16384 submitted=12369920 read_us=269 tx_us=21766 ack_sample=0
t=8849686 read event=756 count=16384 submitted=12386304 read_us=263 tx_us=17142 ack_sample=0
t=8868350 read event=757 count=16384 submitted=12402688 read_us=277 tx_us=18228 ack_sample=0
t=8890425 read event=758 count=16384 submitted=12419072 read_us=265 tx_us=21776 ack_sample=0
t=8907607 read event=759 count=16384 submitted=12435456 read_us=260 tx_us=16887 ack_sample=0
t=8930309 read event=760 count=16384 submitted=12451840 read_us=288 tx_us=22381 ack_sample=0
t=8947127 read event=761 count=16384 submitted=12468224 read_us=268 tx_us=16443 ack_sample=0
t=8967619 read event=762 count=16384 submitted=12484608 read_us=783 tx_us=19674 ack_sample=0
t=8989653 read event=763 count=16384 submitted=12500992 read_us=290 tx_us=21703 ack_sample=0
t=9006863 read event=764 count=16384 submitted=12517376 read_us=280 tx_us=16898 ack_sample=0
t=9029388 read event=765 count=16384 submitted=12533760 read_us=274 tx_us=22082 ack_sample=0
t=9045720 read event=766 count=16384 submitted=12550144 read_us=262 tx_us=16034 ack_sample=0
t=9067108 read event=767 count=16384 submitted=12566528 read_us=257 tx_us=21091 ack_sample=0
t=9085669 read event=768 count=16384 submitted=12582912 read_us=255 tx_us=18276 ack_sample=1
t=9085692 profile_ack event=768 words=8192 high_reads=16335 low_reads=55330 high_wait_words=8143 low_wait_words=8159 high_max_reads=2 low_max_reads=72 uninitialized=0
t=9106687 read event=769 count=16384 submitted=12599296 read_us=281 tx_us=20463 ack_sample=0
t=9128784 read event=770 count=16384 submitted=12615680 read_us=790 tx_us=21263 ack_sample=0
t=9139887 read event=771 count=16384 submitted=12632064 read_us=271 tx_us=10795 ack_sample=0
t=9150955 read event=772 count=16384 submitted=12648448 read_us=262 tx_us=10775 ack_sample=0
t=9162169 read event=773 count=16384 submitted=12664832 read_us=274 tx_us=10792 ack_sample=0
t=9173274 read event=774 count=16384 submitted=12681216 read_us=278 tx_us=10785 ack_sample=0
t=9184340 read event=775 count=16384 submitted=12697600 read_us=263 tx_us=10772 ack_sample=0
t=9195405 read event=776 count=16384 submitted=12713984 read_us=258 tx_us=10776 ack_sample=0
t=9206569 read event=777 count=16384 submitted=12730368 read_us=288 tx_us=10769 ack_sample=0
t=9218244 read event=778 count=16384 submitted=12746752 read_us=788 tx_us=10852 ack_sample=0
t=9229344 read event=779 count=16384 submitted=12763136 read_us=274 tx_us=10788 ack_sample=0
t=9240423 read event=780 count=16384 submitted=12779520 read_us=264 tx_us=10782 ack_sample=0
t=9251627 read event=781 count=16384 submitted=12795904 read_us=292 tx_us=10771 ack_sample=0
t=9262708 read event=782 count=16384 submitted=12812288 read_us=278 tx_us=10767 ack_sample=0
t=9273778 read event=783 count=16384 submitted=12828672 read_us=267 tx_us=10774 ack_sample=0
t=9284839 read event=784 count=16384 submitted=12845056 read_us=260 tx_us=10772 ack_sample=0
t=9296032 read event=785 count=16384 submitted=12861440 read_us=265 tx_us=10824 ack_sample=0
t=9307702 read event=786 count=16384 submitted=12877824 read_us=773 tx_us=10860 ack_sample=0
t=9318798 read event=787 count=16384 submitted=12894208 read_us=278 tx_us=10780 ack_sample=0
t=9329869 read event=788 count=16384 submitted=12910592 read_us=261 tx_us=10779 ack_sample=0
t=9341073 read event=789 count=16384 submitted=12926976 read_us=269 tx_us=10799 ack_sample=0
t=9352142 read event=790 count=16384 submitted=12943360 read_us=260 tx_us=10777 ack_sample=0
t=9363199 read event=791 count=16384 submitted=12959744 read_us=251 tx_us=10775 ack_sample=0
t=9374265 read event=792 count=16384 submitted=12976128 read_us=260 tx_us=10777 ack_sample=0
t=9385407 read event=793 count=16384 submitted=12992512 read_us=261 tx_us=10782 ack_sample=0
t=9397061 read event=794 count=16384 submitted=13008896 read_us=773 tx_us=10848 ack_sample=0
t=9408143 read event=795 count=16384 submitted=13025280 read_us=265 tx_us=10779 ack_sample=0
t=9419213 read event=796 count=16384 submitted=13041664 read_us=263 tx_us=10776 ack_sample=0
t=9430412 read event=797 count=16384 submitted=13058048 read_us=272 tx_us=10783 ack_sample=0
t=9441498 read event=798 count=16384 submitted=13074432 read_us=261 tx_us=10792 ack_sample=0
t=9452570 read event=799 count=16384 submitted=13090816 read_us=274 tx_us=10769 ack_sample=0
t=9463642 read event=800 count=16384 submitted=13107200 read_us=268 tx_us=10774 ack_sample=0
t=9474791 read event=801 count=16384 submitted=13123584 read_us=278 tx_us=10772 ack_sample=0
t=9486439 read event=802 count=16384 submitted=13139968 read_us=761 tx_us=10854 ack_sample=0
t=9497523 read event=803 count=16384 submitted=13156352 read_us=283 tx_us=10764 ack_sample=0
t=9508655 read event=804 count=16384 submitted=13172736 read_us=277 tx_us=10823 ack_sample=0
t=9519875 read event=805 count=16384 submitted=13189120 read_us=276 tx_us=10775 ack_sample=0
t=9530943 read event=806 count=16384 submitted=13205504 read_us=258 tx_us=10775 ack_sample=0
t=9542033 read event=807 count=16384 submitted=13221888 read_us=258 tx_us=10790 ack_sample=0
t=9553095 read event=808 count=16384 submitted=13238272 read_us=257 tx_us=10773 ack_sample=0
t=9564241 read event=809 count=16384 submitted=13254656 read_us=264 tx_us=10777 ack_sample=0
t=9575896 read event=810 count=16384 submitted=13271040 read_us=775 tx_us=10849 ack_sample=0
t=9586991 read event=811 count=16384 submitted=13287424 read_us=272 tx_us=10785 ack_sample=0
t=9598058 read event=812 count=16384 submitted=13303808 read_us=261 tx_us=10776 ack_sample=0
t=9609253 read event=813 count=16384 submitted=13320192 read_us=271 tx_us=10785 ack_sample=0
t=9620328 read event=814 count=16384 submitted=13336576 read_us=260 tx_us=10782 ack_sample=0
t=9631383 read event=815 count=16384 submitted=13352960 read_us=254 tx_us=10773 ack_sample=0
t=9642463 read event=816 count=16384 submitted=13369344 read_us=261 tx_us=10790 ack_sample=0
t=9653622 read event=817 count=16384 submitted=13385728 read_us=285 tx_us=10777 ack_sample=0
t=9665266 read event=818 count=16384 submitted=13402112 read_us=770 tx_us=10839 ack_sample=0
t=9676353 read event=819 count=16384 submitted=13418496 read_us=271 tx_us=10778 ack_sample=0
t=9687424 read event=820 count=16384 submitted=13434880 read_us=260 tx_us=10780 ack_sample=0
t=9698632 read event=821 count=16384 submitted=13451264 read_us=291 tx_us=10773 ack_sample=0
t=9709721 read event=822 count=16384 submitted=13467648 read_us=277 tx_us=10779 ack_sample=0
t=9720883 read event=823 count=16384 submitted=13484032 read_us=274 tx_us=10837 ack_sample=0
t=9731958 read event=824 count=16384 submitted=13500416 read_us=263 tx_us=10780 ack_sample=0
t=9743132 read event=825 count=16384 submitted=13516800 read_us=271 tx_us=10795 ack_sample=0
t=9754804 read event=826 count=16384 submitted=13533184 read_us=782 tx_us=10856 ack_sample=0
t=9765908 read event=827 count=16384 submitted=13549568 read_us=279 tx_us=10782 ack_sample=0
t=9776984 read event=828 count=16384 submitted=13565952 read_us=265 tx_us=10777 ack_sample=0
t=9788182 read event=829 count=16384 submitted=13582336 read_us=278 tx_us=10776 ack_sample=0
t=9799258 read event=830 count=16384 submitted=13598720 read_us=260 tx_us=10781 ack_sample=0
t=9810316 read event=831 count=16384 submitted=13615104 read_us=255 tx_us=10773 ack_sample=0
t=9821784 read event=832 count=16384 submitted=13631488 read_us=261 tx_us=11180 ack_sample=1
t=9821809 profile_ack event=832 words=8192 high_reads=16341 low_reads=16347 high_wait_words=8149 low_wait_words=8155 high_max_reads=2 low_max_reads=2 uninitialized=0
t=9832947 read event=833 count=16384 submitted=13647872 read_us=265 tx_us=10780 ack_sample=0
t=9844611 read event=834 count=16384 submitted=13664256 read_us=787 tx_us=10843 ack_sample=0
t=9855717 read event=835 count=16384 submitted=13680640 read_us=289 tx_us=10778 ack_sample=0
t=9866864 read event=836 count=16384 submitted=13697024 read_us=282 tx_us=10780 ack_sample=0
t=9878072 read event=837 count=16384 submitted=13713408 read_us=276 tx_us=10783 ack_sample=0
t=9889145 read event=838 count=16384 submitted=13729792 read_us=262 tx_us=10777 ack_sample=0
t=9900204 read event=839 count=16384 submitted=13746176 read_us=254 tx_us=10775 ack_sample=0
t=9911265 read event=840 count=16384 submitted=13762560 read_us=258 tx_us=10774 ack_sample=0
t=9922510 read event=841 count=16384 submitted=13778944 read_us=265 tx_us=10879 ack_sample=0
t=9934176 read event=842 count=16384 submitted=13795328 read_us=772 tx_us=10858 ack_sample=0
t=9945283 read event=843 count=16384 submitted=13811712 read_us=271 tx_us=10798 ack_sample=0
t=9956355 read event=844 count=16384 submitted=13828096 read_us=263 tx_us=10776 ack_sample=0
t=9967557 read event=845 count=16384 submitted=13844480 read_us=288 tx_us=10770 ack_sample=0
t=9978645 read event=846 count=16384 submitted=13860864 read_us=281 tx_us=10773 ack_sample=0
t=9989714 read event=847 count=16384 submitted=13877248 read_us=268 tx_us=10770 ack_sample=0
t=10000781 read event=848 count=16384 submitted=13893632 read_us=255 tx_us=10772 ack_sample=0
t=10011946 read event=849 count=16384 submitted=13910016 read_us=268 tx_us=10782 ack_sample=0
t=10023595 read event=850 count=16384 submitted=13926400 read_us=756 tx_us=10858 ack_sample=0
t=10034696 read event=851 count=16384 submitted=13942784 read_us=287 tx_us=10774 ack_sample=0
t=10045792 read event=852 count=16384 submitted=13959168 read_us=272 tx_us=10792 ack_sample=0
t=10056983 read event=853 count=16384 submitted=13975552 read_us=270 tx_us=10776 ack_sample=0
t=10068059 read event=854 count=16384 submitted=13991936 read_us=262 tx_us=10782 ack_sample=0
t=10079140 read event=855 count=16384 submitted=14008320 read_us=253 tx_us=10798 ack_sample=0
t=10090229 read event=856 count=16384 submitted=14024704 read_us=275 tx_us=10775 ack_sample=0
t=10101388 read event=857 count=16384 submitted=14041088 read_us=269 tx_us=10778 ack_sample=0
t=10113044 read event=858 count=16384 submitted=14057472 read_us=776 tx_us=10845 ack_sample=0
t=10124142 read event=859 count=16384 submitted=14073856 read_us=271 tx_us=10786 ack_sample=0
t=10135278 read event=860 count=16384 submitted=14090240 read_us=267 tx_us=10837 ack_sample=0
t=10146487 read event=861 count=16384 submitted=14106624 read_us=275 tx_us=10796 ack_sample=0
t=10157567 read event=862 count=16384 submitted=14123008 read_us=278 tx_us=10768 ack_sample=0
t=10168631 read event=863 count=16384 submitted=14139392 read_us=267 tx_us=10768 ack_sample=0
t=10179703 read event=864 count=16384 submitted=14155776 read_us=275 tx_us=10767 ack_sample=0
t=10190856 read event=865 count=16384 submitted=14172160 read_us=268 tx_us=10774 ack_sample=0
t=10202510 read event=866 count=16384 submitted=14188544 read_us=768 tx_us=10850 ack_sample=0
t=10213610 read event=867 count=16384 submitted=14204928 read_us=287 tx_us=10775 ack_sample=0
t=10224693 read event=868 count=16384 submitted=14221312 read_us=281 tx_us=10771 ack_sample=0
t=10235900 read event=869 count=16384 submitted=14237696 read_us=272 tx_us=10779 ack_sample=0
t=10246976 read event=870 count=16384 submitted=14254080 read_us=257 tx_us=10787 ack_sample=0
t=10258033 read event=871 count=16384 submitted=14270464 read_us=254 tx_us=10772 ack_sample=0
t=10269103 read event=872 count=16384 submitted=14286848 read_us=257 tx_us=10783 ack_sample=0
t=10280243 read event=873 count=16384 submitted=14303232 read_us=265 tx_us=10775 ack_sample=0
t=10291913 read event=874 count=16384 submitted=14319616 read_us=785 tx_us=10851 ack_sample=0
t=10302997 read event=875 count=16384 submitted=14336000 read_us=269 tx_us=10776 ack_sample=0
t=10314069 read event=876 count=16384 submitted=14352384 read_us=263 tx_us=10777 ack_sample=0
t=10314097 profile_poll polls=704 elapsed_us=44901 interval_us=44356 chunks=4
t=10325260 read event=877 count=16384 submitted=14368768 read_us=267 tx_us=10776 ack_sample=0
t=10336376 read event=878 count=16384 submitted=14385152 read_us=260 tx_us=10822 ack_sample=0
t=10347453 read event=879 count=16384 submitted=14401536 read_us=257 tx_us=10788 ack_sample=0
t=10358528 read event=880 count=16384 submitted=14417920 read_us=274 tx_us=10768 ack_sample=0
t=10369687 read event=881 count=16384 submitted=14434304 read_us=283 tx_us=10769 ack_sample=0
t=10381334 read event=882 count=16384 submitted=14450688 read_us=767 tx_us=10848 ack_sample=0
t=10392416 read event=883 count=16384 submitted=14467072 read_us=269 tx_us=10773 ack_sample=0
t=10403492 read event=884 count=16384 submitted=14483456 read_us=268 tx_us=10777 ack_sample=0
t=10414687 read event=885 count=16384 submitted=14499840 read_us=288 tx_us=10767 ack_sample=0
t=10425763 read event=886 count=16384 submitted=14516224 read_us=272 tx_us=10771 ack_sample=0
t=10436822 read event=887 count=16384 submitted=14532608 read_us=253 tx_us=10776 ack_sample=0
t=10447896 read event=888 count=16384 submitted=14548992 read_us=255 tx_us=10790 ack_sample=0
t=10459034 read event=889 count=16384 submitted=14565376 read_us=264 tx_us=10776 ack_sample=0
t=10470672 read event=890 count=16384 submitted=14581760 read_us=766 tx_us=10840 ack_sample=0
t=10481779 read event=891 count=16384 submitted=14598144 read_us=284 tx_us=10783 ack_sample=0
t=10492863 read event=892 count=16384 submitted=14614528 read_us=266 tx_us=10771 ack_sample=0
t=10504056 read event=893 count=16384 submitted=14630912 read_us=271 tx_us=10778 ack_sample=0
t=10515126 read event=894 count=16384 submitted=14647296 read_us=260 tx_us=10778 ack_sample=0
t=10526177 read event=895 count=16384 submitted=14663680 read_us=252 tx_us=10771 ack_sample=0
t=10537632 read event=896 count=16384 submitted=14680064 read_us=257 tx_us=11171 ack_sample=1
t=10537657 profile_ack event=896 words=8192 high_reads=16344 low_reads=16332 high_wait_words=8152 low_wait_words=8140 high_max_reads=2 low_max_reads=2 uninitialized=0
t=10548864 read event=897 count=16384 submitted=14696448 read_us=262 tx_us=10843 ack_sample=0
t=10560515 read event=898 count=16384 submitted=14712832 read_us=762 tx_us=10853 ack_sample=0
t=10571617 read event=899 count=16384 submitted=14729216 read_us=291 tx_us=10772 ack_sample=0
t=10582703 read event=900 count=16384 submitted=14745600 read_us=285 tx_us=10769 ack_sample=0
t=10593912 read event=901 count=16384 submitted=14761984 read_us=270 tx_us=10782 ack_sample=0
t=10604981 read event=902 count=16384 submitted=14778368 read_us=261 tx_us=10776 ack_sample=0
t=10616039 read event=903 count=16384 submitted=14794752 read_us=253 tx_us=10775 ack_sample=0
t=10627104 read event=904 count=16384 submitted=14811136 read_us=261 tx_us=10775 ack_sample=0
t=10638250 read event=905 count=16384 submitted=14827520 read_us=265 tx_us=10779 ack_sample=0
t=10649920 read event=906 count=16384 submitted=14843904 read_us=791 tx_us=10846 ack_sample=0
t=10661012 read event=907 count=16384 submitted=14860288 read_us=273 tx_us=10780 ack_sample=0
t=10672090 read event=908 count=16384 submitted=14876672 read_us=263 tx_us=10780 ack_sample=0
t=10683279 read event=909 count=16384 submitted=14893056 read_us=271 tx_us=10780 ack_sample=0
t=10694348 read event=910 count=16384 submitted=14909440 read_us=258 tx_us=10778 ack_sample=0
t=10705415 read event=911 count=16384 submitted=14925824 read_us=254 tx_us=10782 ack_sample=0
t=10716507 read event=912 count=16384 submitted=14942208 read_us=279 tx_us=10772 ack_sample=0
t=10727686 read event=913 count=16384 submitted=14958592 read_us=296 tx_us=10772 ack_sample=0
t=10739363 read event=914 count=16384 submitted=14974976 read_us=772 tx_us=10870 ack_sample=0
t=10750454 read event=915 count=16384 submitted=14991360 read_us=273 tx_us=10780 ack_sample=0
t=10761589 read event=916 count=16384 submitted=15007744 read_us=277 tx_us=10824 ack_sample=0
t=10772847 read event=917 count=16384 submitted=15024128 read_us=291 tx_us=10782 ack_sample=0
t=10783930 read event=918 count=16384 submitted=15040512 read_us=264 tx_us=10783 ack_sample=0
t=10794992 read event=919 count=16384 submitted=15056896 read_us=258 tx_us=10775 ack_sample=0
t=10806061 read event=920 count=16384 submitted=15073280 read_us=260 tx_us=10780 ack_sample=0
t=10817203 read event=921 count=16384 submitted=15089664 read_us=265 tx_us=10774 ack_sample=0
t=10828870 read event=922 count=16384 submitted=15106048 read_us=789 tx_us=10841 ack_sample=0
t=10839977 read event=923 count=16384 submitted=15122432 read_us=274 tx_us=10796 ack_sample=0
t=10851048 read event=924 count=16384 submitted=15138816 read_us=263 tx_us=10775 ack_sample=0
t=10862236 read event=925 count=16384 submitted=15155200 read_us=271 tx_us=10779 ack_sample=0
t=10873299 read event=926 count=16384 submitted=15171584 read_us=255 tx_us=10773 ack_sample=0
t=10884406 read event=927 count=16384 submitted=15187968 read_us=256 tx_us=10819 ack_sample=0
t=10895482 read event=928 count=16384 submitted=15204352 read_us=268 tx_us=10775 ack_sample=0
t=10906654 read event=929 count=16384 submitted=15220736 read_us=289 tx_us=10772 ack_sample=0
t=10918320 read event=930 count=16384 submitted=15237120 read_us=784 tx_us=10850 ack_sample=0
t=10929416 read event=931 count=16384 submitted=15253504 read_us=273 tx_us=10784 ack_sample=0
t=10940502 read event=932 count=16384 submitted=15269888 read_us=266 tx_us=10789 ack_sample=0
t=10951779 read event=933 count=16384 submitted=15286272 read_us=299 tx_us=10841 ack_sample=0
t=10962922 read event=934 count=16384 submitted=15302656 read_us=262 tx_us=10830 ack_sample=0
t=10973994 read event=935 count=16384 submitted=15319040 read_us=262 tx_us=10774 ack_sample=0
t=10985052 read event=936 count=16384 submitted=15335424 read_us=259 tx_us=10770 ack_sample=0
t=10996200 read event=937 count=16384 submitted=15351808 read_us=271 tx_us=10775 ack_sample=0
t=11007849 read event=938 count=16384 submitted=15368192 read_us=775 tx_us=10841 ack_sample=0
t=11018942 read event=939 count=16384 submitted=15384576 read_us=269 tx_us=10784 ack_sample=0
t=11030015 read event=940 count=16384 submitted=15400960 read_us=261 tx_us=10780 ack_sample=0
t=11041225 read event=941 count=16384 submitted=15417344 read_us=270 tx_us=10799 ack_sample=0
t=11052295 read event=942 count=16384 submitted=15433728 read_us=259 tx_us=10778 ack_sample=0
t=11063362 read event=943 count=16384 submitted=15450112 read_us=259 tx_us=10779 ack_sample=0
t=11074431 read event=944 count=16384 submitted=15466496 read_us=262 tx_us=10779 ack_sample=0
t=11085575 read event=945 count=16384 submitted=15482880 read_us=281 tx_us=10766 ack_sample=0
t=11097222 read event=946 count=16384 submitted=15499264 read_us=769 tx_us=10847 ack_sample=0
t=11108315 read event=947 count=16384 submitted=15515648 read_us=274 tx_us=10782 ack_sample=0
t=11119396 read event=948 count=16384 submitted=15532032 read_us=263 tx_us=10787 ack_sample=0
t=11130605 read event=949 count=16384 submitted=15548416 read_us=287 tx_us=10773 ack_sample=0
t=11141706 read event=950 count=16384 submitted=15564800 read_us=282 tx_us=10786 ack_sample=0
t=11152775 read event=951 count=16384 submitted=15581184 read_us=269 tx_us=10770 ack_sample=0
t=11163840 read event=952 count=16384 submitted=15597568 read_us=255 tx_us=10780 ack_sample=0
t=11175047 read event=953 count=16384 submitted=15613952 read_us=267 tx_us=10836 ack_sample=0
t=11186714 read event=954 count=16384 submitted=15630336 read_us=792 tx_us=10839 ack_sample=0
t=11197815 read event=955 count=16384 submitted=15646720 read_us=270 tx_us=10781 ack_sample=0
t=11208890 read event=956 count=16384 submitted=15663104 read_us=265 tx_us=10777 ack_sample=0
t=11220082 read event=957 count=16384 submitted=15679488 read_us=274 tx_us=10778 ack_sample=0
t=11231147 read event=958 count=16384 submitted=15695872 read_us=262 tx_us=10769 ack_sample=0
t=11242223 read event=959 count=16384 submitted=15712256 read_us=258 tx_us=10788 ack_sample=0
t=11253688 read event=960 count=16384 submitted=15728640 read_us=259 tx_us=11176 ack_sample=1
t=11253713 profile_ack event=960 words=8192 high_reads=16336 low_reads=16354 high_wait_words=8144 low_wait_words=8162 high_max_reads=2 low_max_reads=2 uninitialized=0
t=11264855 read event=961 count=16384 submitted=15745024 read_us=268 tx_us=10775 ack_sample=0
t=11276502 read event=962 count=16384 submitted=15761408 read_us=765 tx_us=10849 ack_sample=0
t=11287606 read event=963 count=16384 submitted=15777792 read_us=293 tx_us=10771 ack_sample=0
t=11298692 read event=964 count=16384 submitted=15794176 read_us=286 tx_us=10766 ack_sample=0
t=11309896 read event=965 count=16384 submitted=15810560 read_us=270 tx_us=10776 ack_sample=0
t=11320966 read event=966 count=16384 submitted=15826944 read_us=257 tx_us=10781 ack_sample=0
t=11332026 read event=967 count=16384 submitted=15843328 read_us=257 tx_us=10774 ack_sample=0
t=11343100 read event=968 count=16384 submitted=15859712 read_us=259 tx_us=10786 ack_sample=0
t=11354240 read event=969 count=16384 submitted=15876096 read_us=267 tx_us=10774 ack_sample=0
t=11365899 read event=970 count=16384 submitted=15892480 read_us=770 tx_us=10854 ack_sample=0
t=11377038 read event=971 count=16384 submitted=15908864 read_us=275 tx_us=10826 ack_sample=0
t=11388117 read event=972 count=16384 submitted=15925248 read_us=267 tx_us=10779 ack_sample=0
t=11399312 read event=973 count=16384 submitted=15941632 read_us=270 tx_us=10785 ack_sample=0
t=11410384 read event=974 count=16384 submitted=15958016 read_us=263 tx_us=10773 ack_sample=0
t=11421463 read event=975 count=16384 submitted=15974400 read_us=263 tx_us=10773 ack_sample=0
t=11432535 read event=976 count=16384 submitted=15990784 read_us=276 tx_us=10763 ack_sample=0
t=11443708 read event=977 count=16384 submitted=16007168 read_us=281 tx_us=10785 ack_sample=0
t=11455360 read event=978 count=16384 submitted=16023552 read_us=770 tx_us=10849 ack_sample=0
t=11466457 read event=979 count=16384 submitted=16039936 read_us=275 tx_us=10784 ack_sample=0
t=11477540 read event=980 count=16384 submitted=16056320 read_us=282 tx_us=10766 ack_sample=0
t=11488743 read event=981 count=16384 submitted=16072704 read_us=288 tx_us=10771 ack_sample=0
t=11499807 read event=982 count=16384 submitted=16089088 read_us=256 tx_us=10774 ack_sample=0
t=11510875 read event=983 count=16384 submitted=16105472 read_us=257 tx_us=10781 ack_sample=0
t=11521943 read event=984 count=16384 submitted=16121856 read_us=257 tx_us=10782 ack_sample=0
t=11533081 read event=985 count=16384 submitted=16138240 read_us=264 tx_us=10776 ack_sample=0
t=11544755 read event=986 count=16384 submitted=16154624 read_us=773 tx_us=10868 ack_sample=0
t=11555846 read event=987 count=16384 submitted=16171008 read_us=272 tx_us=10780 ack_sample=0
t=11566924 read event=988 count=16384 submitted=16187392 read_us=264 tx_us=10783 ack_sample=0
t=11578117 read event=989 count=16384 submitted=16203776 read_us=272 tx_us=10780 ack_sample=0
t=11589246 read event=990 count=16384 submitted=16220160 read_us=258 tx_us=10838 ack_sample=0
t=11600311 read event=991 count=16384 submitted=16236544 read_us=261 tx_us=10773 ack_sample=0
t=11611382 read event=992 count=16384 submitted=16252928 read_us=260 tx_us=10781 ack_sample=0
t=11622527 read event=993 count=16384 submitted=16269312 read_us=282 tx_us=10766 ack_sample=0
t=11634179 read event=994 count=16384 submitted=16285696 read_us=771 tx_us=10849 ack_sample=0
t=11645277 read event=995 count=16384 submitted=16302080 read_us=270 tx_us=10789 ack_sample=0
t=11656353 read event=996 count=16384 submitted=16318464 read_us=265 tx_us=10775 ack_sample=0
t=11667565 read event=997 count=16384 submitted=16334848 read_us=291 tx_us=10771 ack_sample=0
t=11678643 read event=998 count=16384 submitted=16351232 read_us=272 tx_us=10773 ack_sample=0
t=11689714 read event=999 count=16384 submitted=16367616 read_us=270 tx_us=10770 ack_sample=0
t=11700797 read event=1000 count=16384 submitted=16384000 read_us=259 tx_us=10783 ack_sample=0
t=11711989 read event=1001 count=16384 submitted=16400384 read_us=286 tx_us=10782 ack_sample=0
t=11723650 read event=1002 count=16384 submitted=16416768 read_us=783 tx_us=10840 ack_sample=0
t=11734761 read event=1003 count=16384 submitted=16433152 read_us=292 tx_us=10780 ack_sample=0
t=11745853 read event=1004 count=16384 submitted=16449536 read_us=267 tx_us=10792 ack_sample=0
t=11757052 read event=1005 count=16384 submitted=16465920 read_us=271 tx_us=10788 ack_sample=0
t=11768150 read event=1006 count=16384 submitted=16482304 read_us=282 tx_us=10775 ack_sample=0
t=11779233 read event=1007 count=16384 submitted=16498688 read_us=261 tx_us=10789 ack_sample=0
t=11790303 read event=1008 count=16384 submitted=16515072 read_us=258 tx_us=10782 ack_sample=0
t=11801517 read event=1009 count=16384 submitted=16531456 read_us=268 tx_us=10837 ack_sample=0
t=11813193 read event=1010 count=16384 submitted=16547840 read_us=784 tx_us=10857 ack_sample=0
t=11824286 read event=1011 count=16384 submitted=16564224 read_us=274 tx_us=10780 ack_sample=0
t=11835364 read event=1012 count=16384 submitted=16580608 read_us=266 tx_us=10779 ack_sample=0
t=11846593 read event=1013 count=16384 submitted=16596992 read_us=297 tx_us=10784 ack_sample=0
t=11857677 read event=1014 count=16384 submitted=16613376 read_us=275 tx_us=10773 ack_sample=0
t=11868785 read event=1015 count=16384 submitted=16629760 read_us=293 tx_us=10776 ack_sample=0
t=11879866 read event=1016 count=16384 submitted=16646144 read_us=262 tx_us=10785 ack_sample=0
t=11891027 read event=1017 count=16384 submitted=16662528 read_us=270 tx_us=10784 ack_sample=0
t=11902683 read event=1018 count=16384 submitted=16678912 read_us=780 tx_us=10843 ack_sample=0
t=11913853 read event=1019 count=16384 submitted=16695296 read_us=293 tx_us=10822 ack_sample=0
t=11924930 read event=1020 count=16384 submitted=16711680 read_us=265 tx_us=10777 ack_sample=0
t=11936129 read event=1021 count=16384 submitted=16728064 read_us=274 tx_us=10782 ack_sample=0
t=11947211 read event=1022 count=16384 submitted=16744448 read_us=257 tx_us=10792 ack_sample=0
t=11958274 read event=1023 count=16384 submitted=16760832 read_us=261 tx_us=10772 ack_sample=0
t=11969814 read event=1024 count=16384 submitted=16777216 read_us=258 tx_us=11251 ack_sample=1
t=11969842 profile_ack event=1024 words=8192 high_reads=16352 low_reads=16335 high_wait_words=8160 low_wait_words=8143 high_max_reads=2 low_max_reads=2 uninitialized=0
t=11980994 read event=1025 count=16384 submitted=16793600 read_us=273 tx_us=10779 ack_sample=0
t=11992640 read event=1026 count=16384 submitted=16809984 read_us=779 tx_us=10834 ack_sample=0
t=12003802 read event=1027 count=16384 submitted=16826368 read_us=291 tx_us=10831 ack_sample=0
t=12014876 read event=1028 count=16384 submitted=16842752 read_us=264 tx_us=10775 ack_sample=0
t=12026067 read event=1029 count=16384 submitted=16859136 read_us=268 tx_us=10781 ack_sample=0
t=12037133 read event=1030 count=16384 submitted=16875520 read_us=260 tx_us=10773 ack_sample=0
t=12048210 read event=1031 count=16384 submitted=16891904 read_us=257 tx_us=10790 ack_sample=0
t=12059271 read event=1032 count=16384 submitted=16908288 read_us=260 tx_us=10770 ack_sample=0
t=12070411 read event=1033 count=16384 submitted=16924672 read_us=266 tx_us=10776 ack_sample=0
t=12082073 read event=1034 count=16384 submitted=16941056 read_us=776 tx_us=10852 ack_sample=0
t=12093170 read event=1035 count=16384 submitted=16957440 read_us=277 tx_us=10781 ack_sample=0
t=12104239 read event=1036 count=16384 submitted=16973824 read_us=263 tx_us=10774 ack_sample=0
t=12115660 read event=1037 count=16384 submitted=16990208 read_us=333 tx_us=10800 ack_sample=0
t=12126757 read event=1038 count=16384 submitted=17006592 read_us=280 tx_us=10775 ack_sample=0
t=12137832 read event=1039 count=16384 submitted=17022976 read_us=263 tx_us=10781 ack_sample=0
t=12148914 read event=1040 count=16384 submitted=17039360 read_us=257 tx_us=10795 ack_sample=0
t=12160062 read event=1041 count=16384 submitted=17055744 read_us=265 tx_us=10781 ack_sample=0
t=12171715 read event=1042 count=16384 submitted=17072128 read_us=775 tx_us=10844 ack_sample=0
t=12182820 read event=1043 count=16384 submitted=17088512 read_us=274 tx_us=10783 ack_sample=0
t=12193894 read event=1044 count=16384 submitted=17104896 read_us=263 tx_us=10778 ack_sample=0
t=12205096 read event=1045 count=16384 submitted=17121280 read_us=272 tx_us=10778 ack_sample=0
t=12216219 read event=1046 count=16384 submitted=17137664 read_us=259 tx_us=10829 ack_sample=0
t=12227282 read event=1047 count=16384 submitted=17154048 read_us=263 tx_us=10769 ack_sample=0
t=12238356 read event=1048 count=16384 submitted=17170432 read_us=264 tx_us=10780 ack_sample=0
t=12249524 read event=1049 count=16384 submitted=17186816 read_us=263 tx_us=10799 ack_sample=0
t=12261186 read event=1050 count=16384 submitted=17203200 read_us=771 tx_us=10858 ack_sample=0
t=12272279 read event=1051 count=16384 submitted=17219584 read_us=277 tx_us=10777 ack_sample=0
t=12283355 read event=1052 count=16384 submitted=17235968 read_us=266 tx_us=10779 ack_sample=0
t=12294554 read event=1053 count=16384 submitted=17252352 read_us=290 tx_us=10772 ack_sample=0
t=12305631 read event=1054 count=16384 submitted=17268736 read_us=272 tx_us=10772 ack_sample=0
t=12316696 read event=1055 count=16384 submitted=17285120 read_us=272 tx_us=10763 ack_sample=0
t=12327776 read event=1056 count=16384 submitted=17301504 read_us=272 tx_us=10779 ack_sample=0
t=12338929 read event=1057 count=16384 submitted=17317888 read_us=264 tx_us=10792 ack_sample=0
t=12350610 read event=1058 count=16384 submitted=17334272 read_us=811 tx_us=10837 ack_sample=0
t=12361722 read event=1059 count=16384 submitted=17350656 read_us=290 tx_us=10782 ack_sample=0
t=12372821 read event=1060 count=16384 submitted=17367040 read_us=265 tx_us=10778 ack_sample=0
t=12384019 read event=1061 count=16384 submitted=17383424 read_us=270 tx_us=10781 ack_sample=0
t=12395089 read event=1062 count=16384 submitted=17399808 read_us=260 tx_us=10775 ack_sample=0
t=12406154 read event=1063 count=16384 submitted=17416192 read_us=258 tx_us=10778 ack_sample=0
t=12417282 read event=1064 count=16384 submitted=17432576 read_us=260 tx_us=10834 ack_sample=0
t=12428427 read event=1065 count=16384 submitted=17448960 read_us=266 tx_us=10777 ack_sample=0
t=12440101 read event=1066 count=16384 submitted=17465344 read_us=775 tx_us=10865 ack_sample=0
t=12451193 read event=1067 count=16384 submitted=17481728 read_us=271 tx_us=10783 ack_sample=0
t=12462263 read event=1068 count=16384 submitted=17498112 read_us=262 tx_us=10776 ack_sample=0
t=12473460 read event=1069 count=16384 submitted=17514496 read_us=274 tx_us=10780 ack_sample=0
t=12484532 read event=1070 count=16384 submitted=17530880 read_us=275 tx_us=10763 ack_sample=0
t=12495603 read event=1071 count=16384 submitted=17547264 read_us=276 tx_us=10765 ack_sample=0
t=12506673 read event=1072 count=16384 submitted=17563648 read_us=274 tx_us=10765 ack_sample=0
t=12517831 read event=1073 count=16384 submitted=17580032 read_us=264 tx_us=10778 ack_sample=0
t=12529474 read event=1074 count=16384 submitted=17596416 read_us=761 tx_us=10851 ack_sample=0
t=12540591 read event=1075 count=16384 submitted=17612800 read_us=293 tx_us=10785 ack_sample=0
t=12551676 read event=1076 count=16384 submitted=17629184 read_us=280 tx_us=10774 ack_sample=0
t=12562874 read event=1077 count=16384 submitted=17645568 read_us=267 tx_us=10783 ack_sample=0
t=12573939 read event=1078 count=16384 submitted=17661952 read_us=259 tx_us=10773 ack_sample=0
t=12585002 read event=1079 count=16384 submitted=17678336 read_us=260 tx_us=10773 ack_sample=0
t=12596066 read event=1080 count=16384 submitted=17694720 read_us=259 tx_us=10775 ack_sample=0
t=12607197 read event=1081 count=16384 submitted=17711104 read_us=260 tx_us=10774 ack_sample=0
t=12618863 read event=1082 count=16384 submitted=17727488 read_us=783 tx_us=10850 ack_sample=0
t=12630016 read event=1083 count=16384 submitted=17743872 read_us=277 tx_us=10836 ack_sample=0
t=12641103 read event=1084 count=16384 submitted=17760256 read_us=264 tx_us=10789 ack_sample=0
t=12652299 read event=1085 count=16384 submitted=17776640 read_us=271 tx_us=10780 ack_sample=0
t=12663419 read event=1086 count=16384 submitted=17793024 read_us=282 tx_us=10803 ack_sample=0
t=12674501 read event=1087 count=16384 submitted=17809408 read_us=268 tx_us=10775 ack_sample=0
t=12685983 read event=1088 count=16384 submitted=17825792 read_us=277 tx_us=11173 ack_sample=1
t=12686008 profile_ack event=1088 words=8192 high_reads=16341 low_reads=16349 high_wait_words=8149 low_wait_words=8157 high_max_reads=2 low_max_reads=2 uninitialized=0
t=12697141 read event=1089 count=16384 submitted=17842176 read_us=264 tx_us=10777 ack_sample=0
t=12708815 read event=1090 count=16384 submitted=17858560 read_us=789 tx_us=10851 ack_sample=0
t=12719920 read event=1091 count=16384 submitted=17874944 read_us=278 tx_us=10783 ack_sample=0
t=12730995 read event=1092 count=16384 submitted=17891328 read_us=265 tx_us=10778 ack_sample=0
t=12742207 read event=1093 count=16384 submitted=17907712 read_us=270 tx_us=10785 ack_sample=0
t=12753281 read event=1094 count=16384 submitted=17924096 read_us=258 tx_us=10781 ack_sample=0
t=12764383 read event=1095 count=16384 submitted=17940480 read_us=285 tx_us=10779 ack_sample=0
t=12775471 read event=1096 count=16384 submitted=17956864 read_us=263 tx_us=10791 ack_sample=0
t=12786638 read event=1097 count=16384 submitted=17973248 read_us=286 tx_us=10768 ack_sample=0
t=12798348 read event=1098 count=16384 submitted=17989632 read_us=805 tx_us=10871 ack_sample=0
t=12809454 read event=1099 count=16384 submitted=18006016 read_us=283 tx_us=10782 ack_sample=0
t=12820531 read event=1100 count=16384 submitted=18022400 read_us=280 tx_us=10767 ack_sample=0
t=12831744 read event=1101 count=16384 submitted=18038784 read_us=288 tx_us=10782 ack_sample=0
t=12842906 read event=1102 count=16384 submitted=18055168 read_us=263 tx_us=10852 ack_sample=0
t=12853983 read event=1103 count=16384 submitted=18071552 read_us=262 tx_us=10778 ack_sample=0
t=12865079 read event=1104 count=16384 submitted=18087936 read_us=259 tx_us=10809 ack_sample=0
t=12876234 read event=1105 count=16384 submitted=18104320 read_us=267 tx_us=10781 ack_sample=0
t=12887911 read event=1106 count=16384 submitted=18120704 read_us=786 tx_us=10857 ack_sample=0
t=12899001 read event=1107 count=16384 submitted=18137088 read_us=273 tx_us=10781 ack_sample=0
t=12910072 read event=1108 count=16384 submitted=18153472 read_us=267 tx_us=10772 ack_sample=0
t=12921279 read event=1109 count=16384 submitted=18169856 read_us=283 tx_us=10778 ack_sample=0
t=12932357 read event=1110 count=16384 submitted=18186240 read_us=265 tx_us=10778 ack_sample=0
t=12943433 read event=1111 count=16384 submitted=18202624 read_us=261 tx_us=10783 ack_sample=0
t=12954503 read event=1112 count=16384 submitted=18219008 read_us=259 tx_us=10779 ack_sample=0
t=12965658 read event=1113 count=16384 submitted=18235392 read_us=280 tx_us=10772 ack_sample=0
t=12977306 read event=1114 count=16384 submitted=18251776 read_us=766 tx_us=10848 ack_sample=0
t=12988401 read event=1115 count=16384 submitted=18268160 read_us=276 tx_us=10780 ack_sample=0
t=12999547 read event=1116 count=16384 submitted=18284544 read_us=263 tx_us=10851 ack_sample=0
t=13010758 read event=1117 count=16384 submitted=18300928 read_us=292 tx_us=10775 ack_sample=0
t=13021834 read event=1118 count=16384 submitted=18317312 read_us=262 tx_us=10780 ack_sample=0
t=13032892 read event=1119 count=16384 submitted=18333696 read_us=255 tx_us=10773 ack_sample=0
t=13044024 read event=1120 count=16384 submitted=18350080 read_us=263 tx_us=10840 ack_sample=0
t=13055174 read event=1121 count=16384 submitted=18366464 read_us=265 tx_us=10776 ack_sample=0
t=13066834 read event=1122 count=16384 submitted=18382848 read_us=777 tx_us=10849 ack_sample=0
t=13077929 read event=1123 count=16384 submitted=18399232 read_us=270 tx_us=10785 ack_sample=0
t=13088998 read event=1124 count=16384 submitted=18415616 read_us=263 tx_us=10774 ack_sample=0
t=13100182 read event=1125 count=16384 submitted=18432000 read_us=268 tx_us=10777 ack_sample=0
t=13111257 read event=1126 count=16384 submitted=18448384 read_us=263 tx_us=10779 ack_sample=0
t=13122319 read event=1127 count=16384 submitted=18464768 read_us=259 tx_us=10774 ack_sample=0
t=13133388 read event=1128 count=16384 submitted=18481152 read_us=256 tx_us=10783 ack_sample=0
t=13144544 read event=1129 count=16384 submitted=18497536 read_us=275 tx_us=10788 ack_sample=0
t=13156213 read event=1130 count=16384 submitted=18513920 read_us=776 tx_us=10860 ack_sample=0
t=13167307 read event=1131 count=16384 submitted=18530304 read_us=272 tx_us=10784 ack_sample=0
t=13178372 read event=1132 count=16384 submitted=18546688 read_us=263 tx_us=10770 ack_sample=0
t=13178399 profile_poll polls=768 elapsed_us=44924 interval_us=44345 chunks=4
t=13189584 read event=1133 count=16384 submitted=18563072 read_us=288 tx_us=10771 ack_sample=0
t=13200665 read event=1134 count=16384 submitted=18579456 read_us=279 tx_us=10770 ack_sample=0
t=13211750 read event=1135 count=16384 submitted=18595840 read_us=274 tx_us=10781 ack_sample=0
t=13223189 read event=1136 count=16384 submitted=18612224 read_us=255 tx_us=11152 ack_sample=0
t=13235513 read event=1137 count=16384 submitted=18628608 read_us=364 tx_us=11780 ack_sample=0
t=13247302 read event=1138 count=16384 submitted=18644992 read_us=855 tx_us=10869 ack_sample=0
t=13258468 read event=1139 count=16384 submitted=18661376 read_us=281 tx_us=10842 ack_sample=0
t=13269568 read event=1140 count=16384 submitted=18677760 read_us=292 tx_us=10775 ack_sample=0
t=13280800 read event=1141 count=16384 submitted=18694144 read_us=289 tx_us=10780 ack_sample=0
t=13291868 read event=1142 count=16384 submitted=18710528 read_us=263 tx_us=10772 ack_sample=0
t=13302936 read event=1143 count=16384 submitted=18726912 read_us=258 tx_us=10780 ack_sample=0
t=13314019 read event=1144 count=16384 submitted=18743296 read_us=259 tx_us=10780 ack_sample=0
t=13325172 read event=1145 count=16384 submitted=18759680 read_us=262 tx_us=10782 ack_sample=0
t=13336842 read event=1146 count=16384 submitted=18776064 read_us=783 tx_us=10853 ack_sample=0
t=13347956 read event=1147 count=16384 submitted=18792448 read_us=278 tx_us=10798 ack_sample=0
t=13359032 read event=1148 count=16384 submitted=18808832 read_us=265 tx_us=10779 ack_sample=0
t=13370208 read event=1149 count=16384 submitted=18825216 read_us=268 tx_us=10774 ack_sample=0
t=13381282 read event=1150 count=16384 submitted=18841600 read_us=262 tx_us=10778 ack_sample=0
t=13392344 read event=1151 count=16384 submitted=18857984 read_us=257 tx_us=10775 ack_sample=0
t=13403814 read event=1152 count=16384 submitted=18874368 read_us=258 tx_us=11180 ack_sample=1
t=13403838 profile_ack event=1152 words=8192 high_reads=16341 low_reads=16355 high_wait_words=8149 low_wait_words=8163 high_max_reads=2 low_max_reads=2 uninitialized=0
t=13414967 read event=1153 count=16384 submitted=18890752 read_us=263 tx_us=10776 ack_sample=0
t=13426612 read event=1154 count=16384 submitted=18907136 read_us=783 tx_us=10830 ack_sample=0
t=13437712 read event=1155 count=16384 submitted=18923520 read_us=289 tx_us=10773 ack_sample=0
t=13448811 read event=1156 count=16384 submitted=18939904 read_us=265 tx_us=10790 ack_sample=0
t=13460051 read event=1157 count=16384 submitted=18956288 read_us=265 tx_us=10830 ack_sample=0
t=13471122 read event=1158 count=16384 submitted=18972672 read_us=262 tx_us=10775 ack_sample=0
t=13482183 read event=1159 count=16384 submitted=18989056 read_us=258 tx_us=10771 ack_sample=0
t=13493244 read event=1160 count=16384 submitted=19005440 read_us=258 tx_us=10774 ack_sample=0
t=13504374 read event=1161 count=16384 submitted=19021824 read_us=262 tx_us=10770 ack_sample=0
t=13516021 read event=1162 count=16384 submitted=19038208 read_us=777 tx_us=10838 ack_sample=0
t=13527118 read event=1163 count=16384 submitted=19054592 read_us=274 tx_us=10784 ack_sample=0
t=13538185 read event=1164 count=16384 submitted=19070976 read_us=262 tx_us=10775 ack_sample=0
t=13549384 read event=1165 count=16384 submitted=19087360 read_us=269 tx_us=10794 ack_sample=0
t=13560456 read event=1166 count=16384 submitted=19103744 read_us=262 tx_us=10777 ack_sample=0
t=13571523 read event=1167 count=16384 submitted=19120128 read_us=273 tx_us=10765 ack_sample=0
t=13582596 read event=1168 count=16384 submitted=19136512 read_us=273 tx_us=10770 ack_sample=0
t=13593755 read event=1169 count=16384 submitted=19152896 read_us=274 tx_us=10779 ack_sample=0
t=13605400 read event=1170 count=16384 submitted=19169280 read_us=758 tx_us=10853 ack_sample=0
t=13616497 read event=1171 count=16384 submitted=19185664 read_us=277 tx_us=10782 ack_sample=0
t=13627573 read event=1172 count=16384 submitted=19202048 read_us=278 tx_us=10766 ack_sample=0
t=13638783 read event=1173 count=16384 submitted=19218432 read_us=283 tx_us=10787 ack_sample=0
t=13649857 read event=1174 count=16384 submitted=19234816 read_us=263 tx_us=10777 ack_sample=0
t=13660921 read event=1175 count=16384 submitted=19251200 read_us=256 tx_us=10778 ack_sample=0
t=13672041 read event=1176 count=16384 submitted=19267584 read_us=257 tx_us=10835 ack_sample=0
t=13683187 read event=1177 count=16384 submitted=19283968 read_us=267 tx_us=10779 ack_sample=0
t=13694856 read event=1178 count=16384 submitted=19300352 read_us=778 tx_us=10858 ack_sample=0
t=13705968 read event=1179 count=16384 submitted=19316736 read_us=280 tx_us=10793 ack_sample=0
t=13717069 read event=1180 count=16384 submitted=19333120 read_us=280 tx_us=10781 ack_sample=0
t=13728273 read event=1181 count=16384 submitted=19349504 read_us=273 tx_us=10778 ack_sample=0
t=13739359 read event=1182 count=16384 submitted=19365888 read_us=265 tx_us=10788 ack_sample=0
t=13750430 read event=1183 count=16384 submitted=19382272 read_us=262 tx_us=10779 ack_sample=0
t=13761504 read event=1184 count=16384 submitted=19398656 read_us=257 tx_us=10787 ack_sample=0
t=13772713 read event=1185 count=16384 submitted=19415040 read_us=308 tx_us=10766 ack_sample=0
t=13784403 read event=1186 count=16384 submitted=19431424 read_us=789 tx_us=10851 ack_sample=0
t=13795498 read event=1187 count=16384 submitted=19447808 read_us=274 tx_us=10781 ack_sample=0
t=13806583 read event=1188 count=16384 submitted=19464192 read_us=280 tx_us=10772 ack_sample=0
t=13817801 read event=1189 count=16384 submitted=19480576 read_us=290 tx_us=10777 ack_sample=0
t=13828902 read event=1190 count=16384 submitted=19496960 read_us=261 tx_us=10805 ack_sample=0
t=13840005 read event=1191 count=16384 submitted=19513344 read_us=271 tx_us=10794 ack_sample=0
t=13851072 read event=1192 count=16384 submitted=19529728 read_us=259 tx_us=10778 ack_sample=0
t=13862255 read event=1193 count=16384 submitted=19546112 read_us=265 tx_us=10807 ack_sample=0
t=13874011 read event=1194 count=16384 submitted=19562496 read_us=818 tx_us=10898 ack_sample=0
t=13885113 read event=1195 count=16384 submitted=19578880 read_us=276 tx_us=10783 ack_sample=0
t=13896215 read event=1196 count=16384 submitted=19595264 read_us=260 tx_us=10808 ack_sample=0
t=13907414 read event=1197 count=16384 submitted=19611648 read_us=274 tx_us=10776 ack_sample=0
t=13918488 read event=1198 count=16384 submitted=19628032 read_us=265 tx_us=10774 ack_sample=0
t=13929571 read event=1199 count=16384 submitted=19644416 read_us=276 tx_us=10776 ack_sample=0
t=13940650 read event=1200 count=16384 submitted=19660800 read_us=275 tx_us=10775 ack_sample=0
t=13951805 read event=1201 count=16384 submitted=19677184 read_us=262 tx_us=10778 ack_sample=0
t=13963457 read event=1202 count=16384 submitted=19693568 read_us=769 tx_us=10849 ack_sample=0
t=13974564 read event=1203 count=16384 submitted=19709952 read_us=290 tx_us=10775 ack_sample=0
t=13985644 read event=1204 count=16384 submitted=19726336 read_us=278 tx_us=10770 ack_sample=0
t=13996849 read event=1205 count=16384 submitted=19742720 read_us=266 tx_us=10778 ack_sample=0
t=14007923 read event=1206 count=16384 submitted=19759104 read_us=264 tx_us=10777 ack_sample=0
t=14019057 read event=1207 count=16384 submitted=19775488 read_us=254 tx_us=10850 ack_sample=0
t=14030125 read event=1208 count=16384 submitted=19791872 read_us=263 tx_us=10776 ack_sample=0
t=14041291 read event=1209 count=16384 submitted=19808256 read_us=269 tx_us=10796 ack_sample=0
t=14052952 read event=1210 count=16384 submitted=19824640 read_us=777 tx_us=10850 ack_sample=0
t=14064047 read event=1211 count=16384 submitted=19841024 read_us=276 tx_us=10784 ack_sample=0
t=14075110 read event=1212 count=16384 submitted=19857408 read_us=261 tx_us=10770 ack_sample=0
t=14086355 read event=1213 count=16384 submitted=19873792 read_us=273 tx_us=10834 ack_sample=0
t=14097436 read event=1214 count=16384 submitted=19890176 read_us=265 tx_us=10782 ack_sample=0
t=14108504 read event=1215 count=16384 submitted=19906560 read_us=260 tx_us=10778 ack_sample=0
t=14119976 read event=1216 count=16384 submitted=19922944 read_us=269 tx_us=11175 ack_sample=1
t=14120001 profile_ack event=1216 words=8192 high_reads=16340 low_reads=16348 high_wait_words=8148 low_wait_words=8156 high_max_reads=2 low_max_reads=2 uninitialized=0
t=14131139 read event=1217 count=16384 submitted=19939328 read_us=261 tx_us=10778 ack_sample=0
t=14142808 read event=1218 count=16384 submitted=19955712 read_us=776 tx_us=10859 ack_sample=0
t=14153900 read event=1219 count=16384 submitted=19972096 read_us=271 tx_us=10783 ack_sample=0
t=14164965 read event=1220 count=16384 submitted=19988480 read_us=261 tx_us=10774 ack_sample=0
t=14176150 read event=1221 count=16384 submitted=20004864 read_us=270 tx_us=10776 ack_sample=0
t=14187217 read event=1222 count=16384 submitted=20021248 read_us=263 tx_us=10771 ack_sample=0
t=14198276 read event=1223 count=16384 submitted=20037632 read_us=256 tx_us=10772 ack_sample=0
t=14209336 read event=1224 count=16384 submitted=20054016 read_us=254 tx_us=10776 ack_sample=0
t=14220474 read event=1225 count=16384 submitted=20070400 read_us=262 tx_us=10780 ack_sample=0
t=14232134 read event=1226 count=16384 submitted=20086784 read_us=778 tx_us=10849 ack_sample=0
t=14243263 read event=1227 count=16384 submitted=20103168 read_us=278 tx_us=10794 ack_sample=0
t=14254332 read event=1228 count=16384 submitted=20119552 read_us=262 tx_us=10775 ack_sample=0
t=14265527 read event=1229 count=16384 submitted=20135936 read_us=266 tx_us=10772 ack_sample=0
t=14276602 read event=1230 count=16384 submitted=20152320 read_us=280 tx_us=10761 ack_sample=0
t=14287681 read event=1231 count=16384 submitted=20168704 read_us=277 tx_us=10770 ack_sample=0
t=14298802 read event=1232 count=16384 submitted=20185088 read_us=317 tx_us=10775 ack_sample=0
t=14309950 read event=1233 count=16384 submitted=20201472 read_us=269 tx_us=10776 ack_sample=0
t=14321592 read event=1234 count=16384 submitted=20217856 read_us=755 tx_us=10837 ack_sample=0
t=14332696 read event=1235 count=16384 submitted=20234240 read_us=294 tx_us=10770 ack_sample=0
t=14343788 read event=1236 count=16384 submitted=20250624 read_us=272 tx_us=10789 ack_sample=0
t=14354983 read event=1237 count=16384 submitted=20267008 read_us=268 tx_us=10780 ack_sample=0
t=14366060 read event=1238 count=16384 submitted=20283392 read_us=266 tx_us=10776 ack_sample=0
t=14377127 read event=1239 count=16384 submitted=20299776 read_us=258 tx_us=10778 ack_sample=0
t=14388188 read event=1240 count=16384 submitted=20316160 read_us=254 tx_us=10778 ack_sample=0
t=14399331 read event=1241 count=16384 submitted=20332544 read_us=263 tx_us=10778 ack_sample=0
t=14410985 read event=1242 count=16384 submitted=20348928 read_us=777 tx_us=10844 ack_sample=0
t=14422078 read event=1243 count=16384 submitted=20365312 read_us=271 tx_us=10785 ack_sample=0
t=14433153 read event=1244 count=16384 submitted=20381696 read_us=261 tx_us=10781 ack_sample=0
t=14444357 read event=1245 count=16384 submitted=20398080 read_us=272 tx_us=10795 ack_sample=0
t=14455431 read event=1246 count=16384 submitted=20414464 read_us=265 tx_us=10776 ack_sample=0
t=14466493 read event=1247 count=16384 submitted=20430848 read_us=258 tx_us=10774 ack_sample=0
t=14477563 read event=1248 count=16384 submitted=20447232 read_us=272 tx_us=10769 ack_sample=0
t=14488717 read event=1249 count=16384 submitted=20463616 read_us=279 tx_us=10775 ack_sample=0
t=14500447 read event=1250 count=16384 submitted=20480000 read_us=770 tx_us=10918 ack_sample=0
t=14511548 read event=1251 count=16384 submitted=20496384 read_us=291 tx_us=10771 ack_sample=0
t=14522626 read event=1252 count=16384 submitted=20512768 read_us=278 tx_us=10769 ack_sample=0
t=14533832 read event=1253 count=16384 submitted=20529152 read_us=268 tx_us=10776 ack_sample=0
t=14544921 read event=1254 count=16384 submitted=20545536 read_us=259 tx_us=10798 ack_sample=0
t=14555982 read event=1255 count=16384 submitted=20561920 read_us=256 tx_us=10775 ack_sample=0
t=14567037 read event=1256 count=16384 submitted=20578304 read_us=255 tx_us=10771 ack_sample=0
t=14578175 read event=1257 count=16384 submitted=20594688 read_us=265 tx_us=10775 ack_sample=0
t=14589840 read event=1258 count=16384 submitted=20611072 read_us=789 tx_us=10844 ack_sample=0
t=14600930 read event=1259 count=16384 submitted=20627456 read_us=271 tx_us=10783 ack_sample=0
t=14611995 read event=1260 count=16384 submitted=20643840 read_us=260 tx_us=10773 ack_sample=0
t=14623186 read event=1261 count=16384 submitted=20660224 read_us=272 tx_us=10782 ack_sample=0
t=14634263 read event=1262 count=16384 submitted=20676608 read_us=266 tx_us=10777 ack_sample=0
t=14645341 read event=1263 count=16384 submitted=20692992 read_us=260 tx_us=10788 ack_sample=0
t=14656401 read event=1264 count=16384 submitted=20709376 read_us=259 tx_us=10771 ack_sample=0
t=14667560 read event=1265 count=16384 submitted=20725760 read_us=285 tx_us=10769 ack_sample=0
t=14679231 read event=1266 count=16384 submitted=20742144 read_us=786 tx_us=10852 ack_sample=0
t=14690332 read event=1267 count=16384 submitted=20758528 read_us=279 tx_us=10785 ack_sample=0
t=14701396 read event=1268 count=16384 submitted=20774912 read_us=255 tx_us=10779 ack_sample=0
t=14712689 read event=1269 count=16384 submitted=20791296 read_us=308 tx_us=10832 ack_sample=0
t=14723814 read event=1270 count=16384 submitted=20807680 read_us=272 tx_us=10784 ack_sample=0
t=14734880 read event=1271 count=16384 submitted=20824064 read_us=258 tx_us=10773 ack_sample=0
t=14745965 read event=1272 count=16384 submitted=20840448 read_us=258 tx_us=10796 ack_sample=0
t=14757107 read event=1273 count=16384 submitted=20856832 read_us=261 tx_us=10777 ack_sample=0
t=14768787 read event=1274 count=16384 submitted=20873216 read_us=793 tx_us=10854 ack_sample=0
t=14779879 read event=1275 count=16384 submitted=20889600 read_us=273 tx_us=10779 ack_sample=0
t=14790955 read event=1276 count=16384 submitted=20905984 read_us=267 tx_us=10776 ack_sample=0
t=14802152 read event=1277 count=16384 submitted=20922368 read_us=270 tx_us=10780 ack_sample=0
t=14813224 read event=1278 count=16384 submitted=20938752 read_us=260 tx_us=10778 ack_sample=0
t=14824285 read event=1279 count=16384 submitted=20955136 read_us=256 tx_us=10777 ack_sample=0
t=14835746 read event=1280 count=16384 submitted=20971520 read_us=253 tx_us=11179 ack_sample=1
t=14835769 profile_ack event=1280 words=8192 high_reads=16338 low_reads=16345 high_wait_words=8146 low_wait_words=8153 high_max_reads=2 low_max_reads=2 uninitialized=0
t=14846911 read event=1281 count=16384 submitted=20987904 read_us=264 tx_us=10788 ack_sample=0
t=14858606 read event=1282 count=16384 submitted=21004288 read_us=776 tx_us=10885 ack_sample=0
t=14869771 read event=1283 count=16384 submitted=21020672 read_us=319 tx_us=10804 ack_sample=0
t=14880853 read event=1284 count=16384 submitted=21037056 read_us=268 tx_us=10777 ack_sample=0
t=14892060 read event=1285 count=16384 submitted=21053440 read_us=276 tx_us=10775 ack_sample=0
t=14903139 read event=1286 count=16384 submitted=21069824 read_us=262 tx_us=10781 ack_sample=0
t=14914262 read event=1287 count=16384 submitted=21086208 read_us=261 tx_us=10832 ack_sample=0
t=14925334 read event=1288 count=16384 submitted=21102592 read_us=261 tx_us=10776 ack_sample=0
t=14936504 read event=1289 count=16384 submitted=21118976 read_us=274 tx_us=10781 ack_sample=0
t=14948198 read event=1290 count=16384 submitted=21135360 read_us=793 tx_us=10866 ack_sample=0
t=14959288 read event=1291 count=16384 submitted=21151744 read_us=275 tx_us=10777 ack_sample=0
t=14970351 read event=1292 count=16384 submitted=21168128 read_us=260 tx_us=10772 ack_sample=0
t=14981549 read event=1293 count=16384 submitted=21184512 read_us=293 tx_us=10767 ack_sample=0
t=14992637 read event=1294 count=16384 submitted=21200896 read_us=282 tx_us=10771 ack_sample=0
t=15003715 read event=1295 count=16384 submitted=21217280 read_us=276 tx_us=10772 ack_sample=0
t=15014786 read event=1296 count=16384 submitted=21233664 read_us=255 tx_us=10778 ack_sample=0
t=15025926 read event=1297 count=16384 submitted=21250048 read_us=266 tx_us=10775 ack_sample=0
t=15037558 read event=1298 count=16384 submitted=21266432 read_us=759 tx_us=10840 ack_sample=0
t=15048743 read event=1299 count=16384 submitted=21282816 read_us=289 tx_us=10852 ack_sample=0
t=15059819 read event=1300 count=16384 submitted=21299200 read_us=263 tx_us=10778 ack_sample=0
t=15071006 read event=1301 count=16384 submitted=21315584 read_us=271 tx_us=10773 ack_sample=0
t=15082081 read event=1302 count=16384 submitted=21331968 read_us=262 tx_us=10780 ack_sample=0
t=15093153 read event=1303 count=16384 submitted=21348352 read_us=260 tx_us=10781 ack_sample=0
t=15104207 read event=1304 count=16384 submitted=21364736 read_us=253 tx_us=10773 ack_sample=0
t=15115561 read event=1305 count=16384 submitted=21381120 read_us=280 tx_us=10832 ack_sample=0
t=15127283 read event=1306 count=16384 submitted=21397504 read_us=786 tx_us=10895 ack_sample=0
t=15138376 read event=1307 count=16384 submitted=21413888 read_us=278 tx_us=10775 ack_sample=0
t=15149452 read event=1308 count=16384 submitted=21430272 read_us=256 tx_us=10789 ack_sample=0
t=15160662 read event=1309 count=16384 submitted=21446656 read_us=292 tx_us=10775 ack_sample=0
t=15171744 read event=1310 count=16384 submitted=21463040 read_us=274 tx_us=10774 ack_sample=0
t=15182837 read event=1311 count=16384 submitted=21479424 read_us=261 tx_us=10774 ack_sample=0
t=15193898 read event=1312 count=16384 submitted=21495808 read_us=256 tx_us=10775 ack_sample=0
t=15205049 read event=1313 count=16384 submitted=21512192 read_us=267 tx_us=10778 ack_sample=0
t=15216700 read event=1314 count=16384 submitted=21528576 read_us=777 tx_us=10839 ack_sample=0
t=15227801 read event=1315 count=16384 submitted=21544960 read_us=283 tx_us=10778 ack_sample=0
t=15238865 read event=1316 count=16384 submitted=21561344 read_us=259 tx_us=10773 ack_sample=0
t=15250068 read event=1317 count=16384 submitted=21577728 read_us=271 tx_us=10795 ack_sample=0
t=15261147 read event=1318 count=16384 submitted=21594112 read_us=265 tx_us=10778 ack_sample=0
t=15272210 read event=1319 count=16384 submitted=21610496 read_us=259 tx_us=10774 ack_sample=0
t=15283272 read event=1320 count=16384 submitted=21626880 read_us=255 tx_us=10776 ack_sample=0
t=15294413 read event=1321 count=16384 submitted=21643264 read_us=265 tx_us=10775 ack_sample=0
t=15306076 read event=1322 count=16384 submitted=21659648 read_us=779 tx_us=10851 ack_sample=0
t=15317167 read event=1323 count=16384 submitted=21676032 read_us=270 tx_us=10782 ack_sample=0
t=15328279 read event=1324 count=16384 submitted=21692416 read_us=262 tx_us=10819 ack_sample=0
t=15339475 read event=1325 count=16384 submitted=21708800 read_us=272 tx_us=10779 ack_sample=0
t=15350581 read event=1326 count=16384 submitted=21725184 read_us=295 tx_us=10777 ack_sample=0
t=15361658 read event=1327 count=16384 submitted=21741568 read_us=274 tx_us=10771 ack_sample=0
t=15372730 read event=1328 count=16384 submitted=21757952 read_us=270 tx_us=10769 ack_sample=0
t=15383879 read event=1329 count=16384 submitted=21774336 read_us=269 tx_us=10773 ack_sample=0
t=15395533 read event=1330 count=16384 submitted=21790720 read_us=759 tx_us=10860 ack_sample=0
t=15406636 read event=1331 count=16384 submitted=21807104 read_us=291 tx_us=10773 ack_sample=0
t=15417713 read event=1332 count=16384 submitted=21823488 read_us=276 tx_us=10769 ack_sample=0
t=15428928 read event=1333 count=16384 submitted=21839872 read_us=271 tx_us=10783 ack_sample=0
t=15440013 read event=1334 count=16384 submitted=21856256 read_us=264 tx_us=10786 ack_sample=0
t=15451078 read event=1335 count=16384 submitted=21872640 read_us=257 tx_us=10776 ack_sample=0
t=15462139 read event=1336 count=16384 submitted=21889024 read_us=254 tx_us=10778 ack_sample=0
t=15473281 read event=1337 count=16384 submitted=21905408 read_us=264 tx_us=10777 ack_sample=0
t=15484951 read event=1338 count=16384 submitted=21921792 read_us=787 tx_us=10850 ack_sample=0
t=15496044 read event=1339 count=16384 submitted=21938176 read_us=272 tx_us=10784 ack_sample=0
t=15507121 read event=1340 count=16384 submitted=21954560 read_us=264 tx_us=10775 ack_sample=0
t=15518310 read event=1341 count=16384 submitted=21970944 read_us=276 tx_us=10779 ack_sample=0
t=15529388 read event=1342 count=16384 submitted=21987328 read_us=263 tx_us=10780 ack_sample=0
t=15540525 read event=1343 count=16384 submitted=22003712 read_us=257 tx_us=10850 ack_sample=0
t=15552009 read event=1344 count=16384 submitted=22020096 read_us=279 tx_us=11173 ack_sample=1
t=15552034 profile_ack event=1344 words=8192 high_reads=16344 low_reads=16341 high_wait_words=8152 low_wait_words=8149 high_max_reads=2 low_max_reads=2 uninitialized=0
t=15563165 read event=1345 count=16384 submitted=22036480 read_us=267 tx_us=10774 ack_sample=0
t=15575866 read event=1346 count=16384 submitted=22052864 read_us=779 tx_us=11889 ack_sample=0
t=15586962 read event=1347 count=16384 submitted=22069248 read_us=271 tx_us=10785 ack_sample=0
t=15598032 read event=1348 count=16384 submitted=22085632 read_us=257 tx_us=10780 ack_sample=0
t=15612665 read event=1349 count=16384 submitted=22102016 read_us=270 tx_us=14217 ack_sample=0
t=15623752 read event=1350 count=16384 submitted=22118400 read_us=278 tx_us=10778 ack_sample=0
t=15634813 read event=1351 count=16384 submitted=22134784 read_us=255 tx_us=10775 ack_sample=0
t=15649477 read event=1352 count=16384 submitted=22151168 read_us=258 tx_us=14361 ack_sample=0
t=15660636 read event=1353 count=16384 submitted=22167552 read_us=288 tx_us=10770 ack_sample=0
t=15673011 read event=1354 count=16384 submitted=22183936 read_us=783 tx_us=11555 ack_sample=0
t=15686266 read event=1355 count=16384 submitted=22200320 read_us=277 tx_us=12940 ack_sample=0
t=15697340 read event=1356 count=16384 submitted=22216704 read_us=262 tx_us=10779 ack_sample=0
t=15712296 read event=1357 count=16384 submitted=22233088 read_us=286 tx_us=14534 ack_sample=0
t=15723385 read event=1358 count=16384 submitted=22249472 read_us=270 tx_us=10780 ack_sample=0
t=15734452 read event=1359 count=16384 submitted=22265856 read_us=261 tx_us=10774 ack_sample=0
t=15749071 read event=1360 count=16384 submitted=22282240 read_us=252 tx_us=14337 ack_sample=0
t=15760231 read event=1361 count=16384 submitted=22298624 read_us=272 tx_us=10773 ack_sample=0
t=15771908 read event=1362 count=16384 submitted=22315008 read_us=789 tx_us=10852 ack_sample=0
t=15785864 read event=1363 count=16384 submitted=22331392 read_us=273 tx_us=13645 ack_sample=0
t=15796930 read event=1364 count=16384 submitted=22347776 read_us=259 tx_us=10775 ack_sample=0
t=15808710 read event=1365 count=16384 submitted=22364160 read_us=274 tx_us=11373 ack_sample=0
t=15822627 read event=1366 count=16384 submitted=22380544 read_us=261 tx_us=13609 ack_sample=0
t=15833694 read event=1367 count=16384 submitted=22396928 read_us=271 tx_us=10767 ack_sample=0
t=15846825 read event=1368 count=16384 submitted=22413312 read_us=268 tx_us=12837 ack_sample=0
t=15859400 read event=1369 count=16384 submitted=22429696 read_us=267 tx_us=12208 ack_sample=0
t=15871060 read event=1370 count=16384 submitted=22446080 read_us=778 tx_us=10848 ack_sample=0
t=15885404 read event=1371 count=16384 submitted=22462464 read_us=272 tx_us=14033 ack_sample=0
t=15896474 read event=1372 count=16384 submitted=22478848 read_us=265 tx_us=10772 ack_sample=0
t=15907689 read event=1373 count=16384 submitted=22495232 read_us=301 tx_us=10771 ack_sample=0
t=15922137 read event=1374 count=16384 submitted=22511616 read_us=274 tx_us=14141 ack_sample=0
t=15933195 read event=1375 count=16384 submitted=22528000 read_us=255 tx_us=10773 ack_sample=0
t=15944271 read event=1376 count=16384 submitted=22544384 read_us=262 tx_us=10785 ack_sample=0
t=15958893 read event=1377 count=16384 submitted=22560768 read_us=269 tx_us=14238 ack_sample=0
t=15970539 read event=1378 count=16384 submitted=22577152 read_us=757 tx_us=10850 ack_sample=0
t=15982246 read event=1379 count=16384 submitted=22593536 read_us=289 tx_us=11379 ack_sample=0
t=15995509 read event=1380 count=16384 submitted=22609920 read_us=259 tx_us=12973 ack_sample=0
t=16006709 read event=1381 count=16384 submitted=22626304 read_us=290 tx_us=10775 ack_sample=0
t=16021397 read event=1382 count=16384 submitted=22642688 read_us=266 tx_us=14375 ack_sample=0
t=16032461 read event=1383 count=16384 submitted=22659072 read_us=260 tx_us=10775 ack_sample=0
t=16043540 read event=1384 count=16384 submitted=22675456 read_us=268 tx_us=10783 ack_sample=0
t=16058009 read event=1385 count=16384 submitted=22691840 read_us=286 tx_us=14075 ack_sample=0
t=16069750 read event=1386 count=16384 submitted=22708224 read_us=774 tx_us=10933 ack_sample=0
t=16080837 read event=1387 count=16384 submitted=22724608 read_us=273 tx_us=10777 ack_sample=0
t=16094598 read event=1388 count=16384 submitted=22740992 read_us=257 tx_us=13473 ack_sample=0
t=16094626 profile_poll polls=832 elapsed_us=50983 interval_us=48005 chunks=4
t=16105820 read event=1389 count=16384 submitted=22757376 read_us=275 tx_us=10780 ack_sample=0
t=16117921 read event=1390 count=16384 submitted=22773760 read_us=264 tx_us=11802 ack_sample=0
t=16131183 read event=1391 count=16384 submitted=22790144 read_us=257 tx_us=12976 ack_sample=0
t=16142259 read event=1392 count=16384 submitted=22806528 read_us=256 tx_us=10791 ack_sample=0
t=16156969 read event=1393 count=16384 submitted=22822912 read_us=269 tx_us=14344 ack_sample=0
t=16168673 read event=1394 count=16384 submitted=22839296 read_us=774 tx_us=10897 ack_sample=0
t=16179789 read event=1395 count=16384 submitted=22855680 read_us=285 tx_us=10775 ack_sample=0
t=16193480 read event=1396 count=16384 submitted=22872064 read_us=259 tx_us=13399 ack_sample=0
t=16204691 read event=1397 count=16384 submitted=22888448 read_us=292 tx_us=10770 ack_sample=0
t=16215777 read event=1398 count=16384 submitted=22904832 read_us=271 tx_us=10782 ack_sample=0
t=16229934 read event=1399 count=16384 submitted=22921216 read_us=255 tx_us=13872 ack_sample=0
t=16241004 read event=1400 count=16384 submitted=22937600 read_us=252 tx_us=10790 ack_sample=0
t=16252148 read event=1401 count=16384 submitted=22953984 read_us=270 tx_us=10778 ack_sample=0
t=16266389 read event=1402 count=16384 submitted=22970368 read_us=781 tx_us=13425 ack_sample=0
t=16277486 read event=1403 count=16384 submitted=22986752 read_us=272 tx_us=10786 ack_sample=0
t=16289466 read event=1404 count=16384 submitted=23003136 read_us=276 tx_us=11672 ack_sample=0
t=16302719 read event=1405 count=16384 submitted=23019520 read_us=289 tx_us=12828 ack_sample=0
t=16313802 read event=1406 count=16384 submitted=23035904 read_us=261 tx_us=10779 ack_sample=0
t=16328304 read event=1407 count=16384 submitted=23052288 read_us=255 tx_us=14216 ack_sample=0
t=16339781 read event=1408 count=16384 submitted=23068672 read_us=255 tx_us=11192 ack_sample=1
t=16339806 profile_ack event=1408 words=8192 high_reads=16344 low_reads=16340 high_wait_words=8152 low_wait_words=8148 high_max_reads=2 low_max_reads=2 uninitialized=0
t=16350946 read event=1409 count=16384 submitted=23085056 read_us=268 tx_us=10777 ack_sample=0
t=16364631 read event=1410 count=16384 submitted=23101440 read_us=761 tx_us=12873 ack_sample=0
t=16375786 read event=1411 count=16384 submitted=23117824 read_us=289 tx_us=10826 ack_sample=0
t=16386858 read event=1412 count=16384 submitted=23134208 read_us=264 tx_us=10773 ack_sample=0
t=16400956 read event=1413 count=16384 submitted=23150592 read_us=271 tx_us=13691 ack_sample=0
t=16412026 read event=1414 count=16384 submitted=23166976 read_us=262 tx_us=10776 ack_sample=0
t=16423078 read event=1415 count=16384 submitted=23183360 read_us=251 tx_us=10771 ack_sample=0
t=16437248 read event=1416 count=16384 submitted=23199744 read_us=257 tx_us=13885 ack_sample=0
t=16448408 read event=1417 count=16384 submitted=23216128 read_us=268 tx_us=10789 ack_sample=0
t=16460263 read event=1418 count=16384 submitted=23232512 read_us=782 tx_us=11039 ack_sample=0
t=16473523 read event=1419 count=16384 submitted=23248896 read_us=270 tx_us=12951 ack_sample=0
t=16484604 read event=1420 count=16384 submitted=23265280 read_us=282 tx_us=10767 ack_sample=0
t=16496517 read event=1421 count=16384 submitted=23281664 read_us=274 tx_us=11469 ack_sample=0
t=16509778 read event=1422 count=16384 submitted=23298048 read_us=276 tx_us=12949 ack_sample=0
t=16520844 read event=1423 count=16384 submitted=23314432 read_us=255 tx_us=10781 ack_sample=0
t=16535278 read event=1424 count=16384 submitted=23330816 read_us=253 tx_us=14153 ack_sample=0
t=16546437 read event=1425 count=16384 submitted=23347200 read_us=268 tx_us=10793 ack_sample=0
t=16558105 read event=1426 count=16384 submitted=23363584 read_us=782 tx_us=10853 ack_sample=0
t=16571569 read event=1427 count=16384 submitted=23379968 read_us=270 tx_us=13155 ack_sample=0
t=16582702 read event=1428 count=16384 submitted=23396352 read_us=278 tx_us=10823 ack_sample=0
t=16593907 read event=1429 count=16384 submitted=23412736 read_us=274 tx_us=10779 ack_sample=0
t=16607891 read event=1430 count=16384 submitted=23429120 read_us=264 tx_us=13684 ack_sample=0
t=16618946 read event=1431 count=16384 submitted=23445504 read_us=254 tx_us=10769 ack_sample=0
t=16630007 read event=1432 count=16384 submitted=23461888 read_us=257 tx_us=10776 ack_sample=0
t=16644273 read event=1433 count=16384 submitted=23478272 read_us=268 tx_us=13895 ack_sample=0
t=16655945 read event=1434 count=16384 submitted=23494656 read_us=788 tx_us=10849 ack_sample=0
t=16667529 read event=1435 count=16384 submitted=23511040 read_us=271 tx_us=11276 ack_sample=0
t=16680794 read event=1436 count=16384 submitted=23527424 read_us=280 tx_us=12938 ack_sample=0
t=16691994 read event=1437 count=16384 submitted=23543808 read_us=276 tx_us=10784 ack_sample=0
t=16706662 read event=1438 count=16384 submitted=23560192 read_us=261 tx_us=14370 ack_sample=0
t=16717785 read event=1439 count=16384 submitted=23576576 read_us=296 tx_us=10787 ack_sample=0
t=16728852 read event=1440 count=16384 submitted=23592960 read_us=262 tx_us=10772 ack_sample=0
t=16743426 read event=1441 count=16384 submitted=23609344 read_us=268 tx_us=14198 ack_sample=0
t=16755107 read event=1442 count=16384 submitted=23625728 read_us=789 tx_us=10856 ack_sample=0
t=16766218 read event=1443 count=16384 submitted=23642112 read_us=292 tx_us=10778 ack_sample=0
t=16780431 read event=1444 count=16384 submitted=23658496 read_us=266 tx_us=13911 ack_sample=0
t=16791698 read event=1445 count=16384 submitted=23674880 read_us=292 tx_us=10827 ack_sample=0
t=16804072 read event=1446 count=16384 submitted=23691264 read_us=279 tx_us=12060 ack_sample=0
t=16817331 read event=1447 count=16384 submitted=23707648 read_us=255 tx_us=12972 ack_sample=0
t=16828394 read event=1448 count=16384 submitted=23724032 read_us=257 tx_us=10775 ack_sample=0
t=16843138 read event=1449 count=16384 submitted=23740416 read_us=281 tx_us=14364 ack_sample=0
t=16854823 read event=1450 count=16384 submitted=23756800 read_us=790 tx_us=10860 ack_sample=0
t=16865933 read event=1451 count=16384 submitted=23773184 read_us=282 tx_us=10784 ack_sample=0
t=16879223 read event=1452 count=16384 submitted=23789568 read_us=267 tx_us=12990 ack_sample=0
t=16890413 read event=1453 count=16384 submitted=23805952 read_us=275 tx_us=10777 ack_sample=0
t=16901542 read event=1454 count=16384 submitted=23822336 read_us=263 tx_us=10830 ack_sample=0
t=16913822 read event=1455 count=16384 submitted=23838720 read_us=274 tx_us=11973 ack_sample=0
t=16924889 read event=1456 count=16384 submitted=23855104 read_us=258 tx_us=10781 ack_sample=0
t=16936037 read event=1457 count=16384 submitted=23871488 read_us=267 tx_us=10776 ack_sample=0
t=16947719 read event=1458 count=16384 submitted=23887872 read_us=782 tx_us=10864 ack_sample=0
t=16958822 read event=1459 count=16384 submitted=23904256 read_us=273 tx_us=10781 ack_sample=0
t=16969897 read event=1460 count=16384 submitted=23920640 read_us=264 tx_us=10780 ack_sample=0
t=16981080 read event=1461 count=16384 submitted=23937024 read_us=271 tx_us=10774 ack_sample=0
t=16992205 read event=1462 count=16384 submitted=23953408 read_us=264 tx_us=10827 ack_sample=0
t=17003270 read event=1463 count=16384 submitted=23969792 read_us=256 tx_us=10776 ack_sample=0
t=17014336 read event=1464 count=16384 submitted=23986176 read_us=259 tx_us=10777 ack_sample=0
t=17025494 read event=1465 count=16384 submitted=24002560 read_us=268 tx_us=10779 ack_sample=0
t=17037159 read event=1466 count=16384 submitted=24018944 read_us=780 tx_us=10849 ack_sample=0
t=17048254 read event=1467 count=16384 submitted=24035328 read_us=271 tx_us=10787 ack_sample=0
t=17059320 read event=1468 count=16384 submitted=24051712 read_us=260 tx_us=10775 ack_sample=0
t=17070512 read event=1469 count=16384 submitted=24068096 read_us=272 tx_us=10777 ack_sample=0
t=17081586 read event=1470 count=16384 submitted=24084480 read_us=277 tx_us=10763 ack_sample=0
t=17092731 read event=1471 count=16384 submitted=24100864 read_us=272 tx_us=10843 ack_sample=0
t=17104210 read event=1472 count=16384 submitted=24117248 read_us=263 tx_us=11177 ack_sample=1
t=17104235 profile_ack event=1472 words=8192 high_reads=16337 low_reads=16349 high_wait_words=8145 low_wait_words=8157 high_max_reads=2 low_max_reads=2 uninitialized=0
t=17115368 read event=1473 count=16384 submitted=24133632 read_us=266 tx_us=10777 ack_sample=0
t=17127052 read event=1474 count=16384 submitted=24150016 read_us=794 tx_us=10857 ack_sample=0
t=17138145 read event=1475 count=16384 submitted=24166400 read_us=268 tx_us=10785 ack_sample=0
t=17149234 read event=1476 count=16384 submitted=24182784 read_us=264 tx_us=10794 ack_sample=0
t=17160446 read event=1477 count=16384 submitted=24199168 read_us=275 tx_us=10782 ack_sample=0
t=17171526 read event=1478 count=16384 submitted=24215552 read_us=278 tx_us=10766 ack_sample=0
t=17182600 read event=1479 count=16384 submitted=24231936 read_us=271 tx_us=10773 ack_sample=0
t=17193668 read event=1480 count=16384 submitted=24248320 read_us=271 tx_us=10768 ack_sample=0
t=17204881 read event=1481 count=16384 submitted=24264704 read_us=267 tx_us=10830 ack_sample=0
t=17216538 read event=1482 count=16384 submitted=24281088 read_us=776 tx_us=10845 ack_sample=0
t=17227638 read event=1483 count=16384 submitted=24297472 read_us=285 tx_us=10777 ack_sample=0
t=17238721 read event=1484 count=16384 submitted=24313856 read_us=284 tx_us=10766 ack_sample=0
t=17249934 read event=1485 count=16384 submitted=24330240 read_us=272 tx_us=10794 ack_sample=0
t=17261005 read event=1486 count=16384 submitted=24346624 read_us=259 tx_us=10778 ack_sample=0
t=17272063 read event=1487 count=16384 submitted=24363008 read_us=255 tx_us=10774 ack_sample=0
t=17283128 read event=1488 count=16384 submitted=24379392 read_us=257 tx_us=10779 ack_sample=0
t=17294269 read event=1489 count=16384 submitted=24395776 read_us=265 tx_us=10778 ack_sample=0
t=17305931 read event=1490 count=16384 submitted=24412160 read_us=780 tx_us=10846 ack_sample=0
t=17317014 read event=1491 count=16384 submitted=24428544 read_us=270 tx_us=10776 ack_sample=0
t=17328077 read event=1492 count=16384 submitted=24444928 read_us=262 tx_us=10770 ack_sample=0
t=17339274 read event=1493 count=16384 submitted=24461312 read_us=270 tx_us=10784 ack_sample=0
t=17350351 read event=1494 count=16384 submitted=24477696 read_us=259 tx_us=10785 ack_sample=0
t=17361420 read event=1495 count=16384 submitted=24494080 read_us=261 tx_us=10775 ack_sample=0
t=17372485 read event=1496 count=16384 submitted=24510464 read_us=263 tx_us=10771 ack_sample=0
t=17383643 read event=1497 count=16384 submitted=24526848 read_us=284 tx_us=10775 ack_sample=0
t=17395317 read event=1498 count=16384 submitted=24543232 read_us=781 tx_us=10859 ack_sample=0
t=17406408 read event=1499 count=16384 submitted=24559616 read_us=271 tx_us=10780 ack_sample=0
t=17417530 read event=1500 count=16384 submitted=24576000 read_us=262 tx_us=10830 ack_sample=0
t=17428736 read event=1501 count=16384 submitted=24592384 read_us=292 tx_us=10770 ack_sample=0
t=17439837 read event=1502 count=16384 submitted=24608768 read_us=263 tx_us=10797 ack_sample=0
t=17450901 read event=1503 count=16384 submitted=24625152 read_us=256 tx_us=10777 ack_sample=0
t=17461966 read event=1504 count=16384 submitted=24641536 read_us=261 tx_us=10775 ack_sample=0
t=17473117 read event=1505 count=16384 submitted=24657920 read_us=265 tx_us=10780 ack_sample=0
t=17484790 read event=1506 count=16384 submitted=24674304 read_us=787 tx_us=10852 ack_sample=0
t=17495876 read event=1507 count=16384 submitted=24690688 read_us=268 tx_us=10778 ack_sample=0
t=17506951 read event=1508 count=16384 submitted=24707072 read_us=263 tx_us=10780 ack_sample=0
t=17518131 read event=1509 count=16384 submitted=24723456 read_us=269 tx_us=10773 ack_sample=0
t=17529201 read event=1510 count=16384 submitted=24739840 read_us=257 tx_us=10779 ack_sample=0
t=17540270 read event=1511 count=16384 submitted=24756224 read_us=254 tx_us=10786 ack_sample=0
t=17551329 read event=1512 count=16384 submitted=24772608 read_us=256 tx_us=10774 ack_sample=0
t=17562477 read event=1513 count=16384 submitted=24788992 read_us=267 tx_us=10774 ack_sample=0
t=17574143 read event=1514 count=16384 submitted=24805376 read_us=782 tx_us=10851 ack_sample=0
t=17585230 read event=1515 count=16384 submitted=24821760 read_us=269 tx_us=10779 ack_sample=0
t=17596300 read event=1516 count=16384 submitted=24838144 read_us=264 tx_us=10773 ack_sample=0
t=17607493 read event=1517 count=16384 submitted=24854528 read_us=267 tx_us=10784 ack_sample=0
t=17618623 read event=1518 count=16384 submitted=24870912 read_us=277 tx_us=10820 ack_sample=0
t=17629700 read event=1519 count=16384 submitted=24887296 read_us=275 tx_us=10769 ack_sample=0
t=17640808 read event=1520 count=16384 submitted=24903680 read_us=263 tx_us=10790 ack_sample=0
t=17651951 read event=1521 count=16384 submitted=24920064 read_us=263 tx_us=10779 ack_sample=0
t=17663730 read event=1522 count=16384 submitted=24936448 read_us=899 tx_us=10846 ack_sample=0
t=17674824 read event=1523 count=16384 submitted=24952832 read_us=268 tx_us=10780 ack_sample=0
t=17685896 read event=1524 count=16384 submitted=24969216 read_us=262 tx_us=10779 ack_sample=0
t=17697079 read event=1525 count=16384 submitted=24985600 read_us=268 tx_us=10775 ack_sample=0
t=17708152 read event=1526 count=16384 submitted=25001984 read_us=261 tx_us=10779 ack_sample=0
t=17719226 read event=1527 count=16384 submitted=25018368 read_us=262 tx_us=10778 ack_sample=0
t=17730294 read event=1528 count=16384 submitted=25034752 read_us=260 tx_us=10778 ack_sample=0
t=17741454 read event=1529 count=16384 submitted=25051136 read_us=264 tx_us=10789 ack_sample=0
t=17753125 read event=1530 count=16384 submitted=25067520 read_us=785 tx_us=10853 ack_sample=0
t=17764221 read event=1531 count=16384 submitted=25083904 read_us=271 tx_us=10785 ack_sample=0
t=17775289 read event=1532 count=16384 submitted=25100288 read_us=265 tx_us=10771 ack_sample=0
t=17786485 read event=1533 count=16384 submitted=25116672 read_us=272 tx_us=10785 ack_sample=0
t=17797560 read event=1534 count=16384 submitted=25133056 read_us=277 tx_us=10766 ack_sample=0
t=17808627 read event=1535 count=16384 submitted=25149440 read_us=266 tx_us=10772 ack_sample=0
t=17820105 read event=1536 count=16384 submitted=25165824 read_us=276 tx_us=11174 ack_sample=1
t=17820131 profile_ack event=1536 words=8192 high_reads=16342 low_reads=16350 high_wait_words=8150 low_wait_words=8158 high_max_reads=2 low_max_reads=2 uninitialized=0
t=17831324 read event=1537 count=16384 submitted=25182208 read_us=264 tx_us=10841 ack_sample=0
t=17842997 read event=1538 count=16384 submitted=25198592 read_us=772 tx_us=10867 ack_sample=0
t=17854084 read event=1539 count=16384 submitted=25214976 read_us=269 tx_us=10779 ack_sample=0
t=17865228 read event=1540 count=16384 submitted=25231360 read_us=283 tx_us=10825 ack_sample=0
t=17876447 read event=1541 count=16384 submitted=25247744 read_us=282 tx_us=10780 ack_sample=0
t=17887526 read event=1542 count=16384 submitted=25264128 read_us=275 tx_us=10770 ack_sample=0
t=17898594 read event=1543 count=16384 submitted=25280512 read_us=271 tx_us=10768 ack_sample=0
t=17909674 read event=1544 count=16384 submitted=25296896 read_us=275 tx_us=10776 ack_sample=0
t=17920825 read event=1545 count=16384 submitted=25313280 read_us=263 tx_us=10779 ack_sample=0
t=17932465 read event=1546 count=16384 submitted=25329664 read_us=756 tx_us=10852 ack_sample=0
t=17943583 read event=1547 count=16384 submitted=25346048 read_us=288 tx_us=10790 ack_sample=0
t=17954671 read event=1548 count=16384 submitted=25362432 read_us=290 tx_us=10766 ack_sample=0
t=17965872 read event=1549 count=16384 submitted=25378816 read_us=268 tx_us=10781 ack_sample=0
t=17976944 read event=1550 count=16384 submitted=25395200 read_us=258 tx_us=10781 ack_sample=0
t=17988003 read event=1551 count=16384 submitted=25411584 read_us=255 tx_us=10773 ack_sample=0
t=17999073 read event=1552 count=16384 submitted=25427968 read_us=258 tx_us=10783 ack_sample=0
t=18010242 read event=1553 count=16384 submitted=25444352 read_us=278 tx_us=10779 ack_sample=0
t=18021896 read event=1554 count=16384 submitted=25460736 read_us=779 tx_us=10840 ack_sample=0
t=18033036 read event=1555 count=16384 submitted=25477120 read_us=268 tx_us=10832 ack_sample=0
t=18044125 read event=1556 count=16384 submitted=25493504 read_us=268 tx_us=10788 ack_sample=0
t=18055322 read event=1557 count=16384 submitted=25509888 read_us=273 tx_us=10783 ack_sample=0
t=18066392 read event=1558 count=16384 submitted=25526272 read_us=262 tx_us=10774 ack_sample=0
t=18077457 read event=1559 count=16384 submitted=25542656 read_us=254 tx_us=10780 ack_sample=0
t=18088525 read event=1560 count=16384 submitted=25559040 read_us=272 tx_us=10766 ack_sample=0
t=18099691 read event=1561 count=16384 submitted=25575424 read_us=285 tx_us=10768 ack_sample=0
t=18111368 read event=1562 count=16384 submitted=25591808 read_us=773 tx_us=10855 ack_sample=0
t=18122521 read event=1563 count=16384 submitted=25608192 read_us=270 tx_us=10838 ack_sample=0
t=18133615 read event=1564 count=16384 submitted=25624576 read_us=284 tx_us=10775 ack_sample=0
t=18145036 read event=1565 count=16384 submitted=25640960 read_us=282 tx_us=10832 ack_sample=0
t=18156115 read event=1566 count=16384 submitted=25657344 read_us=266 tx_us=10775 ack_sample=0
t=18167175 read event=1567 count=16384 submitted=25673728 read_us=257 tx_us=10771 ack_sample=0
t=18178237 read event=1568 count=16384 submitted=25690112 read_us=259 tx_us=10773 ack_sample=0
t=18189386 read event=1569 count=16384 submitted=25706496 read_us=264 tx_us=10780 ack_sample=0
t=18201049 read event=1570 count=16384 submitted=25722880 read_us=778 tx_us=10851 ack_sample=0
t=18212149 read event=1571 count=16384 submitted=25739264 read_us=271 tx_us=10789 ack_sample=0
t=18223218 read event=1572 count=16384 submitted=25755648 read_us=263 tx_us=10774 ack_sample=0
t=18234409 read event=1573 count=16384 submitted=25772032 read_us=273 tx_us=10778 ack_sample=0
t=18246444 read event=1574 count=16384 submitted=25788416 read_us=258 tx_us=11742 ack_sample=0
t=18258134 read event=1575 count=16384 submitted=25804800 read_us=404 tx_us=11216 ack_sample=0
t=18269268 read event=1576 count=16384 submitted=25821184 read_us=297 tx_us=10786 ack_sample=0
t=18280451 read event=1577 count=16384 submitted=25837568 read_us=278 tx_us=10776 ack_sample=0
t=18292142 read event=1578 count=16384 submitted=25853952 read_us=800 tx_us=10856 ack_sample=0
t=18303241 read event=1579 count=16384 submitted=25870336 read_us=277 tx_us=10783 ack_sample=0
t=18314323 read event=1580 count=16384 submitted=25886720 read_us=268 tx_us=10782 ack_sample=0
t=18325511 read event=1581 count=16384 submitted=25903104 read_us=269 tx_us=10779 ack_sample=0
t=18336593 read event=1582 count=16384 submitted=25919488 read_us=274 tx_us=10774 ack_sample=0
t=18347690 read event=1583 count=16384 submitted=25935872 read_us=276 tx_us=10791 ack_sample=0
t=18358769 read event=1584 count=16384 submitted=25952256 read_us=270 tx_us=10777 ack_sample=0
t=18369910 read event=1585 count=16384 submitted=25968640 read_us=266 tx_us=10776 ack_sample=0
t=18381550 read event=1586 count=16384 submitted=25985024 read_us=758 tx_us=10849 ack_sample=0
t=18392648 read event=1587 count=16384 submitted=26001408 read_us=288 tx_us=10772 ack_sample=0
t=18403730 read event=1588 count=16384 submitted=26017792 read_us=281 tx_us=10770 ack_sample=0
t=18414924 read event=1589 count=16384 submitted=26034176 read_us=270 tx_us=10775 ack_sample=0
t=18425995 read event=1590 count=16384 submitted=26050560 read_us=257 tx_us=10781 ack_sample=0
t=18437063 read event=1591 count=16384 submitted=26066944 read_us=256 tx_us=10774 ack_sample=0
t=18448195 read event=1592 count=16384 submitted=26083328 read_us=258 tx_us=10846 ack_sample=0
t=18459351 read event=1593 count=16384 submitted=26099712 read_us=271 tx_us=10782 ack_sample=0
t=18471004 read event=1594 count=16384 submitted=26116096 read_us=767 tx_us=10853 ack_sample=0
t=18482098 read event=1595 count=16384 submitted=26132480 read_us=273 tx_us=10784 ack_sample=0
t=18493164 read event=1596 count=16384 submitted=26148864 read_us=262 tx_us=10773 ack_sample=0
t=18504357 read event=1597 count=16384 submitted=26165248 read_us=275 tx_us=10780 ack_sample=0
t=18515423 read event=1598 count=16384 submitted=26181632 read_us=258 tx_us=10775 ack_sample=0
t=18526480 read event=1599 count=16384 submitted=26198016 read_us=254 tx_us=10774 ack_sample=0
t=18537960 read event=1600 count=16384 submitted=26214400 read_us=277 tx_us=11173 ack_sample=1
t=18537984 profile_ack event=1600 words=8192 high_reads=16349 low_reads=16335 high_wait_words=8157 low_wait_words=8143 high_max_reads=2 low_max_reads=2 uninitialized=0
t=18549146 read event=1601 count=16384 submitted=26230784 read_us=266 tx_us=10801 ack_sample=0
t=18560788 read event=1602 count=16384 submitted=26247168 read_us=770 tx_us=10839 ack_sample=0
t=18571896 read event=1603 count=16384 submitted=26263552 read_us=268 tx_us=10787 ack_sample=0
t=18582973 read event=1604 count=16384 submitted=26279936 read_us=264 tx_us=10781 ack_sample=0
t=18594156 read event=1605 count=16384 submitted=26296320 read_us=271 tx_us=10772 ack_sample=0
t=18605220 read event=1606 count=16384 submitted=26312704 read_us=259 tx_us=10771 ack_sample=0
t=18616278 read event=1607 count=16384 submitted=26329088 read_us=256 tx_us=10772 ack_sample=0
t=18627345 read event=1608 count=16384 submitted=26345472 read_us=261 tx_us=10777 ack_sample=0
t=18638493 read event=1609 count=16384 submitted=26361856 read_us=266 tx_us=10772 ack_sample=0
t=18650166 read event=1610 count=16384 submitted=26378240 read_us=769 tx_us=10873 ack_sample=0
t=18661305 read event=1611 count=16384 submitted=26394624 read_us=271 tx_us=10830 ack_sample=0
t=18672379 read event=1612 count=16384 submitted=26411008 read_us=264 tx_us=10776 ack_sample=0
t=18683585 read event=1613 count=16384 submitted=26427392 read_us=285 tx_us=10775 ack_sample=0
t=18694661 read event=1614 count=16384 submitted=26443776 read_us=281 tx_us=10763 ack_sample=0
t=18705734 read event=1615 count=16384 submitted=26460160 read_us=271 tx_us=10772 ack_sample=0
t=18716846 read event=1616 count=16384 submitted=26476544 read_us=280 tx_us=10781 ack_sample=0
t=18728008 read event=1617 count=16384 submitted=26492928 read_us=272 tx_us=10779 ack_sample=0
t=18739668 read event=1618 count=16384 submitted=26509312 read_us=784 tx_us=10844 ack_sample=0
t=18750791 read event=1619 count=16384 submitted=26525696 read_us=298 tx_us=10784 ack_sample=0
t=18761932 read event=1620 count=16384 submitted=26542080 read_us=309 tx_us=10789 ack_sample=0
t=18773142 read event=1621 count=16384 submitted=26558464 read_us=280 tx_us=10783 ack_sample=0
t=18784215 read event=1622 count=16384 submitted=26574848 read_us=264 tx_us=10775 ack_sample=0
t=18795278 read event=1623 count=16384 submitted=26591232 read_us=258 tx_us=10775 ack_sample=0
t=18806349 read event=1624 count=16384 submitted=26607616 read_us=263 tx_us=10779 ack_sample=0
t=18817498 read event=1625 count=16384 submitted=26624000 read_us=266 tx_us=10777 ack_sample=0
t=18829161 read event=1626 count=16384 submitted=26640384 read_us=779 tx_us=10851 ack_sample=0
t=18840270 read event=1627 count=16384 submitted=26656768 read_us=275 tx_us=10795 ack_sample=0
t=18851344 read event=1628 count=16384 submitted=26673152 read_us=261 tx_us=10779 ack_sample=0
t=18862535 read event=1629 count=16384 submitted=26689536 read_us=283 tx_us=10770 ack_sample=0
t=18873703 read event=1630 count=16384 submitted=26705920 read_us=298 tx_us=10829 ack_sample=0
t=18884819 read event=1631 count=16384 submitted=26722304 read_us=278 tx_us=10804 ack_sample=0
t=18895901 read event=1632 count=16384 submitted=26738688 read_us=268 tx_us=10781 ack_sample=0
t=18907059 read event=1633 count=16384 submitted=26755072 read_us=271 tx_us=10778 ack_sample=0
t=18918721 read event=1634 count=16384 submitted=26771456 read_us=779 tx_us=10850 ack_sample=0
t=18929826 read event=1635 count=16384 submitted=26787840 read_us=275 tx_us=10783 ack_sample=0
t=18940918 read event=1636 count=16384 submitted=26804224 read_us=261 tx_us=10798 ack_sample=0
t=18952118 read event=1637 count=16384 submitted=26820608 read_us=274 tx_us=10778 ack_sample=0
t=18963195 read event=1638 count=16384 submitted=26836992 read_us=259 tx_us=10784 ack_sample=0
t=18974261 read event=1639 count=16384 submitted=26853376 read_us=261 tx_us=10774 ack_sample=0
t=18985325 read event=1640 count=16384 submitted=26869760 read_us=260 tx_us=10774 ack_sample=0
t=18996464 read event=1641 count=16384 submitted=26886144 read_us=264 tx_us=10778 ack_sample=0
t=19008123 read event=1642 count=16384 submitted=26902528 read_us=778 tx_us=10848 ack_sample=0
t=19019212 read event=1643 count=16384 submitted=26918912 read_us=273 tx_us=10778 ack_sample=0
t=19030280 read event=1644 count=16384 submitted=26935296 read_us=264 tx_us=10772 ack_sample=0
t=19030306 profile_poll polls=896 elapsed_us=44889 interval_us=44357 chunks=4
t=19041509 read event=1645 count=16384 submitted=26951680 read_us=272 tx_us=10795 ack_sample=0
t=19052584 read event=1646 count=16384 submitted=26968064 read_us=278 tx_us=10763 ack_sample=0
t=19063659 read event=1647 count=16384 submitted=26984448 read_us=273 tx_us=10772 ack_sample=0
t=19074795 read event=1648 count=16384 submitted=27000832 read_us=269 tx_us=10837 ack_sample=0
t=19085962 read event=1649 count=16384 submitted=27017216 read_us=273 tx_us=10782 ack_sample=0
t=19097605 read event=1650 count=16384 submitted=27033600 read_us=771 tx_us=10836 ack_sample=0
t=19108707 read event=1651 count=16384 submitted=27049984 read_us=293 tx_us=10770 ack_sample=0
t=19119787 read event=1652 count=16384 submitted=27066368 read_us=274 tx_us=10774 ack_sample=0
t=19130973 read event=1653 count=16384 submitted=27082752 read_us=272 tx_us=10777 ack_sample=0
t=19142121 read event=1654 count=16384 submitted=27099136 read_us=258 tx_us=10856 ack_sample=0
t=19153196 read event=1655 count=16384 submitted=27115520 read_us=264 tx_us=10778 ack_sample=0
t=19164265 read event=1656 count=16384 submitted=27131904 read_us=259 tx_us=10777 ack_sample=0
t=19175425 read event=1657 count=16384 submitted=27148288 read_us=266 tx_us=10780 ack_sample=0
t=19187074 read event=1658 count=16384 submitted=27164672 read_us=769 tx_us=10846 ack_sample=0
t=19198171 read event=1659 count=16384 submitted=27181056 read_us=277 tx_us=10783 ack_sample=0
t=19209243 read event=1660 count=16384 submitted=27197440 read_us=261 tx_us=10778 ack_sample=0
t=19220438 read event=1661 count=16384 submitted=27213824 read_us=272 tx_us=10778 ack_sample=0
t=19231507 read event=1662 count=16384 submitted=27230208 read_us=257 tx_us=10778 ack_sample=0
t=19242582 read event=1663 count=16384 submitted=27246592 read_us=272 tx_us=10775 ack_sample=0
t=19254063 read event=1664 count=16384 submitted=27262976 read_us=275 tx_us=11175 ack_sample=1
t=19254087 profile_ack event=1664 words=8192 high_reads=16343 low_reads=16351 high_wait_words=8151 low_wait_words=8159 high_max_reads=2 low_max_reads=2 uninitialized=0
t=19265217 read event=1665 count=16384 submitted=27279360 read_us=263 tx_us=10779 ack_sample=0
t=19276876 read event=1666 count=16384 submitted=27295744 read_us=772 tx_us=10855 ack_sample=0
t=19288023 read event=1667 count=16384 submitted=27312128 read_us=274 tx_us=10834 ack_sample=0
t=19299096 read event=1668 count=16384 submitted=27328512 read_us=264 tx_us=10774 ack_sample=0
t=19310287 read event=1669 count=16384 submitted=27344896 read_us=272 tx_us=10778 ack_sample=0
t=19321357 read event=1670 count=16384 submitted=27361280 read_us=257 tx_us=10780 ack_sample=0
t=19332421 read event=1671 count=16384 submitted=27377664 read_us=260 tx_us=10773 ack_sample=0
t=19343495 read event=1672 count=16384 submitted=27394048 read_us=258 tx_us=10785 ack_sample=0
t=19354649 read event=1673 count=16384 submitted=27410432 read_us=283 tx_us=10767 ack_sample=0
t=19366314 read event=1674 count=16384 submitted=27426816 read_us=775 tx_us=10858 ack_sample=0
t=19377406 read event=1675 count=16384 submitted=27443200 read_us=277 tx_us=10778 ack_sample=0
t=19388477 read event=1676 count=16384 submitted=27459584 read_us=261 tx_us=10778 ack_sample=0
t=19399717 read event=1677 count=16384 submitted=27475968 read_us=290 tx_us=10809 ack_sample=0
t=19410790 read event=1678 count=16384 submitted=27492352 read_us=254 tx_us=10774 ack_sample=0
t=19421858 read event=1679 count=16384 submitted=27508736 read_us=258 tx_us=10781 ack_sample=0
t=19432921 read event=1680 count=16384 submitted=27525120 read_us=254 tx_us=10779 ack_sample=0
t=19444071 read event=1681 count=16384 submitted=27541504 read_us=262 tx_us=10788 ack_sample=0
t=19455732 read event=1682 count=16384 submitted=27557888 read_us=776 tx_us=10852 ack_sample=0
t=19466831 read event=1683 count=16384 submitted=27574272 read_us=271 tx_us=10776 ack_sample=0
t=19477901 read event=1684 count=16384 submitted=27590656 read_us=264 tx_us=10775 ack_sample=0
t=19489145 read event=1685 count=16384 submitted=27607040 read_us=269 tx_us=10828 ack_sample=0
t=19500212 read event=1686 count=16384 submitted=27623424 read_us=259 tx_us=10773 ack_sample=0
t=19511287 read event=1687 count=16384 submitted=27639808 read_us=259 tx_us=10772 ack_sample=0
t=19522346 read event=1688 count=16384 submitted=27656192 read_us=259 tx_us=10768 ack_sample=0
t=19533495 read event=1689 count=16384 submitted=27672576 read_us=268 tx_us=10782 ack_sample=0
t=19545169 read event=1690 count=16384 submitted=27688960 read_us=776 tx_us=10865 ack_sample=0
t=19556258 read event=1691 count=16384 submitted=27705344 read_us=273 tx_us=10778 ack_sample=0
t=19567335 read event=1692 count=16384 submitted=27721728 read_us=263 tx_us=10782 ack_sample=0
t=19578525 read event=1693 count=16384 submitted=27738112 read_us=287 tx_us=10766 ack_sample=0
t=19589609 read event=1694 count=16384 submitted=27754496 read_us=276 tx_us=10773 ack_sample=0
t=19600693 read event=1695 count=16384 submitted=27770880 read_us=287 tx_us=10768 ack_sample=0
t=19611769 read event=1696 count=16384 submitted=27787264 read_us=269 tx_us=10776 ack_sample=0
t=19622923 read event=1697 count=16384 submitted=27803648 read_us=267 tx_us=10781 ack_sample=0
t=19634560 read event=1698 count=16384 submitted=27820032 read_us=761 tx_us=10842 ack_sample=0
t=19645675 read event=1699 count=16384 submitted=27836416 read_us=290 tx_us=10786 ack_sample=0
t=19656764 read event=1700 count=16384 submitted=27852800 read_us=277 tx_us=10779 ack_sample=0
t=19667951 read event=1701 count=16384 submitted=27869184 read_us=271 tx_us=10777 ack_sample=0
t=19679021 read event=1702 count=16384 submitted=27885568 read_us=259 tx_us=10775 ack_sample=0
t=19690086 read event=1703 count=16384 submitted=27901952 read_us=260 tx_us=10778 ack_sample=0
t=19701208 read event=1704 count=16384 submitted=27918336 read_us=257 tx_us=10836 ack_sample=0
t=19712395 read event=1705 count=16384 submitted=27934720 read_us=283 tx_us=10781 ack_sample=0
t=19724071 read event=1706 count=16384 submitted=27951104 read_us=784 tx_us=10857 ack_sample=0
t=19735166 read event=1707 count=16384 submitted=27967488 read_us=273 tx_us=10782 ack_sample=0
t=19746252 read event=1708 count=16384 submitted=27983872 read_us=262 tx_us=10791 ack_sample=0
t=19757449 read event=1709 count=16384 submitted=28000256 read_us=269 tx_us=10783 ack_sample=0
t=19768516 read event=1710 count=16384 submitted=28016640 read_us=274 tx_us=10760 ack_sample=0
t=19779591 read event=1711 count=16384 submitted=28033024 read_us=276 tx_us=10769 ack_sample=0
t=19790666 read event=1712 count=16384 submitted=28049408 read_us=277 tx_us=10766 ack_sample=0
t=19801823 read event=1713 count=16384 submitted=28065792 read_us=262 tx_us=10783 ack_sample=0
t=19813449 read event=1714 count=16384 submitted=28082176 read_us=753 tx_us=10841 ack_sample=0
t=19824538 read event=1715 count=16384 submitted=28098560 read_us=286 tx_us=10765 ack_sample=0
t=19835615 read event=1716 count=16384 submitted=28114944 read_us=278 tx_us=10765 ack_sample=0
t=19846827 read event=1717 count=16384 submitted=28131328 read_us=268 tx_us=10792 ack_sample=0
t=19857897 read event=1718 count=16384 submitted=28147712 read_us=258 tx_us=10778 ack_sample=0
t=19868960 read event=1719 count=16384 submitted=28164096 read_us=256 tx_us=10778 ack_sample=0
t=19880027 read event=1720 count=16384 submitted=28180480 read_us=259 tx_us=10778 ack_sample=0
t=19891173 read event=1721 count=16384 submitted=28196864 read_us=265 tx_us=10778 ack_sample=0
t=19902833 read event=1722 count=16384 submitted=28213248 read_us=776 tx_us=10852 ack_sample=0
t=19913994 read event=1723 count=16384 submitted=28229632 read_us=278 tx_us=10845 ack_sample=0
t=19925073 read event=1724 count=16384 submitted=28246016 read_us=264 tx_us=10778 ack_sample=0
t=19936262 read event=1725 count=16384 submitted=28262400 read_us=271 tx_us=10781 ack_sample=0
t=19947338 read event=1726 count=16384 submitted=28278784 read_us=256 tx_us=10788 ack_sample=0
t=19958400 read event=1727 count=16384 submitted=28295168 read_us=259 tx_us=10773 ack_sample=0
t=19969869 read event=1728 count=16384 submitted=28311552 read_us=260 tx_us=11179 ack_sample=1
t=19969894 profile_ack event=1728 words=8192 high_reads=16331 low_reads=16339 high_wait_words=8139 low_wait_words=8147 high_max_reads=2 low_max_reads=2 uninitialized=0
t=19981042 read event=1729 count=16384 submitted=28327936 read_us=267 tx_us=10778 ack_sample=0
t=19992689 read event=1730 count=16384 submitted=28344320 read_us=772 tx_us=10839 ack_sample=0
t=20003799 read event=1731 count=16384 submitted=28360704 read_us=287 tx_us=10784 ack_sample=0
t=20014875 read event=1732 count=16384 submitted=28377088 read_us=265 tx_us=10779 ack_sample=0
t=20026061 read event=1733 count=16384 submitted=28393472 read_us=269 tx_us=10773 ack_sample=0
t=20037129 read event=1734 count=16384 submitted=28409856 read_us=257 tx_us=10776 ack_sample=0
t=20048211 read event=1735 count=16384 submitted=28426240 read_us=262 tx_us=10791 ack_sample=0
t=20059277 read event=1736 count=16384 submitted=28442624 read_us=257 tx_us=10779 ack_sample=0
t=20070406 read event=1737 count=16384 submitted=28459008 read_us=263 tx_us=10771 ack_sample=0
t=20082061 read event=1738 count=16384 submitted=28475392 read_us=773 tx_us=10850 ack_sample=0
t=20093148 read event=1739 count=16384 submitted=28491776 read_us=272 tx_us=10779 ack_sample=0
t=20104227 read event=1740 count=16384 submitted=28508160 read_us=268 tx_us=10780 ack_sample=0
t=20115466 read event=1741 count=16384 submitted=28524544 read_us=267 tx_us=10834 ack_sample=0
t=20126544 read event=1742 count=16384 submitted=28540928 read_us=280 tx_us=10763 ack_sample=0
t=20137620 read event=1743 count=16384 submitted=28557312 read_us=274 tx_us=10771 ack_sample=0
t=20148700 read event=1744 count=16384 submitted=28573696 read_us=271 tx_us=10780 ack_sample=0
t=20159856 read event=1745 count=16384 submitted=28590080 read_us=263 tx_us=10774 ack_sample=0
t=20171579 read event=1746 count=16384 submitted=28606464 read_us=766 tx_us=10923 ack_sample=0
t=20182678 read event=1747 count=16384 submitted=28622848 read_us=294 tx_us=10766 ack_sample=0
t=20193771 read event=1748 count=16384 submitted=28639232 read_us=277 tx_us=10782 ack_sample=0
t=20204955 read event=1749 count=16384 submitted=28655616 read_us=269 tx_us=10777 ack_sample=0
t=20216023 read event=1750 count=16384 submitted=28672000 read_us=261 tx_us=10775 ack_sample=0
t=20227091 read event=1751 count=16384 submitted=28688384 read_us=258 tx_us=10780 ack_sample=0
t=20238156 read event=1752 count=16384 submitted=28704768 read_us=258 tx_us=10778 ack_sample=0
t=20249317 read event=1753 count=16384 submitted=28721152 read_us=261 tx_us=10790 ack_sample=0
t=20260977 read event=1754 count=16384 submitted=28737536 read_us=769 tx_us=10859 ack_sample=0
t=20272077 read event=1755 count=16384 submitted=28753920 read_us=274 tx_us=10788 ack_sample=0
t=20283145 read event=1756 count=16384 submitted=28770304 read_us=260 tx_us=10774 ack_sample=0
t=20294338 read event=1757 count=16384 submitted=28786688 read_us=269 tx_us=10782 ack_sample=0
t=20305407 read event=1758 count=16384 submitted=28803072 read_us=264 tx_us=10771 ack_sample=0
t=20316475 read event=1759 count=16384 submitted=28819456 read_us=261 tx_us=10777 ack_sample=0
t=20327609 read event=1760 count=16384 submitted=28835840 read_us=277 tx_us=10826 ack_sample=0
t=20338765 read event=1761 count=16384 submitted=28852224 read_us=280 tx_us=10777 ack_sample=0
t=20350408 read event=1762 count=16384 submitted=28868608 read_us=751 tx_us=10859 ack_sample=0
t=20361499 read event=1763 count=16384 submitted=28884992 read_us=271 tx_us=10784 ack_sample=0
t=20372580 read event=1764 count=16384 submitted=28901376 read_us=276 tx_us=10771 ack_sample=0
t=20383775 read event=1765 count=16384 submitted=28917760 read_us=282 tx_us=10778 ack_sample=0
t=20394839 read event=1766 count=16384 submitted=28934144 read_us=254 tx_us=10776 ack_sample=0
t=20405908 read event=1767 count=16384 submitted=28950528 read_us=257 tx_us=10782 ack_sample=0
t=20416972 read event=1768 count=16384 submitted=28966912 read_us=255 tx_us=10778 ack_sample=0
t=20428111 read event=1769 count=16384 submitted=28983296 read_us=260 tx_us=10779 ack_sample=0
t=20439768 read event=1770 count=16384 submitted=28999680 read_us=771 tx_us=10853 ack_sample=0
t=20450874 read event=1771 count=16384 submitted=29016064 read_us=275 tx_us=10778 ack_sample=0
t=20461946 read event=1772 count=16384 submitted=29032448 read_us=267 tx_us=10772 ack_sample=0
t=20473135 read event=1773 count=16384 submitted=29048832 read_us=269 tx_us=10783 ack_sample=0
t=20484214 read event=1774 count=16384 submitted=29065216 read_us=262 tx_us=10782 ack_sample=0
t=20495279 read event=1775 count=16384 submitted=29081600 read_us=261 tx_us=10775 ack_sample=0
t=20506341 read event=1776 count=16384 submitted=29097984 read_us=257 tx_us=10773 ack_sample=0
t=20517479 read event=1777 count=16384 submitted=29114368 read_us=262 tx_us=10778 ack_sample=0
t=20529183 read event=1778 count=16384 submitted=29130752 read_us=773 tx_us=10899 ack_sample=0
t=20540287 read event=1779 count=16384 submitted=29147136 read_us=275 tx_us=10789 ack_sample=0
t=20551366 read event=1780 count=16384 submitted=29163520 read_us=264 tx_us=10782 ack_sample=0
t=20562569 read event=1781 count=16384 submitted=29179904 read_us=287 tx_us=10769 ack_sample=0
t=20573649 read event=1782 count=16384 submitted=29196288 read_us=276 tx_us=10770 ack_sample=0
t=20584721 read event=1783 count=16384 submitted=29212672 read_us=273 tx_us=10769 ack_sample=0
t=20595794 read event=1784 count=16384 submitted=29229056 read_us=257 tx_us=10777 ack_sample=0
t=20606926 read event=1785 count=16384 submitted=29245440 read_us=261 tx_us=10774 ack_sample=0
t=20618567 read event=1786 count=16384 submitted=29261824 read_us=762 tx_us=10847 ack_sample=0
t=20629669 read event=1787 count=16384 submitted=29278208 read_us=291 tx_us=10773 ack_sample=0
t=20640762 read event=1788 count=16384 submitted=29294592 read_us=275 tx_us=10785 ack_sample=0
t=20651947 read event=1789 count=16384 submitted=29310976 read_us=268 tx_us=10781 ack_sample=0
t=20663023 read event=1790 count=16384 submitted=29327360 read_us=264 tx_us=10777 ack_sample=0
t=20674086 read event=1791 count=16384 submitted=29343744 read_us=256 tx_us=10775 ack_sample=0
t=20685548 read event=1792 count=16384 submitted=29360128 read_us=256 tx_us=11175 ack_sample=1
t=20685571 profile_ack event=1792 words=8192 high_reads=16345 low_reads=16344 high_wait_words=8153 low_wait_words=8152 high_max_reads=2 low_max_reads=2 uninitialized=0
t=20696705 read event=1793 count=16384 submitted=29376512 read_us=276 tx_us=10762 ack_sample=0
t=20708392 read event=1794 count=16384 submitted=29392896 read_us=791 tx_us=10862 ack_sample=0
t=20719504 read event=1795 count=16384 submitted=29409280 read_us=282 tx_us=10785 ack_sample=0
t=20730589 read event=1796 count=16384 submitted=29425664 read_us=281 tx_us=10771 ack_sample=0
t=20741855 read event=1797 count=16384 submitted=29442048 read_us=280 tx_us=10843 ack_sample=0
t=20752944 read event=1798 count=16384 submitted=29458432 read_us=265 tx_us=10786 ack_sample=0
t=20764046 read event=1799 count=16384 submitted=29474816 read_us=283 tx_us=10779 ack_sample=0
t=20775119 read event=1800 count=16384 submitted=29491200 read_us=264 tx_us=10773 ack_sample=0
t=20786289 read event=1801 count=16384 submitted=29507584 read_us=270 tx_us=10779 ack_sample=0
t=20797960 read event=1802 count=16384 submitted=29523968 read_us=794 tx_us=10842 ack_sample=0
t=20809047 read event=1803 count=16384 submitted=29540352 read_us=272 tx_us=10778 ack_sample=0
t=20820117 read event=1804 count=16384 submitted=29556736 read_us=262 tx_us=10775 ack_sample=0
t=20831313 read event=1805 count=16384 submitted=29573120 read_us=270 tx_us=10781 ack_sample=0
t=20842398 read event=1806 count=16384 submitted=29589504 read_us=264 tx_us=10789 ack_sample=0
t=20853467 read event=1807 count=16384 submitted=29605888 read_us=259 tx_us=10780 ack_sample=0
t=20864543 read event=1808 count=16384 submitted=29622272 read_us=272 tx_us=10774 ack_sample=0
t=20875775 read event=1809 count=16384 submitted=29638656 read_us=341 tx_us=10774 ack_sample=0
t=20887440 read event=1810 count=16384 submitted=29655040 read_us=768 tx_us=10862 ack_sample=0
t=20898543 read event=1811 count=16384 submitted=29671424 read_us=291 tx_us=10774 ack_sample=0
t=20909631 read event=1812 count=16384 submitted=29687808 read_us=280 tx_us=10774 ack_sample=0
t=20920839 read event=1813 count=16384 submitted=29704192 read_us=268 tx_us=10772 ack_sample=0
t=20931914 read event=1814 count=16384 submitted=29720576 read_us=260 tx_us=10779 ack_sample=0
t=20942986 read event=1815 count=16384 submitted=29736960 read_us=259 tx_us=10783 ack_sample=0
t=20954103 read event=1816 count=16384 submitted=29753344 read_us=256 tx_us=10829 ack_sample=0
t=20965254 read event=1817 count=16384 submitted=29769728 read_us=264 tx_us=10778 ack_sample=0
t=20976918 read event=1818 count=16384 submitted=29786112 read_us=782 tx_us=10851 ack_sample=0
t=20988016 read event=1819 count=16384 submitted=29802496 read_us=279 tx_us=10780 ack_sample=0
t=20999085 read event=1820 count=16384 submitted=29818880 read_us=262 tx_us=10774 ack_sample=0
t=21010268 read event=1821 count=16384 submitted=29835264 read_us=269 tx_us=10778 ack_sample=0
t=21021343 read event=1822 count=16384 submitted=29851648 read_us=262 tx_us=10779 ack_sample=0
t=21032407 read event=1823 count=16384 submitted=29868032 read_us=255 tx_us=10778 ack_sample=0
t=21043483 read event=1824 count=16384 submitted=29884416 read_us=252 tx_us=10793 ack_sample=0
t=21054629 read event=1825 count=16384 submitted=29900800 read_us=279 tx_us=10770 ack_sample=0
t=21066289 read event=1826 count=16384 submitted=29917184 read_us=777 tx_us=10852 ack_sample=0
t=21077382 read event=1827 count=16384 submitted=29933568 read_us=274 tx_us=10781 ack_sample=0
t=21088455 read event=1828 count=16384 submitted=29949952 read_us=265 tx_us=10776 ack_sample=0
t=21099658 read event=1829 count=16384 submitted=29966336 read_us=285 tx_us=10775 ack_sample=0
t=21110745 read event=1830 count=16384 submitted=29982720 read_us=275 tx_us=10779 ack_sample=0
t=21121815 read event=1831 count=16384 submitted=29999104 read_us=257 tx_us=10782 ack_sample=0
t=21132888 read event=1832 count=16384 submitted=30015488 read_us=263 tx_us=10778 ack_sample=0
t=21144087 read event=1833 count=16384 submitted=30031872 read_us=272 tx_us=10818 ack_sample=0
t=21155818 read event=1834 count=16384 submitted=30048256 read_us=795 tx_us=10900 ack_sample=0
t=21166914 read event=1835 count=16384 submitted=30064640 read_us=275 tx_us=10779 ack_sample=0
t=21177983 read event=1836 count=16384 submitted=30081024 read_us=264 tx_us=10774 ack_sample=0
t=21189442 read event=1837 count=16384 submitted=30097408 read_us=280 tx_us=10894 ack_sample=0
t=21200542 read event=1838 count=16384 submitted=30113792 read_us=288 tx_us=10771 ack_sample=0
t=21211622 read event=1839 count=16384 submitted=30130176 read_us=275 tx_us=10772 ack_sample=0
t=21222698 read event=1840 count=16384 submitted=30146560 read_us=276 tx_us=10770 ack_sample=0
t=21233863 read event=1841 count=16384 submitted=30162944 read_us=261 tx_us=10782 ack_sample=0
t=21245519 read event=1842 count=16384 submitted=30179328 read_us=758 tx_us=10863 ack_sample=0
t=21256620 read event=1843 count=16384 submitted=30195712 read_us=292 tx_us=10768 ack_sample=0
t=21267702 read event=1844 count=16384 submitted=30212096 read_us=280 tx_us=10771 ack_sample=0
t=21278891 read event=1845 count=16384 submitted=30228480 read_us=266 tx_us=10776 ack_sample=0
t=21289955 read event=1846 count=16384 submitted=30244864 read_us=262 tx_us=10768 ack_sample=0
t=21301023 read event=1847 count=16384 submitted=30261248 read_us=256 tx_us=10780 ack_sample=0
t=21312085 read event=1848 count=16384 submitted=30277632 read_us=258 tx_us=10774 ack_sample=0
t=21323240 read event=1849 count=16384 submitted=30294016 read_us=264 tx_us=10783 ack_sample=0
t=21334902 read event=1850 count=16384 submitted=30310400 read_us=778 tx_us=10849 ack_sample=0
t=21346012 read event=1851 count=16384 submitted=30326784 read_us=274 tx_us=10796 ack_sample=0
t=21357085 read event=1852 count=16384 submitted=30343168 read_us=264 tx_us=10777 ack_sample=0
t=21368336 read event=1853 count=16384 submitted=30359552 read_us=271 tx_us=10832 ack_sample=0
t=21379406 read event=1854 count=16384 submitted=30375936 read_us=262 tx_us=10774 ack_sample=0
t=21390474 read event=1855 count=16384 submitted=30392320 read_us=261 tx_us=10776 ack_sample=0
t=21401969 read event=1856 count=16384 submitted=30408704 read_us=278 tx_us=11173 ack_sample=1
t=21401994 profile_ack event=1856 words=8192 high_reads=16350 low_reads=16343 high_wait_words=8158 low_wait_words=8151 high_max_reads=2 low_max_reads=2 uninitialized=0
t=21413123 read event=1857 count=16384 submitted=30425088 read_us=263 tx_us=10776 ack_sample=0
t=21425647 read event=1858 count=16384 submitted=30441472 read_us=790 tx_us=11700 ack_sample=0
t=21442676 read event=1859 count=16384 submitted=30457856 read_us=294 tx_us=16695 ack_sample=0
t=21454837 read event=1860 count=16384 submitted=30474240 read_us=279 tx_us=11850 ack_sample=0
t=21471510 read event=1861 count=16384 submitted=30490624 read_us=268 tx_us=16266 ack_sample=0
t=21484697 read event=1862 count=16384 submitted=30507008 read_us=286 tx_us=12867 ack_sample=0
t=21497433 read event=1863 count=16384 submitted=30523392 read_us=269 tx_us=12434 ack_sample=0
t=21513630 read event=1864 count=16384 submitted=30539776 read_us=258 tx_us=15909 ack_sample=0
t=21524791 read event=1865 count=16384 submitted=30556160 read_us=275 tx_us=10780 ack_sample=0
t=21539415 read event=1866 count=16384 submitted=30572544 read_us=774 tx_us=13815 ack_sample=0
t=21552380 read event=1867 count=16384 submitted=30588928 read_us=275 tx_us=12651 ack_sample=0
t=21563444 read event=1868 count=16384 submitted=30605312 read_us=261 tx_us=10771 ack_sample=0
t=21574687 read event=1869 count=16384 submitted=30621696 read_us=284 tx_us=10822 ack_sample=0
t=21585776 read event=1870 count=16384 submitted=30638080 read_us=280 tx_us=10773 ack_sample=0
t=21596842 read event=1871 count=16384 submitted=30654464 read_us=258 tx_us=10778 ack_sample=0
t=21607903 read event=1872 count=16384 submitted=30670848 read_us=255 tx_us=10779 ack_sample=0
t=21619041 read event=1873 count=16384 submitted=30687232 read_us=260 tx_us=10776 ack_sample=0
t=21630688 read event=1874 count=16384 submitted=30703616 read_us=778 tx_us=10837 ack_sample=0
t=21641803 read event=1875 count=16384 submitted=30720000 read_us=282 tx_us=10796 ack_sample=0
t=21652867 read event=1876 count=16384 submitted=30736384 read_us=260 tx_us=10770 ack_sample=0
t=21664053 read event=1877 count=16384 submitted=30752768 read_us=266 tx_us=10775 ack_sample=0
t=21675127 read event=1878 count=16384 submitted=30769152 read_us=263 tx_us=10779 ack_sample=0
t=21686192 read event=1879 count=16384 submitted=30785536 read_us=261 tx_us=10774 ack_sample=0
t=21697250 read event=1880 count=16384 submitted=30801920 read_us=254 tx_us=10775 ack_sample=0
t=21708391 read event=1881 count=16384 submitted=30818304 read_us=262 tx_us=10781 ack_sample=0
t=21720068 read event=1882 count=16384 submitted=30834688 read_us=799 tx_us=10840 ack_sample=0
t=21731161 read event=1883 count=16384 submitted=30851072 read_us=276 tx_us=10778 ack_sample=0
t=21742251 read event=1884 count=16384 submitted=30867456 read_us=262 tx_us=10794 ack_sample=0
t=21753437 read event=1885 count=16384 submitted=30883840 read_us=271 tx_us=10774 ack_sample=0
t=21764509 read event=1886 count=16384 submitted=30900224 read_us=263 tx_us=10775 ack_sample=0
t=21775583 read event=1887 count=16384 submitted=30916608 read_us=275 tx_us=10768 ack_sample=0
t=21786698 read event=1888 count=16384 submitted=30932992 read_us=315 tx_us=10771 ack_sample=0
t=21797862 read event=1889 count=16384 submitted=30949376 read_us=267 tx_us=10776 ack_sample=0
t=21809522 read event=1890 count=16384 submitted=30965760 read_us=768 tx_us=10857 ack_sample=0
t=21820630 read event=1891 count=16384 submitted=30982144 read_us=291 tx_us=10779 ack_sample=0
t=21831706 read event=1892 count=16384 submitted=30998528 read_us=278 tx_us=10767 ack_sample=0
t=21842920 read event=1893 count=16384 submitted=31014912 read_us=268 tx_us=10786 ack_sample=0
t=21853994 read event=1894 count=16384 submitted=31031296 read_us=262 tx_us=10776 ack_sample=0
t=21865071 read event=1895 count=16384 submitted=31047680 read_us=268 tx_us=10774 ack_sample=0
t=21876145 read event=1896 count=16384 submitted=31064064 read_us=267 tx_us=10776 ack_sample=0
t=21887310 read event=1897 count=16384 submitted=31080448 read_us=268 tx_us=10779 ack_sample=0
t=21898996 read event=1898 count=16384 submitted=31096832 read_us=807 tx_us=10843 ack_sample=0
t=21910088 read event=1899 count=16384 submitted=31113216 read_us=273 tx_us=10780 ack_sample=0
t=21921159 read event=1900 count=16384 submitted=31129600 read_us=258 tx_us=10782 ack_sample=0
t=21921186 profile_poll polls=960 elapsed_us=44929 interval_us=44398 chunks=4
t=21932358 read event=1901 count=16384 submitted=31145984 read_us=270 tx_us=10771 ack_sample=0
t=21943443 read event=1902 count=16384 submitted=31162368 read_us=266 tx_us=10785 ack_sample=0
t=21954508 read event=1903 count=16384 submitted=31178752 read_us=258 tx_us=10777 ack_sample=0
t=21965583 read event=1904 count=16384 submitted=31195136 read_us=274 tx_us=10773 ack_sample=0
t=21976733 read event=1905 count=16384 submitted=31211520 read_us=279 tx_us=10773 ack_sample=0
t=21988444 read event=1906 count=16384 submitted=31227904 read_us=760 tx_us=10910 ack_sample=0
t=21999544 read event=1907 count=16384 submitted=31244288 read_us=291 tx_us=10769 ack_sample=0
t=22010620 read event=1908 count=16384 submitted=31260672 read_us=279 tx_us=10765 ack_sample=0
t=22021821 read event=1909 count=16384 submitted=31277056 read_us=266 tx_us=10783 ack_sample=0
t=22032892 read event=1910 count=16384 submitted=31293440 read_us=260 tx_us=10779 ack_sample=0
t=22043971 read event=1911 count=16384 submitted=31309824 read_us=258 tx_us=10791 ack_sample=0
t=22055042 read event=1912 count=16384 submitted=31326208 read_us=253 tx_us=10788 ack_sample=0
t=22066273 read event=1913 count=16384 submitted=31342592 read_us=285 tx_us=10821 ack_sample=0
t=22077975 read event=1914 count=16384 submitted=31358976 read_us=818 tx_us=10846 ack_sample=0
t=22089077 read event=1915 count=16384 submitted=31375360 read_us=275 tx_us=10786 ack_sample=0
t=22100148 read event=1916 count=16384 submitted=31391744 read_us=264 tx_us=10776 ack_sample=0
t=22111342 read event=1917 count=16384 submitted=31408128 read_us=270 tx_us=10783 ack_sample=0
t=22122416 read event=1918 count=16384 submitted=31424512 read_us=263 tx_us=10777 ack_sample=0
t=22133483 read event=1919 count=16384 submitted=31440896 read_us=258 tx_us=10777 ack_sample=0
t=22144968 read event=1920 count=16384 submitted=31457280 read_us=271 tx_us=11185 ack_sample=1
t=22144994 profile_ack event=1920 words=8192 high_reads=16350 low_reads=16348 high_wait_words=8158 low_wait_words=8156 high_max_reads=2 low_max_reads=2 uninitialized=0
t=22156137 read event=1921 count=16384 submitted=31473664 read_us=271 tx_us=10778 ack_sample=0
t=22167806 read event=1922 count=16384 submitted=31490048 read_us=781 tx_us=10855 ack_sample=0
t=22178892 read event=1923 count=16384 submitted=31506432 read_us=269 tx_us=10777 ack_sample=0
t=22189964 read event=1924 count=16384 submitted=31522816 read_us=260 tx_us=10782 ack_sample=0
t=22201212 read event=1925 count=16384 submitted=31539200 read_us=267 tx_us=10837 ack_sample=0
t=22212358 read event=1926 count=16384 submitted=31555584 read_us=263 tx_us=10849 ack_sample=0
t=22223437 read event=1927 count=16384 submitted=31571968 read_us=263 tx_us=10780 ack_sample=0
t=22234493 read event=1928 count=16384 submitted=31588352 read_us=257 tx_us=10771 ack_sample=0
t=22245654 read event=1929 count=16384 submitted=31604736 read_us=279 tx_us=10778 ack_sample=0
t=22257299 read event=1930 count=16384 submitted=31621120 read_us=763 tx_us=10847 ack_sample=0
t=22268398 read event=1931 count=16384 submitted=31637504 read_us=278 tx_us=10782 ack_sample=0
t=22279465 read event=1932 count=16384 submitted=31653888 read_us=258 tx_us=10780 ack_sample=0
t=22290665 read event=1933 count=16384 submitted=31670272 read_us=293 tx_us=10768 ack_sample=0
t=22301752 read event=1934 count=16384 submitted=31686656 read_us=276 tx_us=10776 ack_sample=0
t=22312812 read event=1935 count=16384 submitted=31703040 read_us=256 tx_us=10775 ack_sample=0
t=22323874 read event=1936 count=16384 submitted=31719424 read_us=256 tx_us=10776 ack_sample=0
t=22335013 read event=1937 count=16384 submitted=31735808 read_us=259 tx_us=10779 ack_sample=0
t=22346683 read event=1938 count=16384 submitted=31752192 read_us=776 tx_us=10847 ack_sample=0
t=22357780 read event=1939 count=16384 submitted=31768576 read_us=283 tx_us=10775 ack_sample=0
t=22368851 read event=1940 count=16384 submitted=31784960 read_us=262 tx_us=10776 ack_sample=0
t=22380048 read event=1941 count=16384 submitted=31801344 read_us=269 tx_us=10776 ack_sample=0
t=22391125 read event=1942 count=16384 submitted=31817728 read_us=265 tx_us=10778 ack_sample=0
t=22402245 read event=1943 count=16384 submitted=31834112 read_us=256 tx_us=10832 ack_sample=0
t=22413314 read event=1944 count=16384 submitted=31850496 read_us=258 tx_us=10779 ack_sample=0
t=22424462 read event=1945 count=16384 submitted=31866880 read_us=264 tx_us=10781 ack_sample=0
t=22436129 read event=1946 count=16384 submitted=31883264 read_us=783 tx_us=10850 ack_sample=0
t=22447227 read event=1947 count=16384 submitted=31899648 read_us=270 tx_us=10791 ack_sample=0
t=22458290 read event=1948 count=16384 submitted=31916032 read_us=256 tx_us=10776 ack_sample=0
t=22469483 read event=1949 count=16384 submitted=31932416 read_us=270 tx_us=10780 ack_sample=0
t=22480569 read event=1950 count=16384 submitted=31948800 read_us=278 tx_us=10774 ack_sample=0
t=22491648 read event=1951 count=16384 submitted=31965184 read_us=280 tx_us=10767 ack_sample=0
t=22502724 read event=1952 count=16384 submitted=31981568 read_us=273 tx_us=10775 ack_sample=0
t=22513882 read event=1953 count=16384 submitted=31997952 read_us=266 tx_us=10785 ack_sample=0
t=22525527 read event=1954 count=16384 submitted=32014336 read_us=756 tx_us=10856 ack_sample=0
t=22536625 read event=1955 count=16384 submitted=32030720 read_us=293 tx_us=10768 ack_sample=0
t=22547711 read event=1956 count=16384 submitted=32047104 read_us=275 tx_us=10777 ack_sample=0
t=22558899 read event=1957 count=16384 submitted=32063488 read_us=270 tx_us=10771 ack_sample=0
t=22569967 read event=1958 count=16384 submitted=32079872 read_us=262 tx_us=10772 ack_sample=0
t=22581031 read event=1959 count=16384 submitted=32096256 read_us=259 tx_us=10777 ack_sample=0
t=22592091 read event=1960 count=16384 submitted=32112640 read_us=256 tx_us=10773 ack_sample=0
t=22603236 read event=1961 count=16384 submitted=32129024 read_us=264 tx_us=10776 ack_sample=0
t=22614944 read event=1962 count=16384 submitted=32145408 read_us=771 tx_us=10903 ack_sample=0
t=22626040 read event=1963 count=16384 submitted=32161792 read_us=275 tx_us=10780 ack_sample=0
t=22637107 read event=1964 count=16384 submitted=32178176 read_us=257 tx_us=10778 ack_sample=0
t=22648305 read event=1965 count=16384 submitted=32194560 read_us=272 tx_us=10788 ack_sample=0
t=22659380 read event=1966 count=16384 submitted=32210944 read_us=260 tx_us=10780 ack_sample=0
t=22670451 read event=1967 count=16384 submitted=32227328 read_us=259 tx_us=10775 ack_sample=0
t=22681512 read event=1968 count=16384 submitted=32243712 read_us=255 tx_us=10777 ack_sample=0
t=22692659 read event=1969 count=16384 submitted=32260096 read_us=284 tx_us=10767 ack_sample=0
t=22704334 read event=1970 count=16384 submitted=32276480 read_us=780 tx_us=10863 ack_sample=0
t=22715453 read event=1971 count=16384 submitted=32292864 read_us=284 tx_us=10791 ack_sample=0
t=22726526 read event=1972 count=16384 submitted=32309248 read_us=276 tx_us=10762 ack_sample=0
t=22737746 read event=1973 count=16384 submitted=32325632 read_us=294 tx_us=10778 ack_sample=0
t=22748830 read event=1974 count=16384 submitted=32342016 read_us=261 tx_us=10790 ack_sample=0
t=22759911 read event=1975 count=16384 submitted=32358400 read_us=258 tx_us=10791 ack_sample=0
t=22771012 read event=1976 count=16384 submitted=32374784 read_us=279 tx_us=10783 ack_sample=0
t=22782163 read event=1977 count=16384 submitted=32391168 read_us=271 tx_us=10770 ack_sample=0
t=22793862 read event=1978 count=16384 submitted=32407552 read_us=812 tx_us=10853 ack_sample=0
t=22804961 read event=1979 count=16384 submitted=32423936 read_us=276 tx_us=10784 ack_sample=0
t=22816025 read event=1980 count=16384 submitted=32440320 read_us=258 tx_us=10772 ack_sample=0
t=22827287 read event=1981 count=16384 submitted=32456704 read_us=274 tx_us=10837 ack_sample=0
t=22838361 read event=1982 count=16384 submitted=32473088 read_us=265 tx_us=10774 ack_sample=0
t=22849477 read event=1983 count=16384 submitted=32489472 read_us=258 tx_us=10827 ack_sample=0
t=22860958 read event=1984 count=16384 submitted=32505856 read_us=272 tx_us=11179 ack_sample=1
t=22860993 profile_ack event=1984 words=8192 high_reads=16341 low_reads=16342 high_wait_words=8149 low_wait_words=8150 high_max_reads=2 low_max_reads=2 uninitialized=0
t=22872163 read event=1985 count=16384 submitted=32522240 read_us=285 tx_us=10781 ack_sample=0
t=22883846 read event=1986 count=16384 submitted=32538624 read_us=796 tx_us=10850 ack_sample=0
t=22894940 read event=1987 count=16384 submitted=32555008 read_us=270 tx_us=10785 ack_sample=0
t=22906002 read event=1988 count=16384 submitted=32571392 read_us=261 tx_us=10770 ack_sample=0
t=22917200 read event=1989 count=16384 submitted=32587776 read_us=268 tx_us=10778 ack_sample=0
t=22928282 read event=1990 count=16384 submitted=32604160 read_us=267 tx_us=10778 ack_sample=0
t=22939353 read event=1991 count=16384 submitted=32620544 read_us=256 tx_us=10785 ack_sample=0
t=22950424 read event=1992 count=16384 submitted=32636928 read_us=255 tx_us=10788 ack_sample=0
t=22961580 read event=1993 count=16384 submitted=32653312 read_us=287 tx_us=10770 ack_sample=0
t=22973248 read event=1994 count=16384 submitted=32669696 read_us=769 tx_us=10866 ack_sample=0
t=22984343 read event=1995 count=16384 submitted=32686080 read_us=271 tx_us=10785 ack_sample=0
t=22995419 read event=1996 count=16384 submitted=32702464 read_us=261 tx_us=10781 ack_sample=0
t=23006629 read event=1997 count=16384 submitted=32718848 read_us=294 tx_us=10769 ack_sample=0
t=23017708 read event=1998 count=16384 submitted=32735232 read_us=276 tx_us=10769 ack_sample=0
t=23028830 read event=1999 count=16384 submitted=32751616 read_us=267 tx_us=10825 ack_sample=0
t=23039896 read event=2000 count=16384 submitted=32768000 read_us=253 tx_us=10782 ack_sample=0
t=23051038 read event=2001 count=16384 submitted=32784384 read_us=264 tx_us=10779 ack_sample=0
t=23062694 read event=2002 count=16384 submitted=32800768 read_us=773 tx_us=10847 ack_sample=0
t=23073796 read event=2003 count=16384 submitted=32817152 read_us=285 tx_us=10778 ack_sample=0
t=23084870 read event=2004 count=16384 submitted=32833536 read_us=261 tx_us=10782 ack_sample=0
t=23096064 read event=2005 count=16384 submitted=32849920 read_us=277 tx_us=10781 ack_sample=0
t=23107136 read event=2006 count=16384 submitted=32866304 read_us=261 tx_us=10780 ack_sample=0
t=23118197 read event=2007 count=16384 submitted=32882688 read_us=259 tx_us=10772 ack_sample=0
t=23129256 read event=2008 count=16384 submitted=32899072 read_us=256 tx_us=10773 ack_sample=0
t=23140408 read event=2009 count=16384 submitted=32915456 read_us=264 tx_us=10784 ack_sample=0
t=23152058 read event=2010 count=16384 submitted=32931840 read_us=786 tx_us=10828 ack_sample=0
t=23163142 read event=2011 count=16384 submitted=32948224 read_us=270 tx_us=10776 ack_sample=0
t=23174208 read event=2012 count=16384 submitted=32964608 read_us=259 tx_us=10775 ack_sample=0
t=23185400 read event=2013 count=16384 submitted=32980992 read_us=275 tx_us=10780 ack_sample=0
t=23196471 read event=2014 count=16384 submitted=32997376 read_us=261 tx_us=10776 ack_sample=0
t=23207546 read event=2015 count=16384 submitted=33013760 read_us=274 tx_us=10768 ack_sample=0
t=23218619 read event=2016 count=16384 submitted=33030144 read_us=271 tx_us=10773 ack_sample=0
t=23229769 read event=2017 count=16384 submitted=33046528 read_us=275 tx_us=10778 ack_sample=0
t=23241526 read event=2018 count=16384 submitted=33062912 read_us=750 tx_us=10974 ack_sample=0
t=23252644 read event=2019 count=16384 submitted=33079296 read_us=294 tx_us=10781 ack_sample=0
t=23264707 read event=2020 count=16384 submitted=33095680 read_us=310 tx_us=11711 ack_sample=0
t=23276490 read event=2021 count=16384 submitted=33112064 read_us=362 tx_us=11167 ack_sample=0
t=23287660 read event=2022 count=16384 submitted=33128448 read_us=318 tx_us=10775 ack_sample=0
t=23298758 read event=2023 count=16384 submitted=33144832 read_us=280 tx_us=10784 ack_sample=0
t=23309829 read event=2024 count=16384 submitted=33161216 read_us=258 tx_us=10780 ack_sample=0
t=23320998 read event=2025 count=16384 submitted=33177600 read_us=274 tx_us=10778 ack_sample=0
t=23332681 read event=2026 count=16384 submitted=33193984 read_us=796 tx_us=10851 ack_sample=0
t=23343805 read event=2027 count=16384 submitted=33210368 read_us=290 tx_us=10794 ack_sample=0
t=23354873 read event=2028 count=16384 submitted=33226752 read_us=258 tx_us=10778 ack_sample=0
t=23366064 read event=2029 count=16384 submitted=33243136 read_us=272 tx_us=10780 ack_sample=0
t=23377141 read event=2030 count=16384 submitted=33259520 read_us=262 tx_us=10781 ack_sample=0
t=23388207 read event=2031 count=16384 submitted=33275904 read_us=260 tx_us=10775 ack_sample=0
t=23399271 read event=2032 count=16384 submitted=33292288 read_us=256 tx_us=10778 ack_sample=0
t=23410418 read event=2033 count=16384 submitted=33308672 read_us=266 tx_us=10776 ack_sample=0
t=23422080 read event=2034 count=16384 submitted=33325056 read_us=788 tx_us=10839 ack_sample=0
t=23433175 read event=2035 count=16384 submitted=33341440 read_us=269 tx_us=10785 ack_sample=0
t=23444308 read event=2036 count=16384 submitted=33357824 read_us=264 tx_us=10838 ack_sample=0
t=23455513 read event=2037 count=16384 submitted=33374208 read_us=274 tx_us=10777 ack_sample=0
t=23466591 read event=2038 count=16384 submitted=33390592 read_us=277 tx_us=10767 ack_sample=0
t=23477666 read event=2039 count=16384 submitted=33406976 read_us=275 tx_us=10770 ack_sample=0
t=23488746 read event=2040 count=16384 submitted=33423360 read_us=268 tx_us=10782 ack_sample=0
t=23499897 read event=2041 count=16384 submitted=33439744 read_us=269 tx_us=10778 ack_sample=0
t=23511543 read event=2042 count=16384 submitted=33456128 read_us=753 tx_us=10859 ack_sample=0
t=23522649 read event=2043 count=16384 submitted=33472512 read_us=291 tx_us=10775 ack_sample=0
t=23533721 read event=2044 count=16384 submitted=33488896 read_us=276 tx_us=10765 ack_sample=0
t=23544951 read event=2045 count=16384 submitted=33505280 read_us=270 tx_us=10803 ack_sample=0
t=23556023 read event=2046 count=16384 submitted=33521664 read_us=262 tx_us=10776 ack_sample=0
t=23567085 read event=2047 count=16384 submitted=33538048 read_us=255 tx_us=10777 ack_sample=0
t=23578536 read event=2048 count=16384 submitted=33554432 read_us=251 tx_us=11170 ack_sample=1
t=23578559 profile_ack event=2048 words=8192 high_reads=16352 low_reads=16338 high_wait_words=8160 low_wait_words=8146 high_max_reads=2 low_max_reads=2 uninitialized=0
t=23589707 read event=2049 count=16384 submitted=33570816 read_us=290 tx_us=10771 ack_sample=0
t=23601372 read event=2050 count=16384 submitted=33587200 read_us=754 tx_us=10860 ack_sample=0
t=23612460 read event=2051 count=16384 submitted=33603584 read_us=270 tx_us=10780 ack_sample=0
t=23623534 read event=2052 count=16384 submitted=33619968 read_us=278 tx_us=10766 ack_sample=0
t=23634733 read event=2053 count=16384 submitted=33636352 read_us=296 tx_us=10767 ack_sample=0
t=23645820 read event=2054 count=16384 submitted=33652736 read_us=259 tx_us=10787 ack_sample=0
t=23656939 read event=2055 count=16384 submitted=33669120 read_us=256 tx_us=10834 ack_sample=0
t=23668005 read event=2056 count=16384 submitted=33685504 read_us=258 tx_us=10775 ack_sample=0
t=23679168 read event=2057 count=16384 submitted=33701888 read_us=270 tx_us=10788 ack_sample=0
t=23690824 read event=2058 count=16384 submitted=33718272 read_us=777 tx_us=10847 ack_sample=0
t=23701922 read event=2059 count=16384 submitted=33734656 read_us=273 tx_us=10787 ack_sample=0
t=23713002 read event=2060 count=16384 submitted=33751040 read_us=264 tx_us=10781 ack_sample=0
t=23724195 read event=2061 count=16384 submitted=33767424 read_us=276 tx_us=10774 ack_sample=0
t=23735262 read event=2062 count=16384 submitted=33783808 read_us=263 tx_us=10770 ack_sample=0
t=23746357 read event=2063 count=16384 submitted=33800192 read_us=260 tx_us=10792 ack_sample=0
t=23757423 read event=2064 count=16384 submitted=33816576 read_us=259 tx_us=10776 ack_sample=0
t=23768575 read event=2065 count=16384 submitted=33832960 read_us=285 tx_us=10769 ack_sample=0
t=23780264 read event=2066 count=16384 submitted=33849344 read_us=804 tx_us=10851 ack_sample=0
t=23791351 read event=2067 count=16384 submitted=33865728 read_us=269 tx_us=10781 ack_sample=0
t=23802422 read event=2068 count=16384 submitted=33882112 read_us=261 tx_us=10777 ack_sample=0
t=23813625 read event=2069 count=16384 submitted=33898496 read_us=290 tx_us=10772 ack_sample=0
t=23824714 read event=2070 count=16384 submitted=33914880 read_us=279 tx_us=10775 ack_sample=0
t=23835786 read event=2071 count=16384 submitted=33931264 read_us=256 tx_us=10774 ack_sample=0
t=23846851 read event=2072 count=16384 submitted=33947648 read_us=253 tx_us=10782 ack_sample=0
t=23858047 read event=2073 count=16384 submitted=33964032 read_us=269 tx_us=10830 ack_sample=0
t=23869718 read event=2074 count=16384 submitted=33980416 read_us=785 tx_us=10851 ack_sample=0
t=23880846 read event=2075 count=16384 submitted=33996800 read_us=266 tx_us=10814 ack_sample=0
t=23891922 read event=2076 count=16384 submitted=34013184 read_us=262 tx_us=10782 ack_sample=0
t=23903112 read event=2077 count=16384 submitted=34029568 read_us=274 tx_us=10778 ack_sample=0
t=23914178 read event=2078 count=16384 submitted=34045952 read_us=257 tx_us=10775 ack_sample=0
t=23925238 read event=2079 count=16384 submitted=34062336 read_us=255 tx_us=10775 ack_sample=0
t=23936294 read event=2080 count=16384 submitted=34078720 read_us=254 tx_us=10774 ack_sample=0
t=23947462 read event=2081 count=16384 submitted=34095104 read_us=265 tx_us=10797 ack_sample=0
t=23959125 read event=2082 count=16384 submitted=34111488 read_us=777 tx_us=10852 ack_sample=0
t=23970217 read event=2083 count=16384 submitted=34127872 read_us=271 tx_us=10783 ack_sample=0
t=23981282 read event=2084 count=16384 submitted=34144256 read_us=257 tx_us=10775 ack_sample=0
t=23992478 read event=2085 count=16384 submitted=34160640 read_us=274 tx_us=10774 ack_sample=0
t=24003565 read event=2086 count=16384 submitted=34177024 read_us=280 tx_us=10773 ack_sample=0
t=24014638 read event=2087 count=16384 submitted=34193408 read_us=274 tx_us=10767 ack_sample=0
t=24025714 read event=2088 count=16384 submitted=34209792 read_us=274 tx_us=10771 ack_sample=0
t=24036867 read event=2089 count=16384 submitted=34226176 read_us=264 tx_us=10781 ack_sample=0
t=24048513 read event=2090 count=16384 submitted=34242560 read_us=746 tx_us=10868 ack_sample=0
t=24059609 read event=2091 count=16384 submitted=34258944 read_us=293 tx_us=10767 ack_sample=0
t=24070750 read event=2092 count=16384 submitted=34275328 read_us=278 tx_us=10829 ack_sample=0
t=24081954 read event=2093 count=16384 submitted=34291712 read_us=274 tx_us=10784 ack_sample=0
t=24093033 read event=2094 count=16384 submitted=34308096 read_us=262 tx_us=10784 ack_sample=0
t=24104091 read event=2095 count=16384 submitted=34324480 read_us=254 tx_us=10775 ack_sample=0
t=24115152 read event=2096 count=16384 submitted=34340864 read_us=256 tx_us=10776 ack_sample=0
t=24126290 read event=2097 count=16384 submitted=34357248 read_us=264 tx_us=10778 ack_sample=0
t=24137967 read event=2098 count=16384 submitted=34373632 read_us=790 tx_us=10854 ack_sample=0
t=24149070 read event=2099 count=16384 submitted=34390016 read_us=268 tx_us=10797 ack_sample=0
t=24160142 read event=2100 count=16384 submitted=34406400 read_us=262 tx_us=10779 ack_sample=0
t=24171330 read event=2101 count=16384 submitted=34422784 read_us=270 tx_us=10783 ack_sample=0
t=24182400 read event=2102 count=16384 submitted=34439168 read_us=260 tx_us=10776 ack_sample=0
t=24193460 read event=2103 count=16384 submitted=34455552 read_us=254 tx_us=10777 ack_sample=0
t=24204538 read event=2104 count=16384 submitted=34471936 read_us=275 tx_us=10772 ack_sample=0
t=24215946 read event=2105 count=16384 submitted=34488320 read_us=281 tx_us=10824 ack_sample=0
t=24227606 read event=2106 count=16384 submitted=34504704 read_us=780 tx_us=10840 ack_sample=0
t=24238721 read event=2107 count=16384 submitted=34521088 read_us=292 tx_us=10770 ack_sample=0
t=24249815 read event=2108 count=16384 submitted=34537472 read_us=263 tx_us=10787 ack_sample=0
t=24261075 read event=2109 count=16384 submitted=34553856 read_us=273 tx_us=10847 ack_sample=0
t=24272201 read event=2110 count=16384 submitted=34570240 read_us=268 tx_us=10822 ack_sample=0
t=24283274 read event=2111 count=16384 submitted=34586624 read_us=260 tx_us=10780 ack_sample=0
t=24294729 read event=2112 count=16384 submitted=34603008 read_us=257 tx_us=11169 ack_sample=1
t=24294760 profile_ack event=2112 words=8192 high_reads=16347 low_reads=16346 high_wait_words=8155 low_wait_words=8154 high_max_reads=2 low_max_reads=2 uninitialized=0
t=24305911 read event=2113 count=16384 submitted=34619392 read_us=277 tx_us=10781 ack_sample=0
t=24317381 read event=2114 count=16384 submitted=34635776 read_us=610 tx_us=10826 ack_sample=0
t=24328469 read event=2115 count=16384 submitted=34652160 read_us=269 tx_us=10781 ack_sample=0
t=24339547 read event=2116 count=16384 submitted=34668544 read_us=279 tx_us=10768 ack_sample=0
t=24350765 read event=2117 count=16384 submitted=34684928 read_us=299 tx_us=10777 ack_sample=0
t=24361840 read event=2118 count=16384 submitted=34701312 read_us=261 tx_us=10781 ack_sample=0
t=24372901 read event=2119 count=16384 submitted=34717696 read_us=259 tx_us=10773 ack_sample=0
t=24383960 read event=2120 count=16384 submitted=34734080 read_us=254 tx_us=10775 ack_sample=0
t=24395104 read event=2121 count=16384 submitted=34750464 read_us=265 tx_us=10780 ack_sample=0
t=24406171 read event=2122 count=16384 submitted=34766848 read_us=255 tx_us=10780 ack_sample=0
t=24417231 read event=2123 count=16384 submitted=34783232 read_us=255 tx_us=10774 ack_sample=0
t=24428284 read event=2124 count=16384 submitted=34799616 read_us=255 tx_us=10768 ack_sample=0
t=24439422 read event=2125 count=16384 submitted=34816000 read_us=265 tx_us=10775 ack_sample=0
t=24450503 read event=2126 count=16384 submitted=34832384 read_us=262 tx_us=10786 ack_sample=0
t=24461555 read event=2127 count=16384 submitted=34848768 read_us=256 tx_us=10768 ack_sample=0
media_player_helper: video=34919166 bytes, pts=0, audio=0 frames/0 samples
t=24472823 read event=2128 count=16384 submitted=34865152 read_us=399 tx_us=10839 ack_sample=0
t=24483801 read event=2129 count=16384 submitted=34881536 read_us=34 tx_us=10829 ack_sample=0
t=24494616 read event=2130 count=16384 submitted=34897920 read_us=30 tx_us=10754 ack_sample=0
t=24505435 read event=2131 count=16384 submitted=34914304 read_us=30 tx_us=10769 ack_sample=0
t=24508670 read event=2132 count=4862 submitted=34919166 read_us=15 tx_us=3197 ack_sample=0
t=24508779 helper stdout eof
t=24508793 finish reason=eof fd=14 download=1 submitted=34919166 reads=2132 would_block=485
t=24508837 download released
t=24508917 child wait=699 status=0x0 wait_errno=0 exited=1 exit_code=0 signaled=0 signal=0
t=24508937 transfer complete submitted=34919166 reads=2132
t=24508949 profile_poll polls=1019 elapsed_us=177 interval_us=35840 chunks=0
t=24508960 profile_summary polls=1019 poll_us=24394209 poll_max_us=80498 data_polls=533 data_poll_us=24389316 intervals=1018 interval_us=24506559 interval_max_us=80571 read_calls=2618 read_us=730964 tx_calls=2132 tx_us=23585322 tx_max_us=22381 ack_chunks=33
