event,picture,cycle,interval,bank,debug
header,1,43,0,0,80000000
complete,1,1949430,1949430,0,80000000
header,2,1949466,0,1,c0000000
complete,2,3990231,2040801,1,c0000000
header,3,3990267,0,2,c4000000
ready,2,3990268,37,1,cc000000
complete,3,6028849,2038618,2,cc000000
header,4,6028885,0,0,cc000000
present,2,7967195,6017765,1,cc000000
present,3,9969195,2002000,2,c0000000
complete,4,10002434,3973585,0,c0000000
header,5,10002470,0,1,c4000000
ready,4,10002471,37,0,cc000000
present,4,11971195,2002000,0,c0000000
complete,5,12030315,2027881,1,c0000000
header,6,12030351,0,2,c4000000
ready,5,12030352,37,1,cc000000
present,5,13973195,2002000,1,c0000000
complete,6,14945757,2915442,2,c0000000
header,7,14945793,0,0,c4000000
ready,6,14945794,37,2,cc000000
present,6,15975195,2002000,2,c0000000
complete,7,17033013,2087256,0,c0000000
header,8,17033049,0,1,c4000000
ready,7,17033050,37,0,cc000000
present,7,17977195,2002000,0,c0000000
complete,8,18833887,1800874,1,c0000000
header,9,18833923,0,2,c4000000
ready,8,18833924,37,1,cc000000
present,8,19979195,2002000,1,c0000000
complete,9,20707510,1873623,2,c0000000
header,10,20707546,0,0,c4000000
ready,9,20707547,37,2,cc000000
present,9,21981195,2002000,2,c0000000
complete,10,22585113,1877603,0,c0000000
header,11,22585149,0,1,c4000000
ready,10,22585150,37,0,cc000000
present,10,23983195,2002000,0,c0000000
complete,11,24474237,1889124,1,c0000000
header,12,24474273,0,2,c4000000
ready,11,24474274,37,1,cc000000
present,11,25985195,2002000,1,c0000000
complete,12,26429172,1954935,2,c0000000
header,13,26429208,0,0,c4000000
ready,12,26429209,37,2,cc000000
present,12,27987195,2002000,2,c0000000
complete,13,28384729,1955557,0,c0000000
header,14,28384765,0,1,c4000000
ready,13,28384766,37,0,cc000000
present,13,29989195,2002000,0,c0000000
complete,14,30347350,1962621,1,c0000000
header,15,30347386,0,2,c4000000
ready,14,30347387,37,1,cc000000
present,14,31991195,2002000,1,c0000000
complete,15,32325247,1977897,2,c0000000
header,16,32325283,0,0,c4000000
ready,15,32325284,37,2,cc000000
present,15,33993195,2002000,2,c0000000
complete,16,34302182,1976935,0,c0000000
header,17,34302218,0,1,c4000000
ready,16,34302219,37,0,cc000000
present,16,35995195,2002000,0,c0000000
complete,17,36282287,1980105,1,c0000000
header,18,36282323,0,2,c4000000
ready,17,36282324,37,1,cc000000
present,17,37997195,2002000,1,c0000000
complete,18,38269532,1987245,2,c0000000
header,19,38269568,0,0,c4000000
ready,18,38269569,37,2,cc000000
present,18,39999195,2002000,2,c0000000
complete,19,40262848,1993316,0,c0000000
header,20,40262884,0,1,c4000000
ready,19,40262885,37,0,cc000000
present,19,42001195,2002000,0,c0000000
complete,20,42256382,1993534,1,c0000000
header,21,42256418,0,2,c4000000
ready,20,42256419,37,1,cc000000
present,20,44003195,2002000,1,c0000000
complete,21,44252211,1995829,2,c0000000
header,22,44252247,0,0,c4000000
ready,21,44252248,37,2,cc000000
present,21,46005195,2002000,2,c0000000
complete,22,46249590,1997379,0,c0000000
header,23,46249626,0,1,c4000000
ready,22,46249627,37,0,cc000000
present,22,48007195,2002000,0,c0000000
complete,23,48370134,2120544,1,c0000000
header,24,48370170,0,2,c4000000
ready,23,48370171,37,1,cc000000
present,23,50009195,2002000,1,c0000000
complete,24,50330685,1960551,2,c0000000
header,25,50330721,0,0,c4000000
ready,24,50330722,37,2,cc000000
present,24,52011195,2002000,2,c0000000
complete,25,52301215,1970530,0,c0000000
header,26,52301251,0,1,c4000000
ready,25,52301252,37,0,cc000000
present,25,54013195,2002000,0,c0000000
complete,26,54267410,1966195,1,c0000000
header,27,54267446,0,2,c4000000
ready,26,54267447,37,1,cc000000
present,26,56015195,2002000,1,c0000000
complete,27,56232460,1965050,2,c0000000
header,28,56232496,0,0,c4000000
ready,27,56232497,37,2,cc000000
present,27,58017195,2002000,2,c0000000
complete,28,58214681,1982221,0,c0000000
header,29,58214717,0,1,c4000000
ready,28,58214718,37,0,cc000000
present,28,60019195,2002000,0,c0000000
complete,29,60198219,1983538,1,c0000000
header,30,60198255,0,2,c4000000
ready,29,60198256,37,1,cc000000
present,29,62021195,2002000,1,c0000000
complete,30,62180968,1982749,2,c0000000
header,31,62181004,0,0,c4000000
ready,30,62181005,37,2,cc000000
present,30,64023195,2002000,2,c0000000
complete,31,64282400,2101432,0,c0000000
header,32,64282436,0,1,c4000000
ready,31,64282437,37,0,cc000000
present,31,66025195,2002000,0,c0000000
complete,32,66243680,1961280,1,c0000000
header,33,66243716,0,2,c4000000
ready,32,66243717,37,1,cc000000
present,32,68027195,2002000,1,c0000000
complete,33,68203866,1960186,2,c0000000
header,34,68203902,0,0,c4000000
ready,33,68203903,37,2,cc000000
present,33,70029195,2002000,2,c0000000
complete,34,70176782,1972916,0,c0000000
header,35,70176818,0,1,c4000000
ready,34,70176819,37,0,cc000000
present,34,72031195,2002000,0,c0000000
complete,35,72265479,2088697,1,c0000000
header,36,72265515,0,2,c4000000
ready,35,72265516,37,1,cc000000
present,35,74033195,2002000,1,c0000000
complete,36,74215039,1949560,2,c0000000
header,37,74215075,0,0,c4000000
ready,36,74215076,37,2,cc000000
present,36,76035195,2002000,2,c0000000
complete,37,76178805,1963766,0,c0000000
header,38,76178841,0,1,c4000000
ready,37,76178842,37,0,cc000000
present,37,78037195,2002000,0,c0000000
complete,38,78142684,1963879,1,c0000000
header,39,78142720,0,2,c4000000
ready,38,78142721,37,1,cc000000
present,38,80039195,2002000,1,c0000000
complete,39,80224828,2082144,2,c0000000
header,40,80224864,0,0,c4000000
ready,39,80224865,37,2,cc000000
present,39,82041195,2002000,2,c0000000
complete,40,82188992,1964164,0,c0000000
header,41,82189028,0,1,c4000000
ready,40,82189029,37,0,cc000000
present,40,84043195,2002000,0,c0000000
complete,41,84153146,1964154,1,c0000000
header,42,84153182,0,2,c4000000
ready,41,84153183,37,1,cc000000
present,41,86045195,2002000,1,c0000000
complete,42,86120156,1967010,2,c0000000
header,43,86120192,0,0,c4000000
ready,42,86120193,37,2,cc000000
present,42,88047195,2002000,2,c0000000
complete,43,88211221,2091065,0,c0000000
header,44,88211257,0,1,c4000000
ready,43,88211258,37,0,cc000000
present,43,90049195,2002000,0,c0000000
complete,44,90188314,1977093,1,c0000000
header,45,90188350,0,2,c4000000
ready,44,90188351,37,1,cc000000
present,44,92051195,2002000,1,c0000000
complete,45,92170031,1981717,2,c0000000
header,46,92170067,0,0,c4000000
ready,45,92170068,37,2,cc000000
present,45,94053195,2002000,2,c0000000
complete,46,94155941,1985910,0,c0000000
header,47,94155977,0,1,c4000000
ready,46,94155978,37,0,cc000000
present,46,96055195,2002000,0,c0000000
complete,47,96144721,1988780,1,c0000000
header,48,96144757,0,2,c4000000
ready,47,96144758,37,1,cc000000
present,47,98057195,2002000,1,c0000000
complete,48,98135170,1990449,2,c0000000
header,49,98135206,0,0,c4000000
ready,48,98135207,37,2,cc000000
present,48,100059195,2002000,2,c0000000
complete,49,100126748,1991578,0,c0000000
header,50,100126784,0,1,c4000000
ready,49,100126785,37,0,cc000000
present,49,102061195,2002000,0,c0000000
complete,50,102117579,1990831,1,c0000000
header,51,102117615,0,2,c4000000
ready,50,102117616,37,1,cc000000
present,50,104063195,2002000,1,c0000000
complete,51,104111991,1994412,2,c0000000
header,52,104112027,0,0,c4000000
ready,51,104112028,37,2,cc000000
present,51,106065195,2002000,2,c0000000
complete,52,106105802,1993811,0,c0000000
header,53,106105838,0,1,c4000000
ready,52,106105839,37,0,cc000000
present,52,108067195,2002000,0,c0000000
complete,53,108100235,1994433,1,c0000000
header,54,108100271,0,2,c4000000
ready,53,108100272,37,1,cc000000
present,53,110069195,2002000,1,c0000000
complete,54,110091771,1991536,2,c0000000
header,55,110091807,0,0,c4000000
ready,54,110091808,37,2,cc000000
present,54,112071195,2002000,2,c0000000
complete,55,112082071,1990300,0,c0000000
header,56,112082107,0,1,c4000000
ready,55,112082108,37,0,cc000000
present,55,114073195,2002000,0,c0000000
complete,56,114201376,2119305,1,c0000000
header,57,114201412,0,2,c4000000
ready,56,114201413,37,1,cc000000
present,56,116075195,2002000,1,c0000000
complete,57,116165455,1964079,2,c0000000
header,58,116165491,0,0,c4000000
ready,57,116165492,37,2,cc000000
present,57,118077195,2002000,2,c0000000
complete,58,118143144,1977689,0,c0000000
header,59,118143180,0,1,c4000000
ready,58,118143181,37,0,cc000000
present,58,120079195,2002000,0,c0000000
complete,59,120118179,1975035,1,c0000000
header,60,120118215,0,2,c4000000
ready,59,120118216,37,1,cc000000
present,59,122081195,2002000,1,c0000000
complete,60,122086030,1967851,2,c0000000
header,61,122086066,0,0,c4000000
ready,60,122086067,37,2,cc000000
complete,61,124048817,1962787,0,cc000000
header,62,124048853,0,1,cc000000
present,60,124083195,2002000,2,cc000000
complete,62,126055637,2006820,1,cc000000
header,63,126055673,0,2,cc000000
present,61,126085195,2002000,0,cc000000
complete,63,128057973,2002336,2,cc000000
header,64,128058009,0,0,cc000000
present,62,128087195,2002000,1,cc000000
present,63,130089195,2002000,2,c0000000
complete,64,130177945,2119972,0,c0000000
header,65,130177981,0,1,c4000000
ready,64,130177982,37,0,cc000000
present,64,132091195,2002000,0,c0000000
complete,65,132146356,1968411,1,c0000000
header,66,132146392,0,2,c4000000
ready,65,132146393,37,1,cc000000
present,65,134093195,2002000,1,c0000000
complete,66,134111874,1965518,2,c0000000
header,67,134111910,0,0,c4000000
ready,66,134111911,37,2,cc000000
present,66,136095195,2002000,2,c0000000
complete,67,136194009,2082135,0,c0000000
header,68,136194045,0,1,c4000000
ready,67,136194046,37,0,cc000000
present,67,138097195,2002000,0,c0000000
complete,68,138135770,1941761,1,c0000000
header,69,138135806,0,2,c4000000
ready,68,138135807,37,1,cc000000
complete,69,140087739,1951969,2,cc000000
header,70,140087775,0,0,cc000000
present,68,140099195,2002000,1,cc000000
present,69,142101195,2002000,2,c0000000
complete,70,142163916,2076177,0,c0000000
header,71,142163952,0,1,c4000000
ready,70,142163953,37,0,cc000000
present,70,144103195,2002000,0,c0000000
complete,71,144108809,1944893,1,c0000000
header,72,144108845,0,2,c4000000
ready,71,144108846,37,1,cc000000
present,71,146105195,2002000,1,c0000000
complete,72,146163445,2054636,2,c0000000
header,73,146163481,0,0,c4000000
ready,72,146163482,37,2,cc000000
complete,73,148097258,1933813,0,cc000000
header,74,148097294,0,1,cc000000
present,72,148107195,2002000,2,cc000000
present,73,150109195,2002000,0,c0000000
complete,74,150147719,2050461,1,c0000000
header,75,150147755,0,2,c4000000
ready,74,150147756,37,1,cc000000
complete,75,152078688,1930969,2,cc000000
header,76,152078724,0,0,cc000000
present,74,152111195,2002000,1,cc000000
present,75,154113195,2002000,2,c0000000
complete,76,154158935,2080247,0,c0000000
header,77,154158971,0,1,c4000000
ready,76,154158972,37,0,cc000000
complete,77,156099759,1940824,1,cc000000
header,78,156099795,0,2,cc000000
present,76,156115195,2002000,0,cc000000
present,77,158117195,2002000,1,c0000000
complete,78,158177007,2077248,2,c0000000
header,79,158177043,0,0,c4000000
ready,78,158177044,37,2,cc000000
present,78,160119195,2002000,2,c0000000
complete,79,160128011,1951004,0,c0000000
header,80,160128047,0,1,c4000000
ready,79,160128048,37,0,cc000000
present,79,162121195,2002000,0,c0000000
complete,80,162197613,2069602,1,c0000000
header,81,162197649,0,2,c4000000
ready,80,162197650,37,1,cc000000
present,80,164123195,2002000,1,c0000000
complete,81,164134024,1936411,2,c0000000
header,82,164134060,0,0,c4000000
ready,81,164134061,37,2,cc000000
complete,82,166085130,1951106,0,cc000000
header,83,166085166,0,1,cc000000
present,81,166125195,2002000,2,cc000000
present,82,168127195,2002000,0,c0000000
complete,83,168189619,2104489,1,c0000000
header,84,168189655,0,2,c4000000
ready,83,168189656,37,1,cc000000
present,83,170129195,2002000,1,c0000000
complete,84,170138788,1949169,2,c0000000
header,85,170138824,0,0,c4000000
ready,84,170138825,37,2,cc000000
present,84,172131195,2002000,2,c0000000
complete,85,172202780,2063992,0,c0000000
header,86,172202816,0,1,c4000000
ready,85,172202817,37,0,cc000000
present,85,174133195,2002000,0,c0000000
complete,86,174138562,1935782,1,c0000000
header,87,174138598,0,2,c4000000
ready,86,174138599,37,1,cc000000
complete,87,176089291,1950729,2,cc000000
header,88,176089327,0,0,cc000000
present,86,176135195,2002000,1,cc000000
present,87,178137195,2002000,2,c0000000
complete,88,178199489,2110198,0,c0000000
header,89,178199525,0,1,c4000000
ready,88,178199526,37,0,cc000000
present,88,180139195,2002000,0,c0000000
complete,89,180149561,1950072,1,c0000000
header,90,180149597,0,2,c4000000
ready,89,180149598,37,1,cc000000
present,89,182141195,2002000,1,c0000000
complete,90,182213069,2063508,2,c0000000
header,91,182213105,0,0,c4000000
ready,90,182213106,37,2,cc000000
present,90,184143195,2002000,2,c0000000
complete,91,184162130,1949061,0,c0000000
header,92,184162166,0,1,c4000000
ready,91,184162167,37,0,cc000000
complete,92,186112030,1949900,1,cc000000
header,93,186112066,0,2,cc000000
present,91,186145195,2002000,0,cc000000
present,92,188147195,2002000,1,c0000000
complete,93,188166161,2054131,2,c0000000
header,94,188166197,0,0,c4000000
ready,93,188166198,37,2,cc000000
complete,94,190017015,1850854,0,cc000000
header,95,190017051,0,1,cc000000
present,93,190149195,2002000,2,cc000000
complete,95,192055835,2038820,1,cc000000
header,96,192055871,0,2,cc000000
present,94,192151195,2002000,0,cc000000
complete,96,194077163,2021328,2,cc000000
header,97,194077199,0,0,cc000000
present,95,194153195,2002000,1,cc000000
complete,97,196152286,2075123,0,cc000000
header,98,196152322,0,1,cc000000
present,96,196155195,2002000,2,cc000000
complete,98,198147894,1995608,1,cc000000
header,99,198147930,0,2,cc000000
present,97,198157195,2002000,0,cc000000
complete,99,200144034,1996140,2,cc000000
header,100,200144070,0,0,cc000000
present,98,200159195,2002000,1,cc000000
present,99,202161195,2002000,2,c0000000
complete,100,202248047,2104013,0,c0000000
header,101,202248083,0,1,c4000000
ready,100,202248084,37,0,cc000000
present,100,204163195,2002000,0,c0000000
complete,101,204227154,1979107,1,c0000000
header,102,204227190,0,2,c4000000
ready,101,204227191,37,1,cc000000
present,101,206165195,2002000,1,c0000000
complete,102,206203913,1976759,2,c0000000
header,103,206203949,0,0,c4000000
ready,102,206203950,37,2,cc000000
present,102,208167195,2002000,2,c0000000
complete,103,208272217,2068304,0,c0000000
header,104,208272253,0,1,c4000000
ready,103,208272254,37,0,cc000000
present,103,210169195,2002000,0,c0000000
complete,104,210235170,1962953,1,c0000000
header,105,210235206,0,2,c4000000
ready,104,210235207,37,1,cc000000
present,104,212171195,2002000,1,c0000000
complete,105,212192181,1957011,2,c0000000
header,106,212192217,0,0,c4000000
ready,105,212192218,37,2,cc000000
present,105,214173195,2002000,2,c0000000
complete,106,214239761,2047580,0,c0000000
header,107,214239797,0,1,c4000000
ready,106,214239798,37,0,cc000000
present,106,216175195,2002000,0,c0000000
complete,107,216182860,1943099,1,c0000000
header,108,216182896,0,2,c4000000
ready,107,216182897,37,1,cc000000
present,107,218177195,2002000,1,c0000000
complete,108,218208137,2025277,2,c0000000
header,109,218208173,0,0,c4000000
ready,108,218208174,37,2,cc000000
present,108,220179195,2002000,2,c0000000
complete,109,220222932,2014795,0,c0000000
header,110,220222968,0,1,c4000000
ready,109,220222969,37,0,cc000000
complete,110,222146146,1923214,1,cc000000
header,111,222146182,0,2,cc000000
present,109,222181195,2002000,0,cc000000
complete,111,224176603,2030457,2,cc000000
header,112,224176639,0,0,cc000000
present,110,224183195,2002000,1,cc000000
complete,112,226175643,1999040,0,cc000000
header,113,226175679,0,1,cc000000
present,111,226185195,2002000,2,cc000000
complete,113,228173884,1998241,1,cc000000
header,114,228173920,0,2,cc000000
present,112,228187195,2002000,0,cc000000
complete,114,230175817,2001933,2,cc000000
header,115,230175853,0,0,cc000000
present,113,230189195,2002000,1,cc000000
complete,115,232169645,1993828,0,cc000000
header,116,232169681,0,1,cc000000
present,114,232191195,2002000,2,cc000000
complete,116,234155669,1986024,1,cc000000
header,117,234155705,0,2,cc000000
present,115,234193195,2002000,0,cc000000
complete,117,236146161,1990492,2,cc000000
header,118,236146197,0,0,cc000000
present,116,236195195,2002000,1,cc000000
complete,118,238139717,1993556,0,cc000000
header,119,238139753,0,1,cc000000
present,117,238197195,2002000,2,cc000000
complete,119,240137827,1998110,1,cc000000
header,120,240137863,0,2,cc000000
present,118,240199195,2002000,0,cc000000
complete,120,242134848,1997021,2,cc000000
header,121,242134884,0,0,cc000000
present,119,242201195,2002000,1,cc000000
complete,121,244128260,1993412,0,cc000000
header,122,244128296,0,1,cc000000
present,120,244203195,2002000,2,cc000000
complete,122,246123415,1995155,1,cc000000
header,123,246123451,0,2,cc000000
present,121,246205195,2002000,0,cc000000
complete,123,248118755,1995340,2,cc000000
header,124,248118791,0,0,cc000000
present,122,248207195,2002000,1,cc000000
complete,124,250117569,1998814,0,cc000000
header,125,250117605,0,1,cc000000
present,123,250209195,2002000,2,cc000000
complete,125,252115146,1997577,1,cc000000
header,126,252115182,0,2,cc000000
present,124,252211195,2002000,0,cc000000
complete,126,254186876,2071730,2,cc000000
header,127,254186912,0,0,cc000000
present,125,254213195,2002000,1,cc000000
complete,127,256207932,2021056,0,cc000000
header,128,256207968,0,1,cc000000
present,126,256215195,2002000,2,cc000000
complete,128,258209997,2002065,1,cc000000
header,129,258210033,0,2,cc000000
present,127,258217195,2002000,0,cc000000
complete,129,260211933,2001936,2,cc000000
header,130,260211969,0,0,cc000000
present,128,260219195,2002000,1,cc000000
complete,130,262213991,2002058,0,cc000000
header,131,262214027,0,1,cc000000
present,129,262221195,2002000,2,cc000000
complete,131,264215899,2001908,1,cc000000
header,132,264215935,0,2,cc000000
present,130,264223195,2002000,0,cc000000
complete,132,266218051,2002152,2,cc000000
header,133,266218087,0,0,cc000000
present,131,266225195,2002000,1,cc000000
complete,133,268219907,2001856,0,cc000000
header,134,268219943,0,1,cc000000
present,132,268227195,2002000,2,cc000000
complete,134,270221974,2002067,1,cc000000
header,135,270222010,0,2,cc000000
present,133,270229195,2002000,0,cc000000
complete,135,272224054,2002080,2,cc000000
header,136,272224090,0,0,cc000000
present,134,272231195,2002000,1,cc000000
complete,136,274225955,2001901,0,cc000000
header,137,274225991,0,1,cc000000
present,135,274233195,2002000,2,cc000000
complete,137,276228220,2002265,1,cc000000
header,138,276228256,0,2,cc000000
present,136,276235195,2002000,0,cc000000
complete,138,278230071,2001851,2,cc000000
header,139,278230107,0,0,cc000000
present,137,278237195,2002000,1,cc000000
complete,139,280232032,2001961,0,cc000000
header,140,280232068,0,1,cc000000
present,138,280239195,2002000,2,cc000000
complete,140,282233843,2001811,1,cc000000
header,141,282233879,0,2,cc000000
present,139,282241195,2002000,0,cc000000
complete,141,284235944,2002101,2,cc000000
header,142,284235980,0,0,cc000000
present,140,284243195,2002000,1,cc000000
complete,142,286238030,2002086,0,cc000000
header,143,286238066,0,1,cc000000
present,141,286245195,2002000,2,cc000000
complete,143,288240091,2002061,1,cc000000
header,144,288240127,0,2,cc000000
present,142,288247195,2002000,0,cc000000
complete,144,290241934,2001843,2,cc000000
header,145,290241970,0,0,cc000000
present,143,290249195,2002000,1,cc000000
complete,145,292243924,2001990,0,cc000000
header,146,292243960,0,1,cc000000
present,144,292251195,2002000,2,cc000000
complete,146,294245917,2001993,1,cc000000
header,147,294245953,0,2,cc000000
present,145,294253195,2002000,0,cc000000
complete,147,296247885,2001968,2,cc000000
header,148,296247921,0,0,cc000000
present,146,296255195,2002000,1,cc000000
complete,148,298249931,2002046,0,cc000000
header,149,298249967,0,1,cc000000
present,147,298257195,2002000,2,cc000000
present,148,300259195,2002000,0,c0000000
complete,149,300668802,2418871,1,c0000000
header,150,300668838,0,2,c4000000
ready,149,300668839,37,1,cc000000
present,149,302261195,2002000,1,c0000000
complete,150,303085541,2416739,2,c0000000
header,151,303085577,0,0,c4000000
ready,150,303085578,37,2,cc000000
present,150,304263195,2002000,2,c0000000
complete,151,305322548,2237007,0,c0000000
header,152,305322584,0,1,c4000000
ready,151,305322585,37,0,cc000000
present,151,306265195,2002000,0,c0000000
complete,152,307377778,2055230,1,c0000000
header,153,307377814,0,2,c4000000
ready,152,307377815,37,1,cc000000
present,152,308267195,2002000,1,c0000000
complete,153,309417984,2040206,2,c0000000
header,154,309418020,0,0,c4000000
ready,153,309418021,37,2,cc000000
present,153,310269195,2002000,2,c0000000
complete,154,311369485,1951501,0,c0000000
header,155,311369521,0,1,c4000000
ready,154,311369522,37,0,cc000000
present,154,312271195,2002000,0,c0000000
complete,155,313327496,1958011,1,c0000000
header,156,313327532,0,2,c4000000
ready,155,313327533,37,1,cc000000
present,155,314273195,2002000,1,c0000000
complete,156,315293620,1966124,2,c0000000
header,157,315293656,0,0,c4000000
ready,156,315293657,37,2,cc000000
present,156,316275195,2002000,2,c0000000
complete,157,317268315,1974695,0,c0000000
header,158,317268351,0,1,c4000000
ready,157,317268352,37,0,cc000000
present,157,318277195,2002000,0,c0000000
complete,158,319238898,1970583,1,c0000000
header,159,319238934,0,2,c4000000
ready,158,319238935,37,1,cc000000
present,158,320279195,2002000,1,c0000000
complete,159,321222769,1983871,2,c0000000
header,160,321222805,0,0,c4000000
ready,159,321222806,37,2,cc000000
present,159,322281195,2002000,2,c0000000
complete,160,323218938,1996169,0,c0000000
header,161,323218974,0,1,c4000000
ready,160,323218975,37,0,cc000000
present,160,324283195,2002000,0,c0000000
complete,161,325171698,1952760,1,c0000000
header,162,325171734,0,2,c4000000
ready,161,325171735,37,1,cc000000
present,161,326285195,2002000,1,c0000000
complete,162,327205147,2033449,2,c0000000
header,163,327205183,0,0,c4000000
ready,162,327205184,37,2,cc000000
present,162,328287195,2002000,2,c0000000
complete,163,329200046,1994899,0,c0000000
header,164,329200082,0,1,c4000000
ready,163,329200083,37,0,cc000000
present,163,330289195,2002000,0,c0000000
complete,164,331212670,2012624,1,c0000000
header,165,331212706,0,2,c4000000
ready,164,331212707,37,1,cc000000
present,164,332291195,2002000,1,c0000000
complete,165,333203429,1990759,2,c0000000
header,166,333203465,0,0,c4000000
ready,165,333203466,37,2,cc000000
present,165,334293195,2002000,2,c0000000
complete,166,335228744,2025315,0,c0000000
header,167,335228780,0,1,c4000000
ready,166,335228781,37,0,cc000000
present,166,336295195,2002000,0,c0000000
complete,167,337248830,2020086,1,c0000000
header,168,337248866,0,2,c4000000
ready,167,337248867,37,1,cc000000
present,167,338297195,2002000,1,c0000000
complete,168,339030467,1781637,2,c0000000
header,169,339030503,0,0,c4000000
ready,168,339030504,37,2,cc000000
present,168,340299195,2002000,2,c0000000
complete,169,340861846,1831379,0,c0000000
header,170,340861882,0,1,c4000000
ready,169,340861883,37,0,cc000000
present,169,342301195,2002000,0,c0000000
complete,170,342767494,1905648,1,c0000000
header,171,342767530,0,2,c4000000
ready,170,342767531,37,1,cc000000
present,170,344303195,2002000,1,c0000000
complete,171,344672984,1905490,2,c0000000
header,172,344673020,0,0,c4000000
ready,171,344673021,37,2,cc000000
present,171,346305195,2002000,2,c0000000
complete,172,346658874,1985890,0,c0000000
header,173,346658910,0,1,c4000000
ready,172,346658911,37,0,cc000000
present,172,348307195,2002000,0,c0000000
complete,173,348652913,1994039,1,c0000000
header,174,348652949,0,2,c4000000
ready,173,348652950,37,1,cc000000
present,173,350309195,2002000,1,c0000000
complete,174,350658434,2005521,2,c0000000
header,175,350658470,0,0,c4000000
ready,174,350658471,37,2,cc000000
present,174,352311195,2002000,2,c0000000
complete,175,352677320,2018886,0,c0000000
header,176,352677356,0,1,c4000000
ready,175,352677357,37,0,cc000000
present,175,354313195,2002000,0,c0000000
complete,176,354711500,2034180,1,c0000000
header,177,354711536,0,2,c4000000
ready,176,354711537,37,1,cc000000
present,176,356315195,2002000,1,c0000000
complete,177,356761009,2049509,2,c0000000
header,178,356761045,0,0,c4000000
ready,177,356761046,37,2,cc000000
present,177,358317195,2002000,2,c0000000
complete,178,358850585,2089576,0,c0000000
header,179,358850621,0,1,c4000000
ready,178,358850622,37,0,cc000000
present,178,360319195,2002000,0,c0000000
complete,179,361004933,2154348,1,c0000000
header,180,361004969,0,2,c4000000
ready,179,361004970,37,1,cc000000
present,179,362321195,2002000,1,c0000000
complete,180,363089231,2084298,2,c0000000
header,181,363089267,0,0,c4000000
ready,180,363089268,37,2,cc000000
present,180,364323195,2002000,2,c0000000
complete,181,365172028,2082797,0,c0000000
header,182,365172064,0,1,c4000000
ready,181,365172065,37,0,cc000000
present,181,366325195,2002000,0,c0000000
complete,182,367149093,1977065,1,c0000000
header,183,367149129,0,2,c4000000
ready,182,367149130,37,1,cc000000
present,182,368327195,2002000,1,c0000000
complete,183,369135915,1986822,2,c0000000
header,184,369135951,0,0,c4000000
ready,183,369135952,37,2,cc000000
present,183,370329195,2002000,2,c0000000
complete,184,371111552,1975637,0,c0000000
header,185,371111588,0,1,c4000000
ready,184,371111589,37,0,cc000000
present,184,372331195,2002000,0,c0000000
complete,185,373072951,1961399,1,c0000000
header,186,373072987,0,2,c4000000
ready,185,373072988,37,1,cc000000
present,185,374333195,2002000,1,c0000000
complete,186,375023556,1950605,2,c0000000
header,187,375023592,0,0,c4000000
ready,186,375023593,37,2,cc000000
present,186,376335195,2002000,2,c0000000
complete,187,376961249,1937693,0,c0000000
header,188,376961285,0,1,c4000000
ready,187,376961286,37,0,cc000000
present,187,378337195,2002000,0,c0000000
complete,188,378963891,2002642,1,c0000000
header,189,378963927,0,2,c4000000
ready,188,378963928,37,1,cc000000
present,188,380339195,2002000,1,c0000000
complete,189,380954740,1990849,2,c0000000
header,190,380954776,0,0,c4000000
ready,189,380954777,37,2,cc000000
present,189,382341195,2002000,2,c0000000
complete,190,382943962,1989222,0,c0000000
header,191,382943998,0,1,c4000000
ready,190,382943999,37,0,cc000000
present,190,384343195,2002000,0,c0000000
complete,191,384930650,1986688,1,c0000000
header,192,384930686,0,2,c4000000
ready,191,384930687,37,1,cc000000
present,191,386345195,2002000,1,c0000000
complete,192,386914547,1983897,2,c0000000
header,193,386914583,0,0,c4000000
ready,192,386914584,37,2,cc000000
present,192,388347195,2002000,2,c0000000
complete,193,388892702,1978155,0,c0000000
header,194,388892738,0,1,c4000000
ready,193,388892739,37,0,cc000000
present,193,390349195,2002000,0,c0000000
complete,194,390870284,1977582,1,c0000000
header,195,390870320,0,2,c4000000
ready,194,390870321,37,1,cc000000
present,194,392351195,2002000,1,c0000000
complete,195,392848703,1978419,2,c0000000
header,196,392848739,0,0,c4000000
ready,195,392848740,37,2,cc000000
present,195,394353195,2002000,2,c0000000
complete,196,394829376,1980673,0,c0000000
header,197,394829412,0,1,c4000000
ready,196,394829413,37,0,cc000000
present,196,396355195,2002000,0,c0000000
complete,197,396821796,1992420,1,c0000000
header,198,396821832,0,2,c4000000
ready,197,396821833,37,1,cc000000
present,197,398357195,2002000,1,c0000000
complete,198,398812161,1990365,2,c0000000
header,199,398812197,0,0,c4000000
ready,198,398812198,37,2,cc000000
present,198,400359195,2002000,2,c0000000
complete,199,400821358,2009197,0,c0000000
header,200,400821394,0,1,c4000000
ready,199,400821395,37,0,cc000000
present,199,402361195,2002000,0,c0000000
complete,200,402835780,2014422,1,c0000000
header,201,402835816,0,2,c4000000
ready,200,402835817,37,1,cc000000
present,200,404363195,2002000,1,c0000000
complete,201,404838522,2002742,2,c0000000
header,202,404838558,0,0,c4000000
ready,201,404838559,37,2,cc000000
present,201,406365195,2002000,2,c0000000
complete,202,406847318,2008796,0,c0000000
header,203,406847354,0,1,c4000000
ready,202,406847355,37,0,cc000000
present,202,408367195,2002000,0,c0000000
complete,203,408854873,2007555,1,c0000000
header,204,408854909,0,2,c4000000
ready,203,408854910,37,1,cc000000
present,203,410369195,2002000,1,c0000000
complete,204,410857470,2002597,2,c0000000
header,205,410857506,0,0,c4000000
ready,204,410857507,37,2,cc000000
present,204,412371195,2002000,2,c0000000
complete,205,412859774,2002304,0,c0000000
header,206,412859810,0,1,c4000000
ready,205,412859811,37,0,cc000000
present,205,414373195,2002000,0,c0000000
complete,206,414861683,2001909,1,c0000000
header,207,414861719,0,2,c4000000
ready,206,414861720,37,1,cc000000
present,206,416375195,2002000,1,c0000000
complete,207,416857277,1995594,2,c0000000
header,208,416857313,0,0,c4000000
ready,207,416857314,37,2,cc000000
present,207,418377195,2002000,2,c0000000
complete,208,418846399,1989122,0,c0000000
header,209,418846435,0,1,c4000000
ready,208,418846436,37,0,cc000000
present,208,420379195,2002000,0,c0000000
complete,209,420831696,1985297,1,c0000000
header,210,420831732,0,2,c4000000
ready,209,420831733,37,1,cc000000
present,209,422381195,2002000,1,c0000000
complete,210,422808821,1977125,2,c0000000
header,211,422808857,0,0,c4000000
ready,210,422808858,37,2,cc000000
present,210,424383195,2002000,2,c0000000
complete,211,424780759,1971938,0,c0000000
header,212,424780795,0,1,c4000000
ready,211,424780796,37,0,cc000000
present,211,426385195,2002000,0,c0000000
complete,212,426745774,1965015,1,c0000000
header,213,426745810,0,2,c4000000
ready,212,426745811,37,1,cc000000
present,212,428387195,2002000,1,c0000000
complete,213,428708621,1962847,2,c0000000
header,214,428708657,0,0,c4000000
ready,213,428708658,37,2,cc000000
present,213,430389195,2002000,2,c0000000
complete,214,430791486,2082865,0,c0000000
header,215,430791522,0,1,c4000000
ready,214,430791523,37,0,cc000000
present,214,432391195,2002000,0,c0000000
complete,215,432779635,1988149,1,c0000000
header,216,432779671,0,2,c4000000
ready,215,432779672,37,1,cc000000
present,215,434393195,2002000,1,c0000000
complete,216,434772390,1992755,2,c0000000
header,217,434772426,0,0,c4000000
ready,216,434772427,37,2,cc000000
present,216,436395195,2002000,2,c0000000
complete,217,436778036,2005646,0,c0000000
header,218,436778072,0,1,c4000000
ready,217,436778073,37,0,cc000000
present,217,438397195,2002000,0,c0000000
complete,218,438794997,2016961,1,c0000000
header,219,438795033,0,2,c4000000
ready,218,438795034,37,1,cc000000
present,218,440399195,2002000,1,c0000000
complete,219,440815964,2020967,2,c0000000
header,220,440816000,0,0,c4000000
ready,219,440816001,37,2,cc000000
present,219,442401195,2002000,2,c0000000
complete,220,442841918,2025954,0,c0000000
header,221,442841954,0,1,c4000000
ready,220,442841955,37,0,cc000000
present,220,444403195,2002000,0,c0000000
complete,221,444882918,2041000,1,c0000000
header,222,444882954,0,2,c4000000
ready,221,444882955,37,1,cc000000
present,221,446405195,2002000,1,c0000000
complete,222,446822967,1940049,2,c0000000
header,223,446823003,0,0,c4000000
ready,222,446823004,37,2,cc000000
present,222,448407195,2002000,2,c0000000
complete,223,448848562,2025595,0,c0000000
header,224,448848598,0,1,c4000000
ready,223,448848599,37,0,cc000000
present,223,450409195,2002000,0,c0000000
complete,224,450872364,2023802,1,c0000000
header,225,450872400,0,2,c4000000
ready,224,450872401,37,1,cc000000
present,224,452411195,2002000,1,c0000000
complete,225,452803707,1931343,2,c0000000
header,226,452803743,0,0,c4000000
ready,225,452803744,37,2,cc000000
present,225,454413195,2002000,2,c0000000
complete,226,454830469,2026762,0,c0000000
header,227,454830505,0,1,c4000000
ready,226,454830506,37,0,cc000000
present,226,456415195,2002000,0,c0000000
complete,227,456776522,1946053,1,c0000000
header,228,456776558,0,2,c4000000
ready,227,456776559,37,1,cc000000
present,227,458417195,2002000,1,c0000000
complete,228,458792347,2015825,2,c0000000
header,229,458792383,0,0,c4000000
ready,228,458792384,37,2,cc000000
present,228,460419195,2002000,2,c0000000
complete,229,460806930,2014583,0,c0000000
header,230,460806966,0,1,c4000000
ready,229,460806967,37,0,cc000000
present,229,462421195,2002000,0,c0000000
complete,230,462825490,2018560,1,c0000000
header,231,462825526,0,2,c4000000
ready,230,462825527,37,1,cc000000
present,230,464423195,2002000,1,c0000000
complete,231,464740004,1914514,2,c0000000
header,232,464740040,0,0,c4000000
ready,231,464740041,37,2,cc000000
present,231,466425195,2002000,2,c0000000
complete,232,466749606,2009602,0,c0000000
header,233,466749642,0,1,c4000000
ready,232,466749643,37,0,cc000000
present,232,468427195,2002000,0,c0000000
complete,233,468766163,2016557,1,c0000000
header,234,468766199,0,2,c4000000
ready,233,468766200,37,1,cc000000
present,233,470429195,2002000,1,c0000000
complete,234,470783914,2017751,2,c0000000
header,235,470783950,0,0,c4000000
ready,234,470783951,37,2,cc000000
present,234,472431195,2002000,2,c0000000
complete,235,472792051,2008137,0,c0000000
header,236,472792087,0,1,c4000000
ready,235,472792088,37,0,cc000000
present,235,474433195,2002000,0,c0000000
complete,236,474729211,1937160,1,c0000000
header,237,474729247,0,2,c4000000
ready,236,474729248,37,1,cc000000
present,236,476435195,2002000,1,c0000000
complete,237,476741620,2012409,2,c0000000
header,238,476741656,0,0,c4000000
ready,237,476741657,37,2,cc000000
present,237,478437195,2002000,2,c0000000
complete,238,478763279,2021659,0,c0000000
header,239,478763315,0,1,c4000000
ready,238,478763316,37,0,cc000000
present,238,480439195,2002000,0,c0000000
complete,239,480705591,1942312,1,c0000000
header,240,480705627,0,2,c4000000
ready,239,480705628,37,1,cc000000
present,239,482441195,2002000,1,c0000000
complete,240,482731627,2026036,2,c0000000
header,241,482731663,0,0,c4000000
ready,240,482731664,37,2,cc000000
present,240,484443195,2002000,2,c0000000
complete,241,484737192,2005565,0,c0000000
header,242,484737228,0,1,c4000000
ready,241,484737229,37,0,cc000000
present,241,486445195,2002000,0,c0000000
complete,242,486758149,2020957,1,c0000000
header,243,486758185,0,2,c4000000
ready,242,486758186,37,1,cc000000
present,242,488447195,2002000,1,c0000000
complete,243,488694727,1936578,2,c0000000
header,244,488694763,0,0,c4000000
ready,243,488694764,37,2,cc000000
present,243,490449195,2002000,2,c0000000
complete,244,490715801,2021074,0,c0000000
header,245,490715837,0,1,c4000000
ready,244,490715838,37,0,cc000000
present,244,492451195,2002000,0,c0000000
complete,245,492738527,2022726,1,c0000000
header,246,492738563,0,2,c4000000
ready,245,492738564,37,1,cc000000
present,245,494453195,2002000,1,c0000000
complete,246,494669443,1930916,2,c0000000
header,247,494669479,0,0,c4000000
ready,246,494669480,37,2,cc000000
present,246,496455195,2002000,2,c0000000
complete,247,496678145,2008702,0,c0000000
header,248,496678181,0,1,c4000000
ready,247,496678182,37,0,cc000000
present,247,498457195,2002000,0,c0000000
complete,248,498696442,2018297,1,c0000000
header,249,498696478,0,2,c4000000
ready,248,498696479,37,1,cc000000
present,248,500459195,2002000,1,c0000000
complete,249,500696032,1999590,2,c0000000
header,250,500696068,0,0,c4000000
ready,249,500696069,37,2,cc000000
present,249,502461195,2002000,2,c0000000
complete,250,502682226,1986194,0,c0000000
header,251,502682262,0,1,c4000000
ready,250,502682263,37,0,cc000000
present,250,504463195,2002000,0,c0000000
complete,251,504657150,1974924,1,c0000000
header,252,504657186,0,2,c4000000
ready,251,504657187,37,1,cc000000
present,251,506465195,2002000,1,c0000000
complete,252,506630588,1973438,2,c0000000
header,253,506630624,0,0,c4000000
ready,252,506630625,37,2,cc000000
present,252,508467195,2002000,2,c0000000
complete,253,508605022,1974434,0,c0000000
header,254,508605058,0,1,c4000000
ready,253,508605059,37,0,cc000000
present,253,510469195,2002000,0,c0000000
complete,254,510579647,1974625,1,c0000000
header,255,510579683,0,2,c4000000
ready,254,510579684,37,1,cc000000
present,254,512471195,2002000,1,c0000000
complete,255,512555203,1975556,2,c0000000
header,256,512555239,0,0,c4000000
ready,255,512555240,37,2,cc000000
present,255,514473195,2002000,2,c0000000
complete,256,514531033,1975830,0,c0000000
header,257,514531069,0,1,c4000000
ready,256,514531070,37,0,cc000000
present,256,516475195,2002000,0,c0000000
complete,257,516506294,1975261,1,c0000000
header,258,516506330,0,2,c4000000
ready,257,516506331,37,1,cc000000
present,257,518477195,2002000,1,c0000000
complete,258,518591852,2085558,2,c0000000
header,259,518591888,0,0,c4000000
ready,258,518591889,37,2,cc000000
present,258,520479195,2002000,2,c0000000
complete,259,520568517,1976665,0,c0000000
header,260,520568553,0,1,c4000000
ready,259,520568554,37,0,cc000000
present,259,522481195,2002000,0,c0000000
complete,260,522544156,1975639,1,c0000000
header,261,522544192,0,2,c4000000
ready,260,522544193,37,1,cc000000
present,260,524483195,2002000,1,c0000000
complete,261,524521007,1976851,2,c0000000
header,262,524521043,0,0,c4000000
ready,261,524521044,37,2,cc000000
present,261,526485195,2002000,2,c0000000
complete,262,526497263,1976256,0,c0000000
header,263,526497299,0,1,c4000000
ready,262,526497300,37,0,cc000000
present,262,528487195,2002000,0,c0000000
complete,263,528584065,2086802,1,c0000000
header,264,528584101,0,2,c4000000
ready,263,528584102,37,1,cc000000
present,263,530489195,2002000,1,c0000000
complete,264,530571134,1987069,2,c0000000
header,265,530571170,0,0,c4000000
ready,264,530571171,37,2,cc000000
present,264,532491195,2002000,2,c0000000
complete,265,532560377,1989243,0,c0000000
header,266,532560413,0,1,c4000000
ready,265,532560414,37,0,cc000000
present,265,534493195,2002000,0,c0000000
complete,266,534546269,1985892,1,c0000000
header,267,534546305,0,2,c4000000
ready,266,534546306,37,1,cc000000
present,266,536495195,2002000,1,c0000000
complete,267,536523808,1977539,2,c0000000
header,268,536523844,0,0,c4000000
ready,267,536523845,37,2,cc000000
present,267,538497195,2002000,2,c0000000
complete,268,538500790,1976982,0,c0000000
header,269,538500826,0,1,c4000000
ready,268,538500827,37,0,cc000000
complete,269,540476969,1976179,1,cc000000
header,270,540477005,0,2,cc000000
present,268,540499195,2002000,0,cc000000
present,269,542501195,2002000,1,c0000000
complete,270,542584005,2107036,2,c0000000
header,271,542584041,0,0,c4000000
ready,270,542584042,37,2,cc000000
present,270,544503195,2002000,2,c0000000
complete,271,544560380,1976375,0,c0000000
header,272,544560416,0,1,c4000000
ready,271,544560417,37,0,cc000000
present,271,546505195,2002000,0,c0000000
complete,272,546535399,1975019,1,c0000000
header,273,546535435,0,2,c4000000
ready,272,546535436,37,1,cc000000
present,272,548507195,2002000,1,c0000000
complete,273,548510754,1975355,2,c0000000
header,274,548510790,0,0,c4000000
ready,273,548510791,37,2,cc000000
complete,274,550485783,1975029,0,cc000000
header,275,550485819,0,1,cc000000
present,273,550509195,2002000,2,cc000000
complete,275,552498315,2012532,1,cc000000
header,276,552498351,0,2,cc000000
present,274,552511195,2002000,0,cc000000
present,275,554513195,2002000,1,c0000000
complete,276,554522730,2024415,2,c0000000
header,277,554522766,0,0,c4000000
ready,276,554522767,37,2,cc000000
present,276,556515195,2002000,2,c0000000
complete,277,556548291,2025561,0,c0000000
header,278,556548327,0,1,c4000000
ready,277,556548328,37,0,cc000000
present,277,558517195,2002000,0,c0000000
complete,278,558568566,2020275,1,c0000000
header,279,558568602,0,2,c4000000
ready,278,558568603,37,1,cc000000
present,278,560519195,2002000,1,c0000000
complete,279,560582064,2013498,2,c0000000
header,280,560582100,0,0,c4000000
ready,279,560582101,37,2,cc000000
present,279,562521195,2002000,2,c0000000
complete,280,562580728,1998664,0,c0000000
header,281,562580764,0,1,c4000000
ready,280,562580765,37,0,cc000000
present,280,564523195,2002000,0,c0000000
complete,281,564562642,1981914,1,c0000000
header,282,564562678,0,2,c4000000
ready,281,564562679,37,1,cc000000
present,281,566525195,2002000,1,c0000000
complete,282,566539380,1976738,2,c0000000
header,283,566539416,0,0,c4000000
ready,282,566539417,37,2,cc000000
complete,283,568515828,1976448,0,cc000000
header,284,568515864,0,1,cc000000
present,282,568527195,2002000,2,cc000000
complete,284,570505185,1989357,1,cc000000
header,285,570505221,0,2,cc000000
present,283,570529195,2002000,0,cc000000
complete,285,572506500,2001315,2,cc000000
header,286,572506536,0,0,cc000000
present,284,572531195,2002000,1,cc000000
complete,286,574508745,2002245,0,cc000000
header,287,574508781,0,1,cc000000
present,285,574533195,2002000,2,cc000000
present,286,576535195,2002000,0,c0000000
complete,287,576625605,2116860,1,c0000000
header,288,576625641,0,2,c4000000
ready,287,576625642,37,1,cc000000
present,287,578537195,2002000,1,c0000000
complete,288,578618289,1992684,2,c0000000
header,289,578618325,0,0,c4000000
ready,288,578618326,37,2,cc000000
present,288,580539195,2002000,2,c0000000
complete,289,580644893,2026604,0,c0000000
header,290,580644929,0,1,c4000000
ready,289,580644930,37,0,cc000000
present,289,582541195,2002000,0,c0000000
complete,290,582663097,2018204,1,c0000000
header,291,582663133,0,2,c4000000
ready,290,582663134,37,1,cc000000
present,290,584543195,2002000,1,c0000000
complete,291,584661678,1998581,2,c0000000
header,292,584661714,0,0,c4000000
ready,291,584661715,37,2,cc000000
present,291,586545195,2002000,2,c0000000
complete,292,586631667,1969989,0,c0000000
header,293,586631703,0,1,c4000000
ready,292,586631704,37,0,cc000000
present,292,588547195,2002000,0,c0000000
complete,293,588564246,1932579,1,c0000000
header,294,588564282,0,2,c4000000
ready,293,588564283,37,1,cc000000
complete,294,590474489,1910243,2,cc000000
header,295,590474525,0,0,cc000000
present,293,590549195,2002000,1,cc000000
complete,295,592535913,2061424,0,cc000000
header,296,592535949,0,1,cc000000
present,294,592551195,2002000,2,cc000000
complete,296,594538179,2002266,1,cc000000
header,297,594538215,0,2,cc000000
present,295,594553195,2002000,0,cc000000
complete,297,596539860,2001681,2,cc000000
header,298,596539896,0,0,cc000000
present,296,596555195,2002000,1,cc000000
complete,298,598541961,2002101,0,cc000000
header,299,598541997,0,1,cc000000
present,297,598557195,2002000,2,cc000000
complete,299,600543832,2001871,1,cc000000
header,300,600543868,0,2,cc000000
present,298,600559195,2002000,0,cc000000
present,299,602561195,2002000,1,c0000000
complete,300,602591893,2048061,2,c0000000
header,301,602591929,0,0,c4000000
ready,300,602591930,37,2,cc000000
present,300,604563195,2002000,2,c0000000
complete,301,604624286,2032393,0,c0000000
header,302,604624322,0,1,c4000000
ready,301,604624323,37,0,cc000000
present,301,606565195,2002000,0,c0000000
complete,302,606656883,2032597,1,c0000000
header,303,606656919,0,2,c4000000
ready,302,606656920,37,1,cc000000
present,302,608567195,2002000,1,c0000000
complete,303,608606907,1950024,2,c0000000
header,304,608606943,0,0,c4000000
ready,303,608606944,37,2,cc000000
present,303,610569195,2002000,2,c0000000
complete,304,610639895,2032988,0,c0000000
header,305,610639931,0,1,c4000000
ready,304,610639932,37,0,cc000000
present,304,612571195,2002000,0,c0000000
complete,305,612590323,1950428,1,c0000000
header,306,612590359,0,2,c4000000
ready,305,612590360,37,1,cc000000
present,305,614573195,2002000,1,c0000000
complete,306,614623100,2032777,2,c0000000
header,307,614623136,0,0,c4000000
ready,306,614623137,37,2,cc000000
complete,307,616573427,1950327,0,cc000000
header,308,616573463,0,1,cc000000
present,306,616575195,2002000,2,cc000000
present,307,618577195,2002000,0,c0000000
complete,308,618608017,2034590,1,c0000000
header,309,618608053,0,2,c4000000
ready,308,618608054,37,1,cc000000
present,308,620579195,2002000,1,c0000000
complete,309,620641590,2033573,2,c0000000
header,310,620641626,0,0,c4000000
ready,309,620641627,37,2,cc000000
present,309,622581195,2002000,2,c0000000
complete,310,622592213,1950623,0,c0000000
header,311,622592249,0,1,c4000000
ready,310,622592250,37,0,cc000000
present,310,624583195,2002000,0,c0000000
complete,311,624625802,2033589,1,c0000000
header,312,624625838,0,2,c4000000
ready,311,624625839,37,1,cc000000
complete,312,626576376,1950574,2,cc000000
header,313,626576412,0,0,cc000000
present,311,626585195,2002000,1,cc000000
present,312,628587195,2002000,2,c0000000
complete,313,628618809,2042433,0,c0000000
header,314,628618845,0,1,c4000000
ready,313,628618846,37,0,cc000000
complete,314,630569431,1950622,1,cc000000
header,315,630569467,0,2,cc000000
present,313,630589195,2002000,0,cc000000
present,314,632591195,2002000,1,c0000000
complete,315,632622760,2053329,2,c0000000
header,316,632622796,0,0,c4000000
ready,315,632622797,37,2,cc000000
complete,316,634574291,1951531,0,cc000000
header,317,634574327,0,1,cc000000
present,315,634593195,2002000,2,cc000000
present,316,636595195,2002000,0,c0000000
complete,317,636628136,2053845,1,c0000000
header,318,636628172,0,2,c4000000
ready,317,636628173,37,1,cc000000
complete,318,638580155,1952019,2,cc000000
header,319,638580191,0,0,cc000000
present,317,638597195,2002000,1,cc000000
present,318,640599195,2002000,2,c0000000
complete,319,640632916,2052761,0,c0000000
header,320,640632952,0,1,c4000000
ready,319,640632953,37,0,cc000000
complete,320,642585764,1952848,1,cc000000
header,321,642585800,0,2,cc000000
present,319,642601195,2002000,0,cc000000
present,320,644603195,2002000,1,c0000000
complete,321,644637904,2052140,2,c0000000
header,322,644637940,0,0,c4000000
ready,321,644637941,37,2,cc000000
complete,322,646591638,1953734,0,cc000000
header,323,646591674,0,1,cc000000
present,321,646605195,2002000,2,cc000000
present,322,648607195,2002000,0,c0000000
complete,323,648642786,2051148,1,c0000000
header,324,648642822,0,2,c4000000
ready,323,648642823,37,1,cc000000
complete,324,650597136,1954350,2,cc000000
header,325,650597172,0,0,cc000000
present,323,650609195,2002000,1,cc000000
present,324,652611195,2002000,2,c0000000
complete,325,652648484,2051348,0,c0000000
header,326,652648520,0,1,c4000000
ready,325,652648521,37,0,cc000000
complete,326,654604036,1955552,1,cc000000
header,327,654604072,0,2,cc000000
present,325,654613195,2002000,0,cc000000
present,326,656615195,2002000,1,c0000000
complete,327,656654001,2049965,2,c0000000
header,328,656654037,0,0,c4000000
ready,327,656654038,37,2,cc000000
complete,328,658610218,1956217,0,cc000000
header,329,658610254,0,1,cc000000
present,327,658617195,2002000,2,cc000000
present,328,660619195,2002000,0,c0000000
complete,329,660658869,2048651,1,c0000000
header,330,660658905,0,2,c4000000
ready,329,660658906,37,1,cc000000
complete,330,662616000,1957131,2,cc000000
header,331,662616036,0,0,cc000000
present,329,662621195,2002000,1,cc000000
present,330,664623195,2002000,2,c0000000
complete,331,664662965,2046965,0,c0000000
header,332,664663001,0,1,c4000000
ready,331,664663002,37,0,cc000000
complete,332,666620099,1957134,1,cc000000
header,333,666620135,0,2,cc000000
present,331,666625195,2002000,0,cc000000
complete,333,668582557,1962458,2,cc000000
header,334,668582593,0,0,cc000000
present,332,668627195,2002000,1,cc000000
present,333,670629195,2002000,2,c0000000
complete,334,670669671,2087114,0,c0000000
header,335,670669707,0,1,c4000000
ready,334,670669708,37,0,cc000000
complete,335,672626611,1956940,1,cc000000
header,336,672626647,0,2,cc000000
present,334,672631195,2002000,0,cc000000
present,335,674633195,2002000,1,c0000000
complete,336,674673084,2046473,2,c0000000
header,337,674673120,0,0,c4000000
ready,336,674673121,37,2,cc000000
complete,337,676628330,1955246,0,cc000000
header,338,676628366,0,1,cc000000
present,336,676635195,2002000,2,cc000000
present,337,678637195,2002000,0,c0000000
complete,338,678672921,2044591,1,c0000000
header,339,678672957,0,2,c4000000
ready,338,678672958,37,1,cc000000
complete,339,680624589,1951668,2,cc000000
header,340,680624625,0,0,cc000000
present,338,680639195,2002000,1,cc000000
present,339,682641195,2002000,2,c0000000
complete,340,682672936,2048347,0,c0000000
header,341,682672972,0,1,c4000000
ready,340,682672973,37,0,cc000000
complete,341,684618774,1945838,1,cc000000
header,342,684618810,0,2,cc000000
present,340,684643195,2002000,0,cc000000
present,341,686645195,2002000,1,c0000000
complete,342,686674213,2055439,2,c0000000
header,343,686674249,0,0,c4000000
ready,342,686674250,37,2,cc000000
complete,343,688626104,1951891,0,cc000000
header,344,688626140,0,1,cc000000
present,342,688647195,2002000,2,cc000000
present,343,690649195,2002000,0,c0000000
complete,344,690692646,2066542,1,c0000000
header,345,690692682,0,2,c4000000
ready,344,690692683,37,1,cc000000
present,344,692651195,2002000,1,c0000000
complete,345,692671144,1978498,2,c0000000
header,346,692671180,0,0,c4000000
ready,345,692671181,37,2,cc000000
present,345,694653195,2002000,2,c0000000
complete,346,694713926,2042782,0,c0000000
header,347,694713962,0,1,c4000000
ready,346,694713963,37,0,cc000000
present,346,696655195,2002000,0,c0000000
complete,347,696972077,2258151,1,c0000000
header,348,696972113,0,2,c4000000
ready,347,696972114,37,1,cc000000
present,347,698657195,2002000,1,c0000000
complete,348,699310322,2338245,2,c0000000
header,349,699310358,0,0,c4000000
ready,348,699310359,37,2,cc000000
present,348,700659195,2002000,2,c0000000
complete,349,701267917,1957595,0,c0000000
header,350,701267953,0,1,c4000000
ready,349,701267954,37,0,cc000000
present,349,702661195,2002000,0,c0000000
complete,350,703260853,1992936,1,c0000000
header,351,703260889,0,2,c4000000
ready,350,703260890,37,1,cc000000
present,350,704663195,2002000,1,c0000000
complete,351,705256196,1995343,2,c0000000
header,352,705256232,0,0,c4000000
ready,351,705256233,37,2,cc000000
present,351,706665195,2002000,2,c0000000
complete,352,707248521,1992325,0,c0000000
header,353,707248557,0,1,c4000000
ready,352,707248558,37,0,cc000000
present,352,708667195,2002000,0,c0000000
complete,353,709235101,1986580,1,c0000000
header,354,709235137,0,2,c4000000
ready,353,709235138,37,1,cc000000
present,353,710669195,2002000,1,c0000000
complete,354,711218410,1983309,2,c0000000
header,355,711218446,0,0,c4000000
ready,354,711218447,37,2,cc000000
present,354,712671195,2002000,2,c0000000
complete,355,713196085,1977675,0,c0000000
header,356,713196121,0,1,c4000000
ready,355,713196122,37,0,cc000000
present,355,714673195,2002000,0,c0000000
complete,356,715172191,1976106,1,c0000000
header,357,715172227,0,2,c4000000
ready,356,715172228,37,1,cc000000
present,356,716675195,2002000,1,c0000000
complete,357,717141387,1969196,2,c0000000
header,358,717141423,0,0,c4000000
ready,357,717141424,37,2,cc000000
present,357,718677195,2002000,2,c0000000
complete,358,719104341,1962954,0,c0000000
header,359,719104377,0,1,c4000000
ready,358,719104378,37,0,cc000000
present,358,720679195,2002000,0,c0000000
complete,359,721058041,1953700,1,c0000000
header,360,721058077,0,2,c4000000
ready,359,721058078,37,1,cc000000
present,359,722681195,2002000,1,c0000000
complete,360,723002718,1944677,2,c0000000
header,361,723002754,0,0,c4000000
ready,360,723002755,37,2,cc000000
present,360,724683195,2002000,2,c0000000
complete,361,724933927,1931209,0,c0000000
header,362,724933963,0,1,c4000000
ready,361,724933964,37,0,cc000000
present,361,726685195,2002000,0,c0000000
complete,362,726852082,1918155,1,c0000000
header,363,726852118,0,2,c4000000
ready,362,726852119,37,1,cc000000
present,362,728687195,2002000,1,c0000000
complete,363,728758584,1906502,2,c0000000
header,364,728758620,0,0,c4000000
ready,363,728758621,37,2,cc000000
complete,364,730671299,1912715,0,cc000000
header,365,730671335,0,1,cc000000
present,363,730689195,2002000,2,cc000000
complete,365,732611809,1940510,1,cc000000
header,366,732611845,0,2,cc000000
present,364,732691195,2002000,0,cc000000
complete,366,734633796,2021987,2,cc000000
header,367,734633832,0,0,cc000000
present,365,734693195,2002000,1,cc000000
complete,367,736666825,2033029,0,cc000000
header,368,736666861,0,1,cc000000
present,366,736695195,2002000,2,cc000000
complete,368,738664327,1997502,1,cc000000
header,369,738664363,0,2,cc000000
present,367,738697195,2002000,0,cc000000
present,368,740699195,2002000,1,c0000000
complete,369,740702854,2038527,2,c0000000
header,370,740702890,0,0,c4000000
ready,369,740702891,37,2,cc000000
present,369,742701195,2002000,2,c0000000
complete,370,742709921,2007067,0,c0000000
header,371,742709957,0,1,c4000000
ready,370,742709958,37,0,cc000000
present,370,744703195,2002000,0,c0000000
complete,371,744709715,1999794,1,c0000000
header,372,744709751,0,2,c4000000
ready,371,744709752,37,1,cc000000
present,371,746705195,2002000,1,c0000000
complete,372,746710037,2000322,2,c0000000
header,373,746710073,0,0,c4000000
ready,372,746710074,37,2,cc000000
complete,373,748693885,1983848,0,cc000000
header,374,748693921,0,1,cc000000
present,372,748707195,2002000,2,cc000000
present,373,750709195,2002000,0,c0000000
complete,374,750751880,2057995,1,c0000000
header,375,750751916,0,2,c4000000
ready,374,750751917,37,1,cc000000
complete,375,752701745,1949865,2,cc000000
header,376,752701781,0,0,cc000000
present,374,752711195,2002000,1,cc000000
present,375,754713195,2002000,2,c0000000
complete,376,754724332,2022587,0,c0000000
header,377,754724368,0,1,c4000000
ready,376,754724369,37,0,cc000000
present,376,756715195,2002000,0,c0000000
complete,377,756735313,2010981,1,c0000000
header,378,756735349,0,2,c4000000
ready,377,756735350,37,1,cc000000
present,377,758717195,2002000,1,c0000000
complete,378,759000563,2265250,2,c0000000
header,379,759000599,0,0,c4000000
ready,378,759000600,37,2,cc000000
present,378,760719195,2002000,2,c0000000
complete,379,760781722,1781159,0,c0000000
header,380,760781758,0,1,c4000000
ready,379,760781759,37,0,cc000000
complete,380,762631060,1849338,1,cc000000
header,381,762631096,0,2,cc000000
present,379,762721195,2002000,0,cc000000
complete,381,764678434,2047374,2,cc000000
header,382,764678470,0,0,cc000000
present,380,764723195,2002000,1,cc000000
complete,382,766716630,2038196,0,cc000000
header,383,766716666,0,1,cc000000
present,381,766725195,2002000,2,cc000000
present,382,768727195,2002000,0,c0000000
complete,383,768764582,2047952,1,c0000000
header,384,768764618,0,2,c4000000
ready,383,768764619,37,1,cc000000
present,383,770729195,2002000,1,c0000000
complete,384,770840395,2075813,2,c0000000
header,385,770840431,0,0,c4000000
ready,384,770840432,37,2,cc000000
present,384,772731195,2002000,2,c0000000
complete,385,772950013,2109618,0,c0000000
header,386,772950049,0,1,c4000000
ready,385,772950050,37,0,cc000000
present,385,774733195,2002000,0,c0000000
complete,386,774991884,2041871,1,c0000000
header,387,774991920,0,2,c4000000
ready,386,774991921,37,1,cc000000
present,386,776735195,2002000,1,c0000000
complete,387,777055731,2063847,2,c0000000
header,388,777055767,0,0,c4000000
ready,387,777055768,37,2,cc000000
present,387,778737195,2002000,2,c0000000
complete,388,779067768,2012037,0,c0000000
header,389,779067804,0,1,c4000000
ready,388,779067805,37,0,cc000000
present,388,780739195,2002000,0,c0000000
complete,389,781072936,2005168,1,c0000000
header,390,781072972,0,2,c4000000
ready,389,781072973,37,1,cc000000
present,389,782741195,2002000,1,c0000000
complete,390,783012392,1939456,2,c0000000
header,391,783012428,0,0,c4000000
ready,390,783012429,37,2,cc000000
present,390,784743195,2002000,2,c0000000
complete,391,784934427,1922035,0,c0000000
header,392,784934463,0,1,c4000000
ready,391,784934464,37,0,cc000000
present,391,786745195,2002000,0,c0000000
complete,392,786884900,1950473,1,c0000000
header,393,786884936,0,2,c4000000
ready,392,786884937,37,1,cc000000
present,392,788747195,2002000,1,c0000000
complete,393,788799783,1914883,2,c0000000
header,394,788799819,0,0,c4000000
ready,393,788799820,37,2,cc000000
complete,394,790697117,1897334,0,cc000000
header,395,790697153,0,1,cc000000
present,393,790749195,2002000,2,cc000000
complete,395,792670661,1973544,1,cc000000
header,396,792670697,0,2,cc000000
present,394,792751195,2002000,0,cc000000
complete,396,794694802,2024141,2,cc000000
header,397,794694838,0,0,cc000000
present,395,794753195,2002000,1,cc000000
complete,397,796674620,1979818,0,cc000000
header,398,796674656,0,1,cc000000
present,396,796755195,2002000,2,cc000000
complete,398,798665538,1990918,1,cc000000
header,399,798665574,0,2,cc000000
present,397,798757195,2002000,0,cc000000
complete,399,800677696,2012158,2,cc000000
header,400,800677732,0,0,cc000000
present,398,800759195,2002000,1,cc000000
complete,400,802702002,2024306,0,cc000000
header,401,802702038,0,1,cc000000
present,399,802761195,2002000,2,cc000000
complete,401,804715214,2013212,1,cc000000
header,402,804715250,0,2,cc000000
present,400,804763195,2002000,0,cc000000
complete,402,806737273,2022059,2,cc000000
header,403,806737309,0,0,cc000000
present,401,806765195,2002000,1,cc000000
complete,403,808739677,2002404,0,cc000000
header,404,808739713,0,1,cc000000
present,402,808767195,2002000,2,cc000000
complete,404,810757654,2017977,1,cc000000
header,405,810757690,0,2,cc000000
present,403,810769195,2002000,0,cc000000
present,404,812771195,2002000,1,c0000000
complete,405,812785302,2027648,2,c0000000
header,406,812785338,0,0,c4000000
ready,405,812785339,37,2,cc000000
present,405,814773195,2002000,2,c0000000
complete,406,814970935,2185633,0,c0000000
header,407,814970971,0,1,c4000000
ready,406,814970972,37,0,cc000000
present,406,816775195,2002000,0,c0000000
complete,407,817131943,2161008,1,c0000000
header,408,817131979,0,2,c4000000
ready,407,817131980,37,1,cc000000
present,407,818777195,2002000,1,c0000000
complete,408,819198173,2066230,2,c0000000
header,409,819198209,0,0,c4000000
ready,408,819198210,37,2,cc000000
present,408,820779195,2002000,2,c0000000
complete,409,821315741,2117568,0,c0000000
header,410,821315777,0,1,c4000000
ready,409,821315778,37,0,cc000000
present,409,822781195,2002000,0,c0000000
complete,410,823614174,2298433,1,c0000000
header,411,823614210,0,2,c4000000
ready,410,823614211,37,1,cc000000
present,410,824783195,2002000,1,c0000000
complete,411,825657295,2043121,2,c0000000
header,412,825657331,0,0,c4000000
ready,411,825657332,37,2,cc000000
present,411,826785195,2002000,2,c0000000
complete,412,827613165,1955870,0,c0000000
header,413,827613201,0,1,c4000000
ready,412,827613202,37,0,cc000000
present,412,828787195,2002000,0,c0000000
complete,413,829567819,1954654,1,c0000000
header,414,829567855,0,2,c4000000
ready,413,829567856,37,1,cc000000
present,413,830789195,2002000,1,c0000000
complete,414,831523855,1956036,2,c0000000
header,415,831523891,0,0,c4000000
ready,414,831523892,37,2,cc000000
present,414,832791195,2002000,2,c0000000
complete,415,833507494,1983639,0,c0000000
header,416,833507530,0,1,c4000000
ready,415,833507531,37,0,cc000000
present,415,834793195,2002000,0,c0000000
complete,416,835512324,2004830,1,c0000000
header,417,835512360,0,2,c4000000
ready,416,835512361,37,1,cc000000
present,416,836795195,2002000,1,c0000000
complete,417,837476691,1964367,2,c0000000
header,418,837476727,0,0,c4000000
ready,417,837476728,37,2,cc000000
present,417,838797195,2002000,2,c0000000
complete,418,839451637,1974946,0,c0000000
header,419,839451673,0,1,c4000000
ready,418,839451674,37,0,cc000000
present,418,840799195,2002000,0,c0000000
complete,419,841455707,2004070,1,c0000000
header,420,841455743,0,2,c4000000
ready,419,841455744,37,1,cc000000
present,419,842801195,2002000,1,c0000000
complete,420,843433496,1977789,2,c0000000
header,421,843433532,0,0,c4000000
ready,420,843433533,37,2,cc000000
present,420,844803195,2002000,2,c0000000
complete,421,845435291,2001795,0,c0000000
header,422,845435327,0,1,c4000000
ready,421,845435328,37,0,cc000000
present,421,846805195,2002000,0,c0000000
complete,422,847458025,2022734,1,c0000000
header,423,847458061,0,2,c4000000
ready,422,847458062,37,1,cc000000
present,422,848807195,2002000,1,c0000000
complete,423,849457203,1999178,2,c0000000
header,424,849457239,0,0,c4000000
ready,423,849457240,37,2,cc000000
present,423,850809195,2002000,2,c0000000
complete,424,851439474,1982271,0,c0000000
header,425,851439510,0,1,c4000000
ready,424,851439511,37,0,cc000000
present,424,852811195,2002000,0,c0000000
complete,425,853478830,2039356,1,c0000000
header,426,853478866,0,2,c4000000
ready,425,853478867,37,1,cc000000
present,425,854813195,2002000,1,c0000000
complete,426,855451744,1972914,2,c0000000
header,427,855451780,0,0,c4000000
ready,426,855451781,37,2,cc000000
present,426,856815195,2002000,2,c0000000
complete,427,857424978,1973234,0,c0000000
header,428,857425014,0,1,c4000000
ready,427,857425015,37,0,cc000000
present,427,858817195,2002000,0,c0000000
complete,428,859394860,1969882,1,c0000000
header,429,859394896,0,2,c4000000
ready,428,859394897,37,1,cc000000
present,428,860819195,2002000,1,c0000000
complete,429,861380597,1985737,2,c0000000
header,430,861380633,0,0,c4000000
ready,429,861380634,37,2,cc000000
present,429,862821195,2002000,2,c0000000
complete,430,863272713,1892116,0,c0000000
header,431,863272749,0,1,c4000000
ready,430,863272750,37,0,cc000000
present,430,864823195,2002000,0,c0000000
complete,431,865197312,1924599,1,c0000000
header,432,865197348,0,2,c4000000
ready,431,865197349,37,1,cc000000
present,431,866825195,2002000,1,c0000000
complete,432,867120023,1922711,2,c0000000
header,433,867120059,0,0,c4000000
ready,432,867120060,37,2,cc000000
present,432,868827195,2002000,2,c0000000
complete,433,869116999,1996976,0,c0000000
header,434,869117035,0,1,c4000000
ready,433,869117036,37,0,cc000000
present,433,870829195,2002000,0,c0000000
complete,434,871130422,2013423,1,c0000000
header,435,871130458,0,2,c4000000
ready,434,871130459,37,1,cc000000
present,434,872831195,2002000,1,c0000000
complete,435,873142555,2012133,2,c0000000
header,436,873142591,0,0,c4000000
ready,435,873142592,37,2,cc000000
present,435,874833195,2002000,2,c0000000
complete,436,875247070,2104515,0,c0000000
header,437,875247106,0,1,c4000000
ready,436,875247107,37,0,cc000000
present,436,876835195,2002000,0,c0000000
complete,437,877236485,1989415,1,c0000000
header,438,877236521,0,2,c4000000
ready,437,877236522,37,1,cc000000
present,437,878837195,2002000,1,c0000000
complete,438,879227263,1990778,2,c0000000
header,439,879227299,0,0,c4000000
ready,438,879227300,37,2,cc000000
present,438,880839195,2002000,2,c0000000
complete,439,881238215,2010952,0,c0000000
header,440,881238251,0,1,c4000000
ready,439,881238252,37,0,cc000000
present,439,882841195,2002000,0,c0000000
complete,440,883229511,1991296,1,c0000000
header,441,883229547,0,2,c4000000
ready,440,883229548,37,1,cc000000
present,440,884843195,2002000,1,c0000000
complete,441,885241928,2012417,2,c0000000
header,442,885241964,0,0,c4000000
ready,441,885241965,37,2,cc000000
present,441,886845195,2002000,2,c0000000
complete,442,887232928,1991000,0,c0000000
header,443,887232964,0,1,c4000000
ready,442,887232965,37,0,cc000000
present,442,888847195,2002000,0,c0000000
complete,443,889244142,2011214,1,c0000000
header,444,889244178,0,2,c4000000
ready,443,889244179,37,1,cc000000
present,443,890849195,2002000,1,c0000000
complete,444,891234954,1990812,2,c0000000
header,445,891234990,0,0,c4000000
ready,444,891234991,37,2,cc000000
present,444,892851195,2002000,2,c0000000
complete,445,893226176,1991222,0,c0000000
header,446,893226212,0,1,c4000000
ready,445,893226213,37,0,cc000000
present,445,894853195,2002000,0,c0000000
complete,446,895218080,1991904,1,c0000000
header,447,895218116,0,2,c4000000
ready,446,895218117,37,1,cc000000
present,446,896855195,2002000,1,c0000000
complete,447,897231452,2013372,2,c0000000
header,448,897231488,0,0,c4000000
ready,447,897231489,37,2,cc000000
present,447,898857195,2002000,2,c0000000
complete,448,899224373,1992921,0,c0000000
header,449,899224409,0,1,c4000000
ready,448,899224410,37,0,cc000000
present,448,900859195,2002000,0,c0000000
complete,449,901216362,1991989,1,c0000000
header,450,901216398,0,2,c4000000
ready,449,901216399,37,1,cc000000
present,449,902861195,2002000,1,c0000000
complete,450,903165775,1949413,2,c0000000
header,451,903165811,0,0,c4000000
ready,450,903165812,37,2,cc000000
present,450,904863195,2002000,2,c0000000
complete,451,905206628,2040853,0,c0000000
header,452,905206664,0,1,c4000000
ready,451,905206665,37,0,cc000000
present,451,906865195,2002000,0,c0000000
complete,452,907244699,2038071,1,c0000000
header,453,907244735,0,2,c4000000
ready,452,907244736,37,1,cc000000
present,452,908867195,2002000,1,c0000000
complete,453,909279439,2034740,2,c0000000
header,454,909279475,0,0,c4000000
ready,453,909279476,37,2,cc000000
present,453,910869195,2002000,2,c0000000
complete,454,911307178,2027739,0,c0000000
header,455,911307214,0,1,c4000000
ready,454,911307215,37,0,cc000000
present,454,912871195,2002000,0,c0000000
complete,455,914222565,2915387,1,c0000000
header,456,914222601,0,2,c4000000
ready,455,914222602,37,1,cc000000
present,455,914873195,2002000,1,c0000000
complete,456,916309440,2086875,2,c0000000
header,457,916309476,0,0,c4000000
ready,456,916309477,37,2,cc000000
present,456,916875195,2002000,2,c0000000
complete,457,918110303,1800863,0,c0000000
header,458,918110339,0,1,c4000000
ready,457,918110340,37,0,cc000000
present,457,918877195,2002000,0,c0000000
complete,458,919983798,1873495,1,c0000000
header,459,919983834,0,2,c4000000
ready,458,919983835,37,1,cc000000
present,458,920879195,2002000,1,c0000000
complete,459,921861425,1877627,2,c0000000
header,460,921861461,0,0,c4000000
ready,459,921861462,37,2,cc000000
present,459,922881195,2002000,2,c0000000
complete,460,923750518,1889093,0,c0000000
header,461,923750554,0,1,c4000000
ready,460,923750555,37,0,cc000000
present,460,924883195,2002000,0,c0000000
complete,461,925705268,1954750,1,c0000000
header,462,925705304,0,2,c4000000
ready,461,925705305,37,1,cc000000
present,461,926885195,2002000,1,c0000000
complete,462,927660661,1955393,2,c0000000
header,463,927660697,0,0,c4000000
ready,462,927660698,37,2,cc000000
present,462,928887195,2002000,2,c0000000
complete,463,929623414,1962753,0,c0000000
header,464,929623450,0,1,c4000000
ready,463,929623451,37,0,cc000000
present,463,930889195,2002000,0,c0000000
complete,464,931601237,1977823,1,c0000000
header,465,931601273,0,2,c4000000
ready,464,931601274,37,1,cc000000
present,464,932891195,2002000,1,c0000000
complete,465,933578349,1977112,2,c0000000
header,466,933578385,0,0,c4000000
ready,465,933578386,37,2,cc000000
present,465,934893195,2002000,2,c0000000
complete,466,935558447,1980098,0,c0000000
header,467,935558483,0,1,c4000000
ready,466,935558484,37,0,cc000000
present,466,936895195,2002000,0,c0000000
complete,467,937545822,1987375,1,c0000000
header,468,937545858,0,2,c4000000
ready,467,937545859,37,1,cc000000
present,467,938897195,2002000,1,c0000000
complete,468,939539029,1993207,2,c0000000
header,469,939539065,0,0,c4000000
ready,468,939539066,37,2,cc000000
present,468,940899195,2002000,2,c0000000
complete,469,941532246,1993217,0,c0000000
header,470,941532282,0,1,c4000000
ready,469,941532283,37,0,cc000000
present,469,942901195,2002000,0,c0000000
complete,470,943528101,1995855,1,c0000000
header,471,943528137,0,2,c4000000
ready,470,943528138,37,1,cc000000
present,470,944903195,2002000,1,c0000000
complete,471,945525222,1997121,2,c0000000
header,472,945525258,0,0,c4000000
ready,471,945525259,37,2,cc000000
present,471,946905195,2002000,2,c0000000
complete,472,947645678,2120456,0,c0000000
header,473,947645714,0,1,c4000000
ready,472,947645715,37,0,cc000000
present,472,948907195,2002000,0,c0000000
complete,473,949606200,1960522,1,c0000000
header,474,949606236,0,2,c4000000
ready,473,949606237,37,1,cc000000
present,473,950909195,2002000,1,c0000000
complete,474,951576517,1970317,2,c0000000
header,475,951576553,0,0,c4000000
ready,474,951576554,37,2,cc000000
present,474,952911195,2002000,2,c0000000
complete,475,953542726,1966209,0,c0000000
header,476,953542762,0,1,c4000000
ready,475,953542763,37,0,cc000000
present,475,954913195,2002000,0,c0000000
complete,476,955507725,1964999,1,c0000000
header,477,955507761,0,2,c4000000
ready,476,955507762,37,1,cc000000
present,476,956915195,2002000,1,c0000000
complete,477,957489666,1981941,2,c0000000
header,478,957489702,0,0,c4000000
ready,477,957489703,37,2,cc000000
present,477,958917195,2002000,2,c0000000
complete,478,959472866,1983200,0,c0000000
header,479,959472902,0,1,c4000000
ready,478,959472903,37,0,cc000000
present,478,960919195,2002000,0,c0000000
complete,479,961455350,1982484,1,c0000000
header,480,961455386,0,2,c4000000
ready,479,961455387,37,1,cc000000
present,479,962921195,2002000,1,c0000000
complete,480,963556875,2101525,2,c0000000
header,481,963556911,0,0,c4000000
ready,480,963556912,37,2,cc000000
present,480,964923195,2002000,2,c0000000
complete,481,965518240,1961365,0,c0000000
header,482,965518276,0,1,c4000000
ready,481,965518277,37,0,cc000000
present,481,966925195,2002000,0,c0000000
complete,482,967478392,1960152,1,c0000000
header,483,967478428,0,2,c4000000
ready,482,967478429,37,1,cc000000
present,482,968927195,2002000,1,c0000000
complete,483,969451203,1972811,2,c0000000
header,484,969451239,0,0,c4000000
ready,483,969451240,37,2,cc000000
present,483,970929195,2002000,2,c0000000
complete,484,971539553,2088350,0,c0000000
header,485,971539589,0,1,c4000000
ready,484,971539590,37,0,cc000000
present,484,972931195,2002000,0,c0000000
complete,485,973489017,1949464,1,c0000000
header,486,973489053,0,2,c4000000
ready,485,973489054,37,1,cc000000
present,485,974933195,2002000,1,c0000000
complete,486,975452799,1963782,2,c0000000
header,487,975452835,0,0,c4000000
ready,486,975452836,37,2,cc000000
present,486,976935195,2002000,2,c0000000
complete,487,977416662,1963863,0,c0000000
header,488,977416698,0,1,c4000000
ready,487,977416699,37,0,cc000000
present,487,978937195,2002000,0,c0000000
complete,488,979499052,2082390,1,c0000000
header,489,979499088,0,2,c4000000
ready,488,979499089,37,1,cc000000
present,488,980939195,2002000,1,c0000000
complete,489,981463530,1964478,2,c0000000
header,490,981463566,0,0,c4000000
ready,489,981463567,37,2,cc000000
present,489,982941195,2002000,2,c0000000
complete,490,983427708,1964178,0,c0000000
header,491,983427744,0,1,c4000000
ready,490,983427745,37,0,cc000000
present,490,984943195,2002000,0,c0000000
complete,491,985394583,1966875,1,c0000000
header,492,985394619,0,2,c4000000
ready,491,985394620,37,1,cc000000
present,491,986945195,2002000,1,c0000000
complete,492,987485732,2091149,2,c0000000
header,493,987485768,0,0,c4000000
ready,492,987485769,37,2,cc000000
present,492,988947195,2002000,2,c0000000
complete,493,989462898,1977166,0,c0000000
header,494,989462934,0,1,c4000000
ready,493,989462935,37,0,cc000000
present,493,990949195,2002000,0,c0000000
complete,494,991444766,1981868,1,c0000000
header,495,991444802,0,2,c4000000
ready,494,991444803,37,1,cc000000
present,494,992951195,2002000,1,c0000000
complete,495,993430636,1985870,2,c0000000
header,496,993430672,0,0,c4000000
ready,495,993430673,37,2,cc000000
present,495,994953195,2002000,2,c0000000
complete,496,995419502,1988866,0,c0000000
header,497,995419538,0,1,c4000000
ready,496,995419539,37,0,cc000000
present,496,996955195,2002000,0,c0000000
complete,497,997409923,1990421,1,c0000000
header,498,997409959,0,2,c4000000
ready,497,997409960,37,1,cc000000
present,497,998957195,2002000,1,c0000000
complete,498,999401416,1991493,2,c0000000
header,499,999401452,0,0,c4000000
ready,498,999401453,37,2,cc000000
present,498,1000959195,2002000,2,c0000000
complete,499,1001392453,1991037,0,c0000000
header,500,1001392489,0,1,c4000000
ready,499,1001392490,37,0,cc000000
present,499,1002961195,2002000,0,c0000000
complete,500,1003387173,1994720,1,c0000000
header,501,1003387209,0,2,c4000000
ready,500,1003387210,37,1,cc000000
present,500,1004963195,2002000,1,c0000000
complete,501,1005380813,1993640,2,c0000000
header,502,1005380849,0,0,c4000000
ready,501,1005380850,37,2,cc000000
present,501,1006965195,2002000,2,c0000000
complete,502,1007375089,1994276,0,c0000000
header,503,1007375125,0,1,c4000000
ready,502,1007375126,37,0,cc000000
present,502,1008967195,2002000,0,c0000000
complete,503,1009366504,1991415,1,c0000000
header,504,1009366540,0,2,c4000000
ready,503,1009366541,37,1,cc000000
present,503,1010969195,2002000,1,c0000000
complete,504,1011356582,1990078,2,c0000000
header,505,1011356618,0,0,c4000000
ready,504,1011356619,37,2,cc000000
present,504,1012971195,2002000,2,c0000000
complete,505,1013475831,2119249,0,c0000000
header,506,1013475867,0,1,c4000000
ready,505,1013475868,37,0,cc000000
present,505,1014973195,2002000,0,c0000000
complete,506,1015439906,1964075,1,c0000000
header,507,1015439942,0,2,c4000000
ready,506,1015439943,37,1,cc000000
present,506,1016975195,2002000,1,c0000000
complete,507,1017417670,1977764,2,c0000000
header,508,1017417706,0,0,c4000000
ready,507,1017417707,37,2,cc000000
present,507,1018977195,2002000,2,c0000000
complete,508,1019392868,1975198,0,c0000000
header,509,1019392904,0,1,c4000000
ready,508,1019392905,37,0,cc000000
present,508,1020979195,2002000,0,c0000000
complete,509,1021360596,1967728,1,c0000000
header,510,1021360632,0,2,c4000000
ready,509,1021360633,37,1,cc000000
present,509,1022981195,2002000,1,c0000000
complete,510,1023323499,1962903,2,c0000000
header,511,1023323535,0,0,c4000000
ready,510,1023323536,37,2,cc000000
present,510,1024983195,2002000,2,c0000000
complete,511,1025295741,1972242,0,c0000000
header,512,1025295777,0,1,c4000000
ready,511,1025295778,37,0,cc000000
present,511,1026985195,2002000,0,c0000000
complete,512,1027268368,1972627,1,c0000000
header,513,1027268404,0,2,c4000000
ready,512,1027268405,37,1,cc000000
present,512,1028987195,2002000,1,c0000000
complete,513,1029359081,2090713,2,c0000000
header,514,1029359117,0,0,c4000000
ready,513,1029359118,37,2,cc000000
present,513,1030989195,2002000,2,c0000000
complete,514,1031327256,1968175,0,c0000000
header,515,1031327292,0,1,c4000000
ready,514,1031327293,37,0,cc000000
present,514,1032991195,2002000,0,c0000000
complete,515,1033292679,1965423,1,c0000000
header,516,1033292715,0,2,c4000000
ready,515,1033292716,37,1,cc000000
present,515,1034993195,2002000,1,c0000000
complete,516,1035374589,2081910,2,c0000000
header,517,1035374625,0,0,c4000000
ready,516,1035374626,37,2,cc000000
present,516,1036995195,2002000,2,c0000000
complete,517,1037316548,1941959,0,c0000000
header,518,1037316584,0,1,c4000000
ready,517,1037316585,37,0,cc000000
present,517,1038997195,2002000,0,c0000000
complete,518,1039268200,1951652,1,c0000000
header,519,1039268236,0,2,c4000000
ready,518,1039268237,37,1,cc000000
present,518,1040999195,2002000,1,c0000000
complete,519,1041333198,2064998,2,c0000000
header,520,1041333234,0,0,c4000000
ready,519,1041333235,37,2,cc000000
present,519,1043001195,2002000,2,c0000000
complete,520,1043278200,1945002,0,c0000000
header,521,1043278236,0,1,c4000000
ready,520,1043278237,37,0,cc000000
present,520,1045003195,2002000,0,c0000000
complete,521,1045332689,2054489,1,c0000000
header,522,1045332725,0,2,c4000000
ready,521,1045332726,37,1,cc000000
present,521,1047005195,2002000,1,c0000000
complete,522,1047266428,1933739,2,c0000000
header,523,1047266464,0,0,c4000000
ready,522,1047266465,37,2,cc000000
present,522,1049007195,2002000,2,c0000000
complete,523,1049306841,2040413,0,c0000000
header,524,1049306877,0,1,c4000000
ready,523,1049306878,37,0,cc000000
present,523,1051009195,2002000,0,c0000000
complete,524,1051237760,1930919,1,c0000000
header,525,1051237796,0,2,c4000000
ready,524,1051237797,37,1,cc000000
present,524,1053011195,2002000,1,c0000000
complete,525,1053285336,2047576,2,c0000000
header,526,1053285372,0,0,c4000000
ready,525,1053285373,37,2,cc000000
present,525,1055013195,2002000,2,c0000000
complete,526,1055226161,1940825,0,c0000000
header,527,1055226197,0,1,c4000000
ready,526,1055226198,37,0,cc000000
present,526,1057015195,2002000,0,c0000000
complete,527,1057288322,2062161,1,c0000000
header,528,1057288358,0,2,c4000000
ready,527,1057288359,37,1,cc000000
present,527,1059017195,2002000,1,c0000000
complete,528,1059239206,1950884,2,c0000000
header,529,1059239242,0,0,c4000000
ready,528,1059239243,37,2,cc000000
present,528,1061019195,2002000,2,c0000000
complete,529,1061308716,2069510,0,c0000000
header,530,1061308752,0,1,c4000000
ready,529,1061308753,37,0,cc000000
present,529,1063021195,2002000,0,c0000000
complete,530,1063245217,1936501,1,c0000000
header,531,1063245253,0,2,c4000000
ready,530,1063245254,37,1,cc000000
present,530,1065023195,2002000,1,c0000000
complete,531,1065196145,1950928,2,c0000000
header,532,1065196181,0,0,c4000000
ready,531,1065196182,37,2,cc000000
present,531,1067025195,2002000,2,c0000000
complete,532,1067260567,2064422,0,c0000000
header,533,1067260603,0,1,c4000000
ready,532,1067260604,37,0,cc000000
present,532,1069027195,2002000,0,c0000000
complete,533,1069209568,1949001,1,c0000000
header,534,1069209604,0,2,c4000000
ready,533,1069209605,37,1,cc000000
present,533,1071029195,2002000,1,c0000000
complete,534,1071273751,2064183,2,c0000000
header,535,1071273787,0,0,c4000000
ready,534,1071273788,37,2,cc000000
present,534,1073031195,2002000,2,c0000000
complete,535,1073209952,1936201,0,c0000000
header,536,1073209988,0,1,c4000000
ready,535,1073209989,37,0,cc000000
present,535,1075033195,2002000,0,c0000000
complete,536,1075160410,1950458,1,c0000000
header,537,1075160446,0,2,c4000000
ready,536,1075160447,37,1,cc000000
present,536,1077035195,2002000,1,c0000000
complete,537,1077224687,2064277,2,c0000000
header,538,1077224723,0,0,c4000000
ready,537,1077224724,37,2,cc000000
present,537,1079037195,2002000,2,c0000000
complete,538,1079174873,1950186,0,c0000000
header,539,1079174909,0,1,c4000000
ready,538,1079174910,37,0,cc000000
present,538,1081039195,2002000,0,c0000000
complete,539,1081238288,2063415,1,c0000000
header,540,1081238324,0,2,c4000000
ready,539,1081238325,37,1,cc000000
present,539,1083041195,2002000,1,c0000000
complete,540,1083187380,1949092,2,c0000000
header,541,1083187416,0,0,c4000000
ready,540,1083187417,37,2,cc000000
present,540,1085043195,2002000,2,c0000000
complete,541,1085137247,1949867,0,c0000000
header,542,1085137283,0,1,c4000000
ready,541,1085137284,37,0,cc000000
present,541,1087045195,2002000,0,c0000000
complete,542,1087158068,2020821,1,c0000000
header,543,1087158104,0,2,c4000000
ready,542,1087158105,37,1,cc000000
complete,543,1089008976,1850908,2,cc000000
header,544,1089009012,0,0,cc000000
present,542,1089047195,2002000,1,cc000000
complete,544,1090953677,1944701,0,cc000000
header,545,1090953713,0,1,cc000000
present,543,1091049195,2002000,2,cc000000
complete,545,1092974904,2021227,1,cc000000
header,546,1092974940,0,2,cc000000
present,544,1093051195,2002000,0,cc000000
complete,546,1095050697,2075793,2,cc000000
header,547,1095050733,0,0,cc000000
present,545,1095053195,2002000,1,cc000000
complete,547,1097046163,1995466,0,cc000000
header,548,1097046199,0,1,cc000000
present,546,1097055195,2002000,2,cc000000
complete,548,1099042452,1996289,1,cc000000
header,549,1099042488,0,2,cc000000
present,547,1099057195,2002000,0,cc000000
present,548,1101059195,2002000,1,c0000000
complete,549,1101146083,2103631,2,c0000000
header,550,1101146119,0,0,c4000000
ready,549,1101146120,37,2,cc000000
present,549,1103061195,2002000,2,c0000000
complete,550,1103125261,1979178,0,c0000000
header,551,1103125297,0,1,c4000000
ready,550,1103125298,37,0,cc000000
present,550,1105063195,2002000,0,c0000000
complete,551,1105101988,1976727,1,c0000000
header,552,1105102024,0,2,c4000000
ready,551,1105102025,37,1,cc000000
present,551,1107065195,2002000,1,c0000000
complete,552,1107170235,2068247,2,c0000000
header,553,1107170271,0,0,c4000000
ready,552,1107170272,37,2,cc000000
present,552,1109067195,2002000,2,c0000000
complete,553,1109133021,1962786,0,c0000000
header,554,1109133057,0,1,c4000000
ready,553,1109133058,37,0,cc000000
present,553,1111069195,2002000,0,c0000000
complete,554,1111090237,1957216,1,c0000000
header,555,1111090273,0,2,c4000000
ready,554,1111090274,37,1,cc000000
present,554,1113071195,2002000,1,c0000000
complete,555,1113137574,2047337,2,c0000000
header,556,1113137610,0,0,c4000000
ready,555,1113137611,37,2,cc000000
present,555,1115073195,2002000,2,c0000000
complete,556,1115080959,1943385,0,c0000000
header,557,1115080995,0,1,c4000000
ready,556,1115080996,37,0,cc000000
present,556,1117075195,2002000,0,c0000000
complete,557,1117106151,2025192,1,c0000000
header,558,1117106187,0,2,c4000000
ready,557,1117106188,37,1,cc000000
present,557,1119077195,2002000,1,c0000000
complete,558,1119120639,2014488,2,c0000000
header,559,1119120675,0,0,c4000000
ready,558,1119120676,37,2,cc000000
complete,559,1121043963,1923324,0,cc000000
header,560,1121043999,0,1,cc000000
present,558,1121079195,2002000,2,cc000000
complete,560,1123074995,2031032,1,cc000000
header,561,1123075031,0,2,cc000000
present,559,1123081195,2002000,0,cc000000
complete,561,1125073761,1998766,2,cc000000
header,562,1125073797,0,0,cc000000
present,560,1125083195,2002000,1,cc000000
complete,562,1127071703,1997942,0,cc000000
header,563,1127071739,0,1,cc000000
present,561,1127085195,2002000,2,cc000000
complete,563,1129073773,2002070,1,cc000000
header,564,1129073809,0,2,cc000000
present,562,1129087195,2002000,0,cc000000
complete,564,1131067793,1994020,2,cc000000
header,565,1131067829,0,0,cc000000
present,563,1131089195,2002000,1,cc000000
complete,565,1133053703,1985910,0,cc000000
header,566,1133053739,0,1,cc000000
present,564,1133091195,2002000,2,cc000000
complete,566,1135044418,1990715,1,cc000000
header,567,1135044454,0,2,cc000000
present,565,1135093195,2002000,0,cc000000
complete,567,1137038023,1993605,2,cc000000
header,568,1137038059,0,0,cc000000
present,566,1137095195,2002000,1,cc000000
complete,568,1139035758,1997735,0,cc000000
header,569,1139035794,0,1,cc000000
present,567,1139097195,2002000,2,cc000000
complete,569,1141032873,1997115,1,cc000000
header,570,1141032909,0,2,cc000000
present,568,1141099195,2002000,0,cc000000
complete,570,1143026066,1993193,2,cc000000
header,571,1143026102,0,0,cc000000
present,569,1143101195,2002000,1,cc000000
complete,571,1145021532,1995466,0,cc000000
header,572,1145021568,0,1,cc000000
present,570,1145103195,2002000,2,cc000000
complete,572,1147017201,1995669,1,cc000000
header,573,1147017237,0,2,cc000000
present,571,1147105195,2002000,0,cc000000
complete,573,1149015761,1998560,2,cc000000
header,574,1149015797,0,0,cc000000
present,572,1149107195,2002000,1,cc000000
complete,574,1151013703,1997942,0,cc000000
header,575,1151013739,0,1,cc000000
present,573,1151109195,2002000,2,cc000000
complete,575,1153084838,2071135,1,cc000000
header,576,1153084874,0,2,cc000000
present,574,1153111195,2002000,0,cc000000
complete,576,1155106105,2021267,2,cc000000
header,577,1155106141,0,0,cc000000
present,575,1155113195,2002000,1,cc000000
complete,577,1157107812,2001707,0,cc000000
header,578,1157107848,0,1,cc000000
present,576,1157115195,2002000,2,cc000000
complete,578,1159110105,2002293,1,cc000000
header,579,1159110141,0,2,cc000000
present,577,1159117195,2002000,0,cc000000
complete,579,1161112164,2002059,2,cc000000
header,580,1161112200,0,0,cc000000
present,578,1161119195,2002000,1,cc000000
complete,580,1163113833,2001669,0,cc000000
header,581,1163113869,0,1,cc000000
present,579,1163121195,2002000,2,cc000000
complete,581,1165116019,2002186,1,cc000000
header,582,1165116055,0,2,cc000000
present,580,1165123195,2002000,0,cc000000
complete,582,1167117849,2001830,2,cc000000
header,583,1167117885,0,0,cc000000
present,581,1167125195,2002000,1,cc000000
complete,583,1169119839,2001990,0,cc000000
header,584,1169119875,0,1,cc000000
present,582,1169127195,2002000,2,cc000000
complete,584,1171122222,2002383,1,cc000000
header,585,1171122258,0,2,cc000000
present,583,1171129195,2002000,0,cc000000
complete,585,1173123929,2001707,2,cc000000
header,586,1173123965,0,0,cc000000
present,584,1173131195,2002000,1,cc000000
complete,586,1175126232,2002303,0,cc000000
header,587,1175126268,0,1,cc000000
present,585,1175133195,2002000,2,cc000000
complete,587,1177128012,2001780,1,cc000000
header,588,1177128048,0,2,cc000000
present,586,1177135195,2002000,0,cc000000
complete,588,1179130162,2002150,2,cc000000
header,589,1179130198,0,0,cc000000
present,587,1179137195,2002000,1,cc000000
complete,589,1181132032,2001870,0,cc000000
header,590,1181132068,0,1,cc000000
present,588,1181139195,2002000,2,cc000000
complete,590,1183134150,2002118,1,cc000000
header,591,1183134186,0,2,cc000000
present,589,1183141195,2002000,0,cc000000
complete,591,1185135925,2001775,2,cc000000
header,592,1185135961,0,0,cc000000
present,590,1185143195,2002000,1,cc000000
complete,592,1187137967,2002042,0,cc000000
header,593,1187138003,0,1,cc000000
present,591,1187145195,2002000,2,cc000000
complete,593,1189140121,2002154,1,cc000000
header,594,1189140157,0,2,cc000000
present,592,1189147195,2002000,0,cc000000
complete,594,1191142041,2001920,2,cc000000
header,595,1191142077,0,0,cc000000
present,593,1191149195,2002000,1,cc000000
complete,595,1193144123,2002082,0,cc000000
header,596,1193144159,0,1,cc000000
present,594,1193151195,2002000,2,cc000000
complete,596,1195145948,2001825,1,cc000000
header,597,1195145984,0,2,cc000000
present,595,1195153195,2002000,0,cc000000
complete,597,1197147787,2001839,2,cc000000
header,598,1197147823,0,0,cc000000
present,596,1197155195,2002000,1,cc000000
present,597,1199157195,2002000,2,c0000000
complete,598,1199566802,2419015,0,c0000000
header,599,1199566838,0,1,c4000000
ready,598,1199566839,37,0,cc000000
present,598,1201159195,2002000,0,c0000000
complete,599,1201982904,2416102,1,c0000000
header,600,1201982940,0,2,c4000000
ready,599,1201982941,37,1,cc000000
present,599,1203161195,2002000,1,c0000000
complete,600,1204220436,2237532,2,c0000000
header,601,1204220472,0,0,c4000000
ready,600,1204220473,37,2,cc000000
present,600,1205163195,2002000,2,c0000000
complete,601,1206275426,2054990,0,c0000000
header,602,1206275462,0,1,c4000000
ready,601,1206275463,37,0,cc000000
present,601,1207165195,2002000,0,c0000000
complete,602,1208315798,2040372,1,c0000000
header,603,1208315834,0,2,c4000000
ready,602,1208315835,37,1,cc000000
present,602,1209167195,2002000,1,c0000000
complete,603,1210267436,1951638,2,c0000000
header,604,1210267472,0,0,c4000000
ready,603,1210267473,37,2,cc000000
present,603,1211169195,2002000,2,c0000000
complete,604,1212225273,1957837,0,c0000000
header,605,1212225309,0,1,c4000000
ready,604,1212225310,37,0,cc000000
present,604,1213171195,2002000,0,c0000000
complete,605,1214191475,1966202,1,c0000000
header,606,1214191511,0,2,c4000000
ready,605,1214191512,37,1,cc000000
present,605,1215173195,2002000,1,c0000000
complete,606,1216166011,1974536,2,c0000000
header,607,1216166047,0,0,c4000000
ready,606,1216166048,37,2,cc000000
present,606,1217175195,2002000,2,c0000000
complete,607,1218136316,1970305,0,c0000000
header,608,1218136352,0,1,c4000000
ready,607,1218136353,37,0,cc000000
present,607,1219177195,2002000,0,c0000000
complete,608,1220120148,1983832,1,c0000000
header,609,1220120184,0,2,c4000000
ready,608,1220120185,37,1,cc000000
present,608,1221179195,2002000,1,c0000000
complete,609,1222116619,1996471,2,c0000000
header,610,1222116655,0,0,c4000000
ready,609,1222116656,37,2,cc000000
present,609,1223181195,2002000,2,c0000000
complete,610,1224069516,1952897,0,c0000000
header,611,1224069552,0,1,c4000000
ready,610,1224069553,37,0,cc000000
present,610,1225183195,2002000,0,c0000000
complete,611,1226103175,2033659,1,c0000000
header,612,1226103211,0,2,c4000000
ready,611,1226103212,37,1,cc000000
present,611,1227185195,2002000,1,c0000000
complete,612,1228098226,1995051,2,c0000000
header,613,1228098262,0,0,c4000000
ready,612,1228098263,37,2,cc000000
present,612,1229187195,2002000,2,c0000000
complete,613,1230111034,2012808,0,c0000000
header,614,1230111070,0,1,c4000000
ready,613,1230111071,37,0,cc000000
present,613,1231189195,2002000,0,c0000000
complete,614,1232101954,1990920,1,c0000000
header,615,1232101990,0,2,c4000000
ready,614,1232101991,37,1,cc000000
present,614,1233191195,2002000,1,c0000000
complete,615,1234127069,2025115,2,c0000000
header,616,1234127105,0,0,c4000000
ready,615,1234127106,37,2,cc000000
present,615,1235193195,2002000,2,c0000000
complete,616,1236147424,2020355,0,c0000000
header,617,1236147460,0,1,c4000000
ready,616,1236147461,37,0,cc000000
present,616,1237195195,2002000,0,c0000000
complete,617,1237928802,1781378,1,c0000000
header,618,1237928838,0,2,c4000000
ready,617,1237928839,37,1,cc000000
present,617,1239197195,2002000,1,c0000000
complete,618,1239760277,1831475,2,c0000000
header,619,1239760313,0,0,c4000000
ready,618,1239760314,37,2,cc000000
present,618,1241199195,2002000,2,c0000000
complete,619,1241665669,1905392,0,c0000000
header,620,1241665705,0,1,c4000000
ready,619,1241665706,37,0,cc000000
present,619,1243201195,2002000,0,c0000000
complete,620,1243571316,1905647,1,c0000000
header,621,1243571352,0,2,c4000000
ready,620,1243571353,37,1,cc000000
present,620,1245203195,2002000,1,c0000000
complete,621,1245557360,1986044,2,c0000000
header,622,1245557396,0,0,c4000000
ready,621,1245557397,37,2,cc000000
present,621,1247205195,2002000,2,c0000000
complete,622,1247551444,1994084,0,c0000000
header,623,1247551480,0,1,c4000000
ready,622,1247551481,37,0,cc000000
present,622,1249207195,2002000,0,c0000000
complete,623,1249556720,2005276,1,c0000000
header,624,1249556756,0,2,c4000000
ready,623,1249556757,37,1,cc000000
present,623,1251209195,2002000,1,c0000000
complete,624,1251575420,2018700,2,c0000000
header,625,1251575456,0,0,c4000000
ready,624,1251575457,37,2,cc000000
present,624,1253211195,2002000,2,c0000000
complete,625,1253609861,2034441,0,c0000000
header,626,1253609897,0,1,c4000000
ready,625,1253609898,37,0,cc000000
present,625,1255213195,2002000,0,c0000000
complete,626,1255658940,2049079,1,c0000000
header,627,1255658976,0,2,c4000000
ready,626,1255658977,37,1,cc000000
present,626,1257215195,2002000,1,c0000000
complete,627,1257748570,2089630,2,c0000000
header,628,1257748606,0,0,c4000000
ready,627,1257748607,37,2,cc000000
present,627,1259217195,2002000,2,c0000000
complete,628,1259902692,2154122,0,c0000000
header,629,1259902728,0,1,c4000000
ready,628,1259902729,37,0,cc000000
present,628,1261219195,2002000,0,c0000000
complete,629,1261987142,2084450,1,c0000000
header,630,1261987178,0,2,c4000000
ready,629,1261987179,37,1,cc000000
present,629,1263221195,2002000,1,c0000000
complete,630,1264070052,2082910,2,c0000000
header,631,1264070088,0,0,c4000000
ready,630,1264070089,37,2,cc000000
present,630,1265223195,2002000,2,c0000000
complete,631,1266047288,1977236,0,c0000000
header,632,1266047324,0,1,c4000000
ready,631,1266047325,37,0,cc000000
present,631,1267225195,2002000,0,c0000000
complete,632,1268034083,1986795,1,c0000000
header,633,1268034119,0,2,c4000000
ready,632,1268034120,37,1,cc000000
present,632,1269227195,2002000,1,c0000000
complete,633,1270009519,1975436,2,c0000000
header,634,1270009555,0,0,c4000000
ready,633,1270009556,37,2,cc000000
present,633,1271229195,2002000,2,c0000000
complete,634,1271970935,1961416,0,c0000000
header,635,1271970971,0,1,c4000000
ready,634,1271970972,37,0,cc000000
present,634,1273231195,2002000,0,c0000000
complete,635,1273921730,1950795,1,c0000000
header,636,1273921766,0,2,c4000000
ready,635,1273921767,37,1,cc000000
present,635,1275233195,2002000,1,c0000000
complete,636,1275859670,1937940,2,c0000000
header,637,1275859706,0,0,c4000000
ready,636,1275859707,37,2,cc000000
present,636,1277235195,2002000,2,c0000000
complete,637,1277862218,2002548,0,c0000000
header,638,1277862254,0,1,c4000000
ready,637,1277862255,37,0,cc000000
present,637,1279237195,2002000,0,c0000000
complete,638,1279853053,1990835,1,c0000000
header,639,1279853089,0,2,c4000000
ready,638,1279853090,37,1,cc000000
present,638,1281239195,2002000,1,c0000000
complete,639,1281842263,1989210,2,c0000000
header,640,1281842299,0,0,c4000000
ready,639,1281842300,37,2,cc000000
present,639,1283241195,2002000,2,c0000000
complete,640,1283828932,1986669,0,c0000000
header,641,1283828968,0,1,c4000000
ready,640,1283828969,37,0,cc000000
present,640,1285243195,2002000,0,c0000000
complete,641,1285812369,1983437,1,c0000000
header,642,1285812405,0,2,c4000000
ready,641,1285812406,37,1,cc000000
present,641,1287245195,2002000,1,c0000000
complete,642,1287790053,1977684,2,c0000000
header,643,1287790089,0,0,c4000000
ready,642,1287790090,37,2,cc000000
present,642,1289247195,2002000,2,c0000000
complete,643,1289767460,1977407,0,c0000000
header,644,1289767496,0,1,c4000000
ready,643,1289767497,37,0,cc000000
present,643,1291249195,2002000,0,c0000000
complete,644,1291746063,1978603,1,c0000000
header,645,1291746099,0,2,c4000000
ready,644,1291746100,37,1,cc000000
present,644,1293251195,2002000,1,c0000000
complete,645,1293726985,1980922,2,c0000000
header,646,1293727021,0,0,c4000000
ready,645,1293727022,37,2,cc000000
present,645,1295253195,2002000,2,c0000000
complete,646,1295719545,1992560,0,c0000000
header,647,1295719581,0,1,c4000000
ready,646,1295719582,37,0,cc000000
present,646,1297255195,2002000,0,c0000000
complete,647,1297710228,1990683,1,c0000000
header,648,1297710264,0,2,c4000000
ready,647,1297710265,37,1,cc000000
present,647,1299257195,2002000,1,c0000000
complete,648,1299719855,2009627,2,c0000000
header,649,1299719891,0,0,c4000000
ready,648,1299719892,37,2,cc000000
present,648,1301259195,2002000,2,c0000000
complete,649,1301734208,2014353,0,c0000000
header,650,1301734244,0,1,c4000000
ready,649,1301734245,37,0,cc000000
present,649,1303261195,2002000,0,c0000000
complete,650,1303737205,2002997,1,c0000000
header,651,1303737241,0,2,c4000000
ready,650,1303737242,37,1,cc000000
present,650,1305263195,2002000,1,c0000000
complete,651,1305746229,2009024,2,c0000000
header,652,1305746265,0,0,c4000000
ready,651,1305746266,37,2,cc000000
present,651,1307265195,2002000,2,c0000000
complete,652,1307753633,2007404,0,c0000000
header,653,1307753669,0,1,c4000000
ready,652,1307753670,37,0,cc000000
present,652,1309267195,2002000,0,c0000000
complete,653,1309756381,2002748,1,c0000000
header,654,1309756417,0,2,c4000000
ready,653,1309756418,37,1,cc000000
present,653,1311269195,2002000,1,c0000000
complete,654,1311758944,2002563,2,c0000000
header,655,1311758980,0,0,c4000000
ready,654,1311758981,37,2,cc000000
present,654,1313271195,2002000,2,c0000000
complete,655,1313760976,2002032,0,c0000000
header,656,1313761012,0,1,c4000000
ready,655,1313761013,37,0,cc000000
present,655,1315273195,2002000,0,c0000000
complete,656,1315756788,1995812,1,c0000000
header,657,1315756824,0,2,c4000000
ready,656,1315756825,37,1,cc000000
present,656,1317275195,2002000,1,c0000000
complete,657,1317745932,1989144,2,c0000000
header,658,1317745968,0,0,c4000000
ready,657,1317745969,37,2,cc000000
present,657,1319277195,2002000,2,c0000000
complete,658,1319730907,1984975,0,c0000000
header,659,1319730943,0,1,c4000000
ready,658,1319730944,37,0,cc000000
present,658,1321279195,2002000,0,c0000000
complete,659,1321707782,1976875,1,c0000000
header,660,1321707818,0,2,c4000000
ready,659,1321707819,37,1,cc000000
present,659,1323281195,2002000,1,c0000000
complete,660,1323679867,1972085,2,c0000000
header,661,1323679903,0,0,c4000000
ready,660,1323679904,37,2,cc000000
present,660,1325283195,2002000,2,c0000000
complete,661,1325644857,1964990,0,c0000000
header,662,1325644893,0,1,c4000000
ready,661,1325644894,37,0,cc000000
present,661,1327285195,2002000,0,c0000000
complete,662,1327607823,1962966,1,c0000000
header,663,1327607859,0,2,c4000000
ready,662,1327607860,37,1,cc000000
present,662,1329287195,2002000,1,c0000000
complete,663,1329690576,2082753,2,c0000000
header,664,1329690612,0,0,c4000000
ready,663,1329690613,37,2,cc000000
present,663,1331289195,2002000,2,c0000000
complete,664,1331678540,1987964,0,c0000000
header,665,1331678576,0,1,c4000000
ready,664,1331678577,37,0,cc000000
present,664,1333291195,2002000,0,c0000000
complete,665,1333671055,1992515,1,c0000000
header,666,1333671091,0,2,c4000000
ready,665,1333671092,37,1,cc000000
present,665,1335293195,2002000,1,c0000000
complete,666,1335676550,2005495,2,c0000000
header,667,1335676586,0,0,c4000000
ready,666,1335676587,37,2,cc000000
present,666,1337295195,2002000,2,c0000000
complete,667,1337693492,2016942,0,c0000000
header,668,1337693528,0,1,c4000000
ready,667,1337693529,37,0,cc000000
present,667,1339297195,2002000,0,c0000000
complete,668,1339714508,2021016,1,c0000000
header,669,1339714544,0,2,c4000000
ready,668,1339714545,37,1,cc000000
present,668,1341299195,2002000,1,c0000000
complete,669,1341740604,2026096,2,c0000000
header,670,1341740640,0,0,c4000000
ready,669,1341740641,37,2,cc000000
present,669,1343301195,2002000,2,c0000000
complete,670,1343781869,2041265,0,c0000000
header,671,1343781905,0,1,c4000000
ready,670,1343781906,37,0,cc000000
present,670,1345303195,2002000,0,c0000000
complete,671,1345722010,1940141,1,c0000000
header,672,1345722046,0,2,c4000000
ready,671,1345722047,37,1,cc000000
present,671,1347305195,2002000,1,c0000000
complete,672,1347747742,2025732,2,c0000000
header,673,1347747778,0,0,c4000000
ready,672,1347747779,37,2,cc000000
present,672,1349307195,2002000,2,c0000000
complete,673,1349771859,2024117,0,c0000000
header,674,1349771895,0,1,c4000000
ready,673,1349771896,37,0,cc000000
present,673,1351309195,2002000,0,c0000000
complete,674,1351703307,1931448,1,c0000000
header,675,1351703343,0,2,c4000000
ready,674,1351703344,37,1,cc000000
present,674,1353311195,2002000,1,c0000000
complete,675,1353729949,2026642,2,c0000000
header,676,1353729985,0,0,c4000000
ready,675,1353729986,37,2,cc000000
present,675,1355313195,2002000,2,c0000000
complete,676,1355676457,1946508,0,c0000000
header,677,1355676493,0,1,c4000000
ready,676,1355676494,37,0,cc000000
present,676,1357315195,2002000,0,c0000000
complete,677,1357692520,2016063,1,c0000000
header,678,1357692556,0,2,c4000000
ready,677,1357692557,37,1,cc000000
present,677,1359317195,2002000,1,c0000000
complete,678,1359707074,2014554,2,c0000000
header,679,1359707110,0,0,c4000000
ready,678,1359707111,37,2,cc000000
present,678,1361319195,2002000,2,c0000000
complete,679,1361725664,2018590,0,c0000000
header,680,1361725700,0,1,c4000000
ready,679,1361725701,37,0,cc000000
present,679,1363321195,2002000,0,c0000000
complete,680,1363640241,1914577,1,c0000000
header,681,1363640277,0,2,c4000000
ready,680,1363640278,37,1,cc000000
present,680,1365323195,2002000,1,c0000000
complete,681,1365649615,2009374,2,c0000000
header,682,1365649651,0,0,c4000000
ready,681,1365649652,37,2,cc000000
present,681,1367325195,2002000,2,c0000000
complete,682,1367666293,2016678,0,c0000000
header,683,1367666329,0,1,c4000000
ready,682,1367666330,37,0,cc000000
present,682,1369327195,2002000,0,c0000000
complete,683,1369683910,2017617,1,c0000000
header,684,1369683946,0,2,c4000000
ready,683,1369683947,37,1,cc000000
present,683,1371329195,2002000,1,c0000000
complete,684,1371691954,2008044,2,c0000000
header,685,1371691990,0,0,c4000000
ready,684,1371691991,37,2,cc000000
present,684,1373331195,2002000,2,c0000000
complete,685,1373628856,1936902,0,c0000000
header,686,1373628892,0,1,c4000000
ready,685,1373628893,37,0,cc000000
present,685,1375333195,2002000,0,c0000000
complete,686,1375641392,2012536,1,c0000000
header,687,1375641428,0,2,c4000000
ready,686,1375641429,37,1,cc000000
present,686,1377335195,2002000,1,c0000000
complete,687,1377663260,2021868,2,c0000000
header,688,1377663296,0,0,c4000000
ready,687,1377663297,37,2,cc000000
present,687,1379337195,2002000,2,c0000000
complete,688,1379605574,1942314,0,c0000000
header,689,1379605610,0,1,c4000000
ready,688,1379605611,37,0,cc000000
present,688,1381339195,2002000,0,c0000000
complete,689,1381631962,2026388,1,c0000000
header,690,1381631998,0,2,c4000000
ready,689,1381631999,37,1,cc000000
present,689,1383341195,2002000,1,c0000000
complete,690,1383637543,2005581,2,c0000000
header,691,1383637579,0,0,c4000000
ready,690,1383637580,37,2,cc000000
present,690,1385343195,2002000,2,c0000000
complete,691,1385658502,2020959,0,c0000000
header,692,1385658538,0,1,c4000000
ready,691,1385658539,37,0,cc000000
present,691,1387345195,2002000,0,c0000000
complete,692,1387595235,1936733,1,c0000000
header,693,1387595271,0,2,c4000000
ready,692,1387595272,37,1,cc000000
present,692,1389347195,2002000,1,c0000000
complete,693,1389616163,2020928,2,c0000000
header,694,1389616199,0,0,c4000000
ready,693,1389616200,37,2,cc000000
present,693,1391349195,2002000,2,c0000000
complete,694,1391639083,2022920,0,c0000000
header,695,1391639119,0,1,c4000000
ready,694,1391639120,37,0,cc000000
present,694,1393351195,2002000,0,c0000000
complete,695,1393569699,1930616,1,c0000000
header,696,1393569735,0,2,c4000000
ready,695,1393569736,37,1,cc000000
present,695,1395353195,2002000,1,c0000000
complete,696,1395578314,2008615,2,c0000000
header,697,1395578350,0,0,c4000000
ready,696,1395578351,37,2,cc000000
present,696,1397355195,2002000,2,c0000000
complete,697,1397596517,2018203,0,c0000000
header,698,1397596553,0,1,c4000000
ready,697,1397596554,37,0,cc000000
present,697,1399357195,2002000,0,c0000000
complete,698,1399596077,1999560,1,c0000000
header,699,1399596113,0,2,c4000000
ready,698,1399596114,37,1,cc000000
present,698,1401359195,2002000,1,c0000000
complete,699,1401582161,1986084,2,c0000000
header,700,1401582197,0,0,c4000000
ready,699,1401582198,37,2,cc000000
present,699,1403361195,2002000,2,c0000000
complete,700,1403557441,1975280,0,c0000000
header,701,1403557477,0,1,c4000000
ready,700,1403557478,37,0,cc000000
present,700,1405363195,2002000,0,c0000000
complete,701,1405530699,1973258,1,c0000000
header,702,1405530735,0,2,c4000000
ready,701,1405530736,37,1,cc000000
present,701,1407365195,2002000,1,c0000000
complete,702,1407505449,1974750,2,c0000000
header,703,1407505485,0,0,c4000000
ready,702,1407505486,37,2,cc000000
present,702,1409367195,2002000,2,c0000000
complete,703,1409479535,1974086,0,c0000000
header,704,1409479571,0,1,c4000000
ready,703,1409479572,37,0,cc000000
present,703,1411369195,2002000,0,c0000000
complete,704,1411454807,1975272,1,c0000000
header,705,1411454843,0,2,c4000000
ready,704,1411454844,37,1,cc000000
present,704,1413371195,2002000,1,c0000000
complete,705,1413430546,1975739,2,c0000000
header,706,1413430582,0,0,c4000000
ready,705,1413430583,37,2,cc000000
present,705,1415373195,2002000,2,c0000000
complete,706,1415405418,1974872,0,c0000000
header,707,1415405454,0,1,c4000000
ready,706,1415405455,37,0,cc000000
present,706,1417375195,2002000,0,c0000000
complete,707,1417491053,2085635,1,c0000000
header,708,1417491089,0,2,c4000000
ready,707,1417491090,37,1,cc000000
present,707,1419377195,2002000,1,c0000000
complete,708,1419467803,1976750,2,c0000000
header,709,1419467839,0,0,c4000000
ready,708,1419467840,37,2,cc000000
present,708,1421379195,2002000,2,c0000000
complete,709,1421443893,1976090,0,c0000000
header,710,1421443929,0,1,c4000000
ready,709,1421443930,37,0,cc000000
present,709,1423381195,2002000,0,c0000000
complete,710,1423420479,1976586,1,c0000000
header,711,1423420515,0,2,c4000000
ready,710,1423420516,37,1,cc000000
present,710,1425383195,2002000,1,c0000000
complete,711,1425396750,1976271,2,c0000000
header,712,1425396786,0,0,c4000000
ready,711,1425396787,37,2,cc000000
present,711,1427385195,2002000,2,c0000000
complete,712,1427483344,2086594,0,c0000000
header,713,1427483380,0,1,c4000000
ready,712,1427483381,37,0,cc000000
present,712,1429387195,2002000,0,c0000000
complete,713,1429470118,1986774,1,c0000000
header,714,1429470154,0,2,c4000000
ready,713,1429470155,37,1,cc000000
present,713,1431389195,2002000,1,c0000000
complete,714,1431459029,1988911,2,c0000000
header,715,1431459065,0,0,c4000000
ready,714,1431459066,37,2,cc000000
present,714,1433391195,2002000,2,c0000000
complete,715,1433445040,1986011,0,c0000000
header,716,1433445076,0,1,c4000000
ready,715,1433445077,37,0,cc000000
present,715,1435393195,2002000,0,c0000000
complete,716,1435422739,1977699,1,c0000000
header,717,1435422775,0,2,c4000000
ready,716,1435422776,37,1,cc000000
present,716,1437395195,2002000,1,c0000000
complete,717,1437399823,1977084,2,c0000000
header,718,1437399859,0,0,c4000000
ready,717,1437399860,37,2,cc000000
complete,718,1439375988,1976165,0,cc000000
header,719,1439376024,0,1,cc000000
present,717,1439397195,2002000,2,cc000000
present,718,1441399195,2002000,0,c0000000
complete,719,1441481903,2105915,1,c0000000
header,720,1441481939,0,2,c4000000
ready,719,1441481940,37,1,cc000000
present,719,1443401195,2002000,1,c0000000
complete,720,1443457979,1976076,2,c0000000
header,721,1443458015,0,0,c4000000
ready,720,1443458016,37,2,cc000000
present,720,1445403195,2002000,2,c0000000
complete,721,1445433473,1975494,0,c0000000
header,722,1445433509,0,1,c4000000
ready,721,1445433510,37,0,cc000000
present,721,1447405195,2002000,0,c0000000
complete,722,1447408623,1975150,1,c0000000
header,723,1447408659,0,2,c4000000
ready,722,1447408660,37,1,cc000000
complete,723,1449383657,1975034,2,cc000000
header,724,1449383693,0,0,cc000000
present,722,1449407195,2002000,1,cc000000
complete,724,1451396078,2012421,0,cc000000
header,725,1451396114,0,1,cc000000
present,723,1451409195,2002000,2,cc000000
present,724,1453411195,2002000,0,c0000000
complete,725,1453420480,2024402,1,c0000000
header,726,1453420516,0,2,c4000000
ready,725,1453420517,37,1,cc000000
present,725,1455413195,2002000,1,c0000000
complete,726,1455446049,2025569,2,c0000000
header,727,1455446085,0,0,c4000000
ready,726,1455446086,37,2,cc000000
present,726,1457415195,2002000,2,c0000000
complete,727,1457466562,2020513,0,c0000000
header,728,1457466598,0,1,c4000000
ready,727,1457466599,37,0,cc000000
present,727,1459417195,2002000,0,c0000000
complete,728,1459480211,2013649,1,c0000000
header,729,1459480247,0,2,c4000000
ready,728,1459480248,37,1,cc000000
present,728,1461419195,2002000,1,c0000000
complete,729,1461478856,1998645,2,c0000000
header,730,1461478892,0,0,c4000000
ready,729,1461478893,37,2,cc000000
present,729,1463421195,2002000,2,c0000000
complete,730,1463460725,1981869,0,c0000000
header,731,1463460761,0,1,c4000000
ready,730,1463460762,37,0,cc000000
present,730,1465423195,2002000,0,c0000000
complete,731,1465437774,1977049,1,c0000000
header,732,1465437810,0,2,c4000000
ready,731,1465437811,37,1,cc000000
complete,732,1467414098,1976324,2,cc000000
header,733,1467414134,0,0,cc000000
present,731,1467425195,2002000,1,cc000000
complete,733,1469403317,1989219,0,cc000000
header,734,1469403353,0,1,cc000000
present,732,1469427195,2002000,2,cc000000
complete,734,1471404180,2000863,1,cc000000
header,735,1471404216,0,2,cc000000
present,733,1471429195,2002000,0,cc000000
complete,735,1473406872,2002692,2,cc000000
header,736,1473406908,0,0,cc000000
present,734,1473431195,2002000,1,cc000000
present,735,1475433195,2002000,2,c0000000
complete,736,1475523284,2116412,0,c0000000
header,737,1475523320,0,1,c4000000
ready,736,1475523321,37,0,cc000000
present,736,1477435195,2002000,0,c0000000
complete,737,1477516135,1992851,1,c0000000
header,738,1477516171,0,2,c4000000
ready,737,1477516172,37,1,cc000000
present,737,1479437195,2002000,1,c0000000
complete,738,1479542666,2026531,2,c0000000
header,739,1479542702,0,0,c4000000
ready,738,1479542703,37,2,cc000000
present,738,1481439195,2002000,2,c0000000
complete,739,1481560985,2018319,0,c0000000
header,740,1481561021,0,1,c4000000
ready,739,1481561022,37,0,cc000000
present,739,1483441195,2002000,0,c0000000
complete,740,1483559403,1998418,1,c0000000
header,741,1483559439,0,2,c4000000
ready,740,1483559440,37,1,cc000000
present,740,1485443195,2002000,1,c0000000
complete,741,1485529660,1970257,2,c0000000
header,742,1485529696,0,0,c4000000
ready,741,1485529697,37,2,cc000000
present,741,1487445195,2002000,2,c0000000
complete,742,1487462323,1932663,0,c0000000
header,743,1487462359,0,1,c4000000
ready,742,1487462360,37,0,cc000000
complete,743,1489372821,1910498,1,cc000000
header,744,1489372857,0,2,cc000000
present,742,1489447195,2002000,0,cc000000
complete,744,1491433847,2061026,2,cc000000
header,745,1491433883,0,0,cc000000
present,743,1491449195,2002000,1,cc000000
complete,745,1493435929,2002082,0,cc000000
header,746,1493435965,0,1,cc000000
present,744,1493451195,2002000,2,cc000000
complete,746,1495437783,2001854,1,cc000000
header,747,1495437819,0,2,cc000000
present,745,1495453195,2002000,0,cc000000
complete,747,1497439909,2002126,2,cc000000
header,748,1497439945,0,0,cc000000
present,746,1497455195,2002000,1,cc000000
complete,748,1499441969,2002060,0,cc000000
header,749,1499442005,0,1,cc000000
present,747,1499457195,2002000,2,cc000000
present,748,1501459195,2002000,0,c0000000
complete,749,1501489967,2047998,1,c0000000
header,750,1501490003,0,2,c4000000
ready,749,1501490004,37,1,cc000000
present,749,1503461195,2002000,1,c0000000
complete,750,1503522275,2032308,2,c0000000
header,751,1503522311,0,0,c4000000
ready,750,1503522312,37,2,cc000000
present,750,1505463195,2002000,2,c0000000
complete,751,1505554645,2032370,0,c0000000
header,752,1505554681,0,1,c4000000
ready,751,1505554682,37,0,cc000000
present,751,1507465195,2002000,0,c0000000
complete,752,1507504925,1950280,1,c0000000
header,753,1507504961,0,2,c4000000
ready,752,1507504962,37,1,cc000000
present,752,1509467195,2002000,1,c0000000
complete,753,1509537903,2032978,2,c0000000
header,754,1509537939,0,0,c4000000
ready,753,1509537940,37,2,cc000000
present,753,1511469195,2002000,2,c0000000
complete,754,1511488411,1950508,0,c0000000
header,755,1511488447,0,1,c4000000
ready,754,1511488448,37,0,cc000000
present,754,1513471195,2002000,0,c0000000
complete,755,1513521291,2032880,1,c0000000
header,756,1513521327,0,2,c4000000
ready,755,1513521328,37,1,cc000000
complete,756,1515471543,1950252,2,cc000000
header,757,1515471579,0,0,cc000000
present,755,1515473195,2002000,1,cc000000
present,756,1517475195,2002000,2,c0000000
complete,757,1517506156,2034613,0,c0000000
header,758,1517506192,0,1,c4000000
ready,757,1517506193,37,0,cc000000
present,757,1519477195,2002000,0,c0000000
complete,758,1519539590,2033434,1,c0000000
header,759,1519539626,0,2,c4000000
ready,758,1519539627,37,1,cc000000
present,758,1521479195,2002000,1,c0000000
complete,759,1521490060,1950470,2,c0000000
header,760,1521490096,0,0,c4000000
ready,759,1521490097,37,2,cc000000
present,759,1523481195,2002000,2,c0000000
complete,760,1523523604,2033544,0,c0000000
header,761,1523523640,0,1,c4000000
ready,760,1523523641,37,0,cc000000
complete,761,1525474061,1950457,1,cc000000
header,762,1525474097,0,2,cc000000
present,760,1525483195,2002000,0,cc000000
present,761,1527485195,2002000,1,c0000000
complete,762,1527516797,2042736,2,c0000000
header,763,1527516833,0,0,c4000000
ready,762,1527516834,37,2,cc000000
complete,763,1529467270,1950473,0,cc000000
header,764,1529467306,0,1,cc000000
present,762,1529487195,2002000,2,cc000000
present,763,1531489195,2002000,0,c0000000
complete,764,1531520750,2053480,1,c0000000
header,765,1531520786,0,2,c4000000
ready,764,1531520787,37,1,cc000000
complete,765,1533471992,1951242,2,cc000000
header,766,1533472028,0,0,cc000000
present,764,1533491195,2002000,1,cc000000
present,765,1535493195,2002000,2,c0000000
complete,766,1535525987,2053995,0,c0000000
header,767,1535526023,0,1,c4000000
ready,766,1535526024,37,0,cc000000
complete,767,1537477826,1951839,1,cc000000
header,768,1537477862,0,2,cc000000
present,766,1537495195,2002000,0,cc000000
present,767,1539497195,2002000,1,c0000000
complete,768,1539530922,2053096,2,c0000000
header,769,1539530958,0,0,c4000000
ready,768,1539530959,37,2,cc000000
complete,769,1541483932,1953010,0,cc000000
header,770,1541483968,0,1,cc000000
present,768,1541499195,2002000,2,cc000000
present,769,1543501195,2002000,0,c0000000
complete,770,1543535813,2051881,1,c0000000
header,771,1543535849,0,2,c4000000
ready,770,1543535850,37,1,cc000000
complete,771,1545489498,1953685,2,cc000000
header,772,1545489534,0,0,cc000000
present,770,1545503195,2002000,1,cc000000
present,771,1547505195,2002000,2,c0000000
complete,772,1547540836,2051338,0,c0000000
header,773,1547540872,0,1,c4000000
ready,772,1547540873,37,0,cc000000
complete,773,1549495098,1954262,1,cc000000
header,774,1549495134,0,2,cc000000
present,772,1549507195,2002000,0,cc000000
present,773,1551509195,2002000,1,c0000000
complete,774,1551546390,2051292,2,c0000000
header,775,1551546426,0,0,c4000000
ready,774,1551546427,37,2,cc000000
complete,775,1553501734,1955344,0,cc000000
header,776,1553501770,0,1,cc000000
present,774,1553511195,2002000,2,cc000000
present,775,1555513195,2002000,0,c0000000
complete,776,1555551678,2049944,1,c0000000
header,777,1555551714,0,2,c4000000
ready,776,1555551715,37,1,cc000000
complete,777,1557507969,1956291,2,cc000000
header,778,1557508005,0,0,cc000000
present,776,1557515195,2002000,1,cc000000
present,777,1559517195,2002000,2,c0000000
complete,778,1559556662,2048693,0,c0000000
header,779,1559556698,0,1,c4000000
ready,778,1559556699,37,0,cc000000
complete,779,1561513755,1957093,1,cc000000
header,780,1561513791,0,2,cc000000
present,778,1561519195,2002000,0,cc000000
present,779,1563521195,2002000,1,c0000000
complete,780,1563561044,2047289,2,c0000000
header,781,1563561080,0,0,c4000000
ready,780,1563561081,37,2,cc000000
complete,781,1565518355,1957311,0,cc000000
header,782,1565518391,0,1,cc000000
present,780,1565523195,2002000,2,cc000000
complete,782,1567480464,1962109,1,cc000000
header,783,1567480500,0,2,cc000000
present,781,1567525195,2002000,0,cc000000
present,782,1569527195,2002000,1,c0000000
complete,783,1569567817,2087353,2,c0000000
header,784,1569567853,0,0,c4000000
ready,783,1569567854,37,2,cc000000
complete,784,1571524426,1956609,0,cc000000
header,785,1571524462,0,1,cc000000
present,783,1571529195,2002000,2,cc000000
present,784,1573531195,2002000,0,c0000000
complete,785,1573571093,2046667,1,c0000000
header,786,1573571129,0,2,c4000000
ready,785,1573571130,37,1,cc000000
complete,786,1575526353,1955260,2,cc000000
header,787,1575526389,0,0,cc000000
present,785,1575533195,2002000,1,cc000000
present,786,1577535195,2002000,2,c0000000
complete,787,1577571332,2044979,0,c0000000
header,788,1577571368,0,1,c4000000
ready,787,1577571369,37,0,cc000000
complete,788,1579522902,1951570,1,cc000000
header,789,1579522938,0,2,cc000000
present,787,1579537195,2002000,0,cc000000
present,788,1581539195,2002000,1,c0000000
complete,789,1581571290,2048388,2,c0000000
header,790,1581571326,0,0,c4000000
ready,789,1581571327,37,2,cc000000
complete,790,1583517104,1945814,0,cc000000
header,791,1583517140,0,1,cc000000
present,789,1583541195,2002000,2,cc000000
present,790,1585543195,2002000,0,c0000000
complete,791,1585572604,2055500,1,c0000000
header,792,1585572640,0,2,c4000000
ready,791,1585572641,37,1,cc000000
complete,792,1587524405,1951801,2,cc000000
header,793,1587524441,0,0,cc000000
present,791,1587545195,2002000,1,cc000000
present,792,1589547195,2002000,2,c0000000
complete,793,1589591109,2066704,0,c0000000
header,794,1589591145,0,1,c4000000
ready,793,1589591146,37,0,cc000000
present,793,1591549195,2002000,0,c0000000
complete,794,1591569895,1978786,1,c0000000
header,795,1591569931,0,2,c4000000
ready,794,1591569932,37,1,cc000000
present,794,1593551195,2002000,1,c0000000
complete,795,1593613084,2043189,2,c0000000
header,796,1593613120,0,0,c4000000
ready,795,1593613121,37,2,cc000000
present,795,1595553195,2002000,2,c0000000
complete,796,1595871294,2258210,0,c0000000
header,797,1595871330,0,1,c4000000
ready,796,1595871331,37,0,cc000000
present,796,1597555195,2002000,0,c0000000
complete,797,1598209257,2337963,1,c0000000
header,798,1598209293,0,2,c4000000
ready,797,1598209294,37,1,cc000000
present,797,1599557195,2002000,1,c0000000
complete,798,1600166816,1957559,2,c0000000
header,799,1600166852,0,0,c4000000
ready,798,1600166853,37,2,cc000000
present,798,1601559195,2002000,2,c0000000
complete,799,1602159736,1992920,0,c0000000
header,800,1602159772,0,1,c4000000
ready,799,1602159773,37,0,cc000000
present,799,1603561195,2002000,0,c0000000
complete,800,1604154917,1995181,1,c0000000
header,801,1604154953,0,2,c4000000
ready,800,1604154954,37,1,cc000000
present,800,1605563195,2002000,1,c0000000
complete,801,1606146868,1991951,2,c0000000
header,802,1606146904,0,0,c4000000
ready,801,1606146905,37,2,cc000000
present,801,1607565195,2002000,2,c0000000
complete,802,1608133650,1986782,0,c0000000
header,803,1608133686,0,1,c4000000
ready,802,1608133687,37,0,cc000000
present,802,1609567195,2002000,0,c0000000
complete,803,1610116716,1983066,1,c0000000
header,804,1610116752,0,2,c4000000
ready,803,1610116753,37,1,cc000000
present,803,1611569195,2002000,1,c0000000
complete,804,1612094632,1977916,2,c0000000
header,805,1612094668,0,0,c4000000
ready,804,1612094669,37,2,cc000000
present,804,1613571195,2002000,2,c0000000
complete,805,1614070893,1976261,0,c0000000
header,806,1614070929,0,1,c4000000
ready,805,1614070930,37,0,cc000000
present,805,1615573195,2002000,0,c0000000
complete,806,1616039873,1968980,1,c0000000
header,807,1616039909,0,2,c4000000
ready,806,1616039910,37,1,cc000000
present,806,1617575195,2002000,1,c0000000
complete,807,1618002624,1962751,2,c0000000
header,808,1618002660,0,0,c4000000
ready,807,1618002661,37,2,cc000000
present,807,1619577195,2002000,2,c0000000
complete,808,1619956390,1953766,0,c0000000
header,809,1619956426,0,1,c4000000
ready,808,1619956427,37,0,cc000000
present,808,1621579195,2002000,0,c0000000
complete,809,1621901256,1944866,1,c0000000
header,810,1621901292,0,2,c4000000
ready,809,1621901293,37,1,cc000000
present,809,1623581195,2002000,1,c0000000
complete,810,1623832640,1931384,2,c0000000
header,811,1623832676,0,0,c4000000
ready,810,1623832677,37,2,cc000000
present,810,1625583195,2002000,2,c0000000
complete,811,1625750556,1917916,0,c0000000
header,812,1625750592,0,1,c4000000
ready,811,1625750593,37,0,cc000000
present,811,1627585195,2002000,0,c0000000
complete,812,1627656991,1906435,1,c0000000
header,813,1627657027,0,2,c4000000
ready,812,1627657028,37,1,cc000000
complete,813,1629569488,1912497,2,cc000000
header,814,1629569524,0,0,cc000000
present,812,1629587195,2002000,1,cc000000
complete,814,1631509896,1940408,0,cc000000
header,815,1631509932,0,1,cc000000
present,813,1631589195,2002000,2,cc000000
complete,815,1633531612,2021716,1,cc000000
header,816,1633531648,0,2,cc000000
present,814,1633591195,2002000,0,cc000000
complete,816,1635564880,2033268,2,cc000000
header,817,1635564916,0,0,cc000000
present,815,1635593195,2002000,1,cc000000
complete,817,1637562398,1997518,0,cc000000
header,818,1637562434,0,1,cc000000
present,816,1637595195,2002000,2,cc000000
present,817,1639597195,2002000,0,c0000000
complete,818,1639601014,2038616,1,c0000000
header,819,1639601050,0,2,c4000000
ready,818,1639601051,37,1,cc000000
present,818,1641599195,2002000,1,c0000000
complete,819,1641608051,2007037,2,c0000000
header,820,1641608087,0,0,c4000000
ready,819,1641608088,37,2,cc000000
present,819,1643601195,2002000,2,c0000000
complete,820,1643607847,1999796,0,c0000000
header,821,1643607883,0,1,c4000000
ready,820,1643607884,37,0,cc000000
present,820,1645603195,2002000,0,c0000000
complete,821,1645608287,2000440,1,c0000000
header,822,1645608323,0,2,c4000000
ready,821,1645608324,37,1,cc000000
complete,822,1647592013,1983726,2,cc000000
header,823,1647592049,0,0,cc000000
present,821,1647605195,2002000,1,cc000000
present,822,1649607195,2002000,2,c0000000
complete,823,1649650179,2058166,0,c0000000
header,824,1649650215,0,1,c4000000
ready,823,1649650216,37,0,cc000000
complete,824,1651599876,1949697,1,cc000000
header,825,1651599912,0,2,cc000000
present,823,1651609195,2002000,0,cc000000
present,824,1653611195,2002000,1,c0000000
complete,825,1653622185,2022309,2,c0000000
header,826,1653622221,0,0,c4000000
ready,825,1653622222,37,2,cc000000
present,825,1655613195,2002000,2,c0000000
complete,826,1655633276,2011091,0,c0000000
header,827,1655633312,0,1,c4000000
ready,826,1655633313,37,0,cc000000
present,826,1657615195,2002000,0,c0000000
complete,827,1657898628,2265352,1,c0000000
header,828,1657898664,0,2,c4000000
ready,827,1657898665,37,1,cc000000
present,827,1659617195,2002000,1,c0000000
complete,828,1659679419,1780791,2,c0000000
header,829,1659679455,0,0,c4000000
ready,828,1659679456,37,2,cc000000
complete,829,1661528665,1849246,0,cc000000
header,830,1661528701,0,1,cc000000
present,828,1661619195,2002000,2,cc000000
complete,830,1663576253,2047588,1,cc000000
header,831,1663576289,0,2,cc000000
present,829,1663621195,2002000,0,cc000000
complete,831,1665614457,2038204,2,cc000000
header,832,1665614493,0,0,cc000000
present,830,1665623195,2002000,1,cc000000
present,831,1667625195,2002000,2,c0000000
complete,832,1667662268,2047811,0,c0000000
header,833,1667662304,0,1,c4000000
ready,832,1667662305,37,0,cc000000
present,832,1669627195,2002000,0,c0000000
complete,833,1669738093,2075825,1,c0000000
header,834,1669738129,0,2,c4000000
ready,833,1669738130,37,1,cc000000
present,833,1671629195,2002000,1,c0000000
complete,834,1671847701,2109608,2,c0000000
header,835,1671847737,0,0,c4000000
ready,834,1671847738,37,2,cc000000
present,834,1673631195,2002000,2,c0000000
complete,835,1673889143,2041442,0,c0000000
header,836,1673889179,0,1,c4000000
ready,835,1673889180,37,0,cc000000
present,835,1675633195,2002000,0,c0000000
complete,836,1675952670,2063527,1,c0000000
header,837,1675952706,0,2,c4000000
ready,836,1675952707,37,1,cc000000
present,836,1677635195,2002000,1,c0000000
complete,837,1677964893,2012223,2,c0000000
header,838,1677964929,0,0,c4000000
ready,837,1677964930,37,2,cc000000
present,837,1679637195,2002000,2,c0000000
complete,838,1679970241,2005348,0,c0000000
header,839,1679970277,0,1,c4000000
ready,838,1679970278,37,0,cc000000
present,838,1681639195,2002000,0,c0000000
complete,839,1681909588,1939347,1,c0000000
header,840,1681909624,0,2,c4000000
ready,839,1681909625,37,1,cc000000
present,839,1683641195,2002000,1,c0000000
complete,840,1683831859,1922271,2,c0000000
header,841,1683831895,0,0,c4000000
ready,840,1683831896,37,2,cc000000
present,840,1685643195,2002000,2,c0000000
complete,841,1685782302,1950443,0,c0000000
header,842,1685782338,0,1,c4000000
ready,841,1685782339,37,0,cc000000
present,841,1687645195,2002000,0,c0000000
complete,842,1687696834,1914532,1,c0000000
header,843,1687696870,0,2,c4000000
ready,842,1687696871,37,1,cc000000
complete,843,1689594321,1897487,2,cc000000
header,844,1689594357,0,0,cc000000
present,842,1689647195,2002000,1,cc000000
complete,844,1691568741,1974420,0,cc000000
header,845,1691568777,0,1,cc000000
present,843,1691649195,2002000,2,cc000000
complete,845,1693593167,2024426,1,cc000000
header,846,1693593203,0,2,cc000000
present,844,1693651195,2002000,0,cc000000
complete,846,1695572179,1979012,2,cc000000
header,847,1695572215,0,0,cc000000
present,845,1695653195,2002000,1,cc000000
complete,847,1697563223,1991044,0,cc000000
header,848,1697563259,0,1,cc000000
present,846,1697655195,2002000,2,cc000000
complete,848,1699575440,2012217,1,cc000000
header,849,1699575476,0,2,cc000000
present,847,1699657195,2002000,0,cc000000
complete,849,1701599866,2024426,2,cc000000
header,850,1701599902,0,0,cc000000
present,848,1701659195,2002000,1,cc000000
complete,850,1703612988,2013122,0,cc000000
header,851,1703613024,0,1,cc000000
present,849,1703661195,2002000,2,cc000000
complete,851,1705635426,2022438,1,cc000000
header,852,1705635462,0,2,cc000000
present,850,1705663195,2002000,0,cc000000
complete,852,1707637796,2002370,2,cc000000
header,853,1707637832,0,0,cc000000
present,851,1707665195,2002000,1,cc000000
complete,853,1709655274,2017478,0,cc000000
header,854,1709655310,0,1,cc000000
present,852,1709667195,2002000,2,cc000000
present,853,1711669195,2002000,0,c0000000
complete,854,1711683371,2028097,1,c0000000
header,855,1711683407,0,2,c4000000
ready,854,1711683408,37,1,cc000000
present,854,1713671195,2002000,1,c0000000
complete,855,1713869278,2185907,2,c0000000
header,856,1713869314,0,0,c4000000
ready,855,1713869315,37,2,cc000000
present,855,1715673195,2002000,2,c0000000
complete,856,1716030677,2161399,0,c0000000
header,857,1716030713,0,1,c4000000
ready,856,1716030714,37,0,cc000000
present,856,1717675195,2002000,0,c0000000
complete,857,1718097428,2066751,1,c0000000
header,858,1718097464,0,2,c4000000
ready,857,1718097465,37,1,cc000000
present,857,1719677195,2002000,1,c0000000
complete,858,1720215240,2117812,2,c0000000
header,859,1720215276,0,0,c4000000
ready,858,1720215277,37,2,cc000000
present,858,1721679195,2002000,2,c0000000
complete,859,1722513349,2298109,0,c0000000
header,860,1722513385,0,1,c4000000
ready,859,1722513386,37,0,cc000000
present,859,1723681195,2002000,0,c0000000
complete,860,1724556351,2043002,1,c0000000
header,861,1724556387,0,2,c4000000
ready,860,1724556388,37,1,cc000000
present,860,1725683195,2002000,1,c0000000
complete,861,1726512210,1955859,2,c0000000
header,862,1726512246,0,0,c4000000
ready,861,1726512247,37,2,cc000000
present,861,1727685195,2002000,2,c0000000
complete,862,1728466902,1954692,0,c0000000
header,863,1728466938,0,1,c4000000
ready,862,1728466939,37,0,cc000000
present,862,1729687195,2002000,0,c0000000
complete,863,1730422976,1956074,1,c0000000
header,864,1730423012,0,2,c4000000
ready,863,1730423013,37,1,cc000000
present,863,1731689195,2002000,1,c0000000
complete,864,1732406435,1983459,2,c0000000
header,865,1732406471,0,0,c4000000
ready,864,1732406472,37,2,cc000000
present,864,1733691195,2002000,2,c0000000
complete,865,1734411110,2004675,0,c0000000
header,866,1734411146,0,1,c4000000
ready,865,1734411147,37,0,cc000000
present,865,1735693195,2002000,0,c0000000
complete,866,1736375198,1964088,1,c0000000
header,867,1736375234,0,2,c4000000
ready,866,1736375235,37,1,cc000000
present,866,1737695195,2002000,1,c0000000
complete,867,1738350118,1974920,2,c0000000
header,868,1738350154,0,0,c4000000
ready,867,1738350155,37,2,cc000000
present,867,1739697195,2002000,2,c0000000
complete,868,1740353932,2003814,0,c0000000
header,869,1740353968,0,1,c4000000
ready,868,1740353969,37,0,cc000000
present,868,1741699195,2002000,0,c0000000
complete,869,1742331684,1977752,1,c0000000
header,870,1742331720,0,2,c4000000
ready,869,1742331721,37,1,cc000000
present,869,1743701195,2002000,1,c0000000
complete,870,1744333387,2001703,2,c0000000
header,871,1744333423,0,0,c4000000
ready,870,1744333424,37,2,cc000000
present,870,1745703195,2002000,2,c0000000
complete,871,1746355712,2022325,0,c0000000
header,872,1746355748,0,1,c4000000
ready,871,1746355749,37,0,cc000000
present,871,1747705195,2002000,0,c0000000
complete,872,1748355012,1999300,1,c0000000
header,873,1748355048,0,2,c4000000
ready,872,1748355049,37,1,cc000000
present,872,1749707195,2002000,1,c0000000
complete,873,1750337339,1982327,2,c0000000
header,874,1750337375,0,0,c4000000
ready,873,1750337376,37,2,cc000000
present,873,1751709195,2002000,2,c0000000
complete,874,1752376864,2039525,0,c0000000
header,875,1752376900,0,1,c4000000
ready,874,1752376901,37,0,cc000000
present,874,1753711195,2002000,0,c0000000
complete,875,1754349925,1973061,1,c0000000
header,876,1754349961,0,2,c4000000
ready,875,1754349962,37,1,cc000000
present,875,1755713195,2002000,1,c0000000
complete,876,1756323321,1973396,2,c0000000
header,877,1756323357,0,0,c4000000
ready,876,1756323358,37,2,cc000000
present,876,1757715195,2002000,2,c0000000
complete,877,1758293308,1969987,0,c0000000
header,878,1758293344,0,1,c4000000
ready,877,1758293345,37,0,cc000000
present,877,1759717195,2002000,0,c0000000
complete,878,1760279190,1985882,1,c0000000
header,879,1760279226,0,2,c4000000
ready,878,1760279227,37,1,cc000000
present,878,1761719195,2002000,1,c0000000
complete,879,1762171203,1892013,2,c0000000
header,880,1762171239,0,0,c4000000
ready,879,1762171240,37,2,cc000000
present,879,1763721195,2002000,2,c0000000
complete,880,1764095911,1924708,0,c0000000
header,881,1764095947,0,1,c4000000
ready,880,1764095948,37,0,cc000000
present,880,1765723195,2002000,0,c0000000
complete,881,1766018440,1922529,1,c0000000
header,882,1766018476,0,2,c4000000
ready,881,1766018477,37,1,cc000000
present,881,1767725195,2002000,1,c0000000
complete,882,1768015347,1996907,2,c0000000
header,883,1768015383,0,0,c4000000
ready,882,1768015384,37,2,cc000000
present,882,1769727195,2002000,2,c0000000
complete,883,1770028980,2013633,0,c0000000
header,884,1770029016,0,1,c4000000
ready,883,1770029017,37,0,cc000000
present,883,1771729195,2002000,0,c0000000
complete,884,1772041167,2012187,1,c0000000
header,885,1772041203,0,2,c4000000
ready,884,1772041204,37,1,cc000000
present,884,1773731195,2002000,1,c0000000
complete,885,1774146065,2104898,2,c0000000
header,886,1774146101,0,0,c4000000
ready,885,1774146102,37,2,cc000000
present,885,1775733195,2002000,2,c0000000
complete,886,1776135295,1989230,0,c0000000
header,887,1776135331,0,1,c4000000
ready,886,1776135332,37,0,cc000000
present,886,1777735195,2002000,0,c0000000
complete,887,1778125933,1990638,1,c0000000
header,888,1778125969,0,2,c4000000
ready,887,1778125970,37,1,cc000000
present,887,1779737195,2002000,1,c0000000
complete,888,1780136888,2010955,2,c0000000
header,889,1780136924,0,0,c4000000
ready,888,1780136925,37,2,cc000000
present,888,1781739195,2002000,2,c0000000
complete,889,1782128387,1991499,0,c0000000
header,890,1782128423,0,1,c4000000
ready,889,1782128424,37,0,cc000000
present,889,1783741195,2002000,0,c0000000
complete,890,1784140345,2011958,1,c0000000
header,891,1784140381,0,2,c4000000
ready,890,1784140382,37,1,cc000000
present,890,1785743195,2002000,1,c0000000
complete,891,1786131119,1990774,2,c0000000
header,892,1786131155,0,0,c4000000
ready,891,1786131156,37,2,cc000000
present,891,1787745195,2002000,2,c0000000
complete,892,1788142136,2011017,0,c0000000
header,893,1788142172,0,1,c4000000
ready,892,1788142173,37,0,cc000000
present,892,1789747195,2002000,0,c0000000
complete,893,1790133103,1990967,1,c0000000
header,894,1790133139,0,2,c4000000
ready,893,1790133140,37,1,cc000000
present,893,1791749195,2002000,1,c0000000
complete,894,1792124638,1991535,2,c0000000
header,895,1792124674,0,0,c4000000
ready,894,1792124675,37,2,cc000000
present,894,1793751195,2002000,2,c0000000
complete,895,1794116442,1991804,0,c0000000
header,896,1794116478,0,1,c4000000
ready,895,1794116479,37,0,cc000000
present,895,1795753195,2002000,0,c0000000
complete,896,1796129910,2013468,1,c0000000
header,897,1796129946,0,2,c4000000
ready,896,1796129947,37,1,cc000000
present,896,1797755195,2002000,1,c0000000
complete,897,1798122352,1992442,2,c0000000
header,898,1798122388,0,0,c4000000
ready,897,1798122389,37,2,cc000000
present,897,1799757195,2002000,2,c0000000
complete,898,1800114601,1992249,0,d0000000
ready,898,1800114602,1,0,cc000000
present,898,1801759195,2002000,0,c0000000
