t=3 start source=file:/media/fat/games/MediaPlayer/bbb_480i_tff_15s.m2v index=1 core=MediaPlayer alternate=MediaPlayer
t=42 profile_version=1 transport=credit_fast_v1 ack_sample_every=64 first_byte_means=first_chunk_complete interval_means=media_poll_entry_to_entry
t=1936 helper forked pid=684 read_fd=14
t=2041 download asserted index=1 pid=684
t=2202 would_block count=1 submitted=0
t=2234 profile_poll polls=1 elapsed_us=45 interval_us=0 chunks=0
t=2438 would_block count=2 submitted=0
t=2461 profile_poll polls=2 elapsed_us=32 interval_us=251 chunks=0
t=2525 would_block count=3 submitted=0
t=2539 profile_poll polls=3 elapsed_us=20 interval_us=91 chunks=0
t=2595 would_block count=4 submitted=0
t=2608 profile_poll polls=4 elapsed_us=18 interval_us=71 chunks=0
t=2840 would_block count=8 submitted=0
t=3191 would_block count=16 submitted=0
t=3886 would_block count=32 submitted=0
t=5238 would_block count=64 submitted=0
t=5255 profile_poll polls=64 elapsed_us=21 interval_us=41 chunks=0
t=7941 would_block count=128 submitted=0
t=7957 profile_poll polls=128 elapsed_us=21 interval_us=41 chunks=0
t=11867 profile_poll polls=192 elapsed_us=6 interval_us=43 chunks=0
t=17209 would_block count=256 submitted=0
t=17244 profile_poll polls=256 elapsed_us=40 interval_us=42 chunks=0
t=20753 profile_poll polls=320 elapsed_us=7 interval_us=55 chunks=0
t=23516 profile_poll polls=384 elapsed_us=6 interval_us=43 chunks=0
t=26891 profile_poll polls=448 elapsed_us=5 interval_us=43 chunks=0
t=29713 would_block count=512 submitted=0
t=30056 profile_poll polls=512 elapsed_us=37 interval_us=49 chunks=0
t=34183 profile_poll polls=576 elapsed_us=6 interval_us=41 chunks=0
t=35916 first_read latency_us=33874 count=16384
t=40254 first_byte latency_us=38212 would_block=587 count=16384
t=40290 read event=1 count=16384 submitted=16384 read_us=49 tx_us=4302 ack_sample=0 fast_bytes=16384 slow_bytes=0 batches=2 queries=3
t=44769 read event=2 count=16384 submitted=32768 read_us=655 tx_us=3802 ack_sample=0 fast_bytes=16384 slow_bytes=0 batches=2 queries=3
t=48439 read event=3 count=16384 submitted=49152 read_us=265 tx_us=3366 ack_sample=0 fast_bytes=16384 slow_bytes=0 batches=2 queries=3
t=52175 read event=4 count=16384 submitted=65536 read_us=279 tx_us=3421 ack_sample=0 fast_bytes=16384 slow_bytes=0 batches=2 queries=3
t=55988 read event=5 count=16384 submitted=81920 read_us=277 tx_us=3381 ack_sample=0 fast_bytes=16384 slow_bytes=0 batches=2 queries=3
t=59651 read event=6 count=16384 submitted=98304 read_us=265 tx_us=3364 ack_sample=0 fast_bytes=16384 slow_bytes=0 batches=2 queries=3
t=63318 read event=7 count=16384 submitted=114688 read_us=276 tx_us=3361 ack_sample=0 fast_bytes=16384 slow_bytes=0 batches=2 queries=3
t=66976 read event=8 count=16384 submitted=131072 read_us=259 tx_us=3369 ack_sample=0 fast_bytes=16384 slow_bytes=0 batches=2 queries=3
t=74996 read event=9 count=16384 submitted=147456 read_us=265 tx_us=7651 ack_sample=0 fast_bytes=16370 slow_bytes=14 batches=360 queries=368
t=85821 read event=10 count=16384 submitted=163840 read_us=791 tx_us=9998 ack_sample=0 fast_bytes=16376 slow_bytes=8 batches=557 queries=562
t=96586 read event=11 count=16384 submitted=180224 read_us=273 tx_us=10452 ack_sample=0 fast_bytes=16380 slow_bytes=4 batches=604 queries=607
t=113311 read event=12 count=16384 submitted=196608 read_us=283 tx_us=16405 ack_sample=0 fast_bytes=16364 slow_bytes=20 batches=1105 queries=1116
t=122516 read event=13 count=16384 submitted=212992 read_us=294 tx_us=8720 ack_sample=0 fast_bytes=16382 slow_bytes=2 batches=458 queries=460
t=133613 read event=14 count=16384 submitted=229376 read_us=285 tx_us=10776 ack_sample=0 fast_bytes=16382 slow_bytes=2 batches=634 queries=636
t=161788 read event=15 count=16384 submitted=245760 read_us=278 tx_us=27863 ack_sample=0 fast_bytes=16032 slow_bytes=352 batches=994 queries=1171
t=171081 read event=16 count=16384 submitted=262144 read_us=254 tx_us=9006 ack_sample=0 fast_bytes=16372 slow_bytes=12 batches=477 queries=484
t=181392 read event=17 count=16384 submitted=278528 read_us=265 tx_us=9941 ack_sample=0 fast_bytes=16378 slow_bytes=6 batches=559 queries=563
t=198149 read event=18 count=16384 submitted=294912 read_us=780 tx_us=15927 ack_sample=0 fast_bytes=16368 slow_bytes=16 batches=1060 queries=1069
t=208529 read event=19 count=16384 submitted=311296 read_us=277 tx_us=10060 ack_sample=0 fast_bytes=16380 slow_bytes=4 batches=571 queries=574
t=220609 read event=20 count=16384 submitted=327680 read_us=280 tx_us=11765 ack_sample=0 fast_bytes=16360 slow_bytes=24 batches=706 queries=719
t=225387 read event=21 count=16384 submitted=344064 read_us=272 tx_us=4341 ack_sample=0 fast_bytes=16384 slow_bytes=0 batches=85 queries=86
t=230632 read event=22 count=16384 submitted=360448 read_us=264 tx_us=4946 ack_sample=0 fast_bytes=16384 slow_bytes=0 batches=137 queries=138
t=235705 read event=23 count=16384 submitted=376832 read_us=275 tx_us=4766 ack_sample=0 fast_bytes=16384 slow_bytes=0 batches=122 queries=123
t=240912 read event=24 count=16384 submitted=393216 read_us=257 tx_us=4910 ack_sample=0 fast_bytes=16384 slow_bytes=0 batches=134 queries=135
t=246202 read event=25 count=16384 submitted=409600 read_us=267 tx_us=4917 ack_sample=0 fast_bytes=16384 slow_bytes=0 batches=134 queries=135
t=251360 read event=26 count=16384 submitted=425984 read_us=766 tx_us=4360 ack_sample=0 fast_bytes=16384 slow_bytes=0 batches=87 queries=88
t=256628 read event=27 count=16384 submitted=442368 read_us=270 tx_us=4960 ack_sample=0 fast_bytes=16384 slow_bytes=0 batches=132 queries=133
t=261923 read event=28 count=16384 submitted=458752 read_us=284 tx_us=4975 ack_sample=0 fast_bytes=16384 slow_bytes=0 batches=139 queries=140
t=270710 read event=29 count=16384 submitted=475136 read_us=272 tx_us=8368 ack_sample=0 fast_bytes=16372 slow_bytes=12 batches=423 queries=430
t=276093 read event=30 count=16384 submitted=491520 read_us=264 tx_us=5074 ack_sample=0 fast_bytes=16384 slow_bytes=0 batches=134 queries=135
t=281474 read event=31 count=16384 submitted=507904 read_us=349 tx_us=4968 ack_sample=0 fast_bytes=16384 slow_bytes=0 batches=134 queries=135
t=287517 read event=32 count=16384 submitted=524288 read_us=393 tx_us=5596 ack_sample=0 fast_bytes=16384 slow_bytes=0 batches=189 queries=190
t=293835 read event=33 count=16384 submitted=540672 read_us=310 tx_us=5876 ack_sample=0 fast_bytes=16384 slow_bytes=0 batches=216 queries=217
t=299762 read event=34 count=16384 submitted=557056 read_us=785 tx_us=5103 ack_sample=0 fast_bytes=16384 slow_bytes=0 batches=149 queries=150
t=305843 read event=35 count=16384 submitted=573440 read_us=275 tx_us=5765 ack_sample=0 fast_bytes=16384 slow_bytes=0 batches=180 queries=181
t=315232 read event=36 count=16384 submitted=589824 read_us=302 tx_us=9040 ack_sample=0 fast_bytes=16364 slow_bytes=20 batches=472 queries=483
t=320476 read event=37 count=16384 submitted=606208 read_us=296 tx_us=4781 ack_sample=0 fast_bytes=16384 slow_bytes=0 batches=122 queries=123
t=326024 read event=38 count=16384 submitted=622592 read_us=290 tx_us=5219 ack_sample=0 fast_bytes=16384 slow_bytes=0 batches=160 queries=161
t=331895 read event=39 count=16384 submitted=638976 read_us=265 tx_us=5563 ack_sample=0 fast_bytes=16384 slow_bytes=0 batches=189 queries=190
t=338112 read event=40 count=16384 submitted=655360 read_us=261 tx_us=5923 ack_sample=0 fast_bytes=16384 slow_bytes=0 batches=220 queries=221
t=343807 read event=41 count=16384 submitted=671744 read_us=263 tx_us=5319 ack_sample=0 fast_bytes=16384 slow_bytes=0 batches=168 queries=169
t=350099 read event=42 count=16384 submitted=688128 read_us=770 tx_us=5487 ack_sample=0 fast_bytes=16384 slow_bytes=0 batches=182 queries=183
t=359620 read event=43 count=16384 submitted=704512 read_us=358 tx_us=9124 ack_sample=0 fast_bytes=16364 slow_bytes=20 batches=481 queries=492
t=364677 read event=44 count=16384 submitted=720896 read_us=285 tx_us=4734 ack_sample=0 fast_bytes=16384 slow_bytes=0 batches=119 queries=120
t=370389 read event=45 count=16384 submitted=737280 read_us=269 tx_us=5291 ack_sample=0 fast_bytes=16384 slow_bytes=0 batches=166 queries=167
t=375930 read event=46 count=16384 submitted=753664 read_us=267 tx_us=5239 ack_sample=0 fast_bytes=16384 slow_bytes=0 batches=160 queries=161
t=382011 read event=47 count=16384 submitted=770048 read_us=261 tx_us=5763 ack_sample=0 fast_bytes=16384 slow_bytes=0 batches=206 queries=207
t=387687 read event=48 count=16384 submitted=786432 read_us=260 tx_us=5382 ack_sample=0 fast_bytes=16384 slow_bytes=0 batches=174 queries=175
t=393988 read event=49 count=16384 submitted=802816 read_us=273 tx_us=5913 ack_sample=0 fast_bytes=16384 slow_bytes=0 batches=219 queries=220
t=403633 read event=50 count=16384 submitted=819200 read_us=768 tx_us=8841 ack_sample=0 fast_bytes=16370 slow_bytes=14 batches=457 queries=465
t=408620 read event=51 count=16384 submitted=835584 read_us=296 tx_us=4651 ack_sample=0 fast_bytes=16384 slow_bytes=0 batches=112 queries=113
t=414341 read event=52 count=16384 submitted=851968 read_us=281 tx_us=5405 ack_sample=0 fast_bytes=16384 slow_bytes=0 batches=176 queries=177
t=419760 read event=53 count=16384 submitted=868352 read_us=287 tx_us=4994 ack_sample=0 fast_bytes=16384 slow_bytes=0 batches=141 queries=142
t=425870 read event=54 count=16384 submitted=884736 read_us=265 tx_us=5808 ack_sample=0 fast_bytes=16384 slow_bytes=0 batches=210 queries=211
t=431345 read event=55 count=16384 submitted=901120 read_us=261 tx_us=5181 ack_sample=0 fast_bytes=16384 slow_bytes=0 batches=157 queries=158
t=437341 read event=56 count=16384 submitted=917504 read_us=259 tx_us=5705 ack_sample=0 fast_bytes=16384 slow_bytes=0 batches=201 queries=202
t=443622 read event=57 count=16384 submitted=933888 read_us=271 tx_us=5888 ack_sample=0 fast_bytes=16384 slow_bytes=0 batches=218 queries=219
t=452460 read event=58 count=16384 submitted=950272 read_us=766 tx_us=8037 ack_sample=0 fast_bytes=16364 slow_bytes=20 batches=384 queries=395
t=457987 read event=59 count=16384 submitted=966656 read_us=290 tx_us=5196 ack_sample=0 fast_bytes=16384 slow_bytes=0 batches=158 queries=159
t=463481 read event=60 count=16384 submitted=983040 read_us=261 tx_us=5198 ack_sample=0 fast_bytes=16384 slow_bytes=0 batches=158 queries=159
t=469196 read event=61 count=16384 submitted=999424 read_us=293 tx_us=5275 ack_sample=0 fast_bytes=16384 slow_bytes=0 batches=165 queries=166
t=474834 read event=62 count=16384 submitted=1015808 read_us=259 tx_us=5344 ack_sample=0 fast_bytes=16384 slow_bytes=0 batches=170 queries=171
t=480510 read event=63 count=16384 submitted=1032192 read_us=259 tx_us=5384 ack_sample=0 fast_bytes=16384 slow_bytes=0 batches=173 queries=174
t=486839 read event=64 count=16384 submitted=1048576 read_us=271 tx_us=6027 ack_sample=1 fast_bytes=16384 slow_bytes=0 batches=229 queries=230
t=486865 profile_ack event=64 words=0 high_reads=0 low_reads=0 high_wait_words=0 low_wait_words=0 high_max_reads=0 low_max_reads=0 uninitialized=0
t=511204 read event=65 count=16384 submitted=1064960 read_us=312 tx_us=3364 ack_sample=0 fast_bytes=16384 slow_bytes=0 batches=2 queries=3
t=515402 read event=66 count=16384 submitted=1081344 read_us=794 tx_us=3362 ack_sample=0 fast_bytes=16384 slow_bytes=0 batches=2 queries=3
t=519120 read event=67 count=16384 submitted=1097728 read_us=269 tx_us=3409 ack_sample=0 fast_bytes=16384 slow_bytes=0 batches=2 queries=3
t=522861 read event=68 count=16384 submitted=1114112 read_us=321 tx_us=3372 ack_sample=0 fast_bytes=16384 slow_bytes=0 batches=2 queries=3
t=526658 read event=69 count=16384 submitted=1130496 read_us=276 tx_us=3372 ack_sample=0 fast_bytes=16384 slow_bytes=0 batches=2 queries=3
t=530332 read event=70 count=16384 submitted=1146880 read_us=275 tx_us=3364 ack_sample=0 fast_bytes=16384 slow_bytes=0 batches=2 queries=3
t=533999 read event=71 count=16384 submitted=1163264 read_us=260 tx_us=3374 ack_sample=0 fast_bytes=16384 slow_bytes=0 batches=2 queries=3
t=538881 read event=72 count=16384 submitted=1179648 read_us=267 tx_us=4578 ack_sample=0 fast_bytes=16380 slow_bytes=4 batches=103 queries=106
t=544934 read event=73 count=16384 submitted=1196032 read_us=270 tx_us=5673 ack_sample=0 fast_bytes=16380 slow_bytes=4 batches=196 queries=199
t=550601 read event=74 count=16384 submitted=1212416 read_us=778 tx_us=4852 ack_sample=0 fast_bytes=16384 slow_bytes=0 batches=129 queries=130
t=556071 read event=75 count=16384 submitted=1228800 read_us=289 tx_us=5126 ack_sample=0 fast_bytes=16384 slow_bytes=0 batches=146 queries=147
t=561744 read event=76 count=16384 submitted=1245184 read_us=267 tx_us=5366 ack_sample=0 fast_bytes=16384 slow_bytes=0 batches=172 queries=173
t=567395 read event=77 count=16384 submitted=1261568 read_us=278 tx_us=5229 ack_sample=0 fast_bytes=16384 slow_bytes=0 batches=161 queries=162
t=573172 read event=78 count=16384 submitted=1277952 read_us=260 tx_us=5482 ack_sample=0 fast_bytes=16384 slow_bytes=0 batches=182 queries=183
t=579694 read event=79 count=16384 submitted=1294336 read_us=259 tx_us=6231 ack_sample=0 fast_bytes=16384 slow_bytes=0 batches=245 queries=246
t=588822 read event=80 count=16384 submitted=1310720 read_us=257 tx_us=8829 ack_sample=0 fast_bytes=16372 slow_bytes=12 batches=462 queries=469
t=593892 read event=81 count=16384 submitted=1327104 read_us=267 tx_us=4695 ack_sample=0 fast_bytes=16384 slow_bytes=0 batches=115 queries=116
t=599681 read event=82 count=16384 submitted=1343488 read_us=755 tx_us=5000 ack_sample=0 fast_bytes=16384 slow_bytes=0 batches=141 queries=142
t=605144 read event=83 count=16384 submitted=1359872 read_us=278 tx_us=5148 ack_sample=0 fast_bytes=16384 slow_bytes=0 batches=148 queries=149
t=611065 read event=84 count=16384 submitted=1376256 read_us=264 tx_us=5619 ack_sample=0 fast_bytes=16384 slow_bytes=0 batches=193 queries=194
t=616690 read event=85 count=16384 submitted=1392640 read_us=275 tx_us=5211 ack_sample=0 fast_bytes=16384 slow_bytes=0 batches=159 queries=160
t=622981 read event=86 count=16384 submitted=1409024 read_us=260 tx_us=5985 ack_sample=0 fast_bytes=16384 slow_bytes=0 batches=225 queries=226
t=632607 read event=87 count=16384 submitted=1425408 read_us=257 tx_us=9336 ack_sample=0 fast_bytes=16368 slow_bytes=16 batches=503 queries=512
t=637738 read event=88 count=16384 submitted=1441792 read_us=275 tx_us=4822 ack_sample=0 fast_bytes=16384 slow_bytes=0 batches=126 queries=127
t=643599 read event=89 count=16384 submitted=1458176 read_us=267 tx_us=5488 ack_sample=0 fast_bytes=16384 slow_bytes=0 batches=183 queries=184
t=648916 read event=90 count=16384 submitted=1474560 read_us=763 tx_us=4520 ack_sample=0 fast_bytes=16384 slow_bytes=0 batches=100 queries=101
t=654703 read event=91 count=16384 submitted=1490944 read_us=271 tx_us=5478 ack_sample=0 fast_bytes=16384 slow_bytes=0 batches=176 queries=177
t=660418 read event=92 count=16384 submitted=1507328 read_us=268 tx_us=5400 ack_sample=0 fast_bytes=16384 slow_bytes=0 batches=175 queries=176
t=666375 read event=93 count=16384 submitted=1523712 read_us=290 tx_us=5525 ack_sample=0 fast_bytes=16384 slow_bytes=0 batches=186 queries=187
t=676307 read event=94 count=16384 submitted=1540096 read_us=264 tx_us=9633 ack_sample=0 fast_bytes=16362 slow_bytes=22 batches=524 queries=536
t=681667 read event=95 count=16384 submitted=1556480 read_us=260 tx_us=5066 ack_sample=0 fast_bytes=16384 slow_bytes=0 batches=147 queries=148
t=687456 read event=96 count=16384 submitted=1572864 read_us=270 tx_us=5488 ack_sample=0 fast_bytes=16384 slow_bytes=0 batches=183 queries=184
t=692825 read event=97 count=16384 submitted=1589248 read_us=284 tx_us=4983 ack_sample=0 fast_bytes=16384 slow_bytes=0 batches=140 queries=141
t=698519 read event=98 count=16384 submitted=1605632 read_us=748 tx_us=4911 ack_sample=0 fast_bytes=16384 slow_bytes=0 batches=133 queries=134
t=704247 read event=99 count=16384 submitted=1622016 read_us=283 tx_us=5406 ack_sample=0 fast_bytes=16384 slow_bytes=0 batches=170 queries=171
t=710138 read event=100 count=16384 submitted=1638400 read_us=273 tx_us=5580 ack_sample=0 fast_bytes=16384 slow_bytes=0 batches=190 queries=191
t=716729 read event=101 count=16384 submitted=1654784 read_us=273 tx_us=6167 ack_sample=0 fast_bytes=16384 slow_bytes=0 batches=240 queries=241
t=725806 read event=102 count=16384 submitted=1671168 read_us=260 tx_us=8780 ack_sample=0 fast_bytes=16374 slow_bytes=10 batches=458 queries=464
t=731182 read event=103 count=16384 submitted=1687552 read_us=267 tx_us=5059 ack_sample=0 fast_bytes=16384 slow_bytes=0 batches=146 queries=147
t=736828 read event=104 count=16384 submitted=1703936 read_us=259 tx_us=5355 ack_sample=0 fast_bytes=16384 slow_bytes=0 batches=171 queries=172
t=742346 read event=105 count=16384 submitted=1720320 read_us=269 tx_us=5143 ack_sample=0 fast_bytes=16384 slow_bytes=0 batches=153 queries=154
t=748100 read event=106 count=16384 submitted=1736704 read_us=763 tx_us=4957 ack_sample=0 fast_bytes=16384 slow_bytes=0 batches=137 queries=138
t=753786 read event=107 count=16384 submitted=1753088 read_us=267 tx_us=5380 ack_sample=0 fast_bytes=16384 slow_bytes=0 batches=165 queries=166
t=760223 read event=108 count=16384 submitted=1769472 read_us=270 tx_us=6131 ack_sample=0 fast_bytes=16384 slow_bytes=0 batches=237 queries=238
t=769746 read event=109 count=16384 submitted=1785856 read_us=278 tx_us=9099 ack_sample=0 fast_bytes=16366 slow_bytes=18 batches=481 queries=491
t=774843 read event=110 count=16384 submitted=1802240 read_us=263 tx_us=4799 ack_sample=0 fast_bytes=16384 slow_bytes=0 batches=124 queries=125
t=780683 read event=111 count=16384 submitted=1818624 read_us=259 tx_us=5548 ack_sample=0 fast_bytes=16384 slow_bytes=0 batches=187 queries=188
t=785982 read event=112 count=16384 submitted=1835008 read_us=269 tx_us=4999 ack_sample=0 fast_bytes=16384 slow_bytes=0 batches=141 queries=142
t=791569 read event=113 count=16384 submitted=1851392 read_us=264 tx_us=5219 ack_sample=0 fast_bytes=16384 slow_bytes=0 batches=160 queries=161
t=797341 read event=114 count=16384 submitted=1867776 read_us=763 tx_us=4975 ack_sample=0 fast_bytes=16384 slow_bytes=0 batches=139 queries=140
t=803231 read event=115 count=16384 submitted=1884160 read_us=268 tx_us=5585 ack_sample=0 fast_bytes=16384 slow_bytes=0 batches=184 queries=185
t=813025 read event=116 count=16384 submitted=1900544 read_us=269 tx_us=9488 ack_sample=0 fast_bytes=16358 slow_bytes=26 batches=510 queries=524
t=818382 read event=117 count=16384 submitted=1916928 read_us=271 tx_us=4935 ack_sample=0 fast_bytes=16384 slow_bytes=0 batches=135 queries=136
t=823938 read event=118 count=16384 submitted=1933312 read_us=262 tx_us=5260 ack_sample=0 fast_bytes=16384 slow_bytes=0 batches=163 queries=164
t=829295 read event=119 count=16384 submitted=1949696 read_us=259 tx_us=5064 ack_sample=0 fast_bytes=16384 slow_bytes=0 batches=147 queries=148
t=834790 read event=120 count=16384 submitted=1966080 read_us=261 tx_us=5202 ack_sample=0 fast_bytes=16384 slow_bytes=0 batches=158 queries=159
t=840390 read event=121 count=16384 submitted=1982464 read_us=264 tx_us=5234 ack_sample=0 fast_bytes=16384 slow_bytes=0 batches=161 queries=162
t=846135 read event=122 count=16384 submitted=1998848 read_us=767 tx_us=4944 ack_sample=0 fast_bytes=16384 slow_bytes=0 batches=136 queries=137
t=852458 read event=123 count=16384 submitted=2015232 read_us=268 tx_us=6018 ack_sample=0 fast_bytes=16384 slow_bytes=0 batches=222 queries=223
t=861769 read event=124 count=16384 submitted=2031616 read_us=285 tx_us=8988 ack_sample=0 fast_bytes=16366 slow_bytes=18 batches=472 queries=482
t=866848 read event=125 count=16384 submitted=2048000 read_us=277 tx_us=4660 ack_sample=0 fast_bytes=16384 slow_bytes=0 batches=112 queries=113
t=872609 read event=126 count=16384 submitted=2064384 read_us=262 tx_us=5463 ack_sample=0 fast_bytes=16384 slow_bytes=0 batches=181 queries=182
t=877808 read event=127 count=16384 submitted=2080768 read_us=283 tx_us=4883 ack_sample=0 fast_bytes=16384 slow_bytes=0 batches=130 queries=131
t=883385 read event=128 count=16384 submitted=2097152 read_us=257 tx_us=5289 ack_sample=1 fast_bytes=16384 slow_bytes=0 batches=166 queries=167
t=883412 profile_ack event=128 words=0 high_reads=0 low_reads=0 high_wait_words=0 low_wait_words=0 high_max_reads=0 low_max_reads=0 uninitialized=0
t=889132 read event=129 count=16384 submitted=2113536 read_us=283 tx_us=5344 ack_sample=0 fast_bytes=16384 slow_bytes=0 batches=171 queries=172
t=894963 read event=130 count=16384 submitted=2129920 read_us=776 tx_us=5022 ack_sample=0 fast_bytes=16384 slow_bytes=0 batches=143 queries=144
t=904704 read event=131 count=16384 submitted=2146304 read_us=265 tx_us=9423 ack_sample=0 fast_bytes=16364 slow_bytes=20 batches=502 queries=513
t=910176 read event=132 count=16384 submitted=2162688 read_us=276 tx_us=5151 ack_sample=0 fast_bytes=16384 slow_bytes=0 batches=154 queries=155
t=915569 read event=133 count=16384 submitted=2179072 read_us=273 tx_us=4979 ack_sample=0 fast_bytes=16384 slow_bytes=0 batches=139 queries=140
t=920882 read event=134 count=16384 submitted=2195456 read_us=280 tx_us=4998 ack_sample=0 fast_bytes=16384 slow_bytes=0 batches=141 queries=142
t=926348 read event=135 count=16384 submitted=2211840 read_us=257 tx_us=5176 ack_sample=0 fast_bytes=16384 slow_bytes=0 batches=156 queries=157
t=931942 read event=136 count=16384 submitted=2228224 read_us=257 tx_us=5308 ack_sample=0 fast_bytes=16384 slow_bytes=0 batches=167 queries=168
t=937759 read event=137 count=16384 submitted=2244608 read_us=269 tx_us=5435 ack_sample=0 fast_bytes=16384 slow_bytes=0 batches=178 queries=179
t=943997 read event=138 count=16384 submitted=2260992 read_us=752 tx_us=5453 ack_sample=0 fast_bytes=16384 slow_bytes=0 batches=179 queries=180
t=953331 read event=139 count=16384 submitted=2277376 read_us=347 tx_us=8945 ack_sample=0 fast_bytes=16360 slow_bytes=24 batches=463 queries=476
t=958411 read event=140 count=16384 submitted=2293760 read_us=268 tx_us=4774 ack_sample=0 fast_bytes=16384 slow_bytes=0 batches=122 queries=123
t=963995 read event=141 count=16384 submitted=2310144 read_us=293 tx_us=5152 ack_sample=0 fast_bytes=16384 slow_bytes=0 batches=154 queries=155
t=969247 read event=142 count=16384 submitted=2326528 read_us=262 tx_us=4956 ack_sample=0 fast_bytes=16384 slow_bytes=0 batches=137 queries=138
t=974790 read event=143 count=16384 submitted=2342912 read_us=259 tx_us=5251 ack_sample=0 fast_bytes=16384 slow_bytes=0 batches=162 queries=163
t=980489 read event=144 count=16384 submitted=2359296 read_us=263 tx_us=5404 ack_sample=0 fast_bytes=16384 slow_bytes=0 batches=175 queries=176
t=986536 read event=145 count=16384 submitted=2375680 read_us=291 tx_us=5652 ack_sample=0 fast_bytes=16384 slow_bytes=0 batches=197 queries=198
t=996072 read event=146 count=16384 submitted=2392064 read_us=764 tx_us=8738 ack_sample=0 fast_bytes=16372 slow_bytes=12 batches=448 queries=455
t=1001690 read event=147 count=16384 submitted=2408448 read_us=272 tx_us=5305 ack_sample=0 fast_bytes=16384 slow_bytes=0 batches=167 queries=168
t=1006900 read event=148 count=16384 submitted=2424832 read_us=262 tx_us=4904 ack_sample=0 fast_bytes=16384 slow_bytes=0 batches=133 queries=134
t=1021032 read event=149 count=16384 submitted=2441216 read_us=278 tx_us=3371 ack_sample=0 fast_bytes=16384 slow_bytes=0 batches=2 queries=3
t=1025007 read event=150 count=16384 submitted=2457600 read_us=321 tx_us=3609 ack_sample=0 fast_bytes=16384 slow_bytes=0 batches=2 queries=3
t=1029000 read event=151 count=16384 submitted=2473984 read_us=335 tx_us=3600 ack_sample=0 fast_bytes=16384 slow_bytes=0 batches=2 queries=3
t=1033146 read event=152 count=16384 submitted=2490368 read_us=390 tx_us=3689 ack_sample=0 fast_bytes=16384 slow_bytes=0 batches=2 queries=3
t=1037307 read event=153 count=16384 submitted=2506752 read_us=338 tx_us=3631 ack_sample=0 fast_bytes=16384 slow_bytes=0 batches=3 queries=4
t=1044983 read event=154 count=16384 submitted=2523136 read_us=1180 tx_us=6420 ack_sample=0 fast_bytes=16382 slow_bytes=2 batches=246 queries=248
t=1050023 read event=155 count=16384 submitted=2539520 read_us=377 tx_us=4595 ack_sample=0 fast_bytes=16384 slow_bytes=0 batches=106 queries=107
t=1055603 read event=156 count=16384 submitted=2555904 read_us=274 tx_us=5269 ack_sample=0 fast_bytes=16384 slow_bytes=0 batches=164 queries=165
t=1060834 read event=157 count=16384 submitted=2572288 read_us=277 tx_us=4788 ack_sample=0 fast_bytes=16384 slow_bytes=0 batches=123 queries=124
t=1066601 read event=158 count=16384 submitted=2588672 read_us=264 tx_us=5466 ack_sample=0 fast_bytes=16384 slow_bytes=0 batches=181 queries=182
t=1072371 read event=159 count=16384 submitted=2605056 read_us=285 tx_us=5430 ack_sample=0 fast_bytes=16384 slow_bytes=0 batches=178 queries=179
t=1078476 read event=160 count=16384 submitted=2621440 read_us=262 tx_us=5808 ack_sample=0 fast_bytes=16384 slow_bytes=0 batches=210 queries=211
t=1088028 read event=161 count=16384 submitted=2637824 read_us=284 tx_us=9161 ack_sample=0 fast_bytes=16362 slow_bytes=22 batches=485 queries=497
t=1093583 read event=162 count=16384 submitted=2654208 read_us=774 tx_us=4747 ack_sample=0 fast_bytes=16384 slow_bytes=0 batches=120 queries=121
t=1098669 read event=163 count=16384 submitted=2670592 read_us=285 tx_us=4764 ack_sample=0 fast_bytes=16384 slow_bytes=0 batches=116 queries=117
t=1104116 read event=164 count=16384 submitted=2686976 read_us=282 tx_us=5129 ack_sample=0 fast_bytes=16384 slow_bytes=0 batches=152 queries=153
t=1109740 read event=165 count=16384 submitted=2703360 read_us=275 tx_us=5205 ack_sample=0 fast_bytes=16384 slow_bytes=0 batches=157 queries=158
t=1115452 read event=166 count=16384 submitted=2719744 read_us=261 tx_us=5416 ack_sample=0 fast_bytes=16384 slow_bytes=0 batches=177 queries=178
t=1121689 read event=167 count=16384 submitted=2736128 read_us=279 tx_us=5927 ack_sample=0 fast_bytes=16384 slow_bytes=0 batches=221 queries=222
t=1127959 read event=168 count=16384 submitted=2752512 read_us=259 tx_us=5971 ack_sample=0 fast_bytes=16384 slow_bytes=0 batches=224 queries=225
t=1137248 read event=169 count=16384 submitted=2768896 read_us=263 tx_us=8918 ack_sample=0 fast_bytes=16368 slow_bytes=16 batches=467 queries=476
t=1142271 read event=170 count=16384 submitted=2785280 read_us=798 tx_us=4189 ack_sample=0 fast_bytes=16384 slow_bytes=0 batches=72 queries=73
t=1147757 read event=171 count=16384 submitted=2801664 read_us=268 tx_us=5180 ack_sample=0 fast_bytes=16384 slow_bytes=0 batches=150 queries=151
t=1153125 read event=172 count=16384 submitted=2818048 read_us=285 tx_us=5044 ack_sample=0 fast_bytes=16384 slow_bytes=0 batches=145 queries=146
t=1159027 read event=173 count=16384 submitted=2834432 read_us=276 tx_us=5474 ack_sample=0 fast_bytes=16384 slow_bytes=0 batches=181 queries=182
t=1164920 read event=174 count=16384 submitted=2850816 read_us=261 tx_us=5597 ack_sample=0 fast_bytes=16384 slow_bytes=0 batches=192 queries=193
t=1171227 read event=175 count=16384 submitted=2867200 read_us=258 tx_us=6018 ack_sample=0 fast_bytes=16384 slow_bytes=0 batches=228 queries=229
t=1180819 read event=176 count=16384 submitted=2883584 read_us=263 tx_us=9299 ack_sample=0 fast_bytes=16366 slow_bytes=18 batches=498 queries=508
t=1186122 read event=177 count=16384 submitted=2899968 read_us=266 tx_us=4931 ack_sample=0 fast_bytes=16384 slow_bytes=0 batches=135 queries=136
t=1191383 read event=178 count=16384 submitted=2916352 read_us=774 tx_us=4453 ack_sample=0 fast_bytes=16384 slow_bytes=0 batches=95 queries=96
t=1196786 read event=179 count=16384 submitted=2932736 read_us=269 tx_us=5095 ack_sample=0 fast_bytes=16384 slow_bytes=0 batches=143 queries=144
t=1202526 read event=180 count=16384 submitted=2949120 read_us=268 tx_us=5434 ack_sample=0 fast_bytes=16384 slow_bytes=0 batches=178 queries=179
t=1208398 read event=181 count=16384 submitted=2965504 read_us=289 tx_us=5439 ack_sample=0 fast_bytes=16384 slow_bytes=0 batches=178 queries=179
t=1214733 read event=182 count=16384 submitted=2981888 read_us=263 tx_us=6036 ack_sample=0 fast_bytes=16384 slow_bytes=0 batches=229 queries=230
t=1224537 read event=183 count=16384 submitted=2998272 read_us=259 tx_us=9514 ack_sample=0 fast_bytes=16370 slow_bytes=14 batches=519 queries=527
t=1230125 read event=184 count=16384 submitted=3014656 read_us=280 tx_us=5277 ack_sample=0 fast_bytes=16384 slow_bytes=0 batches=165 queries=166
t=1235126 read event=185 count=16384 submitted=3031040 read_us=268 tx_us=4628 ack_sample=0 fast_bytes=16384 slow_bytes=0 batches=109 queries=110
t=1240688 read event=186 count=16384 submitted=3047424 read_us=770 tx_us=4758 ack_sample=0 fast_bytes=16384 slow_bytes=0 batches=121 queries=122
t=1246183 read event=187 count=16384 submitted=3063808 read_us=267 tx_us=5179 ack_sample=0 fast_bytes=16384 slow_bytes=0 batches=151 queries=152
t=1252114 read event=188 count=16384 submitted=3080192 read_us=276 tx_us=5605 ack_sample=0 fast_bytes=16384 slow_bytes=0 batches=192 queries=193
t=1258263 read event=189 count=16384 submitted=3096576 read_us=276 tx_us=5730 ack_sample=0 fast_bytes=16384 slow_bytes=0 batches=203 queries=204
t=1268195 read event=190 count=16384 submitted=3112960 read_us=265 tx_us=9633 ack_sample=0 fast_bytes=16362 slow_bytes=22 batches=525 queries=537
t=1274127 read event=191 count=16384 submitted=3129344 read_us=255 tx_us=5645 ack_sample=0 fast_bytes=16384 slow_bytes=0 batches=196 queries=197
t=1279065 read event=192 count=16384 submitted=3145728 read_us=262 tx_us=4646 ack_sample=1 fast_bytes=16384 slow_bytes=0 batches=111 queries=112
t=1279092 profile_ack event=192 words=0 high_reads=0 low_reads=0 high_wait_words=0 low_wait_words=0 high_max_reads=0 low_max_reads=0 uninitialized=0
t=1284621 read event=193 count=16384 submitted=3162112 read_us=267 tx_us=5165 ack_sample=0 fast_bytes=16384 slow_bytes=0 batches=155 queries=156
t=1289916 read event=194 count=16384 submitted=3178496 read_us=761 tx_us=4501 ack_sample=0 fast_bytes=16384 slow_bytes=0 batches=98 queries=99
t=1295879 read event=195 count=16384 submitted=3194880 read_us=268 tx_us=5659 ack_sample=0 fast_bytes=16384 slow_bytes=0 batches=191 queries=192
t=1301866 read event=196 count=16384 submitted=3211264 read_us=266 tx_us=5684 ack_sample=0 fast_bytes=16384 slow_bytes=0 batches=199 queries=200
t=1308290 read event=197 count=16384 submitted=3227648 read_us=272 tx_us=6009 ack_sample=0 fast_bytes=16384 slow_bytes=0 batches=226 queries=227
t=1317939 read event=198 count=16384 submitted=3244032 read_us=261 tx_us=9355 ack_sample=0 fast_bytes=16364 slow_bytes=20 batches=502 queries=513
t=1323097 read event=199 count=16384 submitted=3260416 read_us=258 tx_us=4866 ack_sample=0 fast_bytes=16384 slow_bytes=0 batches=130 queries=131
t=1328373 read event=200 count=16384 submitted=3276800 read_us=258 tx_us=4988 ack_sample=0 fast_bytes=16384 slow_bytes=0 batches=140 queries=141
t=1333674 read event=201 count=16384 submitted=3293184 read_us=280 tx_us=4918 ack_sample=0 fast_bytes=16384 slow_bytes=0 batches=135 queries=136
t=1339541 read event=202 count=16384 submitted=3309568 read_us=763 tx_us=5068 ack_sample=0 fast_bytes=16384 slow_bytes=0 batches=147 queries=148
t=1345506 read event=203 count=16384 submitted=3325952 read_us=292 tx_us=5636 ack_sample=0 fast_bytes=16384 slow_bytes=0 batches=190 queries=191
t=1351827 read event=204 count=16384 submitted=3342336 read_us=287 tx_us=5996 ack_sample=0 fast_bytes=16384 slow_bytes=0 batches=226 queries=227
t=1361554 read event=205 count=16384 submitted=3358720 read_us=270 tx_us=9313 ack_sample=0 fast_bytes=16366 slow_bytes=18 batches=500 queries=510
t=1367087 read event=206 count=16384 submitted=3375104 read_us=281 tx_us=5216 ack_sample=0 fast_bytes=16384 slow_bytes=0 batches=160 queries=161
t=1372179 read event=207 count=16384 submitted=3391488 read_us=259 tx_us=4799 ack_sample=0 fast_bytes=16384 slow_bytes=0 batches=124 queries=125
t=1377687 read event=208 count=16384 submitted=3407872 read_us=261 tx_us=5214 ack_sample=0 fast_bytes=16384 slow_bytes=0 batches=160 queries=161
t=1383368 read event=209 count=16384 submitted=3424256 read_us=268 tx_us=5298 ack_sample=0 fast_bytes=16384 slow_bytes=0 batches=167 queries=168
t=1389450 read event=210 count=16384 submitted=3440640 read_us=784 tx_us=5264 ack_sample=0 fast_bytes=16384 slow_bytes=0 batches=164 queries=165
t=1395725 read event=211 count=16384 submitted=3457024 read_us=289 tx_us=5945 ack_sample=0 fast_bytes=16384 slow_bytes=0 batches=216 queries=217
t=1405469 read event=212 count=16384 submitted=3473408 read_us=270 tx_us=9438 ack_sample=0 fast_bytes=16368 slow_bytes=16 batches=512 queries=521
t=1405501 profile_poll polls=640 elapsed_us=27705 interval_us=25831 chunks=4
t=1411370 read event=213 count=16384 submitted=3489792 read_us=297 tx_us=5440 ack_sample=0 fast_bytes=16384 slow_bytes=0 batches=178 queries=179
t=1416250 read event=214 count=16384 submitted=3506176 read_us=264 tx_us=4565 ack_sample=0 fast_bytes=16384 slow_bytes=0 batches=104 queries=105
t=1421827 read event=215 count=16384 submitted=3522560 read_us=261 tx_us=5284 ack_sample=0 fast_bytes=16384 slow_bytes=0 batches=165 queries=166
t=1427404 read event=216 count=16384 submitted=3538944 read_us=258 tx_us=5288 ack_sample=0 fast_bytes=16384 slow_bytes=0 batches=166 queries=167
t=1433465 read event=217 count=16384 submitted=3555328 read_us=285 tx_us=5672 ack_sample=0 fast_bytes=16384 slow_bytes=0 batches=199 queries=200
t=1439746 read event=218 count=16384 submitted=3571712 read_us=763 tx_us=5482 ack_sample=0 fast_bytes=16384 slow_bytes=0 batches=182 queries=183
t=1449361 read event=219 count=16384 submitted=3588096 read_us=353 tx_us=9223 ack_sample=0 fast_bytes=16366 slow_bytes=18 batches=491 queries=501
t=1455531 read event=220 count=16384 submitted=3604480 read_us=267 tx_us=5867 ack_sample=0 fast_bytes=16384 slow_bytes=0 batches=215 queries=216
t=1460484 read event=221 count=16384 submitted=3620864 read_us=292 tx_us=4513 ack_sample=0 fast_bytes=16384 slow_bytes=0 batches=100 queries=101
t=1466053 read event=222 count=16384 submitted=3637248 read_us=277 tx_us=5256 ack_sample=0 fast_bytes=16384 slow_bytes=0 batches=163 queries=164
t=1471534 read event=223 count=16384 submitted=3653632 read_us=259 tx_us=5191 ack_sample=0 fast_bytes=16384 slow_bytes=0 batches=158 queries=159
t=1477572 read event=224 count=16384 submitted=3670016 read_us=278 tx_us=5729 ack_sample=0 fast_bytes=16384 slow_bytes=0 batches=204 queries=205
t=1483751 read event=225 count=16384 submitted=3686400 read_us=283 tx_us=5795 ack_sample=0 fast_bytes=16384 slow_bytes=0 batches=209 queries=210
t=1493463 read event=226 count=16384 submitted=3702784 read_us=742 tx_us=8935 ack_sample=0 fast_bytes=16374 slow_bytes=10 batches=466 queries=472
t=1499661 read event=227 count=16384 submitted=3719168 read_us=294 tx_us=5864 ack_sample=0 fast_bytes=16384 slow_bytes=0 batches=215 queries=216
t=1504771 read event=228 count=16384 submitted=3735552 read_us=277 tx_us=4798 ack_sample=0 fast_bytes=16384 slow_bytes=0 batches=124 queries=125
t=1515677 read event=229 count=16384 submitted=3751936 read_us=60 tx_us=3407 ack_sample=0 fast_bytes=16384 slow_bytes=0 batches=2 queries=3
t=1519689 read event=230 count=16384 submitted=3768320 read_us=37 tx_us=3900 ack_sample=0 fast_bytes=16384 slow_bytes=0 batches=2 queries=3
t=1523384 read event=231 count=16384 submitted=3784704 read_us=273 tx_us=3367 ack_sample=0 fast_bytes=16384 slow_bytes=0 batches=2 queries=3
t=1527986 read event=232 count=16384 submitted=3801088 read_us=269 tx_us=4301 ack_sample=0 fast_bytes=16384 slow_bytes=0 batches=81 queries=82
t=1538179 read event=233 count=16384 submitted=3817472 read_us=6649 tx_us=3412 ack_sample=0 fast_bytes=16384 slow_bytes=0 batches=2 queries=3
t=1549162 read event=234 count=16384 submitted=3833856 read_us=7533 tx_us=3397 ack_sample=0 fast_bytes=16384 slow_bytes=0 batches=2 queries=3
t=1552898 read event=235 count=16384 submitted=3850240 read_us=295 tx_us=3389 ack_sample=0 fast_bytes=16384 slow_bytes=0 batches=2 queries=3
t=1563123 read event=236 count=16384 submitted=3866624 read_us=6820 tx_us=3365 ack_sample=0 fast_bytes=16384 slow_bytes=0 batches=2 queries=3
t=1566969 read event=237 count=16384 submitted=3883008 read_us=296 tx_us=3381 ack_sample=0 fast_bytes=16384 slow_bytes=0 batches=2 queries=3
t=1577148 read event=238 count=16384 submitted=3899392 read_us=6743 tx_us=3395 ack_sample=0 fast_bytes=16384 slow_bytes=0 batches=2 queries=3
t=1580866 read event=239 count=16384 submitted=3915776 read_us=287 tx_us=3385 ack_sample=0 fast_bytes=16384 slow_bytes=0 batches=2 queries=3
t=1591120 read event=240 count=16384 submitted=3932160 read_us=6854 tx_us=3363 ack_sample=0 fast_bytes=16384 slow_bytes=0 batches=2 queries=3
t=1594931 read event=241 count=16384 submitted=3948544 read_us=296 tx_us=3379 ack_sample=0 fast_bytes=16384 slow_bytes=0 batches=2 queries=3
t=1606149 read event=242 count=16384 submitted=3964928 read_us=7791 tx_us=3388 ack_sample=0 fast_bytes=16384 slow_bytes=0 batches=2 queries=3
t=1609901 read event=243 count=16384 submitted=3981312 read_us=297 tx_us=3391 ack_sample=0 fast_bytes=16384 slow_bytes=0 batches=2 queries=3
t=1616866 read event=244 count=16384 submitted=3997696 read_us=3491 tx_us=3435 ack_sample=0 fast_bytes=16384 slow_bytes=0 batches=2 queries=3
t=1620749 read event=245 count=16384 submitted=4014080 read_us=297 tx_us=3413 ack_sample=0 fast_bytes=16384 slow_bytes=0 batches=2 queries=3
t=1624427 read event=246 count=16384 submitted=4030464 read_us=272 tx_us=3366 ack_sample=0 fast_bytes=16384 slow_bytes=0 batches=2 queries=3
t=1628093 read event=247 count=16384 submitted=4046848 read_us=273 tx_us=3359 ack_sample=0 fast_bytes=16384 slow_bytes=0 batches=2 queries=3
t=1632734 read event=248 count=16384 submitted=4063232 read_us=266 tx_us=4344 ack_sample=0 fast_bytes=16384 slow_bytes=0 batches=85 queries=86
t=1638441 read event=249 count=16384 submitted=4079616 read_us=263 tx_us=5335 ack_sample=0 fast_bytes=16384 slow_bytes=0 batches=169 queries=170
t=1643524 read event=250 count=16384 submitted=4096000 read_us=805 tx_us=4237 ack_sample=0 fast_bytes=16384 slow_bytes=0 batches=76 queries=77
t=1649113 read event=251 count=16384 submitted=4112384 read_us=298 tx_us=5249 ack_sample=0 fast_bytes=16384 slow_bytes=0 batches=157 queries=158
t=1655038 read event=252 count=16384 submitted=4128768 read_us=273 tx_us=5614 ack_sample=0 fast_bytes=16384 slow_bytes=0 batches=193 queries=194
t=1661489 read event=253 count=16384 submitted=4145152 read_us=272 tx_us=6033 ack_sample=0 fast_bytes=16384 slow_bytes=0 batches=229 queries=230
t=1667869 read event=254 count=16384 submitted=4161536 read_us=279 tx_us=6064 ack_sample=0 fast_bytes=16384 slow_bytes=0 batches=232 queries=233
t=1677360 read event=255 count=16384 submitted=4177920 read_us=262 tx_us=9196 ack_sample=0 fast_bytes=16362 slow_bytes=22 batches=488 queries=500
t=1683131 read event=256 count=16384 submitted=4194304 read_us=259 tx_us=5480 ack_sample=1 fast_bytes=16384 slow_bytes=0 batches=182 queries=183
t=1683158 profile_ack event=256 words=0 high_reads=0 low_reads=0 high_wait_words=0 low_wait_words=0 high_max_reads=0 low_max_reads=0 uninitialized=0
t=1688171 read event=257 count=16384 submitted=4210688 read_us=262 tx_us=4661 ack_sample=0 fast_bytes=16384 slow_bytes=0 batches=112 queries=113
t=1693703 read event=258 count=16384 submitted=4227072 read_us=763 tx_us=4735 ack_sample=0 fast_bytes=16384 slow_bytes=0 batches=119 queries=120
t=1699600 read event=259 count=16384 submitted=4243456 read_us=269 tx_us=5582 ack_sample=0 fast_bytes=16384 slow_bytes=0 batches=185 queries=186
t=1706178 read event=260 count=16384 submitted=4259840 read_us=292 tx_us=6250 ack_sample=0 fast_bytes=16384 slow_bytes=0 batches=248 queries=249
t=1712467 read event=261 count=16384 submitted=4276224 read_us=271 tx_us=5878 ack_sample=0 fast_bytes=16384 slow_bytes=0 batches=211 queries=212
t=1721963 read event=262 count=16384 submitted=4292608 read_us=282 tx_us=9177 ack_sample=0 fast_bytes=16368 slow_bytes=16 batches=489 queries=498
t=1727819 read event=263 count=16384 submitted=4308992 read_us=260 tx_us=5563 ack_sample=0 fast_bytes=16384 slow_bytes=0 batches=189 queries=190
t=1732849 read event=264 count=16384 submitted=4325376 read_us=259 tx_us=4739 ack_sample=0 fast_bytes=16384 slow_bytes=0 batches=119 queries=120
t=1738496 read event=265 count=16384 submitted=4341760 read_us=264 tx_us=5272 ack_sample=0 fast_bytes=16384 slow_bytes=0 batches=164 queries=165
t=1744364 read event=266 count=16384 submitted=4358144 read_us=762 tx_us=5074 ack_sample=0 fast_bytes=16384 slow_bytes=0 batches=147 queries=148
t=1751028 read event=267 count=16384 submitted=4374528 read_us=272 tx_us=6352 ack_sample=0 fast_bytes=16384 slow_bytes=0 batches=250 queries=251
t=1758649 read event=268 count=16384 submitted=4390912 read_us=267 tx_us=7316 ack_sample=0 fast_bytes=16372 slow_bytes=12 batches=332 queries=339
t=1766696 read event=269 count=16384 submitted=4407296 read_us=269 tx_us=7613 ack_sample=0 fast_bytes=16376 slow_bytes=8 batches=360 queries=365
t=1772541 read event=270 count=16384 submitted=4423680 read_us=261 tx_us=5524 ack_sample=0 fast_bytes=16384 slow_bytes=0 batches=186 queries=187
t=1777600 read event=271 count=16384 submitted=4440064 read_us=278 tx_us=4746 ack_sample=0 fast_bytes=16384 slow_bytes=0 batches=120 queries=121
t=1783237 read event=272 count=16384 submitted=4456448 read_us=284 tx_us=5322 ack_sample=0 fast_bytes=16384 slow_bytes=0 batches=169 queries=170
t=1789072 read event=273 count=16384 submitted=4472832 read_us=264 tx_us=5460 ack_sample=0 fast_bytes=16384 slow_bytes=0 batches=180 queries=181
t=1795666 read event=274 count=16384 submitted=4489216 read_us=776 tx_us=5782 ack_sample=0 fast_bytes=16384 slow_bytes=0 batches=208 queries=209
t=1805469 read event=275 count=16384 submitted=4505600 read_us=390 tx_us=9363 ack_sample=0 fast_bytes=16360 slow_bytes=24 batches=501 queries=514
t=1811448 read event=276 count=16384 submitted=4521984 read_us=282 tx_us=5661 ack_sample=0 fast_bytes=16384 slow_bytes=0 batches=197 queries=198
t=1817227 read event=277 count=16384 submitted=4538368 read_us=292 tx_us=5343 ack_sample=0 fast_bytes=16384 slow_bytes=0 batches=171 queries=172
t=1822319 read event=278 count=16384 submitted=4554752 read_us=262 tx_us=4797 ack_sample=0 fast_bytes=16384 slow_bytes=0 batches=124 queries=125
t=1827941 read event=279 count=16384 submitted=4571136 read_us=262 tx_us=5330 ack_sample=0 fast_bytes=16384 slow_bytes=0 batches=169 queries=170
t=1833710 read event=280 count=16384 submitted=4587520 read_us=263 tx_us=5475 ack_sample=0 fast_bytes=16384 slow_bytes=0 batches=182 queries=183
t=1840298 read event=281 count=16384 submitted=4603904 read_us=264 tx_us=6204 ack_sample=0 fast_bytes=16384 slow_bytes=0 batches=244 queries=245
t=1850150 read event=282 count=16384 submitted=4620288 read_us=760 tx_us=9055 ack_sample=0 fast_bytes=16366 slow_bytes=18 batches=472 queries=482
t=1856242 read event=283 count=16384 submitted=4636672 read_us=275 tx_us=5777 ack_sample=0 fast_bytes=16384 slow_bytes=0 batches=207 queries=208
t=1862023 read event=284 count=16384 submitted=4653056 read_us=265 tx_us=5479 ack_sample=0 fast_bytes=16384 slow_bytes=0 batches=182 queries=183
t=1867070 read event=285 count=16384 submitted=4669440 read_us=269 tx_us=4636 ack_sample=0 fast_bytes=16384 slow_bytes=0 batches=110 queries=111
t=1872592 read event=286 count=16384 submitted=4685824 read_us=260 tx_us=5229 ack_sample=0 fast_bytes=16384 slow_bytes=0 batches=161 queries=162
t=1878242 read event=287 count=16384 submitted=4702208 read_us=276 tx_us=5343 ack_sample=0 fast_bytes=16384 slow_bytes=0 batches=171 queries=172
t=1884949 read event=288 count=16384 submitted=4718592 read_us=258 tx_us=6418 ack_sample=0 fast_bytes=16384 slow_bytes=0 batches=262 queries=263
t=1894786 read event=289 count=16384 submitted=4734976 read_us=264 tx_us=9470 ack_sample=0 fast_bytes=16366 slow_bytes=18 batches=513 queries=523
t=1900847 read event=290 count=16384 submitted=4751360 read_us=748 tx_us=5279 ack_sample=0 fast_bytes=16384 slow_bytes=0 batches=164 queries=165
t=1906653 read event=291 count=16384 submitted=4767744 read_us=271 tx_us=5496 ack_sample=0 fast_bytes=16384 slow_bytes=0 batches=178 queries=179
t=1911569 read event=292 count=16384 submitted=4784128 read_us=283 tx_us=4597 ack_sample=0 fast_bytes=16384 slow_bytes=0 batches=106 queries=107
t=1916949 read event=293 count=16384 submitted=4800512 read_us=286 tx_us=4950 ack_sample=0 fast_bytes=16384 slow_bytes=0 batches=137 queries=138
t=1922479 read event=294 count=16384 submitted=4816896 read_us=261 tx_us=5233 ack_sample=0 fast_bytes=16384 slow_bytes=0 batches=161 queries=162
t=1929144 read event=295 count=16384 submitted=4833280 read_us=276 tx_us=6357 ack_sample=0 fast_bytes=16384 slow_bytes=0 batches=257 queries=258
t=1937220 read event=296 count=16384 submitted=4849664 read_us=258 tx_us=7787 ack_sample=0 fast_bytes=16380 slow_bytes=4 batches=377 queries=380
t=1945034 read event=297 count=16384 submitted=4866048 read_us=263 tx_us=7439 ack_sample=0 fast_bytes=16378 slow_bytes=6 batches=346 queries=350
t=1951098 read event=298 count=16384 submitted=4882432 read_us=774 tx_us=5240 ack_sample=0 fast_bytes=16384 slow_bytes=0 batches=162 queries=163
t=1955987 read event=299 count=16384 submitted=4898816 read_us=283 tx_us=4567 ack_sample=0 fast_bytes=16384 slow_bytes=0 batches=98 queries=99
t=1961164 read event=300 count=16384 submitted=4915200 read_us=265 tx_us=4874 ack_sample=0 fast_bytes=16384 slow_bytes=0 batches=130 queries=131
t=1966535 read event=301 count=16384 submitted=4931584 read_us=269 tx_us=4962 ack_sample=0 fast_bytes=16384 slow_bytes=0 batches=138 queries=139
t=1973028 read event=302 count=16384 submitted=4947968 read_us=289 tx_us=6168 ack_sample=0 fast_bytes=16384 slow_bytes=0 batches=241 queries=242
t=1979545 read event=303 count=16384 submitted=4964352 read_us=266 tx_us=6216 ack_sample=0 fast_bytes=16384 slow_bytes=0 batches=245 queries=246
t=1989059 read event=304 count=16384 submitted=4980736 read_us=275 tx_us=9208 ack_sample=0 fast_bytes=16356 slow_bytes=28 batches=486 queries=501
t=1995281 read event=305 count=16384 submitted=4997120 read_us=265 tx_us=5846 ack_sample=0 fast_bytes=16384 slow_bytes=0 batches=213 queries=214
t=2000157 read event=306 count=16384 submitted=5013504 read_us=783 tx_us=4059 ack_sample=0 fast_bytes=16384 slow_bytes=0 batches=61 queries=62
t=2005115 read event=307 count=16384 submitted=5029888 read_us=272 tx_us=4645 ack_sample=0 fast_bytes=16384 slow_bytes=0 batches=105 queries=106
t=2010445 read event=308 count=16384 submitted=5046272 read_us=268 tx_us=5027 ack_sample=0 fast_bytes=16384 slow_bytes=0 batches=142 queries=143
t=2016428 read event=309 count=16384 submitted=5062656 read_us=294 tx_us=5546 ack_sample=0 fast_bytes=16384 slow_bytes=0 batches=188 queries=189
t=2023182 read event=310 count=16384 submitted=5079040 read_us=277 tx_us=6442 ack_sample=0 fast_bytes=16384 slow_bytes=0 batches=265 queries=266
t=2032778 read event=311 count=16384 submitted=5095424 read_us=263 tx_us=9301 ack_sample=0 fast_bytes=16366 slow_bytes=18 batches=498 queries=508
t=2039018 read event=312 count=16384 submitted=5111808 read_us=260 tx_us=5948 ack_sample=0 fast_bytes=16384 slow_bytes=0 batches=222 queries=223
t=2044219 read event=313 count=16384 submitted=5128192 read_us=265 tx_us=4814 ack_sample=0 fast_bytes=16384 slow_bytes=0 batches=125 queries=126
t=2049008 read event=314 count=16384 submitted=5144576 read_us=770 tx_us=3987 ack_sample=0 fast_bytes=16384 slow_bytes=0 batches=55 queries=56
t=2054407 read event=315 count=16384 submitted=5160960 read_us=269 tx_us=5092 ack_sample=0 fast_bytes=16384 slow_bytes=0 batches=143 queries=144
t=2059821 read event=316 count=16384 submitted=5177344 read_us=267 tx_us=5112 ack_sample=0 fast_bytes=16384 slow_bytes=0 batches=150 queries=151
t=2066532 read event=317 count=16384 submitted=5193728 read_us=268 tx_us=6301 ack_sample=0 fast_bytes=16384 slow_bytes=0 batches=252 queries=253
t=2076251 read event=318 count=16384 submitted=5210112 read_us=277 tx_us=9406 ack_sample=0 fast_bytes=16364 slow_bytes=20 batches=507 queries=518
t=2082371 read event=319 count=16384 submitted=5226496 read_us=264 tx_us=5822 ack_sample=0 fast_bytes=16384 slow_bytes=0 batches=211 queries=212
t=2088026 read event=320 count=16384 submitted=5242880 read_us=259 tx_us=5367 ack_sample=1 fast_bytes=16384 slow_bytes=0 batches=172 queries=173
t=2088054 profile_ack event=320 words=0 high_reads=0 low_reads=0 high_wait_words=0 low_wait_words=0 high_max_reads=0 low_max_reads=0 uninitialized=0
t=2092741 read event=321 count=16384 submitted=5259264 read_us=263 tx_us=4334 ack_sample=0 fast_bytes=16384 slow_bytes=0 batches=84 queries=85
t=2097984 read event=322 count=16384 submitted=5275648 read_us=742 tx_us=4468 ack_sample=0 fast_bytes=16384 slow_bytes=0 batches=95 queries=96
t=2103359 read event=323 count=16384 submitted=5292032 read_us=274 tx_us=5065 ack_sample=0 fast_bytes=16384 slow_bytes=0 batches=141 queries=142
t=2109456 read event=324 count=16384 submitted=5308416 read_us=271 tx_us=5788 ack_sample=0 fast_bytes=16384 slow_bytes=0 batches=207 queries=208
t=2116213 read event=325 count=16384 submitted=5324800 read_us=292 tx_us=6320 ack_sample=0 fast_bytes=16384 slow_bytes=0 batches=254 queries=255
t=2125565 read event=326 count=16384 submitted=5341184 read_us=265 tx_us=9030 ack_sample=0 fast_bytes=16370 slow_bytes=14 batches=478 queries=486
t=2131651 read event=327 count=16384 submitted=5357568 read_us=284 tx_us=5768 ack_sample=0 fast_bytes=16384 slow_bytes=0 batches=207 queries=208
t=2136512 read event=328 count=16384 submitted=5373952 read_us=274 tx_us=4555 ack_sample=0 fast_bytes=16384 slow_bytes=0 batches=104 queries=105
t=2141352 read event=329 count=16384 submitted=5390336 read_us=286 tx_us=4449 ack_sample=0 fast_bytes=16384 slow_bytes=0 batches=95 queries=96
t=2146977 read event=330 count=16384 submitted=5406720 read_us=768 tx_us=4823 ack_sample=0 fast_bytes=16384 slow_bytes=0 batches=126 queries=127
t=2152542 read event=331 count=16384 submitted=5423104 read_us=270 tx_us=5257 ack_sample=0 fast_bytes=16384 slow_bytes=0 batches=157 queries=158
t=2159253 read event=332 count=16384 submitted=5439488 read_us=285 tx_us=6390 ack_sample=0 fast_bytes=16384 slow_bytes=0 batches=260 queries=261
t=2168849 read event=333 count=16384 submitted=5455872 read_us=268 tx_us=9176 ack_sample=0 fast_bytes=16368 slow_bytes=16 batches=489 queries=498
t=2174757 read event=334 count=16384 submitted=5472256 read_us=260 tx_us=5613 ack_sample=0 fast_bytes=16384 slow_bytes=0 batches=193 queries=194
t=2180094 read event=335 count=16384 submitted=5488640 read_us=267 tx_us=5034 ack_sample=0 fast_bytes=16384 slow_bytes=0 batches=144 queries=145
t=2184948 read event=336 count=16384 submitted=5505024 read_us=261 tx_us=4561 ack_sample=0 fast_bytes=16384 slow_bytes=0 batches=104 queries=105
t=2190301 read event=337 count=16384 submitted=5521408 read_us=263 tx_us=4987 ack_sample=0 fast_bytes=16384 slow_bytes=0 batches=140 queries=141
t=2195823 read event=338 count=16384 submitted=5537792 read_us=766 tx_us=4722 ack_sample=0 fast_bytes=16384 slow_bytes=0 batches=117 queries=118
t=2202057 read event=339 count=16384 submitted=5554176 read_us=269 tx_us=5926 ack_sample=0 fast_bytes=16384 slow_bytes=0 batches=214 queries=215
t=2212090 read event=340 count=16384 submitted=5570560 read_us=268 tx_us=9729 ack_sample=0 fast_bytes=16368 slow_bytes=16 batches=535 queries=544
t=2218079 read event=341 count=16384 submitted=5586944 read_us=270 tx_us=5575 ack_sample=0 fast_bytes=16384 slow_bytes=0 batches=189 queries=190
t=2223594 read event=342 count=16384 submitted=5603328 read_us=263 tx_us=5215 ack_sample=0 fast_bytes=16384 slow_bytes=0 batches=160 queries=161
t=2228546 read event=343 count=16384 submitted=5619712 read_us=282 tx_us=4638 ack_sample=0 fast_bytes=16384 slow_bytes=0 batches=111 queries=112
t=2233548 read event=344 count=16384 submitted=5636096 read_us=272 tx_us=4698 ack_sample=0 fast_bytes=16384 slow_bytes=0 batches=116 queries=117
t=2239205 read event=345 count=16384 submitted=5652480 read_us=280 tx_us=5274 ack_sample=0 fast_bytes=16384 slow_bytes=0 batches=165 queries=166
t=2244828 read event=346 count=16384 submitted=5668864 read_us=769 tx_us=4822 ack_sample=0 fast_bytes=16384 slow_bytes=0 batches=126 queries=127
t=2251706 read event=347 count=16384 submitted=5685248 read_us=273 tx_us=6566 ack_sample=0 fast_bytes=16384 slow_bytes=0 batches=269 queries=270
t=2261193 read event=348 count=16384 submitted=5701632 read_us=266 tx_us=9175 ack_sample=0 fast_bytes=16364 slow_bytes=20 batches=487 queries=498
t=2266966 read event=349 count=16384 submitted=5718016 read_us=270 tx_us=5355 ack_sample=0 fast_bytes=16384 slow_bytes=0 batches=167 queries=168
t=2272161 read event=350 count=16384 submitted=5734400 read_us=265 tx_us=4893 ack_sample=0 fast_bytes=16384 slow_bytes=0 batches=132 queries=133
t=2277008 read event=351 count=16384 submitted=5750784 read_us=261 tx_us=4553 ack_sample=0 fast_bytes=16384 slow_bytes=0 batches=103 queries=104
t=2282433 read event=352 count=16384 submitted=5767168 read_us=256 tx_us=5138 ack_sample=0 fast_bytes=16384 slow_bytes=0 batches=153 queries=154
t=2287922 read event=353 count=16384 submitted=5783552 read_us=282 tx_us=5102 ack_sample=0 fast_bytes=16384 slow_bytes=0 batches=150 queries=151
t=2294337 read event=354 count=16384 submitted=5799936 read_us=762 tx_us=5584 ack_sample=0 fast_bytes=16384 slow_bytes=0 batches=191 queries=192
t=2304148 read event=355 count=16384 submitted=5816320 read_us=414 tx_us=9352 ack_sample=0 fast_bytes=16368 slow_bytes=16 batches=504 queries=513
t=2309972 read event=356 count=16384 submitted=5832704 read_us=269 tx_us=5516 ack_sample=0 fast_bytes=16384 slow_bytes=0 batches=184 queries=185
t=2315638 read event=357 count=16384 submitted=5849088 read_us=267 tx_us=5256 ack_sample=0 fast_bytes=16384 slow_bytes=0 batches=163 queries=164
t=2320558 read event=358 count=16384 submitted=5865472 read_us=280 tx_us=4604 ack_sample=0 fast_bytes=16384 slow_bytes=0 batches=108 queries=109
t=2325584 read event=359 count=16384 submitted=5881856 read_us=286 tx_us=4708 ack_sample=0 fast_bytes=16384 slow_bytes=0 batches=117 queries=118
t=2331315 read event=360 count=16384 submitted=5898240 read_us=277 tx_us=5423 ack_sample=0 fast_bytes=16384 slow_bytes=0 batches=178 queries=179
t=2337011 read event=361 count=16384 submitted=5914624 read_us=261 tx_us=5332 ack_sample=0 fast_bytes=16384 slow_bytes=0 batches=169 queries=170
t=2343663 read event=362 count=16384 submitted=5931008 read_us=770 tx_us=5845 ack_sample=0 fast_bytes=16384 slow_bytes=0 batches=213 queries=214
t=2353192 read event=363 count=16384 submitted=5947392 read_us=375 tx_us=9086 ack_sample=0 fast_bytes=16362 slow_bytes=22 batches=478 queries=490
t=2358807 read event=364 count=16384 submitted=5963776 read_us=264 tx_us=5315 ack_sample=0 fast_bytes=16384 slow_bytes=0 batches=168 queries=169
t=2364103 read event=365 count=16384 submitted=5980160 read_us=270 tx_us=4882 ack_sample=0 fast_bytes=16384 slow_bytes=0 batches=131 queries=132
t=2369023 read event=366 count=16384 submitted=5996544 read_us=264 tx_us=4620 ack_sample=0 fast_bytes=16384 slow_bytes=0 batches=109 queries=110
t=2374473 read event=367 count=16384 submitted=6012928 read_us=259 tx_us=5159 ack_sample=0 fast_bytes=16384 slow_bytes=0 batches=155 queries=156
t=2380057 read event=368 count=16384 submitted=6029312 read_us=277 tx_us=5276 ack_sample=0 fast_bytes=16384 slow_bytes=0 batches=165 queries=166
t=2386183 read event=369 count=16384 submitted=6045696 read_us=263 tx_us=5752 ack_sample=0 fast_bytes=16384 slow_bytes=0 batches=205 queries=206
t=2396112 read event=370 count=16384 submitted=6062080 read_us=768 tx_us=9124 ack_sample=0 fast_bytes=16370 slow_bytes=14 batches=480 queries=488
t=2401953 read event=371 count=16384 submitted=6078464 read_us=278 tx_us=5521 ack_sample=0 fast_bytes=16384 slow_bytes=0 batches=185 queries=186
t=2407550 read event=372 count=16384 submitted=6094848 read_us=264 tx_us=5300 ack_sample=0 fast_bytes=16384 slow_bytes=0 batches=167 queries=168
t=2412531 read event=373 count=16384 submitted=6111232 read_us=296 tx_us=4545 ack_sample=0 fast_bytes=16384 slow_bytes=0 batches=103 queries=104
t=2417575 read event=374 count=16384 submitted=6127616 read_us=278 tx_us=4732 ack_sample=0 fast_bytes=16384 slow_bytes=0 batches=119 queries=120
t=2423312 read event=375 count=16384 submitted=6144000 read_us=282 tx_us=5423 ack_sample=0 fast_bytes=16384 slow_bytes=0 batches=178 queries=179
t=2428998 read event=376 count=16384 submitted=6160384 read_us=256 tx_us=5398 ack_sample=0 fast_bytes=16384 slow_bytes=0 batches=175 queries=176
t=2435763 read event=377 count=16384 submitted=6176768 read_us=260 tx_us=6401 ack_sample=0 fast_bytes=16384 slow_bytes=0 batches=260 queries=261
t=2445085 read event=378 count=16384 submitted=6193152 read_us=744 tx_us=8544 ack_sample=0 fast_bytes=16368 slow_bytes=16 batches=429 queries=438
t=2450923 read event=379 count=16384 submitted=6209536 read_us=275 tx_us=5522 ack_sample=0 fast_bytes=16384 slow_bytes=0 batches=185 queries=186
t=2456024 read event=380 count=16384 submitted=6225920 read_us=262 tx_us=4802 ack_sample=0 fast_bytes=16384 slow_bytes=0 batches=124 queries=125
t=2461074 read event=381 count=16384 submitted=6242304 read_us=268 tx_us=4646 ack_sample=0 fast_bytes=16384 slow_bytes=0 batches=111 queries=112
t=2466466 read event=382 count=16384 submitted=6258688 read_us=266 tx_us=5076 ack_sample=0 fast_bytes=16384 slow_bytes=0 batches=147 queries=148
t=2472153 read event=383 count=16384 submitted=6275072 read_us=287 tx_us=5369 ack_sample=0 fast_bytes=16384 slow_bytes=0 batches=173 queries=174
t=2478380 read event=384 count=16384 submitted=6291456 read_us=261 tx_us=5936 ack_sample=1 fast_bytes=16384 slow_bytes=0 batches=221 queries=222
t=2478407 profile_ack event=384 words=0 high_reads=0 low_reads=0 high_wait_words=0 low_wait_words=0 high_max_reads=0 low_max_reads=0 uninitialized=0
t=2488138 read event=385 count=16384 submitted=6307840 read_us=291 tx_us=9346 ack_sample=0 fast_bytes=16364 slow_bytes=20 batches=502 queries=513
t=2493995 read event=386 count=16384 submitted=6324224 read_us=774 tx_us=5046 ack_sample=0 fast_bytes=16384 slow_bytes=0 batches=145 queries=146
t=2499311 read event=387 count=16384 submitted=6340608 read_us=270 tx_us=5008 ack_sample=0 fast_bytes=16384 slow_bytes=0 batches=136 queries=137
t=2504273 read event=388 count=16384 submitted=6356992 read_us=266 tx_us=4660 ack_sample=0 fast_bytes=16384 slow_bytes=0 batches=112 queries=113
t=2509373 read event=389 count=16384 submitted=6373376 read_us=272 tx_us=4674 ack_sample=0 fast_bytes=16384 slow_bytes=0 batches=112 queries=113
t=2515152 read event=390 count=16384 submitted=6389760 read_us=265 tx_us=5479 ack_sample=0 fast_bytes=16384 slow_bytes=0 batches=182 queries=183
t=2521011 read event=391 count=16384 submitted=6406144 read_us=262 tx_us=5563 ack_sample=0 fast_bytes=16384 slow_bytes=0 batches=189 queries=190
t=2531170 read event=392 count=16384 submitted=6422528 read_us=258 tx_us=9870 ack_sample=0 fast_bytes=16364 slow_bytes=20 batches=546 queries=557
t=2537160 read event=393 count=16384 submitted=6438912 read_us=273 tx_us=5606 ack_sample=0 fast_bytes=16384 slow_bytes=0 batches=192 queries=193
t=2542643 read event=394 count=16384 submitted=6455296 read_us=795 tx_us=4652 ack_sample=0 fast_bytes=16384 slow_bytes=0 batches=112 queries=113
t=2547491 read event=395 count=16384 submitted=6471680 read_us=306 tx_us=4502 ack_sample=0 fast_bytes=16384 slow_bytes=0 batches=89 queries=90
t=2552573 read event=396 count=16384 submitted=6488064 read_us=289 tx_us=4755 ack_sample=0 fast_bytes=16384 slow_bytes=0 batches=121 queries=122
t=2557915 read event=397 count=16384 submitted=6504448 read_us=266 tx_us=4906 ack_sample=0 fast_bytes=16384 slow_bytes=0 batches=133 queries=134
t=2563759 read event=398 count=16384 submitted=6520832 read_us=265 tx_us=5545 ack_sample=0 fast_bytes=16384 slow_bytes=0 batches=187 queries=188
t=2569893 read event=399 count=16384 submitted=6537216 read_us=259 tx_us=5844 ack_sample=0 fast_bytes=16384 slow_bytes=0 batches=213 queries=214
t=2579693 read event=400 count=16384 submitted=6553600 read_us=258 tx_us=9513 ack_sample=0 fast_bytes=16362 slow_bytes=22 batches=515 queries=527
t=2585490 read event=401 count=16384 submitted=6569984 read_us=263 tx_us=5417 ack_sample=0 fast_bytes=16384 slow_bytes=0 batches=177 queries=178
t=2590659 read event=402 count=16384 submitted=6586368 read_us=768 tx_us=4365 ack_sample=0 fast_bytes=16384 slow_bytes=0 batches=87 queries=88
t=2595497 read event=403 count=16384 submitted=6602752 read_us=294 tx_us=4504 ack_sample=0 fast_bytes=16384 slow_bytes=0 batches=93 queries=94
t=2600748 read event=404 count=16384 submitted=6619136 read_us=288 tx_us=4926 ack_sample=0 fast_bytes=16384 slow_bytes=0 batches=135 queries=136
t=2606320 read event=405 count=16384 submitted=6635520 read_us=264 tx_us=5165 ack_sample=0 fast_bytes=16384 slow_bytes=0 batches=155 queries=156
t=2612278 read event=406 count=16384 submitted=6651904 read_us=268 tx_us=5656 ack_sample=0 fast_bytes=16384 slow_bytes=0 batches=196 queries=197
t=2618813 read event=407 count=16384 submitted=6668288 read_us=263 tx_us=6239 ack_sample=0 fast_bytes=16384 slow_bytes=0 batches=246 queries=247
t=2628237 read event=408 count=16384 submitted=6684672 read_us=262 tx_us=9128 ack_sample=0 fast_bytes=16362 slow_bytes=22 batches=482 queries=494
t=2633641 read event=409 count=16384 submitted=6701056 read_us=266 tx_us=5009 ack_sample=0 fast_bytes=16384 slow_bytes=0 batches=142 queries=143
t=2638643 read event=410 count=16384 submitted=6717440 read_us=765 tx_us=4201 ack_sample=0 fast_bytes=16384 slow_bytes=0 batches=73 queries=74
t=2643771 read event=411 count=16384 submitted=6733824 read_us=287 tx_us=4805 ack_sample=0 fast_bytes=16384 slow_bytes=0 batches=119 queries=120
t=2648986 read event=412 count=16384 submitted=6750208 read_us=272 tx_us=4907 ack_sample=0 fast_bytes=16384 slow_bytes=0 batches=133 queries=134
t=2654908 read event=413 count=16384 submitted=6766592 read_us=270 tx_us=5507 ack_sample=0 fast_bytes=16384 slow_bytes=0 batches=184 queries=185
t=2661009 read event=414 count=16384 submitted=6782976 read_us=268 tx_us=5797 ack_sample=0 fast_bytes=16384 slow_bytes=0 batches=209 queries=210
t=2671006 read event=415 count=16384 submitted=6799360 read_us=262 tx_us=9701 ack_sample=0 fast_bytes=16366 slow_bytes=18 batches=533 queries=543
t=2676817 read event=416 count=16384 submitted=6815744 read_us=259 tx_us=5520 ack_sample=0 fast_bytes=16384 slow_bytes=0 batches=185 queries=186
t=2682073 read event=417 count=16384 submitted=6832128 read_us=264 tx_us=4890 ack_sample=0 fast_bytes=16384 slow_bytes=0 batches=132 queries=133
t=2687014 read event=418 count=16384 submitted=6848512 read_us=767 tx_us=4140 ack_sample=0 fast_bytes=16384 slow_bytes=0 batches=68 queries=69
t=2692437 read event=419 count=16384 submitted=6864896 read_us=267 tx_us=5118 ack_sample=0 fast_bytes=16384 slow_bytes=0 batches=145 queries=146
t=2697958 read event=420 count=16384 submitted=6881280 read_us=289 tx_us=5195 ack_sample=0 fast_bytes=16384 slow_bytes=0 batches=158 queries=159
t=2704020 read event=421 count=16384 submitted=6897664 read_us=270 tx_us=5648 ack_sample=0 fast_bytes=16384 slow_bytes=0 batches=196 queries=197
t=2710659 read event=422 count=16384 submitted=6914048 read_us=267 tx_us=6336 ack_sample=0 fast_bytes=16384 slow_bytes=0 batches=254 queries=255
t=2720112 read event=423 count=16384 submitted=6930432 read_us=276 tx_us=9145 ack_sample=0 fast_bytes=16366 slow_bytes=18 batches=485 queries=495
t=2725559 read event=424 count=16384 submitted=6946816 read_us=257 tx_us=5158 ack_sample=0 fast_bytes=16384 slow_bytes=0 batches=155 queries=156
t=2730742 read event=425 count=16384 submitted=6963200 read_us=283 tx_us=4796 ack_sample=0 fast_bytes=16384 slow_bytes=0 batches=124 queries=125
t=2736173 read event=426 count=16384 submitted=6979584 read_us=757 tx_us=4639 ack_sample=0 fast_bytes=16384 slow_bytes=0 batches=107 queries=108
t=2741498 read event=427 count=16384 submitted=6995968 read_us=267 tx_us=5021 ack_sample=0 fast_bytes=16384 slow_bytes=0 batches=137 queries=138
t=2747489 read event=428 count=16384 submitted=7012352 read_us=284 tx_us=5669 ack_sample=0 fast_bytes=16384 slow_bytes=0 batches=199 queries=200
t=2753951 read event=429 count=16384 submitted=7028736 read_us=289 tx_us=6028 ack_sample=0 fast_bytes=16384 slow_bytes=0 batches=229 queries=230
t=2763754 read event=430 count=16384 submitted=7045120 read_us=265 tx_us=9503 ack_sample=0 fast_bytes=16364 slow_bytes=20 batches=515 queries=526
t=2769419 read event=431 count=16384 submitted=7061504 read_us=267 tx_us=5366 ack_sample=0 fast_bytes=16384 slow_bytes=0 batches=173 queries=174
t=2774741 read event=432 count=16384 submitted=7077888 read_us=258 tx_us=5034 ack_sample=0 fast_bytes=16384 slow_bytes=0 batches=144 queries=145
t=2780070 read event=433 count=16384 submitted=7094272 read_us=262 tx_us=4964 ack_sample=0 fast_bytes=16384 slow_bytes=0 batches=138 queries=139
t=2785472 read event=434 count=16384 submitted=7110656 read_us=776 tx_us=4594 ack_sample=0 fast_bytes=16384 slow_bytes=0 batches=107 queries=108
t=2791431 read event=435 count=16384 submitted=7127040 read_us=287 tx_us=5634 ack_sample=0 fast_bytes=16384 slow_bytes=0 batches=190 queries=191
t=2797824 read event=436 count=16384 submitted=7143424 read_us=289 tx_us=6065 ack_sample=0 fast_bytes=16384 slow_bytes=0 batches=232 queries=233
t=2807838 read event=437 count=16384 submitted=7159808 read_us=268 tx_us=9607 ack_sample=0 fast_bytes=16366 slow_bytes=18 batches=524 queries=534
t=2813578 read event=438 count=16384 submitted=7176192 read_us=272 tx_us=5415 ack_sample=0 fast_bytes=16384 slow_bytes=0 batches=177 queries=178
t=2818815 read event=439 count=16384 submitted=7192576 read_us=278 tx_us=4924 ack_sample=0 fast_bytes=16384 slow_bytes=0 batches=135 queries=136
t=2824170 read event=440 count=16384 submitted=7208960 read_us=257 tx_us=5066 ack_sample=0 fast_bytes=16384 slow_bytes=0 batches=147 queries=148
t=2829688 read event=441 count=16384 submitted=7225344 read_us=264 tx_us=5149 ack_sample=0 fast_bytes=16384 slow_bytes=0 batches=154 queries=155
t=2835510 read event=442 count=16384 submitted=7241728 read_us=755 tx_us=5023 ack_sample=0 fast_bytes=16384 slow_bytes=0 batches=143 queries=144
t=2841794 read event=443 count=16384 submitted=7258112 read_us=289 tx_us=5958 ack_sample=0 fast_bytes=16384 slow_bytes=0 batches=217 queries=218
t=2851830 read event=444 count=16384 submitted=7274496 read_us=269 tx_us=9729 ack_sample=0 fast_bytes=16368 slow_bytes=16 batches=536 queries=545
t=2857678 read event=445 count=16384 submitted=7290880 read_us=270 tx_us=5431 ack_sample=0 fast_bytes=16384 slow_bytes=0 batches=178 queries=179
t=2863103 read event=446 count=16384 submitted=7307264 read_us=278 tx_us=5110 ack_sample=0 fast_bytes=16384 slow_bytes=0 batches=151 queries=152
t=2868379 read event=447 count=16384 submitted=7323648 read_us=260 tx_us=4985 ack_sample=0 fast_bytes=16384 slow_bytes=0 batches=140 queries=141
t=2874090 read event=448 count=16384 submitted=7340032 read_us=257 tx_us=5422 ack_sample=1 fast_bytes=16384 slow_bytes=0 batches=177 queries=178
t=2874115 profile_ack event=448 words=0 high_reads=0 low_reads=0 high_wait_words=0 low_wait_words=0 high_max_reads=0 low_max_reads=0 uninitialized=0
t=2879686 read event=449 count=16384 submitted=7356416 read_us=264 tx_us=5218 ack_sample=0 fast_bytes=16384 slow_bytes=0 batches=160 queries=161
t=2886061 read event=450 count=16384 submitted=7372800 read_us=775 tx_us=5566 ack_sample=0 fast_bytes=16384 slow_bytes=0 batches=189 queries=190
t=2895899 read event=451 count=16384 submitted=7389184 read_us=375 tx_us=9424 ack_sample=0 fast_bytes=16364 slow_bytes=20 batches=508 queries=519
t=2901869 read event=452 count=16384 submitted=7405568 read_us=267 tx_us=5667 ack_sample=0 fast_bytes=16384 slow_bytes=0 batches=198 queries=199
t=2907330 read event=453 count=16384 submitted=7421952 read_us=273 tx_us=5046 ack_sample=0 fast_bytes=16384 slow_bytes=0 batches=145 queries=146
t=2912688 read event=454 count=16384 submitted=7438336 read_us=269 tx_us=5054 ack_sample=0 fast_bytes=16384 slow_bytes=0 batches=145 queries=146
t=2918441 read event=455 count=16384 submitted=7454720 read_us=273 tx_us=5450 ack_sample=0 fast_bytes=16384 slow_bytes=0 batches=180 queries=181
t=2923895 read event=456 count=16384 submitted=7471104 read_us=275 tx_us=5148 ack_sample=0 fast_bytes=16384 slow_bytes=0 batches=154 queries=155
t=2930121 read event=457 count=16384 submitted=7487488 read_us=267 tx_us=5857 ack_sample=0 fast_bytes=16384 slow_bytes=0 batches=214 queries=215
t=2940161 read event=458 count=16384 submitted=7503872 read_us=774 tx_us=9230 ack_sample=0 fast_bytes=16370 slow_bytes=14 batches=489 queries=497
t=2946156 read event=459 count=16384 submitted=7520256 read_us=274 tx_us=5684 ack_sample=0 fast_bytes=16384 slow_bytes=0 batches=199 queries=200
t=2951769 read event=460 count=16384 submitted=7536640 read_us=262 tx_us=5316 ack_sample=0 fast_bytes=16384 slow_bytes=0 batches=168 queries=169
t=2957134 read event=461 count=16384 submitted=7553024 read_us=268 tx_us=4949 ack_sample=0 fast_bytes=16384 slow_bytes=0 batches=137 queries=138
t=2962906 read event=462 count=16384 submitted=7569408 read_us=265 tx_us=5470 ack_sample=0 fast_bytes=16384 slow_bytes=0 batches=181 queries=182
t=2968366 read event=463 count=16384 submitted=7585792 read_us=262 tx_us=5167 ack_sample=0 fast_bytes=16384 slow_bytes=0 batches=155 queries=156
t=2974613 read event=464 count=16384 submitted=7602176 read_us=259 tx_us=5955 ack_sample=0 fast_bytes=16384 slow_bytes=0 batches=223 queries=224
t=2984642 read event=465 count=16384 submitted=7618560 read_us=265 tx_us=9629 ack_sample=0 fast_bytes=16358 slow_bytes=26 batches=523 queries=537
t=2990565 read event=466 count=16384 submitted=7634944 read_us=767 tx_us=5121 ack_sample=0 fast_bytes=16384 slow_bytes=0 batches=151 queries=152
t=2996277 read event=467 count=16384 submitted=7651328 read_us=288 tx_us=5385 ack_sample=0 fast_bytes=16384 slow_bytes=0 batches=168 queries=169
t=3001677 read event=468 count=16384 submitted=7667712 read_us=269 tx_us=5093 ack_sample=0 fast_bytes=16384 slow_bytes=0 batches=149 queries=150
t=3001705 profile_poll polls=704 elapsed_us=26965 interval_us=22830 chunks=4
t=3007495 read event=469 count=16384 submitted=7684096 read_us=271 tx_us=5382 ack_sample=0 fast_bytes=16384 slow_bytes=0 batches=174 queries=175
t=3013016 read event=470 count=16384 submitted=7700480 read_us=301 tx_us=5182 ack_sample=0 fast_bytes=16384 slow_bytes=0 batches=157 queries=158
t=3019168 read event=471 count=16384 submitted=7716864 read_us=262 tx_us=5857 ack_sample=0 fast_bytes=16384 slow_bytes=0 batches=214 queries=215
t=3029217 read event=472 count=16384 submitted=7733248 read_us=257 tx_us=9759 ack_sample=0 fast_bytes=16370 slow_bytes=14 batches=540 queries=548
t=3035199 read event=473 count=16384 submitted=7749632 read_us=266 tx_us=5613 ack_sample=0 fast_bytes=16384 slow_bytes=0 batches=193 queries=194
t=3040934 read event=474 count=16384 submitted=7766016 read_us=787 tx_us=4914 ack_sample=0 fast_bytes=16384 slow_bytes=0 batches=134 queries=135
t=3046507 read event=475 count=16384 submitted=7782400 read_us=269 tx_us=5265 ack_sample=0 fast_bytes=16384 slow_bytes=0 batches=158 queries=159
t=3052347 read event=476 count=16384 submitted=7798784 read_us=281 tx_us=5522 ack_sample=0 fast_bytes=16384 slow_bytes=0 batches=186 queries=187
t=3057804 read event=477 count=16384 submitted=7815168 read_us=290 tx_us=5009 ack_sample=0 fast_bytes=16384 slow_bytes=0 batches=142 queries=143
t=3063980 read event=478 count=16384 submitted=7831552 read_us=264 tx_us=5878 ack_sample=0 fast_bytes=16384 slow_bytes=0 batches=216 queries=217
t=3074046 read event=479 count=16384 submitted=7847936 read_us=261 tx_us=9772 ack_sample=0 fast_bytes=16364 slow_bytes=20 batches=538 queries=549
t=3080072 read event=480 count=16384 submitted=7864320 read_us=260 tx_us=5734 ack_sample=0 fast_bytes=16384 slow_bytes=0 batches=204 queries=205
t=3085792 read event=481 count=16384 submitted=7880704 read_us=263 tx_us=5355 ack_sample=0 fast_bytes=16384 slow_bytes=0 batches=171 queries=172
t=3091459 read event=482 count=16384 submitted=7897088 read_us=740 tx_us=4892 ack_sample=0 fast_bytes=16384 slow_bytes=0 batches=132 queries=133
t=3097358 read event=483 count=16384 submitted=7913472 read_us=289 tx_us=5573 ack_sample=0 fast_bytes=16384 slow_bytes=0 batches=185 queries=186
t=3102986 read event=484 count=16384 submitted=7929856 read_us=271 tx_us=5321 ack_sample=0 fast_bytes=16384 slow_bytes=0 batches=168 queries=169
t=3109276 read event=485 count=16384 submitted=7946240 read_us=268 tx_us=5883 ack_sample=0 fast_bytes=16384 slow_bytes=0 batches=215 queries=216
t=3119272 read event=486 count=16384 submitted=7962624 read_us=277 tx_us=9683 ack_sample=0 fast_bytes=16356 slow_bytes=28 batches=526 queries=541
t=3125219 read event=487 count=16384 submitted=7979008 read_us=260 tx_us=5654 ack_sample=0 fast_bytes=16384 slow_bytes=0 batches=197 queries=198
t=3130992 read event=488 count=16384 submitted=7995392 read_us=267 tx_us=5476 ack_sample=0 fast_bytes=16384 slow_bytes=0 batches=182 queries=183
t=3136849 read event=489 count=16384 submitted=8011776 read_us=266 tx_us=5492 ack_sample=0 fast_bytes=16384 slow_bytes=0 batches=183 queries=184
t=3142749 read event=490 count=16384 submitted=8028160 read_us=754 tx_us=5112 ack_sample=0 fast_bytes=16384 slow_bytes=0 batches=150 queries=151
t=3148451 read event=491 count=16384 submitted=8044544 read_us=269 tx_us=5395 ack_sample=0 fast_bytes=16384 slow_bytes=0 batches=169 queries=170
t=3154840 read event=492 count=16384 submitted=8060928 read_us=290 tx_us=6063 ack_sample=0 fast_bytes=16384 slow_bytes=0 batches=232 queries=233
t=3164525 read event=493 count=16384 submitted=8077312 read_us=274 tx_us=9242 ack_sample=0 fast_bytes=16368 slow_bytes=16 batches=495 queries=504
t=3170636 read event=494 count=16384 submitted=8093696 read_us=283 tx_us=5788 ack_sample=0 fast_bytes=16384 slow_bytes=0 batches=209 queries=210
t=3176370 read event=495 count=16384 submitted=8110080 read_us=276 tx_us=5426 ack_sample=0 fast_bytes=16384 slow_bytes=0 batches=178 queries=179
t=3182483 read event=496 count=16384 submitted=8126464 read_us=257 tx_us=5825 ack_sample=0 fast_bytes=16384 slow_bytes=0 batches=212 queries=213
t=3188207 read event=497 count=16384 submitted=8142848 read_us=280 tx_us=5342 ack_sample=0 fast_bytes=16384 slow_bytes=0 batches=171 queries=172
t=3194240 read event=498 count=16384 submitted=8159232 read_us=769 tx_us=5229 ack_sample=0 fast_bytes=16384 slow_bytes=0 batches=161 queries=162
t=3200597 read event=499 count=16384 submitted=8175616 read_us=266 tx_us=6052 ack_sample=0 fast_bytes=16384 slow_bytes=0 batches=225 queries=226
t=3210406 read event=500 count=16384 submitted=8192000 read_us=283 tx_us=9490 ack_sample=0 fast_bytes=16358 slow_bytes=26 batches=510 queries=524
t=3216249 read event=501 count=16384 submitted=8208384 read_us=287 tx_us=5412 ack_sample=0 fast_bytes=16384 slow_bytes=0 batches=176 queries=177
t=3222016 read event=502 count=16384 submitted=8224768 read_us=271 tx_us=5457 ack_sample=0 fast_bytes=16384 slow_bytes=0 batches=180 queries=181
t=3228429 read event=503 count=16384 submitted=8241152 read_us=260 tx_us=6120 ack_sample=0 fast_bytes=16384 slow_bytes=0 batches=237 queries=238
t=3233954 read event=504 count=16384 submitted=8257536 read_us=270 tx_us=5222 ack_sample=0 fast_bytes=16384 slow_bytes=0 batches=161 queries=162
t=3240271 read event=505 count=16384 submitted=8273920 read_us=263 tx_us=5949 ack_sample=0 fast_bytes=16384 slow_bytes=0 batches=222 queries=223
t=3250161 read event=506 count=16384 submitted=8290304 read_us=782 tx_us=9074 ack_sample=0 fast_bytes=16370 slow_bytes=14 batches=476 queries=484
t=3256222 read event=507 count=16384 submitted=8306688 read_us=279 tx_us=5741 ack_sample=0 fast_bytes=16384 slow_bytes=0 batches=204 queries=205
t=3262071 read event=508 count=16384 submitted=8323072 read_us=264 tx_us=5551 ack_sample=0 fast_bytes=16384 slow_bytes=0 batches=188 queries=189
t=3268253 read event=509 count=16384 submitted=8339456 read_us=273 tx_us=5763 ack_sample=0 fast_bytes=16384 slow_bytes=0 batches=206 queries=207
t=3274589 read event=510 count=16384 submitted=8355840 read_us=263 tx_us=6039 ack_sample=0 fast_bytes=16384 slow_bytes=0 batches=230 queries=231
t=3280407 read event=511 count=16384 submitted=8372224 read_us=278 tx_us=5509 ack_sample=0 fast_bytes=16384 slow_bytes=0 batches=185 queries=186
t=3286866 read event=512 count=16384 submitted=8388608 read_us=255 tx_us=6172 ack_sample=1 fast_bytes=16384 slow_bytes=0 batches=241 queries=242
t=3286892 profile_ack event=512 words=0 high_reads=0 low_reads=0 high_wait_words=0 low_wait_words=0 high_max_reads=0 low_max_reads=0 uninitialized=0
t=3296587 read event=513 count=16384 submitted=8404992 read_us=266 tx_us=9339 ack_sample=0 fast_bytes=16362 slow_bytes=22 batches=500 queries=512
t=3302481 read event=514 count=16384 submitted=8421376 read_us=767 tx_us=5092 ack_sample=0 fast_bytes=16384 slow_bytes=0 batches=149 queries=150
t=3308369 read event=515 count=16384 submitted=8437760 read_us=284 tx_us=5565 ack_sample=0 fast_bytes=16384 slow_bytes=0 batches=184 queries=185
t=3314970 read event=516 count=16384 submitted=8454144 read_us=268 tx_us=6297 ack_sample=0 fast_bytes=16384 slow_bytes=0 batches=250 queries=251
t=3321037 read event=517 count=16384 submitted=8470528 read_us=271 tx_us=5651 ack_sample=0 fast_bytes=16384 slow_bytes=0 batches=196 queries=197
t=3327203 read event=518 count=16384 submitted=8486912 read_us=265 tx_us=5866 ack_sample=0 fast_bytes=16384 slow_bytes=0 batches=215 queries=216
t=3337003 read event=519 count=16384 submitted=8503296 read_us=262 tx_us=9505 ack_sample=0 fast_bytes=16372 slow_bytes=12 batches=519 queries=526
t=3343161 read event=520 count=16384 submitted=8519680 read_us=256 tx_us=5855 ack_sample=0 fast_bytes=16384 slow_bytes=0 batches=214 queries=215
t=3348855 read event=521 count=16384 submitted=8536064 read_us=268 tx_us=5322 ack_sample=0 fast_bytes=16384 slow_bytes=0 batches=168 queries=169
t=3355023 read event=522 count=16384 submitted=8552448 read_us=752 tx_us=5381 ack_sample=0 fast_bytes=16384 slow_bytes=0 batches=173 queries=174
t=3361562 read event=523 count=16384 submitted=8568832 read_us=305 tx_us=6195 ack_sample=0 fast_bytes=16384 slow_bytes=0 batches=238 queries=239
t=3367578 read event=524 count=16384 submitted=8585216 read_us=287 tx_us=5692 ack_sample=0 fast_bytes=16384 slow_bytes=0 batches=201 queries=202
t=3373932 read event=525 count=16384 submitted=8601600 read_us=274 tx_us=5916 ack_sample=0 fast_bytes=16384 slow_bytes=0 batches=219 queries=220
t=3383517 read event=526 count=16384 submitted=8617984 read_us=263 tx_us=9288 ack_sample=0 fast_bytes=16362 slow_bytes=22 batches=496 queries=508
t=3389205 read event=527 count=16384 submitted=8634368 read_us=278 tx_us=5376 ack_sample=0 fast_bytes=16384 slow_bytes=0 batches=174 queries=175
t=3394920 read event=528 count=16384 submitted=8650752 read_us=260 tx_us=5423 ack_sample=0 fast_bytes=16384 slow_bytes=0 batches=177 queries=178
t=3401599 read event=529 count=16384 submitted=8667136 read_us=268 tx_us=6311 ack_sample=0 fast_bytes=16384 slow_bytes=0 batches=253 queries=254
t=3407781 read event=530 count=16384 submitted=8683520 read_us=768 tx_us=5380 ack_sample=0 fast_bytes=16384 slow_bytes=0 batches=173 queries=174
t=3413973 read event=531 count=16384 submitted=8699904 read_us=304 tx_us=5847 ack_sample=0 fast_bytes=16384 slow_bytes=0 batches=207 queries=208
t=3423724 read event=532 count=16384 submitted=8716288 read_us=270 tx_us=9443 ack_sample=0 fast_bytes=16358 slow_bytes=26 batches=506 queries=520
t=3429691 read event=533 count=16384 submitted=8732672 read_us=273 tx_us=5548 ack_sample=0 fast_bytes=16384 slow_bytes=0 batches=188 queries=189
t=3435151 read event=534 count=16384 submitted=8749056 read_us=267 tx_us=5146 ack_sample=0 fast_bytes=16384 slow_bytes=0 batches=154 queries=155
t=3440679 read event=535 count=16384 submitted=8765440 read_us=261 tx_us=5234 ack_sample=0 fast_bytes=16384 slow_bytes=0 batches=161 queries=162
t=3447579 read event=536 count=16384 submitted=8781824 read_us=270 tx_us=6600 ack_sample=0 fast_bytes=16384 slow_bytes=0 batches=278 queries=279
t=3453506 read event=537 count=16384 submitted=8798208 read_us=284 tx_us=5542 ack_sample=0 fast_bytes=16384 slow_bytes=0 batches=188 queries=189
t=3459915 read event=538 count=16384 submitted=8814592 read_us=761 tx_us=5614 ack_sample=0 fast_bytes=16384 slow_bytes=0 batches=193 queries=194
t=3469595 read event=539 count=16384 submitted=8830976 read_us=392 tx_us=9239 ack_sample=0 fast_bytes=16364 slow_bytes=20 batches=492 queries=503
t=3475196 read event=540 count=16384 submitted=8847360 read_us=280 tx_us=5283 ack_sample=0 fast_bytes=16384 slow_bytes=0 batches=166 queries=167
t=3480627 read event=541 count=16384 submitted=8863744 read_us=273 tx_us=5011 ack_sample=0 fast_bytes=16384 slow_bytes=0 batches=142 queries=143
t=3486463 read event=542 count=16384 submitted=8880128 read_us=279 tx_us=5520 ack_sample=0 fast_bytes=16384 slow_bytes=0 batches=186 queries=187
t=3493146 read event=543 count=16384 submitted=8896512 read_us=277 tx_us=6375 ack_sample=0 fast_bytes=16384 slow_bytes=0 batches=259 queries=260
t=3499219 read event=544 count=16384 submitted=8912896 read_us=258 tx_us=5784 ack_sample=0 fast_bytes=16384 slow_bytes=0 batches=208 queries=209
t=3505713 read event=545 count=16384 submitted=8929280 read_us=266 tx_us=6126 ack_sample=0 fast_bytes=16384 slow_bytes=0 batches=237 queries=238
t=3515164 read event=546 count=16384 submitted=8945664 read_us=757 tx_us=8652 ack_sample=0 fast_bytes=16362 slow_bytes=22 batches=434 queries=446
t=3520614 read event=547 count=16384 submitted=8962048 read_us=277 tx_us=5132 ack_sample=0 fast_bytes=16384 slow_bytes=0 batches=152 queries=153
t=3525948 read event=548 count=16384 submitted=8978432 read_us=279 tx_us=5009 ack_sample=0 fast_bytes=16384 slow_bytes=0 batches=142 queries=143
t=3532023 read event=549 count=16384 submitted=8994816 read_us=270 tx_us=5660 ack_sample=0 fast_bytes=16384 slow_bytes=0 batches=197 queries=198
t=3538483 read event=550 count=16384 submitted=9011200 read_us=272 tx_us=6147 ack_sample=0 fast_bytes=16384 slow_bytes=0 batches=239 queries=240
t=3544649 read event=551 count=16384 submitted=9027584 read_us=279 tx_us=5855 ack_sample=0 fast_bytes=16384 slow_bytes=0 batches=215 queries=216
t=3554541 read event=552 count=16384 submitted=9043968 read_us=271 tx_us=9590 ack_sample=0 fast_bytes=16372 slow_bytes=12 batches=527 queries=534
t=3560534 read event=553 count=16384 submitted=9060352 read_us=285 tx_us=5591 ack_sample=0 fast_bytes=16384 slow_bytes=0 batches=192 queries=193
t=3565885 read event=554 count=16384 submitted=9076736 read_us=782 tx_us=4535 ack_sample=0 fast_bytes=16384 slow_bytes=0 batches=101 queries=102
t=3571236 read event=555 count=16384 submitted=9093120 read_us=274 tx_us=5036 ack_sample=0 fast_bytes=16384 slow_bytes=0 batches=132 queries=133
t=3577465 read event=556 count=16384 submitted=9109504 read_us=269 tx_us=5921 ack_sample=0 fast_bytes=16384 slow_bytes=0 batches=219 queries=220
t=3583854 read event=557 count=16384 submitted=9125888 read_us=365 tx_us=5821 ack_sample=0 fast_bytes=16384 slow_bytes=0 batches=206 queries=207
t=3590162 read event=558 count=16384 submitted=9142272 read_us=290 tx_us=5968 ack_sample=0 fast_bytes=16384 slow_bytes=0 batches=223 queries=224
t=3599869 read event=559 count=16384 submitted=9158656 read_us=267 tx_us=9405 ack_sample=0 fast_bytes=16364 slow_bytes=20 batches=506 queries=517
t=3605767 read event=560 count=16384 submitted=9175040 read_us=266 tx_us=5598 ack_sample=0 fast_bytes=16384 slow_bytes=0 batches=192 queries=193
t=3611057 read event=561 count=16384 submitted=9191424 read_us=270 tx_us=4903 ack_sample=0 fast_bytes=16384 slow_bytes=0 batches=132 queries=133
t=3616500 read event=562 count=16384 submitted=9207808 read_us=813 tx_us=4594 ack_sample=0 fast_bytes=16384 slow_bytes=0 batches=107 queries=108
t=3622868 read event=563 count=16384 submitted=9224192 read_us=312 tx_us=6015 ack_sample=0 fast_bytes=16384 slow_bytes=0 batches=221 queries=222
t=3629195 read event=564 count=16384 submitted=9240576 read_us=282 tx_us=5999 ack_sample=0 fast_bytes=16384 slow_bytes=0 batches=226 queries=227
t=3635518 read event=565 count=16384 submitted=9256960 read_us=280 tx_us=5892 ack_sample=0 fast_bytes=16384 slow_bytes=0 batches=217 queries=218
t=3645144 read event=566 count=16384 submitted=9273344 read_us=286 tx_us=9302 ack_sample=0 fast_bytes=16364 slow_bytes=20 batches=498 queries=509
t=3651001 read event=567 count=16384 submitted=9289728 read_us=261 tx_us=5563 ack_sample=0 fast_bytes=16384 slow_bytes=0 batches=189 queries=190
t=3656321 read event=568 count=16384 submitted=9306112 read_us=258 tx_us=5033 ack_sample=0 fast_bytes=16384 slow_bytes=0 batches=144 queries=145
t=3662018 read event=569 count=16384 submitted=9322496 read_us=268 tx_us=5322 ack_sample=0 fast_bytes=16384 slow_bytes=0 batches=168 queries=169
t=3668528 read event=570 count=16384 submitted=9338880 read_us=769 tx_us=5705 ack_sample=0 fast_bytes=16384 slow_bytes=0 batches=201 queries=202
t=3674749 read event=571 count=16384 submitted=9355264 read_us=407 tx_us=5761 ack_sample=0 fast_bytes=16384 slow_bytes=0 batches=206 queries=207
t=3681064 read event=572 count=16384 submitted=9371648 read_us=268 tx_us=6011 ack_sample=0 fast_bytes=16384 slow_bytes=0 batches=227 queries=228
t=3690604 read event=573 count=16384 submitted=9388032 read_us=275 tx_us=9117 ack_sample=0 fast_bytes=16364 slow_bytes=20 batches=482 queries=493
t=3696290 read event=574 count=16384 submitted=9404416 read_us=281 tx_us=5368 ack_sample=0 fast_bytes=16384 slow_bytes=0 batches=173 queries=174
t=3701830 read event=575 count=16384 submitted=9420800 read_us=259 tx_us=5249 ack_sample=0 fast_bytes=16384 slow_bytes=0 batches=162 queries=163
t=3707670 read event=576 count=16384 submitted=9437184 read_us=260 tx_us=5535 ack_sample=1 fast_bytes=16384 slow_bytes=0 batches=187 queries=188
t=3707697 profile_ack event=576 words=0 high_reads=0 low_reads=0 high_wait_words=0 low_wait_words=0 high_max_reads=0 low_max_reads=0 uninitialized=0
t=3714075 read event=577 count=16384 submitted=9453568 read_us=267 tx_us=6008 ack_sample=0 fast_bytes=16384 slow_bytes=0 batches=226 queries=227
t=3720313 read event=578 count=16384 submitted=9469952 read_us=767 tx_us=5435 ack_sample=0 fast_bytes=16384 slow_bytes=0 batches=178 queries=179
t=3730107 read event=579 count=16384 submitted=9486336 read_us=330 tx_us=9424 ack_sample=0 fast_bytes=16364 slow_bytes=20 batches=505 queries=516
t=3736111 read event=580 count=16384 submitted=9502720 read_us=271 tx_us=5694 ack_sample=0 fast_bytes=16384 slow_bytes=0 batches=200 queries=201
t=3741581 read event=581 count=16384 submitted=9519104 read_us=271 tx_us=5058 ack_sample=0 fast_bytes=16384 slow_bytes=0 batches=146 queries=147
t=3747251 read event=582 count=16384 submitted=9535488 read_us=280 tx_us=5356 ack_sample=0 fast_bytes=16384 slow_bytes=0 batches=172 queries=173
t=3753236 read event=583 count=16384 submitted=9551872 read_us=262 tx_us=5690 ack_sample=0 fast_bytes=16384 slow_bytes=0 batches=200 queries=201
t=3759792 read event=584 count=16384 submitted=9568256 read_us=259 tx_us=6265 ack_sample=0 fast_bytes=16384 slow_bytes=0 batches=245 queries=246
t=3766026 read event=585 count=16384 submitted=9584640 read_us=271 tx_us=5855 ack_sample=0 fast_bytes=16384 slow_bytes=0 batches=214 queries=215
t=3775617 read event=586 count=16384 submitted=9601024 read_us=764 tx_us=8792 ack_sample=0 fast_bytes=16380 slow_bytes=4 batches=458 queries=461
t=3781541 read event=587 count=16384 submitted=9617408 read_us=291 tx_us=5592 ack_sample=0 fast_bytes=16384 slow_bytes=0 batches=192 queries=193
t=3786951 read event=588 count=16384 submitted=9633792 read_us=281 tx_us=5098 ack_sample=0 fast_bytes=16384 slow_bytes=0 batches=150 queries=151
t=3792765 read event=589 count=16384 submitted=9650176 read_us=275 tx_us=5394 ack_sample=0 fast_bytes=16384 slow_bytes=0 batches=174 queries=175
t=3798787 read event=590 count=16384 submitted=9666560 read_us=261 tx_us=5727 ack_sample=0 fast_bytes=16384 slow_bytes=0 batches=203 queries=204
t=3805271 read event=591 count=16384 submitted=9682944 read_us=259 tx_us=6192 ack_sample=0 fast_bytes=16384 slow_bytes=0 batches=243 queries=244
t=3811579 read event=592 count=16384 submitted=9699328 read_us=258 tx_us=6019 ack_sample=0 fast_bytes=16384 slow_bytes=0 batches=227 queries=228
t=3821086 read event=593 count=16384 submitted=9715712 read_us=281 tx_us=9124 ack_sample=0 fast_bytes=16368 slow_bytes=16 batches=485 queries=494
t=3826949 read event=594 count=16384 submitted=9732096 read_us=776 tx_us=5053 ack_sample=0 fast_bytes=16384 slow_bytes=0 batches=143 queries=144
t=3832278 read event=595 count=16384 submitted=9748480 read_us=270 tx_us=5020 ack_sample=0 fast_bytes=16384 slow_bytes=0 batches=137 queries=138
t=3838138 read event=596 count=16384 submitted=9764864 read_us=271 tx_us=5552 ack_sample=0 fast_bytes=16384 slow_bytes=0 batches=188 queries=189
t=3844294 read event=597 count=16384 submitted=9781248 read_us=271 tx_us=5742 ack_sample=0 fast_bytes=16384 slow_bytes=0 batches=204 queries=205
t=3850627 read event=598 count=16384 submitted=9797632 read_us=265 tx_us=6033 ack_sample=0 fast_bytes=16384 slow_bytes=0 batches=229 queries=230
t=3856933 read event=599 count=16384 submitted=9814016 read_us=280 tx_us=5994 ack_sample=0 fast_bytes=16384 slow_bytes=0 batches=226 queries=227
t=3866310 read event=600 count=16384 submitted=9830400 read_us=258 tx_us=9089 ack_sample=0 fast_bytes=16368 slow_bytes=16 batches=482 queries=491
t=3872117 read event=601 count=16384 submitted=9846784 read_us=266 tx_us=5437 ack_sample=0 fast_bytes=16384 slow_bytes=0 batches=178 queries=179
t=3877490 read event=602 count=16384 submitted=9863168 read_us=769 tx_us=4570 ack_sample=0 fast_bytes=16384 slow_bytes=0 batches=105 queries=106
t=3883471 read event=603 count=16384 submitted=9879552 read_us=291 tx_us=5635 ack_sample=0 fast_bytes=16384 slow_bytes=0 batches=190 queries=191
t=3889683 read event=604 count=16384 submitted=9895936 read_us=287 tx_us=5886 ack_sample=0 fast_bytes=16384 slow_bytes=0 batches=217 queries=218
t=3896037 read event=605 count=16384 submitted=9912320 read_us=276 tx_us=5915 ack_sample=0 fast_bytes=16384 slow_bytes=0 batches=219 queries=220
t=3902610 read event=606 count=16384 submitted=9928704 read_us=262 tx_us=6275 ack_sample=0 fast_bytes=16382 slow_bytes=2 batches=249 queries=251
t=3911681 read event=607 count=16384 submitted=9945088 read_us=279 tx_us=8759 ack_sample=0 fast_bytes=16374 slow_bytes=10 batches=456 queries=462
t=3917516 read event=608 count=16384 submitted=9961472 read_us=272 tx_us=5531 ack_sample=0 fast_bytes=16384 slow_bytes=0 batches=187 queries=188
t=3922926 read event=609 count=16384 submitted=9977856 read_us=286 tx_us=5019 ack_sample=0 fast_bytes=16384 slow_bytes=0 batches=143 queries=144
t=3929069 read event=610 count=16384 submitted=9994240 read_us=781 tx_us=5328 ack_sample=0 fast_bytes=16384 slow_bytes=0 batches=170 queries=171
t=3935291 read event=611 count=16384 submitted=10010624 read_us=284 tx_us=5897 ack_sample=0 fast_bytes=16384 slow_bytes=0 batches=212 queries=213
t=3941571 read event=612 count=16384 submitted=10027008 read_us=270 tx_us=5975 ack_sample=0 fast_bytes=16384 slow_bytes=0 batches=224 queries=225
t=3951236 read event=613 count=16384 submitted=10043392 read_us=287 tx_us=9238 ack_sample=0 fast_bytes=16370 slow_bytes=14 batches=496 queries=504
t=3957226 read event=614 count=16384 submitted=10059776 read_us=263 tx_us=5693 ack_sample=0 fast_bytes=16384 slow_bytes=0 batches=200 queries=201
t=3962787 read event=615 count=16384 submitted=10076160 read_us=259 tx_us=5270 ack_sample=0 fast_bytes=16384 slow_bytes=0 batches=164 queries=165
t=3968375 read event=616 count=16384 submitted=10092544 read_us=259 tx_us=5298 ack_sample=0 fast_bytes=16384 slow_bytes=0 batches=166 queries=167
t=3974572 read event=617 count=16384 submitted=10108928 read_us=286 tx_us=5809 ack_sample=0 fast_bytes=16384 slow_bytes=0 batches=211 queries=212
t=3980831 read event=618 count=16384 submitted=10125312 read_us=765 tx_us=5462 ack_sample=0 fast_bytes=16384 slow_bytes=0 batches=180 queries=181
t=3987191 read event=619 count=16384 submitted=10141696 read_us=350 tx_us=5972 ack_sample=0 fast_bytes=16384 slow_bytes=0 batches=222 queries=223
t=3996676 read event=620 count=16384 submitted=10158080 read_us=270 tx_us=9178 ack_sample=0 fast_bytes=16362 slow_bytes=22 batches=486 queries=498
t=4002634 read event=621 count=16384 submitted=10174464 read_us=271 tx_us=5523 ack_sample=0 fast_bytes=16384 slow_bytes=0 batches=186 queries=187
t=4007979 read event=622 count=16384 submitted=10190848 read_us=278 tx_us=5033 ack_sample=0 fast_bytes=16384 slow_bytes=0 batches=144 queries=145
t=4013810 read event=623 count=16384 submitted=10207232 read_us=256 tx_us=5543 ack_sample=0 fast_bytes=16384 slow_bytes=0 batches=186 queries=187
t=4020057 read event=624 count=16384 submitted=10223616 read_us=270 tx_us=5946 ack_sample=0 fast_bytes=16384 slow_bytes=0 batches=222 queries=223
t=4026422 read event=625 count=16384 submitted=10240000 read_us=264 tx_us=5999 ack_sample=0 fast_bytes=16384 slow_bytes=0 batches=226 queries=227
t=4032755 read event=626 count=16384 submitted=10256384 read_us=767 tx_us=5532 ack_sample=0 fast_bytes=16384 slow_bytes=0 batches=186 queries=187
t=4042149 read event=627 count=16384 submitted=10272768 read_us=374 tx_us=8982 ack_sample=0 fast_bytes=16368 slow_bytes=16 batches=472 queries=481
t=4047936 read event=628 count=16384 submitted=10289152 read_us=267 tx_us=5483 ack_sample=0 fast_bytes=16384 slow_bytes=0 batches=182 queries=183
t=4053315 read event=629 count=16384 submitted=10305536 read_us=274 tx_us=4962 ack_sample=0 fast_bytes=16384 slow_bytes=0 batches=138 queries=139
t=4059313 read event=630 count=16384 submitted=10321920 read_us=259 tx_us=5702 ack_sample=0 fast_bytes=16384 slow_bytes=0 batches=201 queries=202
t=4065651 read event=631 count=16384 submitted=10338304 read_us=264 tx_us=6029 ack_sample=0 fast_bytes=16384 slow_bytes=0 batches=229 queries=230
t=4072075 read event=632 count=16384 submitted=10354688 read_us=281 tx_us=6109 ack_sample=0 fast_bytes=16384 slow_bytes=0 batches=236 queries=237
t=4081906 read event=633 count=16384 submitted=10371072 read_us=267 tx_us=9450 ack_sample=0 fast_bytes=16364 slow_bytes=20 batches=510 queries=521
t=4087613 read event=634 count=16384 submitted=10387456 read_us=748 tx_us=4920 ack_sample=0 fast_bytes=16384 slow_bytes=0 batches=134 queries=135
t=4093273 read event=635 count=16384 submitted=10403840 read_us=290 tx_us=5331 ack_sample=0 fast_bytes=16384 slow_bytes=0 batches=164 queries=165
t=4098844 read event=636 count=16384 submitted=10420224 read_us=281 tx_us=5254 ack_sample=0 fast_bytes=16384 slow_bytes=0 batches=162 queries=163
t=4105250 read event=637 count=16384 submitted=10436608 read_us=272 tx_us=5987 ack_sample=0 fast_bytes=16384 slow_bytes=0 batches=225 queries=226
t=4111605 read event=638 count=16384 submitted=10452992 read_us=262 tx_us=6055 ack_sample=0 fast_bytes=16384 slow_bytes=0 batches=230 queries=231
t=4117748 read event=639 count=16384 submitted=10469376 read_us=281 tx_us=5830 ack_sample=0 fast_bytes=16384 slow_bytes=0 batches=212 queries=213
t=4127488 read event=640 count=16384 submitted=10485760 read_us=267 tx_us=9443 ack_sample=1 fast_bytes=16360 slow_bytes=24 batches=508 queries=521
t=4127514 profile_ack event=640 words=12 high_reads=24 low_reads=24 high_wait_words=12 low_wait_words=12 high_max_reads=2 low_max_reads=2 uninitialized=0
t=4133514 read event=641 count=16384 submitted=10502144 read_us=284 tx_us=5626 ack_sample=0 fast_bytes=16384 slow_bytes=0 batches=195 queries=196
t=4139333 read event=642 count=16384 submitted=10518528 read_us=761 tx_us=5024 ack_sample=0 fast_bytes=16384 slow_bytes=0 batches=143 queries=144
t=4145663 read event=643 count=16384 submitted=10534912 read_us=272 tx_us=6020 ack_sample=0 fast_bytes=16384 slow_bytes=0 batches=222 queries=223
t=4152487 read event=644 count=16384 submitted=10551296 read_us=287 tx_us=6499 ack_sample=0 fast_bytes=16384 slow_bytes=0 batches=269 queries=270
t=4159242 read event=645 count=16384 submitted=10567680 read_us=290 tx_us=6320 ack_sample=0 fast_bytes=16384 slow_bytes=0 batches=254 queries=255
t=4170358 read event=646 count=16384 submitted=10584064 read_us=264 tx_us=10814 ack_sample=0 fast_bytes=16366 slow_bytes=18 batches=628 queries=638
t=4180352 read event=647 count=16384 submitted=10600448 read_us=261 tx_us=9700 ack_sample=0 fast_bytes=16382 slow_bytes=2 batches=541 queries=543
t=4189299 read event=648 count=16384 submitted=10616832 read_us=261 tx_us=8656 ack_sample=0 fast_bytes=16376 slow_bytes=8 batches=449 queries=454
t=4199310 read event=649 count=16384 submitted=10633216 read_us=266 tx_us=9641 ack_sample=0 fast_bytes=16382 slow_bytes=2 batches=536 queries=538
t=4213648 read event=650 count=16384 submitted=10649600 read_us=770 tx_us=13533 ack_sample=0 fast_bytes=16366 slow_bytes=18 batches=853 queries=863
t=4222149 read event=651 count=16384 submitted=10665984 read_us=288 tx_us=8172 ack_sample=0 fast_bytes=16380 slow_bytes=4 batches=409 queries=412
t=4231685 read event=652 count=16384 submitted=10682368 read_us=264 tx_us=9239 ack_sample=0 fast_bytes=16384 slow_bytes=0 batches=503 queries=504
t=4246907 read event=653 count=16384 submitted=10698752 read_us=270 tx_us=14795 ack_sample=0 fast_bytes=16356 slow_bytes=28 batches=963 queries=978
t=4254973 read event=654 count=16384 submitted=10715136 read_us=262 tx_us=7768 ack_sample=0 fast_bytes=16384 slow_bytes=0 batches=377 queries=378
t=4263918 read event=655 count=16384 submitted=10731520 read_us=264 tx_us=8647 ack_sample=0 fast_bytes=16384 slow_bytes=0 batches=452 queries=453
t=4278925 read event=656 count=16384 submitted=10747904 read_us=261 tx_us=14713 ack_sample=0 fast_bytes=16364 slow_bytes=20 batches=960 queries=971
t=4288061 read event=657 count=16384 submitted=10764288 read_us=268 tx_us=8764 ack_sample=0 fast_bytes=16382 slow_bytes=2 batches=461 queries=463
t=4296981 read event=658 count=16384 submitted=10780672 read_us=779 tx_us=8089 ack_sample=0 fast_bytes=16384 slow_bytes=0 batches=399 queries=400
t=4309270 read event=659 count=16384 submitted=10797056 read_us=277 tx_us=11964 ack_sample=0 fast_bytes=16376 slow_bytes=8 batches=730 queries=735
t=4321794 read event=660 count=16384 submitted=10813440 read_us=272 tx_us=12215 ack_sample=0 fast_bytes=16380 slow_bytes=4 batches=755 queries=758
t=4330578 read event=661 count=16384 submitted=10829824 read_us=271 tx_us=8371 ack_sample=0 fast_bytes=16380 slow_bytes=4 batches=427 queries=430
t=4340281 read event=662 count=16384 submitted=10846208 read_us=278 tx_us=9390 ack_sample=0 fast_bytes=16382 slow_bytes=2 batches=515 queries=517
t=4355661 read event=663 count=16384 submitted=10862592 read_us=259 tx_us=15089 ack_sample=0 fast_bytes=16352 slow_bytes=32 batches=986 queries=1003
t=4364309 read event=664 count=16384 submitted=10878976 read_us=272 tx_us=8345 ack_sample=0 fast_bytes=16382 slow_bytes=2 batches=426 queries=428
t=4373408 read event=665 count=16384 submitted=10895360 read_us=272 tx_us=8717 ack_sample=0 fast_bytes=16382 slow_bytes=2 batches=457 queries=459
t=4389707 read event=666 count=16384 submitted=10911744 read_us=771 tx_us=15493 ack_sample=0 fast_bytes=16370 slow_bytes=14 batches=1024 queries=1032
t=4398348 read event=667 count=16384 submitted=10928128 read_us=277 tx_us=8315 ack_sample=0 fast_bytes=16380 slow_bytes=4 batches=422 queries=425
t=4407176 read event=668 count=16384 submitted=10944512 read_us=264 tx_us=8531 ack_sample=0 fast_bytes=16384 slow_bytes=0 batches=442 queries=443
t=4424134 read event=669 count=16384 submitted=10960896 read_us=273 tx_us=16543 ack_sample=0 fast_bytes=16350 slow_bytes=34 batches=1108 queries=1126
t=4432946 read event=670 count=16384 submitted=10977280 read_us=261 tx_us=8515 ack_sample=0 fast_bytes=16382 slow_bytes=2 batches=440 queries=442
t=4441272 read event=671 count=16384 submitted=10993664 read_us=261 tx_us=8032 ack_sample=0 fast_bytes=16382 slow_bytes=2 batches=399 queries=401
t=4458313 read event=672 count=16384 submitted=11010048 read_us=261 tx_us=16748 ack_sample=0 fast_bytes=16358 slow_bytes=26 batches=1131 queries=1145
t=4467195 read event=673 count=16384 submitted=11026432 read_us=268 tx_us=8510 ack_sample=0 fast_bytes=16384 slow_bytes=0 batches=440 queries=441
t=4475863 read event=674 count=16384 submitted=11042816 read_us=798 tx_us=7834 ack_sample=0 fast_bytes=16382 slow_bytes=2 batches=376 queries=378
t=4492214 read event=675 count=16384 submitted=11059200 read_us=273 tx_us=16038 ack_sample=0 fast_bytes=16354 slow_bytes=30 batches=1068 queries=1084
t=4502064 read event=676 count=16384 submitted=11075584 read_us=269 tx_us=9547 ack_sample=0 fast_bytes=16384 slow_bytes=0 batches=529 queries=530
t=4510679 read event=677 count=16384 submitted=11091968 read_us=271 tx_us=8199 ack_sample=0 fast_bytes=16382 slow_bytes=2 batches=412 queries=414
t=4527011 read event=678 count=16384 submitted=11108352 read_us=277 tx_us=16020 ack_sample=0 fast_bytes=16362 slow_bytes=22 batches=1071 queries=1083
t=4537387 read event=679 count=16384 submitted=11124736 read_us=265 tx_us=10076 ack_sample=0 fast_bytes=16378 slow_bytes=6 batches=571 queries=575
t=4546147 read event=680 count=16384 submitted=11141120 read_us=274 tx_us=8448 ack_sample=0 fast_bytes=16384 slow_bytes=0 batches=435 queries=436
t=4562679 read event=681 count=16384 submitted=11157504 read_us=281 tx_us=15994 ack_sample=0 fast_bytes=16358 slow_bytes=26 batches=1062 queries=1076
t=4572945 read event=682 count=16384 submitted=11173888 read_us=766 tx_us=9445 ack_sample=0 fast_bytes=16382 slow_bytes=2 batches=513 queries=515
t=4581831 read event=683 count=16384 submitted=11190272 read_us=276 tx_us=8568 ack_sample=0 fast_bytes=16384 slow_bytes=0 batches=445 queries=446
t=4598440 read event=684 count=16384 submitted=11206656 read_us=267 tx_us=16307 ack_sample=0 fast_bytes=16362 slow_bytes=22 batches=1090 queries=1102
t=4608701 read event=685 count=16384 submitted=11223040 read_us=298 tx_us=9799 ack_sample=0 fast_bytes=16382 slow_bytes=2 batches=550 queries=552
t=4617581 read event=686 count=16384 submitted=11239424 read_us=261 tx_us=8548 ack_sample=0 fast_bytes=16380 slow_bytes=4 batches=442 queries=445
t=4634092 read event=687 count=16384 submitted=11255808 read_us=285 tx_us=16194 ack_sample=0 fast_bytes=16354 slow_bytes=30 batches=1082 queries=1098
t=4644654 read event=688 count=16384 submitted=11272192 read_us=260 tx_us=10269 ack_sample=0 fast_bytes=16382 slow_bytes=2 batches=590 queries=592
t=4653504 read event=689 count=16384 submitted=11288576 read_us=264 tx_us=8462 ack_sample=0 fast_bytes=16384 slow_bytes=0 batches=437 queries=438
t=4671480 read event=690 count=16384 submitted=11304960 read_us=764 tx_us=17177 ack_sample=0 fast_bytes=16356 slow_bytes=28 batches=1160 queries=1175
t=4681129 read event=691 count=16384 submitted=11321344 read_us=299 tx_us=9306 ack_sample=0 fast_bytes=16382 slow_bytes=2 batches=508 queries=510
t=4693680 read event=692 count=16384 submitted=11337728 read_us=263 tx_us=12254 ack_sample=0 fast_bytes=16360 slow_bytes=24 batches=748 queries=761
t=4709485 read event=693 count=16384 submitted=11354112 read_us=270 tx_us=15379 ack_sample=0 fast_bytes=16370 slow_bytes=14 batches=1019 queries=1027
t=4718555 read event=694 count=16384 submitted=11370496 read_us=280 tx_us=8752 ack_sample=0 fast_bytes=16382 slow_bytes=2 batches=461 queries=463
t=4735513 read event=695 count=16384 submitted=11386880 read_us=310 tx_us=16614 ack_sample=0 fast_bytes=16362 slow_bytes=22 batches=1122 queries=1134
t=4746973 read event=696 count=16384 submitted=11403264 read_us=280 tx_us=11145 ack_sample=0 fast_bytes=16382 slow_bytes=2 batches=665 queries=667
t=4755780 read event=697 count=16384 submitted=11419648 read_us=267 tx_us=8427 ack_sample=0 fast_bytes=16384 slow_bytes=0 batches=433 queries=434
t=4774753 read event=698 count=16384 submitted=11436032 read_us=747 tx_us=18190 ack_sample=0 fast_bytes=16358 slow_bytes=26 batches=1247 queries=1261
t=4784888 read event=699 count=16384 submitted=11452416 read_us=278 tx_us=9816 ack_sample=0 fast_bytes=16380 slow_bytes=4 batches=550 queries=553
t=4801896 read event=700 count=16384 submitted=11468800 read_us=264 tx_us=16712 ack_sample=0 fast_bytes=16362 slow_bytes=22 batches=1130 queries=1142
t=4814036 read event=701 count=16384 submitted=11485184 read_us=270 tx_us=11728 ack_sample=0 fast_bytes=16382 slow_bytes=2 batches=713 queries=715
t=4824418 read event=702 count=16384 submitted=11501568 read_us=263 tx_us=10083 ack_sample=0 fast_bytes=16372 slow_bytes=12 batches=569 queries=576
t=4841713 read event=703 count=16384 submitted=11517952 read_us=259 tx_us=17004 ack_sample=0 fast_bytes=16370 slow_bytes=14 batches=1159 queries=1167
t=4852536 read event=704 count=16384 submitted=11534336 read_us=263 tx_us=10522 ack_sample=1 fast_bytes=16384 slow_bytes=0 batches=613 queries=614
t=4852563 profile_ack event=704 words=0 high_reads=0 low_reads=0 high_wait_words=0 low_wait_words=0 high_max_reads=0 low_max_reads=0 uninitialized=0
t=4869074 read event=705 count=16384 submitted=11550720 read_us=281 tx_us=16133 ack_sample=0 fast_bytes=16352 slow_bytes=32 batches=1075 queries=1092
t=4881386 read event=706 count=16384 submitted=11567104 read_us=774 tx_us=11502 ack_sample=0 fast_bytes=16382 slow_bytes=2 batches=690 queries=692
t=4893996 read event=707 count=16384 submitted=11583488 read_us=281 tx_us=12284 ack_sample=0 fast_bytes=16358 slow_bytes=26 batches=748 queries=762
t=4909769 read event=708 count=16384 submitted=11599872 read_us=266 tx_us=15471 ack_sample=0 fast_bytes=16378 slow_bytes=6 batches=1031 queries=1035
t=4920607 read event=709 count=16384 submitted=11616256 read_us=271 tx_us=10420 ack_sample=0 fast_bytes=16384 slow_bytes=0 batches=604 queries=605
t=4937122 read event=710 count=16384 submitted=11632640 read_us=284 tx_us=16196 ack_sample=0 fast_bytes=16354 slow_bytes=30 batches=1082 queries=1098
t=4950876 read event=711 count=16384 submitted=11649024 read_us=263 tx_us=13458 ack_sample=0 fast_bytes=16382 slow_bytes=2 batches=862 queries=864
t=4967473 read event=712 count=16384 submitted=11665408 read_us=261 tx_us=16304 ack_sample=0 fast_bytes=16362 slow_bytes=22 batches=1095 queries=1107
t=4981043 read event=713 count=16384 submitted=11681792 read_us=295 tx_us=13149 ack_sample=0 fast_bytes=16382 slow_bytes=2 batches=836 queries=838
t=4994221 read event=714 count=16384 submitted=11698176 read_us=790 tx_us=12351 ack_sample=0 fast_bytes=16366 slow_bytes=18 batches=754 queries=764
t=5011525 read event=715 count=16384 submitted=11714560 read_us=277 tx_us=16985 ack_sample=0 fast_bytes=16376 slow_bytes=8 batches=1159 queries=1164
t=5025304 read event=716 count=16384 submitted=11730944 read_us=280 tx_us=13464 ack_sample=0 fast_bytes=16372 slow_bytes=12 batches=858 queries=865
t=5042007 read event=717 count=16384 submitted=11747328 read_us=271 tx_us=16292 ack_sample=0 fast_bytes=16380 slow_bytes=4 batches=1103 queries=1106
t=5053490 read event=718 count=16384 submitted=11763712 read_us=263 tx_us=11183 ack_sample=0 fast_bytes=16382 slow_bytes=2 batches=668 queries=670
t=5072205 read event=719 count=16384 submitted=11780096 read_us=278 tx_us=18405 ack_sample=0 fast_bytes=16352 slow_bytes=32 batches=1270 queries=1287
t=5085462 read event=720 count=16384 submitted=11796480 read_us=260 tx_us=12965 ack_sample=0 fast_bytes=16380 slow_bytes=4 batches=817 queries=820
t=5102831 read event=721 count=16384 submitted=11812864 read_us=299 tx_us=16946 ack_sample=0 fast_bytes=16354 slow_bytes=30 batches=1146 queries=1162
t=5117671 read event=722 count=16384 submitted=11829248 read_us=763 tx_us=14037 ack_sample=0 fast_bytes=16372 slow_bytes=12 batches=899 queries=906
t=5135608 read event=723 count=16384 submitted=11845632 read_us=290 tx_us=17606 ack_sample=0 fast_bytes=16036 slow_bytes=348 batches=1016 queries=1191
t=5150627 read event=724 count=16384 submitted=11862016 read_us=283 tx_us=14701 ack_sample=0 fast_bytes=16380 slow_bytes=4 batches=968 queries=971
t=5150657 profile_poll polls=768 elapsed_us=65077 interval_us=60142 chunks=4
t=5169072 read event=725 count=16384 submitted=11878400 read_us=269 tx_us=17992 ack_sample=0 fast_bytes=16024 slow_bytes=360 batches=1004 queries=1185
t=5184180 read event=726 count=16384 submitted=11894784 read_us=263 tx_us=14808 ack_sample=0 fast_bytes=16372 slow_bytes=12 batches=972 queries=979
t=5203265 read event=727 count=16384 submitted=11911168 read_us=262 tx_us=18789 ack_sample=0 fast_bytes=16032 slow_bytes=352 batches=1067 queries=1244
t=5217986 read event=728 count=16384 submitted=11927552 read_us=262 tx_us=14427 ack_sample=0 fast_bytes=16380 slow_bytes=4 batches=942 queries=945
t=5238038 read event=729 count=16384 submitted=11943936 read_us=265 tx_us=19677 ack_sample=0 fast_bytes=16042 slow_bytes=342 batches=1143 queries=1315
t=5256889 read event=730 count=16384 submitted=11960320 read_us=770 tx_us=18047 ack_sample=0 fast_bytes=16032 slow_bytes=352 batches=987 queries=1164
t=5273761 read event=731 count=16384 submitted=11976704 read_us=276 tx_us=16554 ack_sample=0 fast_bytes=16378 slow_bytes=6 batches=1124 queries=1128
t=5292215 read event=732 count=16384 submitted=11993088 read_us=262 tx_us=18158 ack_sample=0 fast_bytes=16030 slow_bytes=354 batches=987 queries=1165
t=5309959 read event=733 count=16384 submitted=12009472 read_us=271 tx_us=17331 ack_sample=0 fast_bytes=16368 slow_bytes=16 batches=1184 queries=1193
t=5331261 read event=734 count=16384 submitted=12025856 read_us=277 tx_us=20982 ack_sample=0 fast_bytes=16040 slow_bytes=344 batches=1228 queries=1401
t=5347041 read event=735 count=16384 submitted=12042240 read_us=272 tx_us=15475 ack_sample=0 fast_bytes=16374 slow_bytes=10 batches=1030 queries=1036
t=5366913 read event=736 count=16384 submitted=12058624 read_us=258 tx_us=19582 ack_sample=0 fast_bytes=16034 slow_bytes=350 batches=1101 queries=1277
t=5383789 read event=737 count=16384 submitted=12075008 read_us=264 tx_us=16494 ack_sample=0 fast_bytes=16372 slow_bytes=12 batches=1116 queries=1123
t=5402822 read event=738 count=16384 submitted=12091392 read_us=760 tx_us=18237 ack_sample=0 fast_bytes=16034 slow_bytes=350 batches=980 queries=1156
t=5424018 read event=739 count=16384 submitted=12107776 read_us=279 tx_us=20875 ack_sample=0 fast_bytes=16030 slow_bytes=354 batches=1205 queries=1383
t=5441173 read event=740 count=16384 submitted=12124160 read_us=269 tx_us=16838 ack_sample=0 fast_bytes=16370 slow_bytes=14 batches=1145 queries=1153
t=5462862 read event=741 count=16384 submitted=12140544 read_us=270 tx_us=21272 ack_sample=0 fast_bytes=16026 slow_bytes=358 batches=1233 queries=1413
t=5478452 read event=742 count=16384 submitted=12156928 read_us=265 tx_us=15288 ack_sample=0 fast_bytes=16364 slow_bytes=20 batches=1009 queries=1020
t=5499709 read event=743 count=16384 submitted=12173312 read_us=285 tx_us=20941 ack_sample=0 fast_bytes=16034 slow_bytes=350 batches=1210 queries=1386
t=5517300 read event=744 count=16384 submitted=12189696 read_us=258 tx_us=17290 ack_sample=0 fast_bytes=16374 slow_bytes=10 batches=1185 queries=1191
t=5537085 read event=745 count=16384 submitted=12206080 read_us=269 tx_us=19402 ack_sample=0 fast_bytes=16032 slow_bytes=352 batches=1072 queries=1249
t=5558162 read event=746 count=16384 submitted=12222464 read_us=798 tx_us=20239 ack_sample=0 fast_bytes=16044 slow_bytes=340 batches=1140 queries=1311
t=5575949 read event=747 count=16384 submitted=12238848 read_us=281 tx_us=17463 ack_sample=0 fast_bytes=16372 slow_bytes=12 batches=1199 queries=1206
t=5598863 read event=748 count=16384 submitted=12255232 read_us=265 tx_us=22616 ack_sample=0 fast_bytes=16046 slow_bytes=338 batches=1351 queries=1521
t=5615856 read event=749 count=16384 submitted=12271616 read_us=272 tx_us=16577 ack_sample=0 fast_bytes=16372 slow_bytes=12 batches=1116 queries=1123
t=5635227 read event=750 count=16384 submitted=12288000 read_us=269 tx_us=19061 ack_sample=0 fast_bytes=16102 slow_bytes=282 batches=1015 queries=1157
t=5657283 read event=751 count=16384 submitted=12304384 read_us=319 tx_us=21678 ack_sample=0 fast_bytes=16122 slow_bytes=262 batches=1259 queries=1391
t=5673361 read event=752 count=16384 submitted=12320768 read_us=418 tx_us=15590 ack_sample=0 fast_bytes=16378 slow_bytes=6 batches=939 queries=943
t=5695885 read event=753 count=16384 submitted=12337152 read_us=441 tx_us=21865 ack_sample=0 fast_bytes=16198 slow_bytes=186 batches=1222 queries=1316
t=5711052 read event=754 count=16384 submitted=12353536 read_us=1322 tx_us=13761 ack_sample=0 fast_bytes=16376 slow_bytes=8 batches=807 queries=812
t=5733001 read event=755 count=16384 submitted=12369920 read_us=387 tx_us=21495 ack_sample=0 fast_bytes=16102 slow_bytes=282 batches=1147 queries=1289
t=5750607 read event=756 count=16384 submitted=12386304 read_us=362 tx_us=17176 ack_sample=0 fast_bytes=16382 slow_bytes=2 batches=1072 queries=1074
t=5768918 read event=757 count=16384 submitted=12402688 read_us=314 tx_us=17751 ack_sample=0 fast_bytes=16150 slow_bytes=234 batches=958 queries=1076
t=5791258 read event=758 count=16384 submitted=12419072 read_us=785 tx_us=21475 ack_sample=0 fast_bytes=16122 slow_bytes=262 batches=1198 queries=1330
t=5808516 read event=759 count=16384 submitted=12435456 read_us=394 tx_us=16779 ack_sample=0 fast_bytes=16360 slow_bytes=24 batches=1133 queries=1146
t=5831156 read event=760 count=16384 submitted=12451840 read_us=297 tx_us=22309 ack_sample=0 fast_bytes=16042 slow_bytes=342 batches=1320 queries=1492
t=5848020 read event=761 count=16384 submitted=12468224 read_us=272 tx_us=16459 ack_sample=0 fast_bytes=16370 slow_bytes=14 batches=1112 queries=1120
t=5868227 read event=762 count=16384 submitted=12484608 read_us=791 tx_us=19380 ack_sample=0 fast_bytes=16098 slow_bytes=286 batches=1092 queries=1236
t=5890805 read event=763 count=16384 submitted=12500992 read_us=281 tx_us=22255 ack_sample=0 fast_bytes=16022 slow_bytes=362 batches=1303 queries=1485
t=5907739 read event=764 count=16384 submitted=12517376 read_us=274 tx_us=16627 ack_sample=0 fast_bytes=16378 slow_bytes=6 batches=1131 queries=1135
t=5930453 read event=765 count=16384 submitted=12533760 read_us=270 tx_us=22298 ack_sample=0 fast_bytes=16046 slow_bytes=338 batches=1319 queries=1489
t=5946912 read event=766 count=16384 submitted=12550144 read_us=285 tx_us=16135 ack_sample=0 fast_bytes=16376 slow_bytes=8 batches=1088 queries=1093
t=5967701 read event=767 count=16384 submitted=12566528 read_us=262 tx_us=20478 ack_sample=0 fast_bytes=16040 slow_bytes=344 batches=1158 queries=1331
t=5986906 read event=768 count=16384 submitted=12582912 read_us=260 tx_us=18901 ack_sample=1 fast_bytes=16358 slow_bytes=26 batches=1315 queries=1329
t=5986932 profile_ack event=768 words=13 high_reads=26 low_reads=25 high_wait_words=13 low_wait_words=12 high_max_reads=2 low_max_reads=2 uninitialized=0
t=6007637 read event=769 count=16384 submitted=12599296 read_us=267 tx_us=20335 ack_sample=0 fast_bytes=16042 slow_bytes=342 batches=1163 queries=1335
t=6029652 read event=770 count=16384 submitted=12615680 read_us=778 tx_us=21205 ack_sample=0 fast_bytes=16046 slow_bytes=338 batches=1214 queries=1384
t=6037848 read event=771 count=16384 submitted=12632064 read_us=287 tx_us=7869 ack_sample=0 fast_bytes=16384 slow_bytes=0 batches=386 queries=387
t=6043977 read event=772 count=16384 submitted=12648448 read_us=258 tx_us=5837 ack_sample=0 fast_bytes=16384 slow_bytes=0 batches=182 queries=183
t=6050625 read event=773 count=16384 submitted=12664832 read_us=369 tx_us=6070 ack_sample=0 fast_bytes=16384 slow_bytes=0 batches=192 queries=193
t=6055851 read event=774 count=16384 submitted=12681216 read_us=418 tx_us=4738 ack_sample=0 fast_bytes=16384 slow_bytes=0 batches=90 queries=91
t=6063808 read event=775 count=16384 submitted=12697600 read_us=377 tx_us=7511 ack_sample=0 fast_bytes=16368 slow_bytes=16 batches=338 queries=347
t=6075850 read event=776 count=16384 submitted=12713984 read_us=284 tx_us=11713 ack_sample=0 fast_bytes=16376 slow_bytes=8 batches=710 queries=715
t=6081980 read event=777 count=16384 submitted=12730368 read_us=270 tx_us=5739 ack_sample=0 fast_bytes=16384 slow_bytes=0 batches=204 queries=205
t=6089092 read event=778 count=16384 submitted=12746752 read_us=804 tx_us=6270 ack_sample=0 fast_bytes=16384 slow_bytes=0 batches=248 queries=249
t=6094528 read event=779 count=16384 submitted=12763136 read_us=369 tx_us=5011 ack_sample=0 fast_bytes=16384 slow_bytes=0 batches=142 queries=143
t=6099830 read event=780 count=16384 submitted=12779520 read_us=286 tx_us=4978 ack_sample=0 fast_bytes=16384 slow_bytes=0 batches=139 queries=140
t=6113461 read event=781 count=16384 submitted=12795904 read_us=269 tx_us=13211 ack_sample=0 fast_bytes=16356 slow_bytes=28 batches=827 queries=842
t=6120471 read event=782 count=16384 submitted=12812288 read_us=285 tx_us=6688 ack_sample=0 fast_bytes=16384 slow_bytes=0 batches=286 queries=287
t=6126874 read event=783 count=16384 submitted=12828672 read_us=274 tx_us=6097 ack_sample=0 fast_bytes=16384 slow_bytes=0 batches=235 queries=236
t=6133043 read event=784 count=16384 submitted=12845056 read_us=260 tx_us=5877 ack_sample=0 fast_bytes=16384 slow_bytes=0 batches=216 queries=217
t=6138276 read event=785 count=16384 submitted=12861440 read_us=267 tx_us=4857 ack_sample=0 fast_bytes=16384 slow_bytes=0 batches=129 queries=130
t=6148603 read event=786 count=16384 submitted=12877824 read_us=766 tx_us=9528 ack_sample=0 fast_bytes=16372 slow_bytes=12 batches=516 queries=523
t=6158403 read event=787 count=16384 submitted=12894208 read_us=296 tx_us=9462 ack_sample=0 fast_bytes=16382 slow_bytes=2 batches=521 queries=523
t=6164459 read event=788 count=16384 submitted=12910592 read_us=262 tx_us=5761 ack_sample=0 fast_bytes=16384 slow_bytes=0 batches=206 queries=207
t=6171134 read event=789 count=16384 submitted=12926976 read_us=285 tx_us=6248 ack_sample=0 fast_bytes=16384 slow_bytes=0 batches=248 queries=249
t=6176474 read event=790 count=16384 submitted=12943360 read_us=261 tx_us=5046 ack_sample=0 fast_bytes=16384 slow_bytes=0 batches=145 queries=146
t=6181831 read event=791 count=16384 submitted=12959744 read_us=281 tx_us=5043 ack_sample=0 fast_bytes=16384 slow_bytes=0 batches=145 queries=146
t=6195304 read event=792 count=16384 submitted=12976128 read_us=256 tx_us=13186 ack_sample=0 fast_bytes=16366 slow_bytes=18 batches=831 queries=841
t=6202070 read event=793 count=16384 submitted=12992512 read_us=264 tx_us=6385 ack_sample=0 fast_bytes=16382 slow_bytes=2 batches=258 queries=260
t=6208466 read event=794 count=16384 submitted=13008896 read_us=777 tx_us=5569 ack_sample=0 fast_bytes=16384 slow_bytes=0 batches=190 queries=191
t=6214621 read event=795 count=16384 submitted=13025280 read_us=426 tx_us=5688 ack_sample=0 fast_bytes=16384 slow_bytes=0 batches=200 queries=201
t=6219818 read event=796 count=16384 submitted=13041664 read_us=292 tx_us=4870 ack_sample=0 fast_bytes=16384 slow_bytes=0 batches=130 queries=131
t=6228754 read event=797 count=16384 submitted=13058048 read_us=267 tx_us=8521 ack_sample=0 fast_bytes=16366 slow_bytes=18 batches=432 queries=442
t=6239430 read event=798 count=16384 submitted=13074432 read_us=264 tx_us=10375 ack_sample=0 fast_bytes=16384 slow_bytes=0 batches=601 queries=602
t=6245346 read event=799 count=16384 submitted=13090816 read_us=276 tx_us=5607 ack_sample=0 fast_bytes=16384 slow_bytes=0 batches=194 queries=195
t=6251890 read event=800 count=16384 submitted=13107200 read_us=259 tx_us=6254 ack_sample=0 fast_bytes=16384 slow_bytes=0 batches=248 queries=249
t=6257587 read event=801 count=16384 submitted=13123584 read_us=259 tx_us=5334 ack_sample=0 fast_bytes=16384 slow_bytes=0 batches=170 queries=171
t=6262733 read event=802 count=16384 submitted=13139968 read_us=766 tx_us=4346 ack_sample=0 fast_bytes=16384 slow_bytes=0 batches=85 queries=86
t=6274306 read event=803 count=16384 submitted=13156352 read_us=274 tx_us=11258 ack_sample=0 fast_bytes=16370 slow_bytes=14 batches=662 queries=670
t=6282488 read event=804 count=16384 submitted=13172736 read_us=270 tx_us=7876 ack_sample=0 fast_bytes=16384 slow_bytes=0 batches=387 queries=388
t=6288293 read event=805 count=16384 submitted=13189120 read_us=292 tx_us=5369 ack_sample=0 fast_bytes=16384 slow_bytes=0 batches=173 queries=174
t=6294734 read event=806 count=16384 submitted=13205504 read_us=261 tx_us=6147 ack_sample=0 fast_bytes=16384 slow_bytes=0 batches=239 queries=240
t=6300143 read event=807 count=16384 submitted=13221888 read_us=263 tx_us=5113 ack_sample=0 fast_bytes=16384 slow_bytes=0 batches=151 queries=152
t=6305305 read event=808 count=16384 submitted=13238272 read_us=255 tx_us=4877 ack_sample=0 fast_bytes=16384 slow_bytes=0 batches=131 queries=132
t=6318087 read event=809 count=16384 submitted=13254656 read_us=263 tx_us=12417 ack_sample=0 fast_bytes=16368 slow_bytes=16 batches=765 queries=774
t=6324834 read event=810 count=16384 submitted=13271040 read_us=778 tx_us=5935 ack_sample=0 fast_bytes=16384 slow_bytes=0 batches=220 queries=221
t=6330687 read event=811 count=16384 submitted=13287424 read_us=368 tx_us=5432 ack_sample=0 fast_bytes=16384 slow_bytes=0 batches=178 queries=179
t=6337064 read event=812 count=16384 submitted=13303808 read_us=261 tx_us=6069 ack_sample=0 fast_bytes=16384 slow_bytes=0 batches=232 queries=233
t=6342348 read event=813 count=16384 submitted=13320192 read_us=270 tx_us=4861 ack_sample=0 fast_bytes=16384 slow_bytes=0 batches=129 queries=130
t=6347447 read event=814 count=16384 submitted=13336576 read_us=263 tx_us=4799 ack_sample=0 fast_bytes=16384 slow_bytes=0 batches=124 queries=125
t=6359982 read event=815 count=16384 submitted=13352960 read_us=282 tx_us=12220 ack_sample=0 fast_bytes=16364 slow_bytes=20 batches=747 queries=758
t=6366848 read event=816 count=16384 submitted=13369344 read_us=278 tx_us=6546 ack_sample=0 fast_bytes=16384 slow_bytes=0 batches=273 queries=274
t=6372510 read event=817 count=16384 submitted=13385728 read_us=268 tx_us=5278 ack_sample=0 fast_bytes=16384 slow_bytes=0 batches=165 queries=166
t=6378724 read event=818 count=16384 submitted=13402112 read_us=778 tx_us=5404 ack_sample=0 fast_bytes=16384 slow_bytes=0 batches=175 queries=176
t=6384183 read event=819 count=16384 submitted=13418496 read_us=324 tx_us=5095 ack_sample=0 fast_bytes=16384 slow_bytes=0 batches=145 queries=146
t=6389242 read event=820 count=16384 submitted=13434880 read_us=267 tx_us=4753 ack_sample=0 fast_bytes=16384 slow_bytes=0 batches=120 queries=121
t=6400654 read event=821 count=16384 submitted=13451264 read_us=271 tx_us=10997 ack_sample=0 fast_bytes=16360 slow_bytes=24 batches=641 queries=654
t=6408131 read event=822 count=16384 submitted=13467648 read_us=288 tx_us=7131 ack_sample=0 fast_bytes=16382 slow_bytes=2 batches=322 queries=324
t=6413787 read event=823 count=16384 submitted=13484032 read_us=260 tx_us=5355 ack_sample=0 fast_bytes=16384 slow_bytes=0 batches=170 queries=171
t=6419988 read event=824 count=16384 submitted=13500416 read_us=260 tx_us=5909 ack_sample=0 fast_bytes=16384 slow_bytes=0 batches=219 queries=220
t=6425493 read event=825 count=16384 submitted=13516800 read_us=263 tx_us=5139 ack_sample=0 fast_bytes=16384 slow_bytes=0 batches=153 queries=154
t=6430520 read event=826 count=16384 submitted=13533184 read_us=767 tx_us=4225 ack_sample=0 fast_bytes=16384 slow_bytes=0 batches=75 queries=76
t=6439144 read event=827 count=16384 submitted=13549568 read_us=288 tx_us=8299 ack_sample=0 fast_bytes=16360 slow_bytes=24 batches=405 queries=418
t=6449015 read event=828 count=16384 submitted=13565952 read_us=267 tx_us=9566 ack_sample=0 fast_bytes=16382 slow_bytes=2 batches=530 queries=532
t=6454665 read event=829 count=16384 submitted=13582336 read_us=267 tx_us=5233 ack_sample=0 fast_bytes=16384 slow_bytes=0 batches=161 queries=162
t=6460401 read event=830 count=16384 submitted=13598720 read_us=278 tx_us=5425 ack_sample=0 fast_bytes=16384 slow_bytes=0 batches=178 queries=179
t=6466159 read event=831 count=16384 submitted=13615104 read_us=262 tx_us=5465 ack_sample=0 fast_bytes=16384 slow_bytes=0 batches=180 queries=181
t=6471349 read event=832 count=16384 submitted=13631488 read_us=258 tx_us=4901 ack_sample=1 fast_bytes=16384 slow_bytes=0 batches=133 queries=134
t=6471377 profile_ack event=832 words=0 high_reads=0 low_reads=0 high_wait_words=0 low_wait_words=0 high_max_reads=0 low_max_reads=0 uninitialized=0
t=6476304 read event=833 count=16384 submitted=13647872 read_us=282 tx_us=4554 ack_sample=0 fast_bytes=16384 slow_bytes=0 batches=104 queries=105
t=6488285 read event=834 count=16384 submitted=13664256 read_us=763 tx_us=11185 ack_sample=0 fast_bytes=16374 slow_bytes=10 batches=658 queries=664
t=6494851 read event=835 count=16384 submitted=13680640 read_us=276 tx_us=6250 ack_sample=0 fast_bytes=16384 slow_bytes=0 batches=247 queries=248
t=6500249 read event=836 count=16384 submitted=13697024 read_us=262 tx_us=5102 ack_sample=0 fast_bytes=16384 slow_bytes=0 batches=150 queries=151
t=6506045 read event=837 count=16384 submitted=13713408 read_us=267 tx_us=5388 ack_sample=0 fast_bytes=16384 slow_bytes=0 batches=174 queries=175
t=6511614 read event=838 count=16384 submitted=13729792 read_us=265 tx_us=5270 ack_sample=0 fast_bytes=16384 slow_bytes=0 batches=163 queries=164
t=6516561 read event=839 count=16384 submitted=13746176 read_us=278 tx_us=4637 ack_sample=0 fast_bytes=16384 slow_bytes=0 batches=111 queries=112
t=6521503 read event=840 count=16384 submitted=13762560 read_us=273 tx_us=4637 ack_sample=0 fast_bytes=16384 slow_bytes=0 batches=111 queries=112
t=6533832 read event=841 count=16384 submitted=13778944 read_us=281 tx_us=11944 ack_sample=0 fast_bytes=16368 slow_bytes=16 batches=726 queries=735
t=6540019 read event=842 count=16384 submitted=13795328 read_us=771 tx_us=5377 ack_sample=0 fast_bytes=16384 slow_bytes=0 batches=173 queries=174
t=6545077 read event=843 count=16384 submitted=13811712 read_us=306 tx_us=4715 ack_sample=0 fast_bytes=16384 slow_bytes=0 batches=112 queries=113
t=6550669 read event=844 count=16384 submitted=13828096 read_us=272 tx_us=5281 ack_sample=0 fast_bytes=16384 slow_bytes=0 batches=165 queries=166
t=6556146 read event=845 count=16384 submitted=13844480 read_us=266 tx_us=5047 ack_sample=0 fast_bytes=16384 slow_bytes=0 batches=145 queries=146
t=6561055 read event=846 count=16384 submitted=13860864 read_us=263 tx_us=4611 ack_sample=0 fast_bytes=16384 slow_bytes=0 batches=108 queries=109
t=6565856 read event=847 count=16384 submitted=13877248 read_us=260 tx_us=4511 ack_sample=0 fast_bytes=16384 slow_bytes=0 batches=99 queries=100
t=6577772 read event=848 count=16384 submitted=13893632 read_us=259 tx_us=11623 ack_sample=0 fast_bytes=16362 slow_bytes=22 batches=695 queries=707
t=6583869 read event=849 count=16384 submitted=13910016 read_us=268 tx_us=5706 ack_sample=0 fast_bytes=16384 slow_bytes=0 batches=201 queries=202
t=6589015 read event=850 count=16384 submitted=13926400 read_us=760 tx_us=4350 ack_sample=0 fast_bytes=16384 slow_bytes=0 batches=85 queries=86
t=6594345 read event=851 count=16384 submitted=13942784 read_us=272 tx_us=5021 ack_sample=0 fast_bytes=16384 slow_bytes=0 batches=137 queries=138
t=6599820 read event=852 count=16384 submitted=13959168 read_us=266 tx_us=5172 ack_sample=0 fast_bytes=16384 slow_bytes=0 batches=155 queries=156
t=6604843 read event=853 count=16384 submitted=13975552 read_us=267 tx_us=4614 ack_sample=0 fast_bytes=16384 slow_bytes=0 batches=108 queries=109
t=6609512 read event=854 count=16384 submitted=13991936 read_us=262 tx_us=4374 ack_sample=0 fast_bytes=16384 slow_bytes=0 batches=87 queries=88
t=6619232 read event=855 count=16384 submitted=14008320 read_us=276 tx_us=9413 ack_sample=0 fast_bytes=16362 slow_bytes=22 batches=507 queries=519
t=6626688 read event=856 count=16384 submitted=14024704 read_us=264 tx_us=7159 ack_sample=0 fast_bytes=16384 slow_bytes=0 batches=326 queries=327
t=6632037 read event=857 count=16384 submitted=14041088 read_us=261 tx_us=4975 ack_sample=0 fast_bytes=16384 slow_bytes=0 batches=139 queries=140
t=6636996 read event=858 count=16384 submitted=14057472 read_us=764 tx_us=4162 ack_sample=0 fast_bytes=16384 slow_bytes=0 batches=70 queries=71
t=6642328 read event=859 count=16384 submitted=14073856 read_us=266 tx_us=5028 ack_sample=0 fast_bytes=16384 slow_bytes=0 batches=131 queries=132
t=6647489 read event=860 count=16384 submitted=14090240 read_us=276 tx_us=4845 ack_sample=0 fast_bytes=16384 slow_bytes=0 batches=128 queries=129
t=6652351 read event=861 count=16384 submitted=14106624 read_us=292 tx_us=4429 ack_sample=0 fast_bytes=16384 slow_bytes=0 batches=93 queries=94
t=6656997 read event=862 count=16384 submitted=14123008 read_us=266 tx_us=4344 ack_sample=0 fast_bytes=16384 slow_bytes=0 batches=85 queries=86
t=6667257 read event=863 count=16384 submitted=14139392 read_us=261 tx_us=9967 ack_sample=0 fast_bytes=16366 slow_bytes=18 batches=556 queries=566
t=6673681 read event=864 count=16384 submitted=14155776 read_us=260 tx_us=6131 ack_sample=0 fast_bytes=16384 slow_bytes=0 batches=238 queries=239
t=6678918 read event=865 count=16384 submitted=14172160 read_us=263 tx_us=4855 ack_sample=0 fast_bytes=16384 slow_bytes=0 batches=129 queries=130
t=6683626 read event=866 count=16384 submitted=14188544 read_us=790 tx_us=3884 ack_sample=0 fast_bytes=16384 slow_bytes=0 batches=47 queries=48
t=6688984 read event=867 count=16384 submitted=14204928 read_us=288 tx_us=5030 ack_sample=0 fast_bytes=16384 slow_bytes=0 batches=138 queries=139
t=6693936 read event=868 count=16384 submitted=14221312 read_us=270 tx_us=4643 ack_sample=0 fast_bytes=16384 slow_bytes=0 batches=110 queries=111
t=6698638 read event=869 count=16384 submitted=14237696 read_us=268 tx_us=4292 ack_sample=0 fast_bytes=16384 slow_bytes=0 batches=81 queries=82
t=6703275 read event=870 count=16384 submitted=14254080 read_us=280 tx_us=4324 ack_sample=0 fast_bytes=16384 slow_bytes=0 batches=84 queries=85
t=6710844 read event=871 count=16384 submitted=14270464 read_us=261 tx_us=7275 ack_sample=0 fast_bytes=16368 slow_bytes=16 batches=326 queries=335
t=6718513 read event=872 count=16384 submitted=14286848 read_us=260 tx_us=7375 ack_sample=0 fast_bytes=16382 slow_bytes=2 batches=343 queries=345
t=6724036 read event=873 count=16384 submitted=14303232 read_us=297 tx_us=5112 ack_sample=0 fast_bytes=16384 slow_bytes=0 batches=151 queries=152
t=6728874 read event=874 count=16384 submitted=14319616 read_us=779 tx_us=4024 ack_sample=0 fast_bytes=16384 slow_bytes=0 batches=58 queries=59
t=6733574 read event=875 count=16384 submitted=14336000 read_us=268 tx_us=4396 ack_sample=0 fast_bytes=16384 slow_bytes=0 batches=84 queries=85
t=6738726 read event=876 count=16384 submitted=14352384 read_us=292 tx_us=4822 ack_sample=0 fast_bytes=16384 slow_bytes=0 batches=126 queries=127
t=6743623 read event=877 count=16384 submitted=14368768 read_us=273 tx_us=4469 ack_sample=0 fast_bytes=16384 slow_bytes=0 batches=96 queries=97
t=6748094 read event=878 count=16384 submitted=14385152 read_us=285 tx_us=4149 ack_sample=0 fast_bytes=16384 slow_bytes=0 batches=69 queries=70
t=6752629 read event=879 count=16384 submitted=14401536 read_us=258 tx_us=4245 ack_sample=0 fast_bytes=16384 slow_bytes=0 batches=77 queries=78
t=6757220 read event=880 count=16384 submitted=14417920 read_us=280 tx_us=4277 ack_sample=0 fast_bytes=16384 slow_bytes=0 batches=80 queries=81
t=6766643 read event=881 count=16384 submitted=14434304 read_us=265 tx_us=9053 ack_sample=0 fast_bytes=16370 slow_bytes=14 batches=480 queries=488
t=6771932 read event=882 count=16384 submitted=14450688 read_us=789 tx_us=4466 ack_sample=0 fast_bytes=16384 slow_bytes=0 batches=95 queries=96
t=6776944 read event=883 count=16384 submitted=14467072 read_us=268 tx_us=4705 ack_sample=0 fast_bytes=16384 slow_bytes=0 batches=110 queries=111
t=6781403 read event=884 count=16384 submitted=14483456 read_us=267 tx_us=4154 ack_sample=0 fast_bytes=16384 slow_bytes=0 batches=69 queries=70
t=6786292 read event=885 count=16384 submitted=14499840 read_us=289 tx_us=4453 ack_sample=0 fast_bytes=16384 slow_bytes=0 batches=95 queries=96
t=6791224 read event=886 count=16384 submitted=14516224 read_us=264 tx_us=4633 ack_sample=0 fast_bytes=16384 slow_bytes=0 batches=110 queries=111
t=6795844 read event=887 count=16384 submitted=14532608 read_us=263 tx_us=4324 ack_sample=0 fast_bytes=16384 slow_bytes=0 batches=83 queries=84
t=6800200 read event=888 count=16384 submitted=14548992 read_us=257 tx_us=4067 ack_sample=0 fast_bytes=16384 slow_bytes=0 batches=62 queries=63
t=6804539 read event=889 count=16384 submitted=14565376 read_us=263 tx_us=3977 ack_sample=0 fast_bytes=16384 slow_bytes=0 batches=54 queries=55
t=6809013 read event=890 count=16384 submitted=14581760 read_us=766 tx_us=3676 ack_sample=0 fast_bytes=16384 slow_bytes=0 batches=27 queries=28
t=6817599 read event=891 count=16384 submitted=14598144 read_us=268 tx_us=8279 ack_sample=0 fast_bytes=16366 slow_bytes=18 batches=406 queries=416
t=6822701 read event=892 count=16384 submitted=14614528 read_us=288 tx_us=4775 ack_sample=0 fast_bytes=16384 slow_bytes=0 batches=123 queries=124
t=6827356 read event=893 count=16384 submitted=14630912 read_us=271 tx_us=4233 ack_sample=0 fast_bytes=16384 slow_bytes=0 batches=76 queries=77
t=6831919 read event=894 count=16384 submitted=14647296 read_us=266 tx_us=4261 ack_sample=0 fast_bytes=16384 slow_bytes=0 batches=78 queries=79
t=6836398 read event=895 count=16384 submitted=14663680 read_us=261 tx_us=4187 ack_sample=0 fast_bytes=16384 slow_bytes=0 batches=72 queries=73
t=6841038 read event=896 count=16384 submitted=14680064 read_us=258 tx_us=4351 ack_sample=1 fast_bytes=16384 slow_bytes=0 batches=86 queries=87
t=6841065 profile_ack event=896 words=0 high_reads=0 low_reads=0 high_wait_words=0 low_wait_words=0 high_max_reads=0 low_max_reads=0 uninitialized=0
t=6845915 read event=897 count=16384 submitted=14696448 read_us=266 tx_us=4496 ack_sample=0 fast_bytes=16384 slow_bytes=0 batches=98 queries=99
t=6850310 read event=898 count=16384 submitted=14712832 read_us=743 tx_us=3620 ack_sample=0 fast_bytes=16384 slow_bytes=0 batches=23 queries=24
t=6854593 read event=899 count=16384 submitted=14729216 read_us=266 tx_us=3981 ack_sample=0 fast_bytes=16384 slow_bytes=0 batches=48 queries=49
t=6858833 read event=900 count=16384 submitted=14745600 read_us=286 tx_us=3919 ack_sample=0 fast_bytes=16384 slow_bytes=0 batches=49 queries=50
t=6863140 read event=901 count=16384 submitted=14761984 read_us=271 tx_us=3895 ack_sample=0 fast_bytes=16384 slow_bytes=0 batches=47 queries=48
t=6878990 read event=902 count=16384 submitted=14778368 read_us=264 tx_us=15550 ack_sample=0 fast_bytes=16334 slow_bytes=50 batches=1016 queries=1042
t=6892336 read event=903 count=16384 submitted=14794752 read_us=259 tx_us=13055 ack_sample=0 fast_bytes=16376 slow_bytes=8 batches=825 queries=830
t=6903948 read event=904 count=16384 submitted=14811136 read_us=261 tx_us=11300 ack_sample=0 fast_bytes=16362 slow_bytes=22 batches=667 queries=679
t=6920958 read event=905 count=16384 submitted=14827520 read_us=265 tx_us=16631 ack_sample=0 fast_bytes=16360 slow_bytes=24 batches=1121 queries=1134
t=6930141 read event=906 count=16384 submitted=14843904 read_us=784 tx_us=8364 ack_sample=0 fast_bytes=16384 slow_bytes=0 batches=423 queries=424
t=6948733 read event=907 count=16384 submitted=14860288 read_us=273 tx_us=18277 ack_sample=0 fast_bytes=16328 slow_bytes=56 batches=1245 queries=1274
t=6960237 read event=908 count=16384 submitted=14876672 read_us=261 tx_us=11209 ack_sample=0 fast_bytes=16380 slow_bytes=4 batches=669 queries=672
t=6973732 read event=909 count=16384 submitted=14893056 read_us=272 tx_us=13078 ack_sample=0 fast_bytes=16360 slow_bytes=24 batches=817 queries=830
t=6989156 read event=910 count=16384 submitted=14909440 read_us=267 tx_us=15118 ack_sample=0 fast_bytes=16366 slow_bytes=18 batches=996 queries=1006
t=6997775 read event=911 count=16384 submitted=14925824 read_us=262 tx_us=8325 ack_sample=0 fast_bytes=16384 slow_bytes=0 batches=424 queries=425
t=7016941 read event=912 count=16384 submitted=14942208 read_us=259 tx_us=18877 ack_sample=0 fast_bytes=16342 slow_bytes=42 batches=1304 queries=1326
t=7028099 read event=913 count=16384 submitted=14958592 read_us=263 tx_us=10783 ack_sample=0 fast_bytes=16376 slow_bytes=8 batches=630 queries=635
t=7042002 read event=914 count=16384 submitted=14974976 read_us=769 tx_us=13100 ack_sample=0 fast_bytes=16348 slow_bytes=36 batches=808 queries=827
t=7057091 read event=915 count=16384 submitted=14991360 read_us=273 tx_us=14776 ack_sample=0 fast_bytes=16372 slow_bytes=12 batches=970 queries=977
t=7068557 read event=916 count=16384 submitted=15007744 read_us=263 tx_us=11169 ack_sample=0 fast_bytes=16356 slow_bytes=28 batches=653 queries=668
t=7083836 read event=917 count=16384 submitted=15024128 read_us=283 tx_us=14857 ack_sample=0 fast_bytes=16368 slow_bytes=16 batches=975 queries=984
t=7094685 read event=918 count=16384 submitted=15040512 read_us=266 tx_us=10547 ack_sample=0 fast_bytes=16380 slow_bytes=4 batches=613 queries=616
t=7107871 read event=919 count=16384 submitted=15056896 read_us=268 tx_us=12886 ack_sample=0 fast_bytes=16354 slow_bytes=30 batches=799 queries=815
t=7122327 read event=920 count=16384 submitted=15073280 read_us=259 tx_us=14166 ack_sample=0 fast_bytes=16366 slow_bytes=18 batches=914 queries=924
t=7131303 read event=921 count=16384 submitted=15089664 read_us=266 tx_us=8601 ack_sample=0 fast_bytes=16384 slow_bytes=0 batches=448 queries=449
t=7146561 read event=922 count=16384 submitted=15106048 read_us=779 tx_us=14444 ack_sample=0 fast_bytes=16344 slow_bytes=40 batches=921 queries=942
t=7159543 read event=923 count=16384 submitted=15122432 read_us=292 tx_us=12648 ack_sample=0 fast_bytes=16380 slow_bytes=4 batches=793 queries=796
t=7170409 read event=924 count=16384 submitted=15138816 read_us=278 tx_us=10555 ack_sample=0 fast_bytes=16366 slow_bytes=18 batches=607 queries=617
t=7183778 read event=925 count=16384 submitted=15155200 read_us=291 tx_us=12935 ack_sample=0 fast_bytes=16374 slow_bytes=10 batches=814 queries=820
t=7195198 read event=926 count=16384 submitted=15171584 read_us=267 tx_us=11116 ack_sample=0 fast_bytes=16372 slow_bytes=12 batches=657 queries=664
t=7205830 read event=927 count=16384 submitted=15187968 read_us=261 tx_us=10339 ack_sample=0 fast_bytes=16372 slow_bytes=12 batches=590 queries=597
t=7217867 read event=928 count=16384 submitted=15204352 read_us=256 tx_us=11747 ack_sample=0 fast_bytes=16370 slow_bytes=14 batches=709 queries=717
t=7229071 read event=929 count=16384 submitted=15220736 read_us=278 tx_us=10805 ack_sample=0 fast_bytes=16380 slow_bytes=4 batches=635 queries=638
t=7239941 read event=930 count=16384 submitted=15237120 read_us=792 tx_us=10043 ack_sample=0 fast_bytes=16372 slow_bytes=12 batches=560 queries=567
t=7250916 read event=931 count=16384 submitted=15253504 read_us=273 tx_us=10662 ack_sample=0 fast_bytes=16364 slow_bytes=20 batches=614 queries=625
t=7260467 read event=932 count=16384 submitted=15269888 read_us=262 tx_us=9241 ack_sample=0 fast_bytes=16382 slow_bytes=2 batches=502 queries=504
t=7268511 read event=933 count=16384 submitted=15286272 read_us=288 tx_us=7606 ack_sample=0 fast_bytes=16382 slow_bytes=2 batches=363 queries=365
t=7280838 read event=934 count=16384 submitted=15302656 read_us=280 tx_us=12010 ack_sample=0 fast_bytes=16356 slow_bytes=28 batches=725 queries=740
t=7289981 read event=935 count=16384 submitted=15319040 read_us=258 tx_us=8854 ack_sample=0 fast_bytes=16376 slow_bytes=8 batches=466 queries=471
t=7298374 read event=936 count=16384 submitted=15335424 read_us=256 tx_us=8105 ack_sample=0 fast_bytes=16380 slow_bytes=4 batches=404 queries=407
t=7306136 read event=937 count=16384 submitted=15351808 read_us=284 tx_us=7375 ack_sample=0 fast_bytes=16384 slow_bytes=0 batches=344 queries=345
t=7318795 read event=938 count=16384 submitted=15368192 read_us=766 tx_us=11857 ack_sample=0 fast_bytes=16356 slow_bytes=28 batches=705 queries=720
t=7327257 read event=939 count=16384 submitted=15384576 read_us=273 tx_us=8148 ack_sample=0 fast_bytes=16382 slow_bytes=2 batches=409 queries=411
t=7335043 read event=940 count=16384 submitted=15400960 read_us=263 tx_us=7486 ack_sample=0 fast_bytes=16384 slow_bytes=0 batches=353 queries=354
t=7343264 read event=941 count=16384 submitted=15417344 read_us=268 tx_us=7814 ack_sample=0 fast_bytes=16382 slow_bytes=2 batches=380 queries=382
t=7355561 read event=942 count=16384 submitted=15433728 read_us=266 tx_us=11994 ack_sample=0 fast_bytes=16356 slow_bytes=28 batches=724 queries=739
t=7364584 read event=943 count=16384 submitted=15450112 read_us=279 tx_us=8713 ack_sample=0 fast_bytes=16384 slow_bytes=0 batches=459 queries=460
t=7372776 read event=944 count=16384 submitted=15466496 read_us=270 tx_us=7891 ack_sample=0 fast_bytes=16384 slow_bytes=0 batches=388 queries=389
t=7380656 read event=945 count=16384 submitted=15482880 read_us=263 tx_us=7507 ack_sample=0 fast_bytes=16380 slow_bytes=4 batches=353 queries=356
t=7393298 read event=946 count=16384 submitted=15499264 read_us=772 tx_us=11831 ack_sample=0 fast_bytes=16354 slow_bytes=30 batches=703 queries=719
t=7401631 read event=947 count=16384 submitted=15515648 read_us=276 tx_us=8016 ack_sample=0 fast_bytes=16374 slow_bytes=10 batches=393 queries=399
t=7409521 read event=948 count=16384 submitted=15532032 read_us=280 tx_us=7577 ack_sample=0 fast_bytes=16382 slow_bytes=2 batches=360 queries=362
t=7417339 read event=949 count=16384 submitted=15548416 read_us=290 tx_us=7383 ack_sample=0 fast_bytes=16384 slow_bytes=0 batches=345 queries=346
t=7429638 read event=950 count=16384 submitted=15564800 read_us=265 tx_us=11999 ack_sample=0 fast_bytes=16358 slow_bytes=26 batches=725 queries=739
t=7438785 read event=951 count=16384 submitted=15581184 read_us=280 tx_us=8833 ack_sample=0 fast_bytes=16368 slow_bytes=16 batches=460 queries=469
t=7447377 read event=952 count=16384 submitted=15597568 read_us=258 tx_us=8302 ack_sample=0 fast_bytes=16382 slow_bytes=2 batches=422 queries=424
t=7455218 read event=953 count=16384 submitted=15613952 read_us=285 tx_us=7454 ack_sample=0 fast_bytes=16384 slow_bytes=0 batches=351 queries=352
t=7467801 read event=954 count=16384 submitted=15630336 read_us=783 tx_us=11767 ack_sample=0 fast_bytes=16356 slow_bytes=28 batches=698 queries=713
t=7476853 read event=955 count=16384 submitted=15646720 read_us=274 tx_us=8737 ack_sample=0 fast_bytes=16380 slow_bytes=4 batches=458 queries=461
t=7485608 read event=956 count=16384 submitted=15663104 read_us=263 tx_us=8459 ack_sample=0 fast_bytes=16380 slow_bytes=4 batches=434 queries=437
t=7493545 read event=957 count=16384 submitted=15679488 read_us=271 tx_us=7503 ack_sample=0 fast_bytes=16384 slow_bytes=0 batches=355 queries=356
t=7507737 read event=958 count=16384 submitted=15695872 read_us=285 tx_us=13873 ack_sample=0 fast_bytes=16360 slow_bytes=24 batches=887 queries=900
t=7516572 read event=959 count=16384 submitted=15712256 read_us=258 tx_us=8544 ack_sample=0 fast_bytes=16382 slow_bytes=2 batches=442 queries=444
t=7525184 read event=960 count=16384 submitted=15728640 read_us=278 tx_us=8289 ack_sample=1 fast_bytes=16382 slow_bytes=2 batches=421 queries=423
t=7525213 profile_ack event=960 words=1 high_reads=2 low_reads=2 high_wait_words=1 low_wait_words=1 high_max_reads=2 low_max_reads=2 uninitialized=0
t=7535756 read event=961 count=16384 submitted=15745024 read_us=269 tx_us=10181 ack_sample=0 fast_bytes=16362 slow_bytes=22 batches=567 queries=579
t=7547731 read event=962 count=16384 submitted=15761408 read_us=804 tx_us=11119 ack_sample=0 fast_bytes=16364 slow_bytes=20 batches=641 queries=652
t=7556609 read event=963 count=16384 submitted=15777792 read_us=291 tx_us=8539 ack_sample=0 fast_bytes=16380 slow_bytes=4 batches=439 queries=442
t=7565061 read event=964 count=16384 submitted=15794176 read_us=291 tx_us=8126 ack_sample=0 fast_bytes=16382 slow_bytes=2 batches=407 queries=409
t=7579702 read event=965 count=16384 submitted=15810560 read_us=286 tx_us=14068 ack_sample=0 fast_bytes=16350 slow_bytes=34 batches=894 queries=912
t=7589102 read event=966 count=16384 submitted=15826944 read_us=273 tx_us=9077 ack_sample=0 fast_bytes=16380 slow_bytes=4 batches=487 queries=490
t=7597934 read event=967 count=16384 submitted=15843328 read_us=266 tx_us=8531 ack_sample=0 fast_bytes=16382 slow_bytes=2 batches=441 queries=443
t=7610783 read event=968 count=16384 submitted=15859712 read_us=261 tx_us=12554 ack_sample=0 fast_bytes=16358 slow_bytes=26 batches=771 queries=785
t=7622066 read event=969 count=16384 submitted=15876096 read_us=268 tx_us=10895 ack_sample=0 fast_bytes=16380 slow_bytes=4 batches=642 queries=645
t=7631214 read event=970 count=16384 submitted=15892480 read_us=887 tx_us=8226 ack_sample=0 fast_bytes=16384 slow_bytes=0 batches=410 queries=411
t=7642240 read event=971 count=16384 submitted=15908864 read_us=289 tx_us=10692 ack_sample=0 fast_bytes=16368 slow_bytes=16 batches=618 queries=627
t=7655534 read event=972 count=16384 submitted=15925248 read_us=268 tx_us=12992 ack_sample=0 fast_bytes=16372 slow_bytes=12 batches=818 queries=825
t=7664513 read event=973 count=16384 submitted=15941632 read_us=290 tx_us=8541 ack_sample=0 fast_bytes=16384 slow_bytes=0 batches=438 queries=439
t=7672560 read event=974 count=16384 submitted=15958016 read_us=282 tx_us=7727 ack_sample=0 fast_bytes=16384 slow_bytes=0 batches=374 queries=375
t=7688754 read event=975 count=16384 submitted=15974400 read_us=277 tx_us=15882 ack_sample=0 fast_bytes=16356 slow_bytes=28 batches=1056 queries=1071
t=7698210 read event=976 count=16384 submitted=15990784 read_us=262 tx_us=9158 ack_sample=0 fast_bytes=16384 slow_bytes=0 batches=496 queries=497
t=7706335 read event=977 count=16384 submitted=16007168 read_us=267 tx_us=7747 ack_sample=0 fast_bytes=16382 slow_bytes=2 batches=374 queries=376
t=7721762 read event=978 count=16384 submitted=16023552 read_us=784 tx_us=14609 ack_sample=0 fast_bytes=16348 slow_bytes=36 batches=935 queries=954
t=7731863 read event=979 count=16384 submitted=16039936 read_us=277 tx_us=9781 ack_sample=0 fast_bytes=16382 slow_bytes=2 batches=545 queries=547
t=7740347 read event=980 count=16384 submitted=16056320 read_us=267 tx_us=8182 ack_sample=0 fast_bytes=16384 slow_bytes=0 batches=413 queries=414
t=7740376 profile_poll polls=832 elapsed_us=42062 interval_us=42640 chunks=4
t=7755132 read event=981 count=16384 submitted=16072704 read_us=289 tx_us=14327 ack_sample=0 fast_bytes=16344 slow_bytes=40 batches=917 queries=938
t=7765677 read event=982 count=16384 submitted=16089088 read_us=262 tx_us=10247 ack_sample=0 fast_bytes=16382 slow_bytes=2 batches=588 queries=590
t=7774514 read event=983 count=16384 submitted=16105472 read_us=271 tx_us=8533 ack_sample=0 fast_bytes=16384 slow_bytes=0 batches=443 queries=444
t=7787883 read event=984 count=16384 submitted=16121856 read_us=273 tx_us=13064 ack_sample=0 fast_bytes=16356 slow_bytes=28 batches=815 queries=830
t=7799505 read event=985 count=16384 submitted=16138240 read_us=264 tx_us=11256 ack_sample=0 fast_bytes=16378 slow_bytes=6 batches=672 queries=676
t=7808686 read event=986 count=16384 submitted=16154624 read_us=774 tx_us=8356 ack_sample=0 fast_bytes=16382 slow_bytes=2 batches=421 queries=423
t=7819880 read event=987 count=16384 submitted=16171008 read_us=272 tx_us=10858 ack_sample=0 fast_bytes=16358 slow_bytes=26 batches=627 queries=641
t=7833058 read event=988 count=16384 submitted=16187392 read_us=264 tx_us=12879 ack_sample=0 fast_bytes=16378 slow_bytes=6 batches=811 queries=815
t=7842644 read event=989 count=16384 submitted=16203776 read_us=271 tx_us=9171 ack_sample=0 fast_bytes=16384 slow_bytes=0 batches=497 queries=498
t=7853245 read event=990 count=16384 submitted=16220160 read_us=278 tx_us=10287 ack_sample=0 fast_bytes=16366 slow_bytes=18 batches=583 queries=593
t=7866512 read event=991 count=16384 submitted=16236544 read_us=258 tx_us=12976 ack_sample=0 fast_bytes=16366 slow_bytes=18 batches=813 queries=823
t=7876050 read event=992 count=16384 submitted=16252928 read_us=273 tx_us=9235 ack_sample=0 fast_bytes=16384 slow_bytes=0 batches=503 queries=504
t=7883884 read event=993 count=16384 submitted=16269312 read_us=266 tx_us=7456 ack_sample=0 fast_bytes=16382 slow_bytes=2 batches=349 queries=351
t=7899660 read event=994 count=16384 submitted=16285696 read_us=748 tx_us=14990 ack_sample=0 fast_bytes=16360 slow_bytes=24 batches=976 queries=989
t=7908408 read event=995 count=16384 submitted=16302080 read_us=289 tx_us=8417 ack_sample=0 fast_bytes=16382 slow_bytes=2 batches=432 queries=434
t=7917709 read event=996 count=16384 submitted=16318464 read_us=259 tx_us=9008 ack_sample=0 fast_bytes=16382 slow_bytes=2 batches=481 queries=483
t=7932308 read event=997 count=16384 submitted=16334848 read_us=269 tx_us=14182 ack_sample=0 fast_bytes=16354 slow_bytes=30 batches=910 queries=926
t=7941671 read event=998 count=16384 submitted=16351232 read_us=261 tx_us=9066 ack_sample=0 fast_bytes=16382 slow_bytes=2 batches=487 queries=489
t=7950923 read event=999 count=16384 submitted=16367616 read_us=271 tx_us=8947 ack_sample=0 fast_bytes=16380 slow_bytes=4 batches=476 queries=479
t=7964267 read event=1000 count=16384 submitted=16384000 read_us=260 tx_us=13053 ack_sample=0 fast_bytes=16348 slow_bytes=36 batches=810 queries=829
t=7974348 read event=1001 count=16384 submitted=16400384 read_us=267 tx_us=9709 ack_sample=0 fast_bytes=16380 slow_bytes=4 batches=540 queries=543
t=7983472 read event=1002 count=16384 submitted=16416768 read_us=765 tx_us=8325 ack_sample=0 fast_bytes=16384 slow_bytes=0 batches=419 queries=420
t=7994481 read event=1003 count=16384 submitted=16433152 read_us=296 tx_us=10671 ack_sample=0 fast_bytes=16364 slow_bytes=20 batches=615 queries=626
t=8006614 read event=1004 count=16384 submitted=16449536 read_us=277 tx_us=11822 ack_sample=0 fast_bytes=16366 slow_bytes=18 batches=715 queries=725
t=8014945 read event=1005 count=16384 submitted=16465920 read_us=271 tx_us=7897 ack_sample=0 fast_bytes=16382 slow_bytes=2 batches=386 queries=388
t=8023891 read event=1006 count=16384 submitted=16482304 read_us=262 tx_us=8648 ack_sample=0 fast_bytes=16382 slow_bytes=2 batches=451 queries=453
t=8038436 read event=1007 count=16384 submitted=16498688 read_us=255 tx_us=14257 ack_sample=0 fast_bytes=16348 slow_bytes=36 batches=913 queries=932
t=8047982 read event=1008 count=16384 submitted=16515072 read_us=275 tx_us=9237 ack_sample=0 fast_bytes=16380 slow_bytes=4 batches=501 queries=504
t=8056670 read event=1009 count=16384 submitted=16531456 read_us=266 tx_us=8316 ack_sample=0 fast_bytes=16382 slow_bytes=2 batches=423 queries=425
t=8068213 read event=1010 count=16384 submitted=16547840 read_us=780 tx_us=10731 ack_sample=0 fast_bytes=16366 slow_bytes=18 batches=615 queries=625
t=8080340 read event=1011 count=16384 submitted=16564224 read_us=271 tx_us=11814 ack_sample=0 fast_bytes=16362 slow_bytes=22 batches=711 queries=723
t=8088616 read event=1012 count=16384 submitted=16580608 read_us=264 tx_us=7978 ack_sample=0 fast_bytes=16382 slow_bytes=2 batches=394 queries=396
t=8096987 read event=1013 count=16384 submitted=16596992 read_us=268 tx_us=7948 ack_sample=0 fast_bytes=16380 slow_bytes=4 batches=390 queries=393
t=8112228 read event=1014 count=16384 submitted=16613376 read_us=265 tx_us=14927 ack_sample=0 fast_bytes=16350 slow_bytes=34 batches=970 queries=988
t=8120874 read event=1015 count=16384 submitted=16629760 read_us=258 tx_us=8354 ack_sample=0 fast_bytes=16382 slow_bytes=2 batches=426 queries=428
t=8129693 read event=1016 count=16384 submitted=16646144 read_us=262 tx_us=8525 ack_sample=0 fast_bytes=16380 slow_bytes=4 batches=440 queries=443
t=8143003 read event=1017 count=16384 submitted=16662528 read_us=266 tx_us=12920 ack_sample=0 fast_bytes=16364 slow_bytes=20 batches=807 queries=818
t=8153707 read event=1018 count=16384 submitted=16678912 read_us=776 tx_us=9893 ack_sample=0 fast_bytes=16378 slow_bytes=6 batches=550 queries=554
t=8162504 read event=1019 count=16384 submitted=16695296 read_us=276 tx_us=8470 ack_sample=0 fast_bytes=16380 slow_bytes=4 batches=435 queries=438
t=8173496 read event=1020 count=16384 submitted=16711680 read_us=279 tx_us=10680 ack_sample=0 fast_bytes=16366 slow_bytes=18 batches=617 queries=627
t=8185979 read event=1021 count=16384 submitted=16728064 read_us=290 tx_us=12055 ack_sample=0 fast_bytes=16356 slow_bytes=28 batches=729 queries=744
t=8194558 read event=1022 count=16384 submitted=16744448 read_us=264 tx_us=8279 ack_sample=0 fast_bytes=16384 slow_bytes=0 batches=421 queries=422
t=8203438 read event=1023 count=16384 submitted=16760832 read_us=278 tx_us=8567 ack_sample=0 fast_bytes=16384 slow_bytes=0 batches=446 queries=447
t=8217975 read event=1024 count=16384 submitted=16777216 read_us=274 tx_us=14232 ack_sample=1 fast_bytes=16356 slow_bytes=28 batches=914 queries=929
t=8218005 profile_ack event=1024 words=14 high_reads=28 low_reads=28 high_wait_words=14 low_wait_words=14 high_max_reads=2 low_max_reads=2 uninitialized=0
t=8227438 read event=1025 count=16384 submitted=16793600 read_us=271 tx_us=9068 ack_sample=0 fast_bytes=16380 slow_bytes=4 batches=486 queries=489
t=8236330 read event=1026 count=16384 submitted=16809984 read_us=773 tx_us=8083 ack_sample=0 fast_bytes=16382 slow_bytes=2 batches=397 queries=399
t=8249269 read event=1027 count=16384 submitted=16826368 read_us=272 tx_us=12627 ack_sample=0 fast_bytes=16356 slow_bytes=28 batches=777 queries=792
t=8260405 read event=1028 count=16384 submitted=16842752 read_us=265 tx_us=10838 ack_sample=0 fast_bytes=16378 slow_bytes=6 batches=637 queries=641
t=8269393 read event=1029 count=16384 submitted=16859136 read_us=295 tx_us=8534 ack_sample=0 fast_bytes=16380 slow_bytes=4 batches=441 queries=444
t=8280453 read event=1030 count=16384 submitted=16875520 read_us=262 tx_us=10762 ack_sample=0 fast_bytes=16362 slow_bytes=22 batches=621 queries=633
t=8293390 read event=1031 count=16384 submitted=16891904 read_us=279 tx_us=12628 ack_sample=0 fast_bytes=16366 slow_bytes=18 batches=784 queries=794
t=8302325 read event=1032 count=16384 submitted=16908288 read_us=260 tx_us=8645 ack_sample=0 fast_bytes=16384 slow_bytes=0 batches=452 queries=453
t=8310784 read event=1033 count=16384 submitted=16924672 read_us=264 tx_us=8090 ack_sample=0 fast_bytes=16384 slow_bytes=0 batches=403 queries=404
t=8326620 read event=1034 count=16384 submitted=16941056 read_us=768 tx_us=15031 ack_sample=0 fast_bytes=16352 slow_bytes=32 batches=975 queries=992
t=8335628 read event=1035 count=16384 submitted=16957440 read_us=290 tx_us=8679 ack_sample=0 fast_bytes=16382 slow_bytes=2 batches=454 queries=456
t=8344844 read event=1036 count=16384 submitted=16973824 read_us=280 tx_us=8902 ack_sample=0 fast_bytes=16382 slow_bytes=2 batches=473 queries=475
t=8360133 read event=1037 count=16384 submitted=16990208 read_us=270 tx_us=14880 ack_sample=0 fast_bytes=16354 slow_bytes=30 batches=969 queries=985
t=8369818 read event=1038 count=16384 submitted=17006592 read_us=265 tx_us=9385 ack_sample=0 fast_bytes=16384 slow_bytes=0 batches=515 queries=516
t=8378904 read event=1039 count=16384 submitted=17022976 read_us=256 tx_us=8798 ack_sample=0 fast_bytes=16382 slow_bytes=2 batches=464 queries=466
t=8394034 read event=1040 count=16384 submitted=17039360 read_us=262 tx_us=14837 ack_sample=0 fast_bytes=16362 slow_bytes=22 batches=970 queries=982
t=8403972 read event=1041 count=16384 submitted=17055744 read_us=264 tx_us=9549 ack_sample=0 fast_bytes=16384 slow_bytes=0 batches=529 queries=530
t=8413382 read event=1042 count=16384 submitted=17072128 read_us=777 tx_us=8598 ack_sample=0 fast_bytes=16384 slow_bytes=0 batches=441 queries=442
t=8428665 read event=1043 count=16384 submitted=17088512 read_us=277 tx_us=14965 ack_sample=0 fast_bytes=16342 slow_bytes=42 batches=970 queries=992
t=8438706 read event=1044 count=16384 submitted=17104896 read_us=277 tx_us=9728 ack_sample=0 fast_bytes=16382 slow_bytes=2 batches=544 queries=546
t=8448093 read event=1045 count=16384 submitted=17121280 read_us=271 tx_us=8966 ack_sample=0 fast_bytes=16382 slow_bytes=2 batches=478 queries=480
t=8463448 read event=1046 count=16384 submitted=17137664 read_us=264 tx_us=15057 ack_sample=0 fast_bytes=16350 slow_bytes=34 batches=982 queries=1000
t=8473499 read event=1047 count=16384 submitted=17154048 read_us=280 tx_us=9737 ack_sample=0 fast_bytes=16382 slow_bytes=2 batches=545 queries=547
t=8482916 read event=1048 count=16384 submitted=17170432 read_us=275 tx_us=9113 ack_sample=0 fast_bytes=16380 slow_bytes=4 batches=490 queries=493
t=8498263 read event=1049 count=16384 submitted=17186816 read_us=264 tx_us=14978 ack_sample=0 fast_bytes=16350 slow_bytes=34 batches=975 queries=993
t=8507969 read event=1050 count=16384 submitted=17203200 read_us=768 tx_us=8903 ack_sample=0 fast_bytes=16384 slow_bytes=0 batches=468 queries=469
t=8517002 read event=1051 count=16384 submitted=17219584 read_us=271 tx_us=8723 ack_sample=0 fast_bytes=16382 slow_bytes=2 batches=456 queries=458
t=8531553 read event=1052 count=16384 submitted=17235968 read_us=266 tx_us=14250 ack_sample=0 fast_bytes=16348 slow_bytes=36 batches=912 queries=931
t=8541877 read event=1053 count=16384 submitted=17252352 read_us=295 tx_us=9877 ack_sample=0 fast_bytes=16382 slow_bytes=2 batches=556 queries=558
t=8550644 read event=1054 count=16384 submitted=17268736 read_us=263 tx_us=8469 ack_sample=0 fast_bytes=16376 slow_bytes=8 batches=433 queries=438
t=8562281 read event=1055 count=16384 submitted=17285120 read_us=274 tx_us=11331 ack_sample=0 fast_bytes=16364 slow_bytes=20 batches=671 queries=682
t=8575283 read event=1056 count=16384 submitted=17301504 read_us=264 tx_us=12706 ack_sample=0 fast_bytes=16364 slow_bytes=20 batches=789 queries=800
t=8583763 read event=1057 count=16384 submitted=17317888 read_us=265 tx_us=8112 ack_sample=0 fast_bytes=16384 slow_bytes=0 batches=406 queries=407
t=8594998 read event=1058 count=16384 submitted=17334272 read_us=758 tx_us=10442 ack_sample=0 fast_bytes=16370 slow_bytes=14 batches=592 queries=600
t=8608017 read event=1059 count=16384 submitted=17350656 read_us=276 tx_us=12702 ack_sample=0 fast_bytes=16360 slow_bytes=24 batches=786 queries=799
t=8616190 read event=1060 count=16384 submitted=17367040 read_us=265 tx_us=7875 ack_sample=0 fast_bytes=16380 slow_bytes=4 batches=383 queries=386
t=8624802 read event=1061 count=16384 submitted=17383424 read_us=274 tx_us=8196 ack_sample=0 fast_bytes=16384 slow_bytes=0 batches=413 queries=414
t=8639723 read event=1062 count=16384 submitted=17399808 read_us=266 tx_us=14618 ack_sample=0 fast_bytes=16356 slow_bytes=28 batches=947 queries=962
t=8648575 read event=1063 count=16384 submitted=17416192 read_us=262 tx_us=8558 ack_sample=0 fast_bytes=16382 slow_bytes=2 batches=444 queries=446
t=8657143 read event=1064 count=16384 submitted=17432576 read_us=281 tx_us=8255 ack_sample=0 fast_bytes=16382 slow_bytes=2 batches=418 queries=420
t=8668050 read event=1065 count=16384 submitted=17448960 read_us=267 tx_us=10526 ack_sample=0 fast_bytes=16368 slow_bytes=16 batches=604 queries=613
t=8680022 read event=1066 count=16384 submitted=17465344 read_us=776 tx_us=11161 ack_sample=0 fast_bytes=16368 slow_bytes=16 batches=653 queries=662
t=8688127 read event=1067 count=16384 submitted=17481728 read_us=273 tx_us=7790 ack_sample=0 fast_bytes=16384 slow_bytes=0 batches=373 queries=374
t=8697331 read event=1068 count=16384 submitted=17498112 read_us=271 tx_us=8883 ack_sample=0 fast_bytes=16384 slow_bytes=0 batches=472 queries=473
t=8711807 read event=1069 count=16384 submitted=17514496 read_us=297 tx_us=14033 ack_sample=0 fast_bytes=16350 slow_bytes=34 batches=894 queries=912
t=8720470 read event=1070 count=16384 submitted=17530880 read_us=261 tx_us=8364 ack_sample=0 fast_bytes=16382 slow_bytes=2 batches=427 queries=429
t=8729141 read event=1071 count=16384 submitted=17547264 read_us=278 tx_us=8361 ack_sample=0 fast_bytes=16382 slow_bytes=2 batches=427 queries=429
t=8739947 read event=1072 count=16384 submitted=17563648 read_us=262 tx_us=10512 ack_sample=0 fast_bytes=16366 slow_bytes=18 batches=602 queries=612
t=8751993 read event=1073 count=16384 submitted=17580032 read_us=266 tx_us=11675 ack_sample=0 fast_bytes=16370 slow_bytes=14 batches=700 queries=708
t=8759829 read event=1074 count=16384 submitted=17596416 read_us=768 tx_us=7028 ack_sample=0 fast_bytes=16384 slow_bytes=0 batches=310 queries=311
t=8768211 read event=1075 count=16384 submitted=17612800 read_us=321 tx_us=8006 ack_sample=0 fast_bytes=16382 slow_bytes=2 batches=396 queries=398
t=8781874 read event=1076 count=16384 submitted=17629184 read_us=267 tx_us=13361 ack_sample=0 fast_bytes=16346 slow_bytes=38 batches=835 queries=855
t=8791121 read event=1077 count=16384 submitted=17645568 read_us=271 tx_us=8817 ack_sample=0 fast_bytes=16384 slow_bytes=0 batches=467 queries=468
t=8799524 read event=1078 count=16384 submitted=17661952 read_us=262 tx_us=8104 ack_sample=0 fast_bytes=16380 slow_bytes=4 batches=404 queries=407
t=8808766 read event=1079 count=16384 submitted=17678336 read_us=281 tx_us=8929 ack_sample=0 fast_bytes=16374 slow_bytes=10 batches=470 queries=476
t=8822204 read event=1080 count=16384 submitted=17694720 read_us=263 tx_us=13144 ack_sample=0 fast_bytes=16354 slow_bytes=30 batches=821 queries=837
t=8830189 read event=1081 count=16384 submitted=17711104 read_us=267 tx_us=7613 ack_sample=0 fast_bytes=16384 slow_bytes=0 batches=364 queries=365
t=8839581 read event=1082 count=16384 submitted=17727488 read_us=821 tx_us=8536 ack_sample=0 fast_bytes=16382 slow_bytes=2 batches=436 queries=438
t=8852078 read event=1083 count=16384 submitted=17743872 read_us=292 tx_us=12165 ack_sample=0 fast_bytes=16352 slow_bytes=32 batches=736 queries=753
t=8861458 read event=1084 count=16384 submitted=17760256 read_us=267 tx_us=9078 ack_sample=0 fast_bytes=16378 slow_bytes=6 batches=486 queries=490
t=8870669 read event=1085 count=16384 submitted=17776640 read_us=289 tx_us=8780 ack_sample=0 fast_bytes=16382 slow_bytes=2 batches=463 queries=465
t=8879163 read event=1086 count=16384 submitted=17793024 read_us=273 tx_us=8184 ack_sample=0 fast_bytes=16384 slow_bytes=0 batches=413 queries=414
t=8892989 read event=1087 count=16384 submitted=17809408 read_us=260 tx_us=13536 ack_sample=0 fast_bytes=16352 slow_bytes=32 batches=853 queries=870
t=8902010 read event=1088 count=16384 submitted=17825792 read_us=261 tx_us=8729 ack_sample=1 fast_bytes=16384 slow_bytes=0 batches=459 queries=460
t=8902035 profile_ack event=1088 words=0 high_reads=0 low_reads=0 high_wait_words=0 low_wait_words=0 high_max_reads=0 low_max_reads=0 uninitialized=0
t=8911575 read event=1089 count=16384 submitted=17842176 read_us=264 tx_us=9177 ack_sample=0 fast_bytes=16382 slow_bytes=2 batches=495 queries=497
t=8924926 read event=1090 count=16384 submitted=17858560 read_us=775 tx_us=12541 ack_sample=0 fast_bytes=16352 slow_bytes=32 batches=762 queries=779
t=8934278 read event=1091 count=16384 submitted=17874944 read_us=273 tx_us=9040 ack_sample=0 fast_bytes=16384 slow_bytes=0 batches=486 queries=487
t=8942588 read event=1092 count=16384 submitted=17891328 read_us=264 tx_us=8013 ack_sample=0 fast_bytes=16380 slow_bytes=4 batches=396 queries=399
t=8951133 read event=1093 count=16384 submitted=17907712 read_us=274 tx_us=8111 ack_sample=0 fast_bytes=16380 slow_bytes=4 batches=404 queries=407
t=8966259 read event=1094 count=16384 submitted=17924096 read_us=260 tx_us=14830 ack_sample=0 fast_bytes=16354 slow_bytes=30 batches=965 queries=981
t=8974557 read event=1095 count=16384 submitted=17940480 read_us=264 tx_us=7986 ack_sample=0 fast_bytes=16380 slow_bytes=4 batches=393 queries=396
t=8982846 read event=1096 count=16384 submitted=17956864 read_us=282 tx_us=7974 ack_sample=0 fast_bytes=16384 slow_bytes=0 batches=395 queries=396
t=8995069 read event=1097 count=16384 submitted=17973248 read_us=267 tx_us=11851 ack_sample=0 fast_bytes=16360 slow_bytes=24 batches=713 queries=726
t=9006295 read event=1098 count=16384 submitted=17989632 read_us=775 tx_us=10416 ack_sample=0 fast_bytes=16376 slow_bytes=8 batches=594 queries=599
t=9014267 read event=1099 count=16384 submitted=18006016 read_us=274 tx_us=7658 ack_sample=0 fast_bytes=16382 slow_bytes=2 batches=365 queries=367
t=9022944 read event=1100 count=16384 submitted=18022400 read_us=266 tx_us=8377 ack_sample=0 fast_bytes=16384 slow_bytes=0 batches=429 queries=430
t=9037440 read event=1101 count=16384 submitted=18038784 read_us=271 tx_us=14079 ack_sample=0 fast_bytes=16334 slow_bytes=50 batches=890 queries=916
t=9045812 read event=1102 count=16384 submitted=18055168 read_us=280 tx_us=8058 ack_sample=0 fast_bytes=16384 slow_bytes=0 batches=402 queries=403
t=9055468 read event=1103 count=16384 submitted=18071552 read_us=263 tx_us=9361 ack_sample=0 fast_bytes=16376 slow_bytes=8 batches=509 queries=514
t=9068029 read event=1104 count=16384 submitted=18087936 read_us=277 tx_us=12253 ack_sample=0 fast_bytes=16350 slow_bytes=34 batches=743 queries=761
t=9077388 read event=1105 count=16384 submitted=18104320 read_us=265 tx_us=8987 ack_sample=0 fast_bytes=16374 slow_bytes=10 batches=476 queries=482
t=9086706 read event=1106 count=16384 submitted=18120704 read_us=771 tx_us=8511 ack_sample=0 fast_bytes=16380 slow_bytes=4 batches=433 queries=436
t=9095259 read event=1107 count=16384 submitted=18137088 read_us=277 tx_us=8226 ack_sample=0 fast_bytes=16384 slow_bytes=0 batches=416 queries=417
t=9109661 read event=1108 count=16384 submitted=18153472 read_us=271 tx_us=14096 ack_sample=0 fast_bytes=16350 slow_bytes=34 batches=899 queries=917
t=9119460 read event=1109 count=16384 submitted=18169856 read_us=269 tx_us=9378 ack_sample=0 fast_bytes=16384 slow_bytes=0 batches=515 queries=516
t=9128894 read event=1110 count=16384 submitted=18186240 read_us=280 tx_us=9119 ack_sample=0 fast_bytes=16382 slow_bytes=2 batches=492 queries=494
t=9143263 read event=1111 count=16384 submitted=18202624 read_us=258 tx_us=14079 ack_sample=0 fast_bytes=16346 slow_bytes=38 batches=897 queries=917
t=9151750 read event=1112 count=16384 submitted=18219008 read_us=262 tx_us=8191 ack_sample=0 fast_bytes=16384 slow_bytes=0 batches=413 queries=414
t=9161330 read event=1113 count=16384 submitted=18235392 read_us=263 tx_us=9206 ack_sample=0 fast_bytes=16384 slow_bytes=0 batches=500 queries=501
t=9173758 read event=1114 count=16384 submitted=18251776 read_us=770 tx_us=11622 ack_sample=0 fast_bytes=16366 slow_bytes=18 batches=689 queries=699
t=9184976 read event=1115 count=16384 submitted=18268160 read_us=287 tx_us=10886 ack_sample=0 fast_bytes=16374 slow_bytes=10 batches=638 queries=644
t=9192902 read event=1116 count=16384 submitted=18284544 read_us=264 tx_us=7627 ack_sample=0 fast_bytes=16384 slow_bytes=0 batches=365 queries=366
t=9201514 read event=1117 count=16384 submitted=18300928 read_us=269 tx_us=8205 ack_sample=0 fast_bytes=16382 slow_bytes=2 batches=413 queries=415
t=9216935 read event=1118 count=16384 submitted=18317312 read_us=282 tx_us=15100 ack_sample=0 fast_bytes=16358 slow_bytes=26 batches=989 queries=1003
t=9225271 read event=1119 count=16384 submitted=18333696 read_us=262 tx_us=8041 ack_sample=0 fast_bytes=16384 slow_bytes=0 batches=401 queries=402
t=9233861 read event=1120 count=16384 submitted=18350080 read_us=262 tx_us=8297 ack_sample=0 fast_bytes=16382 slow_bytes=2 batches=421 queries=423
t=9246634 read event=1121 count=16384 submitted=18366464 read_us=265 tx_us=12401 ack_sample=0 fast_bytes=16346 slow_bytes=38 batches=753 queries=773
t=9256636 read event=1122 count=16384 submitted=18382848 read_us=796 tx_us=9171 ack_sample=0 fast_bytes=16378 slow_bytes=6 batches=488 queries=492
t=9265557 read event=1123 count=16384 submitted=18399232 read_us=287 tx_us=8580 ack_sample=0 fast_bytes=16382 slow_bytes=2 batches=445 queries=447
t=9274075 read event=1124 count=16384 submitted=18415616 read_us=283 tx_us=8198 ack_sample=0 fast_bytes=16384 slow_bytes=0 batches=414 queries=415
t=9288069 read event=1125 count=16384 submitted=18432000 read_us=269 tx_us=13576 ack_sample=0 fast_bytes=16350 slow_bytes=34 batches=855 queries=873
t=9296670 read event=1126 count=16384 submitted=18448384 read_us=263 tx_us=8303 ack_sample=0 fast_bytes=16384 slow_bytes=0 batches=423 queries=424
t=9306340 read event=1127 count=16384 submitted=18464768 read_us=273 tx_us=9367 ack_sample=0 fast_bytes=16382 slow_bytes=2 batches=513 queries=515
t=9318645 read event=1128 count=16384 submitted=18481152 read_us=259 tx_us=12015 ack_sample=0 fast_bytes=16354 slow_bytes=30 batches=723 queries=739
t=9328510 read event=1129 count=16384 submitted=18497536 read_us=264 tx_us=9470 ack_sample=0 fast_bytes=16380 slow_bytes=4 batches=521 queries=524
t=9338214 read event=1130 count=16384 submitted=18513920 read_us=771 tx_us=8901 ack_sample=0 fast_bytes=16384 slow_bytes=0 batches=468 queries=469
t=9349756 read event=1131 count=16384 submitted=18530304 read_us=278 tx_us=11224 ack_sample=0 fast_bytes=16360 slow_bytes=24 batches=659 queries=672
t=9360820 read event=1132 count=16384 submitted=18546688 read_us=265 tx_us=10765 ack_sample=0 fast_bytes=16368 slow_bytes=16 batches=625 queries=634
t=9369243 read event=1133 count=16384 submitted=18563072 read_us=271 tx_us=8013 ack_sample=0 fast_bytes=16384 slow_bytes=0 batches=398 queries=399
t=9378843 read event=1134 count=16384 submitted=18579456 read_us=261 tx_us=9302 ack_sample=0 fast_bytes=16382 slow_bytes=2 batches=507 queries=509
t=9392554 read event=1135 count=16384 submitted=18595840 read_us=259 tx_us=13420 ack_sample=0 fast_bytes=16362 slow_bytes=22 batches=849 queries=861
t=9401819 read event=1136 count=16384 submitted=18612224 read_us=274 tx_us=8960 ack_sample=0 fast_bytes=16382 slow_bytes=2 batches=478 queries=480
t=9410069 read event=1137 count=16384 submitted=18628608 read_us=263 tx_us=7877 ack_sample=0 fast_bytes=16382 slow_bytes=2 batches=384 queries=386
t=9420954 read event=1138 count=16384 submitted=18644992 read_us=778 tx_us=10072 ack_sample=0 fast_bytes=16374 slow_bytes=10 batches=563 queries=569
t=9433689 read event=1139 count=16384 submitted=18661376 read_us=272 tx_us=12422 ack_sample=0 fast_bytes=16368 slow_bytes=16 batches=767 queries=776
t=9441702 read event=1140 count=16384 submitted=18677760 read_us=266 tx_us=7702 ack_sample=0 fast_bytes=16384 slow_bytes=0 batches=372 queries=373
t=9450241 read event=1141 count=16384 submitted=18694144 read_us=269 tx_us=8120 ack_sample=0 fast_bytes=16380 slow_bytes=4 batches=405 queries=408
t=9463767 read event=1142 count=16384 submitted=18710528 read_us=263 tx_us=13229 ack_sample=0 fast_bytes=16358 slow_bytes=26 batches=829 queries=843
t=9473398 read event=1143 count=16384 submitted=18726912 read_us=265 tx_us=9334 ack_sample=0 fast_bytes=16378 slow_bytes=6 batches=508 queries=512
t=9482867 read event=1144 count=16384 submitted=18743296 read_us=261 tx_us=9176 ack_sample=0 fast_bytes=16382 slow_bytes=2 batches=496 queries=498
t=9494070 read event=1145 count=16384 submitted=18759680 read_us=267 tx_us=10831 ack_sample=0 fast_bytes=16364 slow_bytes=20 batches=628 queries=639
t=9505044 read event=1146 count=16384 submitted=18776064 read_us=771 tx_us=10168 ack_sample=0 fast_bytes=16364 slow_bytes=20 batches=566 queries=577
t=9513481 read event=1147 count=16384 submitted=18792448 read_us=275 tx_us=8121 ack_sample=0 fast_bytes=16384 slow_bytes=0 batches=406 queries=407
t=9523103 read event=1148 count=16384 submitted=18808832 read_us=292 tx_us=9296 ack_sample=0 fast_bytes=16382 slow_bytes=2 batches=507 queries=509
t=9535580 read event=1149 count=16384 submitted=18825216 read_us=268 tx_us=12061 ack_sample=0 fast_bytes=16354 slow_bytes=30 batches=728 queries=744
t=9544897 read event=1150 count=16384 submitted=18841600 read_us=294 tx_us=8983 ack_sample=0 fast_bytes=16382 slow_bytes=2 batches=480 queries=482
t=9554861 read event=1151 count=16384 submitted=18857984 read_us=285 tx_us=9630 ack_sample=0 fast_bytes=16380 slow_bytes=4 batches=531 queries=534
t=9566024 read event=1152 count=16384 submitted=18874368 read_us=287 tx_us=10827 ack_sample=1 fast_bytes=16364 slow_bytes=20 batches=623 queries=634
t=9566063 profile_ack event=1152 words=10 high_reads=20 low_reads=20 high_wait_words=10 low_wait_words=10 high_max_reads=2 low_max_reads=2 uninitialized=0
t=9576694 read event=1153 count=16384 submitted=18890752 read_us=296 tx_us=10226 ack_sample=0 fast_bytes=16374 slow_bytes=10 batches=525 queries=531
t=9585379 read event=1154 count=16384 submitted=18907136 read_us=1111 tx_us=7421 ack_sample=0 fast_bytes=16384 slow_bytes=0 batches=305 queries=306
t=9595046 read event=1155 count=16384 submitted=18923520 read_us=399 tx_us=9192 ack_sample=0 fast_bytes=16382 slow_bytes=2 batches=440 queries=442
t=9609318 read event=1156 count=16384 submitted=18939904 read_us=376 tx_us=13831 ack_sample=0 fast_bytes=16346 slow_bytes=38 batches=862 queries=882
t=9617765 read event=1157 count=16384 submitted=18956288 read_us=331 tx_us=7952 ack_sample=0 fast_bytes=16380 slow_bytes=4 batches=388 queries=391
t=9626762 read event=1158 count=16384 submitted=18972672 read_us=273 tx_us=8682 ack_sample=0 fast_bytes=16382 slow_bytes=2 batches=454 queries=456
t=9637937 read event=1159 count=16384 submitted=18989056 read_us=264 tx_us=10877 ack_sample=0 fast_bytes=16364 slow_bytes=20 batches=632 queries=643
t=9649834 read event=1160 count=16384 submitted=19005440 read_us=273 tx_us=11590 ack_sample=0 fast_bytes=16364 slow_bytes=20 batches=693 queries=704
t=9658308 read event=1161 count=16384 submitted=19021824 read_us=270 tx_us=8084 ack_sample=0 fast_bytes=16382 slow_bytes=2 batches=403 queries=405
t=9667203 read event=1162 count=16384 submitted=19038208 read_us=787 tx_us=8072 ack_sample=0 fast_bytes=16384 slow_bytes=0 batches=397 queries=398
t=9681659 read event=1163 count=16384 submitted=19054592 read_us=282 tx_us=14132 ack_sample=0 fast_bytes=16354 slow_bytes=30 batches=905 queries=921
t=9690447 read event=1164 count=16384 submitted=19070976 read_us=277 tx_us=8476 ack_sample=0 fast_bytes=16382 slow_bytes=2 batches=437 queries=439
t=9699802 read event=1165 count=16384 submitted=19087360 read_us=292 tx_us=8920 ack_sample=0 fast_bytes=16380 slow_bytes=4 batches=473 queries=476
t=9711434 read event=1166 count=16384 submitted=19103744 read_us=260 tx_us=11337 ack_sample=0 fast_bytes=16362 slow_bytes=22 batches=664 queries=676
t=9721837 read event=1167 count=16384 submitted=19120128 read_us=292 tx_us=10075 ack_sample=0 fast_bytes=16376 slow_bytes=8 batches=570 queries=575
t=9730436 read event=1168 count=16384 submitted=19136512 read_us=260 tx_us=8304 ack_sample=0 fast_bytes=16382 slow_bytes=2 batches=422 queries=424
t=9739906 read event=1169 count=16384 submitted=19152896 read_us=283 tx_us=9078 ack_sample=0 fast_bytes=16384 slow_bytes=0 batches=489 queries=490
t=9753817 read event=1170 count=16384 submitted=19169280 read_us=751 tx_us=13125 ack_sample=0 fast_bytes=16354 slow_bytes=30 batches=812 queries=828
t=9763153 read event=1171 count=16384 submitted=19185664 read_us=276 tx_us=9021 ack_sample=0 fast_bytes=16384 slow_bytes=0 batches=484 queries=485
t=9772846 read event=1172 count=16384 submitted=19202048 read_us=261 tx_us=9399 ack_sample=0 fast_bytes=16382 slow_bytes=2 batches=515 queries=517
t=9786215 read event=1173 count=16384 submitted=19218432 read_us=269 tx_us=12953 ack_sample=0 fast_bytes=16348 slow_bytes=36 batches=801 queries=820
t=9796481 read event=1174 count=16384 submitted=19234816 read_us=264 tx_us=9964 ack_sample=0 fast_bytes=16378 slow_bytes=6 batches=562 queries=566
t=9806490 read event=1175 count=16384 submitted=19251200 read_us=281 tx_us=9694 ack_sample=0 fast_bytes=16376 slow_bytes=8 batches=538 queries=543
t=9818089 read event=1176 count=16384 submitted=19267584 read_us=272 tx_us=11295 ack_sample=0 fast_bytes=16358 slow_bytes=26 batches=664 queries=678
t=9830314 read event=1177 count=16384 submitted=19283968 read_us=268 tx_us=11823 ack_sample=0 fast_bytes=16368 slow_bytes=16 batches=715 queries=724
t=9840436 read event=1178 count=16384 submitted=19300352 read_us=769 tx_us=9317 ack_sample=0 fast_bytes=16380 slow_bytes=4 batches=501 queries=504
t=9851662 read event=1179 count=16384 submitted=19316736 read_us=300 tx_us=10884 ack_sample=0 fast_bytes=16362 slow_bytes=22 batches=632 queries=644
t=9864543 read event=1180 count=16384 submitted=19333120 read_us=275 tx_us=12572 ack_sample=0 fast_bytes=16372 slow_bytes=12 batches=782 queries=789
t=9874456 read event=1181 count=16384 submitted=19349504 read_us=288 tx_us=9484 ack_sample=0 fast_bytes=16380 slow_bytes=4 batches=522 queries=525
t=9886004 read event=1182 count=16384 submitted=19365888 read_us=285 tx_us=11225 ack_sample=0 fast_bytes=16364 slow_bytes=20 batches=662 queries=673
t=9898532 read event=1183 count=16384 submitted=19382272 read_us=261 tx_us=12234 ack_sample=0 fast_bytes=16372 slow_bytes=12 batches=753 queries=760
t=9908357 read event=1184 count=16384 submitted=19398656 read_us=275 tx_us=9518 ack_sample=0 fast_bytes=16384 slow_bytes=0 batches=527 queries=528
t=9916944 read event=1185 count=16384 submitted=19415040 read_us=289 tx_us=8187 ack_sample=0 fast_bytes=16384 slow_bytes=0 batches=413 queries=414
t=9932623 read event=1186 count=16384 submitted=19431424 read_us=787 tx_us=14858 ack_sample=0 fast_bytes=16344 slow_bytes=40 batches=957 queries=978
t=9942232 read event=1187 count=16384 submitted=19447808 read_us=294 tx_us=9277 ack_sample=0 fast_bytes=16382 slow_bytes=2 batches=505 queries=507
t=9951276 read event=1188 count=16384 submitted=19464192 read_us=260 tx_us=8750 ack_sample=0 fast_bytes=16382 slow_bytes=2 batches=460 queries=462
t=9966661 read event=1189 count=16384 submitted=19480576 read_us=273 tx_us=14970 ack_sample=0 fast_bytes=16346 slow_bytes=38 batches=973 queries=993
t=9976175 read event=1190 count=16384 submitted=19496960 read_us=306 tx_us=9172 ack_sample=0 fast_bytes=16382 slow_bytes=2 batches=496 queries=498
t=9985691 read event=1191 count=16384 submitted=19513344 read_us=262 tx_us=9222 ack_sample=0 fast_bytes=16382 slow_bytes=2 batches=500 queries=502
t=10000371 read event=1192 count=16384 submitted=19529728 read_us=256 tx_us=14382 ack_sample=0 fast_bytes=16350 slow_bytes=34 batches=925 queries=943
t=10010152 read event=1193 count=16384 submitted=19546112 read_us=282 tx_us=9394 ack_sample=0 fast_bytes=16382 slow_bytes=2 batches=514 queries=516
t=10019790 read event=1194 count=16384 submitted=19562496 read_us=768 tx_us=8835 ack_sample=0 fast_bytes=16382 slow_bytes=2 batches=461 queries=463
t=10034229 read event=1195 count=16384 submitted=19578880 read_us=275 tx_us=14125 ack_sample=0 fast_bytes=16344 slow_bytes=40 batches=899 queries=920
t=10044445 read event=1196 count=16384 submitted=19595264 read_us=262 tx_us=9921 ack_sample=0 fast_bytes=16382 slow_bytes=2 batches=560 queries=562
t=10054152 read event=1197 count=16384 submitted=19611648 read_us=286 tx_us=9277 ack_sample=0 fast_bytes=16382 slow_bytes=2 batches=505 queries=507
t=10068006 read event=1198 count=16384 submitted=19628032 read_us=261 tx_us=13557 ack_sample=0 fast_bytes=16358 slow_bytes=26 batches=858 queries=872
t=10078400 read event=1199 count=16384 submitted=19644416 read_us=264 tx_us=10098 ack_sample=0 fast_bytes=16382 slow_bytes=2 batches=575 queries=577
t=10088174 read event=1200 count=16384 submitted=19660800 read_us=270 tx_us=9470 ack_sample=0 fast_bytes=16384 slow_bytes=0 batches=522 queries=523
t=10101562 read event=1201 count=16384 submitted=19677184 read_us=272 tx_us=13004 ack_sample=0 fast_bytes=16364 slow_bytes=20 batches=814 queries=825
t=10112377 read event=1202 count=16384 submitted=19693568 read_us=781 tx_us=9998 ack_sample=0 fast_bytes=16382 slow_bytes=2 batches=559 queries=561
t=10122329 read event=1203 count=16384 submitted=19709952 read_us=277 tx_us=9636 ack_sample=0 fast_bytes=16382 slow_bytes=2 batches=535 queries=537
t=10134493 read event=1204 count=16384 submitted=19726336 read_us=263 tx_us=11870 ack_sample=0 fast_bytes=16364 slow_bytes=20 batches=717 queries=728
t=10146316 read event=1205 count=16384 submitted=19742720 read_us=293 tx_us=11372 ack_sample=0 fast_bytes=16370 slow_bytes=14 batches=678 queries=686
t=10156502 read event=1206 count=16384 submitted=19759104 read_us=262 tx_us=9888 ack_sample=0 fast_bytes=16380 slow_bytes=4 batches=556 queries=559
t=10167387 read event=1207 count=16384 submitted=19775488 read_us=279 tx_us=10576 ack_sample=0 fast_bytes=16364 slow_bytes=20 batches=607 queries=618
t=10180305 read event=1208 count=16384 submitted=19791872 read_us=261 tx_us=12625 ack_sample=0 fast_bytes=16374 slow_bytes=10 batches=787 queries=793
t=10190414 read event=1209 count=16384 submitted=19808256 read_us=267 tx_us=9729 ack_sample=0 fast_bytes=16376 slow_bytes=8 batches=540 queries=545
t=10201597 read event=1210 count=16384 submitted=19824640 read_us=770 tx_us=10378 ack_sample=0 fast_bytes=16366 slow_bytes=18 batches=585 queries=595
t=10214206 read event=1211 count=16384 submitted=19841024 read_us=292 tx_us=12277 ack_sample=0 fast_bytes=16358 slow_bytes=26 batches=748 queries=762
t=10224227 read event=1212 count=16384 submitted=19857408 read_us=263 tx_us=9721 ack_sample=0 fast_bytes=16380 slow_bytes=4 batches=541 queries=544
t=10234105 read event=1213 count=16384 submitted=19873792 read_us=271 tx_us=9463 ack_sample=0 fast_bytes=16370 slow_bytes=14 batches=514 queries=522
t=10248087 read event=1214 count=16384 submitted=19890176 read_us=261 tx_us=13688 ack_sample=0 fast_bytes=16354 slow_bytes=30 batches=867 queries=883
t=10257638 read event=1215 count=16384 submitted=19906560 read_us=263 tx_us=9256 ack_sample=0 fast_bytes=16382 slow_bytes=2 batches=503 queries=505
t=10266664 read event=1216 count=16384 submitted=19922944 read_us=276 tx_us=8717 ack_sample=1 fast_bytes=16384 slow_bytes=0 batches=459 queries=460
t=10266691 profile_ack event=1216 words=0 high_reads=0 low_reads=0 high_wait_words=0 low_wait_words=0 high_max_reads=0 low_max_reads=0 uninitialized=0
t=10281896 read event=1217 count=16384 submitted=19939328 read_us=263 tx_us=14838 ack_sample=0 fast_bytes=16348 slow_bytes=36 batches=960 queries=979
t=10291075 read event=1218 count=16384 submitted=19955712 read_us=772 tx_us=8366 ack_sample=0 fast_bytes=16384 slow_bytes=0 batches=422 queries=423
t=10300478 read event=1219 count=16384 submitted=19972096 read_us=277 tx_us=9084 ack_sample=0 fast_bytes=16382 slow_bytes=2 batches=488 queries=490
t=10314807 read event=1220 count=16384 submitted=19988480 read_us=277 tx_us=14017 ack_sample=0 fast_bytes=16338 slow_bytes=46 batches=886 queries=910
t=10324220 read event=1221 count=16384 submitted=20004864 read_us=273 tx_us=8989 ack_sample=0 fast_bytes=16384 slow_bytes=0 batches=481 queries=482
t=10333962 read event=1222 count=16384 submitted=20021248 read_us=263 tx_us=9444 ack_sample=0 fast_bytes=16382 slow_bytes=2 batches=519 queries=521
t=10347361 read event=1223 count=16384 submitted=20037632 read_us=263 tx_us=13105 ack_sample=0 fast_bytes=16356 slow_bytes=28 batches=819 queries=834
t=10357595 read event=1224 count=16384 submitted=20054016 read_us=262 tx_us=9941 ack_sample=0 fast_bytes=16384 slow_bytes=0 batches=563 queries=564
t=10367639 read event=1225 count=16384 submitted=20070400 read_us=273 tx_us=9652 ack_sample=0 fast_bytes=16380 slow_bytes=4 batches=536 queries=539
t=10379279 read event=1226 count=16384 submitted=20086784 read_us=772 tx_us=10835 ack_sample=0 fast_bytes=16366 slow_bytes=18 batches=624 queries=634
t=10391405 read event=1227 count=16384 submitted=20103168 read_us=276 tx_us=11808 ack_sample=0 fast_bytes=16370 slow_bytes=14 batches=714 queries=722
t=10401535 read event=1228 count=16384 submitted=20119552 read_us=265 tx_us=9831 ack_sample=0 fast_bytes=16382 slow_bytes=2 batches=552 queries=554
t=10412743 read event=1229 count=16384 submitted=20135936 read_us=289 tx_us=10779 ack_sample=0 fast_bytes=16368 slow_bytes=16 batches=625 queries=634
t=10425265 read event=1230 count=16384 submitted=20152320 read_us=262 tx_us=12225 ack_sample=0 fast_bytes=16368 slow_bytes=16 batches=750 queries=759
t=10435346 read event=1231 count=16384 submitted=20168704 read_us=264 tx_us=9771 ack_sample=0 fast_bytes=16380 slow_bytes=4 batches=546 queries=549
t=10446639 read event=1232 count=16384 submitted=20185088 read_us=261 tx_us=10999 ack_sample=0 fast_bytes=16368 slow_bytes=16 batches=645 queries=654
t=10459195 read event=1233 count=16384 submitted=20201472 read_us=262 tx_us=12167 ack_sample=0 fast_bytes=16378 slow_bytes=6 batches=750 queries=754
t=10469195 read event=1234 count=16384 submitted=20217856 read_us=777 tx_us=9187 ack_sample=0 fast_bytes=16382 slow_bytes=2 batches=491 queries=493
t=10477839 read event=1235 count=16384 submitted=20234240 read_us=280 tx_us=8323 ack_sample=0 fast_bytes=16384 slow_bytes=0 batches=424 queries=425
t=10493360 read event=1236 count=16384 submitted=20250624 read_us=261 tx_us=15227 ack_sample=0 fast_bytes=16352 slow_bytes=32 batches=998 queries=1015
t=10493391 profile_poll polls=896 elapsed_us=46631 interval_us=45092 chunks=4
t=10503073 read event=1237 count=16384 submitted=20267008 read_us=285 tx_us=9271 ack_sample=0 fast_bytes=16382 slow_bytes=2 batches=505 queries=507
t=10512163 read event=1238 count=16384 submitted=20283392 read_us=266 tx_us=8786 ack_sample=0 fast_bytes=16384 slow_bytes=0 batches=463 queries=464
t=10527176 read event=1239 count=16384 submitted=20299776 read_us=263 tx_us=14718 ack_sample=0 fast_bytes=16346 slow_bytes=38 batches=951 queries=971
t=10537003 read event=1240 count=16384 submitted=20316160 read_us=258 tx_us=9537 ack_sample=0 fast_bytes=16382 slow_bytes=2 batches=527 queries=529
t=10546550 read event=1241 count=16384 submitted=20332544 read_us=285 tx_us=9142 ack_sample=0 fast_bytes=16382 slow_bytes=2 batches=493 queries=495
t=10560993 read event=1242 count=16384 submitted=20348928 read_us=802 tx_us=13603 ack_sample=0 fast_bytes=16360 slow_bytes=24 batches=856 queries=869
t=10570989 read event=1243 count=16384 submitted=20365312 read_us=295 tx_us=9652 ack_sample=0 fast_bytes=16384 slow_bytes=0 batches=537 queries=538
t=10580674 read event=1244 count=16384 submitted=20381696 read_us=267 tx_us=9382 ack_sample=0 fast_bytes=16382 slow_bytes=2 batches=514 queries=516
t=10594978 read event=1245 count=16384 submitted=20398080 read_us=285 tx_us=13709 ack_sample=0 fast_bytes=16342 slow_bytes=42 batches=857 queries=879
t=10605115 read event=1246 count=16384 submitted=20414464 read_us=287 tx_us=9808 ack_sample=0 fast_bytes=16382 slow_bytes=2 batches=550 queries=552
t=10615000 read event=1247 count=16384 submitted=20430848 read_us=265 tx_us=9585 ack_sample=0 fast_bytes=16384 slow_bytes=0 batches=531 queries=532
t=10628794 read event=1248 count=16384 submitted=20447232 read_us=259 tx_us=13502 ack_sample=0 fast_bytes=16358 slow_bytes=26 batches=853 queries=867
t=10639382 read event=1249 count=16384 submitted=20463616 read_us=268 tx_us=10200 ack_sample=0 fast_bytes=16382 slow_bytes=2 batches=584 queries=586
t=10649148 read event=1250 count=16384 submitted=20480000 read_us=788 tx_us=8943 ack_sample=0 fast_bytes=16380 slow_bytes=4 batches=469 queries=472
t=10662598 read event=1251 count=16384 submitted=20496384 read_us=282 tx_us=13128 ack_sample=0 fast_bytes=16350 slow_bytes=34 batches=817 queries=835
t=10672628 read event=1252 count=16384 submitted=20512768 read_us=283 tx_us=9712 ack_sample=0 fast_bytes=16382 slow_bytes=2 batches=543 queries=545
t=10682526 read event=1253 count=16384 submitted=20529152 read_us=271 tx_us=9462 ack_sample=0 fast_bytes=16380 slow_bytes=4 batches=520 queries=523
t=10693600 read event=1254 count=16384 submitted=20545536 read_us=284 tx_us=10753 ack_sample=0 fast_bytes=16362 slow_bytes=22 batches=621 queries=633
t=10705784 read event=1255 count=16384 submitted=20561920 read_us=278 tx_us=11874 ack_sample=0 fast_bytes=16374 slow_bytes=10 batches=723 queries=729
t=10714280 read event=1256 count=16384 submitted=20578304 read_us=261 tx_us=8201 ack_sample=0 fast_bytes=16382 slow_bytes=2 batches=412 queries=414
t=10723107 read event=1257 count=16384 submitted=20594688 read_us=268 tx_us=8443 ack_sample=0 fast_bytes=16384 slow_bytes=0 batches=434 queries=435
t=10738521 read event=1258 count=16384 submitted=20611072 read_us=781 tx_us=14583 ack_sample=0 fast_bytes=16362 slow_bytes=22 batches=936 queries=948
t=10746475 read event=1259 count=16384 submitted=20627456 read_us=298 tx_us=7605 ack_sample=0 fast_bytes=16384 slow_bytes=0 batches=364 queries=365
t=10755037 read event=1260 count=16384 submitted=20643840 read_us=280 tx_us=8247 ack_sample=0 fast_bytes=16380 slow_bytes=4 batches=416 queries=419
t=10766569 read event=1261 count=16384 submitted=20660224 read_us=268 tx_us=11122 ack_sample=0 fast_bytes=16356 slow_bytes=28 batches=649 queries=664
t=10778676 read event=1262 count=16384 submitted=20676608 read_us=288 tx_us=11783 ack_sample=0 fast_bytes=16370 slow_bytes=14 batches=714 queries=722
t=10787194 read event=1263 count=16384 submitted=20692992 read_us=273 tx_us=8213 ack_sample=0 fast_bytes=16382 slow_bytes=2 batches=414 queries=416
t=10795039 read event=1264 count=16384 submitted=20709376 read_us=258 tx_us=7556 ack_sample=0 fast_bytes=16384 slow_bytes=0 batches=359 queries=360
t=10810196 read event=1265 count=16384 submitted=20725760 read_us=260 tx_us=14794 ack_sample=0 fast_bytes=16362 slow_bytes=22 batches=965 queries=977
t=10819143 read event=1266 count=16384 submitted=20742144 read_us=769 tx_us=8144 ack_sample=0 fast_bytes=16384 slow_bytes=0 batches=404 queries=405
t=10827686 read event=1267 count=16384 submitted=20758528 read_us=274 tx_us=8230 ack_sample=0 fast_bytes=16380 slow_bytes=4 batches=414 queries=417
t=10839530 read event=1268 count=16384 submitted=20774912 read_us=262 tx_us=11536 ack_sample=0 fast_bytes=16360 slow_bytes=24 batches=687 queries=700
t=10852146 read event=1269 count=16384 submitted=20791296 read_us=287 tx_us=12182 ack_sample=0 fast_bytes=16372 slow_bytes=12 batches=748 queries=755
t=10860803 read event=1270 count=16384 submitted=20807680 read_us=264 tx_us=8357 ack_sample=0 fast_bytes=16382 slow_bytes=2 batches=426 queries=428
t=10870981 read event=1271 count=16384 submitted=20824064 read_us=260 tx_us=9888 ack_sample=0 fast_bytes=16368 slow_bytes=16 batches=550 queries=559
t=10885064 read event=1272 count=16384 submitted=20840448 read_us=258 tx_us=13794 ack_sample=0 fast_bytes=16370 slow_bytes=14 batches=885 queries=893
t=10894261 read event=1273 count=16384 submitted=20856832 read_us=266 tx_us=8813 ack_sample=0 fast_bytes=16382 slow_bytes=2 batches=465 queries=467
t=10902059 read event=1274 count=16384 submitted=20873216 read_us=766 tx_us=6997 ack_sample=0 fast_bytes=16382 slow_bytes=2 batches=306 queries=308
t=10918376 read event=1275 count=16384 submitted=20889600 read_us=341 tx_us=15923 ack_sample=0 fast_bytes=16350 slow_bytes=34 batches=1055 queries=1073
t=10927848 read event=1276 count=16384 submitted=20905984 read_us=265 tx_us=9167 ack_sample=0 fast_bytes=16382 slow_bytes=2 batches=495 queries=497
t=10936424 read event=1277 count=16384 submitted=20922368 read_us=270 tx_us=8166 ack_sample=0 fast_bytes=16384 slow_bytes=0 batches=411 queries=412
t=10951709 read event=1278 count=16384 submitted=20938752 read_us=280 tx_us=14970 ack_sample=0 fast_bytes=16350 slow_bytes=34 batches=976 queries=994
t=10961808 read event=1279 count=16384 submitted=20955136 read_us=261 tx_us=9797 ack_sample=0 fast_bytes=16380 slow_bytes=4 batches=548 queries=551
t=10970489 read event=1280 count=16384 submitted=20971520 read_us=258 tx_us=8391 ack_sample=1 fast_bytes=16384 slow_bytes=0 batches=430 queries=431
t=10970516 profile_ack event=1280 words=0 high_reads=0 low_reads=0 high_wait_words=0 low_wait_words=0 high_max_reads=0 low_max_reads=0 uninitialized=0
t=10985175 read event=1281 count=16384 submitted=20987904 read_us=285 tx_us=14276 ack_sample=0 fast_bytes=16352 slow_bytes=32 batches=917 queries=934
t=10995680 read event=1282 count=16384 submitted=21004288 read_us=783 tx_us=9688 ack_sample=0 fast_bytes=16384 slow_bytes=0 batches=536 queries=537
t=11004456 read event=1283 count=16384 submitted=21020672 read_us=274 tx_us=8450 ack_sample=0 fast_bytes=16384 slow_bytes=0 batches=435 queries=436
t=11018518 read event=1284 count=16384 submitted=21037056 read_us=284 tx_us=13745 ack_sample=0 fast_bytes=16358 slow_bytes=26 batches=874 queries=888
t=11029651 read event=1285 count=16384 submitted=21053440 read_us=290 tx_us=10689 ack_sample=0 fast_bytes=16380 slow_bytes=4 batches=625 queries=628
t=11038691 read event=1286 count=16384 submitted=21069824 read_us=280 tx_us=8724 ack_sample=0 fast_bytes=16382 slow_bytes=2 batches=458 queries=460
t=11051452 read event=1287 count=16384 submitted=21086208 read_us=262 tx_us=12455 ack_sample=0 fast_bytes=16354 slow_bytes=30 batches=762 queries=778
t=11063840 read event=1288 count=16384 submitted=21102592 read_us=279 tx_us=12073 ack_sample=0 fast_bytes=16376 slow_bytes=8 batches=695 queries=700
t=11072790 read event=1289 count=16384 submitted=21118976 read_us=390 tx_us=8388 ack_sample=0 fast_bytes=16382 slow_bytes=2 batches=368 queries=370
t=11084337 read event=1290 count=16384 submitted=21135360 read_us=1242 tx_us=10230 ack_sample=0 fast_bytes=16364 slow_bytes=20 batches=569 queries=580
t=11097746 read event=1291 count=16384 submitted=21151744 read_us=284 tx_us=13078 ack_sample=0 fast_bytes=16368 slow_bytes=16 batches=822 queries=831
t=11106791 read event=1292 count=16384 submitted=21168128 read_us=271 tx_us=8737 ack_sample=0 fast_bytes=16384 slow_bytes=0 batches=460 queries=461
t=11117611 read event=1293 count=16384 submitted=21184512 read_us=274 tx_us=10387 ack_sample=0 fast_bytes=16364 slow_bytes=20 batches=589 queries=600
t=11131250 read event=1294 count=16384 submitted=21200896 read_us=291 tx_us=13311 ack_sample=0 fast_bytes=16364 slow_bytes=20 batches=841 queries=852
t=11140546 read event=1295 count=16384 submitted=21217280 read_us=266 tx_us=8993 ack_sample=0 fast_bytes=16382 slow_bytes=2 batches=481 queries=483
t=11147826 read event=1296 count=16384 submitted=21233664 read_us=278 tx_us=6969 ack_sample=0 fast_bytes=16384 slow_bytes=0 batches=309 queries=310
t=11163810 read event=1297 count=16384 submitted=21250048 read_us=265 tx_us=15612 ack_sample=0 fast_bytes=16334 slow_bytes=50 batches=1021 queries=1047
t=11172064 read event=1298 count=16384 submitted=21266432 read_us=766 tx_us=7454 ack_sample=0 fast_bytes=16382 slow_bytes=2 batches=339 queries=341
t=11180433 read event=1299 count=16384 submitted=21282816 read_us=299 tx_us=8019 ack_sample=0 fast_bytes=16384 slow_bytes=0 batches=398 queries=399
t=11192044 read event=1300 count=16384 submitted=21299200 read_us=281 tx_us=11294 ack_sample=0 fast_bytes=16360 slow_bytes=24 batches=666 queries=679
t=11205050 read event=1301 count=16384 submitted=21315584 read_us=271 tx_us=12594 ack_sample=0 fast_bytes=16374 slow_bytes=10 batches=784 queries=790
t=11213084 read event=1302 count=16384 submitted=21331968 read_us=263 tx_us=7735 ack_sample=0 fast_bytes=16384 slow_bytes=0 batches=373 queries=374
t=11220055 read event=1303 count=16384 submitted=21348352 read_us=262 tx_us=6676 ack_sample=0 fast_bytes=16384 slow_bytes=0 batches=283 queries=284
t=11238566 read event=1304 count=16384 submitted=21364736 read_us=260 tx_us=18218 ack_sample=0 fast_bytes=16346 slow_bytes=38 batches=1251 queries=1271
t=11246841 read event=1305 count=16384 submitted=21381120 read_us=280 tx_us=7880 ack_sample=0 fast_bytes=16384 slow_bytes=0 batches=387 queries=388
t=11253901 read event=1306 count=16384 submitted=21397504 read_us=767 tx_us=6256 ack_sample=0 fast_bytes=16384 slow_bytes=0 batches=246 queries=247
t=11269516 read event=1307 count=16384 submitted=21413888 read_us=363 tx_us=15199 ack_sample=0 fast_bytes=16344 slow_bytes=40 batches=991 queries=1012
t=11281624 read event=1308 count=16384 submitted=21430272 read_us=283 tx_us=11788 ack_sample=0 fast_bytes=16374 slow_bytes=10 batches=716 queries=722
t=11288768 read event=1309 count=16384 submitted=21446656 read_us=271 tx_us=6715 ack_sample=0 fast_bytes=16384 slow_bytes=0 batches=287 queries=288
t=11304447 read event=1310 count=16384 submitted=21463040 read_us=266 tx_us=15377 ack_sample=0 fast_bytes=16344 slow_bytes=40 batches=1007 queries=1028
t=11317826 read event=1311 count=16384 submitted=21479424 read_us=277 tx_us=13071 ack_sample=0 fast_bytes=16376 slow_bytes=8 batches=825 queries=830
t=11325888 read event=1312 count=16384 submitted=21495808 read_us=260 tx_us=7747 ack_sample=0 fast_bytes=16378 slow_bytes=6 batches=372 queries=376
t=11344102 read event=1313 count=16384 submitted=21512192 read_us=266 tx_us=17844 ack_sample=0 fast_bytes=16352 slow_bytes=32 batches=1221 queries=1238
t=11354998 read event=1314 count=16384 submitted=21528576 read_us=776 tx_us=10083 ack_sample=0 fast_bytes=16380 slow_bytes=4 batches=567 queries=570
t=11368634 read event=1315 count=16384 submitted=21544960 read_us=272 tx_us=13322 ack_sample=0 fast_bytes=16350 slow_bytes=34 batches=834 queries=852
t=11383977 read event=1316 count=16384 submitted=21561344 read_us=277 tx_us=15031 ack_sample=0 fast_bytes=16378 slow_bytes=6 batches=995 queries=999
t=11395542 read event=1317 count=16384 submitted=21577728 read_us=272 tx_us=11143 ack_sample=0 fast_bytes=16364 slow_bytes=20 batches=655 queries=666
t=11411744 read event=1318 count=16384 submitted=21594112 read_us=279 tx_us=15888 ack_sample=0 fast_bytes=16360 slow_bytes=24 batches=1058 queries=1071
t=11422393 read event=1319 count=16384 submitted=21610496 read_us=261 tx_us=10355 ack_sample=0 fast_bytes=16382 slow_bytes=2 batches=597 queries=599
t=11437769 read event=1320 count=16384 submitted=21626880 read_us=259 tx_us=15084 ack_sample=0 fast_bytes=16352 slow_bytes=32 batches=985 queries=1002
t=11452137 read event=1321 count=16384 submitted=21643264 read_us=264 tx_us=13987 ack_sample=0 fast_bytes=16370 slow_bytes=14 batches=901 queries=909
t=11463258 read event=1322 count=16384 submitted=21659648 read_us=777 tx_us=10308 ack_sample=0 fast_bytes=16378 slow_bytes=6 batches=585 queries=589
t=11480359 read event=1323 count=16384 submitted=21676032 read_us=273 tx_us=16787 ack_sample=0 fast_bytes=16368 slow_bytes=16 batches=1140 queries=1149
t=11490195 read event=1324 count=16384 submitted=21692416 read_us=262 tx_us=9539 ack_sample=0 fast_bytes=16380 slow_bytes=4 batches=526 queries=529
t=11507281 read event=1325 count=16384 submitted=21708800 read_us=272 tx_us=16668 ack_sample=0 fast_bytes=16352 slow_bytes=32 batches=1121 queries=1138
t=11519914 read event=1326 count=16384 submitted=21725184 read_us=268 tx_us=12329 ack_sample=0 fast_bytes=16376 slow_bytes=8 batches=761 queries=766
t=11530529 read event=1327 count=16384 submitted=21741568 read_us=260 tx_us=10324 ack_sample=0 fast_bytes=16360 slow_bytes=24 batches=583 queries=596
t=11539078 read event=1328 count=16384 submitted=21757952 read_us=273 tx_us=8245 ack_sample=0 fast_bytes=16374 slow_bytes=10 batches=413 queries=419
t=11549928 read event=1329 count=16384 submitted=21774336 read_us=280 tx_us=10457 ack_sample=0 fast_bytes=16378 slow_bytes=6 batches=604 queries=608
t=11567088 read event=1330 count=16384 submitted=21790720 read_us=789 tx_us=16336 ack_sample=0 fast_bytes=16360 slow_bytes=24 batches=1091 queries=1104
t=11575518 read event=1331 count=16384 submitted=21807104 read_us=271 tx_us=8116 ack_sample=0 fast_bytes=16378 slow_bytes=6 batches=404 queries=408
t=11592120 read event=1332 count=16384 submitted=21823488 read_us=275 tx_us=16293 ack_sample=0 fast_bytes=16366 slow_bytes=18 batches=1097 queries=1107
t=11603411 read event=1333 count=16384 submitted=21839872 read_us=269 tx_us=10875 ack_sample=0 fast_bytes=16360 slow_bytes=24 batches=630 queries=643
t=11611376 read event=1334 count=16384 submitted=21856256 read_us=268 tx_us=7661 ack_sample=0 fast_bytes=16380 slow_bytes=4 batches=365 queries=368
t=11631378 read event=1335 count=16384 submitted=21872640 read_us=257 tx_us=19712 ack_sample=0 fast_bytes=16354 slow_bytes=30 batches=1382 queries=1398
t=11639366 read event=1336 count=16384 submitted=21889024 read_us=260 tx_us=7697 ack_sample=0 fast_bytes=16378 slow_bytes=6 batches=368 queries=372
t=11648862 read event=1337 count=16384 submitted=21905408 read_us=282 tx_us=9107 ack_sample=0 fast_bytes=16378 slow_bytes=6 batches=489 queries=493
t=11667109 read event=1338 count=16384 submitted=21921792 read_us=767 tx_us=17446 ack_sample=0 fast_bytes=16350 slow_bytes=34 batches=1180 queries=1198
t=11675651 read event=1339 count=16384 submitted=21938176 read_us=278 tx_us=8224 ack_sample=0 fast_bytes=16374 slow_bytes=10 batches=411 queries=417
t=11686495 read event=1340 count=16384 submitted=21954560 read_us=278 tx_us=10519 ack_sample=0 fast_bytes=16382 slow_bytes=2 batches=612 queries=614
t=11703672 read event=1341 count=16384 submitted=21970944 read_us=289 tx_us=16743 ack_sample=0 fast_bytes=16360 slow_bytes=24 batches=1132 queries=1145
t=11712092 read event=1342 count=16384 submitted=21987328 read_us=279 tx_us=8103 ack_sample=0 fast_bytes=16380 slow_bytes=4 batches=403 queries=406
t=11728680 read event=1343 count=16384 submitted=22003712 read_us=257 tx_us=16300 ack_sample=0 fast_bytes=16358 slow_bytes=26 batches=1092 queries=1106
t=11739985 read event=1344 count=16384 submitted=22020096 read_us=269 tx_us=11000 ack_sample=1 fast_bytes=16358 slow_bytes=26 batches=640 queries=654
t=11740010 profile_ack event=1344 words=13 high_reads=26 low_reads=26 high_wait_words=13 low_wait_words=13 high_max_reads=2 low_max_reads=2 uninitialized=0
t=11747948 read event=1345 count=16384 submitted=22036480 read_us=265 tx_us=7572 ack_sample=0 fast_bytes=16372 slow_bytes=12 batches=354 queries=361
t=11767957 read event=1346 count=16384 submitted=22052864 read_us=789 tx_us=19182 ack_sample=0 fast_bytes=16358 slow_bytes=26 batches=1326 queries=1340
t=11775939 read event=1347 count=16384 submitted=22069248 read_us=275 tx_us=7666 ack_sample=0 fast_bytes=16378 slow_bytes=6 batches=365 queries=369
t=11784868 read event=1348 count=16384 submitted=22085632 read_us=264 tx_us=8630 ack_sample=0 fast_bytes=16382 slow_bytes=2 batches=450 queries=452
t=11803681 read event=1349 count=16384 submitted=22102016 read_us=270 tx_us=18399 ack_sample=0 fast_bytes=16350 slow_bytes=34 batches=1268 queries=1286
t=11812234 read event=1350 count=16384 submitted=22118400 read_us=274 tx_us=8243 ack_sample=0 fast_bytes=16380 slow_bytes=4 batches=415 queries=418
t=11823064 read event=1351 count=16384 submitted=22134784 read_us=260 tx_us=10537 ack_sample=0 fast_bytes=16378 slow_bytes=6 batches=611 queries=615
t=11840238 read event=1352 count=16384 submitted=22151168 read_us=257 tx_us=16886 ack_sample=0 fast_bytes=16356 slow_bytes=28 batches=1142 queries=1157
t=11848355 read event=1353 count=16384 submitted=22167552 read_us=267 tx_us=7742 ack_sample=0 fast_bytes=16382 slow_bytes=2 batches=374 queries=376
t=11865203 read event=1354 count=16384 submitted=22183936 read_us=766 tx_us=16048 ack_sample=0 fast_bytes=16368 slow_bytes=16 batches=1070 queries=1079
t=11876557 read event=1355 count=16384 submitted=22200320 read_us=278 tx_us=11035 ack_sample=0 fast_bytes=16360 slow_bytes=24 batches=644 queries=657
t=11884520 read event=1356 count=16384 submitted=22216704 read_us=278 tx_us=7651 ack_sample=0 fast_bytes=16376 slow_bytes=8 batches=364 queries=369
t=11904504 read event=1357 count=16384 submitted=22233088 read_us=288 tx_us=19555 ack_sample=0 fast_bytes=16346 slow_bytes=38 batches=1365 queries=1385
t=11912481 read event=1358 count=16384 submitted=22249472 read_us=281 tx_us=7661 ack_sample=0 fast_bytes=16378 slow_bytes=6 batches=364 queries=368
t=11921286 read event=1359 count=16384 submitted=22265856 read_us=273 tx_us=8499 ack_sample=0 fast_bytes=16378 slow_bytes=6 batches=437 queries=441
t=11940217 read event=1360 count=16384 submitted=22282240 read_us=259 tx_us=18640 ack_sample=0 fast_bytes=16352 slow_bytes=32 batches=1290 queries=1307
t=11948796 read event=1361 count=16384 submitted=22298624 read_us=267 tx_us=8190 ack_sample=0 fast_bytes=16378 slow_bytes=6 batches=410 queries=414
t=11959490 read event=1362 count=16384 submitted=22315008 read_us=776 tx_us=9882 ack_sample=0 fast_bytes=16378 slow_bytes=6 batches=549 queries=553
t=11976771 read event=1363 count=16384 submitted=22331392 read_us=293 tx_us=16947 ack_sample=0 fast_bytes=16350 slow_bytes=34 batches=1143 queries=1161
t=11984724 read event=1364 count=16384 submitted=22347776 read_us=260 tx_us=7659 ack_sample=0 fast_bytes=16380 slow_bytes=4 batches=366 queries=369
t=12001020 read event=1365 count=16384 submitted=22364160 read_us=274 tx_us=15882 ack_sample=0 fast_bytes=16364 slow_bytes=20 batches=1060 queries=1071
t=12013086 read event=1366 count=16384 submitted=22380544 read_us=272 tx_us=11743 ack_sample=0 fast_bytes=16356 slow_bytes=28 batches=701 queries=716
t=12021063 read event=1367 count=16384 submitted=22396928 read_us=262 tx_us=7681 ack_sample=0 fast_bytes=16376 slow_bytes=8 batches=366 queries=371
t=12039250 read event=1368 count=16384 submitted=22413312 read_us=260 tx_us=17896 ack_sample=0 fast_bytes=16350 slow_bytes=34 batches=1225 queries=1243
t=12049000 read event=1369 count=16384 submitted=22429696 read_us=272 tx_us=9371 ack_sample=0 fast_bytes=16376 slow_bytes=8 batches=510 queries=515
t=12057693 read event=1370 count=16384 submitted=22446080 read_us=775 tx_us=7884 ack_sample=0 fast_bytes=16376 slow_bytes=8 batches=378 queries=383
t=12076731 read event=1371 count=16384 submitted=22462464 read_us=275 tx_us=18709 ack_sample=0 fast_bytes=16352 slow_bytes=32 batches=1295 queries=1312
t=12085306 read event=1372 count=16384 submitted=22478848 read_us=262 tx_us=8276 ack_sample=0 fast_bytes=16380 slow_bytes=4 batches=419 queries=422
t=12095353 read event=1373 count=16384 submitted=22495232 read_us=285 tx_us=9615 ack_sample=0 fast_bytes=16374 slow_bytes=10 batches=531 queries=537
t=12113095 read event=1374 count=16384 submitted=22511616 read_us=263 tx_us=17443 ack_sample=0 fast_bytes=16350 slow_bytes=34 batches=1185 queries=1203
t=12121142 read event=1375 count=16384 submitted=22528000 read_us=263 tx_us=7752 ack_sample=0 fast_bytes=16376 slow_bytes=8 batches=372 queries=377
t=12135783 read event=1376 count=16384 submitted=22544384 read_us=262 tx_us=14347 ack_sample=0 fast_bytes=16364 slow_bytes=20 batches=929 queries=940
t=12149134 read event=1377 count=16384 submitted=22560768 read_us=265 tx_us=12982 ack_sample=0 fast_bytes=16352 slow_bytes=32 batches=806 queries=823
t=12157491 read event=1378 count=16384 submitted=22577152 read_us=781 tx_us=7541 ack_sample=0 fast_bytes=16380 slow_bytes=4 batches=351 queries=354
t=12173858 read event=1379 count=16384 submitted=22593536 read_us=302 tx_us=16016 ack_sample=0 fast_bytes=16376 slow_bytes=8 batches=1077 queries=1082
t=12185383 read event=1380 count=16384 submitted=22609920 read_us=268 tx_us=11218 ack_sample=0 fast_bytes=16368 slow_bytes=16 batches=664 queries=673
t=12193428 read event=1381 count=16384 submitted=22626304 read_us=293 tx_us=7603 ack_sample=0 fast_bytes=16384 slow_bytes=0 batches=364 queries=365
t=12212926 read event=1382 count=16384 submitted=22642688 read_us=274 tx_us=19188 ack_sample=0 fast_bytes=16360 slow_bytes=24 batches=1340 queries=1353
t=12221164 read event=1383 count=16384 submitted=22659072 read_us=261 tx_us=7944 ack_sample=0 fast_bytes=16380 slow_bytes=4 batches=390 queries=393
t=12230997 read event=1384 count=16384 submitted=22675456 read_us=258 tx_us=9541 ack_sample=0 fast_bytes=16382 slow_bytes=2 batches=528 queries=530
t=12249092 read event=1385 count=16384 submitted=22691840 read_us=271 tx_us=17717 ack_sample=0 fast_bytes=16344 slow_bytes=40 batches=1206 queries=1227
t=12257546 read event=1386 count=16384 submitted=22708224 read_us=797 tx_us=7622 ack_sample=0 fast_bytes=16380 slow_bytes=4 batches=358 queries=361
t=12268685 read event=1387 count=16384 submitted=22724608 read_us=308 tx_us=10782 ack_sample=0 fast_bytes=16372 slow_bytes=12 batches=629 queries=636
t=12285349 read event=1388 count=16384 submitted=22740992 read_us=260 tx_us=16358 ack_sample=0 fast_bytes=16352 slow_bytes=32 batches=1095 queries=1112
t=12293347 read event=1389 count=16384 submitted=22757376 read_us=289 tx_us=7562 ack_sample=0 fast_bytes=16378 slow_bytes=6 batches=357 queries=361
t=12309957 read event=1390 count=16384 submitted=22773760 read_us=263 tx_us=16312 ack_sample=0 fast_bytes=16376 slow_bytes=8 batches=1102 queries=1107
t=12321260 read event=1391 count=16384 submitted=22790144 read_us=263 tx_us=11007 ack_sample=0 fast_bytes=16364 slow_bytes=20 batches=644 queries=655
t=12329231 read event=1392 count=16384 submitted=22806528 read_us=255 tx_us=7688 ack_sample=0 fast_bytes=16380 slow_bytes=4 batches=369 queries=372
t=12349085 read event=1393 count=16384 submitted=22822912 read_us=267 tx_us=19468 ack_sample=0 fast_bytes=16354 slow_bytes=30 batches=1361 queries=1377
t=12357050 read event=1394 count=16384 submitted=22839296 read_us=776 tx_us=7152 ack_sample=0 fast_bytes=16378 slow_bytes=6 batches=318 queries=322
t=12365734 read event=1395 count=16384 submitted=22855680 read_us=313 tx_us=8316 ack_sample=0 fast_bytes=16376 slow_bytes=8 batches=419 queries=424
t=12384740 read event=1396 count=16384 submitted=22872064 read_us=263 tx_us=18707 ack_sample=0 fast_bytes=16354 slow_bytes=30 batches=1296 queries=1312
t=12393279 read event=1397 count=16384 submitted=22888448 read_us=273 tx_us=8116 ack_sample=0 fast_bytes=16382 slow_bytes=2 batches=406 queries=408
t=12403257 read event=1398 count=16384 submitted=22904832 read_us=267 tx_us=9675 ack_sample=0 fast_bytes=16370 slow_bytes=14 batches=533 queries=541
t=12420580 read event=1399 count=16384 submitted=22921216 read_us=264 tx_us=17026 ack_sample=0 fast_bytes=16352 slow_bytes=32 batches=1151 queries=1168
t=12429044 read event=1400 count=16384 submitted=22937600 read_us=274 tx_us=8158 ack_sample=0 fast_bytes=16382 slow_bytes=2 batches=410 queries=412
t=12441703 read event=1401 count=16384 submitted=22953984 read_us=264 tx_us=12294 ack_sample=0 fast_bytes=16372 slow_bytes=12 batches=758 queries=765
t=12456809 read event=1402 count=16384 submitted=22970368 read_us=755 tx_us=14308 ack_sample=0 fast_bytes=16364 slow_bytes=20 batches=919 queries=930
t=12464779 read event=1403 count=16384 submitted=22986752 read_us=273 tx_us=7656 ack_sample=0 fast_bytes=16378 slow_bytes=6 batches=364 queries=368
t=12481419 read event=1404 count=16384 submitted=23003136 read_us=261 tx_us=16345 ack_sample=0 fast_bytes=16360 slow_bytes=24 batches=1098 queries=1111
t=12492688 read event=1405 count=16384 submitted=23019520 read_us=285 tx_us=10834 ack_sample=0 fast_bytes=16350 slow_bytes=34 batches=622 queries=640
t=12500625 read event=1406 count=16384 submitted=23035904 read_us=261 tx_us=7631 ack_sample=0 fast_bytes=16378 slow_bytes=6 batches=363 queries=367
t=12520446 read event=1407 count=16384 submitted=23052288 read_us=277 tx_us=19512 ack_sample=0 fast_bytes=16360 slow_bytes=24 batches=1367 queries=1380
t=12528377 read event=1408 count=16384 submitted=23068672 read_us=275 tx_us=7627 ack_sample=1 fast_bytes=16380 slow_bytes=4 batches=364 queries=367
t=12528404 profile_ack event=1408 words=2 high_reads=4 low_reads=4 high_wait_words=2 low_wait_words=2 high_max_reads=2 low_max_reads=2 uninitialized=0
t=12536832 read event=1409 count=16384 submitted=23085056 read_us=279 tx_us=8050 ack_sample=0 fast_bytes=16380 slow_bytes=4 batches=399 queries=402
t=12555951 read event=1410 count=16384 submitted=23101440 read_us=787 tx_us=18288 ack_sample=0 fast_bytes=16344 slow_bytes=40 batches=1248 queries=1269
t=12564082 read event=1411 count=16384 submitted=23117824 read_us=278 tx_us=7808 ack_sample=0 fast_bytes=16380 slow_bytes=4 batches=378 queries=381
t=12573795 read event=1412 count=16384 submitted=23134208 read_us=282 tx_us=9388 ack_sample=0 fast_bytes=16376 slow_bytes=8 batches=511 queries=516
t=12591845 read event=1413 count=16384 submitted=23150592 read_us=274 tx_us=17625 ack_sample=0 fast_bytes=16358 slow_bytes=26 batches=1204 queries=1218
t=12600302 read event=1414 count=16384 submitted=23166976 read_us=282 tx_us=8129 ack_sample=0 fast_bytes=16382 slow_bytes=2 batches=407 queries=409
t=12611271 read event=1415 count=16384 submitted=23183360 read_us=261 tx_us=10674 ack_sample=0 fast_bytes=16380 slow_bytes=4 batches=622 queries=625
t=12627594 read event=1416 count=16384 submitted=23199744 read_us=261 tx_us=16029 ack_sample=0 fast_bytes=16356 slow_bytes=28 batches=1069 queries=1084
t=12636035 read event=1417 count=16384 submitted=23216128 read_us=283 tx_us=8043 ack_sample=0 fast_bytes=16382 slow_bytes=2 batches=400 queries=402
t=12652472 read event=1418 count=16384 submitted=23232512 read_us=787 tx_us=15615 ack_sample=0 fast_bytes=16370 slow_bytes=14 batches=1035 queries=1043
t=12663776 read event=1419 count=16384 submitted=23248896 read_us=290 tx_us=10972 ack_sample=0 fast_bytes=16366 slow_bytes=18 batches=642 queries=652
t=12671722 read event=1420 count=16384 submitted=23265280 read_us=263 tx_us=7637 ack_sample=0 fast_bytes=16380 slow_bytes=4 batches=364 queries=367
t=12688047 read event=1421 count=16384 submitted=23281664 read_us=271 tx_us=15906 ack_sample=0 fast_bytes=16362 slow_bytes=22 batches=1061 queries=1073
t=12699478 read event=1422 count=16384 submitted=23298048 read_us=266 tx_us=11130 ack_sample=0 fast_bytes=16360 slow_bytes=24 batches=652 queries=665
t=12707479 read event=1423 count=16384 submitted=23314432 read_us=279 tx_us=7689 ack_sample=0 fast_bytes=16378 slow_bytes=6 batches=368 queries=372
t=12726825 read event=1424 count=16384 submitted=23330816 read_us=274 tx_us=19038 ack_sample=0 fast_bytes=16344 slow_bytes=40 batches=1314 queries=1335
t=12735178 read event=1425 count=16384 submitted=23347200 read_us=277 tx_us=7963 ack_sample=0 fast_bytes=16382 slow_bytes=2 batches=393 queries=395
t=12744130 read event=1426 count=16384 submitted=23363584 read_us=786 tx_us=8130 ack_sample=0 fast_bytes=16384 slow_bytes=0 batches=403 queries=404
t=12762346 read event=1427 count=16384 submitted=23379968 read_us=275 tx_us=17900 ack_sample=0 fast_bytes=16356 slow_bytes=28 batches=1228 queries=1243
t=12770912 read event=1428 count=16384 submitted=23396352 read_us=264 tx_us=8269 ack_sample=0 fast_bytes=16382 slow_bytes=2 batches=419 queries=421
t=12781209 read event=1429 count=16384 submitted=23412736 read_us=273 tx_us=9883 ack_sample=0 fast_bytes=16382 slow_bytes=2 batches=557 queries=559
t=12798749 read event=1430 count=16384 submitted=23429120 read_us=265 tx_us=17239 ack_sample=0 fast_bytes=16346 slow_bytes=38 batches=1159 queries=1179
t=12806955 read event=1431 count=16384 submitted=23445504 read_us=266 tx_us=7901 ack_sample=0 fast_bytes=16380 slow_bytes=4 batches=387 queries=390
t=12821242 read event=1432 count=16384 submitted=23461888 read_us=259 tx_us=13994 ack_sample=0 fast_bytes=16364 slow_bytes=20 batches=898 queries=909
t=12834538 read event=1433 count=16384 submitted=23478272 read_us=267 tx_us=12915 ack_sample=0 fast_bytes=16358 slow_bytes=26 batches=803 queries=817
t=12842995 read event=1434 count=16384 submitted=23494656 read_us=777 tx_us=7641 ack_sample=0 fast_bytes=16380 slow_bytes=4 batches=359 queries=362
t=12859215 read event=1435 count=16384 submitted=23511040 read_us=287 tx_us=15890 ack_sample=0 fast_bytes=16364 slow_bytes=20 batches=1060 queries=1071
t=12870795 read event=1436 count=16384 submitted=23527424 read_us=265 tx_us=11279 ack_sample=0 fast_bytes=16368 slow_bytes=16 batches=669 queries=678
t=12878978 read event=1437 count=16384 submitted=23543808 read_us=274 tx_us=7766 ack_sample=0 fast_bytes=16380 slow_bytes=4 batches=375 queries=378
t=12898238 read event=1438 count=16384 submitted=23560192 read_us=260 tx_us=18964 ack_sample=0 fast_bytes=16346 slow_bytes=38 batches=1314 queries=1334
t=12906770 read event=1439 count=16384 submitted=23576576 read_us=262 tx_us=8238 ack_sample=0 fast_bytes=16376 slow_bytes=8 batches=413 queries=418
t=12916288 read event=1440 count=16384 submitted=23592960 read_us=257 tx_us=9230 ack_sample=0 fast_bytes=16370 slow_bytes=14 batches=494 queries=502
t=12934503 read event=1441 count=16384 submitted=23609344 read_us=265 tx_us=17846 ack_sample=0 fast_bytes=16356 slow_bytes=28 batches=1224 queries=1239
t=12943339 read event=1442 count=16384 submitted=23625728 read_us=777 tx_us=8023 ack_sample=0 fast_bytes=16384 slow_bytes=0 batches=393 queries=394
t=12955816 read event=1443 count=16384 submitted=23642112 read_us=277 tx_us=12160 ack_sample=0 fast_bytes=16374 slow_bytes=10 batches=747 queries=753
t=12971131 read event=1444 count=16384 submitted=23658496 read_us=266 tx_us=15013 ack_sample=0 fast_bytes=16358 slow_bytes=26 batches=982 queries=996
t=12979701 read event=1445 count=16384 submitted=23674880 read_us=275 tx_us=8141 ack_sample=0 fast_bytes=16378 slow_bytes=6 batches=406 queries=410
t=12995774 read event=1446 count=16384 submitted=23691264 read_us=264 tx_us=15762 ack_sample=0 fast_bytes=16374 slow_bytes=10 batches=1055 queries=1061
t=13007693 read event=1447 count=16384 submitted=23707648 read_us=265 tx_us=11603 ack_sample=0 fast_bytes=16366 slow_bytes=18 batches=696 queries=706
t=13016144 read event=1448 count=16384 submitted=23724032 read_us=261 tx_us=8145 ack_sample=0 fast_bytes=16382 slow_bytes=2 batches=408 queries=410
t=13034805 read event=1449 count=16384 submitted=23740416 read_us=269 tx_us=18276 ack_sample=0 fast_bytes=16352 slow_bytes=32 batches=1258 queries=1275
t=13044240 read event=1450 count=16384 submitted=23756800 read_us=770 tx_us=8627 ack_sample=0 fast_bytes=16372 slow_bytes=12 batches=437 queries=444
t=13052663 read event=1451 count=16384 submitted=23773184 read_us=284 tx_us=8093 ack_sample=0 fast_bytes=16382 slow_bytes=2 batches=404 queries=406
t=13070279 read event=1452 count=16384 submitted=23789568 read_us=280 tx_us=17300 ack_sample=0 fast_bytes=16350 slow_bytes=34 batches=1174 queries=1192
t=13079866 read event=1453 count=16384 submitted=23805952 read_us=276 tx_us=9168 ack_sample=0 fast_bytes=16378 slow_bytes=6 batches=493 queries=497
t=13087852 read event=1454 count=16384 submitted=23822336 read_us=265 tx_us=7685 ack_sample=0 fast_bytes=16378 slow_bytes=6 batches=367 queries=371
t=13105020 read event=1455 count=16384 submitted=23838720 read_us=258 tx_us=16876 ack_sample=0 fast_bytes=16360 slow_bytes=24 batches=1143 queries=1156
t=13114249 read event=1456 count=16384 submitted=23855104 read_us=262 tx_us=8938 ack_sample=0 fast_bytes=16384 slow_bytes=0 batches=476 queries=477
t=13121320 read event=1457 count=16384 submitted=23871488 read_us=269 tx_us=6691 ack_sample=0 fast_bytes=16380 slow_bytes=4 batches=283 queries=286
t=13131646 read event=1458 count=16384 submitted=23887872 read_us=785 tx_us=9506 ack_sample=0 fast_bytes=16382 slow_bytes=2 batches=519 queries=521
t=13143888 read event=1459 count=16384 submitted=23904256 read_us=291 tx_us=11911 ack_sample=0 fast_bytes=16356 slow_bytes=28 batches=716 queries=731
t=13149760 read event=1460 count=16384 submitted=23920640 read_us=263 tx_us=5574 ack_sample=0 fast_bytes=16384 slow_bytes=0 batches=190 queries=191
t=13155647 read event=1461 count=16384 submitted=23937024 read_us=273 tx_us=5471 ack_sample=0 fast_bytes=16384 slow_bytes=0 batches=181 queries=182
t=13161937 read event=1462 count=16384 submitted=23953408 read_us=275 tx_us=5980 ack_sample=0 fast_bytes=16384 slow_bytes=0 batches=225 queries=226
t=13168662 read event=1463 count=16384 submitted=23969792 read_us=259 tx_us=6434 ack_sample=0 fast_bytes=16384 slow_bytes=0 batches=264 queries=265
t=13175884 read event=1464 count=16384 submitted=23986176 read_us=272 tx_us=6917 ack_sample=0 fast_bytes=16384 slow_bytes=0 batches=305 queries=306
t=13184706 read event=1465 count=16384 submitted=24002560 read_us=266 tx_us=8455 ack_sample=0 fast_bytes=16366 slow_bytes=18 batches=427 queries=437
t=13189070 read event=1466 count=16384 submitted=24018944 read_us=745 tx_us=3578 ack_sample=0 fast_bytes=16384 slow_bytes=0 batches=20 queries=21
t=13193329 read event=1467 count=16384 submitted=24035328 read_us=267 tx_us=3953 ack_sample=0 fast_bytes=16384 slow_bytes=0 batches=46 queries=47
t=13197554 read event=1468 count=16384 submitted=24051712 read_us=281 tx_us=3906 ack_sample=0 fast_bytes=16384 slow_bytes=0 batches=48 queries=49
t=13201766 read event=1469 count=16384 submitted=24068096 read_us=292 tx_us=3782 ack_sample=0 fast_bytes=16384 slow_bytes=0 batches=37 queries=38
t=13206007 read event=1470 count=16384 submitted=24084480 read_us=262 tx_us=3943 ack_sample=0 fast_bytes=16384 slow_bytes=0 batches=51 queries=52
t=13210216 read event=1471 count=16384 submitted=24100864 read_us=258 tx_us=3918 ack_sample=0 fast_bytes=16384 slow_bytes=0 batches=48 queries=49
t=13214473 read event=1472 count=16384 submitted=24117248 read_us=262 tx_us=3964 ack_sample=1 fast_bytes=16384 slow_bytes=0 batches=53 queries=54
t=13214499 profile_ack event=1472 words=0 high_reads=0 low_reads=0 high_wait_words=0 low_wait_words=0 high_max_reads=0 low_max_reads=0 uninitialized=0
t=13218671 read event=1473 count=16384 submitted=24133632 read_us=289 tx_us=3782 ack_sample=0 fast_bytes=16384 slow_bytes=0 batches=38 queries=39
t=13223000 read event=1474 count=16384 submitted=24150016 read_us=758 tx_us=3508 ack_sample=0 fast_bytes=16384 slow_bytes=0 batches=14 queries=15
t=13227281 read event=1475 count=16384 submitted=24166400 read_us=267 tx_us=3977 ack_sample=0 fast_bytes=16384 slow_bytes=0 batches=48 queries=49
t=13231694 read event=1476 count=16384 submitted=24182784 read_us=283 tx_us=4092 ack_sample=0 fast_bytes=16384 slow_bytes=0 batches=64 queries=65
t=13236294 read event=1477 count=16384 submitted=24199168 read_us=275 tx_us=4166 ack_sample=0 fast_bytes=16384 slow_bytes=0 batches=70 queries=71
t=13244210 read event=1478 count=16384 submitted=24215552 read_us=263 tx_us=7616 ack_sample=0 fast_bytes=16364 slow_bytes=20 batches=354 queries=365
t=13248340 read event=1479 count=16384 submitted=24231936 read_us=261 tx_us=3835 ack_sample=0 fast_bytes=16384 slow_bytes=0 batches=42 queries=43
t=13252361 read event=1480 count=16384 submitted=24248320 read_us=258 tx_us=3732 ack_sample=0 fast_bytes=16384 slow_bytes=0 batches=33 queries=34
t=13256335 read event=1481 count=16384 submitted=24264704 read_us=282 tx_us=3590 ack_sample=0 fast_bytes=16384 slow_bytes=0 batches=22 queries=23
t=13260558 read event=1482 count=16384 submitted=24281088 read_us=764 tx_us=3427 ack_sample=0 fast_bytes=16384 slow_bytes=0 batches=7 queries=8
t=13264392 read event=1483 count=16384 submitted=24297472 read_us=285 tx_us=3509 ack_sample=0 fast_bytes=16384 slow_bytes=0 batches=11 queries=12
t=13268318 read event=1484 count=16384 submitted=24313856 read_us=342 tx_us=3539 ack_sample=0 fast_bytes=16384 slow_bytes=0 batches=17 queries=18
t=13272304 read event=1485 count=16384 submitted=24330240 read_us=292 tx_us=3552 ack_sample=0 fast_bytes=16384 slow_bytes=0 batches=18 queries=19
t=13276299 read event=1486 count=16384 submitted=24346624 read_us=262 tx_us=3695 ack_sample=0 fast_bytes=16384 slow_bytes=0 batches=30 queries=31
t=13280275 read event=1487 count=16384 submitted=24363008 read_us=259 tx_us=3685 ack_sample=0 fast_bytes=16384 slow_bytes=0 batches=29 queries=30
t=13284306 read event=1488 count=16384 submitted=24379392 read_us=261 tx_us=3739 ack_sample=0 fast_bytes=16384 slow_bytes=0 batches=34 queries=35
t=13288311 read event=1489 count=16384 submitted=24395776 read_us=262 tx_us=3641 ack_sample=0 fast_bytes=16384 slow_bytes=0 batches=25 queries=26
t=13292544 read event=1490 count=16384 submitted=24412160 read_us=763 tx_us=3434 ack_sample=0 fast_bytes=16384 slow_bytes=0 batches=8 queries=9
t=13296441 read event=1491 count=16384 submitted=24428544 read_us=288 tx_us=3572 ack_sample=0 fast_bytes=16384 slow_bytes=0 batches=17 queries=18
t=13300676 read event=1492 count=16384 submitted=24444928 read_us=349 tx_us=3837 ack_sample=0 fast_bytes=16384 slow_bytes=0 batches=43 queries=44
t=13300710 profile_poll polls=960 elapsed_us=16307 interval_us=15949 chunks=4
t=13308429 read event=1493 count=16384 submitted=24461312 read_us=274 tx_us=7311 ack_sample=0 fast_bytes=16366 slow_bytes=18 batches=329 queries=339
t=13312462 read event=1494 count=16384 submitted=24477696 read_us=289 tx_us=3707 ack_sample=0 fast_bytes=16384 slow_bytes=0 batches=32 queries=33
t=13316415 read event=1495 count=16384 submitted=24494080 read_us=278 tx_us=3643 ack_sample=0 fast_bytes=16384 slow_bytes=0 batches=26 queries=27
t=13320379 read event=1496 count=16384 submitted=24510464 read_us=260 tx_us=3672 ack_sample=0 fast_bytes=16384 slow_bytes=0 batches=28 queries=29
t=13324330 read event=1497 count=16384 submitted=24526848 read_us=282 tx_us=3561 ack_sample=0 fast_bytes=16384 slow_bytes=0 batches=19 queries=20
t=13328552 read event=1498 count=16384 submitted=24543232 read_us=764 tx_us=3423 ack_sample=0 fast_bytes=16384 slow_bytes=0 batches=7 queries=8
t=13332361 read event=1499 count=16384 submitted=24559616 read_us=284 tx_us=3487 ack_sample=0 fast_bytes=16384 slow_bytes=0 batches=10 queries=11
t=13336248 read event=1500 count=16384 submitted=24576000 read_us=349 tx_us=3491 ack_sample=0 fast_bytes=16384 slow_bytes=0 batches=13 queries=14
t=13340210 read event=1501 count=16384 submitted=24592384 read_us=274 tx_us=3515 ack_sample=0 fast_bytes=16384 slow_bytes=0 batches=14 queries=15
t=13344129 read event=1502 count=16384 submitted=24608768 read_us=262 tx_us=3613 ack_sample=0 fast_bytes=16384 slow_bytes=0 batches=23 queries=24
t=13348105 read event=1503 count=16384 submitted=24625152 read_us=260 tx_us=3684 ack_sample=0 fast_bytes=16384 slow_bytes=0 batches=29 queries=30
t=13352095 read event=1504 count=16384 submitted=24641536 read_us=263 tx_us=3696 ack_sample=0 fast_bytes=16384 slow_bytes=0 batches=30 queries=31
t=13356058 read event=1505 count=16384 submitted=24657920 read_us=267 tx_us=3592 ack_sample=0 fast_bytes=16384 slow_bytes=0 batches=21 queries=22
t=13360288 read event=1506 count=16384 submitted=24674304 read_us=773 tx_us=3423 ack_sample=0 fast_bytes=16384 slow_bytes=0 batches=7 queries=8
t=13364147 read event=1507 count=16384 submitted=24690688 read_us=268 tx_us=3551 ack_sample=0 fast_bytes=16384 slow_bytes=0 batches=14 queries=15
t=13371866 read event=1508 count=16384 submitted=24707072 read_us=320 tx_us=7352 ack_sample=0 fast_bytes=16368 slow_bytes=16 batches=333 queries=342
t=13375879 read event=1509 count=16384 submitted=24723456 read_us=273 tx_us=3594 ack_sample=0 fast_bytes=16384 slow_bytes=0 batches=21 queries=22
t=13379850 read event=1510 count=16384 submitted=24739840 read_us=262 tx_us=3673 ack_sample=0 fast_bytes=16384 slow_bytes=0 batches=28 queries=29
t=13383823 read event=1511 count=16384 submitted=24756224 read_us=258 tx_us=3685 ack_sample=0 fast_bytes=16384 slow_bytes=0 batches=29 queries=30
t=13387788 read event=1512 count=16384 submitted=24772608 read_us=263 tx_us=3672 ack_sample=0 fast_bytes=16384 slow_bytes=0 batches=28 queries=29
t=13391753 read event=1513 count=16384 submitted=24788992 read_us=263 tx_us=3604 ack_sample=0 fast_bytes=16384 slow_bytes=0 batches=22 queries=23
t=13395973 read event=1514 count=16384 submitted=24805376 read_us=754 tx_us=3431 ack_sample=0 fast_bytes=16384 slow_bytes=0 batches=7 queries=8
t=13399806 read event=1515 count=16384 submitted=24821760 read_us=267 tx_us=3529 ack_sample=0 fast_bytes=16384 slow_bytes=0 batches=12 queries=13
t=13403742 read event=1516 count=16384 submitted=24838144 read_us=320 tx_us=3566 ack_sample=0 fast_bytes=16384 slow_bytes=0 batches=19 queries=20
t=13407739 read event=1517 count=16384 submitted=24854528 read_us=274 tx_us=3584 ack_sample=0 fast_bytes=16384 slow_bytes=0 batches=20 queries=21
t=13411710 read event=1518 count=16384 submitted=24870912 read_us=265 tx_us=3667 ack_sample=0 fast_bytes=16384 slow_bytes=0 batches=27 queries=28
t=13415761 read event=1519 count=16384 submitted=24887296 read_us=261 tx_us=3753 ack_sample=0 fast_bytes=16384 slow_bytes=0 batches=35 queries=36
t=13419773 read event=1520 count=16384 submitted=24903680 read_us=262 tx_us=3720 ack_sample=0 fast_bytes=16384 slow_bytes=0 batches=32 queries=33
t=13423752 read event=1521 count=16384 submitted=24920064 read_us=265 tx_us=3605 ack_sample=0 fast_bytes=16384 slow_bytes=0 batches=22 queries=23
t=13427978 read event=1522 count=16384 submitted=24936448 read_us=748 tx_us=3443 ack_sample=0 fast_bytes=16384 slow_bytes=0 batches=8 queries=9
t=13435488 read event=1523 count=16384 submitted=24952832 read_us=270 tx_us=7204 ack_sample=0 fast_bytes=16370 slow_bytes=14 batches=317 queries=325
t=13439528 read event=1524 count=16384 submitted=24969216 read_us=290 tx_us=3714 ack_sample=0 fast_bytes=16384 slow_bytes=0 batches=32 queries=33
t=13443556 read event=1525 count=16384 submitted=24985600 read_us=290 tx_us=3596 ack_sample=0 fast_bytes=16384 slow_bytes=0 batches=22 queries=23
t=13447554 read event=1526 count=16384 submitted=25001984 read_us=277 tx_us=3685 ack_sample=0 fast_bytes=16384 slow_bytes=0 batches=30 queries=31
t=13451525 read event=1527 count=16384 submitted=25018368 read_us=275 tx_us=3664 ack_sample=0 fast_bytes=16384 slow_bytes=0 batches=28 queries=29
t=13455519 read event=1528 count=16384 submitted=25034752 read_us=278 tx_us=3688 ack_sample=0 fast_bytes=16384 slow_bytes=0 batches=30 queries=31
t=13459553 read event=1529 count=16384 submitted=25051136 read_us=285 tx_us=3629 ack_sample=0 fast_bytes=16384 slow_bytes=0 batches=25 queries=26
t=13463788 read event=1530 count=16384 submitted=25067520 read_us=762 tx_us=3438 ack_sample=0 fast_bytes=16384 slow_bytes=0 batches=7 queries=8
t=13467628 read event=1531 count=16384 submitted=25083904 read_us=267 tx_us=3534 ack_sample=0 fast_bytes=16384 slow_bytes=0 batches=13 queries=14
t=13471592 read event=1532 count=16384 submitted=25100288 read_us=338 tx_us=3582 ack_sample=0 fast_bytes=16384 slow_bytes=0 batches=21 queries=22
t=13475635 read event=1533 count=16384 submitted=25116672 read_us=273 tx_us=3609 ack_sample=0 fast_bytes=16384 slow_bytes=0 batches=23 queries=24
t=13479664 read event=1534 count=16384 submitted=25133056 read_us=279 tx_us=3714 ack_sample=0 fast_bytes=16384 slow_bytes=0 batches=32 queries=33
t=13483738 read event=1535 count=16384 submitted=25149440 read_us=268 tx_us=3775 ack_sample=0 fast_bytes=16384 slow_bytes=0 batches=37 queries=38
t=13487782 read event=1536 count=16384 submitted=25165824 read_us=259 tx_us=3754 ack_sample=1 fast_bytes=16384 slow_bytes=0 batches=35 queries=36
t=13487807 profile_ack event=1536 words=0 high_reads=0 low_reads=0 high_wait_words=0 low_wait_words=0 high_max_reads=0 low_max_reads=0 uninitialized=0
t=13491801 read event=1537 count=16384 submitted=25182208 read_us=263 tx_us=3642 ack_sample=0 fast_bytes=16384 slow_bytes=0 batches=25 queries=26
t=13496038 read event=1538 count=16384 submitted=25198592 read_us=748 tx_us=3457 ack_sample=0 fast_bytes=16384 slow_bytes=0 batches=9 queries=10
t=13503583 read event=1539 count=16384 submitted=25214976 read_us=268 tx_us=7241 ack_sample=0 fast_bytes=16378 slow_bytes=6 batches=324 queries=328
t=13507613 read event=1540 count=16384 submitted=25231360 read_us=288 tx_us=3705 ack_sample=0 fast_bytes=16384 slow_bytes=0 batches=31 queries=32
t=13511641 read event=1541 count=16384 submitted=25247744 read_us=271 tx_us=3601 ack_sample=0 fast_bytes=16384 slow_bytes=0 batches=21 queries=22
t=13515646 read event=1542 count=16384 submitted=25264128 read_us=280 tx_us=3688 ack_sample=0 fast_bytes=16384 slow_bytes=0 batches=30 queries=31
t=13519689 read event=1543 count=16384 submitted=25280512 read_us=275 tx_us=3736 ack_sample=0 fast_bytes=16384 slow_bytes=0 batches=34 queries=35
t=13523743 read event=1544 count=16384 submitted=25296896 read_us=258 tx_us=3755 ack_sample=0 fast_bytes=16384 slow_bytes=0 batches=35 queries=36
t=13527778 read event=1545 count=16384 submitted=25313280 read_us=265 tx_us=3652 ack_sample=0 fast_bytes=16384 slow_bytes=0 batches=26 queries=27
t=13532006 read event=1546 count=16384 submitted=25329664 read_us=746 tx_us=3445 ack_sample=0 fast_bytes=16384 slow_bytes=0 batches=8 queries=9
t=13535918 read event=1547 count=16384 submitted=25346048 read_us=274 tx_us=3598 ack_sample=0 fast_bytes=16384 slow_bytes=0 batches=18 queries=19
t=13539954 read event=1548 count=16384 submitted=25362432 read_us=325 tx_us=3662 ack_sample=0 fast_bytes=16384 slow_bytes=0 batches=27 queries=28
t=13544018 read event=1549 count=16384 submitted=25378816 read_us=275 tx_us=3644 ack_sample=0 fast_bytes=16384 slow_bytes=0 batches=25 queries=26
t=13548093 read event=1550 count=16384 submitted=25395200 read_us=261 tx_us=3777 ack_sample=0 fast_bytes=16384 slow_bytes=0 batches=37 queries=38
t=13552161 read event=1551 count=16384 submitted=25411584 read_us=259 tx_us=3778 ack_sample=0 fast_bytes=16384 slow_bytes=0 batches=37 queries=38
t=13556250 read event=1552 count=16384 submitted=25427968 read_us=268 tx_us=3791 ack_sample=0 fast_bytes=16384 slow_bytes=0 batches=38 queries=39
t=13563971 read event=1553 count=16384 submitted=25444352 read_us=263 tx_us=7359 ack_sample=0 fast_bytes=16370 slow_bytes=14 batches=335 queries=343
t=13568225 read event=1554 count=16384 submitted=25460736 read_us=775 tx_us=3445 ack_sample=0 fast_bytes=16384 slow_bytes=0 batches=9 queries=10
t=13572163 read event=1555 count=16384 submitted=25477120 read_us=268 tx_us=3632 ack_sample=0 fast_bytes=16384 slow_bytes=0 batches=21 queries=22
t=13576175 read event=1556 count=16384 submitted=25493504 read_us=315 tx_us=3627 ack_sample=0 fast_bytes=16384 slow_bytes=0 batches=24 queries=25
t=13580224 read event=1557 count=16384 submitted=25509888 read_us=273 tx_us=3632 ack_sample=0 fast_bytes=16384 slow_bytes=0 batches=24 queries=25
t=13584296 read event=1558 count=16384 submitted=25526272 read_us=261 tx_us=3774 ack_sample=0 fast_bytes=16384 slow_bytes=0 batches=37 queries=38
t=13588378 read event=1559 count=16384 submitted=25542656 read_us=261 tx_us=3790 ack_sample=0 fast_bytes=16384 slow_bytes=0 batches=38 queries=39
t=13592426 read event=1560 count=16384 submitted=25559040 read_us=262 tx_us=3756 ack_sample=0 fast_bytes=16384 slow_bytes=0 batches=35 queries=36
t=13596558 read event=1561 count=16384 submitted=25575424 read_us=325 tx_us=3560 ack_sample=0 fast_bytes=16384 slow_bytes=0 batches=17 queries=18
t=13600824 read event=1562 count=16384 submitted=25591808 read_us=784 tx_us=3442 ack_sample=0 fast_bytes=16384 slow_bytes=0 batches=8 queries=9
t=13604759 read event=1563 count=16384 submitted=25608192 read_us=275 tx_us=3623 ack_sample=0 fast_bytes=16384 slow_bytes=0 batches=20 queries=21
t=13608839 read event=1564 count=16384 submitted=25624576 read_us=316 tx_us=3719 ack_sample=0 fast_bytes=16384 slow_bytes=0 batches=31 queries=32
t=13612950 read event=1565 count=16384 submitted=25640960 read_us=275 tx_us=3690 ack_sample=0 fast_bytes=16384 slow_bytes=0 batches=29 queries=30
t=13617058 read event=1566 count=16384 submitted=25657344 read_us=259 tx_us=3811 ack_sample=0 fast_bytes=16384 slow_bytes=0 batches=40 queries=41
t=13621153 read event=1567 count=16384 submitted=25673728 read_us=261 tx_us=3800 ack_sample=0 fast_bytes=16384 slow_bytes=0 batches=39 queries=40
t=13628920 read event=1568 count=16384 submitted=25690112 read_us=263 tx_us=7472 ack_sample=0 fast_bytes=16366 slow_bytes=18 batches=343 queries=353
t=13633018 read event=1569 count=16384 submitted=25706496 read_us=267 tx_us=3719 ack_sample=0 fast_bytes=16384 slow_bytes=0 batches=32 queries=33
t=13637257 read event=1570 count=16384 submitted=25722880 read_us=771 tx_us=3433 ack_sample=0 fast_bytes=16384 slow_bytes=0 batches=8 queries=9
t=13641180 read event=1571 count=16384 submitted=25739264 read_us=268 tx_us=3617 ack_sample=0 fast_bytes=16384 slow_bytes=0 batches=20 queries=21
t=13645236 read event=1572 count=16384 submitted=25755648 read_us=327 tx_us=3683 ack_sample=0 fast_bytes=16384 slow_bytes=0 batches=29 queries=30
t=13649342 read event=1573 count=16384 submitted=25772032 read_us=273 tx_us=3687 ack_sample=0 fast_bytes=16384 slow_bytes=0 batches=29 queries=30
t=13653439 read event=1574 count=16384 submitted=25788416 read_us=262 tx_us=3800 ack_sample=0 fast_bytes=16384 slow_bytes=0 batches=39 queries=40
t=13657561 read event=1575 count=16384 submitted=25804800 read_us=277 tx_us=3815 ack_sample=0 fast_bytes=16384 slow_bytes=0 batches=41 queries=42
t=13661712 read event=1576 count=16384 submitted=25821184 read_us=280 tx_us=3841 ack_sample=0 fast_bytes=16384 slow_bytes=0 batches=43 queries=44
t=13665875 read event=1577 count=16384 submitted=25837568 read_us=261 tx_us=3790 ack_sample=0 fast_bytes=16384 slow_bytes=0 batches=38 queries=39
t=13670119 read event=1578 count=16384 submitted=25853952 read_us=742 tx_us=3467 ack_sample=0 fast_bytes=16384 slow_bytes=0 batches=10 queries=11
t=13674131 read event=1579 count=16384 submitted=25870336 read_us=274 tx_us=3700 ack_sample=0 fast_bytes=16384 slow_bytes=0 batches=26 queries=27
t=13678273 read event=1580 count=16384 submitted=25886720 read_us=305 tx_us=3791 ack_sample=0 fast_bytes=16384 slow_bytes=0 batches=38 queries=39
t=13682411 read event=1581 count=16384 submitted=25903104 read_us=275 tx_us=3722 ack_sample=0 fast_bytes=16384 slow_bytes=0 batches=32 queries=33
t=13690202 read event=1582 count=16384 submitted=25919488 read_us=262 tx_us=7494 ack_sample=0 fast_bytes=16368 slow_bytes=16 batches=346 queries=355
t=13694320 read event=1583 count=16384 submitted=25935872 read_us=262 tx_us=3824 ack_sample=0 fast_bytes=16384 slow_bytes=0 batches=41 queries=42
t=13698396 read event=1584 count=16384 submitted=25952256 read_us=265 tx_us=3766 ack_sample=0 fast_bytes=16384 slow_bytes=0 batches=36 queries=37
t=13702504 read event=1585 count=16384 submitted=25968640 read_us=281 tx_us=3725 ack_sample=0 fast_bytes=16384 slow_bytes=0 batches=33 queries=34
t=13706775 read event=1586 count=16384 submitted=25985024 read_us=774 tx_us=3463 ack_sample=0 fast_bytes=16384 slow_bytes=0 batches=10 queries=11
t=13710781 read event=1587 count=16384 submitted=26001408 read_us=268 tx_us=3700 ack_sample=0 fast_bytes=16384 slow_bytes=0 batches=25 queries=26
t=13714892 read event=1588 count=16384 submitted=26017792 read_us=318 tx_us=3742 ack_sample=0 fast_bytes=16384 slow_bytes=0 batches=34 queries=35
t=13719074 read event=1589 count=16384 submitted=26034176 read_us=275 tx_us=3762 ack_sample=0 fast_bytes=16384 slow_bytes=0 batches=35 queries=36
t=13723279 read event=1590 count=16384 submitted=26050560 read_us=263 tx_us=3908 ack_sample=0 fast_bytes=16384 slow_bytes=0 batches=48 queries=49
t=13727476 read event=1591 count=16384 submitted=26066944 read_us=259 tx_us=3905 ack_sample=0 fast_bytes=16384 slow_bytes=0 batches=48 queries=49
t=13731646 read event=1592 count=16384 submitted=26083328 read_us=280 tx_us=3860 ack_sample=0 fast_bytes=16384 slow_bytes=0 batches=45 queries=46
t=13735797 read event=1593 count=16384 submitted=26099712 read_us=274 tx_us=3754 ack_sample=0 fast_bytes=16384 slow_bytes=0 batches=35 queries=36
t=13740051 read event=1594 count=16384 submitted=26116096 read_us=751 tx_us=3467 ack_sample=0 fast_bytes=16384 slow_bytes=0 batches=10 queries=11
t=13744164 read event=1595 count=16384 submitted=26132480 read_us=269 tx_us=3807 ack_sample=0 fast_bytes=16384 slow_bytes=0 batches=32 queries=33
t=13751985 read event=1596 count=16384 submitted=26148864 read_us=288 tx_us=7478 ack_sample=0 fast_bytes=16364 slow_bytes=20 batches=342 queries=353
t=13756117 read event=1597 count=16384 submitted=26165248 read_us=274 tx_us=3711 ack_sample=0 fast_bytes=16384 slow_bytes=0 batches=31 queries=32
t=13760235 read event=1598 count=16384 submitted=26181632 read_us=261 tx_us=3822 ack_sample=0 fast_bytes=16384 slow_bytes=0 batches=41 queries=42
t=13764401 read event=1599 count=16384 submitted=26198016 read_us=264 tx_us=3869 ack_sample=0 fast_bytes=16384 slow_bytes=0 batches=45 queries=46
t=13768597 read event=1600 count=16384 submitted=26214400 read_us=260 tx_us=3905 ack_sample=1 fast_bytes=16384 slow_bytes=0 batches=48 queries=49
t=13768623 profile_ack event=1600 words=0 high_reads=0 low_reads=0 high_wait_words=0 low_wait_words=0 high_max_reads=0 low_max_reads=0 uninitialized=0
t=13772721 read event=1601 count=16384 submitted=26230784 read_us=278 tx_us=3722 ack_sample=0 fast_bytes=16384 slow_bytes=0 batches=33 queries=34
t=13776987 read event=1602 count=16384 submitted=26247168 read_us=759 tx_us=3474 ack_sample=0 fast_bytes=16384 slow_bytes=0 batches=11 queries=12
t=13781155 read event=1603 count=16384 submitted=26263552 read_us=277 tx_us=3852 ack_sample=0 fast_bytes=16384 slow_bytes=0 batches=38 queries=39
t=13785374 read event=1604 count=16384 submitted=26279936 read_us=282 tx_us=3884 ack_sample=0 fast_bytes=16384 slow_bytes=0 batches=46 queries=47
t=13789630 read event=1605 count=16384 submitted=26296320 read_us=298 tx_us=3816 ack_sample=0 fast_bytes=16384 slow_bytes=0 batches=41 queries=42
t=13793888 read event=1606 count=16384 submitted=26312704 read_us=275 tx_us=3949 ack_sample=0 fast_bytes=16384 slow_bytes=0 batches=52 queries=53
t=13798064 read event=1607 count=16384 submitted=26329088 read_us=262 tx_us=3882 ack_sample=0 fast_bytes=16384 slow_bytes=0 batches=46 queries=47
t=13802316 read event=1608 count=16384 submitted=26345472 read_us=258 tx_us=3962 ack_sample=0 fast_bytes=16384 slow_bytes=0 batches=53 queries=54
t=13806565 read event=1609 count=16384 submitted=26361856 read_us=263 tx_us=3883 ack_sample=0 fast_bytes=16384 slow_bytes=0 batches=46 queries=47
t=13814448 read event=1610 count=16384 submitted=26378240 read_us=796 tx_us=7051 ack_sample=0 fast_bytes=16368 slow_bytes=16 batches=303 queries=312
t=13818604 read event=1611 count=16384 submitted=26394624 read_us=370 tx_us=3699 ack_sample=0 fast_bytes=16384 slow_bytes=0 batches=29 queries=30
t=13822825 read event=1612 count=16384 submitted=26411008 read_us=283 tx_us=3900 ack_sample=0 fast_bytes=16384 slow_bytes=0 batches=47 queries=48
t=13827058 read event=1613 count=16384 submitted=26427392 read_us=271 tx_us=3813 ack_sample=0 fast_bytes=16384 slow_bytes=0 batches=40 queries=41
t=13831238 read event=1614 count=16384 submitted=26443776 read_us=260 tx_us=3883 ack_sample=0 fast_bytes=16384 slow_bytes=0 batches=46 queries=47
t=13835469 read event=1615 count=16384 submitted=26460160 read_us=261 tx_us=3938 ack_sample=0 fast_bytes=16384 slow_bytes=0 batches=51 queries=52
t=13839778 read event=1616 count=16384 submitted=26476544 read_us=278 tx_us=3999 ack_sample=0 fast_bytes=16384 slow_bytes=0 batches=56 queries=57
t=13844054 read event=1617 count=16384 submitted=26492928 read_us=264 tx_us=3904 ack_sample=0 fast_bytes=16384 slow_bytes=0 batches=48 queries=49
t=13848383 read event=1618 count=16384 submitted=26509312 read_us=767 tx_us=3526 ack_sample=0 fast_bytes=16384 slow_bytes=0 batches=16 queries=17
t=13852681 read event=1619 count=16384 submitted=26525696 read_us=271 tx_us=3989 ack_sample=0 fast_bytes=16384 slow_bytes=0 batches=49 queries=50
t=13856963 read event=1620 count=16384 submitted=26542080 read_us=277 tx_us=3953 ack_sample=0 fast_bytes=16384 slow_bytes=0 batches=52 queries=53
t=13861253 read event=1621 count=16384 submitted=26558464 read_us=269 tx_us=3878 ack_sample=0 fast_bytes=16384 slow_bytes=0 batches=45 queries=46
t=13865538 read event=1622 count=16384 submitted=26574848 read_us=264 tx_us=3985 ack_sample=0 fast_bytes=16384 slow_bytes=0 batches=55 queries=56
t=13873446 read event=1623 count=16384 submitted=26591232 read_us=279 tx_us=7597 ack_sample=0 fast_bytes=16364 slow_bytes=20 batches=353 queries=364
t=13877669 read event=1624 count=16384 submitted=26607616 read_us=275 tx_us=3917 ack_sample=0 fast_bytes=16384 slow_bytes=0 batches=50 queries=51
t=13881947 read event=1625 count=16384 submitted=26624000 read_us=260 tx_us=3906 ack_sample=0 fast_bytes=16384 slow_bytes=0 batches=48 queries=49
t=13886279 read event=1626 count=16384 submitted=26640384 read_us=755 tx_us=3543 ack_sample=0 fast_bytes=16384 slow_bytes=0 batches=18 queries=19
t=13890494 read event=1627 count=16384 submitted=26656768 read_us=270 tx_us=3906 ack_sample=0 fast_bytes=16384 slow_bytes=0 batches=42 queries=43
t=13894787 read event=1628 count=16384 submitted=26673152 read_us=301 tx_us=3954 ack_sample=0 fast_bytes=16384 slow_bytes=0 batches=52 queries=53
t=13899176 read event=1629 count=16384 submitted=26689536 read_us=269 tx_us=3981 ack_sample=0 fast_bytes=16384 slow_bytes=0 batches=54 queries=55
t=13903540 read event=1630 count=16384 submitted=26705920 read_us=260 tx_us=4069 ack_sample=0 fast_bytes=16384 slow_bytes=0 batches=62 queries=63
t=13907961 read event=1631 count=16384 submitted=26722304 read_us=278 tx_us=4114 ack_sample=0 fast_bytes=16384 slow_bytes=0 batches=66 queries=67
t=13912328 read event=1632 count=16384 submitted=26738688 read_us=264 tx_us=4072 ack_sample=0 fast_bytes=16384 slow_bytes=0 batches=61 queries=62
t=13916651 read event=1633 count=16384 submitted=26755072 read_us=263 tx_us=3953 ack_sample=0 fast_bytes=16384 slow_bytes=0 batches=52 queries=53
t=13920984 read event=1634 count=16384 submitted=26771456 read_us=767 tx_us=3532 ack_sample=0 fast_bytes=16384 slow_bytes=0 batches=16 queries=17
t=13925353 read event=1635 count=16384 submitted=26787840 read_us=270 tx_us=4061 ack_sample=0 fast_bytes=16384 slow_bytes=0 batches=55 queries=56
t=13933255 read event=1636 count=16384 submitted=26804224 read_us=269 tx_us=7593 ack_sample=0 fast_bytes=16372 slow_bytes=12 batches=356 queries=363
t=13937606 read event=1637 count=16384 submitted=26820608 read_us=274 tx_us=3932 ack_sample=0 fast_bytes=16384 slow_bytes=0 batches=50 queries=51
t=13941953 read event=1638 count=16384 submitted=26836992 read_us=279 tx_us=4033 ack_sample=0 fast_bytes=16384 slow_bytes=0 batches=59 queries=60
t=13946260 read event=1639 count=16384 submitted=26853376 read_us=263 tx_us=3999 ack_sample=0 fast_bytes=16384 slow_bytes=0 batches=56 queries=57
t=13950586 read event=1640 count=16384 submitted=26869760 read_us=260 tx_us=4034 ack_sample=0 fast_bytes=16384 slow_bytes=0 batches=59 queries=60
t=13955032 read event=1641 count=16384 submitted=26886144 read_us=277 tx_us=4058 ack_sample=0 fast_bytes=16384 slow_bytes=0 batches=61 queries=62
t=13959535 read event=1642 count=16384 submitted=26902528 read_us=769 tx_us=3702 ack_sample=0 fast_bytes=16384 slow_bytes=0 batches=31 queries=32
t=13964012 read event=1643 count=16384 submitted=26918912 read_us=288 tx_us=4152 ack_sample=0 fast_bytes=16384 slow_bytes=0 batches=63 queries=64
t=13968503 read event=1644 count=16384 submitted=26935296 read_us=263 tx_us=4193 ack_sample=0 fast_bytes=16384 slow_bytes=0 batches=72 queries=73
t=13972947 read event=1645 count=16384 submitted=26951680 read_us=292 tx_us=4011 ack_sample=0 fast_bytes=16384 slow_bytes=0 batches=57 queries=58
t=13977291 read event=1646 count=16384 submitted=26968064 read_us=264 tx_us=4045 ack_sample=0 fast_bytes=16384 slow_bytes=0 batches=60 queries=61
t=13981744 read event=1647 count=16384 submitted=26984448 read_us=265 tx_us=4156 ack_sample=0 fast_bytes=16384 slow_bytes=0 batches=69 queries=70
t=13989781 read event=1648 count=16384 submitted=27000832 read_us=255 tx_us=7751 ack_sample=0 fast_bytes=16366 slow_bytes=18 batches=367 queries=377
t=13994198 read event=1649 count=16384 submitted=27017216 read_us=268 tx_us=4046 ack_sample=0 fast_bytes=16384 slow_bytes=0 batches=60 queries=61
t=13998662 read event=1650 count=16384 submitted=27033600 read_us=763 tx_us=3669 ack_sample=0 fast_bytes=16384 slow_bytes=0 batches=28 queries=29
t=14003043 read event=1651 count=16384 submitted=27049984 read_us=283 tx_us=4059 ack_sample=0 fast_bytes=16384 slow_bytes=0 batches=55 queries=56
t=14007474 read event=1652 count=16384 submitted=27066368 read_us=270 tx_us=4120 ack_sample=0 fast_bytes=16384 slow_bytes=0 batches=66 queries=67
t=14012097 read event=1653 count=16384 submitted=27082752 read_us=297 tx_us=4186 ack_sample=0 fast_bytes=16384 slow_bytes=0 batches=71 queries=72
t=14016696 read event=1654 count=16384 submitted=27099136 read_us=265 tx_us=4300 ack_sample=0 fast_bytes=16384 slow_bytes=0 batches=82 queries=83
t=14021353 read event=1655 count=16384 submitted=27115520 read_us=265 tx_us=4351 ack_sample=0 fast_bytes=16384 slow_bytes=0 batches=86 queries=87
t=14025896 read event=1656 count=16384 submitted=27131904 read_us=260 tx_us=4251 ack_sample=0 fast_bytes=16384 slow_bytes=0 batches=77 queries=78
t=14030446 read event=1657 count=16384 submitted=27148288 read_us=261 tx_us=4173 ack_sample=0 fast_bytes=16384 slow_bytes=0 batches=71 queries=72
t=14034880 read event=1658 count=16384 submitted=27164672 read_us=779 tx_us=3619 ack_sample=0 fast_bytes=16384 slow_bytes=0 batches=23 queries=24
t=14039452 read event=1659 count=16384 submitted=27181056 read_us=276 tx_us=4257 ack_sample=0 fast_bytes=16384 slow_bytes=0 batches=72 queries=73
t=14047550 read event=1660 count=16384 submitted=27197440 read_us=288 tx_us=7773 ack_sample=0 fast_bytes=16372 slow_bytes=12 batches=372 queries=379
t=14052104 read event=1661 count=16384 submitted=27213824 read_us=285 tx_us=4127 ack_sample=0 fast_bytes=16384 slow_bytes=0 batches=67 queries=68
t=14056588 read event=1662 count=16384 submitted=27230208 read_us=263 tx_us=4185 ack_sample=0 fast_bytes=16384 slow_bytes=0 batches=72 queries=73
t=14061148 read event=1663 count=16384 submitted=27246592 read_us=282 tx_us=4245 ack_sample=0 fast_bytes=16384 slow_bytes=0 batches=77 queries=78
t=14065840 read event=1664 count=16384 submitted=27262976 read_us=258 tx_us=4402 ack_sample=1 fast_bytes=16384 slow_bytes=0 batches=90 queries=91
t=14065871 profile_ack event=1664 words=0 high_reads=0 low_reads=0 high_wait_words=0 low_wait_words=0 high_max_reads=0 low_max_reads=0 uninitialized=0
t=14070589 read event=1665 count=16384 submitted=27279360 read_us=268 tx_us=4351 ack_sample=0 fast_bytes=16384 slow_bytes=0 batches=86 queries=87
t=14075328 read event=1666 count=16384 submitted=27295744 read_us=785 tx_us=3906 ack_sample=0 fast_bytes=16384 slow_bytes=0 batches=48 queries=49
t=14079989 read event=1667 count=16384 submitted=27312128 read_us=274 tx_us=4346 ack_sample=0 fast_bytes=16384 slow_bytes=0 batches=79 queries=80
t=14084696 read event=1668 count=16384 submitted=27328512 read_us=272 tx_us=4397 ack_sample=0 fast_bytes=16384 slow_bytes=0 batches=90 queries=91
t=14089238 read event=1669 count=16384 submitted=27344896 read_us=269 tx_us=4118 ack_sample=0 fast_bytes=16384 slow_bytes=0 batches=66 queries=67
t=14093948 read event=1670 count=16384 submitted=27361280 read_us=267 tx_us=4407 ack_sample=0 fast_bytes=16384 slow_bytes=0 batches=91 queries=92
t=14102184 read event=1671 count=16384 submitted=27377664 read_us=273 tx_us=7929 ack_sample=0 fast_bytes=16366 slow_bytes=18 batches=382 queries=392
t=14106862 read event=1672 count=16384 submitted=27394048 read_us=259 tx_us=4388 ack_sample=0 fast_bytes=16384 slow_bytes=0 batches=89 queries=90
t=14111450 read event=1673 count=16384 submitted=27410432 read_us=260 tx_us=4226 ack_sample=0 fast_bytes=16384 slow_bytes=0 batches=74 queries=75
t=14116147 read event=1674 count=16384 submitted=27426816 read_us=765 tx_us=3897 ack_sample=0 fast_bytes=16384 slow_bytes=0 batches=47 queries=48
t=14121067 read event=1675 count=16384 submitted=27443200 read_us=269 tx_us=4611 ack_sample=0 fast_bytes=16384 slow_bytes=0 batches=102 queries=103
t=14125916 read event=1676 count=16384 submitted=27459584 read_us=268 tx_us=4546 ack_sample=0 fast_bytes=16384 slow_bytes=0 batches=102 queries=103
t=14130774 read event=1677 count=16384 submitted=27475968 read_us=268 tx_us=4450 ack_sample=0 fast_bytes=16384 slow_bytes=0 batches=94 queries=95
t=14135669 read event=1678 count=16384 submitted=27492352 read_us=264 tx_us=4596 ack_sample=0 fast_bytes=16384 slow_bytes=0 batches=107 queries=108
t=14140431 read event=1679 count=16384 submitted=27508736 read_us=274 tx_us=4454 ack_sample=0 fast_bytes=16384 slow_bytes=0 batches=95 queries=96
t=14145157 read event=1680 count=16384 submitted=27525120 read_us=270 tx_us=4424 ack_sample=0 fast_bytes=16384 slow_bytes=0 batches=93 queries=94
t=14153530 read event=1681 count=16384 submitted=27541504 read_us=263 tx_us=8008 ack_sample=0 fast_bytes=16368 slow_bytes=16 batches=390 queries=399
t=14158306 read event=1682 count=16384 submitted=27557888 read_us=762 tx_us=3980 ack_sample=0 fast_bytes=16384 slow_bytes=0 batches=54 queries=55
t=14163051 read event=1683 count=16384 submitted=27574272 read_us=270 tx_us=4435 ack_sample=0 fast_bytes=16384 slow_bytes=0 batches=87 queries=88
t=14167938 read event=1684 count=16384 submitted=27590656 read_us=270 tx_us=4581 ack_sample=0 fast_bytes=16384 slow_bytes=0 batches=105 queries=106
t=14173039 read event=1685 count=16384 submitted=27607040 read_us=270 tx_us=4684 ack_sample=0 fast_bytes=16384 slow_bytes=0 batches=114 queries=115
t=14178112 read event=1686 count=16384 submitted=27623424 read_us=261 tx_us=4777 ack_sample=0 fast_bytes=16384 slow_bytes=0 batches=122 queries=123
t=14183161 read event=1687 count=16384 submitted=27639808 read_us=262 tx_us=4752 ack_sample=0 fast_bytes=16384 slow_bytes=0 batches=120 queries=121
t=14188187 read event=1688 count=16384 submitted=27656192 read_us=257 tx_us=4738 ack_sample=0 fast_bytes=16384 slow_bytes=0 batches=119 queries=120
t=14193111 read event=1689 count=16384 submitted=27672576 read_us=260 tx_us=4564 ack_sample=0 fast_bytes=16384 slow_bytes=0 batches=104 queries=105
t=14198015 read event=1690 count=16384 submitted=27688960 read_us=779 tx_us=4092 ack_sample=0 fast_bytes=16384 slow_bytes=0 batches=64 queries=65
t=14206494 read event=1691 count=16384 submitted=27705344 read_us=270 tx_us=8170 ack_sample=0 fast_bytes=16368 slow_bytes=16 batches=398 queries=407
t=14211483 read event=1692 count=16384 submitted=27721728 read_us=284 tx_us=4668 ack_sample=0 fast_bytes=16384 slow_bytes=0 batches=112 queries=113
t=14216433 read event=1693 count=16384 submitted=27738112 read_us=289 tx_us=4519 ack_sample=0 fast_bytes=16384 slow_bytes=0 batches=100 queries=101
t=14221727 read event=1694 count=16384 submitted=27754496 read_us=284 tx_us=4953 ack_sample=0 fast_bytes=16384 slow_bytes=0 batches=137 queries=138
t=14227012 read event=1695 count=16384 submitted=27770880 read_us=265 tx_us=4985 ack_sample=0 fast_bytes=16384 slow_bytes=0 batches=140 queries=141
t=14232287 read event=1696 count=16384 submitted=27787264 read_us=260 tx_us=4984 ack_sample=0 fast_bytes=16384 slow_bytes=0 batches=140 queries=141
t=14237591 read event=1697 count=16384 submitted=27803648 read_us=260 tx_us=4940 ack_sample=0 fast_bytes=16384 slow_bytes=0 batches=136 queries=137
t=14242796 read event=1698 count=16384 submitted=27820032 read_us=766 tx_us=4406 ack_sample=0 fast_bytes=16384 slow_bytes=0 batches=90 queries=91
t=14251418 read event=1699 count=16384 submitted=27836416 read_us=276 tx_us=8307 ack_sample=0 fast_bytes=16368 slow_bytes=16 batches=409 queries=418
t=14256504 read event=1700 count=16384 submitted=27852800 read_us=288 tx_us=4761 ack_sample=0 fast_bytes=16384 slow_bytes=0 batches=122 queries=123
t=14261620 read event=1701 count=16384 submitted=27869184 read_us=286 tx_us=4691 ack_sample=0 fast_bytes=16384 slow_bytes=0 batches=115 queries=116
t=14266953 read event=1702 count=16384 submitted=27885568 read_us=280 tx_us=5017 ack_sample=0 fast_bytes=16384 slow_bytes=0 batches=143 queries=144
t=14272463 read event=1703 count=16384 submitted=27901952 read_us=263 tx_us=5216 ack_sample=0 fast_bytes=16384 slow_bytes=0 batches=160 queries=161
t=14278013 read event=1704 count=16384 submitted=27918336 read_us=276 tx_us=5243 ack_sample=0 fast_bytes=16384 slow_bytes=0 batches=162 queries=163
t=14283501 read event=1705 count=16384 submitted=27934720 read_us=264 tx_us=5113 ack_sample=0 fast_bytes=16384 slow_bytes=0 batches=151 queries=152
t=14288951 read event=1706 count=16384 submitted=27951104 read_us=766 tx_us=4650 ack_sample=0 fast_bytes=16384 slow_bytes=0 batches=111 queries=112
t=14294259 read event=1707 count=16384 submitted=27967488 read_us=273 tx_us=4998 ack_sample=0 fast_bytes=16384 slow_bytes=0 batches=135 queries=136
t=14303020 read event=1708 count=16384 submitted=27983872 read_us=271 tx_us=8452 ack_sample=0 fast_bytes=16370 slow_bytes=14 batches=428 queries=436
t=14308291 read event=1709 count=16384 submitted=28000256 read_us=271 tx_us=4860 ack_sample=0 fast_bytes=16384 slow_bytes=0 batches=129 queries=130
t=14313830 read event=1710 count=16384 submitted=28016640 read_us=263 tx_us=5241 ack_sample=0 fast_bytes=16384 slow_bytes=0 batches=160 queries=161
t=14319586 read event=1711 count=16384 submitted=28033024 read_us=260 tx_us=5466 ack_sample=0 fast_bytes=16384 slow_bytes=0 batches=181 queries=182
t=14325309 read event=1712 count=16384 submitted=28049408 read_us=278 tx_us=5413 ack_sample=0 fast_bytes=16384 slow_bytes=0 batches=177 queries=178
t=14330977 read event=1713 count=16384 submitted=28065792 read_us=264 tx_us=5305 ack_sample=0 fast_bytes=16384 slow_bytes=0 batches=167 queries=168
t=14336606 read event=1714 count=16384 submitted=28082176 read_us=802 tx_us=4794 ack_sample=0 fast_bytes=16384 slow_bytes=0 batches=124 queries=125
t=14345469 read event=1715 count=16384 submitted=28098560 read_us=284 tx_us=8542 ack_sample=0 fast_bytes=16370 slow_bytes=14 batches=430 queries=438
t=14350988 read event=1716 count=16384 submitted=28114944 read_us=287 tx_us=5192 ack_sample=0 fast_bytes=16384 slow_bytes=0 batches=158 queries=159
t=14356433 read event=1717 count=16384 submitted=28131328 read_us=269 tx_us=5033 ack_sample=0 fast_bytes=16384 slow_bytes=0 batches=144 queries=145
t=14362451 read event=1718 count=16384 submitted=28147712 read_us=279 tx_us=5704 ack_sample=0 fast_bytes=16384 slow_bytes=0 batches=202 queries=203
t=14368248 read event=1719 count=16384 submitted=28164096 read_us=281 tx_us=5485 ack_sample=0 fast_bytes=16384 slow_bytes=0 batches=183 queries=184
t=14374195 read event=1720 count=16384 submitted=28180480 read_us=260 tx_us=5656 ack_sample=0 fast_bytes=16384 slow_bytes=0 batches=197 queries=198
t=14380062 read event=1721 count=16384 submitted=28196864 read_us=259 tx_us=5504 ack_sample=0 fast_bytes=16384 slow_bytes=0 batches=184 queries=185
t=14385571 read event=1722 count=16384 submitted=28213248 read_us=772 tx_us=4688 ack_sample=0 fast_bytes=16384 slow_bytes=0 batches=115 queries=116
t=14394661 read event=1723 count=16384 submitted=28229632 read_us=292 tx_us=8751 ack_sample=0 fast_bytes=16364 slow_bytes=20 batches=446 queries=457
t=14400305 read event=1724 count=16384 submitted=28246016 read_us=282 tx_us=5324 ack_sample=0 fast_bytes=16384 slow_bytes=0 batches=169 queries=170
t=14406484 read event=1725 count=16384 submitted=28262400 read_us=268 tx_us=5750 ack_sample=0 fast_bytes=16384 slow_bytes=0 batches=206 queries=207
t=14412635 read event=1726 count=16384 submitted=28278784 read_us=279 tx_us=5839 ack_sample=0 fast_bytes=16384 slow_bytes=0 batches=212 queries=213
t=14418769 read event=1727 count=16384 submitted=28295168 read_us=279 tx_us=5822 ack_sample=0 fast_bytes=16384 slow_bytes=0 batches=211 queries=212
t=14424797 read event=1728 count=16384 submitted=28311552 read_us=258 tx_us=5736 ack_sample=1 fast_bytes=16384 slow_bytes=0 batches=204 queries=205
t=14424822 profile_ack event=1728 words=0 high_reads=0 low_reads=0 high_wait_words=0 low_wait_words=0 high_max_reads=0 low_max_reads=0 uninitialized=0
t=14430489 read event=1729 count=16384 submitted=28327936 read_us=262 tx_us=5311 ack_sample=0 fast_bytes=16384 slow_bytes=0 batches=168 queries=169
t=14439808 read event=1730 count=16384 submitted=28344320 read_us=770 tx_us=8515 ack_sample=0 fast_bytes=16360 slow_bytes=24 batches=422 queries=435
t=14445640 read event=1731 count=16384 submitted=28360704 read_us=275 tx_us=5517 ack_sample=0 fast_bytes=16384 slow_bytes=0 batches=185 queries=186
t=14452133 read event=1732 count=16384 submitted=28377088 read_us=277 tx_us=6182 ack_sample=0 fast_bytes=16384 slow_bytes=0 batches=242 queries=243
t=14458266 read event=1733 count=16384 submitted=28393472 read_us=274 tx_us=5719 ack_sample=0 fast_bytes=16384 slow_bytes=0 batches=202 queries=203
t=14464460 read event=1734 count=16384 submitted=28409856 read_us=261 tx_us=5899 ack_sample=0 fast_bytes=16384 slow_bytes=0 batches=217 queries=218
t=14470594 read event=1735 count=16384 submitted=28426240 read_us=278 tx_us=5824 ack_sample=0 fast_bytes=16384 slow_bytes=0 batches=212 queries=213
t=14479782 read event=1736 count=16384 submitted=28442624 read_us=275 tx_us=8882 ack_sample=0 fast_bytes=16362 slow_bytes=22 batches=461 queries=473
t=14485682 read event=1737 count=16384 submitted=28459008 read_us=261 tx_us=5535 ack_sample=0 fast_bytes=16384 slow_bytes=0 batches=187 queries=188
t=14491964 read event=1738 count=16384 submitted=28475392 read_us=762 tx_us=5487 ack_sample=0 fast_bytes=16384 slow_bytes=0 batches=182 queries=183
t=14498452 read event=1739 count=16384 submitted=28491776 read_us=325 tx_us=6124 ack_sample=0 fast_bytes=16384 slow_bytes=0 batches=234 queries=235
t=14504883 read event=1740 count=16384 submitted=28508160 read_us=286 tx_us=6109 ack_sample=0 fast_bytes=16384 slow_bytes=0 batches=236 queries=237
t=14511078 read event=1741 count=16384 submitted=28524544 read_us=270 tx_us=5777 ack_sample=0 fast_bytes=16384 slow_bytes=0 batches=205 queries=206
t=14517049 read event=1742 count=16384 submitted=28540928 read_us=281 tx_us=5651 ack_sample=0 fast_bytes=16384 slow_bytes=0 batches=195 queries=196
t=14526501 read event=1743 count=16384 submitted=28557312 read_us=266 tx_us=9152 ack_sample=0 fast_bytes=16360 slow_bytes=24 batches=483 queries=496
t=14532697 read event=1744 count=16384 submitted=28573696 read_us=279 tx_us=5885 ack_sample=0 fast_bytes=16384 slow_bytes=0 batches=217 queries=218
t=14539592 read event=1745 count=16384 submitted=28590080 read_us=287 tx_us=6465 ack_sample=0 fast_bytes=16384 slow_bytes=0 batches=266 queries=267
t=14546093 read event=1746 count=16384 submitted=28606464 read_us=788 tx_us=5676 ack_sample=0 fast_bytes=16384 slow_bytes=0 batches=198 queries=199
t=14552487 read event=1747 count=16384 submitted=28622848 read_us=396 tx_us=5952 ack_sample=0 fast_bytes=16384 slow_bytes=0 batches=222 queries=223
t=14558756 read event=1748 count=16384 submitted=28639232 read_us=289 tx_us=5927 ack_sample=0 fast_bytes=16384 slow_bytes=0 batches=220 queries=221
t=14558788 profile_poll polls=1024 elapsed_us=25953 interval_us=27811 chunks=4
t=14568206 read event=1749 count=16384 submitted=28655616 read_us=277 tx_us=9016 ack_sample=0 fast_bytes=16366 slow_bytes=18 batches=473 queries=483
t=14574630 read event=1750 count=16384 submitted=28672000 read_us=288 tx_us=6093 ack_sample=0 fast_bytes=16384 slow_bytes=0 batches=234 queries=235
t=14581755 read event=1751 count=16384 submitted=28688384 read_us=284 tx_us=6808 ack_sample=0 fast_bytes=16384 slow_bytes=0 batches=295 queries=296
t=14588503 read event=1752 count=16384 submitted=28704768 read_us=259 tx_us=6455 ack_sample=0 fast_bytes=16384 slow_bytes=0 batches=264 queries=265
t=14595006 read event=1753 count=16384 submitted=28721152 read_us=302 tx_us=6078 ack_sample=0 fast_bytes=16384 slow_bytes=0 batches=233 queries=234
t=14601326 read event=1754 count=16384 submitted=28737536 read_us=819 tx_us=5463 ack_sample=0 fast_bytes=16384 slow_bytes=0 batches=181 queries=182
t=14611016 read event=1755 count=16384 submitted=28753920 read_us=309 tx_us=9340 ack_sample=0 fast_bytes=16364 slow_bytes=20 batches=495 queries=506
t=14617855 read event=1756 count=16384 submitted=28770304 read_us=274 tx_us=6527 ack_sample=0 fast_bytes=16384 slow_bytes=0 batches=271 queries=272
t=14625036 read event=1757 count=16384 submitted=28786688 read_us=270 tx_us=6761 ack_sample=0 fast_bytes=16384 slow_bytes=0 batches=291 queries=292
t=14632025 read event=1758 count=16384 submitted=28803072 read_us=264 tx_us=6691 ack_sample=0 fast_bytes=16384 slow_bytes=0 batches=285 queries=286
t=14638822 read event=1759 count=16384 submitted=28819456 read_us=261 tx_us=6504 ack_sample=0 fast_bytes=16384 slow_bytes=0 batches=269 queries=270
t=14648461 read event=1760 count=16384 submitted=28835840 read_us=258 tx_us=9348 ack_sample=0 fast_bytes=16362 slow_bytes=22 batches=501 queries=513
t=14655347 read event=1761 count=16384 submitted=28852224 read_us=283 tx_us=6499 ack_sample=0 fast_bytes=16384 slow_bytes=0 batches=269 queries=270
t=14662887 read event=1762 count=16384 submitted=28868608 read_us=792 tx_us=6710 ack_sample=0 fast_bytes=16384 slow_bytes=0 batches=284 queries=285
t=14670236 read event=1763 count=16384 submitted=28884992 read_us=339 tx_us=6951 ack_sample=0 fast_bytes=16384 slow_bytes=0 batches=307 queries=308
t=14677311 read event=1764 count=16384 submitted=28901376 read_us=267 tx_us=6771 ack_sample=0 fast_bytes=16384 slow_bytes=0 batches=292 queries=293
t=14686744 read event=1765 count=16384 submitted=28917760 read_us=288 tx_us=9006 ack_sample=0 fast_bytes=16366 slow_bytes=18 batches=474 queries=484
t=14693961 read event=1766 count=16384 submitted=28934144 read_us=264 tx_us=6917 ack_sample=0 fast_bytes=16382 slow_bytes=2 batches=303 queries=305
t=14701562 read event=1767 count=16384 submitted=28950528 read_us=261 tx_us=7308 ack_sample=0 fast_bytes=16384 slow_bytes=0 batches=338 queries=339
t=14709115 read event=1768 count=16384 submitted=28966912 read_us=273 tx_us=7249 ack_sample=0 fast_bytes=16384 slow_bytes=0 batches=332 queries=333
t=14716364 read event=1769 count=16384 submitted=28983296 read_us=269 tx_us=6875 ack_sample=0 fast_bytes=16384 slow_bytes=0 batches=301 queries=302
t=14723214 read event=1770 count=16384 submitted=28999680 read_us=771 tx_us=6043 ack_sample=0 fast_bytes=16384 slow_bytes=0 batches=228 queries=229
t=14733260 read event=1771 count=16384 submitted=29016064 read_us=368 tx_us=9623 ack_sample=0 fast_bytes=16370 slow_bytes=14 batches=528 queries=536
t=14740713 read event=1772 count=16384 submitted=29032448 read_us=276 tx_us=7141 ack_sample=0 fast_bytes=16384 slow_bytes=0 batches=324 queries=325
t=14748336 read event=1773 count=16384 submitted=29048832 read_us=274 tx_us=7195 ack_sample=0 fast_bytes=16384 slow_bytes=0 batches=328 queries=329
t=14755674 read event=1774 count=16384 submitted=29065216 read_us=268 tx_us=7033 ack_sample=0 fast_bytes=16384 slow_bytes=0 batches=314 queries=315
t=14762725 read event=1775 count=16384 submitted=29081600 read_us=272 tx_us=6747 ack_sample=0 fast_bytes=16384 slow_bytes=0 batches=290 queries=291
t=14771538 read event=1776 count=16384 submitted=29097984 read_us=258 tx_us=8511 ack_sample=0 fast_bytes=16372 slow_bytes=12 batches=431 queries=438
t=14776908 read event=1777 count=16384 submitted=29114368 read_us=292 tx_us=4961 ack_sample=0 fast_bytes=16384 slow_bytes=0 batches=138 queries=139
t=14782340 read event=1778 count=16384 submitted=29130752 read_us=759 tx_us=4638 ack_sample=0 fast_bytes=16384 slow_bytes=0 batches=110 queries=111
t=14787787 read event=1779 count=16384 submitted=29147136 read_us=272 tx_us=5135 ack_sample=0 fast_bytes=16384 slow_bytes=0 batches=146 queries=147
t=14793152 read event=1780 count=16384 submitted=29163520 read_us=269 tx_us=5059 ack_sample=0 fast_bytes=16384 slow_bytes=0 batches=146 queries=147
t=14798461 read event=1781 count=16384 submitted=29179904 read_us=270 tx_us=4894 ack_sample=0 fast_bytes=16384 slow_bytes=0 batches=132 queries=133
t=14803615 read event=1782 count=16384 submitted=29196288 read_us=281 tx_us=4838 ack_sample=0 fast_bytes=16384 slow_bytes=0 batches=128 queries=129
t=14808954 read event=1783 count=16384 submitted=29212672 read_us=280 tx_us=5028 ack_sample=0 fast_bytes=16384 slow_bytes=0 batches=143 queries=144
t=14826558 read event=1784 count=16384 submitted=29229056 read_us=259 tx_us=17312 ack_sample=0 fast_bytes=16342 slow_bytes=42 batches=1171 queries=1193
t=14838759 read event=1785 count=16384 submitted=29245440 read_us=280 tx_us=11814 ack_sample=0 fast_bytes=16382 slow_bytes=2 batches=716 queries=718
t=14859461 read event=1786 count=16384 submitted=29261824 read_us=757 tx_us=19907 ack_sample=0 fast_bytes=16346 slow_bytes=38 batches=1389 queries=1409
t=14869591 read event=1787 count=16384 submitted=29278208 read_us=293 tx_us=9797 ack_sample=0 fast_bytes=16384 slow_bytes=0 batches=551 queries=552
t=14883913 read event=1788 count=16384 submitted=29294592 read_us=285 tx_us=14001 ack_sample=0 fast_bytes=16348 slow_bytes=36 batches=891 queries=910
t=14897934 read event=1789 count=16384 submitted=29310976 read_us=270 tx_us=13601 ack_sample=0 fast_bytes=16370 slow_bytes=14 batches=868 queries=876
t=14905997 read event=1790 count=16384 submitted=29327360 read_us=263 tx_us=7764 ack_sample=0 fast_bytes=16384 slow_bytes=0 batches=377 queries=378
t=14921446 read event=1791 count=16384 submitted=29343744 read_us=259 tx_us=15159 ack_sample=0 fast_bytes=16352 slow_bytes=32 batches=991 queries=1008
t=14932735 read event=1792 count=16384 submitted=29360128 read_us=276 tx_us=10980 ack_sample=1 fast_bytes=16376 slow_bytes=8 batches=648 queries=653
t=14932761 profile_ack event=1792 words=4 high_reads=8 low_reads=8 high_wait_words=4 low_wait_words=4 high_max_reads=2 low_max_reads=2 uninitialized=0
t=14940135 read event=1793 count=16384 submitted=29376512 read_us=268 tx_us=7014 ack_sample=0 fast_bytes=16384 slow_bytes=0 batches=313 queries=314
t=14952536 read event=1794 count=16384 submitted=29392896 read_us=771 tx_us=11595 ack_sample=0 fast_bytes=16358 slow_bytes=26 batches=685 queries=699
t=14964859 read event=1795 count=16384 submitted=29409280 read_us=292 tx_us=11990 ack_sample=0 fast_bytes=16360 slow_bytes=24 batches=725 queries=738
t=14972853 read event=1796 count=16384 submitted=29425664 read_us=264 tx_us=7697 ack_sample=0 fast_bytes=16384 slow_bytes=0 batches=371 queries=372
t=14980492 read event=1797 count=16384 submitted=29442048 read_us=267 tx_us=7234 ack_sample=0 fast_bytes=16374 slow_bytes=10 batches=327 queries=333
t=14994280 read event=1798 count=16384 submitted=29458432 read_us=278 tx_us=13474 ack_sample=0 fast_bytes=16342 slow_bytes=42 batches=843 queries=865
t=15003767 read event=1799 count=16384 submitted=29474816 read_us=260 tx_us=9195 ack_sample=0 fast_bytes=16384 slow_bytes=0 batches=499 queries=500
t=15010890 read event=1800 count=16384 submitted=29491200 read_us=257 tx_us=6834 ack_sample=0 fast_bytes=16384 slow_bytes=0 batches=297 queries=298
t=15018038 read event=1801 count=16384 submitted=29507584 read_us=270 tx_us=6768 ack_sample=0 fast_bytes=16382 slow_bytes=2 batches=291 queries=293
t=15031244 read event=1802 count=16384 submitted=29523968 read_us=771 tx_us=12386 ack_sample=0 fast_bytes=16352 slow_bytes=32 batches=749 queries=766
t=15040187 read event=1803 count=16384 submitted=29540352 read_us=277 tx_us=8623 ack_sample=0 fast_bytes=16376 slow_bytes=8 batches=446 queries=451
t=15047494 read event=1804 count=16384 submitted=29556736 read_us=260 tx_us=7012 ack_sample=0 fast_bytes=16384 slow_bytes=0 batches=313 queries=314
t=15054329 read event=1805 count=16384 submitted=29573120 read_us=284 tx_us=6398 ack_sample=0 fast_bytes=16384 slow_bytes=0 batches=261 queries=262
t=15066458 read event=1806 count=16384 submitted=29589504 read_us=265 tx_us=11828 ack_sample=0 fast_bytes=16348 slow_bytes=36 batches=705 queries=724
t=15074831 read event=1807 count=16384 submitted=29605888 read_us=276 tx_us=8065 ack_sample=0 fast_bytes=16378 slow_bytes=6 batches=400 queries=404
t=15082697 read event=1808 count=16384 submitted=29622272 read_us=260 tx_us=7571 ack_sample=0 fast_bytes=16384 slow_bytes=0 batches=361 queries=362
t=15089572 read event=1809 count=16384 submitted=29638656 read_us=263 tx_us=6497 ack_sample=0 fast_bytes=16384 slow_bytes=0 batches=269 queries=270
t=15099854 read event=1810 count=16384 submitted=29655040 read_us=768 tx_us=9479 ack_sample=0 fast_bytes=16368 slow_bytes=16 batches=509 queries=518
t=15108431 read event=1811 count=16384 submitted=29671424 read_us=272 tx_us=8262 ack_sample=0 fast_bytes=16376 slow_bytes=8 batches=415 queries=420
t=15116370 read event=1812 count=16384 submitted=29687808 read_us=286 tx_us=7620 ack_sample=0 fast_bytes=16374 slow_bytes=10 batches=360 queries=366
t=15124142 read event=1813 count=16384 submitted=29704192 read_us=292 tx_us=7328 ack_sample=0 fast_bytes=16384 slow_bytes=0 batches=340 queries=341
t=15130925 read event=1814 count=16384 submitted=29720576 read_us=262 tx_us=6483 ack_sample=0 fast_bytes=16384 slow_bytes=0 batches=268 queries=269
t=15141612 read event=1815 count=16384 submitted=29736960 read_us=257 tx_us=10396 ack_sample=0 fast_bytes=16360 slow_bytes=24 batches=589 queries=602
t=15149091 read event=1816 count=16384 submitted=29753344 read_us=273 tx_us=7174 ack_sample=0 fast_bytes=16376 slow_bytes=8 batches=323 queries=328
t=15157654 read event=1817 count=16384 submitted=29769728 read_us=265 tx_us=8195 ack_sample=0 fast_bytes=16382 slow_bytes=2 batches=413 queries=415
t=15164765 read event=1818 count=16384 submitted=29786112 read_us=772 tx_us=6303 ack_sample=0 fast_bytes=16384 slow_bytes=0 batches=250 queries=251
t=15171660 read event=1819 count=16384 submitted=29802496 read_us=361 tx_us=6476 ack_sample=0 fast_bytes=16384 slow_bytes=0 batches=267 queries=268
t=15182350 read event=1820 count=16384 submitted=29818880 read_us=274 tx_us=10377 ack_sample=0 fast_bytes=16356 slow_bytes=28 batches=586 queries=601
t=15190375 read event=1821 count=16384 submitted=29835264 read_us=287 tx_us=7598 ack_sample=0 fast_bytes=16376 slow_bytes=8 batches=359 queries=364
t=15198288 read event=1822 count=16384 submitted=29851648 read_us=264 tx_us=7613 ack_sample=0 fast_bytes=16380 slow_bytes=4 batches=362 queries=365
t=15205315 read event=1823 count=16384 submitted=29868032 read_us=260 tx_us=6734 ack_sample=0 fast_bytes=16384 slow_bytes=0 batches=289 queries=290
t=15216090 read event=1824 count=16384 submitted=29884416 read_us=258 tx_us=10485 ack_sample=0 fast_bytes=16362 slow_bytes=22 batches=596 queries=608
t=15223861 read event=1825 count=16384 submitted=29900800 read_us=266 tx_us=7397 ack_sample=0 fast_bytes=16378 slow_bytes=6 batches=342 queries=346
t=15231865 read event=1826 count=16384 submitted=29917184 read_us=759 tx_us=7209 ack_sample=0 fast_bytes=16378 slow_bytes=6 batches=322 queries=326
t=15239854 read event=1827 count=16384 submitted=29933568 read_us=311 tx_us=7619 ack_sample=0 fast_bytes=16382 slow_bytes=2 batches=363 queries=365
t=15246848 read event=1828 count=16384 submitted=29949952 read_us=262 tx_us=6696 ack_sample=0 fast_bytes=16384 slow_bytes=0 batches=286 queries=287
t=15258246 read event=1829 count=16384 submitted=29966336 read_us=274 tx_us=10982 ack_sample=0 fast_bytes=16362 slow_bytes=22 batches=640 queries=652
t=15266243 read event=1830 count=16384 submitted=29982720 read_us=265 tx_us=7677 ack_sample=0 fast_bytes=16372 slow_bytes=12 batches=363 queries=370
t=15274350 read event=1831 count=16384 submitted=29999104 read_us=261 tx_us=7812 ack_sample=0 fast_bytes=16378 slow_bytes=6 batches=378 queries=382
t=15281962 read event=1832 count=16384 submitted=30015488 read_us=259 tx_us=7322 ack_sample=0 fast_bytes=16384 slow_bytes=0 batches=339 queries=340
t=15293765 read event=1833 count=16384 submitted=30031872 read_us=276 tx_us=11416 ack_sample=0 fast_bytes=16370 slow_bytes=14 batches=681 queries=689
t=15301669 read event=1834 count=16384 submitted=30048256 read_us=763 tx_us=7103 ack_sample=0 fast_bytes=16378 slow_bytes=6 batches=313 queries=317
t=15309547 read event=1835 count=16384 submitted=30064640 read_us=317 tx_us=7499 ack_sample=0 fast_bytes=16376 slow_bytes=8 batches=350 queries=355
t=15318327 read event=1836 count=16384 submitted=30081024 read_us=297 tx_us=8446 ack_sample=0 fast_bytes=16384 slow_bytes=0 batches=436 queries=437
t=15331055 read event=1837 count=16384 submitted=30097408 read_us=291 tx_us=12287 ack_sample=0 fast_bytes=16354 slow_bytes=30 batches=748 queries=764
t=15339204 read event=1838 count=16384 submitted=30113792 read_us=267 tx_us=7846 ack_sample=0 fast_bytes=16376 slow_bytes=8 batches=380 queries=385
t=15348820 read event=1839 count=16384 submitted=30130176 read_us=260 tx_us=9323 ack_sample=0 fast_bytes=16378 slow_bytes=6 batches=507 queries=511
t=15362783 read event=1840 count=16384 submitted=30146560 read_us=257 tx_us=13674 ack_sample=0 fast_bytes=16374 slow_bytes=10 batches=877 queries=883
t=15372552 read event=1841 count=16384 submitted=30162944 read_us=263 tx_us=9403 ack_sample=0 fast_bytes=16368 slow_bytes=16 batches=509 queries=518
t=15384615 read event=1842 count=16384 submitted=30179328 read_us=787 tx_us=11242 ack_sample=0 fast_bytes=16372 slow_bytes=12 batches=662 queries=669
t=15399706 read event=1843 count=16384 submitted=30195712 read_us=292 tx_us=14756 ack_sample=0 fast_bytes=16364 slow_bytes=20 batches=964 queries=975
t=15408754 read event=1844 count=16384 submitted=30212096 read_us=261 tx_us=8745 ack_sample=0 fast_bytes=16370 slow_bytes=14 batches=453 queries=461
t=15424111 read event=1845 count=16384 submitted=30228480 read_us=273 tx_us=14944 ack_sample=0 fast_bytes=16372 slow_bytes=12 batches=983 queries=990
t=15438312 read event=1846 count=16384 submitted=30244864 read_us=263 tx_us=13903 ack_sample=0 fast_bytes=16362 slow_bytes=22 batches=890 queries=902
t=15455454 read event=1847 count=16384 submitted=30261248 read_us=259 tx_us=16851 ack_sample=0 fast_bytes=16354 slow_bytes=30 batches=1137 queries=1153
t=15471559 read event=1848 count=16384 submitted=30277632 read_us=276 tx_us=15797 ack_sample=0 fast_bytes=16360 slow_bytes=24 batches=1051 queries=1064
t=15488218 read event=1849 count=16384 submitted=30294016 read_us=283 tx_us=16265 ack_sample=0 fast_bytes=16364 slow_bytes=20 batches=1091 queries=1102
t=15506444 read event=1850 count=16384 submitted=30310400 read_us=794 tx_us=17393 ack_sample=0 fast_bytes=16356 slow_bytes=28 batches=1179 queries=1194
t=15521809 read event=1851 count=16384 submitted=30326784 read_us=292 tx_us=15030 ack_sample=0 fast_bytes=16376 slow_bytes=8 batches=993 queries=998
t=15540002 read event=1852 count=16384 submitted=30343168 read_us=264 tx_us=17894 ack_sample=0 fast_bytes=16338 slow_bytes=46 batches=1218 queries=1242
t=15555256 read event=1853 count=16384 submitted=30359552 read_us=279 tx_us=14822 ack_sample=0 fast_bytes=16362 slow_bytes=22 batches=966 queries=978
t=15571160 read event=1854 count=16384 submitted=30375936 read_us=283 tx_us=15577 ack_sample=0 fast_bytes=16340 slow_bytes=44 batches=1021 queries=1044
t=15586098 read event=1855 count=16384 submitted=30392320 read_us=264 tx_us=14640 ack_sample=0 fast_bytes=16372 slow_bytes=12 batches=958 queries=965
t=15600724 read event=1856 count=16384 submitted=30408704 read_us=262 tx_us=14332 ack_sample=1 fast_bytes=16352 slow_bytes=32 batches=921 queries=938
t=15600766 profile_ack event=1856 words=16 high_reads=32 low_reads=32 high_wait_words=16 low_wait_words=16 high_max_reads=2 low_max_reads=2 uninitialized=0
t=15616677 read event=1857 count=16384 submitted=30425088 read_us=270 tx_us=15524 ack_sample=0 fast_bytes=16370 slow_bytes=14 batches=1032 queries=1040
t=15628824 read event=1858 count=16384 submitted=30441472 read_us=790 tx_us=11321 ack_sample=0 fast_bytes=16370 slow_bytes=14 batches=668 queries=676
t=15646337 read event=1859 count=16384 submitted=30457856 read_us=276 tx_us=17195 ack_sample=0 fast_bytes=16360 slow_bytes=24 batches=1170 queries=1183
t=15656137 read event=1860 count=16384 submitted=30474240 read_us=261 tx_us=9505 ack_sample=0 fast_bytes=16384 slow_bytes=0 batches=526 queries=527
t=15675073 read event=1861 count=16384 submitted=30490624 read_us=271 tx_us=18521 ack_sample=0 fast_bytes=16334 slow_bytes=50 batches=1270 queries=1296
t=15687241 read event=1862 count=16384 submitted=30507008 read_us=265 tx_us=11868 ack_sample=0 fast_bytes=16382 slow_bytes=2 batches=727 queries=729
t=15701091 read event=1863 count=16384 submitted=30523392 read_us=260 tx_us=13557 ack_sample=0 fast_bytes=16356 slow_bytes=28 batches=857 queries=872
t=15717433 read event=1864 count=16384 submitted=30539776 read_us=264 tx_us=16044 ack_sample=0 fast_bytes=16360 slow_bytes=24 batches=1071 queries=1084
t=15726396 read event=1865 count=16384 submitted=30556160 read_us=284 tx_us=8565 ack_sample=0 fast_bytes=16366 slow_bytes=18 batches=436 queries=446
t=15743026 read event=1866 count=16384 submitted=30572544 read_us=801 tx_us=15795 ack_sample=0 fast_bytes=16358 slow_bytes=26 batches=1043 queries=1057
t=15754186 read event=1867 count=16384 submitted=30588928 read_us=276 tx_us=10841 ack_sample=0 fast_bytes=16384 slow_bytes=0 batches=640 queries=641
t=15765348 read event=1868 count=16384 submitted=30605312 read_us=264 tx_us=10864 ack_sample=0 fast_bytes=16354 slow_bytes=30 batches=626 queries=642
t=15776251 read event=1869 count=16384 submitted=30621696 read_us=288 tx_us=10474 ack_sample=0 fast_bytes=16366 slow_bytes=18 batches=599 queries=609
t=15784947 read event=1870 count=16384 submitted=30638080 read_us=261 tx_us=8398 ack_sample=0 fast_bytes=16378 slow_bytes=6 batches=428 queries=432
t=15792229 read event=1871 count=16384 submitted=30654464 read_us=261 tx_us=6989 ack_sample=0 fast_bytes=16384 slow_bytes=0 batches=311 queries=312
t=15802243 read event=1872 count=16384 submitted=30670848 read_us=266 tx_us=9716 ack_sample=0 fast_bytes=16362 slow_bytes=22 batches=532 queries=544
t=15812352 read event=1873 count=16384 submitted=30687232 read_us=268 tx_us=9737 ack_sample=0 fast_bytes=16376 slow_bytes=8 batches=540 queries=545
t=15825055 read event=1874 count=16384 submitted=30703616 read_us=771 tx_us=11896 ack_sample=0 fast_bytes=16374 slow_bytes=10 batches=719 queries=725
t=15830409 read event=1875 count=16384 submitted=30720000 read_us=275 tx_us=5035 ack_sample=0 fast_bytes=16384 slow_bytes=0 batches=144 queries=145
t=15847961 read event=1876 count=16384 submitted=30736384 read_us=265 tx_us=17255 ack_sample=0 fast_bytes=16356 slow_bytes=28 batches=1173 queries=1188
t=15859998 read event=1877 count=16384 submitted=30752768 read_us=273 tx_us=11617 ack_sample=0 fast_bytes=16376 slow_bytes=8 batches=696 queries=701
t=15865250 read event=1878 count=16384 submitted=30769152 read_us=263 tx_us=4952 ack_sample=0 fast_bytes=16384 slow_bytes=0 batches=137 queries=138
t=15882671 read event=1879 count=16384 submitted=30785536 read_us=262 tx_us=17126 ack_sample=0 fast_bytes=16344 slow_bytes=40 batches=1156 queries=1177
t=15893811 read event=1880 count=16384 submitted=30801920 read_us=270 tx_us=10838 ack_sample=0 fast_bytes=16378 slow_bytes=6 batches=637 queries=641
t=15899219 read event=1881 count=16384 submitted=30818304 read_us=267 tx_us=5033 ack_sample=0 fast_bytes=16384 slow_bytes=0 batches=144 queries=145
t=15911947 read event=1882 count=16384 submitted=30834688 read_us=763 tx_us=11931 ack_sample=0 fast_bytes=16356 slow_bytes=28 batches=711 queries=726
t=15920261 read event=1883 count=16384 submitted=30851072 read_us=281 tx_us=7967 ack_sample=0 fast_bytes=16378 slow_bytes=6 batches=391 queries=395
t=15929559 read event=1884 count=16384 submitted=30867456 read_us=267 tx_us=8996 ack_sample=0 fast_bytes=16378 slow_bytes=6 batches=479 queries=483
t=15935083 read event=1885 count=16384 submitted=30883840 read_us=294 tx_us=5086 ack_sample=0 fast_bytes=16384 slow_bytes=0 batches=149 queries=150
t=15943700 read event=1886 count=16384 submitted=30900224 read_us=261 tx_us=8321 ack_sample=0 fast_bytes=16366 slow_bytes=18 batches=416 queries=426
t=15951943 read event=1887 count=16384 submitted=30916608 read_us=266 tx_us=7936 ack_sample=0 fast_bytes=16384 slow_bytes=0 batches=392 queries=393
t=15964752 read event=1888 count=16384 submitted=30932992 read_us=260 tx_us=12520 ack_sample=0 fast_bytes=16364 slow_bytes=20 batches=773 queries=784
t=15971076 read event=1889 count=16384 submitted=30949376 read_us=266 tx_us=5947 ack_sample=0 fast_bytes=16382 slow_bytes=2 batches=220 queries=222
t=15976167 read event=1890 count=16384 submitted=30965760 read_us=777 tx_us=4279 ack_sample=0 fast_bytes=16384 slow_bytes=0 batches=80 queries=81
t=15988034 read event=1891 count=16384 submitted=30982144 read_us=267 tx_us=11562 ack_sample=0 fast_bytes=16374 slow_bytes=10 batches=690 queries=696
t=16003571 read event=1892 count=16384 submitted=30998528 read_us=268 tx_us=15232 ack_sample=0 fast_bytes=16334 slow_bytes=50 batches=989 queries=1015
t=16008973 read event=1893 count=16384 submitted=31014912 read_us=286 tx_us=4976 ack_sample=0 fast_bytes=16384 slow_bytes=0 batches=139 queries=140
t=16013684 read event=1894 count=16384 submitted=31031296 read_us=262 tx_us=4412 ack_sample=0 fast_bytes=16384 slow_bytes=0 batches=90 queries=91
t=16028098 read event=1895 count=16384 submitted=31047680 read_us=271 tx_us=14111 ack_sample=0 fast_bytes=16356 slow_bytes=28 batches=905 queries=920
t=16041509 read event=1896 count=16384 submitted=31064064 read_us=264 tx_us=13116 ack_sample=0 fast_bytes=16354 slow_bytes=30 batches=819 queries=835
t=16046528 read event=1897 count=16384 submitted=31080448 read_us=288 tx_us=4626 ack_sample=0 fast_bytes=16384 slow_bytes=0 batches=110 queries=111
t=16052381 read event=1898 count=16384 submitted=31096832 read_us=777 tx_us=5042 ack_sample=0 fast_bytes=16380 slow_bytes=4 batches=143 queries=146
t=16072910 read event=1899 count=16384 submitted=31113216 read_us=272 tx_us=20218 ack_sample=0 fast_bytes=16346 slow_bytes=38 batches=1415 queries=1435
t=16078850 read event=1900 count=16384 submitted=31129600 read_us=269 tx_us=5628 ack_sample=0 fast_bytes=16384 slow_bytes=0 batches=164 queries=165
t=16083650 read event=1901 count=16384 submitted=31145984 read_us=371 tx_us=4194 ack_sample=0 fast_bytes=16384 slow_bytes=0 batches=48 queries=49
t=16088449 read event=1902 count=16384 submitted=31162368 read_us=380 tx_us=4362 ack_sample=0 fast_bytes=16384 slow_bytes=0 batches=58 queries=59
t=16109313 read event=1903 count=16384 submitted=31178752 read_us=391 tx_us=20401 ack_sample=0 fast_bytes=16340 slow_bytes=44 batches=1405 queries=1428
t=16115237 read event=1904 count=16384 submitted=31195136 read_us=298 tx_us=5573 ack_sample=0 fast_bytes=16384 slow_bytes=0 batches=185 queries=186
t=16120117 read event=1905 count=16384 submitted=31211520 read_us=283 tx_us=4454 ack_sample=0 fast_bytes=16384 slow_bytes=0 batches=94 queries=95
t=16124761 read event=1906 count=16384 submitted=31227904 read_us=805 tx_us=3804 ack_sample=0 fast_bytes=16384 slow_bytes=0 batches=39 queries=40
t=16136084 read event=1907 count=16384 submitted=31244288 read_us=273 tx_us=11010 ack_sample=0 fast_bytes=16368 slow_bytes=16 batches=640 queries=649
t=16150830 read event=1908 count=16384 submitted=31260672 read_us=272 tx_us=14436 ack_sample=0 fast_bytes=16364 slow_bytes=20 batches=937 queries=948
t=16155947 read event=1909 count=16384 submitted=31277056 read_us=276 tx_us=4695 ack_sample=0 fast_bytes=16384 slow_bytes=0 batches=115 queries=116
t=16160493 read event=1910 count=16384 submitted=31293440 read_us=263 tx_us=4248 ack_sample=0 fast_bytes=16384 slow_bytes=0 batches=77 queries=78
t=16165250 read event=1911 count=16384 submitted=31309824 read_us=280 tx_us=4429 ack_sample=0 fast_bytes=16384 slow_bytes=0 batches=93 queries=94
t=16185442 read event=1912 count=16384 submitted=31326208 read_us=261 tx_us=19897 ack_sample=0 fast_bytes=16328 slow_bytes=56 batches=1384 queries=1413
t=16191100 read event=1913 count=16384 submitted=31342592 read_us=323 tx_us=5211 ack_sample=0 fast_bytes=16382 slow_bytes=2 batches=158 queries=160
t=16195783 read event=1914 count=16384 submitted=31358976 read_us=783 tx_us=3862 ack_sample=0 fast_bytes=16384 slow_bytes=0 batches=44 queries=45
t=16200404 read event=1915 count=16384 submitted=31375360 read_us=269 tx_us=4313 ack_sample=0 fast_bytes=16384 slow_bytes=0 batches=77 queries=78
t=16208874 read event=1916 count=16384 submitted=31391744 read_us=266 tx_us=8168 ack_sample=0 fast_bytes=16370 slow_bytes=14 batches=404 queries=412
t=16225175 read event=1917 count=16384 submitted=31408128 read_us=276 tx_us=15881 ack_sample=0 fast_bytes=16352 slow_bytes=32 batches=1052 queries=1069
t=16230416 read event=1918 count=16384 submitted=31424512 read_us=265 tx_us=4940 ack_sample=0 fast_bytes=16382 slow_bytes=2 batches=135 queries=137
t=16235216 read event=1919 count=16384 submitted=31440896 read_us=261 tx_us=4507 ack_sample=0 fast_bytes=16384 slow_bytes=0 batches=99 queries=100
t=16239941 read event=1920 count=16384 submitted=31457280 read_us=260 tx_us=4434 ack_sample=1 fast_bytes=16384 slow_bytes=0 batches=93 queries=94
t=16239966 profile_ack event=1920 words=0 high_reads=0 low_reads=0 high_wait_words=0 low_wait_words=0 high_max_reads=0 low_max_reads=0 uninitialized=0
t=16248437 read event=1921 count=16384 submitted=31473664 read_us=267 tx_us=8114 ack_sample=0 fast_bytes=16366 slow_bytes=18 batches=398 queries=408
t=16262899 read event=1922 count=16384 submitted=31490048 read_us=780 tx_us=13646 ack_sample=0 fast_bytes=16358 slow_bytes=26 batches=860 queries=874
t=16268559 read event=1923 count=16384 submitted=31506432 read_us=273 tx_us=5347 ack_sample=0 fast_bytes=16384 slow_bytes=0 batches=171 queries=172
t=16273372 read event=1924 count=16384 submitted=31522816 read_us=279 tx_us=4502 ack_sample=0 fast_bytes=16384 slow_bytes=0 batches=99 queries=100
t=16278122 read event=1925 count=16384 submitted=31539200 read_us=288 tx_us=4321 ack_sample=0 fast_bytes=16384 slow_bytes=0 batches=84 queries=85
t=16283169 read event=1926 count=16384 submitted=31555584 read_us=261 tx_us=4751 ack_sample=0 fast_bytes=16384 slow_bytes=0 batches=120 queries=121
t=16300569 read event=1927 count=16384 submitted=31571968 read_us=258 tx_us=17111 ack_sample=0 fast_bytes=16362 slow_bytes=22 batches=1165 queries=1177
t=16306664 read event=1928 count=16384 submitted=31588352 read_us=273 tx_us=5792 ack_sample=0 fast_bytes=16380 slow_bytes=4 batches=207 queries=210
t=16311685 read event=1929 count=16384 submitted=31604736 read_us=261 tx_us=4638 ack_sample=0 fast_bytes=16384 slow_bytes=0 batches=109 queries=110
t=16316539 read event=1930 count=16384 submitted=31621120 read_us=744 tx_us=4063 ack_sample=0 fast_bytes=16384 slow_bytes=0 batches=61 queries=62
t=16321571 read event=1931 count=16384 submitted=31637504 read_us=286 tx_us=4709 ack_sample=0 fast_bytes=16384 slow_bytes=0 batches=111 queries=112
t=16330734 read event=1932 count=16384 submitted=31653888 read_us=291 tx_us=8833 ack_sample=0 fast_bytes=16372 slow_bytes=12 batches=462 queries=469
t=16343603 read event=1933 count=16384 submitted=31670272 read_us=274 tx_us=12454 ack_sample=0 fast_bytes=16382 slow_bytes=2 batches=777 queries=779
t=16348966 read event=1934 count=16384 submitted=31686656 read_us=278 tx_us=5050 ack_sample=0 fast_bytes=16384 slow_bytes=0 batches=146 queries=147
t=16354069 read event=1935 count=16384 submitted=31703040 read_us=261 tx_us=4810 ack_sample=0 fast_bytes=16384 slow_bytes=0 batches=125 queries=126
t=16358983 read event=1936 count=16384 submitted=31719424 read_us=260 tx_us=4624 ack_sample=0 fast_bytes=16384 slow_bytes=0 batches=109 queries=110
t=16364248 read event=1937 count=16384 submitted=31735808 read_us=264 tx_us=4879 ack_sample=0 fast_bytes=16384 slow_bytes=0 batches=131 queries=132
t=16374961 read event=1938 count=16384 submitted=31752192 read_us=772 tx_us=9903 ack_sample=0 fast_bytes=16372 slow_bytes=12 batches=548 queries=555
t=16384692 read event=1939 count=16384 submitted=31768576 read_us=277 tx_us=9415 ack_sample=0 fast_bytes=16382 slow_bytes=2 batches=517 queries=519
t=16390140 read event=1940 count=16384 submitted=31784960 read_us=267 tx_us=5137 ack_sample=0 fast_bytes=16382 slow_bytes=2 batches=152 queries=154
t=16395369 read event=1941 count=16384 submitted=31801344 read_us=274 tx_us=4816 ack_sample=0 fast_bytes=16384 slow_bytes=0 batches=125 queries=126
t=16400304 read event=1942 count=16384 submitted=31817728 read_us=265 tx_us=4637 ack_sample=0 fast_bytes=16384 slow_bytes=0 batches=110 queries=111
t=16405450 read event=1943 count=16384 submitted=31834112 read_us=256 tx_us=4859 ack_sample=0 fast_bytes=16384 slow_bytes=0 batches=129 queries=130
t=16410478 read event=1944 count=16384 submitted=31850496 read_us=278 tx_us=4718 ack_sample=0 fast_bytes=16384 slow_bytes=0 batches=117 queries=118
t=16423232 read event=1945 count=16384 submitted=31866880 read_us=287 tx_us=12355 ack_sample=0 fast_bytes=16360 slow_bytes=24 batches=757 queries=770
t=16430009 read event=1946 count=16384 submitted=31883264 read_us=766 tx_us=5976 ack_sample=0 fast_bytes=16380 slow_bytes=4 batches=221 queries=224
t=16435271 read event=1947 count=16384 submitted=31899648 read_us=360 tx_us=4847 ack_sample=0 fast_bytes=16382 slow_bytes=2 batches=127 queries=129
t=16440224 read event=1948 count=16384 submitted=31916032 read_us=269 tx_us=4648 ack_sample=0 fast_bytes=16384 slow_bytes=0 batches=111 queries=112
t=16445032 read event=1949 count=16384 submitted=31932416 read_us=267 tx_us=4404 ack_sample=0 fast_bytes=16384 slow_bytes=0 batches=90 queries=91
t=16449861 read event=1950 count=16384 submitted=31948800 read_us=260 tx_us=4532 ack_sample=0 fast_bytes=16384 slow_bytes=0 batches=101 queries=102
t=16454753 read event=1951 count=16384 submitted=31965184 read_us=260 tx_us=4600 ack_sample=0 fast_bytes=16384 slow_bytes=0 batches=107 queries=108
t=16466824 read event=1952 count=16384 submitted=31981568 read_us=257 tx_us=11784 ack_sample=0 fast_bytes=16352 slow_bytes=32 batches=703 queries=720
t=16473196 read event=1953 count=16384 submitted=31997952 read_us=262 tx_us=6008 ack_sample=0 fast_bytes=16382 slow_bytes=2 batches=226 queries=228
t=16478165 read event=1954 count=16384 submitted=32014336 read_us=771 tx_us=4164 ack_sample=0 fast_bytes=16384 slow_bytes=0 batches=70 queries=71
t=16482977 read event=1955 count=16384 submitted=32030720 read_us=268 tx_us=4506 ack_sample=0 fast_bytes=16384 slow_bytes=0 batches=93 queries=94
t=16487833 read event=1956 count=16384 submitted=32047104 read_us=272 tx_us=4548 ack_sample=0 fast_bytes=16384 slow_bytes=0 batches=102 queries=103
t=16492648 read event=1957 count=16384 submitted=32063488 read_us=266 tx_us=4408 ack_sample=0 fast_bytes=16384 slow_bytes=0 batches=91 queries=92
t=16497453 read event=1958 count=16384 submitted=32079872 read_us=281 tx_us=4489 ack_sample=0 fast_bytes=16384 slow_bytes=0 batches=98 queries=99
t=16502319 read event=1959 count=16384 submitted=32096256 read_us=278 tx_us=4557 ack_sample=0 fast_bytes=16384 slow_bytes=0 batches=104 queries=105
t=16512616 read event=1960 count=16384 submitted=32112640 read_us=261 tx_us=10005 ack_sample=0 fast_bytes=16370 slow_bytes=14 batches=560 queries=568
t=16517801 read event=1961 count=16384 submitted=32129024 read_us=266 tx_us=4789 ack_sample=0 fast_bytes=16384 slow_bytes=0 batches=123 queries=124
t=16522746 read event=1962 count=16384 submitted=32145408 read_us=750 tx_us=4161 ack_sample=0 fast_bytes=16384 slow_bytes=0 batches=69 queries=70
t=16527795 read event=1963 count=16384 submitted=32161792 read_us=270 tx_us=4741 ack_sample=0 fast_bytes=16384 slow_bytes=0 batches=113 queries=114
t=16532828 read event=1964 count=16384 submitted=32178176 read_us=270 tx_us=4726 ack_sample=0 fast_bytes=16384 slow_bytes=0 batches=117 queries=118
t=16538040 read event=1965 count=16384 submitted=32194560 read_us=287 tx_us=4756 ack_sample=0 fast_bytes=16384 slow_bytes=0 batches=120 queries=121
t=16543239 read event=1966 count=16384 submitted=32210944 read_us=267 tx_us=4893 ack_sample=0 fast_bytes=16384 slow_bytes=0 batches=132 queries=133
t=16548578 read event=1967 count=16384 submitted=32227328 read_us=262 tx_us=5045 ack_sample=0 fast_bytes=16384 slow_bytes=0 batches=145 queries=146
t=16557458 read event=1968 count=16384 submitted=32243712 read_us=280 tx_us=8569 ack_sample=0 fast_bytes=16366 slow_bytes=18 batches=437 queries=447
t=16562819 read event=1969 count=16384 submitted=32260096 read_us=281 tx_us=4975 ack_sample=0 fast_bytes=16384 slow_bytes=0 batches=138 queries=139
t=16567967 read event=1970 count=16384 submitted=32276480 read_us=839 tx_us=4266 ack_sample=0 fast_bytes=16384 slow_bytes=0 batches=76 queries=77
t=16573315 read event=1971 count=16384 submitted=32292864 read_us=274 tx_us=5033 ack_sample=0 fast_bytes=16384 slow_bytes=0 batches=138 queries=139
t=16578761 read event=1972 count=16384 submitted=32309248 read_us=274 tx_us=5135 ack_sample=0 fast_bytes=16384 slow_bytes=0 batches=152 queries=153
t=16584185 read event=1973 count=16384 submitted=32325632 read_us=275 tx_us=4999 ack_sample=0 fast_bytes=16384 slow_bytes=0 batches=140 queries=141
t=16589696 read event=1974 count=16384 submitted=32342016 read_us=280 tx_us=5187 ack_sample=0 fast_bytes=16384 slow_bytes=0 batches=155 queries=156
t=16595082 read event=1975 count=16384 submitted=32358400 read_us=273 tx_us=5066 ack_sample=0 fast_bytes=16384 slow_bytes=0 batches=147 queries=148
t=16603762 read event=1976 count=16384 submitted=32374784 read_us=267 tx_us=8381 ack_sample=0 fast_bytes=16362 slow_bytes=22 batches=418 queries=430
t=16608994 read event=1977 count=16384 submitted=32391168 read_us=280 tx_us=4699 ack_sample=0 fast_bytes=16384 slow_bytes=0 batches=112 queries=113
t=16614271 read event=1978 count=16384 submitted=32407552 read_us=804 tx_us=4431 ack_sample=0 fast_bytes=16384 slow_bytes=0 batches=93 queries=94
t=16619550 read event=1979 count=16384 submitted=32423936 read_us=276 tx_us=4964 ack_sample=0 fast_bytes=16384 slow_bytes=0 batches=132 queries=133
t=16624933 read event=1980 count=16384 submitted=32440320 read_us=289 tx_us=5055 ack_sample=0 fast_bytes=16384 slow_bytes=0 batches=146 queries=147
t=16630218 read event=1981 count=16384 submitted=32456704 read_us=271 tx_us=4847 ack_sample=0 fast_bytes=16384 slow_bytes=0 batches=128 queries=129
t=16635480 read event=1982 count=16384 submitted=32473088 read_us=262 tx_us=4963 ack_sample=0 fast_bytes=16384 slow_bytes=0 batches=138 queries=139
t=16640747 read event=1983 count=16384 submitted=32489472 read_us=277 tx_us=4958 ack_sample=0 fast_bytes=16384 slow_bytes=0 batches=138 queries=139
t=16648601 read event=1984 count=16384 submitted=32505856 read_us=258 tx_us=7565 ack_sample=1 fast_bytes=16370 slow_bytes=14 batches=353 queries=361
t=16648625 profile_ack event=1984 words=7 high_reads=14 low_reads=14 high_wait_words=7 low_wait_words=7 high_max_reads=2 low_max_reads=2 uninitialized=0
t=16654780 read event=1985 count=16384 submitted=32522240 read_us=277 tx_us=5787 ack_sample=0 fast_bytes=16378 slow_bytes=6 batches=205 queries=209
t=16659966 read event=1986 count=16384 submitted=32538624 read_us=761 tx_us=4390 ack_sample=0 fast_bytes=16384 slow_bytes=0 batches=89 queries=90
t=16665151 read event=1987 count=16384 submitted=32555008 read_us=268 tx_us=4879 ack_sample=0 fast_bytes=16384 slow_bytes=0 batches=125 queries=126
t=16670533 read event=1988 count=16384 submitted=32571392 read_us=273 tx_us=5071 ack_sample=0 fast_bytes=16384 slow_bytes=0 batches=147 queries=148
t=16675880 read event=1989 count=16384 submitted=32587776 read_us=288 tx_us=4918 ack_sample=0 fast_bytes=16384 slow_bytes=0 batches=134 queries=135
t=16681162 read event=1990 count=16384 submitted=32604160 read_us=261 tx_us=4987 ack_sample=0 fast_bytes=16384 slow_bytes=0 batches=140 queries=141
t=16686462 read event=1991 count=16384 submitted=32620544 read_us=262 tx_us=5006 ack_sample=0 fast_bytes=16384 slow_bytes=0 batches=142 queries=143
t=16692185 read event=1992 count=16384 submitted=32636928 read_us=282 tx_us=5395 ack_sample=0 fast_bytes=16384 slow_bytes=0 batches=175 queries=176
t=16700871 read event=1993 count=16384 submitted=32653312 read_us=265 tx_us=8318 ack_sample=0 fast_bytes=16368 slow_bytes=16 batches=416 queries=425
t=16705866 read event=1994 count=16384 submitted=32669696 read_us=765 tx_us=4195 ack_sample=0 fast_bytes=16384 slow_bytes=0 batches=72 queries=73
t=16710935 read event=1995 count=16384 submitted=32686080 read_us=271 tx_us=4759 ack_sample=0 fast_bytes=16384 slow_bytes=0 batches=114 queries=115
t=16716094 read event=1996 count=16384 submitted=32702464 read_us=272 tx_us=4851 ack_sample=0 fast_bytes=16384 slow_bytes=0 batches=128 queries=129
t=16721270 read event=1997 count=16384 submitted=32718848 read_us=271 tx_us=4764 ack_sample=0 fast_bytes=16384 slow_bytes=0 batches=120 queries=121
t=16726634 read event=1998 count=16384 submitted=32735232 read_us=263 tx_us=5065 ack_sample=0 fast_bytes=16384 slow_bytes=0 batches=147 queries=148
t=16731834 read event=1999 count=16384 submitted=32751616 read_us=280 tx_us=4890 ack_sample=0 fast_bytes=16384 slow_bytes=0 batches=132 queries=133
t=16736846 read event=2000 count=16384 submitted=32768000 read_us=262 tx_us=4717 ack_sample=0 fast_bytes=16384 slow_bytes=0 batches=117 queries=118
t=16741705 read event=2001 count=16384 submitted=32784384 read_us=275 tx_us=4469 ack_sample=0 fast_bytes=16384 slow_bytes=0 batches=96 queries=97
t=16750310 read event=2002 count=16384 submitted=32800768 read_us=750 tx_us=7810 ack_sample=0 fast_bytes=16370 slow_bytes=14 batches=368 queries=376
t=16755623 read event=2003 count=16384 submitted=32817152 read_us=286 tx_us=4979 ack_sample=0 fast_bytes=16384 slow_bytes=0 batches=136 queries=137
t=16761107 read event=2004 count=16384 submitted=32833536 read_us=288 tx_us=5162 ack_sample=0 fast_bytes=16384 slow_bytes=0 batches=155 queries=156
t=16761138 profile_poll polls=1088 elapsed_us=24183 interval_us=20725 chunks=4
t=16766617 read event=2005 count=16384 submitted=32849920 read_us=273 tx_us=5081 ack_sample=0 fast_bytes=16384 slow_bytes=0 batches=148 queries=149
t=16772548 read event=2006 count=16384 submitted=32866304 read_us=278 tx_us=5617 ack_sample=0 fast_bytes=16384 slow_bytes=0 batches=194 queries=195
t=16778286 read event=2007 count=16384 submitted=32882688 read_us=275 tx_us=5433 ack_sample=0 fast_bytes=16384 slow_bytes=0 batches=178 queries=179
t=16783695 read event=2008 count=16384 submitted=32899072 read_us=260 tx_us=5116 ack_sample=0 fast_bytes=16384 slow_bytes=0 batches=151 queries=152
t=16789126 read event=2009 count=16384 submitted=32915456 read_us=263 tx_us=5058 ack_sample=0 fast_bytes=16384 slow_bytes=0 batches=146 queries=147
t=16798043 read event=2010 count=16384 submitted=32931840 read_us=765 tx_us=8117 ack_sample=0 fast_bytes=16370 slow_bytes=14 batches=394 queries=402
t=16803420 read event=2011 count=16384 submitted=32948224 read_us=275 tx_us=5060 ack_sample=0 fast_bytes=16384 slow_bytes=0 batches=146 queries=147
t=16809046 read event=2012 count=16384 submitted=32964608 read_us=287 tx_us=5306 ack_sample=0 fast_bytes=16384 slow_bytes=0 batches=168 queries=169
t=16814888 read event=2013 count=16384 submitted=32980992 read_us=269 tx_us=5431 ack_sample=0 fast_bytes=16384 slow_bytes=0 batches=176 queries=177
t=16821084 read event=2014 count=16384 submitted=32997376 read_us=267 tx_us=5892 ack_sample=0 fast_bytes=16384 slow_bytes=0 batches=217 queries=218
t=16826859 read event=2015 count=16384 submitted=33013760 read_us=263 tx_us=5481 ack_sample=0 fast_bytes=16384 slow_bytes=0 batches=182 queries=183
t=16832346 read event=2016 count=16384 submitted=33030144 read_us=258 tx_us=5200 ack_sample=0 fast_bytes=16384 slow_bytes=0 batches=158 queries=159
t=16841437 read event=2017 count=16384 submitted=33046528 read_us=263 tx_us=8722 ack_sample=0 fast_bytes=16364 slow_bytes=20 batches=448 queries=459
t=16846862 read event=2018 count=16384 submitted=33062912 read_us=773 tx_us=4618 ack_sample=0 fast_bytes=16384 slow_bytes=0 batches=108 queries=109
t=16852510 read event=2019 count=16384 submitted=33079296 read_us=269 tx_us=5326 ack_sample=0 fast_bytes=16384 slow_bytes=0 batches=163 queries=164
t=16858504 read event=2020 count=16384 submitted=33095680 read_us=291 tx_us=5666 ack_sample=0 fast_bytes=16384 slow_bytes=0 batches=198 queries=199
t=16865027 read event=2021 count=16384 submitted=33112064 read_us=293 tx_us=6081 ack_sample=0 fast_bytes=16384 slow_bytes=0 batches=233 queries=234
t=16871091 read event=2022 count=16384 submitted=33128448 read_us=264 tx_us=5764 ack_sample=0 fast_bytes=16384 slow_bytes=0 batches=206 queries=207
t=16876761 read event=2023 count=16384 submitted=33144832 read_us=260 tx_us=5377 ack_sample=0 fast_bytes=16384 slow_bytes=0 batches=173 queries=174
t=16885917 read event=2024 count=16384 submitted=33161216 read_us=260 tx_us=8863 ack_sample=0 fast_bytes=16364 slow_bytes=20 batches=454 queries=465
t=16891398 read event=2025 count=16384 submitted=33177600 read_us=273 tx_us=5096 ack_sample=0 fast_bytes=16384 slow_bytes=0 batches=149 queries=150
t=16897076 read event=2026 count=16384 submitted=33193984 read_us=771 tx_us=4871 ack_sample=0 fast_bytes=16384 slow_bytes=0 batches=130 queries=131
t=16903132 read event=2027 count=16384 submitted=33210368 read_us=268 tx_us=5750 ack_sample=0 fast_bytes=16384 slow_bytes=0 batches=199 queries=200
t=16909707 read event=2028 count=16384 submitted=33226752 read_us=269 tx_us=6270 ack_sample=0 fast_bytes=16384 slow_bytes=0 batches=249 queries=250
t=16915891 read event=2029 count=16384 submitted=33243136 read_us=270 tx_us=5755 ack_sample=0 fast_bytes=16384 slow_bytes=0 batches=205 queries=206
t=16921643 read event=2030 count=16384 submitted=33259520 read_us=267 tx_us=5449 ack_sample=0 fast_bytes=16384 slow_bytes=0 batches=179 queries=180
t=16930842 read event=2031 count=16384 submitted=33275904 read_us=278 tx_us=8890 ack_sample=0 fast_bytes=16368 slow_bytes=16 batches=465 queries=474
t=16936400 read event=2032 count=16384 submitted=33292288 read_us=258 tx_us=5268 ack_sample=0 fast_bytes=16384 slow_bytes=0 batches=164 queries=165
t=16942193 read event=2033 count=16384 submitted=33308672 read_us=280 tx_us=5408 ack_sample=0 fast_bytes=16384 slow_bytes=0 batches=176 queries=177
t=16948350 read event=2034 count=16384 submitted=33325056 read_us=828 tx_us=5294 ack_sample=0 fast_bytes=16384 slow_bytes=0 batches=166 queries=167
t=16955065 read event=2035 count=16384 submitted=33341440 read_us=274 tx_us=6401 ack_sample=0 fast_bytes=16384 slow_bytes=0 batches=254 queries=255
t=16961154 read event=2036 count=16384 submitted=33357824 read_us=272 tx_us=5779 ack_sample=0 fast_bytes=16384 slow_bytes=0 batches=207 queries=208
t=16967129 read event=2037 count=16384 submitted=33374208 read_us=269 tx_us=5558 ack_sample=0 fast_bytes=16384 slow_bytes=0 batches=188 queries=189
t=16976274 read event=2038 count=16384 submitted=33390592 read_us=263 tx_us=8844 ack_sample=0 fast_bytes=16366 slow_bytes=18 batches=460 queries=470
t=16981895 read event=2039 count=16384 submitted=33406976 read_us=265 tx_us=5323 ack_sample=0 fast_bytes=16384 slow_bytes=0 batches=168 queries=169
t=16987794 read event=2040 count=16384 submitted=33423360 read_us=257 tx_us=5612 ack_sample=0 fast_bytes=16384 slow_bytes=0 batches=193 queries=194
t=16994218 read event=2041 count=16384 submitted=33439744 read_us=264 tx_us=6056 ack_sample=0 fast_bytes=16384 slow_bytes=0 batches=231 queries=232
t=17000815 read event=2042 count=16384 submitted=33456128 read_us=766 tx_us=5797 ack_sample=0 fast_bytes=16384 slow_bytes=0 batches=208 queries=209
t=17006830 read event=2043 count=16384 submitted=33472512 read_us=381 tx_us=5579 ack_sample=0 fast_bytes=16384 slow_bytes=0 batches=190 queries=191
t=17015081 read event=2044 count=16384 submitted=33488896 read_us=264 tx_us=7951 ack_sample=0 fast_bytes=16374 slow_bytes=10 batches=386 queries=392
t=17021908 read event=2045 count=16384 submitted=33505280 read_us=280 tx_us=6403 ack_sample=0 fast_bytes=16382 slow_bytes=2 batches=259 queries=261
t=17027681 read event=2046 count=16384 submitted=33521664 read_us=269 tx_us=5468 ack_sample=0 fast_bytes=16384 slow_bytes=0 batches=181 queries=182
t=17033750 read event=2047 count=16384 submitted=33538048 read_us=268 tx_us=5741 ack_sample=0 fast_bytes=16384 slow_bytes=0 batches=204 queries=205
t=17040295 read event=2048 count=16384 submitted=33554432 read_us=258 tx_us=6254 ack_sample=1 fast_bytes=16384 slow_bytes=0 batches=248 queries=249
t=17040322 profile_ack event=2048 words=0 high_reads=0 low_reads=0 high_wait_words=0 low_wait_words=0 high_max_reads=0 low_max_reads=0 uninitialized=0
t=17046797 read event=2049 count=16384 submitted=33570816 read_us=263 tx_us=6120 ack_sample=0 fast_bytes=16384 slow_bytes=0 batches=236 queries=237
t=17052792 read event=2050 count=16384 submitted=33587200 read_us=753 tx_us=5207 ack_sample=0 fast_bytes=16384 slow_bytes=0 batches=158 queries=159
t=17062114 read event=2051 count=16384 submitted=33603584 read_us=272 tx_us=9012 ack_sample=0 fast_bytes=16356 slow_bytes=28 batches=462 queries=477
t=17067681 read event=2052 count=16384 submitted=33619968 read_us=271 tx_us=5258 ack_sample=0 fast_bytes=16384 slow_bytes=0 batches=163 queries=164
t=17073527 read event=2053 count=16384 submitted=33636352 read_us=266 tx_us=5421 ack_sample=0 fast_bytes=16384 slow_bytes=0 batches=177 queries=178
t=17079688 read event=2054 count=16384 submitted=33652736 read_us=280 tx_us=5848 ack_sample=0 fast_bytes=16384 slow_bytes=0 batches=214 queries=215
t=17086407 read event=2055 count=16384 submitted=33669120 read_us=260 tx_us=6414 ack_sample=0 fast_bytes=16384 slow_bytes=0 batches=262 queries=263
t=17092591 read event=2056 count=16384 submitted=33685504 read_us=259 tx_us=5892 ack_sample=0 fast_bytes=16384 slow_bytes=0 batches=217 queries=218
t=17098698 read event=2057 count=16384 submitted=33701888 read_us=278 tx_us=5723 ack_sample=0 fast_bytes=16384 slow_bytes=0 batches=203 queries=204
t=17107800 read event=2058 count=16384 submitted=33718272 read_us=757 tx_us=8301 ack_sample=0 fast_bytes=16366 slow_bytes=18 batches=407 queries=417
t=17113474 read event=2059 count=16384 submitted=33734656 read_us=275 tx_us=5358 ack_sample=0 fast_bytes=16384 slow_bytes=0 batches=170 queries=171
t=17119372 read event=2060 count=16384 submitted=33751040 read_us=283 tx_us=5582 ack_sample=0 fast_bytes=16384 slow_bytes=0 batches=191 queries=192
t=17125664 read event=2061 count=16384 submitted=33767424 read_us=286 tx_us=5863 ack_sample=0 fast_bytes=16384 slow_bytes=0 batches=215 queries=216
t=17132239 read event=2062 count=16384 submitted=33783808 read_us=275 tx_us=6265 ack_sample=0 fast_bytes=16384 slow_bytes=0 batches=249 queries=250
t=17138320 read event=2063 count=16384 submitted=33800192 read_us=264 tx_us=5785 ack_sample=0 fast_bytes=16384 slow_bytes=0 batches=208 queries=209
t=17147815 read event=2064 count=16384 submitted=33816576 read_us=263 tx_us=9201 ack_sample=0 fast_bytes=16358 slow_bytes=26 batches=485 queries=499
t=17153380 read event=2065 count=16384 submitted=33832960 read_us=266 tx_us=5179 ack_sample=0 fast_bytes=16384 slow_bytes=0 batches=156 queries=157
t=17159117 read event=2066 count=16384 submitted=33849344 read_us=771 tx_us=4930 ack_sample=0 fast_bytes=16384 slow_bytes=0 batches=135 queries=136
t=17165128 read event=2067 count=16384 submitted=33865728 read_us=274 tx_us=5699 ack_sample=0 fast_bytes=16384 slow_bytes=0 batches=194 queries=195
t=17171574 read event=2068 count=16384 submitted=33882112 read_us=273 tx_us=6134 ack_sample=0 fast_bytes=16384 slow_bytes=0 batches=237 queries=238
t=17178088 read event=2069 count=16384 submitted=33898496 read_us=268 tx_us=6079 ack_sample=0 fast_bytes=16384 slow_bytes=0 batches=233 queries=234
t=17184061 read event=2070 count=16384 submitted=33914880 read_us=263 tx_us=5674 ack_sample=0 fast_bytes=16384 slow_bytes=0 batches=198 queries=199
t=17193406 read event=2071 count=16384 submitted=33931264 read_us=262 tx_us=9051 ack_sample=0 fast_bytes=16360 slow_bytes=24 batches=474 queries=487
t=17198923 read event=2072 count=16384 submitted=33947648 read_us=261 tx_us=5224 ack_sample=0 fast_bytes=16384 slow_bytes=0 batches=160 queries=161
t=17204727 read event=2073 count=16384 submitted=33964032 read_us=268 tx_us=5417 ack_sample=0 fast_bytes=16384 slow_bytes=0 batches=176 queries=177
t=17210822 read event=2074 count=16384 submitted=33980416 read_us=771 tx_us=5288 ack_sample=0 fast_bytes=16384 slow_bytes=0 batches=164 queries=165
t=17217444 read event=2075 count=16384 submitted=33996800 read_us=274 tx_us=6310 ack_sample=0 fast_bytes=16384 slow_bytes=0 batches=246 queries=247
t=17223743 read event=2076 count=16384 submitted=34013184 read_us=291 tx_us=5971 ack_sample=0 fast_bytes=16384 slow_bytes=0 batches=224 queries=225
t=17229807 read event=2077 count=16384 submitted=34029568 read_us=271 tx_us=5650 ack_sample=0 fast_bytes=16384 slow_bytes=0 batches=196 queries=197
t=17238964 read event=2078 count=16384 submitted=34045952 read_us=262 tx_us=8860 ack_sample=0 fast_bytes=16366 slow_bytes=18 batches=461 queries=471
t=17244484 read event=2079 count=16384 submitted=34062336 read_us=264 tx_us=5224 ack_sample=0 fast_bytes=16384 slow_bytes=0 batches=160 queries=161
t=17250371 read event=2080 count=16384 submitted=34078720 read_us=275 tx_us=5580 ack_sample=0 fast_bytes=16384 slow_bytes=0 batches=191 queries=192
t=17256570 read event=2081 count=16384 submitted=34095104 read_us=279 tx_us=5813 ack_sample=0 fast_bytes=16384 slow_bytes=0 batches=211 queries=212
t=17263244 read event=2082 count=16384 submitted=34111488 read_us=756 tx_us=5882 ack_sample=0 fast_bytes=16384 slow_bytes=0 batches=215 queries=216
t=17269324 read event=2083 count=16384 submitted=34127872 read_us=374 tx_us=5650 ack_sample=0 fast_bytes=16384 slow_bytes=0 batches=196 queries=197
t=17275360 read event=2084 count=16384 submitted=34144256 read_us=266 tx_us=5733 ack_sample=0 fast_bytes=16384 slow_bytes=0 batches=203 queries=204
t=17284468 read event=2085 count=16384 submitted=34160640 read_us=290 tx_us=8672 ack_sample=0 fast_bytes=16372 slow_bytes=12 batches=449 queries=456
t=17290151 read event=2086 count=16384 submitted=34177024 read_us=276 tx_us=5372 ack_sample=0 fast_bytes=16384 slow_bytes=0 batches=173 queries=174
t=17296082 read event=2087 count=16384 submitted=34193408 read_us=262 tx_us=5638 ack_sample=0 fast_bytes=16384 slow_bytes=0 batches=195 queries=196
t=17302568 read event=2088 count=16384 submitted=34209792 read_us=261 tx_us=6194 ack_sample=0 fast_bytes=16384 slow_bytes=0 batches=243 queries=244
t=17309119 read event=2089 count=16384 submitted=34226176 read_us=280 tx_us=6169 ack_sample=0 fast_bytes=16384 slow_bytes=0 batches=241 queries=242
t=17315123 read event=2090 count=16384 submitted=34242560 read_us=783 tx_us=5188 ack_sample=0 fast_bytes=16384 slow_bytes=0 batches=157 queries=158
t=17324502 read event=2091 count=16384 submitted=34258944 read_us=274 tx_us=9066 ack_sample=0 fast_bytes=16360 slow_bytes=24 batches=469 queries=482
t=17330092 read event=2092 count=16384 submitted=34275328 read_us=287 tx_us=5267 ack_sample=0 fast_bytes=16384 slow_bytes=0 batches=164 queries=165
t=17335849 read event=2093 count=16384 submitted=34291712 read_us=269 tx_us=5348 ack_sample=0 fast_bytes=16384 slow_bytes=0 batches=170 queries=171
t=17341984 read event=2094 count=16384 submitted=34308096 read_us=267 tx_us=5832 ack_sample=0 fast_bytes=16384 slow_bytes=0 batches=212 queries=213
t=17348580 read event=2095 count=16384 submitted=34324480 read_us=264 tx_us=6300 ack_sample=0 fast_bytes=16384 slow_bytes=0 batches=252 queries=253
t=17355013 read event=2096 count=16384 submitted=34340864 read_us=280 tx_us=6119 ack_sample=0 fast_bytes=16384 slow_bytes=0 batches=237 queries=238
t=17361056 read event=2097 count=16384 submitted=34357248 read_us=262 tx_us=5676 ack_sample=0 fast_bytes=16384 slow_bytes=0 batches=198 queries=199
t=17370230 read event=2098 count=16384 submitted=34373632 read_us=792 tx_us=8345 ack_sample=0 fast_bytes=16370 slow_bytes=14 batches=414 queries=422
t=17375815 read event=2099 count=16384 submitted=34390016 read_us=275 tx_us=5268 ack_sample=0 fast_bytes=16384 slow_bytes=0 batches=163 queries=164
t=17381748 read event=2100 count=16384 submitted=34406400 read_us=265 tx_us=5634 ack_sample=0 fast_bytes=16384 slow_bytes=0 batches=195 queries=196
t=17387968 read event=2101 count=16384 submitted=34422784 read_us=269 tx_us=5790 ack_sample=0 fast_bytes=16384 slow_bytes=0 batches=208 queries=209
t=17394696 read event=2102 count=16384 submitted=34439168 read_us=266 tx_us=6426 ack_sample=0 fast_bytes=16384 slow_bytes=0 batches=263 queries=264
t=17400791 read event=2103 count=16384 submitted=34455552 read_us=262 tx_us=5791 ack_sample=0 fast_bytes=16384 slow_bytes=0 batches=208 queries=209
t=17407090 read event=2104 count=16384 submitted=34471936 read_us=259 tx_us=6009 ack_sample=0 fast_bytes=16384 slow_bytes=0 batches=227 queries=228
t=17415937 read event=2105 count=16384 submitted=34488320 read_us=261 tx_us=8483 ack_sample=0 fast_bytes=16366 slow_bytes=18 batches=427 queries=437
t=17421651 read event=2106 count=16384 submitted=34504704 read_us=772 tx_us=4907 ack_sample=0 fast_bytes=16384 slow_bytes=0 batches=134 queries=135
t=17427668 read event=2107 count=16384 submitted=34521088 read_us=290 tx_us=5689 ack_sample=0 fast_bytes=16384 slow_bytes=0 batches=194 queries=195
t=17434109 read event=2108 count=16384 submitted=34537472 read_us=281 tx_us=6123 ack_sample=0 fast_bytes=16384 slow_bytes=0 batches=236 queries=237
t=17440711 read event=2109 count=16384 submitted=34553856 read_us=269 tx_us=6191 ack_sample=0 fast_bytes=16384 slow_bytes=0 batches=242 queries=243
t=17446724 read event=2110 count=16384 submitted=34570240 read_us=264 tx_us=5706 ack_sample=0 fast_bytes=16384 slow_bytes=0 batches=201 queries=202
t=17456059 read event=2111 count=16384 submitted=34586624 read_us=262 tx_us=9042 ack_sample=0 fast_bytes=16364 slow_bytes=20 batches=475 queries=486
t=17461604 read event=2112 count=16384 submitted=34603008 read_us=258 tx_us=5256 ack_sample=1 fast_bytes=16384 slow_bytes=0 batches=163 queries=164
t=17461631 profile_ack event=2112 words=0 high_reads=0 low_reads=0 high_wait_words=0 low_wait_words=0 high_max_reads=0 low_max_reads=0 uninitialized=0
t=17467487 read event=2113 count=16384 submitted=34619392 read_us=264 tx_us=5484 ack_sample=0 fast_bytes=16384 slow_bytes=0 batches=182 queries=183
t=17473584 read event=2114 count=16384 submitted=34635776 read_us=602 tx_us=5462 ack_sample=0 fast_bytes=16384 slow_bytes=0 batches=177 queries=178
t=17480252 read event=2115 count=16384 submitted=34652160 read_us=294 tx_us=6334 ack_sample=0 fast_bytes=16384 slow_bytes=0 batches=255 queries=256
t=17486562 read event=2116 count=16384 submitted=34668544 read_us=262 tx_us=6014 ack_sample=0 fast_bytes=16384 slow_bytes=0 batches=227 queries=228
t=17492643 read event=2117 count=16384 submitted=34684928 read_us=283 tx_us=5654 ack_sample=0 fast_bytes=16384 slow_bytes=0 batches=197 queries=198
t=17501776 read event=2118 count=16384 submitted=34701312 read_us=277 tx_us=8821 ack_sample=0 fast_bytes=16374 slow_bytes=10 batches=462 queries=468
t=17507365 read event=2119 count=16384 submitted=34717696 read_us=267 tx_us=5290 ack_sample=0 fast_bytes=16384 slow_bytes=0 batches=166 queries=167
t=17513256 read event=2120 count=16384 submitted=34734080 read_us=257 tx_us=5601 ack_sample=0 fast_bytes=16384 slow_bytes=0 batches=191 queries=192
t=17519541 read event=2121 count=16384 submitted=34750464 read_us=264 tx_us=5917 ack_sample=0 fast_bytes=16384 slow_bytes=0 batches=219 queries=220
t=17526229 read event=2122 count=16384 submitted=34766848 read_us=279 tx_us=6376 ack_sample=0 fast_bytes=16384 slow_bytes=0 batches=259 queries=260
t=17532345 read event=2123 count=16384 submitted=34783232 read_us=262 tx_us=5823 ack_sample=0 fast_bytes=16384 slow_bytes=0 batches=211 queries=212
t=17541379 read event=2124 count=16384 submitted=34799616 read_us=267 tx_us=8732 ack_sample=0 fast_bytes=16366 slow_bytes=18 batches=450 queries=460
t=17547379 read event=2125 count=16384 submitted=34816000 read_us=284 tx_us=5607 ack_sample=0 fast_bytes=16382 slow_bytes=2 batches=192 queries=194
t=17553112 read event=2126 count=16384 submitted=34832384 read_us=263 tx_us=5436 ack_sample=0 fast_bytes=16384 slow_bytes=0 batches=178 queries=179
t=17559142 read event=2127 count=16384 submitted=34848768 read_us=245 tx_us=5754 ack_sample=0 fast_bytes=16384 slow_bytes=0 batches=205 queries=206
media_player_helper: video=34919166 bytes, pts=0, audio=0 frames/0 samples
t=17565616 read event=2128 count=16384 submitted=34865152 read_us=367 tx_us=6058 ack_sample=0 fast_bytes=16384 slow_bytes=0 batches=226 queries=227
t=17572183 read event=2129 count=16384 submitted=34881536 read_us=34 tx_us=6402 ack_sample=0 fast_bytes=16384 slow_bytes=0 batches=259 queries=260
t=17578141 read event=2130 count=16384 submitted=34897920 read_us=30 tx_us=5894 ack_sample=0 fast_bytes=16384 slow_bytes=0 batches=218 queries=219
t=17587474 read event=2131 count=16384 submitted=34914304 read_us=28 tx_us=9281 ack_sample=0 fast_bytes=16362 slow_bytes=22 batches=496 queries=508
t=17589158 read event=2132 count=4862 submitted=34919166 read_us=15 tx_us=1646 ack_sample=0 fast_bytes=4862 slow_bytes=0 batches=55 queries=56
t=17589252 helper stdout eof
t=17589265 finish reason=eof fd=14 download=1 submitted=34919166 reads=2132 would_block=587
t=17589308 download released
t=17589384 child wait=684 status=0x0 wait_errno=0 exited=1 exit_code=0 signaled=0 signal=0
t=17589403 transfer complete submitted=34919166 reads=2132
t=17589415 profile_poll polls=1121 elapsed_us=170 interval_us=23503 chunks=0
t=17589427 profile_summary polls=1121 poll_us=17471673 poll_max_us=81485 data_polls=533 data_poll_us=17465238 intervals=1120 interval_us=17587068 interval_max_us=81593 read_calls=2720 read_us=765318 tx_calls=2132 tx_us=16624084 tx_max_us=27863 ack_chunks=33 fast_bytes=34896748 slow_bytes=22418 burst_calls=791350 status_queries=804691 transport_mode=2
