t=3 start source=file:/media/fat/games/MediaPlayer/dvd_opening_original.mpg index=65 core=MediaPlayer alternate=MediaPlayer
t=40 profile_version=2 transport=credit_step_v1 ack_sample_every=64 first_byte_means=first_verified_step interval_means=media_poll_entry_to_entry poll_budget_us=2000 step_bytes=2048 step_limit=8
t=2015 helper forked pid=2382 read_fd=14
t=2120 download asserted index=65 pid=2382
t=2280 would_block count=1 submitted=0
t=2299 profile_poll polls=1 elapsed_us=34 interval_us=0 chunks=0
t=2548 would_block count=2 submitted=0
t=2575 profile_poll polls=2 elapsed_us=39 interval_us=270 chunks=0
t=2643 would_block count=3 submitted=0
t=2657 profile_poll polls=3 elapsed_us=20 interval_us=101 chunks=0
t=2713 would_block count=4 submitted=0
t=2725 profile_poll polls=4 elapsed_us=19 interval_us=70 chunks=0
t=2905 would_block count=8 submitted=0
t=3253 would_block count=16 submitted=0
t=3986 would_block count=32 submitted=0
t=5357 would_block count=64 submitted=0
t=5373 profile_poll polls=64 elapsed_us=22 interval_us=41 chunks=0
t=8072 would_block count=128 submitted=0
t=8087 profile_poll polls=128 elapsed_us=20 interval_us=41 chunks=0
media_player_helper: audio output hdmi (decoded stereo PCM)
No accelerated IMDCT transform found
media_player_helper: AC-3 audio on private substream 0x80
t=16617 pipe_read event=1 count=8192 read_us=37 buffered=8192
t=17103 first_byte latency_us=14983 would_block=160 count=2048
t=17115 transfer event=1 count=2048 submitted=2048 tx_us=449 fast_bytes=2048 slow_bytes=0 queries=2
t=17605 transfer event=2 count=2048 submitted=4096 tx_us=476 fast_bytes=2048 slow_bytes=0 queries=2
t=18072 transfer event=3 count=2048 submitted=6144 tx_us=447 fast_bytes=2048 slow_bytes=0 queries=2
t=18551 transfer event=4 count=2048 submitted=8192 tx_us=464 fast_bytes=2048 slow_bytes=0 queries=2
t=19898 profile_poll polls=192 elapsed_us=7 interval_us=41 chunks=0
t=22617 profile_poll polls=256 elapsed_us=7 interval_us=42 chunks=0
t=22679 would_block count=256 submitted=8192
t=30505 pipe_read event=2 count=12288 read_us=7067 buffered=12288
t=35232 profile_poll polls=320 elapsed_us=7 interval_us=41 chunks=0
t=39168 pipe_read event=3 count=16384 read_us=54 buffered=16384
t=43058 pipe_read event=4 count=16384 read_us=31 buffered=16384
t=55944 pipe_read event=5 count=16384 read_us=3792 buffered=16384
t=61108 pipe_read event=6 count=16384 read_us=1310 buffered=16384
t=67270 pipe_read event=7 count=16384 read_us=2329 buffered=16384
t=73790 pipe_read event=8 count=16384 read_us=2690 buffered=16384
t=74576 transfer event=64 count=14 submitted=103710 tx_us=26 fast_bytes=14 slow_bytes=0 queries=2
t=74677 profile_poll polls=384 elapsed_us=253 interval_us=262 chunks=8
t=76615 transfer event=128 count=8 submitted=104132 tx_us=24 fast_bytes=8 slow_bytes=0 queries=2
t=78631 transfer event=192 count=4 submitted=104546 tx_us=24 fast_bytes=4 slow_bytes=0 queries=2
t=80644 transfer event=256 count=4 submitted=104964 tx_us=23 fast_bytes=4 slow_bytes=0 queries=2
t=82655 transfer event=320 count=4 submitted=105378 tx_us=23 fast_bytes=4 slow_bytes=0 queries=2
t=84667 transfer event=384 count=4 submitted=105796 tx_us=23 fast_bytes=4 slow_bytes=0 queries=2
t=86735 transfer event=448 count=4 submitted=106478 tx_us=23 fast_bytes=4 slow_bytes=0 queries=2
t=88747 transfer event=512 count=4 submitted=106896 tx_us=24 fast_bytes=4 slow_bytes=0 queries=2
t=90768 transfer event=576 count=4 submitted=107314 tx_us=23 fast_bytes=4 slow_bytes=0 queries=2
t=90864 profile_poll polls=448 elapsed_us=227 interval_us=261 chunks=8
t=92794 transfer event=640 count=4 submitted=107732 tx_us=24 fast_bytes=4 slow_bytes=0 queries=2
t=94806 transfer event=704 count=8 submitted=108150 tx_us=24 fast_bytes=8 slow_bytes=0 queries=2
t=96816 transfer event=768 count=4 submitted=108564 tx_us=23 fast_bytes=4 slow_bytes=0 queries=2
t=98821 transfer event=832 count=4 submitted=108978 tx_us=23 fast_bytes=4 slow_bytes=0 queries=2
t=100833 transfer event=896 count=4 submitted=109396 tx_us=23 fast_bytes=4 slow_bytes=0 queries=2
t=102853 transfer event=960 count=4 submitted=109814 tx_us=23 fast_bytes=4 slow_bytes=0 queries=2
t=104898 transfer event=1024 count=4 submitted=110236 tx_us=23 fast_bytes=4 slow_bytes=0 queries=2
t=106979 transfer event=1088 count=4 submitted=110670 tx_us=24 fast_bytes=4 slow_bytes=0 queries=2
t=107079 profile_poll polls=512 elapsed_us=232 interval_us=247 chunks=8
t=109008 transfer event=1152 count=4 submitted=111088 tx_us=23 fast_bytes=4 slow_bytes=0 queries=2
t=111024 transfer event=1216 count=4 submitted=111506 tx_us=24 fast_bytes=4 slow_bytes=0 queries=2
t=113041 transfer event=1280 count=4 submitted=111924 tx_us=24 fast_bytes=4 slow_bytes=0 queries=2
t=115055 transfer event=1344 count=8 submitted=112342 tx_us=24 fast_bytes=8 slow_bytes=0 queries=2
t=117066 transfer event=1408 count=4 submitted=112756 tx_us=23 fast_bytes=4 slow_bytes=0 queries=2
t=119077 transfer event=1472 count=8 submitted=113174 tx_us=24 fast_bytes=8 slow_bytes=0 queries=2
t=121090 transfer event=1536 count=4 submitted=113588 tx_us=24 fast_bytes=4 slow_bytes=0 queries=2
t=123106 transfer event=1600 count=4 submitted=114006 tx_us=23 fast_bytes=4 slow_bytes=0 queries=2
t=123204 profile_poll polls=576 elapsed_us=230 interval_us=245 chunks=8
t=125133 transfer event=1664 count=4 submitted=114424 tx_us=24 fast_bytes=4 slow_bytes=0 queries=2
t=127147 transfer event=1728 count=4 submitted=114842 tx_us=23 fast_bytes=4 slow_bytes=0 queries=2
t=129220 transfer event=1792 count=8 submitted=115528 tx_us=24 fast_bytes=8 slow_bytes=0 queries=2
t=131235 transfer event=1856 count=4 submitted=115942 tx_us=23 fast_bytes=4 slow_bytes=0 queries=2
t=133251 transfer event=1920 count=10 submitted=116366 tx_us=25 fast_bytes=10 slow_bytes=0 queries=2
t=135263 transfer event=1984 count=14 submitted=116784 tx_us=26 fast_bytes=14 slow_bytes=0 queries=2
t=137275 transfer event=2048 count=4 submitted=117198 tx_us=23 fast_bytes=4 slow_bytes=0 queries=2
t=139288 transfer event=2112 count=4 submitted=117616 tx_us=23 fast_bytes=4 slow_bytes=0 queries=2
t=139384 profile_poll polls=640 elapsed_us=228 interval_us=246 chunks=8
t=141312 transfer event=2176 count=4 submitted=118034 tx_us=24 fast_bytes=4 slow_bytes=0 queries=2
t=143325 transfer event=2240 count=8 submitted=118452 tx_us=24 fast_bytes=8 slow_bytes=0 queries=2
t=149684 pipe_read event=9 count=16384 read_us=4694 buffered=16384
t=150374 transfer event=2304 count=4 submitted=119908 tx_us=24 fast_bytes=4 slow_bytes=0 queries=2
t=152407 transfer event=2368 count=8 submitted=120330 tx_us=25 fast_bytes=8 slow_bytes=0 queries=2
t=154426 transfer event=2432 count=4 submitted=120744 tx_us=23 fast_bytes=4 slow_bytes=0 queries=2
t=156455 transfer event=2496 count=4 submitted=121162 tx_us=35 fast_bytes=4 slow_bytes=0 queries=2
t=158470 transfer event=2560 count=6 submitted=121582 tx_us=34 fast_bytes=6 slow_bytes=0 queries=2
t=160358 profile_poll polls=704 elapsed_us=210 interval_us=245 chunks=8
t=160504 transfer event=2624 count=4 submitted=122002 tx_us=23 fast_bytes=4 slow_bytes=0 queries=2
t=162515 transfer event=2688 count=8 submitted=122420 tx_us=24 fast_bytes=8 slow_bytes=0 queries=2
t=164570 transfer event=2752 count=4 submitted=122842 tx_us=23 fast_bytes=4 slow_bytes=0 queries=2
t=166609 transfer event=2816 count=4 submitted=123270 tx_us=23 fast_bytes=4 slow_bytes=0 queries=2
t=168628 transfer event=2880 count=4 submitted=123688 tx_us=23 fast_bytes=4 slow_bytes=0 queries=2
t=170645 transfer event=2944 count=4 submitted=124106 tx_us=23 fast_bytes=4 slow_bytes=0 queries=2
t=172718 transfer event=3008 count=4 submitted=124788 tx_us=23 fast_bytes=4 slow_bytes=0 queries=2
t=174734 transfer event=3072 count=4 submitted=125206 tx_us=23 fast_bytes=4 slow_bytes=0 queries=2
t=176630 profile_poll polls=768 elapsed_us=222 interval_us=245 chunks=8
t=176765 transfer event=3136 count=8 submitted=125628 tx_us=24 fast_bytes=8 slow_bytes=0 queries=2
t=178776 transfer event=3200 count=4 submitted=126042 tx_us=23 fast_bytes=4 slow_bytes=0 queries=2
t=180793 transfer event=3264 count=4 submitted=126460 tx_us=23 fast_bytes=4 slow_bytes=0 queries=2
t=182809 transfer event=3328 count=4 submitted=126878 tx_us=23 fast_bytes=4 slow_bytes=0 queries=2
t=184846 transfer event=3392 count=8 submitted=127300 tx_us=24 fast_bytes=8 slow_bytes=0 queries=2
t=186864 transfer event=3456 count=4 submitted=127714 tx_us=23 fast_bytes=4 slow_bytes=0 queries=2
t=188878 transfer event=3520 count=4 submitted=128132 tx_us=24 fast_bytes=4 slow_bytes=0 queries=2
t=212484 transfer event=3584 count=8 submitted=133018 tx_us=25 fast_bytes=8 slow_bytes=0 queries=2
t=214450 profile_poll polls=832 elapsed_us=221 interval_us=301 chunks=8
t=214588 transfer event=3648 count=10 submitted=133714 tx_us=25 fast_bytes=10 slow_bytes=0 queries=2
t=216603 transfer event=3712 count=4 submitted=134132 tx_us=23 fast_bytes=4 slow_bytes=0 queries=2
t=218620 transfer event=3776 count=8 submitted=134550 tx_us=24 fast_bytes=8 slow_bytes=0 queries=2
t=220635 transfer event=3840 count=4 submitted=134964 tx_us=24 fast_bytes=4 slow_bytes=0 queries=2
t=224459 pipe_read event=10 count=16384 read_us=2825 buffered=16384
t=225695 transfer event=3904 count=4 submitted=136010 tx_us=24 fast_bytes=4 slow_bytes=0 queries=2
t=227724 transfer event=3968 count=8 submitted=136432 tx_us=24 fast_bytes=8 slow_bytes=0 queries=2
t=229749 transfer event=4032 count=4 submitted=136850 tx_us=23 fast_bytes=4 slow_bytes=0 queries=2
t=231762 transfer event=4096 count=8 submitted=137268 tx_us=24 fast_bytes=8 slow_bytes=0 queries=2
t=233529 profile_poll polls=896 elapsed_us=221 interval_us=246 chunks=8
t=233795 transfer event=4160 count=4 submitted=137686 tx_us=24 fast_bytes=4 slow_bytes=0 queries=2
t=235809 transfer event=4224 count=4 submitted=138104 tx_us=23 fast_bytes=4 slow_bytes=0 queries=2
t=237821 transfer event=4288 count=4 submitted=138518 tx_us=23 fast_bytes=4 slow_bytes=0 queries=2
t=239835 transfer event=4352 count=4 submitted=138936 tx_us=23 fast_bytes=4 slow_bytes=0 queries=2
t=241848 transfer event=4416 count=8 submitted=139354 tx_us=24 fast_bytes=8 slow_bytes=0 queries=2
t=243862 transfer event=4480 count=4 submitted=139768 tx_us=23 fast_bytes=4 slow_bytes=0 queries=2
t=245876 transfer event=4544 count=4 submitted=140186 tx_us=23 fast_bytes=4 slow_bytes=0 queries=2
t=247890 transfer event=4608 count=8 submitted=140604 tx_us=24 fast_bytes=8 slow_bytes=0 queries=2
t=249659 profile_poll polls=960 elapsed_us=212 interval_us=256 chunks=8
t=249923 transfer event=4672 count=10 submitted=141028 tx_us=25 fast_bytes=10 slow_bytes=0 queries=2
t=251933 transfer event=4736 count=14 submitted=141446 tx_us=25 fast_bytes=14 slow_bytes=0 queries=2
t=253943 transfer event=4800 count=4 submitted=141860 tx_us=24 fast_bytes=4 slow_bytes=0 queries=2
t=255957 transfer event=4864 count=4 submitted=142278 tx_us=24 fast_bytes=4 slow_bytes=0 queries=2
t=257999 transfer event=4928 count=4 submitted=142828 tx_us=23 fast_bytes=4 slow_bytes=0 queries=2
t=260013 transfer event=4992 count=8 submitted=143246 tx_us=24 fast_bytes=8 slow_bytes=0 queries=2
t=262026 transfer event=5056 count=4 submitted=143660 tx_us=23 fast_bytes=4 slow_bytes=0 queries=2
t=264037 transfer event=5120 count=4 submitted=144078 tx_us=23 fast_bytes=4 slow_bytes=0 queries=2
t=265808 profile_poll polls=1024 elapsed_us=211 interval_us=260 chunks=8
t=266072 transfer event=5184 count=4 submitted=144496 tx_us=23 fast_bytes=4 slow_bytes=0 queries=2
t=268081 transfer event=5248 count=4 submitted=144914 tx_us=23 fast_bytes=4 slow_bytes=0 queries=2
t=270107 transfer event=5312 count=4 submitted=145332 tx_us=24 fast_bytes=4 slow_bytes=0 queries=2
t=272123 transfer event=5376 count=4 submitted=145750 tx_us=24 fast_bytes=4 slow_bytes=0 queries=2
t=274137 transfer event=5440 count=8 submitted=146168 tx_us=24 fast_bytes=8 slow_bytes=0 queries=2
t=276146 transfer event=5504 count=4 submitted=146582 tx_us=23 fast_bytes=4 slow_bytes=0 queries=2
t=278161 transfer event=5568 count=4 submitted=147000 tx_us=23 fast_bytes=4 slow_bytes=0 queries=2
t=280175 transfer event=5632 count=4 submitted=147414 tx_us=24 fast_bytes=4 slow_bytes=0 queries=2
t=281946 profile_poll polls=1088 elapsed_us=211 interval_us=247 chunks=8
t=282209 transfer event=5696 count=4 submitted=147836 tx_us=23 fast_bytes=4 slow_bytes=0 queries=2
t=284257 transfer event=5760 count=8 submitted=148262 tx_us=24 fast_bytes=8 slow_bytes=0 queries=2
t=286273 transfer event=5824 count=4 submitted=148680 tx_us=23 fast_bytes=4 slow_bytes=0 queries=2
t=288289 transfer event=5888 count=4 submitted=149098 tx_us=24 fast_bytes=4 slow_bytes=0 queries=2
t=290311 transfer event=5952 count=4 submitted=149516 tx_us=23 fast_bytes=4 slow_bytes=0 queries=2
t=292327 transfer event=6016 count=8 submitted=149934 tx_us=24 fast_bytes=8 slow_bytes=0 queries=2
t=294348 transfer event=6080 count=8 submitted=150352 tx_us=24 fast_bytes=8 slow_bytes=0 queries=2
t=296363 transfer event=6144 count=4 submitted=150766 tx_us=23 fast_bytes=4 slow_bytes=0 queries=2
t=298135 profile_poll polls=1152 elapsed_us=211 interval_us=245 chunks=8
t=298399 transfer event=6208 count=4 submitted=151188 tx_us=24 fast_bytes=4 slow_bytes=0 queries=2
t=302414 pipe_read event=11 count=16384 read_us=3106 buffered=16384
t=303875 transfer event=6272 count=4 submitted=152576 tx_us=23 fast_bytes=4 slow_bytes=0 queries=2
t=305916 transfer event=6336 count=10 submitted=153004 tx_us=24 fast_bytes=10 slow_bytes=0 queries=2
t=307967 transfer event=6400 count=4 submitted=153426 tx_us=23 fast_bytes=4 slow_bytes=0 queries=2
t=309994 transfer event=6464 count=8 submitted=153848 tx_us=25 fast_bytes=8 slow_bytes=0 queries=2
t=312017 transfer event=6528 count=4 submitted=154266 tx_us=23 fast_bytes=4 slow_bytes=0 queries=2
t=314034 transfer event=6592 count=8 submitted=154684 tx_us=24 fast_bytes=8 slow_bytes=0 queries=2
t=316049 transfer event=6656 count=4 submitted=155098 tx_us=23 fast_bytes=4 slow_bytes=0 queries=2
t=317649 profile_poll polls=1216 elapsed_us=219 interval_us=246 chunks=8
t=318085 transfer event=6720 count=4 submitted=155520 tx_us=23 fast_bytes=4 slow_bytes=0 queries=2
t=320097 transfer event=6784 count=8 submitted=155938 tx_us=24 fast_bytes=8 slow_bytes=0 queries=2
t=322111 transfer event=6848 count=4 submitted=156352 tx_us=23 fast_bytes=4 slow_bytes=0 queries=2
t=324130 transfer event=6912 count=4 submitted=156770 tx_us=23 fast_bytes=4 slow_bytes=0 queries=2
t=326145 transfer event=6976 count=4 submitted=157188 tx_us=23 fast_bytes=4 slow_bytes=0 queries=2
t=328161 transfer event=7040 count=4 submitted=157606 tx_us=23 fast_bytes=4 slow_bytes=0 queries=2
t=330174 transfer event=7104 count=4 submitted=158020 tx_us=24 fast_bytes=4 slow_bytes=0 queries=2
t=332188 transfer event=7168 count=4 submitted=158438 tx_us=24 fast_bytes=4 slow_bytes=0 queries=2
t=333801 profile_poll polls=1280 elapsed_us=209 interval_us=260 chunks=8
t=334236 transfer event=7232 count=4 submitted=158860 tx_us=23 fast_bytes=4 slow_bytes=0 queries=2
t=336251 transfer event=7296 count=8 submitted=159282 tx_us=24 fast_bytes=8 slow_bytes=0 queries=2
t=338274 transfer event=7360 count=4 submitted=159700 tx_us=23 fast_bytes=4 slow_bytes=0 queries=2
t=340287 transfer event=7424 count=4 submitted=160118 tx_us=24 fast_bytes=4 slow_bytes=0 queries=2
t=342356 transfer event=7488 count=4 submitted=160800 tx_us=23 fast_bytes=4 slow_bytes=0 queries=2
t=344371 transfer event=7552 count=4 submitted=161218 tx_us=23 fast_bytes=4 slow_bytes=0 queries=2
t=346382 transfer event=7616 count=4 submitted=161632 tx_us=23 fast_bytes=4 slow_bytes=0 queries=2
t=348394 transfer event=7680 count=4 submitted=162050 tx_us=23 fast_bytes=4 slow_bytes=0 queries=2
t=349997 profile_poll polls=1344 elapsed_us=211 interval_us=247 chunks=8
t=350428 transfer event=7744 count=8 submitted=162472 tx_us=24 fast_bytes=8 slow_bytes=0 queries=2
t=352450 transfer event=7808 count=4 submitted=162886 tx_us=33 fast_bytes=4 slow_bytes=0 queries=2
t=354464 transfer event=7872 count=4 submitted=163304 tx_us=33 fast_bytes=4 slow_bytes=0 queries=2
t=356479 transfer event=7936 count=8 submitted=163722 tx_us=24 fast_bytes=8 slow_bytes=0 queries=2
t=358494 transfer event=8000 count=8 submitted=164140 tx_us=24 fast_bytes=8 slow_bytes=0 queries=2
t=360506 transfer event=8064 count=4 submitted=164554 tx_us=23 fast_bytes=4 slow_bytes=0 queries=2
t=362521 transfer event=8128 count=4 submitted=164972 tx_us=24 fast_bytes=4 slow_bytes=0 queries=2
t=364548 transfer event=8192 count=4 submitted=165390 tx_us=23 fast_bytes=4 slow_bytes=0 queries=2
t=366141 profile_poll polls=1408 elapsed_us=211 interval_us=245 chunks=8
t=366585 transfer event=8256 count=10 submitted=165818 tx_us=25 fast_bytes=10 slow_bytes=0 queries=2
t=368598 transfer event=8320 count=14 submitted=166236 tx_us=25 fast_bytes=14 slow_bytes=0 queries=2
t=370612 transfer event=8384 count=4 submitted=166650 tx_us=23 fast_bytes=4 slow_bytes=0 queries=2
t=372628 transfer event=8448 count=4 submitted=167068 tx_us=23 fast_bytes=4 slow_bytes=0 queries=2
t=374641 transfer event=8512 count=4 submitted=167486 tx_us=23 fast_bytes=4 slow_bytes=0 queries=2
t=376657 transfer event=8576 count=8 submitted=167904 tx_us=24 fast_bytes=8 slow_bytes=0 queries=2
t=379019 pipe_read event=12 count=16384 read_us=2169 buffered=16384
t=381066 transfer event=8640 count=4 submitted=168812 tx_us=23 fast_bytes=4 slow_bytes=0 queries=2
t=383087 transfer event=8704 count=4 submitted=169230 tx_us=23 fast_bytes=4 slow_bytes=0 queries=2
t=384522 profile_poll polls=1472 elapsed_us=221 interval_us=245 chunks=8
t=385180 transfer event=8768 count=8 submitted=169920 tx_us=24 fast_bytes=8 slow_bytes=0 queries=2
t=387190 transfer event=8832 count=4 submitted=170334 tx_us=25 fast_bytes=4 slow_bytes=0 queries=2
t=389205 transfer event=8896 count=8 submitted=170752 tx_us=25 fast_bytes=8 slow_bytes=0 queries=2
t=391226 transfer event=8960 count=4 submitted=171170 tx_us=23 fast_bytes=4 slow_bytes=0 queries=2
t=393237 transfer event=9024 count=4 submitted=171584 tx_us=23 fast_bytes=4 slow_bytes=0 queries=2
t=395254 transfer event=9088 count=10 submitted=172008 tx_us=25 fast_bytes=10 slow_bytes=0 queries=2
t=397281 transfer event=9152 count=8 submitted=172430 tx_us=24 fast_bytes=8 slow_bytes=0 queries=2
t=399296 transfer event=9216 count=4 submitted=172844 tx_us=23 fast_bytes=4 slow_bytes=0 queries=2
t=400728 profile_poll polls=1536 elapsed_us=211 interval_us=259 chunks=8
t=401330 transfer event=9280 count=8 submitted=173266 tx_us=25 fast_bytes=8 slow_bytes=0 queries=2
t=403341 transfer event=9344 count=4 submitted=173680 tx_us=23 fast_bytes=4 slow_bytes=0 queries=2
t=405353 transfer event=9408 count=4 submitted=174098 tx_us=24 fast_bytes=4 slow_bytes=0 queries=2
t=407362 transfer event=9472 count=4 submitted=174512 tx_us=23 fast_bytes=4 slow_bytes=0 queries=2
t=409378 transfer event=9536 count=4 submitted=174930 tx_us=24 fast_bytes=4 slow_bytes=0 queries=2
t=411392 transfer event=9600 count=8 submitted=175348 tx_us=25 fast_bytes=8 slow_bytes=0 queries=2
t=413405 transfer event=9664 count=4 submitted=175762 tx_us=24 fast_bytes=4 slow_bytes=0 queries=2
t=415418 transfer event=9728 count=4 submitted=176180 tx_us=23 fast_bytes=4 slow_bytes=0 queries=2
t=416851 profile_poll polls=1600 elapsed_us=210 interval_us=260 chunks=8
t=417464 transfer event=9792 count=8 submitted=176602 tx_us=35 fast_bytes=8 slow_bytes=0 queries=2
t=419476 transfer event=9856 count=8 submitted=177020 tx_us=24 fast_bytes=8 slow_bytes=0 queries=2
t=421487 transfer event=9920 count=4 submitted=177434 tx_us=23 fast_bytes=4 slow_bytes=0 queries=2
t=423498 transfer event=9984 count=4 submitted=177852 tx_us=23 fast_bytes=4 slow_bytes=0 queries=2
t=425511 transfer event=10048 count=8 submitted=178270 tx_us=25 fast_bytes=8 slow_bytes=0 queries=2
t=427581 transfer event=10112 count=8 submitted=178956 tx_us=24 fast_bytes=8 slow_bytes=0 queries=2
t=429596 transfer event=10176 count=12 submitted=179374 tx_us=25 fast_bytes=12 slow_bytes=0 queries=2
t=431607 transfer event=10240 count=4 submitted=179788 tx_us=24 fast_bytes=4 slow_bytes=0 queries=2
t=433027 profile_poll polls=1664 elapsed_us=211 interval_us=246 chunks=8
t=433645 transfer event=10304 count=4 submitted=180210 tx_us=23 fast_bytes=4 slow_bytes=0 queries=2
t=435662 transfer event=10368 count=8 submitted=180628 tx_us=24 fast_bytes=8 slow_bytes=0 queries=2
t=437683 transfer event=10432 count=8 submitted=181046 tx_us=25 fast_bytes=8 slow_bytes=0 queries=2
t=439699 transfer event=10496 count=8 submitted=181464 tx_us=24 fast_bytes=8 slow_bytes=0 queries=2
t=441734 transfer event=10560 count=4 submitted=181882 tx_us=24 fast_bytes=4 slow_bytes=0 queries=2
t=443751 transfer event=10624 count=4 submitted=182300 tx_us=23 fast_bytes=4 slow_bytes=0 queries=2
t=445766 transfer event=10688 count=8 submitted=182718 tx_us=24 fast_bytes=8 slow_bytes=0 queries=2
t=447780 transfer event=10752 count=4 submitted=183132 tx_us=23 fast_bytes=4 slow_bytes=0 queries=2
t=449199 profile_poll polls=1728 elapsed_us=210 interval_us=245 chunks=8
t=449816 transfer event=10816 count=4 submitted=183554 tx_us=23 fast_bytes=4 slow_bytes=0 queries=2
t=451832 transfer event=10880 count=4 submitted=183972 tx_us=24 fast_bytes=4 slow_bytes=0 queries=2
t=456726 pipe_read event=13 count=16384 read_us=3147 buffered=16384
t=457210 transfer event=10944 count=4 submitted=185084 tx_us=23 fast_bytes=4 slow_bytes=0 queries=2
t=459258 transfer event=11008 count=10 submitted=185512 tx_us=25 fast_bytes=10 slow_bytes=0 queries=2
t=461282 transfer event=11072 count=8 submitted=185934 tx_us=24 fast_bytes=8 slow_bytes=0 queries=2
t=463298 transfer event=11136 count=4 submitted=186348 tx_us=24 fast_bytes=4 slow_bytes=0 queries=2
t=465313 transfer event=11200 count=4 submitted=186766 tx_us=24 fast_bytes=4 slow_bytes=0 queries=2
t=467329 transfer event=11264 count=4 submitted=187184 tx_us=23 fast_bytes=4 slow_bytes=0 queries=2
t=468603 profile_poll polls=1792 elapsed_us=221 interval_us=245 chunks=8
t=469360 transfer event=11328 count=4 submitted=187602 tx_us=23 fast_bytes=4 slow_bytes=0 queries=2
t=471429 transfer event=11392 count=8 submitted=188288 tx_us=25 fast_bytes=8 slow_bytes=0 queries=2
t=473452 transfer event=11456 count=4 submitted=188702 tx_us=35 fast_bytes=4 slow_bytes=0 queries=2
t=475465 transfer event=11520 count=4 submitted=189120 tx_us=34 fast_bytes=4 slow_bytes=0 queries=2
t=477478 transfer event=11584 count=8 submitted=189538 tx_us=25 fast_bytes=8 slow_bytes=0 queries=2
t=479490 transfer event=11648 count=8 submitted=189956 tx_us=25 fast_bytes=8 slow_bytes=0 queries=2
t=481505 transfer event=11712 count=4 submitted=190370 tx_us=23 fast_bytes=4 slow_bytes=0 queries=2
t=483516 transfer event=11776 count=4 submitted=190788 tx_us=24 fast_bytes=4 slow_bytes=0 queries=2
t=484780 profile_poll polls=1856 elapsed_us=210 interval_us=260 chunks=8
t=485548 transfer event=11840 count=4 submitted=191206 tx_us=23 fast_bytes=4 slow_bytes=0 queries=2
t=487563 transfer event=11904 count=4 submitted=191624 tx_us=24 fast_bytes=4 slow_bytes=0 queries=2
t=489576 transfer event=11968 count=12 submitted=192046 tx_us=25 fast_bytes=12 slow_bytes=0 queries=2
t=491596 transfer event=12032 count=12 submitted=192464 tx_us=25 fast_bytes=12 slow_bytes=0 queries=2
t=493608 transfer event=12096 count=4 submitted=192878 tx_us=24 fast_bytes=4 slow_bytes=0 queries=2
t=495621 transfer event=12160 count=4 submitted=193296 tx_us=24 fast_bytes=4 slow_bytes=0 queries=2
t=497632 transfer event=12224 count=4 submitted=193710 tx_us=23 fast_bytes=4 slow_bytes=0 queries=2
t=499643 transfer event=12288 count=4 submitted=194128 tx_us=23 fast_bytes=4 slow_bytes=0 queries=2
t=500903 profile_poll polls=1920 elapsed_us=208 interval_us=261 chunks=8
t=501674 transfer event=12352 count=4 submitted=194546 tx_us=23 fast_bytes=4 slow_bytes=0 queries=2
t=503689 transfer event=12416 count=4 submitted=194964 tx_us=23 fast_bytes=4 slow_bytes=0 queries=2
t=505703 transfer event=12480 count=4 submitted=195382 tx_us=23 fast_bytes=4 slow_bytes=0 queries=2
t=507716 transfer event=12544 count=4 submitted=195796 tx_us=23 fast_bytes=4 slow_bytes=0 queries=2
t=509730 transfer event=12608 count=4 submitted=196214 tx_us=24 fast_bytes=4 slow_bytes=0 queries=2
t=511745 transfer event=12672 count=4 submitted=196632 tx_us=24 fast_bytes=4 slow_bytes=0 queries=2
t=513815 transfer event=12736 count=4 submitted=197314 tx_us=23 fast_bytes=4 slow_bytes=0 queries=2
t=515830 transfer event=12800 count=4 submitted=197732 tx_us=23 fast_bytes=4 slow_bytes=0 queries=2
t=517095 profile_poll polls=1984 elapsed_us=210 interval_us=245 chunks=8
t=517884 transfer event=12864 count=4 submitted=198154 tx_us=24 fast_bytes=4 slow_bytes=0 queries=2
t=519899 transfer event=12928 count=4 submitted=198572 tx_us=23 fast_bytes=4 slow_bytes=0 queries=2
t=521924 transfer event=12992 count=10 submitted=198996 tx_us=25 fast_bytes=10 slow_bytes=0 queries=2
t=523943 transfer event=13056 count=4 submitted=199414 tx_us=23 fast_bytes=4 slow_bytes=0 queries=2
t=525957 transfer event=13120 count=4 submitted=199832 tx_us=23 fast_bytes=4 slow_bytes=0 queries=2
t=527971 transfer event=13184 count=8 submitted=200250 tx_us=24 fast_bytes=8 slow_bytes=0 queries=2
t=529989 transfer event=13248 count=8 submitted=200668 tx_us=24 fast_bytes=8 slow_bytes=0 queries=2
t=531369 pipe_read event=14 count=16384 read_us=1164 buffered=16384
t=533291 transfer event=13312 count=4 submitted=201350 tx_us=23 fast_bytes=4 slow_bytes=0 queries=2
t=534572 profile_poll polls=2048 elapsed_us=221 interval_us=245 chunks=8
t=535331 transfer event=13376 count=4 submitted=201772 tx_us=23 fast_bytes=4 slow_bytes=0 queries=2
t=537346 transfer event=13440 count=8 submitted=202190 tx_us=25 fast_bytes=8 slow_bytes=0 queries=2
t=539357 transfer event=13504 count=4 submitted=202604 tx_us=23 fast_bytes=4 slow_bytes=0 queries=2
t=541371 transfer event=13568 count=4 submitted=203022 tx_us=23 fast_bytes=4 slow_bytes=0 queries=2
t=543382 transfer event=13632 count=4 submitted=203436 tx_us=24 fast_bytes=4 slow_bytes=0 queries=2
t=545395 transfer event=13696 count=4 submitted=203854 tx_us=23 fast_bytes=4 slow_bytes=0 queries=2
t=547409 transfer event=13760 count=8 submitted=204272 tx_us=24 fast_bytes=8 slow_bytes=0 queries=2
t=549525 transfer event=13824 count=4 submitted=204706 tx_us=23 fast_bytes=4 slow_bytes=0 queries=2
t=550800 profile_poll polls=2112 elapsed_us=212 interval_us=260 chunks=8
t=551571 transfer event=13888 count=4 submitted=205128 tx_us=23 fast_bytes=4 slow_bytes=0 queries=2
t=553585 transfer event=13952 count=8 submitted=205550 tx_us=24 fast_bytes=8 slow_bytes=0 queries=2
t=555650 transfer event=14016 count=4 submitted=206232 tx_us=23 fast_bytes=4 slow_bytes=0 queries=2
t=557668 transfer event=14080 count=4 submitted=206650 tx_us=24 fast_bytes=4 slow_bytes=0 queries=2
t=559686 transfer event=14144 count=4 submitted=207068 tx_us=24 fast_bytes=4 slow_bytes=0 queries=2
t=561707 transfer event=14208 count=4 submitted=207486 tx_us=24 fast_bytes=4 slow_bytes=0 queries=2
t=563723 transfer event=14272 count=4 submitted=207904 tx_us=24 fast_bytes=4 slow_bytes=0 queries=2
t=565739 transfer event=14336 count=8 submitted=208322 tx_us=24 fast_bytes=8 slow_bytes=0 queries=2
t=567005 profile_poll polls=2176 elapsed_us=211 interval_us=245 chunks=8
t=567776 transfer event=14400 count=4 submitted=208740 tx_us=23 fast_bytes=4 slow_bytes=0 queries=2
t=569791 transfer event=14464 count=4 submitted=209158 tx_us=23 fast_bytes=4 slow_bytes=0 queries=2
t=571807 transfer event=14528 count=4 submitted=209576 tx_us=23 fast_bytes=4 slow_bytes=0 queries=2
t=573823 transfer event=14592 count=8 submitted=209994 tx_us=24 fast_bytes=8 slow_bytes=0 queries=2
t=575837 transfer event=14656 count=4 submitted=210408 tx_us=24 fast_bytes=4 slow_bytes=0 queries=2
t=577850 transfer event=14720 count=4 submitted=210826 tx_us=23 fast_bytes=4 slow_bytes=0 queries=2
t=579867 transfer event=14784 count=8 submitted=211244 tx_us=24 fast_bytes=8 slow_bytes=0 queries=2
t=581879 transfer event=14848 count=4 submitted=211658 tx_us=24 fast_bytes=4 slow_bytes=0 queries=2
t=583142 profile_poll polls=2240 elapsed_us=210 interval_us=246 chunks=8
t=583912 transfer event=14912 count=10 submitted=212086 tx_us=25 fast_bytes=10 slow_bytes=0 queries=2
t=585937 transfer event=14976 count=4 submitted=212504 tx_us=24 fast_bytes=4 slow_bytes=0 queries=2
t=587953 transfer event=15040 count=8 submitted=212922 tx_us=24 fast_bytes=8 slow_bytes=0 queries=2
t=589975 transfer event=15104 count=4 submitted=213340 tx_us=23 fast_bytes=4 slow_bytes=0 queries=2
t=591991 transfer event=15168 count=8 submitted=213758 tx_us=24 fast_bytes=8 slow_bytes=0 queries=2
t=594025 transfer event=15232 count=4 submitted=214176 tx_us=23 fast_bytes=4 slow_bytes=0 queries=2
t=596046 transfer event=15296 count=4 submitted=214594 tx_us=24 fast_bytes=4 slow_bytes=0 queries=2
t=598111 transfer event=15360 count=4 submitted=215256 tx_us=23 fast_bytes=4 slow_bytes=0 queries=2
t=599377 profile_poll polls=2304 elapsed_us=211 interval_us=245 chunks=8
t=600146 transfer event=15424 count=4 submitted=215678 tx_us=23 fast_bytes=4 slow_bytes=0 queries=2
t=602160 transfer event=15488 count=6 submitted=216096 tx_us=24 fast_bytes=6 slow_bytes=0 queries=2
t=604174 transfer event=15552 count=4 submitted=216510 tx_us=23 fast_bytes=4 slow_bytes=0 queries=2
t=606190 transfer event=15616 count=4 submitted=216928 tx_us=23 fast_bytes=4 slow_bytes=0 queries=2
t=607174 pipe_read event=15 count=16384 read_us=172 buffered=16384
t=608450 transfer event=15680 count=4 submitted=217394 tx_us=36 fast_bytes=4 slow_bytes=0 queries=2
t=610471 transfer event=15744 count=8 submitted=217816 tx_us=25 fast_bytes=8 slow_bytes=0 queries=2
t=612491 transfer event=15808 count=8 submitted=218234 tx_us=24 fast_bytes=8 slow_bytes=0 queries=2
t=614509 transfer event=15872 count=4 submitted=218648 tx_us=23 fast_bytes=4 slow_bytes=0 queries=2
t=615775 profile_poll polls=2368 elapsed_us=210 interval_us=261 chunks=8
t=616544 transfer event=15936 count=4 submitted=219070 tx_us=23 fast_bytes=4 slow_bytes=0 queries=2
t=618558 transfer event=16000 count=4 submitted=219488 tx_us=23 fast_bytes=4 slow_bytes=0 queries=2
t=620568 transfer event=16064 count=4 submitted=219902 tx_us=23 fast_bytes=4 slow_bytes=0 queries=2
t=622580 transfer event=16128 count=10 submitted=220326 tx_us=24 fast_bytes=10 slow_bytes=0 queries=2
t=624592 transfer event=16192 count=10 submitted=220740 tx_us=24 fast_bytes=10 slow_bytes=0 queries=2
t=626605 transfer event=16256 count=4 submitted=221158 tx_us=24 fast_bytes=4 slow_bytes=0 queries=2
t=628617 transfer event=16320 count=8 submitted=221576 tx_us=24 fast_bytes=8 slow_bytes=0 queries=2
t=630631 transfer event=16384 count=4 submitted=221990 tx_us=23 fast_bytes=4 slow_bytes=0 queries=2
t=631895 profile_poll polls=2432 elapsed_us=210 interval_us=260 chunks=8
t=632664 transfer event=16448 count=4 submitted=222412 tx_us=23 fast_bytes=4 slow_bytes=0 queries=2
t=634678 transfer event=16512 count=8 submitted=222830 tx_us=24 fast_bytes=8 slow_bytes=0 queries=2
t=636692 transfer event=16576 count=4 submitted=223244 tx_us=23 fast_bytes=4 slow_bytes=0 queries=2
t=638707 transfer event=16640 count=4 submitted=223662 tx_us=24 fast_bytes=4 slow_bytes=0 queries=2
t=640774 transfer event=16704 count=4 submitted=224344 tx_us=23 fast_bytes=4 slow_bytes=0 queries=2
t=642788 transfer event=16768 count=4 submitted=224762 tx_us=23 fast_bytes=4 slow_bytes=0 queries=2
t=644806 transfer event=16832 count=4 submitted=225180 tx_us=23 fast_bytes=4 slow_bytes=0 queries=2
t=646824 transfer event=16896 count=8 submitted=225598 tx_us=24 fast_bytes=8 slow_bytes=0 queries=2
t=648103 profile_poll polls=2496 elapsed_us=211 interval_us=246 chunks=8
t=648874 transfer event=16960 count=4 submitted=226020 tx_us=24 fast_bytes=4 slow_bytes=0 queries=2
t=650887 transfer event=17024 count=8 submitted=226438 tx_us=24 fast_bytes=8 slow_bytes=0 queries=2
t=652900 transfer event=17088 count=4 submitted=226852 tx_us=24 fast_bytes=4 slow_bytes=0 queries=2
t=654917 transfer event=17152 count=8 submitted=227274 tx_us=24 fast_bytes=8 slow_bytes=0 queries=2
t=656933 transfer event=17216 count=4 submitted=227692 tx_us=24 fast_bytes=4 slow_bytes=0 queries=2
t=658945 transfer event=17280 count=4 submitted=228106 tx_us=23 fast_bytes=4 slow_bytes=0 queries=2
t=660962 transfer event=17344 count=4 submitted=228524 tx_us=23 fast_bytes=4 slow_bytes=0 queries=2
t=662977 transfer event=17408 count=4 submitted=228942 tx_us=23 fast_bytes=4 slow_bytes=0 queries=2
t=664243 profile_poll polls=2560 elapsed_us=211 interval_us=245 chunks=8
t=665013 transfer event=17472 count=8 submitted=229364 tx_us=24 fast_bytes=8 slow_bytes=0 queries=2
t=667028 transfer event=17536 count=4 submitted=229778 tx_us=23 fast_bytes=4 slow_bytes=0 queries=2
t=669057 transfer event=17600 count=4 submitted=230200 tx_us=24 fast_bytes=4 slow_bytes=0 queries=2
t=671077 transfer event=17664 count=8 submitted=230618 tx_us=24 fast_bytes=8 slow_bytes=0 queries=2
t=673091 transfer event=17728 count=4 submitted=231032 tx_us=23 fast_bytes=4 slow_bytes=0 queries=2
t=675105 transfer event=17792 count=4 submitted=231450 tx_us=23 fast_bytes=4 slow_bytes=0 queries=2
t=677121 transfer event=17856 count=4 submitted=231868 tx_us=23 fast_bytes=4 slow_bytes=0 queries=2
t=679135 transfer event=17920 count=8 submitted=232286 tx_us=24 fast_bytes=8 slow_bytes=0 queries=2
t=680400 profile_poll polls=2624 elapsed_us=211 interval_us=244 chunks=8
t=681168 transfer event=17984 count=4 submitted=232704 tx_us=24 fast_bytes=4 slow_bytes=0 queries=2
t=683184 transfer event=18048 count=4 submitted=233122 tx_us=24 fast_bytes=4 slow_bytes=0 queries=2
t=684753 pipe_read event=16 count=16384 read_us=1110 buffered=16384
t=686502 transfer event=18112 count=4 submitted=234064 tx_us=23 fast_bytes=4 slow_bytes=0 queries=2
t=688522 transfer event=18176 count=4 submitted=234482 tx_us=23 fast_bytes=4 slow_bytes=0 queries=2
t=709092 transfer event=18240 count=4 submitted=238740 tx_us=23 fast_bytes=4 slow_bytes=0 queries=2
t=711174 transfer event=18304 count=4 submitted=239170 tx_us=25 fast_bytes=4 slow_bytes=0 queries=2
t=713191 transfer event=18368 count=4 submitted=239588 tx_us=24 fast_bytes=4 slow_bytes=0 queries=2
t=715210 transfer event=18432 count=4 submitted=240006 tx_us=23 fast_bytes=4 slow_bytes=0 queries=2
t=716483 profile_poll polls=2688 elapsed_us=222 interval_us=243 chunks=8
t=717240 transfer event=18496 count=14 submitted=240434 tx_us=25 fast_bytes=14 slow_bytes=0 queries=2
t=719243 transfer event=18560 count=14 submitted=240848 tx_us=25 fast_bytes=14 slow_bytes=0 queries=2
t=727779 transfer event=18624 count=4 submitted=242864 tx_us=23 fast_bytes=4 slow_bytes=0 queries=2
t=729858 transfer event=18688 count=4 submitted=243294 tx_us=23 fast_bytes=4 slow_bytes=0 queries=2
t=731879 transfer event=18752 count=4 submitted=243712 tx_us=23 fast_bytes=4 slow_bytes=0 queries=2
t=741305 transfer event=18816 count=8 submitted=245670 tx_us=24 fast_bytes=8 slow_bytes=0 queries=2
t=743376 transfer event=18880 count=4 submitted=246096 tx_us=24 fast_bytes=4 slow_bytes=0 queries=2
t=745398 transfer event=18944 count=4 submitted=246514 tx_us=23 fast_bytes=4 slow_bytes=0 queries=2
t=746477 profile_poll polls=2752 elapsed_us=222 interval_us=244 chunks=8
t=747425 transfer event=19008 count=4 submitted=246932 tx_us=24 fast_bytes=4 slow_bytes=0 queries=2
t=756856 transfer event=19072 count=4 submitted=248884 tx_us=23 fast_bytes=4 slow_bytes=0 queries=2
t=758885 transfer event=19136 count=8 submitted=249306 tx_us=24 fast_bytes=8 slow_bytes=0 queries=2
t=760895 transfer event=19200 count=4 submitted=249720 tx_us=23 fast_bytes=4 slow_bytes=0 queries=2
t=768735 pipe_read event=17 count=16384 read_us=194 buffered=16384
t=770669 transfer event=19264 count=4 submitted=252002 tx_us=23 fast_bytes=4 slow_bytes=0 queries=2
t=772711 transfer event=19328 count=4 submitted=252424 tx_us=23 fast_bytes=4 slow_bytes=0 queries=2
t=774726 transfer event=19392 count=4 submitted=252842 tx_us=23 fast_bytes=4 slow_bytes=0 queries=2
t=784169 transfer event=19456 count=12 submitted=254794 tx_us=25 fast_bytes=12 slow_bytes=0 queries=2
t=785146 profile_poll polls=2816 elapsed_us=211 interval_us=244 chunks=8
t=786226 transfer event=19520 count=12 submitted=255220 tx_us=26 fast_bytes=12 slow_bytes=0 queries=2
t=788233 transfer event=19584 count=12 submitted=255634 tx_us=25 fast_bytes=12 slow_bytes=0 queries=2
t=794928 transfer event=19648 count=16 submitted=257022 tx_us=26 fast_bytes=16 slow_bytes=0 queries=2
t=796985 transfer event=19712 count=12 submitted=257448 tx_us=25 fast_bytes=12 slow_bytes=0 queries=2
t=799030 transfer event=19776 count=8 submitted=257870 tx_us=25 fast_bytes=8 slow_bytes=0 queries=2
t=801062 transfer event=19840 count=12 submitted=258292 tx_us=26 fast_bytes=12 slow_bytes=0 queries=2
t=803088 transfer event=19904 count=12 submitted=258710 tx_us=26 fast_bytes=12 slow_bytes=0 queries=2
t=805120 transfer event=19968 count=12 submitted=259132 tx_us=26 fast_bytes=12 slow_bytes=0 queries=2
t=806080 profile_poll polls=2880 elapsed_us=212 interval_us=244 chunks=8
t=807154 transfer event=20032 count=12 submitted=259550 tx_us=26 fast_bytes=12 slow_bytes=0 queries=2
t=809161 transfer event=20096 count=12 submitted=259968 tx_us=25 fast_bytes=12 slow_bytes=0 queries=2
t=811167 transfer event=20160 count=12 submitted=260382 tx_us=26 fast_bytes=12 slow_bytes=0 queries=2
t=813229 transfer event=20224 count=12 submitted=261064 tx_us=25 fast_bytes=12 slow_bytes=0 queries=2
t=815233 transfer event=20288 count=12 submitted=261478 tx_us=25 fast_bytes=12 slow_bytes=0 queries=2
t=817237 transfer event=20352 count=12 submitted=261892 tx_us=26 fast_bytes=12 slow_bytes=0 queries=2
t=819238 transfer event=20416 count=12 submitted=262306 tx_us=25 fast_bytes=12 slow_bytes=0 queries=2
t=821242 transfer event=20480 count=18 submitted=262730 tx_us=27 fast_bytes=18 slow_bytes=0 queries=2
t=822191 profile_poll polls=2944 elapsed_us=209 interval_us=245 chunks=8
t=823264 transfer event=20544 count=18 submitted=263148 tx_us=26 fast_bytes=18 slow_bytes=0 queries=2
t=825266 transfer event=20608 count=18 submitted=263562 tx_us=27 fast_bytes=18 slow_bytes=0 queries=2
t=827281 transfer event=20672 count=14 submitted=263976 tx_us=26 fast_bytes=14 slow_bytes=0 queries=2
t=829285 transfer event=20736 count=18 submitted=264394 tx_us=26 fast_bytes=18 slow_bytes=0 queries=2
t=831289 transfer event=20800 count=18 submitted=264808 tx_us=27 fast_bytes=18 slow_bytes=0 queries=2
t=833295 transfer event=20864 count=18 submitted=265222 tx_us=28 fast_bytes=18 slow_bytes=0 queries=2
t=835299 transfer event=20928 count=18 submitted=265636 tx_us=28 fast_bytes=18 slow_bytes=0 queries=2
t=837303 transfer event=20992 count=12 submitted=266054 tx_us=26 fast_bytes=12 slow_bytes=0 queries=2
t=838408 pipe_read event=18 count=16384 read_us=180 buffered=16384
t=838485 profile_poll polls=3008 elapsed_us=445 interval_us=243 chunks=8
t=839592 transfer event=21056 count=16 submitted=266524 tx_us=26 fast_bytes=16 slow_bytes=0 queries=2
t=841605 transfer event=21120 count=16 submitted=266942 tx_us=27 fast_bytes=16 slow_bytes=0 queries=2
t=843612 transfer event=21184 count=16 submitted=267356 tx_us=26 fast_bytes=16 slow_bytes=0 queries=2
t=845620 transfer event=21248 count=16 submitted=267774 tx_us=26 fast_bytes=16 slow_bytes=0 queries=2
t=847626 transfer event=21312 count=16 submitted=268188 tx_us=26 fast_bytes=16 slow_bytes=0 queries=2
t=849630 transfer event=21376 count=16 submitted=268602 tx_us=26 fast_bytes=16 slow_bytes=0 queries=2
t=851636 transfer event=21440 count=18 submitted=269018 tx_us=26 fast_bytes=18 slow_bytes=0 queries=2
t=853650 transfer event=21504 count=12 submitted=269434 tx_us=25 fast_bytes=12 slow_bytes=0 queries=2
t=854655 profile_poll polls=3072 elapsed_us=223 interval_us=244 chunks=8
t=855736 transfer event=21568 count=12 submitted=270120 tx_us=26 fast_bytes=12 slow_bytes=0 queries=2
t=857741 transfer event=21632 count=12 submitted=270538 tx_us=25 fast_bytes=12 slow_bytes=0 queries=2
t=859747 transfer event=21696 count=12 submitted=270952 tx_us=25 fast_bytes=12 slow_bytes=0 queries=2
t=861754 transfer event=21760 count=12 submitted=271366 tx_us=25 fast_bytes=12 slow_bytes=0 queries=2
t=863762 transfer event=21824 count=12 submitted=271784 tx_us=25 fast_bytes=12 slow_bytes=0 queries=2
t=865769 transfer event=21888 count=12 submitted=272198 tx_us=26 fast_bytes=12 slow_bytes=0 queries=2
t=867774 transfer event=21952 count=12 submitted=272612 tx_us=25 fast_bytes=12 slow_bytes=0 queries=2
t=869778 transfer event=22016 count=12 submitted=273026 tx_us=25 fast_bytes=12 slow_bytes=0 queries=2
t=870730 profile_poll polls=3136 elapsed_us=211 interval_us=258 chunks=8
t=871805 transfer event=22080 count=12 submitted=273448 tx_us=25 fast_bytes=12 slow_bytes=0 queries=2
t=873809 transfer event=22144 count=12 submitted=273862 tx_us=25 fast_bytes=12 slow_bytes=0 queries=2
t=875833 transfer event=22208 count=12 submitted=274280 tx_us=25 fast_bytes=12 slow_bytes=0 queries=2
t=877841 transfer event=22272 count=12 submitted=274694 tx_us=25 fast_bytes=12 slow_bytes=0 queries=2
t=879845 transfer event=22336 count=12 submitted=275112 tx_us=25 fast_bytes=12 slow_bytes=0 queries=2
t=881850 transfer event=22400 count=12 submitted=275526 tx_us=26 fast_bytes=12 slow_bytes=0 queries=2
t=883853 transfer event=22464 count=12 submitted=275940 tx_us=25 fast_bytes=12 slow_bytes=0 queries=2
t=885859 transfer event=22528 count=12 submitted=276354 tx_us=26 fast_bytes=12 slow_bytes=0 queries=2
t=886811 profile_poll polls=3200 elapsed_us=210 interval_us=258 chunks=8
t=887883 transfer event=22592 count=12 submitted=276772 tx_us=25 fast_bytes=12 slow_bytes=0 queries=2
t=889898 transfer event=22656 count=12 submitted=277190 tx_us=26 fast_bytes=12 slow_bytes=0 queries=2
t=891902 transfer event=22720 count=12 submitted=277604 tx_us=25 fast_bytes=12 slow_bytes=0 queries=2
t=893916 transfer event=22784 count=18 submitted=278028 tx_us=27 fast_bytes=18 slow_bytes=0 queries=2
t=895922 transfer event=22848 count=18 submitted=278442 tx_us=26 fast_bytes=18 slow_bytes=0 queries=2
t=897981 transfer event=22912 count=12 submitted=279124 tx_us=25 fast_bytes=12 slow_bytes=0 queries=2
t=899984 transfer event=22976 count=12 submitted=279538 tx_us=25 fast_bytes=12 slow_bytes=0 queries=2
t=901985 transfer event=23040 count=12 submitted=279952 tx_us=25 fast_bytes=12 slow_bytes=0 queries=2
t=902934 profile_poll polls=3264 elapsed_us=210 interval_us=246 chunks=8
t=904007 transfer event=23104 count=12 submitted=280370 tx_us=26 fast_bytes=12 slow_bytes=0 queries=2
t=906011 transfer event=23168 count=12 submitted=280788 tx_us=26 fast_bytes=12 slow_bytes=0 queries=2
t=908012 transfer event=23232 count=12 submitted=281202 tx_us=25 fast_bytes=12 slow_bytes=0 queries=2
t=910013 transfer event=23296 count=12 submitted=281616 tx_us=25 fast_bytes=12 slow_bytes=0 queries=2
t=912015 transfer event=23360 count=12 submitted=282030 tx_us=26 fast_bytes=12 slow_bytes=0 queries=2
t=914017 transfer event=23424 count=12 submitted=282444 tx_us=26 fast_bytes=12 slow_bytes=0 queries=2
t=917056 pipe_read event=19 count=16384 read_us=2138 buffered=16384
t=918341 transfer event=23488 count=4 submitted=283336 tx_us=23 fast_bytes=4 slow_bytes=0 queries=2
t=920350 transfer event=23552 count=4 submitted=283754 tx_us=23 fast_bytes=4 slow_bytes=0 queries=2
t=921277 profile_poll polls=3328 elapsed_us=211 interval_us=244 chunks=8
t=922374 transfer event=23616 count=4 submitted=284172 tx_us=23 fast_bytes=4 slow_bytes=0 queries=2
t=924376 transfer event=23680 count=4 submitted=284586 tx_us=24 fast_bytes=4 slow_bytes=0 queries=2
t=926375 transfer event=23744 count=4 submitted=285000 tx_us=23 fast_bytes=4 slow_bytes=0 queries=2
t=928376 transfer event=23808 count=4 submitted=285414 tx_us=23 fast_bytes=4 slow_bytes=0 queries=2
t=930379 transfer event=23872 count=4 submitted=285828 tx_us=24 fast_bytes=4 slow_bytes=0 queries=2
t=932380 transfer event=23936 count=4 submitted=286242 tx_us=23 fast_bytes=4 slow_bytes=0 queries=2
t=934383 transfer event=24000 count=4 submitted=286656 tx_us=24 fast_bytes=4 slow_bytes=0 queries=2
t=936384 transfer event=24064 count=8 submitted=287074 tx_us=24 fast_bytes=8 slow_bytes=0 queries=2
t=937308 profile_poll polls=3392 elapsed_us=211 interval_us=244 chunks=8
t=938405 transfer event=24128 count=8 submitted=287492 tx_us=24 fast_bytes=8 slow_bytes=0 queries=2
t=940466 transfer event=24192 count=4 submitted=288146 tx_us=34 fast_bytes=4 slow_bytes=0 queries=2
t=942467 transfer event=24256 count=4 submitted=288560 tx_us=34 fast_bytes=4 slow_bytes=0 queries=2
t=944465 transfer event=24320 count=4 submitted=288974 tx_us=34 fast_bytes=4 slow_bytes=0 queries=2
t=946465 transfer event=24384 count=4 submitted=289388 tx_us=34 fast_bytes=4 slow_bytes=0 queries=2
t=948465 transfer event=24448 count=4 submitted=289802 tx_us=34 fast_bytes=4 slow_bytes=0 queries=2
t=950463 transfer event=24512 count=8 submitted=290216 tx_us=34 fast_bytes=8 slow_bytes=0 queries=2
t=952492 transfer event=24576 count=8 submitted=290638 tx_us=25 fast_bytes=8 slow_bytes=0 queries=2
t=953409 profile_poll polls=3456 elapsed_us=212 interval_us=244 chunks=8
t=954517 transfer event=24640 count=4 submitted=291056 tx_us=24 fast_bytes=4 slow_bytes=0 queries=2
t=956519 transfer event=24704 count=4 submitted=291470 tx_us=23 fast_bytes=4 slow_bytes=0 queries=2
t=958520 transfer event=24768 count=4 submitted=291884 tx_us=24 fast_bytes=4 slow_bytes=0 queries=2
t=960520 transfer event=24832 count=4 submitted=292298 tx_us=24 fast_bytes=4 slow_bytes=0 queries=2
t=962523 transfer event=24896 count=4 submitted=292712 tx_us=23 fast_bytes=4 slow_bytes=0 queries=2
t=964521 transfer event=24960 count=4 submitted=293126 tx_us=23 fast_bytes=4 slow_bytes=0 queries=2
t=966523 transfer event=25024 count=4 submitted=293540 tx_us=24 fast_bytes=4 slow_bytes=0 queries=2
t=968523 transfer event=25088 count=4 submitted=293954 tx_us=24 fast_bytes=4 slow_bytes=0 queries=2
t=969445 profile_poll polls=3520 elapsed_us=212 interval_us=244 chunks=8
t=970546 transfer event=25152 count=4 submitted=294372 tx_us=23 fast_bytes=4 slow_bytes=0 queries=2
t=972549 transfer event=25216 count=4 submitted=294786 tx_us=23 fast_bytes=4 slow_bytes=0 queries=2
t=974552 transfer event=25280 count=8 submitted=295204 tx_us=25 fast_bytes=8 slow_bytes=0 queries=2
t=976554 transfer event=25344 count=8 submitted=295618 tx_us=24 fast_bytes=8 slow_bytes=0 queries=2
t=978557 transfer event=25408 count=4 submitted=296032 tx_us=23 fast_bytes=4 slow_bytes=0 queries=2
t=980560 transfer event=25472 count=4 submitted=296446 tx_us=23 fast_bytes=4 slow_bytes=0 queries=2
t=982622 transfer event=25536 count=4 submitted=297134 tx_us=23 fast_bytes=4 slow_bytes=0 queries=2
t=984625 transfer event=25600 count=4 submitted=297548 tx_us=23 fast_bytes=4 slow_bytes=0 queries=2
t=985547 profile_poll polls=3584 elapsed_us=222 interval_us=245 chunks=8
t=986646 transfer event=25664 count=4 submitted=297966 tx_us=23 fast_bytes=4 slow_bytes=0 queries=2
t=988651 transfer event=25728 count=4 submitted=298380 tx_us=24 fast_bytes=4 slow_bytes=0 queries=2
t=990655 transfer event=25792 count=8 submitted=298798 tx_us=25 fast_bytes=8 slow_bytes=0 queries=2
t=995135 pipe_read event=20 count=16384 read_us=3436 buffered=16384
t=996349 transfer event=25856 count=4 submitted=299974 tx_us=24 fast_bytes=4 slow_bytes=0 queries=2
t=998361 transfer event=25920 count=4 submitted=300388 tx_us=23 fast_bytes=4 slow_bytes=0 queries=2
t=1000364 transfer event=25984 count=8 submitted=300806 tx_us=24 fast_bytes=8 slow_bytes=0 queries=2
t=1002366 transfer event=26048 count=8 submitted=301220 tx_us=24 fast_bytes=8 slow_bytes=0 queries=2
t=1004366 transfer event=26112 count=8 submitted=301634 tx_us=24 fast_bytes=8 slow_bytes=0 queries=2
t=1005187 profile_poll polls=3648 elapsed_us=210 interval_us=242 chunks=8
t=1006391 transfer event=26176 count=4 submitted=302052 tx_us=23 fast_bytes=4 slow_bytes=0 queries=2
t=1008391 transfer event=26240 count=4 submitted=302466 tx_us=24 fast_bytes=4 slow_bytes=0 queries=2
t=1010389 transfer event=26304 count=4 submitted=302880 tx_us=23 fast_bytes=4 slow_bytes=0 queries=2
t=1012389 transfer event=26368 count=4 submitted=303294 tx_us=24 fast_bytes=4 slow_bytes=0 queries=2
t=1014388 transfer event=26432 count=8 submitted=303708 tx_us=24 fast_bytes=8 slow_bytes=0 queries=2
t=1016401 transfer event=26496 count=4 submitted=304122 tx_us=23 fast_bytes=4 slow_bytes=0 queries=2
t=1018405 transfer event=26560 count=8 submitted=304540 tx_us=24 fast_bytes=8 slow_bytes=0 queries=2
t=1020407 transfer event=26624 count=8 submitted=304954 tx_us=24 fast_bytes=8 slow_bytes=0 queries=2
t=1021226 profile_poll polls=3712 elapsed_us=211 interval_us=244 chunks=8
t=1022428 transfer event=26688 count=8 submitted=305372 tx_us=25 fast_bytes=8 slow_bytes=0 queries=2
t=1024429 transfer event=26752 count=8 submitted=305786 tx_us=24 fast_bytes=8 slow_bytes=0 queries=2
t=1026499 transfer event=26816 count=4 submitted=306468 tx_us=24 fast_bytes=4 slow_bytes=0 queries=2
t=1028502 transfer event=26880 count=4 submitted=306882 tx_us=23 fast_bytes=4 slow_bytes=0 queries=2
t=1030522 transfer event=26944 count=4 submitted=307300 tx_us=23 fast_bytes=4 slow_bytes=0 queries=2
t=1032526 transfer event=27008 count=4 submitted=307714 tx_us=24 fast_bytes=4 slow_bytes=0 queries=2
t=1034528 transfer event=27072 count=4 submitted=308128 tx_us=24 fast_bytes=4 slow_bytes=0 queries=2
t=1036528 transfer event=27136 count=4 submitted=308542 tx_us=23 fast_bytes=4 slow_bytes=0 queries=2
t=1037337 profile_poll polls=3776 elapsed_us=210 interval_us=244 chunks=8
t=1038549 transfer event=27200 count=4 submitted=308960 tx_us=24 fast_bytes=4 slow_bytes=0 queries=2
t=1040549 transfer event=27264 count=4 submitted=309374 tx_us=23 fast_bytes=4 slow_bytes=0 queries=2
t=1042546 transfer event=27328 count=4 submitted=309788 tx_us=24 fast_bytes=4 slow_bytes=0 queries=2
t=1044547 transfer event=27392 count=4 submitted=310202 tx_us=23 fast_bytes=4 slow_bytes=0 queries=2
t=1046548 transfer event=27456 count=4 submitted=310616 tx_us=24 fast_bytes=4 slow_bytes=0 queries=2
t=1048551 transfer event=27520 count=8 submitted=311034 tx_us=24 fast_bytes=8 slow_bytes=0 queries=2
t=1050552 transfer event=27584 count=8 submitted=311448 tx_us=24 fast_bytes=8 slow_bytes=0 queries=2
t=1052548 transfer event=27648 count=4 submitted=311858 tx_us=23 fast_bytes=4 slow_bytes=0 queries=2
t=1053356 profile_poll polls=3840 elapsed_us=212 interval_us=242 chunks=8
t=1054566 transfer event=27712 count=4 submitted=312276 tx_us=23 fast_bytes=4 slow_bytes=0 queries=2
t=1056566 transfer event=27776 count=4 submitted=312690 tx_us=24 fast_bytes=4 slow_bytes=0 queries=2
t=1058564 transfer event=27840 count=4 submitted=313104 tx_us=24 fast_bytes=4 slow_bytes=0 queries=2
t=1060568 transfer event=27904 count=4 submitted=313518 tx_us=23 fast_bytes=4 slow_bytes=0 queries=2
t=1062577 transfer event=27968 count=14 submitted=313942 tx_us=25 fast_bytes=14 slow_bytes=0 queries=2
t=1064580 transfer event=28032 count=10 submitted=314356 tx_us=24 fast_bytes=10 slow_bytes=0 queries=2
t=1066580 transfer event=28096 count=10 submitted=314770 tx_us=25 fast_bytes=10 slow_bytes=0 queries=2
t=1070611 pipe_read event=21 count=16384 read_us=2226 buffered=16384
t=1071020 transfer event=28160 count=4 submitted=315942 tx_us=23 fast_bytes=4 slow_bytes=0 queries=2
t=1071833 profile_poll polls=3904 elapsed_us=209 interval_us=270 chunks=8
t=1073063 transfer event=28224 count=4 submitted=316364 tx_us=23 fast_bytes=4 slow_bytes=0 queries=2
t=1075068 transfer event=28288 count=4 submitted=316778 tx_us=23 fast_bytes=4 slow_bytes=0 queries=2
t=1077993 transfer event=28352 count=4 submitted=321430 tx_us=23 fast_bytes=4 slow_bytes=0 queries=2
t=1080899 transfer event=28416 count=4 submitted=326080 tx_us=24 fast_bytes=4 slow_bytes=0 queries=2
t=1085330 pipe_read event=22 count=16384 read_us=1367 buffered=16384
t=1086248 transfer event=28480 count=66 submitted=335280 tx_us=37 fast_bytes=66 slow_bytes=0 queries=2
t=1090072 transfer event=28544 count=42 submitted=344172 tx_us=32 fast_bytes=42 slow_bytes=0 queries=2
t=1094355 pipe_read event=23 count=16384 read_us=1767 buffered=16384
t=1095843 transfer event=28608 count=8 submitted=353464 tx_us=24 fast_bytes=8 slow_bytes=0 queries=2
t=1098773 transfer event=28672 count=4 submitted=358118 tx_us=23 fast_bytes=4 slow_bytes=0 queries=2
t=1099288 profile_poll polls=3968 elapsed_us=211 interval_us=246 chunks=8
t=1101704 transfer event=28736 count=8 submitted=362774 tx_us=24 fast_bytes=8 slow_bytes=0 queries=2
t=1105209 pipe_read event=24 count=16384 read_us=2443 buffered=16384
t=1109097 transfer event=28800 count=12 submitted=376448 tx_us=25 fast_bytes=12 slow_bytes=0 queries=2
t=1111525 pipe_read event=25 count=16384 read_us=183 buffered=16384
t=1112245 transfer event=28864 count=12 submitted=381146 tx_us=25 fast_bytes=12 slow_bytes=0 queries=2
t=1115165 transfer event=28928 count=12 submitted=385798 tx_us=26 fast_bytes=12 slow_bytes=0 queries=2
t=1118074 transfer event=28992 count=18 submitted=390452 tx_us=27 fast_bytes=18 slow_bytes=0 queries=2
t=1119889 profile_poll polls=4032 elapsed_us=14 interval_us=48 chunks=0
t=1123016 profile_poll polls=4096 elapsed_us=15 interval_us=48 chunks=0
t=1126125 profile_poll polls=4160 elapsed_us=15 interval_us=47 chunks=0
t=1129236 profile_poll polls=4224 elapsed_us=15 interval_us=47 chunks=0
t=1132341 profile_poll polls=4288 elapsed_us=15 interval_us=47 chunks=0
t=1135457 profile_poll polls=4352 elapsed_us=25 interval_us=47 chunks=0
t=1138558 profile_poll polls=4416 elapsed_us=15 interval_us=49 chunks=0
t=1141685 profile_poll polls=4480 elapsed_us=15 interval_us=47 chunks=0
t=1144794 profile_poll polls=4544 elapsed_us=14 interval_us=48 chunks=0
t=1147901 profile_poll polls=4608 elapsed_us=15 interval_us=47 chunks=0
t=1151008 profile_poll polls=4672 elapsed_us=15 interval_us=48 chunks=0
t=1154116 profile_poll polls=4736 elapsed_us=14 interval_us=48 chunks=0
t=1157222 profile_poll polls=4800 elapsed_us=15 interval_us=47 chunks=0
t=1160330 profile_poll polls=4864 elapsed_us=15 interval_us=47 chunks=0
t=1163711 profile_poll polls=4928 elapsed_us=42 interval_us=48 chunks=1
t=1167054 profile_poll polls=4992 elapsed_us=15 interval_us=48 chunks=0
t=1170422 profile_poll polls=5056 elapsed_us=15 interval_us=47 chunks=0
t=1173750 profile_poll polls=5120 elapsed_us=14 interval_us=48 chunks=0
t=1177078 profile_poll polls=5184 elapsed_us=42 interval_us=47 chunks=1
t=1180960 profile_poll polls=5248 elapsed_us=15 interval_us=47 chunks=0
t=1183406 transfer event=29056 count=184 submitted=397312 tx_us=63 fast_bytes=184 slow_bytes=0 queries=2
t=1184892 pipe_read event=26 count=16384 read_us=1462 buffered=16384
t=1189846 transfer event=29120 count=8 submitted=410866 tx_us=24 fast_bytes=8 slow_bytes=0 queries=2
t=1191869 transfer event=29184 count=4 submitted=411284 tx_us=24 fast_bytes=4 slow_bytes=0 queries=2
t=1193877 transfer event=29248 count=4 submitted=411698 tx_us=24 fast_bytes=4 slow_bytes=0 queries=2
t=1194053 profile_poll polls=5312 elapsed_us=230 interval_us=245 chunks=8
t=1195905 transfer event=29312 count=8 submitted=412120 tx_us=25 fast_bytes=8 slow_bytes=0 queries=2
t=1197916 transfer event=29376 count=4 submitted=412534 tx_us=24 fast_bytes=4 slow_bytes=0 queries=2
t=1199925 transfer event=29440 count=8 submitted=412952 tx_us=24 fast_bytes=8 slow_bytes=0 queries=2
t=1201934 transfer event=29504 count=4 submitted=413366 tx_us=23 fast_bytes=4 slow_bytes=0 queries=2
t=1203684 pipe_read event=27 count=16384 read_us=170 buffered=16384
t=1204177 transfer event=29568 count=8 submitted=413834 tx_us=24 fast_bytes=8 slow_bytes=0 queries=2
t=1206194 transfer event=29632 count=4 submitted=414248 tx_us=23 fast_bytes=4 slow_bytes=0 queries=2
t=1208257 transfer event=29696 count=4 submitted=414930 tx_us=23 fast_bytes=4 slow_bytes=0 queries=2
t=1210262 transfer event=29760 count=8 submitted=415348 tx_us=25 fast_bytes=8 slow_bytes=0 queries=2
t=1210448 profile_poll polls=5376 elapsed_us=240 interval_us=243 chunks=8
t=1212281 transfer event=29824 count=8 submitted=415766 tx_us=24 fast_bytes=8 slow_bytes=0 queries=2
t=1214282 transfer event=29888 count=8 submitted=416180 tx_us=25 fast_bytes=8 slow_bytes=0 queries=2
t=1216283 transfer event=29952 count=8 submitted=416594 tx_us=24 fast_bytes=8 slow_bytes=0 queries=2
t=1218281 transfer event=30016 count=8 submitted=417008 tx_us=24 fast_bytes=8 slow_bytes=0 queries=2
t=1220282 transfer event=30080 count=8 submitted=417422 tx_us=25 fast_bytes=8 slow_bytes=0 queries=2
t=1222283 transfer event=30144 count=8 submitted=417836 tx_us=24 fast_bytes=8 slow_bytes=0 queries=2
t=1224283 transfer event=30208 count=8 submitted=418250 tx_us=25 fast_bytes=8 slow_bytes=0 queries=2
t=1226285 transfer event=30272 count=4 submitted=418664 tx_us=24 fast_bytes=4 slow_bytes=0 queries=2
t=1226471 profile_poll polls=5440 elapsed_us=240 interval_us=244 chunks=8
t=1228305 transfer event=30336 count=8 submitted=419082 tx_us=25 fast_bytes=8 slow_bytes=0 queries=2
t=1230308 transfer event=30400 count=4 submitted=419496 tx_us=24 fast_bytes=4 slow_bytes=0 queries=2
t=1232310 transfer event=30464 count=4 submitted=419910 tx_us=23 fast_bytes=4 slow_bytes=0 queries=2
t=1234314 transfer event=30528 count=4 submitted=420324 tx_us=23 fast_bytes=4 slow_bytes=0 queries=2
t=1236351 transfer event=30592 count=4 submitted=420746 tx_us=23 fast_bytes=4 slow_bytes=0 queries=2
t=1238360 transfer event=30656 count=4 submitted=421160 tx_us=23 fast_bytes=4 slow_bytes=0 queries=2
t=1240367 transfer event=30720 count=12 submitted=421582 tx_us=25 fast_bytes=12 slow_bytes=0 queries=2
t=1242372 transfer event=30784 count=8 submitted=421996 tx_us=24 fast_bytes=8 slow_bytes=0 queries=2
t=1242558 profile_poll polls=5504 elapsed_us=241 interval_us=244 chunks=8
t=1244393 transfer event=30848 count=4 submitted=422414 tx_us=23 fast_bytes=4 slow_bytes=0 queries=2
t=1246395 transfer event=30912 count=4 submitted=422828 tx_us=24 fast_bytes=4 slow_bytes=0 queries=2
t=1248399 transfer event=30976 count=4 submitted=423242 tx_us=23 fast_bytes=4 slow_bytes=0 queries=2
t=1250469 transfer event=31040 count=4 submitted=423924 tx_us=33 fast_bytes=4 slow_bytes=0 queries=2
t=1252472 transfer event=31104 count=8 submitted=424342 tx_us=24 fast_bytes=8 slow_bytes=0 queries=2
t=1254476 transfer event=31168 count=8 submitted=424756 tx_us=25 fast_bytes=8 slow_bytes=0 queries=2
t=1256480 transfer event=31232 count=8 submitted=425170 tx_us=24 fast_bytes=8 slow_bytes=0 queries=2
t=1258484 transfer event=31296 count=4 submitted=425584 tx_us=24 fast_bytes=4 slow_bytes=0 queries=2
t=1258659 profile_poll polls=5568 elapsed_us=240 interval_us=244 chunks=8
t=1260504 transfer event=31360 count=4 submitted=426002 tx_us=24 fast_bytes=4 slow_bytes=0 queries=2
t=1262509 transfer event=31424 count=8 submitted=426420 tx_us=24 fast_bytes=8 slow_bytes=0 queries=2
t=1264511 transfer event=31488 count=8 submitted=426834 tx_us=24 fast_bytes=8 slow_bytes=0 queries=2
t=1266523 transfer event=31552 count=4 submitted=427248 tx_us=23 fast_bytes=4 slow_bytes=0 queries=2
t=1268534 transfer event=31616 count=8 submitted=427666 tx_us=24 fast_bytes=8 slow_bytes=0 queries=2
t=1270541 transfer event=31680 count=4 submitted=428080 tx_us=24 fast_bytes=4 slow_bytes=0 queries=2
t=1272548 transfer event=31744 count=4 submitted=428494 tx_us=23 fast_bytes=4 slow_bytes=0 queries=2
t=1274554 transfer event=31808 count=8 submitted=428912 tx_us=25 fast_bytes=8 slow_bytes=0 queries=2
t=1274729 profile_poll polls=5632 elapsed_us=230 interval_us=257 chunks=8
t=1276573 transfer event=31872 count=8 submitted=429330 tx_us=24 fast_bytes=8 slow_bytes=0 queries=2
t=1278580 transfer event=31936 count=4 submitted=429744 tx_us=24 fast_bytes=4 slow_bytes=0 queries=2
t=1280393 pipe_read event=28 count=16384 read_us=176 buffered=16384
t=1280829 transfer event=32000 count=4 submitted=430212 tx_us=23 fast_bytes=4 slow_bytes=0 queries=2
t=1282845 transfer event=32064 count=8 submitted=430630 tx_us=24 fast_bytes=8 slow_bytes=0 queries=2
t=1284853 transfer event=32128 count=4 submitted=431044 tx_us=24 fast_bytes=4 slow_bytes=0 queries=2
t=1286866 transfer event=32192 count=8 submitted=431462 tx_us=24 fast_bytes=8 slow_bytes=0 queries=2
t=1288869 transfer event=32256 count=4 submitted=431876 tx_us=24 fast_bytes=4 slow_bytes=0 queries=2
t=1290877 transfer event=32320 count=4 submitted=432290 tx_us=24 fast_bytes=4 slow_bytes=0 queries=2
t=1291051 profile_poll polls=5696 elapsed_us=228 interval_us=245 chunks=8
t=1292953 transfer event=32384 count=4 submitted=432976 tx_us=23 fast_bytes=4 slow_bytes=0 queries=2
t=1294964 transfer event=32448 count=4 submitted=433390 tx_us=23 fast_bytes=4 slow_bytes=0 queries=2
t=1296969 transfer event=32512 count=8 submitted=433808 tx_us=24 fast_bytes=8 slow_bytes=0 queries=2
t=1298973 transfer event=32576 count=4 submitted=434222 tx_us=24 fast_bytes=4 slow_bytes=0 queries=2
t=1300978 transfer event=32640 count=4 submitted=434636 tx_us=24 fast_bytes=4 slow_bytes=0 queries=2
t=1302982 transfer event=32704 count=4 submitted=435050 tx_us=23 fast_bytes=4 slow_bytes=0 queries=2
t=1304985 transfer event=32768 count=4 submitted=435464 tx_us=23 fast_bytes=4 slow_bytes=0 queries=2
t=1306992 transfer event=32832 count=8 submitted=435882 tx_us=24 fast_bytes=8 slow_bytes=0 queries=2
t=1307167 profile_poll polls=5760 elapsed_us=229 interval_us=245 chunks=8
t=1309028 transfer event=32896 count=4 submitted=436300 tx_us=24 fast_bytes=4 slow_bytes=0 queries=2
t=1311033 transfer event=32960 count=12 submitted=436722 tx_us=25 fast_bytes=12 slow_bytes=0 queries=2
t=1313037 transfer event=33024 count=8 submitted=437136 tx_us=24 fast_bytes=8 slow_bytes=0 queries=2
t=1315040 transfer event=33088 count=8 submitted=437550 tx_us=24 fast_bytes=8 slow_bytes=0 queries=2
t=1317044 transfer event=33152 count=8 submitted=437964 tx_us=24 fast_bytes=8 slow_bytes=0 queries=2
t=1319049 transfer event=33216 count=8 submitted=438378 tx_us=25 fast_bytes=8 slow_bytes=0 queries=2
t=1321053 transfer event=33280 count=12 submitted=438796 tx_us=25 fast_bytes=12 slow_bytes=0 queries=2
t=1323058 transfer event=33344 count=4 submitted=439210 tx_us=23 fast_bytes=4 slow_bytes=0 queries=2
t=1323232 profile_poll polls=5824 elapsed_us=228 interval_us=244 chunks=8
t=1325075 transfer event=33408 count=8 submitted=439628 tx_us=25 fast_bytes=8 slow_bytes=0 queries=2
t=1327077 transfer event=33472 count=6 submitted=440042 tx_us=24 fast_bytes=6 slow_bytes=0 queries=2
t=1329081 transfer event=33536 count=4 submitted=440456 tx_us=23 fast_bytes=4 slow_bytes=0 queries=2
t=1331098 transfer event=33600 count=4 submitted=440874 tx_us=23 fast_bytes=4 slow_bytes=0 queries=2
t=1333104 transfer event=33664 count=4 submitted=441288 tx_us=23 fast_bytes=4 slow_bytes=0 queries=2
t=1335164 transfer event=33728 count=4 submitted=441970 tx_us=24 fast_bytes=4 slow_bytes=0 queries=2
t=1337171 transfer event=33792 count=4 submitted=442384 tx_us=23 fast_bytes=4 slow_bytes=0 queries=2
t=1339175 transfer event=33856 count=8 submitted=442802 tx_us=24 fast_bytes=8 slow_bytes=0 queries=2
t=1339349 profile_poll polls=5888 elapsed_us=229 interval_us=243 chunks=8
t=1341192 transfer event=33920 count=4 submitted=443216 tx_us=23 fast_bytes=4 slow_bytes=0 queries=2
t=1343194 transfer event=33984 count=4 submitted=443630 tx_us=23 fast_bytes=4 slow_bytes=0 queries=2
t=1345198 transfer event=34048 count=8 submitted=444048 tx_us=24 fast_bytes=8 slow_bytes=0 queries=2
t=1347201 transfer event=34112 count=8 submitted=444462 tx_us=24 fast_bytes=8 slow_bytes=0 queries=2
t=1349206 transfer event=34176 count=4 submitted=444876 tx_us=24 fast_bytes=4 slow_bytes=0 queries=2
t=1351209 transfer event=34240 count=4 submitted=445290 tx_us=23 fast_bytes=4 slow_bytes=0 queries=2
t=1353212 transfer event=34304 count=4 submitted=445704 tx_us=23 fast_bytes=4 slow_bytes=0 queries=2
t=1355213 transfer event=34368 count=4 submitted=446118 tx_us=23 fast_bytes=4 slow_bytes=0 queries=2
t=1355388 profile_poll polls=5952 elapsed_us=229 interval_us=244 chunks=8
t=1358284 pipe_read event=29 count=16384 read_us=1410 buffered=16384
t=1358793 transfer event=34432 count=4 submitted=446862 tx_us=24 fast_bytes=4 slow_bytes=0 queries=2
t=1360811 transfer event=34496 count=4 submitted=447280 tx_us=23 fast_bytes=4 slow_bytes=0 queries=2
t=1362822 transfer event=34560 count=8 submitted=447698 tx_us=24 fast_bytes=8 slow_bytes=0 queries=2
t=1364827 transfer event=34624 count=4 submitted=448112 tx_us=23 fast_bytes=4 slow_bytes=0 queries=2
t=1366830 transfer event=34688 count=4 submitted=448526 tx_us=23 fast_bytes=4 slow_bytes=0 queries=2
t=1368835 transfer event=34752 count=4 submitted=448940 tx_us=23 fast_bytes=4 slow_bytes=0 queries=2
t=1370840 transfer event=34816 count=4 submitted=449354 tx_us=24 fast_bytes=4 slow_bytes=0 queries=2
t=1372846 transfer event=34880 count=8 submitted=449772 tx_us=25 fast_bytes=8 slow_bytes=0 queries=2
t=1373019 profile_poll polls=6016 elapsed_us=228 interval_us=244 chunks=8
t=1374863 transfer event=34944 count=8 submitted=450190 tx_us=24 fast_bytes=8 slow_bytes=0 queries=2
t=1377786 transfer event=35008 count=4 submitted=454838 tx_us=23 fast_bytes=4 slow_bytes=0 queries=2
t=1380731 transfer event=35072 count=4 submitted=459494 tx_us=24 fast_bytes=4 slow_bytes=0 queries=2
t=1382248 pipe_read event=30 count=16384 read_us=175 buffered=16384
t=1383896 transfer event=35136 count=4 submitted=464178 tx_us=23 fast_bytes=4 slow_bytes=0 queries=2
t=1386548 transfer event=35200 count=4 submitted=467494 tx_us=23 fast_bytes=4 slow_bytes=0 queries=2
t=1388558 transfer event=35264 count=4 submitted=467912 tx_us=24 fast_bytes=4 slow_bytes=0 queries=2
t=1390563 transfer event=35328 count=4 submitted=468326 tx_us=23 fast_bytes=4 slow_bytes=0 queries=2
t=1392583 transfer event=35392 count=4 submitted=468744 tx_us=23 fast_bytes=4 slow_bytes=0 queries=2
t=1392759 profile_poll polls=6080 elapsed_us=230 interval_us=273 chunks=8
t=1394614 transfer event=35456 count=8 submitted=469166 tx_us=25 fast_bytes=8 slow_bytes=0 queries=2
t=1396621 transfer event=35520 count=4 submitted=469580 tx_us=23 fast_bytes=4 slow_bytes=0 queries=2
t=1398629 transfer event=35584 count=4 submitted=469994 tx_us=24 fast_bytes=4 slow_bytes=0 queries=2
t=1400638 transfer event=35648 count=8 submitted=470412 tx_us=25 fast_bytes=8 slow_bytes=0 queries=2
t=1402645 transfer event=35712 count=4 submitted=470826 tx_us=24 fast_bytes=4 slow_bytes=0 queries=2
t=1404649 transfer event=35776 count=4 submitted=471240 tx_us=23 fast_bytes=4 slow_bytes=0 queries=2
t=1406657 transfer event=35840 count=12 submitted=471662 tx_us=25 fast_bytes=12 slow_bytes=0 queries=2
t=1408663 transfer event=35904 count=8 submitted=472076 tx_us=25 fast_bytes=8 slow_bytes=0 queries=2
t=1408835 profile_poll polls=6144 elapsed_us=227 interval_us=260 chunks=8
t=1410682 transfer event=35968 count=12 submitted=472494 tx_us=25 fast_bytes=12 slow_bytes=0 queries=2
t=1412686 transfer event=36032 count=4 submitted=472908 tx_us=23 fast_bytes=4 slow_bytes=0 queries=2
t=1414690 transfer event=36096 count=4 submitted=473322 tx_us=24 fast_bytes=4 slow_bytes=0 queries=2
t=1416692 transfer event=36160 count=4 submitted=473736 tx_us=23 fast_bytes=4 slow_bytes=0 queries=2
t=1418694 transfer event=36224 count=4 submitted=474150 tx_us=23 fast_bytes=4 slow_bytes=0 queries=2
t=1420698 transfer event=36288 count=8 submitted=474568 tx_us=24 fast_bytes=8 slow_bytes=0 queries=2
t=1422702 transfer event=36352 count=8 submitted=474982 tx_us=24 fast_bytes=8 slow_bytes=0 queries=2
t=1424703 transfer event=36416 count=4 submitted=475396 tx_us=23 fast_bytes=4 slow_bytes=0 queries=2
t=1424877 profile_poll polls=6208 elapsed_us=228 interval_us=258 chunks=8
t=1426778 transfer event=36480 count=16 submitted=476078 tx_us=26 fast_bytes=16 slow_bytes=0 queries=2
t=1428783 transfer event=36544 count=8 submitted=476496 tx_us=24 fast_bytes=8 slow_bytes=0 queries=2
t=1430789 transfer event=36608 count=4 submitted=476910 tx_us=24 fast_bytes=4 slow_bytes=0 queries=2
t=1432795 transfer event=36672 count=4 submitted=477324 tx_us=23 fast_bytes=4 slow_bytes=0 queries=2
t=1434802 transfer event=36736 count=8 submitted=477742 tx_us=25 fast_bytes=8 slow_bytes=0 queries=2
t=1436807 transfer event=36800 count=4 submitted=478156 tx_us=24 fast_bytes=4 slow_bytes=0 queries=2
t=1438810 transfer event=36864 count=4 submitted=478570 tx_us=23 fast_bytes=4 slow_bytes=0 queries=2
t=1440821 transfer event=36928 count=8 submitted=478988 tx_us=24 fast_bytes=8 slow_bytes=0 queries=2
t=1440996 profile_poll polls=6272 elapsed_us=229 interval_us=245 chunks=8
t=1442210 pipe_read event=31 count=16384 read_us=165 buffered=16384
t=1443072 transfer event=36992 count=8 submitted=479456 tx_us=25 fast_bytes=8 slow_bytes=0 queries=2
t=1445088 transfer event=37056 count=4 submitted=479870 tx_us=23 fast_bytes=4 slow_bytes=0 queries=2
t=1447096 transfer event=37120 count=8 submitted=480288 tx_us=24 fast_bytes=8 slow_bytes=0 queries=2
t=1449103 transfer event=37184 count=4 submitted=480702 tx_us=24 fast_bytes=4 slow_bytes=0 queries=2
t=1451107 transfer event=37248 count=4 submitted=481116 tx_us=23 fast_bytes=4 slow_bytes=0 queries=2
t=1453113 transfer event=37312 count=8 submitted=481534 tx_us=24 fast_bytes=8 slow_bytes=0 queries=2
t=1455118 transfer event=37376 count=4 submitted=481948 tx_us=24 fast_bytes=4 slow_bytes=0 queries=2
t=1457136 transfer event=37440 count=8 submitted=482366 tx_us=25 fast_bytes=8 slow_bytes=0 queries=2
t=1457311 profile_poll polls=6336 elapsed_us=230 interval_us=244 chunks=8
t=1459172 transfer event=37504 count=4 submitted=482784 tx_us=24 fast_bytes=4 slow_bytes=0 queries=2
t=1462208 transfer event=37568 count=620 submitted=488042 tx_us=152 fast_bytes=620 slow_bytes=0 queries=2
t=1465723 pipe_read event=32 count=16384 read_us=163 buffered=16384
t=1466104 transfer event=37632 count=4 submitted=496360 tx_us=24 fast_bytes=4 slow_bytes=0 queries=2
t=1469019 transfer event=37696 count=4 submitted=501008 tx_us=24 fast_bytes=4 slow_bytes=0 queries=2
t=1471938 transfer event=37760 count=4 submitted=505660 tx_us=23 fast_bytes=4 slow_bytes=0 queries=2
t=1474849 transfer event=37824 count=4 submitted=510314 tx_us=23 fast_bytes=4 slow_bytes=0 queries=2
t=1477319 pipe_read event=33 count=16384 read_us=1531 buffered=16384
t=1480356 transfer event=37888 count=4 submitted=519546 tx_us=23 fast_bytes=4 slow_bytes=0 queries=2
t=1483281 transfer event=37952 count=8 submitted=524202 tx_us=25 fast_bytes=8 slow_bytes=0 queries=2
t=1483430 profile_poll polls=6400 elapsed_us=255 interval_us=245 chunks=8
t=1484574 pipe_read event=34 count=16384 read_us=180 buffered=16384
t=1487337 transfer event=38016 count=4 submitted=533134 tx_us=23 fast_bytes=4 slow_bytes=0 queries=2
t=1490258 transfer event=38080 count=8 submitted=537792 tx_us=25 fast_bytes=8 slow_bytes=0 queries=2
t=1493166 transfer event=38144 count=4 submitted=542440 tx_us=24 fast_bytes=4 slow_bytes=0 queries=2
t=1494750 pipe_read event=35 count=16384 read_us=160 buffered=16384
t=1496305 transfer event=38208 count=4 submitted=547138 tx_us=24 fast_bytes=4 slow_bytes=0 queries=2
t=1499223 transfer event=38272 count=4 submitted=551790 tx_us=23 fast_bytes=4 slow_bytes=0 queries=2
t=1503012 transfer event=38336 count=1650 submitted=560596 tx_us=369 fast_bytes=1650 slow_bytes=0 queries=2
t=1506926 pipe_read event=36 count=16384 read_us=2149 buffered=16384
t=1509195 transfer event=38400 count=12 submitted=570026 tx_us=26 fast_bytes=12 slow_bytes=0 queries=2
t=1512058 profile_poll polls=6464 elapsed_us=210 interval_us=245 chunks=8
t=1512144 transfer event=38464 count=22 submitted=574688 tx_us=27 fast_bytes=22 slow_bytes=0 queries=2
t=1513573 pipe_read event=37 count=16384 read_us=200 buffered=16384
t=1515314 transfer event=38528 count=12 submitted=579388 tx_us=25 fast_bytes=12 slow_bytes=0 queries=2
t=1519145 transfer event=38592 count=20 submitted=588280 tx_us=28 fast_bytes=20 slow_bytes=0 queries=2
t=1522064 transfer event=38656 count=12 submitted=592928 tx_us=25 fast_bytes=12 slow_bytes=0 queries=2
t=1523755 pipe_read event=38 count=16384 read_us=162 buffered=16384
t=1525195 transfer event=38720 count=12 submitted=597626 tx_us=25 fast_bytes=12 slow_bytes=0 queries=2
t=1528115 transfer event=38784 count=18 submitted=602284 tx_us=27 fast_bytes=18 slow_bytes=0 queries=2
t=1531030 transfer event=38848 count=12 submitted=606932 tx_us=26 fast_bytes=12 slow_bytes=0 queries=2
t=1532311 pipe_read event=39 count=16384 read_us=156 buffered=16384
t=1534855 transfer event=38912 count=2048 submitted=614912 tx_us=464 fast_bytes=2048 slow_bytes=0 queries=2
t=1535358 profile_poll polls=6528 elapsed_us=15 interval_us=47 chunks=0
t=1538478 profile_poll polls=6592 elapsed_us=15 interval_us=59 chunks=0
t=1541589 profile_poll polls=6656 elapsed_us=14 interval_us=48 chunks=0
t=1544700 profile_poll polls=6720 elapsed_us=15 interval_us=48 chunks=0
t=1547807 profile_poll polls=6784 elapsed_us=15 interval_us=48 chunks=0
t=1550912 profile_poll polls=6848 elapsed_us=15 interval_us=47 chunks=0
t=1554019 profile_poll polls=6912 elapsed_us=15 interval_us=48 chunks=0
t=1557127 profile_poll polls=6976 elapsed_us=14 interval_us=47 chunks=0
t=1560235 profile_poll polls=7040 elapsed_us=15 interval_us=48 chunks=0
t=1564116 profile_poll polls=7104 elapsed_us=14 interval_us=48 chunks=0
t=1568368 profile_poll polls=7168 elapsed_us=15 interval_us=47 chunks=0
t=1572910 pipe_read event=40 count=16384 read_us=181 buffered=16384
t=1573368 profile_poll polls=7232 elapsed_us=15 interval_us=51 chunks=0
t=1577794 profile_poll polls=7296 elapsed_us=15 interval_us=47 chunks=0
t=1582242 profile_poll polls=7360 elapsed_us=260 interval_us=47 chunks=2
t=1586426 profile_poll polls=7424 elapsed_us=14 interval_us=48 chunks=0
t=1589709 profile_poll polls=7488 elapsed_us=15 interval_us=47 chunks=0
t=1592812 profile_poll polls=7552 elapsed_us=15 interval_us=47 chunks=0
t=1595926 profile_poll polls=7616 elapsed_us=14 interval_us=47 chunks=0
t=1599035 profile_poll polls=7680 elapsed_us=15 interval_us=47 chunks=0
t=1602146 profile_poll polls=7744 elapsed_us=14 interval_us=48 chunks=0
t=1605254 profile_poll polls=7808 elapsed_us=15 interval_us=48 chunks=0
t=1608365 profile_poll polls=7872 elapsed_us=15 interval_us=47 chunks=0
t=1611610 profile_poll polls=7936 elapsed_us=14 interval_us=181 chunks=0
t=1612054 transfer event=38976 count=378 submitted=642992 tx_us=101 fast_bytes=378 slow_bytes=0 queries=2
t=1612281 pipe_read event=41 count=16384 read_us=165 buffered=16384
t=1616066 profile_poll polls=8000 elapsed_us=15 interval_us=47 chunks=0
t=1620294 profile_poll polls=8064 elapsed_us=14 interval_us=48 chunks=0
t=1624985 profile_poll polls=8128 elapsed_us=15 interval_us=479 chunks=0
t=1627576 pipe_read event=42 count=16384 read_us=172 buffered=16384
t=1629481 profile_poll polls=8192 elapsed_us=15 interval_us=61 chunks=0
t=1633949 profile_poll polls=8256 elapsed_us=15 interval_us=47 chunks=0
t=1638078 profile_poll polls=8320 elapsed_us=14 interval_us=48 chunks=0
t=1642215 profile_poll polls=8384 elapsed_us=15 interval_us=47 chunks=0
t=1642402 transfer event=39040 count=512 submitted=674542 tx_us=129 fast_bytes=512 slow_bytes=0 queries=2
t=1647199 pipe_read event=43 count=16384 read_us=1579 buffered=16384
t=1648155 profile_poll polls=8448 elapsed_us=207 interval_us=48 chunks=2
t=1652193 profile_poll polls=8512 elapsed_us=15 interval_us=48 chunks=0
t=1656422 profile_poll polls=8576 elapsed_us=14 interval_us=48 chunks=0
t=1661230 pipe_read event=44 count=16384 read_us=177 buffered=16384
t=1661583 profile_poll polls=8640 elapsed_us=15 interval_us=53 chunks=0
t=1665864 profile_poll polls=8704 elapsed_us=14 interval_us=48 chunks=0
t=1670696 profile_poll polls=8768 elapsed_us=497 interval_us=48 chunks=3
t=1674788 pipe_read event=45 count=16384 read_us=162 buffered=16384
t=1675220 profile_poll polls=8832 elapsed_us=15 interval_us=47 chunks=0
t=1675668 transfer event=39104 count=512 submitted=709406 tx_us=130 fast_bytes=512 slow_bytes=0 queries=2
t=1678926 profile_poll polls=8896 elapsed_us=14 interval_us=48 chunks=0
t=1682041 profile_poll polls=8960 elapsed_us=14 interval_us=48 chunks=0
t=1685155 profile_poll polls=9024 elapsed_us=14 interval_us=48 chunks=0
t=1688268 profile_poll polls=9088 elapsed_us=15 interval_us=48 chunks=0
t=1691391 profile_poll polls=9152 elapsed_us=16 interval_us=47 chunks=0
t=1694521 profile_poll polls=9216 elapsed_us=15 interval_us=57 chunks=0
t=1698774 profile_poll polls=9280 elapsed_us=14 interval_us=48 chunks=0
t=1703089 profile_poll polls=9344 elapsed_us=235 interval_us=47 chunks=2
t=1707221 profile_poll polls=9408 elapsed_us=15 interval_us=47 chunks=0
t=1710901 pipe_read event=46 count=16384 read_us=1880 buffered=16384
t=1714893 profile_poll polls=9472 elapsed_us=15 interval_us=389 chunks=0
t=1719224 profile_poll polls=9536 elapsed_us=14 interval_us=48 chunks=0
t=1721384 pipe_read event=47 count=16384 read_us=178 buffered=16384
t=1724063 profile_poll polls=9600 elapsed_us=15 interval_us=47 chunks=0
t=1725050 transfer event=39168 count=1064 submitted=745334 tx_us=246 fast_bytes=1064 slow_bytes=0 queries=2
t=1728212 profile_poll polls=9664 elapsed_us=14 interval_us=48 chunks=0
t=1731349 profile_poll polls=9728 elapsed_us=14 interval_us=48 chunks=0
t=1734466 profile_poll polls=9792 elapsed_us=15 interval_us=58 chunks=0
t=1737577 profile_poll polls=9856 elapsed_us=15 interval_us=48 chunks=0
t=1740684 profile_poll polls=9920 elapsed_us=14 interval_us=48 chunks=0
t=1743794 profile_poll polls=9984 elapsed_us=14 interval_us=48 chunks=0
t=1746898 profile_poll polls=10048 elapsed_us=14 interval_us=48 chunks=0
t=1750005 profile_poll polls=10112 elapsed_us=15 interval_us=48 chunks=0
t=1753106 profile_poll polls=10176 elapsed_us=15 interval_us=47 chunks=0
t=1756235 profile_poll polls=10240 elapsed_us=15 interval_us=47 chunks=0
t=1759349 profile_poll polls=10304 elapsed_us=15 interval_us=48 chunks=0
t=1763054 profile_poll polls=10368 elapsed_us=15 interval_us=47 chunks=0
t=1767430 profile_poll polls=10432 elapsed_us=14 interval_us=48 chunks=0
t=1770268 pipe_read event=48 count=16384 read_us=168 buffered=16384
t=1772068 profile_poll polls=10496 elapsed_us=15 interval_us=47 chunks=0
t=1776462 profile_poll polls=10560 elapsed_us=15 interval_us=57 chunks=0
t=1781343 profile_poll polls=10624 elapsed_us=15 interval_us=47 chunks=0
t=1785171 pipe_read event=49 count=16384 read_us=1672 buffered=16384
t=1788093 profile_poll polls=10688 elapsed_us=15 interval_us=47 chunks=0
t=1789986 transfer event=39232 count=1064 submitted=781798 tx_us=246 fast_bytes=1064 slow_bytes=0 queries=2
t=1792669 profile_poll polls=10752 elapsed_us=15 interval_us=48 chunks=0
t=1796765 profile_poll polls=10816 elapsed_us=15 interval_us=48 chunks=0
t=1799909 profile_poll polls=10880 elapsed_us=15 interval_us=48 chunks=0
t=1803033 profile_poll polls=10944 elapsed_us=14 interval_us=48 chunks=0
t=1806144 profile_poll polls=11008 elapsed_us=15 interval_us=47 chunks=0
t=1809254 profile_poll polls=11072 elapsed_us=14 interval_us=48 chunks=0
t=1814189 pipe_read event=50 count=16384 read_us=1581 buffered=16384
t=1815358 profile_poll polls=11136 elapsed_us=14 interval_us=48 chunks=0
t=1819953 profile_poll polls=11200 elapsed_us=14 interval_us=361 chunks=0
t=1824212 profile_poll polls=11264 elapsed_us=15 interval_us=47 chunks=0
t=1830101 pipe_read event=51 count=16384 read_us=4228 buffered=16384
t=1834828 profile_poll polls=11328 elapsed_us=14 interval_us=48 chunks=0
t=1837776 transfer event=39296 count=510 submitted=821384 tx_us=130 fast_bytes=510 slow_bytes=0 queries=2
t=1841555 pipe_read event=52 count=16384 read_us=2350 buffered=16384
t=1842730 profile_poll polls=11392 elapsed_us=14 interval_us=48 chunks=0
t=1847531 profile_poll polls=11456 elapsed_us=14 interval_us=50 chunks=0
t=1850885 profile_poll polls=11520 elapsed_us=15 interval_us=47 chunks=0
t=1853996 profile_poll polls=11584 elapsed_us=15 interval_us=47 chunks=0
t=1857106 profile_poll polls=11648 elapsed_us=15 interval_us=47 chunks=0
t=1860211 profile_poll polls=11712 elapsed_us=15 interval_us=47 chunks=0
t=1863320 profile_poll polls=11776 elapsed_us=15 interval_us=47 chunks=0
t=1866425 profile_poll polls=11840 elapsed_us=14 interval_us=48 chunks=0
t=1869545 profile_poll polls=11904 elapsed_us=15 interval_us=49 chunks=0
t=1872650 profile_poll polls=11968 elapsed_us=15 interval_us=47 chunks=0
t=1875760 profile_poll polls=12032 elapsed_us=15 interval_us=47 chunks=0
t=1879475 profile_poll polls=12096 elapsed_us=403 interval_us=47 chunks=3
t=1883188 pipe_read event=53 count=16384 read_us=179 buffered=16384
t=1884026 profile_poll polls=12160 elapsed_us=15 interval_us=47 chunks=0
t=1888794 profile_poll polls=12224 elapsed_us=14 interval_us=48 chunks=0
t=1893531 profile_poll polls=12288 elapsed_us=15 interval_us=49 chunks=0
t=1899159 pipe_read event=54 count=16384 read_us=3402 buffered=16384
t=1902414 transfer event=39360 count=438 submitted=863724 tx_us=114 fast_bytes=438 slow_bytes=0 queries=2
t=1903051 profile_poll polls=12352 elapsed_us=15 interval_us=48 chunks=0
t=1907408 profile_poll polls=12416 elapsed_us=15 interval_us=48 chunks=0
t=1909457 pipe_read event=55 count=16384 read_us=202 buffered=16384
t=1912428 profile_poll polls=12480 elapsed_us=15 interval_us=47 chunks=0
t=1916628 profile_poll polls=12544 elapsed_us=14 interval_us=48 chunks=0
t=1919762 profile_poll polls=12608 elapsed_us=14 interval_us=48 chunks=0
t=1922868 profile_poll polls=12672 elapsed_us=14 interval_us=48 chunks=0
t=1925974 profile_poll polls=12736 elapsed_us=15 interval_us=47 chunks=0
t=1929839 profile_poll polls=12800 elapsed_us=14 interval_us=49 chunks=0
t=1934242 profile_poll polls=12864 elapsed_us=15 interval_us=47 chunks=0
t=1934532 pipe_read event=56 count=16384 read_us=182 buffered=16384
t=1939210 profile_poll polls=12928 elapsed_us=15 interval_us=47 chunks=0
t=1943318 transfer event=39424 count=512 submitted=900394 tx_us=130 fast_bytes=512 slow_bytes=0 queries=2
t=1944088 profile_poll polls=12992 elapsed_us=14 interval_us=48 chunks=0
t=1948349 pipe_read event=57 count=16384 read_us=1081 buffered=16384
t=1952397 pipe_read event=58 count=16384 read_us=162 buffered=16384
t=1956369 pipe_read event=59 count=16384 read_us=156 buffered=16384
t=1960313 pipe_read event=60 count=16384 read_us=160 buffered=16384
t=1962056 profile_poll polls=13056 elapsed_us=14 interval_us=50 chunks=0
t=1964646 transfer event=39488 count=4 submitted=962318 tx_us=23 fast_bytes=4 slow_bytes=0 queries=2
t=1966654 transfer event=39552 count=8 submitted=962736 tx_us=24 fast_bytes=8 slow_bytes=0 queries=2
t=1968655 transfer event=39616 count=8 submitted=963150 tx_us=24 fast_bytes=8 slow_bytes=0 queries=2
t=1970661 transfer event=39680 count=4 submitted=963564 tx_us=24 fast_bytes=4 slow_bytes=0 queries=2
t=1972665 transfer event=39744 count=4 submitted=963978 tx_us=24 fast_bytes=4 slow_bytes=0 queries=2
t=1974575 profile_poll polls=13120 elapsed_us=221 interval_us=244 chunks=8
t=1974683 transfer event=39808 count=4 submitted=964396 tx_us=23 fast_bytes=4 slow_bytes=0 queries=2
t=1976680 transfer event=39872 count=4 submitted=964810 tx_us=23 fast_bytes=4 slow_bytes=0 queries=2
t=1978680 transfer event=39936 count=4 submitted=965224 tx_us=23 fast_bytes=4 slow_bytes=0 queries=2
t=1980679 transfer event=40000 count=8 submitted=965638 tx_us=24 fast_bytes=8 slow_bytes=0 queries=2
t=1982681 transfer event=40064 count=4 submitted=966052 tx_us=23 fast_bytes=4 slow_bytes=0 queries=2
t=1984683 transfer event=40128 count=4 submitted=966466 tx_us=23 fast_bytes=4 slow_bytes=0 queries=2
t=1986684 transfer event=40192 count=4 submitted=966880 tx_us=23 fast_bytes=4 slow_bytes=0 queries=2
t=1988683 transfer event=40256 count=4 submitted=967294 tx_us=23 fast_bytes=4 slow_bytes=0 queries=2
t=1990594 profile_poll polls=13184 elapsed_us=223 interval_us=243 chunks=8
t=1990701 transfer event=40320 count=4 submitted=967712 tx_us=23 fast_bytes=4 slow_bytes=0 queries=2
t=1992701 transfer event=40384 count=4 submitted=968126 tx_us=23 fast_bytes=4 slow_bytes=0 queries=2
t=1994709 transfer event=40448 count=4 submitted=968540 tx_us=24 fast_bytes=4 slow_bytes=0 queries=2
t=1996710 transfer event=40512 count=4 submitted=968954 tx_us=23 fast_bytes=4 slow_bytes=0 queries=2
t=1998712 transfer event=40576 count=4 submitted=969368 tx_us=23 fast_bytes=4 slow_bytes=0 queries=2
t=2000708 transfer event=40640 count=4 submitted=969782 tx_us=23 fast_bytes=4 slow_bytes=0 queries=2
t=2002709 transfer event=40704 count=4 submitted=970196 tx_us=24 fast_bytes=4 slow_bytes=0 queries=2
t=2005776 pipe_read event=61 count=16384 read_us=1536 buffered=16384
t=2006429 transfer event=40768 count=8 submitted=971224 tx_us=25 fast_bytes=8 slow_bytes=0 queries=2
t=2008358 profile_poll polls=13248 elapsed_us=210 interval_us=243 chunks=8
t=2008480 transfer event=40832 count=12 submitted=971650 tx_us=26 fast_bytes=12 slow_bytes=0 queries=2
t=2010483 transfer event=40896 count=8 submitted=972064 tx_us=25 fast_bytes=8 slow_bytes=0 queries=2
t=2012482 transfer event=40960 count=8 submitted=972478 tx_us=24 fast_bytes=8 slow_bytes=0 queries=2
t=2014482 transfer event=41024 count=12 submitted=972892 tx_us=25 fast_bytes=12 slow_bytes=0 queries=2
t=2016482 transfer event=41088 count=8 submitted=973306 tx_us=24 fast_bytes=8 slow_bytes=0 queries=2
t=2018482 transfer event=41152 count=8 submitted=973720 tx_us=24 fast_bytes=8 slow_bytes=0 queries=2
t=2020483 transfer event=41216 count=8 submitted=974134 tx_us=24 fast_bytes=8 slow_bytes=0 queries=2
t=2022495 transfer event=41280 count=12 submitted=974552 tx_us=26 fast_bytes=12 slow_bytes=0 queries=2
t=2024400 profile_poll polls=13312 elapsed_us=208 interval_us=244 chunks=8
t=2024521 transfer event=41344 count=4 submitted=974970 tx_us=24 fast_bytes=4 slow_bytes=0 queries=2
t=2026522 transfer event=41408 count=4 submitted=975384 tx_us=23 fast_bytes=4 slow_bytes=0 queries=2
t=2028523 transfer event=41472 count=4 submitted=975798 tx_us=23 fast_bytes=4 slow_bytes=0 queries=2
t=2030548 transfer event=41536 count=8 submitted=976220 tx_us=24 fast_bytes=8 slow_bytes=0 queries=2
t=2032554 transfer event=41600 count=8 submitted=976634 tx_us=24 fast_bytes=8 slow_bytes=0 queries=2
t=2035453 transfer event=41664 count=4 submitted=981270 tx_us=34 fast_bytes=4 slow_bytes=0 queries=2
t=2038351 transfer event=41728 count=4 submitted=985922 tx_us=24 fast_bytes=4 slow_bytes=0 queries=2
t=2039971 pipe_read event=62 count=16384 read_us=169 buffered=16384
t=2041501 transfer event=41792 count=4 submitted=990620 tx_us=24 fast_bytes=4 slow_bytes=0 queries=2
t=2044314 profile_poll polls=13376 elapsed_us=209 interval_us=245 chunks=8
t=2044422 transfer event=41856 count=4 submitted=995272 tx_us=24 fast_bytes=4 slow_bytes=0 queries=2
t=2047328 transfer event=41920 count=4 submitted=999926 tx_us=23 fast_bytes=4 slow_bytes=0 queries=2
t=2048549 pipe_read event=63 count=16384 read_us=170 buffered=16384
t=2051362 transfer event=41984 count=8 submitted=1008858 tx_us=24 fast_bytes=8 slow_bytes=0 queries=2
t=2054271 transfer event=42048 count=4 submitted=1013506 tx_us=23 fast_bytes=4 slow_bytes=0 queries=2
t=2057177 transfer event=42112 count=8 submitted=1018136 tx_us=24 fast_bytes=8 slow_bytes=0 queries=2
t=2060144 pipe_read event=64 count=16384 read_us=1535 buffered=16384
t=2062691 transfer event=42176 count=4 submitted=1027374 tx_us=23 fast_bytes=4 slow_bytes=0 queries=2
t=2065609 transfer event=42240 count=4 submitted=1032026 tx_us=23 fast_bytes=4 slow_bytes=0 queries=2
t=2069669 pipe_read event=65 count=16384 read_us=2451 buffered=16384
t=2072953 transfer event=42304 count=4 submitted=1045692 tx_us=23 fast_bytes=4 slow_bytes=0 queries=2
t=2075618 profile_poll polls=13440 elapsed_us=222 interval_us=1143 chunks=8
t=2075885 transfer event=42368 count=8 submitted=1050344 tx_us=24 fast_bytes=8 slow_bytes=0 queries=2
t=2077605 pipe_read event=66 count=16384 read_us=176 buffered=16384
t=2079016 transfer event=42432 count=4 submitted=1055042 tx_us=24 fast_bytes=4 slow_bytes=0 queries=2
t=2081937 transfer event=42496 count=4 submitted=1059700 tx_us=23 fast_bytes=4 slow_bytes=0 queries=2
t=2084844 transfer event=42560 count=4 submitted=1064348 tx_us=23 fast_bytes=4 slow_bytes=0 queries=2
t=2089879 pipe_read event=67 count=16384 read_us=2269 buffered=16384
t=2092039 transfer event=42624 count=8 submitted=1077982 tx_us=24 fast_bytes=8 slow_bytes=0 queries=2
t=2094974 transfer event=42688 count=4 submitted=1082638 tx_us=23 fast_bytes=4 slow_bytes=0 queries=2
t=2096371 pipe_read event=68 count=16384 read_us=162 buffered=16384
t=2098117 transfer event=42752 count=4 submitted=1087336 tx_us=23 fast_bytes=4 slow_bytes=0 queries=2
t=2101942 transfer event=42816 count=4 submitted=1096224 tx_us=24 fast_bytes=4 slow_bytes=0 queries=2
t=2103522 profile_poll polls=13504 elapsed_us=223 interval_us=245 chunks=8
t=2104883 transfer event=42880 count=8 submitted=1100880 tx_us=24 fast_bytes=8 slow_bytes=0 queries=2
t=2106585 pipe_read event=69 count=16384 read_us=183 buffered=16384
t=2108022 transfer event=42944 count=4 submitted=1105560 tx_us=23 fast_bytes=4 slow_bytes=0 queries=2
t=2110940 transfer event=43008 count=4 submitted=1110212 tx_us=23 fast_bytes=4 slow_bytes=0 queries=2
t=2113853 transfer event=43072 count=4 submitted=1114860 tx_us=23 fast_bytes=4 slow_bytes=0 queries=2
t=2115146 pipe_read event=70 count=16384 read_us=162 buffered=16384
t=2117868 transfer event=43136 count=762 submitted=1123756 tx_us=182 fast_bytes=762 slow_bytes=0 queries=2
t=2120790 transfer event=43200 count=4 submitted=1128442 tx_us=24 fast_bytes=4 slow_bytes=0 queries=2
t=2124017 transfer event=43264 count=4 submitted=1133160 tx_us=23 fast_bytes=4 slow_bytes=0 queries=2
t=2125363 pipe_read event=71 count=16384 read_us=168 buffered=16384
t=2125831 profile_poll polls=13568 elapsed_us=14 interval_us=49 chunks=0
t=2130447 transfer event=43328 count=4 submitted=1140302 tx_us=32 fast_bytes=4 slow_bytes=0 queries=2
t=2132451 transfer event=43392 count=4 submitted=1140716 tx_us=34 fast_bytes=4 slow_bytes=0 queries=2
t=2132516 profile_poll polls=13632 elapsed_us=258 interval_us=243 chunks=8
t=2134495 transfer event=43456 count=8 submitted=1141142 tx_us=24 fast_bytes=8 slow_bytes=0 queries=2
t=2136500 transfer event=43520 count=4 submitted=1141556 tx_us=23 fast_bytes=4 slow_bytes=0 queries=2
t=2138503 transfer event=43584 count=4 submitted=1141970 tx_us=23 fast_bytes=4 slow_bytes=0 queries=2
t=2140504 transfer event=43648 count=4 submitted=1142384 tx_us=23 fast_bytes=4 slow_bytes=0 queries=2
t=2142507 transfer event=43712 count=8 submitted=1142802 tx_us=25 fast_bytes=8 slow_bytes=0 queries=2
t=2144508 transfer event=43776 count=8 submitted=1143216 tx_us=24 fast_bytes=8 slow_bytes=0 queries=2
t=2146514 transfer event=43840 count=4 submitted=1143630 tx_us=24 fast_bytes=4 slow_bytes=0 queries=2
t=2148591 transfer event=43904 count=14 submitted=1144066 tx_us=26 fast_bytes=14 slow_bytes=0 queries=2
t=2148641 profile_poll polls=13696 elapsed_us=259 interval_us=244 chunks=8
t=2150620 transfer event=43968 count=4 submitted=1144484 tx_us=23 fast_bytes=4 slow_bytes=0 queries=2
t=2152627 transfer event=44032 count=4 submitted=1144898 tx_us=23 fast_bytes=4 slow_bytes=0 queries=2
t=2154636 transfer event=44096 count=4 submitted=1145316 tx_us=24 fast_bytes=4 slow_bytes=0 queries=2
t=2156639 transfer event=44160 count=4 submitted=1145730 tx_us=23 fast_bytes=4 slow_bytes=0 queries=2
t=2158643 transfer event=44224 count=4 submitted=1146144 tx_us=23 fast_bytes=4 slow_bytes=0 queries=2
t=2160647 transfer event=44288 count=4 submitted=1146558 tx_us=23 fast_bytes=4 slow_bytes=0 queries=2
t=2162653 transfer event=44352 count=8 submitted=1146976 tx_us=24 fast_bytes=8 slow_bytes=0 queries=2
t=2164658 transfer event=44416 count=4 submitted=1147390 tx_us=23 fast_bytes=4 slow_bytes=0 queries=2
t=2164703 profile_poll polls=13760 elapsed_us=229 interval_us=257 chunks=8
t=2166675 transfer event=44480 count=8 submitted=1147808 tx_us=24 fast_bytes=8 slow_bytes=0 queries=2
t=2168680 transfer event=44544 count=4 submitted=1148222 tx_us=23 fast_bytes=4 slow_bytes=0 queries=2
t=2170739 transfer event=44608 count=8 submitted=1148904 tx_us=24 fast_bytes=8 slow_bytes=0 queries=2
t=2172742 transfer event=44672 count=4 submitted=1149318 tx_us=24 fast_bytes=4 slow_bytes=0 queries=2
t=2174745 transfer event=44736 count=4 submitted=1149732 tx_us=24 fast_bytes=4 slow_bytes=0 queries=2
t=2176751 transfer event=44800 count=4 submitted=1150146 tx_us=23 fast_bytes=4 slow_bytes=0 queries=2
t=2178757 transfer event=44864 count=8 submitted=1150564 tx_us=24 fast_bytes=8 slow_bytes=0 queries=2
t=2180763 transfer event=44928 count=2 submitted=1150976 tx_us=23 fast_bytes=2 slow_bytes=0 queries=2
t=2180959 pipe_read event=72 count=16384 read_us=175 buffered=16384
t=2181020 profile_poll polls=13824 elapsed_us=442 interval_us=256 chunks=8
t=2183030 transfer event=44992 count=8 submitted=1151448 tx_us=24 fast_bytes=8 slow_bytes=0 queries=2
t=2185043 transfer event=45056 count=4 submitted=1151862 tx_us=23 fast_bytes=4 slow_bytes=0 queries=2
t=2187049 transfer event=45120 count=8 submitted=1152280 tx_us=24 fast_bytes=8 slow_bytes=0 queries=2
t=2189051 transfer event=45184 count=8 submitted=1152694 tx_us=24 fast_bytes=8 slow_bytes=0 queries=2
t=2191070 transfer event=45248 count=8 submitted=1153112 tx_us=24 fast_bytes=8 slow_bytes=0 queries=2
t=2193075 transfer event=45312 count=4 submitted=1153526 tx_us=24 fast_bytes=4 slow_bytes=0 queries=2
t=2195086 transfer event=45376 count=4 submitted=1153940 tx_us=24 fast_bytes=4 slow_bytes=0 queries=2
t=2197092 transfer event=45440 count=8 submitted=1154358 tx_us=24 fast_bytes=8 slow_bytes=0 queries=2
t=2197137 profile_poll polls=13888 elapsed_us=229 interval_us=244 chunks=8
t=2199108 transfer event=45504 count=4 submitted=1154772 tx_us=23 fast_bytes=4 slow_bytes=0 queries=2
t=2201836 transfer event=45568 count=2048 submitted=1158558 tx_us=463 fast_bytes=2048 slow_bytes=0 queries=2
t=2204931 transfer event=45632 count=4 submitted=1164074 tx_us=24 fast_bytes=4 slow_bytes=0 queries=2
t=2207307 pipe_read event=73 count=16384 read_us=170 buffered=16384
t=2208066 transfer event=45696 count=4 submitted=1168766 tx_us=23 fast_bytes=4 slow_bytes=0 queries=2
t=2211003 transfer event=45760 count=4 submitted=1173424 tx_us=23 fast_bytes=4 slow_bytes=0 queries=2
t=2213940 transfer event=45824 count=4 submitted=1178080 tx_us=24 fast_bytes=4 slow_bytes=0 queries=2
t=2216848 transfer event=45888 count=4 submitted=1182734 tx_us=23 fast_bytes=4 slow_bytes=0 queries=2
t=2218819 pipe_read event=74 count=16384 read_us=1522 buffered=16384
t=2222316 transfer event=45952 count=4 submitted=1191958 tx_us=23 fast_bytes=4 slow_bytes=0 queries=2
t=2222340 profile_poll polls=13952 elapsed_us=231 interval_us=245 chunks=8
t=2226063 pipe_read event=75 count=16384 read_us=167 buffered=16384
t=2226345 transfer event=46016 count=4 submitted=1200890 tx_us=23 fast_bytes=4 slow_bytes=0 queries=2
t=2229281 transfer event=46080 count=8 submitted=1205546 tx_us=24 fast_bytes=8 slow_bytes=0 queries=2
t=2232185 transfer event=46144 count=4 submitted=1210178 tx_us=23 fast_bytes=4 slow_bytes=0 queries=2
t=2235103 transfer event=46208 count=4 submitted=1214830 tx_us=23 fast_bytes=4 slow_bytes=0 queries=2
t=2236260 pipe_read event=76 count=16384 read_us=163 buffered=16384
t=2238236 transfer event=46272 count=8 submitted=1219528 tx_us=24 fast_bytes=8 slow_bytes=0 queries=2
t=2241981 profile_poll polls=14016 elapsed_us=15 interval_us=47 chunks=0
t=2245093 profile_poll polls=14080 elapsed_us=15 interval_us=47 chunks=0
t=2245650 transfer event=46336 count=444 submitted=1225580 tx_us=115 fast_bytes=444 slow_bytes=0 queries=2
t=2249789 profile_poll polls=14144 elapsed_us=15 interval_us=304 chunks=0
t=2253022 pipe_read event=77 count=16384 read_us=156 buffered=16384
t=2254393 profile_poll polls=14208 elapsed_us=14 interval_us=48 chunks=0
t=2259162 profile_poll polls=14272 elapsed_us=180 interval_us=47 chunks=2
t=2263258 profile_poll polls=14336 elapsed_us=15 interval_us=47 chunks=0
t=2267542 transfer event=46400 count=512 submitted=1249068 tx_us=142 fast_bytes=512 slow_bytes=0 queries=2
t=2267877 profile_poll polls=14400 elapsed_us=14 interval_us=48 chunks=0
t=2272622 pipe_read event=78 count=16384 read_us=4505 buffered=16384
t=2278534 profile_poll polls=14464 elapsed_us=15 interval_us=50 chunks=0
t=2286199 pipe_read event=79 count=16384 read_us=4176 buffered=16384
t=2289070 profile_poll polls=14528 elapsed_us=15 interval_us=47 chunks=0
t=2293762 profile_poll polls=14592 elapsed_us=15 interval_us=47 chunks=0
t=2295389 pipe_read event=80 count=16384 read_us=213 buffered=16384
t=2298748 profile_poll polls=14656 elapsed_us=15 interval_us=47 chunks=0
t=2301456 transfer event=46464 count=512 submitted=1289360 tx_us=141 fast_bytes=512 slow_bytes=0 queries=2
t=2303423 profile_poll polls=14720 elapsed_us=15 interval_us=48 chunks=0
t=2308305 profile_poll polls=14784 elapsed_us=15 interval_us=48 chunks=0
t=2309109 pipe_read event=81 count=16384 read_us=176 buffered=16384
t=2313005 profile_poll polls=14848 elapsed_us=15 interval_us=48 chunks=0
t=2317470 profile_poll polls=14912 elapsed_us=15 interval_us=59 chunks=0
t=2321885 profile_poll polls=14976 elapsed_us=15 interval_us=47 chunks=0
t=2325797 pipe_read event=82 count=16384 read_us=2456 buffered=16384
t=2329614 profile_poll polls=15040 elapsed_us=15 interval_us=48 chunks=0
t=2332731 profile_poll polls=15104 elapsed_us=15 interval_us=47 chunks=0
t=2335838 profile_poll polls=15168 elapsed_us=15 interval_us=47 chunks=0
t=2338961 profile_poll polls=15232 elapsed_us=14 interval_us=48 chunks=0
t=2342077 profile_poll polls=15296 elapsed_us=14 interval_us=48 chunks=0
t=2345189 profile_poll polls=15360 elapsed_us=14 interval_us=48 chunks=0
t=2348302 profile_poll polls=15424 elapsed_us=15 interval_us=47 chunks=0
t=2351412 profile_poll polls=15488 elapsed_us=15 interval_us=47 chunks=0
t=2354534 profile_poll polls=15552 elapsed_us=15 interval_us=49 chunks=0
t=2357641 profile_poll polls=15616 elapsed_us=14 interval_us=48 chunks=0
t=2360746 profile_poll polls=15680 elapsed_us=15 interval_us=47 chunks=0
t=2363858 profile_poll polls=15744 elapsed_us=15 interval_us=47 chunks=0
t=2366968 profile_poll polls=15808 elapsed_us=15 interval_us=47 chunks=0
t=2370098 profile_poll polls=15872 elapsed_us=15 interval_us=47 chunks=0
t=2373207 profile_poll polls=15936 elapsed_us=15 interval_us=47 chunks=0
t=2376311 profile_poll polls=16000 elapsed_us=15 interval_us=47 chunks=0
t=2379912 profile_poll polls=16064 elapsed_us=252 interval_us=48 chunks=2
t=2380585 transfer event=46528 count=512 submitted=1324008 tx_us=130 fast_bytes=512 slow_bytes=0 queries=2
t=2384384 profile_poll polls=16128 elapsed_us=15 interval_us=47 chunks=0
t=2386316 pipe_read event=83 count=16384 read_us=189 buffered=16384
t=2389563 profile_poll polls=16192 elapsed_us=15 interval_us=48 chunks=0
t=2393725 profile_poll polls=16256 elapsed_us=15 interval_us=47 chunks=0
t=2398388 profile_poll polls=16320 elapsed_us=14 interval_us=48 chunks=0
t=2400117 pipe_read event=84 count=16384 read_us=165 buffered=16384
t=2403535 profile_poll polls=16384 elapsed_us=14 interval_us=50 chunks=0
t=2407454 profile_poll polls=16448 elapsed_us=25 interval_us=48 chunks=0
t=2410577 profile_poll polls=16512 elapsed_us=15 interval_us=48 chunks=0
t=2413690 profile_poll polls=16576 elapsed_us=15 interval_us=47 chunks=0
t=2416798 profile_poll polls=16640 elapsed_us=15 interval_us=47 chunks=0
t=2419910 profile_poll polls=16704 elapsed_us=14 interval_us=48 chunks=0
t=2423017 profile_poll polls=16768 elapsed_us=14 interval_us=48 chunks=0
t=2426124 profile_poll polls=16832 elapsed_us=15 interval_us=47 chunks=0
t=2429416 profile_poll polls=16896 elapsed_us=15 interval_us=48 chunks=0
t=2430578 transfer event=46592 count=2048 submitted=1360488 tx_us=462 fast_bytes=2048 slow_bytes=0 queries=2
t=2431568 pipe_read event=85 count=16384 read_us=185 buffered=16384
t=2435542 pipe_read event=86 count=16384 read_us=175 buffered=16384
t=2437625 transfer event=46656 count=4 submitted=1382476 tx_us=24 fast_bytes=4 slow_bytes=0 queries=2
t=2439635 transfer event=46720 count=4 submitted=1382894 tx_us=24 fast_bytes=4 slow_bytes=0 queries=2
t=2441639 transfer event=46784 count=4 submitted=1383308 tx_us=24 fast_bytes=4 slow_bytes=0 queries=2
t=2443641 transfer event=46848 count=4 submitted=1383722 tx_us=23 fast_bytes=4 slow_bytes=0 queries=2
t=2445702 transfer event=46912 count=4 submitted=1384404 tx_us=23 fast_bytes=4 slow_bytes=0 queries=2
t=2447708 transfer event=46976 count=4 submitted=1384818 tx_us=24 fast_bytes=4 slow_bytes=0 queries=2
t=2449712 transfer event=47040 count=4 submitted=1385232 tx_us=23 fast_bytes=4 slow_bytes=0 queries=2
t=2451215 profile_poll polls=16960 elapsed_us=211 interval_us=244 chunks=8
t=2451740 transfer event=47104 count=8 submitted=1385658 tx_us=24 fast_bytes=8 slow_bytes=0 queries=2
t=2453746 transfer event=47168 count=8 submitted=1386072 tx_us=24 fast_bytes=8 slow_bytes=0 queries=2
t=2455749 transfer event=47232 count=8 submitted=1386486 tx_us=24 fast_bytes=8 slow_bytes=0 queries=2
t=2457753 transfer event=47296 count=8 submitted=1386900 tx_us=24 fast_bytes=8 slow_bytes=0 queries=2
t=2459756 transfer event=47360 count=12 submitted=1387318 tx_us=25 fast_bytes=12 slow_bytes=0 queries=2
t=2461762 transfer event=47424 count=4 submitted=1387732 tx_us=23 fast_bytes=4 slow_bytes=0 queries=2
t=2463780 transfer event=47488 count=8 submitted=1388150 tx_us=24 fast_bytes=8 slow_bytes=0 queries=2
t=2465789 transfer event=47552 count=4 submitted=1388564 tx_us=24 fast_bytes=4 slow_bytes=0 queries=2
t=2467290 profile_poll polls=17024 elapsed_us=211 interval_us=242 chunks=8
t=2467813 transfer event=47616 count=4 submitted=1388982 tx_us=23 fast_bytes=4 slow_bytes=0 queries=2
t=2469819 transfer event=47680 count=8 submitted=1389400 tx_us=24 fast_bytes=8 slow_bytes=0 queries=2
t=2471822 transfer event=47744 count=8 submitted=1389814 tx_us=24 fast_bytes=8 slow_bytes=0 queries=2
t=2473825 transfer event=47808 count=4 submitted=1390228 tx_us=24 fast_bytes=4 slow_bytes=0 queries=2
t=2475828 transfer event=47872 count=4 submitted=1390642 tx_us=24 fast_bytes=4 slow_bytes=0 queries=2
t=2477830 transfer event=47936 count=4 submitted=1391056 tx_us=24 fast_bytes=4 slow_bytes=0 queries=2
t=2479832 transfer event=48000 count=4 submitted=1391470 tx_us=23 fast_bytes=4 slow_bytes=0 queries=2
t=2481860 transfer event=48064 count=8 submitted=1391892 tx_us=25 fast_bytes=8 slow_bytes=0 queries=2
t=2483365 profile_poll polls=17088 elapsed_us=211 interval_us=244 chunks=8
t=2483886 transfer event=48128 count=4 submitted=1392310 tx_us=23 fast_bytes=4 slow_bytes=0 queries=2
t=2487182 pipe_read event=87 count=16384 read_us=1410 buffered=16384
t=2489245 transfer event=48192 count=4 submitted=1401504 tx_us=24 fast_bytes=4 slow_bytes=0 queries=2
t=2492165 transfer event=48256 count=4 submitted=1406158 tx_us=23 fast_bytes=4 slow_bytes=0 queries=2
t=2495087 transfer event=48320 count=4 submitted=1410810 tx_us=23 fast_bytes=4 slow_bytes=0 queries=2
t=2496090 pipe_read event=88 count=16384 read_us=163 buffered=16384
t=2499114 transfer event=48384 count=8 submitted=1419724 tx_us=25 fast_bytes=8 slow_bytes=0 queries=2
t=2502034 transfer event=48448 count=10 submitted=1424378 tx_us=25 fast_bytes=10 slow_bytes=0 queries=2
t=2504941 transfer event=48512 count=4 submitted=1429022 tx_us=23 fast_bytes=4 slow_bytes=0 queries=2
t=2506267 pipe_read event=89 count=16384 read_us=163 buffered=16384
t=2507463 transfer event=48576 count=4 submitted=1430802 tx_us=35 fast_bytes=4 slow_bytes=0 queries=2
t=2508974 profile_poll polls=17152 elapsed_us=210 interval_us=246 chunks=8
t=2509497 transfer event=48640 count=8 submitted=1431224 tx_us=25 fast_bytes=8 slow_bytes=0 queries=2
t=2511499 transfer event=48704 count=4 submitted=1431638 tx_us=24 fast_bytes=4 slow_bytes=0 queries=2
t=2513502 transfer event=48768 count=4 submitted=1432052 tx_us=23 fast_bytes=4 slow_bytes=0 queries=2
t=2515507 transfer event=48832 count=8 submitted=1432470 tx_us=24 fast_bytes=8 slow_bytes=0 queries=2
t=2517521 transfer event=48896 count=4 submitted=1432884 tx_us=24 fast_bytes=4 slow_bytes=0 queries=2
t=2519524 transfer event=48960 count=4 submitted=1433298 tx_us=23 fast_bytes=4 slow_bytes=0 queries=2
t=2521530 transfer event=49024 count=8 submitted=1433716 tx_us=24 fast_bytes=8 slow_bytes=0 queries=2
t=2523534 transfer event=49088 count=4 submitted=1434130 tx_us=23 fast_bytes=4 slow_bytes=0 queries=2
t=2525039 profile_poll polls=17216 elapsed_us=210 interval_us=247 chunks=8
t=2525560 transfer event=49152 count=4 submitted=1434548 tx_us=24 fast_bytes=4 slow_bytes=0 queries=2
t=2527575 transfer event=49216 count=4 submitted=1434966 tx_us=23 fast_bytes=4 slow_bytes=0 queries=2
t=2529580 transfer event=49280 count=4 submitted=1435380 tx_us=24 fast_bytes=4 slow_bytes=0 queries=2
t=2531582 transfer event=49344 count=4 submitted=1435794 tx_us=24 fast_bytes=4 slow_bytes=0 queries=2
t=2533583 transfer event=49408 count=4 submitted=1436208 tx_us=24 fast_bytes=4 slow_bytes=0 queries=2
t=2536488 transfer event=49472 count=8 submitted=1440856 tx_us=24 fast_bytes=8 slow_bytes=0 queries=2
t=2539389 transfer event=49536 count=4 submitted=1445500 tx_us=23 fast_bytes=4 slow_bytes=0 queries=2
t=2541651 pipe_read event=90 count=16384 read_us=1511 buffered=16384
t=2544903 transfer event=49600 count=8 submitted=1454740 tx_us=24 fast_bytes=8 slow_bytes=0 queries=2
t=2547225 profile_poll polls=17280 elapsed_us=212 interval_us=244 chunks=8
t=2547842 transfer event=49664 count=8 submitted=1459398 tx_us=25 fast_bytes=8 slow_bytes=0 queries=2
t=2548906 pipe_read event=91 count=16384 read_us=168 buffered=16384
t=2551882 transfer event=49728 count=8 submitted=1468330 tx_us=24 fast_bytes=8 slow_bytes=0 queries=2
t=2554794 transfer event=49792 count=4 submitted=1472978 tx_us=24 fast_bytes=4 slow_bytes=0 queries=2
t=2557705 transfer event=49856 count=4 submitted=1477626 tx_us=23 fast_bytes=4 slow_bytes=0 queries=2
t=2560458 pipe_read event=92 count=16384 read_us=1535 buffered=16384
t=2563180 transfer event=49920 count=4 submitted=1486860 tx_us=23 fast_bytes=4 slow_bytes=0 queries=2
t=2566101 transfer event=49984 count=4 submitted=1491512 tx_us=24 fast_bytes=4 slow_bytes=0 queries=2
t=2567688 pipe_read event=93 count=16384 read_us=164 buffered=16384
t=2569246 transfer event=50048 count=4 submitted=1496210 tx_us=24 fast_bytes=4 slow_bytes=0 queries=2
t=2573087 transfer event=50112 count=10 submitted=1505084 tx_us=24 fast_bytes=10 slow_bytes=0 queries=2
t=2574413 profile_poll polls=17344 elapsed_us=211 interval_us=243 chunks=8
t=2576030 transfer event=50176 count=8 submitted=1509740 tx_us=25 fast_bytes=8 slow_bytes=0 queries=2
t=2577908 pipe_read event=94 count=16384 read_us=167 buffered=16384
t=2579169 transfer event=50240 count=4 submitted=1514438 tx_us=23 fast_bytes=4 slow_bytes=0 queries=2
t=2582093 transfer event=50304 count=12 submitted=1519094 tx_us=25 fast_bytes=12 slow_bytes=0 queries=2
t=2585007 transfer event=50368 count=8 submitted=1523742 tx_us=24 fast_bytes=8 slow_bytes=0 queries=2
t=2587792 pipe_read event=95 count=16384 read_us=1476 buffered=16384
t=2590495 transfer event=50432 count=16 submitted=1532976 tx_us=26 fast_bytes=16 slow_bytes=0 queries=2
t=2593400 transfer event=50496 count=8 submitted=1537624 tx_us=25 fast_bytes=8 slow_bytes=0 queries=2
t=2596756 pipe_read event=96 count=16384 read_us=179 buffered=16384
t=2597583 transfer event=50560 count=16 submitted=1546588 tx_us=26 fast_bytes=16 slow_bytes=0 queries=2
t=2600502 transfer event=50624 count=12 submitted=1551242 tx_us=26 fast_bytes=12 slow_bytes=0 queries=2
t=2602149 profile_poll polls=17408 elapsed_us=221 interval_us=695 chunks=8
t=2602983 transfer event=50688 count=12 submitted=1553776 tx_us=26 fast_bytes=12 slow_bytes=0 queries=2
t=2604989 transfer event=50752 count=12 submitted=1554194 tx_us=25 fast_bytes=12 slow_bytes=0 queries=2
t=2606993 transfer event=50816 count=12 submitted=1554608 tx_us=25 fast_bytes=12 slow_bytes=0 queries=2
t=2609002 transfer event=50880 count=12 submitted=1555022 tx_us=26 fast_bytes=12 slow_bytes=0 queries=2
t=2611022 transfer event=50944 count=12 submitted=1555440 tx_us=26 fast_bytes=12 slow_bytes=0 queries=2
t=2613054 transfer event=51008 count=12 submitted=1555862 tx_us=25 fast_bytes=12 slow_bytes=0 queries=2
t=2615070 transfer event=51072 count=18 submitted=1556286 tx_us=27 fast_bytes=18 slow_bytes=0 queries=2
t=2617077 transfer event=51136 count=18 submitted=1556700 tx_us=27 fast_bytes=18 slow_bytes=0 queries=2
t=2621557 pipe_read event=97 count=16384 read_us=2536 buffered=16384
t=2622043 profile_poll polls=17472 elapsed_us=3979 interval_us=243 chunks=8
t=2624526 transfer event=51200 count=90 submitted=1570382 tx_us=42 fast_bytes=90 slow_bytes=0 queries=2
t=2627446 transfer event=51264 count=12 submitted=1575030 tx_us=26 fast_bytes=12 slow_bytes=0 queries=2
t=2629389 pipe_read event=98 count=16384 read_us=176 buffered=16384
t=2630607 transfer event=51328 count=12 submitted=1579736 tx_us=25 fast_bytes=12 slow_bytes=0 queries=2
t=2633520 transfer event=51392 count=16 submitted=1584388 tx_us=27 fast_bytes=16 slow_bytes=0 queries=2
t=2636414 transfer event=51456 count=12 submitted=1589032 tx_us=25 fast_bytes=12 slow_bytes=0 queries=2
t=2639250 pipe_read event=99 count=16384 read_us=1382 buffered=16384
t=2641760 transfer event=51520 count=12 submitted=1598218 tx_us=25 fast_bytes=12 slow_bytes=0 queries=2
t=2644674 transfer event=51584 count=16 submitted=1602872 tx_us=27 fast_bytes=16 slow_bytes=0 queries=2
t=2648049 transfer event=51648 count=1290 submitted=1609728 tx_us=294 fast_bytes=1290 slow_bytes=0 queries=2
t=2650565 pipe_read event=100 count=16384 read_us=2492 buffered=16384
t=2654039 profile_poll polls=17536 elapsed_us=378 interval_us=983 chunks=8
t=2655041 transfer event=51712 count=4 submitted=1621206 tx_us=23 fast_bytes=4 slow_bytes=0 queries=2
t=2657951 transfer event=51776 count=4 submitted=1625860 tx_us=23 fast_bytes=4 slow_bytes=0 queries=2
t=2658412 pipe_read event=101 count=16384 read_us=174 buffered=16384
t=2662012 transfer event=51840 count=4 submitted=1634796 tx_us=23 fast_bytes=4 slow_bytes=0 queries=2
t=2664930 transfer event=51904 count=4 submitted=1639448 tx_us=23 fast_bytes=4 slow_bytes=0 queries=2
t=2667021 pipe_read event=102 count=16384 read_us=163 buffered=16384
t=2668071 transfer event=51968 count=8 submitted=1644146 tx_us=25 fast_bytes=8 slow_bytes=0 queries=2
t=2670991 transfer event=52032 count=4 submitted=1648798 tx_us=23 fast_bytes=4 slow_bytes=0 queries=2
t=2673925 transfer event=52096 count=8 submitted=1653456 tx_us=24 fast_bytes=8 slow_bytes=0 queries=2
t=2676852 transfer event=52160 count=72 submitted=1658168 tx_us=37 fast_bytes=72 slow_bytes=0 queries=2
t=2677252 pipe_read event=103 count=16384 read_us=163 buffered=16384
t=2679008 profile_poll polls=17600 elapsed_us=211 interval_us=245 chunks=8
t=2680458 transfer event=52224 count=8 submitted=1664922 tx_us=35 fast_bytes=8 slow_bytes=0 queries=2
t=2682466 transfer event=52288 count=4 submitted=1665336 tx_us=34 fast_bytes=4 slow_bytes=0 queries=2
t=2684471 transfer event=52352 count=8 submitted=1665754 tx_us=25 fast_bytes=8 slow_bytes=0 queries=2
t=2686475 transfer event=52416 count=8 submitted=1666168 tx_us=25 fast_bytes=8 slow_bytes=0 queries=2
t=2688482 transfer event=52480 count=4 submitted=1666582 tx_us=24 fast_bytes=4 slow_bytes=0 queries=2
t=2690499 transfer event=52544 count=4 submitted=1667000 tx_us=24 fast_bytes=4 slow_bytes=0 queries=2
t=2692501 transfer event=52608 count=4 submitted=1667414 tx_us=24 fast_bytes=4 slow_bytes=0 queries=2
t=2694507 transfer event=52672 count=14 submitted=1667838 tx_us=26 fast_bytes=14 slow_bytes=0 queries=2
t=2695554 profile_poll polls=17664 elapsed_us=225 interval_us=244 chunks=8
t=2696538 transfer event=52736 count=4 submitted=1668256 tx_us=23 fast_bytes=4 slow_bytes=0 queries=2
t=2698541 transfer event=52800 count=4 submitted=1668670 tx_us=23 fast_bytes=4 slow_bytes=0 queries=2
t=2700543 transfer event=52864 count=4 submitted=1669084 tx_us=24 fast_bytes=4 slow_bytes=0 queries=2
t=2702547 transfer event=52928 count=8 submitted=1669502 tx_us=24 fast_bytes=8 slow_bytes=0 queries=2
t=2704548 transfer event=52992 count=8 submitted=1669916 tx_us=24 fast_bytes=8 slow_bytes=0 queries=2
t=2706550 transfer event=53056 count=8 submitted=1670330 tx_us=24 fast_bytes=8 slow_bytes=0 queries=2
t=2708551 transfer event=53120 count=8 submitted=1670744 tx_us=24 fast_bytes=8 slow_bytes=0 queries=2
t=2710554 transfer event=53184 count=4 submitted=1671158 tx_us=23 fast_bytes=4 slow_bytes=0 queries=2
t=2711594 profile_poll polls=17728 elapsed_us=224 interval_us=244 chunks=8
t=2712577 transfer event=53248 count=4 submitted=1671576 tx_us=23 fast_bytes=4 slow_bytes=0 queries=2
t=2714580 transfer event=53312 count=4 submitted=1671990 tx_us=23 fast_bytes=4 slow_bytes=0 queries=2
t=2716598 transfer event=53376 count=4 submitted=1672408 tx_us=24 fast_bytes=4 slow_bytes=0 queries=2
t=2718602 transfer event=53440 count=4 submitted=1672822 tx_us=24 fast_bytes=4 slow_bytes=0 queries=2
t=2720604 transfer event=53504 count=4 submitted=1673236 tx_us=23 fast_bytes=4 slow_bytes=0 queries=2
t=2722665 transfer event=53568 count=4 submitted=1673918 tx_us=23 fast_bytes=4 slow_bytes=0 queries=2
t=2724673 transfer event=53632 count=8 submitted=1674336 tx_us=24 fast_bytes=8 slow_bytes=0 queries=2
t=2726682 transfer event=53696 count=4 submitted=1674750 tx_us=24 fast_bytes=4 slow_bytes=0 queries=2
t=2727728 profile_poll polls=17792 elapsed_us=210 interval_us=260 chunks=8
t=2728714 transfer event=53760 count=8 submitted=1675172 tx_us=24 fast_bytes=8 slow_bytes=0 queries=2
t=2729345 pipe_read event=104 count=16384 read_us=168 buffered=16384
t=2730952 transfer event=53824 count=4 submitted=1675634 tx_us=23 fast_bytes=4 slow_bytes=0 queries=2
t=2732967 transfer event=53888 count=8 submitted=1676052 tx_us=24 fast_bytes=8 slow_bytes=0 queries=2
t=2735463 transfer event=53952 count=2048 submitted=1678752 tx_us=463 fast_bytes=2048 slow_bytes=0 queries=2
t=2738788 transfer event=54016 count=4 submitted=1685350 tx_us=23 fast_bytes=4 slow_bytes=0 queries=2
t=2741696 transfer event=54080 count=8 submitted=1689984 tx_us=24 fast_bytes=8 slow_bytes=0 queries=2
t=2743493 pipe_read event=105 count=16384 read_us=177 buffered=16384
t=2744826 transfer event=54144 count=4 submitted=1694678 tx_us=23 fast_bytes=4 slow_bytes=0 queries=2
t=2747688 transfer event=54208 count=4 submitted=1699062 tx_us=24 fast_bytes=4 slow_bytes=0 queries=2
t=2748731 profile_poll polls=17856 elapsed_us=211 interval_us=259 chunks=8
t=2749750 transfer event=54272 count=4 submitted=1699488 tx_us=23 fast_bytes=4 slow_bytes=0 queries=2
t=2751760 transfer event=54336 count=4 submitted=1699906 tx_us=23 fast_bytes=4 slow_bytes=0 queries=2
t=2753764 transfer event=54400 count=4 submitted=1700320 tx_us=23 fast_bytes=4 slow_bytes=0 queries=2
t=2755771 transfer event=54464 count=4 submitted=1700734 tx_us=23 fast_bytes=4 slow_bytes=0 queries=2
t=2757776 transfer event=54528 count=8 submitted=1701152 tx_us=25 fast_bytes=8 slow_bytes=0 queries=2
t=2759782 transfer event=54592 count=4 submitted=1701566 tx_us=23 fast_bytes=4 slow_bytes=0 queries=2
t=2761787 transfer event=54656 count=4 submitted=1701980 tx_us=24 fast_bytes=4 slow_bytes=0 queries=2
t=2763791 transfer event=54720 count=4 submitted=1702394 tx_us=23 fast_bytes=4 slow_bytes=0 queries=2
t=2764830 profile_poll polls=17920 elapsed_us=211 interval_us=257 chunks=8
t=2765815 transfer event=54784 count=4 submitted=1702812 tx_us=24 fast_bytes=4 slow_bytes=0 queries=2
t=2767821 transfer event=54848 count=8 submitted=1703230 tx_us=25 fast_bytes=8 slow_bytes=0 queries=2
t=2769827 transfer event=54912 count=4 submitted=1703644 tx_us=23 fast_bytes=4 slow_bytes=0 queries=2
t=2771833 transfer event=54976 count=4 submitted=1704058 tx_us=23 fast_bytes=4 slow_bytes=0 queries=2
t=2773839 transfer event=55040 count=8 submitted=1704476 tx_us=24 fast_bytes=8 slow_bytes=0 queries=2
t=2775843 transfer event=55104 count=4 submitted=1704890 tx_us=23 fast_bytes=4 slow_bytes=0 queries=2
t=2777848 transfer event=55168 count=4 submitted=1705304 tx_us=23 fast_bytes=4 slow_bytes=0 queries=2
t=2779863 transfer event=55232 count=8 submitted=1705722 tx_us=24 fast_bytes=8 slow_bytes=0 queries=2
t=2780905 profile_poll polls=17984 elapsed_us=209 interval_us=248 chunks=8
t=2781892 transfer event=55296 count=4 submitted=1706140 tx_us=24 fast_bytes=4 slow_bytes=0 queries=2
t=2783897 transfer event=55360 count=4 submitted=1706554 tx_us=23 fast_bytes=4 slow_bytes=0 queries=2
t=2785467 pipe_read event=106 count=16384 read_us=179 buffered=16384
t=2787032 transfer event=55424 count=4 submitted=1711256 tx_us=24 fast_bytes=4 slow_bytes=0 queries=2
t=2789949 transfer event=55488 count=4 submitted=1715904 tx_us=23 fast_bytes=4 slow_bytes=0 queries=2
t=2792853 transfer event=55552 count=4 submitted=1720554 tx_us=24 fast_bytes=4 slow_bytes=0 queries=2
t=2795232 pipe_read event=107 count=16384 read_us=1344 buffered=16384
t=2798202 transfer event=55616 count=12 submitted=1729758 tx_us=25 fast_bytes=12 slow_bytes=0 queries=2
t=2802033 transfer event=55680 count=90 submitted=1738646 tx_us=41 fast_bytes=90 slow_bytes=0 queries=2
t=2806103 pipe_read event=108 count=16384 read_us=2000 buffered=16384
t=2808046 transfer event=55744 count=18 submitted=1747988 tx_us=27 fast_bytes=18 slow_bytes=0 queries=2
t=2809254 profile_poll polls=18048 elapsed_us=440 interval_us=246 chunks=8
t=2811009 transfer event=55808 count=16 submitted=1752652 tx_us=26 fast_bytes=16 slow_bytes=0 queries=2
t=2816468 pipe_read event=109 count=16384 read_us=3065 buffered=16384
t=2819013 transfer event=55872 count=8 submitted=1766452 tx_us=24 fast_bytes=8 slow_bytes=0 queries=2
t=2821933 transfer event=55936 count=4 submitted=1771100 tx_us=24 fast_bytes=4 slow_bytes=0 queries=2
t=2824571 pipe_read event=110 count=16384 read_us=1686 buffered=16384
t=2827644 transfer event=56000 count=4 submitted=1780378 tx_us=24 fast_bytes=4 slow_bytes=0 queries=2
t=2831451 transfer event=56064 count=4 submitted=1789244 tx_us=34 fast_bytes=4 slow_bytes=0 queries=2
t=2833268 pipe_read event=111 count=16384 read_us=172 buffered=16384
t=2834601 transfer event=56128 count=4 submitted=1793944 tx_us=23 fast_bytes=4 slow_bytes=0 queries=2
t=2837520 transfer event=56192 count=4 submitted=1798598 tx_us=23 fast_bytes=4 slow_bytes=0 queries=2
t=2840421 transfer event=56256 count=8 submitted=1803250 tx_us=25 fast_bytes=8 slow_bytes=0 queries=2
t=2844208 pipe_read event=112 count=16384 read_us=2502 buffered=16384
t=2844713 profile_poll polls=18112 elapsed_us=3819 interval_us=246 chunks=7
t=2847890 transfer event=56320 count=4 submitted=1816936 tx_us=23 fast_bytes=4 slow_bytes=0 queries=2
t=2850838 transfer event=56384 count=8 submitted=1821598 tx_us=24 fast_bytes=8 slow_bytes=0 queries=2
t=2854312 pipe_read event=113 count=16384 read_us=2416 buffered=16384
t=2858169 transfer event=56448 count=4 submitted=1835256 tx_us=23 fast_bytes=4 slow_bytes=0 queries=2
t=2860654 pipe_read event=114 count=16384 read_us=177 buffered=16384
t=2861323 transfer event=56512 count=4 submitted=1839956 tx_us=24 fast_bytes=4 slow_bytes=0 queries=2
t=2864247 transfer event=56576 count=4 submitted=1844610 tx_us=23 fast_bytes=4 slow_bytes=0 queries=2
t=2867161 transfer event=56640 count=4 submitted=1849262 tx_us=23 fast_bytes=4 slow_bytes=0 queries=2
t=2870071 transfer event=56704 count=8 submitted=1853916 tx_us=24 fast_bytes=8 slow_bytes=0 queries=2
t=2872079 transfer event=56768 count=4 submitted=1854330 tx_us=24 fast_bytes=4 slow_bytes=0 queries=2
t=2872709 profile_poll polls=18176 elapsed_us=211 interval_us=259 chunks=8
t=2874109 transfer event=56832 count=8 submitted=1854752 tx_us=25 fast_bytes=8 slow_bytes=0 queries=2
t=2876117 transfer event=56896 count=4 submitted=1855166 tx_us=24 fast_bytes=4 slow_bytes=0 queries=2
t=2877846 pipe_read event=115 count=16384 read_us=159 buffered=16384
t=2878333 transfer event=56960 count=4 submitted=1855620 tx_us=23 fast_bytes=4 slow_bytes=0 queries=2
t=2880346 transfer event=57024 count=8 submitted=1856042 tx_us=24 fast_bytes=8 slow_bytes=0 queries=2
t=2882353 transfer event=57088 count=8 submitted=1856456 tx_us=24 fast_bytes=8 slow_bytes=0 queries=2
t=2884355 transfer event=57152 count=8 submitted=1856870 tx_us=24 fast_bytes=8 slow_bytes=0 queries=2
t=2886356 transfer event=57216 count=8 submitted=1857284 tx_us=24 fast_bytes=8 slow_bytes=0 queries=2
t=2888356 transfer event=57280 count=8 submitted=1857698 tx_us=25 fast_bytes=8 slow_bytes=0 queries=2
t=2888982 profile_poll polls=18240 elapsed_us=209 interval_us=245 chunks=8
t=2890377 transfer event=57344 count=4 submitted=1858116 tx_us=23 fast_bytes=4 slow_bytes=0 queries=2
t=2892377 transfer event=57408 count=4 submitted=1858530 tx_us=23 fast_bytes=4 slow_bytes=0 queries=2
t=2894377 transfer event=57472 count=4 submitted=1858944 tx_us=24 fast_bytes=4 slow_bytes=0 queries=2
t=2896385 transfer event=57536 count=4 submitted=1859362 tx_us=24 fast_bytes=4 slow_bytes=0 queries=2
t=2898386 transfer event=57600 count=4 submitted=1859776 tx_us=23 fast_bytes=4 slow_bytes=0 queries=2
t=2900388 transfer event=57664 count=4 submitted=1860190 tx_us=24 fast_bytes=4 slow_bytes=0 queries=2
t=2902391 transfer event=57728 count=4 submitted=1860604 tx_us=23 fast_bytes=4 slow_bytes=0 queries=2
t=2904390 transfer event=57792 count=4 submitted=1861018 tx_us=23 fast_bytes=4 slow_bytes=0 queries=2
t=2905031 profile_poll polls=18304 elapsed_us=210 interval_us=246 chunks=8
t=2906428 transfer event=57856 count=4 submitted=1861440 tx_us=23 fast_bytes=4 slow_bytes=0 queries=2
t=2908428 transfer event=57920 count=4 submitted=1861854 tx_us=23 fast_bytes=4 slow_bytes=0 queries=2
t=2910497 transfer event=57984 count=4 submitted=1862536 tx_us=23 fast_bytes=4 slow_bytes=0 queries=2
t=2912498 transfer event=58048 count=4 submitted=1862950 tx_us=23 fast_bytes=4 slow_bytes=0 queries=2
t=2914501 transfer event=58112 count=4 submitted=1863364 tx_us=23 fast_bytes=4 slow_bytes=0 queries=2
t=2916502 transfer event=58176 count=4 submitted=1863778 tx_us=23 fast_bytes=4 slow_bytes=0 queries=2
t=2918505 transfer event=58240 count=8 submitted=1864196 tx_us=24 fast_bytes=8 slow_bytes=0 queries=2
t=2920505 transfer event=58304 count=8 submitted=1864610 tx_us=24 fast_bytes=8 slow_bytes=0 queries=2
t=2921120 profile_poll polls=18368 elapsed_us=211 interval_us=245 chunks=8
t=2922522 transfer event=58368 count=4 submitted=1865024 tx_us=24 fast_bytes=4 slow_bytes=0 queries=2
t=2924523 transfer event=58432 count=4 submitted=1865438 tx_us=24 fast_bytes=4 slow_bytes=0 queries=2
t=2926528 transfer event=58496 count=8 submitted=1865856 tx_us=24 fast_bytes=8 slow_bytes=0 queries=2
t=2928528 transfer event=58560 count=8 submitted=1866270 tx_us=24 fast_bytes=8 slow_bytes=0 queries=2
t=2930548 transfer event=58624 count=8 submitted=1866688 tx_us=24 fast_bytes=8 slow_bytes=0 queries=2
t=2932559 transfer event=58688 count=4 submitted=1867102 tx_us=23 fast_bytes=4 slow_bytes=0 queries=2
t=2934563 transfer event=58752 count=4 submitted=1867516 tx_us=23 fast_bytes=4 slow_bytes=0 queries=2
t=2936562 transfer event=58816 count=4 submitted=1867930 tx_us=23 fast_bytes=4 slow_bytes=0 queries=2
t=2937179 profile_poll polls=18432 elapsed_us=211 interval_us=244 chunks=8
t=2938586 transfer event=58880 count=4 submitted=1868348 tx_us=24 fast_bytes=4 slow_bytes=0 queries=2
t=2940587 transfer event=58944 count=8 submitted=1868766 tx_us=24 fast_bytes=8 slow_bytes=0 queries=2
t=2942588 transfer event=59008 count=8 submitted=1869180 tx_us=24 fast_bytes=8 slow_bytes=0 queries=2
t=2944588 transfer event=59072 count=8 submitted=1869594 tx_us=24 fast_bytes=8 slow_bytes=0 queries=2
t=2946589 transfer event=59136 count=8 submitted=1870008 tx_us=24 fast_bytes=8 slow_bytes=0 queries=2
t=2948590 transfer event=59200 count=8 submitted=1870422 tx_us=25 fast_bytes=8 slow_bytes=0 queries=2
t=2950592 transfer event=59264 count=4 submitted=1870836 tx_us=24 fast_bytes=4 slow_bytes=0 queries=2
t=2952591 transfer event=59328 count=8 submitted=1871250 tx_us=24 fast_bytes=8 slow_bytes=0 queries=2
t=2953261 profile_poll polls=18496 elapsed_us=267 interval_us=242 chunks=8
t=2954547 pipe_read event=116 count=16384 read_us=184 buffered=16384
t=2954898 transfer event=59392 count=4 submitted=1871982 tx_us=23 fast_bytes=4 slow_bytes=0 queries=2
t=2956918 transfer event=59456 count=4 submitted=1872400 tx_us=23 fast_bytes=4 slow_bytes=0 queries=2
t=2958928 transfer event=59520 count=4 submitted=1872818 tx_us=23 fast_bytes=4 slow_bytes=0 queries=2
t=2960931 transfer event=59584 count=4 submitted=1873232 tx_us=23 fast_bytes=4 slow_bytes=0 queries=2
t=2962935 transfer event=59648 count=4 submitted=1873646 tx_us=24 fast_bytes=4 slow_bytes=0 queries=2
t=2964937 transfer event=59712 count=4 submitted=1874060 tx_us=23 fast_bytes=4 slow_bytes=0 queries=2
t=2966939 transfer event=59776 count=4 submitted=1874474 tx_us=23 fast_bytes=4 slow_bytes=0 queries=2
t=2968955 transfer event=59840 count=4 submitted=1874892 tx_us=24 fast_bytes=4 slow_bytes=0 queries=2
t=2969582 profile_poll polls=18560 elapsed_us=223 interval_us=244 chunks=8
t=2970975 transfer event=59904 count=4 submitted=1875310 tx_us=23 fast_bytes=4 slow_bytes=0 queries=2
t=2972975 transfer event=59968 count=4 submitted=1875724 tx_us=24 fast_bytes=4 slow_bytes=0 queries=2
t=2974975 transfer event=60032 count=4 submitted=1876138 tx_us=24 fast_bytes=4 slow_bytes=0 queries=2
t=2976976 transfer event=60096 count=4 submitted=1876552 tx_us=23 fast_bytes=4 slow_bytes=0 queries=2
t=2978978 transfer event=60160 count=4 submitted=1876966 tx_us=23 fast_bytes=4 slow_bytes=0 queries=2
t=2980981 transfer event=60224 count=4 submitted=1877380 tx_us=23 fast_bytes=4 slow_bytes=0 queries=2
t=2982982 transfer event=60288 count=4 submitted=1877794 tx_us=23 fast_bytes=4 slow_bytes=0 queries=2
t=2984986 transfer event=60352 count=8 submitted=1878212 tx_us=25 fast_bytes=8 slow_bytes=0 queries=2
t=2986516 profile_poll polls=18624 elapsed_us=220 interval_us=1149 chunks=8
t=2988796 transfer event=60416 count=1704 submitted=1887012 tx_us=391 fast_bytes=1704 slow_bytes=0 queries=2
t=2992353 pipe_read event=117 count=16384 read_us=1627 buffered=16384
t=2994410 transfer event=60480 count=4 submitted=1896328 tx_us=23 fast_bytes=4 slow_bytes=0 queries=2
t=2997341 transfer event=60544 count=8 submitted=1900986 tx_us=24 fast_bytes=8 slow_bytes=0 queries=2
t=2999493 pipe_read event=118 count=16384 read_us=186 buffered=16384
t=3000500 transfer event=60608 count=8 submitted=1905682 tx_us=24 fast_bytes=8 slow_bytes=0 queries=2
t=3003405 transfer event=60672 count=4 submitted=1910336 tx_us=23 fast_bytes=4 slow_bytes=0 queries=2
t=3006313 transfer event=60736 count=4 submitted=1914984 tx_us=23 fast_bytes=4 slow_bytes=0 queries=2
t=3009522 transfer event=60800 count=1356 submitted=1921024 tx_us=320 fast_bytes=1356 slow_bytes=0 queries=2
t=3009758 pipe_read event=119 count=16384 read_us=155 buffered=16384
t=3011809 transfer event=60864 count=4 submitted=1921680 tx_us=24 fast_bytes=4 slow_bytes=0 queries=2
t=3012326 profile_poll polls=18688 elapsed_us=211 interval_us=246 chunks=8
t=3013838 transfer event=60928 count=8 submitted=1922102 tx_us=24 fast_bytes=8 slow_bytes=0 queries=2
t=3015841 transfer event=60992 count=8 submitted=1922516 tx_us=24 fast_bytes=8 slow_bytes=0 queries=2
t=3017846 transfer event=61056 count=4 submitted=1922930 tx_us=23 fast_bytes=4 slow_bytes=0 queries=2
t=3019847 transfer event=61120 count=4 submitted=1923344 tx_us=23 fast_bytes=4 slow_bytes=0 queries=2
t=3021846 transfer event=61184 count=4 submitted=1923758 tx_us=23 fast_bytes=4 slow_bytes=0 queries=2
t=3023847 transfer event=61248 count=4 submitted=1924172 tx_us=24 fast_bytes=4 slow_bytes=0 queries=2
t=3025848 transfer event=61312 count=4 submitted=1924586 tx_us=24 fast_bytes=4 slow_bytes=0 queries=2
t=3027848 transfer event=61376 count=4 submitted=1925000 tx_us=23 fast_bytes=4 slow_bytes=0 queries=2
t=3028360 profile_poll polls=18752 elapsed_us=210 interval_us=247 chunks=8
t=3029869 transfer event=61440 count=10 submitted=1925424 tx_us=25 fast_bytes=10 slow_bytes=0 queries=2
t=3031886 transfer event=61504 count=4 submitted=1925842 tx_us=23 fast_bytes=4 slow_bytes=0 queries=2
t=3033891 transfer event=61568 count=4 submitted=1926256 tx_us=23 fast_bytes=4 slow_bytes=0 queries=2
t=3035895 transfer event=61632 count=4 submitted=1926670 tx_us=23 fast_bytes=4 slow_bytes=0 queries=2
t=3037898 transfer event=61696 count=4 submitted=1927084 tx_us=24 fast_bytes=4 slow_bytes=0 queries=2
t=3039900 transfer event=61760 count=8 submitted=1927502 tx_us=24 fast_bytes=8 slow_bytes=0 queries=2
t=3041900 transfer event=61824 count=8 submitted=1927916 tx_us=24 fast_bytes=8 slow_bytes=0 queries=2
t=3043902 transfer event=61888 count=8 submitted=1928330 tx_us=24 fast_bytes=8 slow_bytes=0 queries=2
t=3044411 profile_poll polls=18816 elapsed_us=211 interval_us=244 chunks=8
t=3045919 transfer event=61952 count=4 submitted=1928744 tx_us=23 fast_bytes=4 slow_bytes=0 queries=2
t=3047921 transfer event=62016 count=8 submitted=1929162 tx_us=24 fast_bytes=8 slow_bytes=0 queries=2
t=3049921 transfer event=62080 count=8 submitted=1929576 tx_us=24 fast_bytes=8 slow_bytes=0 queries=2
t=3051976 transfer event=62144 count=4 submitted=1930254 tx_us=24 fast_bytes=4 slow_bytes=0 queries=2
t=3053977 transfer event=62208 count=4 submitted=1930668 tx_us=23 fast_bytes=4 slow_bytes=0 queries=2
t=3055978 transfer event=62272 count=4 submitted=1931082 tx_us=23 fast_bytes=4 slow_bytes=0 queries=2
t=3057979 transfer event=62336 count=4 submitted=1931496 tx_us=23 fast_bytes=4 slow_bytes=0 queries=2
t=3059978 transfer event=62400 count=4 submitted=1931910 tx_us=24 fast_bytes=4 slow_bytes=0 queries=2
t=3060499 profile_poll polls=18880 elapsed_us=222 interval_us=246 chunks=8
t=3062000 transfer event=62464 count=4 submitted=1932328 tx_us=24 fast_bytes=4 slow_bytes=0 queries=2
t=3064002 transfer event=62528 count=4 submitted=1932742 tx_us=23 fast_bytes=4 slow_bytes=0 queries=2
t=3066004 transfer event=62592 count=8 submitted=1933160 tx_us=24 fast_bytes=8 slow_bytes=0 queries=2
t=3068006 transfer event=62656 count=8 submitted=1933574 tx_us=24 fast_bytes=8 slow_bytes=0 queries=2
t=3070007 transfer event=62720 count=8 submitted=1933988 tx_us=24 fast_bytes=8 slow_bytes=0 queries=2
t=3072012 transfer event=62784 count=4 submitted=1934402 tx_us=23 fast_bytes=4 slow_bytes=0 queries=2
t=3074014 transfer event=62848 count=4 submitted=1934816 tx_us=24 fast_bytes=4 slow_bytes=0 queries=2
t=3076016 transfer event=62912 count=4 submitted=1935230 tx_us=23 fast_bytes=4 slow_bytes=0 queries=2
t=3076541 profile_poll polls=18944 elapsed_us=224 interval_us=245 chunks=8
t=3078042 transfer event=62976 count=4 submitted=1935648 tx_us=24 fast_bytes=4 slow_bytes=0 queries=2
t=3080047 transfer event=63040 count=8 submitted=1936066 tx_us=24 fast_bytes=8 slow_bytes=0 queries=2
t=3082047 transfer event=63104 count=8 submitted=1936480 tx_us=24 fast_bytes=8 slow_bytes=0 queries=2
t=3084067 transfer event=63168 count=8 submitted=1936898 tx_us=24 fast_bytes=8 slow_bytes=0 queries=2
t=3086071 transfer event=63232 count=4 submitted=1937312 tx_us=23 fast_bytes=4 slow_bytes=0 queries=2
t=3088519 pipe_read event=120 count=16384 read_us=1972 buffered=16384
t=3090266 transfer event=63296 count=12 submitted=1938180 tx_us=25 fast_bytes=12 slow_bytes=0 queries=2
t=3092273 transfer event=63360 count=12 submitted=1938594 tx_us=25 fast_bytes=12 slow_bytes=0 queries=2
t=3094290 transfer event=63424 count=12 submitted=1939012 tx_us=25 fast_bytes=12 slow_bytes=0 queries=2
t=3094811 profile_poll polls=19008 elapsed_us=266 interval_us=283 chunks=8
t=3096381 transfer event=63488 count=12 submitted=1939702 tx_us=25 fast_bytes=12 slow_bytes=0 queries=2
t=3098385 transfer event=63552 count=12 submitted=1940116 tx_us=25 fast_bytes=12 slow_bytes=0 queries=2
t=3100389 transfer event=63616 count=12 submitted=1940530 tx_us=25 fast_bytes=12 slow_bytes=0 queries=2
t=3102387 transfer event=63680 count=12 submitted=1940944 tx_us=25 fast_bytes=12 slow_bytes=0 queries=2
t=3104392 transfer event=63744 count=12 submitted=1941358 tx_us=25 fast_bytes=12 slow_bytes=0 queries=2
t=3106395 transfer event=63808 count=12 submitted=1941772 tx_us=25 fast_bytes=12 slow_bytes=0 queries=2
t=3108398 transfer event=63872 count=12 submitted=1942186 tx_us=25 fast_bytes=12 slow_bytes=0 queries=2
t=3110401 transfer event=63936 count=12 submitted=1942604 tx_us=26 fast_bytes=12 slow_bytes=0 queries=2
t=3110862 profile_poll polls=19072 elapsed_us=211 interval_us=278 chunks=8
t=3112419 transfer event=64000 count=12 submitted=1943018 tx_us=25 fast_bytes=12 slow_bytes=0 queries=2
t=3114420 transfer event=64064 count=8 submitted=1943432 tx_us=24 fast_bytes=8 slow_bytes=0 queries=2
t=3116423 transfer event=64128 count=12 submitted=1943850 tx_us=25 fast_bytes=12 slow_bytes=0 queries=2
t=3118422 transfer event=64192 count=12 submitted=1944264 tx_us=25 fast_bytes=12 slow_bytes=0 queries=2
t=3121472 transfer event=64256 count=648 submitted=1949540 tx_us=170 fast_bytes=648 slow_bytes=0 queries=2
t=3124239 pipe_read event=121 count=16384 read_us=168 buffered=16384
t=3125357 transfer event=64320 count=20 submitted=1957836 tx_us=28 fast_bytes=20 slow_bytes=0 queries=2
t=3128274 transfer event=64384 count=8 submitted=1962484 tx_us=25 fast_bytes=8 slow_bytes=0 queries=2
t=3131185 transfer event=64448 count=12 submitted=1967138 tx_us=25 fast_bytes=12 slow_bytes=0 queries=2
t=3131647 profile_poll polls=19136 elapsed_us=221 interval_us=270 chunks=8
t=3132804 pipe_read event=122 count=16384 read_us=165 buffered=16384
t=3134335 transfer event=64512 count=18 submitted=1971840 tx_us=27 fast_bytes=18 slow_bytes=0 queries=2
t=3137249 transfer event=64576 count=12 submitted=1976488 tx_us=25 fast_bytes=12 slow_bytes=0 queries=2
t=3141068 transfer event=64640 count=16 submitted=1985380 tx_us=26 fast_bytes=16 slow_bytes=0 queries=2
t=3144477 pipe_read event=123 count=16384 read_us=1626 buffered=16384
t=3146656 transfer event=64704 count=8 submitted=1994632 tx_us=24 fast_bytes=8 slow_bytes=0 queries=2
t=3149570 transfer event=64768 count=8 submitted=1999262 tx_us=24 fast_bytes=8 slow_bytes=0 queries=2
t=3151661 pipe_read event=124 count=16384 read_us=167 buffered=16384
t=3152719 transfer event=64832 count=4 submitted=2003964 tx_us=23 fast_bytes=4 slow_bytes=0 queries=2
t=3155638 transfer event=64896 count=4 submitted=2008612 tx_us=24 fast_bytes=4 slow_bytes=0 queries=2
t=3158559 transfer event=64960 count=4 submitted=2013266 tx_us=23 fast_bytes=4 slow_bytes=0 queries=2
t=3159836 profile_poll polls=19200 elapsed_us=567 interval_us=816 chunks=8
t=3161867 pipe_read event=125 count=16384 read_us=169 buffered=16384
t=3162607 transfer event=65024 count=4 submitted=2022202 tx_us=23 fast_bytes=4 slow_bytes=0 queries=2
t=3165540 transfer event=65088 count=4 submitted=2026858 tx_us=23 fast_bytes=4 slow_bytes=0 queries=2
t=3168447 transfer event=65152 count=4 submitted=2031508 tx_us=34 fast_bytes=4 slow_bytes=0 queries=2
t=3170431 pipe_read event=126 count=16384 read_us=163 buffered=16384
t=3171675 transfer event=65216 count=14 submitted=2036230 tx_us=25 fast_bytes=14 slow_bytes=0 queries=2
t=3174599 transfer event=65280 count=4 submitted=2040872 tx_us=23 fast_bytes=4 slow_bytes=0 queries=2
t=3178404 transfer event=65344 count=4 submitted=2049760 tx_us=23 fast_bytes=4 slow_bytes=0 queries=2
t=3181869 pipe_read event=127 count=16384 read_us=1365 buffered=16384
t=3183770 transfer event=65408 count=12 submitted=2058964 tx_us=25 fast_bytes=12 slow_bytes=0 queries=2
t=3186689 transfer event=65472 count=18 submitted=2063618 tx_us=27 fast_bytes=18 slow_bytes=0 queries=2
t=3186892 profile_poll polls=19264 elapsed_us=232 interval_us=258 chunks=8
t=3189629 transfer event=65536 count=12 submitted=2068270 tx_us=26 fast_bytes=12 slow_bytes=0 queries=2
t=3190824 pipe_read event=128 count=16384 read_us=172 buffered=16384
t=3192789 transfer event=65600 count=12 submitted=2072976 tx_us=25 fast_bytes=12 slow_bytes=0 queries=2
t=3195721 transfer event=65664 count=20 submitted=2077632 tx_us=27 fast_bytes=20 slow_bytes=0 queries=2
t=3198633 transfer event=65728 count=12 submitted=2082280 tx_us=25 fast_bytes=12 slow_bytes=0 queries=2
t=3199415 pipe_read event=129 count=16384 read_us=167 buffered=16384
t=3202663 transfer event=65792 count=18 submitted=2091196 tx_us=27 fast_bytes=18 slow_bytes=0 queries=2
t=3205579 transfer event=65856 count=12 submitted=2095844 tx_us=26 fast_bytes=12 slow_bytes=0 queries=2
t=3208492 transfer event=65920 count=16 submitted=2100496 tx_us=26 fast_bytes=16 slow_bytes=0 queries=2
t=3210909 pipe_read event=130 count=16384 read_us=1443 buffered=16384
t=3213903 transfer event=65984 count=8 submitted=2109712 tx_us=24 fast_bytes=8 slow_bytes=0 queries=2
t=3214033 profile_poll polls=19328 elapsed_us=236 interval_us=246 chunks=8
t=3216839 transfer event=66048 count=8 submitted=2114370 tx_us=24 fast_bytes=8 slow_bytes=0 queries=2
t=3218225 pipe_read event=131 count=16384 read_us=167 buffered=16384
t=3220282 transfer event=66112 count=1342 submitted=2120404 tx_us=302 fast_bytes=1342 slow_bytes=0 queries=2
t=3223831 transfer event=66176 count=4 submitted=2127958 tx_us=24 fast_bytes=4 slow_bytes=0 queries=2
t=3226747 transfer event=66240 count=4 submitted=2132612 tx_us=23 fast_bytes=4 slow_bytes=0 queries=2
t=3228416 pipe_read event=132 count=16384 read_us=162 buffered=16384
t=3229882 transfer event=66304 count=8 submitted=2137308 tx_us=24 fast_bytes=8 slow_bytes=0 queries=2
t=3232796 transfer event=66368 count=8 submitted=2141962 tx_us=24 fast_bytes=8 slow_bytes=0 queries=2
t=3235713 transfer event=66432 count=8 submitted=2146614 tx_us=24 fast_bytes=8 slow_bytes=0 queries=2
t=3236994 pipe_read event=133 count=16384 read_us=159 buffered=16384
t=3239759 transfer event=66496 count=4 submitted=2155546 tx_us=24 fast_bytes=4 slow_bytes=0 queries=2
t=3239885 profile_poll polls=19392 elapsed_us=249 interval_us=1136 chunks=8
t=3242684 transfer event=66560 count=4 submitted=2160200 tx_us=23 fast_bytes=4 slow_bytes=0 queries=2
t=3245593 transfer event=66624 count=4 submitted=2164848 tx_us=24 fast_bytes=4 slow_bytes=0 queries=2
t=3248704 pipe_read event=134 count=16384 read_us=1655 buffered=16384
t=3251215 transfer event=66688 count=8 submitted=2174108 tx_us=24 fast_bytes=8 slow_bytes=0 queries=2
t=3254141 transfer event=66752 count=4 submitted=2178762 tx_us=23 fast_bytes=4 slow_bytes=0 queries=2
t=3256069 pipe_read event=135 count=16384 read_us=167 buffered=16384
t=3257293 transfer event=66816 count=4 submitted=2183458 tx_us=24 fast_bytes=4 slow_bytes=0 queries=2
t=3260322 profile_poll polls=19456 elapsed_us=14 interval_us=48 chunks=0
t=3264986 profile_poll polls=19520 elapsed_us=14 interval_us=48 chunks=0
t=3268487 pipe_read event=136 count=16384 read_us=184 buffered=16384
t=3270222 profile_poll polls=19584 elapsed_us=15 interval_us=47 chunks=0
t=3274655 profile_poll polls=19648 elapsed_us=15 interval_us=47 chunks=0
t=3275337 transfer event=66880 count=176 submitted=2208928 tx_us=59 fast_bytes=176 slow_bytes=0 queries=2
t=3279486 profile_poll polls=19712 elapsed_us=15 interval_us=60 chunks=0
t=3282628 profile_poll polls=19776 elapsed_us=15 interval_us=48 chunks=0
t=3285744 profile_poll polls=19840 elapsed_us=15 interval_us=48 chunks=0
t=3288855 profile_poll polls=19904 elapsed_us=14 interval_us=48 chunks=0
t=3291964 profile_poll polls=19968 elapsed_us=15 interval_us=47 chunks=0
t=3295070 profile_poll polls=20032 elapsed_us=14 interval_us=48 chunks=0
t=3298183 profile_poll polls=20096 elapsed_us=15 interval_us=48 chunks=0
t=3301291 profile_poll polls=20160 elapsed_us=15 interval_us=48 chunks=0
t=3304400 profile_poll polls=20224 elapsed_us=15 interval_us=47 chunks=0
t=3307520 profile_poll polls=20288 elapsed_us=15 interval_us=50 chunks=0
t=3310628 profile_poll polls=20352 elapsed_us=15 interval_us=48 chunks=0
t=3313736 profile_poll polls=20416 elapsed_us=14 interval_us=48 chunks=0
t=3316842 profile_poll polls=20480 elapsed_us=14 interval_us=48 chunks=0
t=3319948 profile_poll polls=20544 elapsed_us=15 interval_us=47 chunks=0
t=3323053 profile_poll polls=20608 elapsed_us=15 interval_us=47 chunks=0
t=3326162 profile_poll polls=20672 elapsed_us=15 interval_us=47 chunks=0
t=3329270 profile_poll polls=20736 elapsed_us=15 interval_us=47 chunks=0
t=3332379 profile_poll polls=20800 elapsed_us=14 interval_us=48 chunks=0
t=3335498 profile_poll polls=20864 elapsed_us=15 interval_us=60 chunks=0
t=3338606 profile_poll polls=20928 elapsed_us=15 interval_us=48 chunks=0
t=3341715 profile_poll polls=20992 elapsed_us=15 interval_us=48 chunks=0
t=3344824 profile_poll polls=21056 elapsed_us=15 interval_us=47 chunks=0
t=3349354 pipe_read event=137 count=16384 read_us=1587 buffered=16384
t=3351267 profile_poll polls=21120 elapsed_us=14 interval_us=49 chunks=0
t=3355758 profile_poll polls=21184 elapsed_us=14 interval_us=48 chunks=0
t=3358899 profile_poll polls=21248 elapsed_us=15 interval_us=47 chunks=0
t=3362005 profile_poll polls=21312 elapsed_us=15 interval_us=47 chunks=0
t=3365115 profile_poll polls=21376 elapsed_us=15 interval_us=47 chunks=0
t=3368225 profile_poll polls=21440 elapsed_us=15 interval_us=47 chunks=0
t=3371337 profile_poll polls=21504 elapsed_us=15 interval_us=47 chunks=0
t=3374452 profile_poll polls=21568 elapsed_us=24 interval_us=47 chunks=0
t=3377562 profile_poll polls=21632 elapsed_us=14 interval_us=49 chunks=0
t=3380668 profile_poll polls=21696 elapsed_us=15 interval_us=48 chunks=0
t=3383770 profile_poll polls=21760 elapsed_us=15 interval_us=48 chunks=0
t=3386876 profile_poll polls=21824 elapsed_us=15 interval_us=47 chunks=0
t=3389988 profile_poll polls=21888 elapsed_us=15 interval_us=48 chunks=0
t=3393091 profile_poll polls=21952 elapsed_us=15 interval_us=48 chunks=0
t=3396202 profile_poll polls=22016 elapsed_us=15 interval_us=47 chunks=0
t=3400718 profile_poll polls=22080 elapsed_us=15 interval_us=47 chunks=0
t=3401471 pipe_read event=138 count=16384 read_us=200 buffered=16384
t=3406116 profile_poll polls=22144 elapsed_us=14 interval_us=48 chunks=0
t=3410975 profile_poll polls=22208 elapsed_us=14 interval_us=48 chunks=0
t=3411726 transfer event=66944 count=914 submitted=2247242 tx_us=214 fast_bytes=914 slow_bytes=0 queries=2
t=3413197 pipe_read event=139 count=16384 read_us=166 buffered=16384
t=3416036 profile_poll polls=22272 elapsed_us=15 interval_us=47 chunks=0
t=3421547 profile_poll polls=22336 elapsed_us=14 interval_us=49 chunks=0
t=3426484 pipe_read event=140 count=16384 read_us=2549 buffered=16384
t=3429923 profile_poll polls=22400 elapsed_us=14 interval_us=48 chunks=0
t=3434272 profile_poll polls=22464 elapsed_us=14 interval_us=47 chunks=0
t=3437410 pipe_read event=141 count=16384 read_us=194 buffered=16384
t=3438863 profile_poll polls=22528 elapsed_us=14 interval_us=48 chunks=0
t=3443373 profile_poll polls=22592 elapsed_us=14 interval_us=48 chunks=0
t=3445236 transfer event=67008 count=364 submitted=2290240 tx_us=99 fast_bytes=364 slow_bytes=0 queries=2
t=3447669 profile_poll polls=22656 elapsed_us=15 interval_us=48 chunks=0
t=3451579 profile_poll polls=22720 elapsed_us=15 interval_us=48 chunks=0
t=3455515 pipe_read event=142 count=16384 read_us=179 buffered=16384
t=3455918 profile_poll polls=22784 elapsed_us=15 interval_us=52 chunks=0
t=3460251 profile_poll polls=22848 elapsed_us=15 interval_us=400 chunks=0
t=3464121 profile_poll polls=22912 elapsed_us=14 interval_us=48 chunks=0
t=3468401 profile_poll polls=22976 elapsed_us=15 interval_us=47 chunks=0
t=3473347 pipe_read event=143 count=16384 read_us=1394 buffered=16384
t=3474707 profile_poll polls=23040 elapsed_us=15 interval_us=48 chunks=0
t=3478942 profile_poll polls=23104 elapsed_us=15 interval_us=48 chunks=0
t=3480931 transfer event=67072 count=512 submitted=2323276 tx_us=129 fast_bytes=512 slow_bytes=0 queries=2
t=3482804 profile_poll polls=23168 elapsed_us=15 interval_us=47 chunks=0
t=3486892 profile_poll polls=23232 elapsed_us=15 interval_us=47 chunks=0
t=3488903 pipe_read event=144 count=16384 read_us=170 buffered=16384
t=3491542 profile_poll polls=23296 elapsed_us=15 interval_us=49 chunks=0
t=3495761 profile_poll polls=23360 elapsed_us=15 interval_us=47 chunks=0
t=3500122 profile_poll polls=23424 elapsed_us=15 interval_us=47 chunks=0
t=3504275 profile_poll polls=23488 elapsed_us=14 interval_us=48 chunks=0
t=3507029 pipe_read event=145 count=16384 read_us=2146 buffered=16384
t=3512226 profile_poll polls=23552 elapsed_us=14 interval_us=48 chunks=0
t=3514508 transfer event=67136 count=512 submitted=2359468 tx_us=140 fast_bytes=512 slow_bytes=0 queries=2
t=3517123 profile_poll polls=23616 elapsed_us=15 interval_us=48 chunks=0
t=3520429 pipe_read event=146 count=16384 read_us=2916 buffered=16384
t=3526670 profile_poll polls=23680 elapsed_us=15 interval_us=48 chunks=0
t=3531027 pipe_read event=147 count=16384 read_us=2658 buffered=16384
t=3538400 pipe_read event=148 count=16384 read_us=1710 buffered=16384
t=3539837 profile_poll polls=23744 elapsed_us=15 interval_us=47 chunks=0
t=3544030 profile_poll polls=23808 elapsed_us=14 interval_us=48 chunks=0
t=3547423 profile_poll polls=23872 elapsed_us=14 interval_us=48 chunks=0
t=3551687 transfer event=67200 count=512 submitted=2412222 tx_us=131 fast_bytes=512 slow_bytes=0 queries=2
t=3551979 pipe_read event=149 count=16384 read_us=176 buffered=16384
t=3552760 profile_poll polls=23936 elapsed_us=15 interval_us=47 chunks=0
t=3557502 profile_poll polls=24000 elapsed_us=15 interval_us=63 chunks=0
t=3560880 pipe_read event=150 count=16384 read_us=162 buffered=16384
t=3565344 profile_poll polls=24064 elapsed_us=14 interval_us=48 chunks=0
t=3568261 pipe_read event=151 count=16384 read_us=163 buffered=16384
t=3571795 profile_poll polls=24128 elapsed_us=15 interval_us=47 chunks=0
t=3576573 profile_poll polls=24192 elapsed_us=15 interval_us=49 chunks=0
t=3580725 pipe_read event=152 count=16384 read_us=2244 buffered=16384
t=3583195 profile_poll polls=24256 elapsed_us=15 interval_us=47 chunks=0
t=3586309 profile_poll polls=24320 elapsed_us=14 interval_us=48 chunks=0
t=3589423 profile_poll polls=24384 elapsed_us=15 interval_us=47 chunks=0
t=3592544 profile_poll polls=24448 elapsed_us=14 interval_us=49 chunks=0
t=3595658 profile_poll polls=24512 elapsed_us=15 interval_us=48 chunks=0
t=3598781 profile_poll polls=24576 elapsed_us=15 interval_us=47 chunks=0
t=3601892 profile_poll polls=24640 elapsed_us=14 interval_us=48 chunks=0
t=3605004 profile_poll polls=24704 elapsed_us=15 interval_us=48 chunks=0
t=3608116 profile_poll polls=24768 elapsed_us=14 interval_us=48 chunks=0
t=3611221 profile_poll polls=24832 elapsed_us=15 interval_us=47 chunks=0
t=3614333 profile_poll polls=24896 elapsed_us=15 interval_us=48 chunks=0
t=3617452 profile_poll polls=24960 elapsed_us=25 interval_us=48 chunks=0
t=3620652 profile_poll polls=25024 elapsed_us=15 interval_us=47 chunks=0
t=3623772 profile_poll polls=25088 elapsed_us=15 interval_us=47 chunks=0
t=3626882 profile_poll polls=25152 elapsed_us=15 interval_us=47 chunks=0
t=3629992 profile_poll polls=25216 elapsed_us=15 interval_us=47 chunks=0
t=3632422 transfer event=67264 count=2048 submitted=2469818 tx_us=451 fast_bytes=2048 slow_bytes=0 queries=2
t=3634561 pipe_read event=153 count=16384 read_us=188 buffered=16384
t=3638544 pipe_read event=154 count=16384 read_us=177 buffered=16384
t=3644390 profile_poll polls=25280 elapsed_us=15 interval_us=47 chunks=0
t=3645194 pipe_read event=155 count=16384 read_us=162 buffered=16384
t=3648931 profile_poll polls=25344 elapsed_us=15 interval_us=48 chunks=0
t=3652856 profile_poll polls=25408 elapsed_us=14 interval_us=48 chunks=0
t=3657070 profile_poll polls=25472 elapsed_us=15 interval_us=47 chunks=0
t=3661263 profile_poll polls=25536 elapsed_us=15 interval_us=47 chunks=0
t=3662667 pipe_read event=156 count=16384 read_us=160 buffered=16384
t=3663770 transfer event=67328 count=512 submitted=2528750 tx_us=130 fast_bytes=512 slow_bytes=0 queries=2
t=3665875 profile_poll polls=25600 elapsed_us=15 interval_us=47 chunks=0
t=3670321 profile_poll polls=25664 elapsed_us=15 interval_us=47 chunks=0
t=3674764 profile_poll polls=25728 elapsed_us=15 interval_us=47 chunks=0
t=3677085 pipe_read event=157 count=16384 read_us=156 buffered=16384
t=3679314 profile_poll polls=25792 elapsed_us=15 interval_us=48 chunks=0
t=3683356 profile_poll polls=25856 elapsed_us=15 interval_us=48 chunks=0
t=3687530 profile_poll polls=25920 elapsed_us=15 interval_us=50 chunks=0
t=3691565 profile_poll polls=25984 elapsed_us=15 interval_us=48 chunks=0
t=3694497 transfer event=67392 count=314 submitted=2559562 tx_us=99 fast_bytes=314 slow_bytes=0 queries=2
t=3696316 pipe_read event=158 count=16384 read_us=1677 buffered=16384
t=3698525 profile_poll polls=26048 elapsed_us=15 interval_us=51 chunks=0
t=3702940 profile_poll polls=26112 elapsed_us=302 interval_us=48 chunks=2
t=3708318 profile_poll polls=26176 elapsed_us=314 interval_us=335 chunks=8
t=3709019 transfer event=67456 count=90 submitted=2576134 tx_us=41 fast_bytes=90 slow_bytes=0 queries=2
t=3709353 pipe_read event=159 count=16384 read_us=181 buffered=16384
t=3712655 transfer event=67520 count=90 submitted=2582880 tx_us=41 fast_bytes=90 slow_bytes=0 queries=2
t=3715799 transfer event=67584 count=72 submitted=2588576 tx_us=38 fast_bytes=72 slow_bytes=0 queries=2
t=3718290 pipe_read event=160 count=16384 read_us=172 buffered=16384
t=3719397 transfer event=67648 count=82 submitted=2595400 tx_us=40 fast_bytes=82 slow_bytes=0 queries=2
t=3722658 transfer event=67712 count=92 submitted=2601602 tx_us=42 fast_bytes=92 slow_bytes=0 queries=2
t=3725691 pipe_read event=161 count=16384 read_us=167 buffered=16384
t=3727398 transfer event=67776 count=114 submitted=2613736 tx_us=47 fast_bytes=114 slow_bytes=0 queries=2
t=3731081 transfer event=67840 count=124 submitted=2621964 tx_us=50 fast_bytes=124 slow_bytes=0 queries=2
t=3735064 pipe_read event=162 count=16384 read_us=2026 buffered=16384
t=3737630 transfer event=67904 count=96 submitted=2633702 tx_us=42 fast_bytes=96 slow_bytes=0 queries=2
t=3739945 profile_poll polls=26240 elapsed_us=252 interval_us=400 chunks=8
t=3740771 transfer event=67968 count=72 submitted=2639290 tx_us=38 fast_bytes=72 slow_bytes=0 queries=2
t=3742200 pipe_read event=163 count=16384 read_us=176 buffered=16384
t=3746319 profile_poll polls=26304 elapsed_us=15 interval_us=47 chunks=0
t=3750248 profile_poll polls=26368 elapsed_us=15 interval_us=48 chunks=0
t=3754388 profile_poll polls=26432 elapsed_us=15 interval_us=47 chunks=0
t=3755148 transfer event=68032 count=316 submitted=2652392 tx_us=90 fast_bytes=316 slow_bytes=0 queries=2
t=3758508 profile_poll polls=26496 elapsed_us=241 interval_us=47 chunks=3
t=3762253 profile_poll polls=26560 elapsed_us=15 interval_us=47 chunks=0
t=3762997 pipe_read event=164 count=16384 read_us=164 buffered=16384
t=3766768 profile_poll polls=26624 elapsed_us=15 interval_us=48 chunks=0
t=3770750 profile_poll polls=26688 elapsed_us=15 interval_us=48 chunks=0
t=3774838 profile_poll polls=26752 elapsed_us=252 interval_us=48 chunks=1
t=3777952 profile_poll polls=26816 elapsed_us=15 interval_us=47 chunks=0
t=3781383 profile_poll polls=26880 elapsed_us=15 interval_us=47 chunks=0
t=3785617 profile_poll polls=26944 elapsed_us=15 interval_us=48 chunks=0
t=3790027 pipe_read event=165 count=16384 read_us=1710 buffered=16384
t=3790779 transfer event=68096 count=716 submitted=2677452 tx_us=173 fast_bytes=716 slow_bytes=0 queries=2
t=3791918 profile_poll polls=27008 elapsed_us=15 interval_us=48 chunks=0
t=3795649 profile_poll polls=27072 elapsed_us=15 interval_us=48 chunks=0
t=3799837 profile_poll polls=27136 elapsed_us=14 interval_us=48 chunks=0
t=3804054 profile_poll polls=27200 elapsed_us=14 interval_us=48 chunks=0
t=3807883 pipe_read event=166 count=16384 read_us=185 buffered=16384
t=3808416 profile_poll polls=27264 elapsed_us=14 interval_us=48 chunks=0
t=3813006 profile_poll polls=27328 elapsed_us=358 interval_us=47 chunks=3
t=3817116 profile_poll polls=27392 elapsed_us=15 interval_us=49 chunks=0
t=3820659 transfer event=68160 count=512 submitted=2703148 tx_us=130 fast_bytes=512 slow_bytes=0 queries=2
t=3821106 profile_poll polls=27456 elapsed_us=14 interval_us=48 chunks=0
t=3825081 profile_poll polls=27520 elapsed_us=16 interval_us=47 chunks=0
t=3826008 pipe_read event=167 count=16384 read_us=171 buffered=16384
t=3829763 profile_poll polls=27584 elapsed_us=15 interval_us=47 chunks=0
t=3834850 profile_poll polls=27648 elapsed_us=15 interval_us=48 chunks=0
t=3840034 pipe_read event=168 count=16384 read_us=1490 buffered=16384
t=3841527 profile_poll polls=27712 elapsed_us=14 interval_us=51 chunks=0
t=3846308 profile_poll polls=27776 elapsed_us=15 interval_us=48 chunks=0
t=3849691 profile_poll polls=27840 elapsed_us=15 interval_us=48 chunks=0
t=3852801 profile_poll polls=27904 elapsed_us=15 interval_us=48 chunks=0
t=3855910 profile_poll polls=27968 elapsed_us=15 interval_us=47 chunks=0
t=3859014 profile_poll polls=28032 elapsed_us=14 interval_us=48 chunks=0
t=3862126 profile_poll polls=28096 elapsed_us=15 interval_us=48 chunks=0
t=3866222 profile_poll polls=28160 elapsed_us=15 interval_us=48 chunks=0
t=3867317 transfer event=68224 count=510 submitted=2739810 tx_us=128 fast_bytes=510 slow_bytes=0 queries=2
t=3867640 pipe_read event=169 count=16384 read_us=178 buffered=16384
t=3870744 profile_poll polls=28224 elapsed_us=15 interval_us=47 chunks=0
t=3874852 profile_poll polls=28288 elapsed_us=15 interval_us=48 chunks=0
t=3878966 profile_poll polls=28352 elapsed_us=15 interval_us=47 chunks=0
t=3883288 profile_poll polls=28416 elapsed_us=15 interval_us=47 chunks=0
t=3883989 pipe_read event=170 count=16384 read_us=172 buffered=16384
t=3888622 profile_poll polls=28480 elapsed_us=15 interval_us=48 chunks=0
t=3893223 profile_poll polls=28544 elapsed_us=14 interval_us=48 chunks=0
t=3896655 pipe_read event=171 count=16384 read_us=165 buffered=16384
t=3898146 profile_poll polls=28608 elapsed_us=14 interval_us=48 chunks=0
t=3899209 transfer event=68288 count=96 submitted=2776952 tx_us=43 fast_bytes=96 slow_bytes=0 queries=2
t=3902599 profile_poll polls=28672 elapsed_us=15 interval_us=48 chunks=0
t=3907143 profile_poll polls=28736 elapsed_us=15 interval_us=47 chunks=0
t=3911114 pipe_read event=172 count=16384 read_us=1736 buffered=16384
t=3913993 profile_poll polls=28800 elapsed_us=14 interval_us=49 chunks=0
t=3917108 profile_poll polls=28864 elapsed_us=15 interval_us=48 chunks=0
t=3920219 profile_poll polls=28928 elapsed_us=15 interval_us=48 chunks=0
t=3923326 profile_poll polls=28992 elapsed_us=15 interval_us=47 chunks=0
t=3926431 profile_poll polls=29056 elapsed_us=15 interval_us=48 chunks=0
t=3929548 profile_poll polls=29120 elapsed_us=15 interval_us=48 chunks=0
t=3932652 profile_poll polls=29184 elapsed_us=15 interval_us=47 chunks=0
t=3935759 profile_poll polls=29248 elapsed_us=14 interval_us=48 chunks=0
t=3938865 profile_poll polls=29312 elapsed_us=15 interval_us=47 chunks=0
t=3941976 profile_poll polls=29376 elapsed_us=15 interval_us=47 chunks=0
t=3945080 profile_poll polls=29440 elapsed_us=15 interval_us=47 chunks=0
t=3948187 profile_poll polls=29504 elapsed_us=15 interval_us=47 chunks=0
t=3951293 profile_poll polls=29568 elapsed_us=14 interval_us=48 chunks=0
t=3954397 profile_poll polls=29632 elapsed_us=15 interval_us=47 chunks=0
t=3957509 profile_poll polls=29696 elapsed_us=15 interval_us=60 chunks=0
t=3960617 profile_poll polls=29760 elapsed_us=14 interval_us=49 chunks=0
t=3963725 profile_poll polls=29824 elapsed_us=14 interval_us=48 chunks=0
t=3966851 profile_poll polls=29888 elapsed_us=14 interval_us=48 chunks=0
t=3969959 profile_poll polls=29952 elapsed_us=15 interval_us=47 chunks=0
t=3973072 profile_poll polls=30016 elapsed_us=15 interval_us=47 chunks=0
t=3976195 profile_poll polls=30080 elapsed_us=15 interval_us=48 chunks=0
t=3979303 profile_poll polls=30144 elapsed_us=15 interval_us=47 chunks=0
t=3983034 profile_poll polls=30208 elapsed_us=14 interval_us=48 chunks=0
t=3987091 profile_poll polls=30272 elapsed_us=15 interval_us=48 chunks=0
t=3991582 profile_poll polls=30336 elapsed_us=14 interval_us=48 chunks=0
t=3992135 pipe_read event=173 count=16384 read_us=172 buffered=16384
t=3997004 profile_poll polls=30400 elapsed_us=14 interval_us=48 chunks=0
t=3998163 transfer event=68352 count=216 submitted=2815320 tx_us=67 fast_bytes=216 slow_bytes=0 queries=2
t=4001538 profile_poll polls=30464 elapsed_us=15 interval_us=49 chunks=0
t=4004575 pipe_read event=174 count=16384 read_us=183 buffered=16384
t=4006778 profile_poll polls=30528 elapsed_us=15 interval_us=47 chunks=0
t=4011205 profile_poll polls=30592 elapsed_us=40 interval_us=48 chunks=1
t=4014317 profile_poll polls=30656 elapsed_us=15 interval_us=48 chunks=0
t=4017424 profile_poll polls=30720 elapsed_us=14 interval_us=47 chunks=0
t=4020541 profile_poll polls=30784 elapsed_us=15 interval_us=49 chunks=0
t=4023803 profile_poll polls=30848 elapsed_us=17 interval_us=90 chunks=0
t=4027839 profile_poll polls=30912 elapsed_us=15 interval_us=48 chunks=0
t=4032661 profile_poll polls=30976 elapsed_us=18 interval_us=73 chunks=0
t=4038189 pipe_read event=175 count=16384 read_us=2128 buffered=16384
t=4040962 profile_poll polls=31040 elapsed_us=15 interval_us=47 chunks=0
t=4044983 profile_poll polls=31104 elapsed_us=15 interval_us=47 chunks=0
t=4049123 profile_poll polls=31168 elapsed_us=14 interval_us=49 chunks=0
t=4049815 transfer event=68416 count=72 submitted=2852000 tx_us=38 fast_bytes=72 slow_bytes=0 queries=2
t=4052756 pipe_read event=176 count=16384 read_us=182 buffered=16384
t=4054580 profile_poll polls=31232 elapsed_us=15 interval_us=47 chunks=0
t=4059143 profile_poll polls=31296 elapsed_us=14 interval_us=48 chunks=0
t=4064158 profile_poll polls=31360 elapsed_us=15 interval_us=49 chunks=0
t=4065163 pipe_read event=177 count=16384 read_us=170 buffered=16384
t=4068960 profile_poll polls=31424 elapsed_us=14 interval_us=47 chunks=0
t=4073026 profile_poll polls=31488 elapsed_us=15 interval_us=47 chunks=0
t=4076130 profile_poll polls=31552 elapsed_us=14 interval_us=48 chunks=0
t=4079236 profile_poll polls=31616 elapsed_us=14 interval_us=48 chunks=0
t=4083464 profile_poll polls=31680 elapsed_us=16 interval_us=58 chunks=0
t=4086053 pipe_read event=178 count=16384 read_us=164 buffered=16384
t=4088006 profile_poll polls=31744 elapsed_us=14 interval_us=48 chunks=0
t=4090080 transfer event=68480 count=510 submitted=2892066 tx_us=129 fast_bytes=510 slow_bytes=0 queries=2
t=4092185 profile_poll polls=31808 elapsed_us=15 interval_us=48 chunks=0
t=4096392 profile_poll polls=31872 elapsed_us=15 interval_us=47 chunks=0
t=4100690 profile_poll polls=31936 elapsed_us=14 interval_us=48 chunks=0
t=4102892 pipe_read event=179 count=16384 read_us=1534 buffered=16384
t=4107967 profile_poll polls=32000 elapsed_us=15 interval_us=48 chunks=0
t=4112553 profile_poll polls=32064 elapsed_us=14 interval_us=49 chunks=0
t=4113361 pipe_read event=180 count=16384 read_us=169 buffered=16384
t=4118045 profile_poll polls=32128 elapsed_us=15 interval_us=47 chunks=0
t=4121884 transfer event=68544 count=232 submitted=2932084 tx_us=72 fast_bytes=232 slow_bytes=0 queries=2
t=4122672 profile_poll polls=32192 elapsed_us=15 interval_us=48 chunks=0
t=4125806 profile_poll polls=32256 elapsed_us=15 interval_us=47 chunks=0
t=4128915 profile_poll polls=32320 elapsed_us=15 interval_us=48 chunks=0
t=4132021 profile_poll polls=32384 elapsed_us=14 interval_us=48 chunks=0
t=4135123 profile_poll polls=32448 elapsed_us=14 interval_us=48 chunks=0
t=4138227 profile_poll polls=32512 elapsed_us=15 interval_us=47 chunks=0
t=4141335 profile_poll polls=32576 elapsed_us=15 interval_us=47 chunks=0
t=4144473 profile_poll polls=32640 elapsed_us=15 interval_us=59 chunks=0
t=4147941 profile_poll polls=32704 elapsed_us=15 interval_us=47 chunks=0
t=4149950 pipe_read event=181 count=16384 read_us=168 buffered=16384
t=4152902 profile_poll polls=32768 elapsed_us=15 interval_us=48 chunks=0
t=4157111 profile_poll polls=32832 elapsed_us=14 interval_us=48 chunks=0
t=4161268 profile_poll polls=32896 elapsed_us=15 interval_us=47 chunks=0
t=4165531 profile_poll polls=32960 elapsed_us=14 interval_us=50 chunks=0
t=4168894 pipe_read event=182 count=16384 read_us=2582 buffered=16384
t=4173726 profile_poll polls=33024 elapsed_us=14 interval_us=48 chunks=0
t=4180052 pipe_read event=183 count=16384 read_us=1759 buffered=16384
t=4181144 transfer event=68608 count=152 submitted=2973848 tx_us=54 fast_bytes=152 slow_bytes=0 queries=2
t=4181894 profile_poll polls=33088 elapsed_us=15 interval_us=657 chunks=0
t=4186576 profile_poll polls=33152 elapsed_us=15 interval_us=48 chunks=0
t=4193962 pipe_read event=184 count=16384 read_us=4817 buffered=16384
t=4195656 profile_poll polls=33216 elapsed_us=15 interval_us=48 chunks=0
t=4199634 profile_poll polls=33280 elapsed_us=15 interval_us=48 chunks=0
t=4203974 profile_poll polls=33344 elapsed_us=14 interval_us=48 chunks=0
t=4208600 profile_poll polls=33408 elapsed_us=15 interval_us=406 chunks=0
t=4212523 pipe_read event=185 count=16384 read_us=207 buffered=16384
t=4212886 profile_poll polls=33472 elapsed_us=630 interval_us=48 chunks=2
t=4217158 profile_poll polls=33536 elapsed_us=14 interval_us=48 chunks=0
t=4221121 transfer event=68672 count=1064 submitted=3012720 tx_us=247 fast_bytes=1064 slow_bytes=0 queries=2
t=4221777 profile_poll polls=33600 elapsed_us=15 interval_us=47 chunks=0
t=4225608 pipe_read event=186 count=16384 read_us=176 buffered=16384
t=4226646 profile_poll polls=33664 elapsed_us=14 interval_us=48 chunks=0
t=4232014 profile_poll polls=33728 elapsed_us=15 interval_us=47 chunks=0
t=4237890 pipe_read event=187 count=16384 read_us=1564 buffered=16384
t=4238954 profile_poll polls=33792 elapsed_us=14 interval_us=48 chunks=0
t=4242421 profile_poll polls=33856 elapsed_us=14 interval_us=47 chunks=0
t=4245543 profile_poll polls=33920 elapsed_us=15 interval_us=48 chunks=0
t=4248656 profile_poll polls=33984 elapsed_us=15 interval_us=47 chunks=0
t=4251765 profile_poll polls=34048 elapsed_us=15 interval_us=47 chunks=0
t=4254872 profile_poll polls=34112 elapsed_us=15 interval_us=47 chunks=0
t=4257982 profile_poll polls=34176 elapsed_us=14 interval_us=48 chunks=0
t=4261091 profile_poll polls=34240 elapsed_us=15 interval_us=48 chunks=0
t=4264555 profile_poll polls=34304 elapsed_us=15 interval_us=49 chunks=0
t=4268979 profile_poll polls=34368 elapsed_us=15 interval_us=47 chunks=0
t=4273251 profile_poll polls=34432 elapsed_us=15 interval_us=47 chunks=0
t=4274044 pipe_read event=188 count=16384 read_us=170 buffered=16384
t=4276527 transfer event=68736 count=578 submitted=3053410 tx_us=155 fast_bytes=578 slow_bytes=0 queries=2
t=4277741 profile_poll polls=34496 elapsed_us=15 interval_us=47 chunks=0
t=4281704 profile_poll polls=34560 elapsed_us=15 interval_us=47 chunks=0
t=4286218 profile_poll polls=34624 elapsed_us=14 interval_us=48 chunks=0
t=4289690 pipe_read event=189 count=16384 read_us=165 buffered=16384
t=4295730 pipe_read event=190 count=16384 read_us=1481 buffered=16384
t=4299733 pipe_read event=191 count=16384 read_us=167 buffered=16384
t=4303706 pipe_read event=192 count=16384 read_us=160 buffered=16384
t=4305111 profile_poll polls=34688 elapsed_us=2039 interval_us=2334 chunks=4
t=4309465 profile_poll polls=34752 elapsed_us=15 interval_us=58 chunks=0
t=4312581 profile_poll polls=34816 elapsed_us=15 interval_us=48 chunks=0
t=4316468 profile_poll polls=34880 elapsed_us=15 interval_us=58 chunks=0
t=4316654 transfer event=68800 count=512 submitted=3131690 tx_us=129 fast_bytes=512 slow_bytes=0 queries=2
t=4318296 pipe_read event=193 count=16384 read_us=158 buffered=16384
t=4321208 profile_poll polls=34944 elapsed_us=15 interval_us=47 chunks=0
t=4325427 profile_poll polls=35008 elapsed_us=15 interval_us=47 chunks=0
t=4329502 profile_poll polls=35072 elapsed_us=15 interval_us=61 chunks=0
t=4333754 profile_poll polls=35136 elapsed_us=562 interval_us=47 chunks=3
t=4336398 pipe_read event=194 count=16384 read_us=1514 buffered=16384
t=4340573 profile_poll polls=35200 elapsed_us=15 interval_us=48 chunks=0
t=4345326 profile_poll polls=35264 elapsed_us=15 interval_us=47 chunks=0
t=4346058 pipe_read event=195 count=16384 read_us=169 buffered=16384
t=4350992 profile_poll polls=35328 elapsed_us=15 interval_us=48 chunks=0
t=4352269 transfer event=68864 count=1406 submitted=3176074 tx_us=316 fast_bytes=1406 slow_bytes=0 queries=2
t=4355940 profile_poll polls=35392 elapsed_us=14 interval_us=48 chunks=0
t=4358198 pipe_read event=196 count=16384 read_us=164 buffered=16384
t=4360946 transfer event=68928 count=96 submitted=3188210 tx_us=43 fast_bytes=96 slow_bytes=0 queries=2
t=4364704 transfer event=68992 count=100 submitted=3196820 tx_us=43 fast_bytes=100 slow_bytes=0 queries=2
t=4368151 pipe_read event=197 count=16384 read_us=2505 buffered=16384
t=4372952 pipe_read event=198 count=16384 read_us=169 buffered=16384
t=4374195 transfer event=69056 count=122 submitted=3218954 tx_us=48 fast_bytes=122 slow_bytes=0 queries=2
t=4378509 transfer event=69120 count=222 submitted=3230144 tx_us=80 fast_bytes=222 slow_bytes=0 queries=2
t=4379132 pipe_read event=199 count=16384 read_us=164 buffered=16384
t=4379739 profile_poll polls=35456 elapsed_us=404 interval_us=1040 chunks=8
t=4382544 transfer event=69184 count=218 submitted=3238958 tx_us=69 fast_bytes=218 slow_bytes=0 queries=2
t=4386205 transfer event=69248 count=56 submitted=3247142 tx_us=34 fast_bytes=56 slow_bytes=0 queries=2
t=4386866 pipe_read event=200 count=16384 read_us=155 buffered=16384
t=4390073 transfer event=69312 count=58 submitted=3255222 tx_us=35 fast_bytes=58 slow_bytes=0 queries=2
t=4393421 transfer event=69376 count=64 submitted=3261860 tx_us=35 fast_bytes=64 slow_bytes=0 queries=2
t=4394850 pipe_read event=201 count=16384 read_us=165 buffered=16384
t=4398269 profile_poll polls=35520 elapsed_us=232 interval_us=48 chunks=2
t=4402137 profile_poll polls=35584 elapsed_us=14 interval_us=48 chunks=0
t=4405357 transfer event=69440 count=512 submitted=3274486 tx_us=131 fast_bytes=512 slow_bytes=0 queries=2
t=4405830 profile_poll polls=35648 elapsed_us=14 interval_us=48 chunks=0
t=4409403 profile_poll polls=35712 elapsed_us=15 interval_us=47 chunks=0
t=4413606 profile_poll polls=35776 elapsed_us=14 interval_us=364 chunks=0
t=4414846 pipe_read event=202 count=16384 read_us=160 buffered=16384
t=4418227 profile_poll polls=35840 elapsed_us=310 interval_us=48 chunks=3
t=4422362 profile_poll polls=35904 elapsed_us=14 interval_us=48 chunks=0
t=4426552 profile_poll polls=35968 elapsed_us=15 interval_us=49 chunks=0
t=4430966 pipe_read event=203 count=16384 read_us=163 buffered=16384
t=4431152 profile_poll polls=36032 elapsed_us=16 interval_us=437 chunks=0
t=4435057 profile_poll polls=36096 elapsed_us=16 interval_us=47 chunks=0
t=4436982 transfer event=69504 count=438 submitted=3301478 tx_us=114 fast_bytes=438 slow_bytes=0 queries=2
t=4438810 profile_poll polls=36160 elapsed_us=15 interval_us=47 chunks=0
t=4442682 profile_poll polls=36224 elapsed_us=15 interval_us=307 chunks=0
t=4446299 profile_poll polls=36288 elapsed_us=15 interval_us=47 chunks=0
t=4450556 profile_poll polls=36352 elapsed_us=284 interval_us=47 chunks=2
t=4455266 pipe_read event=204 count=16384 read_us=1504 buffered=16384
t=4456793 profile_poll polls=36416 elapsed_us=14 interval_us=48 chunks=0
t=4460871 profile_poll polls=36480 elapsed_us=14 interval_us=48 chunks=0
t=4465284 profile_poll polls=36544 elapsed_us=15 interval_us=47 chunks=0
t=4468778 pipe_read event=205 count=16384 read_us=172 buffered=16384
t=4470515 profile_poll polls=36608 elapsed_us=15 interval_us=52 chunks=0
t=4471801 transfer event=69568 count=790 submitted=3335066 tx_us=187 fast_bytes=790 slow_bytes=0 queries=2
t=4475135 profile_poll polls=36672 elapsed_us=15 interval_us=47 chunks=0
t=4479686 profile_poll polls=36736 elapsed_us=15 interval_us=48 chunks=0
t=4480977 pipe_read event=206 count=16384 read_us=169 buffered=16384
t=4484679 profile_poll polls=36800 elapsed_us=15 interval_us=47 chunks=0
t=4489524 profile_poll polls=36864 elapsed_us=14 interval_us=50 chunks=0
t=4494404 pipe_read event=207 count=16384 read_us=1795 buffered=16384
t=4497821 profile_poll polls=36928 elapsed_us=15 interval_us=47 chunks=0
t=4502619 profile_poll polls=36992 elapsed_us=14 interval_us=48 chunks=0
t=4503133 pipe_read event=208 count=16384 read_us=172 buffered=16384
t=4504328 transfer event=69632 count=512 submitted=3380686 tx_us=130 fast_bytes=512 slow_bytes=0 queries=2
t=4508239 profile_poll polls=37056 elapsed_us=14 interval_us=48 chunks=0
t=4512228 profile_poll polls=37120 elapsed_us=15 interval_us=232 chunks=0
t=4516030 profile_poll polls=37184 elapsed_us=15 interval_us=48 chunks=0
t=4519692 profile_poll polls=37248 elapsed_us=15 interval_us=47 chunks=0
t=4521884 pipe_read event=209 count=16384 read_us=160 buffered=16384
t=4523703 profile_poll polls=37312 elapsed_us=15 interval_us=47 chunks=0
t=4528047 profile_poll polls=37376 elapsed_us=15 interval_us=48 chunks=0
t=4532433 profile_poll polls=37440 elapsed_us=15 interval_us=47 chunks=0
t=4536639 transfer event=69696 count=140 submitted=3410630 tx_us=52 fast_bytes=140 slow_bytes=0 queries=2
t=4536958 profile_poll polls=37504 elapsed_us=374 interval_us=47 chunks=3
t=4539598 pipe_read event=210 count=16384 read_us=1687 buffered=16384
t=4543590 profile_poll polls=37568 elapsed_us=15 interval_us=49 chunks=0
t=4546739 profile_poll polls=37632 elapsed_us=14 interval_us=48 chunks=0
t=4550453 profile_poll polls=37696 elapsed_us=25 interval_us=48 chunks=0
t=4554334 profile_poll polls=37760 elapsed_us=14 interval_us=48 chunks=0
t=4558012 profile_poll polls=37824 elapsed_us=15 interval_us=47 chunks=0
t=4561824 profile_poll polls=37888 elapsed_us=14 interval_us=48 chunks=0
t=4562754 pipe_read event=211 count=16384 read_us=172 buffered=16384
t=4566393 profile_poll polls=37952 elapsed_us=14 interval_us=48 chunks=0
t=4570577 profile_poll polls=38016 elapsed_us=15 interval_us=47 chunks=0
t=4574983 profile_poll polls=38080 elapsed_us=15 interval_us=47 chunks=0
t=4575957 transfer event=69760 count=1128 submitted=3443758 tx_us=259 fast_bytes=1128 slow_bytes=0 queries=2
t=4577232 pipe_read event=212 count=16384 read_us=166 buffered=16384
t=4580002 profile_poll polls=38144 elapsed_us=15 interval_us=498 chunks=0
t=4583343 profile_poll polls=38208 elapsed_us=14 interval_us=49 chunks=0
t=4586462 profile_poll polls=38272 elapsed_us=15 interval_us=57 chunks=0
t=4589578 profile_poll polls=38336 elapsed_us=15 interval_us=48 chunks=0
t=4592687 profile_poll polls=38400 elapsed_us=15 interval_us=47 chunks=0
t=4595796 profile_poll polls=38464 elapsed_us=15 interval_us=47 chunks=0
t=4598918 profile_poll polls=38528 elapsed_us=15 interval_us=47 chunks=0
t=4602030 profile_poll polls=38592 elapsed_us=14 interval_us=48 chunks=0
t=4605143 profile_poll polls=38656 elapsed_us=15 interval_us=48 chunks=0
t=4608267 profile_poll polls=38720 elapsed_us=15 interval_us=48 chunks=0
t=4611376 profile_poll polls=38784 elapsed_us=15 interval_us=47 chunks=0
t=4614750 profile_poll polls=38848 elapsed_us=15 interval_us=318 chunks=0
t=4619594 profile_poll polls=38912 elapsed_us=15 interval_us=48 chunks=0
t=4622180 pipe_read event=213 count=16384 read_us=172 buffered=16384
t=4624467 profile_poll polls=38976 elapsed_us=15 interval_us=58 chunks=0
t=4629656 profile_poll polls=39040 elapsed_us=583 interval_us=48 chunks=3
t=4635822 pipe_read event=214 count=16384 read_us=1674 buffered=16384
t=4637124 profile_poll polls=39104 elapsed_us=15 interval_us=50 chunks=0
t=4639504 transfer event=69824 count=1078 submitted=3487922 tx_us=260 fast_bytes=1078 slow_bytes=0 queries=2
t=4643051 pipe_read event=215 count=16384 read_us=161 buffered=16384
t=4643631 profile_poll polls=39168 elapsed_us=15 interval_us=55 chunks=0
t=4648467 profile_poll polls=39232 elapsed_us=15 interval_us=59 chunks=0
t=4655151 pipe_read event=216 count=16384 read_us=1587 buffered=16384
t=4656272 profile_poll polls=39296 elapsed_us=14 interval_us=49 chunks=0
t=4661195 profile_poll polls=39360 elapsed_us=15 interval_us=47 chunks=0
t=4664336 profile_poll polls=39424 elapsed_us=14 interval_us=48 chunks=0
t=4668175 profile_poll polls=39488 elapsed_us=15 interval_us=47 chunks=0
t=4671983 profile_poll polls=39552 elapsed_us=15 interval_us=47 chunks=0
t=4673783 pipe_read event=217 count=16384 read_us=1625 buffered=16384
t=4677903 transfer event=69888 count=268 submitted=3530402 tx_us=78 fast_bytes=268 slow_bytes=0 queries=2
t=4677939 profile_poll polls=39616 elapsed_us=365 interval_us=48 chunks=2
t=4681880 profile_poll polls=39680 elapsed_us=14 interval_us=48 chunks=0
t=4686043 profile_poll polls=39744 elapsed_us=15 interval_us=47 chunks=0
t=4690101 profile_poll polls=39808 elapsed_us=15 interval_us=47 chunks=0
t=4691661 pipe_read event=218 count=16384 read_us=169 buffered=16384
t=4694937 profile_poll polls=39872 elapsed_us=14 interval_us=48 chunks=0
t=4699290 profile_poll polls=39936 elapsed_us=15 interval_us=48 chunks=0
t=4703268 profile_poll polls=40000 elapsed_us=15 interval_us=47 chunks=0
t=4707280 profile_poll polls=40064 elapsed_us=186 interval_us=47 chunks=2
t=4713418 pipe_read event=219 count=16384 read_us=4056 buffered=16384
t=4715835 profile_poll polls=40128 elapsed_us=15 interval_us=47 chunks=0
t=4718966 transfer event=69952 count=166 submitted=3567950 tx_us=57 fast_bytes=166 slow_bytes=0 queries=2
t=4720368 profile_poll polls=40192 elapsed_us=14 interval_us=48 chunks=0
t=4724558 profile_poll polls=40256 elapsed_us=14 interval_us=49 chunks=0
t=4730059 pipe_read event=220 count=16384 read_us=3420 buffered=16384
t=4733846 profile_poll polls=40320 elapsed_us=15 interval_us=47 chunks=0
t=4738558 profile_poll polls=40384 elapsed_us=15 interval_us=50 chunks=0
t=4740068 pipe_read event=221 count=16384 read_us=190 buffered=16384
t=4743691 profile_poll polls=40448 elapsed_us=14 interval_us=48 chunks=0
t=4748272 profile_poll polls=40512 elapsed_us=15 interval_us=47 chunks=0
t=4752824 profile_poll polls=40576 elapsed_us=15 interval_us=47 chunks=0
t=4753034 transfer event=70016 count=166 submitted=3608576 tx_us=58 fast_bytes=166 slow_bytes=0 queries=2
t=4753224 pipe_read event=222 count=16384 read_us=169 buffered=16384
t=4759112 profile_poll polls=40640 elapsed_us=14 interval_us=48 chunks=0
t=4760919 pipe_read event=223 count=16384 read_us=158 buffered=16384
t=4767323 pipe_read event=224 count=16384 read_us=1414 buffered=16384
t=4770180 profile_poll polls=40704 elapsed_us=15 interval_us=48 chunks=0
t=4775751 pipe_read event=225 count=16384 read_us=171 buffered=16384
t=4776563 profile_poll polls=40768 elapsed_us=15 interval_us=50 chunks=0
t=4782450 pipe_read event=226 count=16384 read_us=157 buffered=16384
t=4782924 transfer event=70080 count=2048 submitted=3676160 tx_us=451 fast_bytes=2048 slow_bytes=0 queries=2
t=4787939 pipe_read event=227 count=16384 read_us=1677 buffered=16384
t=4791289 transfer event=70144 count=4 submitted=3698002 tx_us=23 fast_bytes=4 slow_bytes=0 queries=2
t=4793964 profile_poll polls=40832 elapsed_us=212 interval_us=244 chunks=8
t=4794230 transfer event=70208 count=8 submitted=3702658 tx_us=25 fast_bytes=8 slow_bytes=0 queries=2
t=4795666 pipe_read event=228 count=16384 read_us=167 buffered=16384
t=4798659 transfer event=70272 count=4 submitted=3711668 tx_us=23 fast_bytes=4 slow_bytes=0 queries=2
t=4802861 profile_poll polls=40896 elapsed_us=15 interval_us=48 chunks=0
t=4807193 profile_poll polls=40960 elapsed_us=14 interval_us=47 chunks=0
t=4809429 pipe_read event=229 count=16384 read_us=182 buffered=16384
t=4812090 profile_poll polls=41024 elapsed_us=445 interval_us=48 chunks=2
t=4814664 transfer event=70336 count=116 submitted=3729054 tx_us=47 fast_bytes=116 slow_bytes=0 queries=2
t=4816454 profile_poll polls=41088 elapsed_us=24 interval_us=48 chunks=0
t=4820861 profile_poll polls=41152 elapsed_us=15 interval_us=47 chunks=0
t=4824141 profile_poll polls=41216 elapsed_us=15 interval_us=48 chunks=0
t=4827252 profile_poll polls=41280 elapsed_us=14 interval_us=48 chunks=0
t=4830394 profile_poll polls=41344 elapsed_us=15 interval_us=47 chunks=0
t=4834193 profile_poll polls=41408 elapsed_us=15 interval_us=48 chunks=0
t=4834578 pipe_read event=230 count=16384 read_us=180 buffered=16384
t=4838333 profile_poll polls=41472 elapsed_us=14 interval_us=48 chunks=0
t=4842140 profile_poll polls=41536 elapsed_us=15 interval_us=47 chunks=0
t=4846150 profile_poll polls=41600 elapsed_us=15 interval_us=48 chunks=0
t=4850490 profile_poll polls=41664 elapsed_us=15 interval_us=58 chunks=0
t=4854626 pipe_read event=231 count=16384 read_us=1713 buffered=16384
t=4857584 profile_poll polls=41728 elapsed_us=14 interval_us=49 chunks=0
t=4858514 transfer event=70400 count=1208 submitted=3762882 tx_us=302 fast_bytes=1208 slow_bytes=0 queries=2
t=4861893 profile_poll polls=41792 elapsed_us=14 interval_us=48 chunks=0
t=4866206 profile_poll polls=41856 elapsed_us=15 interval_us=47 chunks=0
t=4866972 pipe_read event=232 count=16384 read_us=169 buffered=16384
t=4871108 transfer event=70464 count=80 submitted=3777404 tx_us=39 fast_bytes=80 slow_bytes=0 queries=2
t=4874347 transfer event=70528 count=60 submitted=3783586 tx_us=35 fast_bytes=60 slow_bytes=0 queries=2
t=4877261 pipe_read event=233 count=16384 read_us=161 buffered=16384
t=4878076 transfer event=70592 count=56 submitted=3791056 tx_us=34 fast_bytes=56 slow_bytes=0 queries=2
t=4881275 transfer event=70656 count=70 submitted=3797042 tx_us=37 fast_bytes=70 slow_bytes=0 queries=2
t=4881386 profile_poll polls=41920 elapsed_us=356 interval_us=401 chunks=8
t=4886353 pipe_read event=234 count=16384 read_us=1686 buffered=16384
t=4889445 transfer event=70720 count=752 submitted=3817794 tx_us=182 fast_bytes=752 slow_bytes=0 queries=2
t=4890996 pipe_read event=235 count=16384 read_us=164 buffered=16384
t=4894376 transfer event=70784 count=74 submitted=3830876 tx_us=38 fast_bytes=74 slow_bytes=0 queries=2
t=4897135 pipe_read event=236 count=16384 read_us=165 buffered=16384
t=4899297 transfer event=70848 count=136 submitted=3843864 tx_us=52 fast_bytes=136 slow_bytes=0 queries=2
t=4903178 transfer event=70912 count=122 submitted=3853048 tx_us=49 fast_bytes=122 slow_bytes=0 queries=2
t=4903933 pipe_read event=237 count=16384 read_us=157 buffered=16384
t=4906978 transfer event=70976 count=64 submitted=3860840 tx_us=36 fast_bytes=64 slow_bytes=0 queries=2
t=4908820 profile_poll polls=41984 elapsed_us=15 interval_us=48 chunks=0
t=4911937 profile_poll polls=42048 elapsed_us=14 interval_us=48 chunks=0
t=4915149 profile_poll polls=42112 elapsed_us=15 interval_us=48 chunks=0
t=4919110 profile_poll polls=42176 elapsed_us=15 interval_us=47 chunks=0
t=4923028 profile_poll polls=42240 elapsed_us=14 interval_us=48 chunks=0
t=4926598 profile_poll polls=42304 elapsed_us=15 interval_us=48 chunks=0
t=4928551 pipe_read event=238 count=16384 read_us=1530 buffered=16384
t=4933012 profile_poll polls=42368 elapsed_us=15 interval_us=47 chunks=0
t=4937560 profile_poll polls=42432 elapsed_us=15 interval_us=49 chunks=0
t=4940510 transfer event=71040 count=512 submitted=3885370 tx_us=140 fast_bytes=512 slow_bytes=0 queries=2
t=4942042 pipe_read event=239 count=16384 read_us=169 buffered=16384
t=4942354 profile_poll polls=42496 elapsed_us=16 interval_us=573 chunks=0
t=4946506 profile_poll polls=42560 elapsed_us=15 interval_us=61 chunks=0
t=4950395 profile_poll polls=42624 elapsed_us=15 interval_us=48 chunks=0
t=4954452 profile_poll polls=42688 elapsed_us=26 interval_us=47 chunks=0
t=4957992 profile_poll polls=42752 elapsed_us=15 interval_us=47 chunks=0
t=4961790 profile_poll polls=42816 elapsed_us=14 interval_us=48 chunks=0
t=4963845 pipe_read event=240 count=16384 read_us=163 buffered=16384
t=4966534 profile_poll polls=42880 elapsed_us=390 interval_us=48 chunks=2
t=4971086 profile_poll polls=42944 elapsed_us=14 interval_us=48 chunks=0
t=4974742 transfer event=71104 count=512 submitted=3916802 tx_us=129 fast_bytes=512 slow_bytes=0 queries=2
t=4975413 profile_poll polls=43008 elapsed_us=15 interval_us=47 chunks=0
t=4979582 pipe_read event=241 count=16384 read_us=2123 buffered=16384
t=4982321 profile_poll polls=43072 elapsed_us=15 interval_us=47 chunks=0
t=4986715 profile_poll polls=43136 elapsed_us=15 interval_us=484 chunks=0
t=4990648 profile_poll polls=43200 elapsed_us=14 interval_us=48 chunks=0
t=4994517 profile_poll polls=43264 elapsed_us=14 interval_us=51 chunks=0
t=4997361 pipe_read event=242 count=16384 read_us=169 buffered=16384
t=4998945 profile_poll polls=43328 elapsed_us=15 interval_us=47 chunks=0
t=5003653 profile_poll polls=43392 elapsed_us=14 interval_us=48 chunks=0
t=5008191 transfer event=71168 count=776 submitted=3952640 tx_us=185 fast_bytes=776 slow_bytes=0 queries=2
t=5008375 pipe_read event=243 count=16384 read_us=159 buffered=16384
t=5009009 profile_poll polls=43456 elapsed_us=15 interval_us=47 chunks=0
t=5013738 profile_poll polls=43520 elapsed_us=15 interval_us=47 chunks=0
t=5018965 profile_poll polls=43584 elapsed_us=14 interval_us=50 chunks=0
t=5020384 pipe_read event=244 count=16384 read_us=163 buffered=16384
t=5023634 profile_poll polls=43648 elapsed_us=15 interval_us=47 chunks=0
t=5027522 profile_poll polls=43712 elapsed_us=15 interval_us=50 chunks=0
t=5030633 profile_poll polls=43776 elapsed_us=14 interval_us=48 chunks=0
t=5034762 profile_poll polls=43840 elapsed_us=15 interval_us=47 chunks=0
t=5039076 profile_poll polls=43904 elapsed_us=15 interval_us=412 chunks=0
t=5041512 pipe_read event=245 count=16384 read_us=185 buffered=16384
t=5043196 profile_poll polls=43968 elapsed_us=14 interval_us=48 chunks=0
t=5044102 transfer event=71232 count=956 submitted=3988246 tx_us=223 fast_bytes=956 slow_bytes=0 queries=2
t=5047543 profile_poll polls=44032 elapsed_us=15 interval_us=50 chunks=0
t=5052679 profile_poll polls=44096 elapsed_us=14 interval_us=48 chunks=0
t=5053622 pipe_read event=246 count=16384 read_us=160 buffered=16384
t=5058897 profile_poll polls=44160 elapsed_us=14 interval_us=47 chunks=0
t=5063665 profile_poll polls=44224 elapsed_us=15 interval_us=47 chunks=0
t=5064410 pipe_read event=247 count=16384 read_us=163 buffered=16384
t=5068390 profile_poll polls=44288 elapsed_us=15 interval_us=47 chunks=0
t=5073135 profile_poll polls=44352 elapsed_us=15 interval_us=48 chunks=0
t=5074747 transfer event=71296 count=616 submitted=4031752 tx_us=152 fast_bytes=616 slow_bytes=0 queries=2
t=5079009 pipe_read event=248 count=16384 read_us=1652 buffered=16384
t=5079607 profile_poll polls=44416 elapsed_us=15 interval_us=49 chunks=0
t=5084069 profile_poll polls=44480 elapsed_us=333 interval_us=47 chunks=3
t=5088337 profile_poll polls=44544 elapsed_us=15 interval_us=485 chunks=0
t=5092873 pipe_read event=249 count=16384 read_us=170 buffered=16384
t=5093660 profile_poll polls=44608 elapsed_us=15 interval_us=49 chunks=0
t=5098915 profile_poll polls=44672 elapsed_us=15 interval_us=47 chunks=0
t=5102027 profile_poll polls=44736 elapsed_us=15 interval_us=47 chunks=0
t=5105136 profile_poll polls=44800 elapsed_us=14 interval_us=48 chunks=0
t=5108243 profile_poll polls=44864 elapsed_us=15 interval_us=47 chunks=0
t=5111360 profile_poll polls=44928 elapsed_us=15 interval_us=47 chunks=0
t=5114475 profile_poll polls=44992 elapsed_us=15 interval_us=59 chunks=0
t=5117584 profile_poll polls=45056 elapsed_us=15 interval_us=48 chunks=0
t=5120689 profile_poll polls=45120 elapsed_us=15 interval_us=48 chunks=0
t=5123793 profile_poll polls=45184 elapsed_us=15 interval_us=47 chunks=0
t=5126897 profile_poll polls=45248 elapsed_us=15 interval_us=47 chunks=0
t=5130005 profile_poll polls=45312 elapsed_us=15 interval_us=47 chunks=0
t=5133107 profile_poll polls=45376 elapsed_us=14 interval_us=48 chunks=0
t=5136210 profile_poll polls=45440 elapsed_us=15 interval_us=48 chunks=0
t=5139314 profile_poll polls=45504 elapsed_us=15 interval_us=48 chunks=0
t=5142420 profile_poll polls=45568 elapsed_us=15 interval_us=47 chunks=0
t=5145536 profile_poll polls=45632 elapsed_us=14 interval_us=50 chunks=0
t=5149190 profile_poll polls=45696 elapsed_us=15 interval_us=48 chunks=0
t=5151719 pipe_read event=250 count=16384 read_us=165 buffered=16384
t=5154363 profile_poll polls=45760 elapsed_us=15 interval_us=48 chunks=0
t=5155128 transfer event=71360 count=654 submitted=4073638 tx_us=161 fast_bytes=654 slow_bytes=0 queries=2
t=5159042 profile_poll polls=45824 elapsed_us=15 interval_us=48 chunks=0
t=5165277 pipe_read event=251 count=16384 read_us=1682 buffered=16384
t=5165940 profile_poll polls=45888 elapsed_us=15 interval_us=75 chunks=0
t=5169066 profile_poll polls=45952 elapsed_us=15 interval_us=49 chunks=0
t=5172181 profile_poll polls=46016 elapsed_us=14 interval_us=48 chunks=0
t=5175301 profile_poll polls=46080 elapsed_us=15 interval_us=47 chunks=0
t=5178408 profile_poll polls=46144 elapsed_us=14 interval_us=48 chunks=0
t=5181529 profile_poll polls=46208 elapsed_us=15 interval_us=49 chunks=0
t=5184635 profile_poll polls=46272 elapsed_us=15 interval_us=47 chunks=0
t=5187745 profile_poll polls=46336 elapsed_us=14 interval_us=48 chunks=0
t=5190849 profile_poll polls=46400 elapsed_us=15 interval_us=47 chunks=0
t=5193968 profile_poll polls=46464 elapsed_us=15 interval_us=47 chunks=0
t=5197078 profile_poll polls=46528 elapsed_us=15 interval_us=48 chunks=0
t=5201367 profile_poll polls=46592 elapsed_us=15 interval_us=48 chunks=0
t=5205738 profile_poll polls=46656 elapsed_us=15 interval_us=47 chunks=0
t=5210128 profile_poll polls=46720 elapsed_us=15 interval_us=47 chunks=0
t=5210839 pipe_read event=252 count=16384 read_us=176 buffered=16384
t=5215066 profile_poll polls=46784 elapsed_us=15 interval_us=47 chunks=0
t=5219606 pipe_read event=253 count=16384 read_us=187 buffered=16384
t=5220770 transfer event=71424 count=510 submitted=4118368 tx_us=130 fast_bytes=510 slow_bytes=0 queries=2
t=5221815 profile_poll polls=46848 elapsed_us=14 interval_us=48 chunks=0
t=5227622 profile_poll polls=46912 elapsed_us=14 interval_us=48 chunks=0
t=5229843 pipe_read event=254 count=16384 read_us=1820 buffered=16384
t=5235391 profile_poll polls=46976 elapsed_us=15 interval_us=47 chunks=0
t=5240059 pipe_read event=255 count=16384 read_us=173 buffered=16384
t=5240769 profile_poll polls=47040 elapsed_us=14 interval_us=48 chunks=0
t=5244995 profile_poll polls=47104 elapsed_us=15 interval_us=47 chunks=0
t=5248733 profile_poll polls=47168 elapsed_us=15 interval_us=48 chunks=0
t=5252751 profile_poll polls=47232 elapsed_us=15 interval_us=47 chunks=0
t=5254585 transfer event=71488 count=8 submitted=4161710 tx_us=25 fast_bytes=8 slow_bytes=0 queries=2
t=5256624 profile_poll polls=47296 elapsed_us=15 interval_us=47 chunks=0
t=5261646 pipe_read event=256 count=16384 read_us=3229 buffered=16384
t=5265695 profile_poll polls=47360 elapsed_us=14 interval_us=48 chunks=0
t=5269686 profile_poll polls=47424 elapsed_us=15 interval_us=47 chunks=0
t=5273818 profile_poll polls=47488 elapsed_us=15 interval_us=417 chunks=0
t=5278488 pipe_read event=257 count=16384 read_us=2752 buffered=16384
t=5281156 profile_poll polls=47552 elapsed_us=15 interval_us=47 chunks=0
t=5285087 profile_poll polls=47616 elapsed_us=14 interval_us=247 chunks=0
t=5288909 profile_poll polls=47680 elapsed_us=15 interval_us=47 chunks=0
t=5292949 profile_poll polls=47744 elapsed_us=14 interval_us=48 chunks=0
t=5293269 transfer event=71552 count=510 submitted=4196476 tx_us=129 fast_bytes=510 slow_bytes=0 queries=2
t=5298349 pipe_read event=258 count=16384 read_us=2594 buffered=16384
t=5301542 profile_poll polls=47808 elapsed_us=15 interval_us=381 chunks=0
t=5305426 profile_poll polls=47872 elapsed_us=15 interval_us=48 chunks=0
t=5309637 profile_poll polls=47936 elapsed_us=15 interval_us=48 chunks=0
t=5311646 pipe_read event=259 count=16384 read_us=177 buffered=16384
t=5313896 profile_poll polls=48000 elapsed_us=15 interval_us=47 chunks=0
t=5319089 profile_poll polls=48064 elapsed_us=14 interval_us=483 chunks=0
t=5323643 profile_poll polls=48128 elapsed_us=15 interval_us=499 chunks=0
t=5325064 pipe_read event=260 count=16384 read_us=166 buffered=16384
t=5326482 transfer event=71616 count=712 submitted=4233798 tx_us=184 fast_bytes=712 slow_bytes=0 queries=2
t=5328758 profile_poll polls=48192 elapsed_us=15 interval_us=47 chunks=0
t=5333033 pipe_read event=261 count=16384 read_us=166 buffered=16384
t=5336146 profile_poll polls=48256 elapsed_us=14 interval_us=48 chunks=0
t=5342181 pipe_read event=262 count=16384 read_us=1686 buffered=16384
t=5344959 profile_poll polls=48320 elapsed_us=14 interval_us=48 chunks=0
t=5349489 pipe_read event=263 count=16384 read_us=184 buffered=16384
t=5353456 pipe_read event=264 count=16384 read_us=175 buffered=16384
t=5357417 pipe_read event=265 count=16384 read_us=164 buffered=16384
t=5359282 transfer event=71680 count=2048 submitted=4321280 tx_us=453 fast_bytes=2048 slow_bytes=0 queries=2
t=5360355 profile_poll polls=48384 elapsed_us=15 interval_us=47 chunks=0
t=5364534 profile_poll polls=48448 elapsed_us=15 interval_us=50 chunks=0
t=5368310 profile_poll polls=48512 elapsed_us=14 interval_us=48 chunks=0
t=5371543 pipe_read event=266 count=16384 read_us=1416 buffered=16384
t=5374237 profile_poll polls=48576 elapsed_us=15 interval_us=48 chunks=0
t=5378662 profile_poll polls=48640 elapsed_us=14 interval_us=48 chunks=0
t=5382922 profile_poll polls=48704 elapsed_us=14 interval_us=48 chunks=0
t=5385976 pipe_read event=267 count=16384 read_us=168 buffered=16384
t=5387240 profile_poll polls=48768 elapsed_us=15 interval_us=47 chunks=0
t=5391214 profile_poll polls=48832 elapsed_us=193 interval_us=48 chunks=2
t=5394840 profile_poll polls=48896 elapsed_us=14 interval_us=48 chunks=0
t=5395780 transfer event=71744 count=512 submitted=4352584 tx_us=130 fast_bytes=512 slow_bytes=0 queries=2
t=5398926 profile_poll polls=48960 elapsed_us=14 interval_us=48 chunks=0
t=5403049 profile_poll polls=49024 elapsed_us=228 interval_us=47 chunks=2
t=5406783 profile_poll polls=49088 elapsed_us=15 interval_us=47 chunks=0
t=5408059 pipe_read event=268 count=16384 read_us=160 buffered=16384
t=5411228 profile_poll polls=49152 elapsed_us=14 interval_us=48 chunks=0
t=5415740 profile_poll polls=49216 elapsed_us=15 interval_us=47 chunks=0
t=5420076 profile_poll polls=49280 elapsed_us=15 interval_us=47 chunks=0
t=5424022 profile_poll polls=49344 elapsed_us=15 interval_us=47 chunks=0
t=5426873 pipe_read event=269 count=16384 read_us=2141 buffered=16384
t=5429839 transfer event=71808 count=40 submitted=4382374 tx_us=31 fast_bytes=40 slow_bytes=0 queries=2
t=5433136 transfer event=71872 count=56 submitted=4388784 tx_us=34 fast_bytes=56 slow_bytes=0 queries=2
t=5435807 profile_poll polls=49408 elapsed_us=355 interval_us=400 chunks=8
t=5436202 pipe_read event=270 count=16384 read_us=176 buffered=16384
t=5437166 transfer event=71936 count=86 submitted=4397510 tx_us=42 fast_bytes=86 slow_bytes=0 queries=2
t=5440854 transfer event=72000 count=84 submitted=4405734 tx_us=40 fast_bytes=84 slow_bytes=0 queries=2
t=5443204 pipe_read event=271 count=16384 read_us=172 buffered=16384
t=5446058 transfer event=72064 count=114 submitted=4420076 tx_us=46 fast_bytes=114 slow_bytes=0 queries=2
t=5450147 pipe_read event=272 count=16384 read_us=1466 buffered=16384
t=5454660 transfer event=72128 count=54 submitted=4444032 tx_us=34 fast_bytes=54 slow_bytes=0 queries=2
t=5454932 pipe_read event=273 count=16384 read_us=168 buffered=16384
t=5458728 transfer event=72192 count=44 submitted=4453040 tx_us=32 fast_bytes=44 slow_bytes=0 queries=2
t=5462108 transfer event=72256 count=62 submitted=4459886 tx_us=36 fast_bytes=62 slow_bytes=0 queries=2
t=5462778 pipe_read event=274 count=16384 read_us=161 buffered=16384
t=5465562 transfer event=72320 count=66 submitted=4466028 tx_us=36 fast_bytes=66 slow_bytes=0 queries=2
t=5468944 profile_poll polls=49472 elapsed_us=14 interval_us=48 chunks=0
t=5470483 transfer event=72384 count=74 submitted=4473552 tx_us=48 fast_bytes=74 slow_bytes=0 queries=2
t=5473169 profile_poll polls=49536 elapsed_us=230 interval_us=48 chunks=2
t=5475613 pipe_read event=275 count=16384 read_us=162 buffered=16384
t=5477219 profile_poll polls=49600 elapsed_us=15 interval_us=47 chunks=0
t=5481064 profile_poll polls=49664 elapsed_us=14 interval_us=49 chunks=0
t=5485896 profile_poll polls=49728 elapsed_us=549 interval_us=48 chunks=3
t=5490232 profile_poll polls=49792 elapsed_us=15 interval_us=47 chunks=0
t=5493511 pipe_read event=276 count=16384 read_us=1542 buffered=16384
t=5496246 profile_poll polls=49856 elapsed_us=14 interval_us=48 chunks=0
t=5500286 profile_poll polls=49920 elapsed_us=15 interval_us=47 chunks=0
t=5504296 profile_poll polls=49984 elapsed_us=15 interval_us=47 chunks=0
t=5504854 transfer event=72448 count=140 submitted=4504094 tx_us=52 fast_bytes=140 slow_bytes=0 queries=2
t=5508434 profile_poll polls=50048 elapsed_us=15 interval_us=48 chunks=0
t=5511667 pipe_read event=277 count=16384 read_us=169 buffered=16384
t=5512679 profile_poll polls=50112 elapsed_us=15 interval_us=248 chunks=0
t=5516426 profile_poll polls=50176 elapsed_us=15 interval_us=47 chunks=0
t=5520695 profile_poll polls=50240 elapsed_us=15 interval_us=47 chunks=0
t=5525644 profile_poll polls=50304 elapsed_us=15 interval_us=483 chunks=0
t=5527809 pipe_read event=278 count=16384 read_us=162 buffered=16384
t=5529726 profile_poll polls=50368 elapsed_us=14 interval_us=48 chunks=0
t=5533918 profile_poll polls=50432 elapsed_us=15 interval_us=47 chunks=0
t=5537804 transfer event=72512 count=400 submitted=4535202 tx_us=107 fast_bytes=400 slow_bytes=0 queries=2
t=5538145 profile_poll polls=50496 elapsed_us=14 interval_us=48 chunks=0
t=5542543 profile_poll polls=50560 elapsed_us=15 interval_us=49 chunks=0
t=5545121 pipe_read event=279 count=16384 read_us=1224 buffered=16384
t=5548755 profile_poll polls=50624 elapsed_us=15 interval_us=48 chunks=0
t=5553456 profile_poll polls=50688 elapsed_us=25 interval_us=48 chunks=0
t=5556102 pipe_read event=280 count=16384 read_us=167 buffered=16384
t=5560009 profile_poll polls=50752 elapsed_us=15 interval_us=49 chunks=0
t=5564565 pipe_read event=281 count=16384 read_us=182 buffered=16384
t=5565861 profile_poll polls=50816 elapsed_us=15 interval_us=47 chunks=0
t=5569675 transfer event=72576 count=40 submitted=4584410 tx_us=31 fast_bytes=40 slow_bytes=0 queries=2
t=5571049 profile_poll polls=50880 elapsed_us=14 interval_us=48 chunks=0
t=5575471 profile_poll polls=50944 elapsed_us=15 interval_us=59 chunks=0
t=5576054 pipe_read event=282 count=16384 read_us=161 buffered=16384
t=5580694 profile_poll polls=51008 elapsed_us=15 interval_us=47 chunks=0
t=5584892 profile_poll polls=51072 elapsed_us=15 interval_us=47 chunks=0
t=5588818 profile_poll polls=51136 elapsed_us=15 interval_us=48 chunks=0
t=5592582 profile_poll polls=51200 elapsed_us=14 interval_us=48 chunks=0
t=5594664 pipe_read event=283 count=16384 read_us=1717 buffered=16384
t=5599748 profile_poll polls=51264 elapsed_us=552 interval_us=48 chunks=2
t=5603191 transfer event=72640 count=314 submitted=4620040 tx_us=89 fast_bytes=314 slow_bytes=0 queries=2
t=5604012 profile_poll polls=51328 elapsed_us=15 interval_us=48 chunks=0
t=5607872 pipe_read event=284 count=16384 read_us=178 buffered=16384
t=5608423 profile_poll polls=51392 elapsed_us=14 interval_us=48 chunks=0
t=5612775 profile_poll polls=51456 elapsed_us=15 interval_us=49 chunks=0
t=5616426 profile_poll polls=51520 elapsed_us=15 interval_us=47 chunks=0
t=5619555 profile_poll polls=51584 elapsed_us=14 interval_us=49 chunks=0
t=5622666 profile_poll polls=51648 elapsed_us=15 interval_us=48 chunks=0
t=5625772 profile_poll polls=51712 elapsed_us=15 interval_us=48 chunks=0
t=5628876 profile_poll polls=51776 elapsed_us=14 interval_us=48 chunks=0
t=5631986 profile_poll polls=51840 elapsed_us=15 interval_us=47 chunks=0
t=5636025 profile_poll polls=51904 elapsed_us=15 interval_us=48 chunks=0
t=5639887 profile_poll polls=51968 elapsed_us=15 interval_us=48 chunks=0
t=5643460 pipe_read event=285 count=16384 read_us=185 buffered=16384
t=5644149 profile_poll polls=52032 elapsed_us=15 interval_us=48 chunks=0
t=5648889 profile_poll polls=52096 elapsed_us=15 interval_us=47 chunks=0
t=5650911 transfer event=72704 count=512 submitted=4649762 tx_us=130 fast_bytes=512 slow_bytes=0 queries=2
t=5653173 profile_poll polls=52160 elapsed_us=14 interval_us=48 chunks=0
t=5657304 profile_poll polls=52224 elapsed_us=15 interval_us=48 chunks=0
t=5661312 pipe_read event=286 count=16384 read_us=2590 buffered=16384
t=5664877 profile_poll polls=52288 elapsed_us=14 interval_us=48 chunks=0
t=5669811 profile_poll polls=52352 elapsed_us=14 interval_us=48 chunks=0
t=5673964 pipe_read event=287 count=16384 read_us=192 buffered=16384
t=5674663 profile_poll polls=52416 elapsed_us=15 interval_us=48 chunks=0
t=5679690 profile_poll polls=52480 elapsed_us=15 interval_us=47 chunks=0
t=5683754 transfer event=72768 count=518 submitted=4689920 tx_us=132 fast_bytes=518 slow_bytes=0 queries=2
t=5683943 pipe_read event=288 count=16384 read_us=164 buffered=16384
t=5686033 profile_poll polls=52544 elapsed_us=14 interval_us=48 chunks=0
t=5691419 profile_poll polls=52608 elapsed_us=15 interval_us=47 chunks=0
t=5694851 pipe_read event=289 count=16384 read_us=1531 buffered=16384
t=5698571 profile_poll polls=52672 elapsed_us=15 interval_us=49 chunks=0
t=5703427 profile_poll polls=52736 elapsed_us=15 interval_us=473 chunks=0
t=5706026 pipe_read event=290 count=16384 read_us=170 buffered=16384
t=5708551 profile_poll polls=52800 elapsed_us=14 interval_us=48 chunks=0
t=5711884 profile_poll polls=52864 elapsed_us=15 interval_us=47 chunks=0
t=5714988 profile_poll polls=52928 elapsed_us=15 interval_us=47 chunks=0
t=5718100 profile_poll polls=52992 elapsed_us=15 interval_us=47 chunks=0
t=5721208 profile_poll polls=53056 elapsed_us=14 interval_us=48 chunks=0
t=5724315 profile_poll polls=53120 elapsed_us=14 interval_us=48 chunks=0
t=5727420 profile_poll polls=53184 elapsed_us=14 interval_us=48 chunks=0
t=5730537 profile_poll polls=53248 elapsed_us=14 interval_us=49 chunks=0
t=5734392 profile_poll polls=53312 elapsed_us=15 interval_us=424 chunks=0
t=5737534 transfer event=72832 count=280 submitted=4732494 tx_us=81 fast_bytes=280 slow_bytes=0 queries=2
t=5738146 profile_poll polls=53376 elapsed_us=15 interval_us=47 chunks=0
t=5741823 profile_poll polls=53440 elapsed_us=15 interval_us=47 chunks=0
t=5749272 pipe_read event=291 count=16384 read_us=3447 buffered=16384
t=5751342 profile_poll polls=53504 elapsed_us=15 interval_us=48 chunks=0
t=5755364 profile_poll polls=53568 elapsed_us=15 interval_us=47 chunks=0
t=5759559 profile_poll polls=53632 elapsed_us=14 interval_us=49 chunks=0
t=5763041 pipe_read event=292 count=16384 read_us=1511 buffered=16384
t=5765531 profile_poll polls=53696 elapsed_us=15 interval_us=50 chunks=0
t=5769500 profile_poll polls=53760 elapsed_us=15 interval_us=62 chunks=0
t=5773480 profile_poll polls=53824 elapsed_us=15 interval_us=58 chunks=0
t=5775289 transfer event=72896 count=512 submitted=4765926 tx_us=131 fast_bytes=512 slow_bytes=0 queries=2
t=5777482 profile_poll polls=53888 elapsed_us=15 interval_us=59 chunks=0
t=5783343 pipe_read event=293 count=16384 read_us=2882 buffered=16384
t=5785913 profile_poll polls=53952 elapsed_us=15 interval_us=48 chunks=0
t=5790098 profile_poll polls=54016 elapsed_us=15 interval_us=395 chunks=0
t=5794553 profile_poll polls=54080 elapsed_us=14 interval_us=49 chunks=0
t=5796391 pipe_read event=294 count=16384 read_us=175 buffered=16384
t=5798830 profile_poll polls=54144 elapsed_us=14 interval_us=48 chunks=0
t=5803783 profile_poll polls=54208 elapsed_us=15 interval_us=48 chunks=0
t=5808565 profile_poll polls=54272 elapsed_us=15 interval_us=48 chunks=0
t=5809583 pipe_read event=295 count=16384 read_us=191 buffered=16384
t=5809863 transfer event=72960 count=1100 submitted=4805708 tx_us=253 fast_bytes=1100 slow_bytes=0 queries=2
t=5813718 profile_poll polls=54336 elapsed_us=15 interval_us=47 chunks=0
t=5819873 pipe_read event=296 count=16384 read_us=1530 buffered=16384
t=5824635 pipe_read event=297 count=16384 read_us=170 buffered=16384
t=5825014 profile_poll polls=54400 elapsed_us=15 interval_us=52 chunks=0
t=5829641 profile_poll polls=54464 elapsed_us=15 interval_us=47 chunks=0
t=5834208 profile_poll polls=54528 elapsed_us=14 interval_us=48 chunks=0
t=5836583 pipe_read event=298 count=16384 read_us=180 buffered=16384
t=5841065 transfer event=73024 count=2048 submitted=4865380 tx_us=453 fast_bytes=2048 slow_bytes=0 queries=2
t=5844592 pipe_read event=299 count=16384 read_us=2367 buffered=16384
t=5848612 pipe_read event=300 count=16384 read_us=186 buffered=16384
t=5849236 profile_poll polls=54592 elapsed_us=1725 interval_us=2358 chunks=8
t=5851674 transfer event=73088 count=4 submitted=4893204 tx_us=24 fast_bytes=4 slow_bytes=0 queries=2
t=5854592 transfer event=73152 count=4 submitted=4897858 tx_us=23 fast_bytes=4 slow_bytes=0 queries=2
t=5857688 pipe_read event=301 count=16384 read_us=165 buffered=16384
t=5858123 transfer event=73216 count=336 submitted=4904528 tx_us=92 fast_bytes=336 slow_bytes=0 queries=2
t=5860922 profile_poll polls=54656 elapsed_us=15 interval_us=47 chunks=0
t=5865029 profile_poll polls=54720 elapsed_us=14 interval_us=48 chunks=0
t=5869892 profile_poll polls=54784 elapsed_us=15 interval_us=47 chunks=0
t=5871966 pipe_read event=302 count=16384 read_us=168 buffered=16384
t=5874426 profile_poll polls=54848 elapsed_us=14 interval_us=48 chunks=0
t=5878270 profile_poll polls=54912 elapsed_us=15 interval_us=48 chunks=0
t=5882425 profile_poll polls=54976 elapsed_us=15 interval_us=47 chunks=0
t=5885694 profile_poll polls=55040 elapsed_us=14 interval_us=48 chunks=0
t=5888796 profile_poll polls=55104 elapsed_us=15 interval_us=47 chunks=0
t=5891902 profile_poll polls=55168 elapsed_us=15 interval_us=47 chunks=0
t=5895006 profile_poll polls=55232 elapsed_us=15 interval_us=47 chunks=0
t=5898108 profile_poll polls=55296 elapsed_us=14 interval_us=48 chunks=0
t=5901966 profile_poll polls=55360 elapsed_us=14 interval_us=48 chunks=0
t=5905785 transfer event=73280 count=148 submitted=4935552 tx_us=54 fast_bytes=148 slow_bytes=0 queries=2
t=5906061 profile_poll polls=55424 elapsed_us=15 interval_us=48 chunks=0
t=5906973 pipe_read event=303 count=16384 read_us=167 buffered=16384
t=5910159 profile_poll polls=55488 elapsed_us=15 interval_us=48 chunks=0
t=5914801 profile_poll polls=55552 elapsed_us=15 interval_us=49 chunks=0
t=5919203 profile_poll polls=55616 elapsed_us=14 interval_us=48 chunks=0
t=5922363 pipe_read event=304 count=16384 read_us=161 buffered=16384
t=5923779 profile_poll polls=55680 elapsed_us=15 interval_us=47 chunks=0
t=5927689 profile_poll polls=55744 elapsed_us=14 interval_us=48 chunks=0
t=5931857 profile_poll polls=55808 elapsed_us=14 interval_us=48 chunks=0
t=5934982 transfer event=73344 count=56 submitted=4963094 tx_us=35 fast_bytes=56 slow_bytes=0 queries=2
t=5938084 pipe_read event=305 count=16384 read_us=163 buffered=16384
t=5938432 transfer event=73408 count=86 submitted=4969418 tx_us=41 fast_bytes=86 slow_bytes=0 queries=2
t=5941914 transfer event=73472 count=84 submitted=4976650 tx_us=40 fast_bytes=84 slow_bytes=0 queries=2
t=5942326 profile_poll polls=55872 elapsed_us=352 interval_us=577 chunks=8
t=5947126 pipe_read event=306 count=16384 read_us=1544 buffered=16384
t=5947630 transfer event=73536 count=2048 submitted=4986880 tx_us=473 fast_bytes=2048 slow_bytes=0 queries=2
t=5952366 pipe_read event=307 count=16384 read_us=167 buffered=16384
t=5953718 transfer event=73600 count=120 submitted=5005268 tx_us=47 fast_bytes=120 slow_bytes=0 queries=2
t=5957122 transfer event=73664 count=38 submitted=5012224 tx_us=31 fast_bytes=38 slow_bytes=0 queries=2
t=5959728 pipe_read event=308 count=16384 read_us=156 buffered=16384
t=5960958 transfer event=73728 count=38 submitted=5020236 tx_us=31 fast_bytes=38 slow_bytes=0 queries=2
t=5964317 transfer event=73792 count=284 submitted=5026990 tx_us=82 fast_bytes=284 slow_bytes=0 queries=2
t=5967628 transfer event=73856 count=82 submitted=5033474 tx_us=39 fast_bytes=82 slow_bytes=0 queries=2
t=5969599 pipe_read event=309 count=16384 read_us=1699 buffered=16384
t=5973404 profile_poll polls=55936 elapsed_us=15 interval_us=47 chunks=0
t=5976535 profile_poll polls=56000 elapsed_us=15 interval_us=49 chunks=0
t=5979642 profile_poll polls=56064 elapsed_us=15 interval_us=47 chunks=0
t=5982849 profile_poll polls=56128 elapsed_us=15 interval_us=48 chunks=0
t=5986789 profile_poll polls=56192 elapsed_us=14 interval_us=48 chunks=0
t=5989838 pipe_read event=310 count=16384 read_us=173 buffered=16384
t=5991009 profile_poll polls=56256 elapsed_us=15 interval_us=48 chunks=0
t=5994947 profile_poll polls=56320 elapsed_us=14 interval_us=48 chunks=0
t=5999574 profile_poll polls=56384 elapsed_us=15 interval_us=48 chunks=0
t=6001225 transfer event=73920 count=268 submitted=5062634 tx_us=79 fast_bytes=268 slow_bytes=0 queries=2
t=6003710 profile_poll polls=56448 elapsed_us=14 interval_us=48 chunks=0
t=6007390 profile_poll polls=56512 elapsed_us=15 interval_us=48 chunks=0
t=6009175 pipe_read event=311 count=16384 read_us=166 buffered=16384
t=6011489 profile_poll polls=56576 elapsed_us=15 interval_us=61 chunks=0
t=6015023 profile_poll polls=56640 elapsed_us=15 interval_us=48 chunks=0
t=6018982 profile_poll polls=56704 elapsed_us=14 interval_us=48 chunks=0
t=6022639 profile_poll polls=56768 elapsed_us=14 interval_us=48 chunks=0
t=6026740 profile_poll polls=56832 elapsed_us=15 interval_us=47 chunks=0
t=6030004 pipe_read event=312 count=16384 read_us=162 buffered=16384
t=6031520 profile_poll polls=56896 elapsed_us=15 interval_us=51 chunks=0
t=6035696 profile_poll polls=56960 elapsed_us=15 interval_us=48 chunks=0
t=6035891 transfer event=73984 count=156 submitted=5088890 tx_us=55 fast_bytes=156 slow_bytes=0 queries=2
t=6039561 profile_poll polls=57024 elapsed_us=14 interval_us=49 chunks=0
t=6043303 profile_poll polls=57088 elapsed_us=15 interval_us=48 chunks=0
t=6047558 profile_poll polls=57152 elapsed_us=15 interval_us=48 chunks=0
t=6051873 pipe_read event=313 count=16384 read_us=2010 buffered=16384
t=6054718 profile_poll polls=57216 elapsed_us=14 interval_us=48 chunks=0
t=6059343 profile_poll polls=57280 elapsed_us=15 interval_us=47 chunks=0
t=6061935 pipe_read event=314 count=16384 read_us=171 buffered=16384
t=6065283 profile_poll polls=57344 elapsed_us=15 interval_us=48 chunks=0
t=6070509 profile_poll polls=57408 elapsed_us=15 interval_us=60 chunks=0
t=6070936 transfer event=74048 count=512 submitted=5131122 tx_us=130 fast_bytes=512 slow_bytes=0 queries=2
t=6071395 pipe_read event=315 count=16384 read_us=167 buffered=16384
t=6076061 profile_poll polls=57472 elapsed_us=15 interval_us=48 chunks=0
t=6080962 profile_poll polls=57536 elapsed_us=14 interval_us=48 chunks=0
t=6083306 pipe_read event=316 count=16384 read_us=1457 buffered=16384
t=6088839 profile_poll polls=57600 elapsed_us=15 interval_us=47 chunks=0
t=6092303 profile_poll polls=57664 elapsed_us=15 interval_us=47 chunks=0
t=6095412 profile_poll polls=57728 elapsed_us=15 interval_us=47 chunks=0
t=6098540 profile_poll polls=57792 elapsed_us=15 interval_us=57 chunks=0
t=6102568 profile_poll polls=57856 elapsed_us=15 interval_us=48 chunks=0
t=6103406 pipe_read event=317 count=16384 read_us=173 buffered=16384
t=6106682 profile_poll polls=57920 elapsed_us=15 interval_us=48 chunks=0
t=6110945 profile_poll polls=57984 elapsed_us=279 interval_us=48 chunks=2
t=6112072 transfer event=74112 count=872 submitted=5173386 tx_us=205 fast_bytes=872 slow_bytes=0 queries=2
t=6115779 profile_poll polls=58048 elapsed_us=15 interval_us=48 chunks=0
t=6119672 pipe_read event=318 count=16384 read_us=161 buffered=16384
t=6120081 profile_poll polls=58112 elapsed_us=15 interval_us=48 chunks=0
t=6124121 profile_poll polls=58176 elapsed_us=14 interval_us=48 chunks=0
t=6128278 profile_poll polls=58240 elapsed_us=15 interval_us=47 chunks=0
t=6131923 profile_poll polls=58304 elapsed_us=15 interval_us=48 chunks=0
t=6135028 profile_poll polls=58368 elapsed_us=14 interval_us=48 chunks=0
t=6138136 profile_poll polls=58432 elapsed_us=14 interval_us=48 chunks=0
t=6141240 profile_poll polls=58496 elapsed_us=15 interval_us=47 chunks=0
t=6144346 profile_poll polls=58560 elapsed_us=14 interval_us=48 chunks=0
t=6147462 profile_poll polls=58624 elapsed_us=15 interval_us=58 chunks=0
t=6150572 profile_poll polls=58688 elapsed_us=15 interval_us=48 chunks=0
t=6153681 profile_poll polls=58752 elapsed_us=15 interval_us=48 chunks=0
t=6156788 profile_poll polls=58816 elapsed_us=15 interval_us=47 chunks=0
t=6159897 profile_poll polls=58880 elapsed_us=14 interval_us=48 chunks=0
t=6163004 profile_poll polls=58944 elapsed_us=15 interval_us=47 chunks=0
t=6166206 profile_poll polls=59008 elapsed_us=15 interval_us=47 chunks=0
t=6170271 profile_poll polls=59072 elapsed_us=14 interval_us=48 chunks=0
t=6175719 pipe_read event=319 count=16384 read_us=1688 buffered=16384
t=6176485 profile_poll polls=59136 elapsed_us=15 interval_us=71 chunks=0
t=6178479 transfer event=74176 count=668 submitted=5202778 tx_us=174 fast_bytes=668 slow_bytes=0 queries=2
t=6181271 profile_poll polls=59200 elapsed_us=15 interval_us=48 chunks=0
t=6185733 profile_poll polls=59264 elapsed_us=388 interval_us=47 chunks=2
t=6189481 profile_poll polls=59328 elapsed_us=15 interval_us=60 chunks=0
t=6189964 pipe_read event=320 count=16384 read_us=172 buffered=16384
t=6193959 profile_poll polls=59392 elapsed_us=14 interval_us=48 chunks=0
t=6198150 profile_poll polls=59456 elapsed_us=15 interval_us=48 chunks=0
t=6202525 profile_poll polls=59520 elapsed_us=15 interval_us=50 chunks=0
t=6206133 pipe_read event=321 count=16384 read_us=166 buffered=16384
t=6207133 profile_poll polls=59584 elapsed_us=15 interval_us=48 chunks=0
t=6210372 transfer event=74240 count=512 submitted=5236222 tx_us=130 fast_bytes=512 slow_bytes=0 queries=2
t=6212579 profile_poll polls=59648 elapsed_us=15 interval_us=48 chunks=0
t=6217037 pipe_read event=322 count=16384 read_us=164 buffered=16384
t=6218109 profile_poll polls=59712 elapsed_us=15 interval_us=47 chunks=0
t=6224561 profile_poll polls=59776 elapsed_us=15 interval_us=49 chunks=0
t=6227036 pipe_read event=323 count=16384 read_us=1695 buffered=16384
t=6233068 profile_poll polls=59840 elapsed_us=15 interval_us=47 chunks=0
t=6234132 pipe_read event=324 count=16384 read_us=172 buffered=16384
t=6238451 profile_poll polls=59904 elapsed_us=25 interval_us=47 chunks=0
t=6241824 transfer event=74304 count=512 submitted=5292678 tx_us=130 fast_bytes=512 slow_bytes=0 queries=2
t=6243774 pipe_read event=325 count=16384 read_us=165 buffered=16384
t=6244330 profile_poll polls=59968 elapsed_us=14 interval_us=48 chunks=0
t=6247906 profile_poll polls=60032 elapsed_us=15 interval_us=47 chunks=0
t=6251019 profile_poll polls=60096 elapsed_us=15 interval_us=47 chunks=0
t=6254129 profile_poll polls=60160 elapsed_us=14 interval_us=48 chunks=0
t=6257236 profile_poll polls=60224 elapsed_us=15 interval_us=48 chunks=0
t=6260344 profile_poll polls=60288 elapsed_us=14 interval_us=48 chunks=0
t=6263470 profile_poll polls=60352 elapsed_us=15 interval_us=59 chunks=0
t=6266921 profile_poll polls=60416 elapsed_us=15 interval_us=47 chunks=0
t=6270794 profile_poll polls=60480 elapsed_us=14 interval_us=48 chunks=0
t=6274783 profile_poll polls=60544 elapsed_us=14 interval_us=48 chunks=0
t=6278866 profile_poll polls=60608 elapsed_us=15 interval_us=48 chunks=0
t=6282135 pipe_read event=326 count=16384 read_us=1747 buffered=16384
t=6286565 profile_poll polls=60672 elapsed_us=15 interval_us=48 chunks=0
t=6291024 profile_poll polls=60736 elapsed_us=15 interval_us=475 chunks=0
t=6294476 transfer event=74368 count=170 submitted=5328896 tx_us=68 fast_bytes=170 slow_bytes=0 queries=2
t=6296141 pipe_read event=327 count=16384 read_us=1641 buffered=16384
t=6297390 profile_poll polls=60800 elapsed_us=15 interval_us=48 chunks=0
t=6301512 profile_poll polls=60864 elapsed_us=15 interval_us=50 chunks=0
t=6305457 profile_poll polls=60928 elapsed_us=25 interval_us=48 chunks=0
t=6309581 profile_poll polls=60992 elapsed_us=15 interval_us=48 chunks=0
t=6312672 pipe_read event=328 count=16384 read_us=181 buffered=16384
t=6314254 profile_poll polls=61056 elapsed_us=14 interval_us=48 chunks=0
t=6318937 profile_poll polls=61120 elapsed_us=15 interval_us=47 chunks=0
t=6323574 profile_poll polls=61184 elapsed_us=14 interval_us=49 chunks=0
t=6326481 transfer event=74432 count=74 submitted=5361664 tx_us=48 fast_bytes=74 slow_bytes=0 queries=2
t=6330619 pipe_read event=329 count=16384 read_us=4114 buffered=16384
t=6333434 profile_poll polls=61248 elapsed_us=14 interval_us=48 chunks=0
t=6337393 profile_poll polls=61312 elapsed_us=15 interval_us=47 chunks=0
t=6343881 pipe_read event=330 count=16384 read_us=2108 buffered=16384
t=6345078 profile_poll polls=61376 elapsed_us=15 interval_us=605 chunks=0
t=6350074 profile_poll polls=61440 elapsed_us=15 interval_us=47 chunks=0
t=6354555 pipe_read event=331 count=16384 read_us=1769 buffered=16384
t=6358828 profile_poll polls=61504 elapsed_us=15 interval_us=47 chunks=0
t=6361434 pipe_read event=332 count=16384 read_us=177 buffered=16384
t=6363720 transfer event=74496 count=1150 submitted=5417592 tx_us=263 fast_bytes=1150 slow_bytes=0 queries=2
t=6367052 pipe_read event=333 count=16384 read_us=168 buffered=16384
t=6368182 profile_poll polls=61568 elapsed_us=15 interval_us=47 chunks=0
t=6375611 pipe_read event=334 count=16384 read_us=1446 buffered=16384
t=6376882 profile_poll polls=61632 elapsed_us=14 interval_us=48 chunks=0
t=6382285 profile_poll polls=61696 elapsed_us=14 interval_us=48 chunks=0
t=6386352 pipe_read event=335 count=16384 read_us=165 buffered=16384
t=6387008 profile_poll polls=61760 elapsed_us=16 interval_us=355 chunks=0
t=6390969 profile_poll polls=61824 elapsed_us=15 interval_us=47 chunks=0
t=6394121 transfer event=74560 count=1040 submitted=5476352 tx_us=240 fast_bytes=1040 slow_bytes=0 queries=2
t=6394306 pipe_read event=336 count=16384 read_us=162 buffered=16384
t=6399587 pipe_read event=337 count=16384 read_us=1519 buffered=16384
t=6404457 pipe_read event=338 count=16384 read_us=183 buffered=16384
t=6407329 profile_poll polls=61888 elapsed_us=15 interval_us=47 chunks=0
t=6411920 profile_poll polls=61952 elapsed_us=14 interval_us=48 chunks=0
t=6416661 profile_poll polls=62016 elapsed_us=15 interval_us=405 chunks=0
t=6417758 pipe_read event=339 count=16384 read_us=165 buffered=16384
t=6420872 profile_poll polls=62080 elapsed_us=14 interval_us=48 chunks=0
t=6424493 profile_poll polls=62144 elapsed_us=14 interval_us=61 chunks=0
t=6427601 profile_poll polls=62208 elapsed_us=14 interval_us=48 chunks=0
t=6430708 profile_poll polls=62272 elapsed_us=14 interval_us=48 chunks=0
t=6434220 profile_poll polls=62336 elapsed_us=14 interval_us=48 chunks=0
t=6434785 transfer event=74624 count=190 submitted=5532058 tx_us=63 fast_bytes=190 slow_bytes=0 queries=2
t=6438227 profile_poll polls=62400 elapsed_us=15 interval_us=47 chunks=0
t=6442592 profile_poll polls=62464 elapsed_us=15 interval_us=48 chunks=0
t=6444780 pipe_read event=340 count=16384 read_us=161 buffered=16384
t=6447593 profile_poll polls=62528 elapsed_us=15 interval_us=49 chunks=0
t=6452267 profile_poll polls=62592 elapsed_us=14 interval_us=48 chunks=0
t=6458652 pipe_read event=341 count=16384 read_us=1702 buffered=16384
t=6459140 profile_poll polls=62656 elapsed_us=2377 interval_us=48 chunks=3
t=6464013 profile_poll polls=62720 elapsed_us=15 interval_us=48 chunks=0
t=6465976 transfer event=74688 count=512 submitted=5568324 tx_us=130 fast_bytes=512 slow_bytes=0 queries=2
t=6467915 profile_poll polls=62784 elapsed_us=15 interval_us=47 chunks=0
t=6472226 pipe_read event=342 count=16384 read_us=177 buffered=16384
t=6473433 transfer event=74752 count=66 submitted=5577274 tx_us=36 fast_bytes=66 slow_bytes=0 queries=2
t=6477100 transfer event=74816 count=160 submitted=5585432 tx_us=56 fast_bytes=160 slow_bytes=0 queries=2
t=6479605 pipe_read event=343 count=16384 read_us=175 buffered=16384
t=6481608 transfer event=74880 count=88 submitted=5596514 tx_us=41 fast_bytes=88 slow_bytes=0 queries=2
t=6482688 profile_poll polls=62848 elapsed_us=437 interval_us=582 chunks=8
t=6485859 transfer event=74944 count=70 submitted=5607364 tx_us=37 fast_bytes=70 slow_bytes=0 queries=2
t=6487620 pipe_read event=344 count=16384 read_us=1658 buffered=16384
t=6492416 pipe_read event=345 count=16384 read_us=176 buffered=16384
t=6494951 transfer event=75008 count=220 submitted=5631622 tx_us=69 fast_bytes=220 slow_bytes=0 queries=2
t=6498155 pipe_read event=346 count=16384 read_us=165 buffered=16384
t=6500054 transfer event=75072 count=88 submitted=5645370 tx_us=41 fast_bytes=88 slow_bytes=0 queries=2
t=6503696 transfer event=75136 count=30 submitted=5653402 tx_us=29 fast_bytes=30 slow_bytes=0 queries=2
t=6505696 pipe_read event=347 count=16384 read_us=158 buffered=16384
t=6507104 transfer event=75200 count=30 submitted=5659418 tx_us=29 fast_bytes=30 slow_bytes=0 queries=2
t=6510628 profile_poll polls=62912 elapsed_us=15 interval_us=48 chunks=0
t=6513741 profile_poll polls=62976 elapsed_us=14 interval_us=48 chunks=0
t=6517405 profile_poll polls=63040 elapsed_us=15 interval_us=48 chunks=0
t=6521260 profile_poll polls=63104 elapsed_us=14 interval_us=48 chunks=0
t=6523026 transfer event=75264 count=270 submitted=5670284 tx_us=81 fast_bytes=270 slow_bytes=0 queries=2
t=6525369 profile_poll polls=63168 elapsed_us=14 interval_us=48 chunks=0
t=6527830 pipe_read event=348 count=16384 read_us=2339 buffered=16384
t=6533227 profile_poll polls=63232 elapsed_us=15 interval_us=47 chunks=0
t=6538022 pipe_read event=349 count=16384 read_us=168 buffered=16384
t=6538515 profile_poll polls=63296 elapsed_us=14 interval_us=67 chunks=0
t=6543574 profile_poll polls=63360 elapsed_us=14 interval_us=467 chunks=0
t=6547784 profile_poll polls=63424 elapsed_us=15 interval_us=48 chunks=0
t=6551706 profile_poll polls=63488 elapsed_us=15 interval_us=47 chunks=0
t=6552425 pipe_read event=350 count=16384 read_us=165 buffered=16384
t=6555910 profile_poll polls=63552 elapsed_us=15 interval_us=48 chunks=0
t=6557468 transfer event=75328 count=512 submitted=5709674 tx_us=142 fast_bytes=512 slow_bytes=0 queries=2
t=6560163 profile_poll polls=63616 elapsed_us=381 interval_us=48 chunks=2
t=6564265 profile_poll polls=63680 elapsed_us=15 interval_us=47 chunks=0
t=6568471 profile_poll polls=63744 elapsed_us=15 interval_us=59 chunks=0
t=6570142 pipe_read event=351 count=16384 read_us=161 buffered=16384
t=6573516 profile_poll polls=63808 elapsed_us=15 interval_us=50 chunks=0
t=6578151 profile_poll polls=63872 elapsed_us=15 interval_us=47 chunks=0
t=6582586 pipe_read event=352 count=16384 read_us=172 buffered=16384
t=6583208 profile_poll polls=63936 elapsed_us=14 interval_us=49 chunks=0
t=6587065 profile_poll polls=64000 elapsed_us=15 interval_us=48 chunks=0
t=6588639 transfer event=75392 count=864 submitted=5744582 tx_us=215 fast_bytes=864 slow_bytes=0 queries=2
t=6591121 profile_poll polls=64064 elapsed_us=15 interval_us=47 chunks=0
t=6595926 profile_poll polls=64128 elapsed_us=15 interval_us=48 chunks=0
t=6598565 pipe_read event=353 count=16384 read_us=176 buffered=16384
t=6600947 profile_poll polls=64192 elapsed_us=14 interval_us=48 chunks=0
t=6605788 profile_poll polls=64256 elapsed_us=15 interval_us=47 chunks=0
t=6610488 pipe_read event=354 count=16384 read_us=1229 buffered=16384
t=6613252 profile_poll polls=64320 elapsed_us=15 interval_us=48 chunks=0
t=6617824 pipe_read event=355 count=16384 read_us=166 buffered=16384
t=6620286 profile_poll polls=64384 elapsed_us=14 interval_us=48 chunks=0
t=6621133 transfer event=75456 count=1064 submitted=5795186 tx_us=246 fast_bytes=1064 slow_bytes=0 queries=2
t=6625200 profile_poll polls=64448 elapsed_us=15 interval_us=47 chunks=0
t=6628251 pipe_read event=356 count=16384 read_us=166 buffered=16384
t=6629969 profile_poll polls=64512 elapsed_us=14 interval_us=48 chunks=0
t=6634389 profile_poll polls=64576 elapsed_us=15 interval_us=48 chunks=0
t=6638554 profile_poll polls=64640 elapsed_us=14 interval_us=49 chunks=0
t=6642618 profile_poll polls=64704 elapsed_us=15 interval_us=47 chunks=0
t=6643457 pipe_read event=357 count=16384 read_us=177 buffered=16384
t=6647280 profile_poll polls=64768 elapsed_us=15 interval_us=49 chunks=0
t=6651309 profile_poll polls=64832 elapsed_us=15 interval_us=47 chunks=0
t=6654218 transfer event=75520 count=1064 submitted=5832050 tx_us=245 fast_bytes=1064 slow_bytes=0 queries=2
t=6656206 profile_poll polls=64896 elapsed_us=15 interval_us=47 chunks=0
t=6659355 pipe_read event=358 count=16384 read_us=2294 buffered=16384
t=6663850 profile_poll polls=64960 elapsed_us=15 interval_us=47 chunks=0
t=6668132 profile_poll polls=65024 elapsed_us=240 interval_us=47 chunks=2
t=6671331 profile_poll polls=65088 elapsed_us=15 interval_us=47 chunks=0
t=6674452 profile_poll polls=65152 elapsed_us=25 interval_us=47 chunks=0
t=6677566 profile_poll polls=65216 elapsed_us=15 interval_us=49 chunks=0
t=6680677 profile_poll polls=65280 elapsed_us=14 interval_us=48 chunks=0
t=6683788 profile_poll polls=65344 elapsed_us=14 interval_us=48 chunks=0
t=6686907 profile_poll polls=65408 elapsed_us=15 interval_us=47 chunks=0
t=6690050 profile_poll polls=65472 elapsed_us=15 interval_us=48 chunks=0
t=6693248 profile_poll polls=65536 elapsed_us=15 interval_us=47 chunks=0
t=6696379 profile_poll polls=65600 elapsed_us=15 interval_us=47 chunks=0
t=6699512 profile_poll polls=65664 elapsed_us=15 interval_us=68 chunks=0
t=6703670 profile_poll polls=65728 elapsed_us=15 interval_us=47 chunks=0
t=6705605 pipe_read event=359 count=16384 read_us=196 buffered=16384
t=6708520 profile_poll polls=65792 elapsed_us=15 interval_us=51 chunks=0
t=6712854 profile_poll polls=65856 elapsed_us=15 interval_us=265 chunks=0
t=6717007 profile_poll polls=65920 elapsed_us=15 interval_us=47 chunks=0
t=6718769 transfer event=75584 count=512 submitted=5867478 tx_us=130 fast_bytes=512 slow_bytes=0 queries=2
t=6720283 pipe_read event=360 count=16384 read_us=191 buffered=16384
t=6722203 profile_poll polls=65984 elapsed_us=15 interval_us=47 chunks=0
t=6726737 profile_poll polls=66048 elapsed_us=15 interval_us=48 chunks=0
t=6730645 profile_poll polls=66112 elapsed_us=15 interval_us=48 chunks=0
t=6734647 profile_poll polls=66176 elapsed_us=15 interval_us=47 chunks=0
t=6737824 pipe_read event=361 count=16384 read_us=1406 buffered=16384
t=6741795 profile_poll polls=66240 elapsed_us=15 interval_us=47 chunks=0
t=6746722 profile_poll polls=66304 elapsed_us=14 interval_us=48 chunks=0
t=6747460 pipe_read event=362 count=16384 read_us=187 buffered=16384
t=6750201 transfer event=75648 count=512 submitted=5906378 tx_us=131 fast_bytes=512 slow_bytes=0 queries=2
t=6752374 profile_poll polls=66368 elapsed_us=15 interval_us=736 chunks=0
t=6757151 pipe_read event=363 count=16384 read_us=172 buffered=16384
t=6758305 profile_poll polls=66432 elapsed_us=15 interval_us=48 chunks=0
t=6764313 profile_poll polls=66496 elapsed_us=15 interval_us=48 chunks=0
t=6766864 pipe_read event=364 count=16384 read_us=1493 buffered=16384
t=6771056 profile_poll polls=66560 elapsed_us=14 interval_us=375 chunks=0
t=6775556 profile_poll polls=66624 elapsed_us=15 interval_us=48 chunks=0
t=6779178 profile_poll polls=66688 elapsed_us=15 interval_us=47 chunks=0
t=6782290 profile_poll polls=66752 elapsed_us=15 interval_us=47 chunks=0
t=6785407 profile_poll polls=66816 elapsed_us=15 interval_us=47 chunks=0
t=6788525 profile_poll polls=66880 elapsed_us=15 interval_us=49 chunks=0
t=6791635 profile_poll polls=66944 elapsed_us=15 interval_us=47 chunks=0
t=6794738 profile_poll polls=67008 elapsed_us=15 interval_us=47 chunks=0
t=6797846 profile_poll polls=67072 elapsed_us=15 interval_us=47 chunks=0
t=6801354 profile_poll polls=67136 elapsed_us=15 interval_us=47 chunks=0
t=6802237 pipe_read event=365 count=16384 read_us=181 buffered=16384
t=6805522 transfer event=75712 count=512 submitted=5954318 tx_us=140 fast_bytes=512 slow_bytes=0 queries=2
t=6805925 profile_poll polls=67200 elapsed_us=15 interval_us=47 chunks=0
t=6810002 profile_poll polls=67264 elapsed_us=15 interval_us=47 chunks=0
t=6814193 profile_poll polls=67328 elapsed_us=15 interval_us=47 chunks=0
t=6822373 pipe_read event=366 count=16384 read_us=4685 buffered=16384
t=6825375 profile_poll polls=67392 elapsed_us=15 interval_us=48 chunks=0
t=6829277 profile_poll polls=67456 elapsed_us=14 interval_us=49 chunks=0
t=6832907 profile_poll polls=67520 elapsed_us=15 interval_us=47 chunks=0
t=6837659 pipe_read event=367 count=16384 read_us=2078 buffered=16384
t=6839830 profile_poll polls=67584 elapsed_us=15 interval_us=47 chunks=0
t=6844151 profile_poll polls=67648 elapsed_us=15 interval_us=48 chunks=0
t=6846122 transfer event=75776 count=512 submitted=5994054 tx_us=130 fast_bytes=512 slow_bytes=0 queries=2
t=6848232 profile_poll polls=67712 elapsed_us=15 interval_us=47 chunks=0
t=6852331 pipe_read event=368 count=16384 read_us=198 buffered=16384
t=6853890 profile_poll polls=67776 elapsed_us=410 interval_us=64 chunks=3
t=6857875 profile_poll polls=67840 elapsed_us=15 interval_us=47 chunks=0
t=6861646 profile_poll polls=67904 elapsed_us=15 interval_us=48 chunks=0
t=6865620 profile_poll polls=67968 elapsed_us=89 interval_us=48 chunks=1
t=6870653 pipe_read event=369 count=16384 read_us=1746 buffered=16384
t=6872955 profile_poll polls=68032 elapsed_us=15 interval_us=48 chunks=0
t=6878020 profile_poll polls=68096 elapsed_us=14 interval_us=48 chunks=0
t=6879987 pipe_read event=370 count=16384 read_us=179 buffered=16384
t=6880426 transfer event=75840 count=1882 submitted=6035290 tx_us=416 fast_bytes=1882 slow_bytes=0 queries=2
t=6885359 profile_poll polls=68160 elapsed_us=15 interval_us=47 chunks=0
t=6886733 pipe_read event=371 count=16384 read_us=169 buffered=16384
t=6891986 profile_poll polls=68224 elapsed_us=15 interval_us=856 chunks=0
t=6897122 pipe_read event=372 count=16384 read_us=2030 buffered=16384
t=6900139 profile_poll polls=68288 elapsed_us=15 interval_us=47 chunks=0
t=6903043 pipe_read event=373 count=16384 read_us=174 buffered=16384
t=6906969 pipe_read event=374 count=16384 read_us=167 buffered=16384
t=6910938 pipe_read event=375 count=16384 read_us=160 buffered=16384
t=6913680 profile_poll polls=68352 elapsed_us=15 interval_us=47 chunks=0
t=6916756 transfer event=75904 count=244 submitted=6116668 tx_us=75 fast_bytes=244 slow_bytes=0 queries=2
t=6916963 profile_poll polls=68416 elapsed_us=15 interval_us=48 chunks=0
t=6921301 profile_poll polls=68480 elapsed_us=314 interval_us=48 chunks=2
t=6925450 profile_poll polls=68544 elapsed_us=25 interval_us=47 chunks=0
t=6929671 profile_poll polls=68608 elapsed_us=291 interval_us=47 chunks=2
t=6933460 pipe_read event=376 count=16384 read_us=1523 buffered=16384
t=6936408 profile_poll polls=68672 elapsed_us=15 interval_us=47 chunks=0
t=6940896 profile_poll polls=68736 elapsed_us=14 interval_us=48 chunks=0
t=6944778 profile_poll polls=68800 elapsed_us=15 interval_us=47 chunks=0
t=6947686 pipe_read event=377 count=16384 read_us=172 buffered=16384
t=6948876 profile_poll polls=68864 elapsed_us=15 interval_us=47 chunks=0
t=6951990 profile_poll polls=68928 elapsed_us=15 interval_us=47 chunks=0
t=6955094 profile_poll polls=68992 elapsed_us=14 interval_us=48 chunks=0
t=6958201 profile_poll polls=69056 elapsed_us=15 interval_us=48 chunks=0
t=6961307 profile_poll polls=69120 elapsed_us=15 interval_us=47 chunks=0
t=6964415 profile_poll polls=69184 elapsed_us=15 interval_us=48 chunks=0
t=6967678 transfer event=75968 count=608 submitted=6150168 tx_us=150 fast_bytes=608 slow_bytes=0 queries=2
t=6967957 profile_poll polls=69248 elapsed_us=15 interval_us=48 chunks=0
t=6972018 profile_poll polls=69312 elapsed_us=15 interval_us=47 chunks=0
t=6976386 profile_poll polls=69376 elapsed_us=14 interval_us=48 chunks=0
t=6980315 profile_poll polls=69440 elapsed_us=15 interval_us=47 chunks=0
t=6982263 pipe_read event=378 count=16384 read_us=161 buffered=16384
t=6985254 profile_poll polls=69504 elapsed_us=14 interval_us=47 chunks=0
t=6989816 profile_poll polls=69568 elapsed_us=15 interval_us=48 chunks=0
t=6993878 profile_poll polls=69632 elapsed_us=15 interval_us=248 chunks=0
t=6997617 profile_poll polls=69696 elapsed_us=14 interval_us=49 chunks=0
t=7000080 transfer event=76032 count=48 submitted=6180844 tx_us=32 fast_bytes=48 slow_bytes=0 queries=2
t=7001936 pipe_read event=379 count=16384 read_us=1765 buffered=16384
t=7007167 transfer event=76096 count=82 submitted=6196262 tx_us=40 fast_bytes=82 slow_bytes=0 queries=2
t=7007796 pipe_read event=380 count=16384 read_us=167 buffered=16384
t=7011298 transfer event=76160 count=54 submitted=6205540 tx_us=34 fast_bytes=54 slow_bytes=0 queries=2
t=7014762 pipe_read event=381 count=16384 read_us=162 buffered=16384
t=7015610 profile_poll polls=69760 elapsed_us=1069 interval_us=478 chunks=8
t=7016158 transfer event=76224 count=224 submitted=6218228 tx_us=70 fast_bytes=224 slow_bytes=0 queries=2
t=7020508 pipe_read event=382 count=16384 read_us=172 buffered=16384
t=7021218 transfer event=76288 count=152 submitted=6231982 tx_us=54 fast_bytes=152 slow_bytes=0 queries=2
t=7025126 transfer event=76352 count=112 submitted=6241286 tx_us=47 fast_bytes=112 slow_bytes=0 queries=2
t=7029299 pipe_read event=383 count=16384 read_us=1598 buffered=16384
t=7031253 transfer event=76416 count=364 submitted=6253130 tx_us=100 fast_bytes=364 slow_bytes=0 queries=2
t=7034362 transfer event=76480 count=44 submitted=6258578 tx_us=32 fast_bytes=44 slow_bytes=0 queries=2
t=7037128 pipe_read event=384 count=16384 read_us=173 buffered=16384
t=7037784 transfer event=76544 count=88 submitted=6264514 tx_us=41 fast_bytes=88 slow_bytes=0 queries=2
t=7039231 profile_poll polls=69824 elapsed_us=16 interval_us=47 chunks=0
t=7042337 profile_poll polls=69888 elapsed_us=15 interval_us=48 chunks=0
t=7045452 profile_poll polls=69952 elapsed_us=25 interval_us=48 chunks=0
t=7048559 profile_poll polls=70016 elapsed_us=15 interval_us=49 chunks=0
t=7052389 profile_poll polls=70080 elapsed_us=15 interval_us=48 chunks=0
t=7056511 profile_poll polls=70144 elapsed_us=14 interval_us=62 chunks=0
t=7060340 profile_poll polls=70208 elapsed_us=14 interval_us=48 chunks=0
t=7064571 profile_poll polls=70272 elapsed_us=14 interval_us=49 chunks=0
t=7065035 pipe_read event=385 count=16384 read_us=162 buffered=16384
t=7069716 profile_poll polls=70336 elapsed_us=14 interval_us=48 chunks=0
t=7074118 profile_poll polls=70400 elapsed_us=14 interval_us=47 chunks=0
t=7077981 profile_poll polls=70464 elapsed_us=15 interval_us=48 chunks=0
t=7080270 transfer event=76608 count=488 submitted=6295404 tx_us=125 fast_bytes=488 slow_bytes=0 queries=2
t=7082658 pipe_read event=386 count=16384 read_us=1621 buffered=16384
t=7083687 profile_poll polls=70528 elapsed_us=15 interval_us=149 chunks=0
t=7088024 profile_poll polls=70592 elapsed_us=14 interval_us=48 chunks=0
t=7092043 profile_poll polls=70656 elapsed_us=14 interval_us=48 chunks=0
t=7096184 profile_poll polls=70720 elapsed_us=14 interval_us=48 chunks=0
t=7099207 pipe_read event=387 count=16384 read_us=170 buffered=16384
t=7101209 profile_poll polls=70784 elapsed_us=15 interval_us=47 chunks=0
t=7105673 profile_poll polls=70848 elapsed_us=14 interval_us=48 chunks=0
t=7109703 profile_poll polls=70912 elapsed_us=15 interval_us=47 chunks=0
t=7113244 transfer event=76672 count=1064 submitted=6326564 tx_us=248 fast_bytes=1064 slow_bytes=0 queries=2
t=7113708 profile_poll polls=70976 elapsed_us=15 interval_us=47 chunks=0
t=7115878 pipe_read event=388 count=16384 read_us=164 buffered=16384
t=7118228 profile_poll polls=71040 elapsed_us=15 interval_us=48 chunks=0
t=7123373 profile_poll polls=71104 elapsed_us=15 interval_us=48 chunks=0
t=7128872 pipe_read event=389 count=16384 read_us=1317 buffered=16384
t=7129974 profile_poll polls=71168 elapsed_us=14 interval_us=48 chunks=0
t=7135959 profile_poll polls=71232 elapsed_us=15 interval_us=48 chunks=0
t=7137104 pipe_read event=390 count=16384 read_us=175 buffered=16384
t=7141136 profile_poll polls=71296 elapsed_us=15 interval_us=48 chunks=0
t=7144870 transfer event=76736 count=1404 submitted=6374156 tx_us=317 fast_bytes=1404 slow_bytes=0 queries=2
t=7146448 profile_poll polls=71360 elapsed_us=25 interval_us=47 chunks=0
t=7147654 pipe_read event=391 count=16384 read_us=159 buffered=16384
t=7151197 profile_poll polls=71424 elapsed_us=15 interval_us=48 chunks=0
t=7156347 profile_poll polls=71488 elapsed_us=15 interval_us=48 chunks=0
t=7159896 profile_poll polls=71552 elapsed_us=15 interval_us=47 chunks=0
t=7163004 profile_poll polls=71616 elapsed_us=15 interval_us=48 chunks=0
t=7166117 profile_poll polls=71680 elapsed_us=14 interval_us=48 chunks=0
t=7170099 pipe_read event=392 count=16384 read_us=158 buffered=16384
t=7170339 profile_poll polls=71744 elapsed_us=492 interval_us=47 chunks=2
t=7174417 profile_poll polls=71808 elapsed_us=15 interval_us=47 chunks=0
t=7178525 profile_poll polls=71872 elapsed_us=15 interval_us=49 chunks=0
t=7183042 profile_poll polls=71936 elapsed_us=15 interval_us=47 chunks=0
t=7187108 pipe_read event=393 count=16384 read_us=2546 buffered=16384
t=7188709 transfer event=76800 count=512 submitted=6415096 tx_us=129 fast_bytes=512 slow_bytes=0 queries=2
t=7191175 profile_poll polls=72000 elapsed_us=15 interval_us=48 chunks=0
t=7195150 profile_poll polls=72064 elapsed_us=15 interval_us=47 chunks=0
t=7198864 profile_poll polls=72128 elapsed_us=15 interval_us=48 chunks=0
t=7201982 profile_poll polls=72192 elapsed_us=15 interval_us=48 chunks=0
t=7205169 profile_poll polls=72256 elapsed_us=15 interval_us=48 chunks=0
t=7208285 profile_poll polls=72320 elapsed_us=14 interval_us=48 chunks=0
t=7211398 profile_poll polls=72384 elapsed_us=14 interval_us=48 chunks=0
t=7214522 profile_poll polls=72448 elapsed_us=15 interval_us=49 chunks=0
t=7217634 profile_poll polls=72512 elapsed_us=15 interval_us=48 chunks=0
t=7220742 profile_poll polls=72576 elapsed_us=15 interval_us=47 chunks=0
t=7223850 profile_poll polls=72640 elapsed_us=14 interval_us=48 chunks=0
t=7226956 profile_poll polls=72704 elapsed_us=15 interval_us=47 chunks=0
t=7230064 profile_poll polls=72768 elapsed_us=15 interval_us=47 chunks=0
t=7233169 profile_poll polls=72832 elapsed_us=14 interval_us=48 chunks=0
t=7237373 profile_poll polls=72896 elapsed_us=15 interval_us=48 chunks=0
t=7238068 pipe_read event=394 count=16384 read_us=167 buffered=16384
t=7241896 profile_poll polls=72960 elapsed_us=14 interval_us=48 chunks=0
t=7246076 profile_poll polls=73024 elapsed_us=15 interval_us=47 chunks=0
t=7250675 profile_poll polls=73088 elapsed_us=15 interval_us=48 chunks=0
t=7252722 pipe_read event=395 count=16384 read_us=165 buffered=16384
t=7255077 transfer event=76864 count=1072 submitted=6446176 tx_us=248 fast_bytes=1072 slow_bytes=0 queries=2
t=7255517 profile_poll polls=73152 elapsed_us=15 interval_us=51 chunks=0
t=7259527 profile_poll polls=73216 elapsed_us=15 interval_us=50 chunks=0
t=7263590 profile_poll polls=73280 elapsed_us=15 interval_us=48 chunks=0
t=7268300 profile_poll polls=73344 elapsed_us=15 interval_us=494 chunks=0
t=7269630 pipe_read event=396 count=16384 read_us=169 buffered=16384
t=7273263 profile_poll polls=73408 elapsed_us=15 interval_us=49 chunks=0
t=7277921 profile_poll polls=73472 elapsed_us=14 interval_us=48 chunks=0
t=7280275 pipe_read event=397 count=16384 read_us=167 buffered=16384
t=7283755 profile_poll polls=73536 elapsed_us=15 interval_us=47 chunks=0
t=7285035 transfer event=76928 count=812 submitted=6484504 tx_us=195 fast_bytes=812 slow_bytes=0 queries=2
t=7288942 profile_poll polls=73600 elapsed_us=14 interval_us=48 chunks=0
t=7289824 pipe_read event=398 count=16384 read_us=160 buffered=16384
t=7294876 profile_poll polls=73664 elapsed_us=15 interval_us=47 chunks=0
t=7299978 profile_poll polls=73728 elapsed_us=15 interval_us=47 chunks=0
t=7301908 pipe_read event=399 count=16384 read_us=1727 buffered=16384
t=7308858 profile_poll polls=73792 elapsed_us=15 interval_us=50 chunks=0
t=7311897 pipe_read event=400 count=16384 read_us=2195 buffered=16384
t=7314566 profile_poll polls=73856 elapsed_us=15 interval_us=48 chunks=0
t=7317705 profile_poll polls=73920 elapsed_us=15 interval_us=48 chunks=0
t=7320815 profile_poll polls=73984 elapsed_us=14 interval_us=48 chunks=0
t=7323923 profile_poll polls=74048 elapsed_us=15 interval_us=48 chunks=0
t=7327032 profile_poll polls=74112 elapsed_us=15 interval_us=47 chunks=0
t=7330142 profile_poll polls=74176 elapsed_us=15 interval_us=47 chunks=0
t=7333252 profile_poll polls=74240 elapsed_us=15 interval_us=48 chunks=0
t=7337543 profile_poll polls=74304 elapsed_us=15 interval_us=48 chunks=0
t=7338361 transfer event=76992 count=604 submitted=6531388 tx_us=150 fast_bytes=604 slow_bytes=0 queries=2
t=7341564 profile_poll polls=74368 elapsed_us=14 interval_us=49 chunks=0
t=7345797 profile_poll polls=74432 elapsed_us=15 interval_us=47 chunks=0
t=7349710 pipe_read event=401 count=16384 read_us=189 buffered=16384
t=7350529 profile_poll polls=74496 elapsed_us=15 interval_us=51 chunks=0
t=7355082 profile_poll polls=74560 elapsed_us=15 interval_us=47 chunks=0
t=7359422 profile_poll polls=74624 elapsed_us=15 interval_us=47 chunks=0
t=7363118 pipe_read event=402 count=16384 read_us=173 buffered=16384
t=7364210 profile_poll polls=74688 elapsed_us=15 interval_us=48 chunks=0
t=7368398 profile_poll polls=74752 elapsed_us=15 interval_us=48 chunks=0
t=7369080 transfer event=77056 count=512 submitted=6562960 tx_us=131 fast_bytes=512 slow_bytes=0 queries=2
t=7372572 profile_poll polls=74816 elapsed_us=15 interval_us=48 chunks=0
t=7376752 profile_poll polls=74880 elapsed_us=14 interval_us=48 chunks=0
t=7383849 pipe_read event=403 count=16384 read_us=3080 buffered=16384
t=7385707 profile_poll polls=74944 elapsed_us=393 interval_us=896 chunks=3
t=7389932 profile_poll polls=75008 elapsed_us=15 interval_us=47 chunks=0
t=7394299 profile_poll polls=75072 elapsed_us=15 interval_us=47 chunks=0
t=7397497 pipe_read event=404 count=16384 read_us=2792 buffered=16384
t=7402240 profile_poll polls=75136 elapsed_us=15 interval_us=47 chunks=0
t=7405882 transfer event=77120 count=2 submitted=6604008 tx_us=23 fast_bytes=2 slow_bytes=0 queries=2
t=7407364 profile_poll polls=75200 elapsed_us=14 interval_us=48 chunks=0
t=7410292 pipe_read event=405 count=16384 read_us=1757 buffered=16384
t=7415150 profile_poll polls=75264 elapsed_us=14 interval_us=50 chunks=0
t=7419384 pipe_read event=406 count=16384 read_us=172 buffered=16384
t=7420423 profile_poll polls=75328 elapsed_us=15 interval_us=47 chunks=0
t=7426224 profile_poll polls=75392 elapsed_us=15 interval_us=48 chunks=0
t=7427936 pipe_read event=407 count=16384 read_us=166 buffered=16384
t=7433633 profile_poll polls=75456 elapsed_us=15 interval_us=47 chunks=0
t=7436546 pipe_read event=408 count=16384 read_us=2334 buffered=16384
t=7439535 transfer event=77184 count=1158 submitted=6666710 tx_us=276 fast_bytes=1158 slow_bytes=0 queries=2
t=7442933 pipe_read event=409 count=16384 read_us=168 buffered=16384
t=7444622 profile_poll polls=75520 elapsed_us=14 interval_us=48 chunks=0
t=7448965 profile_poll polls=75584 elapsed_us=15 interval_us=47 chunks=0
t=7452723 profile_poll polls=75648 elapsed_us=14 interval_us=48 chunks=0
t=7455903 pipe_read event=410 count=16384 read_us=160 buffered=16384
t=7459875 pipe_read event=411 count=16384 read_us=164 buffered=16384
t=7463841 pipe_read event=412 count=16384 read_us=165 buffered=16384
t=7466528 profile_poll polls=75712 elapsed_us=15 interval_us=402 chunks=0
t=7470819 profile_poll polls=75776 elapsed_us=15 interval_us=47 chunks=0
t=7471296 transfer event=77248 count=1020 submitted=6732834 tx_us=239 fast_bytes=1020 slow_bytes=0 queries=2
t=7475477 profile_poll polls=75840 elapsed_us=15 interval_us=59 chunks=0
t=7476302 pipe_read event=413 count=16384 read_us=166 buffered=16384
t=7480459 profile_poll polls=75904 elapsed_us=25 interval_us=47 chunks=0
t=7484898 profile_poll polls=75968 elapsed_us=195 interval_us=48 chunks=2
t=7488039 profile_poll polls=76032 elapsed_us=14 interval_us=48 chunks=0
t=7491148 profile_poll polls=76096 elapsed_us=15 interval_us=48 chunks=0
t=7494254 profile_poll polls=76160 elapsed_us=14 interval_us=48 chunks=0
t=7497362 profile_poll polls=76224 elapsed_us=15 interval_us=47 chunks=0
t=7500490 profile_poll polls=76288 elapsed_us=15 interval_us=60 chunks=0
t=7504735 profile_poll polls=76352 elapsed_us=15 interval_us=47 chunks=0
t=7507574 pipe_read event=414 count=16384 read_us=1565 buffered=16384
t=7511053 profile_poll polls=76416 elapsed_us=15 interval_us=47 chunks=0
t=7515571 profile_poll polls=76480 elapsed_us=15 interval_us=48 chunks=0
t=7518865 transfer event=77312 count=250 submitted=6769018 tx_us=75 fast_bytes=250 slow_bytes=0 queries=2
t=7520413 pipe_read event=415 count=16384 read_us=174 buffered=16384
t=7520501 profile_poll polls=76544 elapsed_us=692 interval_us=48 chunks=4
t=7524797 profile_poll polls=76608 elapsed_us=14 interval_us=48 chunks=0
t=7529571 profile_poll polls=76672 elapsed_us=14 interval_us=49 chunks=0
t=7533859 profile_poll polls=76736 elapsed_us=15 interval_us=47 chunks=0
t=7534299 pipe_read event=416 count=16384 read_us=162 buffered=16384
t=7537454 transfer event=77376 count=38 submitted=6790620 tx_us=41 fast_bytes=38 slow_bytes=0 queries=2
t=7540882 transfer event=77440 count=500 submitted=6797702 tx_us=128 fast_bytes=500 slow_bytes=0 queries=2
t=7543890 pipe_read event=417 count=16384 read_us=161 buffered=16384
t=7544630 transfer event=77504 count=40 submitted=6805252 tx_us=31 fast_bytes=40 slow_bytes=0 queries=2
t=7548573 transfer event=77568 count=136 submitted=6814688 tx_us=51 fast_bytes=136 slow_bytes=0 queries=2
t=7553386 pipe_read event=418 count=16384 read_us=2231 buffered=16384
t=7553913 profile_poll polls=76800 elapsed_us=2937 interval_us=339 chunks=6
t=7556210 transfer event=77632 count=70 submitted=6830402 tx_us=38 fast_bytes=70 slow_bytes=0 queries=2
t=7559185 pipe_read event=419 count=16384 read_us=183 buffered=16384
t=7560056 transfer event=77696 count=96 submitted=6838248 tx_us=42 fast_bytes=96 slow_bytes=0 queries=2
t=7563822 transfer event=77760 count=36 submitted=6846858 tx_us=30 fast_bytes=36 slow_bytes=0 queries=2
t=7566786 pipe_read event=420 count=16384 read_us=167 buffered=16384
t=7567796 transfer event=77824 count=114 submitted=6855376 tx_us=46 fast_bytes=114 slow_bytes=0 queries=2
t=7571269 transfer event=77888 count=14 submitted=6862644 tx_us=25 fast_bytes=14 slow_bytes=0 queries=2
t=7575156 profile_poll polls=76864 elapsed_us=14 interval_us=48 chunks=0
t=7578272 profile_poll polls=76928 elapsed_us=14 interval_us=48 chunks=0
t=7581380 profile_poll polls=76992 elapsed_us=15 interval_us=47 chunks=0
t=7585675 pipe_read event=421 count=16384 read_us=1556 buffered=16384
t=7586833 profile_poll polls=77056 elapsed_us=15 interval_us=49 chunks=0
t=7590665 profile_poll polls=77120 elapsed_us=15 interval_us=48 chunks=0
t=7593233 transfer event=77952 count=1064 submitted=6876224 tx_us=245 fast_bytes=1064 slow_bytes=0 queries=2
t=7594736 profile_poll polls=77184 elapsed_us=15 interval_us=47 chunks=0
t=7599000 profile_poll polls=77248 elapsed_us=15 interval_us=48 chunks=0
t=7602789 pipe_read event=422 count=16384 read_us=168 buffered=16384
t=7603701 profile_poll polls=77312 elapsed_us=15 interval_us=49 chunks=0
t=7608113 profile_poll polls=77376 elapsed_us=15 interval_us=47 chunks=0
t=7612214 profile_poll polls=77440 elapsed_us=15 interval_us=47 chunks=0
t=7615891 profile_poll polls=77504 elapsed_us=15 interval_us=47 chunks=0
t=7619575 profile_poll polls=77568 elapsed_us=14 interval_us=49 chunks=0
t=7622847 pipe_read event=423 count=16384 read_us=181 buffered=16384
t=7623798 profile_poll polls=77632 elapsed_us=14 interval_us=49 chunks=0
t=7627502 transfer event=78016 count=188 submitted=6905772 tx_us=73 fast_bytes=188 slow_bytes=0 queries=2
t=7627830 profile_poll polls=77696 elapsed_us=15 interval_us=47 chunks=0
t=7632046 profile_poll polls=77760 elapsed_us=15 interval_us=47 chunks=0
t=7636682 profile_poll polls=77824 elapsed_us=14 interval_us=49 chunks=0
t=7640251 pipe_read event=424 count=16384 read_us=1420 buffered=16384
t=7643167 profile_poll polls=77888 elapsed_us=15 interval_us=48 chunks=0
t=7647395 profile_poll polls=77952 elapsed_us=184 interval_us=48 chunks=2
t=7651837 profile_poll polls=78016 elapsed_us=15 interval_us=47 chunks=0
t=7653790 pipe_read event=425 count=16384 read_us=171 buffered=16384
t=7657120 profile_poll polls=78080 elapsed_us=14 interval_us=48 chunks=0
t=7658059 transfer event=78080 count=1064 submitted=6940840 tx_us=243 fast_bytes=1064 slow_bytes=0 queries=2
t=7661838 profile_poll polls=78144 elapsed_us=15 interval_us=47 chunks=0
t=7665350 pipe_read event=426 count=16384 read_us=170 buffered=16384
t=7667263 profile_poll polls=78208 elapsed_us=15 interval_us=49 chunks=0
t=7672123 profile_poll polls=78272 elapsed_us=15 interval_us=47 chunks=0
t=7676060 pipe_read event=427 count=16384 read_us=160 buffered=16384
t=7678202 profile_poll polls=78336 elapsed_us=15 interval_us=48 chunks=0
t=7683132 profile_poll polls=78400 elapsed_us=15 interval_us=48 chunks=0
t=7686881 pipe_read event=428 count=16384 read_us=1502 buffered=16384
t=7688703 transfer event=78144 count=1896 submitted=6991182 tx_us=430 fast_bytes=1896 slow_bytes=0 queries=2
t=7690957 profile_poll polls=78464 elapsed_us=15 interval_us=47 chunks=0
t=7694085 profile_poll polls=78528 elapsed_us=15 interval_us=47 chunks=0
t=7697211 profile_poll polls=78592 elapsed_us=15 interval_us=47 chunks=0
t=7700325 profile_poll polls=78656 elapsed_us=15 interval_us=47 chunks=0
t=7704419 profile_poll polls=78720 elapsed_us=187 interval_us=47 chunks=2
t=7708307 profile_poll polls=78784 elapsed_us=228 interval_us=47 chunks=2
t=7709560 pipe_read event=429 count=16384 read_us=184 buffered=16384
t=7712696 profile_poll polls=78848 elapsed_us=15 interval_us=47 chunks=0
t=7717082 profile_poll polls=78912 elapsed_us=15 interval_us=47 chunks=0
t=7721594 profile_poll polls=78976 elapsed_us=15 interval_us=48 chunks=0
t=7725714 pipe_read event=430 count=16384 read_us=177 buffered=16384
t=7726211 profile_poll polls=79040 elapsed_us=15 interval_us=48 chunks=0
t=7728792 transfer event=78208 count=510 submitted=7020926 tx_us=130 fast_bytes=510 slow_bytes=0 queries=2
t=7731116 profile_poll polls=79104 elapsed_us=15 interval_us=48 chunks=0
t=7734229 profile_poll polls=79168 elapsed_us=14 interval_us=48 chunks=0
t=7737338 profile_poll polls=79232 elapsed_us=15 interval_us=48 chunks=0
t=7740454 profile_poll polls=79296 elapsed_us=24 interval_us=48 chunks=0
t=7743559 profile_poll polls=79360 elapsed_us=15 interval_us=49 chunks=0
t=7746670 profile_poll polls=79424 elapsed_us=15 interval_us=47 chunks=0
t=7749780 profile_poll polls=79488 elapsed_us=14 interval_us=48 chunks=0
t=7752888 profile_poll polls=79552 elapsed_us=15 interval_us=47 chunks=0
t=7755994 profile_poll polls=79616 elapsed_us=14 interval_us=48 chunks=0
t=7759111 profile_poll polls=79680 elapsed_us=15 interval_us=47 chunks=0
t=7762216 profile_poll polls=79744 elapsed_us=15 interval_us=47 chunks=0
t=7765322 profile_poll polls=79808 elapsed_us=15 interval_us=47 chunks=0
t=7768759 profile_poll polls=79872 elapsed_us=15 interval_us=47 chunks=0
t=7772770 profile_poll polls=79936 elapsed_us=14 interval_us=48 chunks=0
t=7776782 profile_poll polls=80000 elapsed_us=15 interval_us=47 chunks=0
t=7779915 pipe_read event=431 count=16384 read_us=1718 buffered=16384
t=7783674 profile_poll polls=80064 elapsed_us=15 interval_us=352 chunks=0
t=7787866 profile_poll polls=80128 elapsed_us=14 interval_us=47 chunks=0
t=7792332 profile_poll polls=80192 elapsed_us=15 interval_us=47 chunks=0
t=7793907 transfer event=78272 count=292 submitted=7049216 tx_us=84 fast_bytes=292 slow_bytes=0 queries=2
t=7794104 pipe_read event=432 count=16384 read_us=174 buffered=16384
t=7797132 profile_poll polls=80256 elapsed_us=14 interval_us=48 chunks=0
t=7802085 profile_poll polls=80320 elapsed_us=493 interval_us=48 chunks=2
t=7806432 pipe_read event=433 count=16384 read_us=182 buffered=16384
t=7806865 profile_poll polls=80384 elapsed_us=15 interval_us=47 chunks=0
t=7811698 profile_poll polls=80448 elapsed_us=15 interval_us=48 chunks=0
t=7816962 profile_poll polls=80512 elapsed_us=16 interval_us=47 chunks=0
t=7818147 pipe_read event=434 count=16384 read_us=181 buffered=16384
t=7822247 profile_poll polls=80576 elapsed_us=15 interval_us=47 chunks=0
t=7825802 transfer event=78336 count=512 submitted=7095080 tx_us=129 fast_bytes=512 slow_bytes=0 queries=2
t=7829278 pipe_read event=435 count=16384 read_us=1720 buffered=16384
t=7830607 profile_poll polls=80640 elapsed_us=756 interval_us=2509 chunks=2
t=7836288 pipe_read event=436 count=16384 read_us=176 buffered=16384
t=7837071 profile_poll polls=80704 elapsed_us=15 interval_us=47 chunks=0
t=7843285 profile_poll polls=80768 elapsed_us=14 interval_us=48 chunks=0
t=7846852 pipe_read event=437 count=16384 read_us=2463 buffered=16384
t=7849502 profile_poll polls=80832 elapsed_us=15 interval_us=63 chunks=0
t=7852621 profile_poll polls=80896 elapsed_us=15 interval_us=48 chunks=0
t=7855734 profile_poll polls=80960 elapsed_us=15 interval_us=48 chunks=0
t=7858844 profile_poll polls=81024 elapsed_us=15 interval_us=47 chunks=0
t=7861953 profile_poll polls=81088 elapsed_us=15 interval_us=47 chunks=0
t=7865061 profile_poll polls=81152 elapsed_us=15 interval_us=48 chunks=0
t=7868496 profile_poll polls=81216 elapsed_us=15 interval_us=280 chunks=0
t=7872486 profile_poll polls=81280 elapsed_us=15 interval_us=59 chunks=0
t=7876607 profile_poll polls=81344 elapsed_us=14 interval_us=48 chunks=0
t=7880604 transfer event=78400 count=408 submitted=7143472 tx_us=109 fast_bytes=408 slow_bytes=0 queries=2
t=7880740 profile_poll polls=81408 elapsed_us=15 interval_us=49 chunks=0
t=7885008 pipe_read event=438 count=16384 read_us=187 buffered=16384
t=7885347 profile_poll polls=81472 elapsed_us=14 interval_us=49 chunks=0
t=7889936 profile_poll polls=81536 elapsed_us=15 interval_us=48 chunks=0
t=7894462 profile_poll polls=81600 elapsed_us=16 interval_us=56 chunks=0
t=7897909 pipe_read event=439 count=16384 read_us=170 buffered=16384
t=7899527 profile_poll polls=81664 elapsed_us=14 interval_us=58 chunks=0
t=7903155 profile_poll polls=81728 elapsed_us=14 interval_us=48 chunks=0
t=7907159 profile_poll polls=81792 elapsed_us=14 interval_us=48 chunks=0
t=7911100 profile_poll polls=81856 elapsed_us=15 interval_us=47 chunks=0
t=7911682 transfer event=78464 count=776 submitted=7175168 tx_us=185 fast_bytes=776 slow_bytes=0 queries=2
t=7915261 profile_poll polls=81920 elapsed_us=15 interval_us=47 chunks=0
t=7919401 pipe_read event=440 count=16384 read_us=1755 buffered=16384
t=7922141 profile_poll polls=81984 elapsed_us=14 interval_us=48 chunks=0
t=7926799 profile_poll polls=82048 elapsed_us=15 interval_us=47 chunks=0
t=7935156 pipe_read event=441 count=16384 read_us=4717 buffered=16384
t=7938840 profile_poll polls=82112 elapsed_us=14 interval_us=47 chunks=0
t=7943162 pipe_read event=442 count=16384 read_us=1702 buffered=16384
t=7946795 profile_poll polls=82176 elapsed_us=14 interval_us=48 chunks=0
t=7949418 transfer event=78528 count=1198 submitted=7226132 tx_us=276 fast_bytes=1198 slow_bytes=0 queries=2
t=7951775 profile_poll polls=82240 elapsed_us=14 interval_us=47 chunks=0
t=7952300 pipe_read event=443 count=16384 read_us=175 buffered=16384
t=7958116 profile_poll polls=82304 elapsed_us=14 interval_us=48 chunks=0
t=7960716 pipe_read event=444 count=16384 read_us=173 buffered=16384
t=7966224 pipe_read event=445 count=16384 read_us=160 buffered=16384
t=7966879 profile_poll polls=82368 elapsed_us=15 interval_us=48 chunks=0
t=7973447 profile_poll polls=82432 elapsed_us=26 interval_us=932 chunks=0
t=7976045 pipe_read event=446 count=16384 read_us=1479 buffered=16384
t=7980049 transfer event=78592 count=1526 submitted=7290450 tx_us=341 fast_bytes=1526 slow_bytes=0 queries=2
t=7981337 profile_poll polls=82496 elapsed_us=15 interval_us=47 chunks=0
t=7984540 profile_poll polls=82560 elapsed_us=107 interval_us=47 chunks=1
t=7985905 pipe_read event=447 count=16384 read_us=165 buffered=16384
t=7989869 pipe_read event=448 count=16384 read_us=161 buffered=16384
t=7995173 pipe_read event=449 count=16384 read_us=1497 buffered=16384
t=7999504 profile_poll polls=82624 elapsed_us=15 interval_us=70 chunks=0
t=8003607 profile_poll polls=82688 elapsed_us=15 interval_us=48 chunks=0
t=8008257 profile_poll polls=82752 elapsed_us=15 interval_us=47 chunks=0
t=8009030 pipe_read event=450 count=16384 read_us=174 buffered=16384
t=8013369 profile_poll polls=82816 elapsed_us=14 interval_us=48 chunks=0
t=8015404 transfer event=78656 count=512 submitted=7352918 tx_us=130 fast_bytes=512 slow_bytes=0 queries=2
t=8018225 profile_poll polls=82880 elapsed_us=337 interval_us=47 chunks=3
t=8021335 profile_poll polls=82944 elapsed_us=15 interval_us=48 chunks=0
t=8024450 profile_poll polls=83008 elapsed_us=24 interval_us=48 chunks=0
t=8027558 profile_poll polls=83072 elapsed_us=14 interval_us=49 chunks=0
t=8030665 profile_poll polls=83136 elapsed_us=15 interval_us=47 chunks=0
t=8033770 profile_poll polls=83200 elapsed_us=14 interval_us=48 chunks=0
t=8037384 pipe_read event=451 count=16384 read_us=166 buffered=16384
t=8038006 profile_poll polls=83264 elapsed_us=15 interval_us=48 chunks=0
t=8042201 profile_poll polls=83328 elapsed_us=15 interval_us=47 chunks=0
t=8046362 profile_poll polls=83392 elapsed_us=349 interval_us=48 chunks=2
t=8050253 profile_poll polls=83456 elapsed_us=14 interval_us=48 chunks=0
t=8054287 pipe_read event=452 count=16384 read_us=160 buffered=16384
t=8055163 profile_poll polls=83520 elapsed_us=14 interval_us=48 chunks=0
t=8059936 profile_poll polls=83584 elapsed_us=15 interval_us=47 chunks=0
t=8063476 transfer event=78720 count=556 submitted=7389834 tx_us=150 fast_bytes=556 slow_bytes=0 queries=2
t=8064429 profile_poll polls=83648 elapsed_us=15 interval_us=48 chunks=0
t=8068621 pipe_read event=453 count=16384 read_us=2574 buffered=16384
t=8072258 transfer event=78784 count=52 submitted=7401562 tx_us=33 fast_bytes=52 slow_bytes=0 queries=2
t=8075402 transfer event=78848 count=26 submitted=7407260 tx_us=27 fast_bytes=26 slow_bytes=0 queries=2
t=8076728 pipe_read event=454 count=16384 read_us=166 buffered=16384
t=8079232 transfer event=78912 count=36 submitted=7415130 tx_us=30 fast_bytes=36 slow_bytes=0 queries=2
t=8082552 transfer event=78976 count=58 submitted=7421654 tx_us=35 fast_bytes=58 slow_bytes=0 queries=2
t=8084809 pipe_read event=455 count=16384 read_us=160 buffered=16384
t=8086504 transfer event=79040 count=26 submitted=7430176 tx_us=28 fast_bytes=26 slow_bytes=0 queries=2
t=8089514 profile_poll polls=83712 elapsed_us=382 interval_us=324 chunks=8
t=8090186 transfer event=79104 count=70 submitted=7438402 tx_us=37 fast_bytes=70 slow_bytes=0 queries=2
t=8092347 pipe_read event=456 count=16384 read_us=164 buffered=16384
t=8093918 transfer event=79168 count=86 submitted=7445868 tx_us=41 fast_bytes=86 slow_bytes=0 queries=2
t=8097463 transfer event=79232 count=96 submitted=7453466 tx_us=53 fast_bytes=96 slow_bytes=0 queries=2
t=8100071 pipe_read event=457 count=16384 read_us=161 buffered=16384
t=8101638 transfer event=79296 count=88 submitted=7463014 tx_us=41 fast_bytes=88 slow_bytes=0 queries=2
t=8105342 transfer event=79360 count=76 submitted=7471394 tx_us=39 fast_bytes=76 slow_bytes=0 queries=2
t=8107254 pipe_read event=458 count=16384 read_us=169 buffered=16384
t=8108663 profile_poll polls=83776 elapsed_us=15 interval_us=47 chunks=0
t=8111780 profile_poll polls=83840 elapsed_us=14 interval_us=48 chunks=0
t=8114888 profile_poll polls=83904 elapsed_us=14 interval_us=47 chunks=0
t=8118088 profile_poll polls=83968 elapsed_us=14 interval_us=48 chunks=0
t=8121935 profile_poll polls=84032 elapsed_us=15 interval_us=47 chunks=0
t=8126140 profile_poll polls=84096 elapsed_us=15 interval_us=238 chunks=0
t=8130281 profile_poll polls=84160 elapsed_us=14 interval_us=48 chunks=0
t=8132257 transfer event=79424 count=42 submitted=7488158 tx_us=31 fast_bytes=42 slow_bytes=0 queries=2
t=8134715 profile_poll polls=84224 elapsed_us=15 interval_us=48 chunks=0
t=8137880 pipe_read event=459 count=16384 read_us=1715 buffered=16384
t=8141553 profile_poll polls=84288 elapsed_us=14 interval_us=49 chunks=0
t=8145924 profile_poll polls=84352 elapsed_us=15 interval_us=47 chunks=0
t=8149712 profile_poll polls=84416 elapsed_us=15 interval_us=47 chunks=0
t=8153351 profile_poll polls=84480 elapsed_us=15 interval_us=48 chunks=0
t=8153773 pipe_read event=460 count=16384 read_us=181 buffered=16384
t=8157840 profile_poll polls=84544 elapsed_us=15 interval_us=48 chunks=0
t=8161829 profile_poll polls=84608 elapsed_us=15 interval_us=47 chunks=0
t=8166206 profile_poll polls=84672 elapsed_us=14 interval_us=47 chunks=0
t=8166698 transfer event=79488 count=512 submitted=7519598 tx_us=130 fast_bytes=512 slow_bytes=0 queries=2
t=8170640 profile_poll polls=84736 elapsed_us=15 interval_us=47 chunks=0
t=8171278 pipe_read event=461 count=16384 read_us=172 buffered=16384
t=8175253 profile_poll polls=84800 elapsed_us=15 interval_us=48 chunks=0
t=8179854 profile_poll polls=84864 elapsed_us=15 interval_us=47 chunks=0
t=8184314 profile_poll polls=84928 elapsed_us=14 interval_us=48 chunks=0
t=8186483 pipe_read event=462 count=16384 read_us=178 buffered=16384
t=8189022 profile_poll polls=84992 elapsed_us=14 interval_us=48 chunks=0
t=8194275 transfer event=79552 count=886 submitted=7553550 tx_us=208 fast_bytes=886 slow_bytes=0 queries=2
t=8194411 profile_poll polls=85056 elapsed_us=15 interval_us=49 chunks=0
t=8198700 pipe_read event=463 count=16384 read_us=1654 buffered=16384
t=8202388 profile_poll polls=85120 elapsed_us=15 interval_us=47 chunks=0
t=8207274 profile_poll polls=85184 elapsed_us=14 interval_us=48 chunks=0
t=8207606 pipe_read event=464 count=16384 read_us=185 buffered=16384
t=8213022 profile_poll polls=85248 elapsed_us=14 interval_us=48 chunks=0
t=8217293 pipe_read event=465 count=16384 read_us=173 buffered=16384
t=8218580 profile_poll polls=85312 elapsed_us=15 interval_us=49 chunks=0
t=8224538 profile_poll polls=85376 elapsed_us=15 interval_us=810 chunks=0
t=8227660 pipe_read event=466 count=16384 read_us=1738 buffered=16384
t=8228143 transfer event=79616 count=2048 submitted=7608320 tx_us=453 fast_bytes=2048 slow_bytes=0 queries=2
t=8230671 profile_poll polls=85440 elapsed_us=15 interval_us=48 chunks=0
t=8233788 profile_poll polls=85504 elapsed_us=14 interval_us=48 chunks=0
t=8237579 profile_poll polls=85568 elapsed_us=14 interval_us=48 chunks=0
t=8241741 profile_poll polls=85632 elapsed_us=15 interval_us=49 chunks=0
t=8245737 profile_poll polls=85696 elapsed_us=14 interval_us=48 chunks=0
t=8249477 pipe_read event=467 count=16384 read_us=195 buffered=16384
t=8250730 profile_poll polls=85760 elapsed_us=15 interval_us=49 chunks=0
t=8255060 profile_poll polls=85824 elapsed_us=15 interval_us=303 chunks=0
t=8259141 profile_poll polls=85888 elapsed_us=15 interval_us=48 chunks=0
t=8263632 profile_poll polls=85952 elapsed_us=15 interval_us=48 chunks=0
t=8264656 transfer event=79680 count=582 submitted=7639040 tx_us=145 fast_bytes=582 slow_bytes=0 queries=2
t=8264847 pipe_read event=468 count=16384 read_us=168 buffered=16384
t=8267937 profile_poll polls=86016 elapsed_us=15 interval_us=47 chunks=0
t=8271077 profile_poll polls=86080 elapsed_us=15 interval_us=47 chunks=0
t=8274188 profile_poll polls=86144 elapsed_us=15 interval_us=47 chunks=0
t=8277297 profile_poll polls=86208 elapsed_us=14 interval_us=47 chunks=0
t=8280403 profile_poll polls=86272 elapsed_us=15 interval_us=47 chunks=0
t=8283520 profile_poll polls=86336 elapsed_us=15 interval_us=50 chunks=0
t=8286624 profile_poll polls=86400 elapsed_us=14 interval_us=48 chunks=0
t=8289731 profile_poll polls=86464 elapsed_us=15 interval_us=48 chunks=0
t=8292838 profile_poll polls=86528 elapsed_us=14 interval_us=48 chunks=0
t=8295941 profile_poll polls=86592 elapsed_us=15 interval_us=47 chunks=0
t=8299044 profile_poll polls=86656 elapsed_us=15 interval_us=47 chunks=0
t=8302448 profile_poll polls=86720 elapsed_us=24 interval_us=48 chunks=0
t=8306502 profile_poll polls=86784 elapsed_us=15 interval_us=61 chunks=0
t=8310772 profile_poll polls=86848 elapsed_us=304 interval_us=59 chunks=3
t=8314941 profile_poll polls=86912 elapsed_us=15 interval_us=48 chunks=0
t=8316936 pipe_read event=469 count=16384 read_us=1701 buffered=16384
t=8321560 profile_poll polls=86976 elapsed_us=15 interval_us=48 chunks=0
t=8325881 profile_poll polls=87040 elapsed_us=15 interval_us=47 chunks=0
t=8330061 profile_poll polls=87104 elapsed_us=15 interval_us=47 chunks=0
t=8331854 pipe_read event=470 count=16384 read_us=177 buffered=16384
t=8332076 transfer event=79744 count=838 submitted=7672646 tx_us=199 fast_bytes=838 slow_bytes=0 queries=2
t=8334572 profile_poll polls=87168 elapsed_us=15 interval_us=48 chunks=0
t=8339210 profile_poll polls=87232 elapsed_us=15 interval_us=48 chunks=0
t=8344205 profile_poll polls=87296 elapsed_us=14 interval_us=48 chunks=0
t=8344892 pipe_read event=471 count=16384 read_us=166 buffered=16384
t=8350156 profile_poll polls=87360 elapsed_us=15 interval_us=48 chunks=0
t=8354153 pipe_read event=472 count=16384 read_us=166 buffered=16384
t=8355862 profile_poll polls=87424 elapsed_us=14 interval_us=48 chunks=0
t=8360742 profile_poll polls=87488 elapsed_us=15 interval_us=47 chunks=0
t=8363073 transfer event=79808 count=512 submitted=7718642 tx_us=130 fast_bytes=512 slow_bytes=0 queries=2
t=8366351 pipe_read event=473 count=16384 read_us=1631 buffered=16384
t=8368970 profile_poll polls=87552 elapsed_us=15 interval_us=48 chunks=0
t=8373985 profile_poll polls=87616 elapsed_us=14 interval_us=48 chunks=0
t=8374723 pipe_read event=474 count=16384 read_us=178 buffered=16384
t=8380223 profile_poll polls=87680 elapsed_us=14 interval_us=48 chunks=0
t=8383364 profile_poll polls=87744 elapsed_us=14 interval_us=48 chunks=0
t=8386496 profile_poll polls=87808 elapsed_us=15 interval_us=75 chunks=0
t=8389611 profile_poll polls=87872 elapsed_us=15 interval_us=48 chunks=0
t=8392717 profile_poll polls=87936 elapsed_us=14 interval_us=48 chunks=0
t=8395821 profile_poll polls=88000 elapsed_us=14 interval_us=48 chunks=0
t=8398951 profile_poll polls=88064 elapsed_us=14 interval_us=48 chunks=0
t=8402473 profile_poll polls=88128 elapsed_us=15 interval_us=59 chunks=0
t=8407718 pipe_read event=475 count=16384 read_us=1585 buffered=16384
t=8408760 profile_poll polls=88192 elapsed_us=14 interval_us=48 chunks=0
t=8413190 profile_poll polls=88256 elapsed_us=15 interval_us=47 chunks=0
t=8416059 transfer event=79872 count=512 submitted=7764526 tx_us=130 fast_bytes=512 slow_bytes=0 queries=2
t=8417540 profile_poll polls=88320 elapsed_us=15 interval_us=49 chunks=0
t=8421865 pipe_read event=476 count=16384 read_us=169 buffered=16384
t=8422018 profile_poll polls=88384 elapsed_us=15 interval_us=547 chunks=0
t=8426223 profile_poll polls=88448 elapsed_us=15 interval_us=47 chunks=0
t=8430291 profile_poll polls=88512 elapsed_us=15 interval_us=47 chunks=0
t=8434719 profile_poll polls=88576 elapsed_us=15 interval_us=48 chunks=0
t=8438555 profile_poll polls=88640 elapsed_us=15 interval_us=48 chunks=0
t=8443834 pipe_read event=477 count=16384 read_us=4089 buffered=16384
t=8448581 profile_poll polls=88704 elapsed_us=14 interval_us=49 chunks=0
t=8451036 transfer event=79936 count=300 submitted=7799258 tx_us=85 fast_bytes=300 slow_bytes=0 queries=2
t=8452720 profile_poll polls=88768 elapsed_us=14 interval_us=48 chunks=0
t=8457124 pipe_read event=478 count=16384 read_us=1750 buffered=16384
t=8459555 profile_poll polls=88832 elapsed_us=15 interval_us=49 chunks=0
t=8463643 profile_poll polls=88896 elapsed_us=15 interval_us=48 chunks=0
t=8467876 profile_poll polls=88960 elapsed_us=15 interval_us=47 chunks=0
t=8472529 pipe_read event=479 count=16384 read_us=1879 buffered=16384
t=8475587 profile_poll polls=89024 elapsed_us=15 interval_us=48 chunks=0
t=8480650 profile_poll polls=89088 elapsed_us=14 interval_us=48 chunks=0
t=8481340 pipe_read event=480 count=16384 read_us=176 buffered=16384
t=8484674 transfer event=80000 count=1746 submitted=7842684 tx_us=400 fast_bytes=1746 slow_bytes=0 queries=2
t=8486728 profile_poll polls=89152 elapsed_us=15 interval_us=47 chunks=0
t=8492500 pipe_read event=481 count=16384 read_us=1723 buffered=16384
t=8494574 profile_poll polls=89216 elapsed_us=15 interval_us=49 chunks=0
t=8498566 pipe_read event=482 count=16384 read_us=192 buffered=16384
t=8502474 profile_poll polls=89280 elapsed_us=15 interval_us=60 chunks=0
t=8507653 profile_poll polls=89344 elapsed_us=15 interval_us=47 chunks=0
t=8508427 pipe_read event=483 count=16384 read_us=161 buffered=16384
t=8514510 profile_poll polls=89408 elapsed_us=15 interval_us=62 chunks=0
t=8515691 transfer event=80064 count=1020 submitted=7900876 tx_us=235 fast_bytes=1020 slow_bytes=0 queries=2
t=8517289 pipe_read event=484 count=16384 read_us=1486 buffered=16384
t=8521288 pipe_read event=485 count=16384 read_us=169 buffered=16384
t=8525261 pipe_read event=486 count=16384 read_us=169 buffered=16384
t=8529601 profile_poll polls=89472 elapsed_us=15 interval_us=48 chunks=0
t=8533899 profile_poll polls=89536 elapsed_us=15 interval_us=47 chunks=0
t=8537035 pipe_read event=487 count=16384 read_us=158 buffered=16384
t=8538456 profile_poll polls=89600 elapsed_us=27 interval_us=48 chunks=0
t=8542640 profile_poll polls=89664 elapsed_us=15 interval_us=48 chunks=0
t=8546014 transfer event=80128 count=72 submitted=7959900 tx_us=38 fast_bytes=72 slow_bytes=0 queries=2
t=8546878 profile_poll polls=89728 elapsed_us=14 interval_us=48 chunks=0
t=8551693 profile_poll polls=89792 elapsed_us=15 interval_us=47 chunks=0
t=8553961 pipe_read event=488 count=16384 read_us=1504 buffered=16384
t=8556735 profile_poll polls=89856 elapsed_us=15 interval_us=48 chunks=0
t=8559852 profile_poll polls=89920 elapsed_us=15 interval_us=47 chunks=0
t=8562963 profile_poll polls=89984 elapsed_us=15 interval_us=48 chunks=0
t=8566067 profile_poll polls=90048 elapsed_us=15 interval_us=47 chunks=0
t=8569569 profile_poll polls=90112 elapsed_us=15 interval_us=48 chunks=0
t=8573884 profile_poll polls=90176 elapsed_us=15 interval_us=48 chunks=0
t=8578328 profile_poll polls=90240 elapsed_us=14 interval_us=48 chunks=0
t=8582716 pipe_read event=489 count=16384 read_us=175 buffered=16384
t=8582984 profile_poll polls=90304 elapsed_us=14 interval_us=53 chunks=0
t=8586856 profile_poll polls=90368 elapsed_us=15 interval_us=47 chunks=0
t=8591510 profile_poll polls=90432 elapsed_us=15 interval_us=61 chunks=0
t=8592268 transfer event=80192 count=512 submitted=7992680 tx_us=130 fast_bytes=512 slow_bytes=0 queries=2
t=8595570 profile_poll polls=90496 elapsed_us=15 interval_us=48 chunks=0
t=8598977 pipe_read event=490 count=16384 read_us=164 buffered=16384
t=8600713 profile_poll polls=90560 elapsed_us=14 interval_us=48 chunks=0
t=8606247 transfer event=80256 count=82 submitted=8009388 tx_us=39 fast_bytes=82 slow_bytes=0 queries=2
t=8607387 profile_poll polls=90624 elapsed_us=374 interval_us=389 chunks=8
t=8611103 pipe_read event=491 count=16384 read_us=1715 buffered=16384
t=8613220 transfer event=80320 count=392 submitted=8024630 tx_us=106 fast_bytes=392 slow_bytes=0 queries=2
t=8616723 pipe_read event=492 count=16384 read_us=169 buffered=16384
t=8617565 transfer event=80384 count=112 submitted=8034852 tx_us=46 fast_bytes=112 slow_bytes=0 queries=2
t=8621237 transfer event=80448 count=110 submitted=8043034 tx_us=46 fast_bytes=110 slow_bytes=0 queries=2
t=8624055 pipe_read event=493 count=16384 read_us=164 buffered=16384
t=8625195 transfer event=80512 count=670 submitted=8051530 tx_us=165 fast_bytes=670 slow_bytes=0 queries=2
t=8628901 transfer event=80576 count=112 submitted=8059872 tx_us=46 fast_bytes=112 slow_bytes=0 queries=2
t=8632712 pipe_read event=494 count=16384 read_us=1596 buffered=16384
t=8636237 transfer event=80640 count=80 submitted=8077284 tx_us=39 fast_bytes=80 slow_bytes=0 queries=2
t=8638231 pipe_read event=495 count=16384 read_us=178 buffered=16384
t=8640553 transfer event=80704 count=130 submitted=8087266 tx_us=50 fast_bytes=130 slow_bytes=0 queries=2
t=8643203 profile_poll polls=90688 elapsed_us=14 interval_us=48 chunks=0
t=8646319 profile_poll polls=90752 elapsed_us=14 interval_us=48 chunks=0
t=8649430 profile_poll polls=90816 elapsed_us=15 interval_us=47 chunks=0
t=8652797 profile_poll polls=90880 elapsed_us=15 interval_us=47 chunks=0
t=8656611 pipe_read event=496 count=16384 read_us=178 buffered=16384
t=8657491 profile_poll polls=90944 elapsed_us=288 interval_us=47 chunks=2
t=8661615 profile_poll polls=91008 elapsed_us=14 interval_us=48 chunks=0
t=8663201 transfer event=80768 count=448 submitted=8104802 tx_us=117 fast_bytes=448 slow_bytes=0 queries=2
t=8665850 profile_poll polls=91072 elapsed_us=14 interval_us=48 chunks=0
t=8669975 profile_poll polls=91136 elapsed_us=284 interval_us=48 chunks=2
t=8673879 pipe_read event=497 count=16384 read_us=170 buffered=16384
t=8674288 profile_poll polls=91200 elapsed_us=15 interval_us=47 chunks=0
t=8678361 profile_poll polls=91264 elapsed_us=15 interval_us=47 chunks=0
t=8682941 profile_poll polls=91328 elapsed_us=15 interval_us=49 chunks=0
t=8687016 profile_poll polls=91392 elapsed_us=15 interval_us=47 chunks=0
t=8692351 pipe_read event=498 count=16384 read_us=2391 buffered=16384
t=8694778 profile_poll polls=91456 elapsed_us=15 interval_us=48 chunks=0
t=8696688 transfer event=80832 count=510 submitted=8137700 tx_us=130 fast_bytes=510 slow_bytes=0 queries=2
t=8699117 profile_poll polls=91520 elapsed_us=15 interval_us=47 chunks=0
t=8702980 profile_poll polls=91584 elapsed_us=15 interval_us=48 chunks=0
t=8706988 pipe_read event=499 count=16384 read_us=170 buffered=16384
t=8707582 profile_poll polls=91648 elapsed_us=14 interval_us=49 chunks=0
t=8711597 profile_poll polls=91712 elapsed_us=15 interval_us=47 chunks=0
t=8716097 profile_poll polls=91776 elapsed_us=14 interval_us=48 chunks=0
t=8720261 profile_poll polls=91840 elapsed_us=14 interval_us=48 chunks=0
t=8723489 pipe_read event=500 count=16384 read_us=186 buffered=16384
t=8725263 profile_poll polls=91904 elapsed_us=15 interval_us=642 chunks=0
t=8730125 profile_poll polls=91968 elapsed_us=15 interval_us=47 chunks=0
t=8731070 transfer event=80896 count=1572 submitted=8176182 tx_us=353 fast_bytes=1572 slow_bytes=0 queries=2
t=8734027 pipe_read event=501 count=16384 read_us=157 buffered=16384
t=8735957 profile_poll polls=92032 elapsed_us=15 interval_us=47 chunks=0
t=8740860 profile_poll polls=92096 elapsed_us=14 interval_us=48 chunks=0
t=8744640 pipe_read event=502 count=16384 read_us=169 buffered=16384
t=8746696 profile_poll polls=92160 elapsed_us=15 interval_us=762 chunks=0
t=8751695 profile_poll polls=92224 elapsed_us=15 interval_us=47 chunks=0
t=8754642 pipe_read event=503 count=16384 read_us=168 buffered=16384
t=8757171 profile_poll polls=92288 elapsed_us=14 interval_us=48 chunks=0
t=8761175 transfer event=80960 count=1020 submitted=8224268 tx_us=235 fast_bytes=1020 slow_bytes=0 queries=2
t=8762217 profile_poll polls=92352 elapsed_us=15 interval_us=48 chunks=0
t=8765654 pipe_read event=504 count=16384 read_us=1356 buffered=16384
t=8769177 profile_poll polls=92416 elapsed_us=15 interval_us=221 chunks=0
t=8773398 profile_poll polls=92480 elapsed_us=15 interval_us=47 chunks=0
t=8777792 profile_poll polls=92544 elapsed_us=14 interval_us=49 chunks=0
t=8779019 pipe_read event=505 count=16384 read_us=174 buffered=16384
t=8782313 profile_poll polls=92608 elapsed_us=15 interval_us=47 chunks=0
t=8786688 profile_poll polls=92672 elapsed_us=14 interval_us=325 chunks=0
t=8790715 profile_poll polls=92736 elapsed_us=14 interval_us=48 chunks=0
t=8793969 transfer event=81024 count=512 submitted=8259294 tx_us=131 fast_bytes=512 slow_bytes=0 queries=2
t=8794865 profile_poll polls=92800 elapsed_us=15 interval_us=47 chunks=0
t=8796771 pipe_read event=506 count=16384 read_us=162 buffered=16384
t=8799467 profile_poll polls=92864 elapsed_us=15 interval_us=61 chunks=0
t=8803432 profile_poll polls=92928 elapsed_us=14 interval_us=48 chunks=0
t=8806573 profile_poll polls=92992 elapsed_us=14 interval_us=49 chunks=0
t=8809687 profile_poll polls=93056 elapsed_us=14 interval_us=48 chunks=0
t=8812797 profile_poll polls=93120 elapsed_us=15 interval_us=48 chunks=0
t=8815909 profile_poll polls=93184 elapsed_us=14 interval_us=47 chunks=0
t=8819018 profile_poll polls=93248 elapsed_us=15 interval_us=47 chunks=0
t=8822127 profile_poll polls=93312 elapsed_us=14 interval_us=48 chunks=0
t=8825237 profile_poll polls=93376 elapsed_us=14 interval_us=48 chunks=0
t=8828359 profile_poll polls=93440 elapsed_us=15 interval_us=47 chunks=0
t=8831486 profile_poll polls=93504 elapsed_us=15 interval_us=60 chunks=0
t=8834594 profile_poll polls=93568 elapsed_us=15 interval_us=48 chunks=0
t=8838421 profile_poll polls=93632 elapsed_us=15 interval_us=47 chunks=0
t=8842720 profile_poll polls=93696 elapsed_us=14 interval_us=48 chunks=0
t=8845488 pipe_read event=507 count=16384 read_us=194 buffered=16384
t=8847234 profile_poll polls=93760 elapsed_us=15 interval_us=48 chunks=0
t=8851412 profile_poll polls=93824 elapsed_us=15 interval_us=47 chunks=0
t=8855659 profile_poll polls=93888 elapsed_us=270 interval_us=47 chunks=2
t=8859214 transfer event=81088 count=558 submitted=8290240 tx_us=141 fast_bytes=558 slow_bytes=0 queries=2
t=8859789 profile_poll polls=93952 elapsed_us=15 interval_us=48 chunks=0
t=8865568 pipe_read event=508 count=16384 read_us=2336 buffered=16384
t=8866814 profile_poll polls=94016 elapsed_us=14 interval_us=48 chunks=0
t=8871328 profile_poll polls=94080 elapsed_us=14 interval_us=48 chunks=0
t=8876746 pipe_read event=509 count=16384 read_us=180 buffered=16384
t=8876979 profile_poll polls=94144 elapsed_us=842 interval_us=48 chunks=5
t=8882072 profile_poll polls=94208 elapsed_us=15 interval_us=48 chunks=0
t=8886956 profile_poll polls=94272 elapsed_us=15 interval_us=47 chunks=0
t=8887580 pipe_read event=510 count=16384 read_us=182 buffered=16384
t=8889317 transfer event=81152 count=560 submitted=8331262 tx_us=140 fast_bytes=560 slow_bytes=0 queries=2
t=8892608 profile_poll polls=94336 elapsed_us=15 interval_us=48 chunks=0
t=8897542 profile_poll polls=94400 elapsed_us=14 interval_us=49 chunks=0
t=8899956 pipe_read event=511 count=16384 read_us=1547 buffered=16384
t=8904791 profile_poll polls=94464 elapsed_us=14 interval_us=48 chunks=0
t=8908478 pipe_read event=512 count=16384 read_us=200 buffered=16384
t=8911045 profile_poll polls=94528 elapsed_us=15 interval_us=47 chunks=0
t=8916298 profile_poll polls=94592 elapsed_us=15 interval_us=47 chunks=0
t=8919411 profile_poll polls=94656 elapsed_us=14 interval_us=48 chunks=0
t=8922530 profile_poll polls=94720 elapsed_us=14 interval_us=50 chunks=0
t=8925636 profile_poll polls=94784 elapsed_us=15 interval_us=47 chunks=0
t=8928741 profile_poll polls=94848 elapsed_us=14 interval_us=48 chunks=0
t=8931848 profile_poll polls=94912 elapsed_us=15 interval_us=48 chunks=0
t=8934952 profile_poll polls=94976 elapsed_us=14 interval_us=48 chunks=0
t=8939343 pipe_read event=513 count=16384 read_us=1536 buffered=16384
t=8941285 profile_poll polls=95040 elapsed_us=15 interval_us=48 chunks=0
t=8943292 transfer event=81216 count=512 submitted=8381886 tx_us=131 fast_bytes=512 slow_bytes=0 queries=2
t=8945321 profile_poll polls=95104 elapsed_us=14 interval_us=48 chunks=0
t=8949539 profile_poll polls=95168 elapsed_us=14 interval_us=49 chunks=0
t=8953372 profile_poll polls=95232 elapsed_us=15 interval_us=47 chunks=0
t=8956560 pipe_read event=514 count=16384 read_us=1713 buffered=16384
t=8960182 profile_poll polls=95296 elapsed_us=15 interval_us=47 chunks=0
t=8964220 profile_poll polls=95360 elapsed_us=14 interval_us=48 chunks=0
t=8968668 profile_poll polls=95424 elapsed_us=14 interval_us=48 chunks=0
t=8977166 pipe_read event=515 count=16384 read_us=5196 buffered=16384
t=8979639 profile_poll polls=95488 elapsed_us=14 interval_us=48 chunks=0
t=8981646 transfer event=81280 count=424 submitted=8418786 tx_us=112 fast_bytes=424 slow_bytes=0 queries=2
t=8983666 profile_poll polls=95552 elapsed_us=15 interval_us=47 chunks=0
t=8987848 profile_poll polls=95616 elapsed_us=14 interval_us=48 chunks=0
t=8989906 pipe_read event=516 count=16384 read_us=243 buffered=16384
t=8992532 profile_poll polls=95680 elapsed_us=474 interval_us=48 chunks=3
t=8996477 profile_poll polls=95744 elapsed_us=15 interval_us=60 chunks=0
t=9000659 profile_poll polls=95808 elapsed_us=15 interval_us=47 chunks=0
t=9004981 profile_poll polls=95872 elapsed_us=15 interval_us=48 chunks=0
t=9006026 pipe_read event=517 count=16384 read_us=172 buffered=16384
t=9010147 profile_poll polls=95936 elapsed_us=14 interval_us=48 chunks=0
t=9015070 profile_poll polls=96000 elapsed_us=15 interval_us=47 chunks=0
t=9015671 transfer event=81344 count=1064 submitted=8456590 tx_us=258 fast_bytes=1064 slow_bytes=0 queries=2
t=9016224 pipe_read event=518 count=16384 read_us=160 buffered=16384
t=9021027 profile_poll polls=96064 elapsed_us=15 interval_us=47 chunks=0
t=9025868 profile_poll polls=96128 elapsed_us=15 interval_us=47 chunks=0
t=9028551 pipe_read event=519 count=16384 read_us=1728 buffered=16384
t=9035042 pipe_read event=520 count=16384 read_us=179 buffered=16384
t=9035637 profile_poll polls=96192 elapsed_us=15 interval_us=49 chunks=0
t=9040706 profile_poll polls=96256 elapsed_us=15 interval_us=50 chunks=0
t=9045026 pipe_read event=521 count=16384 read_us=252 buffered=16384
t=9047102 transfer event=81408 count=2048 submitted=8512682 tx_us=489 fast_bytes=2048 slow_bytes=0 queries=2
t=9050233 pipe_read event=522 count=16384 read_us=332 buffered=16384
t=9057026 pipe_read event=523 count=16384 read_us=2462 buffered=16384
t=9061143 pipe_read event=524 count=16384 read_us=186 buffered=16384
t=9063095 profile_poll polls=96320 elapsed_us=15 interval_us=48 chunks=0
t=9067303 profile_poll polls=96384 elapsed_us=15 interval_us=47 chunks=0
t=9071544 profile_poll polls=96448 elapsed_us=15 interval_us=436 chunks=0
t=9075485 profile_poll polls=96512 elapsed_us=15 interval_us=60 chunks=0
t=9076379 pipe_read event=525 count=16384 read_us=170 buffered=16384
t=9079734 profile_poll polls=96576 elapsed_us=14 interval_us=48 chunks=0
t=9082574 transfer event=81472 count=512 submitted=8578872 tx_us=141 fast_bytes=512 slow_bytes=0 queries=2
t=9084276 profile_poll polls=96640 elapsed_us=15 interval_us=388 chunks=0
t=9088311 profile_poll polls=96704 elapsed_us=15 interval_us=47 chunks=0
t=9091419 profile_poll polls=96768 elapsed_us=15 interval_us=48 chunks=0
t=9094537 profile_poll polls=96832 elapsed_us=14 interval_us=49 chunks=0
t=9097660 profile_poll polls=96896 elapsed_us=15 interval_us=48 chunks=0
t=9100776 profile_poll polls=96960 elapsed_us=15 interval_us=47 chunks=0
t=9104402 profile_poll polls=97024 elapsed_us=15 interval_us=48 chunks=0
t=9108550 pipe_read event=526 count=16384 read_us=1685 buffered=16384
t=9110942 profile_poll polls=97088 elapsed_us=14 interval_us=48 chunks=0
t=9115134 profile_poll polls=97152 elapsed_us=14 interval_us=48 chunks=0
t=9118968 profile_poll polls=97216 elapsed_us=15 interval_us=48 chunks=0
t=9123222 profile_poll polls=97280 elapsed_us=15 interval_us=48 chunks=0
t=9125612 pipe_read event=527 count=16384 read_us=184 buffered=16384
t=9127451 profile_poll polls=97344 elapsed_us=28 interval_us=47 chunks=0
t=9131556 profile_poll polls=97408 elapsed_us=14 interval_us=50 chunks=0
t=9131839 transfer event=81536 count=512 submitted=8611540 tx_us=129 fast_bytes=512 slow_bytes=0 queries=2
t=9135773 profile_poll polls=97472 elapsed_us=15 interval_us=47 chunks=0
t=9139957 transfer event=81600 count=134 submitted=8621368 tx_us=51 fast_bytes=134 slow_bytes=0 queries=2
t=9140435 pipe_read event=528 count=16384 read_us=166 buffered=16384
t=9144398 transfer event=81664 count=130 submitted=8632106 tx_us=50 fast_bytes=130 slow_bytes=0 queries=2
t=9148503 pipe_read event=529 count=16384 read_us=1702 buffered=16384
t=9152838 transfer event=81728 count=92 submitted=8654162 tx_us=42 fast_bytes=92 slow_bytes=0 queries=2
t=9153368 pipe_read event=530 count=16384 read_us=165 buffered=16384
t=9157272 transfer event=81792 count=34 submitted=8664898 tx_us=30 fast_bytes=34 slow_bytes=0 queries=2
t=9159887 pipe_read event=531 count=16384 read_us=162 buffered=16384
t=9161873 transfer event=81856 count=98 submitted=8676388 tx_us=43 fast_bytes=98 slow_bytes=0 queries=2
t=9161895 profile_poll polls=97536 elapsed_us=376 interval_us=682 chunks=8
t=9165554 transfer event=81920 count=92 submitted=8684560 tx_us=42 fast_bytes=92 slow_bytes=0 queries=2
t=9167288 pipe_read event=532 count=16384 read_us=159 buffered=16384
t=9169600 transfer event=81984 count=380 submitted=8693528 tx_us=102 fast_bytes=380 slow_bytes=0 queries=2
t=9173597 transfer event=82048 count=152 submitted=8703226 tx_us=55 fast_bytes=152 slow_bytes=0 queries=2
t=9175451 pipe_read event=533 count=16384 read_us=1505 buffered=16384
t=9179199 profile_poll polls=97600 elapsed_us=14 interval_us=48 chunks=0
t=9182320 profile_poll polls=97664 elapsed_us=14 interval_us=48 chunks=0
t=9185430 profile_poll polls=97728 elapsed_us=15 interval_us=47 chunks=0
t=9189577 profile_poll polls=97792 elapsed_us=15 interval_us=49 chunks=0
t=9193572 profile_poll polls=97856 elapsed_us=15 interval_us=48 chunks=0
t=9195209 pipe_read event=534 count=16384 read_us=174 buffered=16384
t=9198098 profile_poll polls=97920 elapsed_us=15 interval_us=47 chunks=0
t=9202300 profile_poll polls=97984 elapsed_us=15 interval_us=47 chunks=0
t=9206289 profile_poll polls=98048 elapsed_us=15 interval_us=47 chunks=0
t=9210328 profile_poll polls=98112 elapsed_us=260 interval_us=47 chunks=2
t=9214212 pipe_read event=535 count=16384 read_us=164 buffered=16384
t=9214399 transfer event=82112 count=672 submitted=8737440 tx_us=164 fast_bytes=672 slow_bytes=0 queries=2
t=9214658 profile_poll polls=98176 elapsed_us=14 interval_us=49 chunks=0
t=9219114 profile_poll polls=98240 elapsed_us=15 interval_us=47 chunks=0
t=9223163 profile_poll polls=98304 elapsed_us=15 interval_us=47 chunks=0
t=9227400 profile_poll polls=98368 elapsed_us=14 interval_us=48 chunks=0
t=9231854 pipe_read event=536 count=16384 read_us=1354 buffered=16384
t=9233289 profile_poll polls=98432 elapsed_us=15 interval_us=47 chunks=0
t=9237541 profile_poll polls=98496 elapsed_us=15 interval_us=50 chunks=0
t=9241456 profile_poll polls=98560 elapsed_us=25 interval_us=47 chunks=0
t=9245196 profile_poll polls=98624 elapsed_us=14 interval_us=48 chunks=0
t=9249455 transfer event=82176 count=612 submitted=8769524 tx_us=161 fast_bytes=612 slow_bytes=0 queries=2
t=9249488 profile_poll polls=98688 elapsed_us=330 interval_us=47 chunks=2
t=9250685 pipe_read event=537 count=16384 read_us=170 buffered=16384
t=9254046 profile_poll polls=98752 elapsed_us=15 interval_us=47 chunks=0
t=9258285 profile_poll polls=98816 elapsed_us=15 interval_us=47 chunks=0
t=9263065 pipe_read event=538 count=16384 read_us=161 buffered=16384
t=9263932 profile_poll polls=98880 elapsed_us=15 interval_us=48 chunks=0
t=9268999 profile_poll polls=98944 elapsed_us=15 interval_us=48 chunks=0
t=9272917 pipe_read event=539 count=16384 read_us=159 buffered=16384
t=9274913 profile_poll polls=99008 elapsed_us=15 interval_us=48 chunks=0
t=9279983 profile_poll polls=99072 elapsed_us=15 interval_us=47 chunks=0
t=9280419 transfer event=82240 count=110 submitted=8814062 tx_us=46 fast_bytes=110 slow_bytes=0 queries=2
t=9284182 pipe_read event=540 count=16384 read_us=1552 buffered=16384
t=9287541 profile_poll polls=99136 elapsed_us=15 interval_us=49 chunks=0
t=9292627 profile_poll polls=99200 elapsed_us=15 interval_us=47 chunks=0
t=9293815 pipe_read event=541 count=16384 read_us=167 buffered=16384
t=9298129 profile_poll polls=99264 elapsed_us=14 interval_us=48 chunks=0
t=9303665 pipe_read event=542 count=16384 read_us=158 buffered=16384
t=9303864 profile_poll polls=99328 elapsed_us=16 interval_us=392 chunks=0
t=9308077 profile_poll polls=99392 elapsed_us=15 interval_us=47 chunks=0
t=9310860 transfer event=82304 count=1080 submitted=8859164 tx_us=249 fast_bytes=1080 slow_bytes=0 queries=2
t=9312395 profile_poll polls=99456 elapsed_us=15 interval_us=47 chunks=0
t=9316833 profile_poll polls=99520 elapsed_us=15 interval_us=48 chunks=0
t=9322601 pipe_read event=543 count=16384 read_us=2546 buffered=16384
t=9323996 profile_poll polls=99584 elapsed_us=15 interval_us=47 chunks=0
t=9327903 profile_poll polls=99648 elapsed_us=14 interval_us=48 chunks=0
t=9332304 profile_poll polls=99712 elapsed_us=15 interval_us=47 chunks=0
t=9336619 profile_poll polls=99776 elapsed_us=15 interval_us=47 chunks=0
t=9337794 pipe_read event=544 count=16384 read_us=176 buffered=16384
t=9340315 profile_poll polls=99840 elapsed_us=15 interval_us=47 chunks=0
t=9343430 profile_poll polls=99904 elapsed_us=15 interval_us=47 chunks=0
t=9346554 profile_poll polls=99968 elapsed_us=14 interval_us=49 chunks=0
t=9349663 profile_poll polls=100032 elapsed_us=15 interval_us=48 chunks=0
t=9352778 profile_poll polls=100096 elapsed_us=15 interval_us=48 chunks=0
t=9355890 profile_poll polls=100160 elapsed_us=15 interval_us=47 chunks=0
t=9358994 profile_poll polls=100224 elapsed_us=14 interval_us=48 chunks=0
t=9362103 profile_poll polls=100288 elapsed_us=15 interval_us=48 chunks=0
t=9365209 profile_poll polls=100352 elapsed_us=15 interval_us=47 chunks=0
t=9368317 profile_poll polls=100416 elapsed_us=15 interval_us=47 chunks=0
t=9372299 profile_poll polls=100480 elapsed_us=14 interval_us=48 chunks=0
t=9376262 transfer event=82368 count=1064 submitted=8891344 tx_us=245 fast_bytes=1064 slow_bytes=0 queries=2
t=9376533 profile_poll polls=100544 elapsed_us=15 interval_us=50 chunks=0
t=9380586 profile_poll polls=100608 elapsed_us=15 interval_us=48 chunks=0
t=9384699 profile_poll polls=100672 elapsed_us=15 interval_us=48 chunks=0
t=9385856 pipe_read event=545 count=16384 read_us=170 buffered=16384
t=9389086 profile_poll polls=100736 elapsed_us=15 interval_us=48 chunks=0
t=9392969 profile_poll polls=100800 elapsed_us=15 interval_us=47 chunks=0
t=9396972 profile_poll polls=100864 elapsed_us=15 interval_us=47 chunks=0
t=9401080 profile_poll polls=100928 elapsed_us=15 interval_us=48 chunks=0
t=9405160 pipe_read event=546 count=16384 read_us=170 buffered=16384
t=9405991 profile_poll polls=100992 elapsed_us=15 interval_us=47 chunks=0
t=9409400 transfer event=82432 count=512 submitted=8923908 tx_us=130 fast_bytes=512 slow_bytes=0 queries=2
t=9410848 profile_poll polls=101056 elapsed_us=15 interval_us=48 chunks=0
t=9414868 pipe_read event=547 count=16384 read_us=163 buffered=16384
t=9416973 profile_poll polls=101120 elapsed_us=15 interval_us=47 chunks=0
t=9422022 profile_poll polls=101184 elapsed_us=15 interval_us=48 chunks=0
t=9424657 pipe_read event=548 count=16384 read_us=165 buffered=16384
t=9427981 profile_poll polls=101248 elapsed_us=14 interval_us=48 chunks=0
t=9432685 profile_poll polls=101312 elapsed_us=14 interval_us=48 chunks=0
t=9436726 pipe_read event=549 count=16384 read_us=163 buffered=16384
t=9437695 profile_poll polls=101376 elapsed_us=15 interval_us=48 chunks=0
t=9439899 transfer event=82496 count=512 submitted=8971768 tx_us=130 fast_bytes=512 slow_bytes=0 queries=2
t=9442922 profile_poll polls=101440 elapsed_us=14 interval_us=48 chunks=0
t=9446928 pipe_read event=550 count=16384 read_us=1503 buffered=16384
t=9451435 profile_poll polls=101504 elapsed_us=14 interval_us=48 chunks=0
t=9454596 profile_poll polls=101568 elapsed_us=15 interval_us=47 chunks=0
t=9457726 profile_poll polls=101632 elapsed_us=15 interval_us=47 chunks=0
t=9460838 profile_poll polls=101696 elapsed_us=15 interval_us=48 chunks=0
t=9463943 profile_poll polls=101760 elapsed_us=15 interval_us=47 chunks=0
t=9467047 profile_poll polls=101824 elapsed_us=14 interval_us=48 chunks=0
t=9470513 profile_poll polls=101888 elapsed_us=14 interval_us=51 chunks=0
t=9474737 profile_poll polls=101952 elapsed_us=15 interval_us=48 chunks=0
t=9477541 pipe_read event=551 count=16384 read_us=2088 buffered=16384
t=9481680 profile_poll polls=102016 elapsed_us=15 interval_us=48 chunks=0
t=9485650 profile_poll polls=102080 elapsed_us=14 interval_us=48 chunks=0
t=9489559 profile_poll polls=102144 elapsed_us=15 interval_us=48 chunks=0
t=9493450 transfer event=82560 count=512 submitted=9014096 tx_us=140 fast_bytes=512 slow_bytes=0 queries=2
t=9493704 profile_poll polls=102208 elapsed_us=398 interval_us=48 chunks=2
t=9497912 pipe_read event=552 count=16384 read_us=3290 buffered=16384
t=9501831 profile_poll polls=102272 elapsed_us=15 interval_us=48 chunks=0
t=9506209 profile_poll polls=102336 elapsed_us=15 interval_us=48 chunks=0
t=9510407 profile_poll polls=102400 elapsed_us=15 interval_us=282 chunks=0
t=9515378 pipe_read event=553 count=16384 read_us=2928 buffered=16384
t=9518029 profile_poll polls=102464 elapsed_us=15 interval_us=48 chunks=0
t=9522288 profile_poll polls=102528 elapsed_us=15 interval_us=47 chunks=0
t=9526168 profile_poll polls=102592 elapsed_us=14 interval_us=48 chunks=0
t=9529957 profile_poll polls=102656 elapsed_us=15 interval_us=47 chunks=0
t=9533313 pipe_read event=554 count=16384 read_us=1687 buffered=16384
t=9535502 transfer event=82624 count=510 submitted=9051242 tx_us=141 fast_bytes=510 slow_bytes=0 queries=2
t=9536366 profile_poll polls=102720 elapsed_us=15 interval_us=47 chunks=0
t=9540491 profile_poll polls=102784 elapsed_us=15 interval_us=60 chunks=0
t=9545588 profile_poll polls=102848 elapsed_us=15 interval_us=48 chunks=0
t=9546493 pipe_read event=555 count=16384 read_us=197 buffered=16384
t=9551471 profile_poll polls=102912 elapsed_us=15 interval_us=60 chunks=0
t=9556175 pipe_read event=556 count=16384 read_us=161 buffered=16384
t=9556890 profile_poll polls=102976 elapsed_us=15 interval_us=48 chunks=0
t=9563347 profile_poll polls=103040 elapsed_us=15 interval_us=47 chunks=0
t=9564282 pipe_read event=557 count=16384 read_us=165 buffered=16384
t=9567191 transfer event=82688 count=512 submitted=9101402 tx_us=131 fast_bytes=512 slow_bytes=0 queries=2
t=9568393 profile_poll polls=103104 elapsed_us=15 interval_us=47 chunks=0
t=9573051 profile_poll polls=103168 elapsed_us=15 interval_us=47 chunks=0
t=9577494 pipe_read event=558 count=16384 read_us=2335 buffered=16384
t=9581501 pipe_read event=559 count=16384 read_us=186 buffered=16384
t=9585505 pipe_read event=560 count=16384 read_us=177 buffered=16384
t=9589500 pipe_read event=561 count=16384 read_us=189 buffered=16384
t=9593111 profile_poll polls=103232 elapsed_us=14 interval_us=48 chunks=0
t=9597376 profile_poll polls=103296 elapsed_us=14 interval_us=48 chunks=0
t=9601312 profile_poll polls=103360 elapsed_us=15 interval_us=47 chunks=0
t=9601710 transfer event=82752 count=742 submitted=9179136 tx_us=179 fast_bytes=742 slow_bytes=0 queries=2
t=9601896 pipe_read event=562 count=16384 read_us=164 buffered=16384
t=9605708 profile_poll polls=103424 elapsed_us=15 interval_us=48 chunks=0
t=9609746 profile_poll polls=103488 elapsed_us=15 interval_us=48 chunks=0
t=9613628 profile_poll polls=103552 elapsed_us=15 interval_us=47 chunks=0
t=9617462 profile_poll polls=103616 elapsed_us=15 interval_us=58 chunks=0
t=9621760 profile_poll polls=103680 elapsed_us=15 interval_us=47 chunks=0
t=9622105 pipe_read event=563 count=16384 read_us=158 buffered=16384
t=9625410 profile_poll polls=103744 elapsed_us=15 interval_us=48 chunks=0
t=9628540 profile_poll polls=103808 elapsed_us=16 interval_us=49 chunks=0
t=9631655 profile_poll polls=103872 elapsed_us=15 interval_us=48 chunks=0
t=9634762 profile_poll polls=103936 elapsed_us=15 interval_us=48 chunks=0
t=9638560 profile_poll polls=104000 elapsed_us=15 interval_us=49 chunks=0
t=9642819 profile_poll polls=104064 elapsed_us=14 interval_us=48 chunks=0
t=9646888 profile_poll polls=104128 elapsed_us=15 interval_us=47 chunks=0
t=9649725 transfer event=82816 count=444 submitted=9209870 tx_us=116 fast_bytes=444 slow_bytes=0 queries=2
t=9651183 profile_poll polls=104192 elapsed_us=15 interval_us=48 chunks=0
t=9653452 pipe_read event=564 count=16384 read_us=1481 buffered=16384
t=9656975 profile_poll polls=104256 elapsed_us=14 interval_us=48 chunks=0
t=9660749 profile_poll polls=104320 elapsed_us=15 interval_us=47 chunks=0
t=9664886 profile_poll polls=104384 elapsed_us=267 interval_us=47 chunks=2
t=9668956 profile_poll polls=104448 elapsed_us=15 interval_us=50 chunks=0
t=9672463 transfer event=82880 count=56 submitted=9228022 tx_us=45 fast_bytes=56 slow_bytes=0 queries=2
t=9672847 pipe_read event=565 count=16384 read_us=166 buffered=16384
t=9677173 transfer event=82944 count=168 submitted=9240102 tx_us=59 fast_bytes=168 slow_bytes=0 queries=2
t=9679032 pipe_read event=566 count=16384 read_us=161 buffered=16384
t=9682418 transfer event=83008 count=108 submitted=9254672 tx_us=45 fast_bytes=108 slow_bytes=0 queries=2
t=9684850 pipe_read event=567 count=16384 read_us=159 buffered=16384
t=9685653 profile_poll polls=104512 elapsed_us=1166 interval_us=523 chunks=8
t=9687936 transfer event=83072 count=702 submitted=9270446 tx_us=170 fast_bytes=702 slow_bytes=0 queries=2
t=9692865 pipe_read event=568 count=16384 read_us=2315 buffered=16384
t=9697268 pipe_read event=569 count=16384 read_us=173 buffered=16384
t=9697862 transfer event=83136 count=110 submitted=9295354 tx_us=45 fast_bytes=110 slow_bytes=0 queries=2
t=9701831 transfer event=83200 count=126 submitted=9304862 tx_us=48 fast_bytes=126 slow_bytes=0 queries=2
t=9704139 pipe_read event=570 count=16384 read_us=166 buffered=16384
t=9706552 transfer event=83264 count=462 submitted=9316942 tx_us=129 fast_bytes=462 slow_bytes=0 queries=2
t=9711975 pipe_read event=571 count=16384 read_us=1575 buffered=16384
t=9714565 profile_poll polls=104576 elapsed_us=14 interval_us=49 chunks=0
t=9717683 profile_poll polls=104640 elapsed_us=15 interval_us=47 chunks=0
t=9721148 profile_poll polls=104704 elapsed_us=15 interval_us=47 chunks=0
t=9724726 transfer event=83328 count=512 submitted=9336800 tx_us=130 fast_bytes=512 slow_bytes=0 queries=2
t=9725419 profile_poll polls=104768 elapsed_us=15 interval_us=47 chunks=0
t=9729518 profile_poll polls=104832 elapsed_us=14 interval_us=51 chunks=0
t=9731204 pipe_read event=572 count=16384 read_us=173 buffered=16384
t=9734101 profile_poll polls=104896 elapsed_us=15 interval_us=47 chunks=0
t=9738041 profile_poll polls=104960 elapsed_us=15 interval_us=47 chunks=0
t=9742042 profile_poll polls=105024 elapsed_us=230 interval_us=47 chunks=2
t=9745975 profile_poll polls=105088 elapsed_us=14 interval_us=48 chunks=0
t=9749961 profile_poll polls=105152 elapsed_us=14 interval_us=48 chunks=0
t=9750711 pipe_read event=573 count=16384 read_us=173 buffered=16384
t=9754841 profile_poll polls=105216 elapsed_us=15 interval_us=405 chunks=0
t=9758683 profile_poll polls=105280 elapsed_us=15 interval_us=48 chunks=0
t=9760081 transfer event=83392 count=512 submitted=9368400 tx_us=129 fast_bytes=512 slow_bytes=0 queries=2
t=9762919 profile_poll polls=105344 elapsed_us=15 interval_us=47 chunks=0
t=9767137 profile_poll polls=105408 elapsed_us=15 interval_us=47 chunks=0
t=9767652 pipe_read event=574 count=16384 read_us=165 buffered=16384
t=9771733 profile_poll polls=105472 elapsed_us=15 interval_us=47 chunks=0
t=9775649 profile_poll polls=105536 elapsed_us=15 interval_us=47 chunks=0
t=9779735 profile_poll polls=105600 elapsed_us=15 interval_us=48 chunks=0
t=9783539 profile_poll polls=105664 elapsed_us=14 interval_us=49 chunks=0
t=9787559 profile_poll polls=105728 elapsed_us=15 interval_us=48 chunks=0
t=9789123 pipe_read event=575 count=16384 read_us=1126 buffered=16384
t=9793718 profile_poll polls=105792 elapsed_us=15 interval_us=47 chunks=0
t=9794728 transfer event=83456 count=1020 submitted=9400720 tx_us=235 fast_bytes=1020 slow_bytes=0 queries=2
t=9798566 profile_poll polls=105856 elapsed_us=15 interval_us=49 chunks=0
t=9799633 pipe_read event=576 count=16384 read_us=165 buffered=16384
t=9804618 profile_poll polls=105920 elapsed_us=14 interval_us=48 chunks=0
t=9809413 pipe_read event=577 count=16384 read_us=175 buffered=16384
t=9810063 profile_poll polls=105984 elapsed_us=15 interval_us=47 chunks=0
t=9815136 profile_poll polls=106048 elapsed_us=15 interval_us=47 chunks=0
t=9822027 pipe_read event=578 count=16384 read_us=1751 buffered=16384
t=9822530 profile_poll polls=106112 elapsed_us=2787 interval_us=47 chunks=4
t=9824905 transfer event=83520 count=792 submitted=9448340 tx_us=189 fast_bytes=792 slow_bytes=0 queries=2
t=9828275 profile_poll polls=106176 elapsed_us=15 interval_us=48 chunks=0
t=9831326 pipe_read event=579 count=16384 read_us=175 buffered=16384
t=9833736 profile_poll polls=106240 elapsed_us=14 interval_us=48 chunks=0
t=9839311 profile_poll polls=106304 elapsed_us=15 interval_us=48 chunks=0
t=9841345 pipe_read event=580 count=16384 read_us=167 buffered=16384
t=9843859 profile_poll polls=106368 elapsed_us=15 interval_us=47 chunks=0
t=9848156 profile_poll polls=106432 elapsed_us=275 interval_us=48 chunks=2
t=9852197 profile_poll polls=106496 elapsed_us=15 interval_us=48 chunks=0
t=9856141 profile_poll polls=106560 elapsed_us=15 interval_us=47 chunks=0
t=9857522 transfer event=83584 count=356 submitted=9488700 tx_us=108 fast_bytes=356 slow_bytes=0 queries=2
t=9861524 pipe_read event=581 count=16384 read_us=1696 buffered=16384
t=9862339 profile_poll polls=106624 elapsed_us=15 interval_us=48 chunks=0
t=9866162 profile_poll polls=106688 elapsed_us=15 interval_us=47 chunks=0
t=9870130 profile_poll polls=106752 elapsed_us=15 interval_us=48 chunks=0
t=9874418 profile_poll polls=106816 elapsed_us=15 interval_us=47 chunks=0
t=9877541 profile_poll polls=106880 elapsed_us=15 interval_us=49 chunks=0
t=9880648 profile_poll polls=106944 elapsed_us=15 interval_us=48 chunks=0
t=9883754 profile_poll polls=107008 elapsed_us=15 interval_us=47 chunks=0
t=9886862 profile_poll polls=107072 elapsed_us=15 interval_us=47 chunks=0
t=9889968 profile_poll polls=107136 elapsed_us=15 interval_us=47 chunks=0
t=9893073 profile_poll polls=107200 elapsed_us=14 interval_us=48 chunks=0
t=9896178 profile_poll polls=107264 elapsed_us=14 interval_us=48 chunks=0
t=9899296 profile_poll polls=107328 elapsed_us=14 interval_us=48 chunks=0
t=9902412 profile_poll polls=107392 elapsed_us=15 interval_us=47 chunks=0
t=9906530 profile_poll polls=107456 elapsed_us=15 interval_us=49 chunks=0
t=9907236 pipe_read event=582 count=16384 read_us=179 buffered=16384
t=9911104 profile_poll polls=107520 elapsed_us=15 interval_us=47 chunks=0
t=9915195 profile_poll polls=107584 elapsed_us=14 interval_us=49 chunks=0
t=9919267 profile_poll polls=107648 elapsed_us=14 interval_us=272 chunks=0
t=9920451 transfer event=83648 count=1064 submitted=9519204 tx_us=256 fast_bytes=1064 slow_bytes=0 queries=2
t=9923105 profile_poll polls=107712 elapsed_us=15 interval_us=48 chunks=0
t=9926281 pipe_read event=583 count=16384 read_us=166 buffered=16384
t=9927391 profile_poll polls=107776 elapsed_us=15 interval_us=47 chunks=0
t=9931209 profile_poll polls=107840 elapsed_us=15 interval_us=47 chunks=0
t=9935152 profile_poll polls=107904 elapsed_us=16 interval_us=47 chunks=0
t=9939815 profile_poll polls=107968 elapsed_us=14 interval_us=48 chunks=0
t=9942614 pipe_read event=584 count=16384 read_us=177 buffered=16384
t=9945128 profile_poll polls=108032 elapsed_us=15 interval_us=47 chunks=0
t=9950870 profile_poll polls=108096 elapsed_us=615 interval_us=48 chunks=3
t=9953670 pipe_read event=585 count=16384 read_us=1468 buffered=16384
t=9955202 transfer event=83712 count=146 submitted=9560850 tx_us=54 fast_bytes=146 slow_bytes=0 queries=2
t=9958281 profile_poll polls=108160 elapsed_us=15 interval_us=47 chunks=0
t=9962216 pipe_read event=586 count=16384 read_us=178 buffered=16384
t=9963951 profile_poll polls=108224 elapsed_us=15 interval_us=50 chunks=0
t=9968649 profile_poll polls=108288 elapsed_us=15 interval_us=47 chunks=0
t=9975431 pipe_read event=587 count=16384 read_us=2339 buffered=16384
t=9977066 profile_poll polls=108352 elapsed_us=15 interval_us=48 chunks=0
t=9983008 pipe_read event=588 count=16384 read_us=171 buffered=16384
t=9983667 profile_poll polls=108416 elapsed_us=15 interval_us=1278 chunks=0
t=9987259 profile_poll polls=108480 elapsed_us=15 interval_us=47 chunks=0
t=9990369 profile_poll polls=108544 elapsed_us=14 interval_us=48 chunks=0
t=9993490 profile_poll polls=108608 elapsed_us=15 interval_us=61 chunks=0
t=9996597 profile_poll polls=108672 elapsed_us=15 interval_us=48 chunks=0
t=9999702 profile_poll polls=108736 elapsed_us=15 interval_us=47 chunks=0
t=10002820 profile_poll polls=108800 elapsed_us=15 interval_us=47 chunks=0
t=10006097 transfer event=83776 count=304 submitted=9612666 tx_us=87 fast_bytes=304 slow_bytes=0 queries=2
t=10006970 profile_poll polls=108864 elapsed_us=14 interval_us=48 chunks=0
t=10011267 profile_poll polls=108928 elapsed_us=15 interval_us=48 chunks=0
t=10015327 profile_poll polls=108992 elapsed_us=15 interval_us=47 chunks=0
t=10019323 pipe_read event=589 count=16384 read_us=3843 buffered=16384
t=10024142 profile_poll polls=109056 elapsed_us=14 interval_us=48 chunks=0
t=10028281 profile_poll polls=109120 elapsed_us=15 interval_us=272 chunks=0
t=10032166 profile_poll polls=109184 elapsed_us=14 interval_us=48 chunks=0
t=10036988 pipe_read event=590 count=16384 read_us=1613 buffered=16384
t=10038452 profile_poll polls=109248 elapsed_us=28 interval_us=48 chunks=0
t=10042718 profile_poll polls=109312 elapsed_us=15 interval_us=47 chunks=0
t=10044658 transfer event=83840 count=536 submitted=9646772 tx_us=135 fast_bytes=536 slow_bytes=0 queries=2
t=10047050 profile_poll polls=109376 elapsed_us=284 interval_us=47 chunks=2
t=10051073 profile_poll polls=109440 elapsed_us=14 interval_us=48 chunks=0
t=10054502 pipe_read event=591 count=16384 read_us=1706 buffered=16384
t=10057120 profile_poll polls=109504 elapsed_us=14 interval_us=48 chunks=0
t=10061059 profile_poll polls=109568 elapsed_us=15 interval_us=48 chunks=0
t=10064944 profile_poll polls=109632 elapsed_us=15 interval_us=48 chunks=0
t=10069127 profile_poll polls=109696 elapsed_us=15 interval_us=47 chunks=0
t=10073177 pipe_read event=592 count=16384 read_us=168 buffered=16384
t=10073496 profile_poll polls=109760 elapsed_us=15 interval_us=70 chunks=0
t=10079028 profile_poll polls=109824 elapsed_us=15 interval_us=48 chunks=0
t=10079900 transfer event=83904 count=512 submitted=9681168 tx_us=130 fast_bytes=512 slow_bytes=0 queries=2
t=10084996 pipe_read event=593 count=16384 read_us=1688 buffered=16384
t=10087160 profile_poll polls=109888 elapsed_us=14 interval_us=48 chunks=0
t=10091547 pipe_read event=594 count=16384 read_us=190 buffered=16384
t=10093841 profile_poll polls=109952 elapsed_us=15 interval_us=48 chunks=0
t=10098428 profile_poll polls=110016 elapsed_us=15 interval_us=47 chunks=0
t=10102614 pipe_read event=595 count=16384 read_us=161 buffered=16384
t=10103433 profile_poll polls=110080 elapsed_us=15 interval_us=48 chunks=0
t=10108764 profile_poll polls=110144 elapsed_us=14 interval_us=48 chunks=0
t=10111102 transfer event=83968 count=1838 submitted=9736192 tx_us=411 fast_bytes=1838 slow_bytes=0 queries=2
t=10112638 pipe_read event=596 count=16384 read_us=1511 buffered=16384
t=10116632 pipe_read event=597 count=16384 read_us=168 buffered=16384
t=10120639 pipe_read event=598 count=16384 read_us=164 buffered=16384
t=10126171 profile_poll polls=110208 elapsed_us=14 interval_us=48 chunks=0
t=10127828 pipe_read event=599 count=16384 read_us=162 buffered=16384
t=10130709 profile_poll polls=110272 elapsed_us=15 interval_us=48 chunks=0
t=10134962 profile_poll polls=110336 elapsed_us=14 interval_us=48 chunks=0
t=10138800 profile_poll polls=110400 elapsed_us=14 interval_us=48 chunks=0
t=10142715 profile_poll polls=110464 elapsed_us=15 interval_us=49 chunks=0
t=10145680 transfer event=84032 count=208 submitted=9800074 tx_us=66 fast_bytes=208 slow_bytes=0 queries=2
t=10146542 profile_poll polls=110528 elapsed_us=15 interval_us=49 chunks=0
t=10149575 pipe_read event=600 count=16384 read_us=1515 buffered=16384
t=10152763 profile_poll polls=110592 elapsed_us=14 interval_us=48 chunks=0
t=10156158 profile_poll polls=110656 elapsed_us=14 interval_us=48 chunks=0
t=10159266 profile_poll polls=110720 elapsed_us=15 interval_us=48 chunks=0
t=10162368 profile_poll polls=110784 elapsed_us=15 interval_us=47 chunks=0
t=10165488 profile_poll polls=110848 elapsed_us=15 interval_us=60 chunks=0
t=10168596 profile_poll polls=110912 elapsed_us=15 interval_us=48 chunks=0
t=10172412 profile_poll polls=110976 elapsed_us=15 interval_us=47 chunks=0
t=10176729 profile_poll polls=111040 elapsed_us=15 interval_us=48 chunks=0
t=10180587 profile_poll polls=111104 elapsed_us=14 interval_us=49 chunks=0
t=10181665 pipe_read event=601 count=16384 read_us=172 buffered=16384
t=10185102 profile_poll polls=111168 elapsed_us=15 interval_us=48 chunks=0
t=10188932 profile_poll polls=111232 elapsed_us=15 interval_us=47 chunks=0
t=10193000 profile_poll polls=111296 elapsed_us=15 interval_us=344 chunks=0
t=10196061 transfer event=84096 count=132 submitted=9829098 tx_us=51 fast_bytes=132 slow_bytes=0 queries=2
t=10196737 profile_poll polls=111360 elapsed_us=14 interval_us=48 chunks=0
t=10200992 profile_poll polls=111424 elapsed_us=265 interval_us=48 chunks=2
t=10202427 pipe_read event=602 count=16384 read_us=165 buffered=16384
t=10206866 transfer event=84160 count=86 submitted=9839838 tx_us=41 fast_bytes=86 slow_bytes=0 queries=2
t=10208737 profile_poll polls=111488 elapsed_us=380 interval_us=375 chunks=8
t=10213390 pipe_read event=603 count=16384 read_us=2569 buffered=16384
t=10217411 pipe_read event=604 count=16384 read_us=168 buffered=16384
t=10218887 transfer event=84224 count=2048 submitted=9873408 tx_us=467 fast_bytes=2048 slow_bytes=0 queries=2
t=10221865 pipe_read event=605 count=16384 read_us=166 buffered=16384
t=10225631 transfer event=84288 count=324 submitted=9894964 tx_us=90 fast_bytes=324 slow_bytes=0 queries=2
t=10227512 pipe_read event=606 count=16384 read_us=179 buffered=16384
t=10230669 transfer event=84352 count=150 submitted=9908502 tx_us=55 fast_bytes=150 slow_bytes=0 queries=2
t=10233761 pipe_read event=607 count=16384 read_us=158 buffered=16384
t=10235730 transfer event=84416 count=278 submitted=9922206 tx_us=81 fast_bytes=278 slow_bytes=0 queries=2
t=10239853 pipe_read event=608 count=16384 read_us=168 buffered=16384
t=10240666 transfer event=84480 count=234 submitted=9935294 tx_us=72 fast_bytes=234 slow_bytes=0 queries=2
t=10245403 transfer event=84544 count=268 submitted=9948526 tx_us=78 fast_bytes=268 slow_bytes=0 queries=2
t=10245814 pipe_read event=609 count=16384 read_us=162 buffered=16384
t=10248018 profile_poll polls=111552 elapsed_us=15 interval_us=47 chunks=0
t=10251134 profile_poll polls=111616 elapsed_us=15 interval_us=48 chunks=0
t=10254620 profile_poll polls=111680 elapsed_us=15 interval_us=48 chunks=0
t=10259118 profile_poll polls=111744 elapsed_us=15 interval_us=47 chunks=0
t=10263564 profile_poll polls=111808 elapsed_us=14 interval_us=49 chunks=0
t=10265803 pipe_read event=610 count=16384 read_us=1479 buffered=16384
t=10269605 profile_poll polls=111872 elapsed_us=15 interval_us=47 chunks=0
t=10273669 profile_poll polls=111936 elapsed_us=15 interval_us=49 chunks=0
t=10276285 transfer event=84608 count=512 submitted=9975846 tx_us=130 fast_bytes=512 slow_bytes=0 queries=2
t=10277639 profile_poll polls=112000 elapsed_us=15 interval_us=47 chunks=0
t=10281659 profile_poll polls=112064 elapsed_us=14 interval_us=48 chunks=0
t=10283235 pipe_read event=611 count=16384 read_us=173 buffered=16384
t=10286396 profile_poll polls=112128 elapsed_us=15 interval_us=48 chunks=0
t=10290828 profile_poll polls=112192 elapsed_us=14 interval_us=314 chunks=0
t=10295230 profile_poll polls=112256 elapsed_us=322 interval_us=48 chunks=3
t=10298579 pipe_read event=612 count=16384 read_us=174 buffered=16384
t=10299748 profile_poll polls=112320 elapsed_us=266 interval_us=68 chunks=2
t=10303734 profile_poll polls=112384 elapsed_us=14 interval_us=49 chunks=0
t=10307809 transfer event=84672 count=96 submitted=10006886 tx_us=43 fast_bytes=96 slow_bytes=0 queries=2
t=10307943 profile_poll polls=112448 elapsed_us=15 interval_us=48 chunks=0
t=10312089 profile_poll polls=112512 elapsed_us=356 interval_us=47 chunks=2
t=10316097 profile_poll polls=112576 elapsed_us=15 interval_us=47 chunks=0
t=10318304 pipe_read event=613 count=16384 read_us=1753 buffered=16384
t=10323750 profile_poll polls=112640 elapsed_us=14 interval_us=48 chunks=0
t=10327540 pipe_read event=614 count=16384 read_us=194 buffered=16384
t=10329703 profile_poll polls=112704 elapsed_us=15 interval_us=48 chunks=0
t=10334747 profile_poll polls=112768 elapsed_us=15 interval_us=47 chunks=0
t=10337231 pipe_read event=615 count=16384 read_us=162 buffered=16384
t=10338325 transfer event=84736 count=322 submitted=10048976 tx_us=90 fast_bytes=322 slow_bytes=0 queries=2
t=10340770 profile_poll polls=112832 elapsed_us=15 interval_us=48 chunks=0
t=10345394 profile_poll polls=112896 elapsed_us=15 interval_us=47 chunks=0
t=10349449 pipe_read event=616 count=16384 read_us=1673 buffered=16384
t=10353143 profile_poll polls=112960 elapsed_us=16 interval_us=47 chunks=0
t=10358556 pipe_read event=617 count=16384 read_us=185 buffered=16384
t=10359010 profile_poll polls=113024 elapsed_us=15 interval_us=977 chunks=0
t=10364143 profile_poll polls=113088 elapsed_us=14 interval_us=48 chunks=0
t=10367283 profile_poll polls=113152 elapsed_us=15 interval_us=48 chunks=0
t=10370578 profile_poll polls=113216 elapsed_us=15 interval_us=48 chunks=0
t=10372969 transfer event=84800 count=1032 submitted=10093630 tx_us=239 fast_bytes=1032 slow_bytes=0 queries=2
t=10375030 profile_poll polls=113280 elapsed_us=14 interval_us=273 chunks=0
t=10377043 pipe_read event=618 count=16384 read_us=163 buffered=16384
t=10379507 profile_poll polls=113344 elapsed_us=15 interval_us=63 chunks=0
t=10383812 profile_poll polls=113408 elapsed_us=276 interval_us=49 chunks=2
t=10387527 profile_poll polls=113472 elapsed_us=15 interval_us=50 chunks=0
t=10391726 profile_poll polls=113536 elapsed_us=15 interval_us=49 chunks=0
t=10394785 pipe_read event=619 count=16384 read_us=159 buffered=16384
t=10396155 profile_poll polls=113600 elapsed_us=14 interval_us=48 chunks=0
t=10400503 profile_poll polls=113664 elapsed_us=15 interval_us=322 chunks=0
t=10403658 profile_poll polls=113728 elapsed_us=14 interval_us=48 chunks=0
t=10406768 profile_poll polls=113792 elapsed_us=15 interval_us=48 chunks=0
t=10409872 profile_poll polls=113856 elapsed_us=15 interval_us=47 chunks=0
t=10412983 profile_poll polls=113920 elapsed_us=14 interval_us=48 chunks=0
t=10416090 profile_poll polls=113984 elapsed_us=14 interval_us=48 chunks=0
t=10419197 profile_poll polls=114048 elapsed_us=14 interval_us=47 chunks=0
t=10422307 profile_poll polls=114112 elapsed_us=14 interval_us=48 chunks=0
t=10425417 profile_poll polls=114176 elapsed_us=15 interval_us=47 chunks=0
t=10428540 profile_poll polls=114240 elapsed_us=15 interval_us=49 chunks=0
t=10431651 profile_poll polls=114304 elapsed_us=14 interval_us=48 chunks=0
t=10434757 profile_poll polls=114368 elapsed_us=14 interval_us=48 chunks=0
t=10438245 profile_poll polls=114432 elapsed_us=14 interval_us=48 chunks=0
t=10439622 transfer event=84864 count=558 submitted=10122852 tx_us=139 fast_bytes=558 slow_bytes=0 queries=2
t=10442592 profile_poll polls=114496 elapsed_us=15 interval_us=48 chunks=0
t=10446854 profile_poll polls=114560 elapsed_us=15 interval_us=47 chunks=0
t=10448635 pipe_read event=620 count=16384 read_us=1545 buffered=16384
t=10453263 profile_poll polls=114624 elapsed_us=15 interval_us=48 chunks=0
t=10457176 profile_poll polls=114688 elapsed_us=15 interval_us=48 chunks=0
t=10461280 profile_poll polls=114752 elapsed_us=15 interval_us=47 chunks=0
t=10465062 pipe_read event=621 count=16384 read_us=173 buffered=16384
t=10465823 profile_poll polls=114816 elapsed_us=14 interval_us=48 chunks=0
t=10470305 profile_poll polls=114880 elapsed_us=15 interval_us=47 chunks=0
t=10472519 transfer event=84928 count=766 submitted=10155908 tx_us=193 fast_bytes=766 slow_bytes=0 queries=2
t=10476059 pipe_read event=622 count=16384 read_us=169 buffered=16384
t=10476372 profile_poll polls=114944 elapsed_us=15 interval_us=1024 chunks=0
t=10481355 profile_poll polls=115008 elapsed_us=15 interval_us=47 chunks=0
t=10487061 pipe_read event=623 count=16384 read_us=1476 buffered=16384
t=10489266 profile_poll polls=115072 elapsed_us=15 interval_us=47 chunks=0
t=10494222 profile_poll polls=115136 elapsed_us=14 interval_us=48 chunks=0
t=10496727 pipe_read event=624 count=16384 read_us=179 buffered=16384
t=10499772 profile_poll polls=115200 elapsed_us=14 interval_us=691 chunks=0
t=10503899 transfer event=84992 count=530 submitted=10205952 tx_us=134 fast_bytes=530 slow_bytes=0 queries=2
t=10504635 profile_poll polls=115264 elapsed_us=15 interval_us=47 chunks=0
t=10508755 pipe_read event=625 count=16384 read_us=1589 buffered=16384
t=10512735 profile_poll polls=115328 elapsed_us=15 interval_us=48 chunks=0
t=10516402 profile_poll polls=115392 elapsed_us=14 interval_us=48 chunks=0
t=10519529 profile_poll polls=115456 elapsed_us=15 interval_us=50 chunks=0
t=10522637 profile_poll polls=115520 elapsed_us=15 interval_us=47 chunks=0
t=10525749 profile_poll polls=115584 elapsed_us=15 interval_us=47 chunks=0
t=10528871 profile_poll polls=115648 elapsed_us=15 interval_us=47 chunks=0
t=10531989 profile_poll polls=115712 elapsed_us=15 interval_us=48 chunks=0
t=10535100 profile_poll polls=115776 elapsed_us=14 interval_us=48 chunks=0
t=10538860 profile_poll polls=115840 elapsed_us=15 interval_us=282 chunks=0
t=10542783 pipe_read event=626 count=16384 read_us=1778 buffered=16384
t=10545616 profile_poll polls=115904 elapsed_us=15 interval_us=48 chunks=0
t=10549511 profile_poll polls=115968 elapsed_us=15 interval_us=51 chunks=0
t=10553734 profile_poll polls=116032 elapsed_us=14 interval_us=48 chunks=0
t=10557732 profile_poll polls=116096 elapsed_us=15 interval_us=48 chunks=0
t=10559169 transfer event=85056 count=256 submitted=10243902 tx_us=77 fast_bytes=256 slow_bytes=0 queries=2
t=10564163 pipe_read event=627 count=16384 read_us=4120 buffered=16384
t=10567248 profile_poll polls=116160 elapsed_us=14 interval_us=48 chunks=0
t=10570818 profile_poll polls=116224 elapsed_us=15 interval_us=47 chunks=0
t=10575298 profile_poll polls=116288 elapsed_us=309 interval_us=48 chunks=3
t=10580620 pipe_read event=628 count=16384 read_us=2223 buffered=16384
t=10582409 profile_poll polls=116352 elapsed_us=14 interval_us=48 chunks=0
t=10586664 profile_poll polls=116416 elapsed_us=14 interval_us=48 chunks=0
t=10590558 profile_poll polls=116480 elapsed_us=15 interval_us=49 chunks=0
t=10594740 profile_poll polls=116544 elapsed_us=14 interval_us=48 chunks=0
t=10596492 transfer event=85120 count=44 submitted=10276018 tx_us=32 fast_bytes=44 slow_bytes=0 queries=2
t=10596930 pipe_read event=629 count=16384 read_us=188 buffered=16384
t=10599223 profile_poll polls=116608 elapsed_us=15 interval_us=47 chunks=0
t=10603755 profile_poll polls=116672 elapsed_us=15 interval_us=48 chunks=0
t=10609291 pipe_read event=630 count=16384 read_us=169 buffered=16384
t=10609461 profile_poll polls=116736 elapsed_us=784 interval_us=47 chunks=4
t=10614704 profile_poll polls=116800 elapsed_us=14 interval_us=48 chunks=0
t=10618952 pipe_read event=631 count=16384 read_us=1401 buffered=16384
t=10623928 profile_poll polls=116864 elapsed_us=15 interval_us=47 chunks=0
t=10624612 transfer event=85184 count=512 submitted=10322208 tx_us=130 fast_bytes=512 slow_bytes=0 queries=2
t=10626592 pipe_read event=632 count=16384 read_us=177 buffered=16384
t=10629433 profile_poll polls=116928 elapsed_us=523 interval_us=49 chunks=2
t=10634180 profile_poll polls=116992 elapsed_us=15 interval_us=47 chunks=0
t=10637174 pipe_read event=633 count=16384 read_us=170 buffered=16384
t=10642477 pipe_read event=634 count=16384 read_us=1497 buffered=16384
t=10646486 pipe_read event=635 count=16384 read_us=188 buffered=16384
t=10650511 profile_poll polls=117056 elapsed_us=15 interval_us=63 chunks=0
t=10653627 profile_poll polls=117120 elapsed_us=15 interval_us=48 chunks=0
t=10658021 profile_poll polls=117184 elapsed_us=15 interval_us=47 chunks=0
t=10658799 pipe_read event=636 count=16384 read_us=168 buffered=16384
t=10659744 transfer event=85248 count=510 submitted=10392874 tx_us=129 fast_bytes=510 slow_bytes=0 queries=2
t=10662720 profile_poll polls=117248 elapsed_us=15 interval_us=48 chunks=0
t=10667077 profile_poll polls=117312 elapsed_us=15 interval_us=48 chunks=0
t=10671269 profile_poll polls=117376 elapsed_us=15 interval_us=47 chunks=0
t=10675208 profile_poll polls=117440 elapsed_us=15 interval_us=47 chunks=0
t=10675793 pipe_read event=637 count=16384 read_us=160 buffered=16384
t=10679540 profile_poll polls=117504 elapsed_us=15 interval_us=49 chunks=0
t=10683655 profile_poll polls=117568 elapsed_us=15 interval_us=48 chunks=0
t=10687030 profile_poll polls=117632 elapsed_us=15 interval_us=47 chunks=0
t=10690142 profile_poll polls=117696 elapsed_us=15 interval_us=47 chunks=0
t=10693253 profile_poll polls=117760 elapsed_us=15 interval_us=48 chunks=0
t=10696374 profile_poll polls=117824 elapsed_us=15 interval_us=47 chunks=0
t=10699494 profile_poll polls=117888 elapsed_us=14 interval_us=61 chunks=0
t=10702610 profile_poll polls=117952 elapsed_us=15 interval_us=48 chunks=0
t=10706743 profile_poll polls=118016 elapsed_us=14 interval_us=48 chunks=0
t=10709742 transfer event=85312 count=1064 submitted=10422540 tx_us=246 fast_bytes=1064 slow_bytes=0 queries=2
t=10711096 profile_poll polls=118080 elapsed_us=15 interval_us=47 chunks=0
t=10713457 pipe_read event=638 count=16384 read_us=1704 buffered=16384
t=10717713 profile_poll polls=118144 elapsed_us=14 interval_us=48 chunks=0
t=10721855 profile_poll polls=118208 elapsed_us=15 interval_us=47 chunks=0
t=10725913 profile_poll polls=118272 elapsed_us=15 interval_us=47 chunks=0
t=10729008 pipe_read event=639 count=16384 read_us=173 buffered=16384
t=10730271 profile_poll polls=118336 elapsed_us=14 interval_us=48 chunks=0
t=10734391 profile_poll polls=118400 elapsed_us=14 interval_us=48 chunks=0
t=10735519 transfer event=85376 count=42 submitted=10446274 tx_us=32 fast_bytes=42 slow_bytes=0 queries=2
t=10738781 transfer event=85440 count=22 submitted=10452582 tx_us=27 fast_bytes=22 slow_bytes=0 queries=2
t=10740731 pipe_read event=640 count=16384 read_us=162 buffered=16384
t=10744271 transfer event=85504 count=758 submitted=10468358 tx_us=181 fast_bytes=758 slow_bytes=0 queries=2
t=10747641 pipe_read event=641 count=16384 read_us=1679 buffered=16384
t=10751717 pipe_read event=642 count=16384 read_us=166 buffered=16384
t=10755200 transfer event=85568 count=46 submitted=10501190 tx_us=32 fast_bytes=46 slow_bytes=0 queries=2
t=10757252 pipe_read event=643 count=16384 read_us=165 buffered=16384
t=10760652 transfer event=85632 count=60 submitted=10516698 tx_us=35 fast_bytes=60 slow_bytes=0 queries=2
t=10763162 pipe_read event=644 count=16384 read_us=156 buffered=16384
t=10765433 transfer event=85696 count=150 submitted=10529144 tx_us=54 fast_bytes=150 slow_bytes=0 queries=2
t=10770569 pipe_read event=645 count=16384 read_us=1459 buffered=16384
t=10773277 transfer event=85760 count=20 submitted=10549566 tx_us=27 fast_bytes=20 slow_bytes=0 queries=2
t=10774652 profile_poll polls=118464 elapsed_us=401 interval_us=751 chunks=8
t=10775772 pipe_read event=646 count=16384 read_us=163 buffered=16384
t=10780040 profile_poll polls=118528 elapsed_us=15 interval_us=47 chunks=0
t=10783173 profile_poll polls=118592 elapsed_us=15 interval_us=48 chunks=0
t=10786306 profile_poll polls=118656 elapsed_us=15 interval_us=47 chunks=0
t=10790698 profile_poll polls=118720 elapsed_us=15 interval_us=47 chunks=0
t=10791271 transfer event=85824 count=488 submitted=10563914 tx_us=125 fast_bytes=488 slow_bytes=0 queries=2
t=10795194 profile_poll polls=118784 elapsed_us=15 interval_us=47 chunks=0
t=10798123 pipe_read event=647 count=16384 read_us=174 buffered=16384
t=10800069 profile_poll polls=118848 elapsed_us=15 interval_us=48 chunks=0
t=10804524 profile_poll polls=118912 elapsed_us=15 interval_us=50 chunks=0
t=10808491 profile_poll polls=118976 elapsed_us=15 interval_us=59 chunks=0
t=10812652 profile_poll polls=119040 elapsed_us=15 interval_us=48 chunks=0
t=10816850 pipe_read event=648 count=16384 read_us=2195 buffered=16384
t=10819519 profile_poll polls=119104 elapsed_us=15 interval_us=49 chunks=0
t=10821417 transfer event=85888 count=104 submitted=10594002 tx_us=44 fast_bytes=104 slow_bytes=0 queries=2
t=10823859 profile_poll polls=119168 elapsed_us=14 interval_us=48 chunks=0
t=10828457 profile_poll polls=119232 elapsed_us=25 interval_us=47 chunks=0
t=10831147 pipe_read event=649 count=16384 read_us=172 buffered=16384
t=10833474 profile_poll polls=119296 elapsed_us=327 interval_us=48 chunks=3
t=10837522 profile_poll polls=119360 elapsed_us=15 interval_us=50 chunks=0
t=10841475 profile_poll polls=119424 elapsed_us=15 interval_us=59 chunks=0
t=10845645 profile_poll polls=119488 elapsed_us=14 interval_us=48 chunks=0
t=10848231 pipe_read event=650 count=16384 read_us=167 buffered=16384
t=10849996 profile_poll polls=119552 elapsed_us=15 interval_us=47 chunks=0
t=10851336 transfer event=85952 count=512 submitted=10623262 tx_us=130 fast_bytes=512 slow_bytes=0 queries=2
t=10855209 profile_poll polls=119616 elapsed_us=15 interval_us=677 chunks=0
t=10860121 profile_poll polls=119680 elapsed_us=15 interval_us=48 chunks=0
t=10860522 pipe_read event=651 count=16384 read_us=177 buffered=16384
t=10866381 profile_poll polls=119744 elapsed_us=14 interval_us=48 chunks=0
t=10868682 pipe_read event=652 count=16384 read_us=163 buffered=16384
t=10872364 profile_poll polls=119808 elapsed_us=15 interval_us=47 chunks=0
t=10877317 profile_poll polls=119872 elapsed_us=14 interval_us=48 chunks=0
t=10879140 pipe_read event=653 count=16384 read_us=160 buffered=16384
t=10880289 transfer event=86016 count=512 submitted=10672314 tx_us=130 fast_bytes=512 slow_bytes=0 queries=2
t=10882737 profile_poll polls=119936 elapsed_us=14 interval_us=48 chunks=0
t=10887885 profile_poll polls=120000 elapsed_us=15 interval_us=47 chunks=0
t=10890266 pipe_read event=654 count=16384 read_us=158 buffered=16384
t=10892882 profile_poll polls=120064 elapsed_us=15 interval_us=47 chunks=0
t=10897082 profile_poll polls=120128 elapsed_us=15 interval_us=47 chunks=0
t=10900191 profile_poll polls=120192 elapsed_us=15 interval_us=47 chunks=0
t=10903306 profile_poll polls=120256 elapsed_us=14 interval_us=47 chunks=0
t=10907732 profile_poll polls=120320 elapsed_us=285 interval_us=58 chunks=2
t=10912332 pipe_read event=655 count=16384 read_us=1622 buffered=16384
t=10914521 profile_poll polls=120384 elapsed_us=15 interval_us=51 chunks=0
t=10918855 profile_poll polls=120448 elapsed_us=15 interval_us=47 chunks=0
t=10919140 transfer event=86080 count=512 submitted=10712798 tx_us=131 fast_bytes=512 slow_bytes=0 queries=2
t=10922956 profile_poll polls=120512 elapsed_us=15 interval_us=47 chunks=0
t=10926353 pipe_read event=656 count=16384 read_us=171 buffered=16384
t=10927509 profile_poll polls=120576 elapsed_us=15 interval_us=65 chunks=0
t=10931591 profile_poll polls=120640 elapsed_us=15 interval_us=48 chunks=0
t=10935127 profile_poll polls=120704 elapsed_us=15 interval_us=48 chunks=0
t=10938231 profile_poll polls=120768 elapsed_us=15 interval_us=47 chunks=0
t=10941339 profile_poll polls=120832 elapsed_us=14 interval_us=48 chunks=0
t=10944453 profile_poll polls=120896 elapsed_us=25 interval_us=47 chunks=0
t=10947558 profile_poll polls=120960 elapsed_us=15 interval_us=48 chunks=0
t=10950665 profile_poll polls=121024 elapsed_us=14 interval_us=48 chunks=0
t=10953799 profile_poll polls=121088 elapsed_us=15 interval_us=48 chunks=0
t=10956908 profile_poll polls=121152 elapsed_us=15 interval_us=48 chunks=0
t=10960016 profile_poll polls=121216 elapsed_us=15 interval_us=47 chunks=0
t=10963124 profile_poll polls=121280 elapsed_us=15 interval_us=48 chunks=0
t=10966230 profile_poll polls=121344 elapsed_us=15 interval_us=47 chunks=0
t=10969337 profile_poll polls=121408 elapsed_us=14 interval_us=48 chunks=0
t=10973502 profile_poll polls=121472 elapsed_us=15 interval_us=312 chunks=0
t=10977905 profile_poll polls=121536 elapsed_us=15 interval_us=47 chunks=0
t=10979660 pipe_read event=657 count=16384 read_us=177 buffered=16384
t=10982934 profile_poll polls=121600 elapsed_us=15 interval_us=427 chunks=0
t=10983747 transfer event=86144 count=510 submitted=10741328 tx_us=129 fast_bytes=510 slow_bytes=0 queries=2
t=10987208 profile_poll polls=121664 elapsed_us=14 interval_us=48 chunks=0
t=10991119 profile_poll polls=121728 elapsed_us=16 interval_us=47 chunks=0
t=10995236 profile_poll polls=121792 elapsed_us=15 interval_us=47 chunks=0
t=10998586 pipe_read event=658 count=16384 read_us=1955 buffered=16384
t=11002461 profile_poll polls=121856 elapsed_us=15 interval_us=56 chunks=0
t=11007326 profile_poll polls=121920 elapsed_us=15 interval_us=47 chunks=0
t=11008015 pipe_read event=659 count=16384 read_us=171 buffered=16384
t=11013450 profile_poll polls=121984 elapsed_us=25 interval_us=47 chunks=0
t=11015756 transfer event=86208 count=960 submitted=10783582 tx_us=224 fast_bytes=960 slow_bytes=0 queries=2
t=11017198 pipe_read event=660 count=16384 read_us=167 buffered=16384
t=11019494 profile_poll polls=122048 elapsed_us=15 interval_us=62 chunks=0
t=11025385 profile_poll polls=122112 elapsed_us=14 interval_us=48 chunks=0
t=11027870 pipe_read event=661 count=16384 read_us=1491 buffered=16384
t=11032672 profile_poll polls=122176 elapsed_us=15 interval_us=48 chunks=0
t=11037502 profile_poll polls=122240 elapsed_us=14 interval_us=61 chunks=0
t=11038006 pipe_read event=662 count=16384 read_us=174 buffered=16384
t=11043053 profile_poll polls=122304 elapsed_us=14 interval_us=47 chunks=0
t=11046594 profile_poll polls=122368 elapsed_us=15 interval_us=48 chunks=0
t=11049706 profile_poll polls=122432 elapsed_us=15 interval_us=48 chunks=0
t=11052813 profile_poll polls=122496 elapsed_us=15 interval_us=47 chunks=0
t=11055922 profile_poll polls=122560 elapsed_us=15 interval_us=47 chunks=0
t=11059027 profile_poll polls=122624 elapsed_us=15 interval_us=48 chunks=0
t=11062131 profile_poll polls=122688 elapsed_us=15 interval_us=48 chunks=0
t=11065235 profile_poll polls=122752 elapsed_us=14 interval_us=48 chunks=0
t=11068333 profile_poll polls=122816 elapsed_us=15 interval_us=47 chunks=0
t=11071035 transfer event=86272 count=536 submitted=10828250 tx_us=134 fast_bytes=536 slow_bytes=0 queries=2
t=11071997 profile_poll polls=122880 elapsed_us=15 interval_us=47 chunks=0
t=11076274 profile_poll polls=122944 elapsed_us=15 interval_us=48 chunks=0
t=11079816 pipe_read event=663 count=16384 read_us=3247 buffered=16384
t=11085417 profile_poll polls=123008 elapsed_us=14 interval_us=48 chunks=0
t=11089647 profile_poll polls=123072 elapsed_us=15 interval_us=49 chunks=0
t=11096834 pipe_read event=664 count=16384 read_us=5453 buffered=16384
t=11100462 profile_poll polls=123136 elapsed_us=158 interval_us=47 chunks=1
t=11103593 profile_poll polls=123200 elapsed_us=14 interval_us=48 chunks=0
t=11108023 profile_poll polls=123264 elapsed_us=15 interval_us=48 chunks=0
t=11110745 transfer event=86336 count=512 submitted=10865330 tx_us=130 fast_bytes=512 slow_bytes=0 queries=2
t=11112110 pipe_read event=665 count=16384 read_us=216 buffered=16384
t=11112702 profile_poll polls=123328 elapsed_us=15 interval_us=47 chunks=0
t=11117479 profile_poll polls=123392 elapsed_us=15 interval_us=60 chunks=0
t=11121749 profile_poll polls=123456 elapsed_us=15 interval_us=49 chunks=0
t=11125709 profile_poll polls=123520 elapsed_us=15 interval_us=49 chunks=0
t=11127731 pipe_read event=666 count=16384 read_us=169 buffered=16384
t=11130086 profile_poll polls=123584 elapsed_us=15 interval_us=47 chunks=0
t=11134148 profile_poll polls=123648 elapsed_us=15 interval_us=47 chunks=0
t=11139306 profile_poll polls=123712 elapsed_us=15 interval_us=47 chunks=0
t=11139751 transfer event=86400 count=512 submitted=10896774 tx_us=130 fast_bytes=512 slow_bytes=0 queries=2
t=11141533 pipe_read event=667 count=16384 read_us=187 buffered=16384
t=11145052 profile_poll polls=123776 elapsed_us=15 interval_us=47 chunks=0
t=11148793 pipe_read event=668 count=16384 read_us=170 buffered=16384
t=11152648 profile_poll polls=123840 elapsed_us=14 interval_us=48 chunks=0
t=11159552 pipe_read event=669 count=16384 read_us=1744 buffered=16384
t=11160764 profile_poll polls=123904 elapsed_us=659 interval_us=2392 chunks=2
t=11166403 pipe_read event=670 count=16384 read_us=167 buffered=16384
t=11170206 transfer event=86464 count=2048 submitted=10964992 tx_us=449 fast_bytes=2048 slow_bytes=0 queries=2
t=11170394 pipe_read event=671 count=16384 read_us=162 buffered=16384
t=11174411 pipe_read event=672 count=16384 read_us=163 buffered=16384
t=11177132 profile_poll polls=123968 elapsed_us=15 interval_us=48 chunks=0
t=11180255 profile_poll polls=124032 elapsed_us=15 interval_us=47 chunks=0
t=11183365 profile_poll polls=124096 elapsed_us=15 interval_us=47 chunks=0
t=11186485 profile_poll polls=124160 elapsed_us=15 interval_us=60 chunks=0
t=11190732 profile_poll polls=124224 elapsed_us=15 interval_us=49 chunks=0
t=11194322 pipe_read event=673 count=16384 read_us=1826 buffered=16384
t=11197828 profile_poll polls=124288 elapsed_us=15 interval_us=47 chunks=0
t=11202160 profile_poll polls=124352 elapsed_us=15 interval_us=47 chunks=0
t=11206355 profile_poll polls=124416 elapsed_us=15 interval_us=47 chunks=0
t=11208140 pipe_read event=674 count=16384 read_us=173 buffered=16384
t=11208882 transfer event=86528 count=100 submitted=11015132 tx_us=45 fast_bytes=100 slow_bytes=0 queries=2
t=11210928 profile_poll polls=124480 elapsed_us=14 interval_us=258 chunks=0
t=11214948 profile_poll polls=124544 elapsed_us=14 interval_us=48 chunks=0
t=11218370 profile_poll polls=124608 elapsed_us=14 interval_us=48 chunks=0
t=11221507 profile_poll polls=124672 elapsed_us=15 interval_us=75 chunks=0
t=11224619 profile_poll polls=124736 elapsed_us=15 interval_us=48 chunks=0
t=11227729 profile_poll polls=124800 elapsed_us=15 interval_us=47 chunks=0
t=11230836 profile_poll polls=124864 elapsed_us=14 interval_us=48 chunks=0
t=11233943 profile_poll polls=124928 elapsed_us=15 interval_us=48 chunks=0
t=11237049 profile_poll polls=124992 elapsed_us=14 interval_us=48 chunks=0
t=11241285 profile_poll polls=125056 elapsed_us=15 interval_us=48 chunks=0
t=11245806 pipe_read event=675 count=16384 read_us=169 buffered=16384
t=11246073 profile_poll polls=125120 elapsed_us=15 interval_us=49 chunks=0
t=11250507 profile_poll polls=125184 elapsed_us=15 interval_us=62 chunks=0
t=11255026 profile_poll polls=125248 elapsed_us=14 interval_us=291 chunks=0
t=11258028 transfer event=86592 count=196 submitted=11044000 tx_us=64 fast_bytes=196 slow_bytes=0 queries=2
t=11259175 profile_poll polls=125312 elapsed_us=14 interval_us=48 chunks=0
t=11262812 pipe_read event=676 count=16384 read_us=1729 buffered=16384
t=11265413 profile_poll polls=125376 elapsed_us=14 interval_us=48 chunks=0
t=11270218 transfer event=86656 count=178 submitted=11056748 tx_us=60 fast_bytes=178 slow_bytes=0 queries=2
t=11273368 pipe_read event=677 count=16384 read_us=170 buffered=16384
t=11274521 transfer event=86720 count=138 submitted=11066798 tx_us=52 fast_bytes=138 slow_bytes=0 queries=2
t=11279240 pipe_read event=678 count=16384 read_us=162 buffered=16384
t=11279920 transfer event=86784 count=784 submitted=11082110 tx_us=188 fast_bytes=784 slow_bytes=0 queries=2
t=11284341 profile_poll polls=125440 elapsed_us=630 interval_us=643 chunks=8
t=11284859 transfer event=86848 count=52 submitted=11096064 tx_us=34 fast_bytes=52 slow_bytes=0 queries=2
t=11285039 pipe_read event=679 count=16384 read_us=156 buffered=16384
t=11291962 pipe_read event=680 count=16384 read_us=1647 buffered=16384
t=11294384 transfer event=86912 count=2004 submitted=11122644 tx_us=441 fast_bytes=2004 slow_bytes=0 queries=2
t=11296551 pipe_read event=681 count=16384 read_us=191 buffered=16384
t=11300043 transfer event=86976 count=152 submitted=11138970 tx_us=55 fast_bytes=152 slow_bytes=0 queries=2
t=11302754 pipe_read event=682 count=16384 read_us=169 buffered=16384
t=11304529 transfer event=87040 count=108 submitted=11149842 tx_us=46 fast_bytes=108 slow_bytes=0 queries=2
t=11308320 transfer event=87104 count=70 submitted=11158626 tx_us=38 fast_bytes=70 slow_bytes=0 queries=2
t=11310588 profile_poll polls=125504 elapsed_us=15 interval_us=48 chunks=0
t=11313700 profile_poll polls=125568 elapsed_us=15 interval_us=47 chunks=0
t=11316809 profile_poll polls=125632 elapsed_us=15 interval_us=48 chunks=0
t=11319917 profile_poll polls=125696 elapsed_us=14 interval_us=48 chunks=0
t=11322879 pipe_read event=683 count=16384 read_us=1483 buffered=16384
t=11326272 profile_poll polls=125760 elapsed_us=15 interval_us=47 chunks=0
t=11330744 profile_poll polls=125824 elapsed_us=14 interval_us=48 chunks=0
t=11335254 profile_poll polls=125888 elapsed_us=15 interval_us=47 chunks=0
t=11335915 pipe_read event=684 count=16384 read_us=169 buffered=16384
t=11339977 profile_poll polls=125952 elapsed_us=14 interval_us=48 chunks=0
t=11341461 transfer event=87168 count=568 submitted=11185216 tx_us=152 fast_bytes=568 slow_bytes=0 queries=2
t=11344471 profile_poll polls=126016 elapsed_us=15 interval_us=288 chunks=0
t=11348538 profile_poll polls=126080 elapsed_us=15 interval_us=50 chunks=0
t=11352316 profile_poll polls=126144 elapsed_us=15 interval_us=47 chunks=0
t=11355257 pipe_read event=685 count=16384 read_us=168 buffered=16384
t=11356360 profile_poll polls=126208 elapsed_us=15 interval_us=48 chunks=0
t=11360557 profile_poll polls=126272 elapsed_us=15 interval_us=49 chunks=0
t=11365268 profile_poll polls=126336 elapsed_us=15 interval_us=358 chunks=0
t=11370359 pipe_read event=686 count=16384 read_us=1172 buffered=16384
t=11371667 profile_poll polls=126400 elapsed_us=15 interval_us=48 chunks=0
t=11373666 transfer event=87232 count=436 submitted=11216788 tx_us=114 fast_bytes=436 slow_bytes=0 queries=2
t=11375966 profile_poll polls=126464 elapsed_us=14 interval_us=48 chunks=0
t=11380042 profile_poll polls=126528 elapsed_us=15 interval_us=47 chunks=0
t=11383941 profile_poll polls=126592 elapsed_us=14 interval_us=48 chunks=0
t=11385599 pipe_read event=687 count=16384 read_us=176 buffered=16384
t=11389353 profile_poll polls=126656 elapsed_us=14 interval_us=48 chunks=0
t=11394925 profile_poll polls=126720 elapsed_us=15 interval_us=47 chunks=0
t=11395462 pipe_read event=688 count=16384 read_us=175 buffered=16384
t=11401092 profile_poll polls=126784 elapsed_us=15 interval_us=47 chunks=0
t=11403482 pipe_read event=689 count=16384 read_us=173 buffered=16384
t=11403688 transfer event=87296 count=760 submitted=11260664 tx_us=183 fast_bytes=760 slow_bytes=0 queries=2
t=11407386 profile_poll polls=126848 elapsed_us=15 interval_us=47 chunks=0
t=11414292 pipe_read event=690 count=16384 read_us=1690 buffered=16384
t=11415987 profile_poll polls=126912 elapsed_us=14 interval_us=48 chunks=0
t=11420547 profile_poll polls=126976 elapsed_us=15 interval_us=49 chunks=0
t=11424037 pipe_read event=691 count=16384 read_us=170 buffered=16384
t=11425992 profile_poll polls=127040 elapsed_us=14 interval_us=48 chunks=0
t=11429378 profile_poll polls=127104 elapsed_us=15 interval_us=47 chunks=0
t=11432503 profile_poll polls=127168 elapsed_us=15 interval_us=61 chunks=0
t=11435613 profile_poll polls=127232 elapsed_us=15 interval_us=47 chunks=0
t=11439272 profile_poll polls=127296 elapsed_us=15 interval_us=48 chunks=0
t=11443276 transfer event=87360 count=1028 submitted=11304140 tx_us=241 fast_bytes=1028 slow_bytes=0 queries=2
t=11443758 profile_poll polls=127360 elapsed_us=14 interval_us=48 chunks=0
t=11447918 pipe_read event=692 count=16384 read_us=165 buffered=16384
t=11448652 profile_poll polls=127424 elapsed_us=14 interval_us=48 chunks=0
t=11453364 profile_poll polls=127488 elapsed_us=15 interval_us=47 chunks=0
t=11457753 profile_poll polls=127552 elapsed_us=15 interval_us=47 chunks=0
t=11462018 profile_poll polls=127616 elapsed_us=14 interval_us=48 chunks=0
t=11465232 pipe_read event=693 count=16384 read_us=2562 buffered=16384
t=11468589 profile_poll polls=127680 elapsed_us=15 interval_us=48 chunks=0
t=11471709 profile_poll polls=127744 elapsed_us=15 interval_us=47 chunks=0
t=11474836 profile_poll polls=127808 elapsed_us=14 interval_us=48 chunks=0
t=11477947 profile_poll polls=127872 elapsed_us=14 interval_us=48 chunks=0
t=11481055 profile_poll polls=127936 elapsed_us=14 interval_us=47 chunks=0
t=11484160 profile_poll polls=128000 elapsed_us=15 interval_us=47 chunks=0
t=11487269 profile_poll polls=128064 elapsed_us=14 interval_us=48 chunks=0
t=11490380 profile_poll polls=128128 elapsed_us=15 interval_us=47 chunks=0
t=11493501 profile_poll polls=128192 elapsed_us=15 interval_us=60 chunks=0
t=11496606 profile_poll polls=128256 elapsed_us=14 interval_us=49 chunks=0
t=11499714 profile_poll polls=128320 elapsed_us=15 interval_us=47 chunks=0
t=11502830 profile_poll polls=128384 elapsed_us=15 interval_us=47 chunks=0
t=11506749 profile_poll polls=128448 elapsed_us=15 interval_us=47 chunks=0
t=11511153 profile_poll polls=128512 elapsed_us=15 interval_us=47 chunks=0
t=11511593 transfer event=87424 count=512 submitted=11336696 tx_us=131 fast_bytes=512 slow_bytes=0 queries=2
t=11515797 pipe_read event=694 count=16384 read_us=175 buffered=16384
t=11516131 profile_poll polls=128576 elapsed_us=14 interval_us=50 chunks=0
t=11520849 profile_poll polls=128640 elapsed_us=15 interval_us=338 chunks=0
t=11525094 profile_poll polls=128704 elapsed_us=15 interval_us=48 chunks=0
t=11529120 profile_poll polls=128768 elapsed_us=15 interval_us=47 chunks=0
t=11532245 pipe_read event=695 count=16384 read_us=166 buffered=16384
t=11533638 profile_poll polls=128832 elapsed_us=15 interval_us=48 chunks=0
t=11539037 profile_poll polls=128896 elapsed_us=15 interval_us=47 chunks=0
t=11539751 transfer event=87488 count=1020 submitted=11371542 tx_us=235 fast_bytes=1020 slow_bytes=0 queries=2
t=11542313 pipe_read event=696 count=16384 read_us=165 buffered=16384
t=11544865 profile_poll polls=128960 elapsed_us=15 interval_us=47 chunks=0
t=11550682 profile_poll polls=129024 elapsed_us=15 interval_us=48 chunks=0
t=11551468 pipe_read event=697 count=16384 read_us=184 buffered=16384
t=11556959 profile_poll polls=129088 elapsed_us=15 interval_us=47 chunks=0
t=11561006 pipe_read event=698 count=16384 read_us=1510 buffered=16384
t=11564843 profile_poll polls=129152 elapsed_us=14 interval_us=48 chunks=0
t=11568177 transfer event=87552 count=1020 submitted=11421128 tx_us=237 fast_bytes=1020 slow_bytes=0 queries=2
t=11570065 profile_poll polls=129216 elapsed_us=15 interval_us=47 chunks=0
t=11570837 pipe_read event=699 count=16384 read_us=171 buffered=16384
t=11574851 profile_poll polls=129280 elapsed_us=16 interval_us=47 chunks=0
t=11578225 profile_poll polls=129344 elapsed_us=15 interval_us=47 chunks=0
t=11581336 profile_poll polls=129408 elapsed_us=15 interval_us=47 chunks=0
t=11584456 profile_poll polls=129472 elapsed_us=25 interval_us=48 chunks=0
t=11587562 profile_poll polls=129536 elapsed_us=15 interval_us=48 chunks=0
t=11590670 profile_poll polls=129600 elapsed_us=15 interval_us=48 chunks=0
t=11593780 profile_poll polls=129664 elapsed_us=14 interval_us=48 chunks=0
t=11596887 profile_poll polls=129728 elapsed_us=15 interval_us=47 chunks=0
t=11600012 profile_poll polls=129792 elapsed_us=15 interval_us=47 chunks=0
t=11603131 profile_poll polls=129856 elapsed_us=15 interval_us=48 chunks=0
t=11607075 profile_poll polls=129920 elapsed_us=15 interval_us=47 chunks=0
t=11611594 profile_poll polls=129984 elapsed_us=15 interval_us=48 chunks=0
t=11614612 pipe_read event=700 count=16384 read_us=1497 buffered=16384
t=11618462 profile_poll polls=130048 elapsed_us=27 interval_us=47 chunks=0
t=11622949 profile_poll polls=130112 elapsed_us=14 interval_us=48 chunks=0
t=11631399 pipe_read event=701 count=16384 read_us=4939 buffered=16384
t=11632749 transfer event=87616 count=1208 submitted=11461816 tx_us=276 fast_bytes=1208 slow_bytes=0 queries=2
t=11633481 profile_poll polls=130176 elapsed_us=15 interval_us=65 chunks=0
t=11636625 profile_poll polls=130240 elapsed_us=15 interval_us=48 chunks=0
t=11640731 profile_poll polls=130304 elapsed_us=15 interval_us=290 chunks=0
t=11644915 profile_poll polls=130368 elapsed_us=15 interval_us=47 chunks=0
t=11649061 pipe_read event=702 count=16384 read_us=1762 buffered=16384
t=11652369 profile_poll polls=130432 elapsed_us=14 interval_us=363 chunks=0
t=11656762 profile_poll polls=130496 elapsed_us=14 interval_us=48 chunks=0
t=11661156 profile_poll polls=130560 elapsed_us=15 interval_us=254 chunks=0
t=11662029 pipe_read event=703 count=16384 read_us=175 buffered=16384
t=11665508 profile_poll polls=130624 elapsed_us=15 interval_us=60 chunks=0
t=11665667 transfer event=87680 count=352 submitted=11493072 tx_us=97 fast_bytes=352 slow_bytes=0 queries=2
t=11671109 profile_poll polls=130688 elapsed_us=14 interval_us=49 chunks=0
t=11675031 pipe_read event=704 count=16384 read_us=1570 buffered=16384
t=11679544 profile_poll polls=130752 elapsed_us=605 interval_us=48 chunks=4
t=11682510 pipe_read event=705 count=16384 read_us=197 buffered=16384
t=11686561 profile_poll polls=130816 elapsed_us=15 interval_us=49 chunks=0
t=11689102 pipe_read event=706 count=16384 read_us=164 buffered=16384
t=11692745 profile_poll polls=130880 elapsed_us=15 interval_us=47 chunks=0
t=11695305 transfer event=87744 count=326 submitted=11550566 tx_us=91 fast_bytes=326 slow_bytes=0 queries=2
t=11698292 pipe_read event=707 count=16384 read_us=161 buffered=16384
t=11704420 pipe_read event=708 count=16384 read_us=2365 buffered=16384
t=11708451 pipe_read event=709 count=16384 read_us=170 buffered=16384
t=11711666 profile_poll polls=130944 elapsed_us=2208 interval_us=2114 chunks=5
t=11714792 profile_poll polls=131008 elapsed_us=15 interval_us=47 chunks=0
t=11717904 profile_poll polls=131072 elapsed_us=15 interval_us=48 chunks=0
t=11721013 profile_poll polls=131136 elapsed_us=15 interval_us=47 chunks=0
t=11724091 pipe_read event=710 count=16384 read_us=168 buffered=16384
t=11725618 profile_poll polls=131200 elapsed_us=15 interval_us=48 chunks=0
t=11730145 profile_poll polls=131264 elapsed_us=15 interval_us=47 chunks=0
t=11734748 transfer event=87808 count=510 submitted=11617180 tx_us=129 fast_bytes=510 slow_bytes=0 queries=2
t=11734886 profile_poll polls=131328 elapsed_us=14 interval_us=389 chunks=0
t=11737856 pipe_read event=711 count=16384 read_us=172 buffered=16384
t=11739540 profile_poll polls=131392 elapsed_us=15 interval_us=49 chunks=0
t=11743952 profile_poll polls=131456 elapsed_us=14 interval_us=48 chunks=0
t=11747904 profile_poll polls=131520 elapsed_us=15 interval_us=48 chunks=0
t=11751350 profile_poll polls=131584 elapsed_us=14 interval_us=48 chunks=0
t=11754468 profile_poll polls=131648 elapsed_us=15 interval_us=60 chunks=0
t=11757578 profile_poll polls=131712 elapsed_us=14 interval_us=49 chunks=0
t=11760688 profile_poll polls=131776 elapsed_us=14 interval_us=48 chunks=0
t=11763799 profile_poll polls=131840 elapsed_us=15 interval_us=48 chunks=0
t=11766903 profile_poll polls=131904 elapsed_us=15 interval_us=47 chunks=0
t=11770016 profile_poll polls=131968 elapsed_us=14 interval_us=48 chunks=0
t=11774096 profile_poll polls=132032 elapsed_us=223 interval_us=48 chunks=2
t=11776763 pipe_read event=712 count=16384 read_us=162 buffered=16384
t=11778757 profile_poll polls=132096 elapsed_us=15 interval_us=291 chunks=0
t=11783200 profile_poll polls=132160 elapsed_us=14 interval_us=48 chunks=0
t=11784452 transfer event=87872 count=512 submitted=11647062 tx_us=141 fast_bytes=512 slow_bytes=0 queries=2
t=11788025 profile_poll polls=132224 elapsed_us=15 interval_us=47 chunks=0
t=11789706 pipe_read event=713 count=16384 read_us=166 buffered=16384
t=11792819 profile_poll polls=132288 elapsed_us=15 interval_us=47 chunks=0
t=11796931 profile_poll polls=132352 elapsed_us=14 interval_us=348 chunks=0
t=11800602 transfer event=87936 count=116 submitted=11663536 tx_us=48 fast_bytes=116 slow_bytes=0 queries=2
t=11803353 pipe_read event=714 count=16384 read_us=169 buffered=16384
t=11804652 transfer event=88000 count=140 submitted=11672264 tx_us=52 fast_bytes=140 slow_bytes=0 queries=2
t=11808921 transfer event=88064 count=746 submitted=11683256 tx_us=180 fast_bytes=746 slow_bytes=0 queries=2
t=11811418 pipe_read event=715 count=16384 read_us=1533 buffered=16384
t=11815732 profile_poll polls=132416 elapsed_us=534 interval_us=886 chunks=8
t=11816023 pipe_read event=716 count=16384 read_us=174 buffered=16384
t=11818477 transfer event=88128 count=130 submitted=11709724 tx_us=60 fast_bytes=130 slow_bytes=0 queries=2
t=11821978 pipe_read event=717 count=16384 read_us=165 buffered=16384
t=11823590 transfer event=88192 count=370 submitted=11723648 tx_us=100 fast_bytes=370 slow_bytes=0 queries=2
t=11827771 transfer event=88256 count=334 submitted=11734234 tx_us=92 fast_bytes=334 slow_bytes=0 queries=2
t=11830043 pipe_read event=718 count=16384 read_us=1701 buffered=16384
t=11834733 transfer event=88320 count=20 submitted=11749320 tx_us=26 fast_bytes=20 slow_bytes=0 queries=2
t=11835933 pipe_read event=719 count=16384 read_us=167 buffered=16384
t=11838600 transfer event=88384 count=198 submitted=11757346 tx_us=64 fast_bytes=198 slow_bytes=0 queries=2
t=11840349 profile_poll polls=132480 elapsed_us=14 interval_us=48 chunks=0
t=11843471 profile_poll polls=132544 elapsed_us=15 interval_us=59 chunks=0
t=11846578 profile_poll polls=132608 elapsed_us=14 interval_us=48 chunks=0
t=11849686 profile_poll polls=132672 elapsed_us=15 interval_us=47 chunks=0
t=11852808 profile_poll polls=132736 elapsed_us=15 interval_us=48 chunks=0
t=11856393 profile_poll polls=132800 elapsed_us=15 interval_us=48 chunks=0
t=11860865 profile_poll polls=132864 elapsed_us=15 interval_us=48 chunks=0
t=11863602 pipe_read event=720 count=16384 read_us=176 buffered=16384
t=11865763 profile_poll polls=132928 elapsed_us=15 interval_us=48 chunks=0
t=11870210 profile_poll polls=132992 elapsed_us=15 interval_us=47 chunks=0
t=11874971 profile_poll polls=133056 elapsed_us=340 interval_us=48 chunks=4
t=11878831 pipe_read event=721 count=16384 read_us=1916 buffered=16384
t=11879648 transfer event=88448 count=512 submitted=11786688 tx_us=130 fast_bytes=512 slow_bytes=0 queries=2
t=11881733 profile_poll polls=133120 elapsed_us=15 interval_us=240 chunks=0
t=11885287 profile_poll polls=133184 elapsed_us=14 interval_us=47 chunks=0
t=11888579 profile_poll polls=133248 elapsed_us=15 interval_us=234 chunks=0
t=11892975 profile_poll polls=133312 elapsed_us=15 interval_us=47 chunks=0
t=11897425 profile_poll polls=133376 elapsed_us=14 interval_us=48 chunks=0
t=11898099 pipe_read event=722 count=16384 read_us=175 buffered=16384
t=11902420 profile_poll polls=133440 elapsed_us=15 interval_us=48 chunks=0
t=11907186 profile_poll polls=133504 elapsed_us=15 interval_us=47 chunks=0
t=11910401 transfer event=88512 count=290 submitted=11815558 tx_us=84 fast_bytes=290 slow_bytes=0 queries=2
t=11911469 pipe_read event=723 count=16384 read_us=179 buffered=16384
t=11911763 profile_poll polls=133568 elapsed_us=15 interval_us=49 chunks=0
t=11916061 profile_poll polls=133632 elapsed_us=15 interval_us=48 chunks=0
t=11921470 profile_poll polls=133696 elapsed_us=15 interval_us=59 chunks=0
t=11923372 pipe_read event=724 count=16384 read_us=169 buffered=16384
t=11927257 profile_poll polls=133760 elapsed_us=15 interval_us=47 chunks=0
t=11933376 pipe_read event=725 count=16384 read_us=1425 buffered=16384
t=11935829 profile_poll polls=133824 elapsed_us=15 interval_us=47 chunks=0
t=11938309 transfer event=88576 count=394 submitted=11863180 tx_us=105 fast_bytes=394 slow_bytes=0 queries=2
t=11940915 pipe_read event=726 count=16384 read_us=166 buffered=16384
t=11942026 profile_poll polls=133888 elapsed_us=15 interval_us=47 chunks=0
t=11947541 profile_poll polls=133952 elapsed_us=15 interval_us=49 chunks=0
t=11950668 pipe_read event=727 count=16384 read_us=163 buffered=16384
t=11952610 profile_poll polls=134016 elapsed_us=15 interval_us=48 chunks=0
t=11956869 profile_poll polls=134080 elapsed_us=15 interval_us=47 chunks=0
t=11960001 profile_poll polls=134144 elapsed_us=15 interval_us=48 chunks=0
t=11963111 profile_poll polls=134208 elapsed_us=14 interval_us=48 chunks=0
t=11966218 profile_poll polls=134272 elapsed_us=15 interval_us=47 chunks=0
t=11969325 profile_poll polls=134336 elapsed_us=14 interval_us=48 chunks=0
t=11972983 profile_poll polls=134400 elapsed_us=15 interval_us=47 chunks=0
t=11977397 profile_poll polls=134464 elapsed_us=15 interval_us=47 chunks=0
t=11981293 pipe_read event=728 count=16384 read_us=1690 buffered=16384
t=11981795 transfer event=88640 count=2048 submitted=11900928 tx_us=470 fast_bytes=2048 slow_bytes=0 queries=2
t=11984688 profile_poll polls=134528 elapsed_us=15 interval_us=47 chunks=0
t=11989409 profile_poll polls=134592 elapsed_us=15 interval_us=47 chunks=0
t=11993171 pipe_read event=729 count=16384 read_us=177 buffered=16384
t=11994103 profile_poll polls=134656 elapsed_us=14 interval_us=48 chunks=0
t=11998287 profile_poll polls=134720 elapsed_us=143 interval_us=48 chunks=1
t=12001396 profile_poll polls=134784 elapsed_us=14 interval_us=47 chunks=0
t=12004528 profile_poll polls=134848 elapsed_us=15 interval_us=56 chunks=0
t=12007636 profile_poll polls=134912 elapsed_us=15 interval_us=48 chunks=0
t=12010769 profile_poll polls=134976 elapsed_us=15 interval_us=48 chunks=0
t=12013919 profile_poll polls=135040 elapsed_us=14 interval_us=48 chunks=0
t=12017036 profile_poll polls=135104 elapsed_us=15 interval_us=47 chunks=0
t=12020164 profile_poll polls=135168 elapsed_us=14 interval_us=48 chunks=0
t=12023272 profile_poll polls=135232 elapsed_us=14 interval_us=48 chunks=0
t=12026379 profile_poll polls=135296 elapsed_us=15 interval_us=47 chunks=0
t=12029498 profile_poll polls=135360 elapsed_us=14 interval_us=61 chunks=0
t=12032605 profile_poll polls=135424 elapsed_us=15 interval_us=48 chunks=0
t=12035713 profile_poll polls=135488 elapsed_us=15 interval_us=47 chunks=0
t=12039018 profile_poll polls=135552 elapsed_us=14 interval_us=48 chunks=0
t=12043479 profile_poll polls=135616 elapsed_us=15 interval_us=60 chunks=0
t=12047852 pipe_read event=730 count=16384 read_us=182 buffered=16384
t=12047964 transfer event=88704 count=292 submitted=11931940 tx_us=86 fast_bytes=292 slow_bytes=0 queries=2
t=12048644 profile_poll polls=135680 elapsed_us=15 interval_us=49 chunks=0
t=12053087 profile_poll polls=135744 elapsed_us=15 interval_us=48 chunks=0
t=12057770 profile_poll polls=135808 elapsed_us=15 interval_us=48 chunks=0
t=12061881 profile_poll polls=135872 elapsed_us=14 interval_us=48 chunks=0
t=12063715 pipe_read event=731 count=16384 read_us=1642 buffered=16384
t=12069122 profile_poll polls=135936 elapsed_us=14 interval_us=49 chunks=0
t=12073518 pipe_read event=732 count=16384 read_us=190 buffered=16384
t=12074971 profile_poll polls=136000 elapsed_us=15 interval_us=48 chunks=0
t=12077298 transfer event=88768 count=512 submitted=11970672 tx_us=131 fast_bytes=512 slow_bytes=0 queries=2
t=12079998 profile_poll polls=136064 elapsed_us=15 interval_us=48 chunks=0
t=12083249 pipe_read event=733 count=16384 read_us=169 buffered=16384
t=12086830 profile_poll polls=136128 elapsed_us=841 interval_us=48 chunks=3
t=12091294 pipe_read event=734 count=16384 read_us=175 buffered=16384
t=12093314 profile_poll polls=136192 elapsed_us=14 interval_us=49 chunks=0
t=12098590 profile_poll polls=136256 elapsed_us=14 interval_us=48 chunks=0
t=12101886 pipe_read event=735 count=16384 read_us=1574 buffered=16384
t=12105873 transfer event=88832 count=442 submitted=12022288 tx_us=115 fast_bytes=442 slow_bytes=0 queries=2
t=12106206 profile_poll polls=136320 elapsed_us=15 interval_us=47 chunks=0
t=12110141 profile_poll polls=136384 elapsed_us=14 interval_us=48 chunks=0
t=12113251 profile_poll polls=136448 elapsed_us=14 interval_us=48 chunks=0
t=12116356 profile_poll polls=136512 elapsed_us=15 interval_us=47 chunks=0
t=12119474 profile_poll polls=136576 elapsed_us=15 interval_us=59 chunks=0
t=12122578 profile_poll polls=136640 elapsed_us=14 interval_us=48 chunks=0
t=12125685 profile_poll polls=136704 elapsed_us=15 interval_us=47 chunks=0
t=12128790 profile_poll polls=136768 elapsed_us=15 interval_us=47 chunks=0
t=12131922 profile_poll polls=136832 elapsed_us=15 interval_us=47 chunks=0
t=12135027 profile_poll polls=136896 elapsed_us=14 interval_us=48 chunks=0
t=12138134 profile_poll polls=136960 elapsed_us=14 interval_us=48 chunks=0
t=12143769 pipe_read event=736 count=16384 read_us=1650 buffered=16384
t=12144795 profile_poll polls=137024 elapsed_us=14 interval_us=48 chunks=0
t=12149296 profile_poll polls=137088 elapsed_us=15 interval_us=47 chunks=0
t=12153813 profile_poll polls=137152 elapsed_us=15 interval_us=48 chunks=0
t=12158812 pipe_read event=737 count=16384 read_us=2589 buffered=16384
t=12162039 profile_poll polls=137216 elapsed_us=14 interval_us=47 chunks=0
t=12166334 profile_poll polls=137280 elapsed_us=15 interval_us=48 chunks=0
t=12166647 transfer event=88896 count=512 submitted=12057552 tx_us=130 fast_bytes=512 slow_bytes=0 queries=2
t=12169670 profile_poll polls=137344 elapsed_us=15 interval_us=47 chunks=0
t=12173231 profile_poll polls=137408 elapsed_us=15 interval_us=48 chunks=0
t=12179893 pipe_read event=738 count=16384 read_us=3386 buffered=16384
t=12182614 profile_poll polls=137472 elapsed_us=457 interval_us=48 chunks=3
t=12187108 profile_poll polls=137536 elapsed_us=14 interval_us=48 chunks=0
t=12191587 pipe_read event=739 count=16384 read_us=1799 buffered=16384
t=12194297 profile_poll polls=137600 elapsed_us=15 interval_us=47 chunks=0
t=12198718 profile_poll polls=137664 elapsed_us=192 interval_us=49 chunks=2
t=12202688 transfer event=88960 count=1278 submitted=12094040 tx_us=301 fast_bytes=1278 slow_bytes=0 queries=2
t=12203209 profile_poll polls=137728 elapsed_us=15 interval_us=48 chunks=0
t=12204028 pipe_read event=740 count=16384 read_us=178 buffered=16384
t=12208953 profile_poll polls=137792 elapsed_us=15 interval_us=47 chunks=0
t=12213890 pipe_read event=741 count=16384 read_us=171 buffered=16384
t=12214765 profile_poll polls=137856 elapsed_us=15 interval_us=47 chunks=0
t=12221215 pipe_read event=742 count=16384 read_us=160 buffered=16384
t=12222580 profile_poll polls=137920 elapsed_us=15 interval_us=48 chunks=0
t=12229553 pipe_read event=743 count=16384 read_us=1486 buffered=16384
t=12230993 transfer event=89024 count=700 submitted=12149866 tx_us=170 fast_bytes=700 slow_bytes=0 queries=2
t=12231979 profile_poll polls=137984 elapsed_us=15 interval_us=47 chunks=0
t=12237528 pipe_read event=744 count=16384 read_us=186 buffered=16384
t=12237627 profile_poll polls=138048 elapsed_us=820 interval_us=48 chunks=4
t=12242092 pipe_read event=745 count=16384 read_us=166 buffered=16384
t=12247348 pipe_read event=746 count=16384 read_us=1447 buffered=16384
t=12251427 profile_poll polls=138112 elapsed_us=14 interval_us=48 chunks=0
t=12254559 profile_poll polls=138176 elapsed_us=15 interval_us=49 chunks=0
t=12258808 profile_poll polls=138240 elapsed_us=14 interval_us=48 chunks=0
t=12263378 pipe_read event=747 count=16384 read_us=174 buffered=16384
t=12263577 profile_poll polls=138304 elapsed_us=504 interval_us=48 chunks=2
t=12267297 transfer event=89088 count=510 submitted=12215356 tx_us=130 fast_bytes=510 slow_bytes=0 queries=2
t=12267977 profile_poll polls=138368 elapsed_us=15 interval_us=47 chunks=0
t=12272921 profile_poll polls=138432 elapsed_us=15 interval_us=49 chunks=0
t=12276284 pipe_read event=748 count=16384 read_us=159 buffered=16384
t=12277709 profile_poll polls=138496 elapsed_us=14 interval_us=48 chunks=0
t=12281843 profile_poll polls=138560 elapsed_us=15 interval_us=48 chunks=0
t=12285786 profile_poll polls=138624 elapsed_us=15 interval_us=47 chunks=0
t=12288896 profile_poll polls=138688 elapsed_us=14 interval_us=48 chunks=0
t=12292009 profile_poll polls=138752 elapsed_us=15 interval_us=47 chunks=0
t=12295143 profile_poll polls=138816 elapsed_us=15 interval_us=47 chunks=0
t=12298252 profile_poll polls=138880 elapsed_us=14 interval_us=48 chunks=0
t=12301364 profile_poll polls=138944 elapsed_us=15 interval_us=47 chunks=0
t=12304481 profile_poll polls=139008 elapsed_us=15 interval_us=61 chunks=0
t=12308776 profile_poll polls=139072 elapsed_us=15 interval_us=47 chunks=0
t=12313888 pipe_read event=749 count=16384 read_us=1722 buffered=16384
t=12315100 transfer event=89152 count=512 submitted=12246134 tx_us=131 fast_bytes=512 slow_bytes=0 queries=2
t=12315736 profile_poll polls=139136 elapsed_us=15 interval_us=48 chunks=0
t=12320209 profile_poll polls=139200 elapsed_us=15 interval_us=47 chunks=0
t=12325308 pipe_read event=750 count=16384 read_us=174 buffered=16384
t=12325485 profile_poll polls=139264 elapsed_us=16 interval_us=782 chunks=0
t=12329762 profile_poll polls=139328 elapsed_us=15 interval_us=48 chunks=0
t=12333770 profile_poll polls=139392 elapsed_us=14 interval_us=48 chunks=0
t=12336401 transfer event=89216 count=36 submitted=12270112 tx_us=30 fast_bytes=36 slow_bytes=0 queries=2
t=12339371 pipe_read event=751 count=16384 read_us=160 buffered=16384
t=12340242 transfer event=89280 count=152 submitted=12278120 tx_us=54 fast_bytes=152 slow_bytes=0 queries=2
t=12344014 transfer event=89344 count=564 submitted=12286758 tx_us=141 fast_bytes=564 slow_bytes=0 queries=2
t=12346366 pipe_read event=752 count=16384 read_us=163 buffered=16384
t=12348747 transfer event=89408 count=94 submitted=12298922 tx_us=42 fast_bytes=94 slow_bytes=0 queries=2
t=12354157 pipe_read event=753 count=16384 read_us=1701 buffered=16384
t=12357421 transfer event=89472 count=210 submitted=12322028 tx_us=67 fast_bytes=210 slow_bytes=0 queries=2
t=12358426 pipe_read event=754 count=16384 read_us=174 buffered=16384
t=12359888 profile_poll polls=139456 elapsed_us=882 interval_us=843 chunks=8
t=12363006 transfer event=89536 count=124 submitted=12337950 tx_us=48 fast_bytes=124 slow_bytes=0 queries=2
t=12364373 pipe_read event=755 count=16384 read_us=160 buffered=16384
t=12367565 transfer event=89600 count=38 submitted=12349296 tx_us=30 fast_bytes=38 slow_bytes=0 queries=2
t=12371113 transfer event=89664 count=56 submitted=12356938 tx_us=34 fast_bytes=56 slow_bytes=0 queries=2
t=12373802 pipe_read event=756 count=16384 read_us=2218 buffered=16384
t=12377721 profile_poll polls=139520 elapsed_us=15 interval_us=48 chunks=0
t=12380838 profile_poll polls=139584 elapsed_us=14 interval_us=48 chunks=0
t=12383951 profile_poll polls=139648 elapsed_us=15 interval_us=47 chunks=0
t=12387061 profile_poll polls=139712 elapsed_us=14 interval_us=48 chunks=0
t=12391002 profile_poll polls=139776 elapsed_us=14 interval_us=48 chunks=0
t=12395106 profile_poll polls=139840 elapsed_us=15 interval_us=48 chunks=0
t=12396472 pipe_read event=757 count=16384 read_us=190 buffered=16384
t=12399955 profile_poll polls=139904 elapsed_us=15 interval_us=47 chunks=0
t=12404657 profile_poll polls=139968 elapsed_us=15 interval_us=47 chunks=0
t=12409125 profile_poll polls=140032 elapsed_us=14 interval_us=48 chunks=0
t=12409703 pipe_read event=758 count=16384 read_us=166 buffered=16384
t=12410510 transfer event=89728 count=512 submitted=12391230 tx_us=145 fast_bytes=512 slow_bytes=0 queries=2
t=12413752 profile_poll polls=140096 elapsed_us=15 interval_us=48 chunks=0
t=12417786 profile_poll polls=140160 elapsed_us=15 interval_us=48 chunks=0
t=12420917 profile_poll polls=140224 elapsed_us=15 interval_us=47 chunks=0
t=12425088 profile_poll polls=140288 elapsed_us=14 interval_us=48 chunks=0
t=12429523 profile_poll polls=140352 elapsed_us=15 interval_us=51 chunks=0
t=12430355 pipe_read event=759 count=16384 read_us=173 buffered=16384
t=12434255 profile_poll polls=140416 elapsed_us=14 interval_us=48 chunks=0
t=12439060 profile_poll polls=140480 elapsed_us=15 interval_us=48 chunks=0
t=12439733 transfer event=89792 count=464 submitted=12417918 tx_us=120 fast_bytes=464 slow_bytes=0 queries=2
t=12443353 profile_poll polls=140544 elapsed_us=14 interval_us=48 chunks=0
t=12444744 pipe_read event=760 count=16384 read_us=160 buffered=16384
t=12448031 profile_poll polls=140608 elapsed_us=15 interval_us=48 chunks=0
t=12452670 profile_poll polls=140672 elapsed_us=14 interval_us=48 chunks=0
t=12456343 pipe_read event=761 count=16384 read_us=157 buffered=16384
t=12458251 profile_poll polls=140736 elapsed_us=15 interval_us=47 chunks=0
t=12463590 profile_poll polls=140800 elapsed_us=14 interval_us=48 chunks=0
t=12466110 pipe_read event=762 count=16384 read_us=167 buffered=16384
t=12467186 transfer event=89856 count=668 submitted=12458118 tx_us=162 fast_bytes=668 slow_bytes=0 queries=2
t=12470762 profile_poll polls=140864 elapsed_us=15 interval_us=49 chunks=0
t=12475690 pipe_read event=763 count=16384 read_us=1085 buffered=16384
t=12478675 profile_poll polls=140928 elapsed_us=15 interval_us=48 chunks=0
t=12483609 profile_poll polls=140992 elapsed_us=15 interval_us=48 chunks=0
t=12483919 pipe_read event=764 count=16384 read_us=163 buffered=16384
t=12488666 profile_poll polls=141056 elapsed_us=14 interval_us=48 chunks=0
t=12492702 profile_poll polls=141120 elapsed_us=14 interval_us=48 chunks=0
t=12495811 profile_poll polls=141184 elapsed_us=14 interval_us=48 chunks=0
t=12498919 profile_poll polls=141248 elapsed_us=14 interval_us=48 chunks=0
t=12502032 profile_poll polls=141312 elapsed_us=15 interval_us=47 chunks=0
t=12505151 profile_poll polls=141376 elapsed_us=15 interval_us=47 chunks=0
t=12508909 transfer event=89920 count=512 submitted=12502938 tx_us=131 fast_bytes=512 slow_bytes=0 queries=2
t=12509565 profile_poll polls=141440 elapsed_us=14 interval_us=49 chunks=0
t=12511680 pipe_read event=765 count=16384 read_us=169 buffered=16384
t=12514222 profile_poll polls=141504 elapsed_us=15 interval_us=47 chunks=0
t=12518925 profile_poll polls=141568 elapsed_us=15 interval_us=47 chunks=0
t=12523913 profile_poll polls=141632 elapsed_us=14 interval_us=48 chunks=0
t=12525434 pipe_read event=766 count=16384 read_us=1108 buffered=16384
t=12529828 profile_poll polls=141696 elapsed_us=200 interval_us=48 chunks=2
t=12533451 profile_poll polls=141760 elapsed_us=26 interval_us=47 chunks=0
t=12536559 profile_poll polls=141824 elapsed_us=15 interval_us=49 chunks=0
t=12539670 profile_poll polls=141888 elapsed_us=15 interval_us=47 chunks=0
t=12542776 profile_poll polls=141952 elapsed_us=14 interval_us=47 chunks=0
t=12545898 profile_poll polls=142016 elapsed_us=15 interval_us=48 chunks=0
t=12549014 profile_poll polls=142080 elapsed_us=15 interval_us=47 chunks=0
t=12552126 profile_poll polls=142144 elapsed_us=14 interval_us=48 chunks=0
t=12555233 profile_poll polls=142208 elapsed_us=14 interval_us=48 chunks=0
t=12558344 profile_poll polls=142272 elapsed_us=15 interval_us=47 chunks=0
t=12561464 profile_poll polls=142336 elapsed_us=15 interval_us=58 chunks=0
t=12564573 profile_poll polls=142400 elapsed_us=15 interval_us=48 chunks=0
t=12567684 profile_poll polls=142464 elapsed_us=14 interval_us=48 chunks=0
t=12570793 profile_poll polls=142528 elapsed_us=15 interval_us=48 chunks=0
t=12574809 transfer event=89984 count=512 submitted=12532510 tx_us=129 fast_bytes=512 slow_bytes=0 queries=2
t=12574995 profile_poll polls=142592 elapsed_us=15 interval_us=304 chunks=0
t=12579142 profile_poll polls=142656 elapsed_us=14 interval_us=48 chunks=0
t=12580529 pipe_read event=767 count=16384 read_us=199 buffered=16384
t=12583898 profile_poll polls=142720 elapsed_us=15 interval_us=47 chunks=0
t=12588816 profile_poll polls=142784 elapsed_us=15 interval_us=47 chunks=0
t=12593345 profile_poll polls=142848 elapsed_us=15 interval_us=48 chunks=0
t=12593666 pipe_read event=768 count=16384 read_us=171 buffered=16384
t=12597878 profile_poll polls=142912 elapsed_us=15 interval_us=47 chunks=0
t=12600859 transfer event=90048 count=536 submitted=12560878 tx_us=136 fast_bytes=536 slow_bytes=0 queries=2
t=12602582 profile_poll polls=142976 elapsed_us=15 interval_us=48 chunks=0
t=12607185 pipe_read event=769 count=16384 read_us=156 buffered=16384
t=12608211 profile_poll polls=143040 elapsed_us=15 interval_us=48 chunks=0
t=12613722 profile_poll polls=143104 elapsed_us=15 interval_us=48 chunks=0
t=12617137 pipe_read event=770 count=16384 read_us=1090 buffered=16384
t=12621351 profile_poll polls=143168 elapsed_us=15 interval_us=47 chunks=0
t=12624231 pipe_read event=771 count=16384 read_us=162 buffered=16384
t=12627978 profile_poll polls=143232 elapsed_us=15 interval_us=48 chunks=0
t=12629963 transfer event=90112 count=512 submitted=12614562 tx_us=130 fast_bytes=512 slow_bytes=0 queries=2
t=12633278 pipe_read event=772 count=16384 read_us=193 buffered=16384
t=12634148 profile_poll polls=143296 elapsed_us=14 interval_us=48 chunks=0
t=12639138 profile_poll polls=143360 elapsed_us=15 interval_us=48 chunks=0
t=12643693 profile_poll polls=143424 elapsed_us=15 interval_us=48 chunks=0
t=12646828 profile_poll polls=143488 elapsed_us=15 interval_us=48 chunks=0
t=12649934 profile_poll polls=143552 elapsed_us=14 interval_us=48 chunks=0
t=12653044 profile_poll polls=143616 elapsed_us=15 interval_us=48 chunks=0
t=12656162 profile_poll polls=143680 elapsed_us=15 interval_us=47 chunks=0
t=12659272 profile_poll polls=143744 elapsed_us=15 interval_us=47 chunks=0
t=12662381 profile_poll polls=143808 elapsed_us=14 interval_us=48 chunks=0
t=12665501 profile_poll polls=143872 elapsed_us=15 interval_us=60 chunks=0
t=12668604 profile_poll polls=143936 elapsed_us=15 interval_us=48 chunks=0
t=12671720 profile_poll polls=144000 elapsed_us=15 interval_us=48 chunks=0
t=12673315 pipe_read event=773 count=16384 read_us=159 buffered=16384
t=12676547 profile_poll polls=144064 elapsed_us=15 interval_us=48 chunks=0
t=12680929 profile_poll polls=144128 elapsed_us=14 interval_us=400 chunks=0
t=12684762 transfer event=90176 count=866 submitted=12649372 tx_us=204 fast_bytes=866 slow_bytes=0 queries=2
t=12685372 profile_poll polls=144192 elapsed_us=15 interval_us=47 chunks=0
t=12687793 pipe_read event=774 count=16384 read_us=164 buffered=16384
t=12690609 profile_poll polls=144256 elapsed_us=15 interval_us=48 chunks=0
t=12695038 profile_poll polls=144320 elapsed_us=15 interval_us=47 chunks=0
t=12699287 profile_poll polls=144384 elapsed_us=15 interval_us=48 chunks=0
t=12702923 profile_poll polls=144448 elapsed_us=14 interval_us=48 chunks=0
t=12706255 profile_poll polls=144512 elapsed_us=14 interval_us=48 chunks=0
t=12706866 pipe_read event=775 count=16384 read_us=167 buffered=16384
t=12711422 profile_poll polls=144576 elapsed_us=227 interval_us=48 chunks=2
t=12715213 transfer event=90240 count=512 submitted=12678290 tx_us=130 fast_bytes=512 slow_bytes=0 queries=2
t=12715682 profile_poll polls=144640 elapsed_us=15 interval_us=47 chunks=0
t=12720664 pipe_read event=776 count=16384 read_us=172 buffered=16384
t=12720881 profile_poll polls=144704 elapsed_us=15 interval_us=51 chunks=0
t=12725626 profile_poll polls=144768 elapsed_us=15 interval_us=47 chunks=0
t=12730181 profile_poll polls=144832 elapsed_us=15 interval_us=48 chunks=0
t=12734253 profile_poll polls=144896 elapsed_us=15 interval_us=48 chunks=0
t=12735508 pipe_read event=777 count=16384 read_us=175 buffered=16384
t=12739949 profile_poll polls=144960 elapsed_us=14 interval_us=48 chunks=0
t=12742529 transfer event=90304 count=576 submitted=12715234 tx_us=154 fast_bytes=576 slow_bytes=0 queries=2
t=12745179 pipe_read event=778 count=16384 read_us=152 buffered=16384
t=12745738 profile_poll polls=145024 elapsed_us=864 interval_us=47 chunks=3
t=12750675 profile_poll polls=145088 elapsed_us=15 interval_us=47 chunks=0
media_player_helper: video=10334393 bytes, pts=25, audio=375 frames/576000 samples
media_player_helper: scheduler video_peak=460560 bytes, pcm_peak=15360 samples, pcm_emitted=576000 samples
t=12754482 pipe_read event=779 count=16384 read_us=379 buffered=16384
t=12758048 profile_poll polls=145152 elapsed_us=15 interval_us=48 chunks=0
t=12762583 pipe_read event=780 count=16384 read_us=365 buffered=16384
t=12764423 profile_poll polls=145216 elapsed_us=14 interval_us=48 chunks=0
t=12769412 profile_poll polls=145280 elapsed_us=15 interval_us=47 chunks=0
t=12771496 transfer event=90368 count=578 submitted=12764904 tx_us=155 fast_bytes=578 slow_bytes=0 queries=2
t=12773931 profile_poll polls=145344 elapsed_us=14 interval_us=48 chunks=0
t=12774103 pipe_read event=781 count=16384 read_us=33 buffered=16384
t=12778940 profile_poll polls=145408 elapsed_us=15 interval_us=48 chunks=0
t=12782077 profile_poll polls=145472 elapsed_us=15 interval_us=47 chunks=0
t=12785188 profile_poll polls=145536 elapsed_us=15 interval_us=48 chunks=0
t=12788294 profile_poll polls=145600 elapsed_us=14 interval_us=48 chunks=0
t=12792344 profile_poll polls=145664 elapsed_us=15 interval_us=47 chunks=0
t=12796642 profile_poll polls=145728 elapsed_us=284 interval_us=48 chunks=2
t=12799149 pipe_read event=782 count=16384 read_us=29 buffered=16384
t=12800878 profile_poll polls=145792 elapsed_us=14 interval_us=48 chunks=0
t=12805389 profile_poll polls=145856 elapsed_us=15 interval_us=47 chunks=0
t=12809838 transfer event=90432 count=462 submitted=12796668 tx_us=120 fast_bytes=462 slow_bytes=0 queries=2
t=12810157 profile_poll polls=145920 elapsed_us=15 interval_us=48 chunks=0
t=12813125 pipe_read event=783 count=16384 read_us=33 buffered=16384
t=12814297 profile_poll polls=145984 elapsed_us=15 interval_us=47 chunks=0
t=12818117 profile_poll polls=146048 elapsed_us=15 interval_us=48 chunks=0
t=12821256 profile_poll polls=146112 elapsed_us=15 interval_us=47 chunks=0
t=12824369 profile_poll polls=146176 elapsed_us=14 interval_us=48 chunks=0
t=12827492 profile_poll polls=146240 elapsed_us=15 interval_us=60 chunks=0
t=12830602 profile_poll polls=146304 elapsed_us=15 interval_us=48 chunks=0
t=12833719 profile_poll polls=146368 elapsed_us=15 interval_us=47 chunks=0
t=12836924 profile_poll polls=146432 elapsed_us=14 interval_us=48 chunks=0
t=12840476 profile_poll polls=146496 elapsed_us=15 interval_us=61 chunks=0
t=12844723 profile_poll polls=146560 elapsed_us=244 interval_us=60 chunks=2
t=12848722 profile_poll polls=146624 elapsed_us=15 interval_us=49 chunks=0
t=12852682 pipe_read event=784 count=2118 read_us=14 buffered=2118
t=12853227 profile_poll polls=146688 elapsed_us=15 interval_us=48 chunks=0
t=12853916 helper stdout eof
t=12853928 finish reason=eof fd=14 download=1 submitted=12818502 reads=784 would_block=368
t=12853973 download released
t=12854053 child wait=2382 status=0x0 wait_errno=0 exited=1 exit_code=0 signaled=0 signal=0
t=12854073 transfer complete submitted=12818502 reads=784
t=12854085 profile_poll polls=146694 elapsed_us=549 interval_us=49 chunks=3
t=12854096 profile_summary polls=146694 poll_us=7765793 poll_max_us=7558 data_polls=15502 data_poll_us=5814576 intervals=146693 interval_us=12851271 interval_max_us=20867 read_calls=1153 read_us=631192 tx_calls=90485 tx_us=6332893 tx_max_us=7068 ack_chunks=1413 fast_bytes=12818502 slow_bytes=0 burst_calls=90485 status_queries=317569 transport_mode=2
