t=2 start source=file:/media/fat/games/MediaPlayer/bbb_480i_tff_15s.m2v index=1 core=MediaPlayer alternate=MediaPlayer
t=2225 helper forked pid=1060 read_fd=14
t=2331 download asserted index=1 pid=1060
t=2513 would_block count=1 submitted=0
t=2788 would_block count=2 submitted=0
t=2858 would_block count=3 submitted=0
t=2912 would_block count=4 submitted=0
t=3072 would_block count=8 submitted=0
t=3372 would_block count=16 submitted=0
t=4000 would_block count=32 submitted=0
t=5166 would_block count=64 submitted=0
t=7463 would_block count=128 submitted=0
t=16892 first_byte latency_us=14560 would_block=185 count=4096
t=16932 read event=1 count=4096 submitted=4096
t=19655 read event=2 count=4096 submitted=8192
t=22417 read event=3 count=4096 submitted=12288
t=25379 read event=4 count=4096 submitted=16384
t=28212 read event=5 count=4096 submitted=20480
t=30960 read event=6 count=4096 submitted=24576
t=33713 read event=7 count=4096 submitted=28672
t=36660 read event=8 count=4096 submitted=32768
t=39481 read event=9 count=4096 submitted=36864
t=42237 read event=10 count=4096 submitted=40960
t=44985 read event=11 count=4096 submitted=45056
t=47933 read event=12 count=4096 submitted=49152
t=50750 read event=13 count=4096 submitted=53248
t=53496 read event=14 count=4096 submitted=57344
t=56247 read event=15 count=4096 submitted=61440
t=59213 read event=16 count=4096 submitted=65536
t=62033 read event=17 count=4096 submitted=69632
t=64780 read event=18 count=4096 submitted=73728
t=67540 read event=19 count=4096 submitted=77824
t=70481 read event=20 count=4096 submitted=81920
t=73299 read event=21 count=4096 submitted=86016
t=76052 read event=22 count=4096 submitted=90112
t=78799 read event=23 count=4096 submitted=94208
t=81746 read event=24 count=4096 submitted=98304
t=84564 read event=25 count=4096 submitted=102400
t=87306 read event=26 count=4096 submitted=106496
t=90053 read event=27 count=4096 submitted=110592
t=93000 read event=28 count=4096 submitted=114688
t=95920 read event=29 count=4096 submitted=118784
t=98680 read event=30 count=4096 submitted=122880
t=101422 read event=31 count=4096 submitted=126976
t=104396 read event=32 count=4096 submitted=131072
t=107227 read event=33 count=4096 submitted=135168
t=109979 read event=34 count=4096 submitted=139264
t=112728 read event=35 count=4096 submitted=143360
t=115678 read event=36 count=4096 submitted=147456
t=118492 read event=37 count=4096 submitted=151552
t=121247 read event=38 count=4096 submitted=155648
t=124001 read event=39 count=4096 submitted=159744
t=126947 read event=40 count=4096 submitted=163840
t=129760 read event=41 count=4096 submitted=167936
t=132505 read event=42 count=4096 submitted=172032
t=135253 read event=43 count=4096 submitted=176128
t=138213 read event=44 count=4096 submitted=180224
t=141037 read event=45 count=4096 submitted=184320
t=143792 read event=46 count=4096 submitted=188416
t=146539 read event=47 count=4096 submitted=192512
t=149478 read event=48 count=4096 submitted=196608
t=152303 read event=49 count=4096 submitted=200704
t=155054 read event=50 count=4096 submitted=204800
t=157801 read event=51 count=4096 submitted=208896
t=160745 read event=52 count=4096 submitted=212992
t=163563 read event=53 count=4096 submitted=217088
t=166305 read event=54 count=4096 submitted=221184
t=169064 read event=55 count=4096 submitted=225280
t=172020 read event=56 count=4096 submitted=229376
t=185140 read event=57 count=4096 submitted=233472
t=187901 read event=58 count=4096 submitted=237568
t=190649 read event=59 count=4096 submitted=241664
t=193615 read event=60 count=4096 submitted=245760
t=196428 read event=61 count=4096 submitted=249856
t=199178 read event=62 count=4096 submitted=253952
t=201931 read event=63 count=4096 submitted=258048
t=204878 read event=64 count=4096 submitted=262144
t=207698 read event=65 count=4096 submitted=266240
t=210443 read event=66 count=4096 submitted=270336
t=213191 read event=67 count=4096 submitted=274432
t=216136 read event=68 count=4096 submitted=278528
t=218955 read event=69 count=4096 submitted=282624
t=221708 read event=70 count=4096 submitted=286720
t=224487 read event=71 count=4096 submitted=290816
t=227446 read event=72 count=4096 submitted=294912
t=230270 read event=73 count=4096 submitted=299008
t=233035 read event=74 count=4096 submitted=303104
t=235786 read event=75 count=4096 submitted=307200
t=238735 read event=76 count=4096 submitted=311296
t=241558 read event=77 count=4096 submitted=315392
t=244305 read event=78 count=4096 submitted=319488
t=247051 read event=79 count=4096 submitted=323584
t=249999 read event=80 count=4096 submitted=327680
t=252818 read event=81 count=4096 submitted=331776
t=255566 read event=82 count=4096 submitted=335872
t=258307 read event=83 count=4096 submitted=339968
t=261256 read event=84 count=4096 submitted=344064
t=264075 read event=85 count=4096 submitted=348160
t=266834 read event=86 count=4096 submitted=352256
t=269582 read event=87 count=4096 submitted=356352
t=272541 read event=88 count=4096 submitted=360448
t=275351 read event=89 count=4096 submitted=364544
t=278101 read event=90 count=4096 submitted=368640
t=280850 read event=91 count=4096 submitted=372736
t=283803 read event=92 count=4096 submitted=376832
t=286624 read event=93 count=4096 submitted=380928
t=289365 read event=94 count=4096 submitted=385024
t=292113 read event=95 count=4096 submitted=389120
t=295061 read event=96 count=4096 submitted=393216
t=297886 read event=97 count=4096 submitted=397312
t=300634 read event=98 count=4096 submitted=401408
t=303425 read event=99 count=4096 submitted=405504
t=306383 read event=100 count=4096 submitted=409600
t=309205 read event=101 count=4096 submitted=413696
t=311958 read event=102 count=4096 submitted=417792
t=314704 read event=103 count=4096 submitted=421888
t=317664 read event=104 count=4096 submitted=425984
t=320473 read event=105 count=4096 submitted=430080
t=323227 read event=106 count=4096 submitted=434176
t=325977 read event=107 count=4096 submitted=438272
t=328921 read event=108 count=4096 submitted=442368
t=331738 read event=109 count=4096 submitted=446464
t=334480 read event=110 count=4096 submitted=450560
t=337234 read event=111 count=4096 submitted=454656
t=340182 read event=112 count=4096 submitted=458752
t=343007 read event=113 count=4096 submitted=462848
t=345759 read event=114 count=4096 submitted=466944
t=348498 read event=115 count=4096 submitted=471040
t=351448 read event=116 count=4096 submitted=475136
t=354270 read event=117 count=4096 submitted=479232
t=357014 read event=118 count=4096 submitted=483328
t=359763 read event=119 count=4096 submitted=487424
t=362723 read event=120 count=4096 submitted=491520
t=365536 read event=121 count=4096 submitted=495616
t=368295 read event=122 count=4096 submitted=499712
t=371042 read event=123 count=4096 submitted=503808
t=373992 read event=124 count=4096 submitted=507904
t=376810 read event=125 count=4096 submitted=512000
t=379563 read event=126 count=4096 submitted=516096
t=382305 read event=127 count=4096 submitted=520192
t=385259 read event=128 count=4096 submitted=524288
t=388081 read event=129 count=4096 submitted=528384
t=390830 read event=130 count=4096 submitted=532480
t=393581 read event=131 count=4096 submitted=536576
t=396535 read event=132 count=4096 submitted=540672
t=399349 read event=133 count=4096 submitted=544768
t=402101 read event=134 count=4096 submitted=548864
t=404851 read event=135 count=4096 submitted=552960
t=407799 read event=136 count=4096 submitted=557056
t=410611 read event=137 count=4096 submitted=561152
t=413357 read event=138 count=4096 submitted=565248
t=416106 read event=139 count=4096 submitted=569344
t=419054 read event=140 count=4096 submitted=573440
t=421872 read event=141 count=4096 submitted=577536
t=424623 read event=142 count=4096 submitted=581632
t=427363 read event=143 count=4096 submitted=585728
t=430318 read event=144 count=4096 submitted=589824
t=433139 read event=145 count=4096 submitted=593920
t=435890 read event=146 count=4096 submitted=598016
t=438640 read event=147 count=4096 submitted=602112
t=441597 read event=148 count=4096 submitted=606208
t=444417 read event=149 count=4096 submitted=610304
t=447188 read event=150 count=4096 submitted=614400
t=449938 read event=151 count=4096 submitted=618496
t=452888 read event=152 count=4096 submitted=622592
t=455703 read event=153 count=4096 submitted=626688
t=458449 read event=154 count=4096 submitted=630784
t=461199 read event=155 count=4096 submitted=634880
t=464146 read event=156 count=4096 submitted=638976
t=466972 read event=157 count=4096 submitted=643072
t=469722 read event=158 count=4096 submitted=647168
t=472462 read event=159 count=4096 submitted=651264
t=475421 read event=160 count=4096 submitted=655360
t=478249 read event=161 count=4096 submitted=659456
t=480999 read event=162 count=4096 submitted=663552
t=483748 read event=163 count=4096 submitted=667648
t=486706 read event=164 count=4096 submitted=671744
t=489527 read event=165 count=4096 submitted=675840
t=492272 read event=166 count=4096 submitted=679936
t=495020 read event=167 count=4096 submitted=684032
t=497966 read event=168 count=4096 submitted=688128
t=500779 read event=169 count=4096 submitted=692224
t=503528 read event=170 count=4096 submitted=696320
t=506271 read event=171 count=4096 submitted=700416
t=509220 read event=172 count=4096 submitted=704512
t=512087 read event=173 count=4096 submitted=708608
t=514844 read event=174 count=4096 submitted=712704
t=517590 read event=175 count=4096 submitted=716800
t=520536 read event=176 count=4096 submitted=720896
t=523353 read event=177 count=4096 submitted=724992
t=526108 read event=178 count=4096 submitted=729088
t=528856 read event=179 count=4096 submitted=733184
t=531813 read event=180 count=4096 submitted=737280
t=534631 read event=181 count=4096 submitted=741376
t=537373 read event=182 count=4096 submitted=745472
t=540123 read event=183 count=4096 submitted=749568
t=543097 read event=184 count=4096 submitted=753664
t=545937 read event=185 count=4096 submitted=757760
t=548689 read event=186 count=4096 submitted=761856
t=551429 read event=187 count=4096 submitted=765952
t=554387 read event=188 count=4096 submitted=770048
t=557208 read event=189 count=4096 submitted=774144
t=559960 read event=190 count=4096 submitted=778240
t=562708 read event=191 count=4096 submitted=782336
t=565667 read event=192 count=4096 submitted=786432
t=568495 read event=193 count=4096 submitted=790528
t=571249 read event=194 count=4096 submitted=794624
t=573997 read event=195 count=4096 submitted=798720
t=576939 read event=196 count=4096 submitted=802816
t=579759 read event=197 count=4096 submitted=806912
t=582502 read event=198 count=4096 submitted=811008
t=585255 read event=199 count=4096 submitted=815104
t=588205 read event=200 count=4096 submitted=819200
t=591021 read event=201 count=4096 submitted=823296
t=593774 read event=202 count=4096 submitted=827392
t=596514 read event=203 count=4096 submitted=831488
t=599459 read event=204 count=4096 submitted=835584
t=602284 read event=205 count=4096 submitted=839680
t=605035 read event=206 count=4096 submitted=843776
t=607786 read event=207 count=4096 submitted=847872
t=610740 read event=208 count=4096 submitted=851968
t=613560 read event=209 count=4096 submitted=856064
t=616305 read event=210 count=4096 submitted=860160
t=619054 read event=211 count=4096 submitted=864256
t=622001 read event=212 count=4096 submitted=868352
t=624816 read event=213 count=4096 submitted=872448
t=627564 read event=214 count=4096 submitted=876544
t=630306 read event=215 count=4096 submitted=880640
t=633258 read event=216 count=4096 submitted=884736
t=636073 read event=217 count=4096 submitted=888832
t=638823 read event=218 count=4096 submitted=892928
t=641570 read event=219 count=4096 submitted=897024
t=644508 read event=220 count=4096 submitted=901120
t=647328 read event=221 count=4096 submitted=905216
t=650079 read event=222 count=4096 submitted=909312
t=652829 read event=223 count=4096 submitted=913408
t=655786 read event=224 count=4096 submitted=917504
t=658609 read event=225 count=4096 submitted=921600
t=661355 read event=226 count=4096 submitted=925696
t=664102 read event=227 count=4096 submitted=929792
t=667058 read event=228 count=4096 submitted=933888
t=669904 read event=229 count=4096 submitted=937984
t=672663 read event=230 count=4096 submitted=942080
t=675406 read event=231 count=4096 submitted=946176
t=678362 read event=232 count=4096 submitted=950272
t=691549 read event=233 count=4096 submitted=954368
t=694300 read event=234 count=4096 submitted=958464
t=697046 read event=235 count=4096 submitted=962560
t=700008 read event=236 count=4096 submitted=966656
t=702834 read event=237 count=4096 submitted=970752
t=705587 read event=238 count=4096 submitted=974848
t=708328 read event=239 count=4096 submitted=978944
t=711297 read event=240 count=4096 submitted=983040
t=714124 read event=241 count=4096 submitted=987136
t=716876 read event=242 count=4096 submitted=991232
t=719677 read event=243 count=4096 submitted=995328
t=722633 read event=244 count=4096 submitted=999424
t=725453 read event=245 count=4096 submitted=1003520
t=728209 read event=246 count=4096 submitted=1007616
t=730957 read event=247 count=4096 submitted=1011712
t=733906 read event=248 count=4096 submitted=1015808
t=736722 read event=249 count=4096 submitted=1019904
t=739464 read event=250 count=4096 submitted=1024000
t=742213 read event=251 count=4096 submitted=1028096
t=745170 read event=252 count=4096 submitted=1032192
t=747995 read event=253 count=4096 submitted=1036288
t=750745 read event=254 count=4096 submitted=1040384
t=753487 read event=255 count=4096 submitted=1044480
t=756435 read event=256 count=4096 submitted=1048576
t=759259 read event=257 count=4096 submitted=1052672
t=762012 read event=258 count=4096 submitted=1056768
t=764761 read event=259 count=4096 submitted=1060864
t=767708 read event=260 count=4096 submitted=1064960
t=770528 read event=261 count=4096 submitted=1069056
t=773272 read event=262 count=4096 submitted=1073152
t=776022 read event=263 count=4096 submitted=1077248
t=778965 read event=264 count=4096 submitted=1081344
t=781782 read event=265 count=4096 submitted=1085440
t=784548 read event=266 count=4096 submitted=1089536
t=787289 read event=267 count=4096 submitted=1093632
t=790260 read event=268 count=4096 submitted=1097728
t=793078 read event=269 count=4096 submitted=1101824
t=795832 read event=270 count=4096 submitted=1105920
t=798576 read event=271 count=4096 submitted=1110016
t=801523 read event=272 count=4096 submitted=1114112
t=804337 read event=273 count=4096 submitted=1118208
t=807086 read event=274 count=4096 submitted=1122304
t=809837 read event=275 count=4096 submitted=1126400
t=812786 read event=276 count=4096 submitted=1130496
t=815605 read event=277 count=4096 submitted=1134592
t=818348 read event=278 count=4096 submitted=1138688
t=821094 read event=279 count=4096 submitted=1142784
t=824043 read event=280 count=4096 submitted=1146880
t=826860 read event=281 count=4096 submitted=1150976
t=829612 read event=282 count=4096 submitted=1155072
t=832353 read event=283 count=4096 submitted=1159168
t=835316 read event=284 count=4096 submitted=1163264
t=838134 read event=285 count=4096 submitted=1167360
t=840886 read event=286 count=4096 submitted=1171456
t=843632 read event=287 count=4096 submitted=1175552
t=846576 read event=288 count=4096 submitted=1179648
t=849393 read event=289 count=4096 submitted=1183744
t=852145 read event=290 count=4096 submitted=1187840
t=854894 read event=291 count=4096 submitted=1191936
t=857842 read event=292 count=4096 submitted=1196032
t=860657 read event=293 count=4096 submitted=1200128
t=863397 read event=294 count=4096 submitted=1204224
t=866144 read event=295 count=4096 submitted=1208320
t=869089 read event=296 count=4096 submitted=1212416
t=871906 read event=297 count=4096 submitted=1216512
t=874655 read event=298 count=4096 submitted=1220608
t=877395 read event=299 count=4096 submitted=1224704
t=880361 read event=300 count=4096 submitted=1228800
t=883189 read event=301 count=4096 submitted=1232896
t=885942 read event=302 count=4096 submitted=1236992
t=888690 read event=303 count=4096 submitted=1241088
t=891638 read event=304 count=4096 submitted=1245184
t=894451 read event=305 count=4096 submitted=1249280
t=897201 read event=306 count=4096 submitted=1253376
t=899973 read event=307 count=4096 submitted=1257472
t=902923 read event=308 count=4096 submitted=1261568
t=905746 read event=309 count=4096 submitted=1265664
t=908492 read event=310 count=4096 submitted=1269760
t=911240 read event=311 count=4096 submitted=1273856
t=914201 read event=312 count=4096 submitted=1277952
t=917019 read event=313 count=4096 submitted=1282048
t=919773 read event=314 count=4096 submitted=1286144
t=922522 read event=315 count=4096 submitted=1290240
t=925458 read event=316 count=4096 submitted=1294336
t=928344 read event=317 count=4096 submitted=1298432
t=931102 read event=318 count=4096 submitted=1302528
t=933852 read event=319 count=4096 submitted=1306624
t=936802 read event=320 count=4096 submitted=1310720
t=939630 read event=321 count=4096 submitted=1314816
t=942374 read event=322 count=4096 submitted=1318912
t=945124 read event=323 count=4096 submitted=1323008
t=948075 read event=324 count=4096 submitted=1327104
t=950918 read event=325 count=4096 submitted=1331200
t=953669 read event=326 count=4096 submitted=1335296
t=956417 read event=327 count=4096 submitted=1339392
t=959390 read event=328 count=4096 submitted=1343488
t=962213 read event=329 count=4096 submitted=1347584
t=964967 read event=330 count=4096 submitted=1351680
t=967713 read event=331 count=4096 submitted=1355776
t=970656 read event=332 count=4096 submitted=1359872
t=973470 read event=333 count=4096 submitted=1363968
t=976228 read event=334 count=4096 submitted=1368064
t=978979 read event=335 count=4096 submitted=1372160
t=981926 read event=336 count=4096 submitted=1376256
t=984757 read event=337 count=4096 submitted=1380352
t=987503 read event=338 count=4096 submitted=1384448
t=990254 read event=339 count=4096 submitted=1388544
t=993202 read event=340 count=4096 submitted=1392640
t=996020 read event=341 count=4096 submitted=1396736
t=998769 read event=342 count=4096 submitted=1400832
t=1001510 read event=343 count=4096 submitted=1404928
t=1004470 read event=344 count=4096 submitted=1409024
t=1007290 read event=345 count=4096 submitted=1413120
t=1010042 read event=346 count=4096 submitted=1417216
t=1012789 read event=347 count=4096 submitted=1421312
t=1015735 read event=348 count=4096 submitted=1425408
t=1018550 read event=349 count=4096 submitted=1429504
t=1021294 read event=350 count=4096 submitted=1433600
t=1024042 read event=351 count=4096 submitted=1437696
t=1026987 read event=352 count=4096 submitted=1441792
t=1029807 read event=353 count=4096 submitted=1445888
t=1032556 read event=354 count=4096 submitted=1449984
t=1035298 read event=355 count=4096 submitted=1454080
t=1038252 read event=356 count=4096 submitted=1458176
t=1041068 read event=357 count=4096 submitted=1462272
t=1043820 read event=358 count=4096 submitted=1466368
t=1046569 read event=359 count=4096 submitted=1470464
t=1049527 read event=360 count=4096 submitted=1474560
t=1052347 read event=361 count=4096 submitted=1478656
t=1055098 read event=362 count=4096 submitted=1482752
t=1057845 read event=363 count=4096 submitted=1486848
t=1060792 read event=364 count=4096 submitted=1490944
t=1063609 read event=365 count=4096 submitted=1495040
t=1066352 read event=366 count=4096 submitted=1499136
t=1069100 read event=367 count=4096 submitted=1503232
t=1072046 read event=368 count=4096 submitted=1507328
t=1074866 read event=369 count=4096 submitted=1511424
t=1077620 read event=370 count=4096 submitted=1515520
t=1080364 read event=371 count=4096 submitted=1519616
t=1083342 read event=372 count=4096 submitted=1523712
t=1086163 read event=373 count=4096 submitted=1527808
t=1088911 read event=374 count=4096 submitted=1531904
t=1091663 read event=375 count=4096 submitted=1536000
t=1094604 read event=376 count=4096 submitted=1540096
t=1097411 read event=377 count=4096 submitted=1544192
t=1100164 read event=378 count=4096 submitted=1548288
t=1102909 read event=379 count=4096 submitted=1552384
t=1105858 read event=380 count=4096 submitted=1556480
t=1108676 read event=381 count=4096 submitted=1560576
t=1111423 read event=382 count=4096 submitted=1564672
t=1114191 read event=383 count=4096 submitted=1568768
t=1117139 read event=384 count=4096 submitted=1572864
t=1119961 read event=385 count=4096 submitted=1576960
t=1122710 read event=386 count=4096 submitted=1581056
t=1125450 read event=387 count=4096 submitted=1585152
t=1128416 read event=388 count=4096 submitted=1589248
t=1131240 read event=389 count=4096 submitted=1593344
t=1134035 read event=390 count=4096 submitted=1597440
t=1136789 read event=391 count=4096 submitted=1601536
t=1139738 read event=392 count=4096 submitted=1605632
t=1142556 read event=393 count=4096 submitted=1609728
t=1145299 read event=394 count=4096 submitted=1613824
t=1148046 read event=395 count=4096 submitted=1617920
t=1150992 read event=396 count=4096 submitted=1622016
t=1153819 read event=397 count=4096 submitted=1626112
t=1156568 read event=398 count=4096 submitted=1630208
t=1159309 read event=399 count=4096 submitted=1634304
t=1162263 read event=400 count=4096 submitted=1638400
t=1165080 read event=401 count=4096 submitted=1642496
t=1167831 read event=402 count=4096 submitted=1646592
t=1170579 read event=403 count=4096 submitted=1650688
t=1173537 read event=404 count=4096 submitted=1654784
t=1176350 read event=405 count=4096 submitted=1658880
t=1179103 read event=406 count=4096 submitted=1662976
t=1181851 read event=407 count=4096 submitted=1667072
t=1184804 read event=408 count=4096 submitted=1671168
t=1187634 read event=409 count=4096 submitted=1675264
t=1190379 read event=410 count=4096 submitted=1679360
t=1193124 read event=411 count=4096 submitted=1683456
t=1196071 read event=412 count=4096 submitted=1687552
t=1198884 read event=413 count=4096 submitted=1691648
t=1201637 read event=414 count=4096 submitted=1695744
t=1204378 read event=415 count=4096 submitted=1699840
t=1207327 read event=416 count=4096 submitted=1703936
t=1210144 read event=417 count=4096 submitted=1708032
t=1212895 read event=418 count=4096 submitted=1712128
t=1215640 read event=419 count=4096 submitted=1716224
t=1218603 read event=420 count=4096 submitted=1720320
t=1221413 read event=421 count=4096 submitted=1724416
t=1224163 read event=422 count=4096 submitted=1728512
t=1226911 read event=423 count=4096 submitted=1732608
t=1229856 read event=424 count=4096 submitted=1736704
t=1232671 read event=425 count=4096 submitted=1740800
t=1235418 read event=426 count=4096 submitted=1744896
t=1238168 read event=427 count=4096 submitted=1748992
t=1241114 read event=428 count=4096 submitted=1753088
t=1243933 read event=429 count=4096 submitted=1757184
t=1246680 read event=430 count=4096 submitted=1761280
t=1249420 read event=431 count=4096 submitted=1765376
t=1252387 read event=432 count=4096 submitted=1769472
t=1255211 read event=433 count=4096 submitted=1773568
t=1257963 read event=434 count=4096 submitted=1777664
t=1260712 read event=435 count=4096 submitted=1781760
t=1263661 read event=436 count=4096 submitted=1785856
t=1266471 read event=437 count=4096 submitted=1789952
t=1269225 read event=438 count=4096 submitted=1794048
t=1271976 read event=439 count=4096 submitted=1798144
t=1274920 read event=440 count=4096 submitted=1802240
t=1277739 read event=441 count=4096 submitted=1806336
t=1280483 read event=442 count=4096 submitted=1810432
t=1283246 read event=443 count=4096 submitted=1814528
t=1286195 read event=444 count=4096 submitted=1818624
t=1289016 read event=445 count=4096 submitted=1822720
t=1291770 read event=446 count=4096 submitted=1826816
t=1294511 read event=447 count=4096 submitted=1830912
t=1297471 read event=448 count=4096 submitted=1835008
t=1300295 read event=449 count=4096 submitted=1839104
t=1303048 read event=450 count=4096 submitted=1843200
t=1305799 read event=451 count=4096 submitted=1847296
t=1308747 read event=452 count=4096 submitted=1851392
t=1311565 read event=453 count=4096 submitted=1855488
t=1314310 read event=454 count=4096 submitted=1859584
t=1317059 read event=455 count=4096 submitted=1863680
t=1320002 read event=456 count=4096 submitted=1867776
t=1322817 read event=457 count=4096 submitted=1871872
t=1325571 read event=458 count=4096 submitted=1875968
t=1328334 read event=459 count=4096 submitted=1880064
t=1331286 read event=460 count=4096 submitted=1884160
t=1334111 read event=461 count=4096 submitted=1888256
t=1336863 read event=462 count=4096 submitted=1892352
t=1339610 read event=463 count=4096 submitted=1896448
t=1342620 read event=464 count=4096 submitted=1900544
t=1345438 read event=465 count=4096 submitted=1904640
t=1348191 read event=466 count=4096 submitted=1908736
t=1350938 read event=467 count=4096 submitted=1912832
t=1353886 read event=468 count=4096 submitted=1916928
t=1356710 read event=469 count=4096 submitted=1921024
t=1359452 read event=470 count=4096 submitted=1925120
t=1362201 read event=471 count=4096 submitted=1929216
t=1365142 read event=472 count=4096 submitted=1933312
t=1367961 read event=473 count=4096 submitted=1937408
t=1370711 read event=474 count=4096 submitted=1941504
t=1373449 read event=475 count=4096 submitted=1945600
t=1376402 read event=476 count=4096 submitted=1949696
t=1379221 read event=477 count=4096 submitted=1953792
t=1381977 read event=478 count=4096 submitted=1957888
t=1384734 read event=479 count=4096 submitted=1961984
t=1387693 read event=480 count=4096 submitted=1966080
t=1390709 read event=481 count=4096 submitted=1970176
t=1393473 read event=482 count=4096 submitted=1974272
t=1396236 read event=483 count=4096 submitted=1978368
t=1399190 read event=484 count=4096 submitted=1982464
t=1402025 read event=485 count=4096 submitted=1986560
t=1404774 read event=486 count=4096 submitted=1990656
t=1407523 read event=487 count=4096 submitted=1994752
t=1410463 read event=488 count=4096 submitted=1998848
t=1413288 read event=489 count=4096 submitted=2002944
t=1416040 read event=490 count=4096 submitted=2007040
t=1418787 read event=491 count=4096 submitted=2011136
t=1421755 read event=492 count=4096 submitted=2015232
t=1424575 read event=493 count=4096 submitted=2019328
t=1427318 read event=494 count=4096 submitted=2023424
t=1430070 read event=495 count=4096 submitted=2027520
t=1433017 read event=496 count=4096 submitted=2031616
t=1435835 read event=497 count=4096 submitted=2035712
t=1438586 read event=498 count=4096 submitted=2039808
t=1441327 read event=499 count=4096 submitted=2043904
t=1444292 read event=500 count=4096 submitted=2048000
t=1447110 read event=501 count=4096 submitted=2052096
t=1449861 read event=502 count=4096 submitted=2056192
t=1452607 read event=503 count=4096 submitted=2060288
t=1455554 read event=504 count=4096 submitted=2064384
t=1458370 read event=505 count=4096 submitted=2068480
t=1461122 read event=506 count=4096 submitted=2072576
t=1463868 read event=507 count=4096 submitted=2076672
t=1466825 read event=508 count=4096 submitted=2080768
t=1469643 read event=509 count=4096 submitted=2084864
t=1472391 read event=510 count=4096 submitted=2088960
t=1475138 read event=511 count=4096 submitted=2093056
t=1478085 read event=512 count=4096 submitted=2097152
t=1480904 read event=513 count=4096 submitted=2101248
t=1483667 read event=514 count=4096 submitted=2105344
t=1486413 read event=515 count=4096 submitted=2109440
t=1489369 read event=516 count=4096 submitted=2113536
t=1492189 read event=517 count=4096 submitted=2117632
t=1494938 read event=518 count=4096 submitted=2121728
t=1497688 read event=519 count=4096 submitted=2125824
t=1500628 read event=520 count=4096 submitted=2129920
t=1503479 read event=521 count=4096 submitted=2134016
t=1506243 read event=522 count=4096 submitted=2138112
t=1508993 read event=523 count=4096 submitted=2142208
t=1511954 read event=524 count=4096 submitted=2146304
t=1514777 read event=525 count=4096 submitted=2150400
t=1517529 read event=526 count=4096 submitted=2154496
t=1520271 read event=527 count=4096 submitted=2158592
t=1523217 read event=528 count=4096 submitted=2162688
t=1526040 read event=529 count=4096 submitted=2166784
t=1528789 read event=530 count=4096 submitted=2170880
t=1531536 read event=531 count=4096 submitted=2174976
t=1534476 read event=532 count=4096 submitted=2179072
t=1537299 read event=533 count=4096 submitted=2183168
t=1540052 read event=534 count=4096 submitted=2187264
t=1542822 read event=535 count=4096 submitted=2191360
t=1545773 read event=536 count=4096 submitted=2195456
t=1548591 read event=537 count=4096 submitted=2199552
t=1551387 read event=538 count=4096 submitted=2203648
t=1554141 read event=539 count=4096 submitted=2207744
t=1557101 read event=540 count=4096 submitted=2211840
t=1559938 read event=541 count=4096 submitted=2215936
t=1562688 read event=542 count=4096 submitted=2220032
t=1565428 read event=543 count=4096 submitted=2224128
t=1568393 read event=544 count=4096 submitted=2228224
t=1571226 read event=545 count=4096 submitted=2232320
t=1573979 read event=546 count=4096 submitted=2236416
t=1576723 read event=547 count=4096 submitted=2240512
t=1579669 read event=548 count=4096 submitted=2244608
t=1582485 read event=549 count=4096 submitted=2248704
t=1585248 read event=550 count=4096 submitted=2252800
t=1587997 read event=551 count=4096 submitted=2256896
t=1590957 read event=552 count=4096 submitted=2260992
t=1593777 read event=553 count=4096 submitted=2265088
t=1596528 read event=554 count=4096 submitted=2269184
t=1599270 read event=555 count=4096 submitted=2273280
t=1602215 read event=556 count=4096 submitted=2277376
t=1605029 read event=557 count=4096 submitted=2281472
t=1607781 read event=558 count=4096 submitted=2285568
t=1610530 read event=559 count=4096 submitted=2289664
t=1613472 read event=560 count=4096 submitted=2293760
t=1616298 read event=561 count=4096 submitted=2297856
t=1619047 read event=562 count=4096 submitted=2301952
t=1621795 read event=563 count=4096 submitted=2306048
t=1624739 read event=564 count=4096 submitted=2310144
t=1627557 read event=565 count=4096 submitted=2314240
t=1630302 read event=566 count=4096 submitted=2318336
t=1633049 read event=567 count=4096 submitted=2322432
t=1636011 read event=568 count=4096 submitted=2326528
t=1638829 read event=569 count=4096 submitted=2330624
t=1641583 read event=570 count=4096 submitted=2334720
t=1644324 read event=571 count=4096 submitted=2338816
t=1647274 read event=572 count=4096 submitted=2342912
t=1650093 read event=573 count=4096 submitted=2347008
t=1652844 read event=574 count=4096 submitted=2351104
t=1655590 read event=575 count=4096 submitted=2355200
t=1658538 read event=576 count=4096 submitted=2359296
t=1661356 read event=577 count=4096 submitted=2363392
t=1664107 read event=578 count=4096 submitted=2367488
t=1666852 read event=579 count=4096 submitted=2371584
t=1669800 read event=580 count=4096 submitted=2375680
t=1672619 read event=581 count=4096 submitted=2379776
t=1675360 read event=582 count=4096 submitted=2383872
t=1678107 read event=583 count=4096 submitted=2387968
t=1681062 read event=584 count=4096 submitted=2392064
t=1683896 read event=585 count=4096 submitted=2396160
t=1686647 read event=586 count=4096 submitted=2400256
t=1689386 read event=587 count=4096 submitted=2404352
t=1692340 read event=588 count=4096 submitted=2408448
t=1695167 read event=589 count=4096 submitted=2412544
t=1697925 read event=590 count=4096 submitted=2416640
t=1700674 read event=591 count=4096 submitted=2420736
t=1703628 read event=592 count=4096 submitted=2424832
t=1706447 read event=593 count=4096 submitted=2428928
t=1709196 read event=594 count=4096 submitted=2433024
t=1711947 read event=595 count=4096 submitted=2437120
t=1714892 read event=596 count=4096 submitted=2441216
t=1717712 read event=597 count=4096 submitted=2445312
t=1720453 read event=598 count=4096 submitted=2449408
t=1723199 read event=599 count=4096 submitted=2453504
t=1726157 read event=600 count=4096 submitted=2457600
t=1728972 read event=601 count=4096 submitted=2461696
t=1731721 read event=602 count=4096 submitted=2465792
t=1734464 read event=603 count=4096 submitted=2469888
t=1737413 read event=604 count=4096 submitted=2473984
t=1740240 read event=605 count=4096 submitted=2478080
t=1742992 read event=606 count=4096 submitted=2482176
t=1745739 read event=607 count=4096 submitted=2486272
t=1748681 read event=608 count=4096 submitted=2490368
t=1751492 read event=609 count=4096 submitted=2494464
t=1754247 read event=610 count=4096 submitted=2498560
t=1757012 read event=611 count=4096 submitted=2502656
t=1760029 read event=612 count=4096 submitted=2506752
t=1762866 read event=613 count=4096 submitted=2510848
t=1765621 read event=614 count=4096 submitted=2514944
t=1768365 read event=615 count=4096 submitted=2519040
t=1771314 read event=616 count=4096 submitted=2523136
t=1774129 read event=617 count=4096 submitted=2527232
t=1776878 read event=618 count=4096 submitted=2531328
t=1779627 read event=619 count=4096 submitted=2535424
t=1782586 read event=620 count=4096 submitted=2539520
t=1785399 read event=621 count=4096 submitted=2543616
t=1788151 read event=622 count=4096 submitted=2547712
t=1790900 read event=623 count=4096 submitted=2551808
t=1793853 read event=624 count=4096 submitted=2555904
t=1796674 read event=625 count=4096 submitted=2560000
t=1799418 read event=626 count=4096 submitted=2564096
t=1802166 read event=627 count=4096 submitted=2568192
t=1805125 read event=628 count=4096 submitted=2572288
t=1807942 read event=629 count=4096 submitted=2576384
t=1810689 read event=630 count=4096 submitted=2580480
t=1813432 read event=631 count=4096 submitted=2584576
t=1816380 read event=632 count=4096 submitted=2588672
t=1819199 read event=633 count=4096 submitted=2592768
t=1821950 read event=634 count=4096 submitted=2596864
t=1824702 read event=635 count=4096 submitted=2600960
t=1827642 read event=636 count=4096 submitted=2605056
t=1830452 read event=637 count=4096 submitted=2609152
t=1833204 read event=638 count=4096 submitted=2613248
t=1835950 read event=639 count=4096 submitted=2617344
t=1838900 read event=640 count=4096 submitted=2621440
t=1841718 read event=641 count=4096 submitted=2625536
t=1844462 read event=642 count=4096 submitted=2629632
t=1847209 read event=643 count=4096 submitted=2633728
t=1850167 read event=644 count=4096 submitted=2637824
t=1852987 read event=645 count=4096 submitted=2641920
t=1855736 read event=646 count=4096 submitted=2646016
t=1858476 read event=647 count=4096 submitted=2650112
t=1861430 read event=648 count=4096 submitted=2654208
t=1864256 read event=649 count=4096 submitted=2658304
t=1867007 read event=650 count=4096 submitted=2662400
t=1869752 read event=651 count=4096 submitted=2666496
t=1872695 read event=652 count=4096 submitted=2670592
t=1875505 read event=653 count=4096 submitted=2674688
t=1878260 read event=654 count=4096 submitted=2678784
t=1881006 read event=655 count=4096 submitted=2682880
t=1883969 read event=656 count=4096 submitted=2686976
t=1886789 read event=657 count=4096 submitted=2691072
t=1889539 read event=658 count=4096 submitted=2695168
t=1892280 read event=659 count=4096 submitted=2699264
t=1895243 read event=660 count=4096 submitted=2703360
t=1898062 read event=661 count=4096 submitted=2707456
t=1900813 read event=662 count=4096 submitted=2711552
t=1903561 read event=663 count=4096 submitted=2715648
t=1906499 read event=664 count=4096 submitted=2719744
t=1909322 read event=665 count=4096 submitted=2723840
t=1912072 read event=666 count=4096 submitted=2727936
t=1914820 read event=667 count=4096 submitted=2732032
t=1917764 read event=668 count=4096 submitted=2736128
t=1920581 read event=669 count=4096 submitted=2740224
t=1923328 read event=670 count=4096 submitted=2744320
t=1926075 read event=671 count=4096 submitted=2748416
t=1929040 read event=672 count=4096 submitted=2752512
t=1931859 read event=673 count=4096 submitted=2756608
t=1934608 read event=674 count=4096 submitted=2760704
t=1937348 read event=675 count=4096 submitted=2764800
t=1940353 read event=676 count=4096 submitted=2768896
t=1943177 read event=677 count=4096 submitted=2772992
t=1945928 read event=678 count=4096 submitted=2777088
t=1948680 read event=679 count=4096 submitted=2781184
t=1951643 read event=680 count=4096 submitted=2785280
t=1954471 read event=681 count=4096 submitted=2789376
t=1957231 read event=682 count=4096 submitted=2793472
t=1959979 read event=683 count=4096 submitted=2797568
t=1962927 read event=684 count=4096 submitted=2801664
t=1965797 read event=685 count=4096 submitted=2805760
t=1968555 read event=686 count=4096 submitted=2809856
t=1971322 read event=687 count=4096 submitted=2813952
t=1974297 read event=688 count=4096 submitted=2818048
t=1977124 read event=689 count=4096 submitted=2822144
t=1979878 read event=690 count=4096 submitted=2826240
t=1982641 read event=691 count=4096 submitted=2830336
t=1985589 read event=692 count=4096 submitted=2834432
t=1988401 read event=693 count=4096 submitted=2838528
t=1991150 read event=694 count=4096 submitted=2842624
t=1993902 read event=695 count=4096 submitted=2846720
t=1996844 read event=696 count=4096 submitted=2850816
t=1999661 read event=697 count=4096 submitted=2854912
t=2002405 read event=698 count=4096 submitted=2859008
t=2005153 read event=699 count=4096 submitted=2863104
t=2008098 read event=700 count=4096 submitted=2867200
t=2010919 read event=701 count=4096 submitted=2871296
t=2013669 read event=702 count=4096 submitted=2875392
t=2016412 read event=703 count=4096 submitted=2879488
t=2019388 read event=704 count=4096 submitted=2883584
t=2022210 read event=705 count=4096 submitted=2887680
t=2024958 read event=706 count=4096 submitted=2891776
t=2027706 read event=707 count=4096 submitted=2895872
t=2030651 read event=708 count=4096 submitted=2899968
t=2033461 read event=709 count=4096 submitted=2904064
t=2036211 read event=710 count=4096 submitted=2908160
t=2038958 read event=711 count=4096 submitted=2912256
t=2041903 read event=712 count=4096 submitted=2916352
t=2044717 read event=713 count=4096 submitted=2920448
t=2047461 read event=714 count=4096 submitted=2924544
t=2050208 read event=715 count=4096 submitted=2928640
t=2053148 read event=716 count=4096 submitted=2932736
t=2055967 read event=717 count=4096 submitted=2936832
t=2058718 read event=718 count=4096 submitted=2940928
t=2061460 read event=719 count=4096 submitted=2945024
t=2064429 read event=720 count=4096 submitted=2949120
t=2067259 read event=721 count=4096 submitted=2953216
t=2070009 read event=722 count=4096 submitted=2957312
t=2072754 read event=723 count=4096 submitted=2961408
t=2075701 read event=724 count=4096 submitted=2965504
t=2078508 read event=725 count=4096 submitted=2969600
t=2081259 read event=726 count=4096 submitted=2973696
t=2084021 read event=727 count=4096 submitted=2977792
t=2086969 read event=728 count=4096 submitted=2981888
t=2089792 read event=729 count=4096 submitted=2985984
t=2092545 read event=730 count=4096 submitted=2990080
t=2095286 read event=731 count=4096 submitted=2994176
t=2098252 read event=732 count=4096 submitted=2998272
t=2101070 read event=733 count=4096 submitted=3002368
t=2103824 read event=734 count=4096 submitted=3006464
t=2106569 read event=735 count=4096 submitted=3010560
t=2109514 read event=736 count=4096 submitted=3014656
t=2112335 read event=737 count=4096 submitted=3018752
t=2115085 read event=738 count=4096 submitted=3022848
t=2117832 read event=739 count=4096 submitted=3026944
t=2120775 read event=740 count=4096 submitted=3031040
t=2123591 read event=741 count=4096 submitted=3035136
t=2126333 read event=742 count=4096 submitted=3039232
t=2129080 read event=743 count=4096 submitted=3043328
t=2132023 read event=744 count=4096 submitted=3047424
t=2134840 read event=745 count=4096 submitted=3051520
t=2137591 read event=746 count=4096 submitted=3055616
t=2140337 read event=747 count=4096 submitted=3059712
t=2143298 read event=748 count=4096 submitted=3063808
t=2146115 read event=749 count=4096 submitted=3067904
t=2148866 read event=750 count=4096 submitted=3072000
t=2151615 read event=751 count=4096 submitted=3076096
t=2154565 read event=752 count=4096 submitted=3080192
t=2157379 read event=753 count=4096 submitted=3084288
t=2160129 read event=754 count=4096 submitted=3088384
t=2162877 read event=755 count=4096 submitted=3092480
t=2165821 read event=756 count=4096 submitted=3096576
t=2168646 read event=757 count=4096 submitted=3100672
t=2171391 read event=758 count=4096 submitted=3104768
t=2174186 read event=759 count=4096 submitted=3108864
t=2177138 read event=760 count=4096 submitted=3112960
t=2179962 read event=761 count=4096 submitted=3117056
t=2182747 read event=762 count=4096 submitted=3121152
t=2185497 read event=763 count=4096 submitted=3125248
t=2188464 read event=764 count=4096 submitted=3129344
t=2191294 read event=765 count=4096 submitted=3133440
t=2194049 read event=766 count=4096 submitted=3137536
t=2196798 read event=767 count=4096 submitted=3141632
t=2199748 read event=768 count=4096 submitted=3145728
t=2202577 read event=769 count=4096 submitted=3149824
t=2205321 read event=770 count=4096 submitted=3153920
t=2208071 read event=771 count=4096 submitted=3158016
t=2211016 read event=772 count=4096 submitted=3162112
t=2213837 read event=773 count=4096 submitted=3166208
t=2216585 read event=774 count=4096 submitted=3170304
t=2219324 read event=775 count=4096 submitted=3174400
t=2222277 read event=776 count=4096 submitted=3178496
t=2225096 read event=777 count=4096 submitted=3182592
t=2227845 read event=778 count=4096 submitted=3186688
t=2230589 read event=779 count=4096 submitted=3190784
t=2233545 read event=780 count=4096 submitted=3194880
t=2236360 read event=781 count=4096 submitted=3198976
t=2239111 read event=782 count=4096 submitted=3203072
t=2241859 read event=783 count=4096 submitted=3207168
t=2244810 read event=784 count=4096 submitted=3211264
t=2247629 read event=785 count=4096 submitted=3215360
t=2250372 read event=786 count=4096 submitted=3219456
t=2253118 read event=787 count=4096 submitted=3223552
t=2256063 read event=788 count=4096 submitted=3227648
t=2258881 read event=789 count=4096 submitted=3231744
t=2261630 read event=790 count=4096 submitted=3235840
t=2264374 read event=791 count=4096 submitted=3239936
t=2267339 read event=792 count=4096 submitted=3244032
t=2270167 read event=793 count=4096 submitted=3248128
t=2272922 read event=794 count=4096 submitted=3252224
t=2275668 read event=795 count=4096 submitted=3256320
t=2278613 read event=796 count=4096 submitted=3260416
t=2281419 read event=797 count=4096 submitted=3264512
t=2284184 read event=798 count=4096 submitted=3268608
t=2286933 read event=799 count=4096 submitted=3272704
t=2289886 read event=800 count=4096 submitted=3276800
t=2292709 read event=801 count=4096 submitted=3280896
t=2295453 read event=802 count=4096 submitted=3284992
t=2298204 read event=803 count=4096 submitted=3289088
t=2301148 read event=804 count=4096 submitted=3293184
t=2303966 read event=805 count=4096 submitted=3297280
t=2306713 read event=806 count=4096 submitted=3301376
t=2309453 read event=807 count=4096 submitted=3305472
t=2312421 read event=808 count=4096 submitted=3309568
t=2315243 read event=809 count=4096 submitted=3313664
t=2317997 read event=810 count=4096 submitted=3317760
t=2320742 read event=811 count=4096 submitted=3321856
t=2323691 read event=812 count=4096 submitted=3325952
t=2326502 read event=813 count=4096 submitted=3330048
t=2329255 read event=814 count=4096 submitted=3334144
t=2332001 read event=815 count=4096 submitted=3338240
t=2334951 read event=816 count=4096 submitted=3342336
t=2337771 read event=817 count=4096 submitted=3346432
t=2340523 read event=818 count=4096 submitted=3350528
t=2343265 read event=819 count=4096 submitted=3354624
t=2346208 read event=820 count=4096 submitted=3358720
t=2349024 read event=821 count=4096 submitted=3362816
t=2351773 read event=822 count=4096 submitted=3366912
t=2354514 read event=823 count=4096 submitted=3371008
t=2357469 read event=824 count=4096 submitted=3375104
t=2360293 read event=825 count=4096 submitted=3379200
t=2363043 read event=826 count=4096 submitted=3383296
t=2365791 read event=827 count=4096 submitted=3387392
t=2368738 read event=828 count=4096 submitted=3391488
t=2371559 read event=829 count=4096 submitted=3395584
t=2374303 read event=830 count=4096 submitted=3399680
t=2377049 read event=831 count=4096 submitted=3403776
t=2380000 read event=832 count=4096 submitted=3407872
t=2382883 read event=833 count=4096 submitted=3411968
t=2385644 read event=834 count=4096 submitted=3416064
t=2388390 read event=835 count=4096 submitted=3420160
t=2391343 read event=836 count=4096 submitted=3424256
t=2394167 read event=837 count=4096 submitted=3428352
t=2396938 read event=838 count=4096 submitted=3432448
t=2399691 read event=839 count=4096 submitted=3436544
t=2402646 read event=840 count=4096 submitted=3440640
t=2405462 read event=841 count=4096 submitted=3444736
t=2408216 read event=842 count=4096 submitted=3448832
t=2410963 read event=843 count=4096 submitted=3452928
t=2413913 read event=844 count=4096 submitted=3457024
t=2416728 read event=845 count=4096 submitted=3461120
t=2419473 read event=846 count=4096 submitted=3465216
t=2422228 read event=847 count=4096 submitted=3469312
t=2425179 read event=848 count=4096 submitted=3473408
t=2427999 read event=849 count=4096 submitted=3477504
t=2430749 read event=850 count=4096 submitted=3481600
t=2433493 read event=851 count=4096 submitted=3485696
t=2436451 read event=852 count=4096 submitted=3489792
t=2439273 read event=853 count=4096 submitted=3493888
t=2442022 read event=854 count=4096 submitted=3497984
t=2444771 read event=855 count=4096 submitted=3502080
t=2447716 read event=856 count=4096 submitted=3506176
t=2450531 read event=857 count=4096 submitted=3510272
t=2453278 read event=858 count=4096 submitted=3514368
t=2456026 read event=859 count=4096 submitted=3518464
t=2458973 read event=860 count=4096 submitted=3522560
t=2461792 read event=861 count=4096 submitted=3526656
t=2464543 read event=862 count=4096 submitted=3530752
t=2467288 read event=863 count=4096 submitted=3534848
t=2470242 read event=864 count=4096 submitted=3538944
t=2473069 read event=865 count=4096 submitted=3543040
t=2475821 read event=866 count=4096 submitted=3547136
t=2478567 read event=867 count=4096 submitted=3551232
t=2481524 read event=868 count=4096 submitted=3555328
t=2484348 read event=869 count=4096 submitted=3559424
t=2487100 read event=870 count=4096 submitted=3563520
t=2489851 read event=871 count=4096 submitted=3567616
t=2492794 read event=872 count=4096 submitted=3571712
t=2495611 read event=873 count=4096 submitted=3575808
t=2498358 read event=874 count=4096 submitted=3579904
t=2501107 read event=875 count=4096 submitted=3584000
t=2504059 read event=876 count=4096 submitted=3588096
t=2506876 read event=877 count=4096 submitted=3592192
t=2509628 read event=878 count=4096 submitted=3596288
t=2512371 read event=879 count=4096 submitted=3600384
t=2515326 read event=880 count=4096 submitted=3604480
t=2518150 read event=881 count=4096 submitted=3608576
t=2520899 read event=882 count=4096 submitted=3612672
t=2523650 read event=883 count=4096 submitted=3616768
t=2526626 read event=884 count=4096 submitted=3620864
t=2529447 read event=885 count=4096 submitted=3624960
t=2532198 read event=886 count=4096 submitted=3629056
t=2534949 read event=887 count=4096 submitted=3633152
t=2537899 read event=888 count=4096 submitted=3637248
t=2540724 read event=889 count=4096 submitted=3641344
t=2543471 read event=890 count=4096 submitted=3645440
t=2546225 read event=891 count=4096 submitted=3649536
t=2549171 read event=892 count=4096 submitted=3653632
t=2551993 read event=893 count=4096 submitted=3657728
t=2554744 read event=894 count=4096 submitted=3661824
t=2557489 read event=895 count=4096 submitted=3665920
t=2560444 read event=896 count=4096 submitted=3670016
t=2563268 read event=897 count=4096 submitted=3674112
t=2566019 read event=898 count=4096 submitted=3678208
t=2568765 read event=899 count=4096 submitted=3682304
t=2571719 read event=900 count=4096 submitted=3686400
t=2574548 read event=901 count=4096 submitted=3690496
t=2577292 read event=902 count=4096 submitted=3694592
t=2580042 read event=903 count=4096 submitted=3698688
t=2582992 read event=904 count=4096 submitted=3702784
t=2585814 read event=905 count=4096 submitted=3706880
t=2588564 read event=906 count=4096 submitted=3710976
t=2591353 read event=907 count=4096 submitted=3715072
t=2594323 read event=908 count=4096 submitted=3719168
t=2597147 read event=909 count=4096 submitted=3723264
t=2599904 read event=910 count=4096 submitted=3727360
t=2602655 read event=911 count=4096 submitted=3731456
t=2605617 read event=912 count=4096 submitted=3735552
t=2608432 read event=913 count=4096 submitted=3739648
t=2611201 read event=914 count=4096 submitted=3743744
t=2613951 read event=915 count=4096 submitted=3747840
t=2616897 read event=916 count=4096 submitted=3751936
t=2619716 read event=917 count=4096 submitted=3756032
t=2622460 read event=918 count=4096 submitted=3760128
t=2625210 read event=919 count=4096 submitted=3764224
t=2628157 read event=920 count=4096 submitted=3768320
t=2630977 read event=921 count=4096 submitted=3772416
t=2633731 read event=922 count=4096 submitted=3776512
t=2636470 read event=923 count=4096 submitted=3780608
t=2639425 read event=924 count=4096 submitted=3784704
t=2642250 read event=925 count=4096 submitted=3788800
t=2644999 read event=926 count=4096 submitted=3792896
t=2647746 read event=927 count=4096 submitted=3796992
t=2650706 read event=928 count=4096 submitted=3801088
t=2653525 read event=929 count=4096 submitted=3805184
t=2656267 read event=930 count=4096 submitted=3809280
t=2659013 read event=931 count=4096 submitted=3813376
t=2661960 read event=932 count=4096 submitted=3817472
t=2664776 read event=933 count=4096 submitted=3821568
t=2667526 read event=934 count=4096 submitted=3825664
t=2670270 read event=935 count=4096 submitted=3829760
t=2673212 read event=936 count=4096 submitted=3833856
t=2676037 read event=937 count=4096 submitted=3837952
t=2678789 read event=938 count=4096 submitted=3842048
t=2681535 read event=939 count=4096 submitted=3846144
t=2684496 read event=940 count=4096 submitted=3850240
t=2687314 read event=941 count=4096 submitted=3854336
t=2690066 read event=942 count=4096 submitted=3858432
t=2692814 read event=943 count=4096 submitted=3862528
t=2695775 read event=944 count=4096 submitted=3866624
t=2698591 read event=945 count=4096 submitted=3870720
t=2701335 read event=946 count=4096 submitted=3874816
t=2704084 read event=947 count=4096 submitted=3878912
t=2707028 read event=948 count=4096 submitted=3883008
t=2709865 read event=949 count=4096 submitted=3887104
t=2712613 read event=950 count=4096 submitted=3891200
t=2715354 read event=951 count=4096 submitted=3895296
t=2718307 read event=952 count=4096 submitted=3899392
t=2721136 read event=953 count=4096 submitted=3903488
t=2723892 read event=954 count=4096 submitted=3907584
t=2726640 read event=955 count=4096 submitted=3911680
t=2729588 read event=956 count=4096 submitted=3915776
t=2732401 read event=957 count=4096 submitted=3919872
t=2735154 read event=958 count=4096 submitted=3923968
t=2737902 read event=959 count=4096 submitted=3928064
t=2740867 read event=960 count=4096 submitted=3932160
t=2743689 read event=961 count=4096 submitted=3936256
t=2746434 read event=962 count=4096 submitted=3940352
t=2749181 read event=963 count=4096 submitted=3944448
t=2752126 read event=964 count=4096 submitted=3948544
t=2754947 read event=965 count=4096 submitted=3952640
t=2757698 read event=966 count=4096 submitted=3956736
t=2760442 read event=967 count=4096 submitted=3960832
t=2763394 read event=968 count=4096 submitted=3964928
t=2766215 read event=969 count=4096 submitted=3969024
t=2768967 read event=970 count=4096 submitted=3973120
t=2771717 read event=971 count=4096 submitted=3977216
t=2774681 read event=972 count=4096 submitted=3981312
t=2777502 read event=973 count=4096 submitted=3985408
t=2780261 read event=974 count=4096 submitted=3989504
t=2783017 read event=975 count=4096 submitted=3993600
t=2785964 read event=976 count=4096 submitted=3997696
t=2788786 read event=977 count=4096 submitted=4001792
t=2791539 read event=978 count=4096 submitted=4005888
t=2794280 read event=979 count=4096 submitted=4009984
t=2797222 read event=980 count=4096 submitted=4014080
t=2800103 read event=981 count=4096 submitted=4018176
t=2802860 read event=982 count=4096 submitted=4022272
t=2805615 read event=983 count=4096 submitted=4026368
t=2808564 read event=984 count=4096 submitted=4030464
t=2811378 read event=985 count=4096 submitted=4034560
t=2814130 read event=986 count=4096 submitted=4038656
t=2816876 read event=987 count=4096 submitted=4042752
t=2819841 read event=988 count=4096 submitted=4046848
t=2822658 read event=989 count=4096 submitted=4050944
t=2825422 read event=990 count=4096 submitted=4055040
t=2828174 read event=991 count=4096 submitted=4059136
t=2831123 read event=992 count=4096 submitted=4063232
t=2833946 read event=993 count=4096 submitted=4067328
t=2836696 read event=994 count=4096 submitted=4071424
t=2839440 read event=995 count=4096 submitted=4075520
t=2842392 read event=996 count=4096 submitted=4079616
t=2845212 read event=997 count=4096 submitted=4083712
t=2847964 read event=998 count=4096 submitted=4087808
t=2850708 read event=999 count=4096 submitted=4091904
t=2853650 read event=1000 count=4096 submitted=4096000
t=2856464 read event=1001 count=4096 submitted=4100096
t=2859215 read event=1002 count=4096 submitted=4104192
t=2861963 read event=1003 count=4096 submitted=4108288
t=2864924 read event=1004 count=4096 submitted=4112384
t=2867742 read event=1005 count=4096 submitted=4116480
t=2870485 read event=1006 count=4096 submitted=4120576
t=2873232 read event=1007 count=4096 submitted=4124672
t=2876183 read event=1008 count=4096 submitted=4128768
t=2879006 read event=1009 count=4096 submitted=4132864
t=2881759 read event=1010 count=4096 submitted=4136960
t=2884507 read event=1011 count=4096 submitted=4141056
t=2887451 read event=1012 count=4096 submitted=4145152
t=2890277 read event=1013 count=4096 submitted=4149248
t=2893023 read event=1014 count=4096 submitted=4153344
t=2895771 read event=1015 count=4096 submitted=4157440
t=2898712 read event=1016 count=4096 submitted=4161536
t=2901529 read event=1017 count=4096 submitted=4165632
t=2904273 read event=1018 count=4096 submitted=4169728
t=2907019 read event=1019 count=4096 submitted=4173824
t=2909988 read event=1020 count=4096 submitted=4177920
t=2912808 read event=1021 count=4096 submitted=4182016
t=2915555 read event=1022 count=4096 submitted=4186112
t=2918300 read event=1023 count=4096 submitted=4190208
t=2921255 read event=1024 count=4096 submitted=4194304
t=2924078 read event=1025 count=4096 submitted=4198400
t=2926828 read event=1026 count=4096 submitted=4202496
t=2929574 read event=1027 count=4096 submitted=4206592
t=2932509 read event=1028 count=4096 submitted=4210688
t=2935330 read event=1029 count=4096 submitted=4214784
t=2938080 read event=1030 count=4096 submitted=4218880
t=2940826 read event=1031 count=4096 submitted=4222976
t=2943785 read event=1032 count=4096 submitted=4227072
t=2946602 read event=1033 count=4096 submitted=4231168
t=2949351 read event=1034 count=4096 submitted=4235264
t=2952107 read event=1035 count=4096 submitted=4239360
t=2955063 read event=1036 count=4096 submitted=4243456
t=2957894 read event=1037 count=4096 submitted=4247552
t=2960650 read event=1038 count=4096 submitted=4251648
t=2963396 read event=1039 count=4096 submitted=4255744
t=2966353 read event=1040 count=4096 submitted=4259840
t=2969177 read event=1041 count=4096 submitted=4263936
t=2971930 read event=1042 count=4096 submitted=4268032
t=2974676 read event=1043 count=4096 submitted=4272128
t=2977620 read event=1044 count=4096 submitted=4276224
t=2980443 read event=1045 count=4096 submitted=4280320
t=2983200 read event=1046 count=4096 submitted=4284416
t=2985951 read event=1047 count=4096 submitted=4288512
t=2988912 read event=1048 count=4096 submitted=4292608
t=2991736 read event=1049 count=4096 submitted=4296704
t=2994483 read event=1050 count=4096 submitted=4300800
t=2997238 read event=1051 count=4096 submitted=4304896
t=3000186 read event=1052 count=4096 submitted=4308992
t=3003002 read event=1053 count=4096 submitted=4313088
t=3005800 read event=1054 count=4096 submitted=4317184
t=3008554 read event=1055 count=4096 submitted=4321280
t=3011498 read event=1056 count=4096 submitted=4325376
t=3014323 read event=1057 count=4096 submitted=4329472
t=3017074 read event=1058 count=4096 submitted=4333568
t=3019824 read event=1059 count=4096 submitted=4337664
t=3022766 read event=1060 count=4096 submitted=4341760
t=3025585 read event=1061 count=4096 submitted=4345856
t=3028334 read event=1062 count=4096 submitted=4349952
t=3031080 read event=1063 count=4096 submitted=4354048
t=3034038 read event=1064 count=4096 submitted=4358144
t=3036877 read event=1065 count=4096 submitted=4362240
t=3039632 read event=1066 count=4096 submitted=4366336
t=3042375 read event=1067 count=4096 submitted=4370432
t=3045334 read event=1068 count=4096 submitted=4374528
t=3048155 read event=1069 count=4096 submitted=4378624
t=3050906 read event=1070 count=4096 submitted=4382720
t=3053656 read event=1071 count=4096 submitted=4386816
t=3056605 read event=1072 count=4096 submitted=4390912
t=3059423 read event=1073 count=4096 submitted=4395008
t=3062174 read event=1074 count=4096 submitted=4399104
t=3064923 read event=1075 count=4096 submitted=4403200
t=3067869 read event=1076 count=4096 submitted=4407296
t=3070687 read event=1077 count=4096 submitted=4411392
t=3073429 read event=1078 count=4096 submitted=4415488
t=3076176 read event=1079 count=4096 submitted=4419584
t=3079136 read event=1080 count=4096 submitted=4423680
t=3081964 read event=1081 count=4096 submitted=4427776
t=3084723 read event=1082 count=4096 submitted=4431872
t=3087465 read event=1083 count=4096 submitted=4435968
t=3090420 read event=1084 count=4096 submitted=4440064
t=3093246 read event=1085 count=4096 submitted=4444160
t=3095997 read event=1086 count=4096 submitted=4448256
t=3098743 read event=1087 count=4096 submitted=4452352
t=3101687 read event=1088 count=4096 submitted=4456448
t=3104501 read event=1089 count=4096 submitted=4460544
t=3107258 read event=1090 count=4096 submitted=4464640
t=3110008 read event=1091 count=4096 submitted=4468736
t=3112959 read event=1092 count=4096 submitted=4472832
t=3115781 read event=1093 count=4096 submitted=4476928
t=3118527 read event=1094 count=4096 submitted=4481024
t=3121268 read event=1095 count=4096 submitted=4485120
t=3124212 read event=1096 count=4096 submitted=4489216
t=3127027 read event=1097 count=4096 submitted=4493312
t=3129780 read event=1098 count=4096 submitted=4497408
t=3132526 read event=1099 count=4096 submitted=4501504
t=3135470 read event=1100 count=4096 submitted=4505600
t=3138293 read event=1101 count=4096 submitted=4509696
t=3141040 read event=1102 count=4096 submitted=4513792
t=3143790 read event=1103 count=4096 submitted=4517888
t=3146740 read event=1104 count=4096 submitted=4521984
t=3149562 read event=1105 count=4096 submitted=4526080
t=3152305 read event=1106 count=4096 submitted=4530176
t=3155053 read event=1107 count=4096 submitted=4534272
t=3158008 read event=1108 count=4096 submitted=4538368
t=3160828 read event=1109 count=4096 submitted=4542464
t=3163577 read event=1110 count=4096 submitted=4546560
t=3166316 read event=1111 count=4096 submitted=4550656
t=3169272 read event=1112 count=4096 submitted=4554752
t=3172094 read event=1113 count=4096 submitted=4558848
t=3174843 read event=1114 count=4096 submitted=4562944
t=3177589 read event=1115 count=4096 submitted=4567040
t=3180537 read event=1116 count=4096 submitted=4571136
t=3183369 read event=1117 count=4096 submitted=4575232
t=3186123 read event=1118 count=4096 submitted=4579328
t=3188872 read event=1119 count=4096 submitted=4583424
t=3191826 read event=1120 count=4096 submitted=4587520
t=3194648 read event=1121 count=4096 submitted=4591616
t=3197394 read event=1122 count=4096 submitted=4595712
t=3200145 read event=1123 count=4096 submitted=4599808
t=3203100 read event=1124 count=4096 submitted=4603904
t=3205921 read event=1125 count=4096 submitted=4608000
t=3208672 read event=1126 count=4096 submitted=4612096
t=3211414 read event=1127 count=4096 submitted=4616192
t=3214423 read event=1128 count=4096 submitted=4620288
t=3217265 read event=1129 count=4096 submitted=4624384
t=3220019 read event=1130 count=4096 submitted=4628480
t=3222768 read event=1131 count=4096 submitted=4632576
t=3225718 read event=1132 count=4096 submitted=4636672
t=3228537 read event=1133 count=4096 submitted=4640768
t=3231280 read event=1134 count=4096 submitted=4644864
t=3234029 read event=1135 count=4096 submitted=4648960
t=3236974 read event=1136 count=4096 submitted=4653056
t=3239798 read event=1137 count=4096 submitted=4657152
t=3242547 read event=1138 count=4096 submitted=4661248
t=3245306 read event=1139 count=4096 submitted=4665344
t=3248274 read event=1140 count=4096 submitted=4669440
t=3251097 read event=1141 count=4096 submitted=4673536
t=3253847 read event=1142 count=4096 submitted=4677632
t=3256594 read event=1143 count=4096 submitted=4681728
t=3259541 read event=1144 count=4096 submitted=4685824
t=3262353 read event=1145 count=4096 submitted=4689920
t=3265106 read event=1146 count=4096 submitted=4694016
t=3267857 read event=1147 count=4096 submitted=4698112
t=3270805 read event=1148 count=4096 submitted=4702208
t=3273622 read event=1149 count=4096 submitted=4706304
t=3276368 read event=1150 count=4096 submitted=4710400
t=3279115 read event=1151 count=4096 submitted=4714496
t=3282076 read event=1152 count=4096 submitted=4718592
t=3284910 read event=1153 count=4096 submitted=4722688
t=3287712 read event=1154 count=4096 submitted=4726784
t=3290783 read event=1155 count=4096 submitted=4730880
t=3294080 read event=1156 count=4096 submitted=4734976
t=3297221 read event=1157 count=4096 submitted=4739072
t=3300302 read event=1158 count=4096 submitted=4743168
t=3303371 read event=1159 count=4096 submitted=4747264
t=3306441 read event=1160 count=4096 submitted=4751360
t=3309341 read event=1161 count=4096 submitted=4755456
t=3312100 read event=1162 count=4096 submitted=4759552
t=3314851 read event=1163 count=4096 submitted=4763648
t=3317806 read event=1164 count=4096 submitted=4767744
t=3320627 read event=1165 count=4096 submitted=4771840
t=3323373 read event=1166 count=4096 submitted=4775936
t=3326122 read event=1167 count=4096 submitted=4780032
t=3329087 read event=1168 count=4096 submitted=4784128
t=3331913 read event=1169 count=4096 submitted=4788224
t=3334666 read event=1170 count=4096 submitted=4792320
t=3337408 read event=1171 count=4096 submitted=4796416
t=3340360 read event=1172 count=4096 submitted=4800512
t=3343179 read event=1173 count=4096 submitted=4804608
t=3345928 read event=1174 count=4096 submitted=4808704
t=3348675 read event=1175 count=4096 submitted=4812800
t=3351621 read event=1176 count=4096 submitted=4816896
t=3354432 read event=1177 count=4096 submitted=4820992
t=3357183 read event=1178 count=4096 submitted=4825088
t=3359930 read event=1179 count=4096 submitted=4829184
t=3362873 read event=1180 count=4096 submitted=4833280
t=3365690 read event=1181 count=4096 submitted=4837376
t=3368434 read event=1182 count=4096 submitted=4841472
t=3371183 read event=1183 count=4096 submitted=4845568
t=3374146 read event=1184 count=4096 submitted=4849664
t=3376965 read event=1185 count=4096 submitted=4853760
t=3379716 read event=1186 count=4096 submitted=4857856
t=3382458 read event=1187 count=4096 submitted=4861952
t=3385422 read event=1188 count=4096 submitted=4866048
t=3388257 read event=1189 count=4096 submitted=4870144
t=3391004 read event=1190 count=4096 submitted=4874240
t=3393753 read event=1191 count=4096 submitted=4878336
t=3396702 read event=1192 count=4096 submitted=4882432
t=3399510 read event=1193 count=4096 submitted=4886528
t=3402265 read event=1194 count=4096 submitted=4890624
t=3405013 read event=1195 count=4096 submitted=4894720
t=3407961 read event=1196 count=4096 submitted=4898816
t=3410776 read event=1197 count=4096 submitted=4902912
t=3413527 read event=1198 count=4096 submitted=4907008
t=3416267 read event=1199 count=4096 submitted=4911104
t=3419226 read event=1200 count=4096 submitted=4915200
t=3422050 read event=1201 count=4096 submitted=4919296
t=3424858 read event=1202 count=4096 submitted=4923392
t=3427611 read event=1203 count=4096 submitted=4927488
t=3430557 read event=1204 count=4096 submitted=4931584
t=3433373 read event=1205 count=4096 submitted=4935680
t=3436127 read event=1206 count=4096 submitted=4939776
t=3438874 read event=1207 count=4096 submitted=4943872
t=3441822 read event=1208 count=4096 submitted=4947968
t=3444641 read event=1209 count=4096 submitted=4952064
t=3447385 read event=1210 count=4096 submitted=4956160
t=3450131 read event=1211 count=4096 submitted=4960256
t=3453093 read event=1212 count=4096 submitted=4964352
t=3455913 read event=1213 count=4096 submitted=4968448
t=3458697 read event=1214 count=4096 submitted=4972544
t=3461440 read event=1215 count=4096 submitted=4976640
t=3464398 read event=1216 count=4096 submitted=4980736
t=3467220 read event=1217 count=4096 submitted=4984832
t=3469975 read event=1218 count=4096 submitted=4988928
t=3472727 read event=1219 count=4096 submitted=4993024
t=3475670 read event=1220 count=4096 submitted=4997120
t=3478482 read event=1221 count=4096 submitted=5001216
t=3481236 read event=1222 count=4096 submitted=5005312
t=3483998 read event=1223 count=4096 submitted=5009408
t=3486995 read event=1224 count=4096 submitted=5013504
t=3489824 read event=1225 count=4096 submitted=5017600
t=3492575 read event=1226 count=4096 submitted=5021696
t=3495319 read event=1227 count=4096 submitted=5025792
t=3498280 read event=1228 count=4096 submitted=5029888
t=3501100 read event=1229 count=4096 submitted=5033984
t=3503856 read event=1230 count=4096 submitted=5038080
t=3506605 read event=1231 count=4096 submitted=5042176
t=3509550 read event=1232 count=4096 submitted=5046272
t=3512365 read event=1233 count=4096 submitted=5050368
t=3515114 read event=1234 count=4096 submitted=5054464
t=3517862 read event=1235 count=4096 submitted=5058560
t=3520801 read event=1236 count=4096 submitted=5062656
t=3523620 read event=1237 count=4096 submitted=5066752
t=3526362 read event=1238 count=4096 submitted=5070848
t=3529109 read event=1239 count=4096 submitted=5074944
t=3532071 read event=1240 count=4096 submitted=5079040
t=3534893 read event=1241 count=4096 submitted=5083136
t=3537643 read event=1242 count=4096 submitted=5087232
t=3540382 read event=1243 count=4096 submitted=5091328
t=3543343 read event=1244 count=4096 submitted=5095424
t=3546160 read event=1245 count=4096 submitted=5099520
t=3548912 read event=1246 count=4096 submitted=5103616
t=3551662 read event=1247 count=4096 submitted=5107712
t=3554605 read event=1248 count=4096 submitted=5111808
t=3557417 read event=1249 count=4096 submitted=5115904
t=3560169 read event=1250 count=4096 submitted=5120000
t=3562915 read event=1251 count=4096 submitted=5124096
t=3565872 read event=1252 count=4096 submitted=5128192
t=3568693 read event=1253 count=4096 submitted=5132288
t=3571442 read event=1254 count=4096 submitted=5136384
t=3574187 read event=1255 count=4096 submitted=5140480
t=3577133 read event=1256 count=4096 submitted=5144576
t=3579948 read event=1257 count=4096 submitted=5148672
t=3582711 read event=1258 count=4096 submitted=5152768
t=3585452 read event=1259 count=4096 submitted=5156864
t=3588404 read event=1260 count=4096 submitted=5160960
t=3591238 read event=1261 count=4096 submitted=5165056
t=3593990 read event=1262 count=4096 submitted=5169152
t=3596736 read event=1263 count=4096 submitted=5173248
t=3599681 read event=1264 count=4096 submitted=5177344
t=3602498 read event=1265 count=4096 submitted=5181440
t=3605250 read event=1266 count=4096 submitted=5185536
t=3607999 read event=1267 count=4096 submitted=5189632
t=3610955 read event=1268 count=4096 submitted=5193728
t=3613773 read event=1269 count=4096 submitted=5197824
t=3616527 read event=1270 count=4096 submitted=5201920
t=3619269 read event=1271 count=4096 submitted=5206016
t=3622221 read event=1272 count=4096 submitted=5210112
t=3625044 read event=1273 count=4096 submitted=5214208
t=3627795 read event=1274 count=4096 submitted=5218304
t=3630591 read event=1275 count=4096 submitted=5222400
t=3633544 read event=1276 count=4096 submitted=5226496
t=3636358 read event=1277 count=4096 submitted=5230592
t=3639110 read event=1278 count=4096 submitted=5234688
t=3641859 read event=1279 count=4096 submitted=5238784
t=3644805 read event=1280 count=4096 submitted=5242880
t=3647626 read event=1281 count=4096 submitted=5246976
t=3650368 read event=1282 count=4096 submitted=5251072
t=3653113 read event=1283 count=4096 submitted=5255168
t=3656074 read event=1284 count=4096 submitted=5259264
t=3658893 read event=1285 count=4096 submitted=5263360
t=3661645 read event=1286 count=4096 submitted=5267456
t=3664387 read event=1287 count=4096 submitted=5271552
t=3667360 read event=1288 count=4096 submitted=5275648
t=3670183 read event=1289 count=4096 submitted=5279744
t=3672934 read event=1290 count=4096 submitted=5283840
t=3675681 read event=1291 count=4096 submitted=5287936
t=3678630 read event=1292 count=4096 submitted=5292032
t=3681445 read event=1293 count=4096 submitted=5296128
t=3684210 read event=1294 count=4096 submitted=5300224
t=3686958 read event=1295 count=4096 submitted=5304320
t=3689907 read event=1296 count=4096 submitted=5308416
t=3692735 read event=1297 count=4096 submitted=5312512
t=3695479 read event=1298 count=4096 submitted=5316608
t=3698233 read event=1299 count=4096 submitted=5320704
t=3701190 read event=1300 count=4096 submitted=5324800
t=3704014 read event=1301 count=4096 submitted=5328896
t=3706765 read event=1302 count=4096 submitted=5332992
t=3709512 read event=1303 count=4096 submitted=5337088
t=3712456 read event=1304 count=4096 submitted=5341184
t=3715274 read event=1305 count=4096 submitted=5345280
t=3718027 read event=1306 count=4096 submitted=5349376
t=3720774 read event=1307 count=4096 submitted=5353472
t=3723726 read event=1308 count=4096 submitted=5357568
t=3726556 read event=1309 count=4096 submitted=5361664
t=3729300 read event=1310 count=4096 submitted=5365760
t=3732051 read event=1311 count=4096 submitted=5369856
t=3735007 read event=1312 count=4096 submitted=5373952
t=3737827 read event=1313 count=4096 submitted=5378048
t=3740576 read event=1314 count=4096 submitted=5382144
t=3743317 read event=1315 count=4096 submitted=5386240
t=3746281 read event=1316 count=4096 submitted=5390336
t=3749104 read event=1317 count=4096 submitted=5394432
t=3751858 read event=1318 count=4096 submitted=5398528
t=3754602 read event=1319 count=4096 submitted=5402624
t=3757554 read event=1320 count=4096 submitted=5406720
t=3760371 read event=1321 count=4096 submitted=5410816
t=3763123 read event=1322 count=4096 submitted=5414912
t=3765871 read event=1323 count=4096 submitted=5419008
t=3768816 read event=1324 count=4096 submitted=5423104
t=3771631 read event=1325 count=4096 submitted=5427200
t=3774373 read event=1326 count=4096 submitted=5431296
t=3777123 read event=1327 count=4096 submitted=5435392
t=3780081 read event=1328 count=4096 submitted=5439488
t=3782913 read event=1329 count=4096 submitted=5443584
t=3785667 read event=1330 count=4096 submitted=5447680
t=3788408 read event=1331 count=4096 submitted=5451776
t=3791360 read event=1332 count=4096 submitted=5455872
t=3794185 read event=1333 count=4096 submitted=5459968
t=3796934 read event=1334 count=4096 submitted=5464064
t=3799683 read event=1335 count=4096 submitted=5468160
t=3802631 read event=1336 count=4096 submitted=5472256
t=3805444 read event=1337 count=4096 submitted=5476352
t=3808198 read event=1338 count=4096 submitted=5480448
t=3810949 read event=1339 count=4096 submitted=5484544
t=3813899 read event=1340 count=4096 submitted=5488640
t=3816720 read event=1341 count=4096 submitted=5492736
t=3819465 read event=1342 count=4096 submitted=5496832
t=3822214 read event=1343 count=4096 submitted=5500928
t=3825173 read event=1344 count=4096 submitted=5505024
t=3827997 read event=1345 count=4096 submitted=5509120
t=3830751 read event=1346 count=4096 submitted=5513216
t=3833495 read event=1347 count=4096 submitted=5517312
t=3836445 read event=1348 count=4096 submitted=5521408
t=3839316 read event=1349 count=4096 submitted=5525504
t=3842072 read event=1350 count=4096 submitted=5529600
t=3844821 read event=1351 count=4096 submitted=5533696
t=3847776 read event=1352 count=4096 submitted=5537792
t=3850595 read event=1353 count=4096 submitted=5541888
t=3853336 read event=1354 count=4096 submitted=5545984
t=3856083 read event=1355 count=4096 submitted=5550080
t=3859028 read event=1356 count=4096 submitted=5554176
t=3861847 read event=1357 count=4096 submitted=5558272
t=3864599 read event=1358 count=4096 submitted=5562368
t=3867339 read event=1359 count=4096 submitted=5566464
t=3870305 read event=1360 count=4096 submitted=5570560
t=3873126 read event=1361 count=4096 submitted=5574656
t=3875876 read event=1362 count=4096 submitted=5578752
t=3878645 read event=1363 count=4096 submitted=5582848
t=3881594 read event=1364 count=4096 submitted=5586944
t=3884426 read event=1365 count=4096 submitted=5591040
t=3887180 read event=1366 count=4096 submitted=5595136
t=3889932 read event=1367 count=4096 submitted=5599232
t=3892879 read event=1368 count=4096 submitted=5603328
t=3895704 read event=1369 count=4096 submitted=5607424
t=3898448 read event=1370 count=4096 submitted=5611520
t=3901197 read event=1371 count=4096 submitted=5615616
t=3904157 read event=1372 count=4096 submitted=5619712
t=3906972 read event=1373 count=4096 submitted=5623808
t=3909722 read event=1374 count=4096 submitted=5627904
t=3912461 read event=1375 count=4096 submitted=5632000
t=3915413 read event=1376 count=4096 submitted=5636096
t=3918240 read event=1377 count=4096 submitted=5640192
t=3920992 read event=1378 count=4096 submitted=5644288
t=3923742 read event=1379 count=4096 submitted=5648384
t=3926684 read event=1380 count=4096 submitted=5652480
t=3929495 read event=1381 count=4096 submitted=5656576
t=3932253 read event=1382 count=4096 submitted=5660672
t=3935002 read event=1383 count=4096 submitted=5664768
t=3937953 read event=1384 count=4096 submitted=5668864
t=3940768 read event=1385 count=4096 submitted=5672960
t=3943514 read event=1386 count=4096 submitted=5677056
t=3946267 read event=1387 count=4096 submitted=5681152
t=3949229 read event=1388 count=4096 submitted=5685248
t=3952066 read event=1389 count=4096 submitted=5689344
t=3954820 read event=1390 count=4096 submitted=5693440
t=3957574 read event=1391 count=4096 submitted=5697536
t=3960526 read event=1392 count=4096 submitted=5701632
t=3963342 read event=1393 count=4096 submitted=5705728
t=3966097 read event=1394 count=4096 submitted=5709824
t=3968845 read event=1395 count=4096 submitted=5713920
t=3971791 read event=1396 count=4096 submitted=5718016
t=3974611 read event=1397 count=4096 submitted=5722112
t=3977352 read event=1398 count=4096 submitted=5726208
t=3980104 read event=1399 count=4096 submitted=5730304
t=3983061 read event=1400 count=4096 submitted=5734400
t=3985888 read event=1401 count=4096 submitted=5738496
t=3988639 read event=1402 count=4096 submitted=5742592
t=3991381 read event=1403 count=4096 submitted=5746688
t=3994350 read event=1404 count=4096 submitted=5750784
t=3997172 read event=1405 count=4096 submitted=5754880
t=3999925 read event=1406 count=4096 submitted=5758976
t=4002670 read event=1407 count=4096 submitted=5763072
t=4005615 read event=1408 count=4096 submitted=5767168
t=4008428 read event=1409 count=4096 submitted=5771264
t=4011179 read event=1410 count=4096 submitted=5775360
t=4013929 read event=1411 count=4096 submitted=5779456
t=4016876 read event=1412 count=4096 submitted=5783552
t=4019695 read event=1413 count=4096 submitted=5787648
t=4022437 read event=1414 count=4096 submitted=5791744
t=4025184 read event=1415 count=4096 submitted=5795840
t=4028134 read event=1416 count=4096 submitted=5799936
t=4030949 read event=1417 count=4096 submitted=5804032
t=4033702 read event=1418 count=4096 submitted=5808128
t=4036441 read event=1419 count=4096 submitted=5812224
t=4039405 read event=1420 count=4096 submitted=5816320
t=4042234 read event=1421 count=4096 submitted=5820416
t=4044984 read event=1422 count=4096 submitted=5824512
t=4047781 read event=1423 count=4096 submitted=5828608
t=4050734 read event=1424 count=4096 submitted=5832704
t=4053557 read event=1425 count=4096 submitted=5836800
t=4056303 read event=1426 count=4096 submitted=5840896
t=4059051 read event=1427 count=4096 submitted=5844992
t=4061999 read event=1428 count=4096 submitted=5849088
t=4064819 read event=1429 count=4096 submitted=5853184
t=4067570 read event=1430 count=4096 submitted=5857280
t=4070313 read event=1431 count=4096 submitted=5861376
t=4073281 read event=1432 count=4096 submitted=5865472
t=4076101 read event=1433 count=4096 submitted=5869568
t=4078851 read event=1434 count=4096 submitted=5873664
t=4081596 read event=1435 count=4096 submitted=5877760
t=4084556 read event=1436 count=4096 submitted=5881856
t=4087392 read event=1437 count=4096 submitted=5885952
t=4090148 read event=1438 count=4096 submitted=5890048
t=4092898 read event=1439 count=4096 submitted=5894144
t=4095844 read event=1440 count=4096 submitted=5898240
t=4098674 read event=1441 count=4096 submitted=5902336
t=4101425 read event=1442 count=4096 submitted=5906432
t=4104173 read event=1443 count=4096 submitted=5910528
t=4107116 read event=1444 count=4096 submitted=5914624
t=4109936 read event=1445 count=4096 submitted=5918720
t=4112687 read event=1446 count=4096 submitted=5922816
t=4115432 read event=1447 count=4096 submitted=5926912
t=4118400 read event=1448 count=4096 submitted=5931008
t=4121218 read event=1449 count=4096 submitted=5935104
t=4123970 read event=1450 count=4096 submitted=5939200
t=4126717 read event=1451 count=4096 submitted=5943296
t=4129667 read event=1452 count=4096 submitted=5947392
t=4132475 read event=1453 count=4096 submitted=5951488
t=4135228 read event=1454 count=4096 submitted=5955584
t=4137977 read event=1455 count=4096 submitted=5959680
t=4140922 read event=1456 count=4096 submitted=5963776
t=4143743 read event=1457 count=4096 submitted=5967872
t=4146484 read event=1458 count=4096 submitted=5971968
t=4149235 read event=1459 count=4096 submitted=5976064
t=4152182 read event=1460 count=4096 submitted=5980160
t=4155002 read event=1461 count=4096 submitted=5984256
t=4157755 read event=1462 count=4096 submitted=5988352
t=4160498 read event=1463 count=4096 submitted=5992448
t=4163458 read event=1464 count=4096 submitted=5996544
t=4166279 read event=1465 count=4096 submitted=6000640
t=4169027 read event=1466 count=4096 submitted=6004736
t=4171776 read event=1467 count=4096 submitted=6008832
t=4174719 read event=1468 count=4096 submitted=6012928
t=4177534 read event=1469 count=4096 submitted=6017024
t=4180280 read event=1470 count=4096 submitted=6021120
t=4183040 read event=1471 count=4096 submitted=6025216
t=4185990 read event=1472 count=4096 submitted=6029312
t=4188813 read event=1473 count=4096 submitted=6033408
t=4191564 read event=1474 count=4096 submitted=6037504
t=4194305 read event=1475 count=4096 submitted=6041600
t=4197261 read event=1476 count=4096 submitted=6045696
t=4200086 read event=1477 count=4096 submitted=6049792
t=4202834 read event=1478 count=4096 submitted=6053888
t=4205583 read event=1479 count=4096 submitted=6057984
t=4208541 read event=1480 count=4096 submitted=6062080
t=4211352 read event=1481 count=4096 submitted=6066176
t=4214105 read event=1482 count=4096 submitted=6070272
t=4216851 read event=1483 count=4096 submitted=6074368
t=4219798 read event=1484 count=4096 submitted=6078464
t=4222615 read event=1485 count=4096 submitted=6082560
t=4225362 read event=1486 count=4096 submitted=6086656
t=4228111 read event=1487 count=4096 submitted=6090752
t=4231053 read event=1488 count=4096 submitted=6094848
t=4233884 read event=1489 count=4096 submitted=6098944
t=4236633 read event=1490 count=4096 submitted=6103040
t=4239376 read event=1491 count=4096 submitted=6107136
t=4242338 read event=1492 count=4096 submitted=6111232
t=4245155 read event=1493 count=4096 submitted=6115328
t=4247905 read event=1494 count=4096 submitted=6119424
t=4250652 read event=1495 count=4096 submitted=6123520
t=4253646 read event=1496 count=4096 submitted=6127616
t=4256466 read event=1497 count=4096 submitted=6131712
t=4259217 read event=1498 count=4096 submitted=6135808
t=4261970 read event=1499 count=4096 submitted=6139904
t=4264916 read event=1500 count=4096 submitted=6144000
t=4267740 read event=1501 count=4096 submitted=6148096
t=4270483 read event=1502 count=4096 submitted=6152192
t=4273238 read event=1503 count=4096 submitted=6156288
t=4276184 read event=1504 count=4096 submitted=6160384
t=4279002 read event=1505 count=4096 submitted=6164480
t=4281755 read event=1506 count=4096 submitted=6168576
t=4284507 read event=1507 count=4096 submitted=6172672
t=4287466 read event=1508 count=4096 submitted=6176768
t=4290290 read event=1509 count=4096 submitted=6180864
t=4293045 read event=1510 count=4096 submitted=6184960
t=4295815 read event=1511 count=4096 submitted=6189056
t=4298763 read event=1512 count=4096 submitted=6193152
t=4301592 read event=1513 count=4096 submitted=6197248
t=4304345 read event=1514 count=4096 submitted=6201344
t=4307094 read event=1515 count=4096 submitted=6205440
t=4310043 read event=1516 count=4096 submitted=6209536
t=4312863 read event=1517 count=4096 submitted=6213632
t=4315617 read event=1518 count=4096 submitted=6217728
t=4318359 read event=1519 count=4096 submitted=6221824
t=4321317 read event=1520 count=4096 submitted=6225920
t=4324141 read event=1521 count=4096 submitted=6230016
t=4326892 read event=1522 count=4096 submitted=6234112
t=4329642 read event=1523 count=4096 submitted=6238208
t=4332601 read event=1524 count=4096 submitted=6242304
t=4335412 read event=1525 count=4096 submitted=6246400
t=4338166 read event=1526 count=4096 submitted=6250496
t=4340914 read event=1527 count=4096 submitted=6254592
t=4343871 read event=1528 count=4096 submitted=6258688
t=4346689 read event=1529 count=4096 submitted=6262784
t=4349432 read event=1530 count=4096 submitted=6266880
t=4352183 read event=1531 count=4096 submitted=6270976
t=4355129 read event=1532 count=4096 submitted=6275072
t=4357950 read event=1533 count=4096 submitted=6279168
t=4360699 read event=1534 count=4096 submitted=6283264
t=4363443 read event=1535 count=4096 submitted=6287360
t=4366399 read event=1536 count=4096 submitted=6291456
t=4369215 read event=1537 count=4096 submitted=6295552
t=4371965 read event=1538 count=4096 submitted=6299648
t=4374712 read event=1539 count=4096 submitted=6303744
t=4377671 read event=1540 count=4096 submitted=6307840
t=4380482 read event=1541 count=4096 submitted=6311936
t=4383246 read event=1542 count=4096 submitted=6316032
t=4386000 read event=1543 count=4096 submitted=6320128
t=4388948 read event=1544 count=4096 submitted=6324224
t=4391956 read event=1545 count=4096 submitted=6328320
t=4394730 read event=1546 count=4096 submitted=6332416
t=4397474 read event=1547 count=4096 submitted=6336512
t=4400434 read event=1548 count=4096 submitted=6340608
t=4403274 read event=1549 count=4096 submitted=6344704
t=4406027 read event=1550 count=4096 submitted=6348800
t=4408773 read event=1551 count=4096 submitted=6352896
t=4411733 read event=1552 count=4096 submitted=6356992
t=4414557 read event=1553 count=4096 submitted=6361088
t=4417300 read event=1554 count=4096 submitted=6365184
t=4420053 read event=1555 count=4096 submitted=6369280
t=4423003 read event=1556 count=4096 submitted=6373376
t=4425825 read event=1557 count=4096 submitted=6377472
t=4428576 read event=1558 count=4096 submitted=6381568
t=4431318 read event=1559 count=4096 submitted=6385664
t=4434270 read event=1560 count=4096 submitted=6389760
t=4437090 read event=1561 count=4096 submitted=6393856
t=4439845 read event=1562 count=4096 submitted=6397952
t=4442593 read event=1563 count=4096 submitted=6402048
t=4445537 read event=1564 count=4096 submitted=6406144
t=4448346 read event=1565 count=4096 submitted=6410240
t=4451096 read event=1566 count=4096 submitted=6414336
t=4453845 read event=1567 count=4096 submitted=6418432
t=4456802 read event=1568 count=4096 submitted=6422528
t=4459625 read event=1569 count=4096 submitted=6426624
t=4462419 read event=1570 count=4096 submitted=6430720
t=4465175 read event=1571 count=4096 submitted=6434816
t=4468126 read event=1572 count=4096 submitted=6438912
t=4470948 read event=1573 count=4096 submitted=6443008
t=4473700 read event=1574 count=4096 submitted=6447104
t=4476442 read event=1575 count=4096 submitted=6451200
t=4479395 read event=1576 count=4096 submitted=6455296
t=4482211 read event=1577 count=4096 submitted=6459392
t=4484975 read event=1578 count=4096 submitted=6463488
t=4487725 read event=1579 count=4096 submitted=6467584
t=4490671 read event=1580 count=4096 submitted=6471680
t=4493485 read event=1581 count=4096 submitted=6475776
t=4496240 read event=1582 count=4096 submitted=6479872
t=4498987 read event=1583 count=4096 submitted=6483968
t=4501948 read event=1584 count=4096 submitted=6488064
t=4504771 read event=1585 count=4096 submitted=6492160
t=4507545 read event=1586 count=4096 submitted=6496256
t=4510329 read event=1587 count=4096 submitted=6500352
t=4513291 read event=1588 count=4096 submitted=6504448
t=4516114 read event=1589 count=4096 submitted=6508544
t=4518865 read event=1590 count=4096 submitted=6512640
t=4521617 read event=1591 count=4096 submitted=6516736
t=4524565 read event=1592 count=4096 submitted=6520832
t=4527382 read event=1593 count=4096 submitted=6524928
t=4530132 read event=1594 count=4096 submitted=6529024
t=4532878 read event=1595 count=4096 submitted=6533120
t=4535826 read event=1596 count=4096 submitted=6537216
t=4538650 read event=1597 count=4096 submitted=6541312
t=4541396 read event=1598 count=4096 submitted=6545408
t=4544146 read event=1599 count=4096 submitted=6549504
t=4547107 read event=1600 count=4096 submitted=6553600
t=4549932 read event=1601 count=4096 submitted=6557696
t=4552685 read event=1602 count=4096 submitted=6561792
t=4555428 read event=1603 count=4096 submitted=6565888
t=4558384 read event=1604 count=4096 submitted=6569984
t=4561202 read event=1605 count=4096 submitted=6574080
t=4563957 read event=1606 count=4096 submitted=6578176
t=4566707 read event=1607 count=4096 submitted=6582272
t=4569652 read event=1608 count=4096 submitted=6586368
t=4572461 read event=1609 count=4096 submitted=6590464
t=4575213 read event=1610 count=4096 submitted=6594560
t=4577962 read event=1611 count=4096 submitted=6598656
t=4580921 read event=1612 count=4096 submitted=6602752
t=4583754 read event=1613 count=4096 submitted=6606848
t=4586504 read event=1614 count=4096 submitted=6610944
t=4589257 read event=1615 count=4096 submitted=6615040
t=4592204 read event=1616 count=4096 submitted=6619136
t=4595023 read event=1617 count=4096 submitted=6623232
t=4597779 read event=1618 count=4096 submitted=6627328
t=4600524 read event=1619 count=4096 submitted=6631424
t=4603463 read event=1620 count=4096 submitted=6635520
t=4606292 read event=1621 count=4096 submitted=6639616
t=4609041 read event=1622 count=4096 submitted=6643712
t=4611792 read event=1623 count=4096 submitted=6647808
t=4614737 read event=1624 count=4096 submitted=6651904
t=4617552 read event=1625 count=4096 submitted=6656000
t=4620294 read event=1626 count=4096 submitted=6660096
t=4623042 read event=1627 count=4096 submitted=6664192
t=4626001 read event=1628 count=4096 submitted=6668288
t=4628820 read event=1629 count=4096 submitted=6672384
t=4631569 read event=1630 count=4096 submitted=6676480
t=4634312 read event=1631 count=4096 submitted=6680576
t=4637263 read event=1632 count=4096 submitted=6684672
t=4640084 read event=1633 count=4096 submitted=6688768
t=4642834 read event=1634 count=4096 submitted=6692864
t=4645585 read event=1635 count=4096 submitted=6696960
t=4648538 read event=1636 count=4096 submitted=6701056
t=4651355 read event=1637 count=4096 submitted=6705152
t=4654104 read event=1638 count=4096 submitted=6709248
t=4656855 read event=1639 count=4096 submitted=6713344
t=4659801 read event=1640 count=4096 submitted=6717440
t=4662617 read event=1641 count=4096 submitted=6721536
t=4665359 read event=1642 count=4096 submitted=6725632
t=4668109 read event=1643 count=4096 submitted=6729728
t=4671115 read event=1644 count=4096 submitted=6733824
t=4673945 read event=1645 count=4096 submitted=6737920
t=4676697 read event=1646 count=4096 submitted=6742016
t=4679444 read event=1647 count=4096 submitted=6746112
t=4682400 read event=1648 count=4096 submitted=6750208
t=4685233 read event=1649 count=4096 submitted=6754304
t=4687985 read event=1650 count=4096 submitted=6758400
t=4690734 read event=1651 count=4096 submitted=6762496
t=4693682 read event=1652 count=4096 submitted=6766592
t=4696490 read event=1653 count=4096 submitted=6770688
t=4699242 read event=1654 count=4096 submitted=6774784
t=4701992 read event=1655 count=4096 submitted=6778880
t=4704932 read event=1656 count=4096 submitted=6782976
t=4707753 read event=1657 count=4096 submitted=6787072
t=4710495 read event=1658 count=4096 submitted=6791168
t=4713254 read event=1659 count=4096 submitted=6795264
t=4716251 read event=1660 count=4096 submitted=6799360
t=4719090 read event=1661 count=4096 submitted=6803456
t=4721844 read event=1662 count=4096 submitted=6807552
t=4724592 read event=1663 count=4096 submitted=6811648
t=4727537 read event=1664 count=4096 submitted=6815744
t=4730351 read event=1665 count=4096 submitted=6819840
t=4733102 read event=1666 count=4096 submitted=6823936
t=4735853 read event=1667 count=4096 submitted=6828032
t=4738799 read event=1668 count=4096 submitted=6832128
t=4741633 read event=1669 count=4096 submitted=6836224
t=4744373 read event=1670 count=4096 submitted=6840320
t=4747122 read event=1671 count=4096 submitted=6844416
t=4750080 read event=1672 count=4096 submitted=6848512
t=4752894 read event=1673 count=4096 submitted=6852608
t=4755645 read event=1674 count=4096 submitted=6856704
t=4758385 read event=1675 count=4096 submitted=6860800
t=4761337 read event=1676 count=4096 submitted=6864896
t=4764156 read event=1677 count=4096 submitted=6868992
t=4766906 read event=1678 count=4096 submitted=6873088
t=4769663 read event=1679 count=4096 submitted=6877184
t=4772614 read event=1680 count=4096 submitted=6881280
t=4775434 read event=1681 count=4096 submitted=6885376
t=4778187 read event=1682 count=4096 submitted=6889472
t=4780935 read event=1683 count=4096 submitted=6893568
t=4783896 read event=1684 count=4096 submitted=6897664
t=4786717 read event=1685 count=4096 submitted=6901760
t=4789465 read event=1686 count=4096 submitted=6905856
t=4792212 read event=1687 count=4096 submitted=6909952
t=4795172 read event=1688 count=4096 submitted=6914048
t=4797992 read event=1689 count=4096 submitted=6918144
t=4800742 read event=1690 count=4096 submitted=6922240
t=4803487 read event=1691 count=4096 submitted=6926336
t=4806440 read event=1692 count=4096 submitted=6930432
t=4809268 read event=1693 count=4096 submitted=6934528
t=4812020 read event=1694 count=4096 submitted=6938624
t=4814766 read event=1695 count=4096 submitted=6942720
t=4817717 read event=1696 count=4096 submitted=6946816
t=4820535 read event=1697 count=4096 submitted=6950912
t=4823280 read event=1698 count=4096 submitted=6955008
t=4826028 read event=1699 count=4096 submitted=6959104
t=4828978 read event=1700 count=4096 submitted=6963200
t=4831799 read event=1701 count=4096 submitted=6967296
t=4834548 read event=1702 count=4096 submitted=6971392
t=4837288 read event=1703 count=4096 submitted=6975488
t=4840254 read event=1704 count=4096 submitted=6979584
t=4843075 read event=1705 count=4096 submitted=6983680
t=4845828 read event=1706 count=4096 submitted=6987776
t=4848574 read event=1707 count=4096 submitted=6991872
t=4851510 read event=1708 count=4096 submitted=6995968
t=4854328 read event=1709 count=4096 submitted=7000064
t=4857078 read event=1710 count=4096 submitted=7004160
t=4859824 read event=1711 count=4096 submitted=7008256
t=4862773 read event=1712 count=4096 submitted=7012352
t=4865595 read event=1713 count=4096 submitted=7016448
t=4868341 read event=1714 count=4096 submitted=7020544
t=4871087 read event=1715 count=4096 submitted=7024640
t=4874035 read event=1716 count=4096 submitted=7028736
t=4876851 read event=1717 count=4096 submitted=7032832
t=4879654 read event=1718 count=4096 submitted=7036928
t=4882403 read event=1719 count=4096 submitted=7041024
t=4885382 read event=1720 count=4096 submitted=7045120
t=4888208 read event=1721 count=4096 submitted=7049216
t=4890962 read event=1722 count=4096 submitted=7053312
t=4893710 read event=1723 count=4096 submitted=7057408
t=4896655 read event=1724 count=4096 submitted=7061504
t=4899468 read event=1725 count=4096 submitted=7065600
t=4902219 read event=1726 count=4096 submitted=7069696
t=4904970 read event=1727 count=4096 submitted=7073792
t=4907923 read event=1728 count=4096 submitted=7077888
t=4910751 read event=1729 count=4096 submitted=7081984
t=4913523 read event=1730 count=4096 submitted=7086080
t=4916290 read event=1731 count=4096 submitted=7090176
t=4919270 read event=1732 count=4096 submitted=7094272
t=4922105 read event=1733 count=4096 submitted=7098368
t=4924856 read event=1734 count=4096 submitted=7102464
t=4927627 read event=1735 count=4096 submitted=7106560
t=4930574 read event=1736 count=4096 submitted=7110656
t=4933392 read event=1737 count=4096 submitted=7114752
t=4936145 read event=1738 count=4096 submitted=7118848
t=4938892 read event=1739 count=4096 submitted=7122944
t=4941838 read event=1740 count=4096 submitted=7127040
t=4944660 read event=1741 count=4096 submitted=7131136
t=4947406 read event=1742 count=4096 submitted=7135232
t=4950163 read event=1743 count=4096 submitted=7139328
t=4953125 read event=1744 count=4096 submitted=7143424
t=4955961 read event=1745 count=4096 submitted=7147520
t=4958714 read event=1746 count=4096 submitted=7151616
t=4961459 read event=1747 count=4096 submitted=7155712
t=4964429 read event=1748 count=4096 submitted=7159808
t=4967256 read event=1749 count=4096 submitted=7163904
t=4970010 read event=1750 count=4096 submitted=7168000
t=4972762 read event=1751 count=4096 submitted=7172096
t=4975714 read event=1752 count=4096 submitted=7176192
t=4978533 read event=1753 count=4096 submitted=7180288
t=4981280 read event=1754 count=4096 submitted=7184384
t=4984039 read event=1755 count=4096 submitted=7188480
t=4986982 read event=1756 count=4096 submitted=7192576
t=4989804 read event=1757 count=4096 submitted=7196672
t=4992555 read event=1758 count=4096 submitted=7200768
t=4995296 read event=1759 count=4096 submitted=7204864
t=4998254 read event=1760 count=4096 submitted=7208960
t=5001077 read event=1761 count=4096 submitted=7213056
t=5003827 read event=1762 count=4096 submitted=7217152
t=5006578 read event=1763 count=4096 submitted=7221248
t=5009532 read event=1764 count=4096 submitted=7225344
t=5012352 read event=1765 count=4096 submitted=7229440
t=5015100 read event=1766 count=4096 submitted=7233536
t=5017851 read event=1767 count=4096 submitted=7237632
t=5020798 read event=1768 count=4096 submitted=7241728
t=5023615 read event=1769 count=4096 submitted=7245824
t=5026360 read event=1770 count=4096 submitted=7249920
t=5029108 read event=1771 count=4096 submitted=7254016
t=5032054 read event=1772 count=4096 submitted=7258112
t=5034870 read event=1773 count=4096 submitted=7262208
t=5037625 read event=1774 count=4096 submitted=7266304
t=5040369 read event=1775 count=4096 submitted=7270400
t=5043326 read event=1776 count=4096 submitted=7274496
t=5046143 read event=1777 count=4096 submitted=7278592
t=5048893 read event=1778 count=4096 submitted=7282688
t=5051639 read event=1779 count=4096 submitted=7286784
t=5054602 read event=1780 count=4096 submitted=7290880
t=5057416 read event=1781 count=4096 submitted=7294976
t=5060168 read event=1782 count=4096 submitted=7299072
t=5062916 read event=1783 count=4096 submitted=7303168
t=5065864 read event=1784 count=4096 submitted=7307264
t=5068679 read event=1785 count=4096 submitted=7311360
t=5071425 read event=1786 count=4096 submitted=7315456
t=5074174 read event=1787 count=4096 submitted=7319552
t=5077117 read event=1788 count=4096 submitted=7323648
t=5079935 read event=1789 count=4096 submitted=7327744
t=5082696 read event=1790 count=4096 submitted=7331840
t=5085440 read event=1791 count=4096 submitted=7335936
t=5088456 read event=1792 count=4096 submitted=7340032
t=5091292 read event=1793 count=4096 submitted=7344128
t=5094044 read event=1794 count=4096 submitted=7348224
t=5096792 read event=1795 count=4096 submitted=7352320
t=5099740 read event=1796 count=4096 submitted=7356416
t=5102561 read event=1797 count=4096 submitted=7360512
t=5105304 read event=1798 count=4096 submitted=7364608
t=5108052 read event=1799 count=4096 submitted=7368704
t=5110995 read event=1800 count=4096 submitted=7372800
t=5113817 read event=1801 count=4096 submitted=7376896
t=5116567 read event=1802 count=4096 submitted=7380992
t=5119306 read event=1803 count=4096 submitted=7385088
t=5122262 read event=1804 count=4096 submitted=7389184
t=5125078 read event=1805 count=4096 submitted=7393280
t=5127835 read event=1806 count=4096 submitted=7397376
t=5130586 read event=1807 count=4096 submitted=7401472
t=5133549 read event=1808 count=4096 submitted=7405568
t=5136384 read event=1809 count=4096 submitted=7409664
t=5139136 read event=1810 count=4096 submitted=7413760
t=5141886 read event=1811 count=4096 submitted=7417856
t=5144830 read event=1812 count=4096 submitted=7421952
t=5147647 read event=1813 count=4096 submitted=7426048
t=5150391 read event=1814 count=4096 submitted=7430144
t=5153137 read event=1815 count=4096 submitted=7434240
t=5156082 read event=1816 count=4096 submitted=7438336
t=5158896 read event=1817 count=4096 submitted=7442432
t=5161648 read event=1818 count=4096 submitted=7446528
t=5164393 read event=1819 count=4096 submitted=7450624
t=5167342 read event=1820 count=4096 submitted=7454720
t=5170161 read event=1821 count=4096 submitted=7458816
t=5172910 read event=1822 count=4096 submitted=7462912
t=5175656 read event=1823 count=4096 submitted=7467008
t=5178616 read event=1824 count=4096 submitted=7471104
t=5181428 read event=1825 count=4096 submitted=7475200
t=5184190 read event=1826 count=4096 submitted=7479296
t=5186938 read event=1827 count=4096 submitted=7483392
t=5189882 read event=1828 count=4096 submitted=7487488
t=5192701 read event=1829 count=4096 submitted=7491584
t=5195446 read event=1830 count=4096 submitted=7495680
t=5198197 read event=1831 count=4096 submitted=7499776
t=5201141 read event=1832 count=4096 submitted=7503872
t=5203956 read event=1833 count=4096 submitted=7507968
t=5206706 read event=1834 count=4096 submitted=7512064
t=5209448 read event=1835 count=4096 submitted=7516160
t=5212407 read event=1836 count=4096 submitted=7520256
t=5215241 read event=1837 count=4096 submitted=7524352
t=5217994 read event=1838 count=4096 submitted=7528448
t=5220737 read event=1839 count=4096 submitted=7532544
t=5223698 read event=1840 count=4096 submitted=7536640
t=5226512 read event=1841 count=4096 submitted=7540736
t=5229263 read event=1842 count=4096 submitted=7544832
t=5232009 read event=1843 count=4096 submitted=7548928
t=5234954 read event=1844 count=4096 submitted=7553024
t=5237772 read event=1845 count=4096 submitted=7557120
t=5240514 read event=1846 count=4096 submitted=7561216
t=5243260 read event=1847 count=4096 submitted=7565312
t=5246205 read event=1848 count=4096 submitted=7569408
t=5249036 read event=1849 count=4096 submitted=7573504
t=5251788 read event=1850 count=4096 submitted=7577600
t=5254533 read event=1851 count=4096 submitted=7581696
t=5257479 read event=1852 count=4096 submitted=7585792
t=5260304 read event=1853 count=4096 submitted=7589888
t=5263055 read event=1854 count=4096 submitted=7593984
t=5265802 read event=1855 count=4096 submitted=7598080
t=5268746 read event=1856 count=4096 submitted=7602176
t=5271562 read event=1857 count=4096 submitted=7606272
t=5274306 read event=1858 count=4096 submitted=7610368
t=5277054 read event=1859 count=4096 submitted=7614464
t=5280002 read event=1860 count=4096 submitted=7618560
t=5282830 read event=1861 count=4096 submitted=7622656
t=5285581 read event=1862 count=4096 submitted=7626752
t=5288322 read event=1863 count=4096 submitted=7630848
t=5291274 read event=1864 count=4096 submitted=7634944
t=5294143 read event=1865 count=4096 submitted=7639040
t=5296899 read event=1866 count=4096 submitted=7643136
t=5299651 read event=1867 count=4096 submitted=7647232
t=5302609 read event=1868 count=4096 submitted=7651328
t=5305425 read event=1869 count=4096 submitted=7655424
t=5308179 read event=1870 count=4096 submitted=7659520
t=5310924 read event=1871 count=4096 submitted=7663616
t=5313876 read event=1872 count=4096 submitted=7667712
t=5316700 read event=1873 count=4096 submitted=7671808
t=5319447 read event=1874 count=4096 submitted=7675904
t=5322203 read event=1875 count=4096 submitted=7680000
t=5325146 read event=1876 count=4096 submitted=7684096
t=5327968 read event=1877 count=4096 submitted=7688192
t=5330718 read event=1878 count=4096 submitted=7692288
t=5333462 read event=1879 count=4096 submitted=7696384
t=5336414 read event=1880 count=4096 submitted=7700480
t=5339241 read event=1881 count=4096 submitted=7704576
t=5341994 read event=1882 count=4096 submitted=7708672
t=5344741 read event=1883 count=4096 submitted=7712768
t=5347724 read event=1884 count=4096 submitted=7716864
t=5350545 read event=1885 count=4096 submitted=7720960
t=5353291 read event=1886 count=4096 submitted=7725056
t=5356043 read event=1887 count=4096 submitted=7729152
t=5358995 read event=1888 count=4096 submitted=7733248
t=5361816 read event=1889 count=4096 submitted=7737344
t=5364564 read event=1890 count=4096 submitted=7741440
t=5367303 read event=1891 count=4096 submitted=7745536
t=5370255 read event=1892 count=4096 submitted=7749632
t=5373071 read event=1893 count=4096 submitted=7753728
t=5375820 read event=1894 count=4096 submitted=7757824
t=5378567 read event=1895 count=4096 submitted=7761920
t=5381506 read event=1896 count=4096 submitted=7766016
t=5384337 read event=1897 count=4096 submitted=7770112
t=5387089 read event=1898 count=4096 submitted=7774208
t=5389835 read event=1899 count=4096 submitted=7778304
t=5392790 read event=1900 count=4096 submitted=7782400
t=5395611 read event=1901 count=4096 submitted=7786496
t=5398354 read event=1902 count=4096 submitted=7790592
t=5401101 read event=1903 count=4096 submitted=7794688
t=5404057 read event=1904 count=4096 submitted=7798784
t=5406877 read event=1905 count=4096 submitted=7802880
t=5409626 read event=1906 count=4096 submitted=7806976
t=5412366 read event=1907 count=4096 submitted=7811072
t=5415320 read event=1908 count=4096 submitted=7815168
t=5418143 read event=1909 count=4096 submitted=7819264
t=5420891 read event=1910 count=4096 submitted=7823360
t=5423638 read event=1911 count=4096 submitted=7827456
t=5426594 read event=1912 count=4096 submitted=7831552
t=5429404 read event=1913 count=4096 submitted=7835648
t=5432156 read event=1914 count=4096 submitted=7839744
t=5434905 read event=1915 count=4096 submitted=7843840
t=5437850 read event=1916 count=4096 submitted=7847936
t=5440666 read event=1917 count=4096 submitted=7852032
t=5443414 read event=1918 count=4096 submitted=7856128
t=5446164 read event=1919 count=4096 submitted=7860224
t=5449112 read event=1920 count=4096 submitted=7864320
t=5451935 read event=1921 count=4096 submitted=7868416
t=5454688 read event=1922 count=4096 submitted=7872512
t=5457428 read event=1923 count=4096 submitted=7876608
t=5460380 read event=1924 count=4096 submitted=7880704
t=5463197 read event=1925 count=4096 submitted=7884800
t=5465952 read event=1926 count=4096 submitted=7888896
t=5468703 read event=1927 count=4096 submitted=7892992
t=5471661 read event=1928 count=4096 submitted=7897088
t=5474473 read event=1929 count=4096 submitted=7901184
t=5477229 read event=1930 count=4096 submitted=7905280
t=5479980 read event=1931 count=4096 submitted=7909376
t=5482937 read event=1932 count=4096 submitted=7913472
t=5485752 read event=1933 count=4096 submitted=7917568
t=5488498 read event=1934 count=4096 submitted=7921664
t=5491244 read event=1935 count=4096 submitted=7925760
t=5494193 read event=1936 count=4096 submitted=7929856
t=5497012 read event=1937 count=4096 submitted=7933952
t=5499763 read event=1938 count=4096 submitted=7938048
t=5502562 read event=1939 count=4096 submitted=7942144
t=5505507 read event=1940 count=4096 submitted=7946240
t=5508331 read event=1941 count=4096 submitted=7950336
t=5511081 read event=1942 count=4096 submitted=7954432
t=5513831 read event=1943 count=4096 submitted=7958528
t=5516787 read event=1944 count=4096 submitted=7962624
t=5519614 read event=1945 count=4096 submitted=7966720
t=5522360 read event=1946 count=4096 submitted=7970816
t=5525109 read event=1947 count=4096 submitted=7974912
t=5528057 read event=1948 count=4096 submitted=7979008
t=5530873 read event=1949 count=4096 submitted=7983104
t=5533624 read event=1950 count=4096 submitted=7987200
t=5536404 read event=1951 count=4096 submitted=7991296
t=5539367 read event=1952 count=4096 submitted=7995392
t=5542190 read event=1953 count=4096 submitted=7999488
t=5544942 read event=1954 count=4096 submitted=8003584
t=5547691 read event=1955 count=4096 submitted=8007680
t=5550635 read event=1956 count=4096 submitted=8011776
t=5553446 read event=1957 count=4096 submitted=8015872
t=5556218 read event=1958 count=4096 submitted=8019968
t=5558968 read event=1959 count=4096 submitted=8024064
t=5561930 read event=1960 count=4096 submitted=8028160
t=5564753 read event=1961 count=4096 submitted=8032256
t=5567500 read event=1962 count=4096 submitted=8036352
t=5570249 read event=1963 count=4096 submitted=8040448
t=5573196 read event=1964 count=4096 submitted=8044544
t=5576015 read event=1965 count=4096 submitted=8048640
t=5578766 read event=1966 count=4096 submitted=8052736
t=5581508 read event=1967 count=4096 submitted=8056832
t=5584471 read event=1968 count=4096 submitted=8060928
t=5587294 read event=1969 count=4096 submitted=8065024
t=5590045 read event=1970 count=4096 submitted=8069120
t=5592788 read event=1971 count=4096 submitted=8073216
t=5595746 read event=1972 count=4096 submitted=8077312
t=5598562 read event=1973 count=4096 submitted=8081408
t=5601305 read event=1974 count=4096 submitted=8085504
t=5604053 read event=1975 count=4096 submitted=8089600
t=5607001 read event=1976 count=4096 submitted=8093696
t=5609824 read event=1977 count=4096 submitted=8097792
t=5612576 read event=1978 count=4096 submitted=8101888
t=5615318 read event=1979 count=4096 submitted=8105984
t=5618271 read event=1980 count=4096 submitted=8110080
t=5621098 read event=1981 count=4096 submitted=8114176
t=5623850 read event=1982 count=4096 submitted=8118272
t=5626595 read event=1983 count=4096 submitted=8122368
t=5629546 read event=1984 count=4096 submitted=8126464
t=5632355 read event=1985 count=4096 submitted=8130560
t=5635103 read event=1986 count=4096 submitted=8134656
t=5637854 read event=1987 count=4096 submitted=8138752
t=5640809 read event=1988 count=4096 submitted=8142848
t=5643626 read event=1989 count=4096 submitted=8146944
t=5646368 read event=1990 count=4096 submitted=8151040
t=5649117 read event=1991 count=4096 submitted=8155136
t=5652068 read event=1992 count=4096 submitted=8159232
t=5654886 read event=1993 count=4096 submitted=8163328
t=5657638 read event=1994 count=4096 submitted=8167424
t=5660379 read event=1995 count=4096 submitted=8171520
t=5663337 read event=1996 count=4096 submitted=8175616
t=5666160 read event=1997 count=4096 submitted=8179712
t=5668911 read event=1998 count=4096 submitted=8183808
t=5671661 read event=1999 count=4096 submitted=8187904
t=5674613 read event=2000 count=4096 submitted=8192000
t=5677430 read event=2001 count=4096 submitted=8196096
t=5680185 read event=2002 count=4096 submitted=8200192
t=5682940 read event=2003 count=4096 submitted=8204288
t=5685900 read event=2004 count=4096 submitted=8208384
t=5688720 read event=2005 count=4096 submitted=8212480
t=5691463 read event=2006 count=4096 submitted=8216576
t=5694213 read event=2007 count=4096 submitted=8220672
t=5697155 read event=2008 count=4096 submitted=8224768
t=5699973 read event=2009 count=4096 submitted=8228864
t=5702725 read event=2010 count=4096 submitted=8232960
t=5705465 read event=2011 count=4096 submitted=8237056
t=5708422 read event=2012 count=4096 submitted=8241152
t=5711299 read event=2013 count=4096 submitted=8245248
t=5714057 read event=2014 count=4096 submitted=8249344
t=5716808 read event=2015 count=4096 submitted=8253440
t=5719763 read event=2016 count=4096 submitted=8257536
t=5722591 read event=2017 count=4096 submitted=8261632
t=5725337 read event=2018 count=4096 submitted=8265728
t=5728085 read event=2019 count=4096 submitted=8269824
t=5731039 read event=2020 count=4096 submitted=8273920
t=5733860 read event=2021 count=4096 submitted=8278016
t=5736610 read event=2022 count=4096 submitted=8282112
t=5739354 read event=2023 count=4096 submitted=8286208
t=5742307 read event=2024 count=4096 submitted=8290304
t=5745125 read event=2025 count=4096 submitted=8294400
t=5747881 read event=2026 count=4096 submitted=8298496
t=5750629 read event=2027 count=4096 submitted=8302592
t=5753576 read event=2028 count=4096 submitted=8306688
t=5756399 read event=2029 count=4096 submitted=8310784
t=5759153 read event=2030 count=4096 submitted=8314880
t=5761903 read event=2031 count=4096 submitted=8318976
t=5764862 read event=2032 count=4096 submitted=8323072
t=5767703 read event=2033 count=4096 submitted=8327168
t=5770451 read event=2034 count=4096 submitted=8331264
t=5773201 read event=2035 count=4096 submitted=8335360
t=5776145 read event=2036 count=4096 submitted=8339456
t=5778959 read event=2037 count=4096 submitted=8343552
t=5781708 read event=2038 count=4096 submitted=8347648
t=5784464 read event=2039 count=4096 submitted=8351744
t=5787416 read event=2040 count=4096 submitted=8355840
t=5790243 read event=2041 count=4096 submitted=8359936
t=5793005 read event=2042 count=4096 submitted=8364032
t=5795755 read event=2043 count=4096 submitted=8368128
t=5798708 read event=2044 count=4096 submitted=8372224
t=5801528 read event=2045 count=4096 submitted=8376320
t=5804276 read event=2046 count=4096 submitted=8380416
t=5807023 read event=2047 count=4096 submitted=8384512
t=5809988 read event=2048 count=4096 submitted=8388608
t=5812810 read event=2049 count=4096 submitted=8392704
t=5815560 read event=2050 count=4096 submitted=8396800
t=5818303 read event=2051 count=4096 submitted=8400896
t=5821255 read event=2052 count=4096 submitted=8404992
t=5824082 read event=2053 count=4096 submitted=8409088
t=5826834 read event=2054 count=4096 submitted=8413184
t=5829583 read event=2055 count=4096 submitted=8417280
t=5832528 read event=2056 count=4096 submitted=8421376
t=5835340 read event=2057 count=4096 submitted=8425472
t=5838093 read event=2058 count=4096 submitted=8429568
t=5840839 read event=2059 count=4096 submitted=8433664
t=5843785 read event=2060 count=4096 submitted=8437760
t=5846604 read event=2061 count=4096 submitted=8441856
t=5849348 read event=2062 count=4096 submitted=8445952
t=5852097 read event=2063 count=4096 submitted=8450048
t=5855059 read event=2064 count=4096 submitted=8454144
t=5857880 read event=2065 count=4096 submitted=8458240
t=5860630 read event=2066 count=4096 submitted=8462336
t=5863373 read event=2067 count=4096 submitted=8466432
t=5866325 read event=2068 count=4096 submitted=8470528
t=5869146 read event=2069 count=4096 submitted=8474624
t=5871898 read event=2070 count=4096 submitted=8478720
t=5874645 read event=2071 count=4096 submitted=8482816
t=5877595 read event=2072 count=4096 submitted=8486912
t=5880405 read event=2073 count=4096 submitted=8491008
t=5883164 read event=2074 count=4096 submitted=8495104
t=5885912 read event=2075 count=4096 submitted=8499200
t=5888857 read event=2076 count=4096 submitted=8503296
t=5891677 read event=2077 count=4096 submitted=8507392
t=5894423 read event=2078 count=4096 submitted=8511488
t=5897170 read event=2079 count=4096 submitted=8515584
t=5900132 read event=2080 count=4096 submitted=8519680
t=5902954 read event=2081 count=4096 submitted=8523776
t=5905705 read event=2082 count=4096 submitted=8527872
t=5908447 read event=2083 count=4096 submitted=8531968
t=5911395 read event=2084 count=4096 submitted=8536064
t=5914212 read event=2085 count=4096 submitted=8540160
t=5916959 read event=2086 count=4096 submitted=8544256
t=5919763 read event=2087 count=4096 submitted=8548352
t=5922712 read event=2088 count=4096 submitted=8552448
t=5925538 read event=2089 count=4096 submitted=8556544
t=5928283 read event=2090 count=4096 submitted=8560640
t=5931030 read event=2091 count=4096 submitted=8564736
t=5933990 read event=2092 count=4096 submitted=8568832
t=5936810 read event=2093 count=4096 submitted=8572928
t=5939561 read event=2094 count=4096 submitted=8577024
t=5942300 read event=2095 count=4096 submitted=8581120
t=5945259 read event=2096 count=4096 submitted=8585216
t=5948079 read event=2097 count=4096 submitted=8589312
t=5950841 read event=2098 count=4096 submitted=8593408
t=5953595 read event=2099 count=4096 submitted=8597504
t=5956546 read event=2100 count=4096 submitted=8601600
t=5959374 read event=2101 count=4096 submitted=8605696
t=5962127 read event=2102 count=4096 submitted=8609792
t=5964876 read event=2103 count=4096 submitted=8613888
t=5967826 read event=2104 count=4096 submitted=8617984
t=5970649 read event=2105 count=4096 submitted=8622080
t=5973396 read event=2106 count=4096 submitted=8626176
t=5976165 read event=2107 count=4096 submitted=8630272
t=5979132 read event=2108 count=4096 submitted=8634368
t=5981954 read event=2109 count=4096 submitted=8638464
t=5984717 read event=2110 count=4096 submitted=8642560
t=5987464 read event=2111 count=4096 submitted=8646656
t=5990419 read event=2112 count=4096 submitted=8650752
t=5993246 read event=2113 count=4096 submitted=8654848
t=5995999 read event=2114 count=4096 submitted=8658944
t=5998746 read event=2115 count=4096 submitted=8663040
t=6001693 read event=2116 count=4096 submitted=8667136
t=6004502 read event=2117 count=4096 submitted=8671232
t=6007254 read event=2118 count=4096 submitted=8675328
t=6010002 read event=2119 count=4096 submitted=8679424
t=6012945 read event=2120 count=4096 submitted=8683520
t=6015761 read event=2121 count=4096 submitted=8687616
t=6018506 read event=2122 count=4096 submitted=8691712
t=6021257 read event=2123 count=4096 submitted=8695808
t=6024217 read event=2124 count=4096 submitted=8699904
t=6027040 read event=2125 count=4096 submitted=8704000
t=6029794 read event=2126 count=4096 submitted=8708096
t=6032538 read event=2127 count=4096 submitted=8712192
t=6035480 read event=2128 count=4096 submitted=8716288
t=6038299 read event=2129 count=4096 submitted=8720384
t=6041051 read event=2130 count=4096 submitted=8724480
t=6043798 read event=2131 count=4096 submitted=8728576
t=6046746 read event=2132 count=4096 submitted=8732672
t=6049564 read event=2133 count=4096 submitted=8736768
t=6052305 read event=2134 count=4096 submitted=8740864
t=6055054 read event=2135 count=4096 submitted=8744960
t=6058001 read event=2136 count=4096 submitted=8749056
t=6060816 read event=2137 count=4096 submitted=8753152
t=6063567 read event=2138 count=4096 submitted=8757248
t=6066307 read event=2139 count=4096 submitted=8761344
t=6069274 read event=2140 count=4096 submitted=8765440
t=6072097 read event=2141 count=4096 submitted=8769536
t=6074850 read event=2142 count=4096 submitted=8773632
t=6077601 read event=2143 count=4096 submitted=8777728
t=6080549 read event=2144 count=4096 submitted=8781824
t=6083369 read event=2145 count=4096 submitted=8785920
t=6086123 read event=2146 count=4096 submitted=8790016
t=6088869 read event=2147 count=4096 submitted=8794112
t=6091822 read event=2148 count=4096 submitted=8798208
t=6094641 read event=2149 count=4096 submitted=8802304
t=6097385 read event=2150 count=4096 submitted=8806400
t=6100132 read event=2151 count=4096 submitted=8810496
t=6103088 read event=2152 count=4096 submitted=8814592
t=6105907 read event=2153 count=4096 submitted=8818688
t=6108658 read event=2154 count=4096 submitted=8822784
t=6111397 read event=2155 count=4096 submitted=8826880
t=6114352 read event=2156 count=4096 submitted=8830976
t=6117167 read event=2157 count=4096 submitted=8835072
t=6119919 read event=2158 count=4096 submitted=8839168
t=6122666 read event=2159 count=4096 submitted=8843264
t=6125660 read event=2160 count=4096 submitted=8847360
t=6128488 read event=2161 count=4096 submitted=8851456
t=6131244 read event=2162 count=4096 submitted=8855552
t=6133993 read event=2163 count=4096 submitted=8859648
t=6136937 read event=2164 count=4096 submitted=8863744
t=6139761 read event=2165 count=4096 submitted=8867840
t=6142500 read event=2166 count=4096 submitted=8871936
t=6145249 read event=2167 count=4096 submitted=8876032
t=6148206 read event=2168 count=4096 submitted=8880128
t=6151024 read event=2169 count=4096 submitted=8884224
t=6153777 read event=2170 count=4096 submitted=8888320
t=6156526 read event=2171 count=4096 submitted=8892416
t=6159469 read event=2172 count=4096 submitted=8896512
t=6162294 read event=2173 count=4096 submitted=8900608
t=6165051 read event=2174 count=4096 submitted=8904704
t=6167802 read event=2175 count=4096 submitted=8908800
t=6170747 read event=2176 count=4096 submitted=8912896
t=6173567 read event=2177 count=4096 submitted=8916992
t=6176311 read event=2178 count=4096 submitted=8921088
t=6179056 read event=2179 count=4096 submitted=8925184
t=6181999 read event=2180 count=4096 submitted=8929280
t=6184825 read event=2181 count=4096 submitted=8933376
t=6187598 read event=2182 count=4096 submitted=8937472
t=6190344 read event=2183 count=4096 submitted=8941568
t=6193310 read event=2184 count=4096 submitted=8945664
t=6196133 read event=2185 count=4096 submitted=8949760
t=6198883 read event=2186 count=4096 submitted=8953856
t=6201633 read event=2187 count=4096 submitted=8957952
t=6204585 read event=2188 count=4096 submitted=8962048
t=6207397 read event=2189 count=4096 submitted=8966144
t=6210148 read event=2190 count=4096 submitted=8970240
t=6212894 read event=2191 count=4096 submitted=8974336
t=6215842 read event=2192 count=4096 submitted=8978432
t=6218660 read event=2193 count=4096 submitted=8982528
t=6221408 read event=2194 count=4096 submitted=8986624
t=6224157 read event=2195 count=4096 submitted=8990720
t=6227096 read event=2196 count=4096 submitted=8994816
t=6229922 read event=2197 count=4096 submitted=8998912
t=6232668 read event=2198 count=4096 submitted=9003008
t=6235412 read event=2199 count=4096 submitted=9007104
t=6238375 read event=2200 count=4096 submitted=9011200
t=6241192 read event=2201 count=4096 submitted=9015296
t=6243946 read event=2202 count=4096 submitted=9019392
t=6246691 read event=2203 count=4096 submitted=9023488
t=6249642 read event=2204 count=4096 submitted=9027584
t=6252449 read event=2205 count=4096 submitted=9031680
t=6255200 read event=2206 count=4096 submitted=9035776
t=6257946 read event=2207 count=4096 submitted=9039872
t=6260891 read event=2208 count=4096 submitted=9043968
t=6263722 read event=2209 count=4096 submitted=9048064
t=6266471 read event=2210 count=4096 submitted=9052160
t=6269219 read event=2211 count=4096 submitted=9056256
t=6272177 read event=2212 count=4096 submitted=9060352
t=6275000 read event=2213 count=4096 submitted=9064448
t=6277753 read event=2214 count=4096 submitted=9068544
t=6280497 read event=2215 count=4096 submitted=9072640
t=6283448 read event=2216 count=4096 submitted=9076736
t=6286267 read event=2217 count=4096 submitted=9080832
t=6289017 read event=2218 count=4096 submitted=9084928
t=6291769 read event=2219 count=4096 submitted=9089024
t=6294720 read event=2220 count=4096 submitted=9093120
t=6297536 read event=2221 count=4096 submitted=9097216
t=6300279 read event=2222 count=4096 submitted=9101312
t=6303025 read event=2223 count=4096 submitted=9105408
t=6305977 read event=2224 count=4096 submitted=9109504
t=6308795 read event=2225 count=4096 submitted=9113600
t=6311545 read event=2226 count=4096 submitted=9117696
t=6314287 read event=2227 count=4096 submitted=9121792
t=6317252 read event=2228 count=4096 submitted=9125888
t=6320073 read event=2229 count=4096 submitted=9129984
t=6322820 read event=2230 count=4096 submitted=9134080
t=6325569 read event=2231 count=4096 submitted=9138176
t=6328523 read event=2232 count=4096 submitted=9142272
t=6331343 read event=2233 count=4096 submitted=9146368
t=6334144 read event=2234 count=4096 submitted=9150464
t=6336898 read event=2235 count=4096 submitted=9154560
t=6339851 read event=2236 count=4096 submitted=9158656
t=6342675 read event=2237 count=4096 submitted=9162752
t=6345421 read event=2238 count=4096 submitted=9166848
t=6348168 read event=2239 count=4096 submitted=9170944
t=6351115 read event=2240 count=4096 submitted=9175040
t=6353939 read event=2241 count=4096 submitted=9179136
t=6356689 read event=2242 count=4096 submitted=9183232
t=6359429 read event=2243 count=4096 submitted=9187328
t=6362391 read event=2244 count=4096 submitted=9191424
t=6365214 read event=2245 count=4096 submitted=9195520
t=6367970 read event=2246 count=4096 submitted=9199616
t=6370717 read event=2247 count=4096 submitted=9203712
t=6373661 read event=2248 count=4096 submitted=9207808
t=6376471 read event=2249 count=4096 submitted=9211904
t=6379229 read event=2250 count=4096 submitted=9216000
t=6381977 read event=2251 count=4096 submitted=9220096
t=6384941 read event=2252 count=4096 submitted=9224192
t=6387761 read event=2253 count=4096 submitted=9228288
t=6390507 read event=2254 count=4096 submitted=9232384
t=6393254 read event=2255 count=4096 submitted=9236480
t=6396225 read event=2256 count=4096 submitted=9240576
t=6399048 read event=2257 count=4096 submitted=9244672
t=6401799 read event=2258 count=4096 submitted=9248768
t=6404547 read event=2259 count=4096 submitted=9252864
t=6407497 read event=2260 count=4096 submitted=9256960
t=6410327 read event=2261 count=4096 submitted=9261056
t=6413078 read event=2262 count=4096 submitted=9265152
t=6415828 read event=2263 count=4096 submitted=9269248
t=6418771 read event=2264 count=4096 submitted=9273344
t=6421591 read event=2265 count=4096 submitted=9277440
t=6424338 read event=2266 count=4096 submitted=9281536
t=6427086 read event=2267 count=4096 submitted=9285632
t=6430042 read event=2268 count=4096 submitted=9289728
t=6432862 read event=2269 count=4096 submitted=9293824
t=6435613 read event=2270 count=4096 submitted=9297920
t=6438351 read event=2271 count=4096 submitted=9302016
t=6441319 read event=2272 count=4096 submitted=9306112
t=6444140 read event=2273 count=4096 submitted=9310208
t=6446889 read event=2274 count=4096 submitted=9314304
t=6449636 read event=2275 count=4096 submitted=9318400
t=6452577 read event=2276 count=4096 submitted=9322496
t=6455389 read event=2277 count=4096 submitted=9326592
t=6458139 read event=2278 count=4096 submitted=9330688
t=6460885 read event=2279 count=4096 submitted=9334784
t=6463831 read event=2280 count=4096 submitted=9338880
t=6466648 read event=2281 count=4096 submitted=9342976
t=6469396 read event=2282 count=4096 submitted=9347072
t=6472142 read event=2283 count=4096 submitted=9351168
t=6475094 read event=2284 count=4096 submitted=9355264
t=6477913 read event=2285 count=4096 submitted=9359360
t=6480663 read event=2286 count=4096 submitted=9363456
t=6483416 read event=2287 count=4096 submitted=9367552
t=6486384 read event=2288 count=4096 submitted=9371648
t=6489204 read event=2289 count=4096 submitted=9375744
t=6491956 read event=2290 count=4096 submitted=9379840
t=6494742 read event=2291 count=4096 submitted=9383936
t=6497693 read event=2292 count=4096 submitted=9388032
t=6500513 read event=2293 count=4096 submitted=9392128
t=6503262 read event=2294 count=4096 submitted=9396224
t=6506015 read event=2295 count=4096 submitted=9400320
t=6508962 read event=2296 count=4096 submitted=9404416
t=6511779 read event=2297 count=4096 submitted=9408512
t=6514527 read event=2298 count=4096 submitted=9412608
t=6517268 read event=2299 count=4096 submitted=9416704
t=6520217 read event=2300 count=4096 submitted=9420800
t=6523033 read event=2301 count=4096 submitted=9424896
t=6525787 read event=2302 count=4096 submitted=9428992
t=6528534 read event=2303 count=4096 submitted=9433088
t=6531485 read event=2304 count=4096 submitted=9437184
t=6534314 read event=2305 count=4096 submitted=9441280
t=6537062 read event=2306 count=4096 submitted=9445376
t=6539809 read event=2307 count=4096 submitted=9449472
t=6542799 read event=2308 count=4096 submitted=9453568
t=6545627 read event=2309 count=4096 submitted=9457664
t=6548370 read event=2310 count=4096 submitted=9461760
t=6551119 read event=2311 count=4096 submitted=9465856
t=6554068 read event=2312 count=4096 submitted=9469952
t=6556882 read event=2313 count=4096 submitted=9474048
t=6559638 read event=2314 count=4096 submitted=9478144
t=6562381 read event=2315 count=4096 submitted=9482240
t=6565341 read event=2316 count=4096 submitted=9486336
t=6568171 read event=2317 count=4096 submitted=9490432
t=6570922 read event=2318 count=4096 submitted=9494528
t=6573670 read event=2319 count=4096 submitted=9498624
t=6576634 read event=2320 count=4096 submitted=9502720
t=6579455 read event=2321 count=4096 submitted=9506816
t=6582208 read event=2322 count=4096 submitted=9510912
t=6584972 read event=2323 count=4096 submitted=9515008
t=6587917 read event=2324 count=4096 submitted=9519104
t=6590733 read event=2325 count=4096 submitted=9523200
t=6593476 read event=2326 count=4096 submitted=9527296
t=6596229 read event=2327 count=4096 submitted=9531392
t=6599180 read event=2328 count=4096 submitted=9535488
t=6601996 read event=2329 count=4096 submitted=9539584
t=6604751 read event=2330 count=4096 submitted=9543680
t=6607532 read event=2331 count=4096 submitted=9547776
t=6610492 read event=2332 count=4096 submitted=9551872
t=6613319 read event=2333 count=4096 submitted=9555968
t=6616071 read event=2334 count=4096 submitted=9560064
t=6618818 read event=2335 count=4096 submitted=9564160
t=6621767 read event=2336 count=4096 submitted=9568256
t=6624589 read event=2337 count=4096 submitted=9572352
t=6627338 read event=2338 count=4096 submitted=9576448
t=6630086 read event=2339 count=4096 submitted=9580544
t=6633027 read event=2340 count=4096 submitted=9584640
t=6635858 read event=2341 count=4096 submitted=9588736
t=6638603 read event=2342 count=4096 submitted=9592832
t=6641347 read event=2343 count=4096 submitted=9596928
t=6644302 read event=2344 count=4096 submitted=9601024
t=6647116 read event=2345 count=4096 submitted=9605120
t=6649870 read event=2346 count=4096 submitted=9609216
t=6652619 read event=2347 count=4096 submitted=9613312
t=6655581 read event=2348 count=4096 submitted=9617408
t=6658389 read event=2349 count=4096 submitted=9621504
t=6661139 read event=2350 count=4096 submitted=9625600
t=6663888 read event=2351 count=4096 submitted=9629696
t=6666835 read event=2352 count=4096 submitted=9633792
t=6669654 read event=2353 count=4096 submitted=9637888
t=6672398 read event=2354 count=4096 submitted=9641984
t=6675148 read event=2355 count=4096 submitted=9646080
t=6678096 read event=2356 count=4096 submitted=9650176
t=6680916 read event=2357 count=4096 submitted=9654272
t=6683676 read event=2358 count=4096 submitted=9658368
t=6686419 read event=2359 count=4096 submitted=9662464
t=6689379 read event=2360 count=4096 submitted=9666560
t=6692211 read event=2361 count=4096 submitted=9670656
t=6694964 read event=2362 count=4096 submitted=9674752
t=6697717 read event=2363 count=4096 submitted=9678848
t=6700680 read event=2364 count=4096 submitted=9682944
t=6703493 read event=2365 count=4096 submitted=9687040
t=6706246 read event=2366 count=4096 submitted=9691136
t=6708993 read event=2367 count=4096 submitted=9695232
t=6711942 read event=2368 count=4096 submitted=9699328
t=6714757 read event=2369 count=4096 submitted=9703424
t=6717506 read event=2370 count=4096 submitted=9707520
t=6720253 read event=2371 count=4096 submitted=9711616
t=6723200 read event=2372 count=4096 submitted=9715712
t=6726021 read event=2373 count=4096 submitted=9719808
t=6728769 read event=2374 count=4096 submitted=9723904
t=6731514 read event=2375 count=4096 submitted=9728000
t=6734473 read event=2376 count=4096 submitted=9732096
t=6737298 read event=2377 count=4096 submitted=9736192
t=6740053 read event=2378 count=4096 submitted=9740288
t=6742798 read event=2379 count=4096 submitted=9744384
t=6745747 read event=2380 count=4096 submitted=9748480
t=6748563 read event=2381 count=4096 submitted=9752576
t=6751357 read event=2382 count=4096 submitted=9756672
t=6754110 read event=2383 count=4096 submitted=9760768
t=6757061 read event=2384 count=4096 submitted=9764864
t=6759883 read event=2385 count=4096 submitted=9768960
t=6762635 read event=2386 count=4096 submitted=9773056
t=6765378 read event=2387 count=4096 submitted=9777152
t=6768330 read event=2388 count=4096 submitted=9781248
t=6771164 read event=2389 count=4096 submitted=9785344
t=6773917 read event=2390 count=4096 submitted=9789440
t=6776664 read event=2391 count=4096 submitted=9793536
t=6779626 read event=2392 count=4096 submitted=9797632
t=6782438 read event=2393 count=4096 submitted=9801728
t=6785202 read event=2394 count=4096 submitted=9805824
t=6787955 read event=2395 count=4096 submitted=9809920
t=6790899 read event=2396 count=4096 submitted=9814016
t=6793717 read event=2397 count=4096 submitted=9818112
t=6796459 read event=2398 count=4096 submitted=9822208
t=6799207 read event=2399 count=4096 submitted=9826304
t=6802150 read event=2400 count=4096 submitted=9830400
t=6804972 read event=2401 count=4096 submitted=9834496
t=6807720 read event=2402 count=4096 submitted=9838592
t=6810459 read event=2403 count=4096 submitted=9842688
t=6813409 read event=2404 count=4096 submitted=9846784
t=6816261 read event=2405 count=4096 submitted=9850880
t=6819019 read event=2406 count=4096 submitted=9854976
t=6821768 read event=2407 count=4096 submitted=9859072
t=6824733 read event=2408 count=4096 submitted=9863168
t=6827557 read event=2409 count=4096 submitted=9867264
t=6830307 read event=2410 count=4096 submitted=9871360
t=6833059 read event=2411 count=4096 submitted=9875456
t=6836013 read event=2412 count=4096 submitted=9879552
t=6838841 read event=2413 count=4096 submitted=9883648
t=6841594 read event=2414 count=4096 submitted=9887744
t=6844334 read event=2415 count=4096 submitted=9891840
t=6847288 read event=2416 count=4096 submitted=9895936
t=6850104 read event=2417 count=4096 submitted=9900032
t=6852858 read event=2418 count=4096 submitted=9904128
t=6855609 read event=2419 count=4096 submitted=9908224
t=6858550 read event=2420 count=4096 submitted=9912320
t=6861366 read event=2421 count=4096 submitted=9916416
t=6864114 read event=2422 count=4096 submitted=9920512
t=6866862 read event=2423 count=4096 submitted=9924608
t=6869820 read event=2424 count=4096 submitted=9928704
t=6872640 read event=2425 count=4096 submitted=9932800
t=6875388 read event=2426 count=4096 submitted=9936896
t=6878138 read event=2427 count=4096 submitted=9940992
t=6881082 read event=2428 count=4096 submitted=9945088
t=6883914 read event=2429 count=4096 submitted=9949184
t=6886668 read event=2430 count=4096 submitted=9953280
t=6889411 read event=2431 count=4096 submitted=9957376
t=6892362 read event=2432 count=4096 submitted=9961472
t=6895183 read event=2433 count=4096 submitted=9965568
t=6897933 read event=2434 count=4096 submitted=9969664
t=6900680 read event=2435 count=4096 submitted=9973760
t=6903635 read event=2436 count=4096 submitted=9977856
t=6906448 read event=2437 count=4096 submitted=9981952
t=6909198 read event=2438 count=4096 submitted=9986048
t=6911945 read event=2439 count=4096 submitted=9990144
t=6914891 read event=2440 count=4096 submitted=9994240
t=6917708 read event=2441 count=4096 submitted=9998336
t=6920453 read event=2442 count=4096 submitted=10002432
t=6923200 read event=2443 count=4096 submitted=10006528
t=6926145 read event=2444 count=4096 submitted=10010624
t=6928960 read event=2445 count=4096 submitted=10014720
t=6931711 read event=2446 count=4096 submitted=10018816
t=6934450 read event=2447 count=4096 submitted=10022912
t=6937402 read event=2448 count=4096 submitted=10027008
t=6940241 read event=2449 count=4096 submitted=10031104
t=6942992 read event=2450 count=4096 submitted=10035200
t=6945742 read event=2451 count=4096 submitted=10039296
t=6948706 read event=2452 count=4096 submitted=10043392
t=6951558 read event=2453 count=4096 submitted=10047488
t=6954307 read event=2454 count=4096 submitted=10051584
t=6957060 read event=2455 count=4096 submitted=10055680
t=6960075 read event=2456 count=4096 submitted=10059776
t=6962908 read event=2457 count=4096 submitted=10063872
t=6965663 read event=2458 count=4096 submitted=10067968
t=6968406 read event=2459 count=4096 submitted=10072064
t=6971365 read event=2460 count=4096 submitted=10076160
t=6974190 read event=2461 count=4096 submitted=10080256
t=6976941 read event=2462 count=4096 submitted=10084352
t=6979690 read event=2463 count=4096 submitted=10088448
t=6982651 read event=2464 count=4096 submitted=10092544
t=6985465 read event=2465 count=4096 submitted=10096640
t=6988220 read event=2466 count=4096 submitted=10100736
t=6990967 read event=2467 count=4096 submitted=10104832
t=6993929 read event=2468 count=4096 submitted=10108928
t=6996748 read event=2469 count=4096 submitted=10113024
t=6999492 read event=2470 count=4096 submitted=10117120
t=7002241 read event=2471 count=4096 submitted=10121216
t=7005190 read event=2472 count=4096 submitted=10125312
t=7008007 read event=2473 count=4096 submitted=10129408
t=7010757 read event=2474 count=4096 submitted=10133504
t=7013504 read event=2475 count=4096 submitted=10137600
t=7016488 read event=2476 count=4096 submitted=10141696
t=7019334 read event=2477 count=4096 submitted=10145792
t=7022093 read event=2478 count=4096 submitted=10149888
t=7024858 read event=2479 count=4096 submitted=10153984
t=7027815 read event=2480 count=4096 submitted=10158080
t=7030648 read event=2481 count=4096 submitted=10162176
t=7033393 read event=2482 count=4096 submitted=10166272
t=7036143 read event=2483 count=4096 submitted=10170368
t=7039101 read event=2484 count=4096 submitted=10174464
t=7041930 read event=2485 count=4096 submitted=10178560
t=7044683 read event=2486 count=4096 submitted=10182656
t=7047425 read event=2487 count=4096 submitted=10186752
t=7050381 read event=2488 count=4096 submitted=10190848
t=7053199 read event=2489 count=4096 submitted=10194944
t=7055951 read event=2490 count=4096 submitted=10199040
t=7058699 read event=2491 count=4096 submitted=10203136
t=7061647 read event=2492 count=4096 submitted=10207232
t=7064456 read event=2493 count=4096 submitted=10211328
t=7067207 read event=2494 count=4096 submitted=10215424
t=7069957 read event=2495 count=4096 submitted=10219520
t=7072918 read event=2496 count=4096 submitted=10223616
t=7075741 read event=2497 count=4096 submitted=10227712
t=7078484 read event=2498 count=4096 submitted=10231808
t=7081236 read event=2499 count=4096 submitted=10235904
t=7084189 read event=2500 count=4096 submitted=10240000
t=7087008 read event=2501 count=4096 submitted=10244096
t=7089757 read event=2502 count=4096 submitted=10248192
t=7092496 read event=2503 count=4096 submitted=10252288
t=7095447 read event=2504 count=4096 submitted=10256384
t=7098267 read event=2505 count=4096 submitted=10260480
t=7101016 read event=2506 count=4096 submitted=10264576
t=7103762 read event=2507 count=4096 submitted=10268672
t=7106706 read event=2508 count=4096 submitted=10272768
t=7109523 read event=2509 count=4096 submitted=10276864
t=7112267 read event=2510 count=4096 submitted=10280960
t=7115013 read event=2511 count=4096 submitted=10285056
t=7117973 read event=2512 count=4096 submitted=10289152
t=7120790 read event=2513 count=4096 submitted=10293248
t=7123541 read event=2514 count=4096 submitted=10297344
t=7126280 read event=2515 count=4096 submitted=10301440
t=7129222 read event=2516 count=4096 submitted=10305536
t=7132037 read event=2517 count=4096 submitted=10309632
t=7134786 read event=2518 count=4096 submitted=10313728
t=7137534 read event=2519 count=4096 submitted=10317824
t=7140477 read event=2520 count=4096 submitted=10321920
t=7143306 read event=2521 count=4096 submitted=10326016
t=7146056 read event=2522 count=4096 submitted=10330112
t=7148804 read event=2523 count=4096 submitted=10334208
t=7151750 read event=2524 count=4096 submitted=10338304
t=7154567 read event=2525 count=4096 submitted=10342400
t=7157311 read event=2526 count=4096 submitted=10346496
t=7160059 read event=2527 count=4096 submitted=10350592
t=7163020 read event=2528 count=4096 submitted=10354688
t=7165839 read event=2529 count=4096 submitted=10358784
t=7168639 read event=2530 count=4096 submitted=10362880
t=7171389 read event=2531 count=4096 submitted=10366976
t=7174342 read event=2532 count=4096 submitted=10371072
t=7177163 read event=2533 count=4096 submitted=10375168
t=7179913 read event=2534 count=4096 submitted=10379264
t=7182670 read event=2535 count=4096 submitted=10383360
t=7185621 read event=2536 count=4096 submitted=10387456
t=7188436 read event=2537 count=4096 submitted=10391552
t=7191190 read event=2538 count=4096 submitted=10395648
t=7193939 read event=2539 count=4096 submitted=10399744
t=7196883 read event=2540 count=4096 submitted=10403840
t=7199701 read event=2541 count=4096 submitted=10407936
t=7202443 read event=2542 count=4096 submitted=10412032
t=7205190 read event=2543 count=4096 submitted=10416128
t=7208151 read event=2544 count=4096 submitted=10420224
t=7210971 read event=2545 count=4096 submitted=10424320
t=7213722 read event=2546 count=4096 submitted=10428416
t=7216464 read event=2547 count=4096 submitted=10432512
t=7219422 read event=2548 count=4096 submitted=10436608
t=7222242 read event=2549 count=4096 submitted=10440704
t=7224993 read event=2550 count=4096 submitted=10444800
t=7227743 read event=2551 count=4096 submitted=10448896
t=7230715 read event=2552 count=4096 submitted=10452992
t=7233538 read event=2553 count=4096 submitted=10457088
t=7236283 read event=2554 count=4096 submitted=10461184
t=7239030 read event=2555 count=4096 submitted=10465280
t=7241992 read event=2556 count=4096 submitted=10469376
t=7244814 read event=2557 count=4096 submitted=10473472
t=7247565 read event=2558 count=4096 submitted=10477568
t=7250308 read event=2559 count=4096 submitted=10481664
t=7253263 read event=2560 count=4096 submitted=10485760
t=7256090 read event=2561 count=4096 submitted=10489856
t=7258843 read event=2562 count=4096 submitted=10493952
t=7261592 read event=2563 count=4096 submitted=10498048
t=7264534 read event=2564 count=4096 submitted=10502144
t=7267348 read event=2565 count=4096 submitted=10506240
t=7270100 read event=2566 count=4096 submitted=10510336
t=7272850 read event=2567 count=4096 submitted=10514432
t=7275801 read event=2568 count=4096 submitted=10518528
t=7278627 read event=2569 count=4096 submitted=10522624
t=7281372 read event=2570 count=4096 submitted=10526720
t=7284133 read event=2571 count=4096 submitted=10530816
t=7287090 read event=2572 count=4096 submitted=10534912
t=7289912 read event=2573 count=4096 submitted=10539008
t=7292660 read event=2574 count=4096 submitted=10543104
t=7295400 read event=2575 count=4096 submitted=10547200
t=7298355 read event=2576 count=4096 submitted=10551296
t=7301174 read event=2577 count=4096 submitted=10555392
t=7303925 read event=2578 count=4096 submitted=10559488
t=7306672 read event=2579 count=4096 submitted=10563584
t=7309616 read event=2580 count=4096 submitted=10567680
t=7312426 read event=2581 count=4096 submitted=10571776
t=7315175 read event=2582 count=4096 submitted=10575872
t=7317927 read event=2583 count=4096 submitted=10579968
t=7320873 read event=2584 count=4096 submitted=10584064
t=7323689 read event=2585 count=4096 submitted=10588160
t=7326431 read event=2586 count=4096 submitted=10592256
t=7329179 read event=2587 count=4096 submitted=10596352
t=7332136 read event=2588 count=4096 submitted=10600448
t=7334953 read event=2589 count=4096 submitted=10604544
t=7337708 read event=2590 count=4096 submitted=10608640
t=7340451 read event=2591 count=4096 submitted=10612736
t=7343410 read event=2592 count=4096 submitted=10616832
t=7346251 read event=2593 count=4096 submitted=10620928
t=7349000 read event=2594 count=4096 submitted=10625024
t=7351752 read event=2595 count=4096 submitted=10629120
t=7354694 read event=2596 count=4096 submitted=10633216
t=7357503 read event=2597 count=4096 submitted=10637312
t=7360257 read event=2598 count=4096 submitted=10641408
t=7363003 read event=2599 count=4096 submitted=10645504
t=7365954 read event=2600 count=4096 submitted=10649600
t=7368771 read event=2601 count=4096 submitted=10653696
t=7371523 read event=2602 count=4096 submitted=10657792
t=7374314 read event=2603 count=4096 submitted=10661888
t=7377289 read event=2604 count=4096 submitted=10665984
t=7380112 read event=2605 count=4096 submitted=10670080
t=7382878 read event=2606 count=4096 submitted=10674176
t=7385627 read event=2607 count=4096 submitted=10678272
t=7388572 read event=2608 count=4096 submitted=10682368
t=7391583 read event=2609 count=4096 submitted=10686464
t=7394349 read event=2610 count=4096 submitted=10690560
t=7397102 read event=2611 count=4096 submitted=10694656
t=7400060 read event=2612 count=4096 submitted=10698752
t=7402890 read event=2613 count=4096 submitted=10702848
t=7405641 read event=2614 count=4096 submitted=10706944
t=7408387 read event=2615 count=4096 submitted=10711040
t=7411357 read event=2616 count=4096 submitted=10715136
t=7414180 read event=2617 count=4096 submitted=10719232
t=7416933 read event=2618 count=4096 submitted=10723328
t=7419682 read event=2619 count=4096 submitted=10727424
t=7422628 read event=2620 count=4096 submitted=10731520
t=7425443 read event=2621 count=4096 submitted=10735616
t=7428196 read event=2622 count=4096 submitted=10739712
t=7430946 read event=2623 count=4096 submitted=10743808
t=7433892 read event=2624 count=4096 submitted=10747904
t=7436731 read event=2625 count=4096 submitted=10752000
t=7439481 read event=2626 count=4096 submitted=10756096
t=7442240 read event=2627 count=4096 submitted=10760192
t=7445198 read event=2628 count=4096 submitted=10764288
t=7448026 read event=2629 count=4096 submitted=10768384
t=7450775 read event=2630 count=4096 submitted=10772480
t=7453523 read event=2631 count=4096 submitted=10776576
t=7456473 read event=2632 count=4096 submitted=10780672
t=7459293 read event=2633 count=4096 submitted=10784768
t=7462044 read event=2634 count=4096 submitted=10788864
t=7464793 read event=2635 count=4096 submitted=10792960
t=7467744 read event=2636 count=4096 submitted=10797056
t=7470562 read event=2637 count=4096 submitted=10801152
t=7473304 read event=2638 count=4096 submitted=10805248
t=7476052 read event=2639 count=4096 submitted=10809344
t=7479001 read event=2640 count=4096 submitted=10813440
t=7481824 read event=2641 count=4096 submitted=10817536
t=7484585 read event=2642 count=4096 submitted=10821632
t=7487327 read event=2643 count=4096 submitted=10825728
t=7490280 read event=2644 count=4096 submitted=10829824
t=7493097 read event=2645 count=4096 submitted=10833920
t=7495852 read event=2646 count=4096 submitted=10838016
t=7498601 read event=2647 count=4096 submitted=10842112
t=7501562 read event=2648 count=4096 submitted=10846208
t=7504371 read event=2649 count=4096 submitted=10850304
t=7507129 read event=2650 count=4096 submitted=10854400
t=7509877 read event=2651 count=4096 submitted=10858496
t=7512819 read event=2652 count=4096 submitted=10862592
t=7515639 read event=2653 count=4096 submitted=10866688
t=7518425 read event=2654 count=4096 submitted=10870784
t=7521180 read event=2655 count=4096 submitted=10874880
t=7524133 read event=2656 count=4096 submitted=10878976
t=7526956 read event=2657 count=4096 submitted=10883072
t=7529707 read event=2658 count=4096 submitted=10887168
t=7532449 read event=2659 count=4096 submitted=10891264
t=7535402 read event=2660 count=4096 submitted=10895360
t=7538235 read event=2661 count=4096 submitted=10899456
t=7540982 read event=2662 count=4096 submitted=10903552
t=7543732 read event=2663 count=4096 submitted=10907648
t=7546692 read event=2664 count=4096 submitted=10911744
t=7549510 read event=2665 count=4096 submitted=10915840
t=7552264 read event=2666 count=4096 submitted=10919936
t=7555011 read event=2667 count=4096 submitted=10924032
t=7557961 read event=2668 count=4096 submitted=10928128
t=7560777 read event=2669 count=4096 submitted=10932224
t=7563530 read event=2670 count=4096 submitted=10936320
t=7566273 read event=2671 count=4096 submitted=10940416
t=7569222 read event=2672 count=4096 submitted=10944512
t=7572048 read event=2673 count=4096 submitted=10948608
t=7574799 read event=2674 count=4096 submitted=10952704
t=7577550 read event=2675 count=4096 submitted=10956800
t=7580499 read event=2676 count=4096 submitted=10960896
t=7583378 read event=2677 count=4096 submitted=10964992
t=7586137 read event=2678 count=4096 submitted=10969088
t=7588886 read event=2679 count=4096 submitted=10973184
t=7591837 read event=2680 count=4096 submitted=10977280
t=7594658 read event=2681 count=4096 submitted=10981376
t=7597404 read event=2682 count=4096 submitted=10985472
t=7600154 read event=2683 count=4096 submitted=10989568
t=7603101 read event=2684 count=4096 submitted=10993664
t=7605921 read event=2685 count=4096 submitted=10997760
t=7608674 read event=2686 count=4096 submitted=11001856
t=7611419 read event=2687 count=4096 submitted=11005952
t=7614371 read event=2688 count=4096 submitted=11010048
t=7617190 read event=2689 count=4096 submitted=11014144
t=7619943 read event=2690 count=4096 submitted=11018240
t=7622687 read event=2691 count=4096 submitted=11022336
t=7625649 read event=2692 count=4096 submitted=11026432
t=7628461 read event=2693 count=4096 submitted=11030528
t=7631208 read event=2694 count=4096 submitted=11034624
t=7633960 read event=2695 count=4096 submitted=11038720
t=7636905 read event=2696 count=4096 submitted=11042816
t=7639722 read event=2697 count=4096 submitted=11046912
t=7642491 read event=2698 count=4096 submitted=11051008
t=7645243 read event=2699 count=4096 submitted=11055104
t=7648192 read event=2700 count=4096 submitted=11059200
t=7651019 read event=2701 count=4096 submitted=11063296
t=7653771 read event=2702 count=4096 submitted=11067392
t=7656514 read event=2703 count=4096 submitted=11071488
t=7659462 read event=2704 count=4096 submitted=11075584
t=7662292 read event=2705 count=4096 submitted=11079680
t=7665042 read event=2706 count=4096 submitted=11083776
t=7667791 read event=2707 count=4096 submitted=11087872
t=7670747 read event=2708 count=4096 submitted=11091968
t=7673569 read event=2709 count=4096 submitted=11096064
t=7676310 read event=2710 count=4096 submitted=11100160
t=7679058 read event=2711 count=4096 submitted=11104256
t=7682007 read event=2712 count=4096 submitted=11108352
t=7684836 read event=2713 count=4096 submitted=11112448
t=7687589 read event=2714 count=4096 submitted=11116544
t=7690330 read event=2715 count=4096 submitted=11120640
t=7693290 read event=2716 count=4096 submitted=11124736
t=7696107 read event=2717 count=4096 submitted=11128832
t=7698855 read event=2718 count=4096 submitted=11132928
t=7701603 read event=2719 count=4096 submitted=11137024
t=7704545 read event=2720 count=4096 submitted=11141120
t=7707363 read event=2721 count=4096 submitted=11145216
t=7710115 read event=2722 count=4096 submitted=11149312
t=7712866 read event=2723 count=4096 submitted=11153408
t=7715832 read event=2724 count=4096 submitted=11157504
t=7718656 read event=2725 count=4096 submitted=11161600
t=7721402 read event=2726 count=4096 submitted=11165696
t=7724152 read event=2727 count=4096 submitted=11169792
t=7727102 read event=2728 count=4096 submitted=11173888
t=7729918 read event=2729 count=4096 submitted=11177984
t=7732669 read event=2730 count=4096 submitted=11182080
t=7735411 read event=2731 count=4096 submitted=11186176
t=7738365 read event=2732 count=4096 submitted=11190272
t=7741184 read event=2733 count=4096 submitted=11194368
t=7743940 read event=2734 count=4096 submitted=11198464
t=7746686 read event=2735 count=4096 submitted=11202560
t=7749648 read event=2736 count=4096 submitted=11206656
t=7752473 read event=2737 count=4096 submitted=11210752
t=7755229 read event=2738 count=4096 submitted=11214848
t=7757980 read event=2739 count=4096 submitted=11218944
t=7760926 read event=2740 count=4096 submitted=11223040
t=7763745 read event=2741 count=4096 submitted=11227136
t=7766487 read event=2742 count=4096 submitted=11231232
t=7769239 read event=2743 count=4096 submitted=11235328
t=7772187 read event=2744 count=4096 submitted=11239424
t=7775000 read event=2745 count=4096 submitted=11243520
t=7777753 read event=2746 count=4096 submitted=11247616
t=7780491 read event=2747 count=4096 submitted=11251712
t=7783452 read event=2748 count=4096 submitted=11255808
t=7786286 read event=2749 count=4096 submitted=11259904
t=7789039 read event=2750 count=4096 submitted=11264000
t=7791836 read event=2751 count=4096 submitted=11268096
t=7794805 read event=2752 count=4096 submitted=11272192
t=7797631 read event=2753 count=4096 submitted=11276288
t=7800380 read event=2754 count=4096 submitted=11280384
t=7803127 read event=2755 count=4096 submitted=11284480
t=7806071 read event=2756 count=4096 submitted=11288576
t=7808886 read event=2757 count=4096 submitted=11292672
t=7811639 read event=2758 count=4096 submitted=11296768
t=7814378 read event=2759 count=4096 submitted=11300864
t=7817332 read event=2760 count=4096 submitted=11304960
t=7820147 read event=2761 count=4096 submitted=11309056
t=7822902 read event=2762 count=4096 submitted=11313152
t=7825653 read event=2763 count=4096 submitted=11317248
t=7828599 read event=2764 count=4096 submitted=11321344
t=7831419 read event=2765 count=4096 submitted=11325440
t=7834169 read event=2766 count=4096 submitted=11329536
t=7836915 read event=2767 count=4096 submitted=11333632
t=7839879 read event=2768 count=4096 submitted=11337728
t=7842713 read event=2769 count=4096 submitted=11341824
t=7845459 read event=2770 count=4096 submitted=11345920
t=7848207 read event=2771 count=4096 submitted=11350016
t=7851180 read event=2772 count=4096 submitted=11354112
t=7854013 read event=2773 count=4096 submitted=11358208
t=7856765 read event=2774 count=4096 submitted=11362304
t=7859508 read event=2775 count=4096 submitted=11366400
t=7862453 read event=2776 count=4096 submitted=11370496
t=7865275 read event=2777 count=4096 submitted=11374592
t=7868029 read event=2778 count=4096 submitted=11378688
t=7870778 read event=2779 count=4096 submitted=11382784
t=7873724 read event=2780 count=4096 submitted=11386880
t=7876542 read event=2781 count=4096 submitted=11390976
t=7879289 read event=2782 count=4096 submitted=11395072
t=7882035 read event=2783 count=4096 submitted=11399168
t=7885011 read event=2784 count=4096 submitted=11403264
t=7887837 read event=2785 count=4096 submitted=11407360
t=7890586 read event=2786 count=4096 submitted=11411456
t=7893325 read event=2787 count=4096 submitted=11415552
t=7896280 read event=2788 count=4096 submitted=11419648
t=7899101 read event=2789 count=4096 submitted=11423744
t=7901849 read event=2790 count=4096 submitted=11427840
t=7904599 read event=2791 count=4096 submitted=11431936
t=7907546 read event=2792 count=4096 submitted=11436032
t=7910356 read event=2793 count=4096 submitted=11440128
t=7913107 read event=2794 count=4096 submitted=11444224
t=7915861 read event=2795 count=4096 submitted=11448320
t=7918818 read event=2796 count=4096 submitted=11452416
t=7921641 read event=2797 count=4096 submitted=11456512
t=7924387 read event=2798 count=4096 submitted=11460608
t=7927135 read event=2799 count=4096 submitted=11464704
t=7930085 read event=2800 count=4096 submitted=11468800
t=7932909 read event=2801 count=4096 submitted=11472896
t=7935663 read event=2802 count=4096 submitted=11476992
t=7938402 read event=2803 count=4096 submitted=11481088
t=7941366 read event=2804 count=4096 submitted=11485184
t=7944184 read event=2805 count=4096 submitted=11489280
t=7946930 read event=2806 count=4096 submitted=11493376
t=7949690 read event=2807 count=4096 submitted=11497472
t=7952648 read event=2808 count=4096 submitted=11501568
t=7955478 read event=2809 count=4096 submitted=11505664
t=7958235 read event=2810 count=4096 submitted=11509760
t=7960984 read event=2811 count=4096 submitted=11513856
t=7963944 read event=2812 count=4096 submitted=11517952
t=7966767 read event=2813 count=4096 submitted=11522048
t=7969513 read event=2814 count=4096 submitted=11526144
t=7972261 read event=2815 count=4096 submitted=11530240
t=7975207 read event=2816 count=4096 submitted=11534336
t=7978033 read event=2817 count=4096 submitted=11538432
t=7980785 read event=2818 count=4096 submitted=11542528
t=7983547 read event=2819 count=4096 submitted=11546624
t=7986490 read event=2820 count=4096 submitted=11550720
t=7989316 read event=2821 count=4096 submitted=11554816
t=7992066 read event=2822 count=4096 submitted=11558912
t=7994814 read event=2823 count=4096 submitted=11563008
t=7997806 read event=2824 count=4096 submitted=11567104
t=8000630 read event=2825 count=4096 submitted=11571200
t=8003375 read event=2826 count=4096 submitted=11575296
t=8006122 read event=2827 count=4096 submitted=11579392
t=8009078 read event=2828 count=4096 submitted=11583488
t=8011901 read event=2829 count=4096 submitted=11587584
t=8014656 read event=2830 count=4096 submitted=11591680
t=8017399 read event=2831 count=4096 submitted=11595776
t=8020354 read event=2832 count=4096 submitted=11599872
t=8023173 read event=2833 count=4096 submitted=11603968
t=8025927 read event=2834 count=4096 submitted=11608064
t=8028675 read event=2835 count=4096 submitted=11612160
t=8031621 read event=2836 count=4096 submitted=11616256
t=8034429 read event=2837 count=4096 submitted=11620352
t=8037178 read event=2838 count=4096 submitted=11624448
t=8039925 read event=2839 count=4096 submitted=11628544
t=8042868 read event=2840 count=4096 submitted=11632640
t=8045691 read event=2841 count=4096 submitted=11636736
t=8048436 read event=2842 count=4096 submitted=11640832
t=8051186 read event=2843 count=4096 submitted=11644928
t=8054141 read event=2844 count=4096 submitted=11649024
t=8056989 read event=2845 count=4096 submitted=11653120
t=8059743 read event=2846 count=4096 submitted=11657216
t=8062483 read event=2847 count=4096 submitted=11661312
t=8065436 read event=2848 count=4096 submitted=11665408
t=8068264 read event=2849 count=4096 submitted=11669504
t=8071016 read event=2850 count=4096 submitted=11673600
t=8073765 read event=2851 count=4096 submitted=11677696
t=8076710 read event=2852 count=4096 submitted=11681792
t=8079528 read event=2853 count=4096 submitted=11685888
t=8082272 read event=2854 count=4096 submitted=11689984
t=8085032 read event=2855 count=4096 submitted=11694080
t=8089621 read event=2856 count=4096 submitted=11698176
t=8096323 read event=2857 count=4096 submitted=11702272
t=8099083 read event=2858 count=4096 submitted=11706368
t=8102588 read event=2859 count=4096 submitted=11710464
t=8106880 read event=2860 count=4096 submitted=11714560
t=8109981 read event=2861 count=4096 submitted=11718656
t=8112909 read event=2862 count=4096 submitted=11722752
t=8115659 read event=2863 count=4096 submitted=11726848
t=8120633 read event=2864 count=4096 submitted=11730944
t=8126231 read event=2865 count=4096 submitted=11735040
t=8130104 read event=2866 count=4096 submitted=11739136
t=8132849 read event=2867 count=4096 submitted=11743232
t=8137296 read event=2868 count=4096 submitted=11747328
t=8140860 read event=2869 count=4096 submitted=11751424
t=8143903 read event=2870 count=4096 submitted=11755520
t=8146867 read event=2871 count=4096 submitted=11759616
t=8149826 read event=2872 count=4096 submitted=11763712
t=8154574 read event=2873 count=4096 submitted=11767808
t=8161103 read event=2874 count=4096 submitted=11771904
t=8164039 read event=2875 count=4096 submitted=11776000
t=8167537 read event=2876 count=4096 submitted=11780096
t=8171940 read event=2877 count=4096 submitted=11784192
t=8174971 read event=2878 count=4096 submitted=11788288
t=8178421 read event=2879 count=4096 submitted=11792384
t=8181377 read event=2880 count=4096 submitted=11796480
t=8186095 read event=2881 count=4096 submitted=11800576
t=8191797 read event=2882 count=4096 submitted=11804672
t=8195564 read event=2883 count=4096 submitted=11808768
t=8198502 read event=2884 count=4096 submitted=11812864
t=8203230 read event=2885 count=4096 submitted=11816960
t=8206744 read event=2886 count=4096 submitted=11821056
t=8210466 read event=2887 count=4096 submitted=11825152
t=8213433 read event=2888 count=4096 submitted=11829248
t=8218116 read event=2889 count=4096 submitted=11833344
t=8223697 read event=2890 count=4096 submitted=11837440
t=8227562 read event=2891 count=4096 submitted=11841536
t=8230502 read event=2892 count=4096 submitted=11845632
t=8235010 read event=2893 count=4096 submitted=11849728
t=8238838 read event=2894 count=4096 submitted=11853824
t=8242411 read event=2895 count=4096 submitted=11857920
t=8245453 read event=2896 count=4096 submitted=11862016
t=8250505 read event=2897 count=4096 submitted=11866112
t=8256103 read event=2898 count=4096 submitted=11870208
t=8259963 read event=2899 count=4096 submitted=11874304
t=8262905 read event=2900 count=4096 submitted=11878400
t=8267421 read event=2901 count=4096 submitted=11882496
t=8271403 read event=2902 count=4096 submitted=11886592
t=8275272 read event=2903 count=4096 submitted=11890688
t=8278238 read event=2904 count=4096 submitted=11894784
t=8283253 read event=2905 count=4096 submitted=11898880
t=8289301 read event=2906 count=4096 submitted=11902976
t=8292705 read event=2907 count=4096 submitted=11907072
t=8295651 read event=2908 count=4096 submitted=11911168
t=8300564 read event=2909 count=4096 submitted=11915264
t=8304450 read event=2910 count=4096 submitted=11919360
t=8308432 read event=2911 count=4096 submitted=11923456
t=8311754 read event=2912 count=4096 submitted=11927552
t=8316330 read event=2913 count=4096 submitted=11931648
t=8322732 read event=2914 count=4096 submitted=11935744
t=8325689 read event=2915 count=4096 submitted=11939840
t=8329207 read event=2916 count=4096 submitted=11943936
t=8333936 read event=2917 count=4096 submitted=11948032
t=8337769 read event=2918 count=4096 submitted=11952128
t=8341673 read event=2919 count=4096 submitted=11956224
t=8346706 read event=2920 count=4096 submitted=11960320
t=8352289 read event=2921 count=4096 submitted=11964416
t=8356143 read event=2922 count=4096 submitted=11968512
t=8358893 read event=2923 count=4096 submitted=11972608
t=8363622 read event=2924 count=4096 submitted=11976704
t=8367751 read event=2925 count=4096 submitted=11980800
t=8372134 read event=2926 count=4096 submitted=11984896
t=8375296 read event=2927 count=4096 submitted=11988992
t=8380424 read event=2928 count=4096 submitted=11993088
t=8387146 read event=2929 count=4096 submitted=11997184
t=8389899 read event=2930 count=4096 submitted=12001280
t=8393619 read event=2931 count=4096 submitted=12005376
t=8398414 read event=2932 count=4096 submitted=12009472
t=8402685 read event=2933 count=4096 submitted=12013568
t=8406372 read event=2934 count=4096 submitted=12017664
t=8411604 read event=2935 count=4096 submitted=12021760
t=8418082 read event=2936 count=4096 submitted=12025856
t=8421024 read event=2937 count=4096 submitted=12029952
t=8424166 read event=2938 count=4096 submitted=12034048
t=8429237 read event=2939 count=4096 submitted=12038144
t=8433857 read event=2940 count=4096 submitted=12042240
t=8437755 read event=2941 count=4096 submitted=12046336
t=8443030 read event=2942 count=4096 submitted=12050432
t=8449045 read event=2943 count=4096 submitted=12054528
t=8452434 read event=2944 count=4096 submitted=12058624
t=8455417 read event=2945 count=4096 submitted=12062720
t=8460253 read event=2946 count=4096 submitted=12066816
t=8464354 read event=2947 count=4096 submitted=12070912
t=8469191 read event=2948 count=4096 submitted=12075008
t=8474446 read event=2949 count=4096 submitted=12079104
t=8480163 read event=2950 count=4096 submitted=12083200
t=8483842 read event=2951 count=4096 submitted=12087296
t=8486785 read event=2952 count=4096 submitted=12091392
t=8491656 read event=2953 count=4096 submitted=12095488
t=8495810 read event=2954 count=4096 submitted=12099584
t=8500806 read event=2955 count=4096 submitted=12103680
t=8506017 read event=2956 count=4096 submitted=12107776
t=8511584 read event=2957 count=4096 submitted=12111872
t=8515407 read event=2958 count=4096 submitted=12115968
t=8518158 read event=2959 count=4096 submitted=12120064
t=8522901 read event=2960 count=4096 submitted=12124160
t=8527088 read event=2961 count=4096 submitted=12128256
t=8532559 read event=2962 count=4096 submitted=12132352
t=8537758 read event=2963 count=4096 submitted=12136448
t=8543304 read event=2964 count=4096 submitted=12140544
t=8547131 read event=2965 count=4096 submitted=12144640
t=8549880 read event=2966 count=4096 submitted=12148736
t=8554867 read event=2967 count=4096 submitted=12152832
t=8558658 read event=2968 count=4096 submitted=12156928
t=8564309 read event=2969 count=4096 submitted=12161024
t=8570408 read event=2970 count=4096 submitted=12165120
t=8575947 read event=2971 count=4096 submitted=12169216
t=8579774 read event=2972 count=4096 submitted=12173312
t=8582603 read event=2973 count=4096 submitted=12177408
t=8587524 read event=2974 count=4096 submitted=12181504
t=8591649 read event=2975 count=4096 submitted=12185600
t=8597124 read event=2976 count=4096 submitted=12189696
t=8604099 read event=2977 count=4096 submitted=12193792
t=8610104 read event=2978 count=4096 submitted=12197888
t=8613468 read event=2979 count=4096 submitted=12201984
t=8616523 read event=2980 count=4096 submitted=12206080
t=8621384 read event=2981 count=4096 submitted=12210176
t=8625505 read event=2982 count=4096 submitted=12214272
t=8630852 read event=2983 count=4096 submitted=12218368
t=8637962 read event=2984 count=4096 submitted=12222464
t=8644409 read event=2985 count=4096 submitted=12226560
t=8647330 read event=2986 count=4096 submitted=12230656
t=8650678 read event=2987 count=4096 submitted=12234752
t=8655561 read event=2988 count=4096 submitted=12238848
t=8660179 read event=2989 count=4096 submitted=12242944
t=8664672 read event=2990 count=4096 submitted=12247040
t=8671803 read event=2991 count=4096 submitted=12251136
t=8678295 read event=2992 count=4096 submitted=12255232
t=8681217 read event=2993 count=4096 submitted=12259328
t=8685410 read event=2994 count=4096 submitted=12263424
t=8689945 read event=2995 count=4096 submitted=12267520
t=8695277 read event=2996 count=4096 submitted=12271616
t=8701936 read event=2997 count=4096 submitted=12275712
t=8708060 read event=2998 count=4096 submitted=12279808
t=8712484 read event=2999 count=4096 submitted=12283904
t=8715434 read event=3000 count=4096 submitted=12288000
t=8719178 read event=3001 count=4096 submitted=12292096
t=8723634 read event=3002 count=4096 submitted=12296192
t=8729429 read event=3003 count=4096 submitted=12300288
t=8736743 read event=3004 count=4096 submitted=12304384
t=8741700 read event=3005 count=4096 submitted=12308480
t=8745899 read event=3006 count=4096 submitted=12312576
t=8748650 read event=3007 count=4096 submitted=12316672
t=8752675 read event=3008 count=4096 submitted=12320768
t=8757109 read event=3009 count=4096 submitted=12324864
t=8762984 read event=3010 count=4096 submitted=12328960
t=8770297 read event=3011 count=4096 submitted=12333056
t=8775240 read event=3012 count=4096 submitted=12337152
t=8779285 read event=3013 count=4096 submitted=12341248
t=8782034 read event=3014 count=4096 submitted=12345344
t=8786558 read event=3015 count=4096 submitted=12349440
t=8790612 read event=3016 count=4096 submitted=12353536
t=8796726 read event=3017 count=4096 submitted=12357632
t=8803799 read event=3018 count=4096 submitted=12361728
t=8808919 read event=3019 count=4096 submitted=12365824
t=8812692 read event=3020 count=4096 submitted=12369920
t=8815526 read event=3021 count=4096 submitted=12374016
t=8820192 read event=3022 count=4096 submitted=12378112
t=8824326 read event=3023 count=4096 submitted=12382208
t=8830126 read event=3024 count=4096 submitted=12386304
t=8837169 read event=3025 count=4096 submitted=12390400
t=8842505 read event=3026 count=4096 submitted=12394496
t=8846095 read event=3027 count=4096 submitted=12398592
t=8849047 read event=3028 count=4096 submitted=12402688
t=8853790 read event=3029 count=4096 submitted=12406784
t=8857886 read event=3030 count=4096 submitted=12410880
t=8863755 read event=3031 count=4096 submitted=12414976
t=8870869 read event=3032 count=4096 submitted=12419072
t=8876298 read event=3033 count=4096 submitted=12423168
t=8879918 read event=3034 count=4096 submitted=12427264
t=8882961 read event=3035 count=4096 submitted=12431360
t=8888044 read event=3036 count=4096 submitted=12435456
t=8892283 read event=3037 count=4096 submitted=12439552
t=8897682 read event=3038 count=4096 submitted=12443648
t=8904855 read event=3039 count=4096 submitted=12447744
t=8910753 read event=3040 count=4096 submitted=12451840
t=8913937 read event=3041 count=4096 submitted=12455936
t=8917964 read event=3042 count=4096 submitted=12460032
t=8922595 read event=3043 count=4096 submitted=12464128
t=8927570 read event=3044 count=4096 submitted=12468224
t=8931781 read event=3045 count=4096 submitted=12472320
t=8939475 read event=3046 count=4096 submitted=12476416
t=8945187 read event=3047 count=4096 submitted=12480512
t=8948138 read event=3048 count=4096 submitted=12484608
t=8952881 read event=3049 count=4096 submitted=12488704
t=8957125 read event=3050 count=4096 submitted=12492800
t=8962878 read event=3051 count=4096 submitted=12496896
t=8970093 read event=3052 count=4096 submitted=12500992
t=8975154 read event=3053 count=4096 submitted=12505088
t=8979377 read event=3054 count=4096 submitted=12509184
t=8982124 read event=3055 count=4096 submitted=12513280
t=8987298 read event=3056 count=4096 submitted=12517376
t=8991396 read event=3057 count=4096 submitted=12521472
t=8997168 read event=3058 count=4096 submitted=12525568
t=9004357 read event=3059 count=4096 submitted=12529664
t=9009830 read event=3060 count=4096 submitted=12533760
t=9013372 read event=3061 count=4096 submitted=12537856
t=9016672 read event=3062 count=4096 submitted=12541952
t=9021729 read event=3063 count=4096 submitted=12546048
t=9026162 read event=3064 count=4096 submitted=12550144
t=9031288 read event=3065 count=4096 submitted=12554240
t=9038508 read event=3066 count=4096 submitted=12558336
t=9044703 read event=3067 count=4096 submitted=12562432
t=9047670 read event=3068 count=4096 submitted=12566528
t=9051638 read event=3069 count=4096 submitted=12570624
t=9056716 read event=3070 count=4096 submitted=12574720
t=9061972 read event=3071 count=4096 submitted=12578816
t=9066108 read event=3072 count=4096 submitted=12582912
t=9074448 read event=3073 count=4096 submitted=12587008
t=9079134 read event=3074 count=4096 submitted=12591104
t=9081884 read event=3075 count=4096 submitted=12595200
t=9087126 read event=3076 count=4096 submitted=12599296
t=9091280 read event=3077 count=4096 submitted=12603392
t=9097192 read event=3078 count=4096 submitted=12607488
t=9104456 read event=3079 count=4096 submitted=12611584
t=9109216 read event=3080 count=4096 submitted=12615680
t=9112034 read event=3081 count=4096 submitted=12619776
t=9114786 read event=3082 count=4096 submitted=12623872
t=9117531 read event=3083 count=4096 submitted=12627968
t=9120480 read event=3084 count=4096 submitted=12632064
t=9123304 read event=3085 count=4096 submitted=12636160
t=9126057 read event=3086 count=4096 submitted=12640256
t=9128805 read event=3087 count=4096 submitted=12644352
t=9131756 read event=3088 count=4096 submitted=12648448
t=9134574 read event=3089 count=4096 submitted=12652544
t=9137320 read event=3090 count=4096 submitted=12656640
t=9140067 read event=3091 count=4096 submitted=12660736
t=9143013 read event=3092 count=4096 submitted=12664832
t=9145835 read event=3093 count=4096 submitted=12668928
t=9148582 read event=3094 count=4096 submitted=12673024
t=9151325 read event=3095 count=4096 submitted=12677120
t=9154283 read event=3096 count=4096 submitted=12681216
t=9157105 read event=3097 count=4096 submitted=12685312
t=9159859 read event=3098 count=4096 submitted=12689408
t=9162606 read event=3099 count=4096 submitted=12693504
t=9165551 read event=3100 count=4096 submitted=12697600
t=9168368 read event=3101 count=4096 submitted=12701696
t=9171117 read event=3102 count=4096 submitted=12705792
t=9173869 read event=3103 count=4096 submitted=12709888
t=9176818 read event=3104 count=4096 submitted=12713984
t=9179638 read event=3105 count=4096 submitted=12718080
t=9182381 read event=3106 count=4096 submitted=12722176
t=9185136 read event=3107 count=4096 submitted=12726272
t=9188081 read event=3108 count=4096 submitted=12730368
t=9190897 read event=3109 count=4096 submitted=12734464
t=9193645 read event=3110 count=4096 submitted=12738560
t=9196384 read event=3111 count=4096 submitted=12742656
t=9199350 read event=3112 count=4096 submitted=12746752
t=9202168 read event=3113 count=4096 submitted=12750848
t=9204918 read event=3114 count=4096 submitted=12754944
t=9207664 read event=3115 count=4096 submitted=12759040
t=9210610 read event=3116 count=4096 submitted=12763136
t=9213417 read event=3117 count=4096 submitted=12767232
t=9216171 read event=3118 count=4096 submitted=12771328
t=9218917 read event=3119 count=4096 submitted=12775424
t=9221867 read event=3120 count=4096 submitted=12779520
t=9224685 read event=3121 count=4096 submitted=12783616
t=9227428 read event=3122 count=4096 submitted=12787712
t=9230178 read event=3123 count=4096 submitted=12791808
t=9233124 read event=3124 count=4096 submitted=12795904
t=9235942 read event=3125 count=4096 submitted=12800000
t=9238690 read event=3126 count=4096 submitted=12804096
t=9241431 read event=3127 count=4096 submitted=12808192
t=9244392 read event=3128 count=4096 submitted=12812288
t=9247259 read event=3129 count=4096 submitted=12816384
t=9250018 read event=3130 count=4096 submitted=12820480
t=9252764 read event=3131 count=4096 submitted=12824576
t=9255716 read event=3132 count=4096 submitted=12828672
t=9258543 read event=3133 count=4096 submitted=12832768
t=9261288 read event=3134 count=4096 submitted=12836864
t=9264036 read event=3135 count=4096 submitted=12840960
t=9266983 read event=3136 count=4096 submitted=12845056
t=9269825 read event=3137 count=4096 submitted=12849152
t=9272576 read event=3138 count=4096 submitted=12853248
t=9275317 read event=3139 count=4096 submitted=12857344
t=9278266 read event=3140 count=4096 submitted=12861440
t=9281082 read event=3141 count=4096 submitted=12865536
t=9283846 read event=3142 count=4096 submitted=12869632
t=9286594 read event=3143 count=4096 submitted=12873728
t=9289551 read event=3144 count=4096 submitted=12877824
t=9292359 read event=3145 count=4096 submitted=12881920
t=9295110 read event=3146 count=4096 submitted=12886016
t=9297857 read event=3147 count=4096 submitted=12890112
t=9300806 read event=3148 count=4096 submitted=12894208
t=9303624 read event=3149 count=4096 submitted=12898304
t=9306366 read event=3150 count=4096 submitted=12902400
t=9309114 read event=3151 count=4096 submitted=12906496
t=9312065 read event=3152 count=4096 submitted=12910592
t=9314884 read event=3153 count=4096 submitted=12914688
t=9317638 read event=3154 count=4096 submitted=12918784
t=9320381 read event=3155 count=4096 submitted=12922880
t=9323348 read event=3156 count=4096 submitted=12926976
t=9326180 read event=3157 count=4096 submitted=12931072
t=9328927 read event=3158 count=4096 submitted=12935168
t=9331676 read event=3159 count=4096 submitted=12939264
t=9334620 read event=3160 count=4096 submitted=12943360
t=9337429 read event=3161 count=4096 submitted=12947456
t=9340181 read event=3162 count=4096 submitted=12951552
t=9342929 read event=3163 count=4096 submitted=12955648
t=9345872 read event=3164 count=4096 submitted=12959744
t=9348689 read event=3165 count=4096 submitted=12963840
t=9351439 read event=3166 count=4096 submitted=12967936
t=9354189 read event=3167 count=4096 submitted=12972032
t=9357139 read event=3168 count=4096 submitted=12976128
t=9359965 read event=3169 count=4096 submitted=12980224
t=9362718 read event=3170 count=4096 submitted=12984320
t=9365460 read event=3171 count=4096 submitted=12988416
t=9368428 read event=3172 count=4096 submitted=12992512
t=9371254 read event=3173 count=4096 submitted=12996608
t=9374004 read event=3174 count=4096 submitted=13000704
t=9376754 read event=3175 count=4096 submitted=13004800
t=9379698 read event=3176 count=4096 submitted=13008896
t=9382514 read event=3177 count=4096 submitted=13012992
t=9385276 read event=3178 count=4096 submitted=13017088
t=9388025 read event=3179 count=4096 submitted=13021184
t=9390975 read event=3180 count=4096 submitted=13025280
t=9393793 read event=3181 count=4096 submitted=13029376
t=9396544 read event=3182 count=4096 submitted=13033472
t=9399286 read event=3183 count=4096 submitted=13037568
t=9402242 read event=3184 count=4096 submitted=13041664
t=9405058 read event=3185 count=4096 submitted=13045760
t=9407811 read event=3186 count=4096 submitted=13049856
t=9410558 read event=3187 count=4096 submitted=13053952
t=9413510 read event=3188 count=4096 submitted=13058048
t=9416329 read event=3189 count=4096 submitted=13062144
t=9419076 read event=3190 count=4096 submitted=13066240
t=9421826 read event=3191 count=4096 submitted=13070336
t=9424770 read event=3192 count=4096 submitted=13074432
t=9427595 read event=3193 count=4096 submitted=13078528
t=9430339 read event=3194 count=4096 submitted=13082624
t=9433088 read event=3195 count=4096 submitted=13086720
t=9436034 read event=3196 count=4096 submitted=13090816
t=9438849 read event=3197 count=4096 submitted=13094912
t=9441600 read event=3198 count=4096 submitted=13099008
t=9444340 read event=3199 count=4096 submitted=13103104
t=9447294 read event=3200 count=4096 submitted=13107200
t=9450114 read event=3201 count=4096 submitted=13111296
t=9452864 read event=3202 count=4096 submitted=13115392
t=9455662 read event=3203 count=4096 submitted=13119488
t=9458625 read event=3204 count=4096 submitted=13123584
t=9461449 read event=3205 count=4096 submitted=13127680
t=9464201 read event=3206 count=4096 submitted=13131776
t=9466948 read event=3207 count=4096 submitted=13135872
t=9469894 read event=3208 count=4096 submitted=13139968
t=9472712 read event=3209 count=4096 submitted=13144064
t=9475478 read event=3210 count=4096 submitted=13148160
t=9478234 read event=3211 count=4096 submitted=13152256
t=9481185 read event=3212 count=4096 submitted=13156352
t=9484019 read event=3213 count=4096 submitted=13160448
t=9486773 read event=3214 count=4096 submitted=13164544
t=9489513 read event=3215 count=4096 submitted=13168640
t=9492480 read event=3216 count=4096 submitted=13172736
t=9495305 read event=3217 count=4096 submitted=13176832
t=9498055 read event=3218 count=4096 submitted=13180928
t=9500802 read event=3219 count=4096 submitted=13185024
t=9503781 read event=3220 count=4096 submitted=13189120
t=9506608 read event=3221 count=4096 submitted=13193216
t=9509355 read event=3222 count=4096 submitted=13197312
t=9512106 read event=3223 count=4096 submitted=13201408
t=9515050 read event=3224 count=4096 submitted=13205504
t=9517871 read event=3225 count=4096 submitted=13209600
t=9520621 read event=3226 count=4096 submitted=13213696
t=9523365 read event=3227 count=4096 submitted=13217792
t=9526315 read event=3228 count=4096 submitted=13221888
t=9529131 read event=3229 count=4096 submitted=13225984
t=9531882 read event=3230 count=4096 submitted=13230080
t=9534630 read event=3231 count=4096 submitted=13234176
t=9537593 read event=3232 count=4096 submitted=13238272
t=9540407 read event=3233 count=4096 submitted=13242368
t=9543157 read event=3234 count=4096 submitted=13246464
t=9545904 read event=3235 count=4096 submitted=13250560
t=9548847 read event=3236 count=4096 submitted=13254656
t=9551665 read event=3237 count=4096 submitted=13258752
t=9554410 read event=3238 count=4096 submitted=13262848
t=9557160 read event=3239 count=4096 submitted=13266944
t=9560103 read event=3240 count=4096 submitted=13271040
t=9562927 read event=3241 count=4096 submitted=13275136
t=9565681 read event=3242 count=4096 submitted=13279232
t=9568423 read event=3243 count=4096 submitted=13283328
t=9571379 read event=3244 count=4096 submitted=13287424
t=9574195 read event=3245 count=4096 submitted=13291520
t=9576947 read event=3246 count=4096 submitted=13295616
t=9579697 read event=3247 count=4096 submitted=13299712
t=9582668 read event=3248 count=4096 submitted=13303808
t=9585487 read event=3249 count=4096 submitted=13307904
t=9588242 read event=3250 count=4096 submitted=13312000
t=9590990 read event=3251 count=4096 submitted=13316096
t=9593935 read event=3252 count=4096 submitted=13320192
t=9596758 read event=3253 count=4096 submitted=13324288
t=9599504 read event=3254 count=4096 submitted=13328384
t=9602253 read event=3255 count=4096 submitted=13332480
t=9605199 read event=3256 count=4096 submitted=13336576
t=9608015 read event=3257 count=4096 submitted=13340672
t=9610764 read event=3258 count=4096 submitted=13344768
t=9613504 read event=3259 count=4096 submitted=13348864
t=9616453 read event=3260 count=4096 submitted=13352960
t=9619273 read event=3261 count=4096 submitted=13357056
t=9622023 read event=3262 count=4096 submitted=13361152
t=9624771 read event=3263 count=4096 submitted=13365248
t=9627735 read event=3264 count=4096 submitted=13369344
t=9630560 read event=3265 count=4096 submitted=13373440
t=9633323 read event=3266 count=4096 submitted=13377536
t=9636081 read event=3267 count=4096 submitted=13381632
t=9639029 read event=3268 count=4096 submitted=13385728
t=9641862 read event=3269 count=4096 submitted=13389824
t=9644613 read event=3270 count=4096 submitted=13393920
t=9647356 read event=3271 count=4096 submitted=13398016
t=9650308 read event=3272 count=4096 submitted=13402112
t=9653128 read event=3273 count=4096 submitted=13406208
t=9655881 read event=3274 count=4096 submitted=13410304
t=9658633 read event=3275 count=4096 submitted=13414400
t=9661599 read event=3276 count=4096 submitted=13418496
t=9664472 read event=3277 count=4096 submitted=13422592
t=9667235 read event=3278 count=4096 submitted=13426688
t=9669983 read event=3279 count=4096 submitted=13430784
t=9672942 read event=3280 count=4096 submitted=13434880
t=9675771 read event=3281 count=4096 submitted=13438976
t=9678522 read event=3282 count=4096 submitted=13443072
t=9681264 read event=3283 count=4096 submitted=13447168
t=9684248 read event=3284 count=4096 submitted=13451264
t=9687074 read event=3285 count=4096 submitted=13455360
t=9689826 read event=3286 count=4096 submitted=13459456
t=9692575 read event=3287 count=4096 submitted=13463552
t=9695512 read event=3288 count=4096 submitted=13467648
t=9698330 read event=3289 count=4096 submitted=13471744
t=9701081 read event=3290 count=4096 submitted=13475840
t=9703829 read event=3291 count=4096 submitted=13479936
t=9706789 read event=3292 count=4096 submitted=13484032
t=9709612 read event=3293 count=4096 submitted=13488128
t=9712358 read event=3294 count=4096 submitted=13492224
t=9715104 read event=3295 count=4096 submitted=13496320
t=9718056 read event=3296 count=4096 submitted=13500416
t=9720874 read event=3297 count=4096 submitted=13504512
t=9723627 read event=3298 count=4096 submitted=13508608
t=9726366 read event=3299 count=4096 submitted=13512704
t=9729319 read event=3300 count=4096 submitted=13516800
t=9732142 read event=3301 count=4096 submitted=13520896
t=9734893 read event=3302 count=4096 submitted=13524992
t=9737644 read event=3303 count=4096 submitted=13529088
t=9740588 read event=3304 count=4096 submitted=13533184
t=9743399 read event=3305 count=4096 submitted=13537280
t=9746152 read event=3306 count=4096 submitted=13541376
t=9748896 read event=3307 count=4096 submitted=13545472
t=9751863 read event=3308 count=4096 submitted=13549568
t=9754677 read event=3309 count=4096 submitted=13553664
t=9757422 read event=3310 count=4096 submitted=13557760
t=9760173 read event=3311 count=4096 submitted=13561856
t=9763127 read event=3312 count=4096 submitted=13565952
t=9765963 read event=3313 count=4096 submitted=13570048
t=9768716 read event=3314 count=4096 submitted=13574144
t=9771463 read event=3315 count=4096 submitted=13578240
t=9774417 read event=3316 count=4096 submitted=13582336
t=9777247 read event=3317 count=4096 submitted=13586432
t=9779999 read event=3318 count=4096 submitted=13590528
t=9782759 read event=3319 count=4096 submitted=13594624
t=9785703 read event=3320 count=4096 submitted=13598720
t=9788513 read event=3321 count=4096 submitted=13602816
t=9791267 read event=3322 count=4096 submitted=13606912
t=9794016 read event=3323 count=4096 submitted=13611008
t=9796978 read event=3324 count=4096 submitted=13615104
t=9799798 read event=3325 count=4096 submitted=13619200
t=9802548 read event=3326 count=4096 submitted=13623296
t=9805293 read event=3327 count=4096 submitted=13627392
t=9808250 read event=3328 count=4096 submitted=13631488
t=9811068 read event=3329 count=4096 submitted=13635584
t=9813819 read event=3330 count=4096 submitted=13639680
t=9816563 read event=3331 count=4096 submitted=13643776
t=9819498 read event=3332 count=4096 submitted=13647872
t=9822325 read event=3333 count=4096 submitted=13651968
t=9825077 read event=3334 count=4096 submitted=13656064
t=9827828 read event=3335 count=4096 submitted=13660160
t=9830782 read event=3336 count=4096 submitted=13664256
t=9833607 read event=3337 count=4096 submitted=13668352
t=9836353 read event=3338 count=4096 submitted=13672448
t=9839098 read event=3339 count=4096 submitted=13676544
t=9842048 read event=3340 count=4096 submitted=13680640
t=9844863 read event=3341 count=4096 submitted=13684736
t=9847616 read event=3342 count=4096 submitted=13688832
t=9850356 read event=3343 count=4096 submitted=13692928
t=9853309 read event=3344 count=4096 submitted=13697024
t=9856130 read event=3345 count=4096 submitted=13701120
t=9858886 read event=3346 count=4096 submitted=13705216
t=9861639 read event=3347 count=4096 submitted=13709312
t=9864583 read event=3348 count=4096 submitted=13713408
t=9867404 read event=3349 count=4096 submitted=13717504
t=9870201 read event=3350 count=4096 submitted=13721600
t=9872957 read event=3351 count=4096 submitted=13725696
t=9875914 read event=3352 count=4096 submitted=13729792
t=9878737 read event=3353 count=4096 submitted=13733888
t=9881483 read event=3354 count=4096 submitted=13737984
t=9884250 read event=3355 count=4096 submitted=13742080
t=9887203 read event=3356 count=4096 submitted=13746176
t=9890055 read event=3357 count=4096 submitted=13750272
t=9892810 read event=3358 count=4096 submitted=13754368
t=9895564 read event=3359 count=4096 submitted=13758464
t=9898508 read event=3360 count=4096 submitted=13762560
t=9901332 read event=3361 count=4096 submitted=13766656
t=9904084 read event=3362 count=4096 submitted=13770752
t=9906833 read event=3363 count=4096 submitted=13774848
t=9909780 read event=3364 count=4096 submitted=13778944
t=9912600 read event=3365 count=4096 submitted=13783040
t=9915354 read event=3366 count=4096 submitted=13787136
t=9918108 read event=3367 count=4096 submitted=13791232
t=9921069 read event=3368 count=4096 submitted=13795328
t=9923900 read event=3369 count=4096 submitted=13799424
t=9926652 read event=3370 count=4096 submitted=13803520
t=9929393 read event=3371 count=4096 submitted=13807616
t=9932354 read event=3372 count=4096 submitted=13811712
t=9935178 read event=3373 count=4096 submitted=13815808
t=9937931 read event=3374 count=4096 submitted=13819904
t=9940679 read event=3375 count=4096 submitted=13824000
t=9943625 read event=3376 count=4096 submitted=13828096
t=9946439 read event=3377 count=4096 submitted=13832192
t=9949197 read event=3378 count=4096 submitted=13836288
t=9951960 read event=3379 count=4096 submitted=13840384
t=9954909 read event=3380 count=4096 submitted=13844480
t=9957742 read event=3381 count=4096 submitted=13848576
t=9960489 read event=3382 count=4096 submitted=13852672
t=9963245 read event=3383 count=4096 submitted=13856768
t=9966205 read event=3384 count=4096 submitted=13860864
t=9969035 read event=3385 count=4096 submitted=13864960
t=9971789 read event=3386 count=4096 submitted=13869056
t=9974535 read event=3387 count=4096 submitted=13873152
t=9977481 read event=3388 count=4096 submitted=13877248
t=9980305 read event=3389 count=4096 submitted=13881344
t=9983064 read event=3390 count=4096 submitted=13885440
t=9985817 read event=3391 count=4096 submitted=13889536
t=9988763 read event=3392 count=4096 submitted=13893632
t=9991590 read event=3393 count=4096 submitted=13897728
t=9994334 read event=3394 count=4096 submitted=13901824
t=9997077 read event=3395 count=4096 submitted=13905920
t=10000031 read event=3396 count=4096 submitted=13910016
t=10002848 read event=3397 count=4096 submitted=13914112
t=10005599 read event=3398 count=4096 submitted=13918208
t=10008344 read event=3399 count=4096 submitted=13922304
t=10011295 read event=3400 count=4096 submitted=13926400
t=10014112 read event=3401 count=4096 submitted=13930496
t=10016865 read event=3402 count=4096 submitted=13934592
t=10019616 read event=3403 count=4096 submitted=13938688
t=10022564 read event=3404 count=4096 submitted=13942784
t=10025369 read event=3405 count=4096 submitted=13946880
t=10028123 read event=3406 count=4096 submitted=13950976
t=10030872 read event=3407 count=4096 submitted=13955072
t=10033822 read event=3408 count=4096 submitted=13959168
t=10036637 read event=3409 count=4096 submitted=13963264
t=10039378 read event=3410 count=4096 submitted=13967360
t=10042125 read event=3411 count=4096 submitted=13971456
t=10045079 read event=3412 count=4096 submitted=13975552
t=10047902 read event=3413 count=4096 submitted=13979648
t=10050652 read event=3414 count=4096 submitted=13983744
t=10053395 read event=3415 count=4096 submitted=13987840
t=10056347 read event=3416 count=4096 submitted=13991936
t=10059158 read event=3417 count=4096 submitted=13996032
t=10061910 read event=3418 count=4096 submitted=14000128
t=10064658 read event=3419 count=4096 submitted=14004224
t=10067609 read event=3420 count=4096 submitted=14008320
t=10070424 read event=3421 count=4096 submitted=14012416
t=10073176 read event=3422 count=4096 submitted=14016512
t=10075925 read event=3423 count=4096 submitted=14020608
t=10078925 read event=3424 count=4096 submitted=14024704
t=10081750 read event=3425 count=4096 submitted=14028800
t=10084507 read event=3426 count=4096 submitted=14032896
t=10087256 read event=3427 count=4096 submitted=14036992
t=10090215 read event=3428 count=4096 submitted=14041088
t=10093072 read event=3429 count=4096 submitted=14045184
t=10095828 read event=3430 count=4096 submitted=14049280
t=10098582 read event=3431 count=4096 submitted=14053376
t=10101530 read event=3432 count=4096 submitted=14057472
t=10104341 read event=3433 count=4096 submitted=14061568
t=10107094 read event=3434 count=4096 submitted=14065664
t=10109845 read event=3435 count=4096 submitted=14069760
t=10112798 read event=3436 count=4096 submitted=14073856
t=10115657 read event=3437 count=4096 submitted=14077952
t=10118427 read event=3438 count=4096 submitted=14082048
t=10121182 read event=3439 count=4096 submitted=14086144
t=10124135 read event=3440 count=4096 submitted=14090240
t=10126960 read event=3441 count=4096 submitted=14094336
t=10129716 read event=3442 count=4096 submitted=14098432
t=10132456 read event=3443 count=4096 submitted=14102528
t=10135407 read event=3444 count=4096 submitted=14106624
t=10138234 read event=3445 count=4096 submitted=14110720
t=10140988 read event=3446 count=4096 submitted=14114816
t=10143737 read event=3447 count=4096 submitted=14118912
t=10146680 read event=3448 count=4096 submitted=14123008
t=10149494 read event=3449 count=4096 submitted=14127104
t=10152254 read event=3450 count=4096 submitted=14131200
t=10154999 read event=3451 count=4096 submitted=14135296
t=10157962 read event=3452 count=4096 submitted=14139392
t=10160779 read event=3453 count=4096 submitted=14143488
t=10163534 read event=3454 count=4096 submitted=14147584
t=10166277 read event=3455 count=4096 submitted=14151680
t=10169228 read event=3456 count=4096 submitted=14155776
t=10172052 read event=3457 count=4096 submitted=14159872
t=10174803 read event=3458 count=4096 submitted=14163968
t=10177552 read event=3459 count=4096 submitted=14168064
t=10180483 read event=3460 count=4096 submitted=14172160
t=10183321 read event=3461 count=4096 submitted=14176256
t=10186077 read event=3462 count=4096 submitted=14180352
t=10188825 read event=3463 count=4096 submitted=14184448
t=10191774 read event=3464 count=4096 submitted=14188544
t=10194588 read event=3465 count=4096 submitted=14192640
t=10197335 read event=3466 count=4096 submitted=14196736
t=10200086 read event=3467 count=4096 submitted=14200832
t=10203044 read event=3468 count=4096 submitted=14204928
t=10205863 read event=3469 count=4096 submitted=14209024
t=10208615 read event=3470 count=4096 submitted=14213120
t=10211357 read event=3471 count=4096 submitted=14217216
t=10214309 read event=3472 count=4096 submitted=14221312
t=10217133 read event=3473 count=4096 submitted=14225408
t=10219886 read event=3474 count=4096 submitted=14229504
t=10222631 read event=3475 count=4096 submitted=14233600
t=10225572 read event=3476 count=4096 submitted=14237696
t=10228384 read event=3477 count=4096 submitted=14241792
t=10231134 read event=3478 count=4096 submitted=14245888
t=10233884 read event=3479 count=4096 submitted=14249984
t=10236829 read event=3480 count=4096 submitted=14254080
t=10239646 read event=3481 count=4096 submitted=14258176
t=10242393 read event=3482 count=4096 submitted=14262272
t=10245144 read event=3483 count=4096 submitted=14266368
t=10248104 read event=3484 count=4096 submitted=14270464
t=10250920 read event=3485 count=4096 submitted=14274560
t=10253674 read event=3486 count=4096 submitted=14278656
t=10256415 read event=3487 count=4096 submitted=14282752
t=10259367 read event=3488 count=4096 submitted=14286848
t=10262190 read event=3489 count=4096 submitted=14290944
t=10264938 read event=3490 count=4096 submitted=14295040
t=10267689 read event=3491 count=4096 submitted=14299136
t=10270631 read event=3492 count=4096 submitted=14303232
t=10273454 read event=3493 count=4096 submitted=14307328
t=10276203 read event=3494 count=4096 submitted=14311424
t=10278950 read event=3495 count=4096 submitted=14315520
t=10281912 read event=3496 count=4096 submitted=14319616
t=10284744 read event=3497 count=4096 submitted=14323712
t=10287553 read event=3498 count=4096 submitted=14327808
t=10290298 read event=3499 count=4096 submitted=14331904
t=10293262 read event=3500 count=4096 submitted=14336000
t=10296104 read event=3501 count=4096 submitted=14340096
t=10298856 read event=3502 count=4096 submitted=14344192
t=10301604 read event=3503 count=4096 submitted=14348288
t=10304554 read event=3504 count=4096 submitted=14352384
t=10307371 read event=3505 count=4096 submitted=14356480
t=10310124 read event=3506 count=4096 submitted=14360576
t=10312870 read event=3507 count=4096 submitted=14364672
t=10315817 read event=3508 count=4096 submitted=14368768
t=10318635 read event=3509 count=4096 submitted=14372864
t=10321379 read event=3510 count=4096 submitted=14376960
t=10324130 read event=3511 count=4096 submitted=14381056
t=10327090 read event=3512 count=4096 submitted=14385152
t=10329914 read event=3513 count=4096 submitted=14389248
t=10332663 read event=3514 count=4096 submitted=14393344
t=10335405 read event=3515 count=4096 submitted=14397440
t=10338366 read event=3516 count=4096 submitted=14401536
t=10341194 read event=3517 count=4096 submitted=14405632
t=10343948 read event=3518 count=4096 submitted=14409728
t=10346694 read event=3519 count=4096 submitted=14413824
t=10349642 read event=3520 count=4096 submitted=14417920
t=10352451 read event=3521 count=4096 submitted=14422016
t=10355200 read event=3522 count=4096 submitted=14426112
t=10357950 read event=3523 count=4096 submitted=14430208
t=10360901 read event=3524 count=4096 submitted=14434304
t=10363723 read event=3525 count=4096 submitted=14438400
t=10366465 read event=3526 count=4096 submitted=14442496
t=10369214 read event=3527 count=4096 submitted=14446592
t=10372171 read event=3528 count=4096 submitted=14450688
t=10374996 read event=3529 count=4096 submitted=14454784
t=10377752 read event=3530 count=4096 submitted=14458880
t=10380491 read event=3531 count=4096 submitted=14462976
t=10383458 read event=3532 count=4096 submitted=14467072
t=10386284 read event=3533 count=4096 submitted=14471168
t=10389034 read event=3534 count=4096 submitted=14475264
t=10391781 read event=3535 count=4096 submitted=14479360
t=10394730 read event=3536 count=4096 submitted=14483456
t=10397736 read event=3537 count=4096 submitted=14487552
t=10400497 read event=3538 count=4096 submitted=14491648
t=10403251 read event=3539 count=4096 submitted=14495744
t=10406205 read event=3540 count=4096 submitted=14499840
t=10409037 read event=3541 count=4096 submitted=14503936
t=10411790 read event=3542 count=4096 submitted=14508032
t=10414539 read event=3543 count=4096 submitted=14512128
t=10417496 read event=3544 count=4096 submitted=14516224
t=10420321 read event=3545 count=4096 submitted=14520320
t=10423073 read event=3546 count=4096 submitted=14524416
t=10425822 read event=3547 count=4096 submitted=14528512
t=10428767 read event=3548 count=4096 submitted=14532608
t=10431588 read event=3549 count=4096 submitted=14536704
t=10434329 read event=3550 count=4096 submitted=14540800
t=10437074 read event=3551 count=4096 submitted=14544896
t=10440019 read event=3552 count=4096 submitted=14548992
t=10442840 read event=3553 count=4096 submitted=14553088
t=10445594 read event=3554 count=4096 submitted=14557184
t=10448338 read event=3555 count=4096 submitted=14561280
t=10451297 read event=3556 count=4096 submitted=14565376
t=10454117 read event=3557 count=4096 submitted=14569472
t=10456864 read event=3558 count=4096 submitted=14573568
t=10459616 read event=3559 count=4096 submitted=14577664
t=10462561 read event=3560 count=4096 submitted=14581760
t=10465375 read event=3561 count=4096 submitted=14585856
t=10468130 read event=3562 count=4096 submitted=14589952
t=10470876 read event=3563 count=4096 submitted=14594048
t=10473825 read event=3564 count=4096 submitted=14598144
t=10476646 read event=3565 count=4096 submitted=14602240
t=10479395 read event=3566 count=4096 submitted=14606336
t=10482143 read event=3567 count=4096 submitted=14610432
t=10485103 read event=3568 count=4096 submitted=14614528
t=10487920 read event=3569 count=4096 submitted=14618624
t=10490671 read event=3570 count=4096 submitted=14622720
t=10493410 read event=3571 count=4096 submitted=14626816
t=10496418 read event=3572 count=4096 submitted=14630912
t=10499273 read event=3573 count=4096 submitted=14635008
t=10502029 read event=3574 count=4096 submitted=14639104
t=10504778 read event=3575 count=4096 submitted=14643200
t=10507729 read event=3576 count=4096 submitted=14647296
t=10510545 read event=3577 count=4096 submitted=14651392
t=10513290 read event=3578 count=4096 submitted=14655488
t=10516039 read event=3579 count=4096 submitted=14659584
t=10518988 read event=3580 count=4096 submitted=14663680
t=10521805 read event=3581 count=4096 submitted=14667776
t=10524556 read event=3582 count=4096 submitted=14671872
t=10527333 read event=3583 count=4096 submitted=14675968
t=10530292 read event=3584 count=4096 submitted=14680064
t=10533117 read event=3585 count=4096 submitted=14684160
t=10535870 read event=3586 count=4096 submitted=14688256
t=10538619 read event=3587 count=4096 submitted=14692352
t=10541577 read event=3588 count=4096 submitted=14696448
t=10544390 read event=3589 count=4096 submitted=14700544
t=10547138 read event=3590 count=4096 submitted=14704640
t=10549885 read event=3591 count=4096 submitted=14708736
t=10552833 read event=3592 count=4096 submitted=14712832
t=10555652 read event=3593 count=4096 submitted=14716928
t=10558397 read event=3594 count=4096 submitted=14721024
t=10561144 read event=3595 count=4096 submitted=14725120
t=10564094 read event=3596 count=4096 submitted=14729216
t=10566912 read event=3597 count=4096 submitted=14733312
t=10569664 read event=3598 count=4096 submitted=14737408
t=10572409 read event=3599 count=4096 submitted=14741504
t=10575367 read event=3600 count=4096 submitted=14745600
t=10578193 read event=3601 count=4096 submitted=14749696
t=10580942 read event=3602 count=4096 submitted=14753792
t=10583704 read event=3603 count=4096 submitted=14757888
t=10586667 read event=3604 count=4096 submitted=14761984
t=10589479 read event=3605 count=4096 submitted=14766080
t=10592235 read event=3606 count=4096 submitted=14770176
t=10594984 read event=3607 count=4096 submitted=14774272
t=10597930 read event=3608 count=4096 submitted=14778368
t=10600745 read event=3609 count=4096 submitted=14782464
t=10603492 read event=3610 count=4096 submitted=14786560
t=10606239 read event=3611 count=4096 submitted=14790656
t=10609189 read event=3612 count=4096 submitted=14794752
t=10612008 read event=3613 count=4096 submitted=14798848
t=10614758 read event=3614 count=4096 submitted=14802944
t=10617501 read event=3615 count=4096 submitted=14807040
t=10620460 read event=3616 count=4096 submitted=14811136
t=10623288 read event=3617 count=4096 submitted=14815232
t=10626039 read event=3618 count=4096 submitted=14819328
t=10628788 read event=3619 count=4096 submitted=14823424
t=10631734 read event=3620 count=4096 submitted=14827520
t=10634553 read event=3621 count=4096 submitted=14831616
t=10637297 read event=3622 count=4096 submitted=14835712
t=10640093 read event=3623 count=4096 submitted=14839808
t=10643049 read event=3624 count=4096 submitted=14843904
t=10645867 read event=3625 count=4096 submitted=14848000
t=10648618 read event=3626 count=4096 submitted=14852096
t=10651360 read event=3627 count=4096 submitted=14856192
t=10654318 read event=3628 count=4096 submitted=14860288
t=10657136 read event=3629 count=4096 submitted=14864384
t=10659888 read event=3630 count=4096 submitted=14868480
t=10662635 read event=3631 count=4096 submitted=14872576
t=10665597 read event=3632 count=4096 submitted=14876672
t=10668414 read event=3633 count=4096 submitted=14880768
t=10671167 read event=3634 count=4096 submitted=14884864
t=10673916 read event=3635 count=4096 submitted=14888960
t=10676865 read event=3636 count=4096 submitted=14893056
t=10679691 read event=3637 count=4096 submitted=14897152
t=10682436 read event=3638 count=4096 submitted=14901248
t=10685197 read event=3639 count=4096 submitted=14905344
t=10688141 read event=3640 count=4096 submitted=14909440
t=10690961 read event=3641 count=4096 submitted=14913536
t=10693713 read event=3642 count=4096 submitted=14917632
t=10696455 read event=3643 count=4096 submitted=14921728
t=10699411 read event=3644 count=4096 submitted=14925824
t=10702303 read event=3645 count=4096 submitted=14929920
t=10705060 read event=3646 count=4096 submitted=14934016
t=10707811 read event=3647 count=4096 submitted=14938112
t=10710775 read event=3648 count=4096 submitted=14942208
t=10713602 read event=3649 count=4096 submitted=14946304
t=10716344 read event=3650 count=4096 submitted=14950400
t=10719093 read event=3651 count=4096 submitted=14954496
t=10722035 read event=3652 count=4096 submitted=14958592
t=10724856 read event=3653 count=4096 submitted=14962688
t=10727607 read event=3654 count=4096 submitted=14966784
t=10730348 read event=3655 count=4096 submitted=14970880
t=10733305 read event=3656 count=4096 submitted=14974976
t=10736125 read event=3657 count=4096 submitted=14979072
t=10738875 read event=3658 count=4096 submitted=14983168
t=10741624 read event=3659 count=4096 submitted=14987264
t=10744567 read event=3660 count=4096 submitted=14991360
t=10747382 read event=3661 count=4096 submitted=14995456
t=10750130 read event=3662 count=4096 submitted=14999552
t=10752875 read event=3663 count=4096 submitted=15003648
t=10755835 read event=3664 count=4096 submitted=15007744
t=10758658 read event=3665 count=4096 submitted=15011840
t=10761403 read event=3666 count=4096 submitted=15015936
t=10764150 read event=3667 count=4096 submitted=15020032
t=10767096 read event=3668 count=4096 submitted=15024128
t=10769917 read event=3669 count=4096 submitted=15028224
t=10772665 read event=3670 count=4096 submitted=15032320
t=10775406 read event=3671 count=4096 submitted=15036416
t=10778363 read event=3672 count=4096 submitted=15040512
t=10781186 read event=3673 count=4096 submitted=15044608
t=10783950 read event=3674 count=4096 submitted=15048704
t=10786700 read event=3675 count=4096 submitted=15052800
t=10789666 read event=3676 count=4096 submitted=15056896
t=10792481 read event=3677 count=4096 submitted=15060992
t=10795239 read event=3678 count=4096 submitted=15065088
t=10797990 read event=3679 count=4096 submitted=15069184
t=10800936 read event=3680 count=4096 submitted=15073280
t=10803756 read event=3681 count=4096 submitted=15077376
t=10806497 read event=3682 count=4096 submitted=15081472
t=10809248 read event=3683 count=4096 submitted=15085568
t=10812191 read event=3684 count=4096 submitted=15089664
t=10815011 read event=3685 count=4096 submitted=15093760
t=10817761 read event=3686 count=4096 submitted=15097856
t=10820501 read event=3687 count=4096 submitted=15101952
t=10823453 read event=3688 count=4096 submitted=15106048
t=10826271 read event=3689 count=4096 submitted=15110144
t=10829021 read event=3690 count=4096 submitted=15114240
t=10831768 read event=3691 count=4096 submitted=15118336
t=10834726 read event=3692 count=4096 submitted=15122432
t=10837546 read event=3693 count=4096 submitted=15126528
t=10840289 read event=3694 count=4096 submitted=15130624
t=10843034 read event=3695 count=4096 submitted=15134720
t=10845982 read event=3696 count=4096 submitted=15138816
t=10848816 read event=3697 count=4096 submitted=15142912
t=10851569 read event=3698 count=4096 submitted=15147008
t=10854307 read event=3699 count=4096 submitted=15151104
t=10857257 read event=3700 count=4096 submitted=15155200
t=10860077 read event=3701 count=4096 submitted=15159296
t=10862827 read event=3702 count=4096 submitted=15163392
t=10865585 read event=3703 count=4096 submitted=15167488
t=10868537 read event=3704 count=4096 submitted=15171584
t=10871352 read event=3705 count=4096 submitted=15175680
t=10874103 read event=3706 count=4096 submitted=15179776
t=10876848 read event=3707 count=4096 submitted=15183872
t=10879809 read event=3708 count=4096 submitted=15187968
t=10882638 read event=3709 count=4096 submitted=15192064
t=10885385 read event=3710 count=4096 submitted=15196160
t=10888131 read event=3711 count=4096 submitted=15200256
t=10891076 read event=3712 count=4096 submitted=15204352
t=10893904 read event=3713 count=4096 submitted=15208448
t=10896659 read event=3714 count=4096 submitted=15212544
t=10899404 read event=3715 count=4096 submitted=15216640
t=10902352 read event=3716 count=4096 submitted=15220736
t=10905193 read event=3717 count=4096 submitted=15224832
t=10907945 read event=3718 count=4096 submitted=15228928
t=10910740 read event=3719 count=4096 submitted=15233024
t=10913710 read event=3720 count=4096 submitted=15237120
t=10916539 read event=3721 count=4096 submitted=15241216
t=10919288 read event=3722 count=4096 submitted=15245312
t=10922038 read event=3723 count=4096 submitted=15249408
t=10924995 read event=3724 count=4096 submitted=15253504
t=10927819 read event=3725 count=4096 submitted=15257600
t=10930574 read event=3726 count=4096 submitted=15261696
t=10933317 read event=3727 count=4096 submitted=15265792
t=10936268 read event=3728 count=4096 submitted=15269888
t=10939088 read event=3729 count=4096 submitted=15273984
t=10941840 read event=3730 count=4096 submitted=15278080
t=10944588 read event=3731 count=4096 submitted=15282176
t=10947535 read event=3732 count=4096 submitted=15286272
t=10950377 read event=3733 count=4096 submitted=15290368
t=10953130 read event=3734 count=4096 submitted=15294464
t=10955884 read event=3735 count=4096 submitted=15298560
t=10958847 read event=3736 count=4096 submitted=15302656
t=10961674 read event=3737 count=4096 submitted=15306752
t=10964422 read event=3738 count=4096 submitted=15310848
t=10967168 read event=3739 count=4096 submitted=15314944
t=10970114 read event=3740 count=4096 submitted=15319040
t=10972931 read event=3741 count=4096 submitted=15323136
t=10975684 read event=3742 count=4096 submitted=15327232
t=10978423 read event=3743 count=4096 submitted=15331328
t=10981380 read event=3744 count=4096 submitted=15335424
t=10984219 read event=3745 count=4096 submitted=15339520
t=10986973 read event=3746 count=4096 submitted=15343616
t=10989720 read event=3747 count=4096 submitted=15347712
t=10992667 read event=3748 count=4096 submitted=15351808
t=10995480 read event=3749 count=4096 submitted=15355904
t=10998235 read event=3750 count=4096 submitted=15360000
t=11000980 read event=3751 count=4096 submitted=15364096
t=11003939 read event=3752 count=4096 submitted=15368192
t=11006755 read event=3753 count=4096 submitted=15372288
t=11009501 read event=3754 count=4096 submitted=15376384
t=11012252 read event=3755 count=4096 submitted=15380480
t=11015199 read event=3756 count=4096 submitted=15384576
t=11018020 read event=3757 count=4096 submitted=15388672
t=11020769 read event=3758 count=4096 submitted=15392768
t=11023513 read event=3759 count=4096 submitted=15396864
t=11026458 read event=3760 count=4096 submitted=15400960
t=11029288 read event=3761 count=4096 submitted=15405056
t=11032038 read event=3762 count=4096 submitted=15409152
t=11034786 read event=3763 count=4096 submitted=15413248
t=11037732 read event=3764 count=4096 submitted=15417344
t=11040546 read event=3765 count=4096 submitted=15421440
t=11043289 read event=3766 count=4096 submitted=15425536
t=11046037 read event=3767 count=4096 submitted=15429632
t=11048999 read event=3768 count=4096 submitted=15433728
t=11051820 read event=3769 count=4096 submitted=15437824
t=11054567 read event=3770 count=4096 submitted=15441920
t=11057308 read event=3771 count=4096 submitted=15446016
t=11060261 read event=3772 count=4096 submitted=15450112
t=11063081 read event=3773 count=4096 submitted=15454208
t=11065836 read event=3774 count=4096 submitted=15458304
t=11068584 read event=3775 count=4096 submitted=15462400
t=11071530 read event=3776 count=4096 submitted=15466496
t=11074343 read event=3777 count=4096 submitted=15470592
t=11077094 read event=3778 count=4096 submitted=15474688
t=11079843 read event=3779 count=4096 submitted=15478784
t=11082797 read event=3780 count=4096 submitted=15482880
t=11085623 read event=3781 count=4096 submitted=15486976
t=11088367 read event=3782 count=4096 submitted=15491072
t=11091116 read event=3783 count=4096 submitted=15495168
t=11094079 read event=3784 count=4096 submitted=15499264
t=11096893 read event=3785 count=4096 submitted=15503360
t=11099647 read event=3786 count=4096 submitted=15507456
t=11102389 read event=3787 count=4096 submitted=15511552
t=11105341 read event=3788 count=4096 submitted=15515648
t=11108177 read event=3789 count=4096 submitted=15519744
t=11110929 read event=3790 count=4096 submitted=15523840
t=11113679 read event=3791 count=4096 submitted=15527936
t=11116622 read event=3792 count=4096 submitted=15532032
t=11119495 read event=3793 count=4096 submitted=15536128
t=11122255 read event=3794 count=4096 submitted=15540224
t=11125005 read event=3795 count=4096 submitted=15544320
t=11127966 read event=3796 count=4096 submitted=15548416
t=11130792 read event=3797 count=4096 submitted=15552512
t=11133544 read event=3798 count=4096 submitted=15556608
t=11136288 read event=3799 count=4096 submitted=15560704
t=11139242 read event=3800 count=4096 submitted=15564800
t=11142058 read event=3801 count=4096 submitted=15568896
t=11144811 read event=3802 count=4096 submitted=15572992
t=11147560 read event=3803 count=4096 submitted=15577088
t=11150498 read event=3804 count=4096 submitted=15581184
t=11153315 read event=3805 count=4096 submitted=15585280
t=11156066 read event=3806 count=4096 submitted=15589376
t=11158810 read event=3807 count=4096 submitted=15593472
t=11161759 read event=3808 count=4096 submitted=15597568
t=11164582 read event=3809 count=4096 submitted=15601664
t=11167326 read event=3810 count=4096 submitted=15605760
t=11170077 read event=3811 count=4096 submitted=15609856
t=11173035 read event=3812 count=4096 submitted=15613952
t=11175858 read event=3813 count=4096 submitted=15618048
t=11178605 read event=3814 count=4096 submitted=15622144
t=11181347 read event=3815 count=4096 submitted=15626240
t=11184312 read event=3816 count=4096 submitted=15630336
t=11187134 read event=3817 count=4096 submitted=15634432
t=11189887 read event=3818 count=4096 submitted=15638528
t=11192633 read event=3819 count=4096 submitted=15642624
t=11195581 read event=3820 count=4096 submitted=15646720
t=11198394 read event=3821 count=4096 submitted=15650816
t=11201142 read event=3822 count=4096 submitted=15654912
t=11203890 read event=3823 count=4096 submitted=15659008
t=11206834 read event=3824 count=4096 submitted=15663104
t=11209657 read event=3825 count=4096 submitted=15667200
t=11212401 read event=3826 count=4096 submitted=15671296
t=11215149 read event=3827 count=4096 submitted=15675392
t=11218112 read event=3828 count=4096 submitted=15679488
t=11220929 read event=3829 count=4096 submitted=15683584
t=11223681 read event=3830 count=4096 submitted=15687680
t=11226424 read event=3831 count=4096 submitted=15691776
t=11229384 read event=3832 count=4096 submitted=15695872
t=11232205 read event=3833 count=4096 submitted=15699968
t=11234954 read event=3834 count=4096 submitted=15704064
t=11237705 read event=3835 count=4096 submitted=15708160
t=11240648 read event=3836 count=4096 submitted=15712256
t=11243460 read event=3837 count=4096 submitted=15716352
t=11246213 read event=3838 count=4096 submitted=15720448
t=11248961 read event=3839 count=4096 submitted=15724544
t=11251910 read event=3840 count=4096 submitted=15728640
t=11254730 read event=3841 count=4096 submitted=15732736
t=11257476 read event=3842 count=4096 submitted=15736832
t=11260230 read event=3843 count=4096 submitted=15740928
t=11263187 read event=3844 count=4096 submitted=15745024
t=11266009 read event=3845 count=4096 submitted=15749120
t=11268760 read event=3846 count=4096 submitted=15753216
t=11271501 read event=3847 count=4096 submitted=15757312
t=11274452 read event=3848 count=4096 submitted=15761408
t=11277273 read event=3849 count=4096 submitted=15765504
t=11280024 read event=3850 count=4096 submitted=15769600
t=11282780 read event=3851 count=4096 submitted=15773696
t=11285729 read event=3852 count=4096 submitted=15777792
t=11288553 read event=3853 count=4096 submitted=15781888
t=11291297 read event=3854 count=4096 submitted=15785984
t=11294044 read event=3855 count=4096 submitted=15790080
t=11297003 read event=3856 count=4096 submitted=15794176
t=11299825 read event=3857 count=4096 submitted=15798272
t=11302571 read event=3858 count=4096 submitted=15802368
t=11305313 read event=3859 count=4096 submitted=15806464
t=11308289 read event=3860 count=4096 submitted=15810560
t=11311112 read event=3861 count=4096 submitted=15814656
t=11313864 read event=3862 count=4096 submitted=15818752
t=11316612 read event=3863 count=4096 submitted=15822848
t=11319565 read event=3864 count=4096 submitted=15826944
t=11322374 read event=3865 count=4096 submitted=15831040
t=11325127 read event=3866 count=4096 submitted=15835136
t=11327928 read event=3867 count=4096 submitted=15839232
t=11330879 read event=3868 count=4096 submitted=15843328
t=11333704 read event=3869 count=4096 submitted=15847424
t=11336449 read event=3870 count=4096 submitted=15851520
t=11339195 read event=3871 count=4096 submitted=15855616
t=11342153 read event=3872 count=4096 submitted=15859712
t=11344979 read event=3873 count=4096 submitted=15863808
t=11347731 read event=3874 count=4096 submitted=15867904
t=11350474 read event=3875 count=4096 submitted=15872000
t=11353429 read event=3876 count=4096 submitted=15876096
t=11356259 read event=3877 count=4096 submitted=15880192
t=11359009 read event=3878 count=4096 submitted=15884288
t=11361765 read event=3879 count=4096 submitted=15888384
t=11364710 read event=3880 count=4096 submitted=15892480
t=11367529 read event=3881 count=4096 submitted=15896576
t=11370279 read event=3882 count=4096 submitted=15900672
t=11373027 read event=3883 count=4096 submitted=15904768
t=11375977 read event=3884 count=4096 submitted=15908864
t=11378799 read event=3885 count=4096 submitted=15912960
t=11381552 read event=3886 count=4096 submitted=15917056
t=11384304 read event=3887 count=4096 submitted=15921152
t=11387272 read event=3888 count=4096 submitted=15925248
t=11390099 read event=3889 count=4096 submitted=15929344
t=11392853 read event=3890 count=4096 submitted=15933440
t=11395603 read event=3891 count=4096 submitted=15937536
t=11398549 read event=3892 count=4096 submitted=15941632
t=11401362 read event=3893 count=4096 submitted=15945728
t=11404112 read event=3894 count=4096 submitted=15949824
t=11406859 read event=3895 count=4096 submitted=15953920
t=11409810 read event=3896 count=4096 submitted=15958016
t=11412625 read event=3897 count=4096 submitted=15962112
t=11415369 read event=3898 count=4096 submitted=15966208
t=11418116 read event=3899 count=4096 submitted=15970304
t=11421059 read event=3900 count=4096 submitted=15974400
t=11423878 read event=3901 count=4096 submitted=15978496
t=11426629 read event=3902 count=4096 submitted=15982592
t=11429372 read event=3903 count=4096 submitted=15986688
t=11432334 read event=3904 count=4096 submitted=15990784
t=11435155 read event=3905 count=4096 submitted=15994880
t=11437911 read event=3906 count=4096 submitted=15998976
t=11440660 read event=3907 count=4096 submitted=16003072
t=11443607 read event=3908 count=4096 submitted=16007168
t=11446418 read event=3909 count=4096 submitted=16011264
t=11449170 read event=3910 count=4096 submitted=16015360
t=11451922 read event=3911 count=4096 submitted=16019456
t=11454867 read event=3912 count=4096 submitted=16023552
t=11457686 read event=3913 count=4096 submitted=16027648
t=11460431 read event=3914 count=4096 submitted=16031744
t=11463180 read event=3915 count=4096 submitted=16035840
t=11466139 read event=3916 count=4096 submitted=16039936
t=11468960 read event=3917 count=4096 submitted=16044032
t=11471715 read event=3918 count=4096 submitted=16048128
t=11474457 read event=3919 count=4096 submitted=16052224
t=11477415 read event=3920 count=4096 submitted=16056320
t=11480246 read event=3921 count=4096 submitted=16060416
t=11483002 read event=3922 count=4096 submitted=16064512
t=11485787 read event=3923 count=4096 submitted=16068608
t=11488742 read event=3924 count=4096 submitted=16072704
t=11491571 read event=3925 count=4096 submitted=16076800
t=11494315 read event=3926 count=4096 submitted=16080896
t=11497063 read event=3927 count=4096 submitted=16084992
t=11500010 read event=3928 count=4096 submitted=16089088
t=11502829 read event=3929 count=4096 submitted=16093184
t=11505585 read event=3930 count=4096 submitted=16097280
t=11508322 read event=3931 count=4096 submitted=16101376
t=11511311 read event=3932 count=4096 submitted=16105472
t=11514137 read event=3933 count=4096 submitted=16109568
t=11516886 read event=3934 count=4096 submitted=16113664
t=11519635 read event=3935 count=4096 submitted=16117760
t=11522581 read event=3936 count=4096 submitted=16121856
t=11525400 read event=3937 count=4096 submitted=16125952
t=11528149 read event=3938 count=4096 submitted=16130048
t=11530896 read event=3939 count=4096 submitted=16134144
t=11533844 read event=3940 count=4096 submitted=16138240
t=11536710 read event=3941 count=4096 submitted=16142336
t=11539461 read event=3942 count=4096 submitted=16146432
t=11542213 read event=3943 count=4096 submitted=16150528
t=11545161 read event=3944 count=4096 submitted=16154624
t=11547981 read event=3945 count=4096 submitted=16158720
t=11550733 read event=3946 count=4096 submitted=16162816
t=11553472 read event=3947 count=4096 submitted=16166912
t=11556451 read event=3948 count=4096 submitted=16171008
t=11559280 read event=3949 count=4096 submitted=16175104
t=11562031 read event=3950 count=4096 submitted=16179200
t=11564784 read event=3951 count=4096 submitted=16183296
t=11567736 read event=3952 count=4096 submitted=16187392
t=11570557 read event=3953 count=4096 submitted=16191488
t=11573302 read event=3954 count=4096 submitted=16195584
t=11576053 read event=3955 count=4096 submitted=16199680
t=11579000 read event=3956 count=4096 submitted=16203776
t=11581822 read event=3957 count=4096 submitted=16207872
t=11584581 read event=3958 count=4096 submitted=16211968
t=11587322 read event=3959 count=4096 submitted=16216064
t=11590274 read event=3960 count=4096 submitted=16220160
t=11593096 read event=3961 count=4096 submitted=16224256
t=11595849 read event=3962 count=4096 submitted=16228352
t=11598596 read event=3963 count=4096 submitted=16232448
t=11601557 read event=3964 count=4096 submitted=16236544
t=11604370 read event=3965 count=4096 submitted=16240640
t=11607120 read event=3966 count=4096 submitted=16244736
t=11609867 read event=3967 count=4096 submitted=16248832
t=11612814 read event=3968 count=4096 submitted=16252928
t=11615631 read event=3969 count=4096 submitted=16257024
t=11618375 read event=3970 count=4096 submitted=16261120
t=11621121 read event=3971 count=4096 submitted=16265216
t=11624066 read event=3972 count=4096 submitted=16269312
t=11626891 read event=3973 count=4096 submitted=16273408
t=11629643 read event=3974 count=4096 submitted=16277504
t=11632383 read event=3975 count=4096 submitted=16281600
t=11635349 read event=3976 count=4096 submitted=16285696
t=11638166 read event=3977 count=4096 submitted=16289792
t=11640926 read event=3978 count=4096 submitted=16293888
t=11643679 read event=3979 count=4096 submitted=16297984
t=11646623 read event=3980 count=4096 submitted=16302080
t=11649432 read event=3981 count=4096 submitted=16306176
t=11652183 read event=3982 count=4096 submitted=16310272
t=11654929 read event=3983 count=4096 submitted=16314368
t=11657875 read event=3984 count=4096 submitted=16318464
t=11660698 read event=3985 count=4096 submitted=16322560
t=11663447 read event=3986 count=4096 submitted=16326656
t=11666198 read event=3987 count=4096 submitted=16330752
t=11669149 read event=3988 count=4096 submitted=16334848
t=11671970 read event=3989 count=4096 submitted=16338944
t=11674723 read event=3990 count=4096 submitted=16343040
t=11677469 read event=3991 count=4096 submitted=16347136
t=11680434 read event=3992 count=4096 submitted=16351232
t=11683273 read event=3993 count=4096 submitted=16355328
t=11686026 read event=3994 count=4096 submitted=16359424
t=11688775 read event=3995 count=4096 submitted=16363520
t=11691724 read event=3996 count=4096 submitted=16367616
t=11694557 read event=3997 count=4096 submitted=16371712
t=11697302 read event=3998 count=4096 submitted=16375808
t=11700051 read event=3999 count=4096 submitted=16379904
t=11702998 read event=4000 count=4096 submitted=16384000
t=11705821 read event=4001 count=4096 submitted=16388096
t=11708573 read event=4002 count=4096 submitted=16392192
t=11711316 read event=4003 count=4096 submitted=16396288
t=11714291 read event=4004 count=4096 submitted=16400384
t=11717116 read event=4005 count=4096 submitted=16404480
t=11719868 read event=4006 count=4096 submitted=16408576
t=11722612 read event=4007 count=4096 submitted=16412672
t=11725572 read event=4008 count=4096 submitted=16416768
t=11728385 read event=4009 count=4096 submitted=16420864
t=11731135 read event=4010 count=4096 submitted=16424960
t=11733881 read event=4011 count=4096 submitted=16429056
t=11736824 read event=4012 count=4096 submitted=16433152
t=11739644 read event=4013 count=4096 submitted=16437248
t=11742436 read event=4014 count=4096 submitted=16441344
t=11745192 read event=4015 count=4096 submitted=16445440
t=11748141 read event=4016 count=4096 submitted=16449536
t=11750967 read event=4017 count=4096 submitted=16453632
t=11753719 read event=4018 count=4096 submitted=16457728
t=11756459 read event=4019 count=4096 submitted=16461824
t=11759415 read event=4020 count=4096 submitted=16465920
t=11762242 read event=4021 count=4096 submitted=16470016
t=11764991 read event=4022 count=4096 submitted=16474112
t=11767742 read event=4023 count=4096 submitted=16478208
t=11770700 read event=4024 count=4096 submitted=16482304
t=11773515 read event=4025 count=4096 submitted=16486400
t=11776267 read event=4026 count=4096 submitted=16490496
t=11779014 read event=4027 count=4096 submitted=16494592
t=11781961 read event=4028 count=4096 submitted=16498688
t=11784792 read event=4029 count=4096 submitted=16502784
t=11787544 read event=4030 count=4096 submitted=16506880
t=11790287 read event=4031 count=4096 submitted=16510976
t=11793246 read event=4032 count=4096 submitted=16515072
t=11796073 read event=4033 count=4096 submitted=16519168
t=11798826 read event=4034 count=4096 submitted=16523264
t=11801576 read event=4035 count=4096 submitted=16527360
t=11804534 read event=4036 count=4096 submitted=16531456
t=11807352 read event=4037 count=4096 submitted=16535552
t=11810108 read event=4038 count=4096 submitted=16539648
t=11812858 read event=4039 count=4096 submitted=16543744
t=11815809 read event=4040 count=4096 submitted=16547840
t=11818631 read event=4041 count=4096 submitted=16551936
t=11821375 read event=4042 count=4096 submitted=16556032
t=11824121 read event=4043 count=4096 submitted=16560128
t=11827063 read event=4044 count=4096 submitted=16564224
t=11829884 read event=4045 count=4096 submitted=16568320
t=11832632 read event=4046 count=4096 submitted=16572416
t=11835378 read event=4047 count=4096 submitted=16576512
t=11838334 read event=4048 count=4096 submitted=16580608
t=11841156 read event=4049 count=4096 submitted=16584704
t=11843907 read event=4050 count=4096 submitted=16588800
t=11846653 read event=4051 count=4096 submitted=16592896
t=11849613 read event=4052 count=4096 submitted=16596992
t=11852430 read event=4053 count=4096 submitted=16601088
t=11855182 read event=4054 count=4096 submitted=16605184
t=11857931 read event=4055 count=4096 submitted=16609280
t=11860877 read event=4056 count=4096 submitted=16613376
t=11863707 read event=4057 count=4096 submitted=16617472
t=11866452 read event=4058 count=4096 submitted=16621568
t=11869202 read event=4059 count=4096 submitted=16625664
t=11872150 read event=4060 count=4096 submitted=16629760
t=11874970 read event=4061 count=4096 submitted=16633856
t=11877725 read event=4062 count=4096 submitted=16637952
t=11880465 read event=4063 count=4096 submitted=16642048
t=11883437 read event=4064 count=4096 submitted=16646144
t=11886260 read event=4065 count=4096 submitted=16650240
t=11889014 read event=4066 count=4096 submitted=16654336
t=11891763 read event=4067 count=4096 submitted=16658432
t=11894719 read event=4068 count=4096 submitted=16662528
t=11897542 read event=4069 count=4096 submitted=16666624
t=11900283 read event=4070 count=4096 submitted=16670720
t=11903031 read event=4071 count=4096 submitted=16674816
t=11905977 read event=4072 count=4096 submitted=16678912
t=11908797 read event=4073 count=4096 submitted=16683008
t=11911549 read event=4074 count=4096 submitted=16687104
t=11914288 read event=4075 count=4096 submitted=16691200
t=11917262 read event=4076 count=4096 submitted=16695296
t=11920086 read event=4077 count=4096 submitted=16699392
t=11922835 read event=4078 count=4096 submitted=16703488
t=11925585 read event=4079 count=4096 submitted=16707584
t=11928536 read event=4080 count=4096 submitted=16711680
t=11931349 read event=4081 count=4096 submitted=16715776
t=11934103 read event=4082 count=4096 submitted=16719872
t=11936860 read event=4083 count=4096 submitted=16723968
t=11939828 read event=4084 count=4096 submitted=16728064
t=11942653 read event=4085 count=4096 submitted=16732160
t=11945398 read event=4086 count=4096 submitted=16736256
t=11948147 read event=4087 count=4096 submitted=16740352
t=11951154 read event=4088 count=4096 submitted=16744448
t=11953991 read event=4089 count=4096 submitted=16748544
t=11956745 read event=4090 count=4096 submitted=16752640
t=11959493 read event=4091 count=4096 submitted=16756736
t=11962448 read event=4092 count=4096 submitted=16760832
t=11965273 read event=4093 count=4096 submitted=16764928
t=11968028 read event=4094 count=4096 submitted=16769024
t=11970775 read event=4095 count=4096 submitted=16773120
t=11973738 read event=4096 count=4096 submitted=16777216
t=11976557 read event=4097 count=4096 submitted=16781312
t=11979307 read event=4098 count=4096 submitted=16785408
t=11982053 read event=4099 count=4096 submitted=16789504
t=11985012 read event=4100 count=4096 submitted=16793600
t=11987835 read event=4101 count=4096 submitted=16797696
t=11990585 read event=4102 count=4096 submitted=16801792
t=11993330 read event=4103 count=4096 submitted=16805888
t=11996281 read event=4104 count=4096 submitted=16809984
t=11999104 read event=4105 count=4096 submitted=16814080
t=12001860 read event=4106 count=4096 submitted=16818176
t=12004604 read event=4107 count=4096 submitted=16822272
t=12007551 read event=4108 count=4096 submitted=16826368
t=12010359 read event=4109 count=4096 submitted=16830464
t=12013111 read event=4110 count=4096 submitted=16834560
t=12015858 read event=4111 count=4096 submitted=16838656
t=12018819 read event=4112 count=4096 submitted=16842752
t=12021639 read event=4113 count=4096 submitted=16846848
t=12024383 read event=4114 count=4096 submitted=16850944
t=12027129 read event=4115 count=4096 submitted=16855040
t=12030077 read event=4116 count=4096 submitted=16859136
t=12032892 read event=4117 count=4096 submitted=16863232
t=12035643 read event=4118 count=4096 submitted=16867328
t=12038381 read event=4119 count=4096 submitted=16871424
t=12041333 read event=4120 count=4096 submitted=16875520
t=12044153 read event=4121 count=4096 submitted=16879616
t=12046901 read event=4122 count=4096 submitted=16883712
t=12049651 read event=4123 count=4096 submitted=16887808
t=12052596 read event=4124 count=4096 submitted=16891904
t=12055409 read event=4125 count=4096 submitted=16896000
t=12058162 read event=4126 count=4096 submitted=16900096
t=12060908 read event=4127 count=4096 submitted=16904192
t=12063869 read event=4128 count=4096 submitted=16908288
t=12066687 read event=4129 count=4096 submitted=16912384
t=12069431 read event=4130 count=4096 submitted=16916480
t=12072186 read event=4131 count=4096 submitted=16920576
t=12075156 read event=4132 count=4096 submitted=16924672
t=12077996 read event=4133 count=4096 submitted=16928768
t=12080751 read event=4134 count=4096 submitted=16932864
t=12083507 read event=4135 count=4096 submitted=16936960
t=12086459 read event=4136 count=4096 submitted=16941056
t=12089288 read event=4137 count=4096 submitted=16945152
t=12092042 read event=4138 count=4096 submitted=16949248
t=12094790 read event=4139 count=4096 submitted=16953344
t=12097740 read event=4140 count=4096 submitted=16957440
t=12100567 read event=4141 count=4096 submitted=16961536
t=12103313 read event=4142 count=4096 submitted=16965632
t=12106060 read event=4143 count=4096 submitted=16969728
t=12109028 read event=4144 count=4096 submitted=16973824
t=12111855 read event=4145 count=4096 submitted=16977920
t=12114610 read event=4146 count=4096 submitted=16982016
t=12117349 read event=4147 count=4096 submitted=16986112
t=12120325 read event=4148 count=4096 submitted=16990208
t=12123149 read event=4149 count=4096 submitted=16994304
t=12125901 read event=4150 count=4096 submitted=16998400
t=12128651 read event=4151 count=4096 submitted=17002496
t=12131599 read event=4152 count=4096 submitted=17006592
t=12134410 read event=4153 count=4096 submitted=17010688
t=12137162 read event=4154 count=4096 submitted=17014784
t=12139912 read event=4155 count=4096 submitted=17018880
t=12142870 read event=4156 count=4096 submitted=17022976
t=12145689 read event=4157 count=4096 submitted=17027072
t=12148431 read event=4158 count=4096 submitted=17031168
t=12151180 read event=4159 count=4096 submitted=17035264
t=12154131 read event=4160 count=4096 submitted=17039360
t=12156947 read event=4161 count=4096 submitted=17043456
t=12159752 read event=4162 count=4096 submitted=17047552
t=12162498 read event=4163 count=4096 submitted=17051648
t=12165451 read event=4164 count=4096 submitted=17055744
t=12168282 read event=4165 count=4096 submitted=17059840
t=12171035 read event=4166 count=4096 submitted=17063936
t=12173782 read event=4167 count=4096 submitted=17068032
t=12176729 read event=4168 count=4096 submitted=17072128
t=12179548 read event=4169 count=4096 submitted=17076224
t=12182289 read event=4170 count=4096 submitted=17080320
t=12185045 read event=4171 count=4096 submitted=17084416
t=12188016 read event=4172 count=4096 submitted=17088512
t=12190840 read event=4173 count=4096 submitted=17092608
t=12193592 read event=4174 count=4096 submitted=17096704
t=12196332 read event=4175 count=4096 submitted=17100800
t=12199291 read event=4176 count=4096 submitted=17104896
t=12202114 read event=4177 count=4096 submitted=17108992
t=12204865 read event=4178 count=4096 submitted=17113088
t=12207614 read event=4179 count=4096 submitted=17117184
t=12210558 read event=4180 count=4096 submitted=17121280
t=12213375 read event=4181 count=4096 submitted=17125376
t=12216123 read event=4182 count=4096 submitted=17129472
t=12218870 read event=4183 count=4096 submitted=17133568
t=12221816 read event=4184 count=4096 submitted=17137664
t=12224632 read event=4185 count=4096 submitted=17141760
t=12227378 read event=4186 count=4096 submitted=17145856
t=12230126 read event=4187 count=4096 submitted=17149952
t=12233080 read event=4188 count=4096 submitted=17154048
t=12235900 read event=4189 count=4096 submitted=17158144
t=12238649 read event=4190 count=4096 submitted=17162240
t=12241389 read event=4191 count=4096 submitted=17166336
t=12244344 read event=4192 count=4096 submitted=17170432
t=12247163 read event=4193 count=4096 submitted=17174528
t=12249916 read event=4194 count=4096 submitted=17178624
t=12252662 read event=4195 count=4096 submitted=17182720
t=12255611 read event=4196 count=4096 submitted=17186816
t=12258424 read event=4197 count=4096 submitted=17190912
t=12261172 read event=4198 count=4096 submitted=17195008
t=12263918 read event=4199 count=4096 submitted=17199104
t=12266861 read event=4200 count=4096 submitted=17203200
t=12269678 read event=4201 count=4096 submitted=17207296
t=12272423 read event=4202 count=4096 submitted=17211392
t=12275167 read event=4203 count=4096 submitted=17215488
t=12278126 read event=4204 count=4096 submitted=17219584
t=12280942 read event=4205 count=4096 submitted=17223680
t=12283702 read event=4206 count=4096 submitted=17227776
t=12286446 read event=4207 count=4096 submitted=17231872
t=12289414 read event=4208 count=4096 submitted=17235968
t=12292240 read event=4209 count=4096 submitted=17240064
t=12294994 read event=4210 count=4096 submitted=17244160
t=12297743 read event=4211 count=4096 submitted=17248256
t=12300690 read event=4212 count=4096 submitted=17252352
t=12303515 read event=4213 count=4096 submitted=17256448
t=12306266 read event=4214 count=4096 submitted=17260544
t=12309013 read event=4215 count=4096 submitted=17264640
t=12311971 read event=4216 count=4096 submitted=17268736
t=12314789 read event=4217 count=4096 submitted=17272832
t=12317540 read event=4218 count=4096 submitted=17276928
t=12320280 read event=4219 count=4096 submitted=17281024
t=12323253 read event=4220 count=4096 submitted=17285120
t=12326075 read event=4221 count=4096 submitted=17289216
t=12328827 read event=4222 count=4096 submitted=17293312
t=12331575 read event=4223 count=4096 submitted=17297408
t=12334526 read event=4224 count=4096 submitted=17301504
t=12337337 read event=4225 count=4096 submitted=17305600
t=12340089 read event=4226 count=4096 submitted=17309696
t=12342833 read event=4227 count=4096 submitted=17313792
t=12345785 read event=4228 count=4096 submitted=17317888
t=12348601 read event=4229 count=4096 submitted=17321984
t=12351347 read event=4230 count=4096 submitted=17326080
t=12354096 read event=4231 count=4096 submitted=17330176
t=12357051 read event=4232 count=4096 submitted=17334272
t=12359872 read event=4233 count=4096 submitted=17338368
t=12362624 read event=4234 count=4096 submitted=17342464
t=12365364 read event=4235 count=4096 submitted=17346560
t=12368363 read event=4236 count=4096 submitted=17350656
t=12371200 read event=4237 count=4096 submitted=17354752
t=12373958 read event=4238 count=4096 submitted=17358848
t=12376710 read event=4239 count=4096 submitted=17362944
t=12379667 read event=4240 count=4096 submitted=17367040
t=12382484 read event=4241 count=4096 submitted=17371136
t=12385252 read event=4242 count=4096 submitted=17375232
t=12388005 read event=4243 count=4096 submitted=17379328
t=12390948 read event=4244 count=4096 submitted=17383424
t=12393768 read event=4245 count=4096 submitted=17387520
t=12396510 read event=4246 count=4096 submitted=17391616
t=12399260 read event=4247 count=4096 submitted=17395712
t=12402223 read event=4248 count=4096 submitted=17399808
t=12405048 read event=4249 count=4096 submitted=17403904
t=12407801 read event=4250 count=4096 submitted=17408000
t=12410549 read event=4251 count=4096 submitted=17412096
t=12413488 read event=4252 count=4096 submitted=17416192
t=12416314 read event=4253 count=4096 submitted=17420288
t=12419066 read event=4254 count=4096 submitted=17424384
t=12421816 read event=4255 count=4096 submitted=17428480
t=12424766 read event=4256 count=4096 submitted=17432576
t=12427584 read event=4257 count=4096 submitted=17436672
t=12430328 read event=4258 count=4096 submitted=17440768
t=12433076 read event=4259 count=4096 submitted=17444864
t=12436017 read event=4260 count=4096 submitted=17448960
t=12438834 read event=4261 count=4096 submitted=17453056
t=12441583 read event=4262 count=4096 submitted=17457152
t=12444324 read event=4263 count=4096 submitted=17461248
t=12447296 read event=4264 count=4096 submitted=17465344
t=12450118 read event=4265 count=4096 submitted=17469440
t=12452870 read event=4266 count=4096 submitted=17473536
t=12455620 read event=4267 count=4096 submitted=17477632
t=12458564 read event=4268 count=4096 submitted=17481728
t=12461378 read event=4269 count=4096 submitted=17485824
t=12464132 read event=4270 count=4096 submitted=17489920
t=12466880 read event=4271 count=4096 submitted=17494016
t=12469835 read event=4272 count=4096 submitted=17498112
t=12472657 read event=4273 count=4096 submitted=17502208
t=12475400 read event=4274 count=4096 submitted=17506304
t=12478149 read event=4275 count=4096 submitted=17510400
t=12481106 read event=4276 count=4096 submitted=17514496
t=12483937 read event=4277 count=4096 submitted=17518592
t=12486688 read event=4278 count=4096 submitted=17522688
t=12489432 read event=4279 count=4096 submitted=17526784
t=12492383 read event=4280 count=4096 submitted=17530880
t=12495205 read event=4281 count=4096 submitted=17534976
t=12497958 read event=4282 count=4096 submitted=17539072
t=12500708 read event=4283 count=4096 submitted=17543168
t=12503652 read event=4284 count=4096 submitted=17547264
t=12506466 read event=4285 count=4096 submitted=17551360
t=12509217 read event=4286 count=4096 submitted=17555456
t=12512005 read event=4287 count=4096 submitted=17559552
t=12514962 read event=4288 count=4096 submitted=17563648
t=12517786 read event=4289 count=4096 submitted=17567744
t=12520534 read event=4290 count=4096 submitted=17571840
t=12523276 read event=4291 count=4096 submitted=17575936
t=12526260 read event=4292 count=4096 submitted=17580032
t=12529089 read event=4293 count=4096 submitted=17584128
t=12531840 read event=4294 count=4096 submitted=17588224
t=12534589 read event=4295 count=4096 submitted=17592320
t=12537536 read event=4296 count=4096 submitted=17596416
t=12540349 read event=4297 count=4096 submitted=17600512
t=12543099 read event=4298 count=4096 submitted=17604608
t=12545849 read event=4299 count=4096 submitted=17608704
t=12548794 read event=4300 count=4096 submitted=17612800
t=12551610 read event=4301 count=4096 submitted=17616896
t=12554358 read event=4302 count=4096 submitted=17620992
t=12557102 read event=4303 count=4096 submitted=17625088
t=12560053 read event=4304 count=4096 submitted=17629184
t=12562869 read event=4305 count=4096 submitted=17633280
t=12565618 read event=4306 count=4096 submitted=17637376
t=12568358 read event=4307 count=4096 submitted=17641472
t=12571327 read event=4308 count=4096 submitted=17645568
t=12574147 read event=4309 count=4096 submitted=17649664
t=12576948 read event=4310 count=4096 submitted=17653760
t=12579702 read event=4311 count=4096 submitted=17657856
t=12582661 read event=4312 count=4096 submitted=17661952
t=12585485 read event=4313 count=4096 submitted=17666048
t=12588241 read event=4314 count=4096 submitted=17670144
t=12590989 read event=4315 count=4096 submitted=17674240
t=12593933 read event=4316 count=4096 submitted=17678336
t=12596753 read event=4317 count=4096 submitted=17682432
t=12599498 read event=4318 count=4096 submitted=17686528
t=12602250 read event=4319 count=4096 submitted=17690624
t=12605202 read event=4320 count=4096 submitted=17694720
t=12608025 read event=4321 count=4096 submitted=17698816
t=12610775 read event=4322 count=4096 submitted=17702912
t=12613522 read event=4323 count=4096 submitted=17707008
t=12616470 read event=4324 count=4096 submitted=17711104
t=12619294 read event=4325 count=4096 submitted=17715200
t=12622045 read event=4326 count=4096 submitted=17719296
t=12624792 read event=4327 count=4096 submitted=17723392
t=12627734 read event=4328 count=4096 submitted=17727488
t=12630550 read event=4329 count=4096 submitted=17731584
t=12633295 read event=4330 count=4096 submitted=17735680
t=12636044 read event=4331 count=4096 submitted=17739776
t=12638993 read event=4332 count=4096 submitted=17743872
t=12641811 read event=4333 count=4096 submitted=17747968
t=12644561 read event=4334 count=4096 submitted=17752064
t=12647304 read event=4335 count=4096 submitted=17756160
t=12650274 read event=4336 count=4096 submitted=17760256
t=12653091 read event=4337 count=4096 submitted=17764352
t=12655845 read event=4338 count=4096 submitted=17768448
t=12658598 read event=4339 count=4096 submitted=17772544
t=12661543 read event=4340 count=4096 submitted=17776640
t=12664354 read event=4341 count=4096 submitted=17780736
t=12667105 read event=4342 count=4096 submitted=17784832
t=12669855 read event=4343 count=4096 submitted=17788928
t=12672799 read event=4344 count=4096 submitted=17793024
t=12675618 read event=4345 count=4096 submitted=17797120
t=12678363 read event=4346 count=4096 submitted=17801216
t=12681110 read event=4347 count=4096 submitted=17805312
t=12684068 read event=4348 count=4096 submitted=17809408
t=12686882 read event=4349 count=4096 submitted=17813504
t=12689638 read event=4350 count=4096 submitted=17817600
t=12692378 read event=4351 count=4096 submitted=17821696
t=12695347 read event=4352 count=4096 submitted=17825792
t=12698170 read event=4353 count=4096 submitted=17829888
t=12700920 read event=4354 count=4096 submitted=17833984
t=12703669 read event=4355 count=4096 submitted=17838080
t=12706612 read event=4356 count=4096 submitted=17842176
t=12709430 read event=4357 count=4096 submitted=17846272
t=12712180 read event=4358 count=4096 submitted=17850368
t=12714929 read event=4359 count=4096 submitted=17854464
t=12717876 read event=4360 count=4096 submitted=17858560
t=12720693 read event=4361 count=4096 submitted=17862656
t=12723440 read event=4362 count=4096 submitted=17866752
t=12726210 read event=4363 count=4096 submitted=17870848
t=12729164 read event=4364 count=4096 submitted=17874944
t=12731982 read event=4365 count=4096 submitted=17879040
t=12734733 read event=4366 count=4096 submitted=17883136
t=12737478 read event=4367 count=4096 submitted=17887232
t=12740446 read event=4368 count=4096 submitted=17891328
t=12743274 read event=4369 count=4096 submitted=17895424
t=12746027 read event=4370 count=4096 submitted=17899520
t=12748772 read event=4371 count=4096 submitted=17903616
t=12751717 read event=4372 count=4096 submitted=17907712
t=12754536 read event=4373 count=4096 submitted=17911808
t=12757278 read event=4374 count=4096 submitted=17915904
t=12760025 read event=4375 count=4096 submitted=17920000
t=12762967 read event=4376 count=4096 submitted=17924096
t=12765783 read event=4377 count=4096 submitted=17928192
t=12768538 read event=4378 count=4096 submitted=17932288
t=12771277 read event=4379 count=4096 submitted=17936384
t=12774226 read event=4380 count=4096 submitted=17940480
t=12777043 read event=4381 count=4096 submitted=17944576
t=12779795 read event=4382 count=4096 submitted=17948672
t=12782601 read event=4383 count=4096 submitted=17952768
t=12785576 read event=4384 count=4096 submitted=17956864
t=12788393 read event=4385 count=4096 submitted=17960960
t=12791143 read event=4386 count=4096 submitted=17965056
t=12793893 read event=4387 count=4096 submitted=17969152
t=12796838 read event=4388 count=4096 submitted=17973248
t=12799661 read event=4389 count=4096 submitted=17977344
t=12802400 read event=4390 count=4096 submitted=17981440
t=12805148 read event=4391 count=4096 submitted=17985536
t=12808088 read event=4392 count=4096 submitted=17989632
t=12810912 read event=4393 count=4096 submitted=17993728
t=12813666 read event=4394 count=4096 submitted=17997824
t=12816408 read event=4395 count=4096 submitted=18001920
t=12819375 read event=4396 count=4096 submitted=18006016
t=12822192 read event=4397 count=4096 submitted=18010112
t=12824943 read event=4398 count=4096 submitted=18014208
t=12827693 read event=4399 count=4096 submitted=18018304
t=12830645 read event=4400 count=4096 submitted=18022400
t=12833468 read event=4401 count=4096 submitted=18026496
t=12836223 read event=4402 count=4096 submitted=18030592
t=12838970 read event=4403 count=4096 submitted=18034688
t=12841916 read event=4404 count=4096 submitted=18038784
t=12844737 read event=4405 count=4096 submitted=18042880
t=12847481 read event=4406 count=4096 submitted=18046976
t=12850235 read event=4407 count=4096 submitted=18051072
t=12853181 read event=4408 count=4096 submitted=18055168
t=12855999 read event=4409 count=4096 submitted=18059264
t=12858751 read event=4410 count=4096 submitted=18063360
t=12861496 read event=4411 count=4096 submitted=18067456
t=12864459 read event=4412 count=4096 submitted=18071552
t=12867286 read event=4413 count=4096 submitted=18075648
t=12870039 read event=4414 count=4096 submitted=18079744
t=12872785 read event=4415 count=4096 submitted=18083840
t=12875738 read event=4416 count=4096 submitted=18087936
t=12878571 read event=4417 count=4096 submitted=18092032
t=12881317 read event=4418 count=4096 submitted=18096128
t=12884076 read event=4419 count=4096 submitted=18100224
t=12887021 read event=4420 count=4096 submitted=18104320
t=12889845 read event=4421 count=4096 submitted=18108416
t=12892593 read event=4422 count=4096 submitted=18112512
t=12895337 read event=4423 count=4096 submitted=18116608
t=12898288 read event=4424 count=4096 submitted=18120704
t=12901107 read event=4425 count=4096 submitted=18124800
t=12903858 read event=4426 count=4096 submitted=18128896
t=12906603 read event=4427 count=4096 submitted=18132992
t=12909562 read event=4428 count=4096 submitted=18137088
t=12912379 read event=4429 count=4096 submitted=18141184
t=12915131 read event=4430 count=4096 submitted=18145280
t=12917881 read event=4431 count=4096 submitted=18149376
t=12920829 read event=4432 count=4096 submitted=18153472
t=12923654 read event=4433 count=4096 submitted=18157568
t=12926394 read event=4434 count=4096 submitted=18161664
t=12929162 read event=4435 count=4096 submitted=18165760
t=12932106 read event=4436 count=4096 submitted=18169856
t=12934927 read event=4437 count=4096 submitted=18173952
t=12937685 read event=4438 count=4096 submitted=18178048
t=12940428 read event=4439 count=4096 submitted=18182144
t=12943380 read event=4440 count=4096 submitted=18186240
t=12946200 read event=4441 count=4096 submitted=18190336
t=12948956 read event=4442 count=4096 submitted=18194432
t=12951715 read event=4443 count=4096 submitted=18198528
t=12954685 read event=4444 count=4096 submitted=18202624
t=12957508 read event=4445 count=4096 submitted=18206720
t=12960272 read event=4446 count=4096 submitted=18210816
t=12963027 read event=4447 count=4096 submitted=18214912
t=12965985 read event=4448 count=4096 submitted=18219008
t=12968816 read event=4449 count=4096 submitted=18223104
t=12971572 read event=4450 count=4096 submitted=18227200
t=12974315 read event=4451 count=4096 submitted=18231296
t=12977266 read event=4452 count=4096 submitted=18235392
t=12980090 read event=4453 count=4096 submitted=18239488
t=12982848 read event=4454 count=4096 submitted=18243584
t=12985601 read event=4455 count=4096 submitted=18247680
t=12988559 read event=4456 count=4096 submitted=18251776
t=12991424 read event=4457 count=4096 submitted=18255872
t=12994181 read event=4458 count=4096 submitted=18259968
t=12996928 read event=4459 count=4096 submitted=18264064
t=12999887 read event=4460 count=4096 submitted=18268160
t=13002706 read event=4461 count=4096 submitted=18272256
t=13005452 read event=4462 count=4096 submitted=18276352
t=13008199 read event=4463 count=4096 submitted=18280448
t=13011150 read event=4464 count=4096 submitted=18284544
t=13013979 read event=4465 count=4096 submitted=18288640
t=13016730 read event=4466 count=4096 submitted=18292736
t=13019472 read event=4467 count=4096 submitted=18296832
t=13022424 read event=4468 count=4096 submitted=18300928
t=13025249 read event=4469 count=4096 submitted=18305024
t=13027997 read event=4470 count=4096 submitted=18309120
t=13030745 read event=4471 count=4096 submitted=18313216
t=13033706 read event=4472 count=4096 submitted=18317312
t=13036525 read event=4473 count=4096 submitted=18321408
t=13039272 read event=4474 count=4096 submitted=18325504
t=13042020 read event=4475 count=4096 submitted=18329600
t=13044970 read event=4476 count=4096 submitted=18333696
t=13047785 read event=4477 count=4096 submitted=18337792
t=13050536 read event=4478 count=4096 submitted=18341888
t=13053276 read event=4479 count=4096 submitted=18345984
t=13056226 read event=4480 count=4096 submitted=18350080
t=13059046 read event=4481 count=4096 submitted=18354176
t=13061797 read event=4482 count=4096 submitted=18358272
t=13064544 read event=4483 count=4096 submitted=18362368
t=13067485 read event=4484 count=4096 submitted=18366464
t=13070308 read event=4485 count=4096 submitted=18370560
t=13073060 read event=4486 count=4096 submitted=18374656
t=13075811 read event=4487 count=4096 submitted=18378752
t=13078768 read event=4488 count=4096 submitted=18382848
t=13081589 read event=4489 count=4096 submitted=18386944
t=13084342 read event=4490 count=4096 submitted=18391040
t=13087093 read event=4491 count=4096 submitted=18395136
t=13090045 read event=4492 count=4096 submitted=18399232
t=13092860 read event=4493 count=4096 submitted=18403328
t=13095611 read event=4494 count=4096 submitted=18407424
t=13098353 read event=4495 count=4096 submitted=18411520
t=13101315 read event=4496 count=4096 submitted=18415616
t=13104134 read event=4497 count=4096 submitted=18419712
t=13106882 read event=4498 count=4096 submitted=18423808
t=13109631 read event=4499 count=4096 submitted=18427904
t=13112578 read event=4500 count=4096 submitted=18432000
t=13115398 read event=4501 count=4096 submitted=18436096
t=13118146 read event=4502 count=4096 submitted=18440192
t=13120891 read event=4503 count=4096 submitted=18444288
t=13123851 read event=4504 count=4096 submitted=18448384
t=13126665 read event=4505 count=4096 submitted=18452480
t=13129412 read event=4506 count=4096 submitted=18456576
t=13132197 read event=4507 count=4096 submitted=18460672
t=13135150 read event=4508 count=4096 submitted=18464768
t=13137971 read event=4509 count=4096 submitted=18468864
t=13140723 read event=4510 count=4096 submitted=18472960
t=13143469 read event=4511 count=4096 submitted=18477056
t=13146421 read event=4512 count=4096 submitted=18481152
t=13149246 read event=4513 count=4096 submitted=18485248
t=13152014 read event=4514 count=4096 submitted=18489344
t=13154763 read event=4515 count=4096 submitted=18493440
t=13157706 read event=4516 count=4096 submitted=18497536
t=13160527 read event=4517 count=4096 submitted=18501632
t=13163272 read event=4518 count=4096 submitted=18505728
t=13166024 read event=4519 count=4096 submitted=18509824
t=13168971 read event=4520 count=4096 submitted=18513920
t=13171789 read event=4521 count=4096 submitted=18518016
t=13174540 read event=4522 count=4096 submitted=18522112
t=13177282 read event=4523 count=4096 submitted=18526208
t=13180237 read event=4524 count=4096 submitted=18530304
t=13183063 read event=4525 count=4096 submitted=18534400
t=13185818 read event=4526 count=4096 submitted=18538496
t=13188565 read event=4527 count=4096 submitted=18542592
t=13191530 read event=4528 count=4096 submitted=18546688
t=13194342 read event=4529 count=4096 submitted=18550784
t=13197094 read event=4530 count=4096 submitted=18554880
t=13199894 read event=4531 count=4096 submitted=18558976
t=13202844 read event=4532 count=4096 submitted=18563072
t=13205670 read event=4533 count=4096 submitted=18567168
t=13208414 read event=4534 count=4096 submitted=18571264
t=13211162 read event=4535 count=4096 submitted=18575360
t=13214107 read event=4536 count=4096 submitted=18579456
t=13216931 read event=4537 count=4096 submitted=18583552
t=13219689 read event=4538 count=4096 submitted=18587648
t=13222429 read event=4539 count=4096 submitted=18591744
t=13225391 read event=4540 count=4096 submitted=18595840
t=13228209 read event=4541 count=4096 submitted=18599936
t=13230961 read event=4542 count=4096 submitted=18604032
t=13233707 read event=4543 count=4096 submitted=18608128
t=13236669 read event=4544 count=4096 submitted=18612224
t=13239485 read event=4545 count=4096 submitted=18616320
t=13242237 read event=4546 count=4096 submitted=18620416
t=13244987 read event=4547 count=4096 submitted=18624512
t=13247933 read event=4548 count=4096 submitted=18628608
t=13250749 read event=4549 count=4096 submitted=18632704
t=13253493 read event=4550 count=4096 submitted=18636800
t=13256245 read event=4551 count=4096 submitted=18640896
t=13259186 read event=4552 count=4096 submitted=18644992
t=13262006 read event=4553 count=4096 submitted=18649088
t=13264757 read event=4554 count=4096 submitted=18653184
t=13267502 read event=4555 count=4096 submitted=18657280
t=13270451 read event=4556 count=4096 submitted=18661376
t=13273271 read event=4557 count=4096 submitted=18665472
t=13276021 read event=4558 count=4096 submitted=18669568
t=13278772 read event=4559 count=4096 submitted=18673664
t=13281735 read event=4560 count=4096 submitted=18677760
t=13284568 read event=4561 count=4096 submitted=18681856
t=13287312 read event=4562 count=4096 submitted=18685952
t=13290058 read event=4563 count=4096 submitted=18690048
t=13293004 read event=4564 count=4096 submitted=18694144
t=13295826 read event=4565 count=4096 submitted=18698240
t=13298573 read event=4566 count=4096 submitted=18702336
t=13301318 read event=4567 count=4096 submitted=18706432
t=13304269 read event=4568 count=4096 submitted=18710528
t=13307083 read event=4569 count=4096 submitted=18714624
t=13309834 read event=4570 count=4096 submitted=18718720
t=13312580 read event=4571 count=4096 submitted=18722816
t=13315541 read event=4572 count=4096 submitted=18726912
t=13318362 read event=4573 count=4096 submitted=18731008
t=13321118 read event=4574 count=4096 submitted=18735104
t=13324078 read event=4575 count=4096 submitted=18739200
t=13327340 read event=4576 count=4096 submitted=18743296
t=13330592 read event=4577 count=4096 submitted=18747392
t=13333692 read event=4578 count=4096 submitted=18751488
t=13336728 read event=4579 count=4096 submitted=18755584
t=13339929 read event=4580 count=4096 submitted=18759680
t=13342829 read event=4581 count=4096 submitted=18763776
t=13345592 read event=4582 count=4096 submitted=18767872
t=13348339 read event=4583 count=4096 submitted=18771968
t=13351308 read event=4584 count=4096 submitted=18776064
t=13354138 read event=4585 count=4096 submitted=18780160
t=13356891 read event=4586 count=4096 submitted=18784256
t=13359640 read event=4587 count=4096 submitted=18788352
t=13362606 read event=4588 count=4096 submitted=18792448
t=13365423 read event=4589 count=4096 submitted=18796544
t=13368178 read event=4590 count=4096 submitted=18800640
t=13370929 read event=4591 count=4096 submitted=18804736
t=13373881 read event=4592 count=4096 submitted=18808832
t=13376705 read event=4593 count=4096 submitted=18812928
t=13379453 read event=4594 count=4096 submitted=18817024
t=13382199 read event=4595 count=4096 submitted=18821120
t=13385159 read event=4596 count=4096 submitted=18825216
t=13387998 read event=4597 count=4096 submitted=18829312
t=13390749 read event=4598 count=4096 submitted=18833408
t=13393491 read event=4599 count=4096 submitted=18837504
t=13396441 read event=4600 count=4096 submitted=18841600
t=13399450 read event=4601 count=4096 submitted=18845696
t=13402233 read event=4602 count=4096 submitted=18849792
t=13404990 read event=4603 count=4096 submitted=18853888
t=13408015 read event=4604 count=4096 submitted=18857984
t=13410854 read event=4605 count=4096 submitted=18862080
t=13413614 read event=4606 count=4096 submitted=18866176
t=13416359 read event=4607 count=4096 submitted=18870272
t=13419318 read event=4608 count=4096 submitted=18874368
t=13422146 read event=4609 count=4096 submitted=18878464
t=13424897 read event=4610 count=4096 submitted=18882560
t=13427645 read event=4611 count=4096 submitted=18886656
t=13430587 read event=4612 count=4096 submitted=18890752
t=13433407 read event=4613 count=4096 submitted=18894848
t=13436160 read event=4614 count=4096 submitted=18898944
t=13438907 read event=4615 count=4096 submitted=18903040
t=13441853 read event=4616 count=4096 submitted=18907136
t=13444668 read event=4617 count=4096 submitted=18911232
t=13447413 read event=4618 count=4096 submitted=18915328
t=13450158 read event=4619 count=4096 submitted=18919424
t=13453120 read event=4620 count=4096 submitted=18923520
t=13455938 read event=4621 count=4096 submitted=18927616
t=13458690 read event=4622 count=4096 submitted=18931712
t=13461433 read event=4623 count=4096 submitted=18935808
t=13464389 read event=4624 count=4096 submitted=18939904
t=13467210 read event=4625 count=4096 submitted=18944000
t=13469961 read event=4626 count=4096 submitted=18948096
t=13472710 read event=4627 count=4096 submitted=18952192
t=13475657 read event=4628 count=4096 submitted=18956288
t=13478472 read event=4629 count=4096 submitted=18960384
t=13481231 read event=4630 count=4096 submitted=18964480
t=13483991 read event=4631 count=4096 submitted=18968576
t=13486953 read event=4632 count=4096 submitted=18972672
t=13489776 read event=4633 count=4096 submitted=18976768
t=13492526 read event=4634 count=4096 submitted=18980864
t=13495269 read event=4635 count=4096 submitted=18984960
t=13498217 read event=4636 count=4096 submitted=18989056
t=13501034 read event=4637 count=4096 submitted=18993152
t=13503786 read event=4638 count=4096 submitted=18997248
t=13506532 read event=4639 count=4096 submitted=19001344
t=13509472 read event=4640 count=4096 submitted=19005440
t=13512294 read event=4641 count=4096 submitted=19009536
t=13515044 read event=4642 count=4096 submitted=19013632
t=13517794 read event=4643 count=4096 submitted=19017728
t=13520736 read event=4644 count=4096 submitted=19021824
t=13523560 read event=4645 count=4096 submitted=19025920
t=13526300 read event=4646 count=4096 submitted=19030016
t=13529048 read event=4647 count=4096 submitted=19034112
t=13532004 read event=4648 count=4096 submitted=19038208
t=13534840 read event=4649 count=4096 submitted=19042304
t=13537599 read event=4650 count=4096 submitted=19046400
t=13540360 read event=4651 count=4096 submitted=19050496
t=13543327 read event=4652 count=4096 submitted=19054592
t=13546156 read event=4653 count=4096 submitted=19058688
t=13548910 read event=4654 count=4096 submitted=19062784
t=13551661 read event=4655 count=4096 submitted=19066880
t=13554610 read event=4656 count=4096 submitted=19070976
t=13557427 read event=4657 count=4096 submitted=19075072
t=13560176 read event=4658 count=4096 submitted=19079168
t=13562922 read event=4659 count=4096 submitted=19083264
t=13565864 read event=4660 count=4096 submitted=19087360
t=13568685 read event=4661 count=4096 submitted=19091456
t=13571430 read event=4662 count=4096 submitted=19095552
t=13574181 read event=4663 count=4096 submitted=19099648
t=13577140 read event=4664 count=4096 submitted=19103744
t=13579956 read event=4665 count=4096 submitted=19107840
t=13582717 read event=4666 count=4096 submitted=19111936
t=13585462 read event=4667 count=4096 submitted=19116032
t=13588417 read event=4668 count=4096 submitted=19120128
t=13591241 read event=4669 count=4096 submitted=19124224
t=13593993 read event=4670 count=4096 submitted=19128320
t=13596741 read event=4671 count=4096 submitted=19132416
t=13599688 read event=4672 count=4096 submitted=19136512
t=13602499 read event=4673 count=4096 submitted=19140608
t=13605252 read event=4674 count=4096 submitted=19144704
t=13607999 read event=4675 count=4096 submitted=19148800
t=13610941 read event=4676 count=4096 submitted=19152896
t=13613804 read event=4677 count=4096 submitted=19156992
t=13616558 read event=4678 count=4096 submitted=19161088
t=13619305 read event=4679 count=4096 submitted=19165184
t=13622277 read event=4680 count=4096 submitted=19169280
t=13625104 read event=4681 count=4096 submitted=19173376
t=13627858 read event=4682 count=4096 submitted=19177472
t=13630604 read event=4683 count=4096 submitted=19181568
t=13633553 read event=4684 count=4096 submitted=19185664
t=13636360 read event=4685 count=4096 submitted=19189760
t=13639113 read event=4686 count=4096 submitted=19193856
t=13641862 read event=4687 count=4096 submitted=19197952
t=13644806 read event=4688 count=4096 submitted=19202048
t=13647629 read event=4689 count=4096 submitted=19206144
t=13650375 read event=4690 count=4096 submitted=19210240
t=13653123 read event=4691 count=4096 submitted=19214336
t=13656082 read event=4692 count=4096 submitted=19218432
t=13658903 read event=4693 count=4096 submitted=19222528
t=13661652 read event=4694 count=4096 submitted=19226624
t=13664395 read event=4695 count=4096 submitted=19230720
t=13667350 read event=4696 count=4096 submitted=19234816
t=13670170 read event=4697 count=4096 submitted=19238912
t=13672920 read event=4698 count=4096 submitted=19243008
t=13675670 read event=4699 count=4096 submitted=19247104
t=13678618 read event=4700 count=4096 submitted=19251200
t=13681430 read event=4701 count=4096 submitted=19255296
t=13684193 read event=4702 count=4096 submitted=19259392
t=13686939 read event=4703 count=4096 submitted=19263488
t=13689888 read event=4704 count=4096 submitted=19267584
t=13692704 read event=4705 count=4096 submitted=19271680
t=13695449 read event=4706 count=4096 submitted=19275776
t=13698199 read event=4707 count=4096 submitted=19279872
t=13701156 read event=4708 count=4096 submitted=19283968
t=13703973 read event=4709 count=4096 submitted=19288064
t=13706723 read event=4710 count=4096 submitted=19292160
t=13709466 read event=4711 count=4096 submitted=19296256
t=13712416 read event=4712 count=4096 submitted=19300352
t=13715242 read event=4713 count=4096 submitted=19304448
t=13717998 read event=4714 count=4096 submitted=19308544
t=13720746 read event=4715 count=4096 submitted=19312640
t=13723695 read event=4716 count=4096 submitted=19316736
t=13726513 read event=4717 count=4096 submitted=19320832
t=13729267 read event=4718 count=4096 submitted=19324928
t=13732014 read event=4719 count=4096 submitted=19329024
t=13734961 read event=4720 count=4096 submitted=19333120
t=13737783 read event=4721 count=4096 submitted=19337216
t=13740536 read event=4722 count=4096 submitted=19341312
t=13743304 read event=4723 count=4096 submitted=19345408
t=13746269 read event=4724 count=4096 submitted=19349504
t=13749093 read event=4725 count=4096 submitted=19353600
t=13751848 read event=4726 count=4096 submitted=19357696
t=13754599 read event=4727 count=4096 submitted=19361792
t=13757548 read event=4728 count=4096 submitted=19365888
t=13760356 read event=4729 count=4096 submitted=19369984
t=13763107 read event=4730 count=4096 submitted=19374080
t=13765859 read event=4731 count=4096 submitted=19378176
t=13768810 read event=4732 count=4096 submitted=19382272
t=13771629 read event=4733 count=4096 submitted=19386368
t=13774368 read event=4734 count=4096 submitted=19390464
t=13777117 read event=4735 count=4096 submitted=19394560
t=13780062 read event=4736 count=4096 submitted=19398656
t=13782892 read event=4737 count=4096 submitted=19402752
t=13785645 read event=4738 count=4096 submitted=19406848
t=13788386 read event=4739 count=4096 submitted=19410944
t=13791352 read event=4740 count=4096 submitted=19415040
t=13794171 read event=4741 count=4096 submitted=19419136
t=13796919 read event=4742 count=4096 submitted=19423232
t=13799671 read event=4743 count=4096 submitted=19427328
t=13802619 read event=4744 count=4096 submitted=19431424
t=13805427 read event=4745 count=4096 submitted=19435520
t=13808177 read event=4746 count=4096 submitted=19439616
t=13810922 read event=4747 count=4096 submitted=19443712
t=13813870 read event=4748 count=4096 submitted=19447808
t=13816686 read event=4749 count=4096 submitted=19451904
t=13819432 read event=4750 count=4096 submitted=19456000
t=13822178 read event=4751 count=4096 submitted=19460096
t=13825194 read event=4752 count=4096 submitted=19464192
t=13828031 read event=4753 count=4096 submitted=19468288
t=13830783 read event=4754 count=4096 submitted=19472384
t=13833534 read event=4755 count=4096 submitted=19476480
t=13836468 read event=4756 count=4096 submitted=19480576
t=13839296 read event=4757 count=4096 submitted=19484672
t=13842044 read event=4758 count=4096 submitted=19488768
t=13844792 read event=4759 count=4096 submitted=19492864
t=13847743 read event=4760 count=4096 submitted=19496960
t=13850560 read event=4761 count=4096 submitted=19501056
t=13853305 read event=4762 count=4096 submitted=19505152
t=13856053 read event=4763 count=4096 submitted=19509248
t=13859006 read event=4764 count=4096 submitted=19513344
t=13861834 read event=4765 count=4096 submitted=19517440
t=13864585 read event=4766 count=4096 submitted=19521536
t=13867331 read event=4767 count=4096 submitted=19525632
t=13870301 read event=4768 count=4096 submitted=19529728
t=13873124 read event=4769 count=4096 submitted=19533824
t=13875873 read event=4770 count=4096 submitted=19537920
t=13878619 read event=4771 count=4096 submitted=19542016
t=13881564 read event=4772 count=4096 submitted=19546112
t=13884388 read event=4773 count=4096 submitted=19550208
t=13887138 read event=4774 count=4096 submitted=19554304
t=13889887 read event=4775 count=4096 submitted=19558400
t=13892835 read event=4776 count=4096 submitted=19562496
t=13895673 read event=4777 count=4096 submitted=19566592
t=13898419 read event=4778 count=4096 submitted=19570688
t=13901168 read event=4779 count=4096 submitted=19574784
t=13904113 read event=4780 count=4096 submitted=19578880
t=13906929 read event=4781 count=4096 submitted=19582976
t=13909681 read event=4782 count=4096 submitted=19587072
t=13912421 read event=4783 count=4096 submitted=19591168
t=13915389 read event=4784 count=4096 submitted=19595264
t=13918213 read event=4785 count=4096 submitted=19599360
t=13920965 read event=4786 count=4096 submitted=19603456
t=13923717 read event=4787 count=4096 submitted=19607552
t=13926656 read event=4788 count=4096 submitted=19611648
t=13929481 read event=4789 count=4096 submitted=19615744
t=13932239 read event=4790 count=4096 submitted=19619840
t=13934990 read event=4791 count=4096 submitted=19623936
t=13937940 read event=4792 count=4096 submitted=19628032
t=13940758 read event=4793 count=4096 submitted=19632128
t=13943504 read event=4794 count=4096 submitted=19636224
t=13946271 read event=4795 count=4096 submitted=19640320
t=13949222 read event=4796 count=4096 submitted=19644416
t=13952060 read event=4797 count=4096 submitted=19648512
t=13954817 read event=4798 count=4096 submitted=19652608
t=13957567 read event=4799 count=4096 submitted=19656704
t=13960529 read event=4800 count=4096 submitted=19660800
t=13963351 read event=4801 count=4096 submitted=19664896
t=13966105 read event=4802 count=4096 submitted=19668992
t=13968853 read event=4803 count=4096 submitted=19673088
t=13971799 read event=4804 count=4096 submitted=19677184
t=13974621 read event=4805 count=4096 submitted=19681280
t=13977370 read event=4806 count=4096 submitted=19685376
t=13980122 read event=4807 count=4096 submitted=19689472
t=13983082 read event=4808 count=4096 submitted=19693568
t=13985919 read event=4809 count=4096 submitted=19697664
t=13988672 read event=4810 count=4096 submitted=19701760
t=13991415 read event=4811 count=4096 submitted=19705856
t=13994383 read event=4812 count=4096 submitted=19709952
t=13997207 read event=4813 count=4096 submitted=19714048
t=13999962 read event=4814 count=4096 submitted=19718144
t=14002712 read event=4815 count=4096 submitted=19722240
t=14005672 read event=4816 count=4096 submitted=19726336
t=14008488 read event=4817 count=4096 submitted=19730432
t=14011241 read event=4818 count=4096 submitted=19734528
t=14013990 read event=4819 count=4096 submitted=19738624
t=14016931 read event=4820 count=4096 submitted=19742720
t=14019751 read event=4821 count=4096 submitted=19746816
t=14022495 read event=4822 count=4096 submitted=19750912
t=14025245 read event=4823 count=4096 submitted=19755008
t=14028192 read event=4824 count=4096 submitted=19759104
t=14031065 read event=4825 count=4096 submitted=19763200
t=14033821 read event=4826 count=4096 submitted=19767296
t=14036570 read event=4827 count=4096 submitted=19771392
t=14039535 read event=4828 count=4096 submitted=19775488
t=14042352 read event=4829 count=4096 submitted=19779584
t=14045104 read event=4830 count=4096 submitted=19783680
t=14047854 read event=4831 count=4096 submitted=19787776
t=14050799 read event=4832 count=4096 submitted=19791872
t=14053621 read event=4833 count=4096 submitted=19795968
t=14056365 read event=4834 count=4096 submitted=19800064
t=14059114 read event=4835 count=4096 submitted=19804160
t=14062055 read event=4836 count=4096 submitted=19808256
t=14064876 read event=4837 count=4096 submitted=19812352
t=14067628 read event=4838 count=4096 submitted=19816448
t=14070371 read event=4839 count=4096 submitted=19820544
t=14073333 read event=4840 count=4096 submitted=19824640
t=14076153 read event=4841 count=4096 submitted=19828736
t=14078904 read event=4842 count=4096 submitted=19832832
t=14081655 read event=4843 count=4096 submitted=19836928
t=14084626 read event=4844 count=4096 submitted=19841024
t=14087440 read event=4845 count=4096 submitted=19845120
t=14090194 read event=4846 count=4096 submitted=19849216
t=14092941 read event=4847 count=4096 submitted=19853312
t=14095889 read event=4848 count=4096 submitted=19857408
t=14098708 read event=4849 count=4096 submitted=19861504
t=14101454 read event=4850 count=4096 submitted=19865600
t=14104203 read event=4851 count=4096 submitted=19869696
t=14107144 read event=4852 count=4096 submitted=19873792
t=14109966 read event=4853 count=4096 submitted=19877888
t=14112716 read event=4854 count=4096 submitted=19881984
t=14115461 read event=4855 count=4096 submitted=19886080
t=14118411 read event=4856 count=4096 submitted=19890176
t=14121230 read event=4857 count=4096 submitted=19894272
t=14123981 read event=4858 count=4096 submitted=19898368
t=14126729 read event=4859 count=4096 submitted=19902464
t=14129691 read event=4860 count=4096 submitted=19906560
t=14132511 read event=4861 count=4096 submitted=19910656
t=14135262 read event=4862 count=4096 submitted=19914752
t=14138010 read event=4863 count=4096 submitted=19918848
t=14140957 read event=4864 count=4096 submitted=19922944
t=14143780 read event=4865 count=4096 submitted=19927040
t=14146550 read event=4866 count=4096 submitted=19931136
t=14149296 read event=4867 count=4096 submitted=19935232
t=14152260 read event=4868 count=4096 submitted=19939328
t=14155082 read event=4869 count=4096 submitted=19943424
t=14157832 read event=4870 count=4096 submitted=19947520
t=14160578 read event=4871 count=4096 submitted=19951616
t=14163540 read event=4872 count=4096 submitted=19955712
t=14166353 read event=4873 count=4096 submitted=19959808
t=14169106 read event=4874 count=4096 submitted=19963904
t=14171858 read event=4875 count=4096 submitted=19968000
t=14174803 read event=4876 count=4096 submitted=19972096
t=14177619 read event=4877 count=4096 submitted=19976192
t=14180362 read event=4878 count=4096 submitted=19980288
t=14183120 read event=4879 count=4096 submitted=19984384
t=14186069 read event=4880 count=4096 submitted=19988480
t=14188888 read event=4881 count=4096 submitted=19992576
t=14191643 read event=4882 count=4096 submitted=19996672
t=14194385 read event=4883 count=4096 submitted=20000768
t=14197336 read event=4884 count=4096 submitted=20004864
t=14200154 read event=4885 count=4096 submitted=20008960
t=14202902 read event=4886 count=4096 submitted=20013056
t=14205650 read event=4887 count=4096 submitted=20017152
t=14208606 read event=4888 count=4096 submitted=20021248
t=14211416 read event=4889 count=4096 submitted=20025344
t=14214166 read event=4890 count=4096 submitted=20029440
t=14216913 read event=4891 count=4096 submitted=20033536
t=14219858 read event=4892 count=4096 submitted=20037632
t=14222676 read event=4893 count=4096 submitted=20041728
t=14225421 read event=4894 count=4096 submitted=20045824
t=14228167 read event=4895 count=4096 submitted=20049920
t=14231117 read event=4896 count=4096 submitted=20054016
t=14233944 read event=4897 count=4096 submitted=20058112
t=14236693 read event=4898 count=4096 submitted=20062208
t=14239486 read event=4899 count=4096 submitted=20066304
t=14242443 read event=4900 count=4096 submitted=20070400
t=14245272 read event=4901 count=4096 submitted=20074496
t=14248022 read event=4902 count=4096 submitted=20078592
t=14250773 read event=4903 count=4096 submitted=20082688
t=14253734 read event=4904 count=4096 submitted=20086784
t=14256553 read event=4905 count=4096 submitted=20090880
t=14259301 read event=4906 count=4096 submitted=20094976
t=14262045 read event=4907 count=4096 submitted=20099072
t=14264994 read event=4908 count=4096 submitted=20103168
t=14267813 read event=4909 count=4096 submitted=20107264
t=14270561 read event=4910 count=4096 submitted=20111360
t=14273303 read event=4911 count=4096 submitted=20115456
t=14276261 read event=4912 count=4096 submitted=20119552
t=14279084 read event=4913 count=4096 submitted=20123648
t=14281834 read event=4914 count=4096 submitted=20127744
t=14284593 read event=4915 count=4096 submitted=20131840
t=14287539 read event=4916 count=4096 submitted=20135936
t=14290347 read event=4917 count=4096 submitted=20140032
t=14293095 read event=4918 count=4096 submitted=20144128
t=14295847 read event=4919 count=4096 submitted=20148224
t=14298803 read event=4920 count=4096 submitted=20152320
t=14301622 read event=4921 count=4096 submitted=20156416
t=14304367 read event=4922 count=4096 submitted=20160512
t=14307117 read event=4923 count=4096 submitted=20164608
t=14310065 read event=4924 count=4096 submitted=20168704
t=14312882 read event=4925 count=4096 submitted=20172800
t=14315632 read event=4926 count=4096 submitted=20176896
t=14318376 read event=4927 count=4096 submitted=20180992
t=14321329 read event=4928 count=4096 submitted=20185088
t=14324151 read event=4929 count=4096 submitted=20189184
t=14326902 read event=4930 count=4096 submitted=20193280
t=14329654 read event=4931 count=4096 submitted=20197376
t=14332614 read event=4932 count=4096 submitted=20201472
t=14335433 read event=4933 count=4096 submitted=20205568
t=14338180 read event=4934 count=4096 submitted=20209664
t=14340932 read event=4935 count=4096 submitted=20213760
t=14343880 read event=4936 count=4096 submitted=20217856
t=14346694 read event=4937 count=4096 submitted=20221952
t=14349459 read event=4938 count=4096 submitted=20226048
t=14352208 read event=4939 count=4096 submitted=20230144
t=14355157 read event=4940 count=4096 submitted=20234240
t=14357975 read event=4941 count=4096 submitted=20238336
t=14360728 read event=4942 count=4096 submitted=20242432
t=14363473 read event=4943 count=4096 submitted=20246528
t=14366433 read event=4944 count=4096 submitted=20250624
t=14369262 read event=4945 count=4096 submitted=20254720
t=14372014 read event=4946 count=4096 submitted=20258816
t=14374760 read event=4947 count=4096 submitted=20262912
t=14377720 read event=4948 count=4096 submitted=20267008
t=14380538 read event=4949 count=4096 submitted=20271104
t=14383292 read event=4950 count=4096 submitted=20275200
t=14386039 read event=4951 count=4096 submitted=20279296
t=14388987 read event=4952 count=4096 submitted=20283392
t=14391808 read event=4953 count=4096 submitted=20287488
t=14394559 read event=4954 count=4096 submitted=20291584
t=14397303 read event=4955 count=4096 submitted=20295680
t=14400260 read event=4956 count=4096 submitted=20299776
t=14403090 read event=4957 count=4096 submitted=20303872
t=14405845 read event=4958 count=4096 submitted=20307968
t=14408590 read event=4959 count=4096 submitted=20312064
t=14411539 read event=4960 count=4096 submitted=20316160
t=14414353 read event=4961 count=4096 submitted=20320256
t=14417104 read event=4962 count=4096 submitted=20324352
t=14419854 read event=4963 count=4096 submitted=20328448
t=14422812 read event=4964 count=4096 submitted=20332544
t=14425635 read event=4965 count=4096 submitted=20336640
t=14428383 read event=4966 count=4096 submitted=20340736
t=14431128 read event=4967 count=4096 submitted=20344832
t=14434077 read event=4968 count=4096 submitted=20348928
t=14436898 read event=4969 count=4096 submitted=20353024
t=14439648 read event=4970 count=4096 submitted=20357120
t=14442389 read event=4971 count=4096 submitted=20361216
t=14445346 read event=4972 count=4096 submitted=20365312
t=14448215 read event=4973 count=4096 submitted=20369408
t=14450972 read event=4974 count=4096 submitted=20373504
t=14453720 read event=4975 count=4096 submitted=20377600
t=14456665 read event=4976 count=4096 submitted=20381696
t=14459482 read event=4977 count=4096 submitted=20385792
t=14462236 read event=4978 count=4096 submitted=20389888
t=14464984 read event=4979 count=4096 submitted=20393984
t=14467948 read event=4980 count=4096 submitted=20398080
t=14470772 read event=4981 count=4096 submitted=20402176
t=14473526 read event=4982 count=4096 submitted=20406272
t=14476266 read event=4983 count=4096 submitted=20410368
t=14479216 read event=4984 count=4096 submitted=20414464
t=14482036 read event=4985 count=4096 submitted=20418560
t=14484797 read event=4986 count=4096 submitted=20422656
t=14487548 read event=4987 count=4096 submitted=20426752
t=14490488 read event=4988 count=4096 submitted=20430848
t=14493311 read event=4989 count=4096 submitted=20434944
t=14496102 read event=4990 count=4096 submitted=20439040
t=14498854 read event=4991 count=4096 submitted=20443136
t=14501813 read event=4992 count=4096 submitted=20447232
t=14504639 read event=4993 count=4096 submitted=20451328
t=14507386 read event=4994 count=4096 submitted=20455424
t=14510130 read event=4995 count=4096 submitted=20459520
t=14513077 read event=4996 count=4096 submitted=20463616
t=14515899 read event=4997 count=4096 submitted=20467712
t=14518646 read event=4998 count=4096 submitted=20471808
t=14521389 read event=4999 count=4096 submitted=20475904
t=14524346 read event=5000 count=4096 submitted=20480000
t=14527163 read event=5001 count=4096 submitted=20484096
t=14529915 read event=5002 count=4096 submitted=20488192
t=14532660 read event=5003 count=4096 submitted=20492288
t=14535616 read event=5004 count=4096 submitted=20496384
t=14538431 read event=5005 count=4096 submitted=20500480
t=14541181 read event=5006 count=4096 submitted=20504576
t=14543930 read event=5007 count=4096 submitted=20508672
t=14546890 read event=5008 count=4096 submitted=20512768
t=14549709 read event=5009 count=4096 submitted=20516864
t=14552472 read event=5010 count=4096 submitted=20520960
t=14555230 read event=5011 count=4096 submitted=20525056
t=14558183 read event=5012 count=4096 submitted=20529152
t=14561004 read event=5013 count=4096 submitted=20533248
t=14563756 read event=5014 count=4096 submitted=20537344
t=14566497 read event=5015 count=4096 submitted=20541440
t=14569447 read event=5016 count=4096 submitted=20545536
t=14572269 read event=5017 count=4096 submitted=20549632
t=14575018 read event=5018 count=4096 submitted=20553728
t=14577765 read event=5019 count=4096 submitted=20557824
t=14580710 read event=5020 count=4096 submitted=20561920
t=14583541 read event=5021 count=4096 submitted=20566016
t=14586289 read event=5022 count=4096 submitted=20570112
t=14589037 read event=5023 count=4096 submitted=20574208
t=14592000 read event=5024 count=4096 submitted=20578304
t=14594821 read event=5025 count=4096 submitted=20582400
t=14597573 read event=5026 count=4096 submitted=20586496
t=14600315 read event=5027 count=4096 submitted=20590592
t=14603267 read event=5028 count=4096 submitted=20594688
t=14606085 read event=5029 count=4096 submitted=20598784
t=14608833 read event=5030 count=4096 submitted=20602880
t=14611580 read event=5031 count=4096 submitted=20606976
t=14614527 read event=5032 count=4096 submitted=20611072
t=14617340 read event=5033 count=4096 submitted=20615168
t=14620091 read event=5034 count=4096 submitted=20619264
t=14622838 read event=5035 count=4096 submitted=20623360
t=14625786 read event=5036 count=4096 submitted=20627456
t=14628600 read event=5037 count=4096 submitted=20631552
t=14631347 read event=5038 count=4096 submitted=20635648
t=14634093 read event=5039 count=4096 submitted=20639744
t=14637050 read event=5040 count=4096 submitted=20643840
t=14639874 read event=5041 count=4096 submitted=20647936
t=14642628 read event=5042 count=4096 submitted=20652032
t=14645371 read event=5043 count=4096 submitted=20656128
t=14648326 read event=5044 count=4096 submitted=20660224
t=14651140 read event=5045 count=4096 submitted=20664320
t=14653891 read event=5046 count=4096 submitted=20668416
t=14656688 read event=5047 count=4096 submitted=20672512
t=14659647 read event=5048 count=4096 submitted=20676608
t=14662465 read event=5049 count=4096 submitted=20680704
t=14665220 read event=5050 count=4096 submitted=20684800
t=14667972 read event=5051 count=4096 submitted=20688896
t=14670926 read event=5052 count=4096 submitted=20692992
t=14673751 read event=5053 count=4096 submitted=20697088
t=14676496 read event=5054 count=4096 submitted=20701184
t=14679250 read event=5055 count=4096 submitted=20705280
t=14682199 read event=5056 count=4096 submitted=20709376
t=14685032 read event=5057 count=4096 submitted=20713472
t=14687789 read event=5058 count=4096 submitted=20717568
t=14690538 read event=5059 count=4096 submitted=20721664
t=14693480 read event=5060 count=4096 submitted=20725760
t=14696303 read event=5061 count=4096 submitted=20729856
t=14699057 read event=5062 count=4096 submitted=20733952
t=14701809 read event=5063 count=4096 submitted=20738048
t=14704752 read event=5064 count=4096 submitted=20742144
t=14707567 read event=5065 count=4096 submitted=20746240
t=14710309 read event=5066 count=4096 submitted=20750336
t=14713056 read event=5067 count=4096 submitted=20754432
t=14716011 read event=5068 count=4096 submitted=20758528
t=14718832 read event=5069 count=4096 submitted=20762624
t=14721586 read event=5070 count=4096 submitted=20766720
t=14724327 read event=5071 count=4096 submitted=20770816
t=14727281 read event=5072 count=4096 submitted=20774912
t=14730102 read event=5073 count=4096 submitted=20779008
t=14732854 read event=5074 count=4096 submitted=20783104
t=14735603 read event=5075 count=4096 submitted=20787200
t=14738550 read event=5076 count=4096 submitted=20791296
t=14741367 read event=5077 count=4096 submitted=20795392
t=14744115 read event=5078 count=4096 submitted=20799488
t=14746861 read event=5079 count=4096 submitted=20803584
t=14749807 read event=5080 count=4096 submitted=20807680
t=14752624 read event=5081 count=4096 submitted=20811776
t=14755391 read event=5082 count=4096 submitted=20815872
t=14758144 read event=5083 count=4096 submitted=20819968
t=14761105 read event=5084 count=4096 submitted=20824064
t=14763927 read event=5085 count=4096 submitted=20828160
t=14766678 read event=5086 count=4096 submitted=20832256
t=14769423 read event=5087 count=4096 submitted=20836352
t=14772378 read event=5088 count=4096 submitted=20840448
t=14775194 read event=5089 count=4096 submitted=20844544
t=14777944 read event=5090 count=4096 submitted=20848640
t=14780691 read event=5091 count=4096 submitted=20852736
t=14783653 read event=5092 count=4096 submitted=20856832
t=14786467 read event=5093 count=4096 submitted=20860928
t=14789217 read event=5094 count=4096 submitted=20865024
t=14791967 read event=5095 count=4096 submitted=20869120
t=14794916 read event=5096 count=4096 submitted=20873216
t=14797732 read event=5097 count=4096 submitted=20877312
t=14800477 read event=5098 count=4096 submitted=20881408
t=14803232 read event=5099 count=4096 submitted=20885504
t=14806188 read event=5100 count=4096 submitted=20889600
t=14809005 read event=5101 count=4096 submitted=20893696
t=14811759 read event=5102 count=4096 submitted=20897792
t=14814500 read event=5103 count=4096 submitted=20901888
t=14817453 read event=5104 count=4096 submitted=20905984
t=14820273 read event=5105 count=4096 submitted=20910080
t=14823027 read event=5106 count=4096 submitted=20914176
t=14825773 read event=5107 count=4096 submitted=20918272
t=14828721 read event=5108 count=4096 submitted=20922368
t=14831539 read event=5109 count=4096 submitted=20926464
t=14834284 read event=5110 count=4096 submitted=20930560
t=14837030 read event=5111 count=4096 submitted=20934656
t=14839986 read event=5112 count=4096 submitted=20938752
t=14842811 read event=5113 count=4096 submitted=20942848
t=14845561 read event=5114 count=4096 submitted=20946944
t=14848301 read event=5115 count=4096 submitted=20951040
t=14851256 read event=5116 count=4096 submitted=20955136
t=14854073 read event=5117 count=4096 submitted=20959232
t=14856827 read event=5118 count=4096 submitted=20963328
t=14859577 read event=5119 count=4096 submitted=20967424
t=14862579 read event=5120 count=4096 submitted=20971520
t=14865407 read event=5121 count=4096 submitted=20975616
t=14868162 read event=5122 count=4096 submitted=20979712
t=14870912 read event=5123 count=4096 submitted=20983808
t=14873865 read event=5124 count=4096 submitted=20987904
t=14876682 read event=5125 count=4096 submitted=20992000
t=14879433 read event=5126 count=4096 submitted=20996096
t=14882185 read event=5127 count=4096 submitted=21000192
t=14885157 read event=5128 count=4096 submitted=21004288
t=14887980 read event=5129 count=4096 submitted=21008384
t=14890734 read event=5130 count=4096 submitted=21012480
t=14893480 read event=5131 count=4096 submitted=21016576
t=14896438 read event=5132 count=4096 submitted=21020672
t=14899273 read event=5133 count=4096 submitted=21024768
t=14902026 read event=5134 count=4096 submitted=21028864
t=14904774 read event=5135 count=4096 submitted=21032960
t=14907723 read event=5136 count=4096 submitted=21037056
t=14910555 read event=5137 count=4096 submitted=21041152
t=14913301 read event=5138 count=4096 submitted=21045248
t=14916049 read event=5139 count=4096 submitted=21049344
t=14918993 read event=5140 count=4096 submitted=21053440
t=14921811 read event=5141 count=4096 submitted=21057536
t=14924560 read event=5142 count=4096 submitted=21061632
t=14927301 read event=5143 count=4096 submitted=21065728
t=14930269 read event=5144 count=4096 submitted=21069824
t=14933086 read event=5145 count=4096 submitted=21073920
t=14935835 read event=5146 count=4096 submitted=21078016
t=14938582 read event=5147 count=4096 submitted=21082112
t=14941525 read event=5148 count=4096 submitted=21086208
t=14944344 read event=5149 count=4096 submitted=21090304
t=14947098 read event=5150 count=4096 submitted=21094400
t=14949857 read event=5151 count=4096 submitted=21098496
t=14952815 read event=5152 count=4096 submitted=21102592
t=14955653 read event=5153 count=4096 submitted=21106688
t=14958420 read event=5154 count=4096 submitted=21110784
t=14961174 read event=5155 count=4096 submitted=21114880
t=14964124 read event=5156 count=4096 submitted=21118976
t=14966949 read event=5157 count=4096 submitted=21123072
t=14969702 read event=5158 count=4096 submitted=21127168
t=14972447 read event=5159 count=4096 submitted=21131264
t=14975418 read event=5160 count=4096 submitted=21135360
t=14978244 read event=5161 count=4096 submitted=21139456
t=14980993 read event=5162 count=4096 submitted=21143552
t=14983752 read event=5163 count=4096 submitted=21147648
t=14986700 read event=5164 count=4096 submitted=21151744
t=14989526 read event=5165 count=4096 submitted=21155840
t=14992270 read event=5166 count=4096 submitted=21159936
t=14995018 read event=5167 count=4096 submitted=21164032
t=14997969 read event=5168 count=4096 submitted=21168128
t=15000790 read event=5169 count=4096 submitted=21172224
t=15003540 read event=5170 count=4096 submitted=21176320
t=15006282 read event=5171 count=4096 submitted=21180416
t=15009260 read event=5172 count=4096 submitted=21184512
t=15012090 read event=5173 count=4096 submitted=21188608
t=15014840 read event=5174 count=4096 submitted=21192704
t=15017594 read event=5175 count=4096 submitted=21196800
t=15020546 read event=5176 count=4096 submitted=21200896
t=15023361 read event=5177 count=4096 submitted=21204992
t=15026111 read event=5178 count=4096 submitted=21209088
t=15028856 read event=5179 count=4096 submitted=21213184
t=15031801 read event=5180 count=4096 submitted=21217280
t=15034621 read event=5181 count=4096 submitted=21221376
t=15037368 read event=5182 count=4096 submitted=21225472
t=15040115 read event=5183 count=4096 submitted=21229568
t=15043067 read event=5184 count=4096 submitted=21233664
t=15045892 read event=5185 count=4096 submitted=21237760
t=15048642 read event=5186 count=4096 submitted=21241856
t=15051388 read event=5187 count=4096 submitted=21245952
t=15054355 read event=5188 count=4096 submitted=21250048
t=15057171 read event=5189 count=4096 submitted=21254144
t=15059923 read event=5190 count=4096 submitted=21258240
t=15062671 read event=5191 count=4096 submitted=21262336
t=15065619 read event=5192 count=4096 submitted=21266432
t=15068432 read event=5193 count=4096 submitted=21270528
t=15071232 read event=5194 count=4096 submitted=21274624
t=15073985 read event=5195 count=4096 submitted=21278720
t=15076934 read event=5196 count=4096 submitted=21282816
t=15079758 read event=5197 count=4096 submitted=21286912
t=15082503 read event=5198 count=4096 submitted=21291008
t=15085267 read event=5199 count=4096 submitted=21295104
t=15088227 read event=5200 count=4096 submitted=21299200
t=15091051 read event=5201 count=4096 submitted=21303296
t=15093804 read event=5202 count=4096 submitted=21307392
t=15096553 read event=5203 count=4096 submitted=21311488
t=15099506 read event=5204 count=4096 submitted=21315584
t=15102327 read event=5205 count=4096 submitted=21319680
t=15105076 read event=5206 count=4096 submitted=21323776
t=15107828 read event=5207 count=4096 submitted=21327872
t=15110771 read event=5208 count=4096 submitted=21331968
t=15113591 read event=5209 count=4096 submitted=21336064
t=15116349 read event=5210 count=4096 submitted=21340160
t=15119102 read event=5211 count=4096 submitted=21344256
t=15122050 read event=5212 count=4096 submitted=21348352
t=15124882 read event=5213 count=4096 submitted=21352448
t=15127638 read event=5214 count=4096 submitted=21356544
t=15130381 read event=5215 count=4096 submitted=21360640
t=15133340 read event=5216 count=4096 submitted=21364736
t=15136163 read event=5217 count=4096 submitted=21368832
t=15138912 read event=5218 count=4096 submitted=21372928
t=15141661 read event=5219 count=4096 submitted=21377024
t=15144619 read event=5220 count=4096 submitted=21381120
t=15147440 read event=5221 count=4096 submitted=21385216
t=15150189 read event=5222 count=4096 submitted=21389312
t=15152938 read event=5223 count=4096 submitted=21393408
t=15155885 read event=5224 count=4096 submitted=21397504
t=15158700 read event=5225 count=4096 submitted=21401600
t=15161468 read event=5226 count=4096 submitted=21405696
t=15164218 read event=5227 count=4096 submitted=21409792
t=15167172 read event=5228 count=4096 submitted=21413888
t=15169994 read event=5229 count=4096 submitted=21417984
t=15172744 read event=5230 count=4096 submitted=21422080
t=15175488 read event=5231 count=4096 submitted=21426176
t=15178456 read event=5232 count=4096 submitted=21430272
t=15181286 read event=5233 count=4096 submitted=21434368
t=15184048 read event=5234 count=4096 submitted=21438464
t=15186799 read event=5235 count=4096 submitted=21442560
t=15189749 read event=5236 count=4096 submitted=21446656
t=15192567 read event=5237 count=4096 submitted=21450752
t=15195313 read event=5238 count=4096 submitted=21454848
t=15198062 read event=5239 count=4096 submitted=21458944
t=15201007 read event=5240 count=4096 submitted=21463040
t=15203825 read event=5241 count=4096 submitted=21467136
t=15206576 read event=5242 count=4096 submitted=21471232
t=15209320 read event=5243 count=4096 submitted=21475328
t=15212272 read event=5244 count=4096 submitted=21479424
t=15215089 read event=5245 count=4096 submitted=21483520
t=15217842 read event=5246 count=4096 submitted=21487616
t=15220587 read event=5247 count=4096 submitted=21491712
t=15223555 read event=5248 count=4096 submitted=21495808
t=15226369 read event=5249 count=4096 submitted=21499904
t=15229120 read event=5250 count=4096 submitted=21504000
t=15231868 read event=5251 count=4096 submitted=21508096
t=15234813 read event=5252 count=4096 submitted=21512192
t=15237636 read event=5253 count=4096 submitted=21516288
t=15240379 read event=5254 count=4096 submitted=21520384
t=15243127 read event=5255 count=4096 submitted=21524480
t=15246074 read event=5256 count=4096 submitted=21528576
t=15248896 read event=5257 count=4096 submitted=21532672
t=15251650 read event=5258 count=4096 submitted=21536768
t=15254392 read event=5259 count=4096 submitted=21540864
t=15257343 read event=5260 count=4096 submitted=21544960
t=15260165 read event=5261 count=4096 submitted=21549056
t=15262916 read event=5262 count=4096 submitted=21553152
t=15265668 read event=5263 count=4096 submitted=21557248
t=15268632 read event=5264 count=4096 submitted=21561344
t=15271447 read event=5265 count=4096 submitted=21565440
t=15274201 read event=5266 count=4096 submitted=21569536
t=15276946 read event=5267 count=4096 submitted=21573632
t=15279948 read event=5268 count=4096 submitted=21577728
t=15282787 read event=5269 count=4096 submitted=21581824
t=15285543 read event=5270 count=4096 submitted=21585920
t=15288286 read event=5271 count=4096 submitted=21590016
t=15291240 read event=5272 count=4096 submitted=21594112
t=15294058 read event=5273 count=4096 submitted=21598208
t=15296807 read event=5274 count=4096 submitted=21602304
t=15299557 read event=5275 count=4096 submitted=21606400
t=15302495 read event=5276 count=4096 submitted=21610496
t=15305316 read event=5277 count=4096 submitted=21614592
t=15308065 read event=5278 count=4096 submitted=21618688
t=15310811 read event=5279 count=4096 submitted=21622784
t=15313793 read event=5280 count=4096 submitted=21626880
t=15316640 read event=5281 count=4096 submitted=21630976
t=15319393 read event=5282 count=4096 submitted=21635072
t=15322143 read event=5283 count=4096 submitted=21639168
t=15325096 read event=5284 count=4096 submitted=21643264
t=15327916 read event=5285 count=4096 submitted=21647360
t=15330667 read event=5286 count=4096 submitted=21651456
t=15333414 read event=5287 count=4096 submitted=21655552
t=15336366 read event=5288 count=4096 submitted=21659648
t=15339181 read event=5289 count=4096 submitted=21663744
t=15341931 read event=5290 count=4096 submitted=21667840
t=15344677 read event=5291 count=4096 submitted=21671936
t=15347637 read event=5292 count=4096 submitted=21676032
t=15350457 read event=5293 count=4096 submitted=21680128
t=15353209 read event=5294 count=4096 submitted=21684224
t=15355957 read event=5295 count=4096 submitted=21688320
t=15358906 read event=5296 count=4096 submitted=21692416
t=15361725 read event=5297 count=4096 submitted=21696512
t=15364488 read event=5298 count=4096 submitted=21700608
t=15367248 read event=5299 count=4096 submitted=21704704
t=15370195 read event=5300 count=4096 submitted=21708800
t=15373016 read event=5301 count=4096 submitted=21712896
t=15375769 read event=5302 count=4096 submitted=21716992
t=15378510 read event=5303 count=4096 submitted=21721088
t=15381457 read event=5304 count=4096 submitted=21725184
t=15384294 read event=5305 count=4096 submitted=21729280
t=15387046 read event=5306 count=4096 submitted=21733376
t=15389798 read event=5307 count=4096 submitted=21737472
t=15392758 read event=5308 count=4096 submitted=21741568
t=15395581 read event=5309 count=4096 submitted=21745664
t=15398328 read event=5310 count=4096 submitted=21749760
t=15401083 read event=5311 count=4096 submitted=21753856
t=15404036 read event=5312 count=4096 submitted=21757952
t=15406857 read event=5313 count=4096 submitted=21762048
t=15409612 read event=5314 count=4096 submitted=21766144
t=15412353 read event=5315 count=4096 submitted=21770240
t=15415311 read event=5316 count=4096 submitted=21774336
t=15418143 read event=5317 count=4096 submitted=21778432
t=15420892 read event=5318 count=4096 submitted=21782528
t=15423644 read event=5319 count=4096 submitted=21786624
t=15426590 read event=5320 count=4096 submitted=21790720
t=15429403 read event=5321 count=4096 submitted=21794816
t=15432155 read event=5322 count=4096 submitted=21798912
t=15434903 read event=5323 count=4096 submitted=21803008
t=15437860 read event=5324 count=4096 submitted=21807104
t=15440680 read event=5325 count=4096 submitted=21811200
t=15443424 read event=5326 count=4096 submitted=21815296
t=15446171 read event=5327 count=4096 submitted=21819392
t=15449123 read event=5328 count=4096 submitted=21823488
t=15451954 read event=5329 count=4096 submitted=21827584
t=15454702 read event=5330 count=4096 submitted=21831680
t=15457447 read event=5331 count=4096 submitted=21835776
t=15460398 read event=5332 count=4096 submitted=21839872
t=15463220 read event=5333 count=4096 submitted=21843968
t=15465968 read event=5334 count=4096 submitted=21848064
t=15468716 read event=5335 count=4096 submitted=21852160
t=15471662 read event=5336 count=4096 submitted=21856256
t=15474475 read event=5337 count=4096 submitted=21860352
t=15477233 read event=5338 count=4096 submitted=21864448
t=15479979 read event=5339 count=4096 submitted=21868544
t=15482945 read event=5340 count=4096 submitted=21872640
t=15485815 read event=5341 count=4096 submitted=21876736
t=15488572 read event=5342 count=4096 submitted=21880832
t=15491318 read event=5343 count=4096 submitted=21884928
t=15494277 read event=5344 count=4096 submitted=21889024
t=15497107 read event=5345 count=4096 submitted=21893120
t=15499857 read event=5346 count=4096 submitted=21897216
t=15502603 read event=5347 count=4096 submitted=21901312
t=15505553 read event=5348 count=4096 submitted=21905408
t=15508362 read event=5349 count=4096 submitted=21909504
t=15511110 read event=5350 count=4096 submitted=21913600
t=15513860 read event=5351 count=4096 submitted=21917696
t=15516815 read event=5352 count=4096 submitted=21921792
t=15519670 read event=5353 count=4096 submitted=21925888
t=15522416 read event=5354 count=4096 submitted=21929984
t=15525165 read event=5355 count=4096 submitted=21934080
t=15528116 read event=5356 count=4096 submitted=21938176
t=15530938 read event=5357 count=4096 submitted=21942272
t=15533692 read event=5358 count=4096 submitted=21946368
t=15536436 read event=5359 count=4096 submitted=21950464
t=15539395 read event=5360 count=4096 submitted=21954560
t=15542213 read event=5361 count=4096 submitted=21958656
t=15544960 read event=5362 count=4096 submitted=21962752
t=15547710 read event=5363 count=4096 submitted=21966848
t=15550655 read event=5364 count=4096 submitted=21970944
t=15553477 read event=5365 count=4096 submitted=21975040
t=15556232 read event=5366 count=4096 submitted=21979136
t=15558979 read event=5367 count=4096 submitted=21983232
t=15561934 read event=5368 count=4096 submitted=21987328
t=15564777 read event=5369 count=4096 submitted=21991424
t=15567531 read event=5370 count=4096 submitted=21995520
t=15570276 read event=5371 count=4096 submitted=21999616
t=15573223 read event=5372 count=4096 submitted=22003712
t=15576043 read event=5373 count=4096 submitted=22007808
t=15578796 read event=5374 count=4096 submitted=22011904
t=15581544 read event=5375 count=4096 submitted=22016000
t=15584496 read event=5376 count=4096 submitted=22020096
t=15587319 read event=5377 count=4096 submitted=22024192
t=15590071 read event=5378 count=4096 submitted=22028288
t=15592817 read event=5379 count=4096 submitted=22032384
t=15595763 read event=5380 count=4096 submitted=22036480
t=15598579 read event=5381 count=4096 submitted=22040576
t=15601326 read event=5382 count=4096 submitted=22044672
t=15604073 read event=5383 count=4096 submitted=22048768
t=15607028 read event=5384 count=4096 submitted=22052864
t=15609845 read event=5385 count=4096 submitted=22056960
t=15612596 read event=5386 count=4096 submitted=22061056
t=15615341 read event=5387 count=4096 submitted=22065152
t=15618292 read event=5388 count=4096 submitted=22069248
t=15621111 read event=5389 count=4096 submitted=22073344
t=15623863 read event=5390 count=4096 submitted=22077440
t=15626614 read event=5391 count=4096 submitted=22081536
t=15629566 read event=5392 count=4096 submitted=22085632
t=15632379 read event=5393 count=4096 submitted=22089728
t=15635130 read event=5394 count=4096 submitted=22093824
t=15638162 read event=5395 count=4096 submitted=22097920
t=15641104 read event=5396 count=4096 submitted=22102016
t=15643920 read event=5397 count=4096 submitted=22106112
t=15646669 read event=5398 count=4096 submitted=22110208
t=15649413 read event=5399 count=4096 submitted=22114304
t=15652372 read event=5400 count=4096 submitted=22118400
t=15655196 read event=5401 count=4096 submitted=22122496
t=15657948 read event=5402 count=4096 submitted=22126592
t=15660693 read event=5403 count=4096 submitted=22130688
t=15663639 read event=5404 count=4096 submitted=22134784
t=15667094 read event=5405 count=4096 submitted=22138880
t=15672281 read event=5406 count=4096 submitted=22142976
t=15675030 read event=5407 count=4096 submitted=22147072
t=15677984 read event=5408 count=4096 submitted=22151168
t=15680802 read event=5409 count=4096 submitted=22155264
t=15683568 read event=5410 count=4096 submitted=22159360
t=15686313 read event=5411 count=4096 submitted=22163456
t=15689275 read event=5412 count=4096 submitted=22167552
t=15692094 read event=5413 count=4096 submitted=22171648
t=15694892 read event=5414 count=4096 submitted=22175744
t=15697648 read event=5415 count=4096 submitted=22179840
t=15701185 read event=5416 count=4096 submitted=22183936
t=15706373 read event=5417 count=4096 submitted=22188032
t=15709128 read event=5418 count=4096 submitted=22192128
t=15711877 read event=5419 count=4096 submitted=22196224
t=15714825 read event=5420 count=4096 submitted=22200320
t=15717642 read event=5421 count=4096 submitted=22204416
t=15720387 read event=5422 count=4096 submitted=22208512
t=15723138 read event=5423 count=4096 submitted=22212608
t=15726090 read event=5424 count=4096 submitted=22216704
t=15728910 read event=5425 count=4096 submitted=22220800
t=15731666 read event=5426 count=4096 submitted=22224896
t=15735286 read event=5427 count=4096 submitted=22228992
t=15740474 read event=5428 count=4096 submitted=22233088
t=15743298 read event=5429 count=4096 submitted=22237184
t=15746048 read event=5430 count=4096 submitted=22241280
t=15748794 read event=5431 count=4096 submitted=22245376
t=15751737 read event=5432 count=4096 submitted=22249472
t=15754564 read event=5433 count=4096 submitted=22253568
t=15757312 read event=5434 count=4096 submitted=22257664
t=15760060 read event=5435 count=4096 submitted=22261760
t=15763009 read event=5436 count=4096 submitted=22265856
t=15765830 read event=5437 count=4096 submitted=22269952
t=15769027 read event=5438 count=4096 submitted=22274048
t=15774139 read event=5439 count=4096 submitted=22278144
t=15777244 read event=5440 count=4096 submitted=22282240
t=15780088 read event=5441 count=4096 submitted=22286336
t=15782849 read event=5442 count=4096 submitted=22290432
t=15785601 read event=5443 count=4096 submitted=22294528
t=15788562 read event=5444 count=4096 submitted=22298624
t=15791377 read event=5445 count=4096 submitted=22302720
t=15794125 read event=5446 count=4096 submitted=22306816
t=15796877 read event=5447 count=4096 submitted=22310912
t=15799823 read event=5448 count=4096 submitted=22315008
t=15802968 read event=5449 count=4096 submitted=22319104
t=15807831 read event=5450 count=4096 submitted=22323200
t=15811346 read event=5451 count=4096 submitted=22327296
t=15814300 read event=5452 count=4096 submitted=22331392
t=15817118 read event=5453 count=4096 submitted=22335488
t=15819869 read event=5454 count=4096 submitted=22339584
t=15822616 read event=5455 count=4096 submitted=22343680
t=15825568 read event=5456 count=4096 submitted=22347776
t=15828379 read event=5457 count=4096 submitted=22351872
t=15831132 read event=5458 count=4096 submitted=22355968
t=15833879 read event=5459 count=4096 submitted=22360064
t=15836893 read event=5460 count=4096 submitted=22364160
t=15841326 read event=5461 count=4096 submitted=22368256
t=15845434 read event=5462 count=4096 submitted=22372352
t=15848179 read event=5463 count=4096 submitted=22376448
t=15851120 read event=5464 count=4096 submitted=22380544
t=15853938 read event=5465 count=4096 submitted=22384640
t=15856689 read event=5466 count=4096 submitted=22388736
t=15859429 read event=5467 count=4096 submitted=22392832
t=15862387 read event=5468 count=4096 submitted=22396928
t=15865217 read event=5469 count=4096 submitted=22401024
t=15867969 read event=5470 count=4096 submitted=22405120
t=15870715 read event=5471 count=4096 submitted=22409216
t=15875008 read event=5472 count=4096 submitted=22413312
t=15879512 read event=5473 count=4096 submitted=22417408
t=15882262 read event=5474 count=4096 submitted=22421504
t=15885024 read event=5475 count=4096 submitted=22425600
t=15887970 read event=5476 count=4096 submitted=22429696
t=15890787 read event=5477 count=4096 submitted=22433792
t=15893536 read event=5478 count=4096 submitted=22437888
t=15896276 read event=5479 count=4096 submitted=22441984
t=15899223 read event=5480 count=4096 submitted=22446080
t=15902097 read event=5481 count=4096 submitted=22450176
t=15904858 read event=5482 count=4096 submitted=22454272
t=15908433 read event=5483 count=4096 submitted=22458368
t=15913593 read event=5484 count=4096 submitted=22462464
t=15916416 read event=5485 count=4096 submitted=22466560
t=15919170 read event=5486 count=4096 submitted=22470656
t=15921919 read event=5487 count=4096 submitted=22474752
t=15924884 read event=5488 count=4096 submitted=22478848
t=15927720 read event=5489 count=4096 submitted=22482944
t=15930467 read event=5490 count=4096 submitted=22487040
t=15933219 read event=5491 count=4096 submitted=22491136
t=15936162 read event=5492 count=4096 submitted=22495232
t=15938979 read event=5493 count=4096 submitted=22499328
t=15942438 read event=5494 count=4096 submitted=22503424
t=15947633 read event=5495 count=4096 submitted=22507520
t=15950595 read event=5496 count=4096 submitted=22511616
t=15953425 read event=5497 count=4096 submitted=22515712
t=15956180 read event=5498 count=4096 submitted=22519808
t=15958928 read event=5499 count=4096 submitted=22523904
t=15961876 read event=5500 count=4096 submitted=22528000
t=15964705 read event=5501 count=4096 submitted=22532096
t=15967453 read event=5502 count=4096 submitted=22536192
t=15970203 read event=5503 count=4096 submitted=22540288
t=15973169 read event=5504 count=4096 submitted=22544384
t=15976447 read event=5505 count=4096 submitted=22548480
t=15981633 read event=5506 count=4096 submitted=22552576
t=15984386 read event=5507 count=4096 submitted=22556672
t=15987340 read event=5508 count=4096 submitted=22560768
t=15990164 read event=5509 count=4096 submitted=22564864
t=15992912 read event=5510 count=4096 submitted=22568960
t=15995661 read event=5511 count=4096 submitted=22573056
t=15998601 read event=5512 count=4096 submitted=22577152
t=16001437 read event=5513 count=4096 submitted=22581248
t=16004194 read event=5514 count=4096 submitted=22585344
t=16006942 read event=5515 count=4096 submitted=22589440
t=16010422 read event=5516 count=4096 submitted=22593536
t=16015614 read event=5517 count=4096 submitted=22597632
t=16018357 read event=5518 count=4096 submitted=22601728
t=16021103 read event=5519 count=4096 submitted=22605824
t=16024065 read event=5520 count=4096 submitted=22609920
t=16026887 read event=5521 count=4096 submitted=22614016
t=16029643 read event=5522 count=4096 submitted=22618112
t=16032392 read event=5523 count=4096 submitted=22622208
t=16035354 read event=5524 count=4096 submitted=22626304
t=16038184 read event=5525 count=4096 submitted=22630400
t=16040931 read event=5526 count=4096 submitted=22634496
t=16044383 read event=5527 count=4096 submitted=22638592
t=16049578 read event=5528 count=4096 submitted=22642688
t=16052394 read event=5529 count=4096 submitted=22646784
t=16055146 read event=5530 count=4096 submitted=22650880
t=16057896 read event=5531 count=4096 submitted=22654976
t=16060859 read event=5532 count=4096 submitted=22659072
t=16063683 read event=5533 count=4096 submitted=22663168
t=16066430 read event=5534 count=4096 submitted=22667264
t=16069176 read event=5535 count=4096 submitted=22671360
t=16072128 read event=5536 count=4096 submitted=22675456
t=16074961 read event=5537 count=4096 submitted=22679552
t=16078310 read event=5538 count=4096 submitted=22683648
t=16083509 read event=5539 count=4096 submitted=22687744
t=16086454 read event=5540 count=4096 submitted=22691840
t=16089284 read event=5541 count=4096 submitted=22695936
t=16092031 read event=5542 count=4096 submitted=22700032
t=16094779 read event=5543 count=4096 submitted=22704128
t=16097722 read event=5544 count=4096 submitted=22708224
t=16100534 read event=5545 count=4096 submitted=22712320
t=16103280 read event=5546 count=4096 submitted=22716416
t=16106029 read event=5547 count=4096 submitted=22720512
t=16108991 read event=5548 count=4096 submitted=22724608
t=16112219 read event=5549 count=4096 submitted=22728704
t=16117406 read event=5550 count=4096 submitted=22732800
t=16120153 read event=5551 count=4096 submitted=22736896
t=16123107 read event=5552 count=4096 submitted=22740992
t=16125933 read event=5553 count=4096 submitted=22745088
t=16128684 read event=5554 count=4096 submitted=22749184
t=16131428 read event=5555 count=4096 submitted=22753280
t=16134374 read event=5556 count=4096 submitted=22757376
t=16137190 read event=5557 count=4096 submitted=22761472
t=16139939 read event=5558 count=4096 submitted=22765568
t=16142686 read event=5559 count=4096 submitted=22769664
t=16146098 read event=5560 count=4096 submitted=22773760
t=16151287 read event=5561 count=4096 submitted=22777856
t=16154037 read event=5562 count=4096 submitted=22781952
t=16156783 read event=5563 count=4096 submitted=22786048
t=16159746 read event=5564 count=4096 submitted=22790144
t=16162567 read event=5565 count=4096 submitted=22794240
t=16165312 read event=5566 count=4096 submitted=22798336
t=16168059 read event=5567 count=4096 submitted=22802432
t=16171010 read event=5568 count=4096 submitted=22806528
t=16173831 read event=5569 count=4096 submitted=22810624
t=16176580 read event=5570 count=4096 submitted=22814720
t=16179962 read event=5571 count=4096 submitted=22818816
t=16185151 read event=5572 count=4096 submitted=22822912
t=16187980 read event=5573 count=4096 submitted=22827008
t=16190728 read event=5574 count=4096 submitted=22831104
t=16193469 read event=5575 count=4096 submitted=22835200
t=16196418 read event=5576 count=4096 submitted=22839296
t=16199244 read event=5577 count=4096 submitted=22843392
t=16201998 read event=5578 count=4096 submitted=22847488
t=16204745 read event=5579 count=4096 submitted=22851584
t=16207704 read event=5580 count=4096 submitted=22855680
t=16210524 read event=5581 count=4096 submitted=22859776
t=16213273 read event=5582 count=4096 submitted=22863872
t=16217434 read event=5583 count=4096 submitted=22867968
t=16221669 read event=5584 count=4096 submitted=22872064
t=16224523 read event=5585 count=4096 submitted=22876160
t=16227268 read event=5586 count=4096 submitted=22880256
t=16230018 read event=5587 count=4096 submitted=22884352
t=16232964 read event=5588 count=4096 submitted=22888448
t=16235784 read event=5589 count=4096 submitted=22892544
t=16238537 read event=5590 count=4096 submitted=22896640
t=16241280 read event=5591 count=4096 submitted=22900736
t=16244242 read event=5592 count=4096 submitted=22904832
t=16247061 read event=5593 count=4096 submitted=22908928
t=16250238 read event=5594 count=4096 submitted=22913024
t=16255425 read event=5595 count=4096 submitted=22917120
t=16258384 read event=5596 count=4096 submitted=22921216
t=16261201 read event=5597 count=4096 submitted=22925312
t=16263960 read event=5598 count=4096 submitted=22929408
t=16266706 read event=5599 count=4096 submitted=22933504
t=16269661 read event=5600 count=4096 submitted=22937600
t=16272473 read event=5601 count=4096 submitted=22941696
t=16275231 read event=5602 count=4096 submitted=22945792
t=16277977 read event=5603 count=4096 submitted=22949888
t=16280931 read event=5604 count=4096 submitted=22953984
t=16283961 read event=5605 count=4096 submitted=22958080
t=16289143 read event=5606 count=4096 submitted=22962176
t=16291894 read event=5607 count=4096 submitted=22966272
t=16294835 read event=5608 count=4096 submitted=22970368
t=16297663 read event=5609 count=4096 submitted=22974464
t=16300407 read event=5610 count=4096 submitted=22978560
t=16303156 read event=5611 count=4096 submitted=22982656
t=16306108 read event=5612 count=4096 submitted=22986752
t=16308923 read event=5613 count=4096 submitted=22990848
t=16311675 read event=5614 count=4096 submitted=22994944
t=16314414 read event=5615 count=4096 submitted=22999040
t=16317698 read event=5616 count=4096 submitted=23003136
t=16322836 read event=5617 count=4096 submitted=23007232
t=16325590 read event=5618 count=4096 submitted=23011328
t=16328331 read event=5619 count=4096 submitted=23015424
t=16331296 read event=5620 count=4096 submitted=23019520
t=16334115 read event=5621 count=4096 submitted=23023616
t=16336862 read event=5622 count=4096 submitted=23027712
t=16339613 read event=5623 count=4096 submitted=23031808
t=16342555 read event=5624 count=4096 submitted=23035904
t=16345366 read event=5625 count=4096 submitted=23040000
t=16348122 read event=5626 count=4096 submitted=23044096
t=16351302 read event=5627 count=4096 submitted=23048192
t=16356490 read event=5628 count=4096 submitted=23052288
t=16359315 read event=5629 count=4096 submitted=23056384
t=16362067 read event=5630 count=4096 submitted=23060480
t=16364815 read event=5631 count=4096 submitted=23064576
t=16367763 read event=5632 count=4096 submitted=23068672
t=16370582 read event=5633 count=4096 submitted=23072768
t=16373328 read event=5634 count=4096 submitted=23076864
t=16376080 read event=5635 count=4096 submitted=23080960
t=16379036 read event=5636 count=4096 submitted=23085056
t=16381855 read event=5637 count=4096 submitted=23089152
t=16384615 read event=5638 count=4096 submitted=23093248
t=16387636 read event=5639 count=4096 submitted=23097344
t=16392813 read event=5640 count=4096 submitted=23101440
t=16395636 read event=5641 count=4096 submitted=23105536
t=16398380 read event=5642 count=4096 submitted=23109632
t=16401128 read event=5643 count=4096 submitted=23113728
t=16404082 read event=5644 count=4096 submitted=23117824
t=16407097 read event=5645 count=4096 submitted=23121920
t=16409873 read event=5646 count=4096 submitted=23126016
t=16412627 read event=5647 count=4096 submitted=23130112
t=16415598 read event=5648 count=4096 submitted=23134208
t=16418426 read event=5649 count=4096 submitted=23138304
t=16421250 read event=5650 count=4096 submitted=23142400
t=16426438 read event=5651 count=4096 submitted=23146496
t=16429392 read event=5652 count=4096 submitted=23150592
t=16432238 read event=5653 count=4096 submitted=23154688
t=16434989 read event=5654 count=4096 submitted=23158784
t=16437741 read event=5655 count=4096 submitted=23162880
t=16440685 read event=5656 count=4096 submitted=23166976
t=16443524 read event=5657 count=4096 submitted=23171072
t=16446274 read event=5658 count=4096 submitted=23175168
t=16449021 read event=5659 count=4096 submitted=23179264
t=16451969 read event=5660 count=4096 submitted=23183360
t=16454865 read event=5661 count=4096 submitted=23187456
t=16460052 read event=5662 count=4096 submitted=23191552
t=16462798 read event=5663 count=4096 submitted=23195648
t=16465763 read event=5664 count=4096 submitted=23199744
t=16468582 read event=5665 count=4096 submitted=23203840
t=16471329 read event=5666 count=4096 submitted=23207936
t=16474076 read event=5667 count=4096 submitted=23212032
t=16477020 read event=5668 count=4096 submitted=23216128
t=16479838 read event=5669 count=4096 submitted=23220224
t=16482595 read event=5670 count=4096 submitted=23224320
t=16485339 read event=5671 count=4096 submitted=23228416
t=16488449 read event=5672 count=4096 submitted=23232512
t=16493636 read event=5673 count=4096 submitted=23236608
t=16496380 read event=5674 count=4096 submitted=23240704
t=16499127 read event=5675 count=4096 submitted=23244800
t=16502077 read event=5676 count=4096 submitted=23248896
t=16504890 read event=5677 count=4096 submitted=23252992
t=16507646 read event=5678 count=4096 submitted=23257088
t=16510387 read event=5679 count=4096 submitted=23261184
t=16513355 read event=5680 count=4096 submitted=23265280
t=16516182 read event=5681 count=4096 submitted=23269376
t=16518933 read event=5682 count=4096 submitted=23273472
t=16521685 read event=5683 count=4096 submitted=23277568
t=16524703 read event=5684 count=4096 submitted=23281664
t=16529887 read event=5685 count=4096 submitted=23285760
t=16532644 read event=5686 count=4096 submitted=23289856
t=16535390 read event=5687 count=4096 submitted=23293952
t=16538343 read event=5688 count=4096 submitted=23298048
t=16541164 read event=5689 count=4096 submitted=23302144
t=16543941 read event=5690 count=4096 submitted=23306240
t=16546693 read event=5691 count=4096 submitted=23310336
t=16549648 read event=5692 count=4096 submitted=23314432
t=16552467 read event=5693 count=4096 submitted=23318528
t=16555221 read event=5694 count=4096 submitted=23322624
t=16558272 read event=5695 count=4096 submitted=23326720
t=16563461 read event=5696 count=4096 submitted=23330816
t=16566289 read event=5697 count=4096 submitted=23334912
t=16569040 read event=5698 count=4096 submitted=23339008
t=16571789 read event=5699 count=4096 submitted=23343104
t=16574732 read event=5700 count=4096 submitted=23347200
t=16577553 read event=5701 count=4096 submitted=23351296
t=16580297 read event=5702 count=4096 submitted=23355392
t=16583051 read event=5703 count=4096 submitted=23359488
t=16585999 read event=5704 count=4096 submitted=23363584
t=16588817 read event=5705 count=4096 submitted=23367680
t=16591877 read event=5706 count=4096 submitted=23371776
t=16597066 read event=5707 count=4096 submitted=23375872
t=16600027 read event=5708 count=4096 submitted=23379968
t=16602847 read event=5709 count=4096 submitted=23384064
t=16605598 read event=5710 count=4096 submitted=23388160
t=16608339 read event=5711 count=4096 submitted=23392256
t=16611295 read event=5712 count=4096 submitted=23396352
t=16614114 read event=5713 count=4096 submitted=23400448
t=16616863 read event=5714 count=4096 submitted=23404544
t=16619611 read event=5715 count=4096 submitted=23408640
t=16622552 read event=5716 count=4096 submitted=23412736
t=16625376 read event=5717 count=4096 submitted=23416832
t=16630069 read event=5718 count=4096 submitted=23420928
t=16633374 read event=5719 count=4096 submitted=23425024
t=16636335 read event=5720 count=4096 submitted=23429120
t=16639150 read event=5721 count=4096 submitted=23433216
t=16641901 read event=5722 count=4096 submitted=23437312
t=16644646 read event=5723 count=4096 submitted=23441408
t=16647609 read event=5724 count=4096 submitted=23445504
t=16650418 read event=5725 count=4096 submitted=23449600
t=16653172 read event=5726 count=4096 submitted=23453696
t=16655920 read event=5727 count=4096 submitted=23457792
t=16658868 read event=5728 count=4096 submitted=23461888
t=16661870 read event=5729 count=4096 submitted=23465984
t=16667058 read event=5730 count=4096 submitted=23470080
t=16669809 read event=5731 count=4096 submitted=23474176
t=16672753 read event=5732 count=4096 submitted=23478272
t=16675579 read event=5733 count=4096 submitted=23482368
t=16678321 read event=5734 count=4096 submitted=23486464
t=16681069 read event=5735 count=4096 submitted=23490560
t=16684032 read event=5736 count=4096 submitted=23494656
t=16686846 read event=5737 count=4096 submitted=23498752
t=16689599 read event=5738 count=4096 submitted=23502848
t=16692343 read event=5739 count=4096 submitted=23506944
t=16695715 read event=5740 count=4096 submitted=23511040
t=16700897 read event=5741 count=4096 submitted=23515136
t=16703647 read event=5742 count=4096 submitted=23519232
t=16706387 read event=5743 count=4096 submitted=23523328
t=16709346 read event=5744 count=4096 submitted=23527424
t=16712165 read event=5745 count=4096 submitted=23531520
t=16714915 read event=5746 count=4096 submitted=23535616
t=16717663 read event=5747 count=4096 submitted=23539712
t=16720607 read event=5748 count=4096 submitted=23543808
t=16723425 read event=5749 count=4096 submitted=23547904
t=16726174 read event=5750 count=4096 submitted=23552000
t=16729654 read event=5751 count=4096 submitted=23556096
t=16734895 read event=5752 count=4096 submitted=23560192
t=16737732 read event=5753 count=4096 submitted=23564288
t=16740477 read event=5754 count=4096 submitted=23568384
t=16743235 read event=5755 count=4096 submitted=23572480
t=16746199 read event=5756 count=4096 submitted=23576576
t=16749020 read event=5757 count=4096 submitted=23580672
t=16751775 read event=5758 count=4096 submitted=23584768
t=16754522 read event=5759 count=4096 submitted=23588864
t=16757467 read event=5760 count=4096 submitted=23592960
t=16760292 read event=5761 count=4096 submitted=23597056
t=16763712 read event=5762 count=4096 submitted=23601152
t=16768892 read event=5763 count=4096 submitted=23605248
t=16771835 read event=5764 count=4096 submitted=23609344
t=16774657 read event=5765 count=4096 submitted=23613440
t=16777405 read event=5766 count=4096 submitted=23617536
t=16780155 read event=5767 count=4096 submitted=23621632
t=16783118 read event=5768 count=4096 submitted=23625728
t=16785936 read event=5769 count=4096 submitted=23629824
t=16788685 read event=5770 count=4096 submitted=23633920
t=16791427 read event=5771 count=4096 submitted=23638016
t=16794380 read event=5772 count=4096 submitted=23642112
t=16798026 read event=5773 count=4096 submitted=23646208
t=16803212 read event=5774 count=4096 submitted=23650304
t=16805961 read event=5775 count=4096 submitted=23654400
t=16808910 read event=5776 count=4096 submitted=23658496
t=16811738 read event=5777 count=4096 submitted=23662592
t=16814483 read event=5778 count=4096 submitted=23666688
t=16817237 read event=5779 count=4096 submitted=23670784
t=16820181 read event=5780 count=4096 submitted=23674880
t=16823007 read event=5781 count=4096 submitted=23678976
t=16825756 read event=5782 count=4096 submitted=23683072
t=16828497 read event=5783 count=4096 submitted=23687168
t=16832231 read event=5784 count=4096 submitted=23691264
t=16837417 read event=5785 count=4096 submitted=23695360
t=16840170 read event=5786 count=4096 submitted=23699456
t=16842917 read event=5787 count=4096 submitted=23703552
t=16845865 read event=5788 count=4096 submitted=23707648
t=16848687 read event=5789 count=4096 submitted=23711744
t=16851433 read event=5790 count=4096 submitted=23715840
t=16854183 read event=5791 count=4096 submitted=23719936
t=16857129 read event=5792 count=4096 submitted=23724032
t=16859946 read event=5793 count=4096 submitted=23728128
t=16862693 read event=5794 count=4096 submitted=23732224
t=16866112 read event=5795 count=4096 submitted=23736320
t=16871302 read event=5796 count=4096 submitted=23740416
t=16874122 read event=5797 count=4096 submitted=23744512
t=16876873 read event=5798 count=4096 submitted=23748608
t=16879623 read event=5799 count=4096 submitted=23752704
t=16882591 read event=5800 count=4096 submitted=23756800
t=16885431 read event=5801 count=4096 submitted=23760896
t=16888185 read event=5802 count=4096 submitted=23764992
t=16890933 read event=5803 count=4096 submitted=23769088
t=16893881 read event=5804 count=4096 submitted=23773184
t=16896698 read event=5805 count=4096 submitted=23777280
t=16899510 read event=5806 count=4096 submitted=23781376
t=16904703 read event=5807 count=4096 submitted=23785472
t=16907652 read event=5808 count=4096 submitted=23789568
t=16910466 read event=5809 count=4096 submitted=23793664
t=16913218 read event=5810 count=4096 submitted=23797760
t=16915966 read event=5811 count=4096 submitted=23801856
t=16918912 read event=5812 count=4096 submitted=23805952
t=16921739 read event=5813 count=4096 submitted=23810048
t=16924484 read event=5814 count=4096 submitted=23814144
t=16927238 read event=5815 count=4096 submitted=23818240
t=16930203 read event=5816 count=4096 submitted=23822336
t=16933041 read event=5817 count=4096 submitted=23826432
t=16935795 read event=5818 count=4096 submitted=23830528
t=16939286 read event=5819 count=4096 submitted=23834624
t=16942282 read event=5820 count=4096 submitted=23838720
t=16945113 read event=5821 count=4096 submitted=23842816
t=16947871 read event=5822 count=4096 submitted=23846912
t=16950641 read event=5823 count=4096 submitted=23851008
t=16953609 read event=5824 count=4096 submitted=23855104
t=16956455 read event=5825 count=4096 submitted=23859200
t=16959209 read event=5826 count=4096 submitted=23863296
t=16961960 read event=5827 count=4096 submitted=23867392
t=16964917 read event=5828 count=4096 submitted=23871488
t=16967745 read event=5829 count=4096 submitted=23875584
t=16970490 read event=5830 count=4096 submitted=23879680
t=16973243 read event=5831 count=4096 submitted=23883776
t=16976189 read event=5832 count=4096 submitted=23887872
t=16979009 read event=5833 count=4096 submitted=23891968
t=16981763 read event=5834 count=4096 submitted=23896064
t=16984513 read event=5835 count=4096 submitted=23900160
t=16987469 read event=5836 count=4096 submitted=23904256
t=16990294 read event=5837 count=4096 submitted=23908352
t=16993047 read event=5838 count=4096 submitted=23912448
t=16995794 read event=5839 count=4096 submitted=23916544
t=16998740 read event=5840 count=4096 submitted=23920640
t=17001564 read event=5841 count=4096 submitted=23924736
t=17004324 read event=5842 count=4096 submitted=23928832
t=17007094 read event=5843 count=4096 submitted=23932928
t=17010072 read event=5844 count=4096 submitted=23937024
t=17012915 read event=5845 count=4096 submitted=23941120
t=17015670 read event=5846 count=4096 submitted=23945216
t=17018416 read event=5847 count=4096 submitted=23949312
t=17021374 read event=5848 count=4096 submitted=23953408
t=17024195 read event=5849 count=4096 submitted=23957504
t=17026948 read event=5850 count=4096 submitted=23961600
t=17029699 read event=5851 count=4096 submitted=23965696
t=17032647 read event=5852 count=4096 submitted=23969792
t=17035460 read event=5853 count=4096 submitted=23973888
t=17038214 read event=5854 count=4096 submitted=23977984
t=17040962 read event=5855 count=4096 submitted=23982080
t=17043913 read event=5856 count=4096 submitted=23986176
t=17046728 read event=5857 count=4096 submitted=23990272
t=17049474 read event=5858 count=4096 submitted=23994368
t=17052228 read event=5859 count=4096 submitted=23998464
t=17055190 read event=5860 count=4096 submitted=24002560
t=17058035 read event=5861 count=4096 submitted=24006656
t=17060792 read event=5862 count=4096 submitted=24010752
t=17063542 read event=5863 count=4096 submitted=24014848
t=17066488 read event=5864 count=4096 submitted=24018944
t=17069311 read event=5865 count=4096 submitted=24023040
t=17072064 read event=5866 count=4096 submitted=24027136
t=17074808 read event=5867 count=4096 submitted=24031232
t=17077758 read event=5868 count=4096 submitted=24035328
t=17080572 read event=5869 count=4096 submitted=24039424
t=17083328 read event=5870 count=4096 submitted=24043520
t=17086079 read event=5871 count=4096 submitted=24047616
t=17089053 read event=5872 count=4096 submitted=24051712
t=17091879 read event=5873 count=4096 submitted=24055808
t=17094632 read event=5874 count=4096 submitted=24059904
t=17097376 read event=5875 count=4096 submitted=24064000
t=17100338 read event=5876 count=4096 submitted=24068096
t=17103161 read event=5877 count=4096 submitted=24072192
t=17105908 read event=5878 count=4096 submitted=24076288
t=17108655 read event=5879 count=4096 submitted=24080384
t=17111605 read event=5880 count=4096 submitted=24084480
t=17114416 read event=5881 count=4096 submitted=24088576
t=17117171 read event=5882 count=4096 submitted=24092672
t=17119917 read event=5883 count=4096 submitted=24096768
t=17122869 read event=5884 count=4096 submitted=24100864
t=17125688 read event=5885 count=4096 submitted=24104960
t=17128433 read event=5886 count=4096 submitted=24109056
t=17131184 read event=5887 count=4096 submitted=24113152
t=17134142 read event=5888 count=4096 submitted=24117248
t=17136963 read event=5889 count=4096 submitted=24121344
t=17139713 read event=5890 count=4096 submitted=24125440
t=17142456 read event=5891 count=4096 submitted=24129536
t=17145409 read event=5892 count=4096 submitted=24133632
t=17148234 read event=5893 count=4096 submitted=24137728
t=17151037 read event=5894 count=4096 submitted=24141824
t=17153793 read event=5895 count=4096 submitted=24145920
t=17156741 read event=5896 count=4096 submitted=24150016
t=17159570 read event=5897 count=4096 submitted=24154112
t=17162318 read event=5898 count=4096 submitted=24158208
t=17165068 read event=5899 count=4096 submitted=24162304
t=17168016 read event=5900 count=4096 submitted=24166400
t=17170833 read event=5901 count=4096 submitted=24170496
t=17173584 read event=5902 count=4096 submitted=24174592
t=17176328 read event=5903 count=4096 submitted=24178688
t=17179295 read event=5904 count=4096 submitted=24182784
t=17182120 read event=5905 count=4096 submitted=24186880
t=17184880 read event=5906 count=4096 submitted=24190976
t=17187633 read event=5907 count=4096 submitted=24195072
t=17190578 read event=5908 count=4096 submitted=24199168
t=17193391 read event=5909 count=4096 submitted=24203264
t=17196140 read event=5910 count=4096 submitted=24207360
t=17198889 read event=5911 count=4096 submitted=24211456
t=17201836 read event=5912 count=4096 submitted=24215552
t=17204651 read event=5913 count=4096 submitted=24219648
t=17207396 read event=5914 count=4096 submitted=24223744
t=17210146 read event=5915 count=4096 submitted=24227840
t=17213094 read event=5916 count=4096 submitted=24231936
t=17215914 read event=5917 count=4096 submitted=24236032
t=17218665 read event=5918 count=4096 submitted=24240128
t=17221412 read event=5919 count=4096 submitted=24244224
t=17224375 read event=5920 count=4096 submitted=24248320
t=17227196 read event=5921 count=4096 submitted=24252416
t=17229948 read event=5922 count=4096 submitted=24256512
t=17232699 read event=5923 count=4096 submitted=24260608
t=17235645 read event=5924 count=4096 submitted=24264704
t=17238453 read event=5925 count=4096 submitted=24268800
t=17241203 read event=5926 count=4096 submitted=24272896
t=17243953 read event=5927 count=4096 submitted=24276992
t=17246900 read event=5928 count=4096 submitted=24281088
t=17249717 read event=5929 count=4096 submitted=24285184
t=17252463 read event=5930 count=4096 submitted=24289280
t=17255216 read event=5931 count=4096 submitted=24293376
t=17258159 read event=5932 count=4096 submitted=24297472
t=17260983 read event=5933 count=4096 submitted=24301568
t=17263734 read event=5934 count=4096 submitted=24305664
t=17266473 read event=5935 count=4096 submitted=24309760
t=17269444 read event=5936 count=4096 submitted=24313856
t=17272269 read event=5937 count=4096 submitted=24317952
t=17275023 read event=5938 count=4096 submitted=24322048
t=17277771 read event=5939 count=4096 submitted=24326144
t=17280711 read event=5940 count=4096 submitted=24330240
t=17283538 read event=5941 count=4096 submitted=24334336
t=17286284 read event=5942 count=4096 submitted=24338432
t=17289035 read event=5943 count=4096 submitted=24342528
t=17292004 read event=5944 count=4096 submitted=24346624
t=17294823 read event=5945 count=4096 submitted=24350720
t=17297577 read event=5946 count=4096 submitted=24354816
t=17300319 read event=5947 count=4096 submitted=24358912
t=17303285 read event=5948 count=4096 submitted=24363008
t=17306104 read event=5949 count=4096 submitted=24367104
t=17308852 read event=5950 count=4096 submitted=24371200
t=17311602 read event=5951 count=4096 submitted=24375296
t=17314547 read event=5952 count=4096 submitted=24379392
t=17317364 read event=5953 count=4096 submitted=24383488
t=17320116 read event=5954 count=4096 submitted=24387584
t=17322865 read event=5955 count=4096 submitted=24391680
t=17325808 read event=5956 count=4096 submitted=24395776
t=17328628 read event=5957 count=4096 submitted=24399872
t=17331372 read event=5958 count=4096 submitted=24403968
t=17334121 read event=5959 count=4096 submitted=24408064
t=17337068 read event=5960 count=4096 submitted=24412160
t=17339885 read event=5961 count=4096 submitted=24416256
t=17342634 read event=5962 count=4096 submitted=24420352
t=17345381 read event=5963 count=4096 submitted=24424448
t=17348352 read event=5964 count=4096 submitted=24428544
t=17351168 read event=5965 count=4096 submitted=24432640
t=17353920 read event=5966 count=4096 submitted=24436736
t=17356667 read event=5967 count=4096 submitted=24440832
t=17359679 read event=5968 count=4096 submitted=24444928
t=17362509 read event=5969 count=4096 submitted=24449024
t=17365267 read event=5970 count=4096 submitted=24453120
t=17368016 read event=5971 count=4096 submitted=24457216
t=17370967 read event=5972 count=4096 submitted=24461312
t=17373787 read event=5973 count=4096 submitted=24465408
t=17376538 read event=5974 count=4096 submitted=24469504
t=17379281 read event=5975 count=4096 submitted=24473600
t=17382238 read event=5976 count=4096 submitted=24477696
t=17385064 read event=5977 count=4096 submitted=24481792
t=17387815 read event=5978 count=4096 submitted=24485888
t=17390563 read event=5979 count=4096 submitted=24489984
t=17393537 read event=5980 count=4096 submitted=24494080
t=17396352 read event=5981 count=4096 submitted=24498176
t=17399105 read event=5982 count=4096 submitted=24502272
t=17401852 read event=5983 count=4096 submitted=24506368
t=17404797 read event=5984 count=4096 submitted=24510464
t=17407619 read event=5985 count=4096 submitted=24514560
t=17410362 read event=5986 count=4096 submitted=24518656
t=17413109 read event=5987 count=4096 submitted=24522752
t=17416050 read event=5988 count=4096 submitted=24526848
t=17418875 read event=5989 count=4096 submitted=24530944
t=17421627 read event=5990 count=4096 submitted=24535040
t=17424369 read event=5991 count=4096 submitted=24539136
t=17427324 read event=5992 count=4096 submitted=24543232
t=17430143 read event=5993 count=4096 submitted=24547328
t=17432894 read event=5994 count=4096 submitted=24551424
t=17435645 read event=5995 count=4096 submitted=24555520
t=17438605 read event=5996 count=4096 submitted=24559616
t=17441430 read event=5997 count=4096 submitted=24563712
t=17444181 read event=5998 count=4096 submitted=24567808
t=17446928 read event=5999 count=4096 submitted=24571904
t=17449879 read event=6000 count=4096 submitted=24576000
t=17452701 read event=6001 count=4096 submitted=24580096
t=17455446 read event=6002 count=4096 submitted=24584192
t=17458195 read event=6003 count=4096 submitted=24588288
t=17461140 read event=6004 count=4096 submitted=24592384
t=17463965 read event=6005 count=4096 submitted=24596480
t=17466710 read event=6006 count=4096 submitted=24600576
t=17469454 read event=6007 count=4096 submitted=24604672
t=17472422 read event=6008 count=4096 submitted=24608768
t=17475246 read event=6009 count=4096 submitted=24612864
t=17477995 read event=6010 count=4096 submitted=24616960
t=17480740 read event=6011 count=4096 submitted=24621056
t=17483699 read event=6012 count=4096 submitted=24625152
t=17486511 read event=6013 count=4096 submitted=24629248
t=17489262 read event=6014 count=4096 submitted=24633344
t=17492006 read event=6015 count=4096 submitted=24637440
t=17494972 read event=6016 count=4096 submitted=24641536
t=17497800 read event=6017 count=4096 submitted=24645632
t=17500553 read event=6018 count=4096 submitted=24649728
t=17503332 read event=6019 count=4096 submitted=24653824
t=17506287 read event=6020 count=4096 submitted=24657920
t=17509111 read event=6021 count=4096 submitted=24662016
t=17511862 read event=6022 count=4096 submitted=24666112
t=17514611 read event=6023 count=4096 submitted=24670208
t=17517575 read event=6024 count=4096 submitted=24674304
t=17520385 read event=6025 count=4096 submitted=24678400
t=17523138 read event=6026 count=4096 submitted=24682496
t=17525889 read event=6027 count=4096 submitted=24686592
t=17528835 read event=6028 count=4096 submitted=24690688
t=17531652 read event=6029 count=4096 submitted=24694784
t=17534395 read event=6030 count=4096 submitted=24698880
t=17537142 read event=6031 count=4096 submitted=24702976
t=17540089 read event=6032 count=4096 submitted=24707072
t=17542908 read event=6033 count=4096 submitted=24711168
t=17545661 read event=6034 count=4096 submitted=24715264
t=17548401 read event=6035 count=4096 submitted=24719360
t=17551355 read event=6036 count=4096 submitted=24723456
t=17554171 read event=6037 count=4096 submitted=24727552
t=17556920 read event=6038 count=4096 submitted=24731648
t=17559672 read event=6039 count=4096 submitted=24735744
t=17562630 read event=6040 count=4096 submitted=24739840
t=17565451 read event=6041 count=4096 submitted=24743936
t=17568251 read event=6042 count=4096 submitted=24748032
t=17571002 read event=6043 count=4096 submitted=24752128
t=17573949 read event=6044 count=4096 submitted=24756224
t=17576774 read event=6045 count=4096 submitted=24760320
t=17579529 read event=6046 count=4096 submitted=24764416
t=17582274 read event=6047 count=4096 submitted=24768512
t=17585231 read event=6048 count=4096 submitted=24772608
t=17588053 read event=6049 count=4096 submitted=24776704
t=17590805 read event=6050 count=4096 submitted=24780800
t=17593555 read event=6051 count=4096 submitted=24784896
t=17596489 read event=6052 count=4096 submitted=24788992
t=17599314 read event=6053 count=4096 submitted=24793088
t=17602063 read event=6054 count=4096 submitted=24797184
t=17604814 read event=6055 count=4096 submitted=24801280
t=17607780 read event=6056 count=4096 submitted=24805376
t=17610594 read event=6057 count=4096 submitted=24809472
t=17613338 read event=6058 count=4096 submitted=24813568
t=17616083 read event=6059 count=4096 submitted=24817664
t=17619027 read event=6060 count=4096 submitted=24821760
t=17621847 read event=6061 count=4096 submitted=24825856
t=17624597 read event=6062 count=4096 submitted=24829952
t=17627339 read event=6063 count=4096 submitted=24834048
t=17630290 read event=6064 count=4096 submitted=24838144
t=17633109 read event=6065 count=4096 submitted=24842240
t=17635862 read event=6066 count=4096 submitted=24846336
t=17638606 read event=6067 count=4096 submitted=24850432
t=17641567 read event=6068 count=4096 submitted=24854528
t=17644376 read event=6069 count=4096 submitted=24858624
t=17647126 read event=6070 count=4096 submitted=24862720
t=17649875 read event=6071 count=4096 submitted=24866816
t=17652817 read event=6072 count=4096 submitted=24870912
t=17655635 read event=6073 count=4096 submitted=24875008
t=17658380 read event=6074 count=4096 submitted=24879104
t=17661127 read event=6075 count=4096 submitted=24883200
t=17664070 read event=6076 count=4096 submitted=24887296
t=17666892 read event=6077 count=4096 submitted=24891392
t=17669644 read event=6078 count=4096 submitted=24895488
t=17672388 read event=6079 count=4096 submitted=24899584
t=17675348 read event=6080 count=4096 submitted=24903680
t=17678170 read event=6081 count=4096 submitted=24907776
t=17680921 read event=6082 count=4096 submitted=24911872
t=17683679 read event=6083 count=4096 submitted=24915968
t=17686636 read event=6084 count=4096 submitted=24920064
t=17689456 read event=6085 count=4096 submitted=24924160
t=17692207 read event=6086 count=4096 submitted=24928256
t=17694954 read event=6087 count=4096 submitted=24932352
t=17697922 read event=6088 count=4096 submitted=24936448
t=17700743 read event=6089 count=4096 submitted=24940544
t=17703491 read event=6090 count=4096 submitted=24944640
t=17706244 read event=6091 count=4096 submitted=24948736
t=17709191 read event=6092 count=4096 submitted=24952832
t=17712010 read event=6093 count=4096 submitted=24956928
t=17714760 read event=6094 count=4096 submitted=24961024
t=17717504 read event=6095 count=4096 submitted=24965120
t=17720455 read event=6096 count=4096 submitted=24969216
t=17723285 read event=6097 count=4096 submitted=24973312
t=17726035 read event=6098 count=4096 submitted=24977408
t=17728784 read event=6099 count=4096 submitted=24981504
t=17731745 read event=6100 count=4096 submitted=24985600
t=17734568 read event=6101 count=4096 submitted=24989696
t=17737311 read event=6102 count=4096 submitted=24993792
t=17740061 read event=6103 count=4096 submitted=24997888
t=17743007 read event=6104 count=4096 submitted=25001984
t=17745820 read event=6105 count=4096 submitted=25006080
t=17748569 read event=6106 count=4096 submitted=25010176
t=17751313 read event=6107 count=4096 submitted=25014272
t=17754266 read event=6108 count=4096 submitted=25018368
t=17757083 read event=6109 count=4096 submitted=25022464
t=17759835 read event=6110 count=4096 submitted=25026560
t=17762586 read event=6111 count=4096 submitted=25030656
t=17765533 read event=6112 count=4096 submitted=25034752
t=17768350 read event=6113 count=4096 submitted=25038848
t=17771100 read event=6114 count=4096 submitted=25042944
t=17773894 read event=6115 count=4096 submitted=25047040
t=17776862 read event=6116 count=4096 submitted=25051136
t=17779692 read event=6117 count=4096 submitted=25055232
t=17782437 read event=6118 count=4096 submitted=25059328
t=17785202 read event=6119 count=4096 submitted=25063424
t=17788151 read event=6120 count=4096 submitted=25067520
t=17790972 read event=6121 count=4096 submitted=25071616
t=17793726 read event=6122 count=4096 submitted=25075712
t=17796468 read event=6123 count=4096 submitted=25079808
t=17799420 read event=6124 count=4096 submitted=25083904
t=17802246 read event=6125 count=4096 submitted=25088000
t=17804996 read event=6126 count=4096 submitted=25092096
t=17807747 read event=6127 count=4096 submitted=25096192
t=17810705 read event=6128 count=4096 submitted=25100288
t=17813527 read event=6129 count=4096 submitted=25104384
t=17816278 read event=6130 count=4096 submitted=25108480
t=17819027 read event=6131 count=4096 submitted=25112576
t=17821972 read event=6132 count=4096 submitted=25116672
t=17824790 read event=6133 count=4096 submitted=25120768
t=17827541 read event=6134 count=4096 submitted=25124864
t=17830281 read event=6135 count=4096 submitted=25128960
t=17833236 read event=6136 count=4096 submitted=25133056
t=17836053 read event=6137 count=4096 submitted=25137152
t=17838802 read event=6138 count=4096 submitted=25141248
t=17841553 read event=6139 count=4096 submitted=25145344
t=17844493 read event=6140 count=4096 submitted=25149440
t=17847317 read event=6141 count=4096 submitted=25153536
t=17850066 read event=6142 count=4096 submitted=25157632
t=17852811 read event=6143 count=4096 submitted=25161728
t=17855770 read event=6144 count=4096 submitted=25165824
t=17858595 read event=6145 count=4096 submitted=25169920
t=17861345 read event=6146 count=4096 submitted=25174016
t=17864091 read event=6147 count=4096 submitted=25178112
t=17867039 read event=6148 count=4096 submitted=25182208
t=17869862 read event=6149 count=4096 submitted=25186304
t=17872609 read event=6150 count=4096 submitted=25190400
t=17875352 read event=6151 count=4096 submitted=25194496
t=17878304 read event=6152 count=4096 submitted=25198592
t=17881121 read event=6153 count=4096 submitted=25202688
t=17883885 read event=6154 count=4096 submitted=25206784
t=17886633 read event=6155 count=4096 submitted=25210880
t=17889581 read event=6156 count=4096 submitted=25214976
t=17892393 read event=6157 count=4096 submitted=25219072
t=17895146 read event=6158 count=4096 submitted=25223168
t=17897891 read event=6159 count=4096 submitted=25227264
t=17900871 read event=6160 count=4096 submitted=25231360
t=17903702 read event=6161 count=4096 submitted=25235456
t=17906447 read event=6162 count=4096 submitted=25239552
t=17909198 read event=6163 count=4096 submitted=25243648
t=17912144 read event=6164 count=4096 submitted=25247744
t=17914964 read event=6165 count=4096 submitted=25251840
t=17917715 read event=6166 count=4096 submitted=25255936
t=17920460 read event=6167 count=4096 submitted=25260032
t=17923421 read event=6168 count=4096 submitted=25264128
t=17926250 read event=6169 count=4096 submitted=25268224
t=17929000 read event=6170 count=4096 submitted=25272320
t=17931749 read event=6171 count=4096 submitted=25276416
t=17934690 read event=6172 count=4096 submitted=25280512
t=17937505 read event=6173 count=4096 submitted=25284608
t=17940256 read event=6174 count=4096 submitted=25288704
t=17943008 read event=6175 count=4096 submitted=25292800
t=17945964 read event=6176 count=4096 submitted=25296896
t=17948801 read event=6177 count=4096 submitted=25300992
t=17951565 read event=6178 count=4096 submitted=25305088
t=17954310 read event=6179 count=4096 submitted=25309184
t=17957275 read event=6180 count=4096 submitted=25313280
t=17960110 read event=6181 count=4096 submitted=25317376
t=17962860 read event=6182 count=4096 submitted=25321472
t=17965610 read event=6183 count=4096 submitted=25325568
t=17968557 read event=6184 count=4096 submitted=25329664
t=17971379 read event=6185 count=4096 submitted=25333760
t=17974131 read event=6186 count=4096 submitted=25337856
t=17976879 read event=6187 count=4096 submitted=25341952
t=17979839 read event=6188 count=4096 submitted=25346048
t=17982717 read event=6189 count=4096 submitted=25350144
t=17985472 read event=6190 count=4096 submitted=25354240
t=17988228 read event=6191 count=4096 submitted=25358336
t=17991180 read event=6192 count=4096 submitted=25362432
t=17994004 read event=6193 count=4096 submitted=25366528
t=17996755 read event=6194 count=4096 submitted=25370624
t=17999500 read event=6195 count=4096 submitted=25374720
t=18002452 read event=6196 count=4096 submitted=25378816
t=18005278 read event=6197 count=4096 submitted=25382912
t=18008027 read event=6198 count=4096 submitted=25387008
t=18010772 read event=6199 count=4096 submitted=25391104
t=18013721 read event=6200 count=4096 submitted=25395200
t=18016539 read event=6201 count=4096 submitted=25399296
t=18019288 read event=6202 count=4096 submitted=25403392
t=18022035 read event=6203 count=4096 submitted=25407488
t=18024994 read event=6204 count=4096 submitted=25411584
t=18027810 read event=6205 count=4096 submitted=25415680
t=18030566 read event=6206 count=4096 submitted=25419776
t=18033312 read event=6207 count=4096 submitted=25423872
t=18036266 read event=6208 count=4096 submitted=25427968
t=18039086 read event=6209 count=4096 submitted=25432064
t=18041839 read event=6210 count=4096 submitted=25436160
t=18044589 read event=6211 count=4096 submitted=25440256
t=18047534 read event=6212 count=4096 submitted=25444352
t=18050347 read event=6213 count=4096 submitted=25448448
t=18053096 read event=6214 count=4096 submitted=25452544
t=18055847 read event=6215 count=4096 submitted=25456640
t=18058792 read event=6216 count=4096 submitted=25460736
t=18061608 read event=6217 count=4096 submitted=25464832
t=18064354 read event=6218 count=4096 submitted=25468928
t=18067101 read event=6219 count=4096 submitted=25473024
t=18070057 read event=6220 count=4096 submitted=25477120
t=18072883 read event=6221 count=4096 submitted=25481216
t=18075637 read event=6222 count=4096 submitted=25485312
t=18078378 read event=6223 count=4096 submitted=25489408
t=18081341 read event=6224 count=4096 submitted=25493504
t=18084181 read event=6225 count=4096 submitted=25497600
t=18086936 read event=6226 count=4096 submitted=25501696
t=18089686 read event=6227 count=4096 submitted=25505792
t=18092641 read event=6228 count=4096 submitted=25509888
t=18095457 read event=6229 count=4096 submitted=25513984
t=18098207 read event=6230 count=4096 submitted=25518080
t=18100959 read event=6231 count=4096 submitted=25522176
t=18103927 read event=6232 count=4096 submitted=25526272
t=18106746 read event=6233 count=4096 submitted=25530368
t=18109495 read event=6234 count=4096 submitted=25534464
t=18112243 read event=6235 count=4096 submitted=25538560
t=18115201 read event=6236 count=4096 submitted=25542656
t=18118025 read event=6237 count=4096 submitted=25546752
t=18120778 read event=6238 count=4096 submitted=25550848
t=18123529 read event=6239 count=4096 submitted=25554944
t=18126464 read event=6240 count=4096 submitted=25559040
t=18129294 read event=6241 count=4096 submitted=25563136
t=18132046 read event=6242 count=4096 submitted=25567232
t=18134791 read event=6243 count=4096 submitted=25571328
t=18137741 read event=6244 count=4096 submitted=25575424
t=18140556 read event=6245 count=4096 submitted=25579520
t=18143304 read event=6246 count=4096 submitted=25583616
t=18146054 read event=6247 count=4096 submitted=25587712
t=18149010 read event=6248 count=4096 submitted=25591808
t=18151832 read event=6249 count=4096 submitted=25595904
t=18154583 read event=6250 count=4096 submitted=25600000
t=18157326 read event=6251 count=4096 submitted=25604096
t=18160278 read event=6252 count=4096 submitted=25608192
t=18163097 read event=6253 count=4096 submitted=25612288
t=18165849 read event=6254 count=4096 submitted=25616384
t=18168596 read event=6255 count=4096 submitted=25620480
t=18171544 read event=6256 count=4096 submitted=25624576
t=18174361 read event=6257 count=4096 submitted=25628672
t=18177112 read event=6258 count=4096 submitted=25632768
t=18179860 read event=6259 count=4096 submitted=25636864
t=18182816 read event=6260 count=4096 submitted=25640960
t=18185636 read event=6261 count=4096 submitted=25645056
t=18188378 read event=6262 count=4096 submitted=25649152
t=18191182 read event=6263 count=4096 submitted=25653248
t=18194148 read event=6264 count=4096 submitted=25657344
t=18196964 read event=6265 count=4096 submitted=25661440
t=18199717 read event=6266 count=4096 submitted=25665536
t=18202460 read event=6267 count=4096 submitted=25669632
t=18205413 read event=6268 count=4096 submitted=25673728
t=18208240 read event=6269 count=4096 submitted=25677824
t=18210993 read event=6270 count=4096 submitted=25681920
t=18213741 read event=6271 count=4096 submitted=25686016
t=18216689 read event=6272 count=4096 submitted=25690112
t=18219503 read event=6273 count=4096 submitted=25694208
t=18222254 read event=6274 count=4096 submitted=25698304
t=18225001 read event=6275 count=4096 submitted=25702400
t=18227948 read event=6276 count=4096 submitted=25706496
t=18230765 read event=6277 count=4096 submitted=25710592
t=18233509 read event=6278 count=4096 submitted=25714688
t=18236262 read event=6279 count=4096 submitted=25718784
t=18239223 read event=6280 count=4096 submitted=25722880
t=18242041 read event=6281 count=4096 submitted=25726976
t=18244791 read event=6282 count=4096 submitted=25731072
t=18247540 read event=6283 count=4096 submitted=25735168
t=18250480 read event=6284 count=4096 submitted=25739264
t=18253304 read event=6285 count=4096 submitted=25743360
t=18256056 read event=6286 count=4096 submitted=25747456
t=18258803 read event=6287 count=4096 submitted=25751552
t=18261753 read event=6288 count=4096 submitted=25755648
t=18264572 read event=6289 count=4096 submitted=25759744
t=18267318 read event=6290 count=4096 submitted=25763840
t=18270068 read event=6291 count=4096 submitted=25767936
t=18273013 read event=6292 count=4096 submitted=25772032
t=18275837 read event=6293 count=4096 submitted=25776128
t=18278584 read event=6294 count=4096 submitted=25780224
t=18281330 read event=6295 count=4096 submitted=25784320
t=18284306 read event=6296 count=4096 submitted=25788416
t=18287122 read event=6297 count=4096 submitted=25792512
t=18289873 read event=6298 count=4096 submitted=25796608
t=18292620 read event=6299 count=4096 submitted=25800704
t=18295566 read event=6300 count=4096 submitted=25804800
t=18298383 read event=6301 count=4096 submitted=25808896
t=18301137 read event=6302 count=4096 submitted=25812992
t=18303883 read event=6303 count=4096 submitted=25817088
t=18306851 read event=6304 count=4096 submitted=25821184
t=18309675 read event=6305 count=4096 submitted=25825280
t=18312419 read event=6306 count=4096 submitted=25829376
t=18315168 read event=6307 count=4096 submitted=25833472
t=18318127 read event=6308 count=4096 submitted=25837568
t=18320948 read event=6309 count=4096 submitted=25841664
t=18323698 read event=6310 count=4096 submitted=25845760
t=18326439 read event=6311 count=4096 submitted=25849856
t=18329390 read event=6312 count=4096 submitted=25853952
t=18332204 read event=6313 count=4096 submitted=25858048
t=18334955 read event=6314 count=4096 submitted=25862144
t=18337704 read event=6315 count=4096 submitted=25866240
t=18340859 read event=6316 count=4096 submitted=25870336
t=18343997 read event=6317 count=4096 submitted=25874432
t=18347092 read event=6318 count=4096 submitted=25878528
t=18350162 read event=6319 count=4096 submitted=25882624
t=18353341 read event=6320 count=4096 submitted=25886720
t=18356532 read event=6321 count=4096 submitted=25890816
t=18359337 read event=6322 count=4096 submitted=25894912
t=18362110 read event=6323 count=4096 submitted=25899008
t=18365090 read event=6324 count=4096 submitted=25903104
t=18367941 read event=6325 count=4096 submitted=25907200
t=18370697 read event=6326 count=4096 submitted=25911296
t=18373440 read event=6327 count=4096 submitted=25915392
t=18376396 read event=6328 count=4096 submitted=25919488
t=18379233 read event=6329 count=4096 submitted=25923584
t=18381984 read event=6330 count=4096 submitted=25927680
t=18384740 read event=6331 count=4096 submitted=25931776
t=18387696 read event=6332 count=4096 submitted=25935872
t=18390514 read event=6333 count=4096 submitted=25939968
t=18393272 read event=6334 count=4096 submitted=25944064
t=18396021 read event=6335 count=4096 submitted=25948160
t=18399021 read event=6336 count=4096 submitted=25952256
t=18401854 read event=6337 count=4096 submitted=25956352
t=18404605 read event=6338 count=4096 submitted=25960448
t=18407349 read event=6339 count=4096 submitted=25964544
t=18410318 read event=6340 count=4096 submitted=25968640
t=18413143 read event=6341 count=4096 submitted=25972736
t=18415895 read event=6342 count=4096 submitted=25976832
t=18418644 read event=6343 count=4096 submitted=25980928
t=18421591 read event=6344 count=4096 submitted=25985024
t=18424406 read event=6345 count=4096 submitted=25989120
t=18427159 read event=6346 count=4096 submitted=25993216
t=18429908 read event=6347 count=4096 submitted=25997312
t=18432854 read event=6348 count=4096 submitted=26001408
t=18435677 read event=6349 count=4096 submitted=26005504
t=18438422 read event=6350 count=4096 submitted=26009600
t=18441169 read event=6351 count=4096 submitted=26013696
t=18444118 read event=6352 count=4096 submitted=26017792
t=18446939 read event=6353 count=4096 submitted=26021888
t=18449692 read event=6354 count=4096 submitted=26025984
t=18452433 read event=6355 count=4096 submitted=26030080
t=18455398 read event=6356 count=4096 submitted=26034176
t=18458236 read event=6357 count=4096 submitted=26038272
t=18460985 read event=6358 count=4096 submitted=26042368
t=18463734 read event=6359 count=4096 submitted=26046464
t=18466678 read event=6360 count=4096 submitted=26050560
t=18469495 read event=6361 count=4096 submitted=26054656
t=18472249 read event=6362 count=4096 submitted=26058752
t=18474998 read event=6363 count=4096 submitted=26062848
t=18477943 read event=6364 count=4096 submitted=26066944
t=18480764 read event=6365 count=4096 submitted=26071040
t=18483525 read event=6366 count=4096 submitted=26075136
t=18486265 read event=6367 count=4096 submitted=26079232
t=18489238 read event=6368 count=4096 submitted=26083328
t=18492056 read event=6369 count=4096 submitted=26087424
t=18494807 read event=6370 count=4096 submitted=26091520
t=18497555 read event=6371 count=4096 submitted=26095616
t=18500495 read event=6372 count=4096 submitted=26099712
t=18503315 read event=6373 count=4096 submitted=26103808
t=18506062 read event=6374 count=4096 submitted=26107904
t=18508832 read event=6375 count=4096 submitted=26112000
t=18511781 read event=6376 count=4096 submitted=26116096
t=18514597 read event=6377 count=4096 submitted=26120192
t=18517343 read event=6378 count=4096 submitted=26124288
t=18520090 read event=6379 count=4096 submitted=26128384
t=18523031 read event=6380 count=4096 submitted=26132480
t=18525853 read event=6381 count=4096 submitted=26136576
t=18528641 read event=6382 count=4096 submitted=26140672
t=18531386 read event=6383 count=4096 submitted=26144768
t=18534356 read event=6384 count=4096 submitted=26148864
t=18537188 read event=6385 count=4096 submitted=26152960
t=18539942 read event=6386 count=4096 submitted=26157056
t=18542690 read event=6387 count=4096 submitted=26161152
t=18545639 read event=6388 count=4096 submitted=26165248
t=18548452 read event=6389 count=4096 submitted=26169344
t=18551202 read event=6390 count=4096 submitted=26173440
t=18553952 read event=6391 count=4096 submitted=26177536
t=18556897 read event=6392 count=4096 submitted=26181632
t=18559715 read event=6393 count=4096 submitted=26185728
t=18562459 read event=6394 count=4096 submitted=26189824
t=18565210 read event=6395 count=4096 submitted=26193920
t=18568154 read event=6396 count=4096 submitted=26198016
t=18570973 read event=6397 count=4096 submitted=26202112
t=18573723 read event=6398 count=4096 submitted=26206208
t=18576464 read event=6399 count=4096 submitted=26210304
t=18579435 read event=6400 count=4096 submitted=26214400
t=18582267 read event=6401 count=4096 submitted=26218496
t=18585031 read event=6402 count=4096 submitted=26222592
t=18587779 read event=6403 count=4096 submitted=26226688
t=18590726 read event=6404 count=4096 submitted=26230784
t=18593547 read event=6405 count=4096 submitted=26234880
t=18596290 read event=6406 count=4096 submitted=26238976
t=18599037 read event=6407 count=4096 submitted=26243072
t=18601982 read event=6408 count=4096 submitted=26247168
t=18604795 read event=6409 count=4096 submitted=26251264
t=18607600 read event=6410 count=4096 submitted=26255360
t=18610345 read event=6411 count=4096 submitted=26259456
t=18613305 read event=6412 count=4096 submitted=26263552
t=18616129 read event=6413 count=4096 submitted=26267648
t=18618879 read event=6414 count=4096 submitted=26271744
t=18621627 read event=6415 count=4096 submitted=26275840
t=18624595 read event=6416 count=4096 submitted=26279936
t=18627413 read event=6417 count=4096 submitted=26284032
t=18630162 read event=6418 count=4096 submitted=26288128
t=18632908 read event=6419 count=4096 submitted=26292224
t=18635855 read event=6420 count=4096 submitted=26296320
t=18638674 read event=6421 count=4096 submitted=26300416
t=18641419 read event=6422 count=4096 submitted=26304512
t=18644168 read event=6423 count=4096 submitted=26308608
t=18647109 read event=6424 count=4096 submitted=26312704
t=18649926 read event=6425 count=4096 submitted=26316800
t=18652673 read event=6426 count=4096 submitted=26320896
t=18655415 read event=6427 count=4096 submitted=26324992
t=18658387 read event=6428 count=4096 submitted=26329088
t=18661202 read event=6429 count=4096 submitted=26333184
t=18663953 read event=6430 count=4096 submitted=26337280
t=18666700 read event=6431 count=4096 submitted=26341376
t=18669652 read event=6432 count=4096 submitted=26345472
t=18672462 read event=6433 count=4096 submitted=26349568
t=18675212 read event=6434 count=4096 submitted=26353664
t=18677961 read event=6435 count=4096 submitted=26357760
t=18680908 read event=6436 count=4096 submitted=26361856
t=18683753 read event=6437 count=4096 submitted=26365952
t=18686497 read event=6438 count=4096 submitted=26370048
t=18689251 read event=6439 count=4096 submitted=26374144
t=18692192 read event=6440 count=4096 submitted=26378240
t=18695009 read event=6441 count=4096 submitted=26382336
t=18697761 read event=6442 count=4096 submitted=26386432
t=18700501 read event=6443 count=4096 submitted=26390528
t=18703461 read event=6444 count=4096 submitted=26394624
t=18706285 read event=6445 count=4096 submitted=26398720
t=18709035 read event=6446 count=4096 submitted=26402816
t=18711800 read event=6447 count=4096 submitted=26406912
t=18714752 read event=6448 count=4096 submitted=26411008
t=18717576 read event=6449 count=4096 submitted=26415104
t=18720321 read event=6450 count=4096 submitted=26419200
t=18723070 read event=6451 count=4096 submitted=26423296
t=18726019 read event=6452 count=4096 submitted=26427392
t=18728836 read event=6453 count=4096 submitted=26431488
t=18731588 read event=6454 count=4096 submitted=26435584
t=18734332 read event=6455 count=4096 submitted=26439680
t=18737283 read event=6456 count=4096 submitted=26443776
t=18740100 read event=6457 count=4096 submitted=26447872
t=18742852 read event=6458 count=4096 submitted=26451968
t=18745602 read event=6459 count=4096 submitted=26456064
t=18748560 read event=6460 count=4096 submitted=26460160
t=18751375 read event=6461 count=4096 submitted=26464256
t=18754125 read event=6462 count=4096 submitted=26468352
t=18756872 read event=6463 count=4096 submitted=26472448
t=18759824 read event=6464 count=4096 submitted=26476544
t=18762637 read event=6465 count=4096 submitted=26480640
t=18765383 read event=6466 count=4096 submitted=26484736
t=18768128 read event=6467 count=4096 submitted=26488832
t=18771079 read event=6468 count=4096 submitted=26492928
t=18773898 read event=6469 count=4096 submitted=26497024
t=18776646 read event=6470 count=4096 submitted=26501120
t=18779388 read event=6471 count=4096 submitted=26505216
t=18782335 read event=6472 count=4096 submitted=26509312
t=18785170 read event=6473 count=4096 submitted=26513408
t=18787925 read event=6474 count=4096 submitted=26517504
t=18790672 read event=6475 count=4096 submitted=26521600
t=18793633 read event=6476 count=4096 submitted=26525696
t=18796442 read event=6477 count=4096 submitted=26529792
t=18799193 read event=6478 count=4096 submitted=26533888
t=18801942 read event=6479 count=4096 submitted=26537984
t=18804891 read event=6480 count=4096 submitted=26542080
t=18807713 read event=6481 count=4096 submitted=26546176
t=18810458 read event=6482 count=4096 submitted=26550272
t=18813206 read event=6483 count=4096 submitted=26554368
t=18816201 read event=6484 count=4096 submitted=26558464
t=18819027 read event=6485 count=4096 submitted=26562560
t=18821782 read event=6486 count=4096 submitted=26566656
t=18824531 read event=6487 count=4096 submitted=26570752
t=18827485 read event=6488 count=4096 submitted=26574848
t=18830304 read event=6489 count=4096 submitted=26578944
t=18833055 read event=6490 count=4096 submitted=26583040
t=18835803 read event=6491 count=4096 submitted=26587136
t=18838747 read event=6492 count=4096 submitted=26591232
t=18841567 read event=6493 count=4096 submitted=26595328
t=18844310 read event=6494 count=4096 submitted=26599424
t=18847057 read event=6495 count=4096 submitted=26603520
t=18850006 read event=6496 count=4096 submitted=26607616
t=18852825 read event=6497 count=4096 submitted=26611712
t=18855579 read event=6498 count=4096 submitted=26615808
t=18858320 read event=6499 count=4096 submitted=26619904
t=18861274 read event=6500 count=4096 submitted=26624000
t=18864092 read event=6501 count=4096 submitted=26628096
t=18866840 read event=6502 count=4096 submitted=26632192
t=18869589 read event=6503 count=4096 submitted=26636288
t=18872546 read event=6504 count=4096 submitted=26640384
t=18875354 read event=6505 count=4096 submitted=26644480
t=18878104 read event=6506 count=4096 submitted=26648576
t=18880851 read event=6507 count=4096 submitted=26652672
t=18883806 read event=6508 count=4096 submitted=26656768
t=18886633 read event=6509 count=4096 submitted=26660864
t=18889378 read event=6510 count=4096 submitted=26664960
t=18892124 read event=6511 count=4096 submitted=26669056
t=18895076 read event=6512 count=4096 submitted=26673152
t=18897895 read event=6513 count=4096 submitted=26677248
t=18900644 read event=6514 count=4096 submitted=26681344
t=18903387 read event=6515 count=4096 submitted=26685440
t=18906333 read event=6516 count=4096 submitted=26689536
t=18909152 read event=6517 count=4096 submitted=26693632
t=18911900 read event=6518 count=4096 submitted=26697728
t=18914671 read event=6519 count=4096 submitted=26701824
t=18917633 read event=6520 count=4096 submitted=26705920
t=18920450 read event=6521 count=4096 submitted=26710016
t=18923205 read event=6522 count=4096 submitted=26714112
t=18925956 read event=6523 count=4096 submitted=26718208
t=18928907 read event=6524 count=4096 submitted=26722304
t=18931731 read event=6525 count=4096 submitted=26726400
t=18934473 read event=6526 count=4096 submitted=26730496
t=18937232 read event=6527 count=4096 submitted=26734592
t=18940183 read event=6528 count=4096 submitted=26738688
t=18943000 read event=6529 count=4096 submitted=26742784
t=18945752 read event=6530 count=4096 submitted=26746880
t=18948496 read event=6531 count=4096 submitted=26750976
t=18951461 read event=6532 count=4096 submitted=26755072
t=18954297 read event=6533 count=4096 submitted=26759168
t=18957048 read event=6534 count=4096 submitted=26763264
t=18959798 read event=6535 count=4096 submitted=26767360
t=18962753 read event=6536 count=4096 submitted=26771456
t=18965591 read event=6537 count=4096 submitted=26775552
t=18968337 read event=6538 count=4096 submitted=26779648
t=18971087 read event=6539 count=4096 submitted=26783744
t=18974033 read event=6540 count=4096 submitted=26787840
t=18976858 read event=6541 count=4096 submitted=26791936
t=18979614 read event=6542 count=4096 submitted=26796032
t=18982354 read event=6543 count=4096 submitted=26800128
t=18985328 read event=6544 count=4096 submitted=26804224
t=18988158 read event=6545 count=4096 submitted=26808320
t=18990911 read event=6546 count=4096 submitted=26812416
t=18993659 read event=6547 count=4096 submitted=26816512
t=18996615 read event=6548 count=4096 submitted=26820608
t=18999430 read event=6549 count=4096 submitted=26824704
t=19002180 read event=6550 count=4096 submitted=26828800
t=19004932 read event=6551 count=4096 submitted=26832896
t=19007875 read event=6552 count=4096 submitted=26836992
t=19010694 read event=6553 count=4096 submitted=26841088
t=19013440 read event=6554 count=4096 submitted=26845184
t=19016188 read event=6555 count=4096 submitted=26849280
t=19019137 read event=6556 count=4096 submitted=26853376
t=19021996 read event=6557 count=4096 submitted=26857472
t=19024758 read event=6558 count=4096 submitted=26861568
t=19027523 read event=6559 count=4096 submitted=26865664
t=19030478 read event=6560 count=4096 submitted=26869760
t=19033318 read event=6561 count=4096 submitted=26873856
t=19036068 read event=6562 count=4096 submitted=26877952
t=19038816 read event=6563 count=4096 submitted=26882048
t=19041778 read event=6564 count=4096 submitted=26886144
t=19044600 read event=6565 count=4096 submitted=26890240
t=19047342 read event=6566 count=4096 submitted=26894336
t=19050088 read event=6567 count=4096 submitted=26898432
t=19053035 read event=6568 count=4096 submitted=26902528
t=19055856 read event=6569 count=4096 submitted=26906624
t=19058608 read event=6570 count=4096 submitted=26910720
t=19061352 read event=6571 count=4096 submitted=26914816
t=19064305 read event=6572 count=4096 submitted=26918912
t=19067124 read event=6573 count=4096 submitted=26923008
t=19069878 read event=6574 count=4096 submitted=26927104
t=19072628 read event=6575 count=4096 submitted=26931200
t=19075581 read event=6576 count=4096 submitted=26935296
t=19078396 read event=6577 count=4096 submitted=26939392
t=19081146 read event=6578 count=4096 submitted=26943488
t=19083907 read event=6579 count=4096 submitted=26947584
t=19086869 read event=6580 count=4096 submitted=26951680
t=19089699 read event=6581 count=4096 submitted=26955776
t=19092444 read event=6582 count=4096 submitted=26959872
t=19095192 read event=6583 count=4096 submitted=26963968
t=19098134 read event=6584 count=4096 submitted=26968064
t=19100955 read event=6585 count=4096 submitted=26972160
t=19103709 read event=6586 count=4096 submitted=26976256
t=19106454 read event=6587 count=4096 submitted=26980352
t=19109421 read event=6588 count=4096 submitted=26984448
t=19112250 read event=6589 count=4096 submitted=26988544
t=19115002 read event=6590 count=4096 submitted=26992640
t=19117771 read event=6591 count=4096 submitted=26996736
t=19120724 read event=6592 count=4096 submitted=27000832
t=19123547 read event=6593 count=4096 submitted=27004928
t=19126294 read event=6594 count=4096 submitted=27009024
t=19129041 read event=6595 count=4096 submitted=27013120
t=19131999 read event=6596 count=4096 submitted=27017216
t=19134817 read event=6597 count=4096 submitted=27021312
t=19137568 read event=6598 count=4096 submitted=27025408
t=19140309 read event=6599 count=4096 submitted=27029504
t=19143264 read event=6600 count=4096 submitted=27033600
t=19146087 read event=6601 count=4096 submitted=27037696
t=19148838 read event=6602 count=4096 submitted=27041792
t=19151584 read event=6603 count=4096 submitted=27045888
t=19154530 read event=6604 count=4096 submitted=27049984
t=19157344 read event=6605 count=4096 submitted=27054080
t=19160097 read event=6606 count=4096 submitted=27058176
t=19162843 read event=6607 count=4096 submitted=27062272
t=19165810 read event=6608 count=4096 submitted=27066368
t=19168628 read event=6609 count=4096 submitted=27070464
t=19171376 read event=6610 count=4096 submitted=27074560
t=19174123 read event=6611 count=4096 submitted=27078656
t=19177072 read event=6612 count=4096 submitted=27082752
t=19179891 read event=6613 count=4096 submitted=27086848
t=19182648 read event=6614 count=4096 submitted=27090944
t=19185395 read event=6615 count=4096 submitted=27095040
t=19188345 read event=6616 count=4096 submitted=27099136
t=19191174 read event=6617 count=4096 submitted=27103232
t=19193924 read event=6618 count=4096 submitted=27107328
t=19196677 read event=6619 count=4096 submitted=27111424
t=19199625 read event=6620 count=4096 submitted=27115520
t=19202438 read event=6621 count=4096 submitted=27119616
t=19205192 read event=6622 count=4096 submitted=27123712
t=19207941 read event=6623 count=4096 submitted=27127808
t=19210904 read event=6624 count=4096 submitted=27131904
t=19213722 read event=6625 count=4096 submitted=27136000
t=19216468 read event=6626 count=4096 submitted=27140096
t=19219220 read event=6627 count=4096 submitted=27144192
t=19222165 read event=6628 count=4096 submitted=27148288
t=19224982 read event=6629 count=4096 submitted=27152384
t=19227731 read event=6630 count=4096 submitted=27156480
t=19230532 read event=6631 count=4096 submitted=27160576
t=19233480 read event=6632 count=4096 submitted=27164672
t=19236307 read event=6633 count=4096 submitted=27168768
t=19239060 read event=6634 count=4096 submitted=27172864
t=19241809 read event=6635 count=4096 submitted=27176960
t=19244758 read event=6636 count=4096 submitted=27181056
t=19247573 read event=6637 count=4096 submitted=27185152
t=19250319 read event=6638 count=4096 submitted=27189248
t=19253068 read event=6639 count=4096 submitted=27193344
t=19256030 read event=6640 count=4096 submitted=27197440
t=19258851 read event=6641 count=4096 submitted=27201536
t=19261609 read event=6642 count=4096 submitted=27205632
t=19264350 read event=6643 count=4096 submitted=27209728
t=19267301 read event=6644 count=4096 submitted=27213824
t=19270121 read event=6645 count=4096 submitted=27217920
t=19272869 read event=6646 count=4096 submitted=27222016
t=19275618 read event=6647 count=4096 submitted=27226112
t=19278556 read event=6648 count=4096 submitted=27230208
t=19281367 read event=6649 count=4096 submitted=27234304
t=19284132 read event=6650 count=4096 submitted=27238400
t=19286880 read event=6651 count=4096 submitted=27242496
t=19289830 read event=6652 count=4096 submitted=27246592
t=19292654 read event=6653 count=4096 submitted=27250688
t=19295404 read event=6654 count=4096 submitted=27254784
t=19298154 read event=6655 count=4096 submitted=27258880
t=19301113 read event=6656 count=4096 submitted=27262976
t=19303932 read event=6657 count=4096 submitted=27267072
t=19306681 read event=6658 count=4096 submitted=27271168
t=19309425 read event=6659 count=4096 submitted=27275264
t=19312377 read event=6660 count=4096 submitted=27279360
t=19315193 read event=6661 count=4096 submitted=27283456
t=19317942 read event=6662 count=4096 submitted=27287552
t=19320722 read event=6663 count=4096 submitted=27291648
t=19323666 read event=6664 count=4096 submitted=27295744
t=19326480 read event=6665 count=4096 submitted=27299840
t=19329240 read event=6666 count=4096 submitted=27303936
t=19331989 read event=6667 count=4096 submitted=27308032
t=19334951 read event=6668 count=4096 submitted=27312128
t=19337774 read event=6669 count=4096 submitted=27316224
t=19340527 read event=6670 count=4096 submitted=27320320
t=19343272 read event=6671 count=4096 submitted=27324416
t=19346221 read event=6672 count=4096 submitted=27328512
t=19349045 read event=6673 count=4096 submitted=27332608
t=19351797 read event=6674 count=4096 submitted=27336704
t=19354544 read event=6675 count=4096 submitted=27340800
t=19357486 read event=6676 count=4096 submitted=27344896
t=19360312 read event=6677 count=4096 submitted=27348992
t=19363066 read event=6678 count=4096 submitted=27353088
t=19365813 read event=6679 count=4096 submitted=27357184
t=19368771 read event=6680 count=4096 submitted=27361280
t=19371595 read event=6681 count=4096 submitted=27365376
t=19374342 read event=6682 count=4096 submitted=27369472
t=19377091 read event=6683 count=4096 submitted=27373568
t=19380043 read event=6684 count=4096 submitted=27377664
t=19382869 read event=6685 count=4096 submitted=27381760
t=19385625 read event=6686 count=4096 submitted=27385856
t=19388367 read event=6687 count=4096 submitted=27389952
t=19391327 read event=6688 count=4096 submitted=27394048
t=19394153 read event=6689 count=4096 submitted=27398144
t=19396906 read event=6690 count=4096 submitted=27402240
t=19399655 read event=6691 count=4096 submitted=27406336
t=19402596 read event=6692 count=4096 submitted=27410432
t=19405410 read event=6693 count=4096 submitted=27414528
t=19408159 read event=6694 count=4096 submitted=27418624
t=19410911 read event=6695 count=4096 submitted=27422720
t=19413868 read event=6696 count=4096 submitted=27426816
t=19416875 read event=6697 count=4096 submitted=27430912
t=19419652 read event=6698 count=4096 submitted=27435008
t=19422397 read event=6699 count=4096 submitted=27439104
t=19425366 read event=6700 count=4096 submitted=27443200
t=19428193 read event=6701 count=4096 submitted=27447296
t=19430947 read event=6702 count=4096 submitted=27451392
t=19433704 read event=6703 count=4096 submitted=27455488
t=19436657 read event=6704 count=4096 submitted=27459584
t=19439530 read event=6705 count=4096 submitted=27463680
t=19442284 read event=6706 count=4096 submitted=27467776
t=19445037 read event=6707 count=4096 submitted=27471872
t=19447990 read event=6708 count=4096 submitted=27475968
t=19450813 read event=6709 count=4096 submitted=27480064
t=19453568 read event=6710 count=4096 submitted=27484160
t=19456309 read event=6711 count=4096 submitted=27488256
t=19459281 read event=6712 count=4096 submitted=27492352
t=19462102 read event=6713 count=4096 submitted=27496448
t=19464859 read event=6714 count=4096 submitted=27500544
t=19467611 read event=6715 count=4096 submitted=27504640
t=19470562 read event=6716 count=4096 submitted=27508736
t=19473388 read event=6717 count=4096 submitted=27512832
t=19476141 read event=6718 count=4096 submitted=27516928
t=19478891 read event=6719 count=4096 submitted=27521024
t=19481845 read event=6720 count=4096 submitted=27525120
t=19484677 read event=6721 count=4096 submitted=27529216
t=19487459 read event=6722 count=4096 submitted=27533312
t=19490211 read event=6723 count=4096 submitted=27537408
t=19493163 read event=6724 count=4096 submitted=27541504
t=19495987 read event=6725 count=4096 submitted=27545600
t=19498736 read event=6726 count=4096 submitted=27549696
t=19501481 read event=6727 count=4096 submitted=27553792
t=19504443 read event=6728 count=4096 submitted=27557888
t=19507266 read event=6729 count=4096 submitted=27561984
t=19510017 read event=6730 count=4096 submitted=27566080
t=19512764 read event=6731 count=4096 submitted=27570176
t=19515710 read event=6732 count=4096 submitted=27574272
t=19518525 read event=6733 count=4096 submitted=27578368
t=19521273 read event=6734 count=4096 submitted=27582464
t=19524041 read event=6735 count=4096 submitted=27586560
t=19526993 read event=6736 count=4096 submitted=27590656
t=19529820 read event=6737 count=4096 submitted=27594752
t=19532570 read event=6738 count=4096 submitted=27598848
t=19535316 read event=6739 count=4096 submitted=27602944
t=19538280 read event=6740 count=4096 submitted=27607040
t=19541102 read event=6741 count=4096 submitted=27611136
t=19543852 read event=6742 count=4096 submitted=27615232
t=19546598 read event=6743 count=4096 submitted=27619328
t=19549540 read event=6744 count=4096 submitted=27623424
t=19552353 read event=6745 count=4096 submitted=27627520
t=19555105 read event=6746 count=4096 submitted=27631616
t=19557850 read event=6747 count=4096 submitted=27635712
t=19560800 read event=6748 count=4096 submitted=27639808
t=19563616 read event=6749 count=4096 submitted=27643904
t=19566359 read event=6750 count=4096 submitted=27648000
t=19569106 read event=6751 count=4096 submitted=27652096
t=19572051 read event=6752 count=4096 submitted=27656192
t=19574873 read event=6753 count=4096 submitted=27660288
t=19577626 read event=6754 count=4096 submitted=27664384
t=19580368 read event=6755 count=4096 submitted=27668480
t=19583345 read event=6756 count=4096 submitted=27672576
t=19586168 read event=6757 count=4096 submitted=27676672
t=19588916 read event=6758 count=4096 submitted=27680768
t=19591664 read event=6759 count=4096 submitted=27684864
t=19594605 read event=6760 count=4096 submitted=27688960
t=19597426 read event=6761 count=4096 submitted=27693056
t=19600174 read event=6762 count=4096 submitted=27697152
t=19602921 read event=6763 count=4096 submitted=27701248
t=19605869 read event=6764 count=4096 submitted=27705344
t=19608684 read event=6765 count=4096 submitted=27709440
t=19611429 read event=6766 count=4096 submitted=27713536
t=19614175 read event=6767 count=4096 submitted=27717632
t=19617124 read event=6768 count=4096 submitted=27721728
t=19619945 read event=6769 count=4096 submitted=27725824
t=19622695 read event=6770 count=4096 submitted=27729920
t=19625437 read event=6771 count=4096 submitted=27734016
t=19628398 read event=6772 count=4096 submitted=27738112
t=19631216 read event=6773 count=4096 submitted=27742208
t=19633965 read event=6774 count=4096 submitted=27746304
t=19636713 read event=6775 count=4096 submitted=27750400
t=19639656 read event=6776 count=4096 submitted=27754496
t=19642465 read event=6777 count=4096 submitted=27758592
t=19645221 read event=6778 count=4096 submitted=27762688
t=19648019 read event=6779 count=4096 submitted=27766784
t=19650975 read event=6780 count=4096 submitted=27770880
t=19653801 read event=6781 count=4096 submitted=27774976
t=19656555 read event=6782 count=4096 submitted=27779072
t=19659298 read event=6783 count=4096 submitted=27783168
t=19662255 read event=6784 count=4096 submitted=27787264
t=19665081 read event=6785 count=4096 submitted=27791360
t=19667833 read event=6786 count=4096 submitted=27795456
t=19670581 read event=6787 count=4096 submitted=27799552
t=19673539 read event=6788 count=4096 submitted=27803648
t=19676352 read event=6789 count=4096 submitted=27807744
t=19679103 read event=6790 count=4096 submitted=27811840
t=19681853 read event=6791 count=4096 submitted=27815936
t=19684810 read event=6792 count=4096 submitted=27820032
t=19687629 read event=6793 count=4096 submitted=27824128
t=19690371 read event=6794 count=4096 submitted=27828224
t=19693120 read event=6795 count=4096 submitted=27832320
t=19696069 read event=6796 count=4096 submitted=27836416
t=19698897 read event=6797 count=4096 submitted=27840512
t=19701649 read event=6798 count=4096 submitted=27844608
t=19704390 read event=6799 count=4096 submitted=27848704
t=19707358 read event=6800 count=4096 submitted=27852800
t=19710178 read event=6801 count=4096 submitted=27856896
t=19712929 read event=6802 count=4096 submitted=27860992
t=19715677 read event=6803 count=4096 submitted=27865088
t=19718625 read event=6804 count=4096 submitted=27869184
t=19721437 read event=6805 count=4096 submitted=27873280
t=19724189 read event=6806 count=4096 submitted=27877376
t=19726956 read event=6807 count=4096 submitted=27881472
t=19729903 read event=6808 count=4096 submitted=27885568
t=19732721 read event=6809 count=4096 submitted=27889664
t=19735468 read event=6810 count=4096 submitted=27893760
t=19738220 read event=6811 count=4096 submitted=27897856
t=19741176 read event=6812 count=4096 submitted=27901952
t=19743988 read event=6813 count=4096 submitted=27906048
t=19746739 read event=6814 count=4096 submitted=27910144
t=19749482 read event=6815 count=4096 submitted=27914240
t=19752449 read event=6816 count=4096 submitted=27918336
t=19755275 read event=6817 count=4096 submitted=27922432
t=19758027 read event=6818 count=4096 submitted=27926528
t=19760774 read event=6819 count=4096 submitted=27930624
t=19763721 read event=6820 count=4096 submitted=27934720
t=19766540 read event=6821 count=4096 submitted=27938816
t=19769284 read event=6822 count=4096 submitted=27942912
t=19772034 read event=6823 count=4096 submitted=27947008
t=19774978 read event=6824 count=4096 submitted=27951104
t=19777796 read event=6825 count=4096 submitted=27955200
t=19780548 read event=6826 count=4096 submitted=27959296
t=19783303 read event=6827 count=4096 submitted=27963392
t=19786267 read event=6828 count=4096 submitted=27967488
t=19789091 read event=6829 count=4096 submitted=27971584
t=19791842 read event=6830 count=4096 submitted=27975680
t=19794589 read event=6831 count=4096 submitted=27979776
t=19797548 read event=6832 count=4096 submitted=27983872
t=19800369 read event=6833 count=4096 submitted=27987968
t=19803121 read event=6834 count=4096 submitted=27992064
t=19805872 read event=6835 count=4096 submitted=27996160
t=19808816 read event=6836 count=4096 submitted=28000256
t=19811637 read event=6837 count=4096 submitted=28004352
t=19814380 read event=6838 count=4096 submitted=28008448
t=19817128 read event=6839 count=4096 submitted=28012544
t=19820068 read event=6840 count=4096 submitted=28016640
t=19822887 read event=6841 count=4096 submitted=28020736
t=19825640 read event=6842 count=4096 submitted=28024832
t=19828380 read event=6843 count=4096 submitted=28028928
t=19831337 read event=6844 count=4096 submitted=28033024
t=19834155 read event=6845 count=4096 submitted=28037120
t=19836905 read event=6846 count=4096 submitted=28041216
t=19839654 read event=6847 count=4096 submitted=28045312
t=19842614 read event=6848 count=4096 submitted=28049408
t=19845430 read event=6849 count=4096 submitted=28053504
t=19848180 read event=6850 count=4096 submitted=28057600
t=19850930 read event=6851 count=4096 submitted=28061696
t=19853921 read event=6852 count=4096 submitted=28065792
t=19856745 read event=6853 count=4096 submitted=28069888
t=19859493 read event=6854 count=4096 submitted=28073984
t=19862243 read event=6855 count=4096 submitted=28078080
t=19865190 read event=6856 count=4096 submitted=28082176
t=19868010 read event=6857 count=4096 submitted=28086272
t=19870762 read event=6858 count=4096 submitted=28090368
t=19873512 read event=6859 count=4096 submitted=28094464
t=19876477 read event=6860 count=4096 submitted=28098560
t=19879305 read event=6861 count=4096 submitted=28102656
t=19882056 read event=6862 count=4096 submitted=28106752
t=19884815 read event=6863 count=4096 submitted=28110848
t=19887766 read event=6864 count=4096 submitted=28114944
t=19890586 read event=6865 count=4096 submitted=28119040
t=19893330 read event=6866 count=4096 submitted=28123136
t=19896078 read event=6867 count=4096 submitted=28127232
t=19899023 read event=6868 count=4096 submitted=28131328
t=19901849 read event=6869 count=4096 submitted=28135424
t=19904599 read event=6870 count=4096 submitted=28139520
t=19907342 read event=6871 count=4096 submitted=28143616
t=19910295 read event=6872 count=4096 submitted=28147712
t=19913111 read event=6873 count=4096 submitted=28151808
t=19915861 read event=6874 count=4096 submitted=28155904
t=19918609 read event=6875 count=4096 submitted=28160000
t=19921570 read event=6876 count=4096 submitted=28164096
t=19924381 read event=6877 count=4096 submitted=28168192
t=19927153 read event=6878 count=4096 submitted=28172288
t=19929905 read event=6879 count=4096 submitted=28176384
t=19932857 read event=6880 count=4096 submitted=28180480
t=19935684 read event=6881 count=4096 submitted=28184576
t=19938433 read event=6882 count=4096 submitted=28188672
t=19941182 read event=6883 count=4096 submitted=28192768
t=19944129 read event=6884 count=4096 submitted=28196864
t=19946952 read event=6885 count=4096 submitted=28200960
t=19949716 read event=6886 count=4096 submitted=28205056
t=19952462 read event=6887 count=4096 submitted=28209152
t=19955428 read event=6888 count=4096 submitted=28213248
t=19958258 read event=6889 count=4096 submitted=28217344
t=19961014 read event=6890 count=4096 submitted=28221440
t=19963762 read event=6891 count=4096 submitted=28225536
t=19966724 read event=6892 count=4096 submitted=28229632
t=19969547 read event=6893 count=4096 submitted=28233728
t=19972293 read event=6894 count=4096 submitted=28237824
t=19975042 read event=6895 count=4096 submitted=28241920
t=19977992 read event=6896 count=4096 submitted=28246016
t=19980824 read event=6897 count=4096 submitted=28250112
t=19983591 read event=6898 count=4096 submitted=28254208
t=19986333 read event=6899 count=4096 submitted=28258304
t=19989283 read event=6900 count=4096 submitted=28262400
t=19992104 read event=6901 count=4096 submitted=28266496
t=19994851 read event=6902 count=4096 submitted=28270592
t=19997602 read event=6903 count=4096 submitted=28274688
t=20000553 read event=6904 count=4096 submitted=28278784
t=20003380 read event=6905 count=4096 submitted=28282880
t=20006131 read event=6906 count=4096 submitted=28286976
t=20008880 read event=6907 count=4096 submitted=28291072
t=20011842 read event=6908 count=4096 submitted=28295168
t=20014656 read event=6909 count=4096 submitted=28299264
t=20017402 read event=6910 count=4096 submitted=28303360
t=20020150 read event=6911 count=4096 submitted=28307456
t=20023098 read event=6912 count=4096 submitted=28311552
t=20025917 read event=6913 count=4096 submitted=28315648
t=20028668 read event=6914 count=4096 submitted=28319744
t=20031408 read event=6915 count=4096 submitted=28323840
t=20034358 read event=6916 count=4096 submitted=28327936
t=20037181 read event=6917 count=4096 submitted=28332032
t=20039931 read event=6918 count=4096 submitted=28336128
t=20042681 read event=6919 count=4096 submitted=28340224
t=20045639 read event=6920 count=4096 submitted=28344320
t=20048452 read event=6921 count=4096 submitted=28348416
t=20051206 read event=6922 count=4096 submitted=28352512
t=20053956 read event=6923 count=4096 submitted=28356608
t=20056904 read event=6924 count=4096 submitted=28360704
t=20059722 read event=6925 count=4096 submitted=28364800
t=20062512 read event=6926 count=4096 submitted=28368896
t=20065269 read event=6927 count=4096 submitted=28372992
t=20068215 read event=6928 count=4096 submitted=28377088
t=20071036 read event=6929 count=4096 submitted=28381184
t=20073789 read event=6930 count=4096 submitted=28385280
t=20076533 read event=6931 count=4096 submitted=28389376
t=20079477 read event=6932 count=4096 submitted=28393472
t=20082341 read event=6933 count=4096 submitted=28397568
t=20085106 read event=6934 count=4096 submitted=28401664
t=20087857 read event=6935 count=4096 submitted=28405760
t=20090824 read event=6936 count=4096 submitted=28409856
t=20093649 read event=6937 count=4096 submitted=28413952
t=20096394 read event=6938 count=4096 submitted=28418048
t=20099141 read event=6939 count=4096 submitted=28422144
t=20102091 read event=6940 count=4096 submitted=28426240
t=20104917 read event=6941 count=4096 submitted=28430336
t=20107672 read event=6942 count=4096 submitted=28434432
t=20110410 read event=6943 count=4096 submitted=28438528
t=20113369 read event=6944 count=4096 submitted=28442624
t=20116188 read event=6945 count=4096 submitted=28446720
t=20118937 read event=6946 count=4096 submitted=28450816
t=20121685 read event=6947 count=4096 submitted=28454912
t=20124627 read event=6948 count=4096 submitted=28459008
t=20127442 read event=6949 count=4096 submitted=28463104
t=20130222 read event=6950 count=4096 submitted=28467200
t=20132976 read event=6951 count=4096 submitted=28471296
t=20135937 read event=6952 count=4096 submitted=28475392
t=20138765 read event=6953 count=4096 submitted=28479488
t=20141523 read event=6954 count=4096 submitted=28483584
t=20144265 read event=6955 count=4096 submitted=28487680
t=20147214 read event=6956 count=4096 submitted=28491776
t=20150036 read event=6957 count=4096 submitted=28495872
t=20152788 read event=6958 count=4096 submitted=28499968
t=20155540 read event=6959 count=4096 submitted=28504064
t=20158479 read event=6960 count=4096 submitted=28508160
t=20161305 read event=6961 count=4096 submitted=28512256
t=20164056 read event=6962 count=4096 submitted=28516352
t=20166805 read event=6963 count=4096 submitted=28520448
t=20169749 read event=6964 count=4096 submitted=28524544
t=20172564 read event=6965 count=4096 submitted=28528640
t=20175310 read event=6966 count=4096 submitted=28532736
t=20178057 read event=6967 count=4096 submitted=28536832
t=20181018 read event=6968 count=4096 submitted=28540928
t=20183847 read event=6969 count=4096 submitted=28545024
t=20186599 read event=6970 count=4096 submitted=28549120
t=20189343 read event=6971 count=4096 submitted=28553216
t=20192301 read event=6972 count=4096 submitted=28557312
t=20195119 read event=6973 count=4096 submitted=28561408
t=20197874 read event=6974 count=4096 submitted=28565504
t=20200618 read event=6975 count=4096 submitted=28569600
t=20203567 read event=6976 count=4096 submitted=28573696
t=20206387 read event=6977 count=4096 submitted=28577792
t=20209137 read event=6978 count=4096 submitted=28581888
t=20211884 read event=6979 count=4096 submitted=28585984
t=20214837 read event=6980 count=4096 submitted=28590080
t=20217661 read event=6981 count=4096 submitted=28594176
t=20220409 read event=6982 count=4096 submitted=28598272
t=20223158 read event=6983 count=4096 submitted=28602368
t=20226107 read event=6984 count=4096 submitted=28606464
t=20228922 read event=6985 count=4096 submitted=28610560
t=20231673 read event=6986 count=4096 submitted=28614656
t=20234414 read event=6987 count=4096 submitted=28618752
t=20237373 read event=6988 count=4096 submitted=28622848
t=20240193 read event=6989 count=4096 submitted=28626944
t=20242944 read event=6990 count=4096 submitted=28631040
t=20245697 read event=6991 count=4096 submitted=28635136
t=20248644 read event=6992 count=4096 submitted=28639232
t=20251458 read event=6993 count=4096 submitted=28643328
t=20254210 read event=6994 count=4096 submitted=28647424
t=20256958 read event=6995 count=4096 submitted=28651520
t=20259915 read event=6996 count=4096 submitted=28655616
t=20262729 read event=6997 count=4096 submitted=28659712
t=20265476 read event=6998 count=4096 submitted=28663808
t=20268231 read event=6999 count=4096 submitted=28667904
t=20271233 read event=7000 count=4096 submitted=28672000
t=20274060 read event=7001 count=4096 submitted=28676096
t=20276810 read event=7002 count=4096 submitted=28680192
t=20279557 read event=7003 count=4096 submitted=28684288
t=20282498 read event=7004 count=4096 submitted=28688384
t=20285334 read event=7005 count=4096 submitted=28692480
t=20288085 read event=7006 count=4096 submitted=28696576
t=20290836 read event=7007 count=4096 submitted=28700672
t=20293782 read event=7008 count=4096 submitted=28704768
t=20296602 read event=7009 count=4096 submitted=28708864
t=20299347 read event=7010 count=4096 submitted=28712960
t=20302094 read event=7011 count=4096 submitted=28717056
t=20305051 read event=7012 count=4096 submitted=28721152
t=20307876 read event=7013 count=4096 submitted=28725248
t=20310625 read event=7014 count=4096 submitted=28729344
t=20313374 read event=7015 count=4096 submitted=28733440
t=20316342 read event=7016 count=4096 submitted=28737536
t=20319168 read event=7017 count=4096 submitted=28741632
t=20321922 read event=7018 count=4096 submitted=28745728
t=20324671 read event=7019 count=4096 submitted=28749824
t=20327621 read event=7020 count=4096 submitted=28753920
t=20330436 read event=7021 count=4096 submitted=28758016
t=20333206 read event=7022 count=4096 submitted=28762112
t=20335955 read event=7023 count=4096 submitted=28766208
t=20338903 read event=7024 count=4096 submitted=28770304
t=20341733 read event=7025 count=4096 submitted=28774400
t=20344474 read event=7026 count=4096 submitted=28778496
t=20347230 read event=7027 count=4096 submitted=28782592
t=20350187 read event=7028 count=4096 submitted=28786688
t=20353010 read event=7029 count=4096 submitted=28790784
t=20355761 read event=7030 count=4096 submitted=28794880
t=20358501 read event=7031 count=4096 submitted=28798976
t=20361455 read event=7032 count=4096 submitted=28803072
t=20364275 read event=7033 count=4096 submitted=28807168
t=20367025 read event=7034 count=4096 submitted=28811264
t=20369772 read event=7035 count=4096 submitted=28815360
t=20372717 read event=7036 count=4096 submitted=28819456
t=20375536 read event=7037 count=4096 submitted=28823552
t=20378281 read event=7038 count=4096 submitted=28827648
t=20381028 read event=7039 count=4096 submitted=28831744
t=20384001 read event=7040 count=4096 submitted=28835840
t=20386829 read event=7041 count=4096 submitted=28839936
t=20389586 read event=7042 count=4096 submitted=28844032
t=20392330 read event=7043 count=4096 submitted=28848128
t=20395281 read event=7044 count=4096 submitted=28852224
t=20398098 read event=7045 count=4096 submitted=28856320
t=20400848 read event=7046 count=4096 submitted=28860416
t=20403598 read event=7047 count=4096 submitted=28864512
t=20406541 read event=7048 count=4096 submitted=28868608
t=20409359 read event=7049 count=4096 submitted=28872704
t=20412113 read event=7050 count=4096 submitted=28876800
t=20414864 read event=7051 count=4096 submitted=28880896
t=20417814 read event=7052 count=4096 submitted=28884992
t=20420631 read event=7053 count=4096 submitted=28889088
t=20423380 read event=7054 count=4096 submitted=28893184
t=20426129 read event=7055 count=4096 submitted=28897280
t=20429088 read event=7056 count=4096 submitted=28901376
t=20431906 read event=7057 count=4096 submitted=28905472
t=20434655 read event=7058 count=4096 submitted=28909568
t=20437399 read event=7059 count=4096 submitted=28913664
t=20440354 read event=7060 count=4096 submitted=28917760
t=20443180 read event=7061 count=4096 submitted=28921856
t=20445928 read event=7062 count=4096 submitted=28925952
t=20448679 read event=7063 count=4096 submitted=28930048
t=20451628 read event=7064 count=4096 submitted=28934144
t=20454434 read event=7065 count=4096 submitted=28938240
t=20457190 read event=7066 count=4096 submitted=28942336
t=20459938 read event=7067 count=4096 submitted=28946432
t=20462888 read event=7068 count=4096 submitted=28950528
t=20465707 read event=7069 count=4096 submitted=28954624
t=20468452 read event=7070 count=4096 submitted=28958720
t=20471205 read event=7071 count=4096 submitted=28962816
t=20474163 read event=7072 count=4096 submitted=28966912
t=20476981 read event=7073 count=4096 submitted=28971008
t=20479784 read event=7074 count=4096 submitted=28975104
t=20482545 read event=7075 count=4096 submitted=28979200
t=20485487 read event=7076 count=4096 submitted=28983296
t=20488326 read event=7077 count=4096 submitted=28987392
t=20491077 read event=7078 count=4096 submitted=28991488
t=20493829 read event=7079 count=4096 submitted=28995584
t=20496773 read event=7080 count=4096 submitted=28999680
t=20499591 read event=7081 count=4096 submitted=29003776
t=20502337 read event=7082 count=4096 submitted=29007872
t=20505085 read event=7083 count=4096 submitted=29011968
t=20508031 read event=7084 count=4096 submitted=29016064
t=20510893 read event=7085 count=4096 submitted=29020160
t=20513655 read event=7086 count=4096 submitted=29024256
t=20516423 read event=7087 count=4096 submitted=29028352
t=20519413 read event=7088 count=4096 submitted=29032448
t=20522255 read event=7089 count=4096 submitted=29036544
t=20525008 read event=7090 count=4096 submitted=29040640
t=20527757 read event=7091 count=4096 submitted=29044736
t=20530704 read event=7092 count=4096 submitted=29048832
t=20533530 read event=7093 count=4096 submitted=29052928
t=20536297 read event=7094 count=4096 submitted=29057024
t=20539051 read event=7095 count=4096 submitted=29061120
t=20542001 read event=7096 count=4096 submitted=29065216
t=20544823 read event=7097 count=4096 submitted=29069312
t=20547576 read event=7098 count=4096 submitted=29073408
t=20550321 read event=7099 count=4096 submitted=29077504
t=20553292 read event=7100 count=4096 submitted=29081600
t=20556114 read event=7101 count=4096 submitted=29085696
t=20558868 read event=7102 count=4096 submitted=29089792
t=20561619 read event=7103 count=4096 submitted=29093888
t=20564565 read event=7104 count=4096 submitted=29097984
t=20567383 read event=7105 count=4096 submitted=29102080
t=20570134 read event=7106 count=4096 submitted=29106176
t=20572882 read event=7107 count=4096 submitted=29110272
t=20575825 read event=7108 count=4096 submitted=29114368
t=20578640 read event=7109 count=4096 submitted=29118464
t=20581383 read event=7110 count=4096 submitted=29122560
t=20584143 read event=7111 count=4096 submitted=29126656
t=20587092 read event=7112 count=4096 submitted=29130752
t=20589910 read event=7113 count=4096 submitted=29134848
t=20592660 read event=7114 count=4096 submitted=29138944
t=20595401 read event=7115 count=4096 submitted=29143040
t=20598367 read event=7116 count=4096 submitted=29147136
t=20601185 read event=7117 count=4096 submitted=29151232
t=20603939 read event=7118 count=4096 submitted=29155328
t=20606688 read event=7119 count=4096 submitted=29159424
t=20609635 read event=7120 count=4096 submitted=29163520
t=20612458 read event=7121 count=4096 submitted=29167616
t=20615211 read event=7122 count=4096 submitted=29171712
t=20617959 read event=7123 count=4096 submitted=29175808
t=20620902 read event=7124 count=4096 submitted=29179904
t=20623723 read event=7125 count=4096 submitted=29184000
t=20626465 read event=7126 count=4096 submitted=29188096
t=20629214 read event=7127 count=4096 submitted=29192192
t=20632161 read event=7128 count=4096 submitted=29196288
t=20634975 read event=7129 count=4096 submitted=29200384
t=20637726 read event=7130 count=4096 submitted=29204480
t=20640467 read event=7131 count=4096 submitted=29208576
t=20643435 read event=7132 count=4096 submitted=29212672
t=20646254 read event=7133 count=4096 submitted=29216768
t=20649006 read event=7134 count=4096 submitted=29220864
t=20651753 read event=7135 count=4096 submitted=29224960
t=20654698 read event=7136 count=4096 submitted=29229056
t=20657524 read event=7137 count=4096 submitted=29233152
t=20660266 read event=7138 count=4096 submitted=29237248
t=20663013 read event=7139 count=4096 submitted=29241344
t=20665955 read event=7140 count=4096 submitted=29245440
t=20668773 read event=7141 count=4096 submitted=29249536
t=20671527 read event=7142 count=4096 submitted=29253632
t=20674273 read event=7143 count=4096 submitted=29257728
t=20677226 read event=7144 count=4096 submitted=29261824
t=20680040 read event=7145 count=4096 submitted=29265920
t=20682799 read event=7146 count=4096 submitted=29270016
t=20685550 read event=7147 count=4096 submitted=29274112
t=20688562 read event=7148 count=4096 submitted=29278208
t=20691387 read event=7149 count=4096 submitted=29282304
t=20694139 read event=7150 count=4096 submitted=29286400
t=20696889 read event=7151 count=4096 submitted=29290496
t=20699833 read event=7152 count=4096 submitted=29294592
t=20702654 read event=7153 count=4096 submitted=29298688
t=20705400 read event=7154 count=4096 submitted=29302784
t=20708146 read event=7155 count=4096 submitted=29306880
t=20711092 read event=7156 count=4096 submitted=29310976
t=20713918 read event=7157 count=4096 submitted=29315072
t=20716669 read event=7158 count=4096 submitted=29319168
t=20719415 read event=7159 count=4096 submitted=29323264
t=20722381 read event=7160 count=4096 submitted=29327360
t=20725199 read event=7161 count=4096 submitted=29331456
t=20727950 read event=7162 count=4096 submitted=29335552
t=20730696 read event=7163 count=4096 submitted=29339648
t=20733643 read event=7164 count=4096 submitted=29343744
t=20736453 read event=7165 count=4096 submitted=29347840
t=20739229 read event=7166 count=4096 submitted=29351936
t=20741982 read event=7167 count=4096 submitted=29356032
t=20744932 read event=7168 count=4096 submitted=29360128
t=20747757 read event=7169 count=4096 submitted=29364224
t=20750501 read event=7170 count=4096 submitted=29368320
t=20753253 read event=7171 count=4096 submitted=29372416
t=20756197 read event=7172 count=4096 submitted=29376512
t=20759022 read event=7173 count=4096 submitted=29380608
t=20761773 read event=7174 count=4096 submitted=29384704
t=20764523 read event=7175 count=4096 submitted=29388800
t=20767479 read event=7176 count=4096 submitted=29392896
t=20770296 read event=7177 count=4096 submitted=29396992
t=20773047 read event=7178 count=4096 submitted=29401088
t=20775795 read event=7179 count=4096 submitted=29405184
t=20778744 read event=7180 count=4096 submitted=29409280
t=20781560 read event=7181 count=4096 submitted=29413376
t=20784316 read event=7182 count=4096 submitted=29417472
t=20787065 read event=7183 count=4096 submitted=29421568
t=20790013 read event=7184 count=4096 submitted=29425664
t=20792832 read event=7185 count=4096 submitted=29429760
t=20795585 read event=7186 count=4096 submitted=29433856
t=20798325 read event=7187 count=4096 submitted=29437952
t=20801278 read event=7188 count=4096 submitted=29442048
t=20804100 read event=7189 count=4096 submitted=29446144
t=20806848 read event=7190 count=4096 submitted=29450240
t=20809599 read event=7191 count=4096 submitted=29454336
t=20812555 read event=7192 count=4096 submitted=29458432
t=20815373 read event=7193 count=4096 submitted=29462528
t=20818125 read event=7194 count=4096 submitted=29466624
t=20820870 read event=7195 count=4096 submitted=29470720
t=20823820 read event=7196 count=4096 submitted=29474816
t=20826641 read event=7197 count=4096 submitted=29478912
t=20829384 read event=7198 count=4096 submitted=29483008
t=20832134 read event=7199 count=4096 submitted=29487104
t=20835078 read event=7200 count=4096 submitted=29491200
t=20837902 read event=7201 count=4096 submitted=29495296
t=20840652 read event=7202 count=4096 submitted=29499392
t=20843394 read event=7203 count=4096 submitted=29503488
t=20846347 read event=7204 count=4096 submitted=29507584
t=20849170 read event=7205 count=4096 submitted=29511680
t=20851921 read event=7206 count=4096 submitted=29515776
t=20854670 read event=7207 count=4096 submitted=29519872
t=20857630 read event=7208 count=4096 submitted=29523968
t=20860443 read event=7209 count=4096 submitted=29528064
t=20863201 read event=7210 count=4096 submitted=29532160
t=20865950 read event=7211 count=4096 submitted=29536256
t=20868894 read event=7212 count=4096 submitted=29540352
t=20871711 read event=7213 count=4096 submitted=29544448
t=20874453 read event=7214 count=4096 submitted=29548544
t=20877199 read event=7215 count=4096 submitted=29552640
t=20880142 read event=7216 count=4096 submitted=29556736
t=20882976 read event=7217 count=4096 submitted=29560832
t=20885729 read event=7218 count=4096 submitted=29564928
t=20888470 read event=7219 count=4096 submitted=29569024
t=20891440 read event=7220 count=4096 submitted=29573120
t=20894313 read event=7221 count=4096 submitted=29577216
t=20897067 read event=7222 count=4096 submitted=29581312
t=20899816 read event=7223 count=4096 submitted=29585408
t=20902764 read event=7224 count=4096 submitted=29589504
t=20905584 read event=7225 count=4096 submitted=29593600
t=20908330 read event=7226 count=4096 submitted=29597696
t=20911079 read event=7227 count=4096 submitted=29601792
t=20914025 read event=7228 count=4096 submitted=29605888
t=20916850 read event=7229 count=4096 submitted=29609984
t=20919605 read event=7230 count=4096 submitted=29614080
t=20922345 read event=7231 count=4096 submitted=29618176
t=20925302 read event=7232 count=4096 submitted=29622272
t=20928124 read event=7233 count=4096 submitted=29626368
t=20930873 read event=7234 count=4096 submitted=29630464
t=20933622 read event=7235 count=4096 submitted=29634560
t=20936581 read event=7236 count=4096 submitted=29638656
t=20939397 read event=7237 count=4096 submitted=29642752
t=20942166 read event=7238 count=4096 submitted=29646848
t=20944923 read event=7239 count=4096 submitted=29650944
t=20947879 read event=7240 count=4096 submitted=29655040
t=20950719 read event=7241 count=4096 submitted=29659136
t=20953470 read event=7242 count=4096 submitted=29663232
t=20956229 read event=7243 count=4096 submitted=29667328
t=20959181 read event=7244 count=4096 submitted=29671424
t=20962003 read event=7245 count=4096 submitted=29675520
t=20964753 read event=7246 count=4096 submitted=29679616
t=20967496 read event=7247 count=4096 submitted=29683712
t=20970445 read event=7248 count=4096 submitted=29687808
t=20973272 read event=7249 count=4096 submitted=29691904
t=20976025 read event=7250 count=4096 submitted=29696000
t=20978771 read event=7251 count=4096 submitted=29700096
t=20981729 read event=7252 count=4096 submitted=29704192
t=20984558 read event=7253 count=4096 submitted=29708288
t=20987309 read event=7254 count=4096 submitted=29712384
t=20990058 read event=7255 count=4096 submitted=29716480
t=20993006 read event=7256 count=4096 submitted=29720576
t=20995837 read event=7257 count=4096 submitted=29724672
t=20998585 read event=7258 count=4096 submitted=29728768
t=21001329 read event=7259 count=4096 submitted=29732864
t=21004281 read event=7260 count=4096 submitted=29736960
t=21007101 read event=7261 count=4096 submitted=29741056
t=21009852 read event=7262 count=4096 submitted=29745152
t=21012599 read event=7263 count=4096 submitted=29749248
t=21015547 read event=7264 count=4096 submitted=29753344
t=21018370 read event=7265 count=4096 submitted=29757440
t=21021123 read event=7266 count=4096 submitted=29761536
t=21023870 read event=7267 count=4096 submitted=29765632
t=21026841 read event=7268 count=4096 submitted=29769728
t=21029664 read event=7269 count=4096 submitted=29773824
t=21032410 read event=7270 count=4096 submitted=29777920
t=21035161 read event=7271 count=4096 submitted=29782016
t=21038107 read event=7272 count=4096 submitted=29786112
t=21040926 read event=7273 count=4096 submitted=29790208
t=21043679 read event=7274 count=4096 submitted=29794304
t=21046420 read event=7275 count=4096 submitted=29798400
t=21049372 read event=7276 count=4096 submitted=29802496
t=21052191 read event=7277 count=4096 submitted=29806592
t=21054941 read event=7278 count=4096 submitted=29810688
t=21057693 read event=7279 count=4096 submitted=29814784
t=21060650 read event=7280 count=4096 submitted=29818880
t=21063472 read event=7281 count=4096 submitted=29822976
t=21066228 read event=7282 count=4096 submitted=29827072
t=21068976 read event=7283 count=4096 submitted=29831168
t=21071921 read event=7284 count=4096 submitted=29835264
t=21074739 read event=7285 count=4096 submitted=29839360
t=21077483 read event=7286 count=4096 submitted=29843456
t=21080236 read event=7287 count=4096 submitted=29847552
t=21083196 read event=7288 count=4096 submitted=29851648
t=21086015 read event=7289 count=4096 submitted=29855744
t=21088768 read event=7290 count=4096 submitted=29859840
t=21091509 read event=7291 count=4096 submitted=29863936
t=21094455 read event=7292 count=4096 submitted=29868032
t=21097279 read event=7293 count=4096 submitted=29872128
t=21100028 read event=7294 count=4096 submitted=29876224
t=21102829 read event=7295 count=4096 submitted=29880320
t=21105797 read event=7296 count=4096 submitted=29884416
t=21108627 read event=7297 count=4096 submitted=29888512
t=21111371 read event=7298 count=4096 submitted=29892608
t=21114114 read event=7299 count=4096 submitted=29896704
t=21117060 read event=7300 count=4096 submitted=29900800
t=21119885 read event=7301 count=4096 submitted=29904896
t=21122634 read event=7302 count=4096 submitted=29908992
t=21125375 read event=7303 count=4096 submitted=29913088
t=21128328 read event=7304 count=4096 submitted=29917184
t=21131148 read event=7305 count=4096 submitted=29921280
t=21133899 read event=7306 count=4096 submitted=29925376
t=21136649 read event=7307 count=4096 submitted=29929472
t=21139597 read event=7308 count=4096 submitted=29933568
t=21142408 read event=7309 count=4096 submitted=29937664
t=21145182 read event=7310 count=4096 submitted=29941760
t=21147935 read event=7311 count=4096 submitted=29945856
t=21150898 read event=7312 count=4096 submitted=29949952
t=21153735 read event=7313 count=4096 submitted=29954048
t=21156484 read event=7314 count=4096 submitted=29958144
t=21159239 read event=7315 count=4096 submitted=29962240
t=21162188 read event=7316 count=4096 submitted=29966336
t=21165008 read event=7317 count=4096 submitted=29970432
t=21167759 read event=7318 count=4096 submitted=29974528
t=21170504 read event=7319 count=4096 submitted=29978624
t=21173455 read event=7320 count=4096 submitted=29982720
t=21176281 read event=7321 count=4096 submitted=29986816
t=21179033 read event=7322 count=4096 submitted=29990912
t=21181783 read event=7323 count=4096 submitted=29995008
t=21184740 read event=7324 count=4096 submitted=29999104
t=21187562 read event=7325 count=4096 submitted=30003200
t=21190308 read event=7326 count=4096 submitted=30007296
t=21193058 read event=7327 count=4096 submitted=30011392
t=21196017 read event=7328 count=4096 submitted=30015488
t=21198839 read event=7329 count=4096 submitted=30019584
t=21201592 read event=7330 count=4096 submitted=30023680
t=21204332 read event=7331 count=4096 submitted=30027776
t=21207286 read event=7332 count=4096 submitted=30031872
t=21210104 read event=7333 count=4096 submitted=30035968
t=21212854 read event=7334 count=4096 submitted=30040064
t=21215605 read event=7335 count=4096 submitted=30044160
t=21218549 read event=7336 count=4096 submitted=30048256
t=21221366 read event=7337 count=4096 submitted=30052352
t=21224121 read event=7338 count=4096 submitted=30056448
t=21226868 read event=7339 count=4096 submitted=30060544
t=21229827 read event=7340 count=4096 submitted=30064640
t=21232643 read event=7341 count=4096 submitted=30068736
t=21235386 read event=7342 count=4096 submitted=30072832
t=21238133 read event=7343 count=4096 submitted=30076928
t=21241082 read event=7344 count=4096 submitted=30081024
t=21243901 read event=7345 count=4096 submitted=30085120
t=21246650 read event=7346 count=4096 submitted=30089216
t=21249395 read event=7347 count=4096 submitted=30093312
t=21252351 read event=7348 count=4096 submitted=30097408
t=21255170 read event=7349 count=4096 submitted=30101504
t=21257917 read event=7350 count=4096 submitted=30105600
t=21260664 read event=7351 count=4096 submitted=30109696
t=21263609 read event=7352 count=4096 submitted=30113792
t=21266418 read event=7353 count=4096 submitted=30117888
t=21269176 read event=7354 count=4096 submitted=30121984
t=21271922 read event=7355 count=4096 submitted=30126080
t=21274878 read event=7356 count=4096 submitted=30130176
t=21277694 read event=7357 count=4096 submitted=30134272
t=21280438 read event=7358 count=4096 submitted=30138368
t=21283198 read event=7359 count=4096 submitted=30142464
t=21286146 read event=7360 count=4096 submitted=30146560
t=21288968 read event=7361 count=4096 submitted=30150656
t=21291720 read event=7362 count=4096 submitted=30154752
t=21294460 read event=7363 count=4096 submitted=30158848
t=21297419 read event=7364 count=4096 submitted=30162944
t=21300243 read event=7365 count=4096 submitted=30167040
t=21302993 read event=7366 count=4096 submitted=30171136
t=21305742 read event=7367 count=4096 submitted=30175232
t=21308692 read event=7368 count=4096 submitted=30179328
t=21311565 read event=7369 count=4096 submitted=30183424
t=21314314 read event=7370 count=4096 submitted=30187520
t=21317063 read event=7371 count=4096 submitted=30191616
t=21320024 read event=7372 count=4096 submitted=30195712
t=21322857 read event=7373 count=4096 submitted=30199808
t=21325613 read event=7374 count=4096 submitted=30203904
t=21328356 read event=7375 count=4096 submitted=30208000
t=21331316 read event=7376 count=4096 submitted=30212096
t=21334136 read event=7377 count=4096 submitted=30216192
t=21336890 read event=7378 count=4096 submitted=30220288
t=21339641 read event=7379 count=4096 submitted=30224384
t=21342588 read event=7380 count=4096 submitted=30228480
t=21345406 read event=7381 count=4096 submitted=30232576
t=21348178 read event=7382 count=4096 submitted=30236672
t=21350928 read event=7383 count=4096 submitted=30240768
t=21353876 read event=7384 count=4096 submitted=30244864
t=21356700 read event=7385 count=4096 submitted=30248960
t=21359449 read event=7386 count=4096 submitted=30253056
t=21362197 read event=7387 count=4096 submitted=30257152
t=21365155 read event=7388 count=4096 submitted=30261248
t=21367972 read event=7389 count=4096 submitted=30265344
t=21370722 read event=7390 count=4096 submitted=30269440
t=21373463 read event=7391 count=4096 submitted=30273536
t=21376429 read event=7392 count=4096 submitted=30277632
t=21379253 read event=7393 count=4096 submitted=30281728
t=21382004 read event=7394 count=4096 submitted=30285824
t=21384766 read event=7395 count=4096 submitted=30289920
t=21387717 read event=7396 count=4096 submitted=30294016
t=21390535 read event=7397 count=4096 submitted=30298112
t=21393281 read event=7398 count=4096 submitted=30302208
t=21396028 read event=7399 count=4096 submitted=30306304
t=21398985 read event=7400 count=4096 submitted=30310400
t=21401807 read event=7401 count=4096 submitted=30314496
t=21404558 read event=7402 count=4096 submitted=30318592
t=21407302 read event=7403 count=4096 submitted=30322688
t=21410254 read event=7404 count=4096 submitted=30326784
t=21413073 read event=7405 count=4096 submitted=30330880
t=21415826 read event=7406 count=4096 submitted=30334976
t=21418571 read event=7407 count=4096 submitted=30339072
t=21421514 read event=7408 count=4096 submitted=30343168
t=21424341 read event=7409 count=4096 submitted=30347264
t=21427095 read event=7410 count=4096 submitted=30351360
t=21429842 read event=7411 count=4096 submitted=30355456
t=21432784 read event=7412 count=4096 submitted=30359552
t=21435606 read event=7413 count=4096 submitted=30363648
t=21438348 read event=7414 count=4096 submitted=30367744
t=21441098 read event=7415 count=4096 submitted=30371840
t=21444052 read event=7416 count=4096 submitted=30375936
t=21446868 read event=7417 count=4096 submitted=30380032
t=21449622 read event=7418 count=4096 submitted=30384128
t=21452364 read event=7419 count=4096 submitted=30388224
t=21455320 read event=7420 count=4096 submitted=30392320
t=21458142 read event=7421 count=4096 submitted=30396416
t=21460894 read event=7422 count=4096 submitted=30400512
t=21463644 read event=7423 count=4096 submitted=30404608
t=21466591 read event=7424 count=4096 submitted=30408704
t=21469404 read event=7425 count=4096 submitted=30412800
t=21472154 read event=7426 count=4096 submitted=30416896
t=21474902 read event=7427 count=4096 submitted=30420992
t=21477848 read event=7428 count=4096 submitted=30425088
t=21480662 read event=7429 count=4096 submitted=30429184
t=21483420 read event=7430 count=4096 submitted=30433280
t=21486172 read event=7431 count=4096 submitted=30437376
t=21489132 read event=7432 count=4096 submitted=30441472
t=21492513 read event=7433 count=4096 submitted=30445568
t=21497804 read event=7434 count=4096 submitted=30449664
t=21501872 read event=7435 count=4096 submitted=30453760
t=21505153 read event=7436 count=4096 submitted=30457856
t=21507985 read event=7437 count=4096 submitted=30461952
t=21511940 read event=7438 count=4096 submitted=30466048
t=21514686 read event=7439 count=4096 submitted=30470144
t=21517681 read event=7440 count=4096 submitted=30474240
t=21520500 read event=7441 count=4096 submitted=30478336
t=21523783 read event=7442 count=4096 submitted=30482432
t=21529714 read event=7443 count=4096 submitted=30486528
t=21533990 read event=7444 count=4096 submitted=30490624
t=21537471 read event=7445 count=4096 submitted=30494720
t=21540228 read event=7446 count=4096 submitted=30498816
t=21544493 read event=7447 count=4096 submitted=30502912
t=21547455 read event=7448 count=4096 submitted=30507008
t=21550280 read event=7449 count=4096 submitted=30511104
t=21553033 read event=7450 count=4096 submitted=30515200
t=21555782 read event=7451 count=4096 submitted=30519296
t=21559913 read event=7452 count=4096 submitted=30523392
t=21565022 read event=7453 count=4096 submitted=30527488
t=21568588 read event=7454 count=4096 submitted=30531584
t=21571672 read event=7455 count=4096 submitted=30535680
t=21576114 read event=7456 count=4096 submitted=30539776
t=21579029 read event=7457 count=4096 submitted=30543872
t=21581781 read event=7458 count=4096 submitted=30547968
t=21584543 read event=7459 count=4096 submitted=30552064
t=21587498 read event=7460 count=4096 submitted=30556160
t=21590323 read event=7461 count=4096 submitted=30560256
t=21594181 read event=7462 count=4096 submitted=30564352
t=21598377 read event=7463 count=4096 submitted=30568448
t=21601898 read event=7464 count=4096 submitted=30572544
t=21604750 read event=7465 count=4096 submitted=30576640
t=21609441 read event=7466 count=4096 submitted=30580736
t=21612185 read event=7467 count=4096 submitted=30584832
t=21615131 read event=7468 count=4096 submitted=30588928
t=21617952 read event=7469 count=4096 submitted=30593024
t=21620705 read event=7470 count=4096 submitted=30597120
t=21623448 read event=7471 count=4096 submitted=30601216
t=21626403 read event=7472 count=4096 submitted=30605312
t=21629231 read event=7473 count=4096 submitted=30609408
t=21631982 read event=7474 count=4096 submitted=30613504
t=21634730 read event=7475 count=4096 submitted=30617600
t=21637694 read event=7476 count=4096 submitted=30621696
t=21640514 read event=7477 count=4096 submitted=30625792
t=21643267 read event=7478 count=4096 submitted=30629888
t=21646015 read event=7479 count=4096 submitted=30633984
t=21648962 read event=7480 count=4096 submitted=30638080
t=21651778 read event=7481 count=4096 submitted=30642176
t=21654528 read event=7482 count=4096 submitted=30646272
t=21657271 read event=7483 count=4096 submitted=30650368
t=21660215 read event=7484 count=4096 submitted=30654464
t=21663032 read event=7485 count=4096 submitted=30658560
t=21665784 read event=7486 count=4096 submitted=30662656
t=21668531 read event=7487 count=4096 submitted=30666752
t=21671473 read event=7488 count=4096 submitted=30670848
t=21674300 read event=7489 count=4096 submitted=30674944
t=21677051 read event=7490 count=4096 submitted=30679040
t=21679799 read event=7491 count=4096 submitted=30683136
t=21682770 read event=7492 count=4096 submitted=30687232
t=21685594 read event=7493 count=4096 submitted=30691328
t=21688337 read event=7494 count=4096 submitted=30695424
t=21691087 read event=7495 count=4096 submitted=30699520
t=21694031 read event=7496 count=4096 submitted=30703616
t=21696847 read event=7497 count=4096 submitted=30707712
t=21699600 read event=7498 count=4096 submitted=30711808
t=21702344 read event=7499 count=4096 submitted=30715904
t=21705298 read event=7500 count=4096 submitted=30720000
t=21708114 read event=7501 count=4096 submitted=30724096
t=21710864 read event=7502 count=4096 submitted=30728192
t=21713610 read event=7503 count=4096 submitted=30732288
t=21716560 read event=7504 count=4096 submitted=30736384
t=21719375 read event=7505 count=4096 submitted=30740480
t=21722124 read event=7506 count=4096 submitted=30744576
t=21724873 read event=7507 count=4096 submitted=30748672
t=21727884 read event=7508 count=4096 submitted=30752768
t=21730711 read event=7509 count=4096 submitted=30756864
t=21733457 read event=7510 count=4096 submitted=30760960
t=21736208 read event=7511 count=4096 submitted=30765056
t=21739153 read event=7512 count=4096 submitted=30769152
t=21741976 read event=7513 count=4096 submitted=30773248
t=21744727 read event=7514 count=4096 submitted=30777344
t=21747469 read event=7515 count=4096 submitted=30781440
t=21750418 read event=7516 count=4096 submitted=30785536
t=21753246 read event=7517 count=4096 submitted=30789632
t=21755997 read event=7518 count=4096 submitted=30793728
t=21758743 read event=7519 count=4096 submitted=30797824
t=21761705 read event=7520 count=4096 submitted=30801920
t=21764523 read event=7521 count=4096 submitted=30806016
t=21767268 read event=7522 count=4096 submitted=30810112
t=21770016 read event=7523 count=4096 submitted=30814208
t=21772961 read event=7524 count=4096 submitted=30818304
t=21775802 read event=7525 count=4096 submitted=30822400
t=21778554 read event=7526 count=4096 submitted=30826496
t=21781298 read event=7527 count=4096 submitted=30830592
t=21784270 read event=7528 count=4096 submitted=30834688
t=21787092 read event=7529 count=4096 submitted=30838784
t=21789843 read event=7530 count=4096 submitted=30842880
t=21792591 read event=7531 count=4096 submitted=30846976
t=21795537 read event=7532 count=4096 submitted=30851072
t=21798348 read event=7533 count=4096 submitted=30855168
t=21801099 read event=7534 count=4096 submitted=30859264
t=21803845 read event=7535 count=4096 submitted=30863360
t=21806809 read event=7536 count=4096 submitted=30867456
t=21809636 read event=7537 count=4096 submitted=30871552
t=21812384 read event=7538 count=4096 submitted=30875648
t=21815137 read event=7539 count=4096 submitted=30879744
t=21818085 read event=7540 count=4096 submitted=30883840
t=21820904 read event=7541 count=4096 submitted=30887936
t=21823657 read event=7542 count=4096 submitted=30892032
t=21826396 read event=7543 count=4096 submitted=30896128
t=21829351 read event=7544 count=4096 submitted=30900224
t=21832165 read event=7545 count=4096 submitted=30904320
t=21834920 read event=7546 count=4096 submitted=30908416
t=21837668 read event=7547 count=4096 submitted=30912512
t=21840608 read event=7548 count=4096 submitted=30916608
t=21843429 read event=7549 count=4096 submitted=30920704
t=21846180 read event=7550 count=4096 submitted=30924800
t=21848925 read event=7551 count=4096 submitted=30928896
t=21851885 read event=7552 count=4096 submitted=30932992
t=21854704 read event=7553 count=4096 submitted=30937088
t=21857451 read event=7554 count=4096 submitted=30941184
t=21860201 read event=7555 count=4096 submitted=30945280
t=21863151 read event=7556 count=4096 submitted=30949376
t=21865966 read event=7557 count=4096 submitted=30953472
t=21868713 read event=7558 count=4096 submitted=30957568
t=21871456 read event=7559 count=4096 submitted=30961664
t=21874409 read event=7560 count=4096 submitted=30965760
t=21877231 read event=7561 count=4096 submitted=30969856
t=21879981 read event=7562 count=4096 submitted=30973952
t=21882739 read event=7563 count=4096 submitted=30978048
t=21885690 read event=7564 count=4096 submitted=30982144
t=21888503 read event=7565 count=4096 submitted=30986240
t=21891258 read event=7566 count=4096 submitted=30990336
t=21894004 read event=7567 count=4096 submitted=30994432
t=21896967 read event=7568 count=4096 submitted=30998528
t=21899789 read event=7569 count=4096 submitted=31002624
t=21902540 read event=7570 count=4096 submitted=31006720
t=21905283 read event=7571 count=4096 submitted=31010816
t=21908233 read event=7572 count=4096 submitted=31014912
t=21911056 read event=7573 count=4096 submitted=31019008
t=21913808 read event=7574 count=4096 submitted=31023104
t=21916559 read event=7575 count=4096 submitted=31027200
t=21919500 read event=7576 count=4096 submitted=31031296
t=21922327 read event=7577 count=4096 submitted=31035392
t=21925078 read event=7578 count=4096 submitted=31039488
t=21927824 read event=7579 count=4096 submitted=31043584
t=21930778 read event=7580 count=4096 submitted=31047680
t=21933596 read event=7581 count=4096 submitted=31051776
t=21936391 read event=7582 count=4096 submitted=31055872
t=21939146 read event=7583 count=4096 submitted=31059968
t=21942097 read event=7584 count=4096 submitted=31064064
t=21944933 read event=7585 count=4096 submitted=31068160
t=21947689 read event=7586 count=4096 submitted=31072256
t=21950440 read event=7587 count=4096 submitted=31076352
t=21953408 read event=7588 count=4096 submitted=31080448
t=21956248 read event=7589 count=4096 submitted=31084544
t=21959001 read event=7590 count=4096 submitted=31088640
t=21961753 read event=7591 count=4096 submitted=31092736
t=21964699 read event=7592 count=4096 submitted=31096832
t=21967514 read event=7593 count=4096 submitted=31100928
t=21970265 read event=7594 count=4096 submitted=31105024
t=21973012 read event=7595 count=4096 submitted=31109120
t=21975972 read event=7596 count=4096 submitted=31113216
t=21978814 read event=7597 count=4096 submitted=31117312
t=21981567 read event=7598 count=4096 submitted=31121408
t=21984323 read event=7599 count=4096 submitted=31125504
t=21987291 read event=7600 count=4096 submitted=31129600
t=21990114 read event=7601 count=4096 submitted=31133696
t=21992864 read event=7602 count=4096 submitted=31137792
t=21995613 read event=7603 count=4096 submitted=31141888
t=21998561 read event=7604 count=4096 submitted=31145984
t=22001373 read event=7605 count=4096 submitted=31150080
t=22004121 read event=7606 count=4096 submitted=31154176
t=22006868 read event=7607 count=4096 submitted=31158272
t=22009812 read event=7608 count=4096 submitted=31162368
t=22012641 read event=7609 count=4096 submitted=31166464
t=22015391 read event=7610 count=4096 submitted=31170560
t=22018139 read event=7611 count=4096 submitted=31174656
t=22021099 read event=7612 count=4096 submitted=31178752
t=22023918 read event=7613 count=4096 submitted=31182848
t=22026666 read event=7614 count=4096 submitted=31186944
t=22029411 read event=7615 count=4096 submitted=31191040
t=22032372 read event=7616 count=4096 submitted=31195136
t=22035192 read event=7617 count=4096 submitted=31199232
t=22037944 read event=7618 count=4096 submitted=31203328
t=22040689 read event=7619 count=4096 submitted=31207424
t=22043638 read event=7620 count=4096 submitted=31211520
t=22046456 read event=7621 count=4096 submitted=31215616
t=22049214 read event=7622 count=4096 submitted=31219712
t=22051963 read event=7623 count=4096 submitted=31223808
t=22054913 read event=7624 count=4096 submitted=31227904
t=22057735 read event=7625 count=4096 submitted=31232000
t=22060482 read event=7626 count=4096 submitted=31236096
t=22063234 read event=7627 count=4096 submitted=31240192
t=22066194 read event=7628 count=4096 submitted=31244288
t=22069015 read event=7629 count=4096 submitted=31248384
t=22071765 read event=7630 count=4096 submitted=31252480
t=22074508 read event=7631 count=4096 submitted=31256576
t=22077463 read event=7632 count=4096 submitted=31260672
t=22080283 read event=7633 count=4096 submitted=31264768
t=22083047 read event=7634 count=4096 submitted=31268864
t=22085792 read event=7635 count=4096 submitted=31272960
t=22088740 read event=7636 count=4096 submitted=31277056
t=22091563 read event=7637 count=4096 submitted=31281152
t=22094309 read event=7638 count=4096 submitted=31285248
t=22097060 read event=7639 count=4096 submitted=31289344
t=22100016 read event=7640 count=4096 submitted=31293440
t=22102833 read event=7641 count=4096 submitted=31297536
t=22105588 read event=7642 count=4096 submitted=31301632
t=22108331 read event=7643 count=4096 submitted=31305728
t=22111285 read event=7644 count=4096 submitted=31309824
t=22114100 read event=7645 count=4096 submitted=31313920
t=22116850 read event=7646 count=4096 submitted=31318016
t=22119601 read event=7647 count=4096 submitted=31322112
t=22122549 read event=7648 count=4096 submitted=31326208
t=22125364 read event=7649 count=4096 submitted=31330304
t=22128115 read event=7650 count=4096 submitted=31334400
t=22130862 read event=7651 count=4096 submitted=31338496
t=22133812 read event=7652 count=4096 submitted=31342592
t=22136630 read event=7653 count=4096 submitted=31346688
t=22139374 read event=7654 count=4096 submitted=31350784
t=22142167 read event=7655 count=4096 submitted=31354880
t=22145131 read event=7656 count=4096 submitted=31358976
t=22147961 read event=7657 count=4096 submitted=31363072
t=22150711 read event=7658 count=4096 submitted=31367168
t=22153456 read event=7659 count=4096 submitted=31371264
t=22156417 read event=7660 count=4096 submitted=31375360
t=22159245 read event=7661 count=4096 submitted=31379456
t=22161994 read event=7662 count=4096 submitted=31383552
t=22164739 read event=7663 count=4096 submitted=31387648
t=22167691 read event=7664 count=4096 submitted=31391744
t=22170502 read event=7665 count=4096 submitted=31395840
t=22173254 read event=7666 count=4096 submitted=31399936
t=22176004 read event=7667 count=4096 submitted=31404032
t=22178961 read event=7668 count=4096 submitted=31408128
t=22181810 read event=7669 count=4096 submitted=31412224
t=22184573 read event=7670 count=4096 submitted=31416320
t=22187317 read event=7671 count=4096 submitted=31420416
t=22190286 read event=7672 count=4096 submitted=31424512
t=22193108 read event=7673 count=4096 submitted=31428608
t=22195861 read event=7674 count=4096 submitted=31432704
t=22198609 read event=7675 count=4096 submitted=31436800
t=22201556 read event=7676 count=4096 submitted=31440896
t=22204366 read event=7677 count=4096 submitted=31444992
t=22207119 read event=7678 count=4096 submitted=31449088
t=22209867 read event=7679 count=4096 submitted=31453184
t=22212818 read event=7680 count=4096 submitted=31457280
t=22215633 read event=7681 count=4096 submitted=31461376
t=22218375 read event=7682 count=4096 submitted=31465472
t=22221125 read event=7683 count=4096 submitted=31469568
t=22224069 read event=7684 count=4096 submitted=31473664
t=22226885 read event=7685 count=4096 submitted=31477760
t=22229633 read event=7686 count=4096 submitted=31481856
t=22232374 read event=7687 count=4096 submitted=31485952
t=22235334 read event=7688 count=4096 submitted=31490048
t=22238155 read event=7689 count=4096 submitted=31494144
t=22240909 read event=7690 count=4096 submitted=31498240
t=22243658 read event=7691 count=4096 submitted=31502336
t=22246604 read event=7692 count=4096 submitted=31506432
t=22249424 read event=7693 count=4096 submitted=31510528
t=22252178 read event=7694 count=4096 submitted=31514624
t=22254926 read event=7695 count=4096 submitted=31518720
t=22257877 read event=7696 count=4096 submitted=31522816
t=22260693 read event=7697 count=4096 submitted=31526912
t=22263438 read event=7698 count=4096 submitted=31531008
t=22266188 read event=7699 count=4096 submitted=31535104
t=22269144 read event=7700 count=4096 submitted=31539200
t=22271963 read event=7701 count=4096 submitted=31543296
t=22274710 read event=7702 count=4096 submitted=31547392
t=22277454 read event=7703 count=4096 submitted=31551488
t=22280403 read event=7704 count=4096 submitted=31555584
t=22283236 read event=7705 count=4096 submitted=31559680
t=22285989 read event=7706 count=4096 submitted=31563776
t=22288739 read event=7707 count=4096 submitted=31567872
t=22291687 read event=7708 count=4096 submitted=31571968
t=22294501 read event=7709 count=4096 submitted=31576064
t=22297260 read event=7710 count=4096 submitted=31580160
t=22300008 read event=7711 count=4096 submitted=31584256
t=22302961 read event=7712 count=4096 submitted=31588352
t=22305781 read event=7713 count=4096 submitted=31592448
t=22308530 read event=7714 count=4096 submitted=31596544
t=22311272 read event=7715 count=4096 submitted=31600640
t=22314239 read event=7716 count=4096 submitted=31604736
t=22317059 read event=7717 count=4096 submitted=31608832
t=22319807 read event=7718 count=4096 submitted=31612928
t=22322552 read event=7719 count=4096 submitted=31617024
t=22325492 read event=7720 count=4096 submitted=31621120
t=22328313 read event=7721 count=4096 submitted=31625216
t=22331065 read event=7722 count=4096 submitted=31629312
t=22333814 read event=7723 count=4096 submitted=31633408
t=22336759 read event=7724 count=4096 submitted=31637504
t=22339581 read event=7725 count=4096 submitted=31641600
t=22342325 read event=7726 count=4096 submitted=31645696
t=22345075 read event=7727 count=4096 submitted=31649792
t=22348026 read event=7728 count=4096 submitted=31653888
t=22350905 read event=7729 count=4096 submitted=31657984
t=22353666 read event=7730 count=4096 submitted=31662080
t=22356408 read event=7731 count=4096 submitted=31666176
t=22359386 read event=7732 count=4096 submitted=31670272
t=22362209 read event=7733 count=4096 submitted=31674368
t=22364961 read event=7734 count=4096 submitted=31678464
t=22367710 read event=7735 count=4096 submitted=31682560
t=22370656 read event=7736 count=4096 submitted=31686656
t=22373468 read event=7737 count=4096 submitted=31690752
t=22376220 read event=7738 count=4096 submitted=31694848
t=22378966 read event=7739 count=4096 submitted=31698944
t=22381911 read event=7740 count=4096 submitted=31703040
t=22384775 read event=7741 count=4096 submitted=31707136
t=22387536 read event=7742 count=4096 submitted=31711232
t=22390280 read event=7743 count=4096 submitted=31715328
t=22393257 read event=7744 count=4096 submitted=31719424
t=22396078 read event=7745 count=4096 submitted=31723520
t=22398831 read event=7746 count=4096 submitted=31727616
t=22401576 read event=7747 count=4096 submitted=31731712
t=22404522 read event=7748 count=4096 submitted=31735808
t=22407339 read event=7749 count=4096 submitted=31739904
t=22410086 read event=7750 count=4096 submitted=31744000
t=22412835 read event=7751 count=4096 submitted=31748096
t=22415777 read event=7752 count=4096 submitted=31752192
t=22418773 read event=7753 count=4096 submitted=31756288
t=22421544 read event=7754 count=4096 submitted=31760384
t=22424289 read event=7755 count=4096 submitted=31764480
t=22427260 read event=7756 count=4096 submitted=31768576
t=22430093 read event=7757 count=4096 submitted=31772672
t=22432848 read event=7758 count=4096 submitted=31776768
t=22435597 read event=7759 count=4096 submitted=31780864
t=22438558 read event=7760 count=4096 submitted=31784960
t=22441379 read event=7761 count=4096 submitted=31789056
t=22444130 read event=7762 count=4096 submitted=31793152
t=22446880 read event=7763 count=4096 submitted=31797248
t=22449826 read event=7764 count=4096 submitted=31801344
t=22452649 read event=7765 count=4096 submitted=31805440
t=22455394 read event=7766 count=4096 submitted=31809536
t=22458143 read event=7767 count=4096 submitted=31813632
t=22461092 read event=7768 count=4096 submitted=31817728
t=22463916 read event=7769 count=4096 submitted=31821824
t=22466666 read event=7770 count=4096 submitted=31825920
t=22469413 read event=7771 count=4096 submitted=31830016
t=22472367 read event=7772 count=4096 submitted=31834112
t=22475183 read event=7773 count=4096 submitted=31838208
t=22477932 read event=7774 count=4096 submitted=31842304
t=22480681 read event=7775 count=4096 submitted=31846400
t=22483660 read event=7776 count=4096 submitted=31850496
t=22486475 read event=7777 count=4096 submitted=31854592
t=22489233 read event=7778 count=4096 submitted=31858688
t=22491979 read event=7779 count=4096 submitted=31862784
t=22494957 read event=7780 count=4096 submitted=31866880
t=22497783 read event=7781 count=4096 submitted=31870976
t=22500535 read event=7782 count=4096 submitted=31875072
t=22503281 read event=7783 count=4096 submitted=31879168
t=22506228 read event=7784 count=4096 submitted=31883264
t=22509050 read event=7785 count=4096 submitted=31887360
t=22511798 read event=7786 count=4096 submitted=31891456
t=22514545 read event=7787 count=4096 submitted=31895552
t=22517504 read event=7788 count=4096 submitted=31899648
t=22520343 read event=7789 count=4096 submitted=31903744
t=22523099 read event=7790 count=4096 submitted=31907840
t=22525845 read event=7791 count=4096 submitted=31911936
t=22528796 read event=7792 count=4096 submitted=31916032
t=22531616 read event=7793 count=4096 submitted=31920128
t=22534359 read event=7794 count=4096 submitted=31924224
t=22537109 read event=7795 count=4096 submitted=31928320
t=22540051 read event=7796 count=4096 submitted=31932416
t=22542871 read event=7797 count=4096 submitted=31936512
t=22545620 read event=7798 count=4096 submitted=31940608
t=22548360 read event=7799 count=4096 submitted=31944704
t=22551316 read event=7800 count=4096 submitted=31948800
t=22554140 read event=7801 count=4096 submitted=31952896
t=22556890 read event=7802 count=4096 submitted=31956992
t=22559689 read event=7803 count=4096 submitted=31961088
t=22562659 read event=7804 count=4096 submitted=31965184
t=22565475 read event=7805 count=4096 submitted=31969280
t=22568231 read event=7806 count=4096 submitted=31973376
t=22570979 read event=7807 count=4096 submitted=31977472
t=22573930 read event=7808 count=4096 submitted=31981568
t=22576750 read event=7809 count=4096 submitted=31985664
t=22579498 read event=7810 count=4096 submitted=31989760
t=22582247 read event=7811 count=4096 submitted=31993856
t=22585206 read event=7812 count=4096 submitted=31997952
t=22588050 read event=7813 count=4096 submitted=32002048
t=22590804 read event=7814 count=4096 submitted=32006144
t=22593552 read event=7815 count=4096 submitted=32010240
t=22596490 read event=7816 count=4096 submitted=32014336
t=22599316 read event=7817 count=4096 submitted=32018432
t=22602069 read event=7818 count=4096 submitted=32022528
t=22604817 read event=7819 count=4096 submitted=32026624
t=22607780 read event=7820 count=4096 submitted=32030720
t=22610598 read event=7821 count=4096 submitted=32034816
t=22613345 read event=7822 count=4096 submitted=32038912
t=22616093 read event=7823 count=4096 submitted=32043008
t=22619044 read event=7824 count=4096 submitted=32047104
t=22621864 read event=7825 count=4096 submitted=32051200
t=22624611 read event=7826 count=4096 submitted=32055296
t=22627358 read event=7827 count=4096 submitted=32059392
t=22630309 read event=7828 count=4096 submitted=32063488
t=22633130 read event=7829 count=4096 submitted=32067584
t=22635878 read event=7830 count=4096 submitted=32071680
t=22638625 read event=7831 count=4096 submitted=32075776
t=22641567 read event=7832 count=4096 submitted=32079872
t=22644378 read event=7833 count=4096 submitted=32083968
t=22647128 read event=7834 count=4096 submitted=32088064
t=22649875 read event=7835 count=4096 submitted=32092160
t=22652835 read event=7836 count=4096 submitted=32096256
t=22655664 read event=7837 count=4096 submitted=32100352
t=22658409 read event=7838 count=4096 submitted=32104448
t=22661158 read event=7839 count=4096 submitted=32108544
t=22664108 read event=7840 count=4096 submitted=32112640
t=22666925 read event=7841 count=4096 submitted=32116736
t=22669674 read event=7842 count=4096 submitted=32120832
t=22672412 read event=7843 count=4096 submitted=32124928
t=22675362 read event=7844 count=4096 submitted=32129024
t=22678179 read event=7845 count=4096 submitted=32133120
t=22680928 read event=7846 count=4096 submitted=32137216
t=22683691 read event=7847 count=4096 submitted=32141312
t=22686645 read event=7848 count=4096 submitted=32145408
t=22689462 read event=7849 count=4096 submitted=32149504
t=22692214 read event=7850 count=4096 submitted=32153600
t=22694962 read event=7851 count=4096 submitted=32157696
t=22697908 read event=7852 count=4096 submitted=32161792
t=22700723 read event=7853 count=4096 submitted=32165888
t=22703469 read event=7854 count=4096 submitted=32169984
t=22706215 read event=7855 count=4096 submitted=32174080
t=22709166 read event=7856 count=4096 submitted=32178176
t=22711989 read event=7857 count=4096 submitted=32182272
t=22714734 read event=7858 count=4096 submitted=32186368
t=22717479 read event=7859 count=4096 submitted=32190464
t=22720428 read event=7860 count=4096 submitted=32194560
t=22723249 read event=7861 count=4096 submitted=32198656
t=22725999 read event=7862 count=4096 submitted=32202752
t=22728744 read event=7863 count=4096 submitted=32206848
t=22731696 read event=7864 count=4096 submitted=32210944
t=22734502 read event=7865 count=4096 submitted=32215040
t=22737257 read event=7866 count=4096 submitted=32219136
t=22740004 read event=7867 count=4096 submitted=32223232
t=22742952 read event=7868 count=4096 submitted=32227328
t=22745767 read event=7869 count=4096 submitted=32231424
t=22748514 read event=7870 count=4096 submitted=32235520
t=22751262 read event=7871 count=4096 submitted=32239616
t=22754211 read event=7872 count=4096 submitted=32243712
t=22757035 read event=7873 count=4096 submitted=32247808
t=22759786 read event=7874 count=4096 submitted=32251904
t=22762532 read event=7875 count=4096 submitted=32256000
t=22765470 read event=7876 count=4096 submitted=32260096
t=22768344 read event=7877 count=4096 submitted=32264192
t=22771098 read event=7878 count=4096 submitted=32268288
t=22773846 read event=7879 count=4096 submitted=32272384
t=22776804 read event=7880 count=4096 submitted=32276480
t=22779628 read event=7881 count=4096 submitted=32280576
t=22782374 read event=7882 count=4096 submitted=32284672
t=22785138 read event=7883 count=4096 submitted=32288768
t=22788089 read event=7884 count=4096 submitted=32292864
t=22790933 read event=7885 count=4096 submitted=32296960
t=22793689 read event=7886 count=4096 submitted=32301056
t=22796432 read event=7887 count=4096 submitted=32305152
t=22799393 read event=7888 count=4096 submitted=32309248
t=22802218 read event=7889 count=4096 submitted=32313344
t=22804971 read event=7890 count=4096 submitted=32317440
t=22807718 read event=7891 count=4096 submitted=32321536
t=22810661 read event=7892 count=4096 submitted=32325632
t=22813474 read event=7893 count=4096 submitted=32329728
t=22816228 read event=7894 count=4096 submitted=32333824
t=22818975 read event=7895 count=4096 submitted=32337920
t=22821933 read event=7896 count=4096 submitted=32342016
t=22824751 read event=7897 count=4096 submitted=32346112
t=22827498 read event=7898 count=4096 submitted=32350208
t=22830247 read event=7899 count=4096 submitted=32354304
t=22833198 read event=7900 count=4096 submitted=32358400
t=22836014 read event=7901 count=4096 submitted=32362496
t=22838763 read event=7902 count=4096 submitted=32366592
t=22841504 read event=7903 count=4096 submitted=32370688
t=22844456 read event=7904 count=4096 submitted=32374784
t=22847284 read event=7905 count=4096 submitted=32378880
t=22850034 read event=7906 count=4096 submitted=32382976
t=22852782 read event=7907 count=4096 submitted=32387072
t=22855736 read event=7908 count=4096 submitted=32391168
t=22858561 read event=7909 count=4096 submitted=32395264
t=22861308 read event=7910 count=4096 submitted=32399360
t=22864054 read event=7911 count=4096 submitted=32403456
t=22867000 read event=7912 count=4096 submitted=32407552
t=22869818 read event=7913 count=4096 submitted=32411648
t=22872568 read event=7914 count=4096 submitted=32415744
t=22875310 read event=7915 count=4096 submitted=32419840
t=22878266 read event=7916 count=4096 submitted=32423936
t=22881081 read event=7917 count=4096 submitted=32428032
t=22883844 read event=7918 count=4096 submitted=32432128
t=22886593 read event=7919 count=4096 submitted=32436224
t=22889540 read event=7920 count=4096 submitted=32440320
t=22892355 read event=7921 count=4096 submitted=32444416
t=22895103 read event=7922 count=4096 submitted=32448512
t=22897849 read event=7923 count=4096 submitted=32452608
t=22900802 read event=7924 count=4096 submitted=32456704
t=22903619 read event=7925 count=4096 submitted=32460800
t=22906361 read event=7926 count=4096 submitted=32464896
t=22909111 read event=7927 count=4096 submitted=32468992
t=22912053 read event=7928 count=4096 submitted=32473088
t=22914868 read event=7929 count=4096 submitted=32477184
t=22917621 read event=7930 count=4096 submitted=32481280
t=22920363 read event=7931 count=4096 submitted=32485376
t=22923322 read event=7932 count=4096 submitted=32489472
t=22926138 read event=7933 count=4096 submitted=32493568
t=22928888 read event=7934 count=4096 submitted=32497664
t=22931634 read event=7935 count=4096 submitted=32501760
t=22934582 read event=7936 count=4096 submitted=32505856
t=22937395 read event=7937 count=4096 submitted=32509952
t=22940146 read event=7938 count=4096 submitted=32514048
t=22942896 read event=7939 count=4096 submitted=32518144
t=22945856 read event=7940 count=4096 submitted=32522240
t=22948676 read event=7941 count=4096 submitted=32526336
t=22951432 read event=7942 count=4096 submitted=32530432
t=22954182 read event=7943 count=4096 submitted=32534528
t=22957132 read event=7944 count=4096 submitted=32538624
t=22959969 read event=7945 count=4096 submitted=32542720
t=22962724 read event=7946 count=4096 submitted=32546816
t=22965469 read event=7947 count=4096 submitted=32550912
t=22968427 read event=7948 count=4096 submitted=32555008
t=22971260 read event=7949 count=4096 submitted=32559104
t=22974064 read event=7950 count=4096 submitted=32563200
t=22976820 read event=7951 count=4096 submitted=32567296
t=22979772 read event=7952 count=4096 submitted=32571392
t=22982604 read event=7953 count=4096 submitted=32575488
t=22985352 read event=7954 count=4096 submitted=32579584
t=22988098 read event=7955 count=4096 submitted=32583680
t=22991075 read event=7956 count=4096 submitted=32587776
t=22993902 read event=7957 count=4096 submitted=32591872
t=22996649 read event=7958 count=4096 submitted=32595968
t=22999393 read event=7959 count=4096 submitted=32600064
t=23002341 read event=7960 count=4096 submitted=32604160
t=23005160 read event=7961 count=4096 submitted=32608256
t=23007913 read event=7962 count=4096 submitted=32612352
t=23010656 read event=7963 count=4096 submitted=32616448
t=23013602 read event=7964 count=4096 submitted=32620544
t=23016415 read event=7965 count=4096 submitted=32624640
t=23019169 read event=7966 count=4096 submitted=32628736
t=23021922 read event=7967 count=4096 submitted=32632832
t=23024883 read event=7968 count=4096 submitted=32636928
t=23027718 read event=7969 count=4096 submitted=32641024
t=23030464 read event=7970 count=4096 submitted=32645120
t=23033212 read event=7971 count=4096 submitted=32649216
t=23036158 read event=7972 count=4096 submitted=32653312
t=23038976 read event=7973 count=4096 submitted=32657408
t=23041725 read event=7974 count=4096 submitted=32661504
t=23044466 read event=7975 count=4096 submitted=32665600
t=23047418 read event=7976 count=4096 submitted=32669696
t=23050240 read event=7977 count=4096 submitted=32673792
t=23052992 read event=7978 count=4096 submitted=32677888
t=23055739 read event=7979 count=4096 submitted=32681984
t=23058690 read event=7980 count=4096 submitted=32686080
t=23061512 read event=7981 count=4096 submitted=32690176
t=23064265 read event=7982 count=4096 submitted=32694272
t=23067016 read event=7983 count=4096 submitted=32698368
t=23069975 read event=7984 count=4096 submitted=32702464
t=23072806 read event=7985 count=4096 submitted=32706560
t=23075562 read event=7986 count=4096 submitted=32710656
t=23078303 read event=7987 count=4096 submitted=32714752
t=23081254 read event=7988 count=4096 submitted=32718848
t=23084093 read event=7989 count=4096 submitted=32722944
t=23086847 read event=7990 count=4096 submitted=32727040
t=23089601 read event=7991 count=4096 submitted=32731136
t=23092546 read event=7992 count=4096 submitted=32735232
t=23095363 read event=7993 count=4096 submitted=32739328
t=23098117 read event=7994 count=4096 submitted=32743424
t=23100864 read event=7995 count=4096 submitted=32747520
t=23103814 read event=7996 count=4096 submitted=32751616
t=23106629 read event=7997 count=4096 submitted=32755712
t=23109378 read event=7998 count=4096 submitted=32759808
t=23112126 read event=7999 count=4096 submitted=32763904
t=23115087 read event=8000 count=4096 submitted=32768000
t=23117903 read event=8001 count=4096 submitted=32772096
t=23120652 read event=8002 count=4096 submitted=32776192
t=23123394 read event=8003 count=4096 submitted=32780288
t=23126346 read event=8004 count=4096 submitted=32784384
t=23129162 read event=8005 count=4096 submitted=32788480
t=23131913 read event=8006 count=4096 submitted=32792576
t=23134658 read event=8007 count=4096 submitted=32796672
t=23137602 read event=8008 count=4096 submitted=32800768
t=23140413 read event=8009 count=4096 submitted=32804864
t=23143168 read event=8010 count=4096 submitted=32808960
t=23145914 read event=8011 count=4096 submitted=32813056
t=23148861 read event=8012 count=4096 submitted=32817152
t=23151677 read event=8013 count=4096 submitted=32821248
t=23154423 read event=8014 count=4096 submitted=32825344
t=23157172 read event=8015 count=4096 submitted=32829440
t=23160131 read event=8016 count=4096 submitted=32833536
t=23162960 read event=8017 count=4096 submitted=32837632
t=23165705 read event=8018 count=4096 submitted=32841728
t=23168446 read event=8019 count=4096 submitted=32845824
t=23171395 read event=8020 count=4096 submitted=32849920
t=23174212 read event=8021 count=4096 submitted=32854016
t=23176962 read event=8022 count=4096 submitted=32858112
t=23179710 read event=8023 count=4096 submitted=32862208
t=23182720 read event=8024 count=4096 submitted=32866304
t=23185546 read event=8025 count=4096 submitted=32870400
t=23188292 read event=8026 count=4096 submitted=32874496
t=23191043 read event=8027 count=4096 submitted=32878592
t=23194025 read event=8028 count=4096 submitted=32882688
t=23196847 read event=8029 count=4096 submitted=32886784
t=23199599 read event=8030 count=4096 submitted=32890880
t=23202350 read event=8031 count=4096 submitted=32894976
t=23205313 read event=8032 count=4096 submitted=32899072
t=23208139 read event=8033 count=4096 submitted=32903168
t=23210891 read event=8034 count=4096 submitted=32907264
t=23213642 read event=8035 count=4096 submitted=32911360
t=23216585 read event=8036 count=4096 submitted=32915456
t=23219397 read event=8037 count=4096 submitted=32919552
t=23222151 read event=8038 count=4096 submitted=32923648
t=23224899 read event=8039 count=4096 submitted=32927744
t=23227845 read event=8040 count=4096 submitted=32931840
t=23230657 read event=8041 count=4096 submitted=32935936
t=23233402 read event=8042 count=4096 submitted=32940032
t=23236149 read event=8043 count=4096 submitted=32944128
t=23239113 read event=8044 count=4096 submitted=32948224
t=23241928 read event=8045 count=4096 submitted=32952320
t=23244677 read event=8046 count=4096 submitted=32956416
t=23247424 read event=8047 count=4096 submitted=32960512
t=23250375 read event=8048 count=4096 submitted=32964608
t=23253200 read event=8049 count=4096 submitted=32968704
t=23255952 read event=8050 count=4096 submitted=32972800
t=23258700 read event=8051 count=4096 submitted=32976896
t=23261642 read event=8052 count=4096 submitted=32980992
t=23264461 read event=8053 count=4096 submitted=32985088
t=23267212 read event=8054 count=4096 submitted=32989184
t=23269961 read event=8055 count=4096 submitted=32993280
t=23272906 read event=8056 count=4096 submitted=32997376
t=23275721 read event=8057 count=4096 submitted=33001472
t=23278467 read event=8058 count=4096 submitted=33005568
t=23281216 read event=8059 count=4096 submitted=33009664
t=23284189 read event=8060 count=4096 submitted=33013760
t=23287009 read event=8061 count=4096 submitted=33017856
t=23289759 read event=8062 count=4096 submitted=33021952
t=23292501 read event=8063 count=4096 submitted=33026048
t=23295449 read event=8064 count=4096 submitted=33030144
t=23298274 read event=8065 count=4096 submitted=33034240
t=23301024 read event=8066 count=4096 submitted=33038336
t=23303768 read event=8067 count=4096 submitted=33042432
t=23306710 read event=8068 count=4096 submitted=33046528
t=23309535 read event=8069 count=4096 submitted=33050624
t=23312280 read event=8070 count=4096 submitted=33054720
t=23315028 read event=8071 count=4096 submitted=33058816
t=23317974 read event=8072 count=4096 submitted=33062912
t=23320791 read event=8073 count=4096 submitted=33067008
t=23323545 read event=8074 count=4096 submitted=33071104
t=23326287 read event=8075 count=4096 submitted=33075200
t=23329257 read event=8076 count=4096 submitted=33079296
t=23332073 read event=8077 count=4096 submitted=33083392
t=23334822 read event=8078 count=4096 submitted=33087488
t=23337573 read event=8079 count=4096 submitted=33091584
t=23340514 read event=8080 count=4096 submitted=33095680
t=23343333 read event=8081 count=4096 submitted=33099776
t=23346082 read event=8082 count=4096 submitted=33103872
t=23348832 read event=8083 count=4096 submitted=33107968
t=23351774 read event=8084 count=4096 submitted=33112064
t=23354594 read event=8085 count=4096 submitted=33116160
t=23357469 read event=8086 count=4096 submitted=33120256
t=23360503 read event=8087 count=4096 submitted=33124352
t=23363852 read event=8088 count=4096 submitted=33128448
t=23367050 read event=8089 count=4096 submitted=33132544
t=23370074 read event=8090 count=4096 submitted=33136640
t=23373116 read event=8091 count=4096 submitted=33140736
t=23376154 read event=8092 count=4096 submitted=33144832
t=23379022 read event=8093 count=4096 submitted=33148928
t=23381782 read event=8094 count=4096 submitted=33153024
t=23384549 read event=8095 count=4096 submitted=33157120
t=23387500 read event=8096 count=4096 submitted=33161216
t=23390388 read event=8097 count=4096 submitted=33165312
t=23393150 read event=8098 count=4096 submitted=33169408
t=23395900 read event=8099 count=4096 submitted=33173504
t=23398870 read event=8100 count=4096 submitted=33177600
t=23401699 read event=8101 count=4096 submitted=33181696
t=23404446 read event=8102 count=4096 submitted=33185792
t=23407202 read event=8103 count=4096 submitted=33189888
t=23410163 read event=8104 count=4096 submitted=33193984
t=23412989 read event=8105 count=4096 submitted=33198080
t=23415743 read event=8106 count=4096 submitted=33202176
t=23418484 read event=8107 count=4096 submitted=33206272
t=23421438 read event=8108 count=4096 submitted=33210368
t=23424262 read event=8109 count=4096 submitted=33214464
t=23427016 read event=8110 count=4096 submitted=33218560
t=23429765 read event=8111 count=4096 submitted=33222656
t=23432711 read event=8112 count=4096 submitted=33226752
t=23435531 read event=8113 count=4096 submitted=33230848
t=23438283 read event=8114 count=4096 submitted=33234944
t=23441033 read event=8115 count=4096 submitted=33239040
t=23443978 read event=8116 count=4096 submitted=33243136
t=23446794 read event=8117 count=4096 submitted=33247232
t=23449544 read event=8118 count=4096 submitted=33251328
t=23452284 read event=8119 count=4096 submitted=33255424
t=23455254 read event=8120 count=4096 submitted=33259520
t=23458071 read event=8121 count=4096 submitted=33263616
t=23460824 read event=8122 count=4096 submitted=33267712
t=23463575 read event=8123 count=4096 submitted=33271808
t=23466526 read event=8124 count=4096 submitted=33275904
t=23469344 read event=8125 count=4096 submitted=33280000
t=23472096 read event=8126 count=4096 submitted=33284096
t=23474843 read event=8127 count=4096 submitted=33288192
t=23477791 read event=8128 count=4096 submitted=33292288
t=23480613 read event=8129 count=4096 submitted=33296384
t=23483370 read event=8130 count=4096 submitted=33300480
t=23486122 read event=8131 count=4096 submitted=33304576
t=23489067 read event=8132 count=4096 submitted=33308672
t=23491889 read event=8133 count=4096 submitted=33312768
t=23494639 read event=8134 count=4096 submitted=33316864
t=23497383 read event=8135 count=4096 submitted=33320960
t=23500354 read event=8136 count=4096 submitted=33325056
t=23503175 read event=8137 count=4096 submitted=33329152
t=23505926 read event=8138 count=4096 submitted=33333248
t=23508671 read event=8139 count=4096 submitted=33337344
t=23511617 read event=8140 count=4096 submitted=33341440
t=23514432 read event=8141 count=4096 submitted=33345536
t=23517186 read event=8142 count=4096 submitted=33349632
t=23519968 read event=8143 count=4096 submitted=33353728
t=23522926 read event=8144 count=4096 submitted=33357824
t=23525751 read event=8145 count=4096 submitted=33361920
t=23528495 read event=8146 count=4096 submitted=33366016
t=23531248 read event=8147 count=4096 submitted=33370112
t=23534205 read event=8148 count=4096 submitted=33374208
t=23537039 read event=8149 count=4096 submitted=33378304
t=23539792 read event=8150 count=4096 submitted=33382400
t=23542538 read event=8151 count=4096 submitted=33386496
t=23545480 read event=8152 count=4096 submitted=33390592
t=23548300 read event=8153 count=4096 submitted=33394688
t=23551054 read event=8154 count=4096 submitted=33398784
t=23553800 read event=8155 count=4096 submitted=33402880
t=23556748 read event=8156 count=4096 submitted=33406976
t=23559565 read event=8157 count=4096 submitted=33411072
t=23562310 read event=8158 count=4096 submitted=33415168
t=23565058 read event=8159 count=4096 submitted=33419264
t=23568005 read event=8160 count=4096 submitted=33423360
t=23570827 read event=8161 count=4096 submitted=33427456
t=23573575 read event=8162 count=4096 submitted=33431552
t=23576320 read event=8163 count=4096 submitted=33435648
t=23579281 read event=8164 count=4096 submitted=33439744
t=23582100 read event=8165 count=4096 submitted=33443840
t=23584868 read event=8166 count=4096 submitted=33447936
t=23587617 read event=8167 count=4096 submitted=33452032
t=23590564 read event=8168 count=4096 submitted=33456128
t=23593379 read event=8169 count=4096 submitted=33460224
t=23596130 read event=8170 count=4096 submitted=33464320
t=23598930 read event=8171 count=4096 submitted=33468416
t=23601906 read event=8172 count=4096 submitted=33472512
t=23604730 read event=8173 count=4096 submitted=33476608
t=23607476 read event=8174 count=4096 submitted=33480704
t=23610228 read event=8175 count=4096 submitted=33484800
t=23613174 read event=8176 count=4096 submitted=33488896
t=23615993 read event=8177 count=4096 submitted=33492992
t=23618745 read event=8178 count=4096 submitted=33497088
t=23621487 read event=8179 count=4096 submitted=33501184
t=23624448 read event=8180 count=4096 submitted=33505280
t=23627274 read event=8181 count=4096 submitted=33509376
t=23630022 read event=8182 count=4096 submitted=33513472
t=23632771 read event=8183 count=4096 submitted=33517568
t=23635727 read event=8184 count=4096 submitted=33521664
t=23638540 read event=8185 count=4096 submitted=33525760
t=23641287 read event=8186 count=4096 submitted=33529856
t=23644037 read event=8187 count=4096 submitted=33533952
t=23646985 read event=8188 count=4096 submitted=33538048
t=23649806 read event=8189 count=4096 submitted=33542144
t=23652558 read event=8190 count=4096 submitted=33546240
t=23655299 read event=8191 count=4096 submitted=33550336
t=23658253 read event=8192 count=4096 submitted=33554432
t=23661072 read event=8193 count=4096 submitted=33558528
t=23663823 read event=8194 count=4096 submitted=33562624
t=23666571 read event=8195 count=4096 submitted=33566720
t=23669525 read event=8196 count=4096 submitted=33570816
t=23672344 read event=8197 count=4096 submitted=33574912
t=23675095 read event=8198 count=4096 submitted=33579008
t=23677841 read event=8199 count=4096 submitted=33583104
t=23680791 read event=8200 count=4096 submitted=33587200
t=23683623 read event=8201 count=4096 submitted=33591296
t=23686367 read event=8202 count=4096 submitted=33595392
t=23689113 read event=8203 count=4096 submitted=33599488
t=23692062 read event=8204 count=4096 submitted=33603584
t=23694879 read event=8205 count=4096 submitted=33607680
t=23697630 read event=8206 count=4096 submitted=33611776
t=23700372 read event=8207 count=4096 submitted=33615872
t=23703338 read event=8208 count=4096 submitted=33619968
t=23706163 read event=8209 count=4096 submitted=33624064
t=23708916 read event=8210 count=4096 submitted=33628160
t=23711664 read event=8211 count=4096 submitted=33632256
t=23714608 read event=8212 count=4096 submitted=33636352
t=23717422 read event=8213 count=4096 submitted=33640448
t=23720171 read event=8214 count=4096 submitted=33644544
t=23722918 read event=8215 count=4096 submitted=33648640
t=23725862 read event=8216 count=4096 submitted=33652736
t=23728677 read event=8217 count=4096 submitted=33656832
t=23731425 read event=8218 count=4096 submitted=33660928
t=23734169 read event=8219 count=4096 submitted=33665024
t=23737118 read event=8220 count=4096 submitted=33669120
t=23739936 read event=8221 count=4096 submitted=33673216
t=23742685 read event=8222 count=4096 submitted=33677312
t=23745428 read event=8223 count=4096 submitted=33681408
t=23748396 read event=8224 count=4096 submitted=33685504
t=23751214 read event=8225 count=4096 submitted=33689600
t=23753964 read event=8226 count=4096 submitted=33693696
t=23756710 read event=8227 count=4096 submitted=33697792
t=23759654 read event=8228 count=4096 submitted=33701888
t=23762466 read event=8229 count=4096 submitted=33705984
t=23765216 read event=8230 count=4096 submitted=33710080
t=23767964 read event=8231 count=4096 submitted=33714176
t=23770913 read event=8232 count=4096 submitted=33718272
t=23773733 read event=8233 count=4096 submitted=33722368
t=23776473 read event=8234 count=4096 submitted=33726464
t=23779229 read event=8235 count=4096 submitted=33730560
t=23782175 read event=8236 count=4096 submitted=33734656
t=23785003 read event=8237 count=4096 submitted=33738752
t=23787752 read event=8238 count=4096 submitted=33742848
t=23790493 read event=8239 count=4096 submitted=33746944
t=23793460 read event=8240 count=4096 submitted=33751040
t=23796289 read event=8241 count=4096 submitted=33755136
t=23799043 read event=8242 count=4096 submitted=33759232
t=23801792 read event=8243 count=4096 submitted=33763328
t=23804760 read event=8244 count=4096 submitted=33767424
t=23807633 read event=8245 count=4096 submitted=33771520
t=23810384 read event=8246 count=4096 submitted=33775616
t=23813136 read event=8247 count=4096 submitted=33779712
t=23816083 read event=8248 count=4096 submitted=33783808
t=23818909 read event=8249 count=4096 submitted=33787904
t=23821666 read event=8250 count=4096 submitted=33792000
t=23824407 read event=8251 count=4096 submitted=33796096
t=23827361 read event=8252 count=4096 submitted=33800192
t=23830176 read event=8253 count=4096 submitted=33804288
t=23832925 read event=8254 count=4096 submitted=33808384
t=23835674 read event=8255 count=4096 submitted=33812480
t=23838632 read event=8256 count=4096 submitted=33816576
t=23841447 read event=8257 count=4096 submitted=33820672
t=23844201 read event=8258 count=4096 submitted=33824768
t=23846951 read event=8259 count=4096 submitted=33828864
t=23849896 read event=8260 count=4096 submitted=33832960
t=23852713 read event=8261 count=4096 submitted=33837056
t=23855457 read event=8262 count=4096 submitted=33841152
t=23858208 read event=8263 count=4096 submitted=33845248
t=23861157 read event=8264 count=4096 submitted=33849344
t=23863970 read event=8265 count=4096 submitted=33853440
t=23866722 read event=8266 count=4096 submitted=33857536
t=23869466 read event=8267 count=4096 submitted=33861632
t=23872427 read event=8268 count=4096 submitted=33865728
t=23875259 read event=8269 count=4096 submitted=33869824
t=23878008 read event=8270 count=4096 submitted=33873920
t=23880756 read event=8271 count=4096 submitted=33878016
t=23883721 read event=8272 count=4096 submitted=33882112
t=23886542 read event=8273 count=4096 submitted=33886208
t=23889290 read event=8274 count=4096 submitted=33890304
t=23892036 read event=8275 count=4096 submitted=33894400
t=23894981 read event=8276 count=4096 submitted=33898496
t=23897793 read event=8277 count=4096 submitted=33902592
t=23900544 read event=8278 count=4096 submitted=33906688
t=23903287 read event=8279 count=4096 submitted=33910784
t=23906247 read event=8280 count=4096 submitted=33914880
t=23909065 read event=8281 count=4096 submitted=33918976
t=23911819 read event=8282 count=4096 submitted=33923072
t=23914568 read event=8283 count=4096 submitted=33927168
t=23917527 read event=8284 count=4096 submitted=33931264
t=23920337 read event=8285 count=4096 submitted=33935360
t=23923091 read event=8286 count=4096 submitted=33939456
t=23925840 read event=8287 count=4096 submitted=33943552
t=23928790 read event=8288 count=4096 submitted=33947648
t=23931612 read event=8289 count=4096 submitted=33951744
t=23934356 read event=8290 count=4096 submitted=33955840
t=23937104 read event=8291 count=4096 submitted=33959936
t=23940048 read event=8292 count=4096 submitted=33964032
t=23942863 read event=8293 count=4096 submitted=33968128
t=23945613 read event=8294 count=4096 submitted=33972224
t=23948360 read event=8295 count=4096 submitted=33976320
t=23951332 read event=8296 count=4096 submitted=33980416
t=23954164 read event=8297 count=4096 submitted=33984512
t=23956919 read event=8298 count=4096 submitted=33988608
t=23959667 read event=8299 count=4096 submitted=33992704
t=23962626 read event=8300 count=4096 submitted=33996800
t=23965442 read event=8301 count=4096 submitted=34000896
t=23968196 read event=8302 count=4096 submitted=34004992
t=23970947 read event=8303 count=4096 submitted=34009088
t=23973896 read event=8304 count=4096 submitted=34013184
t=23976727 read event=8305 count=4096 submitted=34017280
t=23979474 read event=8306 count=4096 submitted=34021376
t=23982233 read event=8307 count=4096 submitted=34025472
t=23985191 read event=8308 count=4096 submitted=34029568
t=23988015 read event=8309 count=4096 submitted=34033664
t=23990765 read event=8310 count=4096 submitted=34037760
t=23993509 read event=8311 count=4096 submitted=34041856
t=23996460 read event=8312 count=4096 submitted=34045952
t=23999286 read event=8313 count=4096 submitted=34050048
t=24002043 read event=8314 count=4096 submitted=34054144
t=24004793 read event=8315 count=4096 submitted=34058240
t=24007775 read event=8316 count=4096 submitted=34062336
t=24010599 read event=8317 count=4096 submitted=34066432
t=24013346 read event=8318 count=4096 submitted=34070528
t=24016142 read event=8319 count=4096 submitted=34074624
t=24019103 read event=8320 count=4096 submitted=34078720
t=24021933 read event=8321 count=4096 submitted=34082816
t=24024684 read event=8322 count=4096 submitted=34086912
t=24027430 read event=8323 count=4096 submitted=34091008
t=24030384 read event=8324 count=4096 submitted=34095104
t=24033204 read event=8325 count=4096 submitted=34099200
t=24035956 read event=8326 count=4096 submitted=34103296
t=24038704 read event=8327 count=4096 submitted=34107392
t=24041664 read event=8328 count=4096 submitted=34111488
t=24044488 read event=8329 count=4096 submitted=34115584
t=24047244 read event=8330 count=4096 submitted=34119680
t=24049991 read event=8331 count=4096 submitted=34123776
t=24052938 read event=8332 count=4096 submitted=34127872
t=24055757 read event=8333 count=4096 submitted=34131968
t=24058502 read event=8334 count=4096 submitted=34136064
t=24061253 read event=8335 count=4096 submitted=34140160
t=24064198 read event=8336 count=4096 submitted=34144256
t=24067017 read event=8337 count=4096 submitted=34148352
t=24069770 read event=8338 count=4096 submitted=34152448
t=24072510 read event=8339 count=4096 submitted=34156544
t=24075460 read event=8340 count=4096 submitted=34160640
t=24078289 read event=8341 count=4096 submitted=34164736
t=24081038 read event=8342 count=4096 submitted=34168832
t=24083800 read event=8343 count=4096 submitted=34172928
t=24086759 read event=8344 count=4096 submitted=34177024
t=24089575 read event=8345 count=4096 submitted=34181120
t=24092319 read event=8346 count=4096 submitted=34185216
t=24095070 read event=8347 count=4096 submitted=34189312
t=24098023 read event=8348 count=4096 submitted=34193408
t=24100846 read event=8349 count=4096 submitted=34197504
t=24103597 read event=8350 count=4096 submitted=34201600
t=24106338 read event=8351 count=4096 submitted=34205696
t=24109300 read event=8352 count=4096 submitted=34209792
t=24112120 read event=8353 count=4096 submitted=34213888
t=24114869 read event=8354 count=4096 submitted=34217984
t=24117616 read event=8355 count=4096 submitted=34222080
t=24120560 read event=8356 count=4096 submitted=34226176
t=24123376 read event=8357 count=4096 submitted=34230272
t=24126126 read event=8358 count=4096 submitted=34234368
t=24128878 read event=8359 count=4096 submitted=34238464
t=24131838 read event=8360 count=4096 submitted=34242560
t=24134654 read event=8361 count=4096 submitted=34246656
t=24137402 read event=8362 count=4096 submitted=34250752
t=24140153 read event=8363 count=4096 submitted=34254848
t=24143103 read event=8364 count=4096 submitted=34258944
t=24145920 read event=8365 count=4096 submitted=34263040
t=24148666 read event=8366 count=4096 submitted=34267136
t=24151411 read event=8367 count=4096 submitted=34271232
t=24154364 read event=8368 count=4096 submitted=34275328
t=24157184 read event=8369 count=4096 submitted=34279424
t=24159931 read event=8370 count=4096 submitted=34283520
t=24162677 read event=8371 count=4096 submitted=34287616
t=24165621 read event=8372 count=4096 submitted=34291712
t=24168430 read event=8373 count=4096 submitted=34295808
t=24171181 read event=8374 count=4096 submitted=34299904
t=24173930 read event=8375 count=4096 submitted=34304000
t=24176884 read event=8376 count=4096 submitted=34308096
t=24179705 read event=8377 count=4096 submitted=34312192
t=24182451 read event=8378 count=4096 submitted=34316288
t=24185214 read event=8379 count=4096 submitted=34320384
t=24188157 read event=8380 count=4096 submitted=34324480
t=24190976 read event=8381 count=4096 submitted=34328576
t=24193725 read event=8382 count=4096 submitted=34332672
t=24196467 read event=8383 count=4096 submitted=34336768
t=24199422 read event=8384 count=4096 submitted=34340864
t=24202246 read event=8385 count=4096 submitted=34344960
t=24205000 read event=8386 count=4096 submitted=34349056
t=24207750 read event=8387 count=4096 submitted=34353152
t=24210733 read event=8388 count=4096 submitted=34357248
t=24213557 read event=8389 count=4096 submitted=34361344
t=24216301 read event=8390 count=4096 submitted=34365440
t=24219051 read event=8391 count=4096 submitted=34369536
t=24222054 read event=8392 count=4096 submitted=34373632
t=24224891 read event=8393 count=4096 submitted=34377728
t=24227646 read event=8394 count=4096 submitted=34381824
t=24230389 read event=8395 count=4096 submitted=34385920
t=24233349 read event=8396 count=4096 submitted=34390016
t=24236173 read event=8397 count=4096 submitted=34394112
t=24238925 read event=8398 count=4096 submitted=34398208
t=24241674 read event=8399 count=4096 submitted=34402304
t=24244619 read event=8400 count=4096 submitted=34406400
t=24247436 read event=8401 count=4096 submitted=34410496
t=24250186 read event=8402 count=4096 submitted=34414592
t=24252937 read event=8403 count=4096 submitted=34418688
t=24255903 read event=8404 count=4096 submitted=34422784
t=24258721 read event=8405 count=4096 submitted=34426880
t=24261464 read event=8406 count=4096 submitted=34430976
t=24264212 read event=8407 count=4096 submitted=34435072
t=24267159 read event=8408 count=4096 submitted=34439168
t=24269976 read event=8409 count=4096 submitted=34443264
t=24272731 read event=8410 count=4096 submitted=34447360
t=24275474 read event=8411 count=4096 submitted=34451456
t=24278425 read event=8412 count=4096 submitted=34455552
t=24281254 read event=8413 count=4096 submitted=34459648
t=24284016 read event=8414 count=4096 submitted=34463744
t=24286765 read event=8415 count=4096 submitted=34467840
t=24289715 read event=8416 count=4096 submitted=34471936
t=24292533 read event=8417 count=4096 submitted=34476032
t=24295277 read event=8418 count=4096 submitted=34480128
t=24298026 read event=8419 count=4096 submitted=34484224
t=24300985 read event=8420 count=4096 submitted=34488320
t=24303802 read event=8421 count=4096 submitted=34492416
t=24306555 read event=8422 count=4096 submitted=34496512
t=24309302 read event=8423 count=4096 submitted=34500608
t=24312256 read event=8424 count=4096 submitted=34504704
t=24315073 read event=8425 count=4096 submitted=34508800
t=24317821 read event=8426 count=4096 submitted=34512896
t=24320565 read event=8427 count=4096 submitted=34516992
t=24323509 read event=8428 count=4096 submitted=34521088
t=24326330 read event=8429 count=4096 submitted=34525184
t=24329081 read event=8430 count=4096 submitted=34529280
t=24331827 read event=8431 count=4096 submitted=34533376
t=24334770 read event=8432 count=4096 submitted=34537472
t=24337592 read event=8433 count=4096 submitted=34541568
t=24340335 read event=8434 count=4096 submitted=34545664
t=24343083 read event=8435 count=4096 submitted=34549760
t=24346041 read event=8436 count=4096 submitted=34553856
t=24348858 read event=8437 count=4096 submitted=34557952
t=24351610 read event=8438 count=4096 submitted=34562048
t=24354352 read event=8439 count=4096 submitted=34566144
t=24357308 read event=8440 count=4096 submitted=34570240
t=24360123 read event=8441 count=4096 submitted=34574336
t=24362875 read event=8442 count=4096 submitted=34578432
t=24365626 read event=8443 count=4096 submitted=34582528
t=24368567 read event=8444 count=4096 submitted=34586624
t=24371380 read event=8445 count=4096 submitted=34590720
t=24374128 read event=8446 count=4096 submitted=34594816
t=24376875 read event=8447 count=4096 submitted=34598912
t=24379835 read event=8448 count=4096 submitted=34603008
t=24382670 read event=8449 count=4096 submitted=34607104
t=24385420 read event=8450 count=4096 submitted=34611200
t=24388165 read event=8451 count=4096 submitted=34615296
t=24391115 read event=8452 count=4096 submitted=34619392
t=24393929 read event=8453 count=4096 submitted=34623488
t=24396678 read event=8454 count=4096 submitted=34627584
t=24399422 read event=8455 count=4096 submitted=34631680
t=24402375 read event=8456 count=4096 submitted=34635776
t=24405194 read event=8457 count=4096 submitted=34639872
t=24407947 read event=8458 count=4096 submitted=34643968
t=24410716 read event=8459 count=4096 submitted=34648064
t=24413667 read event=8460 count=4096 submitted=34652160
t=24416484 read event=8461 count=4096 submitted=34656256
t=24419241 read event=8462 count=4096 submitted=34660352
t=24421990 read event=8463 count=4096 submitted=34664448
t=24424950 read event=8464 count=4096 submitted=34668544
t=24427771 read event=8465 count=4096 submitted=34672640
t=24430573 read event=8466 count=4096 submitted=34676736
t=24433322 read event=8467 count=4096 submitted=34680832
t=24436280 read event=8468 count=4096 submitted=34684928
t=24439105 read event=8469 count=4096 submitted=34689024
t=24441854 read event=8470 count=4096 submitted=34693120
t=24444602 read event=8471 count=4096 submitted=34697216
t=24447552 read event=8472 count=4096 submitted=34701312
t=24450363 read event=8473 count=4096 submitted=34705408
t=24453115 read event=8474 count=4096 submitted=34709504
t=24455863 read event=8475 count=4096 submitted=34713600
t=24458808 read event=8476 count=4096 submitted=34717696
t=24461627 read event=8477 count=4096 submitted=34721792
t=24464368 read event=8478 count=4096 submitted=34725888
t=24467116 read event=8479 count=4096 submitted=34729984
t=24470075 read event=8480 count=4096 submitted=34734080
t=24472898 read event=8481 count=4096 submitted=34738176
t=24475650 read event=8482 count=4096 submitted=34742272
t=24478423 read event=8483 count=4096 submitted=34746368
t=24481389 read event=8484 count=4096 submitted=34750464
t=24484227 read event=8485 count=4096 submitted=34754560
t=24486984 read event=8486 count=4096 submitted=34758656
t=24489738 read event=8487 count=4096 submitted=34762752
t=24492683 read event=8488 count=4096 submitted=34766848
t=24495499 read event=8489 count=4096 submitted=34770944
t=24498258 read event=8490 count=4096 submitted=34775040
t=24501007 read event=8491 count=4096 submitted=34779136
t=24503950 read event=8492 count=4096 submitted=34783232
t=24506765 read event=8493 count=4096 submitted=34787328
t=24509510 read event=8494 count=4096 submitted=34791424
t=24512257 read event=8495 count=4096 submitted=34795520
t=24515217 read event=8496 count=4096 submitted=34799616
t=24518035 read event=8497 count=4096 submitted=34803712
t=24520782 read event=8498 count=4096 submitted=34807808
t=24523531 read event=8499 count=4096 submitted=34811904
t=24526473 read event=8500 count=4096 submitted=34816000
t=24529296 read event=8501 count=4096 submitted=34820096
t=24532046 read event=8502 count=4096 submitted=34824192
t=24534795 read event=8503 count=4096 submitted=34828288
t=24537742 read event=8504 count=4096 submitted=34832384
t=24540554 read event=8505 count=4096 submitted=34836480
t=24543303 read event=8506 count=4096 submitted=34840576
t=24546051 read event=8507 count=4096 submitted=34844672
t=24548981 read event=8508 count=4096 submitted=34848768
media_player_helper: video=34919166 bytes, pts=0, audio=0 frames/0 samples
t=24551960 read event=8509 count=4096 submitted=34852864
t=24554934 read event=8510 count=4096 submitted=34856960
t=24557686 read event=8511 count=4096 submitted=34861056
t=24560422 read event=8512 count=4096 submitted=34865152
t=24563217 read event=8513 count=4096 submitted=34869248
t=24565941 read event=8514 count=4096 submitted=34873344
t=24568657 read event=8515 count=4096 submitted=34877440
t=24571369 read event=8516 count=4096 submitted=34881536
t=24574144 read event=8517 count=4096 submitted=34885632
t=24576865 read event=8518 count=4096 submitted=34889728
t=24579587 read event=8519 count=4096 submitted=34893824
t=24582299 read event=8520 count=4096 submitted=34897920
t=24585091 read event=8521 count=4096 submitted=34902016
t=24587813 read event=8522 count=4096 submitted=34906112
t=24590533 read event=8523 count=4096 submitted=34910208
t=24593245 read event=8524 count=4096 submitted=34914304
t=24596014 read event=8525 count=4096 submitted=34918400
t=24596549 read event=8526 count=766 submitted=34919166
t=24596564 helper stdout eof
t=24596573 finish reason=eof fd=14 download=1 submitted=34919166 reads=8526 would_block=185
t=24596615 download released
t=24596696 child wait=1060 status=0x0 wait_errno=0 exited=1 exit_code=0 signaled=0 signal=0
t=24596715 transfer complete submitted=34919166 reads=8526
