t=3 start source=file:/media/fat/games/MediaPlayer/bbb_480i_tff_15s_9800kbps.m2v index=1 core=MediaPlayer alternate=MediaPlayer
t=39 profile_version=1 transport=credit_fast_v1 ack_sample_every=64 first_byte_means=first_chunk_complete interval_means=media_poll_entry_to_entry
t=2273 helper forked pid=1568 read_fd=14
t=2376 download asserted index=1 pid=1568
t=2559 would_block count=1 submitted=0
t=2595 profile_poll polls=1 elapsed_us=55 interval_us=0 chunks=0
t=2834 would_block count=2 submitted=0
t=2862 profile_poll polls=2 elapsed_us=37 interval_us=300 chunks=0
t=2929 would_block count=3 submitted=0
t=2943 profile_poll polls=3 elapsed_us=20 interval_us=98 chunks=0
t=2999 would_block count=4 submitted=0
t=3012 profile_poll polls=4 elapsed_us=17 interval_us=71 chunks=0
t=3186 would_block count=8 submitted=0
t=3522 would_block count=16 submitted=0
t=4225 would_block count=32 submitted=0
t=5555 would_block count=64 submitted=0
t=5573 profile_poll polls=64 elapsed_us=22 interval_us=39 chunks=0
t=8172 would_block count=128 submitted=0
t=8188 profile_poll polls=128 elapsed_us=21 interval_us=39 chunks=0
t=14285 first_read latency_us=11907 count=16384
t=17699 first_byte latency_us=15323 would_block=165 count=16384
t=17730 read event=1 count=16384 submitted=16384 read_us=63 tx_us=3373 ack_sample=0 fast_bytes=16384 slow_bytes=0 batches=2 queries=3
t=21569 read event=2 count=16384 submitted=32768 read_us=31 tx_us=3788 ack_sample=0 fast_bytes=16384 slow_bytes=0 batches=2 queries=3
t=25251 read event=3 count=16384 submitted=49152 read_us=287 tx_us=3363 ack_sample=0 fast_bytes=16384 slow_bytes=0 batches=2 queries=3
t=28914 read event=4 count=16384 submitted=65536 read_us=262 tx_us=3369 ack_sample=0 fast_bytes=16384 slow_bytes=0 batches=2 queries=3
t=32663 read event=5 count=16384 submitted=81920 read_us=265 tx_us=3367 ack_sample=0 fast_bytes=16384 slow_bytes=0 batches=2 queries=3
t=36337 read event=6 count=16384 submitted=98304 read_us=272 tx_us=3370 ack_sample=0 fast_bytes=16384 slow_bytes=0 batches=2 queries=3
t=39995 read event=7 count=16384 submitted=114688 read_us=262 tx_us=3364 ack_sample=0 fast_bytes=16384 slow_bytes=0 batches=2 queries=3
t=43791 read event=8 count=16384 submitted=131072 read_us=259 tx_us=3508 ack_sample=0 fast_bytes=16384 slow_bytes=0 batches=14 queries=15
t=59277 read event=9 count=16384 submitted=147456 read_us=272 tx_us=15116 ack_sample=0 fast_bytes=16364 slow_bytes=20 batches=995 queries=1006
t=68493 read event=10 count=16384 submitted=163840 read_us=261 tx_us=8924 ack_sample=0 fast_bytes=16380 slow_bytes=4 batches=474 queries=477
t=81422 read event=11 count=16384 submitted=180224 read_us=271 tx_us=12627 ack_sample=0 fast_bytes=16376 slow_bytes=8 batches=789 queries=794
t=95063 read event=12 count=16384 submitted=196608 read_us=256 tx_us=13354 ack_sample=0 fast_bytes=16376 slow_bytes=8 batches=850 queries=855
t=105648 read event=13 count=16384 submitted=212992 read_us=265 tx_us=10211 ack_sample=0 fast_bytes=16378 slow_bytes=6 batches=583 queries=587
t=133382 read event=14 count=16384 submitted=229376 read_us=272 tx_us=27427 ack_sample=0 fast_bytes=16054 slow_bytes=330 batches=788 queries=954
t=144891 read event=15 count=16384 submitted=245760 read_us=257 tx_us=11221 ack_sample=0 fast_bytes=16374 slow_bytes=10 batches=666 queries=672
t=155541 read event=16 count=16384 submitted=262144 read_us=257 tx_us=10361 ack_sample=0 fast_bytes=16380 slow_bytes=4 batches=597 queries=600
t=172530 read event=17 count=16384 submitted=278528 read_us=281 tx_us=16561 ack_sample=0 fast_bytes=16372 slow_bytes=12 batches=1123 queries=1130
t=181833 read event=18 count=16384 submitted=294912 read_us=275 tx_us=8994 ack_sample=0 fast_bytes=16374 slow_bytes=10 batches=477 queries=483
t=192416 read event=19 count=16384 submitted=311296 read_us=254 tx_us=10298 ack_sample=0 fast_bytes=16382 slow_bytes=2 batches=593 queries=595
t=201039 read event=20 count=16384 submitted=327680 read_us=256 tx_us=8336 ack_sample=0 fast_bytes=16374 slow_bytes=10 batches=421 queries=427
t=206230 read event=21 count=16384 submitted=344064 read_us=259 tx_us=4828 ack_sample=0 fast_bytes=16384 slow_bytes=0 batches=122 queries=123
t=211161 read event=22 count=16384 submitted=360448 read_us=267 tx_us=4599 ack_sample=0 fast_bytes=16384 slow_bytes=0 batches=107 queries=108
t=216346 read event=23 count=16384 submitted=376832 read_us=254 tx_us=4898 ack_sample=0 fast_bytes=16384 slow_bytes=0 batches=133 queries=134
t=221661 read event=24 count=16384 submitted=393216 read_us=257 tx_us=5026 ack_sample=0 fast_bytes=16384 slow_bytes=0 batches=144 queries=145
t=226834 read event=25 count=16384 submitted=409600 read_us=261 tx_us=4799 ack_sample=0 fast_bytes=16384 slow_bytes=0 batches=124 queries=125
t=231977 read event=26 count=16384 submitted=425984 read_us=258 tx_us=4853 ack_sample=0 fast_bytes=16384 slow_bytes=0 batches=129 queries=130
t=237238 read event=27 count=16384 submitted=442368 read_us=255 tx_us=4976 ack_sample=0 fast_bytes=16384 slow_bytes=0 batches=138 queries=139
t=243994 read event=28 count=16384 submitted=458752 read_us=258 tx_us=6467 ack_sample=0 fast_bytes=16380 slow_bytes=4 batches=264 queries=267
t=258030 read event=29 count=16384 submitted=475136 read_us=274 tx_us=3368 ack_sample=0 fast_bytes=16384 slow_bytes=0 batches=2 queries=3
t=265560 read event=30 count=16384 submitted=491520 read_us=265 tx_us=7231 ack_sample=0 fast_bytes=16384 slow_bytes=0 batches=332 queries=333
t=276266 read event=31 count=16384 submitted=507904 read_us=289 tx_us=10384 ack_sample=0 fast_bytes=16384 slow_bytes=0 batches=600 queries=601
t=300285 read event=32 count=16384 submitted=524288 read_us=258 tx_us=23730 ack_sample=0 fast_bytes=16370 slow_bytes=14 batches=1734 queries=1742
t=321179 read event=33 count=16384 submitted=540672 read_us=264 tx_us=20530 ack_sample=0 fast_bytes=16366 slow_bytes=18 batches=1458 queries=1468
t=342260 read event=34 count=16384 submitted=557056 read_us=257 tx_us=20791 ack_sample=0 fast_bytes=16366 slow_bytes=18 batches=1480 queries=1490
t=358275 read event=35 count=16384 submitted=573440 read_us=256 tx_us=15729 ack_sample=0 fast_bytes=16384 slow_bytes=0 batches=1056 queries=1057
t=377329 read event=36 count=16384 submitted=589824 read_us=270 tx_us=18747 ack_sample=0 fast_bytes=16374 slow_bytes=10 batches=1310 queries=1316
t=393618 read event=37 count=16384 submitted=606208 read_us=267 tx_us=15911 ack_sample=0 fast_bytes=16384 slow_bytes=0 batches=1073 queries=1074
t=411232 read event=38 count=16384 submitted=622592 read_us=279 tx_us=17303 ack_sample=0 fast_bytes=16360 slow_bytes=24 batches=1175 queries=1188
t=424386 read event=39 count=16384 submitted=638976 read_us=263 tx_us=12856 ack_sample=0 fast_bytes=16384 slow_bytes=0 batches=812 queries=813
t=440933 read event=40 count=16384 submitted=655360 read_us=256 tx_us=16259 ack_sample=0 fast_bytes=16368 slow_bytes=16 batches=1094 queries=1103
t=454126 read event=41 count=16384 submitted=671744 read_us=264 tx_us=12826 ack_sample=0 fast_bytes=16384 slow_bytes=0 batches=808 queries=809
t=471034 read event=42 count=16384 submitted=688128 read_us=282 tx_us=16593 ack_sample=0 fast_bytes=16372 slow_bytes=12 batches=1124 queries=1131
t=483100 read event=43 count=16384 submitted=704512 read_us=276 tx_us=11749 ack_sample=0 fast_bytes=16384 slow_bytes=0 batches=717 queries=718
t=497126 read event=44 count=16384 submitted=720896 read_us=263 tx_us=13729 ack_sample=0 fast_bytes=16384 slow_bytes=0 batches=886 queries=887
t=512305 read event=45 count=16384 submitted=737280 read_us=267 tx_us=14792 ack_sample=0 fast_bytes=16376 slow_bytes=8 batches=973 queries=978
t=524401 read event=46 count=16384 submitted=753664 read_us=259 tx_us=11804 ack_sample=0 fast_bytes=16384 slow_bytes=0 batches=722 queries=723
t=540382 read event=47 count=16384 submitted=770048 read_us=260 tx_us=15689 ack_sample=0 fast_bytes=16372 slow_bytes=12 batches=1047 queries=1054
t=552693 read event=48 count=16384 submitted=786432 read_us=276 tx_us=11996 ack_sample=0 fast_bytes=16384 slow_bytes=0 batches=738 queries=739
t=569256 read event=49 count=16384 submitted=802816 read_us=270 tx_us=16156 ack_sample=0 fast_bytes=16364 slow_bytes=20 batches=1083 queries=1094
t=581025 read event=50 count=16384 submitted=819200 read_us=262 tx_us=11472 ack_sample=0 fast_bytes=16384 slow_bytes=0 batches=693 queries=694
t=593539 read event=51 count=16384 submitted=835584 read_us=263 tx_us=12206 ack_sample=0 fast_bytes=16384 slow_bytes=0 batches=756 queries=757
t=609268 read event=52 count=16384 submitted=851968 read_us=277 tx_us=15419 ack_sample=0 fast_bytes=16372 slow_bytes=12 batches=1025 queries=1032
t=621218 read event=53 count=16384 submitted=868352 read_us=265 tx_us=11574 ack_sample=0 fast_bytes=16384 slow_bytes=0 batches=697 queries=698
t=637435 read event=54 count=16384 submitted=884736 read_us=260 tx_us=15924 ack_sample=0 fast_bytes=16362 slow_bytes=22 batches=1062 queries=1074
t=648740 read event=55 count=16384 submitted=901120 read_us=266 tx_us=11006 ack_sample=0 fast_bytes=16380 slow_bytes=4 batches=652 queries=655
t=661157 read event=56 count=16384 submitted=917504 read_us=256 tx_us=12132 ack_sample=0 fast_bytes=16384 slow_bytes=0 batches=749 queries=750
t=676552 read event=57 count=16384 submitted=933888 read_us=262 tx_us=15032 ack_sample=0 fast_bytes=16368 slow_bytes=16 batches=989 queries=998
t=688051 read event=58 count=16384 submitted=950272 read_us=274 tx_us=11192 ack_sample=0 fast_bytes=16384 slow_bytes=0 batches=670 queries=671
t=704216 read event=59 count=16384 submitted=966656 read_us=255 tx_us=15879 ack_sample=0 fast_bytes=16376 slow_bytes=8 batches=1066 queries=1071
t=715419 read event=60 count=16384 submitted=983040 read_us=259 tx_us=10914 ack_sample=0 fast_bytes=16384 slow_bytes=0 batches=646 queries=647
t=727921 read event=61 count=16384 submitted=999424 read_us=276 tx_us=12119 ack_sample=0 fast_bytes=16384 slow_bytes=0 batches=749 queries=750
t=742860 read event=62 count=16384 submitted=1015808 read_us=256 tx_us=14652 ack_sample=0 fast_bytes=16376 slow_bytes=8 batches=961 queries=966
t=754432 read event=63 count=16384 submitted=1032192 read_us=253 tx_us=11288 ack_sample=0 fast_bytes=16384 slow_bytes=0 batches=677 queries=678
t=770056 read event=64 count=16384 submitted=1048576 read_us=272 tx_us=15324 ack_sample=1 fast_bytes=16364 slow_bytes=20 batches=1013 queries=1024
t=770082 profile_ack event=64 words=10 high_reads=20 low_reads=20 high_wait_words=10 low_wait_words=10 high_max_reads=2 low_max_reads=2 uninitialized=0
t=778978 read event=65 count=16384 submitted=1064960 read_us=267 tx_us=8528 ack_sample=0 fast_bytes=16384 slow_bytes=0 batches=442 queries=443
t=788198 read event=66 count=16384 submitted=1081344 read_us=256 tx_us=8932 ack_sample=0 fast_bytes=16384 slow_bytes=0 batches=477 queries=478
t=798769 read event=67 count=16384 submitted=1097728 read_us=254 tx_us=10287 ack_sample=0 fast_bytes=16384 slow_bytes=0 batches=592 queries=593
t=813892 read event=68 count=16384 submitted=1114112 read_us=256 tx_us=14838 ack_sample=0 fast_bytes=16374 slow_bytes=10 batches=976 queries=982
t=827207 read event=69 count=16384 submitted=1130496 read_us=262 tx_us=12957 ack_sample=0 fast_bytes=16384 slow_bytes=0 batches=816 queries=817
t=842841 read event=70 count=16384 submitted=1146880 read_us=259 tx_us=15341 ack_sample=0 fast_bytes=16368 slow_bytes=16 batches=1015 queries=1024
t=855324 read event=71 count=16384 submitted=1163264 read_us=253 tx_us=12197 ack_sample=0 fast_bytes=16384 slow_bytes=0 batches=755 queries=756
t=872464 read event=72 count=16384 submitted=1179648 read_us=258 tx_us=16852 ack_sample=0 fast_bytes=16368 slow_bytes=16 batches=1142 queries=1151
t=883972 read event=73 count=16384 submitted=1196032 read_us=288 tx_us=11103 ack_sample=0 fast_bytes=16384 slow_bytes=0 batches=662 queries=663
t=899786 read event=74 count=16384 submitted=1212416 read_us=258 tx_us=15522 ack_sample=0 fast_bytes=16376 slow_bytes=8 batches=1035 queries=1040
t=913191 read event=75 count=16384 submitted=1228800 read_us=257 tx_us=13117 ack_sample=0 fast_bytes=16382 slow_bytes=2 batches=833 queries=835
t=926604 read event=76 count=16384 submitted=1245184 read_us=256 tx_us=13126 ack_sample=0 fast_bytes=16384 slow_bytes=0 batches=835 queries=836
t=942005 read event=77 count=16384 submitted=1261568 read_us=274 tx_us=15028 ack_sample=0 fast_bytes=16366 slow_bytes=18 batches=988 queries=998
t=954179 read event=78 count=16384 submitted=1277952 read_us=271 tx_us=11849 ack_sample=0 fast_bytes=16384 slow_bytes=0 batches=725 queries=726
t=971030 read event=79 count=16384 submitted=1294336 read_us=260 tx_us=16556 ack_sample=0 fast_bytes=16360 slow_bytes=24 batches=1115 queries=1128
t=981794 read event=80 count=16384 submitted=1310720 read_us=259 tx_us=10476 ack_sample=0 fast_bytes=16384 slow_bytes=0 batches=608 queries=609
t=995661 read event=81 count=16384 submitted=1327104 read_us=264 tx_us=13491 ack_sample=0 fast_bytes=16384 slow_bytes=0 batches=866 queries=867
t=1010173 read event=82 count=16384 submitted=1343488 read_us=266 tx_us=14215 ack_sample=0 fast_bytes=16378 slow_bytes=6 batches=925 queries=929
t=1022601 read event=83 count=16384 submitted=1359872 read_us=255 tx_us=12141 ack_sample=0 fast_bytes=16384 slow_bytes=0 batches=751 queries=752
t=1038306 read event=84 count=16384 submitted=1376256 read_us=274 tx_us=15400 ack_sample=0 fast_bytes=16376 slow_bytes=8 batches=1021 queries=1026
t=1046770 read event=85 count=16384 submitted=1392640 read_us=270 tx_us=8088 ack_sample=0 fast_bytes=16384 slow_bytes=0 batches=404 queries=405
t=1056878 read event=86 count=16384 submitted=1409024 read_us=259 tx_us=9815 ack_sample=0 fast_bytes=16384 slow_bytes=0 batches=551 queries=552
t=1071720 read event=87 count=16384 submitted=1425408 read_us=254 tx_us=14556 ack_sample=0 fast_bytes=16372 slow_bytes=12 batches=951 queries=958
t=1083382 read event=88 count=16384 submitted=1441792 read_us=259 tx_us=11371 ack_sample=0 fast_bytes=16384 slow_bytes=0 batches=685 queries=686
t=1098254 read event=89 count=16384 submitted=1458176 read_us=286 tx_us=14480 ack_sample=0 fast_bytes=16382 slow_bytes=2 batches=950 queries=952
t=1112988 read event=90 count=16384 submitted=1474560 read_us=257 tx_us=14445 ack_sample=0 fast_bytes=16374 slow_bytes=10 batches=942 queries=948
t=1126863 read event=91 count=16384 submitted=1490944 read_us=270 tx_us=13574 ack_sample=0 fast_bytes=16384 slow_bytes=0 batches=873 queries=874
t=1142216 read event=92 count=16384 submitted=1507328 read_us=260 tx_us=15061 ack_sample=0 fast_bytes=16372 slow_bytes=12 batches=992 queries=999
t=1154687 read event=93 count=16384 submitted=1523712 read_us=279 tx_us=12080 ack_sample=0 fast_bytes=16384 slow_bytes=0 batches=744 queries=745
t=1170611 read event=94 count=16384 submitted=1540096 read_us=261 tx_us=15616 ack_sample=0 fast_bytes=16370 slow_bytes=14 batches=1041 queries=1049
t=1179557 read event=95 count=16384 submitted=1556480 read_us=272 tx_us=8641 ack_sample=0 fast_bytes=16382 slow_bytes=2 batches=451 queries=453
t=1189858 read event=96 count=16384 submitted=1572864 read_us=271 tx_us=10002 ack_sample=0 fast_bytes=16384 slow_bytes=0 batches=568 queries=569
t=1204601 read event=97 count=16384 submitted=1589248 read_us=267 tx_us=14370 ack_sample=0 fast_bytes=16374 slow_bytes=10 batches=936 queries=942
t=1216683 read event=98 count=16384 submitted=1605632 read_us=274 tx_us=11776 ack_sample=0 fast_bytes=16384 slow_bytes=0 batches=720 queries=721
t=1234508 read event=99 count=16384 submitted=1622016 read_us=264 tx_us=17530 ack_sample=0 fast_bytes=16366 slow_bytes=18 batches=1202 queries=1212
t=1246670 read event=100 count=16384 submitted=1638400 read_us=272 tx_us=11859 ack_sample=0 fast_bytes=16382 slow_bytes=2 batches=721 queries=723
t=1260631 read event=101 count=16384 submitted=1654784 read_us=264 tx_us=13581 ack_sample=0 fast_bytes=16384 slow_bytes=0 batches=873 queries=874
t=1276077 read event=102 count=16384 submitted=1671168 read_us=277 tx_us=15137 ack_sample=0 fast_bytes=16374 slow_bytes=10 batches=1002 queries=1008
t=1289143 read event=103 count=16384 submitted=1687552 read_us=259 tx_us=12776 ack_sample=0 fast_bytes=16384 slow_bytes=0 batches=805 queries=806
t=1304620 read event=104 count=16384 submitted=1703936 read_us=257 tx_us=15191 ack_sample=0 fast_bytes=16370 slow_bytes=14 batches=1004 queries=1012
t=1313528 read event=105 count=16384 submitted=1720320 read_us=264 tx_us=8511 ack_sample=0 fast_bytes=16384 slow_bytes=0 batches=441 queries=442
t=1324233 read event=106 count=16384 submitted=1736704 read_us=274 tx_us=10385 ack_sample=0 fast_bytes=16384 slow_bytes=0 batches=601 queries=602
t=1339615 read event=107 count=16384 submitted=1753088 read_us=253 tx_us=15097 ack_sample=0 fast_bytes=16368 slow_bytes=16 batches=995 queries=1004
t=1350718 read event=108 count=16384 submitted=1769472 read_us=271 tx_us=10795 ack_sample=0 fast_bytes=16382 slow_bytes=2 batches=635 queries=637
t=1350747 profile_poll polls=192 elapsed_us=45999 interval_us=57966 chunks=4
t=1368116 read event=109 count=16384 submitted=1785856 read_us=262 tx_us=17023 ack_sample=0 fast_bytes=16366 slow_bytes=18 batches=1157 queries=1167
t=1380085 read event=110 count=16384 submitted=1802240 read_us=256 tx_us=11679 ack_sample=0 fast_bytes=16384 slow_bytes=0 batches=711 queries=712
t=1394103 read event=111 count=16384 submitted=1818624 read_us=266 tx_us=13715 ack_sample=0 fast_bytes=16384 slow_bytes=0 batches=885 queries=886
t=1409754 read event=112 count=16384 submitted=1835008 read_us=263 tx_us=15356 ack_sample=0 fast_bytes=16368 slow_bytes=16 batches=1017 queries=1026
t=1422241 read event=113 count=16384 submitted=1851392 read_us=263 tx_us=12113 ack_sample=0 fast_bytes=16384 slow_bytes=0 batches=748 queries=749
t=1437836 read event=114 count=16384 submitted=1867776 read_us=260 tx_us=15302 ack_sample=0 fast_bytes=16366 slow_bytes=18 batches=1011 queries=1021
t=1446516 read event=115 count=16384 submitted=1884160 read_us=256 tx_us=8393 ack_sample=0 fast_bytes=16384 slow_bytes=0 batches=431 queries=432
t=1456704 read event=116 count=16384 submitted=1900544 read_us=269 tx_us=9889 ack_sample=0 fast_bytes=16384 slow_bytes=0 batches=553 queries=554
t=1472191 read event=117 count=16384 submitted=1916928 read_us=275 tx_us=15089 ack_sample=0 fast_bytes=16364 slow_bytes=20 batches=992 queries=1003
t=1482912 read event=118 count=16384 submitted=1933312 read_us=260 tx_us=10427 ack_sample=0 fast_bytes=16384 slow_bytes=0 batches=604 queries=605
t=1498664 read event=119 count=16384 submitted=1949696 read_us=260 tx_us=15460 ack_sample=0 fast_bytes=16374 slow_bytes=10 batches=1025 queries=1031
t=1512012 read event=120 count=16384 submitted=1966080 read_us=273 tx_us=13043 ack_sample=0 fast_bytes=16382 slow_bytes=2 batches=827 queries=829
t=1523996 read event=121 count=16384 submitted=1982464 read_us=265 tx_us=11607 ack_sample=0 fast_bytes=16384 slow_bytes=0 batches=705 queries=706
t=1541368 read event=122 count=16384 submitted=1998848 read_us=254 tx_us=17084 ack_sample=0 fast_bytes=16368 slow_bytes=16 batches=1165 queries=1174
t=1551115 read event=123 count=16384 submitted=2015232 read_us=260 tx_us=9455 ack_sample=0 fast_bytes=16384 slow_bytes=0 batches=521 queries=522
t=1568038 read event=124 count=16384 submitted=2031616 read_us=257 tx_us=16635 ack_sample=0 fast_bytes=16370 slow_bytes=14 batches=1126 queries=1134
t=1579431 read event=125 count=16384 submitted=2048000 read_us=268 tx_us=11023 ack_sample=0 fast_bytes=16382 slow_bytes=2 batches=654 queries=656
t=1591924 read event=126 count=16384 submitted=2064384 read_us=267 tx_us=12194 ack_sample=0 fast_bytes=16384 slow_bytes=0 batches=756 queries=757
t=1608638 read event=127 count=16384 submitted=2080768 read_us=259 tx_us=16423 ack_sample=0 fast_bytes=16374 slow_bytes=10 batches=1112 queries=1118
t=1618563 read event=128 count=16384 submitted=2097152 read_us=272 tx_us=9623 ack_sample=1 fast_bytes=16384 slow_bytes=0 batches=536 queries=537
t=1618590 profile_ack event=128 words=0 high_reads=0 low_reads=0 high_wait_words=0 low_wait_words=0 high_max_reads=0 low_max_reads=0 uninitialized=0
t=1635489 read event=129 count=16384 submitted=2113536 read_us=275 tx_us=16530 ack_sample=0 fast_bytes=16378 slow_bytes=6 batches=1123 queries=1127
t=1646595 read event=130 count=16384 submitted=2129920 read_us=268 tx_us=10806 ack_sample=0 fast_bytes=16384 slow_bytes=0 batches=637 queries=638
t=1659308 read event=131 count=16384 submitted=2146304 read_us=271 tx_us=12412 ack_sample=0 fast_bytes=16384 slow_bytes=0 batches=769 queries=770
t=1675393 read event=132 count=16384 submitted=2162688 read_us=261 tx_us=15775 ack_sample=0 fast_bytes=16366 slow_bytes=18 batches=1052 queries=1062
t=1685707 read event=133 count=16384 submitted=2179072 read_us=282 tx_us=9927 ack_sample=0 fast_bytes=16384 slow_bytes=0 batches=562 queries=563
t=1702831 read event=134 count=16384 submitted=2195456 read_us=256 tx_us=16827 ack_sample=0 fast_bytes=16372 slow_bytes=12 batches=1145 queries=1152
t=1713345 read event=135 count=16384 submitted=2211840 read_us=259 tx_us=10224 ack_sample=0 fast_bytes=16382 slow_bytes=2 batches=586 queries=588
t=1726391 read event=136 count=16384 submitted=2228224 read_us=255 tx_us=12761 ack_sample=0 fast_bytes=16384 slow_bytes=0 batches=804 queries=805
t=1742115 read event=137 count=16384 submitted=2244608 read_us=279 tx_us=15334 ack_sample=0 fast_bytes=16374 slow_bytes=10 batches=1019 queries=1025
t=1752543 read event=138 count=16384 submitted=2260992 read_us=255 tx_us=10140 ack_sample=0 fast_bytes=16384 slow_bytes=0 batches=580 queries=581
t=1769513 read event=139 count=16384 submitted=2277376 read_us=279 tx_us=16661 ack_sample=0 fast_bytes=16368 slow_bytes=16 batches=1129 queries=1138
t=1780315 read event=140 count=16384 submitted=2293760 read_us=271 tx_us=10500 ack_sample=0 fast_bytes=16384 slow_bytes=0 batches=611 queries=612
t=1793126 read event=141 count=16384 submitted=2310144 read_us=263 tx_us=12449 ack_sample=0 fast_bytes=16384 slow_bytes=0 batches=777 queries=778
t=1808897 read event=142 count=16384 submitted=2326528 read_us=255 tx_us=15484 ack_sample=0 fast_bytes=16372 slow_bytes=12 batches=1030 queries=1037
t=1819434 read event=143 count=16384 submitted=2342912 read_us=259 tx_us=10247 ack_sample=0 fast_bytes=16384 slow_bytes=0 batches=586 queries=587
t=1836629 read event=144 count=16384 submitted=2359296 read_us=277 tx_us=16884 ack_sample=0 fast_bytes=16364 slow_bytes=20 batches=1146 queries=1157
t=1847214 read event=145 count=16384 submitted=2375680 read_us=269 tx_us=10019 ack_sample=0 fast_bytes=16382 slow_bytes=2 batches=568 queries=570
t=1860459 read event=146 count=16384 submitted=2392064 read_us=256 tx_us=12955 ack_sample=0 fast_bytes=16384 slow_bytes=0 batches=819 queries=820
t=1874034 read event=147 count=16384 submitted=2408448 read_us=274 tx_us=13270 ack_sample=0 fast_bytes=16370 slow_bytes=14 batches=836 queries=844
t=1881952 read event=148 count=16384 submitted=2424832 read_us=261 tx_us=7624 ack_sample=0 fast_bytes=16384 slow_bytes=0 batches=365 queries=366
t=1891649 read event=149 count=16384 submitted=2441216 read_us=264 tx_us=9333 ack_sample=0 fast_bytes=16384 slow_bytes=0 batches=511 queries=512
t=1907835 read event=150 count=16384 submitted=2457600 read_us=272 tx_us=15881 ack_sample=0 fast_bytes=16368 slow_bytes=16 batches=1062 queries=1071
t=1918902 read event=151 count=16384 submitted=2473984 read_us=272 tx_us=10766 ack_sample=0 fast_bytes=16384 slow_bytes=0 batches=633 queries=634
t=1936695 read event=152 count=16384 submitted=2490368 read_us=257 tx_us=17505 ack_sample=0 fast_bytes=16368 slow_bytes=16 batches=1201 queries=1210
t=1947610 read event=153 count=16384 submitted=2506752 read_us=264 tx_us=10390 ack_sample=0 fast_bytes=16384 slow_bytes=0 batches=601 queries=602
t=1961409 read event=154 count=16384 submitted=2523136 read_us=269 tx_us=13498 ack_sample=0 fast_bytes=16384 slow_bytes=0 batches=866 queries=867
t=1976774 read event=155 count=16384 submitted=2539520 read_us=257 tx_us=15077 ack_sample=0 fast_bytes=16368 slow_bytes=16 batches=993 queries=1002
t=1988510 read event=156 count=16384 submitted=2555904 read_us=259 tx_us=11446 ack_sample=0 fast_bytes=16384 slow_bytes=0 batches=692 queries=693
t=2005957 read event=157 count=16384 submitted=2572288 read_us=287 tx_us=17061 ack_sample=0 fast_bytes=16364 slow_bytes=20 batches=1161 queries=1172
t=2016884 read event=158 count=16384 submitted=2588672 read_us=258 tx_us=10637 ack_sample=0 fast_bytes=16384 slow_bytes=0 batches=622 queries=623
t=2034667 read event=159 count=16384 submitted=2605056 read_us=256 tx_us=17498 ack_sample=0 fast_bytes=16376 slow_bytes=8 batches=1205 queries=1210
t=2046561 read event=160 count=16384 submitted=2621440 read_us=271 tx_us=11574 ack_sample=0 fast_bytes=16384 slow_bytes=0 batches=702 queries=703
t=2060432 read event=161 count=16384 submitted=2637824 read_us=278 tx_us=13487 ack_sample=0 fast_bytes=16384 slow_bytes=0 batches=865 queries=866
t=2076488 read event=162 count=16384 submitted=2654208 read_us=273 tx_us=15748 ack_sample=0 fast_bytes=16062 slow_bytes=322 batches=877 queries=1039
t=2088680 read event=163 count=16384 submitted=2670592 read_us=274 tx_us=11883 ack_sample=0 fast_bytes=16384 slow_bytes=0 batches=729 queries=730
t=2106135 read event=164 count=16384 submitted=2686976 read_us=268 tx_us=17157 ack_sample=0 fast_bytes=16076 slow_bytes=308 batches=1011 queries=1166
t=2117163 read event=165 count=16384 submitted=2703360 read_us=265 tx_us=10658 ack_sample=0 fast_bytes=16384 slow_bytes=0 batches=624 queries=625
t=2134501 read event=166 count=16384 submitted=2719744 read_us=257 tx_us=17050 ack_sample=0 fast_bytes=16068 slow_bytes=316 batches=998 queries=1157
t=2143994 read event=167 count=16384 submitted=2736128 read_us=271 tx_us=9192 ack_sample=0 fast_bytes=16384 slow_bytes=0 batches=499 queries=500
t=2153072 read event=168 count=16384 submitted=2752512 read_us=254 tx_us=8793 ack_sample=0 fast_bytes=16384 slow_bytes=0 batches=464 queries=465
t=2167789 read event=169 count=16384 submitted=2768896 read_us=261 tx_us=14354 ack_sample=0 fast_bytes=16374 slow_bytes=10 batches=934 queries=940
t=2180067 read event=170 count=16384 submitted=2785280 read_us=255 tx_us=11989 ack_sample=0 fast_bytes=16384 slow_bytes=0 batches=738 queries=739
t=2193166 read event=171 count=16384 submitted=2801664 read_us=254 tx_us=12814 ack_sample=0 fast_bytes=16382 slow_bytes=2 batches=807 queries=809
t=2209496 read event=172 count=16384 submitted=2818048 read_us=256 tx_us=16042 ack_sample=0 fast_bytes=16370 slow_bytes=14 batches=1077 queries=1085
t=2221400 read event=173 count=16384 submitted=2834432 read_us=285 tx_us=11520 ack_sample=0 fast_bytes=16382 slow_bytes=2 batches=697 queries=699
t=2237363 read event=174 count=16384 submitted=2850816 read_us=253 tx_us=15677 ack_sample=0 fast_bytes=16366 slow_bytes=18 batches=1043 queries=1053
t=2246917 read event=175 count=16384 submitted=2867200 read_us=255 tx_us=9268 ack_sample=0 fast_bytes=16384 slow_bytes=0 batches=505 queries=506
t=2256773 read event=176 count=16384 submitted=2883584 read_us=255 tx_us=9571 ack_sample=0 fast_bytes=16384 slow_bytes=0 batches=530 queries=531
t=2272557 read event=177 count=16384 submitted=2899968 read_us=266 tx_us=15416 ack_sample=0 fast_bytes=16362 slow_bytes=22 batches=1019 queries=1031
t=2285400 read event=178 count=16384 submitted=2916352 read_us=278 tx_us=12531 ack_sample=0 fast_bytes=16384 slow_bytes=0 batches=780 queries=781
t=2302908 read event=179 count=16384 submitted=2932736 read_us=260 tx_us=17216 ack_sample=0 fast_bytes=16378 slow_bytes=6 batches=1181 queries=1185
t=2315889 read event=180 count=16384 submitted=2949120 read_us=259 tx_us=12690 ack_sample=0 fast_bytes=16384 slow_bytes=0 batches=798 queries=799
t=2332677 read event=181 count=16384 submitted=2965504 read_us=263 tx_us=16427 ack_sample=0 fast_bytes=16296 slow_bytes=88 batches=1070 queries=1115
t=2343068 read event=182 count=16384 submitted=2981888 read_us=267 tx_us=10092 ack_sample=0 fast_bytes=16384 slow_bytes=0 batches=576 queries=577
t=2352957 read event=183 count=16384 submitted=2998272 read_us=257 tx_us=9601 ack_sample=0 fast_bytes=16384 slow_bytes=0 batches=533 queries=534
t=2367520 read event=184 count=16384 submitted=3014656 read_us=259 tx_us=14273 ack_sample=0 fast_bytes=16372 slow_bytes=12 batches=927 queries=934
t=2381184 read event=185 count=16384 submitted=3031040 read_us=290 tx_us=13255 ack_sample=0 fast_bytes=16384 slow_bytes=0 batches=846 queries=847
t=2394929 read event=186 count=16384 submitted=3047424 read_us=252 tx_us=13461 ack_sample=0 fast_bytes=16384 slow_bytes=0 batches=863 queries=864
t=2408779 read event=187 count=16384 submitted=3063808 read_us=267 tx_us=13547 ack_sample=0 fast_bytes=16370 slow_bytes=14 batches=863 queries=871
t=2419287 read event=188 count=16384 submitted=3080192 read_us=264 tx_us=10191 ack_sample=0 fast_bytes=16384 slow_bytes=0 batches=584 queries=585
t=2433497 read event=189 count=16384 submitted=3096576 read_us=268 tx_us=13835 ack_sample=0 fast_bytes=16370 slow_bytes=14 batches=888 queries=896
t=2447550 read event=190 count=16384 submitted=3112960 read_us=272 tx_us=13748 ack_sample=0 fast_bytes=16384 slow_bytes=0 batches=889 queries=890
t=2461636 read event=191 count=16384 submitted=3129344 read_us=270 tx_us=13787 ack_sample=0 fast_bytes=16384 slow_bytes=0 batches=891 queries=892
t=2475570 read event=192 count=16384 submitted=3145728 read_us=284 tx_us=13613 ack_sample=1 fast_bytes=16324 slow_bytes=60 batches=845 queries=876
t=2475597 profile_ack event=192 words=30 high_reads=60 low_reads=60 high_wait_words=30 low_wait_words=30 high_max_reads=2 low_max_reads=2 uninitialized=0
t=2486758 read event=193 count=16384 submitted=3162112 read_us=282 tx_us=10777 ack_sample=0 fast_bytes=16384 slow_bytes=0 batches=634 queries=635
t=2501455 read event=194 count=16384 submitted=3178496 read_us=254 tx_us=14411 ack_sample=0 fast_bytes=16376 slow_bytes=8 batches=936 queries=941
t=2515621 read event=195 count=16384 submitted=3194880 read_us=277 tx_us=13857 ack_sample=0 fast_bytes=16384 slow_bytes=0 batches=898 queries=899
t=2533182 read event=196 count=16384 submitted=3211264 read_us=277 tx_us=17252 ack_sample=0 fast_bytes=16062 slow_bytes=322 batches=1008 queries=1170
t=2543321 read event=197 count=16384 submitted=3227648 read_us=264 tx_us=9772 ack_sample=0 fast_bytes=16384 slow_bytes=0 batches=548 queries=549
t=2554578 read event=198 count=16384 submitted=3244032 read_us=255 tx_us=10968 ack_sample=0 fast_bytes=16384 slow_bytes=0 batches=650 queries=651
t=2569518 read event=199 count=16384 submitted=3260416 read_us=276 tx_us=14635 ack_sample=0 fast_bytes=16370 slow_bytes=14 batches=957 queries=965
t=2582791 read event=200 count=16384 submitted=3276800 read_us=276 tx_us=12965 ack_sample=0 fast_bytes=16384 slow_bytes=0 batches=821 queries=822
t=2600039 read event=201 count=16384 submitted=3293184 read_us=278 tx_us=16703 ack_sample=0 fast_bytes=16228 slow_bytes=156 batches=1054 queries=1133
t=2609692 read event=202 count=16384 submitted=3309568 read_us=267 tx_us=9347 ack_sample=0 fast_bytes=16384 slow_bytes=0 batches=512 queries=513
t=2620723 read event=203 count=16384 submitted=3325952 read_us=258 tx_us=10730 ack_sample=0 fast_bytes=16384 slow_bytes=0 batches=630 queries=631
t=2635262 read event=204 count=16384 submitted=3342336 read_us=258 tx_us=14251 ack_sample=0 fast_bytes=16370 slow_bytes=14 batches=924 queries=932
t=2647427 read event=205 count=16384 submitted=3358720 read_us=264 tx_us=11796 ack_sample=0 fast_bytes=16384 slow_bytes=0 batches=721 queries=722
t=2662207 read event=206 count=16384 submitted=3375104 read_us=255 tx_us=14480 ack_sample=0 fast_bytes=16384 slow_bytes=0 batches=950 queries=951
t=2675182 read event=207 count=16384 submitted=3391488 read_us=259 tx_us=12685 ack_sample=0 fast_bytes=16370 slow_bytes=14 batches=790 queries=798
t=2685584 read event=208 count=16384 submitted=3407872 read_us=257 tx_us=10115 ack_sample=0 fast_bytes=16384 slow_bytes=0 batches=578 queries=579
t=2696691 read event=209 count=16384 submitted=3424256 read_us=276 tx_us=10724 ack_sample=0 fast_bytes=16384 slow_bytes=0 batches=630 queries=631
t=2712582 read event=210 count=16384 submitted=3440640 read_us=252 tx_us=15597 ack_sample=0 fast_bytes=16376 slow_bytes=8 batches=1037 queries=1042
t=2727609 read event=211 count=16384 submitted=3457024 read_us=293 tx_us=14701 ack_sample=0 fast_bytes=16384 slow_bytes=0 batches=970 queries=971
t=2743362 read event=212 count=16384 submitted=3473408 read_us=275 tx_us=15447 ack_sample=0 fast_bytes=16364 slow_bytes=20 batches=1023 queries=1034
t=2757208 read event=213 count=16384 submitted=3489792 read_us=282 tx_us=13462 ack_sample=0 fast_bytes=16384 slow_bytes=0 batches=863 queries=864
t=2772656 read event=214 count=16384 submitted=3506176 read_us=256 tx_us=15159 ack_sample=0 fast_bytes=16056 slow_bytes=328 batches=816 queries=981
t=2782317 read event=215 count=16384 submitted=3522560 read_us=270 tx_us=9346 ack_sample=0 fast_bytes=16384 slow_bytes=0 batches=512 queries=513
t=2793612 read event=216 count=16384 submitted=3538944 read_us=259 tx_us=11005 ack_sample=0 fast_bytes=16384 slow_bytes=0 batches=654 queries=655
t=2808988 read event=217 count=16384 submitted=3555328 read_us=262 tx_us=14991 ack_sample=0 fast_bytes=16374 slow_bytes=10 batches=989 queries=995
t=2822655 read event=218 count=16384 submitted=3571712 read_us=255 tx_us=13381 ack_sample=0 fast_bytes=16384 slow_bytes=0 batches=857 queries=858
t=2838008 read event=219 count=16384 submitted=3588096 read_us=271 tx_us=15051 ack_sample=0 fast_bytes=16366 slow_bytes=18 batches=990 queries=1000
t=2847647 read event=220 count=16384 submitted=3604480 read_us=257 tx_us=9350 ack_sample=0 fast_bytes=16384 slow_bytes=0 batches=509 queries=510
t=2858845 read event=221 count=16384 submitted=3620864 read_us=266 tx_us=10814 ack_sample=0 fast_bytes=16384 slow_bytes=0 batches=636 queries=637
t=2874430 read event=222 count=16384 submitted=3637248 read_us=257 tx_us=15295 ack_sample=0 fast_bytes=16368 slow_bytes=16 batches=1012 queries=1021
t=2888278 read event=223 count=16384 submitted=3653632 read_us=268 tx_us=13548 ack_sample=0 fast_bytes=16384 slow_bytes=0 batches=872 queries=873
t=2905215 read event=224 count=16384 submitted=3670016 read_us=256 tx_us=16651 ack_sample=0 fast_bytes=16372 slow_bytes=12 batches=1130 queries=1137
t=2918055 read event=225 count=16384 submitted=3686400 read_us=265 tx_us=12457 ack_sample=0 fast_bytes=16384 slow_bytes=0 batches=773 queries=774
t=2935131 read event=226 count=16384 submitted=3702784 read_us=256 tx_us=16785 ack_sample=0 fast_bytes=16066 slow_bytes=318 batches=951 queries=1111
t=2945031 read event=227 count=16384 submitted=3719168 read_us=254 tx_us=9615 ack_sample=0 fast_bytes=16384 slow_bytes=0 batches=535 queries=536
t=2955940 read event=228 count=16384 submitted=3735552 read_us=256 tx_us=10623 ack_sample=0 fast_bytes=16384 slow_bytes=0 batches=620 queries=621
t=2970618 read event=229 count=16384 submitted=3751936 read_us=264 tx_us=14312 ack_sample=0 fast_bytes=16372 slow_bytes=12 batches=930 queries=937
t=2983814 read event=230 count=16384 submitted=3768320 read_us=277 tx_us=12885 ack_sample=0 fast_bytes=16384 slow_bytes=0 batches=814 queries=815
t=3000440 read event=231 count=16384 submitted=3784704 read_us=255 tx_us=16340 ack_sample=0 fast_bytes=16360 slow_bytes=24 batches=1097 queries=1110
t=3010303 read event=232 count=16384 submitted=3801088 read_us=272 tx_us=9561 ack_sample=0 fast_bytes=16384 slow_bytes=0 batches=531 queries=532
t=3021169 read event=233 count=16384 submitted=3817472 read_us=258 tx_us=10500 ack_sample=0 fast_bytes=16384 slow_bytes=0 batches=610 queries=611
t=3035345 read event=234 count=16384 submitted=3833856 read_us=259 tx_us=13885 ack_sample=0 fast_bytes=16362 slow_bytes=22 batches=888 queries=900
t=3048188 read event=235 count=16384 submitted=3850240 read_us=258 tx_us=12556 ack_sample=0 fast_bytes=16384 slow_bytes=0 batches=786 queries=787
t=3062674 read event=236 count=16384 submitted=3866624 read_us=258 tx_us=14196 ack_sample=0 fast_bytes=16382 slow_bytes=2 batches=924 queries=926
t=3078052 read event=237 count=16384 submitted=3883008 read_us=262 tx_us=15004 ack_sample=0 fast_bytes=16376 slow_bytes=8 batches=991 queries=996
t=3092372 read event=238 count=16384 submitted=3899392 read_us=260 tx_us=14027 ack_sample=0 fast_bytes=16384 slow_bytes=0 batches=912 queries=913
t=3107372 read event=239 count=16384 submitted=3915776 read_us=259 tx_us=14709 ack_sample=0 fast_bytes=16072 slow_bytes=312 batches=794 queries=951
t=3118768 read event=240 count=16384 submitted=3932160 read_us=256 tx_us=11108 ack_sample=0 fast_bytes=16384 slow_bytes=0 batches=657 queries=658
t=3134050 read event=241 count=16384 submitted=3948544 read_us=264 tx_us=14906 ack_sample=0 fast_bytes=16372 slow_bytes=12 batches=981 queries=988
t=3153136 read event=242 count=16384 submitted=3964928 read_us=257 tx_us=18794 ack_sample=0 fast_bytes=16364 slow_bytes=20 batches=1308 queries=1319
t=3175836 read event=243 count=16384 submitted=3981312 read_us=258 tx_us=22395 ack_sample=0 fast_bytes=16052 slow_bytes=332 batches=1299 queries=1466
t=3190182 read event=244 count=16384 submitted=3997696 read_us=257 tx_us=14055 ack_sample=0 fast_bytes=16372 slow_bytes=12 batches=908 queries=915
t=3209975 read event=245 count=16384 submitted=4014080 read_us=267 tx_us=19425 ack_sample=0 fast_bytes=16056 slow_bytes=328 batches=1101 queries=1266
t=3223771 read event=246 count=16384 submitted=4030464 read_us=258 tx_us=13506 ack_sample=0 fast_bytes=16380 slow_bytes=4 batches=865 queries=868
t=3242476 read event=247 count=16384 submitted=4046848 read_us=264 tx_us=18411 ack_sample=0 fast_bytes=16056 slow_bytes=328 batches=1042 queries=1207
t=3252832 read event=248 count=16384 submitted=4063232 read_us=273 tx_us=10051 ack_sample=0 fast_bytes=16382 slow_bytes=2 batches=571 queries=573
t=3267410 read event=249 count=16384 submitted=4079616 read_us=264 tx_us=14207 ack_sample=0 fast_bytes=16372 slow_bytes=12 batches=921 queries=928
t=3281001 read event=250 count=16384 submitted=4096000 read_us=259 tx_us=13300 ack_sample=0 fast_bytes=16380 slow_bytes=4 batches=848 queries=851
t=3292471 read event=251 count=16384 submitted=4112384 read_us=259 tx_us=11180 ack_sample=0 fast_bytes=16384 slow_bytes=0 batches=669 queries=670
t=3309795 read event=252 count=16384 submitted=4128768 read_us=275 tx_us=17019 ack_sample=0 fast_bytes=16334 slow_bytes=50 batches=1142 queries=1168
t=3320478 read event=253 count=16384 submitted=4145152 read_us=260 tx_us=10326 ack_sample=0 fast_bytes=16378 slow_bytes=6 batches=593 queries=597
t=3335819 read event=254 count=16384 submitted=4161536 read_us=271 tx_us=15038 ack_sample=0 fast_bytes=16224 slow_bytes=160 batches=909 queries=990
t=3347180 read event=255 count=16384 submitted=4177920 read_us=260 tx_us=11069 ack_sample=0 fast_bytes=16380 slow_bytes=4 batches=657 queries=660
t=3355937 read event=256 count=16384 submitted=4194304 read_us=258 tx_us=8467 ack_sample=1 fast_bytes=16382 slow_bytes=2 batches=435 queries=437
t=3355963 profile_ack event=256 words=1 high_reads=2 low_reads=2 high_wait_words=1 low_wait_words=1 high_max_reads=2 low_max_reads=2 uninitialized=0
t=3368513 read event=257 count=16384 submitted=4210688 read_us=260 tx_us=12193 ack_sample=0 fast_bytes=16362 slow_bytes=22 batches=744 queries=756
t=3383314 read event=258 count=16384 submitted=4227072 read_us=273 tx_us=14498 ack_sample=0 fast_bytes=16378 slow_bytes=6 batches=950 queries=954
t=3394131 read event=259 count=16384 submitted=4243456 read_us=256 tx_us=10530 ack_sample=0 fast_bytes=16378 slow_bytes=6 batches=610 queries=614
t=3412006 read event=260 count=16384 submitted=4259840 read_us=256 tx_us=17589 ack_sample=0 fast_bytes=16372 slow_bytes=12 batches=1210 queries=1217
t=3423147 read event=261 count=16384 submitted=4276224 read_us=262 tx_us=10767 ack_sample=0 fast_bytes=16382 slow_bytes=2 batches=632 queries=634
t=3440424 read event=262 count=16384 submitted=4292608 read_us=265 tx_us=16976 ack_sample=0 fast_bytes=16368 slow_bytes=16 batches=1156 queries=1165
t=3450098 read event=263 count=16384 submitted=4308992 read_us=275 tx_us=9366 ack_sample=0 fast_bytes=16384 slow_bytes=0 batches=515 queries=516
t=3458801 read event=264 count=16384 submitted=4325376 read_us=259 tx_us=8412 ack_sample=0 fast_bytes=16384 slow_bytes=0 batches=431 queries=432
t=3475824 read event=265 count=16384 submitted=4341760 read_us=269 tx_us=16638 ack_sample=0 fast_bytes=16368 slow_bytes=16 batches=1127 queries=1136
t=3487929 read event=266 count=16384 submitted=4358144 read_us=262 tx_us=11808 ack_sample=0 fast_bytes=16380 slow_bytes=4 batches=720 queries=723
t=3501352 read event=267 count=16384 submitted=4374528 read_us=259 tx_us=13133 ack_sample=0 fast_bytes=16358 slow_bytes=26 batches=822 queries=836
t=3517744 read event=268 count=16384 submitted=4390912 read_us=256 tx_us=16104 ack_sample=0 fast_bytes=16368 slow_bytes=16 batches=1081 queries=1090
t=3528784 read event=269 count=16384 submitted=4407296 read_us=262 tx_us=10674 ack_sample=0 fast_bytes=16384 slow_bytes=0 batches=625 queries=626
t=3545931 read event=270 count=16384 submitted=4423680 read_us=256 tx_us=16844 ack_sample=0 fast_bytes=16370 slow_bytes=14 batches=1141 queries=1149
t=3555478 read event=271 count=16384 submitted=4440064 read_us=273 tx_us=9238 ack_sample=0 fast_bytes=16382 slow_bytes=2 batches=501 queries=503
t=3563952 read event=272 count=16384 submitted=4456448 read_us=274 tx_us=8168 ack_sample=0 fast_bytes=16384 slow_bytes=0 batches=412 queries=413
t=3584036 read event=273 count=16384 submitted=4472832 read_us=269 tx_us=19702 ack_sample=0 fast_bytes=16360 slow_bytes=24 batches=1385 queries=1398
t=3595322 read event=274 count=16384 submitted=4489216 read_us=258 tx_us=10996 ack_sample=0 fast_bytes=16380 slow_bytes=4 batches=651 queries=654
t=3612551 read event=275 count=16384 submitted=4505600 read_us=257 tx_us=16940 ack_sample=0 fast_bytes=16346 slow_bytes=38 batches=1141 queries=1161
t=3622788 read event=276 count=16384 submitted=4521984 read_us=269 tx_us=9937 ack_sample=0 fast_bytes=16380 slow_bytes=4 batches=561 queries=564
t=3634754 read event=277 count=16384 submitted=4538368 read_us=262 tx_us=11602 ack_sample=0 fast_bytes=16360 slow_bytes=24 batches=692 queries=705
t=3650420 read event=278 count=16384 submitted=4554752 read_us=255 tx_us=15378 ack_sample=0 fast_bytes=16376 slow_bytes=8 batches=1024 queries=1029
t=3659867 read event=279 count=16384 submitted=4571136 read_us=258 tx_us=9158 ack_sample=0 fast_bytes=16384 slow_bytes=0 batches=495 queries=496
t=3677170 read event=280 count=16384 submitted=4587520 read_us=257 tx_us=17016 ack_sample=0 fast_bytes=16364 slow_bytes=20 batches=1157 queries=1168
t=3690468 read event=281 count=16384 submitted=4603904 read_us=259 tx_us=12929 ack_sample=0 fast_bytes=16378 slow_bytes=6 batches=815 queries=819
t=3708914 read event=282 count=16384 submitted=4620288 read_us=273 tx_us=18139 ack_sample=0 fast_bytes=16072 slow_bytes=312 batches=1087 queries=1244
t=3720595 read event=283 count=16384 submitted=4636672 read_us=274 tx_us=11370 ack_sample=0 fast_bytes=16380 slow_bytes=4 batches=683 queries=686
t=3729678 read event=284 count=16384 submitted=4653056 read_us=278 tx_us=8773 ack_sample=0 fast_bytes=16384 slow_bytes=0 batches=464 queries=465
t=3748525 read event=285 count=16384 submitted=4669440 read_us=264 tx_us=18461 ack_sample=0 fast_bytes=16350 slow_bytes=34 batches=1267 queries=1285
t=3758853 read event=286 count=16384 submitted=4685824 read_us=290 tx_us=10000 ack_sample=0 fast_bytes=16384 slow_bytes=0 batches=567 queries=568
t=3775703 read event=287 count=16384 submitted=4702208 read_us=261 tx_us=16555 ack_sample=0 fast_bytes=16314 slow_bytes=70 batches=1092 queries=1128
t=3787816 read event=288 count=16384 submitted=4718592 read_us=259 tx_us=11814 ack_sample=0 fast_bytes=16382 slow_bytes=2 batches=722 queries=724
t=3800444 read event=289 count=16384 submitted=4734976 read_us=261 tx_us=12250 ack_sample=0 fast_bytes=16266 slow_bytes=118 batches=698 queries=758
t=3815479 read event=290 count=16384 submitted=4751360 read_us=271 tx_us=14732 ack_sample=0 fast_bytes=16374 slow_bytes=10 batches=965 queries=971
t=3826331 read event=291 count=16384 submitted=4767744 read_us=272 tx_us=10547 ack_sample=0 fast_bytes=16382 slow_bytes=2 batches=614 queries=616
t=3842908 read event=292 count=16384 submitted=4784128 read_us=269 tx_us=16276 ack_sample=0 fast_bytes=16256 slow_bytes=128 batches=1037 queries=1102
t=3855704 read event=293 count=16384 submitted=4800512 read_us=262 tx_us=12431 ack_sample=0 fast_bytes=16382 slow_bytes=2 batches=774 queries=776
t=3868720 read event=294 count=16384 submitted=4816896 read_us=260 tx_us=12716 ack_sample=0 fast_bytes=16156 slow_bytes=228 batches=679 queries=794
t=3885316 read event=295 count=16384 submitted=4833280 read_us=258 tx_us=16305 ack_sample=0 fast_bytes=16376 slow_bytes=8 batches=1103 queries=1108
t=3895424 read event=296 count=16384 submitted=4849664 read_us=256 tx_us=9821 ack_sample=0 fast_bytes=16384 slow_bytes=0 batches=553 queries=554
t=3914299 read event=297 count=16384 submitted=4866048 read_us=278 tx_us=18491 ack_sample=0 fast_bytes=16062 slow_bytes=322 batches=1107 queries=1269
t=3926858 read event=298 count=16384 submitted=4882432 read_us=262 tx_us=12248 ack_sample=0 fast_bytes=16382 slow_bytes=2 batches=759 queries=761
t=3944161 read event=299 count=16384 submitted=4898816 read_us=262 tx_us=17008 ack_sample=0 fast_bytes=16066 slow_bytes=318 batches=966 queries=1126
t=3958607 read event=300 count=16384 submitted=4915200 read_us=256 tx_us=14158 ack_sample=0 fast_bytes=16382 slow_bytes=2 batches=917 queries=919
t=3976204 read event=301 count=16384 submitted=4931584 read_us=263 tx_us=17203 ack_sample=0 fast_bytes=16056 slow_bytes=328 batches=966 queries=1131
t=3990218 read event=302 count=16384 submitted=4947968 read_us=258 tx_us=13723 ack_sample=0 fast_bytes=16376 slow_bytes=8 batches=882 queries=887
t=4008250 read event=303 count=16384 submitted=4964352 read_us=257 tx_us=17743 ack_sample=0 fast_bytes=16060 slow_bytes=324 batches=1008 queries=1171
t=4022062 read event=304 count=16384 submitted=4980736 read_us=258 tx_us=13524 ack_sample=0 fast_bytes=16374 slow_bytes=10 batches=864 queries=870
t=4039999 read event=305 count=16384 submitted=4997120 read_us=264 tx_us=17564 ack_sample=0 fast_bytes=16048 slow_bytes=336 batches=978 queries=1147
t=4054604 read event=306 count=16384 submitted=5013504 read_us=258 tx_us=14315 ack_sample=0 fast_bytes=16380 slow_bytes=4 batches=934 queries=937
t=4072795 read event=307 count=16384 submitted=5029888 read_us=277 tx_us=17882 ack_sample=0 fast_bytes=16064 slow_bytes=320 batches=1002 queries=1163
t=4087805 read event=308 count=16384 submitted=5046272 read_us=260 tx_us=14718 ack_sample=0 fast_bytes=16378 slow_bytes=6 batches=968 queries=972
t=4106222 read event=309 count=16384 submitted=5062656 read_us=262 tx_us=18054 ack_sample=0 fast_bytes=16062 slow_bytes=322 batches=1006 queries=1168
t=4121384 read event=310 count=16384 submitted=5079040 read_us=261 tx_us=14869 ack_sample=0 fast_bytes=16378 slow_bytes=6 batches=981 queries=985
t=4140629 read event=311 count=16384 submitted=5095424 read_us=258 tx_us=18957 ack_sample=0 fast_bytes=16050 slow_bytes=334 batches=1068 queries=1236
t=4155702 read event=312 count=16384 submitted=5111808 read_us=273 tx_us=14769 ack_sample=0 fast_bytes=16380 slow_bytes=4 batches=969 queries=972
t=4175249 read event=313 count=16384 submitted=5128192 read_us=264 tx_us=19160 ack_sample=0 fast_bytes=16064 slow_bytes=320 batches=1088 queries=1249
t=4190313 read event=314 count=16384 submitted=5144576 read_us=255 tx_us=14775 ack_sample=0 fast_bytes=16378 slow_bytes=6 batches=973 queries=977
t=4209697 read event=315 count=16384 submitted=5160960 read_us=258 tx_us=19096 ack_sample=0 fast_bytes=16046 slow_bytes=338 batches=1068 queries=1238
t=4226028 read event=316 count=16384 submitted=5177344 read_us=257 tx_us=16034 ack_sample=0 fast_bytes=16372 slow_bytes=12 batches=1077 queries=1084
t=4235207 read event=317 count=16384 submitted=5193728 read_us=263 tx_us=8816 ack_sample=0 fast_bytes=16374 slow_bytes=10 batches=462 queries=468
t=4252943 read event=318 count=16384 submitted=5210112 read_us=257 tx_us=17448 ack_sample=0 fast_bytes=16374 slow_bytes=10 batches=1199 queries=1205
t=4265021 read event=319 count=16384 submitted=5226496 read_us=257 tx_us=11788 ack_sample=0 fast_bytes=16374 slow_bytes=10 batches=716 queries=722
t=4277662 read event=320 count=16384 submitted=5242880 read_us=253 tx_us=12357 ack_sample=1 fast_bytes=16374 slow_bytes=10 batches=765 queries=771
t=4277688 profile_ack event=320 words=5 high_reads=10 low_reads=10 high_wait_words=5 low_wait_words=5 high_max_reads=2 low_max_reads=2 uninitialized=0
t=4294489 read event=321 count=16384 submitted=5259264 read_us=258 tx_us=16438 ack_sample=0 fast_bytes=16368 slow_bytes=16 batches=1110 queries=1119
t=4302020 read event=322 count=16384 submitted=5275648 read_us=273 tx_us=7226 ack_sample=0 fast_bytes=16370 slow_bytes=14 batches=325 queries=333
t=4320247 read event=323 count=16384 submitted=5292032 read_us=258 tx_us=17937 ack_sample=0 fast_bytes=16376 slow_bytes=8 batches=1242 queries=1247
t=4331820 read event=324 count=16384 submitted=5308416 read_us=260 tx_us=11266 ack_sample=0 fast_bytes=16370 slow_bytes=14 batches=669 queries=677
t=4344450 read event=325 count=16384 submitted=5324800 read_us=262 tx_us=12268 ack_sample=0 fast_bytes=16374 slow_bytes=10 batches=757 queries=763
t=4361372 read event=326 count=16384 submitted=5341184 read_us=273 tx_us=16617 ack_sample=0 fast_bytes=16382 slow_bytes=2 batches=1132 queries=1134
t=4368954 read event=327 count=16384 submitted=5357568 read_us=258 tx_us=7291 ack_sample=0 fast_bytes=16376 slow_bytes=8 batches=328 queries=333
t=4387035 read event=328 count=16384 submitted=5373952 read_us=260 tx_us=17788 ack_sample=0 fast_bytes=16372 slow_bytes=12 batches=1227 queries=1234
t=4398620 read event=329 count=16384 submitted=5390336 read_us=263 tx_us=11213 ack_sample=0 fast_bytes=16374 slow_bytes=10 batches=667 queries=673
t=4411247 read event=330 count=16384 submitted=5406720 read_us=275 tx_us=12318 ack_sample=0 fast_bytes=16382 slow_bytes=2 batches=766 queries=768
t=4428305 read event=331 count=16384 submitted=5423104 read_us=272 tx_us=16754 ack_sample=0 fast_bytes=16364 slow_bytes=20 batches=1135 queries=1146
t=4435975 read event=332 count=16384 submitted=5439488 read_us=256 tx_us=7383 ack_sample=0 fast_bytes=16380 slow_bytes=4 batches=343 queries=346
t=4453829 read event=333 count=16384 submitted=5455872 read_us=263 tx_us=17492 ack_sample=0 fast_bytes=16368 slow_bytes=16 batches=1199 queries=1208
t=4465410 read event=334 count=16384 submitted=5472256 read_us=266 tx_us=11277 ack_sample=0 fast_bytes=16374 slow_bytes=10 batches=672 queries=678
t=4478148 read event=335 count=16384 submitted=5488640 read_us=266 tx_us=12421 ack_sample=0 fast_bytes=16378 slow_bytes=6 batches=773 queries=777
t=4496822 read event=336 count=16384 submitted=5505024 read_us=256 tx_us=18385 ack_sample=0 fast_bytes=16364 slow_bytes=20 batches=1274 queries=1285
t=4503176 read event=337 count=16384 submitted=5521408 read_us=265 tx_us=5966 ack_sample=0 fast_bytes=16380 slow_bytes=4 batches=222 queries=225
t=4520665 read event=338 count=16384 submitted=5537792 read_us=258 tx_us=17199 ack_sample=0 fast_bytes=16368 slow_bytes=16 batches=1175 queries=1184
t=4532192 read event=339 count=16384 submitted=5554176 read_us=270 tx_us=11227 ack_sample=0 fast_bytes=16376 slow_bytes=8 batches=670 queries=675
t=4545408 read event=340 count=16384 submitted=5570560 read_us=256 tx_us=12930 ack_sample=0 fast_bytes=16378 slow_bytes=6 batches=816 queries=820
t=4563877 read event=341 count=16384 submitted=5586944 read_us=278 tx_us=18091 ack_sample=0 fast_bytes=16362 slow_bytes=22 batches=1247 queries=1259
t=4570373 read event=342 count=16384 submitted=5603328 read_us=255 tx_us=6209 ack_sample=0 fast_bytes=16384 slow_bytes=0 batches=245 queries=246
t=4587285 read event=343 count=16384 submitted=5619712 read_us=257 tx_us=16624 ack_sample=0 fast_bytes=16378 slow_bytes=6 batches=1126 queries=1130
t=4598941 read event=344 count=16384 submitted=5636096 read_us=259 tx_us=11362 ack_sample=0 fast_bytes=16368 slow_bytes=16 batches=676 queries=685
t=4611491 read event=345 count=16384 submitted=5652480 read_us=263 tx_us=12178 ack_sample=0 fast_bytes=16370 slow_bytes=14 batches=747 queries=755
t=4629388 read event=346 count=16384 submitted=5668864 read_us=273 tx_us=17593 ack_sample=0 fast_bytes=16364 slow_bytes=20 batches=1207 queries=1218
t=4637409 read event=347 count=16384 submitted=5685248 read_us=256 tx_us=7734 ack_sample=0 fast_bytes=16378 slow_bytes=6 batches=372 queries=376
t=4654049 read event=348 count=16384 submitted=5701632 read_us=256 tx_us=16354 ack_sample=0 fast_bytes=16376 slow_bytes=8 batches=1106 queries=1111
t=4665703 read event=349 count=16384 submitted=5718016 read_us=264 tx_us=11287 ack_sample=0 fast_bytes=16380 slow_bytes=4 batches=677 queries=680
t=4678204 read event=350 count=16384 submitted=5734400 read_us=253 tx_us=12208 ack_sample=0 fast_bytes=16374 slow_bytes=10 batches=752 queries=758
t=4695892 read event=351 count=16384 submitted=5750784 read_us=257 tx_us=17400 ack_sample=0 fast_bytes=16370 slow_bytes=14 batches=1193 queries=1201
t=4704821 read event=352 count=16384 submitted=5767168 read_us=257 tx_us=8626 ack_sample=0 fast_bytes=16378 slow_bytes=6 batches=448 queries=452
t=4720956 read event=353 count=16384 submitted=5783552 read_us=266 tx_us=15760 ack_sample=0 fast_bytes=16376 slow_bytes=8 batches=1056 queries=1061
t=4732488 read event=354 count=16384 submitted=5799936 read_us=255 tx_us=11245 ack_sample=0 fast_bytes=16374 slow_bytes=10 batches=670 queries=676
t=4745744 read event=355 count=16384 submitted=5816320 read_us=270 tx_us=12951 ack_sample=0 fast_bytes=16374 slow_bytes=10 batches=812 queries=818
t=4764184 read event=356 count=16384 submitted=5832704 read_us=355 tx_us=18021 ack_sample=0 fast_bytes=16364 slow_bytes=20 batches=1113 queries=1124
t=4772104 read event=357 count=16384 submitted=5849088 read_us=306 tx_us=7467 ack_sample=0 fast_bytes=16382 slow_bytes=2 batches=350 queries=352
t=4788508 read event=358 count=16384 submitted=5865472 read_us=274 tx_us=16089 ack_sample=0 fast_bytes=16374 slow_bytes=10 batches=1078 queries=1084
t=4799298 read event=359 count=16384 submitted=5881856 read_us=279 tx_us=10477 ack_sample=0 fast_bytes=16370 slow_bytes=14 batches=602 queries=610
t=4812572 read event=360 count=16384 submitted=5898240 read_us=259 tx_us=12982 ack_sample=0 fast_bytes=16372 slow_bytes=12 batches=817 queries=824
t=4830960 read event=361 count=16384 submitted=5914624 read_us=279 tx_us=17996 ack_sample=0 fast_bytes=16368 slow_bytes=16 batches=1240 queries=1249
t=4839267 read event=362 count=16384 submitted=5931008 read_us=260 tx_us=8012 ack_sample=0 fast_bytes=16382 slow_bytes=2 batches=398 queries=400
t=4855312 read event=363 count=16384 submitted=5947392 read_us=259 tx_us=15755 ack_sample=0 fast_bytes=16378 slow_bytes=6 batches=1056 queries=1060
t=4866055 read event=364 count=16384 submitted=5963776 read_us=256 tx_us=10455 ack_sample=0 fast_bytes=16370 slow_bytes=14 batches=600 queries=608
t=4866084 profile_poll polls=256 elapsed_us=53405 interval_us=48354 chunks=4
t=4879352 read event=365 count=16384 submitted=5980160 read_us=262 tx_us=12919 ack_sample=0 fast_bytes=16368 slow_bytes=16 batches=809 queries=818
t=4897742 read event=366 count=16384 submitted=5996544 read_us=254 tx_us=18104 ack_sample=0 fast_bytes=16366 slow_bytes=18 batches=1251 queries=1261
t=4906063 read event=367 count=16384 submitted=6012928 read_us=255 tx_us=8036 ack_sample=0 fast_bytes=16382 slow_bytes=2 batches=400 queries=402
t=4922218 read event=368 count=16384 submitted=6029312 read_us=253 tx_us=15871 ack_sample=0 fast_bytes=16382 slow_bytes=2 batches=1069 queries=1071
t=4932845 read event=369 count=16384 submitted=6045696 read_us=260 tx_us=10260 ack_sample=0 fast_bytes=16374 slow_bytes=10 batches=585 queries=591
t=4946254 read event=370 count=16384 submitted=6062080 read_us=256 tx_us=13121 ack_sample=0 fast_bytes=16378 slow_bytes=6 batches=832 queries=836
t=4964526 read event=371 count=16384 submitted=6078464 read_us=257 tx_us=17984 ack_sample=0 fast_bytes=16362 slow_bytes=22 batches=1238 queries=1250
t=4972478 read event=372 count=16384 submitted=6094848 read_us=272 tx_us=7650 ack_sample=0 fast_bytes=16378 slow_bytes=6 batches=365 queries=369
t=4981224 read event=373 count=16384 submitted=6111232 read_us=277 tx_us=8374 ack_sample=0 fast_bytes=16384 slow_bytes=0 batches=430 queries=431
t=4987222 read event=374 count=16384 submitted=6127616 read_us=254 tx_us=5711 ack_sample=0 fast_bytes=16384 slow_bytes=0 batches=198 queries=199
t=4994000 read event=375 count=16384 submitted=6144000 read_us=261 tx_us=6485 ack_sample=0 fast_bytes=16384 slow_bytes=0 batches=268 queries=269
t=4999165 read event=376 count=16384 submitted=6160384 read_us=256 tx_us=4879 ack_sample=0 fast_bytes=16384 slow_bytes=0 batches=131 queries=132
t=5004500 read event=377 count=16384 submitted=6176768 read_us=261 tx_us=4964 ack_sample=0 fast_bytes=16384 slow_bytes=0 batches=138 queries=139
t=5018998 read event=378 count=16384 submitted=6193152 read_us=269 tx_us=14198 ack_sample=0 fast_bytes=16372 slow_bytes=12 batches=921 queries=928
t=5025147 read event=379 count=16384 submitted=6209536 read_us=261 tx_us=5842 ack_sample=0 fast_bytes=16384 slow_bytes=0 batches=213 queries=214
t=5032077 read event=380 count=16384 submitted=6225920 read_us=258 tx_us=6639 ack_sample=0 fast_bytes=16384 slow_bytes=0 batches=281 queries=282
t=5037643 read event=381 count=16384 submitted=6242304 read_us=265 tx_us=5194 ack_sample=0 fast_bytes=16384 slow_bytes=0 batches=158 queries=159
t=5042894 read event=382 count=16384 submitted=6258688 read_us=272 tx_us=4948 ack_sample=0 fast_bytes=16384 slow_bytes=0 batches=137 queries=138
t=5057218 read event=383 count=16384 submitted=6275072 read_us=255 tx_us=14039 ack_sample=0 fast_bytes=16364 slow_bytes=20 batches=902 queries=913
t=5064704 read event=384 count=16384 submitted=6291456 read_us=257 tx_us=7198 ack_sample=1 fast_bytes=16384 slow_bytes=0 batches=329 queries=330
t=5064737 profile_ack event=384 words=0 high_reads=0 low_reads=0 high_wait_words=0 low_wait_words=0 high_max_reads=0 low_max_reads=0 uninitialized=0
t=5072847 read event=385 count=16384 submitted=6307840 read_us=259 tx_us=7765 ack_sample=0 fast_bytes=16384 slow_bytes=0 batches=377 queries=378
t=5078973 read event=386 count=16384 submitted=6324224 read_us=254 tx_us=5839 ack_sample=0 fast_bytes=16384 slow_bytes=0 batches=213 queries=214
t=5093963 read event=387 count=16384 submitted=6340608 read_us=267 tx_us=14692 ack_sample=0 fast_bytes=16364 slow_bytes=20 batches=959 queries=970
t=5104351 read event=388 count=16384 submitted=6356992 read_us=261 tx_us=10096 ack_sample=0 fast_bytes=16382 slow_bytes=2 batches=575 queries=577
t=5113177 read event=389 count=16384 submitted=6373376 read_us=282 tx_us=8444 ack_sample=0 fast_bytes=16384 slow_bytes=0 batches=436 queries=437
t=5129749 read event=390 count=16384 submitted=6389760 read_us=255 tx_us=16287 ack_sample=0 fast_bytes=16362 slow_bytes=22 batches=1094 queries=1106
t=5140045 read event=391 count=16384 submitted=6406144 read_us=272 tx_us=9992 ack_sample=0 fast_bytes=16380 slow_bytes=4 batches=565 queries=568
t=5148695 read event=392 count=16384 submitted=6422528 read_us=257 tx_us=8362 ack_sample=0 fast_bytes=16382 slow_bytes=2 batches=427 queries=429
t=5167036 read event=393 count=16384 submitted=6438912 read_us=263 tx_us=17966 ack_sample=0 fast_bytes=16364 slow_bytes=20 batches=1237 queries=1248
t=5178795 read event=394 count=16384 submitted=6455296 read_us=254 tx_us=11472 ack_sample=0 fast_bytes=16378 slow_bytes=6 batches=690 queries=694
t=5196680 read event=395 count=16384 submitted=6471680 read_us=255 tx_us=17598 ack_sample=0 fast_bytes=16372 slow_bytes=12 batches=1207 queries=1214
t=5209054 read event=396 count=16384 submitted=6488064 read_us=275 tx_us=12068 ack_sample=0 fast_bytes=16378 slow_bytes=6 batches=741 queries=745
t=5225586 read event=397 count=16384 submitted=6504448 read_us=263 tx_us=16169 ack_sample=0 fast_bytes=16348 slow_bytes=36 batches=1076 queries=1095
t=5238437 read event=398 count=16384 submitted=6520832 read_us=280 tx_us=12539 ack_sample=0 fast_bytes=16380 slow_bytes=4 batches=783 queries=786
t=5250782 read event=399 count=16384 submitted=6537216 read_us=271 tx_us=12042 ack_sample=0 fast_bytes=16372 slow_bytes=12 batches=736 queries=743
t=5266799 read event=400 count=16384 submitted=6553600 read_us=252 tx_us=15735 ack_sample=0 fast_bytes=16376 slow_bytes=8 batches=1053 queries=1058
t=5278172 read event=401 count=16384 submitted=6569984 read_us=261 tx_us=11008 ack_sample=0 fast_bytes=16384 slow_bytes=0 batches=654 queries=655
t=5296031 read event=402 count=16384 submitted=6586368 read_us=255 tx_us=17571 ack_sample=0 fast_bytes=16370 slow_bytes=14 batches=1208 queries=1216
t=5307797 read event=403 count=16384 submitted=6602752 read_us=256 tx_us=11480 ack_sample=0 fast_bytes=16378 slow_bytes=6 batches=691 queries=695
t=5324154 read event=404 count=16384 submitted=6619136 read_us=256 tx_us=16070 ack_sample=0 fast_bytes=16352 slow_bytes=32 batches=1070 queries=1087
t=5336286 read event=405 count=16384 submitted=6635520 read_us=264 tx_us=11769 ack_sample=0 fast_bytes=16380 slow_bytes=4 batches=717 queries=720
t=5346538 read event=406 count=16384 submitted=6651904 read_us=262 tx_us=9942 ack_sample=0 fast_bytes=16384 slow_bytes=0 batches=563 queries=564
t=5364109 read event=407 count=16384 submitted=6668288 read_us=275 tx_us=17264 ack_sample=0 fast_bytes=16354 slow_bytes=30 batches=1172 queries=1188
t=5375042 read event=408 count=16384 submitted=6684672 read_us=255 tx_us=10648 ack_sample=0 fast_bytes=16380 slow_bytes=4 batches=621 queries=624
t=5391796 read event=409 count=16384 submitted=6701056 read_us=266 tx_us=16379 ack_sample=0 fast_bytes=16360 slow_bytes=24 batches=1100 queries=1113
t=5404342 read event=410 count=16384 submitted=6717440 read_us=256 tx_us=12257 ack_sample=0 fast_bytes=16382 slow_bytes=2 batches=756 queries=758
t=5419643 read event=411 count=16384 submitted=6733824 read_us=261 tx_us=15007 ack_sample=0 fast_bytes=16368 slow_bytes=16 batches=987 queries=996
t=5431749 read event=412 count=16384 submitted=6750208 read_us=276 tx_us=11799 ack_sample=0 fast_bytes=16372 slow_bytes=12 batches=715 queries=722
t=5442051 read event=413 count=16384 submitted=6766592 read_us=266 tx_us=9932 ack_sample=0 fast_bytes=16384 slow_bytes=0 batches=562 queries=563
t=5457613 read event=414 count=16384 submitted=6782976 read_us=257 tx_us=15272 ack_sample=0 fast_bytes=16360 slow_bytes=24 batches=1005 queries=1018
t=5469539 read event=415 count=16384 submitted=6799360 read_us=291 tx_us=11599 ack_sample=0 fast_bytes=16378 slow_bytes=6 batches=701 queries=705
t=5479754 read event=416 count=16384 submitted=6815744 read_us=282 tx_us=9895 ack_sample=0 fast_bytes=16384 slow_bytes=0 batches=559 queries=560
t=5496388 read event=417 count=16384 submitted=6832128 read_us=271 tx_us=16249 ack_sample=0 fast_bytes=16362 slow_bytes=22 batches=1090 queries=1102
t=5507204 read event=418 count=16384 submitted=6848512 read_us=257 tx_us=10526 ack_sample=0 fast_bytes=16378 slow_bytes=6 batches=609 queries=613
t=5522191 read event=419 count=16384 submitted=6864896 read_us=262 tx_us=14690 ack_sample=0 fast_bytes=16372 slow_bytes=12 batches=962 queries=969
t=5534462 read event=420 count=16384 submitted=6881280 read_us=256 tx_us=11983 ack_sample=0 fast_bytes=16380 slow_bytes=4 batches=735 queries=738
t=5545552 read event=421 count=16384 submitted=6897664 read_us=279 tx_us=10701 ack_sample=0 fast_bytes=16380 slow_bytes=4 batches=626 queries=629
t=5561157 read event=422 count=16384 submitted=6914048 read_us=276 tx_us=15296 ack_sample=0 fast_bytes=16360 slow_bytes=24 batches=1007 queries=1020
t=5572263 read event=423 count=16384 submitted=6930432 read_us=257 tx_us=10817 ack_sample=0 fast_bytes=16384 slow_bytes=0 batches=637 queries=638
t=5585637 read event=424 count=16384 submitted=6946816 read_us=276 tx_us=13059 ack_sample=0 fast_bytes=16368 slow_bytes=16 batches=821 queries=830
t=5597566 read event=425 count=16384 submitted=6963200 read_us=283 tx_us=11371 ack_sample=0 fast_bytes=16384 slow_bytes=0 batches=681 queries=682
t=5609110 read event=426 count=16384 submitted=6979584 read_us=282 tx_us=11223 ack_sample=0 fast_bytes=16374 slow_bytes=10 batches=667 queries=673
t=5632441 read event=427 count=16384 submitted=6995968 read_us=262 tx_us=23038 ack_sample=0 fast_bytes=16326 slow_bytes=58 batches=1647 queries=1677
t=5657837 read event=428 count=16384 submitted=7012352 read_us=281 tx_us=25079 ack_sample=0 fast_bytes=16338 slow_bytes=46 batches=1832 queries=1856
t=5678411 read event=429 count=16384 submitted=7028736 read_us=264 tx_us=20200 ack_sample=0 fast_bytes=16350 slow_bytes=34 batches=1422 queries=1440
t=5697252 read event=430 count=16384 submitted=7045120 read_us=259 tx_us=18548 ack_sample=0 fast_bytes=16362 slow_bytes=22 batches=1288 queries=1300
t=5711088 read event=431 count=16384 submitted=7061504 read_us=260 tx_us=13545 ack_sample=0 fast_bytes=16368 slow_bytes=16 batches=862 queries=871
t=5730927 read event=432 count=16384 submitted=7077888 read_us=255 tx_us=19555 ack_sample=0 fast_bytes=16358 slow_bytes=26 batches=1371 queries=1385
t=5744283 read event=433 count=16384 submitted=7094272 read_us=281 tx_us=12952 ack_sample=0 fast_bytes=16358 slow_bytes=26 batches=806 queries=820
t=5761143 read event=434 count=16384 submitted=7110656 read_us=267 tx_us=16531 ack_sample=0 fast_bytes=16372 slow_bytes=12 batches=1119 queries=1126
t=5770248 read event=435 count=16384 submitted=7127040 read_us=263 tx_us=8809 ack_sample=0 fast_bytes=16382 slow_bytes=2 batches=465 queries=467
t=5787848 read event=436 count=16384 submitted=7143424 read_us=268 tx_us=17301 ack_sample=0 fast_bytes=16350 slow_bytes=34 batches=1175 queries=1193
t=5799822 read event=437 count=16384 submitted=7159808 read_us=263 tx_us=11607 ack_sample=0 fast_bytes=16376 slow_bytes=8 batches=701 queries=706
t=5811692 read event=438 count=16384 submitted=7176192 read_us=257 tx_us=11582 ack_sample=0 fast_bytes=16362 slow_bytes=22 batches=692 queries=704
t=5826971 read event=439 count=16384 submitted=7192576 read_us=270 tx_us=14966 ack_sample=0 fast_bytes=16372 slow_bytes=12 batches=982 queries=989
t=5836599 read event=440 count=16384 submitted=7208960 read_us=259 tx_us=9335 ack_sample=0 fast_bytes=16380 slow_bytes=4 batches=509 queries=512
t=5851683 read event=441 count=16384 submitted=7225344 read_us=275 tx_us=14700 ack_sample=0 fast_bytes=16356 slow_bytes=28 batches=953 queries=968
t=5864983 read event=442 count=16384 submitted=7241728 read_us=256 tx_us=12998 ack_sample=0 fast_bytes=16372 slow_bytes=12 batches=817 queries=824
t=5875820 read event=443 count=16384 submitted=7258112 read_us=259 tx_us=10546 ack_sample=0 fast_bytes=16366 slow_bytes=18 batches=605 queries=615
t=5890557 read event=444 count=16384 submitted=7274496 read_us=255 tx_us=14451 ack_sample=0 fast_bytes=16366 slow_bytes=18 batches=940 queries=950
t=5901026 read event=445 count=16384 submitted=7290880 read_us=279 tx_us=10085 ack_sample=0 fast_bytes=16376 slow_bytes=8 batches=571 queries=576
t=5911919 read event=446 count=16384 submitted=7307264 read_us=251 tx_us=10610 ack_sample=0 fast_bytes=16366 slow_bytes=18 batches=611 queries=621
t=5926204 read event=447 count=16384 submitted=7323648 read_us=258 tx_us=13997 ack_sample=0 fast_bytes=16374 slow_bytes=10 batches=905 queries=911
t=5936269 read event=448 count=16384 submitted=7340032 read_us=254 tx_us=9779 ack_sample=1 fast_bytes=16380 slow_bytes=4 batches=547 queries=550
t=5936294 profile_ack event=448 words=2 high_reads=4 low_reads=4 high_wait_words=2 low_wait_words=2 high_max_reads=2 low_max_reads=2 uninitialized=0
t=5948145 read event=449 count=16384 submitted=7356416 read_us=262 tx_us=11496 ack_sample=0 fast_bytes=16354 slow_bytes=30 batches=680 queries=696
t=5959960 read event=450 count=16384 submitted=7372800 read_us=258 tx_us=11525 ack_sample=0 fast_bytes=16370 slow_bytes=14 batches=690 queries=698
t=5969924 read event=451 count=16384 submitted=7389184 read_us=254 tx_us=9680 ack_sample=0 fast_bytes=16376 slow_bytes=8 batches=536 queries=541
t=5980931 read event=452 count=16384 submitted=7405568 read_us=255 tx_us=10721 ack_sample=0 fast_bytes=16366 slow_bytes=18 batches=620 queries=630
t=5991746 read event=453 count=16384 submitted=7421952 read_us=261 tx_us=10454 ack_sample=0 fast_bytes=16378 slow_bytes=6 batches=604 queries=608
t=6001144 read event=454 count=16384 submitted=7438336 read_us=257 tx_us=9110 ack_sample=0 fast_bytes=16380 slow_bytes=4 batches=490 queries=493
t=6009073 read event=455 count=16384 submitted=7454720 read_us=258 tx_us=7641 ack_sample=0 fast_bytes=16384 slow_bytes=0 batches=366 queries=367
t=6024047 read event=456 count=16384 submitted=7471104 read_us=254 tx_us=14690 ack_sample=0 fast_bytes=16350 slow_bytes=34 batches=951 queries=969
t=6033233 read event=457 count=16384 submitted=7487488 read_us=262 tx_us=8827 ack_sample=0 fast_bytes=16382 slow_bytes=2 batches=462 queries=464
t=6042613 read event=458 count=16384 submitted=7503872 read_us=257 tx_us=9089 ack_sample=0 fast_bytes=16382 slow_bytes=2 batches=489 queries=491
t=6057759 read event=459 count=16384 submitted=7520256 read_us=274 tx_us=14840 ack_sample=0 fast_bytes=16362 slow_bytes=22 batches=969 queries=981
t=6066772 read event=460 count=16384 submitted=7536640 read_us=258 tx_us=8725 ack_sample=0 fast_bytes=16382 slow_bytes=2 batches=458 queries=460
t=6076348 read event=461 count=16384 submitted=7553024 read_us=266 tx_us=9175 ack_sample=0 fast_bytes=16380 slow_bytes=4 batches=495 queries=498
t=6092583 read event=462 count=16384 submitted=7569408 read_us=259 tx_us=15940 ack_sample=0 fast_bytes=16360 slow_bytes=24 batches=1063 queries=1076
t=6103968 read event=463 count=16384 submitted=7585792 read_us=277 tx_us=11076 ack_sample=0 fast_bytes=16378 slow_bytes=6 batches=657 queries=661
t=6117924 read event=464 count=16384 submitted=7602176 read_us=256 tx_us=13669 ack_sample=0 fast_bytes=16366 slow_bytes=18 batches=872 queries=882
t=6132040 read event=465 count=16384 submitted=7618560 read_us=263 tx_us=13752 ack_sample=0 fast_bytes=16368 slow_bytes=16 batches=880 queries=889
t=6143867 read event=466 count=16384 submitted=7634944 read_us=268 tx_us=11523 ack_sample=0 fast_bytes=16384 slow_bytes=0 batches=698 queries=699
t=6160433 read event=467 count=16384 submitted=7651328 read_us=264 tx_us=16269 ack_sample=0 fast_bytes=16354 slow_bytes=30 batches=1087 queries=1103
t=6172907 read event=468 count=16384 submitted=7667712 read_us=272 tx_us=12170 ack_sample=0 fast_bytes=16378 slow_bytes=6 batches=751 queries=755
t=6188110 read event=469 count=16384 submitted=7684096 read_us=267 tx_us=14826 ack_sample=0 fast_bytes=16366 slow_bytes=18 batches=971 queries=981
t=6202113 read event=470 count=16384 submitted=7700480 read_us=255 tx_us=13714 ack_sample=0 fast_bytes=16380 slow_bytes=4 batches=883 queries=886
t=6216096 read event=471 count=16384 submitted=7716864 read_us=256 tx_us=13696 ack_sample=0 fast_bytes=16374 slow_bytes=10 batches=879 queries=885
t=6231719 read event=472 count=16384 submitted=7733248 read_us=258 tx_us=15328 ack_sample=0 fast_bytes=16364 slow_bytes=20 batches=1013 queries=1024
t=6243678 read event=473 count=16384 submitted=7749632 read_us=264 tx_us=11595 ack_sample=0 fast_bytes=16384 slow_bytes=0 batches=699 queries=700
t=6262189 read event=474 count=16384 submitted=7766016 read_us=277 tx_us=18199 ack_sample=0 fast_bytes=16350 slow_bytes=34 batches=1250 queries=1268
t=6275105 read event=475 count=16384 submitted=7782400 read_us=264 tx_us=12620 ack_sample=0 fast_bytes=16384 slow_bytes=0 batches=792 queries=793
t=6291658 read event=476 count=16384 submitted=7798784 read_us=257 tx_us=16264 ack_sample=0 fast_bytes=16348 slow_bytes=36 batches=1085 queries=1104
t=6303315 read event=477 count=16384 submitted=7815168 read_us=262 tx_us=11273 ack_sample=0 fast_bytes=16382 slow_bytes=2 batches=676 queries=678
t=6317154 read event=478 count=16384 submitted=7831552 read_us=257 tx_us=13549 ack_sample=0 fast_bytes=16372 slow_bytes=12 batches=865 queries=872
t=6330990 read event=479 count=16384 submitted=7847936 read_us=256 tx_us=13549 ack_sample=0 fast_bytes=16372 slow_bytes=12 batches=865 queries=872
t=6341664 read event=480 count=16384 submitted=7864320 read_us=256 tx_us=10386 ack_sample=0 fast_bytes=16382 slow_bytes=2 batches=598 queries=600
t=6358966 read event=481 count=16384 submitted=7880704 read_us=282 tx_us=16898 ack_sample=0 fast_bytes=16366 slow_bytes=18 batches=1147 queries=1157
t=6370409 read event=482 count=16384 submitted=7897088 read_us=259 tx_us=11149 ack_sample=0 fast_bytes=16384 slow_bytes=0 batches=666 queries=667
t=6385766 read event=483 count=16384 submitted=7913472 read_us=260 tx_us=15066 ack_sample=0 fast_bytes=16358 slow_bytes=26 batches=987 queries=1001
t=6398683 read event=484 count=16384 submitted=7929856 read_us=256 tx_us=12629 ack_sample=0 fast_bytes=16380 slow_bytes=4 batches=791 queries=794
t=6408691 read event=485 count=16384 submitted=7946240 read_us=263 tx_us=9626 ack_sample=0 fast_bytes=16380 slow_bytes=4 batches=534 queries=537
t=6426942 read event=486 count=16384 submitted=7962624 read_us=257 tx_us=17952 ack_sample=0 fast_bytes=16354 slow_bytes=30 batches=1232 queries=1248
t=6438178 read event=487 count=16384 submitted=7979008 read_us=256 tx_us=10949 ack_sample=0 fast_bytes=16380 slow_bytes=4 batches=647 queries=650
t=6454722 read event=488 count=16384 submitted=7995392 read_us=253 tx_us=16258 ack_sample=0 fast_bytes=16360 slow_bytes=24 batches=1084 queries=1097
t=6467488 read event=489 count=16384 submitted=8011776 read_us=277 tx_us=12357 ack_sample=0 fast_bytes=16376 slow_bytes=8 batches=765 queries=770
t=6479651 read event=490 count=16384 submitted=8028160 read_us=278 tx_us=11848 ack_sample=0 fast_bytes=16374 slow_bytes=10 batches=721 queries=727
t=6495441 read event=491 count=16384 submitted=8044544 read_us=275 tx_us=15482 ack_sample=0 fast_bytes=16360 slow_bytes=24 batches=1022 queries=1035
t=6506400 read event=492 count=16384 submitted=8060928 read_us=298 tx_us=10619 ack_sample=0 fast_bytes=16382 slow_bytes=2 batches=620 queries=622
t=6523567 read event=493 count=16384 submitted=8077312 read_us=287 tx_us=16760 ack_sample=0 fast_bytes=16350 slow_bytes=34 batches=1129 queries=1147
t=6535848 read event=494 count=16384 submitted=8093696 read_us=279 tx_us=11967 ack_sample=0 fast_bytes=16382 slow_bytes=2 batches=735 queries=737
t=6550256 read event=495 count=16384 submitted=8110080 read_us=261 tx_us=14115 ack_sample=0 fast_bytes=16358 slow_bytes=26 batches=906 queries=920
t=6563531 read event=496 count=16384 submitted=8126464 read_us=256 tx_us=12988 ack_sample=0 fast_bytes=16374 slow_bytes=10 batches=817 queries=823
t=6573989 read event=497 count=16384 submitted=8142848 read_us=285 tx_us=10072 ack_sample=0 fast_bytes=16382 slow_bytes=2 batches=573 queries=575
t=6591251 read event=498 count=16384 submitted=8159232 read_us=260 tx_us=16970 ack_sample=0 fast_bytes=16354 slow_bytes=30 batches=1148 queries=1164
t=6603049 read event=499 count=16384 submitted=8175616 read_us=273 tx_us=11492 ack_sample=0 fast_bytes=16380 slow_bytes=4 batches=693 queries=696
t=6618595 read event=500 count=16384 submitted=8192000 read_us=257 tx_us=15259 ack_sample=0 fast_bytes=16356 slow_bytes=28 batches=1003 queries=1018
t=6630192 read event=501 count=16384 submitted=8208384 read_us=275 tx_us=11203 ack_sample=0 fast_bytes=16382 slow_bytes=2 batches=670 queries=672
t=6643722 read event=502 count=16384 submitted=8224768 read_us=259 tx_us=13238 ack_sample=0 fast_bytes=16372 slow_bytes=12 batches=838 queries=845
t=6657665 read event=503 count=16384 submitted=8241152 read_us=253 tx_us=13658 ack_sample=0 fast_bytes=16372 slow_bytes=12 batches=869 queries=876
t=6668944 read event=504 count=16384 submitted=8257536 read_us=270 tx_us=10975 ack_sample=0 fast_bytes=16378 slow_bytes=6 batches=648 queries=652
t=6683860 read event=505 count=16384 submitted=8273920 read_us=265 tx_us=14549 ack_sample=0 fast_bytes=16362 slow_bytes=22 batches=945 queries=957
t=6695357 read event=506 count=16384 submitted=8290304 read_us=260 tx_us=11203 ack_sample=0 fast_bytes=16382 slow_bytes=2 batches=670 queries=672
t=6706235 read event=507 count=16384 submitted=8306688 read_us=255 tx_us=10591 ack_sample=0 fast_bytes=16382 slow_bytes=2 batches=617 queries=619
t=6722814 read event=508 count=16384 submitted=8323072 read_us=255 tx_us=16294 ack_sample=0 fast_bytes=16354 slow_bytes=30 batches=1090 queries=1106
t=6733820 read event=509 count=16384 submitted=8339456 read_us=260 tx_us=10643 ack_sample=0 fast_bytes=16384 slow_bytes=0 batches=623 queries=624
t=6747066 read event=510 count=16384 submitted=8355840 read_us=256 tx_us=12956 ack_sample=0 fast_bytes=16368 slow_bytes=16 batches=812 queries=821
t=6761252 read event=511 count=16384 submitted=8372224 read_us=255 tx_us=13901 ack_sample=0 fast_bytes=16368 slow_bytes=16 batches=892 queries=901
t=6771781 read event=512 count=16384 submitted=8388608 read_us=260 tx_us=10239 ack_sample=1 fast_bytes=16384 slow_bytes=0 batches=588 queries=589
t=6771808 profile_ack event=512 words=0 high_reads=0 low_reads=0 high_wait_words=0 low_wait_words=0 high_max_reads=0 low_max_reads=0 uninitialized=0
t=6787904 read event=513 count=16384 submitted=8404992 read_us=263 tx_us=15747 ack_sample=0 fast_bytes=16370 slow_bytes=14 batches=1052 queries=1060
t=6798481 read event=514 count=16384 submitted=8421376 read_us=259 tx_us=10284 ack_sample=0 fast_bytes=16382 slow_bytes=2 batches=591 queries=593
t=6811947 read event=515 count=16384 submitted=8437760 read_us=269 tx_us=13166 ack_sample=0 fast_bytes=16368 slow_bytes=16 batches=828 queries=837
t=6826285 read event=516 count=16384 submitted=8454144 read_us=263 tx_us=14027 ack_sample=0 fast_bytes=16370 slow_bytes=14 batches=905 queries=913
t=6837280 read event=517 count=16384 submitted=8470528 read_us=269 tx_us=10613 ack_sample=0 fast_bytes=16382 slow_bytes=2 batches=619 queries=621
t=6852636 read event=518 count=16384 submitted=8486912 read_us=256 tx_us=15067 ack_sample=0 fast_bytes=16352 slow_bytes=32 batches=984 queries=1001
t=6864195 read event=519 count=16384 submitted=8503296 read_us=280 tx_us=11249 ack_sample=0 fast_bytes=16374 slow_bytes=10 batches=665 queries=671
t=6874846 read event=520 count=16384 submitted=8519680 read_us=260 tx_us=10357 ack_sample=0 fast_bytes=16376 slow_bytes=8 batches=594 queries=599
t=6891792 read event=521 count=16384 submitted=8536064 read_us=263 tx_us=16580 ack_sample=0 fast_bytes=16356 slow_bytes=28 batches=1116 queries=1131
t=6903089 read event=522 count=16384 submitted=8552448 read_us=255 tx_us=11009 ack_sample=0 fast_bytes=16380 slow_bytes=4 batches=652 queries=655
t=6918180 read event=523 count=16384 submitted=8568832 read_us=256 tx_us=14804 ack_sample=0 fast_bytes=16360 slow_bytes=24 batches=966 queries=979
t=6930220 read event=524 count=16384 submitted=8585216 read_us=255 tx_us=11754 ack_sample=0 fast_bytes=16384 slow_bytes=0 batches=718 queries=719
t=6940971 read event=525 count=16384 submitted=8601600 read_us=263 tx_us=10380 ack_sample=0 fast_bytes=16384 slow_bytes=0 batches=600 queries=601
t=6958306 read event=526 count=16384 submitted=8617984 read_us=257 tx_us=17046 ack_sample=0 fast_bytes=16338 slow_bytes=46 batches=1145 queries=1169
t=6969896 read event=527 count=16384 submitted=8634368 read_us=258 tx_us=11300 ack_sample=0 fast_bytes=16384 slow_bytes=0 batches=679 queries=680
t=6985605 read event=528 count=16384 submitted=8650752 read_us=257 tx_us=15423 ack_sample=0 fast_bytes=16354 slow_bytes=30 batches=1016 queries=1032
t=6997621 read event=529 count=16384 submitted=8667136 read_us=280 tx_us=11638 ack_sample=0 fast_bytes=16376 slow_bytes=8 batches=704 queries=709
t=7011416 read event=530 count=16384 submitted=8683520 read_us=274 tx_us=13489 ack_sample=0 fast_bytes=16376 slow_bytes=8 batches=862 queries=867
t=7026752 read event=531 count=16384 submitted=8699904 read_us=255 tx_us=15050 ack_sample=0 fast_bytes=16366 slow_bytes=18 batches=990 queries=1000
t=7037954 read event=532 count=16384 submitted=8716288 read_us=255 tx_us=10918 ack_sample=0 fast_bytes=16380 slow_bytes=4 batches=644 queries=647
t=7054909 read event=533 count=16384 submitted=8732672 read_us=263 tx_us=16587 ack_sample=0 fast_bytes=16350 slow_bytes=34 batches=1112 queries=1130
t=7067218 read event=534 count=16384 submitted=8749056 read_us=258 tx_us=12017 ack_sample=0 fast_bytes=16382 slow_bytes=2 batches=739 queries=741
t=7082424 read event=535 count=16384 submitted=8765440 read_us=254 tx_us=14922 ack_sample=0 fast_bytes=16352 slow_bytes=32 batches=967 queries=984
t=7096010 read event=536 count=16384 submitted=8781824 read_us=257 tx_us=13283 ack_sample=0 fast_bytes=16378 slow_bytes=6 batches=846 queries=850
t=7109959 read event=537 count=16384 submitted=8798208 read_us=267 tx_us=13576 ack_sample=0 fast_bytes=16370 slow_bytes=14 batches=866 queries=874
t=7125931 read event=538 count=16384 submitted=8814592 read_us=261 tx_us=15677 ack_sample=0 fast_bytes=16370 slow_bytes=14 batches=1046 queries=1054
t=7137216 read event=539 count=16384 submitted=8830976 read_us=256 tx_us=10998 ack_sample=0 fast_bytes=16382 slow_bytes=2 batches=652 queries=654
t=7153418 read event=540 count=16384 submitted=8847360 read_us=266 tx_us=15906 ack_sample=0 fast_bytes=16356 slow_bytes=28 batches=1058 queries=1073
t=7162379 read event=541 count=16384 submitted=8863744 read_us=285 tx_us=8557 ack_sample=0 fast_bytes=16382 slow_bytes=2 batches=444 queries=446
t=7171472 read event=542 count=16384 submitted=8880128 read_us=257 tx_us=8804 ack_sample=0 fast_bytes=16382 slow_bytes=2 batches=465 queries=467
t=7188238 read event=543 count=16384 submitted=8896512 read_us=273 tx_us=16461 ack_sample=0 fast_bytes=16346 slow_bytes=38 batches=1101 queries=1121
t=7198944 read event=544 count=16384 submitted=8912896 read_us=256 tx_us=10402 ack_sample=0 fast_bytes=16382 slow_bytes=2 batches=601 queries=603
t=7212669 read event=545 count=16384 submitted=8929280 read_us=263 tx_us=13362 ack_sample=0 fast_bytes=16370 slow_bytes=14 batches=848 queries=856
t=7227227 read event=546 count=16384 submitted=8945664 read_us=268 tx_us=14259 ack_sample=0 fast_bytes=16372 slow_bytes=12 batches=926 queries=933
t=7238021 read event=547 count=16384 submitted=8962048 read_us=255 tx_us=10507 ack_sample=0 fast_bytes=16384 slow_bytes=0 batches=611 queries=612
t=7254895 read event=548 count=16384 submitted=8978432 read_us=255 tx_us=16590 ack_sample=0 fast_bytes=16350 slow_bytes=34 batches=1112 queries=1130
t=7265207 read event=549 count=16384 submitted=8994816 read_us=262 tx_us=9944 ack_sample=0 fast_bytes=16384 slow_bytes=0 batches=563 queries=564
t=7278210 read event=550 count=16384 submitted=9011200 read_us=257 tx_us=12714 ack_sample=0 fast_bytes=16366 slow_bytes=18 batches=785 queries=795
t=7292471 read event=551 count=16384 submitted=9027584 read_us=261 tx_us=13969 ack_sample=0 fast_bytes=16368 slow_bytes=16 batches=899 queries=908
t=7302962 read event=552 count=16384 submitted=9043968 read_us=272 tx_us=10187 ack_sample=0 fast_bytes=16382 slow_bytes=2 batches=583 queries=585
t=7318582 read event=553 count=16384 submitted=9060352 read_us=257 tx_us=15262 ack_sample=0 fast_bytes=16354 slow_bytes=30 batches=1002 queries=1018
t=7328858 read event=554 count=16384 submitted=9076736 read_us=272 tx_us=9972 ack_sample=0 fast_bytes=16384 slow_bytes=0 batches=566 queries=567
t=7339720 read event=555 count=16384 submitted=9093120 read_us=256 tx_us=10574 ack_sample=0 fast_bytes=16382 slow_bytes=2 batches=616 queries=618
t=7356364 read event=556 count=16384 submitted=9109504 read_us=253 tx_us=16361 ack_sample=0 fast_bytes=16346 slow_bytes=38 batches=1091 queries=1111
t=7366018 read event=557 count=16384 submitted=9125888 read_us=276 tx_us=9271 ack_sample=0 fast_bytes=16384 slow_bytes=0 batches=506 queries=507
t=7379106 read event=558 count=16384 submitted=9142272 read_us=266 tx_us=12790 ack_sample=0 fast_bytes=16374 slow_bytes=10 batches=801 queries=807
t=7392496 read event=559 count=16384 submitted=9158656 read_us=270 tx_us=13090 ack_sample=0 fast_bytes=16364 slow_bytes=20 batches=822 queries=833
t=7402387 read event=560 count=16384 submitted=9175040 read_us=272 tx_us=9591 ack_sample=0 fast_bytes=16382 slow_bytes=2 batches=532 queries=534
t=7417562 read event=561 count=16384 submitted=9191424 read_us=279 tx_us=14798 ack_sample=0 fast_bytes=16354 slow_bytes=30 batches=963 queries=979
t=7431179 read event=562 count=16384 submitted=9207808 read_us=275 tx_us=13310 ack_sample=0 fast_bytes=16378 slow_bytes=6 batches=848 queries=852
t=7446460 read event=563 count=16384 submitted=9224192 read_us=255 tx_us=14997 ack_sample=0 fast_bytes=16360 slow_bytes=24 batches=982 queries=995
t=7458879 read event=564 count=16384 submitted=9240576 read_us=272 tx_us=12116 ack_sample=0 fast_bytes=16380 slow_bytes=4 batches=746 queries=749
t=7470459 read event=565 count=16384 submitted=9256960 read_us=275 tx_us=11188 ack_sample=0 fast_bytes=16384 slow_bytes=0 batches=669 queries=670
t=7484851 read event=566 count=16384 submitted=9273344 read_us=277 tx_us=14082 ack_sample=0 fast_bytes=16362 slow_bytes=22 batches=901 queries=913
t=7495758 read event=567 count=16384 submitted=9289728 read_us=265 tx_us=10608 ack_sample=0 fast_bytes=16382 slow_bytes=2 batches=619 queries=621
t=7507103 read event=568 count=16384 submitted=9306112 read_us=260 tx_us=11054 ack_sample=0 fast_bytes=16384 slow_bytes=0 batches=658 queries=659
t=7523922 read event=569 count=16384 submitted=9322496 read_us=265 tx_us=16450 ack_sample=0 fast_bytes=16356 slow_bytes=28 batches=1104 queries=1119
t=7538306 read event=570 count=16384 submitted=9338880 read_us=269 tx_us=14077 ack_sample=0 fast_bytes=16376 slow_bytes=8 batches=912 queries=917
t=7554601 read event=571 count=16384 submitted=9355264 read_us=260 tx_us=16002 ack_sample=0 fast_bytes=16360 slow_bytes=24 batches=1068 queries=1081
t=7564344 read event=572 count=16384 submitted=9371648 read_us=282 tx_us=9413 ack_sample=0 fast_bytes=16382 slow_bytes=2 batches=517 queries=519
t=7578108 read event=573 count=16384 submitted=9388032 read_us=280 tx_us=13366 ack_sample=0 fast_bytes=16368 slow_bytes=16 batches=848 queries=857
t=7593543 read event=574 count=16384 submitted=9404416 read_us=259 tx_us=15143 ack_sample=0 fast_bytes=16376 slow_bytes=8 batches=1004 queries=1009
t=7605834 read event=575 count=16384 submitted=9420800 read_us=272 tx_us=11990 ack_sample=0 fast_bytes=16384 slow_bytes=0 batches=738 queries=739
t=7622644 read event=576 count=16384 submitted=9437184 read_us=258 tx_us=16520 ack_sample=1 fast_bytes=16350 slow_bytes=34 batches=1108 queries=1126
t=7622671 profile_ack event=576 words=17 high_reads=34 low_reads=34 high_wait_words=17 low_wait_words=17 high_max_reads=2 low_max_reads=2 uninitialized=0
t=7632846 read event=577 count=16384 submitted=9453568 read_us=262 tx_us=9811 ack_sample=0 fast_bytes=16376 slow_bytes=8 batches=547 queries=552
t=7646390 read event=578 count=16384 submitted=9469952 read_us=258 tx_us=13254 ack_sample=0 fast_bytes=16362 slow_bytes=22 batches=834 queries=846
t=7659020 read event=579 count=16384 submitted=9486336 read_us=254 tx_us=12345 ack_sample=0 fast_bytes=16378 slow_bytes=6 batches=764 queries=768
t=7670607 read event=580 count=16384 submitted=9502720 read_us=259 tx_us=11298 ack_sample=0 fast_bytes=16382 slow_bytes=2 batches=678 queries=680
t=7685448 read event=581 count=16384 submitted=9519104 read_us=261 tx_us=14449 ack_sample=0 fast_bytes=16358 slow_bytes=26 batches=935 queries=949
t=7696217 read event=582 count=16384 submitted=9535488 read_us=273 tx_us=10462 ack_sample=0 fast_bytes=16382 slow_bytes=2 batches=602 queries=604
t=7707359 read event=583 count=16384 submitted=9551872 read_us=258 tx_us=10851 ack_sample=0 fast_bytes=16380 slow_bytes=4 batches=638 queries=641
t=7726331 read event=584 count=16384 submitted=9568256 read_us=259 tx_us=18682 ack_sample=0 fast_bytes=16358 slow_bytes=26 batches=1296 queries=1310
t=7742055 read event=585 count=16384 submitted=9584640 read_us=266 tx_us=15357 ack_sample=0 fast_bytes=16368 slow_bytes=16 batches=1017 queries=1026
t=7756037 read event=586 count=16384 submitted=9601024 read_us=258 tx_us=13690 ack_sample=0 fast_bytes=16370 slow_bytes=14 batches=875 queries=883
t=7767702 read event=587 count=16384 submitted=9617408 read_us=256 tx_us=11379 ack_sample=0 fast_bytes=16380 slow_bytes=4 batches=684 queries=687
t=7783153 read event=588 count=16384 submitted=9633792 read_us=255 tx_us=15160 ack_sample=0 fast_bytes=16362 slow_bytes=22 batches=998 queries=1010
t=7794477 read event=589 count=16384 submitted=9650176 read_us=266 tx_us=10951 ack_sample=0 fast_bytes=16378 slow_bytes=6 batches=646 queries=650
t=7805001 read event=590 count=16384 submitted=9666560 read_us=272 tx_us=10220 ack_sample=0 fast_bytes=16380 slow_bytes=4 batches=585 queries=588
t=7821506 read event=591 count=16384 submitted=9682944 read_us=254 tx_us=16219 ack_sample=0 fast_bytes=16348 slow_bytes=36 batches=1081 queries=1100
t=7831327 read event=592 count=16384 submitted=9699328 read_us=270 tx_us=9519 ack_sample=0 fast_bytes=16382 slow_bytes=2 batches=526 queries=528
t=7844621 read event=593 count=16384 submitted=9715712 read_us=262 tx_us=12936 ack_sample=0 fast_bytes=16372 slow_bytes=12 batches=809 queries=816
t=7857970 read event=594 count=16384 submitted=9732096 read_us=276 tx_us=13039 ack_sample=0 fast_bytes=16358 slow_bytes=26 batches=813 queries=827
t=7869693 read event=595 count=16384 submitted=9748480 read_us=255 tx_us=11435 ack_sample=0 fast_bytes=16382 slow_bytes=2 batches=690 queries=692
t=7885444 read event=596 count=16384 submitted=9764864 read_us=255 tx_us=15455 ack_sample=0 fast_bytes=16352 slow_bytes=32 batches=1018 queries=1035
t=7899284 read event=597 count=16384 submitted=9781248 read_us=279 tx_us=13452 ack_sample=0 fast_bytes=16380 slow_bytes=4 batches=857 queries=860
t=7914601 read event=598 count=16384 submitted=9797632 read_us=259 tx_us=15025 ack_sample=0 fast_bytes=16370 slow_bytes=14 batches=990 queries=998
t=7926677 read event=599 count=16384 submitted=9814016 read_us=279 tx_us=11748 ack_sample=0 fast_bytes=16380 slow_bytes=4 batches=716 queries=719
t=7938279 read event=600 count=16384 submitted=9830400 read_us=267 tx_us=11303 ack_sample=0 fast_bytes=16378 slow_bytes=6 batches=676 queries=680
t=7953582 read event=601 count=16384 submitted=9846784 read_us=264 tx_us=14935 ack_sample=0 fast_bytes=16366 slow_bytes=18 batches=980 queries=990
t=7964125 read event=602 count=16384 submitted=9863168 read_us=278 tx_us=10233 ack_sample=0 fast_bytes=16380 slow_bytes=4 batches=586 queries=589
t=7977896 read event=603 count=16384 submitted=9879552 read_us=257 tx_us=13483 ack_sample=0 fast_bytes=16372 slow_bytes=12 batches=859 queries=866
t=7993563 read event=604 count=16384 submitted=9895936 read_us=257 tx_us=15381 ack_sample=0 fast_bytes=16372 slow_bytes=12 batches=1022 queries=1029
t=8007951 read event=605 count=16384 submitted=9912320 read_us=281 tx_us=14000 ack_sample=0 fast_bytes=16372 slow_bytes=12 batches=903 queries=910
t=8022558 read event=606 count=16384 submitted=9928704 read_us=259 tx_us=14315 ack_sample=0 fast_bytes=16372 slow_bytes=12 batches=931 queries=938
t=8032448 read event=607 count=16384 submitted=9945088 read_us=269 tx_us=9590 ack_sample=0 fast_bytes=16382 slow_bytes=2 batches=532 queries=534
t=8046725 read event=608 count=16384 submitted=9961472 read_us=273 tx_us=13972 ack_sample=0 fast_bytes=16358 slow_bytes=26 batches=894 queries=908
t=8059108 read event=609 count=16384 submitted=9977856 read_us=265 tx_us=12018 ack_sample=0 fast_bytes=16376 slow_bytes=8 batches=735 queries=740
t=8070648 read event=610 count=16384 submitted=9994240 read_us=257 tx_us=11250 ack_sample=0 fast_bytes=16384 slow_bytes=0 batches=675 queries=676
t=8085844 read event=611 count=16384 submitted=10010624 read_us=268 tx_us=14896 ack_sample=0 fast_bytes=16358 slow_bytes=26 batches=973 queries=987
t=8096323 read event=612 count=16384 submitted=10027008 read_us=252 tx_us=10198 ack_sample=0 fast_bytes=16384 slow_bytes=0 batches=585 queries=586
t=8110428 read event=613 count=16384 submitted=10043392 read_us=266 tx_us=13735 ack_sample=0 fast_bytes=16358 slow_bytes=26 batches=868 queries=882
t=8124979 read event=614 count=16384 submitted=10059776 read_us=276 tx_us=14239 ack_sample=0 fast_bytes=16372 slow_bytes=12 batches=924 queries=931
t=8138537 read event=615 count=16384 submitted=10076160 read_us=256 tx_us=13269 ack_sample=0 fast_bytes=16378 slow_bytes=6 batches=844 queries=848
t=8153797 read event=616 count=16384 submitted=10092544 read_us=275 tx_us=14955 ack_sample=0 fast_bytes=16358 slow_bytes=26 batches=977 queries=991
t=8165393 read event=617 count=16384 submitted=10108928 read_us=265 tx_us=11229 ack_sample=0 fast_bytes=16384 slow_bytes=0 batches=673 queries=674
t=8179504 read event=618 count=16384 submitted=10125312 read_us=257 tx_us=13823 ack_sample=0 fast_bytes=16358 slow_bytes=26 batches=881 queries=895
t=8191800 read event=619 count=16384 submitted=10141696 read_us=286 tx_us=11979 ack_sample=0 fast_bytes=16376 slow_bytes=8 batches=733 queries=738
t=8202684 read event=620 count=16384 submitted=10158080 read_us=254 tx_us=10599 ack_sample=0 fast_bytes=16382 slow_bytes=2 batches=618 queries=620
t=8202721 profile_poll polls=320 elapsed_us=48818 interval_us=57472 chunks=4
t=8219979 read event=621 count=16384 submitted=10174464 read_us=262 tx_us=16889 ack_sample=0 fast_bytes=16362 slow_bytes=22 batches=1145 queries=1157
t=8233504 read event=622 count=16384 submitted=10190848 read_us=253 tx_us=13239 ack_sample=0 fast_bytes=16382 slow_bytes=2 batches=844 queries=846
t=8250047 read event=623 count=16384 submitted=10207232 read_us=272 tx_us=16242 ack_sample=0 fast_bytes=16358 slow_bytes=26 batches=1088 queries=1102
t=8260587 read event=624 count=16384 submitted=10223616 read_us=251 tx_us=10259 ack_sample=0 fast_bytes=16380 slow_bytes=4 batches=587 queries=590
t=8271574 read event=625 count=16384 submitted=10240000 read_us=278 tx_us=10608 ack_sample=0 fast_bytes=16378 slow_bytes=6 batches=617 queries=621
t=8287233 read event=626 count=16384 submitted=10256384 read_us=273 tx_us=15337 ack_sample=0 fast_bytes=16356 slow_bytes=28 batches=1010 queries=1025
t=8298530 read event=627 count=16384 submitted=10272768 read_us=258 tx_us=11008 ack_sample=0 fast_bytes=16380 slow_bytes=4 batches=652 queries=655
t=8313050 read event=628 count=16384 submitted=10289152 read_us=274 tx_us=14216 ack_sample=0 fast_bytes=16368 slow_bytes=16 batches=920 queries=929
t=8325455 read event=629 count=16384 submitted=10305536 read_us=263 tx_us=12037 ack_sample=0 fast_bytes=16376 slow_bytes=8 batches=733 queries=738
t=8337238 read event=630 count=16384 submitted=10321920 read_us=275 tx_us=11474 ack_sample=0 fast_bytes=16384 slow_bytes=0 batches=694 queries=695
t=8353021 read event=631 count=16384 submitted=10338304 read_us=256 tx_us=15497 ack_sample=0 fast_bytes=16352 slow_bytes=32 batches=1020 queries=1037
t=8365678 read event=632 count=16384 submitted=10354688 read_us=255 tx_us=12371 ack_sample=0 fast_bytes=16380 slow_bytes=4 batches=769 queries=772
t=8380808 read event=633 count=16384 submitted=10371072 read_us=263 tx_us=14758 ack_sample=0 fast_bytes=16352 slow_bytes=32 batches=957 queries=974
t=8393515 read event=634 count=16384 submitted=10387456 read_us=255 tx_us=12420 ack_sample=0 fast_bytes=16382 slow_bytes=2 batches=774 queries=776
t=8405269 read event=635 count=16384 submitted=10403840 read_us=272 tx_us=11454 ack_sample=0 fast_bytes=16372 slow_bytes=12 batches=686 queries=693
t=8422444 read event=636 count=16384 submitted=10420224 read_us=253 tx_us=16890 ack_sample=0 fast_bytes=16350 slow_bytes=34 batches=1139 queries=1157
t=8434705 read event=637 count=16384 submitted=10436608 read_us=284 tx_us=11870 ack_sample=0 fast_bytes=16384 slow_bytes=0 batches=728 queries=729
t=8450595 read event=638 count=16384 submitted=10452992 read_us=255 tx_us=15594 ack_sample=0 fast_bytes=16348 slow_bytes=36 batches=1028 queries=1047
t=8463407 read event=639 count=16384 submitted=10469376 read_us=275 tx_us=12508 ack_sample=0 fast_bytes=16380 slow_bytes=4 batches=779 queries=782
t=8477605 read event=640 count=16384 submitted=10485760 read_us=266 tx_us=13895 ack_sample=1 fast_bytes=16366 slow_bytes=18 batches=891 queries=901
t=8477632 profile_ack event=640 words=9 high_reads=18 low_reads=18 high_wait_words=9 low_wait_words=9 high_max_reads=2 low_max_reads=2 uninitialized=0
t=8491772 read event=641 count=16384 submitted=10502144 read_us=269 tx_us=13763 ack_sample=0 fast_bytes=16374 slow_bytes=10 batches=884 queries=890
t=8503001 read event=642 count=16384 submitted=10518528 read_us=257 tx_us=10938 ack_sample=0 fast_bytes=16384 slow_bytes=0 batches=648 queries=649
t=8520262 read event=643 count=16384 submitted=10534912 read_us=257 tx_us=16974 ack_sample=0 fast_bytes=16364 slow_bytes=20 batches=1154 queries=1165
t=8532607 read event=644 count=16384 submitted=10551296 read_us=258 tx_us=12057 ack_sample=0 fast_bytes=16384 slow_bytes=0 batches=739 queries=740
t=8548213 read event=645 count=16384 submitted=10567680 read_us=265 tx_us=15214 ack_sample=0 fast_bytes=16364 slow_bytes=20 batches=1003 queries=1014
t=8561009 read event=646 count=16384 submitted=10584064 read_us=268 tx_us=12489 ack_sample=0 fast_bytes=16378 slow_bytes=6 batches=776 queries=780
t=8574329 read event=647 count=16384 submitted=10600448 read_us=259 tx_us=13029 ack_sample=0 fast_bytes=16376 slow_bytes=8 batches=823 queries=828
t=8589474 read event=648 count=16384 submitted=10616832 read_us=260 tx_us=14854 ack_sample=0 fast_bytes=16368 slow_bytes=16 batches=975 queries=984
t=8601122 read event=649 count=16384 submitted=10633216 read_us=288 tx_us=11074 ack_sample=0 fast_bytes=16384 slow_bytes=0 batches=657 queries=658
t=8616122 read event=650 count=16384 submitted=10649600 read_us=264 tx_us=14698 ack_sample=0 fast_bytes=16362 slow_bytes=22 batches=958 queries=970
t=8625890 read event=651 count=16384 submitted=10665984 read_us=266 tx_us=9471 ack_sample=0 fast_bytes=16384 slow_bytes=0 batches=523 queries=524
t=8635386 read event=652 count=16384 submitted=10682368 read_us=259 tx_us=9205 ack_sample=0 fast_bytes=16382 slow_bytes=2 batches=499 queries=501
t=8651172 read event=653 count=16384 submitted=10698752 read_us=287 tx_us=15375 ack_sample=0 fast_bytes=16356 slow_bytes=28 batches=1013 queries=1028
t=8663861 read event=654 count=16384 submitted=10715136 read_us=259 tx_us=12396 ack_sample=0 fast_bytes=16384 slow_bytes=0 batches=771 queries=772
t=8678942 read event=655 count=16384 submitted=10731520 read_us=258 tx_us=14791 ack_sample=0 fast_bytes=16360 slow_bytes=24 batches=965 queries=978
t=8691677 read event=656 count=16384 submitted=10747904 read_us=257 tx_us=12448 ack_sample=0 fast_bytes=16376 slow_bytes=8 batches=773 queries=778
t=8703562 read event=657 count=16384 submitted=10764288 read_us=263 tx_us=11510 ack_sample=0 fast_bytes=16380 slow_bytes=4 batches=695 queries=698
t=8720349 read event=658 count=16384 submitted=10780672 read_us=271 tx_us=16482 ack_sample=0 fast_bytes=16364 slow_bytes=20 batches=1112 queries=1123
t=8732502 read event=659 count=16384 submitted=10797056 read_us=256 tx_us=11865 ack_sample=0 fast_bytes=16380 slow_bytes=4 batches=720 queries=723
t=8748485 read event=660 count=16384 submitted=10813440 read_us=278 tx_us=15673 ack_sample=0 fast_bytes=16368 slow_bytes=16 batches=1045 queries=1054
t=8761122 read event=661 count=16384 submitted=10829824 read_us=283 tx_us=12234 ack_sample=0 fast_bytes=16382 slow_bytes=2 batches=757 queries=759
t=8774803 read event=662 count=16384 submitted=10846208 read_us=255 tx_us=13392 ack_sample=0 fast_bytes=16372 slow_bytes=12 batches=851 queries=858
t=8786851 read event=663 count=16384 submitted=10862592 read_us=257 tx_us=11761 ack_sample=0 fast_bytes=16368 slow_bytes=16 batches=710 queries=719
t=8796877 read event=664 count=16384 submitted=10878976 read_us=257 tx_us=9738 ack_sample=0 fast_bytes=16382 slow_bytes=2 batches=544 queries=546
t=8808041 read event=665 count=16384 submitted=10895360 read_us=264 tx_us=10801 ack_sample=0 fast_bytes=16372 slow_bytes=12 batches=630 queries=637
t=8822251 read event=666 count=16384 submitted=10911744 read_us=256 tx_us=13923 ack_sample=0 fast_bytes=16360 slow_bytes=24 batches=891 queries=904
t=8834186 read event=667 count=16384 submitted=10928128 read_us=256 tx_us=11649 ack_sample=0 fast_bytes=16384 slow_bytes=0 batches=709 queries=710
t=8850175 read event=668 count=16384 submitted=10944512 read_us=256 tx_us=15702 ack_sample=0 fast_bytes=16358 slow_bytes=26 batches=1042 queries=1056
t=8861907 read event=669 count=16384 submitted=10960896 read_us=261 tx_us=11364 ack_sample=0 fast_bytes=16384 slow_bytes=0 batches=679 queries=680
t=8875849 read event=670 count=16384 submitted=10977280 read_us=260 tx_us=13646 ack_sample=0 fast_bytes=16370 slow_bytes=14 batches=872 queries=880
t=8889734 read event=671 count=16384 submitted=10993664 read_us=257 tx_us=13598 ack_sample=0 fast_bytes=16376 slow_bytes=8 batches=871 queries=876
t=8901578 read event=672 count=16384 submitted=11010048 read_us=256 tx_us=11557 ack_sample=0 fast_bytes=16380 slow_bytes=4 batches=699 queries=702
t=8918067 read event=673 count=16384 submitted=11026432 read_us=279 tx_us=16109 ack_sample=0 fast_bytes=16348 slow_bytes=36 batches=1071 queries=1090
t=8930731 read event=674 count=16384 submitted=11042816 read_us=253 tx_us=12378 ack_sample=0 fast_bytes=16378 slow_bytes=6 batches=768 queries=772
t=8945969 read event=675 count=16384 submitted=11059200 read_us=260 tx_us=14947 ack_sample=0 fast_bytes=16362 slow_bytes=22 batches=975 queries=987
t=8958549 read event=676 count=16384 submitted=11075584 read_us=260 tx_us=12286 ack_sample=0 fast_bytes=16378 slow_bytes=6 batches=759 queries=763
t=8972667 read event=677 count=16384 submitted=11091968 read_us=281 tx_us=13732 ack_sample=0 fast_bytes=16370 slow_bytes=14 batches=880 queries=888
t=8987107 read event=678 count=16384 submitted=11108352 read_us=268 tx_us=14139 ack_sample=0 fast_bytes=16370 slow_bytes=14 batches=915 queries=923
t=8999247 read event=679 count=16384 submitted=11124736 read_us=270 tx_us=11839 ack_sample=0 fast_bytes=16382 slow_bytes=2 batches=724 queries=726
t=9013966 read event=680 count=16384 submitted=11141120 read_us=262 tx_us=14408 ack_sample=0 fast_bytes=16358 slow_bytes=26 batches=931 queries=945
t=9024095 read event=681 count=16384 submitted=11157504 read_us=264 tx_us=9764 ack_sample=0 fast_bytes=16382 slow_bytes=2 batches=547 queries=549
t=9033755 read event=682 count=16384 submitted=11173888 read_us=257 tx_us=9371 ack_sample=0 fast_bytes=16382 slow_bytes=2 batches=513 queries=515
t=9048508 read event=683 count=16384 submitted=11190272 read_us=254 tx_us=14468 ack_sample=0 fast_bytes=16354 slow_bytes=30 batches=935 queries=951
t=9061353 read event=684 count=16384 submitted=11206656 read_us=271 tx_us=12543 ack_sample=0 fast_bytes=16376 slow_bytes=8 batches=780 queries=785
t=9074599 read event=685 count=16384 submitted=11223040 read_us=278 tx_us=12865 ack_sample=0 fast_bytes=16366 slow_bytes=18 batches=804 queries=814
t=9089764 read event=686 count=16384 submitted=11239424 read_us=280 tx_us=14852 ack_sample=0 fast_bytes=16372 slow_bytes=12 batches=977 queries=984
t=9101396 read event=687 count=16384 submitted=11255808 read_us=256 tx_us=11346 ack_sample=0 fast_bytes=16382 slow_bytes=2 batches=682 queries=684
t=9118160 read event=688 count=16384 submitted=11272192 read_us=260 tx_us=16473 ack_sample=0 fast_bytes=16350 slow_bytes=34 batches=1103 queries=1121
t=9130725 read event=689 count=16384 submitted=11288576 read_us=266 tx_us=12199 ack_sample=0 fast_bytes=16378 slow_bytes=6 batches=752 queries=756
t=9146173 read event=690 count=16384 submitted=11304960 read_us=254 tx_us=15163 ack_sample=0 fast_bytes=16360 slow_bytes=24 batches=997 queries=1010
t=9158967 read event=691 count=16384 submitted=11321344 read_us=259 tx_us=12505 ack_sample=0 fast_bytes=16380 slow_bytes=4 batches=774 queries=777
t=9173086 read event=692 count=16384 submitted=11337728 read_us=263 tx_us=13821 ack_sample=0 fast_bytes=16120 slow_bytes=264 batches=754 queries=887
t=9187135 read event=693 count=16384 submitted=11354112 read_us=261 tx_us=13683 ack_sample=0 fast_bytes=16366 slow_bytes=18 batches=873 queries=883
t=9199165 read event=694 count=16384 submitted=11370496 read_us=254 tx_us=11744 ack_sample=0 fast_bytes=16384 slow_bytes=0 batches=717 queries=718
t=9215076 read event=695 count=16384 submitted=11386880 read_us=256 tx_us=15623 ack_sample=0 fast_bytes=16252 slow_bytes=132 batches=979 queries=1046
t=9226002 read event=696 count=16384 submitted=11403264 read_us=259 tx_us=10637 ack_sample=0 fast_bytes=16378 slow_bytes=6 batches=619 queries=623
t=9239457 read event=697 count=16384 submitted=11419648 read_us=262 tx_us=13093 ack_sample=0 fast_bytes=16366 slow_bytes=18 batches=823 queries=833
t=9253233 read event=698 count=16384 submitted=11436032 read_us=274 tx_us=13470 ack_sample=0 fast_bytes=16372 slow_bytes=12 batches=858 queries=865
t=9263602 read event=699 count=16384 submitted=11452416 read_us=256 tx_us=10081 ack_sample=0 fast_bytes=16382 slow_bytes=2 batches=574 queries=576
t=9278334 read event=700 count=16384 submitted=11468800 read_us=273 tx_us=14428 ack_sample=0 fast_bytes=16358 slow_bytes=26 batches=933 queries=947
t=9290090 read event=701 count=16384 submitted=11485184 read_us=278 tx_us=11359 ack_sample=0 fast_bytes=16378 slow_bytes=6 batches=682 queries=686
t=9300554 read event=702 count=16384 submitted=11501568 read_us=254 tx_us=10177 ack_sample=0 fast_bytes=16380 slow_bytes=4 batches=581 queries=584
t=9317342 read event=703 count=16384 submitted=11517952 read_us=273 tx_us=16484 ack_sample=0 fast_bytes=16356 slow_bytes=28 batches=1108 queries=1123
t=9328137 read event=704 count=16384 submitted=11534336 read_us=257 tx_us=10507 ack_sample=1 fast_bytes=16384 slow_bytes=0 batches=611 queries=612
t=9328164 profile_ack event=704 words=0 high_reads=0 low_reads=0 high_wait_words=0 low_wait_words=0 high_max_reads=0 low_max_reads=0 uninitialized=0
t=9340514 read event=705 count=16384 submitted=11550720 read_us=263 tx_us=11999 ack_sample=0 fast_bytes=16364 slow_bytes=20 batches=728 queries=739
t=9355739 read event=706 count=16384 submitted=11567104 read_us=270 tx_us=14922 ack_sample=0 fast_bytes=16366 slow_bytes=18 batches=974 queries=984
t=9366056 read event=707 count=16384 submitted=11583488 read_us=265 tx_us=10004 ack_sample=0 fast_bytes=16380 slow_bytes=4 batches=566 queries=569
t=9382142 read event=708 count=16384 submitted=11599872 read_us=261 tx_us=15793 ack_sample=0 fast_bytes=16372 slow_bytes=12 batches=1057 queries=1064
t=9394925 read event=709 count=16384 submitted=11616256 read_us=265 tx_us=12408 ack_sample=0 fast_bytes=16380 slow_bytes=4 batches=771 queries=774
t=9407464 read event=710 count=16384 submitted=11632640 read_us=255 tx_us=12250 ack_sample=0 fast_bytes=16368 slow_bytes=16 batches=752 queries=761
t=9423157 read event=711 count=16384 submitted=11649024 read_us=270 tx_us=15392 ack_sample=0 fast_bytes=16364 slow_bytes=20 batches=1019 queries=1030
t=9434217 read event=712 count=16384 submitted=11665408 read_us=254 tx_us=10775 ack_sample=0 fast_bytes=16384 slow_bytes=0 batches=634 queries=635
t=9451807 read event=713 count=16384 submitted=11681792 read_us=264 tx_us=17228 ack_sample=0 fast_bytes=16350 slow_bytes=34 batches=1168 queries=1186
t=9463446 read event=714 count=16384 submitted=11698176 read_us=256 tx_us=11350 ack_sample=0 fast_bytes=16382 slow_bytes=2 batches=681 queries=683
t=9478421 read event=715 count=16384 submitted=11714560 read_us=287 tx_us=14653 ack_sample=0 fast_bytes=16316 slow_bytes=68 batches=930 queries=965
t=9492259 read event=716 count=16384 submitted=11730944 read_us=277 tx_us=13528 ack_sample=0 fast_bytes=16372 slow_bytes=12 batches=864 queries=871
t=9505001 read event=717 count=16384 submitted=11747328 read_us=266 tx_us=12365 ack_sample=0 fast_bytes=16174 slow_bytes=210 batches=658 queries=764
t=9521194 read event=718 count=16384 submitted=11763712 read_us=258 tx_us=15902 ack_sample=0 fast_bytes=16366 slow_bytes=18 batches=1063 queries=1073
t=9532389 read event=719 count=16384 submitted=11780096 read_us=256 tx_us=10908 ack_sample=0 fast_bytes=16380 slow_bytes=4 batches=643 queries=646
t=9549598 read event=720 count=16384 submitted=11796480 read_us=257 tx_us=16920 ack_sample=0 fast_bytes=16088 slow_bytes=296 batches=1000 queries=1149
t=9561905 read event=721 count=16384 submitted=11812864 read_us=289 tx_us=11903 ack_sample=0 fast_bytes=16382 slow_bytes=2 batches=728 queries=730
t=9575170 read event=722 count=16384 submitted=11829248 read_us=261 tx_us=12968 ack_sample=0 fast_bytes=16088 slow_bytes=296 batches=659 queries=808
t=9588466 read event=723 count=16384 submitted=11845632 read_us=269 tx_us=12990 ack_sample=0 fast_bytes=16368 slow_bytes=16 batches=815 queries=824
t=9597445 read event=724 count=16384 submitted=11862016 read_us=278 tx_us=8668 ack_sample=0 fast_bytes=16384 slow_bytes=0 batches=455 queries=456
t=9608239 read event=725 count=16384 submitted=11878400 read_us=283 tx_us=10398 ack_sample=0 fast_bytes=16372 slow_bytes=12 batches=596 queries=603
t=9623823 read event=726 count=16384 submitted=11894784 read_us=258 tx_us=15293 ack_sample=0 fast_bytes=16362 slow_bytes=22 batches=1009 queries=1021
t=9634251 read event=727 count=16384 submitted=11911168 read_us=263 tx_us=10130 ack_sample=0 fast_bytes=16384 slow_bytes=0 batches=579 queries=580
t=9650897 read event=728 count=16384 submitted=11927552 read_us=257 tx_us=16358 ack_sample=0 fast_bytes=16358 slow_bytes=26 batches=1098 queries=1112
t=9661191 read event=729 count=16384 submitted=11943936 read_us=259 tx_us=9931 ack_sample=0 fast_bytes=16382 slow_bytes=2 batches=560 queries=562
t=9670407 read event=730 count=16384 submitted=11960320 read_us=259 tx_us=8925 ack_sample=0 fast_bytes=16384 slow_bytes=0 batches=476 queries=477
t=9688942 read event=731 count=16384 submitted=11976704 read_us=259 tx_us=18244 ack_sample=0 fast_bytes=16356 slow_bytes=28 batches=1258 queries=1273
t=9698679 read event=732 count=16384 submitted=11993088 read_us=255 tx_us=9450 ack_sample=0 fast_bytes=16380 slow_bytes=4 batches=519 queries=522
t=9711076 read event=733 count=16384 submitted=12009472 read_us=261 tx_us=12021 ack_sample=0 fast_bytes=16362 slow_bytes=22 batches=729 queries=741
t=9727505 read event=734 count=16384 submitted=12025856 read_us=256 tx_us=16141 ack_sample=0 fast_bytes=16364 slow_bytes=20 batches=1083 queries=1094
t=9736105 read event=735 count=16384 submitted=12042240 read_us=276 tx_us=8278 ack_sample=0 fast_bytes=16384 slow_bytes=0 batches=421 queries=422
t=9755307 read event=736 count=16384 submitted=12058624 read_us=260 tx_us=18911 ack_sample=0 fast_bytes=16346 slow_bytes=38 batches=1309 queries=1329
t=9766377 read event=737 count=16384 submitted=12075008 read_us=261 tx_us=10705 ack_sample=0 fast_bytes=16382 slow_bytes=2 batches=594 queries=596
t=9780831 read event=738 count=16384 submitted=12091392 read_us=397 tx_us=13992 ack_sample=0 fast_bytes=16368 slow_bytes=16 batches=806 queries=815
t=9797772 read event=739 count=16384 submitted=12107776 read_us=314 tx_us=16568 ack_sample=0 fast_bytes=16376 slow_bytes=8 batches=1124 queries=1129
t=9811375 read event=740 count=16384 submitted=12124160 read_us=273 tx_us=13291 ack_sample=0 fast_bytes=16370 slow_bytes=14 batches=842 queries=850
t=9829771 read event=741 count=16384 submitted=12140544 read_us=291 tx_us=17965 ack_sample=0 fast_bytes=16372 slow_bytes=12 batches=1238 queries=1245
t=9845219 read event=742 count=16384 submitted=12156928 read_us=265 tx_us=15147 ack_sample=0 fast_bytes=16052 slow_bytes=332 batches=764 queries=931
t=9860510 read event=743 count=16384 submitted=12173312 read_us=260 tx_us=14999 ack_sample=0 fast_bytes=16376 slow_bytes=8 batches=990 queries=995
t=9869360 read event=744 count=16384 submitted=12189696 read_us=273 tx_us=8545 ack_sample=0 fast_bytes=16382 slow_bytes=2 batches=443 queries=445
t=9888300 read event=745 count=16384 submitted=12206080 read_us=276 tx_us=18558 ack_sample=0 fast_bytes=16218 slow_bytes=166 batches=1212 queries=1296
t=9899388 read event=746 count=16384 submitted=12222464 read_us=256 tx_us=10799 ack_sample=0 fast_bytes=16382 slow_bytes=2 batches=635 queries=637
t=9914050 read event=747 count=16384 submitted=12238848 read_us=257 tx_us=14374 ack_sample=0 fast_bytes=16214 slow_bytes=170 batches=852 queries=938
t=9928958 read event=748 count=16384 submitted=12255232 read_us=253 tx_us=14625 ack_sample=0 fast_bytes=16374 slow_bytes=10 batches=958 queries=964
t=9940317 read event=749 count=16384 submitted=12271616 read_us=263 tx_us=10991 ack_sample=0 fast_bytes=16226 slow_bytes=158 batches=569 queries=649
t=9956886 read event=750 count=16384 submitted=12288000 read_us=254 tx_us=16284 ack_sample=0 fast_bytes=16360 slow_bytes=24 batches=1092 queries=1105
t=9966920 read event=751 count=16384 submitted=12304384 read_us=257 tx_us=9747 ack_sample=0 fast_bytes=16382 slow_bytes=2 batches=545 queries=547
t=9982925 read event=752 count=16384 submitted=12320768 read_us=256 tx_us=15718 ack_sample=0 fast_bytes=16210 slow_bytes=174 batches=960 queries=1048
t=9996867 read event=753 count=16384 submitted=12337152 read_us=263 tx_us=13573 ack_sample=0 fast_bytes=16374 slow_bytes=10 batches=868 queries=874
t=10007746 read event=754 count=16384 submitted=12353536 read_us=257 tx_us=10589 ack_sample=0 fast_bytes=16214 slow_bytes=170 batches=528 queries=614
t=10015889 read event=755 count=16384 submitted=12369920 read_us=259 tx_us=7854 ack_sample=0 fast_bytes=16380 slow_bytes=4 batches=383 queries=386
t=10026321 read event=756 count=16384 submitted=12386304 read_us=255 tx_us=10147 ack_sample=0 fast_bytes=16380 slow_bytes=4 batches=579 queries=582
t=10043656 read event=757 count=16384 submitted=12402688 read_us=261 tx_us=16976 ack_sample=0 fast_bytes=16356 slow_bytes=28 batches=1150 queries=1165
t=10051922 read event=758 count=16384 submitted=12419072 read_us=269 tx_us=7965 ack_sample=0 fast_bytes=16384 slow_bytes=0 batches=395 queries=396
t=10066625 read event=759 count=16384 submitted=12435456 read_us=255 tx_us=14416 ack_sample=0 fast_bytes=16366 slow_bytes=18 batches=935 queries=945
t=10079732 read event=760 count=16384 submitted=12451840 read_us=274 tx_us=12801 ack_sample=0 fast_bytes=16366 slow_bytes=18 batches=798 queries=808
t=10088034 read event=761 count=16384 submitted=12468224 read_us=261 tx_us=7935 ack_sample=0 fast_bytes=16382 slow_bytes=2 batches=391 queries=393
t=10104357 read event=762 count=16384 submitted=12484608 read_us=257 tx_us=16020 ack_sample=0 fast_bytes=16372 slow_bytes=12 batches=1077 queries=1084
t=10117085 read event=763 count=16384 submitted=12500992 read_us=261 tx_us=12434 ack_sample=0 fast_bytes=16366 slow_bytes=18 batches=767 queries=777
t=10134546 read event=764 count=16384 submitted=12517376 read_us=259 tx_us=17171 ack_sample=0 fast_bytes=16366 slow_bytes=18 batches=1172 queries=1182
t=10146821 read event=765 count=16384 submitted=12533760 read_us=279 tx_us=11895 ack_sample=0 fast_bytes=16372 slow_bytes=12 batches=724 queries=731
t=10154734 read event=766 count=16384 submitted=12550144 read_us=255 tx_us=7626 ack_sample=0 fast_bytes=16380 slow_bytes=4 batches=362 queries=365
t=10174528 read event=767 count=16384 submitted=12566528 read_us=255 tx_us=19507 ack_sample=0 fast_bytes=16366 slow_bytes=18 batches=1372 queries=1382
t=10184041 read event=768 count=16384 submitted=12582912 read_us=272 tx_us=9209 ack_sample=1 fast_bytes=16378 slow_bytes=6 batches=498 queries=502
t=10184067 profile_ack event=768 words=3 high_reads=6 low_reads=6 high_wait_words=3 low_wait_words=3 high_max_reads=2 low_max_reads=2 uninitialized=0
t=10202230 read event=769 count=16384 submitted=12599296 read_us=264 tx_us=17806 ack_sample=0 fast_bytes=16364 slow_bytes=20 batches=1220 queries=1231
t=10213566 read event=770 count=16384 submitted=12615680 read_us=262 tx_us=11039 ack_sample=0 fast_bytes=16370 slow_bytes=14 batches=650 queries=658
t=10221477 read event=771 count=16384 submitted=12632064 read_us=272 tx_us=7607 ack_sample=0 fast_bytes=16378 slow_bytes=6 batches=361 queries=365
t=10241222 read event=772 count=16384 submitted=12648448 read_us=270 tx_us=19445 ack_sample=0 fast_bytes=16354 slow_bytes=30 batches=1360 queries=1376
t=10250854 read event=773 count=16384 submitted=12664832 read_us=262 tx_us=9268 ack_sample=0 fast_bytes=16376 slow_bytes=8 batches=501 queries=506
t=10269041 read event=774 count=16384 submitted=12681216 read_us=256 tx_us=17899 ack_sample=0 fast_bytes=16360 slow_bytes=24 batches=1230 queries=1243
t=10280229 read event=775 count=16384 submitted=12697600 read_us=256 tx_us=10900 ack_sample=0 fast_bytes=16366 slow_bytes=18 batches=636 queries=646
t=10288601 read event=776 count=16384 submitted=12713984 read_us=255 tx_us=8086 ack_sample=0 fast_bytes=16378 slow_bytes=6 batches=402 queries=406
t=10307854 read event=777 count=16384 submitted=12730368 read_us=273 tx_us=18876 ack_sample=0 fast_bytes=16346 slow_bytes=38 batches=1307 queries=1327
t=10316215 read event=778 count=16384 submitted=12746752 read_us=256 tx_us=8075 ack_sample=0 fast_bytes=16384 slow_bytes=0 batches=404 queries=405
t=10325982 read event=779 count=16384 submitted=12763136 read_us=258 tx_us=9478 ack_sample=0 fast_bytes=16372 slow_bytes=12 batches=517 queries=524
t=10344089 read event=780 count=16384 submitted=12779520 read_us=255 tx_us=17821 ack_sample=0 fast_bytes=16362 slow_bytes=22 batches=1225 queries=1237
t=10354280 read event=781 count=16384 submitted=12795904 read_us=267 tx_us=9809 ack_sample=0 fast_bytes=16376 slow_bytes=8 batches=547 queries=552
t=10374681 read event=782 count=16384 submitted=12812288 read_us=259 tx_us=20108 ack_sample=0 fast_bytes=16350 slow_bytes=34 batches=1415 queries=1433
t=10382920 read event=783 count=16384 submitted=12828672 read_us=266 tx_us=7942 ack_sample=0 fast_bytes=16384 slow_bytes=0 batches=393 queries=394
t=10392709 read event=784 count=16384 submitted=12845056 read_us=256 tx_us=9502 ack_sample=0 fast_bytes=16380 slow_bytes=4 batches=524 queries=527
t=10411359 read event=785 count=16384 submitted=12861440 read_us=260 tx_us=18276 ack_sample=0 fast_bytes=16366 slow_bytes=18 batches=1262 queries=1272
t=10421032 read event=786 count=16384 submitted=12877824 read_us=264 tx_us=9376 ack_sample=0 fast_bytes=16384 slow_bytes=0 batches=515 queries=516
t=10441589 read event=787 count=16384 submitted=12894208 read_us=256 tx_us=20269 ack_sample=0 fast_bytes=16334 slow_bytes=50 batches=1420 queries=1446
t=10450092 read event=788 count=16384 submitted=12910592 read_us=269 tx_us=8204 ack_sample=0 fast_bytes=16378 slow_bytes=6 batches=412 queries=416
t=10460133 read event=789 count=16384 submitted=12926976 read_us=267 tx_us=9653 ack_sample=0 fast_bytes=16376 slow_bytes=8 batches=533 queries=538
t=10478140 read event=790 count=16384 submitted=12943360 read_us=271 tx_us=17697 ack_sample=0 fast_bytes=16354 slow_bytes=30 batches=1210 queries=1226
t=10488245 read event=791 count=16384 submitted=12959744 read_us=261 tx_us=9810 ack_sample=0 fast_bytes=16380 slow_bytes=4 batches=550 queries=553
t=10508607 read event=792 count=16384 submitted=12976128 read_us=259 tx_us=20073 ack_sample=0 fast_bytes=16172 slow_bytes=212 batches=1317 queries=1424
t=10517118 read event=793 count=16384 submitted=12992512 read_us=261 tx_us=8122 ack_sample=0 fast_bytes=16378 slow_bytes=6 batches=405 queries=409
t=10527782 read event=794 count=16384 submitted=13008896 read_us=257 tx_us=10376 ack_sample=0 fast_bytes=16376 slow_bytes=8 batches=596 queries=601
t=10545560 read event=795 count=16384 submitted=13025280 read_us=258 tx_us=17488 ack_sample=0 fast_bytes=16352 slow_bytes=32 batches=1192 queries=1209
t=10555433 read event=796 count=16384 submitted=13041664 read_us=270 tx_us=9572 ack_sample=0 fast_bytes=16380 slow_bytes=4 batches=529 queries=532
t=10575531 read event=797 count=16384 submitted=13058048 read_us=277 tx_us=19722 ack_sample=0 fast_bytes=16160 slow_bytes=224 batches=1281 queries=1394
t=10584022 read event=798 count=16384 submitted=13074432 read_us=274 tx_us=8186 ack_sample=0 fast_bytes=16384 slow_bytes=0 batches=414 queries=415
t=10594761 read event=799 count=16384 submitted=13090816 read_us=270 tx_us=10435 ack_sample=0 fast_bytes=16372 slow_bytes=12 batches=599 queries=606
t=10612620 read event=800 count=16384 submitted=13107200 read_us=269 tx_us=17555 ack_sample=0 fast_bytes=16362 slow_bytes=22 batches=1198 queries=1210
t=10622670 read event=801 count=16384 submitted=13123584 read_us=271 tx_us=9649 ack_sample=0 fast_bytes=16372 slow_bytes=12 batches=532 queries=539
t=10642402 read event=802 count=16384 submitted=13139968 read_us=269 tx_us=19428 ack_sample=0 fast_bytes=16170 slow_bytes=214 batches=1261 queries=1369
t=10650961 read event=803 count=16384 submitted=13156352 read_us=262 tx_us=8266 ack_sample=0 fast_bytes=16378 slow_bytes=6 batches=417 queries=421
t=10661857 read event=804 count=16384 submitted=13172736 read_us=256 tx_us=10610 ack_sample=0 fast_bytes=16372 slow_bytes=12 batches=613 queries=620
t=10679493 read event=805 count=16384 submitted=13189120 read_us=269 tx_us=17263 ack_sample=0 fast_bytes=16370 slow_bytes=14 batches=1182 queries=1190
t=10689634 read event=806 count=16384 submitted=13205504 read_us=271 tx_us=9838 ack_sample=0 fast_bytes=16374 slow_bytes=10 batches=550 queries=556
t=10709667 read event=807 count=16384 submitted=13221888 read_us=269 tx_us=19733 ack_sample=0 fast_bytes=16220 slow_bytes=164 batches=1314 queries=1397
t=10717792 read event=808 count=16384 submitted=13238272 read_us=265 tx_us=7829 ack_sample=0 fast_bytes=16382 slow_bytes=2 batches=382 queries=384
t=10729120 read event=809 count=16384 submitted=13254656 read_us=261 tx_us=10959 ack_sample=0 fast_bytes=16372 slow_bytes=12 batches=644 queries=651
t=10746293 read event=810 count=16384 submitted=13271040 read_us=258 tx_us=16884 ack_sample=0 fast_bytes=16358 slow_bytes=26 batches=1143 queries=1157
t=10756600 read event=811 count=16384 submitted=13287424 read_us=257 tx_us=10018 ack_sample=0 fast_bytes=16382 slow_bytes=2 batches=568 queries=570
t=10776590 read event=812 count=16384 submitted=13303808 read_us=273 tx_us=19686 ack_sample=0 fast_bytes=16250 slow_bytes=134 batches=1326 queries=1394
t=10784545 read event=813 count=16384 submitted=13320192 read_us=275 tx_us=7578 ack_sample=0 fast_bytes=16382 slow_bytes=2 batches=361 queries=363
t=10795880 read event=814 count=16384 submitted=13336576 read_us=270 tx_us=11034 ack_sample=0 fast_bytes=16374 slow_bytes=10 batches=652 queries=658
t=10813034 read event=815 count=16384 submitted=13352960 read_us=257 tx_us=16867 ack_sample=0 fast_bytes=16364 slow_bytes=20 batches=1140 queries=1151
t=10823160 read event=816 count=16384 submitted=13369344 read_us=263 tx_us=9814 ack_sample=0 fast_bytes=16380 slow_bytes=4 batches=550 queries=553
t=10843030 read event=817 count=16384 submitted=13385728 read_us=264 tx_us=19495 ack_sample=0 fast_bytes=16274 slow_bytes=110 batches=1319 queries=1375
t=10851252 read event=818 count=16384 submitted=13402112 read_us=260 tx_us=7926 ack_sample=0 fast_bytes=16382 slow_bytes=2 batches=390 queries=392
t=10861950 read event=819 count=16384 submitted=13418496 read_us=262 tx_us=10404 ack_sample=0 fast_bytes=16374 slow_bytes=10 batches=596 queries=602
t=10879698 read event=820 count=16384 submitted=13434880 read_us=258 tx_us=17458 ack_sample=0 fast_bytes=16364 slow_bytes=20 batches=1196 queries=1207
t=10889412 read event=821 count=16384 submitted=13451264 read_us=266 tx_us=9322 ack_sample=0 fast_bytes=16378 slow_bytes=6 batches=507 queries=511
t=10909299 read event=822 count=16384 submitted=13467648 read_us=256 tx_us=19599 ack_sample=0 fast_bytes=16326 slow_bytes=58 batches=1358 queries=1388
t=10917763 read event=823 count=16384 submitted=13484032 read_us=259 tx_us=8175 ack_sample=0 fast_bytes=16380 slow_bytes=4 batches=410 queries=413
t=10928431 read event=824 count=16384 submitted=13500416 read_us=256 tx_us=10381 ack_sample=0 fast_bytes=16372 slow_bytes=12 batches=595 queries=602
t=10946147 read event=825 count=16384 submitted=13516800 read_us=278 tx_us=17334 ack_sample=0 fast_bytes=16364 slow_bytes=20 batches=1185 queries=1196
t=10955847 read event=826 count=16384 submitted=13533184 read_us=256 tx_us=9411 ack_sample=0 fast_bytes=16380 slow_bytes=4 batches=515 queries=518
t=10975860 read event=827 count=16384 submitted=13549568 read_us=259 tx_us=19723 ack_sample=0 fast_bytes=16348 slow_bytes=36 batches=1380 queries=1399
t=10984323 read event=828 count=16384 submitted=13565952 read_us=255 tx_us=8179 ack_sample=0 fast_bytes=16382 slow_bytes=2 batches=412 queries=414
t=10994227 read event=829 count=16384 submitted=13582336 read_us=261 tx_us=9543 ack_sample=0 fast_bytes=16378 slow_bytes=6 batches=526 queries=530
t=11012208 read event=830 count=16384 submitted=13598720 read_us=254 tx_us=17694 ack_sample=0 fast_bytes=16354 slow_bytes=30 batches=1210 queries=1226
t=11022255 read event=831 count=16384 submitted=13615104 read_us=256 tx_us=9759 ack_sample=0 fast_bytes=16378 slow_bytes=6 batches=540 queries=544
t=11042343 read event=832 count=16384 submitted=13631488 read_us=258 tx_us=19797 ack_sample=1 fast_bytes=16348 slow_bytes=36 batches=1387 queries=1406
t=11042369 profile_ack event=832 words=18 high_reads=36 low_reads=36 high_wait_words=18 low_wait_words=18 high_max_reads=2 low_max_reads=2 uninitialized=0
t=11050743 read event=833 count=16384 submitted=13647872 read_us=282 tx_us=7993 ack_sample=0 fast_bytes=16382 slow_bytes=2 batches=396 queries=398
t=11060214 read event=834 count=16384 submitted=13664256 read_us=254 tx_us=9184 ack_sample=0 fast_bytes=16370 slow_bytes=14 batches=490 queries=498
t=11078673 read event=835 count=16384 submitted=13680640 read_us=257 tx_us=18170 ack_sample=0 fast_bytes=16358 slow_bytes=26 batches=1253 queries=1267
t=11088193 read event=836 count=16384 submitted=13697024 read_us=267 tx_us=9222 ack_sample=0 fast_bytes=16382 slow_bytes=2 batches=501 queries=503
t=11108810 read event=837 count=16384 submitted=13713408 read_us=262 tx_us=20258 ack_sample=0 fast_bytes=16348 slow_bytes=36 batches=1426 queries=1445
t=11118647 read event=838 count=16384 submitted=13729792 read_us=258 tx_us=9546 ack_sample=0 fast_bytes=16382 slow_bytes=2 batches=529 queries=531
t=11136363 read event=839 count=16384 submitted=13746176 read_us=274 tx_us=17411 ack_sample=0 fast_bytes=16380 slow_bytes=4 batches=1200 queries=1203
t=11148476 read event=840 count=16384 submitted=13762560 read_us=256 tx_us=11826 ack_sample=0 fast_bytes=16056 slow_bytes=328 batches=524 queries=689
t=11156424 read event=841 count=16384 submitted=13778944 read_us=283 tx_us=7557 ack_sample=0 fast_bytes=16380 slow_bytes=4 batches=357 queries=360
t=11175759 read event=842 count=16384 submitted=13795328 read_us=257 tx_us=19031 ack_sample=0 fast_bytes=16346 slow_bytes=38 batches=1321 queries=1341
t=11185699 read event=843 count=16384 submitted=13811712 read_us=264 tx_us=9618 ack_sample=0 fast_bytes=16378 slow_bytes=6 batches=533 queries=537
t=11203358 read event=844 count=16384 submitted=13828096 read_us=256 tx_us=17363 ack_sample=0 fast_bytes=16362 slow_bytes=22 batches=1186 queries=1198
t=11214537 read event=845 count=16384 submitted=13844480 read_us=278 tx_us=10798 ack_sample=0 fast_bytes=16366 slow_bytes=18 batches=628 queries=638
t=11222848 read event=846 count=16384 submitted=13860864 read_us=278 tx_us=8000 ack_sample=0 fast_bytes=16384 slow_bytes=0 batches=398 queries=399
t=11242081 read event=847 count=16384 submitted=13877248 read_us=254 tx_us=18947 ack_sample=0 fast_bytes=16354 slow_bytes=30 batches=1313 queries=1329
t=11252204 read event=848 count=16384 submitted=13893632 read_us=258 tx_us=9820 ack_sample=0 fast_bytes=16380 slow_bytes=4 batches=551 queries=554
t=11269763 read event=849 count=16384 submitted=13910016 read_us=268 tx_us=17186 ack_sample=0 fast_bytes=16356 slow_bytes=28 batches=1166 queries=1181
t=11281121 read event=850 count=16384 submitted=13926400 read_us=257 tx_us=11069 ack_sample=0 fast_bytes=16356 slow_bytes=28 batches=645 queries=660
t=11289477 read event=851 count=16384 submitted=13942784 read_us=256 tx_us=8067 ack_sample=0 fast_bytes=16376 slow_bytes=8 batches=399 queries=404
t=11308685 read event=852 count=16384 submitted=13959168 read_us=265 tx_us=18913 ack_sample=0 fast_bytes=16344 slow_bytes=40 batches=1310 queries=1331
t=11318896 read event=853 count=16384 submitted=13975552 read_us=261 tx_us=9839 ack_sample=0 fast_bytes=16372 slow_bytes=12 batches=548 queries=555
t=11336472 read event=854 count=16384 submitted=13991936 read_us=255 tx_us=17288 ack_sample=0 fast_bytes=16360 slow_bytes=24 batches=1178 queries=1191
t=11348028 read event=855 count=16384 submitted=14008320 read_us=289 tx_us=11230 ack_sample=0 fast_bytes=16254 slow_bytes=130 batches=605 queries=671
t=11356421 read event=856 count=16384 submitted=14024704 read_us=262 tx_us=8100 ack_sample=0 fast_bytes=16384 slow_bytes=0 batches=405 queries=406
t=11375629 read event=857 count=16384 submitted=14041088 read_us=279 tx_us=18820 ack_sample=0 fast_bytes=16360 slow_bytes=24 batches=1310 queries=1323
t=11386409 read event=858 count=16384 submitted=14057472 read_us=274 tx_us=10473 ack_sample=0 fast_bytes=16378 slow_bytes=6 batches=606 queries=610
t=11403615 read event=859 count=16384 submitted=14073856 read_us=257 tx_us=16918 ack_sample=0 fast_bytes=16372 slow_bytes=12 batches=1154 queries=1161
t=11415720 read event=860 count=16384 submitted=14090240 read_us=278 tx_us=11795 ack_sample=0 fast_bytes=16124 slow_bytes=260 batches=584 queries=715
t=11424408 read event=861 count=16384 submitted=14106624 read_us=265 tx_us=8311 ack_sample=0 fast_bytes=16380 slow_bytes=4 batches=422 queries=425
t=11443124 read event=862 count=16384 submitted=14123008 read_us=256 tx_us=18427 ack_sample=0 fast_bytes=16354 slow_bytes=30 batches=1268 queries=1284
t=11454251 read event=863 count=16384 submitted=14139392 read_us=261 tx_us=10834 ack_sample=0 fast_bytes=16372 slow_bytes=12 batches=632 queries=639
t=11473197 read event=864 count=16384 submitted=14155776 read_us=266 tx_us=18648 ack_sample=0 fast_bytes=16244 slow_bytes=140 batches=1233 queries=1304
t=11483421 read event=865 count=16384 submitted=14172160 read_us=268 tx_us=9837 ack_sample=0 fast_bytes=16376 slow_bytes=8 batches=550 queries=555
t=11491803 read event=866 count=16384 submitted=14188544 read_us=258 tx_us=8092 ack_sample=0 fast_bytes=16384 slow_bytes=0 batches=405 queries=406
t=11509789 read event=867 count=16384 submitted=14204928 read_us=258 tx_us=17696 ack_sample=0 fast_bytes=16366 slow_bytes=18 batches=1217 queries=1227
t=11520620 read event=868 count=16384 submitted=14221312 read_us=257 tx_us=10544 ack_sample=0 fast_bytes=16380 slow_bytes=4 batches=613 queries=616
t=11535860 read event=869 count=16384 submitted=14237696 read_us=264 tx_us=14865 ack_sample=0 fast_bytes=16372 slow_bytes=12 batches=976 queries=983
t=11549769 read event=870 count=16384 submitted=14254080 read_us=273 tx_us=13582 ack_sample=0 fast_bytes=16368 slow_bytes=16 batches=866 queries=875
t=11558336 read event=871 count=16384 submitted=14270464 read_us=265 tx_us=8267 ack_sample=0 fast_bytes=16384 slow_bytes=0 batches=419 queries=420
t=11571930 read event=872 count=16384 submitted=14286848 read_us=259 tx_us=13305 ack_sample=0 fast_bytes=16378 slow_bytes=6 batches=847 queries=851
t=11583037 read event=873 count=16384 submitted=14303232 read_us=266 tx_us=10733 ack_sample=0 fast_bytes=16374 slow_bytes=10 batches=625 queries=631
t=11590401 read event=874 count=16384 submitted=14319616 read_us=255 tx_us=7076 ack_sample=0 fast_bytes=16384 slow_bytes=0 batches=318 queries=319
t=11598702 read event=875 count=16384 submitted=14336000 read_us=259 tx_us=8011 ack_sample=0 fast_bytes=16384 slow_bytes=0 batches=398 queries=399
t=11607400 read event=876 count=16384 submitted=14352384 read_us=254 tx_us=8406 ack_sample=0 fast_bytes=16384 slow_bytes=0 batches=432 queries=433
t=11607427 profile_poll polls=384 elapsed_us=35394 interval_us=51321 chunks=4
t=11618307 read event=877 count=16384 submitted=14368768 read_us=322 tx_us=10329 ack_sample=0 fast_bytes=16374 slow_bytes=10 batches=588 queries=594
t=11625346 read event=878 count=16384 submitted=14385152 read_us=271 tx_us=6725 ack_sample=0 fast_bytes=16384 slow_bytes=0 batches=288 queries=289
t=11632434 read event=879 count=16384 submitted=14401536 read_us=262 tx_us=6794 ack_sample=0 fast_bytes=16384 slow_bytes=0 batches=294 queries=295
t=11639733 read event=880 count=16384 submitted=14417920 read_us=276 tx_us=6991 ack_sample=0 fast_bytes=16384 slow_bytes=0 batches=311 queries=312
t=11647681 read event=881 count=16384 submitted=14434304 read_us=266 tx_us=7572 ack_sample=0 fast_bytes=16384 slow_bytes=0 batches=356 queries=357
t=11663308 read event=882 count=16384 submitted=14450688 read_us=262 tx_us=15319 ack_sample=0 fast_bytes=16370 slow_bytes=14 batches=1014 queries=1022
t=11676086 read event=883 count=16384 submitted=14467072 read_us=261 tx_us=12485 ack_sample=0 fast_bytes=16384 slow_bytes=0 batches=780 queries=781
t=11692217 read event=884 count=16384 submitted=14483456 read_us=254 tx_us=15845 ack_sample=0 fast_bytes=16366 slow_bytes=18 batches=1058 queries=1068
t=11704058 read event=885 count=16384 submitted=14499840 read_us=262 tx_us=11476 ack_sample=0 fast_bytes=16384 slow_bytes=0 batches=694 queries=695
t=11719528 read event=886 count=16384 submitted=14516224 read_us=259 tx_us=15178 ack_sample=0 fast_bytes=16362 slow_bytes=22 batches=999 queries=1011
t=11731290 read event=887 count=16384 submitted=14532608 read_us=274 tx_us=11459 ack_sample=0 fast_bytes=16384 slow_bytes=0 batches=693 queries=694
t=11743432 read event=888 count=16384 submitted=14548992 read_us=253 tx_us=11860 ack_sample=0 fast_bytes=16384 slow_bytes=0 batches=727 queries=728
t=11758684 read event=889 count=16384 submitted=14565376 read_us=277 tx_us=14870 ack_sample=0 fast_bytes=16370 slow_bytes=14 batches=976 queries=984
t=11770796 read event=890 count=16384 submitted=14581760 read_us=259 tx_us=11810 ack_sample=0 fast_bytes=16384 slow_bytes=0 batches=723 queries=724
t=11786249 read event=891 count=16384 submitted=14598144 read_us=258 tx_us=15165 ack_sample=0 fast_bytes=16368 slow_bytes=16 batches=1001 queries=1010
t=11798417 read event=892 count=16384 submitted=14614528 read_us=254 tx_us=11884 ack_sample=0 fast_bytes=16384 slow_bytes=0 batches=729 queries=730
t=11810891 read event=893 count=16384 submitted=14630912 read_us=277 tx_us=12099 ack_sample=0 fast_bytes=16384 slow_bytes=0 batches=744 queries=745
t=11826170 read event=894 count=16384 submitted=14647296 read_us=255 tx_us=14990 ack_sample=0 fast_bytes=16368 slow_bytes=16 batches=986 queries=995
t=11838695 read event=895 count=16384 submitted=14663680 read_us=259 tx_us=12235 ack_sample=0 fast_bytes=16384 slow_bytes=0 batches=759 queries=760
t=11854203 read event=896 count=16384 submitted=14680064 read_us=254 tx_us=15215 ack_sample=1 fast_bytes=16366 slow_bytes=18 batches=999 queries=1009
t=11854245 profile_ack event=896 words=9 high_reads=18 low_reads=18 high_wait_words=9 low_wait_words=9 high_max_reads=2 low_max_reads=2 uninitialized=0
t=11866690 read event=897 count=16384 submitted=14696448 read_us=270 tx_us=12071 ack_sample=0 fast_bytes=16384 slow_bytes=0 batches=745 queries=746
t=11879424 read event=898 count=16384 submitted=14712832 read_us=273 tx_us=12418 ack_sample=0 fast_bytes=16384 slow_bytes=0 batches=775 queries=776
t=11894671 read event=899 count=16384 submitted=14729216 read_us=278 tx_us=14934 ack_sample=0 fast_bytes=16368 slow_bytes=16 batches=982 queries=991
t=11907554 read event=900 count=16384 submitted=14745600 read_us=269 tx_us=12584 ack_sample=0 fast_bytes=16384 slow_bytes=0 batches=789 queries=790
t=11923071 read event=901 count=16384 submitted=14761984 read_us=284 tx_us=15129 ack_sample=0 fast_bytes=16368 slow_bytes=16 batches=998 queries=1007
t=11936009 read event=902 count=16384 submitted=14778368 read_us=257 tx_us=12646 ack_sample=0 fast_bytes=16384 slow_bytes=0 batches=794 queries=795
t=11952056 read event=903 count=16384 submitted=14794752 read_us=258 tx_us=15758 ack_sample=0 fast_bytes=16370 slow_bytes=14 batches=1053 queries=1061
t=11964955 read event=904 count=16384 submitted=14811136 read_us=254 tx_us=12614 ack_sample=0 fast_bytes=16384 slow_bytes=0 batches=790 queries=791
t=11978312 read event=905 count=16384 submitted=14827520 read_us=264 tx_us=12975 ack_sample=0 fast_bytes=16384 slow_bytes=0 batches=822 queries=823
t=11994116 read event=906 count=16384 submitted=14843904 read_us=256 tx_us=15514 ack_sample=0 fast_bytes=16376 slow_bytes=8 batches=1035 queries=1040
t=12007949 read event=907 count=16384 submitted=14860288 read_us=274 tx_us=13529 ack_sample=0 fast_bytes=16384 slow_bytes=0 batches=869 queries=870
t=12024002 read event=908 count=16384 submitted=14876672 read_us=256 tx_us=15767 ack_sample=0 fast_bytes=16372 slow_bytes=12 batches=1054 queries=1061
t=12038199 read event=909 count=16384 submitted=14893056 read_us=266 tx_us=13831 ack_sample=0 fast_bytes=16384 slow_bytes=0 batches=895 queries=896
t=12054649 read event=910 count=16384 submitted=14909440 read_us=260 tx_us=16158 ack_sample=0 fast_bytes=16362 slow_bytes=22 batches=1082 queries=1094
t=12069322 read event=911 count=16384 submitted=14925824 read_us=272 tx_us=14370 ack_sample=0 fast_bytes=16384 slow_bytes=0 batches=937 queries=938
t=12086142 read event=912 count=16384 submitted=14942208 read_us=261 tx_us=16526 ack_sample=0 fast_bytes=16368 slow_bytes=16 batches=1117 queries=1126
t=12101443 read event=913 count=16384 submitted=14958592 read_us=264 tx_us=14930 ack_sample=0 fast_bytes=16384 slow_bytes=0 batches=989 queries=990
t=12118757 read event=914 count=16384 submitted=14974976 read_us=275 tx_us=17008 ack_sample=0 fast_bytes=16370 slow_bytes=14 batches=1160 queries=1168
t=12134746 read event=915 count=16384 submitted=14991360 read_us=254 tx_us=15703 ack_sample=0 fast_bytes=16384 slow_bytes=0 batches=1055 queries=1056
t=12151895 read event=916 count=16384 submitted=15007744 read_us=262 tx_us=16854 ack_sample=0 fast_bytes=16370 slow_bytes=14 batches=1147 queries=1155
t=12167633 read event=917 count=16384 submitted=15024128 read_us=265 tx_us=15372 ack_sample=0 fast_bytes=16384 slow_bytes=0 batches=1026 queries=1027
t=12184637 read event=918 count=16384 submitted=15040512 read_us=279 tx_us=16692 ack_sample=0 fast_bytes=16188 slow_bytes=196 batches=1036 queries=1135
t=12200027 read event=919 count=16384 submitted=15056896 read_us=272 tx_us=15087 ack_sample=0 fast_bytes=16384 slow_bytes=0 batches=1003 queries=1004
t=12217434 read event=920 count=16384 submitted=15073280 read_us=254 tx_us=17122 ack_sample=0 fast_bytes=16062 slow_bytes=322 batches=931 queries=1093
t=12232047 read event=921 count=16384 submitted=15089664 read_us=279 tx_us=14228 ack_sample=0 fast_bytes=16384 slow_bytes=0 batches=929 queries=930
t=12248386 read event=922 count=16384 submitted=15106048 read_us=258 tx_us=16047 ack_sample=0 fast_bytes=16076 slow_bytes=308 batches=873 queries=1028
t=12261872 read event=923 count=16384 submitted=15122432 read_us=255 tx_us=13200 ack_sample=0 fast_bytes=16384 slow_bytes=0 batches=840 queries=841
t=12277556 read event=924 count=16384 submitted=15138816 read_us=258 tx_us=15378 ack_sample=0 fast_bytes=16064 slow_bytes=320 batches=849 queries=1010
t=12290784 read event=925 count=16384 submitted=15155200 read_us=281 tx_us=12840 ack_sample=0 fast_bytes=16384 slow_bytes=0 batches=810 queries=811
t=12303706 read event=926 count=16384 submitted=15171584 read_us=257 tx_us=12632 ack_sample=0 fast_bytes=16384 slow_bytes=0 batches=793 queries=794
t=12318775 read event=927 count=16384 submitted=15187968 read_us=266 tx_us=14761 ack_sample=0 fast_bytes=16062 slow_bytes=322 batches=794 queries=956
t=12331280 read event=928 count=16384 submitted=15204352 read_us=261 tx_us=12211 ack_sample=0 fast_bytes=16384 slow_bytes=0 batches=757 queries=758
t=12345531 read event=929 count=16384 submitted=15220736 read_us=267 tx_us=13873 ack_sample=0 fast_bytes=16368 slow_bytes=16 batches=890 queries=899
t=12357824 read event=930 count=16384 submitted=15237120 read_us=276 tx_us=11982 ack_sample=0 fast_bytes=16382 slow_bytes=2 batches=734 queries=736
t=12369774 read event=931 count=16384 submitted=15253504 read_us=256 tx_us=11663 ack_sample=0 fast_bytes=16384 slow_bytes=0 batches=710 queries=711
t=12383963 read event=932 count=16384 submitted=15269888 read_us=258 tx_us=13901 ack_sample=0 fast_bytes=16372 slow_bytes=12 batches=895 queries=902
t=12396846 read event=933 count=16384 submitted=15286272 read_us=265 tx_us=12519 ack_sample=0 fast_bytes=16384 slow_bytes=0 batches=783 queries=784
t=12411019 read event=934 count=16384 submitted=15302656 read_us=257 tx_us=13882 ack_sample=0 fast_bytes=16372 slow_bytes=12 batches=893 queries=900
t=12423656 read event=935 count=16384 submitted=15319040 read_us=255 tx_us=12350 ack_sample=0 fast_bytes=16384 slow_bytes=0 batches=769 queries=770
t=12435744 read event=936 count=16384 submitted=15335424 read_us=270 tx_us=11790 ack_sample=0 fast_bytes=16384 slow_bytes=0 batches=721 queries=722
t=12450272 read event=937 count=16384 submitted=15351808 read_us=263 tx_us=14157 ack_sample=0 fast_bytes=16374 slow_bytes=10 batches=918 queries=924
t=12463595 read event=938 count=16384 submitted=15368192 read_us=259 tx_us=13031 ack_sample=0 fast_bytes=16384 slow_bytes=0 batches=822 queries=823
t=12477970 read event=939 count=16384 submitted=15384576 read_us=304 tx_us=14025 ack_sample=0 fast_bytes=16262 slow_bytes=122 batches=842 queries=904
t=12489610 read event=940 count=16384 submitted=15400960 read_us=266 tx_us=11337 ack_sample=0 fast_bytes=16384 slow_bytes=0 batches=682 queries=683
t=12500767 read event=941 count=16384 submitted=15417344 read_us=274 tx_us=10740 ack_sample=0 fast_bytes=16384 slow_bytes=0 batches=631 queries=632
t=12514768 read event=942 count=16384 submitted=15433728 read_us=260 tx_us=13708 ack_sample=0 fast_bytes=16368 slow_bytes=16 batches=876 queries=885
t=12529396 read event=943 count=16384 submitted=15450112 read_us=258 tx_us=14339 ack_sample=0 fast_bytes=16384 slow_bytes=0 batches=939 queries=940
t=12544581 read event=944 count=16384 submitted=15466496 read_us=255 tx_us=14899 ack_sample=0 fast_bytes=16330 slow_bytes=54 batches=958 queries=986
t=12556751 read event=945 count=16384 submitted=15482880 read_us=277 tx_us=11784 ack_sample=0 fast_bytes=16384 slow_bytes=0 batches=719 queries=720
t=12568736 read event=946 count=16384 submitted=15499264 read_us=260 tx_us=11692 ack_sample=0 fast_bytes=16384 slow_bytes=0 batches=712 queries=713
t=12582452 read event=947 count=16384 submitted=15515648 read_us=254 tx_us=13430 ack_sample=0 fast_bytes=16370 slow_bytes=14 batches=854 queries=862
t=12595033 read event=948 count=16384 submitted=15532032 read_us=273 tx_us=12279 ack_sample=0 fast_bytes=16384 slow_bytes=0 batches=763 queries=764
t=12609448 read event=949 count=16384 submitted=15548416 read_us=261 tx_us=14053 ack_sample=0 fast_bytes=16372 slow_bytes=12 batches=908 queries=915
t=12617278 read event=950 count=16384 submitted=15564800 read_us=277 tx_us=7520 ack_sample=0 fast_bytes=16384 slow_bytes=0 batches=356 queries=357
t=12625353 read event=951 count=16384 submitted=15581184 read_us=258 tx_us=7770 ack_sample=0 fast_bytes=16384 slow_bytes=0 batches=377 queries=378
t=12633341 read event=952 count=16384 submitted=15597568 read_us=257 tx_us=7699 ack_sample=0 fast_bytes=16384 slow_bytes=0 batches=371 queries=372
t=12641311 read event=953 count=16384 submitted=15613952 read_us=261 tx_us=7610 ack_sample=0 fast_bytes=16384 slow_bytes=0 batches=363 queries=364
t=12667122 read event=954 count=16384 submitted=15630336 read_us=267 tx_us=25506 ack_sample=0 fast_bytes=16346 slow_bytes=38 batches=1872 queries=1892
t=12693304 read event=955 count=16384 submitted=15646720 read_us=263 tx_us=25886 ack_sample=0 fast_bytes=16342 slow_bytes=42 batches=1900 queries=1922
t=12710209 read event=956 count=16384 submitted=15663104 read_us=260 tx_us=16613 ack_sample=0 fast_bytes=16056 slow_bytes=328 batches=868 queries=1033
t=12727478 read event=957 count=16384 submitted=15679488 read_us=267 tx_us=16886 ack_sample=0 fast_bytes=16362 slow_bytes=22 batches=1145 queries=1157
t=12737390 read event=958 count=16384 submitted=15695872 read_us=273 tx_us=9606 ack_sample=0 fast_bytes=16374 slow_bytes=10 batches=530 queries=536
t=12757417 read event=959 count=16384 submitted=15712256 read_us=256 tx_us=19740 ack_sample=0 fast_bytes=16032 slow_bytes=352 batches=1186 queries=1363
t=12766468 read event=960 count=16384 submitted=15728640 read_us=254 tx_us=8766 ack_sample=1 fast_bytes=16384 slow_bytes=0 batches=463 queries=464
t=12766492 profile_ack event=960 words=0 high_reads=0 low_reads=0 high_wait_words=0 low_wait_words=0 high_max_reads=0 low_max_reads=0 uninitialized=0
t=12781920 read event=961 count=16384 submitted=15745024 read_us=281 tx_us=15058 ack_sample=0 fast_bytes=16328 slow_bytes=56 batches=971 queries=1000
t=12794210 read event=962 count=16384 submitted=15761408 read_us=256 tx_us=12003 ack_sample=0 fast_bytes=16372 slow_bytes=12 batches=733 queries=740
t=12802924 read event=963 count=16384 submitted=15777792 read_us=254 tx_us=8429 ack_sample=0 fast_bytes=16384 slow_bytes=0 batches=434 queries=435
t=12818540 read event=964 count=16384 submitted=15794176 read_us=257 tx_us=15330 ack_sample=0 fast_bytes=16354 slow_bytes=30 batches=1008 queries=1024
t=12829201 read event=965 count=16384 submitted=15810560 read_us=281 tx_us=10273 ack_sample=0 fast_bytes=16382 slow_bytes=2 batches=587 queries=589
t=12837345 read event=966 count=16384 submitted=15826944 read_us=260 tx_us=7848 ack_sample=0 fast_bytes=16382 slow_bytes=2 batches=383 queries=385
t=12851381 read event=967 count=16384 submitted=15843328 read_us=275 tx_us=13730 ack_sample=0 fast_bytes=16356 slow_bytes=28 batches=872 queries=887
t=12862155 read event=968 count=16384 submitted=15859712 read_us=260 tx_us=10483 ack_sample=0 fast_bytes=16382 slow_bytes=2 batches=607 queries=609
t=12870403 read event=969 count=16384 submitted=15876096 read_us=269 tx_us=7881 ack_sample=0 fast_bytes=16384 slow_bytes=0 batches=387 queries=388
t=12883118 read event=970 count=16384 submitted=15892480 read_us=258 tx_us=12426 ack_sample=0 fast_bytes=16368 slow_bytes=16 batches=767 queries=776
t=12895760 read event=971 count=16384 submitted=15908864 read_us=256 tx_us=12355 ack_sample=0 fast_bytes=16368 slow_bytes=16 batches=756 queries=765
t=12905437 read event=972 count=16384 submitted=15925248 read_us=260 tx_us=9384 ack_sample=0 fast_bytes=16384 slow_bytes=0 batches=516 queries=517
t=12918816 read event=973 count=16384 submitted=15941632 read_us=279 tx_us=12999 ack_sample=0 fast_bytes=16368 slow_bytes=16 batches=816 queries=825
t=12930379 read event=974 count=16384 submitted=15958016 read_us=258 tx_us=11273 ack_sample=0 fast_bytes=16376 slow_bytes=8 batches=673 queries=678
t=12940244 read event=975 count=16384 submitted=15974400 read_us=256 tx_us=9577 ack_sample=0 fast_bytes=16384 slow_bytes=0 batches=532 queries=533
t=12954098 read event=976 count=16384 submitted=15990784 read_us=257 tx_us=13567 ack_sample=0 fast_bytes=16352 slow_bytes=32 batches=855 queries=872
t=12966699 read event=977 count=16384 submitted=16007168 read_us=264 tx_us=12231 ack_sample=0 fast_bytes=16368 slow_bytes=16 batches=750 queries=759
t=12977331 read event=978 count=16384 submitted=16023552 read_us=258 tx_us=10316 ack_sample=0 fast_bytes=16380 slow_bytes=4 batches=593 queries=596
t=12992297 read event=979 count=16384 submitted=16039936 read_us=254 tx_us=14680 ack_sample=0 fast_bytes=16352 slow_bytes=32 batches=951 queries=968
t=13004461 read event=980 count=16384 submitted=16056320 read_us=254 tx_us=11878 ack_sample=0 fast_bytes=16374 slow_bytes=10 batches=723 queries=729
t=13018996 read event=981 count=16384 submitted=16072704 read_us=280 tx_us=14141 ack_sample=0 fast_bytes=16358 slow_bytes=26 batches=908 queries=922
t=13034045 read event=982 count=16384 submitted=16089088 read_us=256 tx_us=14760 ack_sample=0 fast_bytes=16362 slow_bytes=22 batches=963 queries=975
t=13049878 read event=983 count=16384 submitted=16105472 read_us=257 tx_us=15546 ack_sample=0 fast_bytes=16366 slow_bytes=18 batches=1032 queries=1042
t=13064983 read event=984 count=16384 submitted=16121856 read_us=257 tx_us=14818 ack_sample=0 fast_bytes=16372 slow_bytes=12 batches=972 queries=979
t=13081262 read event=985 count=16384 submitted=16138240 read_us=262 tx_us=15908 ack_sample=0 fast_bytes=16362 slow_bytes=22 batches=1061 queries=1073
t=13093603 read event=986 count=16384 submitted=16154624 read_us=258 tx_us=12051 ack_sample=0 fast_bytes=16370 slow_bytes=14 batches=736 queries=744
t=13112098 read event=987 count=16384 submitted=16171008 read_us=276 tx_us=18187 ack_sample=0 fast_bytes=16346 slow_bytes=38 batches=1243 queries=1263
t=13123790 read event=988 count=16384 submitted=16187392 read_us=260 tx_us=11399 ack_sample=0 fast_bytes=16368 slow_bytes=16 batches=679 queries=688
t=13144401 read event=989 count=16384 submitted=16203776 read_us=266 tx_us=20239 ack_sample=0 fast_bytes=16348 slow_bytes=36 batches=1424 queries=1443
t=13157439 read event=990 count=16384 submitted=16220160 read_us=258 tx_us=12748 ack_sample=0 fast_bytes=16366 slow_bytes=18 batches=792 queries=802
t=13177999 read event=991 count=16384 submitted=16236544 read_us=272 tx_us=20256 ack_sample=0 fast_bytes=16064 slow_bytes=320 batches=1241 queries=1402
t=13194207 read event=992 count=16384 submitted=16252928 read_us=254 tx_us=15923 ack_sample=0 fast_bytes=16364 slow_bytes=20 batches=1064 queries=1075
t=13211290 read event=993 count=16384 submitted=16269312 read_us=261 tx_us=16714 ack_sample=0 fast_bytes=16058 slow_bytes=326 batches=892 queries=1056
t=13228532 read event=994 count=16384 submitted=16285696 read_us=256 tx_us=16954 ack_sample=0 fast_bytes=16358 slow_bytes=26 batches=1149 queries=1163
t=13243609 read event=995 count=16384 submitted=16302080 read_us=271 tx_us=14775 ack_sample=0 fast_bytes=16054 slow_bytes=330 batches=756 queries=922
t=13261607 read event=996 count=16384 submitted=16318464 read_us=273 tx_us=17694 ack_sample=0 fast_bytes=16342 slow_bytes=42 batches=1203 queries=1225
t=13277158 read event=997 count=16384 submitted=16334848 read_us=277 tx_us=15175 ack_sample=0 fast_bytes=16056 slow_bytes=328 batches=758 queries=923
t=13296652 read event=998 count=16384 submitted=16351232 read_us=257 tx_us=19206 ack_sample=0 fast_bytes=16358 slow_bytes=26 batches=1342 queries=1356
t=13311164 read event=999 count=16384 submitted=16367616 read_us=264 tx_us=14218 ack_sample=0 fast_bytes=16060 slow_bytes=324 batches=664 queries=827
t=13330339 read event=1000 count=16384 submitted=16384000 read_us=259 tx_us=18884 ack_sample=0 fast_bytes=16352 slow_bytes=32 batches=1311 queries=1328
t=13344892 read event=1001 count=16384 submitted=16400384 read_us=263 tx_us=14181 ack_sample=0 fast_bytes=16062 slow_bytes=322 batches=675 queries=837
t=13362818 read event=1002 count=16384 submitted=16416768 read_us=257 tx_us=17636 ack_sample=0 fast_bytes=16366 slow_bytes=18 batches=1210 queries=1220
t=13376851 read event=1003 count=16384 submitted=16433152 read_us=256 tx_us=13746 ack_sample=0 fast_bytes=16070 slow_bytes=314 batches=675 queries=833
t=13394146 read event=1004 count=16384 submitted=16449536 read_us=256 tx_us=17009 ack_sample=0 fast_bytes=16362 slow_bytes=22 batches=1156 queries=1168
t=13404647 read event=1005 count=16384 submitted=16465920 read_us=263 tx_us=10121 ack_sample=0 fast_bytes=16384 slow_bytes=0 batches=579 queries=580
t=13423825 read event=1006 count=16384 submitted=16482304 read_us=272 tx_us=18873 ack_sample=0 fast_bytes=16022 slow_bytes=362 batches=1104 queries=1286
t=13436210 read event=1007 count=16384 submitted=16498688 read_us=255 tx_us=12100 ack_sample=0 fast_bytes=16382 slow_bytes=2 batches=747 queries=749
t=13451207 read event=1008 count=16384 submitted=16515072 read_us=256 tx_us=14711 ack_sample=0 fast_bytes=16058 slow_bytes=326 batches=796 queries=960
t=13466900 read event=1009 count=16384 submitted=16531456 read_us=262 tx_us=15325 ack_sample=0 fast_bytes=16360 slow_bytes=24 batches=1009 queries=1022
t=13477458 read event=1010 count=16384 submitted=16547840 read_us=268 tx_us=10251 ack_sample=0 fast_bytes=16056 slow_bytes=328 batches=415 queries=580
t=13494273 read event=1011 count=16384 submitted=16564224 read_us=275 tx_us=16508 ack_sample=0 fast_bytes=16362 slow_bytes=22 batches=1114 queries=1126
t=13504467 read event=1012 count=16384 submitted=16580608 read_us=257 tx_us=9906 ack_sample=0 fast_bytes=16384 slow_bytes=0 batches=561 queries=562
t=13520317 read event=1013 count=16384 submitted=16596992 read_us=284 tx_us=15448 ack_sample=0 fast_bytes=16270 slow_bytes=114 batches=969 queries=1027
t=13534186 read event=1014 count=16384 submitted=16613376 read_us=259 tx_us=13575 ack_sample=0 fast_bytes=16374 slow_bytes=10 batches=869 queries=875
t=13543670 read event=1015 count=16384 submitted=16629760 read_us=258 tx_us=9192 ack_sample=0 fast_bytes=16374 slow_bytes=10 batches=495 queries=501
t=13555524 read event=1016 count=16384 submitted=16646144 read_us=267 tx_us=11557 ack_sample=0 fast_bytes=16370 slow_bytes=14 batches=693 queries=701
t=13563593 read event=1017 count=16384 submitted=16662528 read_us=282 tx_us=7679 ack_sample=0 fast_bytes=16376 slow_bytes=8 batches=366 queries=371
t=13572106 read event=1018 count=16384 submitted=16678912 read_us=271 tx_us=8210 ack_sample=0 fast_bytes=16384 slow_bytes=0 batches=416 queries=417
t=13581334 read event=1019 count=16384 submitted=16695296 read_us=257 tx_us=8940 ack_sample=0 fast_bytes=16372 slow_bytes=12 batches=472 queries=479
t=13590859 read event=1020 count=16384 submitted=16711680 read_us=255 tx_us=9241 ack_sample=0 fast_bytes=16376 slow_bytes=8 batches=499 queries=504
t=13604527 read event=1021 count=16384 submitted=16728064 read_us=262 tx_us=13311 ack_sample=0 fast_bytes=16376 slow_bytes=8 batches=847 queries=852
t=13610581 read event=1022 count=16384 submitted=16744448 read_us=272 tx_us=5748 ack_sample=0 fast_bytes=16384 slow_bytes=0 batches=206 queries=207
t=13625176 read event=1023 count=16384 submitted=16760832 read_us=273 tx_us=14290 ack_sample=0 fast_bytes=16362 slow_bytes=22 batches=924 queries=936
t=13639547 read event=1024 count=16384 submitted=16777216 read_us=254 tx_us=14087 ack_sample=1 fast_bytes=16364 slow_bytes=20 batches=908 queries=919
t=13639573 profile_ack event=1024 words=10 high_reads=20 low_reads=20 high_wait_words=10 low_wait_words=10 high_max_reads=2 low_max_reads=2 uninitialized=0
t=13645169 read event=1025 count=16384 submitted=16793600 read_us=279 tx_us=5230 ack_sample=0 fast_bytes=16384 slow_bytes=0 batches=161 queries=162
t=13659652 read event=1026 count=16384 submitted=16809984 read_us=257 tx_us=14191 ack_sample=0 fast_bytes=16354 slow_bytes=30 batches=910 queries=926
t=13672802 read event=1027 count=16384 submitted=16826368 read_us=294 tx_us=12820 ack_sample=0 fast_bytes=16370 slow_bytes=14 batches=802 queries=810
t=13678818 read event=1028 count=16384 submitted=16842752 read_us=259 tx_us=5723 ack_sample=0 fast_bytes=16384 slow_bytes=0 batches=203 queries=204
t=13689008 read event=1029 count=16384 submitted=16859136 read_us=265 tx_us=9815 ack_sample=0 fast_bytes=16368 slow_bytes=16 batches=544 queries=553
t=13698648 read event=1030 count=16384 submitted=16875520 read_us=254 tx_us=9354 ack_sample=0 fast_bytes=16376 slow_bytes=8 batches=509 queries=514
t=13708615 read event=1031 count=16384 submitted=16891904 read_us=279 tx_us=9641 ack_sample=0 fast_bytes=16378 slow_bytes=6 batches=535 queries=539
t=13714399 read event=1032 count=16384 submitted=16908288 read_us=270 tx_us=5483 ack_sample=0 fast_bytes=16384 slow_bytes=0 batches=183 queries=184
t=13719324 read event=1033 count=16384 submitted=16924672 read_us=281 tx_us=4544 ack_sample=0 fast_bytes=16384 slow_bytes=0 batches=103 queries=104
t=13732125 read event=1034 count=16384 submitted=16941056 read_us=255 tx_us=12514 ack_sample=0 fast_bytes=16364 slow_bytes=20 batches=767 queries=778
t=13747385 read event=1035 count=16384 submitted=16957440 read_us=261 tx_us=14964 ack_sample=0 fast_bytes=16358 slow_bytes=26 batches=979 queries=993
t=13754149 read event=1036 count=16384 submitted=16973824 read_us=256 tx_us=6477 ack_sample=0 fast_bytes=16384 slow_bytes=0 batches=266 queries=267
t=13777643 read event=1037 count=16384 submitted=16990208 read_us=267 tx_us=23126 ack_sample=0 fast_bytes=16340 slow_bytes=44 batches=1667 queries=1690
t=13785211 read event=1038 count=16384 submitted=17006592 read_us=272 tx_us=7265 ack_sample=0 fast_bytes=16384 slow_bytes=0 batches=335 queries=336
t=13808074 read event=1039 count=16384 submitted=17022976 read_us=257 tx_us=22577 ack_sample=0 fast_bytes=16332 slow_bytes=52 batches=1616 queries=1643
t=13816274 read event=1040 count=16384 submitted=17039360 read_us=256 tx_us=7913 ack_sample=0 fast_bytes=16384 slow_bytes=0 batches=390 queries=391
t=13832466 read event=1041 count=16384 submitted=17055744 read_us=264 tx_us=15819 ack_sample=0 fast_bytes=16358 slow_bytes=26 batches=1052 queries=1066
t=13847254 read event=1042 count=16384 submitted=17072128 read_us=272 tx_us=14482 ack_sample=0 fast_bytes=16352 slow_bytes=32 batches=935 queries=952
t=13859223 read event=1043 count=16384 submitted=17088512 read_us=256 tx_us=11683 ack_sample=0 fast_bytes=16360 slow_bytes=24 batches=696 queries=709
t=13877663 read event=1044 count=16384 submitted=17104896 read_us=260 tx_us=18147 ack_sample=0 fast_bytes=16346 slow_bytes=38 batches=1245 queries=1265
t=13884294 read event=1045 count=16384 submitted=17121280 read_us=262 tx_us=6255 ack_sample=0 fast_bytes=16384 slow_bytes=0 batches=248 queries=249
t=13906986 read event=1046 count=16384 submitted=17137664 read_us=255 tx_us=22405 ack_sample=0 fast_bytes=16316 slow_bytes=68 batches=1593 queries=1628
t=13913971 read event=1047 count=16384 submitted=17154048 read_us=256 tx_us=6699 ack_sample=0 fast_bytes=16380 slow_bytes=4 batches=284 queries=287
t=13926928 read event=1048 count=16384 submitted=17170432 read_us=258 tx_us=12668 ack_sample=0 fast_bytes=16350 slow_bytes=34 batches=778 queries=796
t=13943959 read event=1049 count=16384 submitted=17186816 read_us=262 tx_us=16665 ack_sample=0 fast_bytes=16348 slow_bytes=36 batches=1114 queries=1133
t=13951570 read event=1050 count=16384 submitted=17203200 read_us=260 tx_us=7316 ack_sample=0 fast_bytes=16384 slow_bytes=0 batches=339 queries=340
t=13973919 read event=1051 count=16384 submitted=17219584 read_us=272 tx_us=22047 ack_sample=0 fast_bytes=16344 slow_bytes=40 batches=1576 queries=1597
t=13981468 read event=1052 count=16384 submitted=17235968 read_us=256 tx_us=7261 ack_sample=0 fast_bytes=16384 slow_bytes=0 batches=334 queries=335
t=14002112 read event=1053 count=16384 submitted=17252352 read_us=280 tx_us=20264 ack_sample=0 fast_bytes=16334 slow_bytes=50 batches=1419 queries=1445
t=14010179 read event=1054 count=16384 submitted=17268736 read_us=255 tx_us=7780 ack_sample=0 fast_bytes=16380 slow_bytes=4 batches=376 queries=379
t=14021890 read event=1055 count=16384 submitted=17285120 read_us=257 tx_us=11424 ack_sample=0 fast_bytes=16372 slow_bytes=12 batches=683 queries=690
t=14039329 read event=1056 count=16384 submitted=17301504 read_us=256 tx_us=17151 ack_sample=0 fast_bytes=16342 slow_bytes=42 batches=1157 queries=1179
t=14047848 read event=1057 count=16384 submitted=17317888 read_us=264 tx_us=8138 ack_sample=0 fast_bytes=16384 slow_bytes=0 batches=408 queries=409
t=14067626 read event=1058 count=16384 submitted=17334272 read_us=254 tx_us=19492 ack_sample=0 fast_bytes=16328 slow_bytes=56 batches=1349 queries=1378
t=14076357 read event=1059 count=16384 submitted=17350656 read_us=275 tx_us=8410 ack_sample=0 fast_bytes=16384 slow_bytes=0 batches=432 queries=433
t=14089011 read event=1060 count=16384 submitted=17367040 read_us=255 tx_us=12368 ack_sample=0 fast_bytes=16374 slow_bytes=10 batches=765 queries=771
t=14104179 read event=1061 count=16384 submitted=17383424 read_us=263 tx_us=14804 ack_sample=0 fast_bytes=16354 slow_bytes=30 batches=962 queries=978
t=14113319 read event=1062 count=16384 submitted=17399808 read_us=253 tx_us=8854 ack_sample=0 fast_bytes=16384 slow_bytes=0 batches=470 queries=471
t=14130469 read event=1063 count=16384 submitted=17416192 read_us=256 tx_us=16864 ack_sample=0 fast_bytes=16356 slow_bytes=28 batches=1140 queries=1155
t=14141401 read event=1064 count=16384 submitted=17432576 read_us=273 tx_us=10630 ack_sample=0 fast_bytes=16380 slow_bytes=4 batches=615 queries=618
t=14150779 read event=1065 count=16384 submitted=17448960 read_us=282 tx_us=8988 ack_sample=0 fast_bytes=16384 slow_bytes=0 batches=481 queries=482
t=14169217 read event=1066 count=16384 submitted=17465344 read_us=261 tx_us=18144 ack_sample=0 fast_bytes=16346 slow_bytes=38 batches=1243 queries=1263
t=14179613 read event=1067 count=16384 submitted=17481728 read_us=258 tx_us=10108 ack_sample=0 fast_bytes=16384 slow_bytes=0 batches=577 queries=578
t=14194293 read event=1068 count=16384 submitted=17498112 read_us=270 tx_us=14381 ack_sample=0 fast_bytes=16360 slow_bytes=24 batches=930 queries=943
t=14204577 read event=1069 count=16384 submitted=17514496 read_us=262 tx_us=9920 ack_sample=0 fast_bytes=16384 slow_bytes=0 batches=561 queries=562
t=14215505 read event=1070 count=16384 submitted=17530880 read_us=273 tx_us=10626 ack_sample=0 fast_bytes=16384 slow_bytes=0 batches=622 queries=623
t=14230487 read event=1071 count=16384 submitted=17547264 read_us=270 tx_us=14681 ack_sample=0 fast_bytes=16364 slow_bytes=20 batches=958 queries=969
t=14243591 read event=1072 count=16384 submitted=17563648 read_us=270 tx_us=12803 ack_sample=0 fast_bytes=16384 slow_bytes=0 batches=808 queries=809
t=14259231 read event=1073 count=16384 submitted=17580032 read_us=278 tx_us=15259 ack_sample=0 fast_bytes=16378 slow_bytes=6 batches=1013 queries=1017
t=14272148 read event=1074 count=16384 submitted=17596416 read_us=255 tx_us=12629 ack_sample=0 fast_bytes=16384 slow_bytes=0 batches=792 queries=793
t=14287727 read event=1075 count=16384 submitted=17612800 read_us=258 tx_us=15290 ack_sample=0 fast_bytes=16368 slow_bytes=16 batches=1012 queries=1021
t=14300120 read event=1076 count=16384 submitted=17629184 read_us=257 tx_us=12106 ack_sample=0 fast_bytes=16384 slow_bytes=0 batches=748 queries=749
t=14312829 read event=1077 count=16384 submitted=17645568 read_us=261 tx_us=12347 ack_sample=0 fast_bytes=16384 slow_bytes=0 batches=768 queries=769
t=14328729 read event=1078 count=16384 submitted=17661952 read_us=254 tx_us=15614 ack_sample=0 fast_bytes=16376 slow_bytes=8 batches=1043 queries=1048
t=14342021 read event=1079 count=16384 submitted=17678336 read_us=255 tx_us=13007 ack_sample=0 fast_bytes=16384 slow_bytes=0 batches=825 queries=826
t=14357129 read event=1080 count=16384 submitted=17694720 read_us=255 tx_us=14823 ack_sample=0 fast_bytes=16374 slow_bytes=10 batches=969 queries=975
t=14374010 read event=1081 count=16384 submitted=17711104 read_us=267 tx_us=16501 ack_sample=0 fast_bytes=16384 slow_bytes=0 batches=1123 queries=1124
t=14391091 read event=1082 count=16384 submitted=17727488 read_us=256 tx_us=16793 ack_sample=0 fast_bytes=16366 slow_bytes=18 batches=1139 queries=1149
t=14406530 read event=1083 count=16384 submitted=17743872 read_us=256 tx_us=15153 ack_sample=0 fast_bytes=16384 slow_bytes=0 batches=1008 queries=1009
t=14422991 read event=1084 count=16384 submitted=17760256 read_us=272 tx_us=16158 ack_sample=0 fast_bytes=16372 slow_bytes=12 batches=1088 queries=1095
t=14438397 read event=1085 count=16384 submitted=17776640 read_us=260 tx_us=15047 ack_sample=0 fast_bytes=16384 slow_bytes=0 batches=999 queries=1000
t=14453848 read event=1086 count=16384 submitted=17793024 read_us=258 tx_us=15144 ack_sample=0 fast_bytes=16374 slow_bytes=10 batches=1001 queries=1007
t=14466456 read event=1087 count=16384 submitted=17809408 read_us=273 tx_us=12301 ack_sample=0 fast_bytes=16384 slow_bytes=0 batches=764 queries=765
t=14478435 read event=1088 count=16384 submitted=17825792 read_us=284 tx_us=11659 ack_sample=1 fast_bytes=16384 slow_bytes=0 batches=710 queries=711
t=14478463 profile_ack event=1088 words=0 high_reads=0 low_reads=0 high_wait_words=0 low_wait_words=0 high_max_reads=0 low_max_reads=0 uninitialized=0
t=14492594 read event=1089 count=16384 submitted=17842176 read_us=282 tx_us=13747 ack_sample=0 fast_bytes=16370 slow_bytes=14 batches=881 queries=889
t=14505097 read event=1090 count=16384 submitted=17858560 read_us=272 tx_us=12198 ack_sample=0 fast_bytes=16384 slow_bytes=0 batches=756 queries=757
t=14519231 read event=1091 count=16384 submitted=17874944 read_us=258 tx_us=13844 ack_sample=0 fast_bytes=16366 slow_bytes=18 batches=887 queries=897
t=14530919 read event=1092 count=16384 submitted=17891328 read_us=257 tx_us=11401 ack_sample=0 fast_bytes=16384 slow_bytes=0 batches=687 queries=688
t=14542959 read event=1093 count=16384 submitted=17907712 read_us=260 tx_us=11679 ack_sample=0 fast_bytes=16384 slow_bytes=0 batches=711 queries=712
t=14555789 read event=1094 count=16384 submitted=17924096 read_us=253 tx_us=12545 ack_sample=0 fast_bytes=16370 slow_bytes=14 batches=772 queries=780
t=14565807 read event=1095 count=16384 submitted=17940480 read_us=259 tx_us=9724 ack_sample=0 fast_bytes=16384 slow_bytes=0 batches=544 queries=545
t=14576076 read event=1096 count=16384 submitted=17956864 read_us=259 tx_us=9979 ack_sample=0 fast_bytes=16384 slow_bytes=0 batches=566 queries=567
t=14589584 read event=1097 count=16384 submitted=17973248 read_us=264 tx_us=13132 ack_sample=0 fast_bytes=16368 slow_bytes=16 batches=827 queries=836
t=14602486 read event=1098 count=16384 submitted=17989632 read_us=272 tx_us=12597 ack_sample=0 fast_bytes=16384 slow_bytes=0 batches=790 queries=791
t=14616605 read event=1099 count=16384 submitted=18006016 read_us=269 tx_us=13820 ack_sample=0 fast_bytes=16382 slow_bytes=2 batches=894 queries=896
t=14629433 read event=1100 count=16384 submitted=18022400 read_us=271 tx_us=12527 ack_sample=0 fast_bytes=16376 slow_bytes=8 batches=780 queries=785
t=14642226 read event=1101 count=16384 submitted=18038784 read_us=324 tx_us=12218 ack_sample=0 fast_bytes=16384 slow_bytes=0 batches=755 queries=756
t=14656485 read event=1102 count=16384 submitted=18055168 read_us=262 tx_us=13958 ack_sample=0 fast_bytes=16378 slow_bytes=6 batches=902 queries=906
t=14668796 read event=1103 count=16384 submitted=18071552 read_us=279 tx_us=12000 ack_sample=0 fast_bytes=16384 slow_bytes=0 batches=739 queries=740
t=14680427 read event=1104 count=16384 submitted=18087936 read_us=258 tx_us=11341 ack_sample=0 fast_bytes=16384 slow_bytes=0 batches=682 queries=683
t=14695122 read event=1105 count=16384 submitted=18104320 read_us=282 tx_us=14305 ack_sample=0 fast_bytes=16364 slow_bytes=20 batches=925 queries=936
t=14708075 read event=1106 count=16384 submitted=18120704 read_us=266 tx_us=12648 ack_sample=0 fast_bytes=16384 slow_bytes=0 batches=794 queries=795
t=14722376 read event=1107 count=16384 submitted=18137088 read_us=259 tx_us=14009 ack_sample=0 fast_bytes=16374 slow_bytes=10 batches=905 queries=911
t=14734504 read event=1108 count=16384 submitted=18153472 read_us=257 tx_us=11838 ack_sample=0 fast_bytes=16384 slow_bytes=0 batches=725 queries=726
t=14746353 read event=1109 count=16384 submitted=18169856 read_us=285 tx_us=11450 ack_sample=0 fast_bytes=16384 slow_bytes=0 batches=692 queries=693
t=14760804 read event=1110 count=16384 submitted=18186240 read_us=253 tx_us=14166 ack_sample=0 fast_bytes=16372 slow_bytes=12 batches=916 queries=923
t=14773853 read event=1111 count=16384 submitted=18202624 read_us=259 tx_us=12757 ack_sample=0 fast_bytes=16384 slow_bytes=0 batches=799 queries=800
t=14788281 read event=1112 count=16384 submitted=18219008 read_us=263 tx_us=14115 ack_sample=0 fast_bytes=16376 slow_bytes=8 batches=845 queries=850
t=14800122 read event=1113 count=16384 submitted=18235392 read_us=396 tx_us=11259 ack_sample=0 fast_bytes=16384 slow_bytes=0 batches=618 queries=619
t=14812177 read event=1114 count=16384 submitted=18251776 read_us=307 tx_us=11691 ack_sample=0 fast_bytes=16384 slow_bytes=0 batches=708 queries=709
t=14826617 read event=1115 count=16384 submitted=18268160 read_us=275 tx_us=14124 ack_sample=0 fast_bytes=16370 slow_bytes=14 batches=913 queries=921
t=14839676 read event=1116 count=16384 submitted=18284544 read_us=283 tx_us=12742 ack_sample=0 fast_bytes=16384 slow_bytes=0 batches=803 queries=804
t=14854379 read event=1117 count=16384 submitted=18300928 read_us=268 tx_us=14294 ack_sample=0 fast_bytes=16366 slow_bytes=18 batches=924 queries=934
t=14866646 read event=1118 count=16384 submitted=18317312 read_us=258 tx_us=11976 ack_sample=0 fast_bytes=16384 slow_bytes=0 batches=737 queries=738
media_player_helper: video=18402691 bytes, pts=0, audio=0 frames/0 samples
t=14879228 read event=1119 count=16384 submitted=18333696 read_us=346 tx_us=12205 ack_sample=0 fast_bytes=16384 slow_bytes=0 batches=753 queries=754
t=14893736 read event=1120 count=16384 submitted=18350080 read_us=313 tx_us=14162 ack_sample=0 fast_bytes=16376 slow_bytes=8 batches=914 queries=919
t=14906744 read event=1121 count=16384 submitted=18366464 read_us=34 tx_us=12863 ack_sample=0 fast_bytes=16384 slow_bytes=0 batches=813 queries=814
t=14921166 read event=1122 count=16384 submitted=18382848 read_us=29 tx_us=14365 ack_sample=0 fast_bytes=16376 slow_bytes=8 batches=938 queries=943
t=14932883 read event=1123 count=16384 submitted=18399232 read_us=27 tx_us=11664 ack_sample=0 fast_bytes=16384 slow_bytes=0 batches=711 queries=712
t=14935689 read event=1124 count=3459 submitted=18402691 read_us=11 tx_us=2772 ack_sample=0 fast_bytes=3458 slow_bytes=1 batches=175 queries=177
t=14935780 helper stdout eof
t=14935793 finish reason=eof fd=14 download=1 submitted=18402691 reads=1124 would_block=165
t=14935837 download released
t=14935902 child wait=1568 status=0x0 wait_errno=0 exited=1 exit_code=0 signaled=0 signal=0
t=14935920 transfer complete submitted=18402691 reads=1124
t=14935931 profile_poll polls=447 elapsed_us=158 interval_us=41931 chunks=0
t=14935943 profile_summary polls=447 poll_us=14890587 poll_max_us=76979 data_polls=281 data_poll_us=14889272 intervals=446 interval_us=14933248 interval_max_us=77055 read_calls=1290 read_us=296633 tx_calls=1124 tx_us=14555012 tx_max_us=27427 ack_chunks=17 fast_bytes=18373724 slow_bytes=28967 burst_calls=902794 status_queries=918402 transport_mode=2
