t=3 start source=file:/media/fat/games/MediaPlayer/bbb_480i_tff_15s_9800kbps.m2v index=1 core=MediaPlayer alternate=MediaPlayer
t=38 profile_version=1 transport=credit_fast_v1 ack_sample_every=64 first_byte_means=first_chunk_complete interval_means=media_poll_entry_to_entry
t=2270 helper forked pid=1730 read_fd=14
t=2374 download asserted index=1 pid=1730
t=2552 would_block count=1 submitted=0
t=2585 profile_poll polls=1 elapsed_us=53 interval_us=0 chunks=0
t=2844 would_block count=2 submitted=0
t=2871 profile_poll polls=2 elapsed_us=36 interval_us=315 chunks=0
t=2936 would_block count=3 submitted=0
t=2952 profile_poll polls=3 elapsed_us=21 interval_us=96 chunks=0
t=3007 would_block count=4 submitted=0
t=3020 profile_poll polls=4 elapsed_us=17 interval_us=72 chunks=0
t=3194 would_block count=8 submitted=0
t=3530 would_block count=16 submitted=0
t=4246 would_block count=32 submitted=0
t=5577 would_block count=64 submitted=0
t=5594 profile_poll polls=64 elapsed_us=21 interval_us=39 chunks=0
t=8200 would_block count=128 submitted=0
t=8215 profile_poll polls=128 elapsed_us=20 interval_us=40 chunks=0
t=14410 first_read latency_us=12035 count=16384
t=17832 first_byte latency_us=15459 would_block=164 count=16384
t=17851 read event=1 count=16384 submitted=16384 read_us=59 tx_us=3380 ack_sample=0 fast_bytes=16384 slow_bytes=0 batches=2 queries=3
t=21722 read event=2 count=16384 submitted=32768 read_us=30 tx_us=3823 ack_sample=0 fast_bytes=16384 slow_bytes=0 batches=2 queries=3
t=25389 read event=3 count=16384 submitted=49152 read_us=268 tx_us=3367 ack_sample=0 fast_bytes=16384 slow_bytes=0 batches=2 queries=3
t=29084 read event=4 count=16384 submitted=65536 read_us=293 tx_us=3365 ack_sample=0 fast_bytes=16384 slow_bytes=0 batches=2 queries=3
t=32839 read event=5 count=16384 submitted=81920 read_us=271 tx_us=3372 ack_sample=0 fast_bytes=16384 slow_bytes=0 batches=2 queries=3
t=36494 read event=6 count=16384 submitted=98304 read_us=257 tx_us=3364 ack_sample=0 fast_bytes=16384 slow_bytes=0 batches=2 queries=3
t=40194 read event=7 count=16384 submitted=114688 read_us=292 tx_us=3375 ack_sample=0 fast_bytes=16384 slow_bytes=0 batches=2 queries=3
t=44154 read event=8 count=16384 submitted=131072 read_us=265 tx_us=3660 ack_sample=0 fast_bytes=16384 slow_bytes=0 batches=27 queries=28
t=59771 read event=9 count=16384 submitted=147456 read_us=268 tx_us=15242 ack_sample=0 fast_bytes=16366 slow_bytes=18 batches=1006 queries=1016
t=69052 read event=10 count=16384 submitted=163840 read_us=265 tx_us=8981 ack_sample=0 fast_bytes=16380 slow_bytes=4 batches=479 queries=482
t=82093 read event=11 count=16384 submitted=180224 read_us=263 tx_us=12746 ack_sample=0 fast_bytes=16370 slow_bytes=14 batches=795 queries=803
t=95845 read event=12 count=16384 submitted=196608 read_us=262 tx_us=13459 ack_sample=0 fast_bytes=16372 slow_bytes=12 batches=857 queries=864
t=106519 read event=13 count=16384 submitted=212992 read_us=271 tx_us=10251 ack_sample=0 fast_bytes=16380 slow_bytes=4 batches=586 queries=589
t=124457 read event=14 count=16384 submitted=229376 read_us=279 tx_us=17622 ack_sample=0 fast_bytes=16044 slow_bytes=340 batches=792 queries=963
t=136053 read event=15 count=16384 submitted=245760 read_us=279 tx_us=11285 ack_sample=0 fast_bytes=16380 slow_bytes=4 batches=676 queries=679
t=146784 read event=16 count=16384 submitted=262144 read_us=259 tx_us=10438 ack_sample=0 fast_bytes=16380 slow_bytes=4 batches=603 queries=606
t=163913 read event=17 count=16384 submitted=278528 read_us=269 tx_us=16753 ack_sample=0 fast_bytes=16362 slow_bytes=22 batches=1133 queries=1145
t=173280 read event=18 count=16384 submitted=294912 read_us=258 tx_us=9074 ack_sample=0 fast_bytes=16378 slow_bytes=6 batches=485 queries=489
t=183950 read event=19 count=16384 submitted=311296 read_us=261 tx_us=10376 ack_sample=0 fast_bytes=16384 slow_bytes=0 batches=600 queries=601
t=192629 read event=20 count=16384 submitted=327680 read_us=261 tx_us=8387 ack_sample=0 fast_bytes=16354 slow_bytes=30 batches=415 queries=431
t=197855 read event=21 count=16384 submitted=344064 read_us=268 tx_us=4847 ack_sample=0 fast_bytes=16384 slow_bytes=0 batches=128 queries=129
t=202818 read event=22 count=16384 submitted=360448 read_us=268 tx_us=4632 ack_sample=0 fast_bytes=16384 slow_bytes=0 batches=110 queries=111
t=208016 read event=23 count=16384 submitted=376832 read_us=262 tx_us=4903 ack_sample=0 fast_bytes=16384 slow_bytes=0 batches=133 queries=134
t=213370 read event=24 count=16384 submitted=393216 read_us=257 tx_us=5066 ack_sample=0 fast_bytes=16384 slow_bytes=0 batches=147 queries=148
t=218556 read event=25 count=16384 submitted=409600 read_us=287 tx_us=4796 ack_sample=0 fast_bytes=16384 slow_bytes=0 batches=124 queries=125
t=223749 read event=26 count=16384 submitted=425984 read_us=274 tx_us=4886 ack_sample=0 fast_bytes=16384 slow_bytes=0 batches=132 queries=133
t=229023 read event=27 count=16384 submitted=442368 read_us=263 tx_us=4978 ack_sample=0 fast_bytes=16384 slow_bytes=0 batches=138 queries=139
t=235828 read event=28 count=16384 submitted=458752 read_us=259 tx_us=6514 ack_sample=0 fast_bytes=16374 slow_bytes=10 batches=265 queries=271
t=246718 read event=29 count=16384 submitted=475136 read_us=272 tx_us=10518 ack_sample=0 fast_bytes=16374 slow_bytes=10 batches=606 queries=612
t=257552 read event=30 count=16384 submitted=491520 read_us=264 tx_us=10531 ack_sample=0 fast_bytes=16384 slow_bytes=0 batches=613 queries=614
t=268348 read event=31 count=16384 submitted=507904 read_us=277 tx_us=10483 ack_sample=0 fast_bytes=16384 slow_bytes=0 batches=609 queries=610
t=292576 read event=32 count=16384 submitted=524288 read_us=259 tx_us=23935 ack_sample=0 fast_bytes=16362 slow_bytes=22 batches=1746 queries=1758
t=313654 read event=33 count=16384 submitted=540672 read_us=269 tx_us=20673 ack_sample=0 fast_bytes=16366 slow_bytes=18 batches=1470 queries=1480
t=334909 read event=34 count=16384 submitted=557056 read_us=259 tx_us=20950 ack_sample=0 fast_bytes=16368 slow_bytes=16 batches=1495 queries=1504
t=351060 read event=35 count=16384 submitted=573440 read_us=261 tx_us=15857 ack_sample=0 fast_bytes=16384 slow_bytes=0 batches=1068 queries=1069
t=370288 read event=36 count=16384 submitted=589824 read_us=257 tx_us=18939 ack_sample=0 fast_bytes=16364 slow_bytes=20 batches=1320 queries=1331
t=386723 read event=37 count=16384 submitted=606208 read_us=270 tx_us=16061 ack_sample=0 fast_bytes=16384 slow_bytes=0 batches=1085 queries=1086
t=404480 read event=38 count=16384 submitted=622592 read_us=258 tx_us=17463 ack_sample=0 fast_bytes=16364 slow_bytes=20 batches=1195 queries=1206
t=417742 read event=39 count=16384 submitted=638976 read_us=278 tx_us=12952 ack_sample=0 fast_bytes=16384 slow_bytes=0 batches=819 queries=820
t=434416 read event=40 count=16384 submitted=655360 read_us=257 tx_us=16384 ack_sample=0 fast_bytes=16368 slow_bytes=16 batches=1105 queries=1114
t=447728 read event=41 count=16384 submitted=671744 read_us=289 tx_us=12918 ack_sample=0 fast_bytes=16384 slow_bytes=0 batches=817 queries=818
t=464771 read event=42 count=16384 submitted=688128 read_us=259 tx_us=16751 ack_sample=0 fast_bytes=16366 slow_bytes=18 batches=1135 queries=1145
t=476938 read event=43 count=16384 submitted=704512 read_us=264 tx_us=11868 ack_sample=0 fast_bytes=16384 slow_bytes=0 batches=727 queries=728
t=491077 read event=44 count=16384 submitted=720896 read_us=260 tx_us=13845 ack_sample=0 fast_bytes=16384 slow_bytes=0 batches=895 queries=896
t=506380 read event=45 count=16384 submitted=737280 read_us=292 tx_us=4616 ack_sample=0 fast_bytes=16384 slow_bytes=0 batches=108 queries=109
t=518574 read event=46 count=16384 submitted=753664 read_us=263 tx_us=11893 ack_sample=0 fast_bytes=16384 slow_bytes=0 batches=729 queries=730
t=534703 read event=47 count=16384 submitted=770048 read_us=279 tx_us=15816 ack_sample=0 fast_bytes=16366 slow_bytes=18 batches=1055 queries=1065
t=547097 read event=48 count=16384 submitted=786432 read_us=260 tx_us=12100 ack_sample=0 fast_bytes=16384 slow_bytes=0 batches=747 queries=748
t=563830 read event=49 count=16384 submitted=802816 read_us=267 tx_us=16355 ack_sample=0 fast_bytes=16370 slow_bytes=14 batches=1100 queries=1108
t=575665 read event=50 count=16384 submitted=819200 read_us=269 tx_us=11513 ack_sample=0 fast_bytes=16384 slow_bytes=0 batches=697 queries=698
t=588275 read event=51 count=16384 submitted=835584 read_us=268 tx_us=12298 ack_sample=0 fast_bytes=16384 slow_bytes=0 batches=764 queries=765
t=604131 read event=52 count=16384 submitted=851968 read_us=261 tx_us=15561 ack_sample=0 fast_bytes=16366 slow_bytes=18 batches=1033 queries=1043
t=616185 read event=53 count=16384 submitted=868352 read_us=279 tx_us=11671 ack_sample=0 fast_bytes=16384 slow_bytes=0 batches=710 queries=711
t=632539 read event=54 count=16384 submitted=884736 read_us=256 tx_us=16063 ack_sample=0 fast_bytes=16362 slow_bytes=22 batches=1073 queries=1085
t=643915 read event=55 count=16384 submitted=901120 read_us=277 tx_us=11065 ack_sample=0 fast_bytes=16384 slow_bytes=0 batches=659 queries=660
t=656433 read event=56 count=16384 submitted=917504 read_us=258 tx_us=12226 ack_sample=0 fast_bytes=16384 slow_bytes=0 batches=758 queries=759
t=671955 read event=57 count=16384 submitted=933888 read_us=285 tx_us=15125 ack_sample=0 fast_bytes=16360 slow_bytes=24 batches=993 queries=1006
t=683558 read event=58 count=16384 submitted=950272 read_us=266 tx_us=11300 ack_sample=0 fast_bytes=16384 slow_bytes=0 batches=679 queries=680
t=699853 read event=59 count=16384 submitted=966656 read_us=283 tx_us=15980 ack_sample=0 fast_bytes=16360 slow_bytes=24 batches=1065 queries=1078
t=711141 read event=60 count=16384 submitted=983040 read_us=257 tx_us=10999 ack_sample=0 fast_bytes=16384 slow_bytes=0 batches=653 queries=654
t=723747 read event=61 count=16384 submitted=999424 read_us=268 tx_us=12235 ack_sample=0 fast_bytes=16384 slow_bytes=0 batches=758 queries=759
t=738809 read event=62 count=16384 submitted=1015808 read_us=258 tx_us=14770 ack_sample=0 fast_bytes=16358 slow_bytes=26 batches=961 queries=975
t=750470 read event=63 count=16384 submitted=1032192 read_us=259 tx_us=11372 ack_sample=0 fast_bytes=16384 slow_bytes=0 batches=685 queries=686
t=766218 read event=64 count=16384 submitted=1048576 read_us=274 tx_us=15442 ack_sample=1 fast_bytes=16366 slow_bytes=18 batches=1022 queries=1032
t=766247 profile_ack event=64 words=9 high_reads=18 low_reads=18 high_wait_words=9 low_wait_words=9 high_max_reads=2 low_max_reads=2 uninitialized=0
t=775217 read event=65 count=16384 submitted=1064960 read_us=274 tx_us=8599 ack_sample=0 fast_bytes=16384 slow_bytes=0 batches=448 queries=449
t=784494 read event=66 count=16384 submitted=1081344 read_us=260 tx_us=8983 ack_sample=0 fast_bytes=16384 slow_bytes=0 batches=481 queries=482
t=795158 read event=67 count=16384 submitted=1097728 read_us=278 tx_us=10354 ack_sample=0 fast_bytes=16384 slow_bytes=0 batches=598 queries=599
t=810394 read event=68 count=16384 submitted=1114112 read_us=259 tx_us=14943 ack_sample=0 fast_bytes=16362 slow_bytes=22 batches=978 queries=990
t=823827 read event=69 count=16384 submitted=1130496 read_us=290 tx_us=13043 ack_sample=0 fast_bytes=16384 slow_bytes=0 batches=820 queries=821
t=839586 read event=70 count=16384 submitted=1146880 read_us=263 tx_us=15458 ack_sample=0 fast_bytes=16362 slow_bytes=22 batches=1022 queries=1034
t=852164 read event=71 count=16384 submitted=1163264 read_us=283 tx_us=12261 ack_sample=0 fast_bytes=16384 slow_bytes=0 batches=761 queries=762
t=869457 read event=72 count=16384 submitted=1179648 read_us=264 tx_us=16996 ack_sample=0 fast_bytes=16364 slow_bytes=20 batches=1155 queries=1166
t=881056 read event=73 count=16384 submitted=1196032 read_us=294 tx_us=11188 ack_sample=0 fast_bytes=16384 slow_bytes=0 batches=668 queries=669
t=897001 read event=74 count=16384 submitted=1212416 read_us=257 tx_us=15652 ack_sample=0 fast_bytes=16374 slow_bytes=10 batches=1045 queries=1051
t=910519 read event=75 count=16384 submitted=1228800 read_us=260 tx_us=13226 ack_sample=0 fast_bytes=16372 slow_bytes=12 batches=837 queries=844
t=924036 read event=76 count=16384 submitted=1245184 read_us=276 tx_us=13207 ack_sample=0 fast_bytes=16384 slow_bytes=0 batches=842 queries=843
t=939568 read event=77 count=16384 submitted=1261568 read_us=269 tx_us=15159 ack_sample=0 fast_bytes=16364 slow_bytes=20 batches=998 queries=1009
t=951837 read event=78 count=16384 submitted=1277952 read_us=283 tx_us=11934 ack_sample=0 fast_bytes=16384 slow_bytes=0 batches=732 queries=733
t=968832 read event=79 count=16384 submitted=1294336 read_us=261 tx_us=16700 ack_sample=0 fast_bytes=16366 slow_bytes=18 batches=1131 queries=1141
t=979677 read event=80 count=16384 submitted=1310720 read_us=261 tx_us=10552 ack_sample=0 fast_bytes=16384 slow_bytes=0 batches=615 queries=616
t=993669 read event=81 count=16384 submitted=1327104 read_us=267 tx_us=13605 ack_sample=0 fast_bytes=16384 slow_bytes=0 batches=876 queries=877
t=1008287 read event=82 count=16384 submitted=1343488 read_us=257 tx_us=14319 ack_sample=0 fast_bytes=16360 slow_bytes=24 batches=923 queries=936
t=1020820 read event=83 count=16384 submitted=1359872 read_us=261 tx_us=12241 ack_sample=0 fast_bytes=16384 slow_bytes=0 batches=759 queries=760
t=1036663 read event=84 count=16384 submitted=1376256 read_us=260 tx_us=15552 ack_sample=0 fast_bytes=16362 slow_bytes=22 batches=1030 queries=1042
t=1045184 read event=85 count=16384 submitted=1392640 read_us=277 tx_us=8109 ack_sample=0 fast_bytes=16384 slow_bytes=0 batches=406 queries=407
t=1055367 read event=86 count=16384 submitted=1409024 read_us=260 tx_us=9887 ack_sample=0 fast_bytes=16384 slow_bytes=0 batches=558 queries=559
t=1070332 read event=87 count=16384 submitted=1425408 read_us=264 tx_us=14671 ack_sample=0 fast_bytes=16366 slow_bytes=18 batches=956 queries=966
t=1082083 read event=88 count=16384 submitted=1441792 read_us=260 tx_us=11457 ack_sample=0 fast_bytes=16384 slow_bytes=0 batches=691 queries=692
t=1097091 read event=89 count=16384 submitted=1458176 read_us=273 tx_us=14622 ack_sample=0 fast_bytes=16380 slow_bytes=4 batches=960 queries=963
t=1111939 read event=90 count=16384 submitted=1474560 read_us=261 tx_us=14551 ack_sample=0 fast_bytes=16372 slow_bytes=12 batches=950 queries=957
t=1125929 read event=91 count=16384 submitted=1490944 read_us=274 tx_us=13684 ack_sample=0 fast_bytes=16384 slow_bytes=0 batches=882 queries=883
t=1141405 read event=92 count=16384 submitted=1507328 read_us=261 tx_us=15181 ack_sample=0 fast_bytes=16368 slow_bytes=16 batches=1001 queries=1010
t=1153978 read event=93 count=16384 submitted=1523712 read_us=288 tx_us=12180 ack_sample=0 fast_bytes=16384 slow_bytes=0 batches=754 queries=755
t=1170030 read event=94 count=16384 submitted=1540096 read_us=257 tx_us=15761 ack_sample=0 fast_bytes=16366 slow_bytes=18 batches=1050 queries=1060
t=1179040 read event=95 count=16384 submitted=1556480 read_us=262 tx_us=8715 ack_sample=0 fast_bytes=16384 slow_bytes=0 batches=458 queries=459
t=1189417 read event=96 count=16384 submitted=1572864 read_us=265 tx_us=10081 ack_sample=0 fast_bytes=16384 slow_bytes=0 batches=575 queries=576
t=1204283 read event=97 count=16384 submitted=1589248 read_us=287 tx_us=14471 ack_sample=0 fast_bytes=16362 slow_bytes=22 batches=937 queries=949
t=1216469 read event=98 count=16384 submitted=1605632 read_us=256 tx_us=11896 ack_sample=0 fast_bytes=16384 slow_bytes=0 batches=730 queries=731
t=1234458 read event=99 count=16384 submitted=1622016 read_us=275 tx_us=17681 ack_sample=0 fast_bytes=16368 slow_bytes=16 batches=1214 queries=1223
t=1246707 read event=100 count=16384 submitted=1638400 read_us=285 tx_us=11925 ack_sample=0 fast_bytes=16384 slow_bytes=0 batches=732 queries=733
t=1260780 read event=101 count=16384 submitted=1654784 read_us=270 tx_us=13692 ack_sample=0 fast_bytes=16384 slow_bytes=0 batches=881 queries=882
t=1276364 read event=102 count=16384 submitted=1671168 read_us=262 tx_us=15286 ack_sample=0 fast_bytes=16368 slow_bytes=16 batches=1011 queries=1020
t=1289530 read event=103 count=16384 submitted=1687552 read_us=261 tx_us=12871 ack_sample=0 fast_bytes=16384 slow_bytes=0 batches=813 queries=814
t=1305131 read event=104 count=16384 submitted=1703936 read_us=285 tx_us=15281 ack_sample=0 fast_bytes=16360 slow_bytes=24 batches=1006 queries=1019
t=1314107 read event=105 count=16384 submitted=1720320 read_us=269 tx_us=8593 ack_sample=0 fast_bytes=16384 slow_bytes=0 batches=447 queries=448
t=1324891 read event=106 count=16384 submitted=1736704 read_us=260 tx_us=10475 ack_sample=0 fast_bytes=16384 slow_bytes=0 batches=607 queries=608
t=1340412 read event=107 count=16384 submitted=1753088 read_us=262 tx_us=15225 ack_sample=0 fast_bytes=16354 slow_bytes=30 batches=998 queries=1014
t=1351581 read event=108 count=16384 submitted=1769472 read_us=290 tx_us=10845 ack_sample=0 fast_bytes=16382 slow_bytes=2 batches=639 queries=641
t=1369144 read event=109 count=16384 submitted=1785856 read_us=285 tx_us=17174 ack_sample=0 fast_bytes=16364 slow_bytes=20 batches=1170 queries=1181
t=1381200 read event=110 count=16384 submitted=1802240 read_us=259 tx_us=11761 ack_sample=0 fast_bytes=16384 slow_bytes=0 batches=718 queries=719
t=1395345 read event=111 count=16384 submitted=1818624 read_us=266 tx_us=13845 ack_sample=0 fast_bytes=16384 slow_bytes=0 batches=895 queries=896
t=1411108 read event=112 count=16384 submitted=1835008 read_us=259 tx_us=15471 ack_sample=0 fast_bytes=16362 slow_bytes=22 batches=1023 queries=1035
t=1411136 profile_poll polls=192 elapsed_us=59456 interval_us=46441 chunks=4
t=1423720 read event=113 count=16384 submitted=1851392 read_us=272 tx_us=12219 ack_sample=0 fast_bytes=16384 slow_bytes=0 batches=757 queries=758
t=1439428 read event=114 count=16384 submitted=1867776 read_us=258 tx_us=15414 ack_sample=0 fast_bytes=16368 slow_bytes=16 batches=1022 queries=1031
t=1448167 read event=115 count=16384 submitted=1884160 read_us=276 tx_us=8431 ack_sample=0 fast_bytes=16384 slow_bytes=0 batches=433 queries=434
t=1458437 read event=116 count=16384 submitted=1900544 read_us=259 tx_us=9977 ack_sample=0 fast_bytes=16384 slow_bytes=0 batches=566 queries=567
t=1474054 read event=117 count=16384 submitted=1916928 read_us=286 tx_us=15229 ack_sample=0 fast_bytes=16366 slow_bytes=18 batches=1005 queries=1015
t=1484851 read event=118 count=16384 submitted=1933312 read_us=266 tx_us=10498 ack_sample=0 fast_bytes=16384 slow_bytes=0 batches=610 queries=611
t=1500745 read event=119 count=16384 submitted=1949696 read_us=257 tx_us=15605 ack_sample=0 fast_bytes=16378 slow_bytes=6 batches=1043 queries=1047
t=1514194 read event=120 count=16384 submitted=1966080 read_us=266 tx_us=13149 ack_sample=0 fast_bytes=16380 slow_bytes=4 batches=833 queries=836
t=1526286 read event=121 count=16384 submitted=1982464 read_us=272 tx_us=11711 ack_sample=0 fast_bytes=16384 slow_bytes=0 batches=710 queries=711
t=1543801 read event=122 count=16384 submitted=1998848 read_us=262 tx_us=17218 ack_sample=0 fast_bytes=16364 slow_bytes=20 batches=1173 queries=1184
t=1553617 read event=123 count=16384 submitted=2015232 read_us=262 tx_us=9521 ack_sample=0 fast_bytes=16384 slow_bytes=0 batches=527 queries=528
t=1570682 read event=124 count=16384 submitted=2031616 read_us=276 tx_us=16757 ack_sample=0 fast_bytes=16368 slow_bytes=16 batches=1137 queries=1146
t=1582160 read event=125 count=16384 submitted=2048000 read_us=269 tx_us=11076 ack_sample=0 fast_bytes=16384 slow_bytes=0 batches=659 queries=660
t=1594756 read event=126 count=16384 submitted=2064384 read_us=259 tx_us=12301 ack_sample=0 fast_bytes=16384 slow_bytes=0 batches=764 queries=765
t=1611616 read event=127 count=16384 submitted=2080768 read_us=265 tx_us=16562 ack_sample=0 fast_bytes=16370 slow_bytes=14 batches=1121 queries=1129
t=1621618 read event=128 count=16384 submitted=2097152 read_us=278 tx_us=9691 ack_sample=1 fast_bytes=16384 slow_bytes=0 batches=542 queries=543
t=1621645 profile_ack event=128 words=0 high_reads=0 low_reads=0 high_wait_words=0 low_wait_words=0 high_max_reads=0 low_max_reads=0 uninitialized=0
t=1638694 read event=129 count=16384 submitted=2113536 read_us=265 tx_us=16673 ack_sample=0 fast_bytes=16366 slow_bytes=18 batches=1127 queries=1137
t=1649870 read event=130 count=16384 submitted=2129920 read_us=259 tx_us=10882 ack_sample=0 fast_bytes=16384 slow_bytes=0 batches=643 queries=644
t=1662695 read event=131 count=16384 submitted=2146304 read_us=261 tx_us=12533 ack_sample=0 fast_bytes=16384 slow_bytes=0 batches=784 queries=785
t=1678908 read event=132 count=16384 submitted=2162688 read_us=261 tx_us=15903 ack_sample=0 fast_bytes=16368 slow_bytes=16 batches=1059 queries=1068
t=1689295 read event=133 count=16384 submitted=2179072 read_us=273 tx_us=10005 ack_sample=0 fast_bytes=16384 slow_bytes=0 batches=568 queries=569
t=1706568 read event=134 count=16384 submitted=2195456 read_us=260 tx_us=16978 ack_sample=0 fast_bytes=16360 slow_bytes=24 batches=1150 queries=1163
t=1717168 read event=135 count=16384 submitted=2211840 read_us=284 tx_us=10282 ack_sample=0 fast_bytes=16384 slow_bytes=0 batches=592 queries=593
t=1730316 read event=136 count=16384 submitted=2228224 read_us=261 tx_us=12853 ack_sample=0 fast_bytes=16384 slow_bytes=0 batches=811 queries=812
t=1746163 read event=137 count=16384 submitted=2244608 read_us=285 tx_us=15451 ack_sample=0 fast_bytes=16362 slow_bytes=22 batches=1017 queries=1029
t=1756673 read event=138 count=16384 submitted=2260992 read_us=271 tx_us=10197 ack_sample=0 fast_bytes=16384 slow_bytes=0 batches=584 queries=585
t=1773787 read event=139 count=16384 submitted=2277376 read_us=265 tx_us=16807 ack_sample=0 fast_bytes=16356 slow_bytes=28 batches=1133 queries=1148
t=1784668 read event=140 count=16384 submitted=2293760 read_us=260 tx_us=10587 ack_sample=0 fast_bytes=16384 slow_bytes=0 batches=618 queries=619
t=1797584 read event=141 count=16384 submitted=2310144 read_us=276 tx_us=12517 ack_sample=0 fast_bytes=16384 slow_bytes=0 batches=783 queries=784
t=1813488 read event=142 count=16384 submitted=2326528 read_us=275 tx_us=15593 ack_sample=0 fast_bytes=16370 slow_bytes=14 batches=1039 queries=1047
t=1824107 read event=143 count=16384 submitted=2342912 read_us=281 tx_us=10305 ack_sample=0 fast_bytes=16384 slow_bytes=0 batches=593 queries=594
t=1841445 read event=144 count=16384 submitted=2359296 read_us=259 tx_us=17046 ack_sample=0 fast_bytes=16362 slow_bytes=22 batches=1158 queries=1170
t=1852116 read event=145 count=16384 submitted=2375680 read_us=290 tx_us=10269 ack_sample=0 fast_bytes=16384 slow_bytes=0 batches=584 queries=585
t=1865470 read event=146 count=16384 submitted=2392064 read_us=267 tx_us=13047 ack_sample=0 fast_bytes=16384 slow_bytes=0 batches=828 queries=829
t=1879160 read event=147 count=16384 submitted=2408448 read_us=281 tx_us=13375 ack_sample=0 fast_bytes=16368 slow_bytes=16 batches=848 queries=857
t=1887122 read event=148 count=16384 submitted=2424832 read_us=262 tx_us=7665 ack_sample=0 fast_bytes=16384 slow_bytes=0 batches=367 queries=368
t=1896902 read event=149 count=16384 submitted=2441216 read_us=270 tx_us=9404 ack_sample=0 fast_bytes=16384 slow_bytes=0 batches=516 queries=517
t=1913209 read event=150 count=16384 submitted=2457600 read_us=260 tx_us=16012 ack_sample=0 fast_bytes=16368 slow_bytes=16 batches=1073 queries=1082
t=1924376 read event=151 count=16384 submitted=2473984 read_us=281 tx_us=10850 ack_sample=0 fast_bytes=16384 slow_bytes=0 batches=640 queries=641
t=1942316 read event=152 count=16384 submitted=2490368 read_us=262 tx_us=17644 ack_sample=0 fast_bytes=16366 slow_bytes=18 batches=1209 queries=1219
t=1953311 read event=153 count=16384 submitted=2506752 read_us=302 tx_us=10567 ack_sample=0 fast_bytes=16384 slow_bytes=0 batches=615 queries=616
t=1967222 read event=154 count=16384 submitted=2523136 read_us=263 tx_us=13610 ack_sample=0 fast_bytes=16384 slow_bytes=0 batches=876 queries=877
t=1982720 read event=155 count=16384 submitted=2539520 read_us=263 tx_us=15204 ack_sample=0 fast_bytes=16362 slow_bytes=22 batches=1000 queries=1012
t=1994538 read event=156 count=16384 submitted=2555904 read_us=262 tx_us=11524 ack_sample=0 fast_bytes=16384 slow_bytes=0 batches=698 queries=699
t=2012136 read event=157 count=16384 submitted=2572288 read_us=289 tx_us=17204 ack_sample=0 fast_bytes=16364 slow_bytes=20 batches=1171 queries=1182
t=2023161 read event=158 count=16384 submitted=2588672 read_us=262 tx_us=10726 ack_sample=0 fast_bytes=16384 slow_bytes=0 batches=630 queries=631
t=2041085 read event=159 count=16384 submitted=2605056 read_us=259 tx_us=17632 ack_sample=0 fast_bytes=16366 slow_bytes=18 batches=1210 queries=1220
t=2053064 read event=160 count=16384 submitted=2621440 read_us=274 tx_us=11651 ack_sample=0 fast_bytes=16384 slow_bytes=0 batches=708 queries=709
t=2067058 read event=161 count=16384 submitted=2637824 read_us=272 tx_us=13604 ack_sample=0 fast_bytes=16384 slow_bytes=0 batches=875 queries=876
t=2082726 read event=162 count=16384 submitted=2654208 read_us=261 tx_us=15374 ack_sample=0 fast_bytes=16366 slow_bytes=18 batches=1016 queries=1026
t=2095011 read event=163 count=16384 submitted=2670592 read_us=262 tx_us=11992 ack_sample=0 fast_bytes=16384 slow_bytes=0 batches=738 queries=739
t=2112122 read event=164 count=16384 submitted=2686976 read_us=261 tx_us=16818 ack_sample=0 fast_bytes=16366 slow_bytes=18 batches=1141 queries=1151
t=2123246 read event=165 count=16384 submitted=2703360 read_us=273 tx_us=10734 ack_sample=0 fast_bytes=16384 slow_bytes=0 batches=630 queries=631
t=2140231 read event=166 count=16384 submitted=2719744 read_us=266 tx_us=16685 ack_sample=0 fast_bytes=16364 slow_bytes=20 batches=1127 queries=1138
t=2149800 read event=167 count=16384 submitted=2736128 read_us=266 tx_us=9269 ack_sample=0 fast_bytes=16384 slow_bytes=0 batches=505 queries=506
t=2158933 read event=168 count=16384 submitted=2752512 read_us=258 tx_us=8843 ack_sample=0 fast_bytes=16384 slow_bytes=0 batches=469 queries=470
t=2173778 read event=169 count=16384 submitted=2768896 read_us=272 tx_us=14461 ack_sample=0 fast_bytes=16366 slow_bytes=18 batches=939 queries=949
t=2186145 read event=170 count=16384 submitted=2785280 read_us=260 tx_us=12073 ack_sample=0 fast_bytes=16384 slow_bytes=0 batches=745 queries=746
t=2199356 read event=171 count=16384 submitted=2801664 read_us=263 tx_us=12916 ack_sample=0 fast_bytes=16382 slow_bytes=2 batches=816 queries=818
t=2215811 read event=172 count=16384 submitted=2818048 read_us=260 tx_us=16162 ack_sample=0 fast_bytes=16362 slow_bytes=22 batches=1081 queries=1093
t=2227813 read event=173 count=16384 submitted=2834432 read_us=270 tx_us=11630 ack_sample=0 fast_bytes=16384 slow_bytes=0 batches=707 queries=708
t=2243911 read event=174 count=16384 submitted=2850816 read_us=255 tx_us=15808 ack_sample=0 fast_bytes=16370 slow_bytes=14 batches=1057 queries=1065
t=2253533 read event=175 count=16384 submitted=2867200 read_us=262 tx_us=9328 ack_sample=0 fast_bytes=16384 slow_bytes=0 batches=510 queries=511
t=2263467 read event=176 count=16384 submitted=2883584 read_us=276 tx_us=9627 ack_sample=0 fast_bytes=16384 slow_bytes=0 batches=536 queries=537
t=2279382 read event=177 count=16384 submitted=2899968 read_us=298 tx_us=15510 ack_sample=0 fast_bytes=16360 slow_bytes=24 batches=1026 queries=1039
t=2292326 read event=178 count=16384 submitted=2916352 read_us=257 tx_us=12653 ack_sample=0 fast_bytes=16384 slow_bytes=0 batches=794 queries=795
t=2309984 read event=179 count=16384 submitted=2932736 read_us=259 tx_us=17367 ack_sample=0 fast_bytes=16374 slow_bytes=10 batches=1192 queries=1198
t=2323068 read event=180 count=16384 submitted=2949120 read_us=261 tx_us=12791 ack_sample=0 fast_bytes=16384 slow_bytes=0 batches=806 queries=807
t=2339817 read event=181 count=16384 submitted=2965504 read_us=266 tx_us=16384 ack_sample=0 fast_bytes=16372 slow_bytes=12 batches=1105 queries=1112
t=2350288 read event=182 count=16384 submitted=2981888 read_us=265 tx_us=10168 ack_sample=0 fast_bytes=16384 slow_bytes=0 batches=582 queries=583
t=2360248 read event=183 count=16384 submitted=2998272 read_us=263 tx_us=9665 ack_sample=0 fast_bytes=16384 slow_bytes=0 batches=539 queries=540
t=2374922 read event=184 count=16384 submitted=3014656 read_us=258 tx_us=14384 ack_sample=0 fast_bytes=16364 slow_bytes=20 batches=931 queries=942
t=2388702 read event=185 count=16384 submitted=3031040 read_us=272 tx_us=13396 ack_sample=0 fast_bytes=16382 slow_bytes=2 batches=856 queries=858
t=2402560 read event=186 count=16384 submitted=3047424 read_us=261 tx_us=13562 ack_sample=0 fast_bytes=16382 slow_bytes=2 batches=870 queries=872
t=2416527 read event=187 count=16384 submitted=3063808 read_us=281 tx_us=13652 ack_sample=0 fast_bytes=16366 slow_bytes=18 batches=871 queries=881
t=2427114 read event=188 count=16384 submitted=3080192 read_us=280 tx_us=10259 ack_sample=0 fast_bytes=16384 slow_bytes=0 batches=590 queries=591
t=2441434 read event=189 count=16384 submitted=3096576 read_us=267 tx_us=13948 ack_sample=0 fast_bytes=16366 slow_bytes=18 batches=895 queries=905
t=2455600 read event=190 count=16384 submitted=3112960 read_us=276 tx_us=13854 ack_sample=0 fast_bytes=16384 slow_bytes=0 batches=897 queries=898
t=2469812 read event=191 count=16384 submitted=3129344 read_us=281 tx_us=13901 ack_sample=0 fast_bytes=16384 slow_bytes=0 batches=901 queries=902
t=2483681 read event=192 count=16384 submitted=3145728 read_us=260 tx_us=13577 ack_sample=1 fast_bytes=16368 slow_bytes=16 batches=865 queries=874
t=2483715 profile_ack event=192 words=8 high_reads=16 low_reads=16 high_wait_words=8 low_wait_words=8 high_max_reads=2 low_max_reads=2 uninitialized=0
t=2494963 read event=193 count=16384 submitted=3162112 read_us=267 tx_us=10883 ack_sample=0 fast_bytes=16384 slow_bytes=0 batches=643 queries=644
t=2509783 read event=194 count=16384 submitted=3178496 read_us=258 tx_us=14527 ack_sample=0 fast_bytes=16358 slow_bytes=26 batches=940 queries=954
t=2524064 read event=195 count=16384 submitted=3194880 read_us=263 tx_us=13985 ack_sample=0 fast_bytes=16384 slow_bytes=0 batches=907 queries=908
t=2541238 read event=196 count=16384 submitted=3211264 read_us=261 tx_us=16880 ack_sample=0 fast_bytes=16370 slow_bytes=14 batches=1148 queries=1156
t=2551444 read event=197 count=16384 submitted=3227648 read_us=272 tx_us=9827 ack_sample=0 fast_bytes=16384 slow_bytes=0 batches=550 queries=551
t=2562800 read event=198 count=16384 submitted=3244032 read_us=275 tx_us=11044 ack_sample=0 fast_bytes=16384 slow_bytes=0 batches=657 queries=658
t=2577858 read event=199 count=16384 submitted=3260416 read_us=262 tx_us=14764 ack_sample=0 fast_bytes=16366 slow_bytes=18 batches=965 queries=975
t=2591239 read event=200 count=16384 submitted=3276800 read_us=257 tx_us=13092 ack_sample=0 fast_bytes=16384 slow_bytes=0 batches=831 queries=832
t=2608376 read event=201 count=16384 submitted=3293184 read_us=270 tx_us=16755 ack_sample=0 fast_bytes=16370 slow_bytes=14 batches=1137 queries=1145
t=2618087 read event=202 count=16384 submitted=3309568 read_us=255 tx_us=9420 ack_sample=0 fast_bytes=16384 slow_bytes=0 batches=518 queries=519
t=2629204 read event=203 count=16384 submitted=3325952 read_us=264 tx_us=10822 ack_sample=0 fast_bytes=16384 slow_bytes=0 batches=638 queries=639
t=2643867 read event=204 count=16384 submitted=3342336 read_us=260 tx_us=14370 ack_sample=0 fast_bytes=16360 slow_bytes=24 batches=927 queries=940
t=2656126 read event=205 count=16384 submitted=3358720 read_us=271 tx_us=11870 ack_sample=0 fast_bytes=16384 slow_bytes=0 batches=727 queries=728
t=2671040 read event=206 count=16384 submitted=3375104 read_us=258 tx_us=14622 ack_sample=0 fast_bytes=16384 slow_bytes=0 batches=962 queries=963
t=2684114 read event=207 count=16384 submitted=3391488 read_us=261 tx_us=12781 ack_sample=0 fast_bytes=16362 slow_bytes=22 batches=793 queries=805
t=2694597 read event=208 count=16384 submitted=3407872 read_us=253 tx_us=10196 ack_sample=0 fast_bytes=16384 slow_bytes=0 batches=585 queries=586
t=2705787 read event=209 count=16384 submitted=3424256 read_us=285 tx_us=10625 ack_sample=0 fast_bytes=16384 slow_bytes=0 batches=616 queries=617
t=2721805 read event=210 count=16384 submitted=3440640 read_us=266 tx_us=15712 ack_sample=0 fast_bytes=16366 slow_bytes=18 batches=1046 queries=1056
t=2736957 read event=211 count=16384 submitted=3457024 read_us=277 tx_us=14843 ack_sample=0 fast_bytes=16382 slow_bytes=2 batches=980 queries=982
t=2752847 read event=212 count=16384 submitted=3473408 read_us=260 tx_us=15596 ack_sample=0 fast_bytes=16362 slow_bytes=22 batches=1034 queries=1046
t=2766808 read event=213 count=16384 submitted=3489792 read_us=271 tx_us=13577 ack_sample=0 fast_bytes=16384 slow_bytes=0 batches=872 queries=873
t=2781721 read event=214 count=16384 submitted=3506176 read_us=260 tx_us=14616 ack_sample=0 fast_bytes=16366 slow_bytes=18 batches=951 queries=961
t=2791445 read event=215 count=16384 submitted=3522560 read_us=269 tx_us=9408 ack_sample=0 fast_bytes=16384 slow_bytes=0 batches=517 queries=518
t=2802843 read event=216 count=16384 submitted=3538944 read_us=274 tx_us=11089 ack_sample=0 fast_bytes=16384 slow_bytes=0 batches=661 queries=662
t=2818339 read event=217 count=16384 submitted=3555328 read_us=267 tx_us=15116 ack_sample=0 fast_bytes=16366 slow_bytes=18 batches=995 queries=1005
t=2832122 read event=218 count=16384 submitted=3571712 read_us=261 tx_us=13483 ack_sample=0 fast_bytes=16384 slow_bytes=0 batches=864 queries=865
t=2847597 read event=219 count=16384 submitted=3588096 read_us=266 tx_us=15176 ack_sample=0 fast_bytes=16368 slow_bytes=16 batches=1002 queries=1011
t=2857310 read event=220 count=16384 submitted=3604480 read_us=278 tx_us=9404 ack_sample=0 fast_bytes=16384 slow_bytes=0 batches=517 queries=518
t=2868602 read event=221 count=16384 submitted=3620864 read_us=268 tx_us=10919 ack_sample=0 fast_bytes=16384 slow_bytes=0 batches=640 queries=641
t=2884308 read event=222 count=16384 submitted=3637248 read_us=282 tx_us=15386 ack_sample=0 fast_bytes=16364 slow_bytes=20 batches=1017 queries=1028
t=2898269 read event=223 count=16384 submitted=3653632 read_us=265 tx_us=13659 ack_sample=0 fast_bytes=16384 slow_bytes=0 batches=879 queries=880
t=2915352 read event=224 count=16384 submitted=3670016 read_us=261 tx_us=16789 ack_sample=0 fast_bytes=16362 slow_bytes=22 batches=1136 queries=1148
t=2928295 read event=225 count=16384 submitted=3686400 read_us=293 tx_us=12538 ack_sample=0 fast_bytes=16382 slow_bytes=2 batches=784 queries=786
t=2944758 read event=226 count=16384 submitted=3702784 read_us=260 tx_us=16168 ack_sample=0 fast_bytes=16366 slow_bytes=18 batches=1085 queries=1095
t=2954733 read event=227 count=16384 submitted=3719168 read_us=263 tx_us=9678 ack_sample=0 fast_bytes=16384 slow_bytes=0 batches=540 queries=541
t=2965732 read event=228 count=16384 submitted=3735552 read_us=267 tx_us=10695 ack_sample=0 fast_bytes=16384 slow_bytes=0 batches=626 queries=627
t=2980527 read event=229 count=16384 submitted=3751936 read_us=269 tx_us=14420 ack_sample=0 fast_bytes=16364 slow_bytes=20 batches=935 queries=946
t=2993832 read event=230 count=16384 submitted=3768320 read_us=273 tx_us=12998 ack_sample=0 fast_bytes=16384 slow_bytes=0 batches=824 queries=825
t=3010589 read event=231 count=16384 submitted=3784704 read_us=263 tx_us=16463 ack_sample=0 fast_bytes=16364 slow_bytes=20 batches=1109 queries=1120
t=3020527 read event=232 count=16384 submitted=3801088 read_us=274 tx_us=9631 ack_sample=0 fast_bytes=16384 slow_bytes=0 batches=536 queries=537
t=3031479 read event=233 count=16384 submitted=3817472 read_us=288 tx_us=10553 ack_sample=0 fast_bytes=16382 slow_bytes=2 batches=614 queries=616
t=3045764 read event=234 count=16384 submitted=3833856 read_us=284 tx_us=13962 ack_sample=0 fast_bytes=16370 slow_bytes=14 batches=899 queries=907
t=3058724 read event=235 count=16384 submitted=3850240 read_us=266 tx_us=12661 ack_sample=0 fast_bytes=16384 slow_bytes=0 batches=795 queries=796
t=3073314 read event=236 count=16384 submitted=3866624 read_us=261 tx_us=14297 ack_sample=0 fast_bytes=16384 slow_bytes=0 batches=935 queries=936
t=3088823 read event=237 count=16384 submitted=3883008 read_us=268 tx_us=15122 ack_sample=0 fast_bytes=16364 slow_bytes=20 batches=994 queries=1005
t=3103265 read event=238 count=16384 submitted=3899392 read_us=255 tx_us=14151 ack_sample=0 fast_bytes=16384 slow_bytes=0 batches=922 queries=923
t=3117840 read event=239 count=16384 submitted=3915776 read_us=259 tx_us=14282 ack_sample=0 fast_bytes=16372 slow_bytes=12 batches=927 queries=934
t=3129323 read event=240 count=16384 submitted=3932160 read_us=257 tx_us=11193 ack_sample=0 fast_bytes=16384 slow_bytes=0 batches=670 queries=671
t=3144740 read event=241 count=16384 submitted=3948544 read_us=282 tx_us=15026 ack_sample=0 fast_bytes=16368 slow_bytes=16 batches=989 queries=998
t=3163981 read event=242 count=16384 submitted=3964928 read_us=259 tx_us=18948 ack_sample=0 fast_bytes=16372 slow_bytes=12 batches=1325 queries=1332
t=3184666 read event=243 count=16384 submitted=3981312 read_us=268 tx_us=20367 ack_sample=0 fast_bytes=16350 slow_bytes=34 batches=1436 queries=1454
t=3199133 read event=244 count=16384 submitted=3997696 read_us=263 tx_us=14160 ack_sample=0 fast_bytes=16378 slow_bytes=6 batches=920 queries=924
t=3217493 read event=245 count=16384 submitted=4014080 read_us=272 tx_us=17972 ack_sample=0 fast_bytes=16358 slow_bytes=26 batches=1234 queries=1248
t=3231396 read event=246 count=16384 submitted=4030464 read_us=277 tx_us=13592 ack_sample=0 fast_bytes=16380 slow_bytes=4 batches=873 queries=876
t=3248992 read event=247 count=16384 submitted=4046848 read_us=262 tx_us=17290 ack_sample=0 fast_bytes=16360 slow_bytes=24 batches=1179 queries=1192
t=3259426 read event=248 count=16384 submitted=4063232 read_us=258 tx_us=10142 ack_sample=0 fast_bytes=16378 slow_bytes=6 batches=576 queries=580
t=3274082 read event=249 count=16384 submitted=4079616 read_us=287 tx_us=14260 ack_sample=0 fast_bytes=16368 slow_bytes=16 batches=922 queries=931
t=3287790 read event=250 count=16384 submitted=4096000 read_us=260 tx_us=13413 ack_sample=0 fast_bytes=16376 slow_bytes=8 batches=855 queries=860
t=3299338 read event=251 count=16384 submitted=4112384 read_us=262 tx_us=11255 ack_sample=0 fast_bytes=16380 slow_bytes=4 batches=673 queries=676
t=3316657 read event=252 count=16384 submitted=4128768 read_us=261 tx_us=17027 ack_sample=0 fast_bytes=16366 slow_bytes=18 batches=1159 queries=1169
t=3327424 read event=253 count=16384 submitted=4145152 read_us=267 tx_us=10391 ack_sample=0 fast_bytes=16382 slow_bytes=2 batches=600 queries=602
t=3342638 read event=254 count=16384 submitted=4161536 read_us=280 tx_us=14901 ack_sample=0 fast_bytes=16356 slow_bytes=28 batches=971 queries=986
t=3354092 read event=255 count=16384 submitted=4177920 read_us=272 tx_us=11150 ack_sample=0 fast_bytes=16376 slow_bytes=8 batches=662 queries=667
t=3362920 read event=256 count=16384 submitted=4194304 read_us=258 tx_us=8535 ack_sample=1 fast_bytes=16384 slow_bytes=0 batches=443 queries=444
t=3362947 profile_ack event=256 words=0 high_reads=0 low_reads=0 high_wait_words=0 low_wait_words=0 high_max_reads=0 low_max_reads=0 uninitialized=0
t=3375586 read event=257 count=16384 submitted=4210688 read_us=268 tx_us=12277 ack_sample=0 fast_bytes=16368 slow_bytes=16 batches=754 queries=763
t=3390510 read event=258 count=16384 submitted=4227072 read_us=282 tx_us=14604 ack_sample=0 fast_bytes=16368 slow_bytes=16 batches=953 queries=962
t=3401412 read event=259 count=16384 submitted=4243456 read_us=281 tx_us=10587 ack_sample=0 fast_bytes=16384 slow_bytes=0 batches=617 queries=618
t=3419438 read event=260 count=16384 submitted=4259840 read_us=278 tx_us=17714 ack_sample=0 fast_bytes=16356 slow_bytes=28 batches=1213 queries=1228
t=3430679 read event=261 count=16384 submitted=4276224 read_us=285 tx_us=10853 ack_sample=0 fast_bytes=16382 slow_bytes=2 batches=640 queries=642
t=3448100 read event=262 count=16384 submitted=4292608 read_us=254 tx_us=17123 ack_sample=0 fast_bytes=16358 slow_bytes=26 batches=1163 queries=1177
t=3457847 read event=263 count=16384 submitted=4308992 read_us=263 tx_us=9454 ack_sample=0 fast_bytes=16384 slow_bytes=0 batches=521 queries=522
t=3466611 read event=264 count=16384 submitted=4325376 read_us=258 tx_us=8472 ack_sample=0 fast_bytes=16384 slow_bytes=0 batches=437 queries=438
t=3483761 read event=265 count=16384 submitted=4341760 read_us=268 tx_us=16758 ack_sample=0 fast_bytes=16350 slow_bytes=34 batches=1127 queries=1145
t=3495970 read event=266 count=16384 submitted=4358144 read_us=268 tx_us=11908 ack_sample=0 fast_bytes=16384 slow_bytes=0 batches=731 queries=732
t=3509500 read event=267 count=16384 submitted=4374528 read_us=264 tx_us=13235 ack_sample=0 fast_bytes=16360 slow_bytes=24 batches=828 queries=841
t=3526030 read event=268 count=16384 submitted=4390912 read_us=280 tx_us=16214 ack_sample=0 fast_bytes=16376 slow_bytes=8 batches=1094 queries=1099
t=3537142 read event=269 count=16384 submitted=4407296 read_us=271 tx_us=10732 ack_sample=0 fast_bytes=16382 slow_bytes=2 batches=629 queries=631
t=3554443 read event=270 count=16384 submitted=4423680 read_us=262 tx_us=16991 ack_sample=0 fast_bytes=16362 slow_bytes=22 batches=1154 queries=1166
t=3564056 read event=271 count=16384 submitted=4440064 read_us=293 tx_us=9285 ack_sample=0 fast_bytes=16382 slow_bytes=2 batches=506 queries=508
t=3572601 read event=272 count=16384 submitted=4456448 read_us=261 tx_us=8251 ack_sample=0 fast_bytes=16384 slow_bytes=0 batches=419 queries=420
t=3592863 read event=273 count=16384 submitted=4472832 read_us=272 tx_us=19861 ack_sample=0 fast_bytes=16356 slow_bytes=28 batches=1395 queries=1410
t=3604230 read event=274 count=16384 submitted=4489216 read_us=261 tx_us=11068 ack_sample=0 fast_bytes=16382 slow_bytes=2 batches=658 queries=660
t=3621603 read event=275 count=16384 submitted=4505600 read_us=263 tx_us=17079 ack_sample=0 fast_bytes=16364 slow_bytes=20 batches=1163 queries=1174
t=3631913 read event=276 count=16384 submitted=4521984 read_us=278 tx_us=9999 ack_sample=0 fast_bytes=16384 slow_bytes=0 batches=568 queries=569
t=3643978 read event=277 count=16384 submitted=4538368 read_us=266 tx_us=11693 ack_sample=0 fast_bytes=16360 slow_bytes=24 batches=700 queries=713
t=3659781 read event=278 count=16384 submitted=4554752 read_us=262 tx_us=15507 ack_sample=0 fast_bytes=16366 slow_bytes=18 batches=1028 queries=1038
t=3669285 read event=279 count=16384 submitted=4571136 read_us=260 tx_us=9211 ack_sample=0 fast_bytes=16384 slow_bytes=0 batches=501 queries=502
t=3686739 read event=280 count=16384 submitted=4587520 read_us=258 tx_us=17164 ack_sample=0 fast_bytes=16358 slow_bytes=26 batches=1166 queries=1180
t=3700153 read event=281 count=16384 submitted=4603904 read_us=267 tx_us=13039 ack_sample=0 fast_bytes=16374 slow_bytes=10 batches=822 queries=828
t=3718207 read event=282 count=16384 submitted=4620288 read_us=257 tx_us=17764 ack_sample=0 fast_bytes=16364 slow_bytes=20 batches=1220 queries=1231
t=3729982 read event=283 count=16384 submitted=4636672 read_us=264 tx_us=11479 ack_sample=0 fast_bytes=16382 slow_bytes=2 batches=693 queries=695
t=3739139 read event=284 count=16384 submitted=4653056 read_us=258 tx_us=8865 ack_sample=0 fast_bytes=16380 slow_bytes=4 batches=469 queries=472
t=3758041 read event=285 count=16384 submitted=4669440 read_us=268 tx_us=18522 ack_sample=0 fast_bytes=16364 slow_bytes=20 batches=1285 queries=1296
t=3768440 read event=286 count=16384 submitted=4685824 read_us=260 tx_us=10104 ack_sample=0 fast_bytes=16382 slow_bytes=2 batches=576 queries=578
t=3785283 read event=287 count=16384 submitted=4702208 read_us=278 tx_us=16533 ack_sample=0 fast_bytes=16360 slow_bytes=24 batches=1113 queries=1126
t=3797478 read event=288 count=16384 submitted=4718592 read_us=266 tx_us=11895 ack_sample=0 fast_bytes=16382 slow_bytes=2 batches=729 queries=731
t=3809992 read event=289 count=16384 submitted=4734976 read_us=288 tx_us=12114 ack_sample=0 fast_bytes=16366 slow_bytes=18 batches=739 queries=749
t=3825157 read event=290 count=16384 submitted=4751360 read_us=259 tx_us=14872 ack_sample=0 fast_bytes=16372 slow_bytes=12 batches=978 queries=985
t=3836091 read event=291 count=16384 submitted=4767744 read_us=264 tx_us=10637 ack_sample=0 fast_bytes=16382 slow_bytes=2 batches=621 queries=623
t=3852580 read event=292 count=16384 submitted=4784128 read_us=263 tx_us=16192 ack_sample=0 fast_bytes=16360 slow_bytes=24 batches=1084 queries=1097
t=3865485 read event=293 count=16384 submitted=4800512 read_us=286 tx_us=12514 ack_sample=0 fast_bytes=16380 slow_bytes=4 batches=781 queries=784
t=3878242 read event=294 count=16384 submitted=4816896 read_us=276 tx_us=12448 ack_sample=0 fast_bytes=16364 slow_bytes=20 batches=767 queries=778
t=3894975 read event=295 count=16384 submitted=4833280 read_us=263 tx_us=16439 ack_sample=0 fast_bytes=16376 slow_bytes=8 batches=1106 queries=1111
t=3905171 read event=296 count=16384 submitted=4849664 read_us=268 tx_us=9889 ack_sample=0 fast_bytes=16380 slow_bytes=4 batches=555 queries=558
t=3923582 read event=297 count=16384 submitted=4866048 read_us=273 tx_us=18007 ack_sample=0 fast_bytes=16362 slow_bytes=22 batches=1240 queries=1252
t=3936234 read event=298 count=16384 submitted=4882432 read_us=277 tx_us=12338 ack_sample=0 fast_bytes=16378 slow_bytes=6 batches=765 queries=769
t=3952863 read event=299 count=16384 submitted=4898816 read_us=266 tx_us=16332 ack_sample=0 fast_bytes=16356 slow_bytes=28 batches=1094 queries=1109
t=3967428 read event=300 count=16384 submitted=4915200 read_us=260 tx_us=14273 ack_sample=0 fast_bytes=16380 slow_bytes=4 batches=930 queries=933
t=3984219 read event=301 count=16384 submitted=4931584 read_us=286 tx_us=16403 ack_sample=0 fast_bytes=16352 slow_bytes=32 batches=1098 queries=1115
t=3998348 read event=302 count=16384 submitted=4947968 read_us=259 tx_us=13835 ack_sample=0 fast_bytes=16376 slow_bytes=8 batches=891 queries=896
t=4015514 read event=303 count=16384 submitted=4964352 read_us=267 tx_us=16863 ack_sample=0 fast_bytes=16350 slow_bytes=34 batches=1136 queries=1154
t=4029438 read event=304 count=16384 submitted=4980736 read_us=280 tx_us=13610 ack_sample=0 fast_bytes=16376 slow_bytes=8 batches=871 queries=876
t=4046412 read event=305 count=16384 submitted=4997120 read_us=307 tx_us=16549 ack_sample=0 fast_bytes=16356 slow_bytes=28 batches=1113 queries=1128
t=4061136 read event=306 count=16384 submitted=5013504 read_us=289 tx_us=14396 ack_sample=0 fast_bytes=16374 slow_bytes=10 batches=939 queries=945
t=4078214 read event=307 count=16384 submitted=5029888 read_us=264 tx_us=16782 ack_sample=0 fast_bytes=16360 slow_bytes=24 batches=1135 queries=1148
t=4093369 read event=308 count=16384 submitted=5046272 read_us=260 tx_us=14863 ack_sample=0 fast_bytes=16374 slow_bytes=10 batches=977 queries=983
t=4110567 read event=309 count=16384 submitted=5062656 read_us=292 tx_us=16805 ack_sample=0 fast_bytes=16354 slow_bytes=30 batches=1134 queries=1150
t=4125853 read event=310 count=16384 submitted=5079040 read_us=274 tx_us=14976 ack_sample=0 fast_bytes=16378 slow_bytes=6 batches=990 queries=994
t=4143784 read event=311 count=16384 submitted=5095424 read_us=263 tx_us=17636 ack_sample=0 fast_bytes=16364 slow_bytes=20 batches=1210 queries=1221
t=4158980 read event=312 count=16384 submitted=5111808 read_us=259 tx_us=14906 ack_sample=0 fast_bytes=16380 slow_bytes=4 batches=984 queries=987
t=4177166 read event=313 count=16384 submitted=5128192 read_us=266 tx_us=17810 ack_sample=0 fast_bytes=16368 slow_bytes=16 batches=1227 queries=1236
t=4192349 read event=314 count=16384 submitted=5144576 read_us=259 tx_us=14891 ack_sample=0 fast_bytes=16376 slow_bytes=8 batches=981 queries=986
t=4210296 read event=315 count=16384 submitted=5160960 read_us=264 tx_us=17651 ack_sample=0 fast_bytes=16354 slow_bytes=30 batches=1206 queries=1222
t=4226764 read event=316 count=16384 submitted=5177344 read_us=262 tx_us=16172 ack_sample=0 fast_bytes=16360 slow_bytes=24 batches=1081 queries=1094
t=4235569 read event=317 count=16384 submitted=5193728 read_us=271 tx_us=8427 ack_sample=0 fast_bytes=16376 slow_bytes=8 batches=430 queries=435
t=4253459 read event=318 count=16384 submitted=5210112 read_us=276 tx_us=17578 ack_sample=0 fast_bytes=16376 slow_bytes=8 batches=1211 queries=1216
t=4265620 read event=319 count=16384 submitted=5226496 read_us=279 tx_us=11850 ack_sample=0 fast_bytes=16376 slow_bytes=8 batches=723 queries=728
t=4278262 read event=320 count=16384 submitted=5242880 read_us=273 tx_us=12337 ack_sample=1 fast_bytes=16374 slow_bytes=10 batches=763 queries=769
t=4278289 profile_ack event=320 words=5 high_reads=10 low_reads=10 high_wait_words=5 low_wait_words=5 high_max_reads=2 low_max_reads=2 uninitialized=0
t=4295222 read event=321 count=16384 submitted=5259264 read_us=265 tx_us=16560 ack_sample=0 fast_bytes=16372 slow_bytes=12 batches=1121 queries=1128
t=4302703 read event=322 count=16384 submitted=5275648 read_us=260 tx_us=7186 ack_sample=0 fast_bytes=16366 slow_bytes=18 batches=318 queries=328
t=4321063 read event=323 count=16384 submitted=5292032 read_us=260 tx_us=18069 ack_sample=0 fast_bytes=16370 slow_bytes=14 batches=1250 queries=1258
t=4332733 read event=324 count=16384 submitted=5308416 read_us=263 tx_us=11361 ack_sample=0 fast_bytes=16360 slow_bytes=24 batches=671 queries=684
t=4345347 read event=325 count=16384 submitted=5324800 read_us=270 tx_us=12238 ack_sample=0 fast_bytes=16376 slow_bytes=8 batches=754 queries=759
t=4362414 read event=326 count=16384 submitted=5341184 read_us=259 tx_us=16775 ack_sample=0 fast_bytes=16372 slow_bytes=12 batches=1140 queries=1147
t=4369924 read event=327 count=16384 submitted=5357568 read_us=275 tx_us=7204 ack_sample=0 fast_bytes=16372 slow_bytes=12 batches=324 queries=331
t=4388165 read event=328 count=16384 submitted=5373952 read_us=258 tx_us=17953 ack_sample=0 fast_bytes=16364 slow_bytes=20 batches=1236 queries=1247
t=4399834 read event=329 count=16384 submitted=5390336 read_us=269 tx_us=11291 ack_sample=0 fast_bytes=16374 slow_bytes=10 batches=673 queries=679
t=4412450 read event=330 count=16384 submitted=5406720 read_us=261 tx_us=12318 ack_sample=0 fast_bytes=16368 slow_bytes=16 batches=757 queries=766
t=4429660 read event=331 count=16384 submitted=5423104 read_us=294 tx_us=16882 ack_sample=0 fast_bytes=16360 slow_bytes=24 batches=1143 queries=1156
t=4437260 read event=332 count=16384 submitted=5439488 read_us=262 tx_us=7294 ack_sample=0 fast_bytes=16372 slow_bytes=12 batches=331 queries=338
t=4455265 read event=333 count=16384 submitted=5455872 read_us=268 tx_us=17634 ack_sample=0 fast_bytes=16376 slow_bytes=8 batches=1216 queries=1221
t=4466935 read event=334 count=16384 submitted=5472256 read_us=256 tx_us=11378 ack_sample=0 fast_bytes=16366 slow_bytes=18 batches=676 queries=686
t=4479660 read event=335 count=16384 submitted=5488640 read_us=261 tx_us=12432 ack_sample=0 fast_bytes=16378 slow_bytes=6 batches=772 queries=776
t=4498495 read event=336 count=16384 submitted=5505024 read_us=259 tx_us=18534 ack_sample=0 fast_bytes=16364 slow_bytes=20 batches=1287 queries=1298
t=4504761 read event=337 count=16384 submitted=5521408 read_us=286 tx_us=5873 ack_sample=0 fast_bytes=16382 slow_bytes=2 batches=215 queries=217
t=4522401 read event=338 count=16384 submitted=5537792 read_us=257 tx_us=17349 ack_sample=0 fast_bytes=16378 slow_bytes=6 batches=1192 queries=1196
t=4534193 read event=339 count=16384 submitted=5554176 read_us=278 tx_us=11479 ack_sample=0 fast_bytes=16368 slow_bytes=16 batches=616 queries=625
t=4547239 read event=340 count=16384 submitted=5570560 read_us=362 tx_us=12625 ack_sample=0 fast_bytes=16378 slow_bytes=6 batches=724 queries=728
t=4565870 read event=341 count=16384 submitted=5586944 read_us=321 tx_us=18161 ack_sample=0 fast_bytes=16358 slow_bytes=26 batches=1252 queries=1266
t=4572278 read event=342 count=16384 submitted=5603328 read_us=272 tx_us=6098 ack_sample=0 fast_bytes=16374 slow_bytes=10 batches=230 queries=236
t=4589342 read event=343 count=16384 submitted=5619712 read_us=266 tx_us=16765 ack_sample=0 fast_bytes=16376 slow_bytes=8 batches=1142 queries=1147
t=4601079 read event=344 count=16384 submitted=5636096 read_us=261 tx_us=11444 ack_sample=0 fast_bytes=16374 slow_bytes=10 batches=685 queries=691
t=4613615 read event=345 count=16384 submitted=5652480 read_us=270 tx_us=12148 ack_sample=0 fast_bytes=16370 slow_bytes=14 batches=744 queries=752
t=4631662 read event=346 count=16384 submitted=5668864 read_us=282 tx_us=17728 ack_sample=0 fast_bytes=16360 slow_bytes=24 batches=1216 queries=1229
t=4639629 read event=347 count=16384 submitted=5685248 read_us=263 tx_us=7659 ack_sample=0 fast_bytes=16380 slow_bytes=4 batches=367 queries=370
t=4656407 read event=348 count=16384 submitted=5701632 read_us=273 tx_us=16473 ack_sample=0 fast_bytes=16368 slow_bytes=16 batches=1113 queries=1122
t=4668151 read event=349 count=16384 submitted=5718016 read_us=288 tx_us=11352 ack_sample=0 fast_bytes=16370 slow_bytes=14 batches=675 queries=683
t=4680637 read event=350 count=16384 submitted=5734400 read_us=261 tx_us=12192 ack_sample=0 fast_bytes=16378 slow_bytes=6 batches=753 queries=757
t=4698479 read event=351 count=16384 submitted=5750784 read_us=273 tx_us=17536 ack_sample=0 fast_bytes=16370 slow_bytes=14 batches=1205 queries=1213
t=4707353 read event=352 count=16384 submitted=5767168 read_us=283 tx_us=8542 ack_sample=0 fast_bytes=16372 slow_bytes=12 batches=438 queries=445
t=4723625 read event=353 count=16384 submitted=5783552 read_us=287 tx_us=15874 ack_sample=0 fast_bytes=16372 slow_bytes=12 batches=1063 queries=1070
t=4735243 read event=354 count=16384 submitted=5799936 read_us=277 tx_us=11306 ack_sample=0 fast_bytes=16368 slow_bytes=16 batches=672 queries=681
t=4748479 read event=355 count=16384 submitted=5816320 read_us=264 tx_us=12941 ack_sample=0 fast_bytes=16374 slow_bytes=10 batches=814 queries=820
t=4767081 read event=356 count=16384 submitted=5832704 read_us=274 tx_us=18296 ack_sample=0 fast_bytes=16364 slow_bytes=20 batches=1266 queries=1277
t=4774944 read event=357 count=16384 submitted=5849088 read_us=271 tx_us=7489 ack_sample=0 fast_bytes=16380 slow_bytes=4 batches=351 queries=354
t=4791493 read event=358 count=16384 submitted=5865472 read_us=257 tx_us=16260 ack_sample=0 fast_bytes=16368 slow_bytes=16 batches=1093 queries=1102
t=4802348 read event=359 count=16384 submitted=5881856 read_us=278 tx_us=10546 ack_sample=0 fast_bytes=16364 slow_bytes=20 batches=605 queries=616
t=4815632 read event=360 count=16384 submitted=5898240 read_us=258 tx_us=12993 ack_sample=0 fast_bytes=16374 slow_bytes=10 batches=819 queries=825
t=4834174 read event=361 count=16384 submitted=5914624 read_us=269 tx_us=18141 ack_sample=0 fast_bytes=16368 slow_bytes=16 batches=1255 queries=1264
t=4842421 read event=362 count=16384 submitted=5931008 read_us=262 tx_us=7947 ack_sample=0 fast_bytes=16380 slow_bytes=4 batches=391 queries=394
t=4858599 read event=363 count=16384 submitted=5947392 read_us=291 tx_us=15856 ack_sample=0 fast_bytes=16372 slow_bytes=12 batches=1061 queries=1068
t=4869430 read event=364 count=16384 submitted=5963776 read_us=279 tx_us=10518 ack_sample=0 fast_bytes=16374 slow_bytes=10 batches=608 queries=614
t=4882731 read event=365 count=16384 submitted=5980160 read_us=292 tx_us=12902 ack_sample=0 fast_bytes=16382 slow_bytes=2 batches=815 queries=817
t=4901260 read event=366 count=16384 submitted=5996544 read_us=259 tx_us=18235 ack_sample=0 fast_bytes=16362 slow_bytes=22 batches=1260 queries=1272
t=4909530 read event=367 count=16384 submitted=6012928 read_us=264 tx_us=7972 ack_sample=0 fast_bytes=16382 slow_bytes=2 batches=394 queries=396
t=4925826 read event=368 count=16384 submitted=6029312 read_us=287 tx_us=15976 ack_sample=0 fast_bytes=16364 slow_bytes=20 batches=1061 queries=1072
t=4925859 profile_poll polls=256 elapsed_us=56329 interval_us=53773 chunks=4
t=4936524 read event=369 count=16384 submitted=6045696 read_us=278 tx_us=10290 ack_sample=0 fast_bytes=16370 slow_bytes=14 batches=585 queries=593
t=4949916 read event=370 count=16384 submitted=6062080 read_us=278 tx_us=13077 ack_sample=0 fast_bytes=16372 slow_bytes=12 batches=825 queries=832
t=4968360 read event=371 count=16384 submitted=6078464 read_us=265 tx_us=18147 ack_sample=0 fast_bytes=16360 slow_bytes=24 batches=1252 queries=1265
t=4976250 read event=372 count=16384 submitted=6094848 read_us=270 tx_us=7586 ack_sample=0 fast_bytes=16384 slow_bytes=0 batches=361 queries=362
t=4985052 read event=373 count=16384 submitted=6111232 read_us=267 tx_us=8430 ack_sample=0 fast_bytes=16384 slow_bytes=0 batches=434 queries=435
t=4991084 read event=374 count=16384 submitted=6127616 read_us=259 tx_us=5739 ack_sample=0 fast_bytes=16384 slow_bytes=0 batches=204 queries=205
t=4997907 read event=375 count=16384 submitted=6144000 read_us=261 tx_us=6532 ack_sample=0 fast_bytes=16384 slow_bytes=0 batches=272 queries=273
t=5003097 read event=376 count=16384 submitted=6160384 read_us=257 tx_us=4902 ack_sample=0 fast_bytes=16384 slow_bytes=0 batches=133 queries=134
t=5008455 read event=377 count=16384 submitted=6176768 read_us=266 tx_us=4995 ack_sample=0 fast_bytes=16384 slow_bytes=0 batches=140 queries=141
t=5023068 read event=378 count=16384 submitted=6193152 read_us=275 tx_us=14306 ack_sample=0 fast_bytes=16362 slow_bytes=22 batches=925 queries=937
t=5029267 read event=379 count=16384 submitted=6209536 read_us=266 tx_us=5886 ack_sample=0 fast_bytes=16384 slow_bytes=0 batches=216 queries=217
t=5036236 read event=380 count=16384 submitted=6225920 read_us=279 tx_us=6646 ack_sample=0 fast_bytes=16382 slow_bytes=2 batches=279 queries=281
t=5041830 read event=381 count=16384 submitted=6242304 read_us=277 tx_us=5195 ack_sample=0 fast_bytes=16384 slow_bytes=0 batches=157 queries=158
t=5047107 read event=382 count=16384 submitted=6258688 read_us=259 tx_us=4982 ack_sample=0 fast_bytes=16384 slow_bytes=0 batches=140 queries=141
t=5061560 read event=383 count=16384 submitted=6275072 read_us=262 tx_us=14158 ack_sample=0 fast_bytes=16358 slow_bytes=26 batches=909 queries=923
t=5069096 read event=384 count=16384 submitted=6291456 read_us=297 tx_us=7198 ack_sample=1 fast_bytes=16384 slow_bytes=0 batches=329 queries=330
t=5069125 profile_ack event=384 words=0 high_reads=0 low_reads=0 high_wait_words=0 low_wait_words=0 high_max_reads=0 low_max_reads=0 uninitialized=0
t=5077293 read event=385 count=16384 submitted=6307840 read_us=273 tx_us=7801 ack_sample=0 fast_bytes=16384 slow_bytes=0 batches=380 queries=381
t=5083451 read event=386 count=16384 submitted=6324224 read_us=258 tx_us=5866 ack_sample=0 fast_bytes=16384 slow_bytes=0 batches=215 queries=216
t=5098570 read event=387 count=16384 submitted=6340608 read_us=281 tx_us=14806 ack_sample=0 fast_bytes=16356 slow_bytes=28 batches=965 queries=980
t=5109034 read event=388 count=16384 submitted=6356992 read_us=292 tx_us=10141 ack_sample=0 fast_bytes=16382 slow_bytes=2 batches=579 queries=581
t=5117926 read event=389 count=16384 submitted=6373376 read_us=269 tx_us=8520 ack_sample=0 fast_bytes=16382 slow_bytes=2 batches=440 queries=442
t=5134630 read event=390 count=16384 submitted=6389760 read_us=261 tx_us=16410 ack_sample=0 fast_bytes=16340 slow_bytes=44 batches=1093 queries=1116
t=5145009 read event=391 count=16384 submitted=6406144 read_us=289 tx_us=10058 ack_sample=0 fast_bytes=16380 slow_bytes=4 batches=571 queries=574
t=5153724 read event=392 count=16384 submitted=6422528 read_us=259 tx_us=8424 ack_sample=0 fast_bytes=16384 slow_bytes=0 batches=433 queries=434
t=5172222 read event=393 count=16384 submitted=6438912 read_us=271 tx_us=18120 ack_sample=0 fast_bytes=16348 slow_bytes=36 batches=1242 queries=1261
t=5184068 read event=394 count=16384 submitted=6455296 read_us=260 tx_us=11552 ack_sample=0 fast_bytes=16378 slow_bytes=6 batches=697 queries=701
t=5202106 read event=395 count=16384 submitted=6471680 read_us=265 tx_us=17741 ack_sample=0 fast_bytes=16356 slow_bytes=28 batches=1215 queries=1230
t=5214587 read event=396 count=16384 submitted=6488064 read_us=266 tx_us=12181 ack_sample=0 fast_bytes=16384 slow_bytes=0 batches=755 queries=756
t=5231253 read event=397 count=16384 submitted=6504448 read_us=266 tx_us=16283 ack_sample=0 fast_bytes=16352 slow_bytes=32 batches=1087 queries=1104
t=5244218 read event=398 count=16384 submitted=6520832 read_us=259 tx_us=12670 ack_sample=0 fast_bytes=16380 slow_bytes=4 batches=794 queries=797
t=5256663 read event=399 count=16384 submitted=6537216 read_us=268 tx_us=12142 ack_sample=0 fast_bytes=16366 slow_bytes=18 batches=741 queries=751
t=5272808 read event=400 count=16384 submitted=6553600 read_us=259 tx_us=15843 ack_sample=0 fast_bytes=16368 slow_bytes=16 batches=1059 queries=1068
t=5284270 read event=401 count=16384 submitted=6569984 read_us=269 tx_us=11084 ack_sample=0 fast_bytes=16382 slow_bytes=2 batches=659 queries=661
t=5302288 read event=402 count=16384 submitted=6586368 read_us=257 tx_us=17728 ack_sample=0 fast_bytes=16342 slow_bytes=42 batches=1205 queries=1227
t=5314142 read event=403 count=16384 submitted=6602752 read_us=262 tx_us=11558 ack_sample=0 fast_bytes=16382 slow_bytes=2 batches=700 queries=702
t=5330634 read event=404 count=16384 submitted=6619136 read_us=257 tx_us=16201 ack_sample=0 fast_bytes=16364 slow_bytes=20 batches=1088 queries=1099
t=5342864 read event=405 count=16384 submitted=6635520 read_us=266 tx_us=11836 ack_sample=0 fast_bytes=16372 slow_bytes=12 batches=718 queries=725
t=5353192 read event=406 count=16384 submitted=6651904 read_us=261 tx_us=10016 ack_sample=0 fast_bytes=16382 slow_bytes=2 batches=568 queries=570
t=5370907 read event=407 count=16384 submitted=6668288 read_us=259 tx_us=17422 ack_sample=0 fast_bytes=16356 slow_bytes=28 batches=1186 queries=1201
t=5381928 read event=408 count=16384 submitted=6684672 read_us=260 tx_us=10729 ack_sample=0 fast_bytes=16384 slow_bytes=0 batches=630 queries=631
t=5398824 read event=409 count=16384 submitted=6701056 read_us=270 tx_us=16515 ack_sample=0 fast_bytes=16352 slow_bytes=32 batches=1107 queries=1124
t=5411463 read event=410 count=16384 submitted=6717440 read_us=257 tx_us=12348 ack_sample=0 fast_bytes=16378 slow_bytes=6 batches=765 queries=769
t=5426903 read event=411 count=16384 submitted=6733824 read_us=281 tx_us=15126 ack_sample=0 fast_bytes=16362 slow_bytes=22 batches=993 queries=1005
t=5439088 read event=412 count=16384 submitted=6750208 read_us=256 tx_us=11894 ack_sample=0 fast_bytes=16374 slow_bytes=10 batches=724 queries=730
t=5449473 read event=413 count=16384 submitted=6766592 read_us=272 tx_us=10008 ack_sample=0 fast_bytes=16384 slow_bytes=0 batches=568 queries=569
t=5465164 read event=414 count=16384 submitted=6782976 read_us=278 tx_us=15376 ack_sample=0 fast_bytes=16364 slow_bytes=20 batches=1017 queries=1028
t=5477187 read event=415 count=16384 submitted=6799360 read_us=263 tx_us=11728 ack_sample=0 fast_bytes=16376 slow_bytes=8 batches=711 queries=716
t=5487473 read event=416 count=16384 submitted=6815744 read_us=259 tx_us=9994 ack_sample=0 fast_bytes=16382 slow_bytes=2 batches=565 queries=567
t=5504257 read event=417 count=16384 submitted=6832128 read_us=289 tx_us=16384 ack_sample=0 fast_bytes=16366 slow_bytes=18 batches=1104 queries=1114
t=5515148 read event=418 count=16384 submitted=6848512 read_us=256 tx_us=10600 ack_sample=0 fast_bytes=16382 slow_bytes=2 batches=617 queries=619
t=5530264 read event=419 count=16384 submitted=6864896 read_us=261 tx_us=14823 ack_sample=0 fast_bytes=16360 slow_bytes=24 batches=967 queries=980
t=5542631 read event=420 count=16384 submitted=6881280 read_us=258 tx_us=12076 ack_sample=0 fast_bytes=16380 slow_bytes=4 batches=743 queries=746
t=5553793 read event=421 count=16384 submitted=6897664 read_us=268 tx_us=10771 ack_sample=0 fast_bytes=16380 slow_bytes=4 batches=631 queries=634
t=5569551 read event=422 count=16384 submitted=6914048 read_us=259 tx_us=15463 ack_sample=0 fast_bytes=16364 slow_bytes=20 batches=1021 queries=1032
t=5580738 read event=423 count=16384 submitted=6930432 read_us=292 tx_us=10862 ack_sample=0 fast_bytes=16382 slow_bytes=2 batches=640 queries=642
t=5594220 read event=424 count=16384 submitted=6946816 read_us=260 tx_us=13189 ack_sample=0 fast_bytes=16372 slow_bytes=12 batches=834 queries=841
t=5606236 read event=425 count=16384 submitted=6963200 read_us=269 tx_us=11637 ack_sample=0 fast_bytes=16380 slow_bytes=4 batches=704 queries=707
t=5617876 read event=426 count=16384 submitted=6979584 read_us=259 tx_us=11346 ack_sample=0 fast_bytes=16378 slow_bytes=6 batches=679 queries=683
t=5641423 read event=427 count=16384 submitted=6995968 read_us=262 tx_us=23252 ack_sample=0 fast_bytes=16292 slow_bytes=92 batches=1652 queries=1699
t=5670041 read event=428 count=16384 submitted=7012352 read_us=277 tx_us=28309 ack_sample=0 fast_bytes=15992 slow_bytes=392 batches=1704 queries=1901
t=5693365 read event=429 count=16384 submitted=7028736 read_us=271 tx_us=22946 ack_sample=0 fast_bytes=16032 slow_bytes=352 batches=1304 queries=1481
t=5712362 read event=430 count=16384 submitted=7045120 read_us=262 tx_us=18698 ack_sample=0 fast_bytes=16346 slow_bytes=38 batches=1291 queries=1311
t=5727650 read event=431 count=16384 submitted=7061504 read_us=262 tx_us=14994 ack_sample=0 fast_bytes=16038 slow_bytes=346 batches=734 queries=908
t=5747651 read event=432 count=16384 submitted=7077888 read_us=270 tx_us=19698 ack_sample=0 fast_bytes=16338 slow_bytes=46 batches=1372 queries=1396
t=5762456 read event=433 count=16384 submitted=7094272 read_us=281 tx_us=14256 ack_sample=0 fast_bytes=16046 slow_bytes=338 batches=670 queries=840
t=5779463 read event=434 count=16384 submitted=7110656 read_us=293 tx_us=16648 ack_sample=0 fast_bytes=16356 slow_bytes=28 batches=1122 queries=1137
t=5788641 read event=435 count=16384 submitted=7127040 read_us=278 tx_us=8865 ack_sample=0 fast_bytes=16382 slow_bytes=2 batches=470 queries=472
t=5806381 read event=436 count=16384 submitted=7143424 read_us=271 tx_us=17435 ack_sample=0 fast_bytes=16346 slow_bytes=38 batches=1183 queries=1203
t=5818444 read event=437 count=16384 submitted=7159808 read_us=287 tx_us=11663 ack_sample=0 fast_bytes=16376 slow_bytes=8 batches=706 queries=711
t=5830412 read event=438 count=16384 submitted=7176192 read_us=274 tx_us=11662 ack_sample=0 fast_bytes=16358 slow_bytes=26 batches=697 queries=711
t=5845821 read event=439 count=16384 submitted=7192576 read_us=289 tx_us=15090 ack_sample=0 fast_bytes=16368 slow_bytes=16 batches=995 queries=1004
t=5855521 read event=440 count=16384 submitted=7208960 read_us=263 tx_us=9404 ack_sample=0 fast_bytes=16384 slow_bytes=0 batches=517 queries=518
t=5870731 read event=441 count=16384 submitted=7225344 read_us=283 tx_us=14807 ack_sample=0 fast_bytes=16354 slow_bytes=30 batches=962 queries=978
t=5884146 read event=442 count=16384 submitted=7241728 read_us=266 tx_us=13111 ack_sample=0 fast_bytes=16366 slow_bytes=18 batches=824 queries=834
t=5895056 read event=443 count=16384 submitted=7258112 read_us=274 tx_us=10602 ack_sample=0 fast_bytes=16366 slow_bytes=18 batches=610 queries=620
t=5909920 read event=444 count=16384 submitted=7274496 read_us=260 tx_us=14570 ack_sample=0 fast_bytes=16360 slow_bytes=24 batches=946 queries=959
t=5920461 read event=445 count=16384 submitted=7290880 read_us=270 tx_us=10161 ack_sample=0 fast_bytes=16384 slow_bytes=0 batches=582 queries=583
t=5931446 read event=446 count=16384 submitted=7307264 read_us=287 tx_us=10664 ack_sample=0 fast_bytes=16366 slow_bytes=18 batches=616 queries=626
t=5945842 read event=447 count=16384 submitted=7323648 read_us=278 tx_us=14087 ack_sample=0 fast_bytes=16368 slow_bytes=16 batches=903 queries=912
t=5955987 read event=448 count=16384 submitted=7340032 read_us=267 tx_us=9844 ack_sample=1 fast_bytes=16380 slow_bytes=4 batches=552 queries=555
t=5956016 profile_ack event=448 words=2 high_reads=4 low_reads=4 high_wait_words=2 low_wait_words=2 high_max_reads=2 low_max_reads=2 uninitialized=0
t=5967953 read event=449 count=16384 submitted=7356416 read_us=272 tx_us=11565 ack_sample=0 fast_bytes=16364 slow_bytes=20 batches=691 queries=702
t=5979871 read event=450 count=16384 submitted=7372800 read_us=259 tx_us=11624 ack_sample=0 fast_bytes=16374 slow_bytes=10 batches=702 queries=708
t=5989909 read event=451 count=16384 submitted=7389184 read_us=263 tx_us=9744 ack_sample=0 fast_bytes=16384 slow_bytes=0 batches=545 queries=546
t=6000993 read event=452 count=16384 submitted=7405568 read_us=259 tx_us=10792 ack_sample=0 fast_bytes=16356 slow_bytes=28 batches=621 queries=636
t=6011889 read event=453 count=16384 submitted=7421952 read_us=269 tx_us=10527 ack_sample=0 fast_bytes=16378 slow_bytes=6 batches=609 queries=613
t=6021356 read event=454 count=16384 submitted=7438336 read_us=261 tx_us=9171 ack_sample=0 fast_bytes=16374 slow_bytes=10 batches=492 queries=498
t=6029337 read event=455 count=16384 submitted=7454720 read_us=261 tx_us=7688 ack_sample=0 fast_bytes=16384 slow_bytes=0 batches=370 queries=371
t=6044456 read event=456 count=16384 submitted=7471104 read_us=269 tx_us=14813 ack_sample=0 fast_bytes=16348 slow_bytes=36 batches=960 queries=979
t=6053699 read event=457 count=16384 submitted=7487488 read_us=291 tx_us=8846 ack_sample=0 fast_bytes=16380 slow_bytes=4 batches=466 queries=469
t=6063143 read event=458 count=16384 submitted=7503872 read_us=270 tx_us=9138 ack_sample=0 fast_bytes=16380 slow_bytes=4 batches=492 queries=495
t=6078409 read event=459 count=16384 submitted=7520256 read_us=262 tx_us=14973 ack_sample=0 fast_bytes=16350 slow_bytes=34 batches=975 queries=993
t=6087501 read event=460 count=16384 submitted=7536640 read_us=283 tx_us=8775 ack_sample=0 fast_bytes=16384 slow_bytes=0 batches=464 queries=465
t=6097150 read event=461 count=16384 submitted=7553024 read_us=288 tx_us=9229 ack_sample=0 fast_bytes=16384 slow_bytes=0 batches=502 queries=503
t=6113523 read event=462 count=16384 submitted=7569408 read_us=257 tx_us=16079 ack_sample=0 fast_bytes=16344 slow_bytes=40 batches=1065 queries=1086
t=6124994 read event=463 count=16384 submitted=7585792 read_us=278 tx_us=11161 ack_sample=0 fast_bytes=16380 slow_bytes=4 batches=665 queries=668
t=6139063 read event=464 count=16384 submitted=7602176 read_us=256 tx_us=13780 ack_sample=0 fast_bytes=16364 slow_bytes=20 batches=880 queries=891
t=6153298 read event=465 count=16384 submitted=7618560 read_us=267 tx_us=13867 ack_sample=0 fast_bytes=16362 slow_bytes=22 batches=886 queries=898
t=6165210 read event=466 count=16384 submitted=7634944 read_us=261 tx_us=11619 ack_sample=0 fast_bytes=16382 slow_bytes=2 batches=705 queries=707
t=6181922 read event=467 count=16384 submitted=7651328 read_us=259 tx_us=16422 ack_sample=0 fast_bytes=16352 slow_bytes=32 batches=1098 queries=1115
t=6194495 read event=468 count=16384 submitted=7667712 read_us=258 tx_us=12284 ack_sample=0 fast_bytes=16380 slow_bytes=4 batches=761 queries=764
t=6209830 read event=469 count=16384 submitted=7684096 read_us=286 tx_us=14939 ack_sample=0 fast_bytes=16350 slow_bytes=34 batches=972 queries=990
t=6223953 read event=470 count=16384 submitted=7700480 read_us=261 tx_us=13828 ack_sample=0 fast_bytes=16382 slow_bytes=2 batches=894 queries=896
t=6238058 read event=471 count=16384 submitted=7716864 read_us=260 tx_us=13814 ack_sample=0 fast_bytes=16362 slow_bytes=22 batches=881 queries=893
t=6253796 read event=472 count=16384 submitted=7733248 read_us=259 tx_us=15445 ack_sample=0 fast_bytes=16366 slow_bytes=18 batches=1023 queries=1033
t=6265856 read event=473 count=16384 submitted=7749632 read_us=271 tx_us=11687 ack_sample=0 fast_bytes=16384 slow_bytes=0 batches=712 queries=713
t=6284522 read event=474 count=16384 submitted=7766016 read_us=259 tx_us=18374 ack_sample=0 fast_bytes=16334 slow_bytes=50 batches=1257 queries=1283
t=6297555 read event=475 count=16384 submitted=7782400 read_us=288 tx_us=12711 ack_sample=0 fast_bytes=16382 slow_bytes=2 batches=799 queries=801
t=6314244 read event=476 count=16384 submitted=7798784 read_us=277 tx_us=16379 ack_sample=0 fast_bytes=16362 slow_bytes=22 batches=1101 queries=1113
t=6325981 read event=477 count=16384 submitted=7815168 read_us=270 tx_us=11356 ack_sample=0 fast_bytes=16382 slow_bytes=2 batches=682 queries=684
t=6339938 read event=478 count=16384 submitted=7831552 read_us=258 tx_us=13665 ack_sample=0 fast_bytes=16354 slow_bytes=30 batches=865 queries=881
t=6353886 read event=479 count=16384 submitted=7847936 read_us=260 tx_us=13657 ack_sample=0 fast_bytes=16372 slow_bytes=12 batches=874 queries=881
t=6364638 read event=480 count=16384 submitted=7864320 read_us=259 tx_us=10459 ack_sample=0 fast_bytes=16382 slow_bytes=2 batches=605 queries=607
t=6382102 read event=481 count=16384 submitted=7880704 read_us=271 tx_us=17069 ack_sample=0 fast_bytes=16350 slow_bytes=34 batches=1154 queries=1172
t=6393629 read event=482 count=16384 submitted=7897088 read_us=260 tx_us=11232 ack_sample=0 fast_bytes=16380 slow_bytes=4 batches=671 queries=674
t=6409109 read event=483 count=16384 submitted=7913472 read_us=279 tx_us=15171 ack_sample=0 fast_bytes=16352 slow_bytes=32 batches=993 queries=1010
t=6422137 read event=484 count=16384 submitted=7929856 read_us=259 tx_us=12736 ack_sample=0 fast_bytes=16376 slow_bytes=8 batches=797 queries=802
t=6432225 read event=485 count=16384 submitted=7946240 read_us=272 tx_us=9704 ack_sample=0 fast_bytes=16382 slow_bytes=2 batches=540 queries=542
t=6450633 read event=486 count=16384 submitted=7962624 read_us=260 tx_us=18111 ack_sample=0 fast_bytes=16344 slow_bytes=40 batches=1240 queries=1261
t=6461950 read event=487 count=16384 submitted=7979008 read_us=273 tx_us=11013 ack_sample=0 fast_bytes=16382 slow_bytes=2 batches=653 queries=655
t=6478633 read event=488 count=16384 submitted=7995392 read_us=258 tx_us=16392 ack_sample=0 fast_bytes=16340 slow_bytes=44 batches=1091 queries=1114
t=6491499 read event=489 count=16384 submitted=8011776 read_us=272 tx_us=12461 ack_sample=0 fast_bytes=16382 slow_bytes=2 batches=776 queries=778
t=6503778 read event=490 count=16384 submitted=8028160 read_us=282 tx_us=11959 ack_sample=0 fast_bytes=16368 slow_bytes=16 batches=727 queries=736
t=6519694 read event=491 count=16384 submitted=8044544 read_us=262 tx_us=15622 ack_sample=0 fast_bytes=16370 slow_bytes=14 batches=1037 queries=1045
t=6530733 read event=492 count=16384 submitted=8060928 read_us=263 tx_us=10741 ack_sample=0 fast_bytes=16384 slow_bytes=0 batches=631 queries=632
t=6548049 read event=493 count=16384 submitted=8077312 read_us=269 tx_us=16933 ack_sample=0 fast_bytes=16346 slow_bytes=38 batches=1140 queries=1160
t=6560422 read event=494 count=16384 submitted=8093696 read_us=261 tx_us=12078 ack_sample=0 fast_bytes=16378 slow_bytes=6 batches=741 queries=745
t=6574955 read event=495 count=16384 submitted=8110080 read_us=281 tx_us=14221 ack_sample=0 fast_bytes=16354 slow_bytes=30 batches=913 queries=929
t=6588330 read event=496 count=16384 submitted=8126464 read_us=259 tx_us=13084 ack_sample=0 fast_bytes=16380 slow_bytes=4 batches=829 queries=832
t=6598868 read event=497 count=16384 submitted=8142848 read_us=287 tx_us=10150 ack_sample=0 fast_bytes=16384 slow_bytes=0 batches=581 queries=582
t=6616277 read event=498 count=16384 submitted=8159232 read_us=259 tx_us=17119 ack_sample=0 fast_bytes=16354 slow_bytes=30 batches=1160 queries=1176
t=6628167 read event=499 count=16384 submitted=8175616 read_us=273 tx_us=11585 ack_sample=0 fast_bytes=16380 slow_bytes=4 batches=701 queries=704
t=6643847 read event=500 count=16384 submitted=8192000 read_us=258 tx_us=15390 ack_sample=0 fast_bytes=16336 slow_bytes=48 batches=1003 queries=1028
t=6655540 read event=501 count=16384 submitted=8208384 read_us=269 tx_us=11314 ack_sample=0 fast_bytes=16374 slow_bytes=10 batches=675 queries=681
t=6669167 read event=502 count=16384 submitted=8224768 read_us=275 tx_us=13319 ack_sample=0 fast_bytes=16362 slow_bytes=22 batches=840 queries=852
t=6683225 read event=503 count=16384 submitted=8241152 read_us=262 tx_us=13765 ack_sample=0 fast_bytes=16362 slow_bytes=22 batches=877 queries=889
t=6694594 read event=504 count=16384 submitted=8257536 read_us=259 tx_us=11078 ack_sample=0 fast_bytes=16384 slow_bytes=0 batches=660 queries=661
t=6709638 read event=505 count=16384 submitted=8273920 read_us=271 tx_us=14653 ack_sample=0 fast_bytes=16350 slow_bytes=34 batches=948 queries=966
t=6721224 read event=506 count=16384 submitted=8290304 read_us=272 tx_us=11279 ack_sample=0 fast_bytes=16378 slow_bytes=6 batches=674 queries=678
t=6732196 read event=507 count=16384 submitted=8306688 read_us=266 tx_us=10672 ack_sample=0 fast_bytes=16384 slow_bytes=0 batches=625 queries=626
t=6748912 read event=508 count=16384 submitted=8323072 read_us=256 tx_us=16426 ack_sample=0 fast_bytes=16352 slow_bytes=32 batches=1099 queries=1116
t=6760008 read event=509 count=16384 submitted=8339456 read_us=269 tx_us=10717 ack_sample=0 fast_bytes=16384 slow_bytes=0 batches=628 queries=629
t=6773360 read event=510 count=16384 submitted=8355840 read_us=259 tx_us=13058 ack_sample=0 fast_bytes=16370 slow_bytes=14 batches=822 queries=830
t=6787661 read event=511 count=16384 submitted=8372224 read_us=261 tx_us=14009 ack_sample=0 fast_bytes=16364 slow_bytes=20 batches=900 queries=911
t=6798266 read event=512 count=16384 submitted=8388608 read_us=256 tx_us=10307 ack_sample=1 fast_bytes=16384 slow_bytes=0 batches=594 queries=595
t=6798293 profile_ack event=512 words=0 high_reads=0 low_reads=0 high_wait_words=0 low_wait_words=0 high_max_reads=0 low_max_reads=0 uninitialized=0
t=6814521 read event=513 count=16384 submitted=8404992 read_us=269 tx_us=15873 ack_sample=0 fast_bytes=16362 slow_bytes=22 batches=1057 queries=1069
t=6825186 read event=514 count=16384 submitted=8421376 read_us=280 tx_us=10348 ack_sample=0 fast_bytes=16384 slow_bytes=0 batches=598 queries=599
t=6838758 read event=515 count=16384 submitted=8437760 read_us=262 tx_us=13278 ack_sample=0 fast_bytes=16366 slow_bytes=18 batches=838 queries=848
t=6853216 read event=516 count=16384 submitted=8454144 read_us=262 tx_us=14147 ack_sample=0 fast_bytes=16366 slow_bytes=18 batches=913 queries=923
t=6864302 read event=517 count=16384 submitted=8470528 read_us=265 tx_us=10709 ack_sample=0 fast_bytes=16384 slow_bytes=0 batches=628 queries=629
t=6879783 read event=518 count=16384 submitted=8486912 read_us=259 tx_us=15187 ack_sample=0 fast_bytes=16356 slow_bytes=28 batches=995 queries=1010
t=6891433 read event=519 count=16384 submitted=8503296 read_us=265 tx_us=11354 ack_sample=0 fast_bytes=16380 slow_bytes=4 batches=682 queries=685
t=6902168 read event=520 count=16384 submitted=8519680 read_us=276 tx_us=10426 ack_sample=0 fast_bytes=16382 slow_bytes=2 batches=603 queries=605
t=6919255 read event=521 count=16384 submitted=8536064 read_us=277 tx_us=16688 ack_sample=0 fast_bytes=16348 slow_bytes=36 batches=1120 queries=1139
t=6930639 read event=522 count=16384 submitted=8552448 read_us=262 tx_us=11086 ack_sample=0 fast_bytes=16376 slow_bytes=8 batches=655 queries=660
t=6945852 read event=523 count=16384 submitted=8568832 read_us=275 tx_us=14903 ack_sample=0 fast_bytes=16358 slow_bytes=26 batches=973 queries=987
t=6957996 read event=524 count=16384 submitted=8585216 read_us=270 tx_us=11835 ack_sample=0 fast_bytes=16374 slow_bytes=10 batches=719 queries=725
t=6968824 read event=525 count=16384 submitted=8601600 read_us=269 tx_us=10440 ack_sample=0 fast_bytes=16378 slow_bytes=6 batches=595 queries=599
t=6986307 read event=526 count=16384 submitted=8617984 read_us=267 tx_us=17180 ack_sample=0 fast_bytes=16358 slow_bytes=26 batches=1168 queries=1182
t=6997987 read event=527 count=16384 submitted=8634368 read_us=263 tx_us=11384 ack_sample=0 fast_bytes=16380 slow_bytes=4 batches=682 queries=685
t=7013827 read event=528 count=16384 submitted=8650752 read_us=261 tx_us=15546 ack_sample=0 fast_bytes=16354 slow_bytes=30 batches=1025 queries=1041
t=7025942 read event=529 count=16384 submitted=8667136 read_us=276 tx_us=11733 ack_sample=0 fast_bytes=16378 slow_bytes=6 batches=712 queries=716
t=7039849 read event=530 count=16384 submitted=8683520 read_us=266 tx_us=13604 ack_sample=0 fast_bytes=16364 slow_bytes=20 batches=865 queries=876
t=7055322 read event=531 count=16384 submitted=8699904 read_us=266 tx_us=15175 ack_sample=0 fast_bytes=16360 slow_bytes=24 batches=997 queries=1010
t=7066606 read event=532 count=16384 submitted=8716288 read_us=260 tx_us=10990 ack_sample=0 fast_bytes=16380 slow_bytes=4 batches=650 queries=653
t=7083720 read event=533 count=16384 submitted=8732672 read_us=270 tx_us=16713 ack_sample=0 fast_bytes=16346 slow_bytes=38 batches=1121 queries=1141
t=7096109 read event=534 count=16384 submitted=8749056 read_us=257 tx_us=12099 ack_sample=0 fast_bytes=16382 slow_bytes=2 batches=746 queries=748
t=7111440 read event=535 count=16384 submitted=8765440 read_us=260 tx_us=15039 ack_sample=0 fast_bytes=16356 slow_bytes=28 batches=984 queries=999
t=7125139 read event=536 count=16384 submitted=8781824 read_us=281 tx_us=13382 ack_sample=0 fast_bytes=16378 slow_bytes=6 batches=853 queries=857
t=7139206 read event=537 count=16384 submitted=8798208 read_us=273 tx_us=13686 ack_sample=0 fast_bytes=16370 slow_bytes=14 batches=873 queries=881
t=7155315 read event=538 count=16384 submitted=8814592 read_us=270 tx_us=15799 ack_sample=0 fast_bytes=16376 slow_bytes=8 batches=1059 queries=1064
t=7166694 read event=539 count=16384 submitted=8830976 read_us=267 tx_us=11079 ack_sample=0 fast_bytes=16380 slow_bytes=4 batches=657 queries=660
t=7183024 read event=540 count=16384 submitted=8847360 read_us=259 tx_us=16037 ack_sample=0 fast_bytes=16352 slow_bytes=32 batches=1066 queries=1083
t=7192053 read event=541 count=16384 submitted=8863744 read_us=271 tx_us=8640 ack_sample=0 fast_bytes=16382 slow_bytes=2 batches=450 queries=452
t=7201210 read event=542 count=16384 submitted=8880128 read_us=259 tx_us=8866 ack_sample=0 fast_bytes=16380 slow_bytes=4 batches=469 queries=472
t=7218123 read event=543 count=16384 submitted=8896512 read_us=260 tx_us=16623 ack_sample=0 fast_bytes=16352 slow_bytes=32 batches=1117 queries=1134
t=7228910 read event=544 count=16384 submitted=8912896 read_us=261 tx_us=10478 ack_sample=0 fast_bytes=16378 slow_bytes=6 batches=605 queries=609
t=7242741 read event=545 count=16384 submitted=8929280 read_us=272 tx_us=13456 ack_sample=0 fast_bytes=16362 slow_bytes=22 batches=851 queries=863
t=7257429 read event=546 count=16384 submitted=8945664 read_us=255 tx_us=14400 ack_sample=0 fast_bytes=16372 slow_bytes=12 batches=936 queries=943
t=7268293 read event=547 count=16384 submitted=8962048 read_us=280 tx_us=10552 ack_sample=0 fast_bytes=16380 slow_bytes=4 batches=613 queries=616
t=7285313 read event=548 count=16384 submitted=8978432 read_us=258 tx_us=16728 ack_sample=0 fast_bytes=16346 slow_bytes=38 batches=1123 queries=1143
t=7295709 read event=549 count=16384 submitted=8994816 read_us=288 tx_us=9999 ack_sample=0 fast_bytes=16384 slow_bytes=0 batches=568 queries=569
t=7308809 read event=550 count=16384 submitted=9011200 read_us=260 tx_us=12808 ack_sample=0 fast_bytes=16368 slow_bytes=16 batches=798 queries=807
t=7323192 read event=551 count=16384 submitted=9027584 read_us=263 tx_us=14088 ack_sample=0 fast_bytes=16370 slow_bytes=14 batches=910 queries=918
t=7333763 read event=552 count=16384 submitted=9043968 read_us=264 tx_us=10272 ack_sample=0 fast_bytes=16378 slow_bytes=6 batches=587 queries=591
t=7349509 read event=553 count=16384 submitted=9060352 read_us=274 tx_us=15366 ack_sample=0 fast_bytes=16356 slow_bytes=28 batches=1012 queries=1027
t=7359861 read event=554 count=16384 submitted=9076736 read_us=282 tx_us=10035 ack_sample=0 fast_bytes=16382 slow_bytes=2 batches=570 queries=572
t=7370810 read event=555 count=16384 submitted=9093120 read_us=263 tx_us=10654 ack_sample=0 fast_bytes=16382 slow_bytes=2 batches=621 queries=623
t=7387589 read event=556 count=16384 submitted=9109504 read_us=255 tx_us=16491 ack_sample=0 fast_bytes=16352 slow_bytes=32 batches=1106 queries=1123
t=7397318 read event=557 count=16384 submitted=9125888 read_us=270 tx_us=9334 ack_sample=0 fast_bytes=16384 slow_bytes=0 batches=511 queries=512
t=7410509 read event=558 count=16384 submitted=9142272 read_us=258 tx_us=12899 ack_sample=0 fast_bytes=16366 slow_bytes=18 batches=806 queries=816
t=7424009 read event=559 count=16384 submitted=9158656 read_us=291 tx_us=13178 ack_sample=0 fast_bytes=16358 slow_bytes=26 batches=826 queries=840
t=7433968 read event=560 count=16384 submitted=9175040 read_us=262 tx_us=9662 ack_sample=0 fast_bytes=16384 slow_bytes=0 batches=538 queries=539
t=7449274 read event=561 count=16384 submitted=9191424 read_us=266 tx_us=14924 ack_sample=0 fast_bytes=16346 slow_bytes=38 batches=968 queries=988
t=7463010 read event=562 count=16384 submitted=9207808 read_us=262 tx_us=13440 ack_sample=0 fast_bytes=16376 slow_bytes=8 batches=857 queries=862
t=7478414 read event=563 count=16384 submitted=9224192 read_us=266 tx_us=15105 ack_sample=0 fast_bytes=16360 slow_bytes=24 batches=991 queries=1004
t=7490927 read event=564 count=16384 submitted=9240576 read_us=275 tx_us=12206 ack_sample=0 fast_bytes=16362 slow_bytes=22 batches=745 queries=757
t=7502593 read event=565 count=16384 submitted=9256960 read_us=269 tx_us=11287 ack_sample=0 fast_bytes=16384 slow_bytes=0 batches=676 queries=677
t=7517106 read event=566 count=16384 submitted=9273344 read_us=277 tx_us=14203 ack_sample=0 fast_bytes=16354 slow_bytes=30 batches=911 queries=927
t=7528096 read event=567 count=16384 submitted=9289728 read_us=264 tx_us=10695 ack_sample=0 fast_bytes=16382 slow_bytes=2 batches=626 queries=628
t=7539539 read event=568 count=16384 submitted=9306112 read_us=262 tx_us=11146 ack_sample=0 fast_bytes=16382 slow_bytes=2 batches=665 queries=667
t=7556494 read event=569 count=16384 submitted=9322496 read_us=318 tx_us=16531 ack_sample=0 fast_bytes=16344 slow_bytes=40 batches=1105 queries=1126
t=7570999 read event=570 count=16384 submitted=9338880 read_us=279 tx_us=14189 ack_sample=0 fast_bytes=16382 slow_bytes=2 batches=924 queries=926
t=7587432 read event=571 count=16384 submitted=9355264 read_us=263 tx_us=16137 ack_sample=0 fast_bytes=16358 slow_bytes=26 batches=1079 queries=1093
t=7597240 read event=572 count=16384 submitted=9371648 read_us=277 tx_us=9484 ack_sample=0 fast_bytes=16384 slow_bytes=0 batches=524 queries=525
t=7611123 read event=573 count=16384 submitted=9388032 read_us=270 tx_us=13500 ack_sample=0 fast_bytes=16362 slow_bytes=22 batches=855 queries=867
t=7626693 read event=574 count=16384 submitted=9404416 read_us=259 tx_us=15277 ack_sample=0 fast_bytes=16358 slow_bytes=26 batches=1004 queries=1018
t=7639079 read event=575 count=16384 submitted=9420800 read_us=259 tx_us=12095 ack_sample=0 fast_bytes=16382 slow_bytes=2 batches=746 queries=748
t=7656038 read event=576 count=16384 submitted=9437184 read_us=259 tx_us=16667 ack_sample=1 fast_bytes=16336 slow_bytes=48 batches=1112 queries=1137
t=7656066 profile_ack event=576 words=24 high_reads=48 low_reads=47 high_wait_words=24 low_wait_words=23 high_max_reads=2 low_max_reads=2 uninitialized=0
t=7666315 read event=577 count=16384 submitted=9453568 read_us=268 tx_us=9890 ack_sample=0 fast_bytes=16378 slow_bytes=6 batches=555 queries=559
t=7679970 read event=578 count=16384 submitted=9469952 read_us=261 tx_us=13361 ack_sample=0 fast_bytes=16360 slow_bytes=24 batches=842 queries=855
t=7692704 read event=579 count=16384 submitted=9486336 read_us=259 tx_us=12444 ack_sample=0 fast_bytes=16374 slow_bytes=10 batches=770 queries=776
t=7704384 read event=580 count=16384 submitted=9502720 read_us=259 tx_us=11388 ack_sample=0 fast_bytes=16376 slow_bytes=8 batches=682 queries=687
t=7719339 read event=581 count=16384 submitted=9519104 read_us=287 tx_us=14560 ack_sample=0 fast_bytes=16348 slow_bytes=36 batches=939 queries=958
t=7730199 read event=582 count=16384 submitted=9535488 read_us=256 tx_us=10570 ack_sample=0 fast_bytes=16384 slow_bytes=0 batches=616 queries=617
t=7741422 read event=583 count=16384 submitted=9551872 read_us=264 tx_us=10928 ack_sample=0 fast_bytes=16384 slow_bytes=0 batches=647 queries=648
t=7760564 read event=584 count=16384 submitted=9568256 read_us=279 tx_us=18828 ack_sample=0 fast_bytes=16338 slow_bytes=46 batches=1297 queries=1321
t=7776421 read event=585 count=16384 submitted=9584640 read_us=284 tx_us=15470 ack_sample=0 fast_bytes=16370 slow_bytes=14 batches=1028 queries=1036
t=7790514 read event=586 count=16384 submitted=9601024 read_us=276 tx_us=13782 ack_sample=0 fast_bytes=16360 slow_bytes=24 batches=879 queries=892
t=7802273 read event=587 count=16384 submitted=9617408 read_us=278 tx_us=11451 ack_sample=0 fast_bytes=16380 slow_bytes=4 batches=690 queries=693
t=7817850 read event=588 count=16384 submitted=9633792 read_us=259 tx_us=15286 ack_sample=0 fast_bytes=16366 slow_bytes=18 batches=1009 queries=1019
t=7829261 read event=589 count=16384 submitted=9650176 read_us=269 tx_us=11031 ack_sample=0 fast_bytes=16380 slow_bytes=4 batches=654 queries=657
t=7839863 read event=590 count=16384 submitted=9666560 read_us=257 tx_us=10313 ack_sample=0 fast_bytes=16382 slow_bytes=2 batches=593 queries=595
t=7856515 read event=591 count=16384 submitted=9682944 read_us=266 tx_us=16356 ack_sample=0 fast_bytes=16354 slow_bytes=30 batches=1096 queries=1112
t=7866398 read event=592 count=16384 submitted=9699328 read_us=275 tx_us=9575 ack_sample=0 fast_bytes=16382 slow_bytes=2 batches=531 queries=533
t=7879810 read event=593 count=16384 submitted=9715712 read_us=287 tx_us=13023 ack_sample=0 fast_bytes=16360 slow_bytes=24 batches=812 queries=825
t=7893268 read event=594 count=16384 submitted=9732096 read_us=258 tx_us=13166 ack_sample=0 fast_bytes=16360 slow_bytes=24 batches=826 queries=839
t=7905072 read event=595 count=16384 submitted=9748480 read_us=261 tx_us=11514 ack_sample=0 fast_bytes=16384 slow_bytes=0 batches=697 queries=698
t=7920962 read event=596 count=16384 submitted=9764864 read_us=260 tx_us=15598 ack_sample=0 fast_bytes=16348 slow_bytes=36 batches=1027 queries=1046
t=7934917 read event=597 count=16384 submitted=9781248 read_us=273 tx_us=13569 ack_sample=0 fast_bytes=16376 slow_bytes=8 batches=868 queries=873
t=7950362 read event=598 count=16384 submitted=9797632 read_us=266 tx_us=15127 ack_sample=0 fast_bytes=16360 slow_bytes=24 batches=992 queries=1005
t=7962533 read event=599 count=16384 submitted=9814016 read_us=269 tx_us=11867 ack_sample=0 fast_bytes=16378 slow_bytes=6 batches=724 queries=728
t=7974230 read event=600 count=16384 submitted=9830400 read_us=278 tx_us=11384 ack_sample=0 fast_bytes=16382 slow_bytes=2 batches=685 queries=687
t=7989659 read event=601 count=16384 submitted=9846784 read_us=272 tx_us=15037 ack_sample=0 fast_bytes=16364 slow_bytes=20 batches=981 queries=992
t=8000292 read event=602 count=16384 submitted=9863168 read_us=267 tx_us=10316 ack_sample=0 fast_bytes=16382 slow_bytes=2 batches=593 queries=595
t=8014170 read event=603 count=16384 submitted=9879552 read_us=265 tx_us=13579 ack_sample=0 fast_bytes=16360 slow_bytes=24 batches=860 queries=873
t=8029960 read event=604 count=16384 submitted=9895936 read_us=259 tx_us=15498 ack_sample=0 fast_bytes=16372 slow_bytes=12 batches=1031 queries=1038
t=8044463 read event=605 count=16384 submitted=9912320 read_us=280 tx_us=14101 ack_sample=0 fast_bytes=16366 slow_bytes=18 batches=908 queries=918
t=8059187 read event=606 count=16384 submitted=9928704 read_us=280 tx_us=14407 ack_sample=0 fast_bytes=16358 slow_bytes=26 batches=931 queries=945
t=8069156 read event=607 count=16384 submitted=9945088 read_us=266 tx_us=9672 ack_sample=0 fast_bytes=16380 slow_bytes=4 batches=536 queries=539
t=8083560 read event=608 count=16384 submitted=9961472 read_us=263 tx_us=14108 ack_sample=0 fast_bytes=16348 slow_bytes=36 batches=900 queries=919
t=8096041 read event=609 count=16384 submitted=9977856 read_us=283 tx_us=12096 ack_sample=0 fast_bytes=16382 slow_bytes=2 batches=746 queries=748
t=8107659 read event=610 count=16384 submitted=9994240 read_us=259 tx_us=11325 ack_sample=0 fast_bytes=16380 slow_bytes=4 batches=679 queries=682
t=8122996 read event=611 count=16384 submitted=10010624 read_us=270 tx_us=15028 ack_sample=0 fast_bytes=16354 slow_bytes=30 batches=982 queries=998
t=8133557 read event=612 count=16384 submitted=10027008 read_us=259 tx_us=10270 ack_sample=0 fast_bytes=16382 slow_bytes=2 batches=589 queries=591
t=8147765 read event=613 count=16384 submitted=10043392 read_us=287 tx_us=13809 ack_sample=0 fast_bytes=16356 slow_bytes=28 batches=878 queries=893
t=8162437 read event=614 count=16384 submitted=10059776 read_us=259 tx_us=14376 ack_sample=0 fast_bytes=16364 slow_bytes=20 batches=931 queries=942
t=8176119 read event=615 count=16384 submitted=10076160 read_us=278 tx_us=13371 ack_sample=0 fast_bytes=16382 slow_bytes=2 batches=855 queries=857
t=8191483 read event=616 count=16384 submitted=10092544 read_us=260 tx_us=15072 ack_sample=0 fast_bytes=16362 slow_bytes=22 batches=989 queries=1001
t=8203189 read event=617 count=16384 submitted=10108928 read_us=289 tx_us=11311 ack_sample=0 fast_bytes=16380 slow_bytes=4 batches=678 queries=681
t=8217410 read event=618 count=16384 submitted=10125312 read_us=257 tx_us=13929 ack_sample=0 fast_bytes=16360 slow_bytes=24 batches=891 queries=904
t=8229806 read event=619 count=16384 submitted=10141696 read_us=292 tx_us=12072 ack_sample=0 fast_bytes=16378 slow_bytes=6 batches=742 queries=746
t=8240782 read event=620 count=16384 submitted=10158080 read_us=257 tx_us=10688 ack_sample=0 fast_bytes=16378 slow_bytes=6 batches=623 queries=627
t=8258215 read event=621 count=16384 submitted=10174464 read_us=268 tx_us=17058 ack_sample=0 fast_bytes=16352 slow_bytes=32 batches=1152 queries=1169
t=8271849 read event=622 count=16384 submitted=10190848 read_us=258 tx_us=13341 ack_sample=0 fast_bytes=16378 slow_bytes=6 batches=850 queries=854
t=8288532 read event=623 count=16384 submitted=10207232 read_us=261 tx_us=16389 ack_sample=0 fast_bytes=16346 slow_bytes=38 batches=1094 queries=1114
t=8299155 read event=624 count=16384 submitted=10223616 read_us=279 tx_us=10313 ack_sample=0 fast_bytes=16384 slow_bytes=0 batches=595 queries=596
t=8299184 profile_poll polls=320 elapsed_us=58300 interval_us=49301 chunks=4
t=8310227 read event=625 count=16384 submitted=10240000 read_us=269 tx_us=10691 ack_sample=0 fast_bytes=16382 slow_bytes=2 batches=625 queries=627
t=8326013 read event=626 count=16384 submitted=10256384 read_us=261 tx_us=15477 ack_sample=0 fast_bytes=16352 slow_bytes=32 batches=1018 queries=1035
t=8337408 read event=627 count=16384 submitted=10272768 read_us=261 tx_us=11099 ack_sample=0 fast_bytes=16380 slow_bytes=4 batches=660 queries=663
t=8352041 read event=628 count=16384 submitted=10289152 read_us=275 tx_us=14326 ack_sample=0 fast_bytes=16350 slow_bytes=34 batches=920 queries=938
t=8364543 read event=629 count=16384 submitted=10305536 read_us=267 tx_us=12124 ack_sample=0 fast_bytes=16378 slow_bytes=6 batches=746 queries=750
t=8376417 read event=630 count=16384 submitted=10321920 read_us=279 tx_us=11557 ack_sample=0 fast_bytes=16384 slow_bytes=0 batches=701 queries=702
t=8392326 read event=631 count=16384 submitted=10338304 read_us=278 tx_us=15599 ack_sample=0 fast_bytes=16350 slow_bytes=34 batches=1028 queries=1046
t=8405098 read event=632 count=16384 submitted=10354688 read_us=261 tx_us=12478 ack_sample=0 fast_bytes=16380 slow_bytes=4 batches=777 queries=780
t=8420357 read event=633 count=16384 submitted=10371072 read_us=269 tx_us=14886 ack_sample=0 fast_bytes=16360 slow_bytes=24 batches=973 queries=986
t=8433160 read event=634 count=16384 submitted=10387456 read_us=260 tx_us=12509 ack_sample=0 fast_bytes=16378 slow_bytes=6 batches=779 queries=783
t=8445006 read event=635 count=16384 submitted=10403840 read_us=265 tx_us=11546 ack_sample=0 fast_bytes=16376 slow_bytes=8 batches=694 queries=699
t=8462327 read event=636 count=16384 submitted=10420224 read_us=258 tx_us=17031 ack_sample=0 fast_bytes=16358 slow_bytes=26 batches=1155 queries=1169
t=8474692 read event=637 count=16384 submitted=10436608 read_us=287 tx_us=11963 ack_sample=0 fast_bytes=16384 slow_bytes=0 batches=736 queries=737
t=8490700 read event=638 count=16384 submitted=10452992 read_us=258 tx_us=15716 ack_sample=0 fast_bytes=16336 slow_bytes=48 batches=1031 queries=1056
t=8503619 read event=639 count=16384 submitted=10469376 read_us=259 tx_us=12629 ack_sample=0 fast_bytes=16380 slow_bytes=4 batches=787 queries=790
t=8517936 read event=640 count=16384 submitted=10485760 read_us=285 tx_us=13999 ack_sample=1 fast_bytes=16354 slow_bytes=30 batches=893 queries=909
t=8517964 profile_ack event=640 words=15 high_reads=30 low_reads=30 high_wait_words=15 low_wait_words=15 high_max_reads=2 low_max_reads=2 uninitialized=0
t=8532212 read event=641 count=16384 submitted=10502144 read_us=272 tx_us=13874 ack_sample=0 fast_bytes=16374 slow_bytes=10 batches=893 queries=899
t=8543532 read event=642 count=16384 submitted=10518528 read_us=261 tx_us=11023 ack_sample=0 fast_bytes=16378 slow_bytes=6 batches=652 queries=656
t=8560951 read event=643 count=16384 submitted=10534912 read_us=277 tx_us=17110 ack_sample=0 fast_bytes=16358 slow_bytes=26 batches=1162 queries=1176
t=8573383 read event=644 count=16384 submitted=10551296 read_us=258 tx_us=12142 ack_sample=0 fast_bytes=16384 slow_bytes=0 batches=750 queries=751
t=8589119 read event=645 count=16384 submitted=10567680 read_us=288 tx_us=15332 ack_sample=0 fast_bytes=16354 slow_bytes=30 batches=1008 queries=1024
t=8602022 read event=646 count=16384 submitted=10584064 read_us=259 tx_us=12608 ack_sample=0 fast_bytes=16380 slow_bytes=4 batches=788 queries=791
t=8615447 read event=647 count=16384 submitted=10600448 read_us=260 tx_us=13133 ack_sample=0 fast_bytes=16358 slow_bytes=26 batches=822 queries=836
t=8630718 read event=648 count=16384 submitted=10616832 read_us=275 tx_us=14963 ack_sample=0 fast_bytes=16374 slow_bytes=10 batches=986 queries=992
t=8642456 read event=649 count=16384 submitted=10633216 read_us=271 tx_us=11366 ack_sample=0 fast_bytes=16382 slow_bytes=2 batches=683 queries=685
t=8657574 read event=650 count=16384 submitted=10649600 read_us=276 tx_us=14808 ack_sample=0 fast_bytes=16352 slow_bytes=32 batches=963 queries=980
t=8667413 read event=651 count=16384 submitted=10665984 read_us=282 tx_us=9525 ack_sample=0 fast_bytes=16384 slow_bytes=0 batches=528 queries=529
t=8676978 read event=652 count=16384 submitted=10682368 read_us=283 tx_us=9235 ack_sample=0 fast_bytes=16384 slow_bytes=0 batches=503 queries=504
t=8692906 read event=653 count=16384 submitted=10698752 read_us=268 tx_us=15549 ack_sample=0 fast_bytes=16346 slow_bytes=38 batches=1021 queries=1041
t=8705696 read event=654 count=16384 submitted=10715136 read_us=259 tx_us=12498 ack_sample=0 fast_bytes=16380 slow_bytes=4 batches=779 queries=782
t=8720902 read event=655 count=16384 submitted=10731520 read_us=259 tx_us=14916 ack_sample=0 fast_bytes=16346 slow_bytes=38 batches=968 queries=988
t=8733743 read event=656 count=16384 submitted=10747904 read_us=261 tx_us=12546 ack_sample=0 fast_bytes=16378 slow_bytes=6 batches=782 queries=786
t=8745727 read event=657 count=16384 submitted=10764288 read_us=271 tx_us=11611 ack_sample=0 fast_bytes=16378 slow_bytes=6 batches=702 queries=706
t=8762637 read event=658 count=16384 submitted=10780672 read_us=258 tx_us=16617 ack_sample=0 fast_bytes=16346 slow_bytes=38 batches=1112 queries=1132
t=8774890 read event=659 count=16384 submitted=10797056 read_us=274 tx_us=11947 ack_sample=0 fast_bytes=16384 slow_bytes=0 batches=734 queries=735
t=8791001 read event=660 count=16384 submitted=10813440 read_us=262 tx_us=15815 ack_sample=0 fast_bytes=16358 slow_bytes=26 batches=1051 queries=1065
t=8803747 read event=661 count=16384 submitted=10829824 read_us=284 tx_us=12200 ack_sample=0 fast_bytes=16382 slow_bytes=2 batches=750 queries=752
t=8817538 read event=662 count=16384 submitted=10846208 read_us=269 tx_us=13480 ack_sample=0 fast_bytes=16366 slow_bytes=18 batches=856 queries=866
t=8829693 read event=663 count=16384 submitted=10862592 read_us=280 tx_us=11840 ack_sample=0 fast_bytes=16374 slow_bytes=10 batches=719 queries=725
t=8839792 read event=664 count=16384 submitted=10878976 read_us=261 tx_us=9804 ack_sample=0 fast_bytes=16380 slow_bytes=4 batches=549 queries=552
t=8851029 read event=665 count=16384 submitted=10895360 read_us=267 tx_us=10861 ack_sample=0 fast_bytes=16372 slow_bytes=12 batches=635 queries=642
t=8865361 read event=666 count=16384 submitted=10911744 read_us=258 tx_us=14040 ack_sample=0 fast_bytes=16366 slow_bytes=18 batches=904 queries=914
t=8877391 read event=667 count=16384 submitted=10928128 read_us=263 tx_us=11735 ack_sample=0 fast_bytes=16382 slow_bytes=2 batches=715 queries=717
t=8893508 read event=668 count=16384 submitted=10944512 read_us=259 tx_us=15826 ack_sample=0 fast_bytes=16348 slow_bytes=36 batches=1046 queries=1065
t=8905346 read event=669 count=16384 submitted=10960896 read_us=290 tx_us=11438 ack_sample=0 fast_bytes=16382 slow_bytes=2 batches=690 queries=692
t=8919381 read event=670 count=16384 submitted=10977280 read_us=260 tx_us=13742 ack_sample=0 fast_bytes=16366 slow_bytes=18 batches=878 queries=888
t=8933379 read event=671 count=16384 submitted=10993664 read_us=263 tx_us=13702 ack_sample=0 fast_bytes=16368 slow_bytes=16 batches=876 queries=885
t=8945328 read event=672 count=16384 submitted=11010048 read_us=263 tx_us=11652 ack_sample=0 fast_bytes=16384 slow_bytes=0 batches=708 queries=709
t=8961955 read event=673 count=16384 submitted=11026432 read_us=284 tx_us=16242 ack_sample=0 fast_bytes=16346 slow_bytes=38 batches=1082 queries=1102
t=8974719 read event=674 count=16384 submitted=11042816 read_us=261 tx_us=12466 ack_sample=0 fast_bytes=16380 slow_bytes=4 batches=776 queries=779
t=8990081 read event=675 count=16384 submitted=11059200 read_us=272 tx_us=15057 ack_sample=0 fast_bytes=16350 slow_bytes=34 batches=982 queries=1000
t=9002768 read event=676 count=16384 submitted=11075584 read_us=259 tx_us=12393 ack_sample=0 fast_bytes=16380 slow_bytes=4 batches=770 queries=773
t=9016995 read event=677 count=16384 submitted=11091968 read_us=269 tx_us=13845 ack_sample=0 fast_bytes=16364 slow_bytes=20 batches=877 queries=888
t=9031552 read event=678 count=16384 submitted=11108352 read_us=266 tx_us=14253 ack_sample=0 fast_bytes=16372 slow_bytes=12 batches=925 queries=932
t=9043792 read event=679 count=16384 submitted=11124736 read_us=315 tx_us=11888 ack_sample=0 fast_bytes=16382 slow_bytes=2 batches=728 queries=730
t=9058586 read event=680 count=16384 submitted=11141120 read_us=273 tx_us=14470 ack_sample=0 fast_bytes=16360 slow_bytes=24 batches=938 queries=951
t=9068795 read event=681 count=16384 submitted=11157504 read_us=274 tx_us=9796 ack_sample=0 fast_bytes=16380 slow_bytes=4 batches=548 queries=551
t=9078507 read event=682 count=16384 submitted=11173888 read_us=258 tx_us=9419 ack_sample=0 fast_bytes=16382 slow_bytes=2 batches=516 queries=518
t=9093394 read event=683 count=16384 submitted=11190272 read_us=281 tx_us=14572 ack_sample=0 fast_bytes=16338 slow_bytes=46 batches=935 queries=959
t=9106333 read event=684 count=16384 submitted=11206656 read_us=261 tx_us=12632 ack_sample=0 fast_bytes=16374 slow_bytes=10 batches=788 queries=794
t=9119698 read event=685 count=16384 submitted=11223040 read_us=289 tx_us=12966 ack_sample=0 fast_bytes=16370 slow_bytes=14 batches=814 queries=822
t=9134994 read event=686 count=16384 submitted=11239424 read_us=258 tx_us=15004 ack_sample=0 fast_bytes=16366 slow_bytes=18 batches=985 queries=995
t=9146713 read event=687 count=16384 submitted=11255808 read_us=261 tx_us=11426 ack_sample=0 fast_bytes=16384 slow_bytes=0 batches=689 queries=690
t=9163614 read event=688 count=16384 submitted=11272192 read_us=258 tx_us=16610 ack_sample=0 fast_bytes=16346 slow_bytes=38 batches=1113 queries=1133
t=9176276 read event=689 count=16384 submitted=11288576 read_us=270 tx_us=12273 ack_sample=0 fast_bytes=16380 slow_bytes=4 batches=759 queries=762
t=9191865 read event=690 count=16384 submitted=11304960 read_us=266 tx_us=15284 ack_sample=0 fast_bytes=16352 slow_bytes=32 batches=1002 queries=1019
t=9204755 read event=691 count=16384 submitted=11321344 read_us=269 tx_us=12585 ack_sample=0 fast_bytes=16378 slow_bytes=6 batches=784 queries=788
t=9218623 read event=692 count=16384 submitted=11337728 read_us=260 tx_us=13573 ack_sample=0 fast_bytes=16368 slow_bytes=16 batches=865 queries=874
t=9232776 read event=693 count=16384 submitted=11354112 read_us=270 tx_us=13753 ack_sample=0 fast_bytes=16376 slow_bytes=8 batches=884 queries=889
t=9244905 read event=694 count=16384 submitted=11370496 read_us=261 tx_us=11833 ack_sample=0 fast_bytes=16378 slow_bytes=6 batches=721 queries=725
t=9260739 read event=695 count=16384 submitted=11386880 read_us=259 tx_us=15543 ack_sample=0 fast_bytes=16352 slow_bytes=32 batches=1023 queries=1040
t=9271743 read event=696 count=16384 submitted=11403264 read_us=259 tx_us=10712 ack_sample=0 fast_bytes=16382 slow_bytes=2 batches=627 queries=629
t=9285298 read event=697 count=16384 submitted=11419648 read_us=270 tx_us=13181 ack_sample=0 fast_bytes=16362 slow_bytes=22 batches=828 queries=840
t=9299191 read event=698 count=16384 submitted=11436032 read_us=259 tx_us=13600 ack_sample=0 fast_bytes=16362 slow_bytes=22 batches=864 queries=876
t=9309643 read event=699 count=16384 submitted=11452416 read_us=264 tx_us=10154 ack_sample=0 fast_bytes=16378 slow_bytes=6 batches=578 queries=582
t=9324491 read event=700 count=16384 submitted=11468800 read_us=268 tx_us=14550 ack_sample=0 fast_bytes=16358 slow_bytes=26 batches=942 queries=956
t=9336333 read event=701 count=16384 submitted=11485184 read_us=291 tx_us=11443 ack_sample=0 fast_bytes=16376 slow_bytes=8 batches=687 queries=692
t=9346875 read event=702 count=16384 submitted=11501568 read_us=256 tx_us=10251 ack_sample=0 fast_bytes=16384 slow_bytes=0 batches=589 queries=590
t=9363818 read event=703 count=16384 submitted=11517952 read_us=262 tx_us=16651 ack_sample=0 fast_bytes=16344 slow_bytes=40 batches=1115 queries=1136
t=9374709 read event=704 count=16384 submitted=11534336 read_us=260 tx_us=10598 ack_sample=1 fast_bytes=16384 slow_bytes=0 batches=619 queries=620
t=9374736 profile_ack event=704 words=0 high_reads=0 low_reads=0 high_wait_words=0 low_wait_words=0 high_max_reads=0 low_max_reads=0 uninitialized=0
t=9387162 read event=705 count=16384 submitted=11550720 read_us=266 tx_us=12071 ack_sample=0 fast_bytes=16366 slow_bytes=18 batches=734 queries=744
t=9402513 read event=706 count=16384 submitted=11567104 read_us=260 tx_us=15056 ack_sample=0 fast_bytes=16358 slow_bytes=26 batches=986 queries=1000
t=9412921 read event=707 count=16384 submitted=11583488 read_us=285 tx_us=10072 ack_sample=0 fast_bytes=16384 slow_bytes=0 batches=574 queries=575
t=9429139 read event=708 count=16384 submitted=11599872 read_us=262 tx_us=15921 ack_sample=0 fast_bytes=16352 slow_bytes=32 batches=1057 queries=1074
t=9442034 read event=709 count=16384 submitted=11616256 read_us=265 tx_us=12520 ack_sample=0 fast_bytes=16376 slow_bytes=8 batches=778 queries=783
t=9454665 read event=710 count=16384 submitted=11632640 read_us=261 tx_us=12334 ack_sample=0 fast_bytes=16374 slow_bytes=10 batches=761 queries=767
t=9470492 read event=711 count=16384 submitted=11649024 read_us=262 tx_us=15522 ack_sample=0 fast_bytes=16368 slow_bytes=16 batches=1032 queries=1041
t=9481642 read event=712 count=16384 submitted=11665408 read_us=276 tx_us=10841 ack_sample=0 fast_bytes=16384 slow_bytes=0 batches=640 queries=641
t=9499374 read event=713 count=16384 submitted=11681792 read_us=268 tx_us=17350 ack_sample=0 fast_bytes=16342 slow_bytes=42 batches=1174 queries=1196
t=9511109 read event=714 count=16384 submitted=11698176 read_us=259 tx_us=11443 ack_sample=0 fast_bytes=16380 slow_bytes=4 batches=688 queries=691
t=9526038 read event=715 count=16384 submitted=11714560 read_us=260 tx_us=14637 ack_sample=0 fast_bytes=16350 slow_bytes=34 batches=941 queries=959
t=9539993 read event=716 count=16384 submitted=11730944 read_us=262 tx_us=13657 ack_sample=0 fast_bytes=16374 slow_bytes=10 batches=875 queries=881
t=9552520 read event=717 count=16384 submitted=11747328 read_us=271 tx_us=12141 ack_sample=0 fast_bytes=16378 slow_bytes=6 batches=677 queries=681
t=9568777 read event=718 count=16384 submitted=11763712 read_us=481 tx_us=15698 ack_sample=0 fast_bytes=16376 slow_bytes=8 batches=1000 queries=1005
t=9580047 read event=719 count=16384 submitted=11780096 read_us=297 tx_us=10920 ack_sample=0 fast_bytes=16380 slow_bytes=4 batches=642 queries=645
t=9596992 read event=720 count=16384 submitted=11796480 read_us=273 tx_us=16635 ack_sample=0 fast_bytes=16350 slow_bytes=34 batches=1117 queries=1135
t=9609392 read event=721 count=16384 submitted=11812864 read_us=275 tx_us=11986 ack_sample=0 fast_bytes=16382 slow_bytes=2 batches=736 queries=738
t=9622362 read event=722 count=16384 submitted=11829248 read_us=286 tx_us=12645 ack_sample=0 fast_bytes=16366 slow_bytes=18 batches=785 queries=795
t=9635769 read event=723 count=16384 submitted=11845632 read_us=263 tx_us=13107 ack_sample=0 fast_bytes=16368 slow_bytes=16 batches=825 queries=834
t=9644808 read event=724 count=16384 submitted=11862016 read_us=257 tx_us=8749 ack_sample=0 fast_bytes=16384 slow_bytes=0 batches=460 queries=461
t=9655693 read event=725 count=16384 submitted=11878400 read_us=269 tx_us=10501 ack_sample=0 fast_bytes=16370 slow_bytes=14 batches=603 queries=611
t=9671396 read event=726 count=16384 submitted=11894784 read_us=261 tx_us=15410 ack_sample=0 fast_bytes=16364 slow_bytes=20 batches=1020 queries=1031
t=9681910 read event=727 count=16384 submitted=11911168 read_us=260 tx_us=10208 ack_sample=0 fast_bytes=16382 slow_bytes=2 batches=585 queries=587
t=9698708 read event=728 count=16384 submitted=11927552 read_us=257 tx_us=16510 ack_sample=0 fast_bytes=16344 slow_bytes=40 batches=1103 queries=1124
t=9709062 read event=729 count=16384 submitted=11943936 read_us=269 tx_us=9985 ack_sample=0 fast_bytes=16382 slow_bytes=2 batches=564 queries=566
t=9718350 read event=730 count=16384 submitted=11960320 read_us=261 tx_us=8995 ack_sample=0 fast_bytes=16384 slow_bytes=0 batches=482 queries=483
t=9737036 read event=731 count=16384 submitted=11976704 read_us=263 tx_us=18393 ack_sample=0 fast_bytes=16358 slow_bytes=26 batches=1272 queries=1286
t=9746853 read event=732 count=16384 submitted=11993088 read_us=259 tx_us=9525 ack_sample=0 fast_bytes=16384 slow_bytes=0 batches=527 queries=528
t=9759344 read event=733 count=16384 submitted=12009472 read_us=264 tx_us=12123 ack_sample=0 fast_bytes=16370 slow_bytes=14 batches=741 queries=749
t=9775920 read event=734 count=16384 submitted=12025856 read_us=264 tx_us=16260 ack_sample=0 fast_bytes=16354 slow_bytes=30 batches=1085 queries=1101
t=9784579 read event=735 count=16384 submitted=12042240 read_us=264 tx_us=8361 ack_sample=0 fast_bytes=16384 slow_bytes=0 batches=428 queries=429
t=9803941 read event=736 count=16384 submitted=12058624 read_us=277 tx_us=19052 ack_sample=0 fast_bytes=16356 slow_bytes=28 batches=1327 queries=1342
t=9815091 read event=737 count=16384 submitted=12075008 read_us=265 tx_us=10781 ack_sample=0 fast_bytes=16380 slow_bytes=4 batches=632 queries=635
t=9829659 read event=738 count=16384 submitted=12091392 read_us=262 tx_us=14270 ack_sample=0 fast_bytes=16350 slow_bytes=34 batches=914 queries=932
t=9846752 read event=739 count=16384 submitted=12107776 read_us=277 tx_us=16772 ack_sample=0 fast_bytes=16364 slow_bytes=20 batches=1136 queries=1147
t=9860470 read event=740 count=16384 submitted=12124160 read_us=259 tx_us=13426 ack_sample=0 fast_bytes=16350 slow_bytes=34 batches=843 queries=861
t=9879024 read event=741 count=16384 submitted=12140544 read_us=288 tx_us=18156 ack_sample=0 fast_bytes=16374 slow_bytes=10 batches=1260 queries=1266
t=9893363 read event=742 count=16384 submitted=12156928 read_us=258 tx_us=14045 ack_sample=0 fast_bytes=16360 slow_bytes=24 batches=900 queries=913
t=9908787 read event=743 count=16384 submitted=12173312 read_us=262 tx_us=15130 ack_sample=0 fast_bytes=16366 slow_bytes=18 batches=997 queries=1007
t=9917698 read event=744 count=16384 submitted=12189696 read_us=257 tx_us=8622 ack_sample=0 fast_bytes=16384 slow_bytes=0 batches=450 queries=451
t=9936539 read event=745 count=16384 submitted=12206080 read_us=270 tx_us=18467 ack_sample=0 fast_bytes=16342 slow_bytes=42 batches=1270 queries=1292
t=9947723 read event=746 count=16384 submitted=12222464 read_us=273 tx_us=10877 ack_sample=0 fast_bytes=16380 slow_bytes=4 batches=641 queries=644
t=9962257 read event=747 count=16384 submitted=12238848 read_us=268 tx_us=14232 ack_sample=0 fast_bytes=16352 slow_bytes=32 batches=912 queries=929
t=9977279 read event=748 count=16384 submitted=12255232 read_us=256 tx_us=14733 ack_sample=0 fast_bytes=16374 slow_bytes=10 batches=967 queries=973
t=9988469 read event=749 count=16384 submitted=12271616 read_us=272 tx_us=10804 ack_sample=0 fast_bytes=16364 slow_bytes=20 batches=626 queries=637
t=10005187 read event=750 count=16384 submitted=12288000 read_us=277 tx_us=16408 ack_sample=0 fast_bytes=16348 slow_bytes=36 batches=1097 queries=1116
t=10015294 read event=751 count=16384 submitted=12304384 read_us=260 tx_us=9817 ack_sample=0 fast_bytes=16378 slow_bytes=6 batches=549 queries=553
t=10031175 read event=752 count=16384 submitted=12320768 read_us=260 tx_us=15588 ack_sample=0 fast_bytes=16338 slow_bytes=46 batches=1020 queries=1044
t=10045233 read event=753 count=16384 submitted=12337152 read_us=281 tx_us=13663 ack_sample=0 fast_bytes=16382 slow_bytes=2 batches=873 queries=875
t=10055945 read event=754 count=16384 submitted=12353536 read_us=271 tx_us=10401 ack_sample=0 fast_bytes=16372 slow_bytes=12 batches=595 queries=602
t=10064141 read event=755 count=16384 submitted=12369920 read_us=263 tx_us=7900 ack_sample=0 fast_bytes=16380 slow_bytes=4 batches=387 queries=390
t=10074663 read event=756 count=16384 submitted=12386304 read_us=263 tx_us=10226 ack_sample=0 fast_bytes=16378 slow_bytes=6 batches=584 queries=588
t=10092146 read event=757 count=16384 submitted=12402688 read_us=284 tx_us=17073 ack_sample=0 fast_bytes=16348 slow_bytes=36 batches=1152 queries=1171
t=10100467 read event=758 count=16384 submitted=12419072 read_us=264 tx_us=8019 ack_sample=0 fast_bytes=16382 slow_bytes=2 batches=398 queries=400
t=10115289 read event=759 count=16384 submitted=12435456 read_us=277 tx_us=14512 ack_sample=0 fast_bytes=16372 slow_bytes=12 batches=948 queries=955
t=10128495 read event=760 count=16384 submitted=12451840 read_us=262 tx_us=12912 ack_sample=0 fast_bytes=16360 slow_bytes=24 batches=804 queries=817
t=10136860 read event=761 count=16384 submitted=12468224 read_us=292 tx_us=7948 ack_sample=0 fast_bytes=16378 slow_bytes=6 batches=390 queries=394
t=10153316 read event=762 count=16384 submitted=12484608 read_us=263 tx_us=16143 ack_sample=0 fast_bytes=16360 slow_bytes=24 batches=1079 queries=1092
t=10166151 read event=763 count=16384 submitted=12500992 read_us=267 tx_us=12533 ack_sample=0 fast_bytes=16366 slow_bytes=18 batches=775 queries=785
t=10183765 read event=764 count=16384 submitted=12517376 read_us=260 tx_us=17321 ack_sample=0 fast_bytes=16364 slow_bytes=20 batches=1183 queries=1194
t=10196135 read event=765 count=16384 submitted=12533760 read_us=268 tx_us=11999 ack_sample=0 fast_bytes=16364 slow_bytes=20 batches=728 queries=739
t=10204097 read event=766 count=16384 submitted=12550144 read_us=258 tx_us=7671 ack_sample=0 fast_bytes=16376 slow_bytes=8 batches=365 queries=370
t=10224073 read event=767 count=16384 submitted=12566528 read_us=263 tx_us=19680 ack_sample=0 fast_bytes=16346 slow_bytes=38 batches=1374 queries=1394
t=10233654 read event=768 count=16384 submitted=12582912 read_us=261 tx_us=9286 ack_sample=1 fast_bytes=16378 slow_bytes=6 batches=504 queries=508
t=10233684 profile_ack event=768 words=3 high_reads=6 low_reads=6 high_wait_words=3 low_wait_words=3 high_max_reads=2 low_max_reads=2 uninitialized=0
t=10251985 read event=769 count=16384 submitted=12599296 read_us=274 tx_us=17914 ack_sample=0 fast_bytes=16356 slow_bytes=28 batches=1229 queries=1244
t=10263420 read event=770 count=16384 submitted=12615680 read_us=264 tx_us=11137 ack_sample=0 fast_bytes=16362 slow_bytes=22 batches=654 queries=666
t=10271393 read event=771 count=16384 submitted=12632064 read_us=282 tx_us=7661 ack_sample=0 fast_bytes=16380 slow_bytes=4 batches=366 queries=369
t=10291295 read event=772 count=16384 submitted=12648448 read_us=277 tx_us=19591 ack_sample=0 fast_bytes=16350 slow_bytes=34 batches=1371 queries=1389
t=10300999 read event=773 count=16384 submitted=12664832 read_us=271 tx_us=9328 ack_sample=0 fast_bytes=16384 slow_bytes=0 batches=510 queries=511
t=10319339 read event=774 count=16384 submitted=12681216 read_us=278 tx_us=18019 ack_sample=0 fast_bytes=16366 slow_bytes=18 batches=1244 queries=1254
t=10330614 read event=775 count=16384 submitted=12697600 read_us=267 tx_us=10973 ack_sample=0 fast_bytes=16368 slow_bytes=16 batches=643 queries=652
t=10339063 read event=776 count=16384 submitted=12713984 read_us=289 tx_us=8126 ack_sample=0 fast_bytes=16376 slow_bytes=8 batches=404 queries=409
t=10358466 read event=777 count=16384 submitted=12730368 read_us=269 tx_us=19017 ack_sample=0 fast_bytes=16360 slow_bytes=24 batches=1326 queries=1339
t=10366887 read event=778 count=16384 submitted=12746752 read_us=279 tx_us=8108 ack_sample=0 fast_bytes=16382 slow_bytes=2 batches=406 queries=408
t=10376738 read event=779 count=16384 submitted=12763136 read_us=261 tx_us=9558 ack_sample=0 fast_bytes=16376 slow_bytes=8 batches=526 queries=531
t=10394991 read event=780 count=16384 submitted=12779520 read_us=260 tx_us=17961 ack_sample=0 fast_bytes=16356 slow_bytes=28 batches=1233 queries=1248
t=10405250 read event=781 count=16384 submitted=12795904 read_us=268 tx_us=9888 ack_sample=0 fast_bytes=16376 slow_bytes=8 batches=554 queries=559
t=10425832 read event=782 count=16384 submitted=12812288 read_us=260 tx_us=20289 ack_sample=0 fast_bytes=16346 slow_bytes=38 batches=1427 queries=1447
t=10434130 read event=783 count=16384 submitted=12828672 read_us=258 tx_us=8008 ack_sample=0 fast_bytes=16378 slow_bytes=6 batches=395 queries=399
t=10443983 read event=784 count=16384 submitted=12845056 read_us=259 tx_us=9561 ack_sample=0 fast_bytes=16372 slow_bytes=12 batches=524 queries=531
t=10462797 read event=785 count=16384 submitted=12861440 read_us=275 tx_us=18424 ack_sample=0 fast_bytes=16338 slow_bytes=46 batches=1262 queries=1286
t=10472545 read event=786 count=16384 submitted=12877824 read_us=260 tx_us=9453 ack_sample=0 fast_bytes=16380 slow_bytes=4 batches=520 queries=523
t=10493151 read event=787 count=16384 submitted=12894208 read_us=279 tx_us=20294 ack_sample=0 fast_bytes=16344 slow_bytes=40 batches=1427 queries=1448
t=10501730 read event=788 count=16384 submitted=12910592 read_us=260 tx_us=8270 ack_sample=0 fast_bytes=16382 slow_bytes=2 batches=419 queries=421
t=10511843 read event=789 count=16384 submitted=12926976 read_us=269 tx_us=9738 ack_sample=0 fast_bytes=16378 slow_bytes=6 batches=542 queries=546
t=10529999 read event=790 count=16384 submitted=12943360 read_us=262 tx_us=17859 ack_sample=0 fast_bytes=16350 slow_bytes=34 batches=1221 queries=1239
t=10540174 read event=791 count=16384 submitted=12959744 read_us=261 tx_us=9880 ack_sample=0 fast_bytes=16380 slow_bytes=4 batches=556 queries=559
t=10560394 read event=792 count=16384 submitted=12976128 read_us=260 tx_us=19928 ack_sample=0 fast_bytes=16336 slow_bytes=48 batches=1388 queries=1413
t=10568960 read event=793 count=16384 submitted=12992512 read_us=286 tx_us=8167 ack_sample=0 fast_bytes=16384 slow_bytes=0 batches=412 queries=413
t=10579707 read event=794 count=16384 submitted=13008896 read_us=258 tx_us=10455 ack_sample=0 fast_bytes=16372 slow_bytes=12 batches=600 queries=607
t=10597645 read event=795 count=16384 submitted=13025280 read_us=261 tx_us=17645 ack_sample=0 fast_bytes=16340 slow_bytes=44 batches=1197 queries=1220
t=10607583 read event=796 count=16384 submitted=13041664 read_us=270 tx_us=9634 ack_sample=0 fast_bytes=16378 slow_bytes=6 batches=534 queries=538
t=10627561 read event=797 count=16384 submitted=13058048 read_us=281 tx_us=19596 ack_sample=0 fast_bytes=16356 slow_bytes=28 batches=1374 queries=1389
t=10636108 read event=798 count=16384 submitted=13074432 read_us=275 tx_us=8240 ack_sample=0 fast_bytes=16376 slow_bytes=8 batches=414 queries=419
t=10646930 read event=799 count=16384 submitted=13090816 read_us=274 tx_us=10515 ack_sample=0 fast_bytes=16380 slow_bytes=4 batches=610 queries=613
t=10664942 read event=800 count=16384 submitted=13107200 read_us=264 tx_us=17714 ack_sample=0 fast_bytes=16346 slow_bytes=38 batches=1206 queries=1226
t=10675073 read event=801 count=16384 submitted=13123584 read_us=272 tx_us=9734 ack_sample=0 fast_bytes=16378 slow_bytes=6 batches=542 queries=546
t=10694698 read event=802 count=16384 submitted=13139968 read_us=257 tx_us=19331 ack_sample=0 fast_bytes=16350 slow_bytes=34 batches=1347 queries=1365
t=10703309 read event=803 count=16384 submitted=13156352 read_us=262 tx_us=8318 ack_sample=0 fast_bytes=16384 slow_bytes=0 batches=425 queries=426
t=10714289 read event=804 count=16384 submitted=13172736 read_us=261 tx_us=10687 ack_sample=0 fast_bytes=16368 slow_bytes=16 batches=617 queries=626
t=10732071 read event=805 count=16384 submitted=13189120 read_us=268 tx_us=17415 ack_sample=0 fast_bytes=16348 slow_bytes=36 batches=1182 queries=1201
t=10742293 read event=806 count=16384 submitted=13205504 read_us=261 tx_us=9927 ack_sample=0 fast_bytes=16378 slow_bytes=6 batches=559 queries=563
t=10762243 read event=807 count=16384 submitted=13221888 read_us=257 tx_us=19661 ack_sample=0 fast_bytes=16344 slow_bytes=40 batches=1372 queries=1393
t=10770426 read event=808 count=16384 submitted=13238272 read_us=259 tx_us=7891 ack_sample=0 fast_bytes=16378 slow_bytes=6 batches=385 queries=389
t=10781854 read event=809 count=16384 submitted=13254656 read_us=285 tx_us=11035 ack_sample=0 fast_bytes=16372 slow_bytes=12 batches=649 queries=656
t=10799164 read event=810 count=16384 submitted=13271040 read_us=258 tx_us=17016 ack_sample=0 fast_bytes=16352 slow_bytes=32 batches=1151 queries=1168
t=10809552 read event=811 count=16384 submitted=13287424 read_us=262 tx_us=10093 ack_sample=0 fast_bytes=16374 slow_bytes=10 batches=571 queries=577
t=10829495 read event=812 count=16384 submitted=13303808 read_us=283 tx_us=19624 ack_sample=0 fast_bytes=16344 slow_bytes=40 batches=1370 queries=1391
t=10837507 read event=813 count=16384 submitted=13320192 read_us=290 tx_us=7614 ack_sample=0 fast_bytes=16378 slow_bytes=6 batches=361 queries=365
t=10848915 read event=814 count=16384 submitted=13336576 read_us=280 tx_us=11094 ack_sample=0 fast_bytes=16378 slow_bytes=6 batches=659 queries=663
t=10866236 read event=815 count=16384 submitted=13352960 read_us=260 tx_us=17029 ack_sample=0 fast_bytes=16358 slow_bytes=26 batches=1155 queries=1169
t=10876437 read event=816 count=16384 submitted=13369344 read_us=270 tx_us=9882 ack_sample=0 fast_bytes=16378 slow_bytes=6 batches=555 queries=559
t=10896283 read event=817 count=16384 submitted=13385728 read_us=286 tx_us=19447 ack_sample=0 fast_bytes=16352 slow_bytes=32 batches=1359 queries=1376
t=10904554 read event=818 count=16384 submitted=13402112 read_us=259 tx_us=7976 ack_sample=0 fast_bytes=16376 slow_bytes=8 batches=390 queries=395
t=10915338 read event=819 count=16384 submitted=13418496 read_us=278 tx_us=10473 ack_sample=0 fast_bytes=16376 slow_bytes=8 batches=605 queries=610
t=10933232 read event=820 count=16384 submitted=13434880 read_us=259 tx_us=17603 ack_sample=0 fast_bytes=16356 slow_bytes=28 batches=1203 queries=1218
t=10943022 read event=821 count=16384 submitted=13451264 read_us=267 tx_us=9423 ack_sample=0 fast_bytes=16374 slow_bytes=10 batches=513 queries=519
t=10962931 read event=822 count=16384 submitted=13467648 read_us=258 tx_us=19616 ack_sample=0 fast_bytes=16354 slow_bytes=30 batches=1373 queries=1389
t=10971448 read event=823 count=16384 submitted=13484032 read_us=264 tx_us=8219 ack_sample=0 fast_bytes=16380 slow_bytes=4 batches=414 queries=417
t=10982209 read event=824 count=16384 submitted=13500416 read_us=277 tx_us=10451 ack_sample=0 fast_bytes=16378 slow_bytes=6 batches=604 queries=608
t=11000067 read event=825 count=16384 submitted=13516800 read_us=270 tx_us=17479 ack_sample=0 fast_bytes=16354 slow_bytes=30 batches=1191 queries=1207
t=11009842 read event=826 count=16384 submitted=13533184 read_us=263 tx_us=9474 ack_sample=0 fast_bytes=16376 slow_bytes=8 batches=518 queries=523
t=11029909 read event=827 count=16384 submitted=13549568 read_us=264 tx_us=19771 ack_sample=0 fast_bytes=16354 slow_bytes=30 batches=1386 queries=1402
t=11038439 read event=828 count=16384 submitted=13565952 read_us=272 tx_us=8218 ack_sample=0 fast_bytes=16380 slow_bytes=4 batches=414 queries=417
t=11048421 read event=829 count=16384 submitted=13582336 read_us=291 tx_us=9584 ack_sample=0 fast_bytes=16380 slow_bytes=4 batches=531 queries=534
t=11066547 read event=830 count=16384 submitted=13598720 read_us=277 tx_us=17814 ack_sample=0 fast_bytes=16360 slow_bytes=24 batches=1216 queries=1229
t=11076672 read event=831 count=16384 submitted=13615104 read_us=287 tx_us=9801 ack_sample=0 fast_bytes=16378 slow_bytes=6 batches=548 queries=552
t=11096853 read event=832 count=16384 submitted=13631488 read_us=261 tx_us=19877 ack_sample=1 fast_bytes=16354 slow_bytes=30 batches=1396 queries=1412
t=11096880 profile_ack event=832 words=15 high_reads=30 low_reads=30 high_wait_words=15 low_wait_words=15 high_max_reads=2 low_max_reads=2 uninitialized=0
t=11105319 read event=833 count=16384 submitted=13647872 read_us=269 tx_us=8067 ack_sample=0 fast_bytes=16378 slow_bytes=6 batches=400 queries=404
t=11114849 read event=834 count=16384 submitted=13664256 read_us=263 tx_us=9232 ack_sample=0 fast_bytes=16374 slow_bytes=10 batches=497 queries=503
t=11133471 read event=835 count=16384 submitted=13680640 read_us=262 tx_us=18328 ack_sample=0 fast_bytes=16346 slow_bytes=38 batches=1260 queries=1280
t=11143062 read event=836 count=16384 submitted=13697024 read_us=277 tx_us=9281 ack_sample=0 fast_bytes=16382 slow_bytes=2 batches=506 queries=508
t=11163791 read event=837 count=16384 submitted=13713408 read_us=269 tx_us=20360 ack_sample=0 fast_bytes=16350 slow_bytes=34 batches=1434 queries=1452
t=11173707 read event=838 count=16384 submitted=13729792 read_us=257 tx_us=9624 ack_sample=0 fast_bytes=16380 slow_bytes=4 batches=534 queries=537
t=11191571 read event=839 count=16384 submitted=13746176 read_us=262 tx_us=17571 ack_sample=0 fast_bytes=16366 slow_bytes=18 batches=1206 queries=1216
t=11203021 read event=840 count=16384 submitted=13762560 read_us=275 tx_us=11143 ack_sample=0 fast_bytes=16368 slow_bytes=16 batches=658 queries=667
t=11211034 read event=841 count=16384 submitted=13778944 read_us=268 tx_us=7627 ack_sample=0 fast_bytes=16382 slow_bytes=2 batches=364 queries=366
t=11230527 read event=842 count=16384 submitted=13795328 read_us=262 tx_us=19171 ack_sample=0 fast_bytes=16354 slow_bytes=30 batches=1335 queries=1351
t=11240540 read event=843 count=16384 submitted=13811712 read_us=281 tx_us=9698 ack_sample=0 fast_bytes=16376 slow_bytes=8 batches=539 queries=544
t=11258351 read event=844 count=16384 submitted=13828096 read_us=275 tx_us=17501 ack_sample=0 fast_bytes=16376 slow_bytes=8 batches=1205 queries=1210
t=11269547 read event=845 count=16384 submitted=13844480 read_us=289 tx_us=10802 ack_sample=0 fast_bytes=16362 slow_bytes=22 batches=626 queries=638
t=11277920 read event=846 count=16384 submitted=13860864 read_us=281 tx_us=8053 ack_sample=0 fast_bytes=16382 slow_bytes=2 batches=400 queries=402
t=11297307 read event=847 count=16384 submitted=13877248 read_us=275 tx_us=19079 ack_sample=0 fast_bytes=16348 slow_bytes=36 batches=1325 queries=1344
t=11307517 read event=848 count=16384 submitted=13893632 read_us=259 tx_us=9916 ack_sample=0 fast_bytes=16374 slow_bytes=10 batches=556 queries=562
t=11325227 read event=849 count=16384 submitted=13910016 read_us=286 tx_us=17315 ack_sample=0 fast_bytes=16362 slow_bytes=22 batches=1182 queries=1194
t=11336554 read event=850 count=16384 submitted=13926400 read_us=258 tx_us=11034 ack_sample=0 fast_bytes=16358 slow_bytes=26 batches=643 queries=657
t=11344974 read event=851 count=16384 submitted=13942784 read_us=276 tx_us=8113 ack_sample=0 fast_bytes=16380 slow_bytes=4 batches=404 queries=407
t=11364344 read event=852 count=16384 submitted=13959168 read_us=260 tx_us=19077 ack_sample=0 fast_bytes=16356 slow_bytes=28 batches=1329 queries=1344
t=11374632 read event=853 count=16384 submitted=13975552 read_us=282 tx_us=9904 ack_sample=0 fast_bytes=16376 slow_bytes=8 batches=556 queries=561
t=11392356 read event=854 count=16384 submitted=13991936 read_us=268 tx_us=17421 ack_sample=0 fast_bytes=16364 slow_bytes=20 batches=1192 queries=1203
t=11403770 read event=855 count=16384 submitted=14008320 read_us=262 tx_us=11122 ack_sample=0 fast_bytes=16358 slow_bytes=26 batches=649 queries=663
t=11412232 read event=856 count=16384 submitted=14024704 read_us=260 tx_us=8168 ack_sample=0 fast_bytes=16382 slow_bytes=2 batches=411 queries=413
t=11431589 read event=857 count=16384 submitted=14041088 read_us=270 tx_us=18982 ack_sample=0 fast_bytes=16352 slow_bytes=32 batches=1319 queries=1336
t=11442459 read event=858 count=16384 submitted=14057472 read_us=275 tx_us=10560 ack_sample=0 fast_bytes=16378 slow_bytes=6 batches=613 queries=617
t=11459810 read event=859 count=16384 submitted=14073856 read_us=276 tx_us=17045 ack_sample=0 fast_bytes=16364 slow_bytes=20 batches=1160 queries=1171
t=11471602 read event=860 count=16384 submitted=14090240 read_us=261 tx_us=11495 ack_sample=0 fast_bytes=16364 slow_bytes=20 batches=685 queries=696
t=11480361 read event=861 count=16384 submitted=14106624 read_us=271 tx_us=8371 ack_sample=0 fast_bytes=16376 slow_bytes=8 batches=425 queries=430
t=11499233 read event=862 count=16384 submitted=14123008 read_us=262 tx_us=18575 ack_sample=0 fast_bytes=16354 slow_bytes=30 batches=1285 queries=1301
t=11510447 read event=863 count=16384 submitted=14139392 read_us=263 tx_us=10919 ack_sample=0 fast_bytes=16380 slow_bytes=4 batches=641 queries=644
t=11529342 read event=864 count=16384 submitted=14155776 read_us=277 tx_us=18582 ack_sample=0 fast_bytes=16360 slow_bytes=24 batches=1290 queries=1303
t=11539525 read event=865 count=16384 submitted=14172160 read_us=300 tx_us=9770 ack_sample=0 fast_bytes=16376 slow_bytes=8 batches=545 queries=550
t=11547962 read event=866 count=16384 submitted=14188544 read_us=277 tx_us=8126 ack_sample=0 fast_bytes=16374 slow_bytes=10 batches=403 queries=409
t=11566096 read event=867 count=16384 submitted=14204928 read_us=261 tx_us=17841 ack_sample=0 fast_bytes=16350 slow_bytes=34 batches=1220 queries=1238
t=11577014 read event=868 count=16384 submitted=14221312 read_us=262 tx_us=10624 ack_sample=0 fast_bytes=16376 slow_bytes=8 batches=617 queries=622
t=11592375 read event=869 count=16384 submitted=14237696 read_us=265 tx_us=14995 ack_sample=0 fast_bytes=16366 slow_bytes=18 batches=985 queries=995
t=11606399 read event=870 count=16384 submitted=14254080 read_us=261 tx_us=13688 ack_sample=0 fast_bytes=16362 slow_bytes=22 batches=872 queries=884
t=11615041 read event=871 count=16384 submitted=14270464 read_us=275 tx_us=8331 ack_sample=0 fast_bytes=16376 slow_bytes=8 batches=422 queries=427
t=11628744 read event=872 count=16384 submitted=14286848 read_us=260 tx_us=13410 ack_sample=0 fast_bytes=16374 slow_bytes=10 batches=854 queries=860
t=11639934 read event=873 count=16384 submitted=14303232 read_us=269 tx_us=10809 ack_sample=0 fast_bytes=16366 slow_bytes=18 batches=627 queries=637
t=11647343 read event=874 count=16384 submitted=14319616 read_us=255 tx_us=7120 ack_sample=0 fast_bytes=16384 slow_bytes=0 batches=322 queries=323
t=11655719 read event=875 count=16384 submitted=14336000 read_us=267 tx_us=8077 ack_sample=0 fast_bytes=16384 slow_bytes=0 batches=402 queries=403
t=11664463 read event=876 count=16384 submitted=14352384 read_us=259 tx_us=8453 ack_sample=0 fast_bytes=16384 slow_bytes=0 batches=436 queries=437
t=11675460 read event=877 count=16384 submitted=14368768 read_us=285 tx_us=10615 ack_sample=0 fast_bytes=16364 slow_bytes=20 batches=610 queries=621
t=11682542 read event=878 count=16384 submitted=14385152 read_us=272 tx_us=6775 ack_sample=0 fast_bytes=16384 slow_bytes=0 batches=293 queries=294
t=11689676 read event=879 count=16384 submitted=14401536 read_us=277 tx_us=6826 ack_sample=0 fast_bytes=16384 slow_bytes=0 batches=297 queries=298
t=11697010 read event=880 count=16384 submitted=14417920 read_us=264 tx_us=7027 ack_sample=0 fast_bytes=16384 slow_bytes=0 batches=314 queries=315
t=11697039 profile_poll polls=384 elapsed_us=32484 interval_us=35705 chunks=4
t=11705040 read event=881 count=16384 submitted=14434304 read_us=268 tx_us=7648 ack_sample=0 fast_bytes=16384 slow_bytes=0 batches=366 queries=367
t=11720791 read event=882 count=16384 submitted=14450688 read_us=256 tx_us=15463 ack_sample=0 fast_bytes=16368 slow_bytes=16 batches=1025 queries=1034
t=11733674 read event=883 count=16384 submitted=14467072 read_us=262 tx_us=12587 ack_sample=0 fast_bytes=16384 slow_bytes=0 batches=789 queries=790
t=11749942 read event=884 count=16384 submitted=14483456 read_us=262 tx_us=15967 ack_sample=0 fast_bytes=16364 slow_bytes=20 batches=1067 queries=1078
t=11761882 read event=885 count=16384 submitted=14499840 read_us=267 tx_us=11552 ack_sample=0 fast_bytes=16384 slow_bytes=0 batches=699 queries=700
t=11777471 read event=886 count=16384 submitted=14516224 read_us=259 tx_us=15294 ack_sample=0 fast_bytes=16364 slow_bytes=20 batches=1010 queries=1021
t=11789325 read event=887 count=16384 submitted=14532608 read_us=279 tx_us=11544 ack_sample=0 fast_bytes=16384 slow_bytes=0 batches=699 queries=700
t=11801562 read event=888 count=16384 submitted=14548992 read_us=260 tx_us=11944 ack_sample=0 fast_bytes=16384 slow_bytes=0 batches=734 queries=735
t=11816932 read event=889 count=16384 submitted=14565376 read_us=283 tx_us=14817 ack_sample=0 fast_bytes=16364 slow_bytes=20 batches=965 queries=976
t=11829153 read event=890 count=16384 submitted=14581760 read_us=267 tx_us=11912 ack_sample=0 fast_bytes=16384 slow_bytes=0 batches=731 queries=732
t=11844741 read event=891 count=16384 submitted=14598144 read_us=264 tx_us=15293 ack_sample=0 fast_bytes=16366 slow_bytes=18 batches=1009 queries=1019
t=11856985 read event=892 count=16384 submitted=14614528 read_us=265 tx_us=11945 ack_sample=0 fast_bytes=16384 slow_bytes=0 batches=734 queries=735
t=11869565 read event=893 count=16384 submitted=14630912 read_us=269 tx_us=12194 ack_sample=0 fast_bytes=16384 slow_bytes=0 batches=755 queries=756
t=11884970 read event=894 count=16384 submitted=14647296 read_us=277 tx_us=15094 ack_sample=0 fast_bytes=16372 slow_bytes=12 batches=997 queries=1004
t=11897589 read event=895 count=16384 submitted=14663680 read_us=261 tx_us=12327 ack_sample=0 fast_bytes=16384 slow_bytes=0 batches=767 queries=768
t=11913239 read event=896 count=16384 submitted=14680064 read_us=282 tx_us=15332 ack_sample=1 fast_bytes=16364 slow_bytes=20 batches=1012 queries=1023
t=11913281 profile_ack event=896 words=10 high_reads=20 low_reads=20 high_wait_words=10 low_wait_words=10 high_max_reads=2 low_max_reads=2 uninitialized=0
t=11925821 read event=897 count=16384 submitted=14696448 read_us=273 tx_us=12172 ack_sample=0 fast_bytes=16384 slow_bytes=0 batches=753 queries=754
t=11938654 read event=898 count=16384 submitted=14712832 read_us=259 tx_us=12537 ack_sample=0 fast_bytes=16384 slow_bytes=0 batches=785 queries=786
t=11954034 read event=899 count=16384 submitted=14729216 read_us=272 tx_us=15078 ack_sample=0 fast_bytes=16366 slow_bytes=18 batches=992 queries=1002
t=11967023 read event=900 count=16384 submitted=14745600 read_us=260 tx_us=12696 ack_sample=0 fast_bytes=16384 slow_bytes=0 batches=798 queries=799
t=11982667 read event=901 count=16384 submitted=14761984 read_us=268 tx_us=15266 ack_sample=0 fast_bytes=16368 slow_bytes=16 batches=1008 queries=1017
t=11995704 read event=902 count=16384 submitted=14778368 read_us=258 tx_us=12733 ack_sample=0 fast_bytes=16384 slow_bytes=0 batches=801 queries=802
t=12011880 read event=903 count=16384 submitted=14794752 read_us=263 tx_us=15880 ack_sample=0 fast_bytes=16366 slow_bytes=18 batches=1060 queries=1070
t=12024882 read event=904 count=16384 submitted=14811136 read_us=261 tx_us=12709 ack_sample=0 fast_bytes=16384 slow_bytes=0 batches=799 queries=800
t=12038352 read event=905 count=16384 submitted=14827520 read_us=279 tx_us=13078 ack_sample=0 fast_bytes=16384 slow_bytes=0 batches=829 queries=830
t=12054288 read event=906 count=16384 submitted=14843904 read_us=263 tx_us=15637 ack_sample=0 fast_bytes=16372 slow_bytes=12 batches=1043 queries=1050
t=12068236 read event=907 count=16384 submitted=14860288 read_us=280 tx_us=13635 ack_sample=0 fast_bytes=16384 slow_bytes=0 batches=878 queries=879
t=12084412 read event=908 count=16384 submitted=14876672 read_us=266 tx_us=15876 ack_sample=0 fast_bytes=16366 slow_bytes=18 batches=1060 queries=1070
t=12098735 read event=909 count=16384 submitted=14893056 read_us=335 tx_us=13875 ack_sample=0 fast_bytes=16384 slow_bytes=0 batches=895 queries=896
t=12115314 read event=910 count=16384 submitted=14909440 read_us=265 tx_us=16277 ack_sample=0 fast_bytes=16372 slow_bytes=12 batches=1098 queries=1105
t=12130116 read event=911 count=16384 submitted=14925824 read_us=265 tx_us=14501 ack_sample=0 fast_bytes=16384 slow_bytes=0 batches=952 queries=953
t=12147083 read event=912 count=16384 submitted=14942208 read_us=262 tx_us=16672 ack_sample=0 fast_bytes=16372 slow_bytes=12 batches=1131 queries=1138
t=12162511 read event=913 count=16384 submitted=14958592 read_us=280 tx_us=15036 ack_sample=0 fast_bytes=16384 slow_bytes=0 batches=997 queries=998
t=12179974 read event=914 count=16384 submitted=14974976 read_us=279 tx_us=17148 ack_sample=0 fast_bytes=16362 slow_bytes=22 batches=1167 queries=1179
t=12196080 read event=915 count=16384 submitted=14991360 read_us=263 tx_us=15810 ack_sample=0 fast_bytes=16384 slow_bytes=0 batches=1064 queries=1065
t=12213387 read event=916 count=16384 submitted=15007744 read_us=259 tx_us=17015 ack_sample=0 fast_bytes=16368 slow_bytes=16 batches=1159 queries=1168
t=12229256 read event=917 count=16384 submitted=15024128 read_us=286 tx_us=15474 ack_sample=0 fast_bytes=16384 slow_bytes=0 batches=1035 queries=1036
t=12246117 read event=918 count=16384 submitted=15040512 read_us=258 tx_us=16567 ack_sample=0 fast_bytes=16364 slow_bytes=20 batches=1118 queries=1129
t=12261644 read event=919 count=16384 submitted=15056896 read_us=260 tx_us=15231 ack_sample=0 fast_bytes=16384 slow_bytes=0 batches=1012 queries=1013
t=12277864 read event=920 count=16384 submitted=15073280 read_us=285 tx_us=15896 ack_sample=0 fast_bytes=16366 slow_bytes=18 batches=1062 queries=1072
t=12292606 read event=921 count=16384 submitted=15089664 read_us=274 tx_us=14347 ack_sample=0 fast_bytes=16384 slow_bytes=0 batches=938 queries=939
t=12308083 read event=922 count=16384 submitted=15106048 read_us=278 tx_us=15161 ack_sample=0 fast_bytes=16364 slow_bytes=20 batches=998 queries=1009
t=12321677 read event=923 count=16384 submitted=15122432 read_us=271 tx_us=13272 ack_sample=0 fast_bytes=16384 slow_bytes=0 batches=847 queries=848
t=12337013 read event=924 count=16384 submitted=15138816 read_us=267 tx_us=15025 ack_sample=0 fast_bytes=16370 slow_bytes=14 batches=988 queries=996
t=12350353 read event=925 count=16384 submitted=15155200 read_us=278 tx_us=12938 ack_sample=0 fast_bytes=16384 slow_bytes=0 batches=817 queries=818
t=12363376 read event=926 count=16384 submitted=15171584 read_us=263 tx_us=12722 ack_sample=0 fast_bytes=16384 slow_bytes=0 batches=800 queries=801
t=12378028 read event=927 count=16384 submitted=15187968 read_us=264 tx_us=14356 ack_sample=0 fast_bytes=16362 slow_bytes=22 batches=928 queries=940
t=12390627 read event=928 count=16384 submitted=15204352 read_us=262 tx_us=12306 ack_sample=0 fast_bytes=16384 slow_bytes=0 batches=765 queries=766
t=12404994 read event=929 count=16384 submitted=15220736 read_us=268 tx_us=13983 ack_sample=0 fast_bytes=16364 slow_bytes=20 batches=897 queries=908
t=12417383 read event=930 count=16384 submitted=15237120 read_us=259 tx_us=12096 ack_sample=0 fast_bytes=16384 slow_bytes=0 batches=746 queries=747
t=12429418 read event=931 count=16384 submitted=15253504 read_us=263 tx_us=11739 ack_sample=0 fast_bytes=16384 slow_bytes=0 batches=716 queries=717
t=12443736 read event=932 count=16384 submitted=15269888 read_us=277 tx_us=14009 ack_sample=0 fast_bytes=16368 slow_bytes=16 batches=902 queries=911
t=12456728 read event=933 count=16384 submitted=15286272 read_us=268 tx_us=12614 ack_sample=0 fast_bytes=16384 slow_bytes=0 batches=791 queries=792
t=12471007 read event=934 count=16384 submitted=15302656 read_us=255 tx_us=13990 ack_sample=0 fast_bytes=16366 slow_bytes=18 batches=899 queries=909
t=12483756 read event=935 count=16384 submitted=15319040 read_us=262 tx_us=12452 ack_sample=0 fast_bytes=16384 slow_bytes=0 batches=776 queries=777
t=12495925 read event=936 count=16384 submitted=15335424 read_us=260 tx_us=11876 ack_sample=0 fast_bytes=16384 slow_bytes=0 batches=728 queries=729
t=12510574 read event=937 count=16384 submitted=15351808 read_us=268 tx_us=14276 ack_sample=0 fast_bytes=16372 slow_bytes=12 batches=926 queries=933
t=12523994 read event=938 count=16384 submitted=15368192 read_us=278 tx_us=13107 ack_sample=0 fast_bytes=16382 slow_bytes=2 batches=832 queries=834
t=12538284 read event=939 count=16384 submitted=15384576 read_us=263 tx_us=13991 ack_sample=0 fast_bytes=16368 slow_bytes=16 batches=896 queries=905
t=12550005 read event=940 count=16384 submitted=15400960 read_us=264 tx_us=11418 ack_sample=0 fast_bytes=16384 slow_bytes=0 batches=688 queries=689
t=12561248 read event=941 count=16384 submitted=15417344 read_us=270 tx_us=10861 ack_sample=0 fast_bytes=16384 slow_bytes=0 batches=641 queries=642
t=12575369 read event=942 count=16384 submitted=15433728 read_us=260 tx_us=13826 ack_sample=0 fast_bytes=16366 slow_bytes=18 batches=885 queries=895
t=12590106 read event=943 count=16384 submitted=15450112 read_us=264 tx_us=14441 ack_sample=0 fast_bytes=16384 slow_bytes=0 batches=947 queries=948
t=12605261 read event=944 count=16384 submitted=15466496 read_us=260 tx_us=14862 ack_sample=0 fast_bytes=16362 slow_bytes=22 batches=970 queries=982
t=12617533 read event=945 count=16384 submitted=15482880 read_us=270 tx_us=11899 ack_sample=0 fast_bytes=16384 slow_bytes=0 batches=730 queries=731
t=12629615 read event=946 count=16384 submitted=15499264 read_us=274 tx_us=11772 ack_sample=0 fast_bytes=16384 slow_bytes=0 batches=720 queries=721
t=12643436 read event=947 count=16384 submitted=15515648 read_us=277 tx_us=13512 ack_sample=0 fast_bytes=16368 slow_bytes=16 batches=860 queries=869
t=12656120 read event=948 count=16384 submitted=15532032 read_us=276 tx_us=12376 ack_sample=0 fast_bytes=16384 slow_bytes=0 batches=771 queries=772
t=12670652 read event=949 count=16384 submitted=15548416 read_us=268 tx_us=14152 ack_sample=0 fast_bytes=16368 slow_bytes=16 batches=913 queries=922
t=12678542 read event=950 count=16384 submitted=15564800 read_us=268 tx_us=7586 ack_sample=0 fast_bytes=16384 slow_bytes=0 batches=362 queries=363
t=12686670 read event=951 count=16384 submitted=15581184 read_us=283 tx_us=7799 ack_sample=0 fast_bytes=16384 slow_bytes=0 batches=380 queries=381
t=12694713 read event=952 count=16384 submitted=15597568 read_us=263 tx_us=7737 ack_sample=0 fast_bytes=16384 slow_bytes=0 batches=374 queries=375
t=12702745 read event=953 count=16384 submitted=15613952 read_us=265 tx_us=7668 ack_sample=0 fast_bytes=16384 slow_bytes=0 batches=368 queries=369
t=12728781 read event=954 count=16384 submitted=15630336 read_us=254 tx_us=25747 ack_sample=0 fast_bytes=16318 slow_bytes=66 batches=1878 queries=1912
t=12755198 read event=955 count=16384 submitted=15646720 read_us=265 tx_us=26117 ack_sample=0 fast_bytes=16322 slow_bytes=62 batches=1913 queries=1945
t=12770734 read event=956 count=16384 submitted=15663104 read_us=261 tx_us=15242 ack_sample=0 fast_bytes=16358 slow_bytes=26 batches=1001 queries=1015
t=12788138 read event=957 count=16384 submitted=15679488 read_us=268 tx_us=17024 ack_sample=0 fast_bytes=16364 slow_bytes=20 batches=1158 queries=1169
t=12798142 read event=958 count=16384 submitted=15695872 read_us=256 tx_us=9711 ack_sample=0 fast_bytes=16380 slow_bytes=4 batches=540 queries=543
t=12817587 read event=959 count=16384 submitted=15712256 read_us=260 tx_us=19152 ack_sample=0 fast_bytes=16334 slow_bytes=50 batches=1324 queries=1350
t=12826701 read event=960 count=16384 submitted=15728640 read_us=279 tx_us=8804 ack_sample=1 fast_bytes=16384 slow_bytes=0 batches=466 queries=467
t=12826727 profile_ack event=960 words=0 high_reads=0 low_reads=0 high_wait_words=0 low_wait_words=0 high_max_reads=0 low_max_reads=0 uninitialized=0
t=12842136 read event=961 count=16384 submitted=15745024 read_us=266 tx_us=15041 ack_sample=0 fast_bytes=16340 slow_bytes=44 batches=975 queries=998
t=12854528 read event=962 count=16384 submitted=15761408 read_us=258 tx_us=12098 ack_sample=0 fast_bytes=16370 slow_bytes=14 batches=739 queries=747
t=12863289 read event=963 count=16384 submitted=15777792 read_us=281 tx_us=8448 ack_sample=0 fast_bytes=16384 slow_bytes=0 batches=436 queries=437
t=12879042 read event=964 count=16384 submitted=15794176 read_us=260 tx_us=15461 ack_sample=0 fast_bytes=16348 slow_bytes=36 batches=1015 queries=1034
t=12889785 read event=965 count=16384 submitted=15810560 read_us=266 tx_us=10371 ack_sample=0 fast_bytes=16378 slow_bytes=6 batches=596 queries=600
t=12897995 read event=966 count=16384 submitted=15826944 read_us=258 tx_us=7917 ack_sample=0 fast_bytes=16384 slow_bytes=0 batches=390 queries=391
t=12912141 read event=967 count=16384 submitted=15843328 read_us=271 tx_us=13844 ack_sample=0 fast_bytes=16348 slow_bytes=36 batches=877 queries=896
t=12922997 read event=968 count=16384 submitted=15859712 read_us=261 tx_us=10563 ack_sample=0 fast_bytes=16378 slow_bytes=6 batches=612 queries=616
t=12931296 read event=969 count=16384 submitted=15876096 read_us=268 tx_us=7930 ack_sample=0 fast_bytes=16384 slow_bytes=0 batches=391 queries=392
t=12944114 read event=970 count=16384 submitted=15892480 read_us=261 tx_us=12524 ack_sample=0 fast_bytes=16366 slow_bytes=18 batches=774 queries=784
t=12956848 read event=971 count=16384 submitted=15908864 read_us=267 tx_us=12432 ack_sample=0 fast_bytes=16370 slow_bytes=14 batches=768 queries=776
t=12966613 read event=972 count=16384 submitted=15925248 read_us=259 tx_us=9472 ack_sample=0 fast_bytes=16384 slow_bytes=0 batches=523 queries=524
t=12980083 read event=973 count=16384 submitted=15941632 read_us=274 tx_us=13075 ack_sample=0 fast_bytes=16362 slow_bytes=22 batches=818 queries=830
t=12991754 read event=974 count=16384 submitted=15958016 read_us=257 tx_us=11379 ack_sample=0 fast_bytes=16374 slow_bytes=10 batches=680 queries=686
t=13001683 read event=975 count=16384 submitted=15974400 read_us=263 tx_us=9634 ack_sample=0 fast_bytes=16384 slow_bytes=0 batches=537 queries=538
t=13015659 read event=976 count=16384 submitted=15990784 read_us=262 tx_us=13675 ack_sample=0 fast_bytes=16356 slow_bytes=28 batches=867 queries=882
t=13028356 read event=977 count=16384 submitted=16007168 read_us=265 tx_us=12298 ack_sample=0 fast_bytes=16360 slow_bytes=24 batches=751 queries=764
t=13039073 read event=978 count=16384 submitted=16023552 read_us=266 tx_us=10411 ack_sample=0 fast_bytes=16374 slow_bytes=10 batches=597 queries=603
t=13054162 read event=979 count=16384 submitted=16039936 read_us=265 tx_us=14790 ack_sample=0 fast_bytes=16346 slow_bytes=38 batches=955 queries=975
t=13066426 read event=980 count=16384 submitted=16056320 read_us=270 tx_us=11960 ack_sample=0 fast_bytes=16376 slow_bytes=8 batches=731 queries=736
t=13081074 read event=981 count=16384 submitted=16072704 read_us=295 tx_us=14245 ack_sample=0 fast_bytes=16356 slow_bytes=28 batches=916 queries=931
t=13096248 read event=982 count=16384 submitted=16089088 read_us=263 tx_us=14875 ack_sample=0 fast_bytes=16354 slow_bytes=30 batches=968 queries=984
t=13112215 read event=983 count=16384 submitted=16105472 read_us=260 tx_us=15675 ack_sample=0 fast_bytes=16344 slow_bytes=40 batches=1023 queries=1044
t=13127452 read event=984 count=16384 submitted=16121856 read_us=265 tx_us=14935 ack_sample=0 fast_bytes=16362 slow_bytes=22 batches=977 queries=989
t=13143863 read event=985 count=16384 submitted=16138240 read_us=288 tx_us=16006 ack_sample=0 fast_bytes=16354 slow_bytes=30 batches=1065 queries=1081
t=13156302 read event=986 count=16384 submitted=16154624 read_us=264 tx_us=12137 ack_sample=0 fast_bytes=16370 slow_bytes=14 batches=743 queries=751
t=13174973 read event=987 count=16384 submitted=16171008 read_us=263 tx_us=18375 ack_sample=0 fast_bytes=16350 slow_bytes=34 batches=1264 queries=1282
t=13186756 read event=988 count=16384 submitted=16187392 read_us=259 tx_us=11491 ack_sample=0 fast_bytes=16362 slow_bytes=22 batches=683 queries=695
t=13207535 read event=989 count=16384 submitted=16203776 read_us=270 tx_us=20404 ack_sample=0 fast_bytes=16346 slow_bytes=38 batches=1437 queries=1457
t=13220695 read event=990 count=16384 submitted=16220160 read_us=284 tx_us=12840 ack_sample=0 fast_bytes=16364 slow_bytes=20 batches=800 queries=811
t=13240582 read event=991 count=16384 submitted=16236544 read_us=259 tx_us=19596 ack_sample=0 fast_bytes=16362 slow_bytes=22 batches=1376 queries=1388
t=13256916 read event=992 count=16384 submitted=16252928 read_us=278 tx_us=16024 ack_sample=0 fast_bytes=16352 slow_bytes=32 batches=1065 queries=1082
t=13272808 read event=993 count=16384 submitted=16269312 read_us=266 tx_us=15517 ack_sample=0 fast_bytes=16370 slow_bytes=14 batches=1032 queries=1040
t=13290192 read event=994 count=16384 submitted=16285696 read_us=261 tx_us=17088 ack_sample=0 fast_bytes=16350 slow_bytes=34 batches=1156 queries=1174
t=13304411 read event=995 count=16384 submitted=16302080 read_us=261 tx_us=13927 ack_sample=0 fast_bytes=16366 slow_bytes=18 batches=893 queries=903
t=13322577 read event=996 count=16384 submitted=16318464 read_us=275 tx_us=17859 ack_sample=0 fast_bytes=16358 slow_bytes=26 batches=1227 queries=1241
t=13336893 read event=997 count=16384 submitted=16334848 read_us=284 tx_us=13927 ack_sample=0 fast_bytes=16368 slow_bytes=16 batches=895 queries=904
t=13356556 read event=998 count=16384 submitted=16351232 read_us=259 tx_us=19371 ack_sample=0 fast_bytes=16340 slow_bytes=44 batches=1346 queries=1369
t=13369649 read event=999 count=16384 submitted=16367616 read_us=289 tx_us=12769 ack_sample=0 fast_bytes=16368 slow_bytes=16 batches=797 queries=806
t=13388988 read event=1000 count=16384 submitted=16384000 read_us=274 tx_us=19032 ack_sample=0 fast_bytes=16344 slow_bytes=40 batches=1319 queries=1340
t=13402709 read event=1001 count=16384 submitted=16400384 read_us=266 tx_us=13332 ack_sample=0 fast_bytes=16062 slow_bytes=322 batches=681 queries=843
t=13420792 read event=1002 count=16384 submitted=16416768 read_us=258 tx_us=17790 ack_sample=0 fast_bytes=16348 slow_bytes=36 batches=1214 queries=1233
t=13434657 read event=1003 count=16384 submitted=16433152 read_us=263 tx_us=13571 ack_sample=0 fast_bytes=16040 slow_bytes=344 batches=667 queries=840
t=13452102 read event=1004 count=16384 submitted=16449536 read_us=256 tx_us=17146 ack_sample=0 fast_bytes=16350 slow_bytes=34 batches=1161 queries=1179
t=13462677 read event=1005 count=16384 submitted=16465920 read_us=272 tx_us=10183 ack_sample=0 fast_bytes=16384 slow_bytes=0 batches=584 queries=585
t=13481742 read event=1006 count=16384 submitted=16482304 read_us=260 tx_us=18761 ack_sample=0 fast_bytes=16002 slow_bytes=382 batches=1106 queries=1298
t=13494220 read event=1007 count=16384 submitted=16498688 read_us=263 tx_us=12181 ack_sample=0 fast_bytes=16380 slow_bytes=4 batches=752 queries=755
t=13509075 read event=1008 count=16384 submitted=16515072 read_us=260 tx_us=14561 ack_sample=0 fast_bytes=16268 slow_bytes=116 batches=896 queries=955
t=13524900 read event=1009 count=16384 submitted=16531456 read_us=272 tx_us=15445 ack_sample=0 fast_bytes=16372 slow_bytes=12 batches=1027 queries=1034
t=13535257 read event=1010 count=16384 submitted=16547840 read_us=259 tx_us=10064 ack_sample=0 fast_bytes=16292 slow_bytes=92 batches=525 queries=572
t=13552209 read event=1011 count=16384 submitted=16564224 read_us=260 tx_us=16660 ack_sample=0 fast_bytes=16346 slow_bytes=38 batches=1116 queries=1136
t=13562485 read event=1012 count=16384 submitted=16580608 read_us=258 tx_us=9985 ack_sample=0 fast_bytes=16384 slow_bytes=0 batches=563 queries=564
t=13578279 read event=1013 count=16384 submitted=16596992 read_us=299 tx_us=15386 ack_sample=0 fast_bytes=16352 slow_bytes=32 batches=1012 queries=1029
t=13592265 read event=1014 count=16384 submitted=16613376 read_us=263 tx_us=13690 ack_sample=0 fast_bytes=16368 slow_bytes=16 batches=875 queries=884
t=13601817 read event=1015 count=16384 submitted=16629760 read_us=261 tx_us=9260 ack_sample=0 fast_bytes=16356 slow_bytes=28 batches=490 queries=505
t=13613775 read event=1016 count=16384 submitted=16646144 read_us=255 tx_us=11670 ack_sample=0 fast_bytes=16374 slow_bytes=10 batches=704 queries=710
t=13621899 read event=1017 count=16384 submitted=16662528 read_us=268 tx_us=7746 ack_sample=0 fast_bytes=16376 slow_bytes=8 batches=371 queries=376
t=13630461 read event=1018 count=16384 submitted=16678912 read_us=255 tx_us=8273 ack_sample=0 fast_bytes=16384 slow_bytes=0 batches=421 queries=422
t=13639763 read event=1019 count=16384 submitted=16695296 read_us=278 tx_us=8994 ack_sample=0 fast_bytes=16364 slow_bytes=20 batches=472 queries=483
t=13649351 read event=1020 count=16384 submitted=16711680 read_us=260 tx_us=9296 ack_sample=0 fast_bytes=16374 slow_bytes=10 batches=503 queries=509
t=13663134 read event=1021 count=16384 submitted=16728064 read_us=283 tx_us=13401 ack_sample=0 fast_bytes=16372 slow_bytes=12 batches=853 queries=860
t=13669221 read event=1022 count=16384 submitted=16744448 read_us=257 tx_us=5796 ack_sample=0 fast_bytes=16384 slow_bytes=0 batches=209 queries=210
t=13683937 read event=1023 count=16384 submitted=16760832 read_us=262 tx_us=14422 ack_sample=0 fast_bytes=16362 slow_bytes=22 batches=933 queries=945
t=13698431 read event=1024 count=16384 submitted=16777216 read_us=261 tx_us=14200 ack_sample=1 fast_bytes=16362 slow_bytes=22 batches=916 queries=928
t=13698457 profile_ack event=1024 words=11 high_reads=22 low_reads=22 high_wait_words=11 low_wait_words=11 high_max_reads=2 low_max_reads=2 uninitialized=0
t=13704085 read event=1025 count=16384 submitted=16793600 read_us=286 tx_us=5253 ack_sample=0 fast_bytes=16384 slow_bytes=0 batches=163 queries=164
t=13718682 read event=1026 count=16384 submitted=16809984 read_us=257 tx_us=14307 ack_sample=0 fast_bytes=16352 slow_bytes=32 batches=920 queries=937
t=13731939 read event=1027 count=16384 submitted=16826368 read_us=276 tx_us=12942 ack_sample=0 fast_bytes=16374 slow_bytes=10 batches=814 queries=820
t=13737994 read event=1028 count=16384 submitted=16842752 read_us=260 tx_us=5761 ack_sample=0 fast_bytes=16384 slow_bytes=0 batches=205 queries=206
t=13748253 read event=1029 count=16384 submitted=16859136 read_us=267 tx_us=9887 ack_sample=0 fast_bytes=16368 slow_bytes=16 batches=550 queries=559
t=13757971 read event=1030 count=16384 submitted=16875520 read_us=258 tx_us=9426 ack_sample=0 fast_bytes=16372 slow_bytes=12 batches=512 queries=519
t=13768020 read event=1031 count=16384 submitted=16891904 read_us=265 tx_us=9738 ack_sample=0 fast_bytes=16372 slow_bytes=12 batches=539 queries=546
t=13773836 read event=1032 count=16384 submitted=16908288 read_us=264 tx_us=5516 ack_sample=0 fast_bytes=16384 slow_bytes=0 batches=185 queries=186
t=13778791 read event=1033 count=16384 submitted=16924672 read_us=270 tx_us=4578 ack_sample=0 fast_bytes=16384 slow_bytes=0 batches=105 queries=106
t=13791676 read event=1034 count=16384 submitted=16941056 read_us=258 tx_us=12592 ack_sample=0 fast_bytes=16356 slow_bytes=28 batches=775 queries=790
t=13807076 read event=1035 count=16384 submitted=16957440 read_us=264 tx_us=15094 ack_sample=0 fast_bytes=16366 slow_bytes=18 batches=993 queries=1003
t=13813873 read event=1036 count=16384 submitted=16973824 read_us=262 tx_us=6503 ack_sample=0 fast_bytes=16384 slow_bytes=0 batches=269 queries=270
t=13837582 read event=1037 count=16384 submitted=16990208 read_us=270 tx_us=23337 ack_sample=0 fast_bytes=16310 slow_bytes=74 batches=1669 queries=1707
t=13845194 read event=1038 count=16384 submitted=17006592 read_us=277 tx_us=7300 ack_sample=0 fast_bytes=16384 slow_bytes=0 batches=338 queries=339
t=13868278 read event=1039 count=16384 submitted=17022976 read_us=260 tx_us=22794 ack_sample=0 fast_bytes=16306 slow_bytes=78 batches=1619 queries=1659
t=13876535 read event=1040 count=16384 submitted=17039360 read_us=260 tx_us=7964 ack_sample=0 fast_bytes=16378 slow_bytes=6 batches=391 queries=395
t=13892850 read event=1041 count=16384 submitted=17055744 read_us=281 tx_us=15928 ack_sample=0 fast_bytes=16338 slow_bytes=46 batches=1050 queries=1074
t=13907774 read event=1042 count=16384 submitted=17072128 read_us=261 tx_us=14628 ack_sample=0 fast_bytes=16334 slow_bytes=50 batches=937 queries=963
t=13919838 read event=1043 count=16384 submitted=17088512 read_us=259 tx_us=11774 ack_sample=0 fast_bytes=16360 slow_bytes=24 batches=707 queries=720
t=13938440 read event=1044 count=16384 submitted=17104896 read_us=263 tx_us=18307 ack_sample=0 fast_bytes=16330 slow_bytes=54 batches=1249 queries=1277
t=13945112 read event=1045 count=16384 submitted=17121280 read_us=287 tx_us=6273 ack_sample=0 fast_bytes=16384 slow_bytes=0 batches=250 queries=251
t=13968000 read event=1046 count=16384 submitted=17137664 read_us=257 tx_us=22597 ack_sample=0 fast_bytes=16292 slow_bytes=92 batches=1596 queries=1643
t=13975030 read event=1047 count=16384 submitted=17154048 read_us=262 tx_us=6736 ack_sample=0 fast_bytes=16384 slow_bytes=0 batches=289 queries=290
t=13988098 read event=1048 count=16384 submitted=17170432 read_us=264 tx_us=12767 ack_sample=0 fast_bytes=16352 slow_bytes=32 batches=786 queries=803
t=14005276 read event=1049 count=16384 submitted=17186816 read_us=271 tx_us=16798 ack_sample=0 fast_bytes=16348 slow_bytes=36 batches=1129 queries=1148
t=14012938 read event=1050 count=16384 submitted=17203200 read_us=258 tx_us=7370 ack_sample=0 fast_bytes=16384 slow_bytes=0 batches=343 queries=344
t=14035490 read event=1051 count=16384 submitted=17219584 read_us=261 tx_us=22260 ack_sample=0 fast_bytes=16314 slow_bytes=70 batches=1578 queries=1614
t=14043086 read event=1052 count=16384 submitted=17235968 read_us=286 tx_us=7272 ack_sample=0 fast_bytes=16384 slow_bytes=0 batches=335 queries=336
t=14063918 read event=1053 count=16384 submitted=17252352 read_us=270 tx_us=20456 ack_sample=0 fast_bytes=16322 slow_bytes=62 batches=1427 queries=1459
t=14072036 read event=1054 count=16384 submitted=17268736 read_us=260 tx_us=7824 ack_sample=0 fast_bytes=16380 slow_bytes=4 batches=379 queries=382
t=14083837 read event=1055 count=16384 submitted=17285120 read_us=265 tx_us=11500 ack_sample=0 fast_bytes=16358 slow_bytes=26 batches=682 queries=696
t=14101435 read event=1056 count=16384 submitted=17301504 read_us=263 tx_us=17302 ack_sample=0 fast_bytes=16318 slow_bytes=66 batches=1157 queries=1191
t=14110014 read event=1057 count=16384 submitted=17317888 read_us=288 tx_us=8181 ack_sample=0 fast_bytes=16384 slow_bytes=0 batches=412 queries=413
t=14129968 read event=1058 count=16384 submitted=17334272 read_us=261 tx_us=19643 ack_sample=0 fast_bytes=16312 slow_bytes=72 batches=1352 queries=1389
t=14138762 read event=1059 count=16384 submitted=17350656 read_us=264 tx_us=8495 ack_sample=0 fast_bytes=16380 slow_bytes=4 batches=430 queries=433
t=14151506 read event=1060 count=16384 submitted=17367040 read_us=266 tx_us=12442 ack_sample=0 fast_bytes=16360 slow_bytes=24 batches=763 queries=776
t=14166816 read event=1061 count=16384 submitted=17383424 read_us=296 tx_us=14907 ack_sample=0 fast_bytes=16358 slow_bytes=26 batches=973 queries=987
t=14176014 read event=1062 count=16384 submitted=17399808 read_us=255 tx_us=8909 ack_sample=0 fast_bytes=16384 slow_bytes=0 batches=473 queries=474
t=14193316 read event=1063 count=16384 submitted=17416192 read_us=262 tx_us=17009 ack_sample=0 fast_bytes=16346 slow_bytes=38 batches=1147 queries=1167
t=14204331 read event=1064 count=16384 submitted=17432576 read_us=263 tx_us=10717 ack_sample=0 fast_bytes=16380 slow_bytes=4 batches=626 queries=629
t=14213782 read event=1065 count=16384 submitted=17448960 read_us=284 tx_us=9056 ack_sample=0 fast_bytes=16384 slow_bytes=0 batches=487 queries=488
t=14232384 read event=1066 count=16384 submitted=17465344 read_us=257 tx_us=18311 ack_sample=0 fast_bytes=16344 slow_bytes=40 batches=1257 queries=1278
t=14242845 read event=1067 count=16384 submitted=17481728 read_us=263 tx_us=10167 ack_sample=0 fast_bytes=16384 slow_bytes=0 batches=581 queries=582
t=14257662 read event=1068 count=16384 submitted=17498112 read_us=260 tx_us=14523 ack_sample=0 fast_bytes=16354 slow_bytes=30 batches=938 queries=954
t=14268022 read event=1069 count=16384 submitted=17514496 read_us=268 tx_us=9979 ack_sample=0 fast_bytes=16384 slow_bytes=0 batches=566 queries=567
t=14279034 read event=1070 count=16384 submitted=17530880 read_us=259 tx_us=10719 ack_sample=0 fast_bytes=16384 slow_bytes=0 batches=629 queries=630
t=14294134 read event=1071 count=16384 submitted=17547264 read_us=258 tx_us=14811 ack_sample=0 fast_bytes=16364 slow_bytes=20 batches=968 queries=979
t=14307352 read event=1072 count=16384 submitted=17563648 read_us=259 tx_us=12926 ack_sample=0 fast_bytes=16384 slow_bytes=0 batches=817 queries=818
t=14323122 read event=1073 count=16384 submitted=17580032 read_us=288 tx_us=15377 ack_sample=0 fast_bytes=16360 slow_bytes=24 batches=1015 queries=1028
t=14336136 read event=1074 count=16384 submitted=17596416 read_us=259 tx_us=12720 ack_sample=0 fast_bytes=16384 slow_bytes=0 batches=800 queries=801
t=14351844 read event=1075 count=16384 submitted=17612800 read_us=261 tx_us=15417 ack_sample=0 fast_bytes=16368 slow_bytes=16 batches=1022 queries=1031
t=14364348 read event=1076 count=16384 submitted=17629184 read_us=261 tx_us=12211 ack_sample=0 fast_bytes=16384 slow_bytes=0 batches=757 queries=758
t=14377153 read event=1077 count=16384 submitted=17645568 read_us=298 tx_us=12406 ack_sample=0 fast_bytes=16384 slow_bytes=0 batches=774 queries=775
t=14393182 read event=1078 count=16384 submitted=17661952 read_us=259 tx_us=15735 ack_sample=0 fast_bytes=16364 slow_bytes=20 batches=1047 queries=1058
t=14406587 read event=1079 count=16384 submitted=17678336 read_us=266 tx_us=13105 ack_sample=0 fast_bytes=16384 slow_bytes=0 batches=833 queries=834
t=14421823 read event=1080 count=16384 submitted=17694720 read_us=278 tx_us=14925 ack_sample=0 fast_bytes=16372 slow_bytes=12 batches=982 queries=989
t=14438846 read event=1081 count=16384 submitted=17711104 read_us=270 tx_us=16641 ack_sample=0 fast_bytes=16384 slow_bytes=0 batches=1134 queries=1135
t=14456079 read event=1082 count=16384 submitted=17727488 read_us=260 tx_us=16938 ack_sample=0 fast_bytes=16366 slow_bytes=18 batches=1151 queries=1161
t=14471641 read event=1083 count=16384 submitted=17743872 read_us=262 tx_us=15268 ack_sample=0 fast_bytes=16384 slow_bytes=0 batches=1018 queries=1019
t=14488243 read event=1084 count=16384 submitted=17760256 read_us=270 tx_us=16301 ack_sample=0 fast_bytes=16374 slow_bytes=10 batches=1101 queries=1107
t=14503780 read event=1085 count=16384 submitted=17776640 read_us=274 tx_us=15148 ack_sample=0 fast_bytes=16384 slow_bytes=0 batches=1006 queries=1007
t=14519351 read event=1086 count=16384 submitted=17793024 read_us=265 tx_us=15257 ack_sample=0 fast_bytes=16366 slow_bytes=18 batches=1004 queries=1014
t=14532061 read event=1087 count=16384 submitted=17809408 read_us=279 tx_us=12396 ack_sample=0 fast_bytes=16384 slow_bytes=0 batches=772 queries=773
t=14544140 read event=1088 count=16384 submitted=17825792 read_us=262 tx_us=11785 ack_sample=1 fast_bytes=16384 slow_bytes=0 batches=720 queries=721
t=14544166 profile_ack event=1088 words=0 high_reads=0 low_reads=0 high_wait_words=0 low_wait_words=0 high_max_reads=0 low_max_reads=0 uninitialized=0
t=14558406 read event=1089 count=16384 submitted=17842176 read_us=267 tx_us=13877 ack_sample=0 fast_bytes=16372 slow_bytes=12 batches=891 queries=898
t=14571023 read event=1090 count=16384 submitted=17858560 read_us=276 tx_us=12303 ack_sample=0 fast_bytes=16384 slow_bytes=0 batches=674 queries=675
t=14585274 read event=1091 count=16384 submitted=17874944 read_us=369 tx_us=13819 ack_sample=0 fast_bytes=16370 slow_bytes=14 batches=846 queries=854
t=14597045 read event=1092 count=16384 submitted=17891328 read_us=300 tx_us=11416 ack_sample=0 fast_bytes=16384 slow_bytes=0 batches=688 queries=689
t=14609180 read event=1093 count=16384 submitted=17907712 read_us=278 tx_us=11726 ack_sample=0 fast_bytes=16384 slow_bytes=0 batches=715 queries=716
t=14622118 read event=1094 count=16384 submitted=17924096 read_us=267 tx_us=12635 ack_sample=0 fast_bytes=16370 slow_bytes=14 batches=784 queries=792
t=14632208 read event=1095 count=16384 submitted=17940480 read_us=263 tx_us=9795 ack_sample=0 fast_bytes=16384 slow_bytes=0 batches=550 queries=551
t=14642567 read event=1096 count=16384 submitted=17956864 read_us=261 tx_us=10065 ack_sample=0 fast_bytes=16384 slow_bytes=0 batches=573 queries=574
t=14656182 read event=1097 count=16384 submitted=17973248 read_us=282 tx_us=13228 ack_sample=0 fast_bytes=16364 slow_bytes=20 batches=833 queries=844
t=14669184 read event=1098 count=16384 submitted=17989632 read_us=258 tx_us=12709 ack_sample=0 fast_bytes=16384 slow_bytes=0 batches=799 queries=800
t=14683421 read event=1099 count=16384 submitted=18006016 read_us=261 tx_us=13945 ack_sample=0 fast_bytes=16368 slow_bytes=16 batches=895 queries=904
t=14696354 read event=1100 count=16384 submitted=18022400 read_us=280 tx_us=12620 ack_sample=0 fast_bytes=16382 slow_bytes=2 batches=791 queries=793
t=14709237 read event=1101 count=16384 submitted=18038784 read_us=285 tx_us=12489 ack_sample=0 fast_bytes=16384 slow_bytes=0 batches=781 queries=782
t=14723624 read event=1102 count=16384 submitted=18055168 read_us=259 tx_us=14095 ack_sample=0 fast_bytes=16364 slow_bytes=20 batches=907 queries=918
t=14736036 read event=1103 count=16384 submitted=18071552 read_us=273 tx_us=12107 ack_sample=0 fast_bytes=16384 slow_bytes=0 batches=748 queries=749
t=14747749 read event=1104 count=16384 submitted=18087936 read_us=259 tx_us=11422 ack_sample=0 fast_bytes=16384 slow_bytes=0 batches=688 queries=689
t=14762565 read event=1105 count=16384 submitted=18104320 read_us=266 tx_us=14450 ack_sample=0 fast_bytes=16364 slow_bytes=20 batches=937 queries=948
t=14775626 read event=1106 count=16384 submitted=18120704 read_us=280 tx_us=12747 ack_sample=0 fast_bytes=16384 slow_bytes=0 batches=803 queries=804
t=14790048 read event=1107 count=16384 submitted=18137088 read_us=273 tx_us=14118 ack_sample=0 fast_bytes=16366 slow_bytes=18 batches=910 queries=920
t=14802277 read event=1108 count=16384 submitted=18153472 read_us=259 tx_us=11937 ack_sample=0 fast_bytes=16384 slow_bytes=0 batches=733 queries=734
t=14814223 read event=1109 count=16384 submitted=18169856 read_us=330 tx_us=11362 ack_sample=0 fast_bytes=16384 slow_bytes=0 batches=681 queries=682
t=14828792 read event=1110 count=16384 submitted=18186240 read_us=266 tx_us=14262 ack_sample=0 fast_bytes=16368 slow_bytes=16 batches=923 queries=932
t=14841942 read event=1111 count=16384 submitted=18202624 read_us=263 tx_us=12852 ack_sample=0 fast_bytes=16384 slow_bytes=0 batches=811 queries=812
t=14856483 read event=1112 count=16384 submitted=18219008 read_us=264 tx_us=14229 ack_sample=0 fast_bytes=16366 slow_bytes=18 batches=920 queries=930
t=14868407 read event=1113 count=16384 submitted=18235392 read_us=294 tx_us=11520 ack_sample=0 fast_bytes=16384 slow_bytes=0 batches=698 queries=699
t=14880573 read event=1114 count=16384 submitted=18251776 read_us=288 tx_us=11843 ack_sample=0 fast_bytes=16384 slow_bytes=0 batches=726 queries=727
t=14895131 read event=1115 count=16384 submitted=18268160 read_us=279 tx_us=14247 ack_sample=0 fast_bytes=16358 slow_bytes=26 batches=917 queries=931
t=14908295 read event=1116 count=16384 submitted=18284544 read_us=259 tx_us=12872 ack_sample=0 fast_bytes=16384 slow_bytes=0 batches=813 queries=814
t=14923114 read event=1117 count=16384 submitted=18300928 read_us=268 tx_us=14441 ack_sample=0 fast_bytes=16364 slow_bytes=20 batches=936 queries=947
t=14935484 read event=1118 count=16384 submitted=18317312 read_us=259 tx_us=12075 ack_sample=0 fast_bytes=16384 slow_bytes=0 batches=744 queries=745
media_player_helper: video=18402691 bytes, pts=0, audio=0 frames/0 samples
t=14948165 read event=1119 count=16384 submitted=18333696 read_us=363 tx_us=12286 ack_sample=0 fast_bytes=16384 slow_bytes=0 batches=760 queries=761
t=14962789 read event=1120 count=16384 submitted=18350080 read_us=245 tx_us=14345 ack_sample=0 fast_bytes=16366 slow_bytes=18 batches=924 queries=934
t=14975897 read event=1121 count=16384 submitted=18366464 read_us=33 tx_us=12962 ack_sample=0 fast_bytes=16384 slow_bytes=0 batches=821 queries=822
t=14990444 read event=1122 count=16384 submitted=18382848 read_us=29 tx_us=14491 ack_sample=0 fast_bytes=16362 slow_bytes=22 batches=941 queries=953
t=15002254 read event=1123 count=16384 submitted=18399232 read_us=31 tx_us=11751 ack_sample=0 fast_bytes=16384 slow_bytes=0 batches=717 queries=718
t=15005077 read event=1124 count=3459 submitted=18402691 read_us=11 tx_us=2787 ack_sample=0 fast_bytes=3458 slow_bytes=1 batches=175 queries=177
t=15005171 helper stdout eof
t=15005185 finish reason=eof fd=14 download=1 submitted=18402691 reads=1124 would_block=164
t=15005226 download released
t=15005291 child wait=1730 status=0x0 wait_errno=0 exited=1 exit_code=0 signaled=0 signal=0
t=15005308 transfer complete submitted=18402691 reads=1124
t=15005319 profile_poll polls=446 elapsed_us=154 interval_us=42268 chunks=0
t=15005330 profile_summary polls=446 poll_us=14960194 poll_max_us=77614 data_polls=281 data_poll_us=14958865 intervals=445 interval_us=15002646 interval_max_us=77769 read_calls=1289 read_us=301359 tx_calls=1124 tx_us=14617878 tx_max_us=28309 ack_chunks=17 fast_bytes=18385038 slow_bytes=17653 burst_calls=916130 status_queries=926081 transport_mode=2
