----------------
; Command Info ;
----------------
Report Timing: Found 15 setup paths (1 violated).  Worst case slack is -0.013 

Tcl Command:
    report_timing -setup -file /home/vash/mister-builds/entry679/results/setup_paths.rpt -npaths 15 -detail full_path

Options:
    -setup 
    -npaths 15 
    -detail full_path 
    -file {/home/vash/mister-builds/entry679/results/setup_paths.rpt} 

Delay Model:
    Slow 1100mV 100C Model

+-------------------------------------------------------------------------------------------------------------------------------------------------------------------------------------------------------------------------------------------------------------------------------------------+
; Summary of Paths                                                                                                                                                                                                                                                                          ;
+--------+---------------------------+-------------------------------------+-----------------------------------------------------------------------------------+-----------------------------------------------------------------------------------+--------------+------------+------------+
; Slack  ; From Node                 ; To Node                             ; Launch Clock                                                                      ; Latch Clock                                                                       ; Relationship ; Clock Skew ; Data Delay ;
+--------+---------------------------+-------------------------------------+-----------------------------------------------------------------------------------+-----------------------------------------------------------------------------------+--------------+------------+------------+
; -0.013 ; csync:csync_hdmi|csync_vs ; hs                                  ; pll_hdmi|pll_hdmi_inst|altera_pll_i|cyclonev_pll|counter[0].output_counter|divclk ; pll_hdmi|pll_hdmi_inst|altera_pll_i|cyclonev_pll|counter[0].output_counter|divclk ; 6.732        ; -0.360     ; 6.185      ;
; 0.131  ; ascal:ascal|o_vacpt[1]    ; ascal:ascal|o_adrs_pre[0]_OTERM5    ; pll_hdmi|pll_hdmi_inst|altera_pll_i|cyclonev_pll|counter[0].output_counter|divclk ; pll_hdmi|pll_hdmi_inst|altera_pll_i|cyclonev_pll|counter[0].output_counter|divclk ; 6.732        ; 0.175      ; 6.576      ;
; 0.131  ; ascal:ascal|o_vacpt[1]    ; ascal:ascal|o_adrs_pre[1]_OTERM15   ; pll_hdmi|pll_hdmi_inst|altera_pll_i|cyclonev_pll|counter[0].output_counter|divclk ; pll_hdmi|pll_hdmi_inst|altera_pll_i|cyclonev_pll|counter[0].output_counter|divclk ; 6.732        ; 0.175      ; 6.576      ;
; 0.131  ; ascal:ascal|o_vacpt[1]    ; ascal:ascal|o_adrs_pre[2]_OTERM21   ; pll_hdmi|pll_hdmi_inst|altera_pll_i|cyclonev_pll|counter[0].output_counter|divclk ; pll_hdmi|pll_hdmi_inst|altera_pll_i|cyclonev_pll|counter[0].output_counter|divclk ; 6.732        ; 0.175      ; 6.576      ;
; 0.131  ; ascal:ascal|o_vacpt[1]    ; ascal:ascal|o_adrs_pre[3]_OTERM27   ; pll_hdmi|pll_hdmi_inst|altera_pll_i|cyclonev_pll|counter[0].output_counter|divclk ; pll_hdmi|pll_hdmi_inst|altera_pll_i|cyclonev_pll|counter[0].output_counter|divclk ; 6.732        ; 0.175      ; 6.576      ;
; 0.131  ; ascal:ascal|o_vacpt[1]    ; ascal:ascal|o_adrs_pre[4]_OTERM51   ; pll_hdmi|pll_hdmi_inst|altera_pll_i|cyclonev_pll|counter[0].output_counter|divclk ; pll_hdmi|pll_hdmi_inst|altera_pll_i|cyclonev_pll|counter[0].output_counter|divclk ; 6.732        ; 0.175      ; 6.576      ;
; 0.131  ; ascal:ascal|o_vacpt[1]    ; ascal:ascal|o_adrs_pre[5]_OTERM45   ; pll_hdmi|pll_hdmi_inst|altera_pll_i|cyclonev_pll|counter[0].output_counter|divclk ; pll_hdmi|pll_hdmi_inst|altera_pll_i|cyclonev_pll|counter[0].output_counter|divclk ; 6.732        ; 0.175      ; 6.576      ;
; 0.131  ; ascal:ascal|o_vacpt[1]    ; ascal:ascal|o_adrs_pre[6]_OTERM39   ; pll_hdmi|pll_hdmi_inst|altera_pll_i|cyclonev_pll|counter[0].output_counter|divclk ; pll_hdmi|pll_hdmi_inst|altera_pll_i|cyclonev_pll|counter[0].output_counter|divclk ; 6.732        ; 0.175      ; 6.576      ;
; 0.131  ; ascal:ascal|o_vacpt[1]    ; ascal:ascal|o_adrs_pre[7]_OTERM33   ; pll_hdmi|pll_hdmi_inst|altera_pll_i|cyclonev_pll|counter[0].output_counter|divclk ; pll_hdmi|pll_hdmi_inst|altera_pll_i|cyclonev_pll|counter[0].output_counter|divclk ; 6.732        ; 0.175      ; 6.576      ;
; 0.131  ; ascal:ascal|o_vacpt[1]    ; ascal:ascal|o_adrs_pre[8]_OTERM211  ; pll_hdmi|pll_hdmi_inst|altera_pll_i|cyclonev_pll|counter[0].output_counter|divclk ; pll_hdmi|pll_hdmi_inst|altera_pll_i|cyclonev_pll|counter[0].output_counter|divclk ; 6.732        ; 0.175      ; 6.576      ;
; 0.131  ; ascal:ascal|o_vacpt[1]    ; ascal:ascal|o_adrs_pre[9]_OTERM205  ; pll_hdmi|pll_hdmi_inst|altera_pll_i|cyclonev_pll|counter[0].output_counter|divclk ; pll_hdmi|pll_hdmi_inst|altera_pll_i|cyclonev_pll|counter[0].output_counter|divclk ; 6.732        ; 0.175      ; 6.576      ;
; 0.131  ; ascal:ascal|o_vacpt[1]    ; ascal:ascal|o_adrs_pre[10]_OTERM199 ; pll_hdmi|pll_hdmi_inst|altera_pll_i|cyclonev_pll|counter[0].output_counter|divclk ; pll_hdmi|pll_hdmi_inst|altera_pll_i|cyclonev_pll|counter[0].output_counter|divclk ; 6.732        ; 0.175      ; 6.576      ;
; 0.131  ; ascal:ascal|o_vacpt[1]    ; ascal:ascal|o_adrs_pre[11]_OTERM193 ; pll_hdmi|pll_hdmi_inst|altera_pll_i|cyclonev_pll|counter[0].output_counter|divclk ; pll_hdmi|pll_hdmi_inst|altera_pll_i|cyclonev_pll|counter[0].output_counter|divclk ; 6.732        ; 0.175      ; 6.576      ;
; 0.131  ; ascal:ascal|o_vacpt[1]    ; ascal:ascal|o_adrs_pre[12]_OTERM187 ; pll_hdmi|pll_hdmi_inst|altera_pll_i|cyclonev_pll|counter[0].output_counter|divclk ; pll_hdmi|pll_hdmi_inst|altera_pll_i|cyclonev_pll|counter[0].output_counter|divclk ; 6.732        ; 0.175      ; 6.576      ;
; 0.131  ; ascal:ascal|o_vacpt[1]    ; ascal:ascal|o_adrs_pre[13]_OTERM181 ; pll_hdmi|pll_hdmi_inst|altera_pll_i|cyclonev_pll|counter[0].output_counter|divclk ; pll_hdmi|pll_hdmi_inst|altera_pll_i|cyclonev_pll|counter[0].output_counter|divclk ; 6.732        ; 0.175      ; 6.576      ;
+--------+---------------------------+-------------------------------------+-----------------------------------------------------------------------------------+-----------------------------------------------------------------------------------+--------------+------------+------------+

Path #1: Setup slack is -0.013 (VIOLATED)
===============================================================================
+--------------------------------------------------------------------------------------------------------+
; Path Summary                                                                                           ;
+--------------------+-----------------------------------------------------------------------------------+
; Property           ; Value                                                                             ;
+--------------------+-----------------------------------------------------------------------------------+
; From Node          ; csync:csync_hdmi|csync_vs                                                         ;
; To Node            ; hs                                                                                ;
; Launch Clock       ; pll_hdmi|pll_hdmi_inst|altera_pll_i|cyclonev_pll|counter[0].output_counter|divclk ;
; Latch Clock        ; pll_hdmi|pll_hdmi_inst|altera_pll_i|cyclonev_pll|counter[0].output_counter|divclk ;
; Data Arrival Time  ; 14.821                                                                            ;
; Data Required Time ; 14.808                                                                            ;
; Slack              ; -0.013 (VIOLATED)                                                                 ;
+--------------------+-----------------------------------------------------------------------------------+

+--------------------------------------------------------------------------------------+
; Statistics                                                                           ;
+------------------------+--------+-------+-------------+------------+--------+--------+
; Property               ; Value  ; Count ; Total Delay ; % of Total ; Min    ; Max    ;
+------------------------+--------+-------+-------------+------------+--------+--------+
; Setup Relationship     ; 6.732  ;       ;             ;            ;        ;        ;
; Clock Skew             ; -0.360 ;       ;             ;            ;        ;        ;
; Data Delay             ; 6.185  ;       ;             ;            ;        ;        ;
; Number of Logic Levels ;        ; 2     ;             ;            ;        ;        ;
; Physical Delays        ;        ;       ;             ;            ;        ;        ;
;  Arrival Path          ;        ;       ;             ;            ;        ;        ;
;   Clock                ;        ;       ;             ;            ;        ;        ;
;    IC                  ;        ; 6     ; 4.725       ; 55         ; 0.000  ; 2.258  ;
;    Cell                ;        ; 6     ; 3.911       ; 45         ; 0.185  ; 1.745  ;
;   Data                 ;        ;       ;             ;            ;        ;        ;
;    IC                  ;        ; 3     ; 5.012       ; 81         ; 0.425  ; 2.336  ;
;    Cell                ;        ; 4     ; 1.173       ; 19         ; 0.000  ; 0.630  ;
;    uTco                ;        ; 1     ; 0.000       ; 0          ; 0.000  ; 0.000  ;
;  Required Path         ;        ;       ;             ;            ;        ;        ;
;   Clock                ;        ;       ;             ;            ;        ;        ;
;    IC                  ;        ; 7     ; 4.107       ; 54         ; 0.000  ; 1.905  ;
;    Cell                ;        ; 6     ; 3.516       ; 46         ; 0.196  ; 1.466  ;
;    PLL Compensation    ;        ; 1     ; -0.151      ; 0          ; -0.151 ; -0.151 ;
+------------------------+--------+-------+-------------+------------+--------+--------+
Note: Negative delays are omitted from totals when calculating percentages

+------------------------------------------------------------------------------------------------------------------------------------------------------------+
; Data Arrival Path                                                                                                                                          ;
+----------+---------+----+------+--------+---------------------------+--------------------------------------------------------------------------------------+
; Total    ; Incr    ; RF ; Type ; Fanout ; Location                  ; Element                                                                              ;
+----------+---------+----+------+--------+---------------------------+--------------------------------------------------------------------------------------+
; 0.000    ; 0.000   ;    ;      ;        ;                           ; launch edge time                                                                     ;
; 8.636    ; 8.636   ;    ;      ;        ;                           ; clock path                                                                           ;
;   0.000  ;   0.000 ;    ;      ;        ;                           ; source latency                                                                       ;
;   0.000  ;   0.000 ;    ;      ; 1      ; PIN_V11                   ; FPGA_CLK1_50                                                                         ;
;   0.000  ;   0.000 ; RR ; IC   ; 1      ; IOIBUF_X32_Y0_N1          ; FPGA_CLK1_50~input|i                                                                 ;
;   0.761  ;   0.761 ; RR ; CELL ; 2      ; IOIBUF_X32_Y0_N1          ; FPGA_CLK1_50~input|o                                                                 ;
;   2.086  ;   1.325 ; RR ; IC   ; 1      ; PLLREFCLKSELECT_X0_Y7_N0  ; pll_hdmi|pll_hdmi_inst|altera_pll_i|cyclonev_pll|fpll_0|REFCLK_SELECT|clkin[0]       ;
;   2.419  ;   0.333 ; RR ; CELL ; 1      ; PLLREFCLKSELECT_X0_Y7_N0  ; pll_hdmi|pll_hdmi_inst|altera_pll_i|cyclonev_pll|fpll_0|REFCLK_SELECT|clkout         ;
;   2.419  ;   0.000 ; RR ; IC   ; 10     ; FRACTIONALPLL_X0_Y1_N0    ; pll_hdmi|pll_hdmi_inst|altera_pll_i|cyclonev_pll|fpll_0|fpll|refclkin                ;
;   2.604  ;   0.185 ; RR ; CELL ; 1      ; FRACTIONALPLL_X0_Y1_N0    ; pll_hdmi|pll_hdmi_inst|altera_pll_i|cyclonev_pll|fpll_0|fpll|vcoph[0]                ;
;   2.604  ;   0.000 ; RR ; IC   ; 1      ; PLLOUTPUTCOUNTER_X0_Y5_N1 ; pll_hdmi|pll_hdmi_inst|altera_pll_i|cyclonev_pll|counter[0].output_counter|vco0ph[0] ;
;   4.349  ;   1.745 ; RR ; CELL ; 3      ; PLLOUTPUTCOUNTER_X0_Y5_N1 ; pll_hdmi|pll_hdmi_inst|altera_pll_i|cyclonev_pll|counter[0].output_counter|divclk    ;
;   5.491  ;   1.142 ; RR ; IC   ; 1      ; CLKCTRL_G5                ; pll_hdmi|pll_hdmi_inst|altera_pll_i|cyclonev_pll|divclk[0]~CLKENA0|inclk             ;
;   5.795  ;   0.304 ; RR ; CELL ; 3656   ; CLKCTRL_G5                ; pll_hdmi|pll_hdmi_inst|altera_pll_i|cyclonev_pll|divclk[0]~CLKENA0|outclk            ;
;   8.053  ;   2.258 ; RR ; IC   ; 1      ; FF_X73_Y1_N19             ; csync_hdmi|csync_vs|clk                                                              ;
;   8.636  ;   0.583 ; RR ; CELL ; 1      ; FF_X73_Y1_N19             ; csync:csync_hdmi|csync_vs                                                            ;
; 14.821   ; 6.185   ;    ;      ;        ;                           ; data path                                                                            ;
;   8.636  ;   0.000 ;    ; uTco ; 1      ; FF_X73_Y1_N19             ; csync:csync_hdmi|csync_vs                                                            ;
;   8.636  ;   0.000 ; RR ; CELL ; 1      ; FF_X73_Y1_N19             ; csync_hdmi|csync_vs|q                                                                ;
;   9.061  ;   0.425 ; RR ; IC   ; 1      ; LABCELL_X73_Y1_N15        ; csync_hdmi|csync|datac                                                               ;
;   9.523  ;   0.462 ; RF ; CELL ; 2      ; LABCELL_X73_Y1_N15        ; csync_hdmi|csync|combout                                                             ;
;   11.859 ;   2.336 ; FF ; IC   ; 1      ; LABCELL_X40_Y9_N36        ; hs~0|dataf                                                                           ;
;   11.940 ;   0.081 ; FF ; CELL ; 1      ; LABCELL_X40_Y9_N36        ; hs~0|combout                                                                         ;
;   14.191 ;   2.251 ; FF ; IC   ; 1      ; FF_X8_Y1_N49              ; hs|asdata                                                                            ;
;   14.821 ;   0.630 ; FF ; CELL ; 1      ; FF_X8_Y1_N49              ; hs                                                                                   ;
+----------+---------+----+------+--------+---------------------------+--------------------------------------------------------------------------------------+

+-------------------------------------------------------------------------------------------------------------------------------------------------------------+
; Data Required Path                                                                                                                                          ;
+----------+----------+----+------+--------+---------------------------+--------------------------------------------------------------------------------------+
; Total    ; Incr     ; RF ; Type ; Fanout ; Location                  ; Element                                                                              ;
+----------+----------+----+------+--------+---------------------------+--------------------------------------------------------------------------------------+
; 6.732    ; 6.732    ;    ;      ;        ;                           ; latch edge time                                                                      ;
; 15.008   ; 8.276    ;    ;      ;        ;                           ; clock path                                                                           ;
;   6.732  ;   0.000  ;    ;      ;        ;                           ; source latency                                                                       ;
;   6.732  ;   0.000  ;    ;      ; 1      ; PIN_V11                   ; FPGA_CLK1_50                                                                         ;
;   6.732  ;   0.000  ; RR ; IC   ; 1      ; IOIBUF_X32_Y0_N1          ; FPGA_CLK1_50~input|i                                                                 ;
;   7.493  ;   0.761  ; RR ; CELL ; 2      ; IOIBUF_X32_Y0_N1          ; FPGA_CLK1_50~input|o                                                                 ;
;   8.654  ;   1.161  ; RR ; IC   ; 1      ; PLLREFCLKSELECT_X0_Y7_N0  ; pll_hdmi|pll_hdmi_inst|altera_pll_i|cyclonev_pll|fpll_0|REFCLK_SELECT|clkin[0]       ;
;   8.962  ;   0.308  ; RR ; CELL ; 1      ; PLLREFCLKSELECT_X0_Y7_N0  ; pll_hdmi|pll_hdmi_inst|altera_pll_i|cyclonev_pll|fpll_0|REFCLK_SELECT|clkout         ;
;   8.962  ;   0.000  ; RR ; IC   ; 10     ; FRACTIONALPLL_X0_Y1_N0    ; pll_hdmi|pll_hdmi_inst|altera_pll_i|cyclonev_pll|fpll_0|fpll|refclkin                ;
;   8.811  ;   -0.151 ; RR ; COMP ; 1      ; FRACTIONALPLL_X0_Y1_N0    ; pll_hdmi|pll_hdmi_inst|altera_pll_i|cyclonev_pll|fpll_0|fpll|vcoph[0]                ;
;   8.811  ;   0.000  ; RR ; IC   ; 1      ; PLLOUTPUTCOUNTER_X0_Y5_N1 ; pll_hdmi|pll_hdmi_inst|altera_pll_i|cyclonev_pll|counter[0].output_counter|vco0ph[0] ;
;   10.277 ;   1.466  ; RR ; CELL ; 3      ; PLLOUTPUTCOUNTER_X0_Y5_N1 ; pll_hdmi|pll_hdmi_inst|altera_pll_i|cyclonev_pll|counter[0].output_counter|divclk    ;
;   11.282 ;   1.005  ; RR ; IC   ; 1      ; CLKSEL_X42_Y0_N11         ; hdmi_clk_sw|inclk[2]                                                                 ;
;   11.478 ;   0.196  ; RR ; CELL ; 1      ; CLKSEL_X42_Y0_N11         ; hdmi_clk_sw|outclk                                                                   ;
;   11.514 ;   0.036  ; RR ; IC   ; 1      ; CLKCTRL_G7                ; hdmi_tx_clk~CLKENA0|inclk                                                            ;
;   11.787 ;   0.273  ; RR ; CELL ; 85     ; CLKCTRL_G7                ; hdmi_tx_clk~CLKENA0|outclk                                                           ;
;   13.692 ;   1.905  ; RR ; IC   ; 1      ; FF_X8_Y1_N49              ; hs|clk                                                                               ;
;   14.204 ;   0.512  ; RR ; CELL ; 1      ; FF_X8_Y1_N49              ; hs                                                                                   ;
;   15.008 ;   0.804  ;    ;      ;        ;                           ; clock pessimism removed                                                              ;
; 14.808   ; -0.200   ;    ;      ;        ;                           ; clock uncertainty                                                                    ;
; 14.808   ; 0.000    ;    ; uTsu ; 1      ; FF_X8_Y1_N49              ; hs                                                                                   ;
+----------+----------+----+------+--------+---------------------------+--------------------------------------------------------------------------------------+

----------------------------
; Extra Fitter Information ;
----------------------------
HTML report is unavailable in plain text report export.


Path #2: Setup slack is 0.131 
===============================================================================
+--------------------------------------------------------------------------------------------------------+
; Path Summary                                                                                           ;
+--------------------+-----------------------------------------------------------------------------------+
; Property           ; Value                                                                             ;
+--------------------+-----------------------------------------------------------------------------------+
; From Node          ; ascal:ascal|o_vacpt[1]                                                            ;
; To Node            ; ascal:ascal|o_adrs_pre[0]_OTERM5                                                  ;
; Launch Clock       ; pll_hdmi|pll_hdmi_inst|altera_pll_i|cyclonev_pll|counter[0].output_counter|divclk ;
; Latch Clock        ; pll_hdmi|pll_hdmi_inst|altera_pll_i|cyclonev_pll|counter[0].output_counter|divclk ;
; Data Arrival Time  ; 15.179                                                                            ;
; Data Required Time ; 15.310                                                                            ;
; Slack              ; 0.131                                                                             ;
+--------------------+-----------------------------------------------------------------------------------+

+-------------------------------------------------------------------------------------+
; Statistics                                                                          ;
+------------------------+-------+-------+-------------+------------+--------+--------+
; Property               ; Value ; Count ; Total Delay ; % of Total ; Min    ; Max    ;
+------------------------+-------+-------+-------------+------------+--------+--------+
; Setup Relationship     ; 6.732 ;       ;             ;            ;        ;        ;
; Clock Skew             ; 0.175 ;       ;             ;            ;        ;        ;
; Data Delay             ; 6.576 ;       ;             ;            ;        ;        ;
; Number of Logic Levels ;       ; 1     ;             ;            ;        ;        ;
; Physical Delays        ;       ;       ;             ;            ;        ;        ;
;  Arrival Path          ;       ;       ;             ;            ;        ;        ;
;   Clock                ;       ;       ;             ;            ;        ;        ;
;    IC                  ;       ; 6     ; 4.703       ; 55         ; 0.000  ; 2.236  ;
;    Cell                ;       ; 6     ; 3.900       ; 45         ; 0.185  ; 1.745  ;
;   Data                 ;       ;       ;             ;            ;        ;        ;
;    IC                  ;       ; 13    ; 1.554       ; 24         ; 0.000  ; 0.818  ;
;    Cell                ;       ; 14    ; 5.022       ; 76         ; 0.000  ; 3.549  ;
;    uTco                ;       ; 1     ; 0.000       ; 0          ; 0.000  ; 0.000  ;
;  Required Path         ;       ;       ;             ;            ;        ;        ;
;   Clock                ;       ;       ;             ;            ;        ;        ;
;    IC                  ;       ; 6     ; 3.992       ; 53         ; 0.000  ; 1.826  ;
;    Cell                ;       ; 5     ; 3.597       ; 47         ; 0.279  ; 1.466  ;
;    PLL Compensation    ;       ; 1     ; -0.151      ; 0          ; -0.151 ; -0.151 ;
+------------------------+-------+-------+-------------+------------+--------+--------+
Note: Negative delays are omitted from totals when calculating percentages

+------------------------------------------------------------------------------------------------------------------------------------------------------------+
; Data Arrival Path                                                                                                                                          ;
+----------+---------+----+------+--------+---------------------------+--------------------------------------------------------------------------------------+
; Total    ; Incr    ; RF ; Type ; Fanout ; Location                  ; Element                                                                              ;
+----------+---------+----+------+--------+---------------------------+--------------------------------------------------------------------------------------+
; 0.000    ; 0.000   ;    ;      ;        ;                           ; launch edge time                                                                     ;
; 8.603    ; 8.603   ;    ;      ;        ;                           ; clock path                                                                           ;
;   0.000  ;   0.000 ;    ;      ;        ;                           ; source latency                                                                       ;
;   0.000  ;   0.000 ;    ;      ; 1      ; PIN_V11                   ; FPGA_CLK1_50                                                                         ;
;   0.000  ;   0.000 ; RR ; IC   ; 1      ; IOIBUF_X32_Y0_N1          ; FPGA_CLK1_50~input|i                                                                 ;
;   0.761  ;   0.761 ; RR ; CELL ; 2      ; IOIBUF_X32_Y0_N1          ; FPGA_CLK1_50~input|o                                                                 ;
;   2.086  ;   1.325 ; RR ; IC   ; 1      ; PLLREFCLKSELECT_X0_Y7_N0  ; pll_hdmi|pll_hdmi_inst|altera_pll_i|cyclonev_pll|fpll_0|REFCLK_SELECT|clkin[0]       ;
;   2.419  ;   0.333 ; RR ; CELL ; 1      ; PLLREFCLKSELECT_X0_Y7_N0  ; pll_hdmi|pll_hdmi_inst|altera_pll_i|cyclonev_pll|fpll_0|REFCLK_SELECT|clkout         ;
;   2.419  ;   0.000 ; RR ; IC   ; 10     ; FRACTIONALPLL_X0_Y1_N0    ; pll_hdmi|pll_hdmi_inst|altera_pll_i|cyclonev_pll|fpll_0|fpll|refclkin                ;
;   2.604  ;   0.185 ; RR ; CELL ; 1      ; FRACTIONALPLL_X0_Y1_N0    ; pll_hdmi|pll_hdmi_inst|altera_pll_i|cyclonev_pll|fpll_0|fpll|vcoph[0]                ;
;   2.604  ;   0.000 ; RR ; IC   ; 1      ; PLLOUTPUTCOUNTER_X0_Y5_N1 ; pll_hdmi|pll_hdmi_inst|altera_pll_i|cyclonev_pll|counter[0].output_counter|vco0ph[0] ;
;   4.349  ;   1.745 ; RR ; CELL ; 3      ; PLLOUTPUTCOUNTER_X0_Y5_N1 ; pll_hdmi|pll_hdmi_inst|altera_pll_i|cyclonev_pll|counter[0].output_counter|divclk    ;
;   5.491  ;   1.142 ; RR ; IC   ; 1      ; CLKCTRL_G5                ; pll_hdmi|pll_hdmi_inst|altera_pll_i|cyclonev_pll|divclk[0]~CLKENA0|inclk             ;
;   5.795  ;   0.304 ; RR ; CELL ; 3656   ; CLKCTRL_G5                ; pll_hdmi|pll_hdmi_inst|altera_pll_i|cyclonev_pll|divclk[0]~CLKENA0|outclk            ;
;   8.031  ;   2.236 ; RR ; IC   ; 1      ; FF_X52_Y26_N5             ; ascal|o_vacpt[1]|clk                                                                 ;
;   8.603  ;   0.572 ; RR ; CELL ; 1      ; FF_X52_Y26_N5             ; ascal:ascal|o_vacpt[1]                                                               ;
; 15.179   ; 6.576   ;    ;      ;        ;                           ; data path                                                                            ;
;   8.603  ;   0.000 ;    ; uTco ; 1      ; FF_X52_Y26_N5             ; ascal:ascal|o_vacpt[1]                                                               ;
;   8.603  ;   0.000 ; FF ; CELL ; 5      ; FF_X52_Y26_N5             ; ascal|o_vacpt[1]|q                                                                   ;
;   9.339  ;   0.736 ; FF ; IC   ; 2      ; LABCELL_X53_Y26_N3        ; ascal|Add83~1|datac                                                                  ;
;   10.147 ;   0.808 ; FF ; CELL ; 1      ; LABCELL_X53_Y26_N3        ; ascal|Add83~1|cout                                                                   ;
;   10.147 ;   0.000 ; FF ; IC   ; 2      ; LABCELL_X53_Y26_N6        ; ascal|Add83~5|cin                                                                    ;
;   10.192 ;   0.045 ; FF ; CELL ; 1      ; LABCELL_X53_Y26_N6        ; ascal|Add83~5|cout                                                                   ;
;   10.192 ;   0.000 ; FF ; IC   ; 2      ; LABCELL_X53_Y26_N9        ; ascal|Add83~9|cin                                                                    ;
;   10.192 ;   0.000 ; FF ; CELL ; 1      ; LABCELL_X53_Y26_N9        ; ascal|Add83~9|cout                                                                   ;
;   10.192 ;   0.000 ; FF ; IC   ; 2      ; LABCELL_X53_Y26_N12       ; ascal|Add83~13|cin                                                                   ;
;   10.237 ;   0.045 ; FF ; CELL ; 1      ; LABCELL_X53_Y26_N12       ; ascal|Add83~13|cout                                                                  ;
;   10.237 ;   0.000 ; FF ; IC   ; 2      ; LABCELL_X53_Y26_N15       ; ascal|Add83~17|cin                                                                   ;
;   10.237 ;   0.000 ; FF ; CELL ; 1      ; LABCELL_X53_Y26_N15       ; ascal|Add83~17|cout                                                                  ;
;   10.237 ;   0.000 ; FF ; IC   ; 2      ; LABCELL_X53_Y26_N18       ; ascal|Add83~21|cin                                                                   ;
;   10.282 ;   0.045 ; FF ; CELL ; 1      ; LABCELL_X53_Y26_N18       ; ascal|Add83~21|cout                                                                  ;
;   10.282 ;   0.000 ; FF ; IC   ; 2      ; LABCELL_X53_Y26_N21       ; ascal|Add83~25|cin                                                                   ;
;   10.282 ;   0.000 ; FF ; CELL ; 1      ; LABCELL_X53_Y26_N21       ; ascal|Add83~25|cout                                                                  ;
;   10.282 ;   0.000 ; FF ; IC   ; 2      ; LABCELL_X53_Y26_N24       ; ascal|Add83~29|cin                                                                   ;
;   10.339 ;   0.057 ; FF ; CELL ; 1      ; LABCELL_X53_Y26_N24       ; ascal|Add83~29|cout                                                                  ;
;   10.339 ;   0.000 ; FF ; IC   ; 2      ; LABCELL_X53_Y26_N27       ; ascal|Add83~33|cin                                                                   ;
;   10.339 ;   0.000 ; FF ; CELL ; 1      ; LABCELL_X53_Y26_N27       ; ascal|Add83~33|cout                                                                  ;
;   10.339 ;   0.000 ; FF ; IC   ; 2      ; LABCELL_X53_Y26_N30       ; ascal|Add83~37|cin                                                                   ;
;   10.457 ;   0.118 ; FF ; CELL ; 1      ; LABCELL_X53_Y26_N30       ; ascal|Add83~37|cout                                                                  ;
;   10.457 ;   0.000 ; FF ; IC   ; 2      ; LABCELL_X53_Y26_N33       ; ascal|Add83~41|cin                                                                   ;
;   10.457 ;   0.000 ; FF ; CELL ; 1      ; LABCELL_X53_Y26_N33       ; ascal|Add83~41|cout                                                                  ;
;   10.457 ;   0.000 ; FF ; IC   ; 1      ; LABCELL_X53_Y26_N36       ; ascal|Add83~45|cin                                                                   ;
;   10.812 ;   0.355 ; FF ; CELL ; 7      ; LABCELL_X53_Y26_N36       ; ascal|Add83~45|sumout                                                                ;
;   11.630 ;   0.818 ; FF ; IC   ; 24     ; DSP_X54_Y26_N0            ; ascal|Mult12~8|ay[18]                                                                ;
;   15.179 ;   3.549 ; FR ; CELL ; 1      ; DSP_X54_Y26_N0            ; ascal:ascal|o_adrs_pre[0]_OTERM5                                                     ;
+----------+---------+----+------+--------+---------------------------+--------------------------------------------------------------------------------------+

+-------------------------------------------------------------------------------------------------------------------------------------------------------------+
; Data Required Path                                                                                                                                          ;
+----------+----------+----+------+--------+---------------------------+--------------------------------------------------------------------------------------+
; Total    ; Incr     ; RF ; Type ; Fanout ; Location                  ; Element                                                                              ;
+----------+----------+----+------+--------+---------------------------+--------------------------------------------------------------------------------------+
; 6.732    ; 6.732    ;    ;      ;        ;                           ; latch edge time                                                                      ;
; 15.510   ; 8.778    ;    ;      ;        ;                           ; clock path                                                                           ;
;   6.732  ;   0.000  ;    ;      ;        ;                           ; source latency                                                                       ;
;   6.732  ;   0.000  ;    ;      ; 1      ; PIN_V11                   ; FPGA_CLK1_50                                                                         ;
;   6.732  ;   0.000  ; RR ; IC   ; 1      ; IOIBUF_X32_Y0_N1          ; FPGA_CLK1_50~input|i                                                                 ;
;   7.493  ;   0.761  ; RR ; CELL ; 2      ; IOIBUF_X32_Y0_N1          ; FPGA_CLK1_50~input|o                                                                 ;
;   8.654  ;   1.161  ; RR ; IC   ; 1      ; PLLREFCLKSELECT_X0_Y7_N0  ; pll_hdmi|pll_hdmi_inst|altera_pll_i|cyclonev_pll|fpll_0|REFCLK_SELECT|clkin[0]       ;
;   8.962  ;   0.308  ; RR ; CELL ; 1      ; PLLREFCLKSELECT_X0_Y7_N0  ; pll_hdmi|pll_hdmi_inst|altera_pll_i|cyclonev_pll|fpll_0|REFCLK_SELECT|clkout         ;
;   8.962  ;   0.000  ; RR ; IC   ; 10     ; FRACTIONALPLL_X0_Y1_N0    ; pll_hdmi|pll_hdmi_inst|altera_pll_i|cyclonev_pll|fpll_0|fpll|refclkin                ;
;   8.811  ;   -0.151 ; RR ; COMP ; 1      ; FRACTIONALPLL_X0_Y1_N0    ; pll_hdmi|pll_hdmi_inst|altera_pll_i|cyclonev_pll|fpll_0|fpll|vcoph[0]                ;
;   8.811  ;   0.000  ; RR ; IC   ; 1      ; PLLOUTPUTCOUNTER_X0_Y5_N1 ; pll_hdmi|pll_hdmi_inst|altera_pll_i|cyclonev_pll|counter[0].output_counter|vco0ph[0] ;
;   10.277 ;   1.466  ; RR ; CELL ; 3      ; PLLOUTPUTCOUNTER_X0_Y5_N1 ; pll_hdmi|pll_hdmi_inst|altera_pll_i|cyclonev_pll|counter[0].output_counter|divclk    ;
;   11.282 ;   1.005  ; RR ; IC   ; 1      ; CLKCTRL_G5                ; pll_hdmi|pll_hdmi_inst|altera_pll_i|cyclonev_pll|divclk[0]~CLKENA0|inclk             ;
;   11.561 ;   0.279  ; RR ; CELL ; 3656   ; CLKCTRL_G5                ; pll_hdmi|pll_hdmi_inst|altera_pll_i|cyclonev_pll|divclk[0]~CLKENA0|outclk            ;
;   13.387 ;   1.826  ; RR ; IC   ; 39     ; DSP_X54_Y26_N0            ; ascal|Mult12~8|clk[0]                                                                ;
;   14.170 ;   0.783  ; RR ; CELL ; 1      ; DSP_X54_Y26_N0            ; ascal:ascal|o_adrs_pre[0]_OTERM5                                                     ;
;   15.510 ;   1.340  ;    ;      ;        ;                           ; clock pessimism removed                                                              ;
; 15.310   ; -0.200   ;    ;      ;        ;                           ; clock uncertainty                                                                    ;
; 15.310   ; 0.000    ;    ; uTsu ; 1      ; DSP_X54_Y26_N0            ; ascal:ascal|o_adrs_pre[0]_OTERM5                                                     ;
+----------+----------+----+------+--------+---------------------------+--------------------------------------------------------------------------------------+

----------------------------
; Extra Fitter Information ;
----------------------------
HTML report is unavailable in plain text report export.


Path #3: Setup slack is 0.131 
===============================================================================
+--------------------------------------------------------------------------------------------------------+
; Path Summary                                                                                           ;
+--------------------+-----------------------------------------------------------------------------------+
; Property           ; Value                                                                             ;
+--------------------+-----------------------------------------------------------------------------------+
; From Node          ; ascal:ascal|o_vacpt[1]                                                            ;
; To Node            ; ascal:ascal|o_adrs_pre[1]_OTERM15                                                 ;
; Launch Clock       ; pll_hdmi|pll_hdmi_inst|altera_pll_i|cyclonev_pll|counter[0].output_counter|divclk ;
; Latch Clock        ; pll_hdmi|pll_hdmi_inst|altera_pll_i|cyclonev_pll|counter[0].output_counter|divclk ;
; Data Arrival Time  ; 15.179                                                                            ;
; Data Required Time ; 15.310                                                                            ;
; Slack              ; 0.131                                                                             ;
+--------------------+-----------------------------------------------------------------------------------+

+-------------------------------------------------------------------------------------+
; Statistics                                                                          ;
+------------------------+-------+-------+-------------+------------+--------+--------+
; Property               ; Value ; Count ; Total Delay ; % of Total ; Min    ; Max    ;
+------------------------+-------+-------+-------------+------------+--------+--------+
; Setup Relationship     ; 6.732 ;       ;             ;            ;        ;        ;
; Clock Skew             ; 0.175 ;       ;             ;            ;        ;        ;
; Data Delay             ; 6.576 ;       ;             ;            ;        ;        ;
; Number of Logic Levels ;       ; 1     ;             ;            ;        ;        ;
; Physical Delays        ;       ;       ;             ;            ;        ;        ;
;  Arrival Path          ;       ;       ;             ;            ;        ;        ;
;   Clock                ;       ;       ;             ;            ;        ;        ;
;    IC                  ;       ; 6     ; 4.703       ; 55         ; 0.000  ; 2.236  ;
;    Cell                ;       ; 6     ; 3.900       ; 45         ; 0.185  ; 1.745  ;
;   Data                 ;       ;       ;             ;            ;        ;        ;
;    IC                  ;       ; 13    ; 1.554       ; 24         ; 0.000  ; 0.818  ;
;    Cell                ;       ; 14    ; 5.022       ; 76         ; 0.000  ; 3.549  ;
;    uTco                ;       ; 1     ; 0.000       ; 0          ; 0.000  ; 0.000  ;
;  Required Path         ;       ;       ;             ;            ;        ;        ;
;   Clock                ;       ;       ;             ;            ;        ;        ;
;    IC                  ;       ; 6     ; 3.992       ; 53         ; 0.000  ; 1.826  ;
;    Cell                ;       ; 5     ; 3.597       ; 47         ; 0.279  ; 1.466  ;
;    PLL Compensation    ;       ; 1     ; -0.151      ; 0          ; -0.151 ; -0.151 ;
+------------------------+-------+-------+-------------+------------+--------+--------+
Note: Negative delays are omitted from totals when calculating percentages

+------------------------------------------------------------------------------------------------------------------------------------------------------------+
; Data Arrival Path                                                                                                                                          ;
+----------+---------+----+------+--------+---------------------------+--------------------------------------------------------------------------------------+
; Total    ; Incr    ; RF ; Type ; Fanout ; Location                  ; Element                                                                              ;
+----------+---------+----+------+--------+---------------------------+--------------------------------------------------------------------------------------+
; 0.000    ; 0.000   ;    ;      ;        ;                           ; launch edge time                                                                     ;
; 8.603    ; 8.603   ;    ;      ;        ;                           ; clock path                                                                           ;
;   0.000  ;   0.000 ;    ;      ;        ;                           ; source latency                                                                       ;
;   0.000  ;   0.000 ;    ;      ; 1      ; PIN_V11                   ; FPGA_CLK1_50                                                                         ;
;   0.000  ;   0.000 ; RR ; IC   ; 1      ; IOIBUF_X32_Y0_N1          ; FPGA_CLK1_50~input|i                                                                 ;
;   0.761  ;   0.761 ; RR ; CELL ; 2      ; IOIBUF_X32_Y0_N1          ; FPGA_CLK1_50~input|o                                                                 ;
;   2.086  ;   1.325 ; RR ; IC   ; 1      ; PLLREFCLKSELECT_X0_Y7_N0  ; pll_hdmi|pll_hdmi_inst|altera_pll_i|cyclonev_pll|fpll_0|REFCLK_SELECT|clkin[0]       ;
;   2.419  ;   0.333 ; RR ; CELL ; 1      ; PLLREFCLKSELECT_X0_Y7_N0  ; pll_hdmi|pll_hdmi_inst|altera_pll_i|cyclonev_pll|fpll_0|REFCLK_SELECT|clkout         ;
;   2.419  ;   0.000 ; RR ; IC   ; 10     ; FRACTIONALPLL_X0_Y1_N0    ; pll_hdmi|pll_hdmi_inst|altera_pll_i|cyclonev_pll|fpll_0|fpll|refclkin                ;
;   2.604  ;   0.185 ; RR ; CELL ; 1      ; FRACTIONALPLL_X0_Y1_N0    ; pll_hdmi|pll_hdmi_inst|altera_pll_i|cyclonev_pll|fpll_0|fpll|vcoph[0]                ;
;   2.604  ;   0.000 ; RR ; IC   ; 1      ; PLLOUTPUTCOUNTER_X0_Y5_N1 ; pll_hdmi|pll_hdmi_inst|altera_pll_i|cyclonev_pll|counter[0].output_counter|vco0ph[0] ;
;   4.349  ;   1.745 ; RR ; CELL ; 3      ; PLLOUTPUTCOUNTER_X0_Y5_N1 ; pll_hdmi|pll_hdmi_inst|altera_pll_i|cyclonev_pll|counter[0].output_counter|divclk    ;
;   5.491  ;   1.142 ; RR ; IC   ; 1      ; CLKCTRL_G5                ; pll_hdmi|pll_hdmi_inst|altera_pll_i|cyclonev_pll|divclk[0]~CLKENA0|inclk             ;
;   5.795  ;   0.304 ; RR ; CELL ; 3656   ; CLKCTRL_G5                ; pll_hdmi|pll_hdmi_inst|altera_pll_i|cyclonev_pll|divclk[0]~CLKENA0|outclk            ;
;   8.031  ;   2.236 ; RR ; IC   ; 1      ; FF_X52_Y26_N5             ; ascal|o_vacpt[1]|clk                                                                 ;
;   8.603  ;   0.572 ; RR ; CELL ; 1      ; FF_X52_Y26_N5             ; ascal:ascal|o_vacpt[1]                                                               ;
; 15.179   ; 6.576   ;    ;      ;        ;                           ; data path                                                                            ;
;   8.603  ;   0.000 ;    ; uTco ; 1      ; FF_X52_Y26_N5             ; ascal:ascal|o_vacpt[1]                                                               ;
;   8.603  ;   0.000 ; FF ; CELL ; 5      ; FF_X52_Y26_N5             ; ascal|o_vacpt[1]|q                                                                   ;
;   9.339  ;   0.736 ; FF ; IC   ; 2      ; LABCELL_X53_Y26_N3        ; ascal|Add83~1|datac                                                                  ;
;   10.147 ;   0.808 ; FF ; CELL ; 1      ; LABCELL_X53_Y26_N3        ; ascal|Add83~1|cout                                                                   ;
;   10.147 ;   0.000 ; FF ; IC   ; 2      ; LABCELL_X53_Y26_N6        ; ascal|Add83~5|cin                                                                    ;
;   10.192 ;   0.045 ; FF ; CELL ; 1      ; LABCELL_X53_Y26_N6        ; ascal|Add83~5|cout                                                                   ;
;   10.192 ;   0.000 ; FF ; IC   ; 2      ; LABCELL_X53_Y26_N9        ; ascal|Add83~9|cin                                                                    ;
;   10.192 ;   0.000 ; FF ; CELL ; 1      ; LABCELL_X53_Y26_N9        ; ascal|Add83~9|cout                                                                   ;
;   10.192 ;   0.000 ; FF ; IC   ; 2      ; LABCELL_X53_Y26_N12       ; ascal|Add83~13|cin                                                                   ;
;   10.237 ;   0.045 ; FF ; CELL ; 1      ; LABCELL_X53_Y26_N12       ; ascal|Add83~13|cout                                                                  ;
;   10.237 ;   0.000 ; FF ; IC   ; 2      ; LABCELL_X53_Y26_N15       ; ascal|Add83~17|cin                                                                   ;
;   10.237 ;   0.000 ; FF ; CELL ; 1      ; LABCELL_X53_Y26_N15       ; ascal|Add83~17|cout                                                                  ;
;   10.237 ;   0.000 ; FF ; IC   ; 2      ; LABCELL_X53_Y26_N18       ; ascal|Add83~21|cin                                                                   ;
;   10.282 ;   0.045 ; FF ; CELL ; 1      ; LABCELL_X53_Y26_N18       ; ascal|Add83~21|cout                                                                  ;
;   10.282 ;   0.000 ; FF ; IC   ; 2      ; LABCELL_X53_Y26_N21       ; ascal|Add83~25|cin                                                                   ;
;   10.282 ;   0.000 ; FF ; CELL ; 1      ; LABCELL_X53_Y26_N21       ; ascal|Add83~25|cout                                                                  ;
;   10.282 ;   0.000 ; FF ; IC   ; 2      ; LABCELL_X53_Y26_N24       ; ascal|Add83~29|cin                                                                   ;
;   10.339 ;   0.057 ; FF ; CELL ; 1      ; LABCELL_X53_Y26_N24       ; ascal|Add83~29|cout                                                                  ;
;   10.339 ;   0.000 ; FF ; IC   ; 2      ; LABCELL_X53_Y26_N27       ; ascal|Add83~33|cin                                                                   ;
;   10.339 ;   0.000 ; FF ; CELL ; 1      ; LABCELL_X53_Y26_N27       ; ascal|Add83~33|cout                                                                  ;
;   10.339 ;   0.000 ; FF ; IC   ; 2      ; LABCELL_X53_Y26_N30       ; ascal|Add83~37|cin                                                                   ;
;   10.457 ;   0.118 ; FF ; CELL ; 1      ; LABCELL_X53_Y26_N30       ; ascal|Add83~37|cout                                                                  ;
;   10.457 ;   0.000 ; FF ; IC   ; 2      ; LABCELL_X53_Y26_N33       ; ascal|Add83~41|cin                                                                   ;
;   10.457 ;   0.000 ; FF ; CELL ; 1      ; LABCELL_X53_Y26_N33       ; ascal|Add83~41|cout                                                                  ;
;   10.457 ;   0.000 ; FF ; IC   ; 1      ; LABCELL_X53_Y26_N36       ; ascal|Add83~45|cin                                                                   ;
;   10.812 ;   0.355 ; FF ; CELL ; 7      ; LABCELL_X53_Y26_N36       ; ascal|Add83~45|sumout                                                                ;
;   11.630 ;   0.818 ; FF ; IC   ; 24     ; DSP_X54_Y26_N0            ; ascal|Mult12~8|ay[18]                                                                ;
;   15.179 ;   3.549 ; FR ; CELL ; 1      ; DSP_X54_Y26_N0            ; ascal:ascal|o_adrs_pre[1]_OTERM15                                                    ;
+----------+---------+----+------+--------+---------------------------+--------------------------------------------------------------------------------------+

+-------------------------------------------------------------------------------------------------------------------------------------------------------------+
; Data Required Path                                                                                                                                          ;
+----------+----------+----+------+--------+---------------------------+--------------------------------------------------------------------------------------+
; Total    ; Incr     ; RF ; Type ; Fanout ; Location                  ; Element                                                                              ;
+----------+----------+----+------+--------+---------------------------+--------------------------------------------------------------------------------------+
; 6.732    ; 6.732    ;    ;      ;        ;                           ; latch edge time                                                                      ;
; 15.510   ; 8.778    ;    ;      ;        ;                           ; clock path                                                                           ;
;   6.732  ;   0.000  ;    ;      ;        ;                           ; source latency                                                                       ;
;   6.732  ;   0.000  ;    ;      ; 1      ; PIN_V11                   ; FPGA_CLK1_50                                                                         ;
;   6.732  ;   0.000  ; RR ; IC   ; 1      ; IOIBUF_X32_Y0_N1          ; FPGA_CLK1_50~input|i                                                                 ;
;   7.493  ;   0.761  ; RR ; CELL ; 2      ; IOIBUF_X32_Y0_N1          ; FPGA_CLK1_50~input|o                                                                 ;
;   8.654  ;   1.161  ; RR ; IC   ; 1      ; PLLREFCLKSELECT_X0_Y7_N0  ; pll_hdmi|pll_hdmi_inst|altera_pll_i|cyclonev_pll|fpll_0|REFCLK_SELECT|clkin[0]       ;
;   8.962  ;   0.308  ; RR ; CELL ; 1      ; PLLREFCLKSELECT_X0_Y7_N0  ; pll_hdmi|pll_hdmi_inst|altera_pll_i|cyclonev_pll|fpll_0|REFCLK_SELECT|clkout         ;
;   8.962  ;   0.000  ; RR ; IC   ; 10     ; FRACTIONALPLL_X0_Y1_N0    ; pll_hdmi|pll_hdmi_inst|altera_pll_i|cyclonev_pll|fpll_0|fpll|refclkin                ;
;   8.811  ;   -0.151 ; RR ; COMP ; 1      ; FRACTIONALPLL_X0_Y1_N0    ; pll_hdmi|pll_hdmi_inst|altera_pll_i|cyclonev_pll|fpll_0|fpll|vcoph[0]                ;
;   8.811  ;   0.000  ; RR ; IC   ; 1      ; PLLOUTPUTCOUNTER_X0_Y5_N1 ; pll_hdmi|pll_hdmi_inst|altera_pll_i|cyclonev_pll|counter[0].output_counter|vco0ph[0] ;
;   10.277 ;   1.466  ; RR ; CELL ; 3      ; PLLOUTPUTCOUNTER_X0_Y5_N1 ; pll_hdmi|pll_hdmi_inst|altera_pll_i|cyclonev_pll|counter[0].output_counter|divclk    ;
;   11.282 ;   1.005  ; RR ; IC   ; 1      ; CLKCTRL_G5                ; pll_hdmi|pll_hdmi_inst|altera_pll_i|cyclonev_pll|divclk[0]~CLKENA0|inclk             ;
;   11.561 ;   0.279  ; RR ; CELL ; 3656   ; CLKCTRL_G5                ; pll_hdmi|pll_hdmi_inst|altera_pll_i|cyclonev_pll|divclk[0]~CLKENA0|outclk            ;
;   13.387 ;   1.826  ; RR ; IC   ; 39     ; DSP_X54_Y26_N0            ; ascal|Mult12~8|clk[0]                                                                ;
;   14.170 ;   0.783  ; RR ; CELL ; 1      ; DSP_X54_Y26_N0            ; ascal:ascal|o_adrs_pre[1]_OTERM15                                                    ;
;   15.510 ;   1.340  ;    ;      ;        ;                           ; clock pessimism removed                                                              ;
; 15.310   ; -0.200   ;    ;      ;        ;                           ; clock uncertainty                                                                    ;
; 15.310   ; 0.000    ;    ; uTsu ; 1      ; DSP_X54_Y26_N0            ; ascal:ascal|o_adrs_pre[1]_OTERM15                                                    ;
+----------+----------+----+------+--------+---------------------------+--------------------------------------------------------------------------------------+

----------------------------
; Extra Fitter Information ;
----------------------------
HTML report is unavailable in plain text report export.


Path #4: Setup slack is 0.131 
===============================================================================
+--------------------------------------------------------------------------------------------------------+
; Path Summary                                                                                           ;
+--------------------+-----------------------------------------------------------------------------------+
; Property           ; Value                                                                             ;
+--------------------+-----------------------------------------------------------------------------------+
; From Node          ; ascal:ascal|o_vacpt[1]                                                            ;
; To Node            ; ascal:ascal|o_adrs_pre[2]_OTERM21                                                 ;
; Launch Clock       ; pll_hdmi|pll_hdmi_inst|altera_pll_i|cyclonev_pll|counter[0].output_counter|divclk ;
; Latch Clock        ; pll_hdmi|pll_hdmi_inst|altera_pll_i|cyclonev_pll|counter[0].output_counter|divclk ;
; Data Arrival Time  ; 15.179                                                                            ;
; Data Required Time ; 15.310                                                                            ;
; Slack              ; 0.131                                                                             ;
+--------------------+-----------------------------------------------------------------------------------+

+-------------------------------------------------------------------------------------+
; Statistics                                                                          ;
+------------------------+-------+-------+-------------+------------+--------+--------+
; Property               ; Value ; Count ; Total Delay ; % of Total ; Min    ; Max    ;
+------------------------+-------+-------+-------------+------------+--------+--------+
; Setup Relationship     ; 6.732 ;       ;             ;            ;        ;        ;
; Clock Skew             ; 0.175 ;       ;             ;            ;        ;        ;
; Data Delay             ; 6.576 ;       ;             ;            ;        ;        ;
; Number of Logic Levels ;       ; 1     ;             ;            ;        ;        ;
; Physical Delays        ;       ;       ;             ;            ;        ;        ;
;  Arrival Path          ;       ;       ;             ;            ;        ;        ;
;   Clock                ;       ;       ;             ;            ;        ;        ;
;    IC                  ;       ; 6     ; 4.703       ; 55         ; 0.000  ; 2.236  ;
;    Cell                ;       ; 6     ; 3.900       ; 45         ; 0.185  ; 1.745  ;
;   Data                 ;       ;       ;             ;            ;        ;        ;
;    IC                  ;       ; 13    ; 1.554       ; 24         ; 0.000  ; 0.818  ;
;    Cell                ;       ; 14    ; 5.022       ; 76         ; 0.000  ; 3.549  ;
;    uTco                ;       ; 1     ; 0.000       ; 0          ; 0.000  ; 0.000  ;
;  Required Path         ;       ;       ;             ;            ;        ;        ;
;   Clock                ;       ;       ;             ;            ;        ;        ;
;    IC                  ;       ; 6     ; 3.992       ; 53         ; 0.000  ; 1.826  ;
;    Cell                ;       ; 5     ; 3.597       ; 47         ; 0.279  ; 1.466  ;
;    PLL Compensation    ;       ; 1     ; -0.151      ; 0          ; -0.151 ; -0.151 ;
+------------------------+-------+-------+-------------+------------+--------+--------+
Note: Negative delays are omitted from totals when calculating percentages

+------------------------------------------------------------------------------------------------------------------------------------------------------------+
; Data Arrival Path                                                                                                                                          ;
+----------+---------+----+------+--------+---------------------------+--------------------------------------------------------------------------------------+
; Total    ; Incr    ; RF ; Type ; Fanout ; Location                  ; Element                                                                              ;
+----------+---------+----+------+--------+---------------------------+--------------------------------------------------------------------------------------+
; 0.000    ; 0.000   ;    ;      ;        ;                           ; launch edge time                                                                     ;
; 8.603    ; 8.603   ;    ;      ;        ;                           ; clock path                                                                           ;
;   0.000  ;   0.000 ;    ;      ;        ;                           ; source latency                                                                       ;
;   0.000  ;   0.000 ;    ;      ; 1      ; PIN_V11                   ; FPGA_CLK1_50                                                                         ;
;   0.000  ;   0.000 ; RR ; IC   ; 1      ; IOIBUF_X32_Y0_N1          ; FPGA_CLK1_50~input|i                                                                 ;
;   0.761  ;   0.761 ; RR ; CELL ; 2      ; IOIBUF_X32_Y0_N1          ; FPGA_CLK1_50~input|o                                                                 ;
;   2.086  ;   1.325 ; RR ; IC   ; 1      ; PLLREFCLKSELECT_X0_Y7_N0  ; pll_hdmi|pll_hdmi_inst|altera_pll_i|cyclonev_pll|fpll_0|REFCLK_SELECT|clkin[0]       ;
;   2.419  ;   0.333 ; RR ; CELL ; 1      ; PLLREFCLKSELECT_X0_Y7_N0  ; pll_hdmi|pll_hdmi_inst|altera_pll_i|cyclonev_pll|fpll_0|REFCLK_SELECT|clkout         ;
;   2.419  ;   0.000 ; RR ; IC   ; 10     ; FRACTIONALPLL_X0_Y1_N0    ; pll_hdmi|pll_hdmi_inst|altera_pll_i|cyclonev_pll|fpll_0|fpll|refclkin                ;
;   2.604  ;   0.185 ; RR ; CELL ; 1      ; FRACTIONALPLL_X0_Y1_N0    ; pll_hdmi|pll_hdmi_inst|altera_pll_i|cyclonev_pll|fpll_0|fpll|vcoph[0]                ;
;   2.604  ;   0.000 ; RR ; IC   ; 1      ; PLLOUTPUTCOUNTER_X0_Y5_N1 ; pll_hdmi|pll_hdmi_inst|altera_pll_i|cyclonev_pll|counter[0].output_counter|vco0ph[0] ;
;   4.349  ;   1.745 ; RR ; CELL ; 3      ; PLLOUTPUTCOUNTER_X0_Y5_N1 ; pll_hdmi|pll_hdmi_inst|altera_pll_i|cyclonev_pll|counter[0].output_counter|divclk    ;
;   5.491  ;   1.142 ; RR ; IC   ; 1      ; CLKCTRL_G5                ; pll_hdmi|pll_hdmi_inst|altera_pll_i|cyclonev_pll|divclk[0]~CLKENA0|inclk             ;
;   5.795  ;   0.304 ; RR ; CELL ; 3656   ; CLKCTRL_G5                ; pll_hdmi|pll_hdmi_inst|altera_pll_i|cyclonev_pll|divclk[0]~CLKENA0|outclk            ;
;   8.031  ;   2.236 ; RR ; IC   ; 1      ; FF_X52_Y26_N5             ; ascal|o_vacpt[1]|clk                                                                 ;
;   8.603  ;   0.572 ; RR ; CELL ; 1      ; FF_X52_Y26_N5             ; ascal:ascal|o_vacpt[1]                                                               ;
; 15.179   ; 6.576   ;    ;      ;        ;                           ; data path                                                                            ;
;   8.603  ;   0.000 ;    ; uTco ; 1      ; FF_X52_Y26_N5             ; ascal:ascal|o_vacpt[1]                                                               ;
;   8.603  ;   0.000 ; FF ; CELL ; 5      ; FF_X52_Y26_N5             ; ascal|o_vacpt[1]|q                                                                   ;
;   9.339  ;   0.736 ; FF ; IC   ; 2      ; LABCELL_X53_Y26_N3        ; ascal|Add83~1|datac                                                                  ;
;   10.147 ;   0.808 ; FF ; CELL ; 1      ; LABCELL_X53_Y26_N3        ; ascal|Add83~1|cout                                                                   ;
;   10.147 ;   0.000 ; FF ; IC   ; 2      ; LABCELL_X53_Y26_N6        ; ascal|Add83~5|cin                                                                    ;
;   10.192 ;   0.045 ; FF ; CELL ; 1      ; LABCELL_X53_Y26_N6        ; ascal|Add83~5|cout                                                                   ;
;   10.192 ;   0.000 ; FF ; IC   ; 2      ; LABCELL_X53_Y26_N9        ; ascal|Add83~9|cin                                                                    ;
;   10.192 ;   0.000 ; FF ; CELL ; 1      ; LABCELL_X53_Y26_N9        ; ascal|Add83~9|cout                                                                   ;
;   10.192 ;   0.000 ; FF ; IC   ; 2      ; LABCELL_X53_Y26_N12       ; ascal|Add83~13|cin                                                                   ;
;   10.237 ;   0.045 ; FF ; CELL ; 1      ; LABCELL_X53_Y26_N12       ; ascal|Add83~13|cout                                                                  ;
;   10.237 ;   0.000 ; FF ; IC   ; 2      ; LABCELL_X53_Y26_N15       ; ascal|Add83~17|cin                                                                   ;
;   10.237 ;   0.000 ; FF ; CELL ; 1      ; LABCELL_X53_Y26_N15       ; ascal|Add83~17|cout                                                                  ;
;   10.237 ;   0.000 ; FF ; IC   ; 2      ; LABCELL_X53_Y26_N18       ; ascal|Add83~21|cin                                                                   ;
;   10.282 ;   0.045 ; FF ; CELL ; 1      ; LABCELL_X53_Y26_N18       ; ascal|Add83~21|cout                                                                  ;
;   10.282 ;   0.000 ; FF ; IC   ; 2      ; LABCELL_X53_Y26_N21       ; ascal|Add83~25|cin                                                                   ;
;   10.282 ;   0.000 ; FF ; CELL ; 1      ; LABCELL_X53_Y26_N21       ; ascal|Add83~25|cout                                                                  ;
;   10.282 ;   0.000 ; FF ; IC   ; 2      ; LABCELL_X53_Y26_N24       ; ascal|Add83~29|cin                                                                   ;
;   10.339 ;   0.057 ; FF ; CELL ; 1      ; LABCELL_X53_Y26_N24       ; ascal|Add83~29|cout                                                                  ;
;   10.339 ;   0.000 ; FF ; IC   ; 2      ; LABCELL_X53_Y26_N27       ; ascal|Add83~33|cin                                                                   ;
;   10.339 ;   0.000 ; FF ; CELL ; 1      ; LABCELL_X53_Y26_N27       ; ascal|Add83~33|cout                                                                  ;
;   10.339 ;   0.000 ; FF ; IC   ; 2      ; LABCELL_X53_Y26_N30       ; ascal|Add83~37|cin                                                                   ;
;   10.457 ;   0.118 ; FF ; CELL ; 1      ; LABCELL_X53_Y26_N30       ; ascal|Add83~37|cout                                                                  ;
;   10.457 ;   0.000 ; FF ; IC   ; 2      ; LABCELL_X53_Y26_N33       ; ascal|Add83~41|cin                                                                   ;
;   10.457 ;   0.000 ; FF ; CELL ; 1      ; LABCELL_X53_Y26_N33       ; ascal|Add83~41|cout                                                                  ;
;   10.457 ;   0.000 ; FF ; IC   ; 1      ; LABCELL_X53_Y26_N36       ; ascal|Add83~45|cin                                                                   ;
;   10.812 ;   0.355 ; FF ; CELL ; 7      ; LABCELL_X53_Y26_N36       ; ascal|Add83~45|sumout                                                                ;
;   11.630 ;   0.818 ; FF ; IC   ; 24     ; DSP_X54_Y26_N0            ; ascal|Mult12~8|ay[18]                                                                ;
;   15.179 ;   3.549 ; FR ; CELL ; 1      ; DSP_X54_Y26_N0            ; ascal:ascal|o_adrs_pre[2]_OTERM21                                                    ;
+----------+---------+----+------+--------+---------------------------+--------------------------------------------------------------------------------------+

+-------------------------------------------------------------------------------------------------------------------------------------------------------------+
; Data Required Path                                                                                                                                          ;
+----------+----------+----+------+--------+---------------------------+--------------------------------------------------------------------------------------+
; Total    ; Incr     ; RF ; Type ; Fanout ; Location                  ; Element                                                                              ;
+----------+----------+----+------+--------+---------------------------+--------------------------------------------------------------------------------------+
; 6.732    ; 6.732    ;    ;      ;        ;                           ; latch edge time                                                                      ;
; 15.510   ; 8.778    ;    ;      ;        ;                           ; clock path                                                                           ;
;   6.732  ;   0.000  ;    ;      ;        ;                           ; source latency                                                                       ;
;   6.732  ;   0.000  ;    ;      ; 1      ; PIN_V11                   ; FPGA_CLK1_50                                                                         ;
;   6.732  ;   0.000  ; RR ; IC   ; 1      ; IOIBUF_X32_Y0_N1          ; FPGA_CLK1_50~input|i                                                                 ;
;   7.493  ;   0.761  ; RR ; CELL ; 2      ; IOIBUF_X32_Y0_N1          ; FPGA_CLK1_50~input|o                                                                 ;
;   8.654  ;   1.161  ; RR ; IC   ; 1      ; PLLREFCLKSELECT_X0_Y7_N0  ; pll_hdmi|pll_hdmi_inst|altera_pll_i|cyclonev_pll|fpll_0|REFCLK_SELECT|clkin[0]       ;
;   8.962  ;   0.308  ; RR ; CELL ; 1      ; PLLREFCLKSELECT_X0_Y7_N0  ; pll_hdmi|pll_hdmi_inst|altera_pll_i|cyclonev_pll|fpll_0|REFCLK_SELECT|clkout         ;
;   8.962  ;   0.000  ; RR ; IC   ; 10     ; FRACTIONALPLL_X0_Y1_N0    ; pll_hdmi|pll_hdmi_inst|altera_pll_i|cyclonev_pll|fpll_0|fpll|refclkin                ;
;   8.811  ;   -0.151 ; RR ; COMP ; 1      ; FRACTIONALPLL_X0_Y1_N0    ; pll_hdmi|pll_hdmi_inst|altera_pll_i|cyclonev_pll|fpll_0|fpll|vcoph[0]                ;
;   8.811  ;   0.000  ; RR ; IC   ; 1      ; PLLOUTPUTCOUNTER_X0_Y5_N1 ; pll_hdmi|pll_hdmi_inst|altera_pll_i|cyclonev_pll|counter[0].output_counter|vco0ph[0] ;
;   10.277 ;   1.466  ; RR ; CELL ; 3      ; PLLOUTPUTCOUNTER_X0_Y5_N1 ; pll_hdmi|pll_hdmi_inst|altera_pll_i|cyclonev_pll|counter[0].output_counter|divclk    ;
;   11.282 ;   1.005  ; RR ; IC   ; 1      ; CLKCTRL_G5                ; pll_hdmi|pll_hdmi_inst|altera_pll_i|cyclonev_pll|divclk[0]~CLKENA0|inclk             ;
;   11.561 ;   0.279  ; RR ; CELL ; 3656   ; CLKCTRL_G5                ; pll_hdmi|pll_hdmi_inst|altera_pll_i|cyclonev_pll|divclk[0]~CLKENA0|outclk            ;
;   13.387 ;   1.826  ; RR ; IC   ; 39     ; DSP_X54_Y26_N0            ; ascal|Mult12~8|clk[0]                                                                ;
;   14.170 ;   0.783  ; RR ; CELL ; 1      ; DSP_X54_Y26_N0            ; ascal:ascal|o_adrs_pre[2]_OTERM21                                                    ;
;   15.510 ;   1.340  ;    ;      ;        ;                           ; clock pessimism removed                                                              ;
; 15.310   ; -0.200   ;    ;      ;        ;                           ; clock uncertainty                                                                    ;
; 15.310   ; 0.000    ;    ; uTsu ; 1      ; DSP_X54_Y26_N0            ; ascal:ascal|o_adrs_pre[2]_OTERM21                                                    ;
+----------+----------+----+------+--------+---------------------------+--------------------------------------------------------------------------------------+

----------------------------
; Extra Fitter Information ;
----------------------------
HTML report is unavailable in plain text report export.


Path #5: Setup slack is 0.131 
===============================================================================
+--------------------------------------------------------------------------------------------------------+
; Path Summary                                                                                           ;
+--------------------+-----------------------------------------------------------------------------------+
; Property           ; Value                                                                             ;
+--------------------+-----------------------------------------------------------------------------------+
; From Node          ; ascal:ascal|o_vacpt[1]                                                            ;
; To Node            ; ascal:ascal|o_adrs_pre[3]_OTERM27                                                 ;
; Launch Clock       ; pll_hdmi|pll_hdmi_inst|altera_pll_i|cyclonev_pll|counter[0].output_counter|divclk ;
; Latch Clock        ; pll_hdmi|pll_hdmi_inst|altera_pll_i|cyclonev_pll|counter[0].output_counter|divclk ;
; Data Arrival Time  ; 15.179                                                                            ;
; Data Required Time ; 15.310                                                                            ;
; Slack              ; 0.131                                                                             ;
+--------------------+-----------------------------------------------------------------------------------+

+-------------------------------------------------------------------------------------+
; Statistics                                                                          ;
+------------------------+-------+-------+-------------+------------+--------+--------+
; Property               ; Value ; Count ; Total Delay ; % of Total ; Min    ; Max    ;
+------------------------+-------+-------+-------------+------------+--------+--------+
; Setup Relationship     ; 6.732 ;       ;             ;            ;        ;        ;
; Clock Skew             ; 0.175 ;       ;             ;            ;        ;        ;
; Data Delay             ; 6.576 ;       ;             ;            ;        ;        ;
; Number of Logic Levels ;       ; 1     ;             ;            ;        ;        ;
; Physical Delays        ;       ;       ;             ;            ;        ;        ;
;  Arrival Path          ;       ;       ;             ;            ;        ;        ;
;   Clock                ;       ;       ;             ;            ;        ;        ;
;    IC                  ;       ; 6     ; 4.703       ; 55         ; 0.000  ; 2.236  ;
;    Cell                ;       ; 6     ; 3.900       ; 45         ; 0.185  ; 1.745  ;
;   Data                 ;       ;       ;             ;            ;        ;        ;
;    IC                  ;       ; 13    ; 1.554       ; 24         ; 0.000  ; 0.818  ;
;    Cell                ;       ; 14    ; 5.022       ; 76         ; 0.000  ; 3.549  ;
;    uTco                ;       ; 1     ; 0.000       ; 0          ; 0.000  ; 0.000  ;
;  Required Path         ;       ;       ;             ;            ;        ;        ;
;   Clock                ;       ;       ;             ;            ;        ;        ;
;    IC                  ;       ; 6     ; 3.992       ; 53         ; 0.000  ; 1.826  ;
;    Cell                ;       ; 5     ; 3.597       ; 47         ; 0.279  ; 1.466  ;
;    PLL Compensation    ;       ; 1     ; -0.151      ; 0          ; -0.151 ; -0.151 ;
+------------------------+-------+-------+-------------+------------+--------+--------+
Note: Negative delays are omitted from totals when calculating percentages

+------------------------------------------------------------------------------------------------------------------------------------------------------------+
; Data Arrival Path                                                                                                                                          ;
+----------+---------+----+------+--------+---------------------------+--------------------------------------------------------------------------------------+
; Total    ; Incr    ; RF ; Type ; Fanout ; Location                  ; Element                                                                              ;
+----------+---------+----+------+--------+---------------------------+--------------------------------------------------------------------------------------+
; 0.000    ; 0.000   ;    ;      ;        ;                           ; launch edge time                                                                     ;
; 8.603    ; 8.603   ;    ;      ;        ;                           ; clock path                                                                           ;
;   0.000  ;   0.000 ;    ;      ;        ;                           ; source latency                                                                       ;
;   0.000  ;   0.000 ;    ;      ; 1      ; PIN_V11                   ; FPGA_CLK1_50                                                                         ;
;   0.000  ;   0.000 ; RR ; IC   ; 1      ; IOIBUF_X32_Y0_N1          ; FPGA_CLK1_50~input|i                                                                 ;
;   0.761  ;   0.761 ; RR ; CELL ; 2      ; IOIBUF_X32_Y0_N1          ; FPGA_CLK1_50~input|o                                                                 ;
;   2.086  ;   1.325 ; RR ; IC   ; 1      ; PLLREFCLKSELECT_X0_Y7_N0  ; pll_hdmi|pll_hdmi_inst|altera_pll_i|cyclonev_pll|fpll_0|REFCLK_SELECT|clkin[0]       ;
;   2.419  ;   0.333 ; RR ; CELL ; 1      ; PLLREFCLKSELECT_X0_Y7_N0  ; pll_hdmi|pll_hdmi_inst|altera_pll_i|cyclonev_pll|fpll_0|REFCLK_SELECT|clkout         ;
;   2.419  ;   0.000 ; RR ; IC   ; 10     ; FRACTIONALPLL_X0_Y1_N0    ; pll_hdmi|pll_hdmi_inst|altera_pll_i|cyclonev_pll|fpll_0|fpll|refclkin                ;
;   2.604  ;   0.185 ; RR ; CELL ; 1      ; FRACTIONALPLL_X0_Y1_N0    ; pll_hdmi|pll_hdmi_inst|altera_pll_i|cyclonev_pll|fpll_0|fpll|vcoph[0]                ;
;   2.604  ;   0.000 ; RR ; IC   ; 1      ; PLLOUTPUTCOUNTER_X0_Y5_N1 ; pll_hdmi|pll_hdmi_inst|altera_pll_i|cyclonev_pll|counter[0].output_counter|vco0ph[0] ;
;   4.349  ;   1.745 ; RR ; CELL ; 3      ; PLLOUTPUTCOUNTER_X0_Y5_N1 ; pll_hdmi|pll_hdmi_inst|altera_pll_i|cyclonev_pll|counter[0].output_counter|divclk    ;
;   5.491  ;   1.142 ; RR ; IC   ; 1      ; CLKCTRL_G5                ; pll_hdmi|pll_hdmi_inst|altera_pll_i|cyclonev_pll|divclk[0]~CLKENA0|inclk             ;
;   5.795  ;   0.304 ; RR ; CELL ; 3656   ; CLKCTRL_G5                ; pll_hdmi|pll_hdmi_inst|altera_pll_i|cyclonev_pll|divclk[0]~CLKENA0|outclk            ;
;   8.031  ;   2.236 ; RR ; IC   ; 1      ; FF_X52_Y26_N5             ; ascal|o_vacpt[1]|clk                                                                 ;
;   8.603  ;   0.572 ; RR ; CELL ; 1      ; FF_X52_Y26_N5             ; ascal:ascal|o_vacpt[1]                                                               ;
; 15.179   ; 6.576   ;    ;      ;        ;                           ; data path                                                                            ;
;   8.603  ;   0.000 ;    ; uTco ; 1      ; FF_X52_Y26_N5             ; ascal:ascal|o_vacpt[1]                                                               ;
;   8.603  ;   0.000 ; FF ; CELL ; 5      ; FF_X52_Y26_N5             ; ascal|o_vacpt[1]|q                                                                   ;
;   9.339  ;   0.736 ; FF ; IC   ; 2      ; LABCELL_X53_Y26_N3        ; ascal|Add83~1|datac                                                                  ;
;   10.147 ;   0.808 ; FF ; CELL ; 1      ; LABCELL_X53_Y26_N3        ; ascal|Add83~1|cout                                                                   ;
;   10.147 ;   0.000 ; FF ; IC   ; 2      ; LABCELL_X53_Y26_N6        ; ascal|Add83~5|cin                                                                    ;
;   10.192 ;   0.045 ; FF ; CELL ; 1      ; LABCELL_X53_Y26_N6        ; ascal|Add83~5|cout                                                                   ;
;   10.192 ;   0.000 ; FF ; IC   ; 2      ; LABCELL_X53_Y26_N9        ; ascal|Add83~9|cin                                                                    ;
;   10.192 ;   0.000 ; FF ; CELL ; 1      ; LABCELL_X53_Y26_N9        ; ascal|Add83~9|cout                                                                   ;
;   10.192 ;   0.000 ; FF ; IC   ; 2      ; LABCELL_X53_Y26_N12       ; ascal|Add83~13|cin                                                                   ;
;   10.237 ;   0.045 ; FF ; CELL ; 1      ; LABCELL_X53_Y26_N12       ; ascal|Add83~13|cout                                                                  ;
;   10.237 ;   0.000 ; FF ; IC   ; 2      ; LABCELL_X53_Y26_N15       ; ascal|Add83~17|cin                                                                   ;
;   10.237 ;   0.000 ; FF ; CELL ; 1      ; LABCELL_X53_Y26_N15       ; ascal|Add83~17|cout                                                                  ;
;   10.237 ;   0.000 ; FF ; IC   ; 2      ; LABCELL_X53_Y26_N18       ; ascal|Add83~21|cin                                                                   ;
;   10.282 ;   0.045 ; FF ; CELL ; 1      ; LABCELL_X53_Y26_N18       ; ascal|Add83~21|cout                                                                  ;
;   10.282 ;   0.000 ; FF ; IC   ; 2      ; LABCELL_X53_Y26_N21       ; ascal|Add83~25|cin                                                                   ;
;   10.282 ;   0.000 ; FF ; CELL ; 1      ; LABCELL_X53_Y26_N21       ; ascal|Add83~25|cout                                                                  ;
;   10.282 ;   0.000 ; FF ; IC   ; 2      ; LABCELL_X53_Y26_N24       ; ascal|Add83~29|cin                                                                   ;
;   10.339 ;   0.057 ; FF ; CELL ; 1      ; LABCELL_X53_Y26_N24       ; ascal|Add83~29|cout                                                                  ;
;   10.339 ;   0.000 ; FF ; IC   ; 2      ; LABCELL_X53_Y26_N27       ; ascal|Add83~33|cin                                                                   ;
;   10.339 ;   0.000 ; FF ; CELL ; 1      ; LABCELL_X53_Y26_N27       ; ascal|Add83~33|cout                                                                  ;
;   10.339 ;   0.000 ; FF ; IC   ; 2      ; LABCELL_X53_Y26_N30       ; ascal|Add83~37|cin                                                                   ;
;   10.457 ;   0.118 ; FF ; CELL ; 1      ; LABCELL_X53_Y26_N30       ; ascal|Add83~37|cout                                                                  ;
;   10.457 ;   0.000 ; FF ; IC   ; 2      ; LABCELL_X53_Y26_N33       ; ascal|Add83~41|cin                                                                   ;
;   10.457 ;   0.000 ; FF ; CELL ; 1      ; LABCELL_X53_Y26_N33       ; ascal|Add83~41|cout                                                                  ;
;   10.457 ;   0.000 ; FF ; IC   ; 1      ; LABCELL_X53_Y26_N36       ; ascal|Add83~45|cin                                                                   ;
;   10.812 ;   0.355 ; FF ; CELL ; 7      ; LABCELL_X53_Y26_N36       ; ascal|Add83~45|sumout                                                                ;
;   11.630 ;   0.818 ; FF ; IC   ; 24     ; DSP_X54_Y26_N0            ; ascal|Mult12~8|ay[18]                                                                ;
;   15.179 ;   3.549 ; FR ; CELL ; 1      ; DSP_X54_Y26_N0            ; ascal:ascal|o_adrs_pre[3]_OTERM27                                                    ;
+----------+---------+----+------+--------+---------------------------+--------------------------------------------------------------------------------------+

+-------------------------------------------------------------------------------------------------------------------------------------------------------------+
; Data Required Path                                                                                                                                          ;
+----------+----------+----+------+--------+---------------------------+--------------------------------------------------------------------------------------+
; Total    ; Incr     ; RF ; Type ; Fanout ; Location                  ; Element                                                                              ;
+----------+----------+----+------+--------+---------------------------+--------------------------------------------------------------------------------------+
; 6.732    ; 6.732    ;    ;      ;        ;                           ; latch edge time                                                                      ;
; 15.510   ; 8.778    ;    ;      ;        ;                           ; clock path                                                                           ;
;   6.732  ;   0.000  ;    ;      ;        ;                           ; source latency                                                                       ;
;   6.732  ;   0.000  ;    ;      ; 1      ; PIN_V11                   ; FPGA_CLK1_50                                                                         ;
;   6.732  ;   0.000  ; RR ; IC   ; 1      ; IOIBUF_X32_Y0_N1          ; FPGA_CLK1_50~input|i                                                                 ;
;   7.493  ;   0.761  ; RR ; CELL ; 2      ; IOIBUF_X32_Y0_N1          ; FPGA_CLK1_50~input|o                                                                 ;
;   8.654  ;   1.161  ; RR ; IC   ; 1      ; PLLREFCLKSELECT_X0_Y7_N0  ; pll_hdmi|pll_hdmi_inst|altera_pll_i|cyclonev_pll|fpll_0|REFCLK_SELECT|clkin[0]       ;
;   8.962  ;   0.308  ; RR ; CELL ; 1      ; PLLREFCLKSELECT_X0_Y7_N0  ; pll_hdmi|pll_hdmi_inst|altera_pll_i|cyclonev_pll|fpll_0|REFCLK_SELECT|clkout         ;
;   8.962  ;   0.000  ; RR ; IC   ; 10     ; FRACTIONALPLL_X0_Y1_N0    ; pll_hdmi|pll_hdmi_inst|altera_pll_i|cyclonev_pll|fpll_0|fpll|refclkin                ;
;   8.811  ;   -0.151 ; RR ; COMP ; 1      ; FRACTIONALPLL_X0_Y1_N0    ; pll_hdmi|pll_hdmi_inst|altera_pll_i|cyclonev_pll|fpll_0|fpll|vcoph[0]                ;
;   8.811  ;   0.000  ; RR ; IC   ; 1      ; PLLOUTPUTCOUNTER_X0_Y5_N1 ; pll_hdmi|pll_hdmi_inst|altera_pll_i|cyclonev_pll|counter[0].output_counter|vco0ph[0] ;
;   10.277 ;   1.466  ; RR ; CELL ; 3      ; PLLOUTPUTCOUNTER_X0_Y5_N1 ; pll_hdmi|pll_hdmi_inst|altera_pll_i|cyclonev_pll|counter[0].output_counter|divclk    ;
;   11.282 ;   1.005  ; RR ; IC   ; 1      ; CLKCTRL_G5                ; pll_hdmi|pll_hdmi_inst|altera_pll_i|cyclonev_pll|divclk[0]~CLKENA0|inclk             ;
;   11.561 ;   0.279  ; RR ; CELL ; 3656   ; CLKCTRL_G5                ; pll_hdmi|pll_hdmi_inst|altera_pll_i|cyclonev_pll|divclk[0]~CLKENA0|outclk            ;
;   13.387 ;   1.826  ; RR ; IC   ; 39     ; DSP_X54_Y26_N0            ; ascal|Mult12~8|clk[0]                                                                ;
;   14.170 ;   0.783  ; RR ; CELL ; 1      ; DSP_X54_Y26_N0            ; ascal:ascal|o_adrs_pre[3]_OTERM27                                                    ;
;   15.510 ;   1.340  ;    ;      ;        ;                           ; clock pessimism removed                                                              ;
; 15.310   ; -0.200   ;    ;      ;        ;                           ; clock uncertainty                                                                    ;
; 15.310   ; 0.000    ;    ; uTsu ; 1      ; DSP_X54_Y26_N0            ; ascal:ascal|o_adrs_pre[3]_OTERM27                                                    ;
+----------+----------+----+------+--------+---------------------------+--------------------------------------------------------------------------------------+

----------------------------
; Extra Fitter Information ;
----------------------------
HTML report is unavailable in plain text report export.


Path #6: Setup slack is 0.131 
===============================================================================
+--------------------------------------------------------------------------------------------------------+
; Path Summary                                                                                           ;
+--------------------+-----------------------------------------------------------------------------------+
; Property           ; Value                                                                             ;
+--------------------+-----------------------------------------------------------------------------------+
; From Node          ; ascal:ascal|o_vacpt[1]                                                            ;
; To Node            ; ascal:ascal|o_adrs_pre[4]_OTERM51                                                 ;
; Launch Clock       ; pll_hdmi|pll_hdmi_inst|altera_pll_i|cyclonev_pll|counter[0].output_counter|divclk ;
; Latch Clock        ; pll_hdmi|pll_hdmi_inst|altera_pll_i|cyclonev_pll|counter[0].output_counter|divclk ;
; Data Arrival Time  ; 15.179                                                                            ;
; Data Required Time ; 15.310                                                                            ;
; Slack              ; 0.131                                                                             ;
+--------------------+-----------------------------------------------------------------------------------+

+-------------------------------------------------------------------------------------+
; Statistics                                                                          ;
+------------------------+-------+-------+-------------+------------+--------+--------+
; Property               ; Value ; Count ; Total Delay ; % of Total ; Min    ; Max    ;
+------------------------+-------+-------+-------------+------------+--------+--------+
; Setup Relationship     ; 6.732 ;       ;             ;            ;        ;        ;
; Clock Skew             ; 0.175 ;       ;             ;            ;        ;        ;
; Data Delay             ; 6.576 ;       ;             ;            ;        ;        ;
; Number of Logic Levels ;       ; 1     ;             ;            ;        ;        ;
; Physical Delays        ;       ;       ;             ;            ;        ;        ;
;  Arrival Path          ;       ;       ;             ;            ;        ;        ;
;   Clock                ;       ;       ;             ;            ;        ;        ;
;    IC                  ;       ; 6     ; 4.703       ; 55         ; 0.000  ; 2.236  ;
;    Cell                ;       ; 6     ; 3.900       ; 45         ; 0.185  ; 1.745  ;
;   Data                 ;       ;       ;             ;            ;        ;        ;
;    IC                  ;       ; 13    ; 1.554       ; 24         ; 0.000  ; 0.818  ;
;    Cell                ;       ; 14    ; 5.022       ; 76         ; 0.000  ; 3.549  ;
;    uTco                ;       ; 1     ; 0.000       ; 0          ; 0.000  ; 0.000  ;
;  Required Path         ;       ;       ;             ;            ;        ;        ;
;   Clock                ;       ;       ;             ;            ;        ;        ;
;    IC                  ;       ; 6     ; 3.992       ; 53         ; 0.000  ; 1.826  ;
;    Cell                ;       ; 5     ; 3.597       ; 47         ; 0.279  ; 1.466  ;
;    PLL Compensation    ;       ; 1     ; -0.151      ; 0          ; -0.151 ; -0.151 ;
+------------------------+-------+-------+-------------+------------+--------+--------+
Note: Negative delays are omitted from totals when calculating percentages

+------------------------------------------------------------------------------------------------------------------------------------------------------------+
; Data Arrival Path                                                                                                                                          ;
+----------+---------+----+------+--------+---------------------------+--------------------------------------------------------------------------------------+
; Total    ; Incr    ; RF ; Type ; Fanout ; Location                  ; Element                                                                              ;
+----------+---------+----+------+--------+---------------------------+--------------------------------------------------------------------------------------+
; 0.000    ; 0.000   ;    ;      ;        ;                           ; launch edge time                                                                     ;
; 8.603    ; 8.603   ;    ;      ;        ;                           ; clock path                                                                           ;
;   0.000  ;   0.000 ;    ;      ;        ;                           ; source latency                                                                       ;
;   0.000  ;   0.000 ;    ;      ; 1      ; PIN_V11                   ; FPGA_CLK1_50                                                                         ;
;   0.000  ;   0.000 ; RR ; IC   ; 1      ; IOIBUF_X32_Y0_N1          ; FPGA_CLK1_50~input|i                                                                 ;
;   0.761  ;   0.761 ; RR ; CELL ; 2      ; IOIBUF_X32_Y0_N1          ; FPGA_CLK1_50~input|o                                                                 ;
;   2.086  ;   1.325 ; RR ; IC   ; 1      ; PLLREFCLKSELECT_X0_Y7_N0  ; pll_hdmi|pll_hdmi_inst|altera_pll_i|cyclonev_pll|fpll_0|REFCLK_SELECT|clkin[0]       ;
;   2.419  ;   0.333 ; RR ; CELL ; 1      ; PLLREFCLKSELECT_X0_Y7_N0  ; pll_hdmi|pll_hdmi_inst|altera_pll_i|cyclonev_pll|fpll_0|REFCLK_SELECT|clkout         ;
;   2.419  ;   0.000 ; RR ; IC   ; 10     ; FRACTIONALPLL_X0_Y1_N0    ; pll_hdmi|pll_hdmi_inst|altera_pll_i|cyclonev_pll|fpll_0|fpll|refclkin                ;
;   2.604  ;   0.185 ; RR ; CELL ; 1      ; FRACTIONALPLL_X0_Y1_N0    ; pll_hdmi|pll_hdmi_inst|altera_pll_i|cyclonev_pll|fpll_0|fpll|vcoph[0]                ;
;   2.604  ;   0.000 ; RR ; IC   ; 1      ; PLLOUTPUTCOUNTER_X0_Y5_N1 ; pll_hdmi|pll_hdmi_inst|altera_pll_i|cyclonev_pll|counter[0].output_counter|vco0ph[0] ;
;   4.349  ;   1.745 ; RR ; CELL ; 3      ; PLLOUTPUTCOUNTER_X0_Y5_N1 ; pll_hdmi|pll_hdmi_inst|altera_pll_i|cyclonev_pll|counter[0].output_counter|divclk    ;
;   5.491  ;   1.142 ; RR ; IC   ; 1      ; CLKCTRL_G5                ; pll_hdmi|pll_hdmi_inst|altera_pll_i|cyclonev_pll|divclk[0]~CLKENA0|inclk             ;
;   5.795  ;   0.304 ; RR ; CELL ; 3656   ; CLKCTRL_G5                ; pll_hdmi|pll_hdmi_inst|altera_pll_i|cyclonev_pll|divclk[0]~CLKENA0|outclk            ;
;   8.031  ;   2.236 ; RR ; IC   ; 1      ; FF_X52_Y26_N5             ; ascal|o_vacpt[1]|clk                                                                 ;
;   8.603  ;   0.572 ; RR ; CELL ; 1      ; FF_X52_Y26_N5             ; ascal:ascal|o_vacpt[1]                                                               ;
; 15.179   ; 6.576   ;    ;      ;        ;                           ; data path                                                                            ;
;   8.603  ;   0.000 ;    ; uTco ; 1      ; FF_X52_Y26_N5             ; ascal:ascal|o_vacpt[1]                                                               ;
;   8.603  ;   0.000 ; FF ; CELL ; 5      ; FF_X52_Y26_N5             ; ascal|o_vacpt[1]|q                                                                   ;
;   9.339  ;   0.736 ; FF ; IC   ; 2      ; LABCELL_X53_Y26_N3        ; ascal|Add83~1|datac                                                                  ;
;   10.147 ;   0.808 ; FF ; CELL ; 1      ; LABCELL_X53_Y26_N3        ; ascal|Add83~1|cout                                                                   ;
;   10.147 ;   0.000 ; FF ; IC   ; 2      ; LABCELL_X53_Y26_N6        ; ascal|Add83~5|cin                                                                    ;
;   10.192 ;   0.045 ; FF ; CELL ; 1      ; LABCELL_X53_Y26_N6        ; ascal|Add83~5|cout                                                                   ;
;   10.192 ;   0.000 ; FF ; IC   ; 2      ; LABCELL_X53_Y26_N9        ; ascal|Add83~9|cin                                                                    ;
;   10.192 ;   0.000 ; FF ; CELL ; 1      ; LABCELL_X53_Y26_N9        ; ascal|Add83~9|cout                                                                   ;
;   10.192 ;   0.000 ; FF ; IC   ; 2      ; LABCELL_X53_Y26_N12       ; ascal|Add83~13|cin                                                                   ;
;   10.237 ;   0.045 ; FF ; CELL ; 1      ; LABCELL_X53_Y26_N12       ; ascal|Add83~13|cout                                                                  ;
;   10.237 ;   0.000 ; FF ; IC   ; 2      ; LABCELL_X53_Y26_N15       ; ascal|Add83~17|cin                                                                   ;
;   10.237 ;   0.000 ; FF ; CELL ; 1      ; LABCELL_X53_Y26_N15       ; ascal|Add83~17|cout                                                                  ;
;   10.237 ;   0.000 ; FF ; IC   ; 2      ; LABCELL_X53_Y26_N18       ; ascal|Add83~21|cin                                                                   ;
;   10.282 ;   0.045 ; FF ; CELL ; 1      ; LABCELL_X53_Y26_N18       ; ascal|Add83~21|cout                                                                  ;
;   10.282 ;   0.000 ; FF ; IC   ; 2      ; LABCELL_X53_Y26_N21       ; ascal|Add83~25|cin                                                                   ;
;   10.282 ;   0.000 ; FF ; CELL ; 1      ; LABCELL_X53_Y26_N21       ; ascal|Add83~25|cout                                                                  ;
;   10.282 ;   0.000 ; FF ; IC   ; 2      ; LABCELL_X53_Y26_N24       ; ascal|Add83~29|cin                                                                   ;
;   10.339 ;   0.057 ; FF ; CELL ; 1      ; LABCELL_X53_Y26_N24       ; ascal|Add83~29|cout                                                                  ;
;   10.339 ;   0.000 ; FF ; IC   ; 2      ; LABCELL_X53_Y26_N27       ; ascal|Add83~33|cin                                                                   ;
;   10.339 ;   0.000 ; FF ; CELL ; 1      ; LABCELL_X53_Y26_N27       ; ascal|Add83~33|cout                                                                  ;
;   10.339 ;   0.000 ; FF ; IC   ; 2      ; LABCELL_X53_Y26_N30       ; ascal|Add83~37|cin                                                                   ;
;   10.457 ;   0.118 ; FF ; CELL ; 1      ; LABCELL_X53_Y26_N30       ; ascal|Add83~37|cout                                                                  ;
;   10.457 ;   0.000 ; FF ; IC   ; 2      ; LABCELL_X53_Y26_N33       ; ascal|Add83~41|cin                                                                   ;
;   10.457 ;   0.000 ; FF ; CELL ; 1      ; LABCELL_X53_Y26_N33       ; ascal|Add83~41|cout                                                                  ;
;   10.457 ;   0.000 ; FF ; IC   ; 1      ; LABCELL_X53_Y26_N36       ; ascal|Add83~45|cin                                                                   ;
;   10.812 ;   0.355 ; FF ; CELL ; 7      ; LABCELL_X53_Y26_N36       ; ascal|Add83~45|sumout                                                                ;
;   11.630 ;   0.818 ; FF ; IC   ; 24     ; DSP_X54_Y26_N0            ; ascal|Mult12~8|ay[18]                                                                ;
;   15.179 ;   3.549 ; FR ; CELL ; 1      ; DSP_X54_Y26_N0            ; ascal:ascal|o_adrs_pre[4]_OTERM51                                                    ;
+----------+---------+----+------+--------+---------------------------+--------------------------------------------------------------------------------------+

+-------------------------------------------------------------------------------------------------------------------------------------------------------------+
; Data Required Path                                                                                                                                          ;
+----------+----------+----+------+--------+---------------------------+--------------------------------------------------------------------------------------+
; Total    ; Incr     ; RF ; Type ; Fanout ; Location                  ; Element                                                                              ;
+----------+----------+----+------+--------+---------------------------+--------------------------------------------------------------------------------------+
; 6.732    ; 6.732    ;    ;      ;        ;                           ; latch edge time                                                                      ;
; 15.510   ; 8.778    ;    ;      ;        ;                           ; clock path                                                                           ;
;   6.732  ;   0.000  ;    ;      ;        ;                           ; source latency                                                                       ;
;   6.732  ;   0.000  ;    ;      ; 1      ; PIN_V11                   ; FPGA_CLK1_50                                                                         ;
;   6.732  ;   0.000  ; RR ; IC   ; 1      ; IOIBUF_X32_Y0_N1          ; FPGA_CLK1_50~input|i                                                                 ;
;   7.493  ;   0.761  ; RR ; CELL ; 2      ; IOIBUF_X32_Y0_N1          ; FPGA_CLK1_50~input|o                                                                 ;
;   8.654  ;   1.161  ; RR ; IC   ; 1      ; PLLREFCLKSELECT_X0_Y7_N0  ; pll_hdmi|pll_hdmi_inst|altera_pll_i|cyclonev_pll|fpll_0|REFCLK_SELECT|clkin[0]       ;
;   8.962  ;   0.308  ; RR ; CELL ; 1      ; PLLREFCLKSELECT_X0_Y7_N0  ; pll_hdmi|pll_hdmi_inst|altera_pll_i|cyclonev_pll|fpll_0|REFCLK_SELECT|clkout         ;
;   8.962  ;   0.000  ; RR ; IC   ; 10     ; FRACTIONALPLL_X0_Y1_N0    ; pll_hdmi|pll_hdmi_inst|altera_pll_i|cyclonev_pll|fpll_0|fpll|refclkin                ;
;   8.811  ;   -0.151 ; RR ; COMP ; 1      ; FRACTIONALPLL_X0_Y1_N0    ; pll_hdmi|pll_hdmi_inst|altera_pll_i|cyclonev_pll|fpll_0|fpll|vcoph[0]                ;
;   8.811  ;   0.000  ; RR ; IC   ; 1      ; PLLOUTPUTCOUNTER_X0_Y5_N1 ; pll_hdmi|pll_hdmi_inst|altera_pll_i|cyclonev_pll|counter[0].output_counter|vco0ph[0] ;
;   10.277 ;   1.466  ; RR ; CELL ; 3      ; PLLOUTPUTCOUNTER_X0_Y5_N1 ; pll_hdmi|pll_hdmi_inst|altera_pll_i|cyclonev_pll|counter[0].output_counter|divclk    ;
;   11.282 ;   1.005  ; RR ; IC   ; 1      ; CLKCTRL_G5                ; pll_hdmi|pll_hdmi_inst|altera_pll_i|cyclonev_pll|divclk[0]~CLKENA0|inclk             ;
;   11.561 ;   0.279  ; RR ; CELL ; 3656   ; CLKCTRL_G5                ; pll_hdmi|pll_hdmi_inst|altera_pll_i|cyclonev_pll|divclk[0]~CLKENA0|outclk            ;
;   13.387 ;   1.826  ; RR ; IC   ; 39     ; DSP_X54_Y26_N0            ; ascal|Mult12~8|clk[0]                                                                ;
;   14.170 ;   0.783  ; RR ; CELL ; 1      ; DSP_X54_Y26_N0            ; ascal:ascal|o_adrs_pre[4]_OTERM51                                                    ;
;   15.510 ;   1.340  ;    ;      ;        ;                           ; clock pessimism removed                                                              ;
; 15.310   ; -0.200   ;    ;      ;        ;                           ; clock uncertainty                                                                    ;
; 15.310   ; 0.000    ;    ; uTsu ; 1      ; DSP_X54_Y26_N0            ; ascal:ascal|o_adrs_pre[4]_OTERM51                                                    ;
+----------+----------+----+------+--------+---------------------------+--------------------------------------------------------------------------------------+

----------------------------
; Extra Fitter Information ;
----------------------------
HTML report is unavailable in plain text report export.


Path #7: Setup slack is 0.131 
===============================================================================
+--------------------------------------------------------------------------------------------------------+
; Path Summary                                                                                           ;
+--------------------+-----------------------------------------------------------------------------------+
; Property           ; Value                                                                             ;
+--------------------+-----------------------------------------------------------------------------------+
; From Node          ; ascal:ascal|o_vacpt[1]                                                            ;
; To Node            ; ascal:ascal|o_adrs_pre[5]_OTERM45                                                 ;
; Launch Clock       ; pll_hdmi|pll_hdmi_inst|altera_pll_i|cyclonev_pll|counter[0].output_counter|divclk ;
; Latch Clock        ; pll_hdmi|pll_hdmi_inst|altera_pll_i|cyclonev_pll|counter[0].output_counter|divclk ;
; Data Arrival Time  ; 15.179                                                                            ;
; Data Required Time ; 15.310                                                                            ;
; Slack              ; 0.131                                                                             ;
+--------------------+-----------------------------------------------------------------------------------+

+-------------------------------------------------------------------------------------+
; Statistics                                                                          ;
+------------------------+-------+-------+-------------+------------+--------+--------+
; Property               ; Value ; Count ; Total Delay ; % of Total ; Min    ; Max    ;
+------------------------+-------+-------+-------------+------------+--------+--------+
; Setup Relationship     ; 6.732 ;       ;             ;            ;        ;        ;
; Clock Skew             ; 0.175 ;       ;             ;            ;        ;        ;
; Data Delay             ; 6.576 ;       ;             ;            ;        ;        ;
; Number of Logic Levels ;       ; 1     ;             ;            ;        ;        ;
; Physical Delays        ;       ;       ;             ;            ;        ;        ;
;  Arrival Path          ;       ;       ;             ;            ;        ;        ;
;   Clock                ;       ;       ;             ;            ;        ;        ;
;    IC                  ;       ; 6     ; 4.703       ; 55         ; 0.000  ; 2.236  ;
;    Cell                ;       ; 6     ; 3.900       ; 45         ; 0.185  ; 1.745  ;
;   Data                 ;       ;       ;             ;            ;        ;        ;
;    IC                  ;       ; 13    ; 1.554       ; 24         ; 0.000  ; 0.818  ;
;    Cell                ;       ; 14    ; 5.022       ; 76         ; 0.000  ; 3.549  ;
;    uTco                ;       ; 1     ; 0.000       ; 0          ; 0.000  ; 0.000  ;
;  Required Path         ;       ;       ;             ;            ;        ;        ;
;   Clock                ;       ;       ;             ;            ;        ;        ;
;    IC                  ;       ; 6     ; 3.992       ; 53         ; 0.000  ; 1.826  ;
;    Cell                ;       ; 5     ; 3.597       ; 47         ; 0.279  ; 1.466  ;
;    PLL Compensation    ;       ; 1     ; -0.151      ; 0          ; -0.151 ; -0.151 ;
+------------------------+-------+-------+-------------+------------+--------+--------+
Note: Negative delays are omitted from totals when calculating percentages

+------------------------------------------------------------------------------------------------------------------------------------------------------------+
; Data Arrival Path                                                                                                                                          ;
+----------+---------+----+------+--------+---------------------------+--------------------------------------------------------------------------------------+
; Total    ; Incr    ; RF ; Type ; Fanout ; Location                  ; Element                                                                              ;
+----------+---------+----+------+--------+---------------------------+--------------------------------------------------------------------------------------+
; 0.000    ; 0.000   ;    ;      ;        ;                           ; launch edge time                                                                     ;
; 8.603    ; 8.603   ;    ;      ;        ;                           ; clock path                                                                           ;
;   0.000  ;   0.000 ;    ;      ;        ;                           ; source latency                                                                       ;
;   0.000  ;   0.000 ;    ;      ; 1      ; PIN_V11                   ; FPGA_CLK1_50                                                                         ;
;   0.000  ;   0.000 ; RR ; IC   ; 1      ; IOIBUF_X32_Y0_N1          ; FPGA_CLK1_50~input|i                                                                 ;
;   0.761  ;   0.761 ; RR ; CELL ; 2      ; IOIBUF_X32_Y0_N1          ; FPGA_CLK1_50~input|o                                                                 ;
;   2.086  ;   1.325 ; RR ; IC   ; 1      ; PLLREFCLKSELECT_X0_Y7_N0  ; pll_hdmi|pll_hdmi_inst|altera_pll_i|cyclonev_pll|fpll_0|REFCLK_SELECT|clkin[0]       ;
;   2.419  ;   0.333 ; RR ; CELL ; 1      ; PLLREFCLKSELECT_X0_Y7_N0  ; pll_hdmi|pll_hdmi_inst|altera_pll_i|cyclonev_pll|fpll_0|REFCLK_SELECT|clkout         ;
;   2.419  ;   0.000 ; RR ; IC   ; 10     ; FRACTIONALPLL_X0_Y1_N0    ; pll_hdmi|pll_hdmi_inst|altera_pll_i|cyclonev_pll|fpll_0|fpll|refclkin                ;
;   2.604  ;   0.185 ; RR ; CELL ; 1      ; FRACTIONALPLL_X0_Y1_N0    ; pll_hdmi|pll_hdmi_inst|altera_pll_i|cyclonev_pll|fpll_0|fpll|vcoph[0]                ;
;   2.604  ;   0.000 ; RR ; IC   ; 1      ; PLLOUTPUTCOUNTER_X0_Y5_N1 ; pll_hdmi|pll_hdmi_inst|altera_pll_i|cyclonev_pll|counter[0].output_counter|vco0ph[0] ;
;   4.349  ;   1.745 ; RR ; CELL ; 3      ; PLLOUTPUTCOUNTER_X0_Y5_N1 ; pll_hdmi|pll_hdmi_inst|altera_pll_i|cyclonev_pll|counter[0].output_counter|divclk    ;
;   5.491  ;   1.142 ; RR ; IC   ; 1      ; CLKCTRL_G5                ; pll_hdmi|pll_hdmi_inst|altera_pll_i|cyclonev_pll|divclk[0]~CLKENA0|inclk             ;
;   5.795  ;   0.304 ; RR ; CELL ; 3656   ; CLKCTRL_G5                ; pll_hdmi|pll_hdmi_inst|altera_pll_i|cyclonev_pll|divclk[0]~CLKENA0|outclk            ;
;   8.031  ;   2.236 ; RR ; IC   ; 1      ; FF_X52_Y26_N5             ; ascal|o_vacpt[1]|clk                                                                 ;
;   8.603  ;   0.572 ; RR ; CELL ; 1      ; FF_X52_Y26_N5             ; ascal:ascal|o_vacpt[1]                                                               ;
; 15.179   ; 6.576   ;    ;      ;        ;                           ; data path                                                                            ;
;   8.603  ;   0.000 ;    ; uTco ; 1      ; FF_X52_Y26_N5             ; ascal:ascal|o_vacpt[1]                                                               ;
;   8.603  ;   0.000 ; FF ; CELL ; 5      ; FF_X52_Y26_N5             ; ascal|o_vacpt[1]|q                                                                   ;
;   9.339  ;   0.736 ; FF ; IC   ; 2      ; LABCELL_X53_Y26_N3        ; ascal|Add83~1|datac                                                                  ;
;   10.147 ;   0.808 ; FF ; CELL ; 1      ; LABCELL_X53_Y26_N3        ; ascal|Add83~1|cout                                                                   ;
;   10.147 ;   0.000 ; FF ; IC   ; 2      ; LABCELL_X53_Y26_N6        ; ascal|Add83~5|cin                                                                    ;
;   10.192 ;   0.045 ; FF ; CELL ; 1      ; LABCELL_X53_Y26_N6        ; ascal|Add83~5|cout                                                                   ;
;   10.192 ;   0.000 ; FF ; IC   ; 2      ; LABCELL_X53_Y26_N9        ; ascal|Add83~9|cin                                                                    ;
;   10.192 ;   0.000 ; FF ; CELL ; 1      ; LABCELL_X53_Y26_N9        ; ascal|Add83~9|cout                                                                   ;
;   10.192 ;   0.000 ; FF ; IC   ; 2      ; LABCELL_X53_Y26_N12       ; ascal|Add83~13|cin                                                                   ;
;   10.237 ;   0.045 ; FF ; CELL ; 1      ; LABCELL_X53_Y26_N12       ; ascal|Add83~13|cout                                                                  ;
;   10.237 ;   0.000 ; FF ; IC   ; 2      ; LABCELL_X53_Y26_N15       ; ascal|Add83~17|cin                                                                   ;
;   10.237 ;   0.000 ; FF ; CELL ; 1      ; LABCELL_X53_Y26_N15       ; ascal|Add83~17|cout                                                                  ;
;   10.237 ;   0.000 ; FF ; IC   ; 2      ; LABCELL_X53_Y26_N18       ; ascal|Add83~21|cin                                                                   ;
;   10.282 ;   0.045 ; FF ; CELL ; 1      ; LABCELL_X53_Y26_N18       ; ascal|Add83~21|cout                                                                  ;
;   10.282 ;   0.000 ; FF ; IC   ; 2      ; LABCELL_X53_Y26_N21       ; ascal|Add83~25|cin                                                                   ;
;   10.282 ;   0.000 ; FF ; CELL ; 1      ; LABCELL_X53_Y26_N21       ; ascal|Add83~25|cout                                                                  ;
;   10.282 ;   0.000 ; FF ; IC   ; 2      ; LABCELL_X53_Y26_N24       ; ascal|Add83~29|cin                                                                   ;
;   10.339 ;   0.057 ; FF ; CELL ; 1      ; LABCELL_X53_Y26_N24       ; ascal|Add83~29|cout                                                                  ;
;   10.339 ;   0.000 ; FF ; IC   ; 2      ; LABCELL_X53_Y26_N27       ; ascal|Add83~33|cin                                                                   ;
;   10.339 ;   0.000 ; FF ; CELL ; 1      ; LABCELL_X53_Y26_N27       ; ascal|Add83~33|cout                                                                  ;
;   10.339 ;   0.000 ; FF ; IC   ; 2      ; LABCELL_X53_Y26_N30       ; ascal|Add83~37|cin                                                                   ;
;   10.457 ;   0.118 ; FF ; CELL ; 1      ; LABCELL_X53_Y26_N30       ; ascal|Add83~37|cout                                                                  ;
;   10.457 ;   0.000 ; FF ; IC   ; 2      ; LABCELL_X53_Y26_N33       ; ascal|Add83~41|cin                                                                   ;
;   10.457 ;   0.000 ; FF ; CELL ; 1      ; LABCELL_X53_Y26_N33       ; ascal|Add83~41|cout                                                                  ;
;   10.457 ;   0.000 ; FF ; IC   ; 1      ; LABCELL_X53_Y26_N36       ; ascal|Add83~45|cin                                                                   ;
;   10.812 ;   0.355 ; FF ; CELL ; 7      ; LABCELL_X53_Y26_N36       ; ascal|Add83~45|sumout                                                                ;
;   11.630 ;   0.818 ; FF ; IC   ; 24     ; DSP_X54_Y26_N0            ; ascal|Mult12~8|ay[18]                                                                ;
;   15.179 ;   3.549 ; FR ; CELL ; 1      ; DSP_X54_Y26_N0            ; ascal:ascal|o_adrs_pre[5]_OTERM45                                                    ;
+----------+---------+----+------+--------+---------------------------+--------------------------------------------------------------------------------------+

+-------------------------------------------------------------------------------------------------------------------------------------------------------------+
; Data Required Path                                                                                                                                          ;
+----------+----------+----+------+--------+---------------------------+--------------------------------------------------------------------------------------+
; Total    ; Incr     ; RF ; Type ; Fanout ; Location                  ; Element                                                                              ;
+----------+----------+----+------+--------+---------------------------+--------------------------------------------------------------------------------------+
; 6.732    ; 6.732    ;    ;      ;        ;                           ; latch edge time                                                                      ;
; 15.510   ; 8.778    ;    ;      ;        ;                           ; clock path                                                                           ;
;   6.732  ;   0.000  ;    ;      ;        ;                           ; source latency                                                                       ;
;   6.732  ;   0.000  ;    ;      ; 1      ; PIN_V11                   ; FPGA_CLK1_50                                                                         ;
;   6.732  ;   0.000  ; RR ; IC   ; 1      ; IOIBUF_X32_Y0_N1          ; FPGA_CLK1_50~input|i                                                                 ;
;   7.493  ;   0.761  ; RR ; CELL ; 2      ; IOIBUF_X32_Y0_N1          ; FPGA_CLK1_50~input|o                                                                 ;
;   8.654  ;   1.161  ; RR ; IC   ; 1      ; PLLREFCLKSELECT_X0_Y7_N0  ; pll_hdmi|pll_hdmi_inst|altera_pll_i|cyclonev_pll|fpll_0|REFCLK_SELECT|clkin[0]       ;
;   8.962  ;   0.308  ; RR ; CELL ; 1      ; PLLREFCLKSELECT_X0_Y7_N0  ; pll_hdmi|pll_hdmi_inst|altera_pll_i|cyclonev_pll|fpll_0|REFCLK_SELECT|clkout         ;
;   8.962  ;   0.000  ; RR ; IC   ; 10     ; FRACTIONALPLL_X0_Y1_N0    ; pll_hdmi|pll_hdmi_inst|altera_pll_i|cyclonev_pll|fpll_0|fpll|refclkin                ;
;   8.811  ;   -0.151 ; RR ; COMP ; 1      ; FRACTIONALPLL_X0_Y1_N0    ; pll_hdmi|pll_hdmi_inst|altera_pll_i|cyclonev_pll|fpll_0|fpll|vcoph[0]                ;
;   8.811  ;   0.000  ; RR ; IC   ; 1      ; PLLOUTPUTCOUNTER_X0_Y5_N1 ; pll_hdmi|pll_hdmi_inst|altera_pll_i|cyclonev_pll|counter[0].output_counter|vco0ph[0] ;
;   10.277 ;   1.466  ; RR ; CELL ; 3      ; PLLOUTPUTCOUNTER_X0_Y5_N1 ; pll_hdmi|pll_hdmi_inst|altera_pll_i|cyclonev_pll|counter[0].output_counter|divclk    ;
;   11.282 ;   1.005  ; RR ; IC   ; 1      ; CLKCTRL_G5                ; pll_hdmi|pll_hdmi_inst|altera_pll_i|cyclonev_pll|divclk[0]~CLKENA0|inclk             ;
;   11.561 ;   0.279  ; RR ; CELL ; 3656   ; CLKCTRL_G5                ; pll_hdmi|pll_hdmi_inst|altera_pll_i|cyclonev_pll|divclk[0]~CLKENA0|outclk            ;
;   13.387 ;   1.826  ; RR ; IC   ; 39     ; DSP_X54_Y26_N0            ; ascal|Mult12~8|clk[0]                                                                ;
;   14.170 ;   0.783  ; RR ; CELL ; 1      ; DSP_X54_Y26_N0            ; ascal:ascal|o_adrs_pre[5]_OTERM45                                                    ;
;   15.510 ;   1.340  ;    ;      ;        ;                           ; clock pessimism removed                                                              ;
; 15.310   ; -0.200   ;    ;      ;        ;                           ; clock uncertainty                                                                    ;
; 15.310   ; 0.000    ;    ; uTsu ; 1      ; DSP_X54_Y26_N0            ; ascal:ascal|o_adrs_pre[5]_OTERM45                                                    ;
+----------+----------+----+------+--------+---------------------------+--------------------------------------------------------------------------------------+

----------------------------
; Extra Fitter Information ;
----------------------------
HTML report is unavailable in plain text report export.


Path #8: Setup slack is 0.131 
===============================================================================
+--------------------------------------------------------------------------------------------------------+
; Path Summary                                                                                           ;
+--------------------+-----------------------------------------------------------------------------------+
; Property           ; Value                                                                             ;
+--------------------+-----------------------------------------------------------------------------------+
; From Node          ; ascal:ascal|o_vacpt[1]                                                            ;
; To Node            ; ascal:ascal|o_adrs_pre[6]_OTERM39                                                 ;
; Launch Clock       ; pll_hdmi|pll_hdmi_inst|altera_pll_i|cyclonev_pll|counter[0].output_counter|divclk ;
; Latch Clock        ; pll_hdmi|pll_hdmi_inst|altera_pll_i|cyclonev_pll|counter[0].output_counter|divclk ;
; Data Arrival Time  ; 15.179                                                                            ;
; Data Required Time ; 15.310                                                                            ;
; Slack              ; 0.131                                                                             ;
+--------------------+-----------------------------------------------------------------------------------+

+-------------------------------------------------------------------------------------+
; Statistics                                                                          ;
+------------------------+-------+-------+-------------+------------+--------+--------+
; Property               ; Value ; Count ; Total Delay ; % of Total ; Min    ; Max    ;
+------------------------+-------+-------+-------------+------------+--------+--------+
; Setup Relationship     ; 6.732 ;       ;             ;            ;        ;        ;
; Clock Skew             ; 0.175 ;       ;             ;            ;        ;        ;
; Data Delay             ; 6.576 ;       ;             ;            ;        ;        ;
; Number of Logic Levels ;       ; 1     ;             ;            ;        ;        ;
; Physical Delays        ;       ;       ;             ;            ;        ;        ;
;  Arrival Path          ;       ;       ;             ;            ;        ;        ;
;   Clock                ;       ;       ;             ;            ;        ;        ;
;    IC                  ;       ; 6     ; 4.703       ; 55         ; 0.000  ; 2.236  ;
;    Cell                ;       ; 6     ; 3.900       ; 45         ; 0.185  ; 1.745  ;
;   Data                 ;       ;       ;             ;            ;        ;        ;
;    IC                  ;       ; 13    ; 1.554       ; 24         ; 0.000  ; 0.818  ;
;    Cell                ;       ; 14    ; 5.022       ; 76         ; 0.000  ; 3.549  ;
;    uTco                ;       ; 1     ; 0.000       ; 0          ; 0.000  ; 0.000  ;
;  Required Path         ;       ;       ;             ;            ;        ;        ;
;   Clock                ;       ;       ;             ;            ;        ;        ;
;    IC                  ;       ; 6     ; 3.992       ; 53         ; 0.000  ; 1.826  ;
;    Cell                ;       ; 5     ; 3.597       ; 47         ; 0.279  ; 1.466  ;
;    PLL Compensation    ;       ; 1     ; -0.151      ; 0          ; -0.151 ; -0.151 ;
+------------------------+-------+-------+-------------+------------+--------+--------+
Note: Negative delays are omitted from totals when calculating percentages

+------------------------------------------------------------------------------------------------------------------------------------------------------------+
; Data Arrival Path                                                                                                                                          ;
+----------+---------+----+------+--------+---------------------------+--------------------------------------------------------------------------------------+
; Total    ; Incr    ; RF ; Type ; Fanout ; Location                  ; Element                                                                              ;
+----------+---------+----+------+--------+---------------------------+--------------------------------------------------------------------------------------+
; 0.000    ; 0.000   ;    ;      ;        ;                           ; launch edge time                                                                     ;
; 8.603    ; 8.603   ;    ;      ;        ;                           ; clock path                                                                           ;
;   0.000  ;   0.000 ;    ;      ;        ;                           ; source latency                                                                       ;
;   0.000  ;   0.000 ;    ;      ; 1      ; PIN_V11                   ; FPGA_CLK1_50                                                                         ;
;   0.000  ;   0.000 ; RR ; IC   ; 1      ; IOIBUF_X32_Y0_N1          ; FPGA_CLK1_50~input|i                                                                 ;
;   0.761  ;   0.761 ; RR ; CELL ; 2      ; IOIBUF_X32_Y0_N1          ; FPGA_CLK1_50~input|o                                                                 ;
;   2.086  ;   1.325 ; RR ; IC   ; 1      ; PLLREFCLKSELECT_X0_Y7_N0  ; pll_hdmi|pll_hdmi_inst|altera_pll_i|cyclonev_pll|fpll_0|REFCLK_SELECT|clkin[0]       ;
;   2.419  ;   0.333 ; RR ; CELL ; 1      ; PLLREFCLKSELECT_X0_Y7_N0  ; pll_hdmi|pll_hdmi_inst|altera_pll_i|cyclonev_pll|fpll_0|REFCLK_SELECT|clkout         ;
;   2.419  ;   0.000 ; RR ; IC   ; 10     ; FRACTIONALPLL_X0_Y1_N0    ; pll_hdmi|pll_hdmi_inst|altera_pll_i|cyclonev_pll|fpll_0|fpll|refclkin                ;
;   2.604  ;   0.185 ; RR ; CELL ; 1      ; FRACTIONALPLL_X0_Y1_N0    ; pll_hdmi|pll_hdmi_inst|altera_pll_i|cyclonev_pll|fpll_0|fpll|vcoph[0]                ;
;   2.604  ;   0.000 ; RR ; IC   ; 1      ; PLLOUTPUTCOUNTER_X0_Y5_N1 ; pll_hdmi|pll_hdmi_inst|altera_pll_i|cyclonev_pll|counter[0].output_counter|vco0ph[0] ;
;   4.349  ;   1.745 ; RR ; CELL ; 3      ; PLLOUTPUTCOUNTER_X0_Y5_N1 ; pll_hdmi|pll_hdmi_inst|altera_pll_i|cyclonev_pll|counter[0].output_counter|divclk    ;
;   5.491  ;   1.142 ; RR ; IC   ; 1      ; CLKCTRL_G5                ; pll_hdmi|pll_hdmi_inst|altera_pll_i|cyclonev_pll|divclk[0]~CLKENA0|inclk             ;
;   5.795  ;   0.304 ; RR ; CELL ; 3656   ; CLKCTRL_G5                ; pll_hdmi|pll_hdmi_inst|altera_pll_i|cyclonev_pll|divclk[0]~CLKENA0|outclk            ;
;   8.031  ;   2.236 ; RR ; IC   ; 1      ; FF_X52_Y26_N5             ; ascal|o_vacpt[1]|clk                                                                 ;
;   8.603  ;   0.572 ; RR ; CELL ; 1      ; FF_X52_Y26_N5             ; ascal:ascal|o_vacpt[1]                                                               ;
; 15.179   ; 6.576   ;    ;      ;        ;                           ; data path                                                                            ;
;   8.603  ;   0.000 ;    ; uTco ; 1      ; FF_X52_Y26_N5             ; ascal:ascal|o_vacpt[1]                                                               ;
;   8.603  ;   0.000 ; FF ; CELL ; 5      ; FF_X52_Y26_N5             ; ascal|o_vacpt[1]|q                                                                   ;
;   9.339  ;   0.736 ; FF ; IC   ; 2      ; LABCELL_X53_Y26_N3        ; ascal|Add83~1|datac                                                                  ;
;   10.147 ;   0.808 ; FF ; CELL ; 1      ; LABCELL_X53_Y26_N3        ; ascal|Add83~1|cout                                                                   ;
;   10.147 ;   0.000 ; FF ; IC   ; 2      ; LABCELL_X53_Y26_N6        ; ascal|Add83~5|cin                                                                    ;
;   10.192 ;   0.045 ; FF ; CELL ; 1      ; LABCELL_X53_Y26_N6        ; ascal|Add83~5|cout                                                                   ;
;   10.192 ;   0.000 ; FF ; IC   ; 2      ; LABCELL_X53_Y26_N9        ; ascal|Add83~9|cin                                                                    ;
;   10.192 ;   0.000 ; FF ; CELL ; 1      ; LABCELL_X53_Y26_N9        ; ascal|Add83~9|cout                                                                   ;
;   10.192 ;   0.000 ; FF ; IC   ; 2      ; LABCELL_X53_Y26_N12       ; ascal|Add83~13|cin                                                                   ;
;   10.237 ;   0.045 ; FF ; CELL ; 1      ; LABCELL_X53_Y26_N12       ; ascal|Add83~13|cout                                                                  ;
;   10.237 ;   0.000 ; FF ; IC   ; 2      ; LABCELL_X53_Y26_N15       ; ascal|Add83~17|cin                                                                   ;
;   10.237 ;   0.000 ; FF ; CELL ; 1      ; LABCELL_X53_Y26_N15       ; ascal|Add83~17|cout                                                                  ;
;   10.237 ;   0.000 ; FF ; IC   ; 2      ; LABCELL_X53_Y26_N18       ; ascal|Add83~21|cin                                                                   ;
;   10.282 ;   0.045 ; FF ; CELL ; 1      ; LABCELL_X53_Y26_N18       ; ascal|Add83~21|cout                                                                  ;
;   10.282 ;   0.000 ; FF ; IC   ; 2      ; LABCELL_X53_Y26_N21       ; ascal|Add83~25|cin                                                                   ;
;   10.282 ;   0.000 ; FF ; CELL ; 1      ; LABCELL_X53_Y26_N21       ; ascal|Add83~25|cout                                                                  ;
;   10.282 ;   0.000 ; FF ; IC   ; 2      ; LABCELL_X53_Y26_N24       ; ascal|Add83~29|cin                                                                   ;
;   10.339 ;   0.057 ; FF ; CELL ; 1      ; LABCELL_X53_Y26_N24       ; ascal|Add83~29|cout                                                                  ;
;   10.339 ;   0.000 ; FF ; IC   ; 2      ; LABCELL_X53_Y26_N27       ; ascal|Add83~33|cin                                                                   ;
;   10.339 ;   0.000 ; FF ; CELL ; 1      ; LABCELL_X53_Y26_N27       ; ascal|Add83~33|cout                                                                  ;
;   10.339 ;   0.000 ; FF ; IC   ; 2      ; LABCELL_X53_Y26_N30       ; ascal|Add83~37|cin                                                                   ;
;   10.457 ;   0.118 ; FF ; CELL ; 1      ; LABCELL_X53_Y26_N30       ; ascal|Add83~37|cout                                                                  ;
;   10.457 ;   0.000 ; FF ; IC   ; 2      ; LABCELL_X53_Y26_N33       ; ascal|Add83~41|cin                                                                   ;
;   10.457 ;   0.000 ; FF ; CELL ; 1      ; LABCELL_X53_Y26_N33       ; ascal|Add83~41|cout                                                                  ;
;   10.457 ;   0.000 ; FF ; IC   ; 1      ; LABCELL_X53_Y26_N36       ; ascal|Add83~45|cin                                                                   ;
;   10.812 ;   0.355 ; FF ; CELL ; 7      ; LABCELL_X53_Y26_N36       ; ascal|Add83~45|sumout                                                                ;
;   11.630 ;   0.818 ; FF ; IC   ; 24     ; DSP_X54_Y26_N0            ; ascal|Mult12~8|ay[18]                                                                ;
;   15.179 ;   3.549 ; FR ; CELL ; 1      ; DSP_X54_Y26_N0            ; ascal:ascal|o_adrs_pre[6]_OTERM39                                                    ;
+----------+---------+----+------+--------+---------------------------+--------------------------------------------------------------------------------------+

+-------------------------------------------------------------------------------------------------------------------------------------------------------------+
; Data Required Path                                                                                                                                          ;
+----------+----------+----+------+--------+---------------------------+--------------------------------------------------------------------------------------+
; Total    ; Incr     ; RF ; Type ; Fanout ; Location                  ; Element                                                                              ;
+----------+----------+----+------+--------+---------------------------+--------------------------------------------------------------------------------------+
; 6.732    ; 6.732    ;    ;      ;        ;                           ; latch edge time                                                                      ;
; 15.510   ; 8.778    ;    ;      ;        ;                           ; clock path                                                                           ;
;   6.732  ;   0.000  ;    ;      ;        ;                           ; source latency                                                                       ;
;   6.732  ;   0.000  ;    ;      ; 1      ; PIN_V11                   ; FPGA_CLK1_50                                                                         ;
;   6.732  ;   0.000  ; RR ; IC   ; 1      ; IOIBUF_X32_Y0_N1          ; FPGA_CLK1_50~input|i                                                                 ;
;   7.493  ;   0.761  ; RR ; CELL ; 2      ; IOIBUF_X32_Y0_N1          ; FPGA_CLK1_50~input|o                                                                 ;
;   8.654  ;   1.161  ; RR ; IC   ; 1      ; PLLREFCLKSELECT_X0_Y7_N0  ; pll_hdmi|pll_hdmi_inst|altera_pll_i|cyclonev_pll|fpll_0|REFCLK_SELECT|clkin[0]       ;
;   8.962  ;   0.308  ; RR ; CELL ; 1      ; PLLREFCLKSELECT_X0_Y7_N0  ; pll_hdmi|pll_hdmi_inst|altera_pll_i|cyclonev_pll|fpll_0|REFCLK_SELECT|clkout         ;
;   8.962  ;   0.000  ; RR ; IC   ; 10     ; FRACTIONALPLL_X0_Y1_N0    ; pll_hdmi|pll_hdmi_inst|altera_pll_i|cyclonev_pll|fpll_0|fpll|refclkin                ;
;   8.811  ;   -0.151 ; RR ; COMP ; 1      ; FRACTIONALPLL_X0_Y1_N0    ; pll_hdmi|pll_hdmi_inst|altera_pll_i|cyclonev_pll|fpll_0|fpll|vcoph[0]                ;
;   8.811  ;   0.000  ; RR ; IC   ; 1      ; PLLOUTPUTCOUNTER_X0_Y5_N1 ; pll_hdmi|pll_hdmi_inst|altera_pll_i|cyclonev_pll|counter[0].output_counter|vco0ph[0] ;
;   10.277 ;   1.466  ; RR ; CELL ; 3      ; PLLOUTPUTCOUNTER_X0_Y5_N1 ; pll_hdmi|pll_hdmi_inst|altera_pll_i|cyclonev_pll|counter[0].output_counter|divclk    ;
;   11.282 ;   1.005  ; RR ; IC   ; 1      ; CLKCTRL_G5                ; pll_hdmi|pll_hdmi_inst|altera_pll_i|cyclonev_pll|divclk[0]~CLKENA0|inclk             ;
;   11.561 ;   0.279  ; RR ; CELL ; 3656   ; CLKCTRL_G5                ; pll_hdmi|pll_hdmi_inst|altera_pll_i|cyclonev_pll|divclk[0]~CLKENA0|outclk            ;
;   13.387 ;   1.826  ; RR ; IC   ; 39     ; DSP_X54_Y26_N0            ; ascal|Mult12~8|clk[0]                                                                ;
;   14.170 ;   0.783  ; RR ; CELL ; 1      ; DSP_X54_Y26_N0            ; ascal:ascal|o_adrs_pre[6]_OTERM39                                                    ;
;   15.510 ;   1.340  ;    ;      ;        ;                           ; clock pessimism removed                                                              ;
; 15.310   ; -0.200   ;    ;      ;        ;                           ; clock uncertainty                                                                    ;
; 15.310   ; 0.000    ;    ; uTsu ; 1      ; DSP_X54_Y26_N0            ; ascal:ascal|o_adrs_pre[6]_OTERM39                                                    ;
+----------+----------+----+------+--------+---------------------------+--------------------------------------------------------------------------------------+

----------------------------
; Extra Fitter Information ;
----------------------------
HTML report is unavailable in plain text report export.


Path #9: Setup slack is 0.131 
===============================================================================
+--------------------------------------------------------------------------------------------------------+
; Path Summary                                                                                           ;
+--------------------+-----------------------------------------------------------------------------------+
; Property           ; Value                                                                             ;
+--------------------+-----------------------------------------------------------------------------------+
; From Node          ; ascal:ascal|o_vacpt[1]                                                            ;
; To Node            ; ascal:ascal|o_adrs_pre[7]_OTERM33                                                 ;
; Launch Clock       ; pll_hdmi|pll_hdmi_inst|altera_pll_i|cyclonev_pll|counter[0].output_counter|divclk ;
; Latch Clock        ; pll_hdmi|pll_hdmi_inst|altera_pll_i|cyclonev_pll|counter[0].output_counter|divclk ;
; Data Arrival Time  ; 15.179                                                                            ;
; Data Required Time ; 15.310                                                                            ;
; Slack              ; 0.131                                                                             ;
+--------------------+-----------------------------------------------------------------------------------+

+-------------------------------------------------------------------------------------+
; Statistics                                                                          ;
+------------------------+-------+-------+-------------+------------+--------+--------+
; Property               ; Value ; Count ; Total Delay ; % of Total ; Min    ; Max    ;
+------------------------+-------+-------+-------------+------------+--------+--------+
; Setup Relationship     ; 6.732 ;       ;             ;            ;        ;        ;
; Clock Skew             ; 0.175 ;       ;             ;            ;        ;        ;
; Data Delay             ; 6.576 ;       ;             ;            ;        ;        ;
; Number of Logic Levels ;       ; 1     ;             ;            ;        ;        ;
; Physical Delays        ;       ;       ;             ;            ;        ;        ;
;  Arrival Path          ;       ;       ;             ;            ;        ;        ;
;   Clock                ;       ;       ;             ;            ;        ;        ;
;    IC                  ;       ; 6     ; 4.703       ; 55         ; 0.000  ; 2.236  ;
;    Cell                ;       ; 6     ; 3.900       ; 45         ; 0.185  ; 1.745  ;
;   Data                 ;       ;       ;             ;            ;        ;        ;
;    IC                  ;       ; 13    ; 1.554       ; 24         ; 0.000  ; 0.818  ;
;    Cell                ;       ; 14    ; 5.022       ; 76         ; 0.000  ; 3.549  ;
;    uTco                ;       ; 1     ; 0.000       ; 0          ; 0.000  ; 0.000  ;
;  Required Path         ;       ;       ;             ;            ;        ;        ;
;   Clock                ;       ;       ;             ;            ;        ;        ;
;    IC                  ;       ; 6     ; 3.992       ; 53         ; 0.000  ; 1.826  ;
;    Cell                ;       ; 5     ; 3.597       ; 47         ; 0.279  ; 1.466  ;
;    PLL Compensation    ;       ; 1     ; -0.151      ; 0          ; -0.151 ; -0.151 ;
+------------------------+-------+-------+-------------+------------+--------+--------+
Note: Negative delays are omitted from totals when calculating percentages

+------------------------------------------------------------------------------------------------------------------------------------------------------------+
; Data Arrival Path                                                                                                                                          ;
+----------+---------+----+------+--------+---------------------------+--------------------------------------------------------------------------------------+
; Total    ; Incr    ; RF ; Type ; Fanout ; Location                  ; Element                                                                              ;
+----------+---------+----+------+--------+---------------------------+--------------------------------------------------------------------------------------+
; 0.000    ; 0.000   ;    ;      ;        ;                           ; launch edge time                                                                     ;
; 8.603    ; 8.603   ;    ;      ;        ;                           ; clock path                                                                           ;
;   0.000  ;   0.000 ;    ;      ;        ;                           ; source latency                                                                       ;
;   0.000  ;   0.000 ;    ;      ; 1      ; PIN_V11                   ; FPGA_CLK1_50                                                                         ;
;   0.000  ;   0.000 ; RR ; IC   ; 1      ; IOIBUF_X32_Y0_N1          ; FPGA_CLK1_50~input|i                                                                 ;
;   0.761  ;   0.761 ; RR ; CELL ; 2      ; IOIBUF_X32_Y0_N1          ; FPGA_CLK1_50~input|o                                                                 ;
;   2.086  ;   1.325 ; RR ; IC   ; 1      ; PLLREFCLKSELECT_X0_Y7_N0  ; pll_hdmi|pll_hdmi_inst|altera_pll_i|cyclonev_pll|fpll_0|REFCLK_SELECT|clkin[0]       ;
;   2.419  ;   0.333 ; RR ; CELL ; 1      ; PLLREFCLKSELECT_X0_Y7_N0  ; pll_hdmi|pll_hdmi_inst|altera_pll_i|cyclonev_pll|fpll_0|REFCLK_SELECT|clkout         ;
;   2.419  ;   0.000 ; RR ; IC   ; 10     ; FRACTIONALPLL_X0_Y1_N0    ; pll_hdmi|pll_hdmi_inst|altera_pll_i|cyclonev_pll|fpll_0|fpll|refclkin                ;
;   2.604  ;   0.185 ; RR ; CELL ; 1      ; FRACTIONALPLL_X0_Y1_N0    ; pll_hdmi|pll_hdmi_inst|altera_pll_i|cyclonev_pll|fpll_0|fpll|vcoph[0]                ;
;   2.604  ;   0.000 ; RR ; IC   ; 1      ; PLLOUTPUTCOUNTER_X0_Y5_N1 ; pll_hdmi|pll_hdmi_inst|altera_pll_i|cyclonev_pll|counter[0].output_counter|vco0ph[0] ;
;   4.349  ;   1.745 ; RR ; CELL ; 3      ; PLLOUTPUTCOUNTER_X0_Y5_N1 ; pll_hdmi|pll_hdmi_inst|altera_pll_i|cyclonev_pll|counter[0].output_counter|divclk    ;
;   5.491  ;   1.142 ; RR ; IC   ; 1      ; CLKCTRL_G5                ; pll_hdmi|pll_hdmi_inst|altera_pll_i|cyclonev_pll|divclk[0]~CLKENA0|inclk             ;
;   5.795  ;   0.304 ; RR ; CELL ; 3656   ; CLKCTRL_G5                ; pll_hdmi|pll_hdmi_inst|altera_pll_i|cyclonev_pll|divclk[0]~CLKENA0|outclk            ;
;   8.031  ;   2.236 ; RR ; IC   ; 1      ; FF_X52_Y26_N5             ; ascal|o_vacpt[1]|clk                                                                 ;
;   8.603  ;   0.572 ; RR ; CELL ; 1      ; FF_X52_Y26_N5             ; ascal:ascal|o_vacpt[1]                                                               ;
; 15.179   ; 6.576   ;    ;      ;        ;                           ; data path                                                                            ;
;   8.603  ;   0.000 ;    ; uTco ; 1      ; FF_X52_Y26_N5             ; ascal:ascal|o_vacpt[1]                                                               ;
;   8.603  ;   0.000 ; FF ; CELL ; 5      ; FF_X52_Y26_N5             ; ascal|o_vacpt[1]|q                                                                   ;
;   9.339  ;   0.736 ; FF ; IC   ; 2      ; LABCELL_X53_Y26_N3        ; ascal|Add83~1|datac                                                                  ;
;   10.147 ;   0.808 ; FF ; CELL ; 1      ; LABCELL_X53_Y26_N3        ; ascal|Add83~1|cout                                                                   ;
;   10.147 ;   0.000 ; FF ; IC   ; 2      ; LABCELL_X53_Y26_N6        ; ascal|Add83~5|cin                                                                    ;
;   10.192 ;   0.045 ; FF ; CELL ; 1      ; LABCELL_X53_Y26_N6        ; ascal|Add83~5|cout                                                                   ;
;   10.192 ;   0.000 ; FF ; IC   ; 2      ; LABCELL_X53_Y26_N9        ; ascal|Add83~9|cin                                                                    ;
;   10.192 ;   0.000 ; FF ; CELL ; 1      ; LABCELL_X53_Y26_N9        ; ascal|Add83~9|cout                                                                   ;
;   10.192 ;   0.000 ; FF ; IC   ; 2      ; LABCELL_X53_Y26_N12       ; ascal|Add83~13|cin                                                                   ;
;   10.237 ;   0.045 ; FF ; CELL ; 1      ; LABCELL_X53_Y26_N12       ; ascal|Add83~13|cout                                                                  ;
;   10.237 ;   0.000 ; FF ; IC   ; 2      ; LABCELL_X53_Y26_N15       ; ascal|Add83~17|cin                                                                   ;
;   10.237 ;   0.000 ; FF ; CELL ; 1      ; LABCELL_X53_Y26_N15       ; ascal|Add83~17|cout                                                                  ;
;   10.237 ;   0.000 ; FF ; IC   ; 2      ; LABCELL_X53_Y26_N18       ; ascal|Add83~21|cin                                                                   ;
;   10.282 ;   0.045 ; FF ; CELL ; 1      ; LABCELL_X53_Y26_N18       ; ascal|Add83~21|cout                                                                  ;
;   10.282 ;   0.000 ; FF ; IC   ; 2      ; LABCELL_X53_Y26_N21       ; ascal|Add83~25|cin                                                                   ;
;   10.282 ;   0.000 ; FF ; CELL ; 1      ; LABCELL_X53_Y26_N21       ; ascal|Add83~25|cout                                                                  ;
;   10.282 ;   0.000 ; FF ; IC   ; 2      ; LABCELL_X53_Y26_N24       ; ascal|Add83~29|cin                                                                   ;
;   10.339 ;   0.057 ; FF ; CELL ; 1      ; LABCELL_X53_Y26_N24       ; ascal|Add83~29|cout                                                                  ;
;   10.339 ;   0.000 ; FF ; IC   ; 2      ; LABCELL_X53_Y26_N27       ; ascal|Add83~33|cin                                                                   ;
;   10.339 ;   0.000 ; FF ; CELL ; 1      ; LABCELL_X53_Y26_N27       ; ascal|Add83~33|cout                                                                  ;
;   10.339 ;   0.000 ; FF ; IC   ; 2      ; LABCELL_X53_Y26_N30       ; ascal|Add83~37|cin                                                                   ;
;   10.457 ;   0.118 ; FF ; CELL ; 1      ; LABCELL_X53_Y26_N30       ; ascal|Add83~37|cout                                                                  ;
;   10.457 ;   0.000 ; FF ; IC   ; 2      ; LABCELL_X53_Y26_N33       ; ascal|Add83~41|cin                                                                   ;
;   10.457 ;   0.000 ; FF ; CELL ; 1      ; LABCELL_X53_Y26_N33       ; ascal|Add83~41|cout                                                                  ;
;   10.457 ;   0.000 ; FF ; IC   ; 1      ; LABCELL_X53_Y26_N36       ; ascal|Add83~45|cin                                                                   ;
;   10.812 ;   0.355 ; FF ; CELL ; 7      ; LABCELL_X53_Y26_N36       ; ascal|Add83~45|sumout                                                                ;
;   11.630 ;   0.818 ; FF ; IC   ; 24     ; DSP_X54_Y26_N0            ; ascal|Mult12~8|ay[18]                                                                ;
;   15.179 ;   3.549 ; FR ; CELL ; 1      ; DSP_X54_Y26_N0            ; ascal:ascal|o_adrs_pre[7]_OTERM33                                                    ;
+----------+---------+----+------+--------+---------------------------+--------------------------------------------------------------------------------------+

+-------------------------------------------------------------------------------------------------------------------------------------------------------------+
; Data Required Path                                                                                                                                          ;
+----------+----------+----+------+--------+---------------------------+--------------------------------------------------------------------------------------+
; Total    ; Incr     ; RF ; Type ; Fanout ; Location                  ; Element                                                                              ;
+----------+----------+----+------+--------+---------------------------+--------------------------------------------------------------------------------------+
; 6.732    ; 6.732    ;    ;      ;        ;                           ; latch edge time                                                                      ;
; 15.510   ; 8.778    ;    ;      ;        ;                           ; clock path                                                                           ;
;   6.732  ;   0.000  ;    ;      ;        ;                           ; source latency                                                                       ;
;   6.732  ;   0.000  ;    ;      ; 1      ; PIN_V11                   ; FPGA_CLK1_50                                                                         ;
;   6.732  ;   0.000  ; RR ; IC   ; 1      ; IOIBUF_X32_Y0_N1          ; FPGA_CLK1_50~input|i                                                                 ;
;   7.493  ;   0.761  ; RR ; CELL ; 2      ; IOIBUF_X32_Y0_N1          ; FPGA_CLK1_50~input|o                                                                 ;
;   8.654  ;   1.161  ; RR ; IC   ; 1      ; PLLREFCLKSELECT_X0_Y7_N0  ; pll_hdmi|pll_hdmi_inst|altera_pll_i|cyclonev_pll|fpll_0|REFCLK_SELECT|clkin[0]       ;
;   8.962  ;   0.308  ; RR ; CELL ; 1      ; PLLREFCLKSELECT_X0_Y7_N0  ; pll_hdmi|pll_hdmi_inst|altera_pll_i|cyclonev_pll|fpll_0|REFCLK_SELECT|clkout         ;
;   8.962  ;   0.000  ; RR ; IC   ; 10     ; FRACTIONALPLL_X0_Y1_N0    ; pll_hdmi|pll_hdmi_inst|altera_pll_i|cyclonev_pll|fpll_0|fpll|refclkin                ;
;   8.811  ;   -0.151 ; RR ; COMP ; 1      ; FRACTIONALPLL_X0_Y1_N0    ; pll_hdmi|pll_hdmi_inst|altera_pll_i|cyclonev_pll|fpll_0|fpll|vcoph[0]                ;
;   8.811  ;   0.000  ; RR ; IC   ; 1      ; PLLOUTPUTCOUNTER_X0_Y5_N1 ; pll_hdmi|pll_hdmi_inst|altera_pll_i|cyclonev_pll|counter[0].output_counter|vco0ph[0] ;
;   10.277 ;   1.466  ; RR ; CELL ; 3      ; PLLOUTPUTCOUNTER_X0_Y5_N1 ; pll_hdmi|pll_hdmi_inst|altera_pll_i|cyclonev_pll|counter[0].output_counter|divclk    ;
;   11.282 ;   1.005  ; RR ; IC   ; 1      ; CLKCTRL_G5                ; pll_hdmi|pll_hdmi_inst|altera_pll_i|cyclonev_pll|divclk[0]~CLKENA0|inclk             ;
;   11.561 ;   0.279  ; RR ; CELL ; 3656   ; CLKCTRL_G5                ; pll_hdmi|pll_hdmi_inst|altera_pll_i|cyclonev_pll|divclk[0]~CLKENA0|outclk            ;
;   13.387 ;   1.826  ; RR ; IC   ; 39     ; DSP_X54_Y26_N0            ; ascal|Mult12~8|clk[0]                                                                ;
;   14.170 ;   0.783  ; RR ; CELL ; 1      ; DSP_X54_Y26_N0            ; ascal:ascal|o_adrs_pre[7]_OTERM33                                                    ;
;   15.510 ;   1.340  ;    ;      ;        ;                           ; clock pessimism removed                                                              ;
; 15.310   ; -0.200   ;    ;      ;        ;                           ; clock uncertainty                                                                    ;
; 15.310   ; 0.000    ;    ; uTsu ; 1      ; DSP_X54_Y26_N0            ; ascal:ascal|o_adrs_pre[7]_OTERM33                                                    ;
+----------+----------+----+------+--------+---------------------------+--------------------------------------------------------------------------------------+

----------------------------
; Extra Fitter Information ;
----------------------------
HTML report is unavailable in plain text report export.


Path #10: Setup slack is 0.131 
===============================================================================
+--------------------------------------------------------------------------------------------------------+
; Path Summary                                                                                           ;
+--------------------+-----------------------------------------------------------------------------------+
; Property           ; Value                                                                             ;
+--------------------+-----------------------------------------------------------------------------------+
; From Node          ; ascal:ascal|o_vacpt[1]                                                            ;
; To Node            ; ascal:ascal|o_adrs_pre[8]_OTERM211                                                ;
; Launch Clock       ; pll_hdmi|pll_hdmi_inst|altera_pll_i|cyclonev_pll|counter[0].output_counter|divclk ;
; Latch Clock        ; pll_hdmi|pll_hdmi_inst|altera_pll_i|cyclonev_pll|counter[0].output_counter|divclk ;
; Data Arrival Time  ; 15.179                                                                            ;
; Data Required Time ; 15.310                                                                            ;
; Slack              ; 0.131                                                                             ;
+--------------------+-----------------------------------------------------------------------------------+

+-------------------------------------------------------------------------------------+
; Statistics                                                                          ;
+------------------------+-------+-------+-------------+------------+--------+--------+
; Property               ; Value ; Count ; Total Delay ; % of Total ; Min    ; Max    ;
+------------------------+-------+-------+-------------+------------+--------+--------+
; Setup Relationship     ; 6.732 ;       ;             ;            ;        ;        ;
; Clock Skew             ; 0.175 ;       ;             ;            ;        ;        ;
; Data Delay             ; 6.576 ;       ;             ;            ;        ;        ;
; Number of Logic Levels ;       ; 1     ;             ;            ;        ;        ;
; Physical Delays        ;       ;       ;             ;            ;        ;        ;
;  Arrival Path          ;       ;       ;             ;            ;        ;        ;
;   Clock                ;       ;       ;             ;            ;        ;        ;
;    IC                  ;       ; 6     ; 4.703       ; 55         ; 0.000  ; 2.236  ;
;    Cell                ;       ; 6     ; 3.900       ; 45         ; 0.185  ; 1.745  ;
;   Data                 ;       ;       ;             ;            ;        ;        ;
;    IC                  ;       ; 13    ; 1.554       ; 24         ; 0.000  ; 0.818  ;
;    Cell                ;       ; 14    ; 5.022       ; 76         ; 0.000  ; 3.549  ;
;    uTco                ;       ; 1     ; 0.000       ; 0          ; 0.000  ; 0.000  ;
;  Required Path         ;       ;       ;             ;            ;        ;        ;
;   Clock                ;       ;       ;             ;            ;        ;        ;
;    IC                  ;       ; 6     ; 3.992       ; 53         ; 0.000  ; 1.826  ;
;    Cell                ;       ; 5     ; 3.597       ; 47         ; 0.279  ; 1.466  ;
;    PLL Compensation    ;       ; 1     ; -0.151      ; 0          ; -0.151 ; -0.151 ;
+------------------------+-------+-------+-------------+------------+--------+--------+
Note: Negative delays are omitted from totals when calculating percentages

+------------------------------------------------------------------------------------------------------------------------------------------------------------+
; Data Arrival Path                                                                                                                                          ;
+----------+---------+----+------+--------+---------------------------+--------------------------------------------------------------------------------------+
; Total    ; Incr    ; RF ; Type ; Fanout ; Location                  ; Element                                                                              ;
+----------+---------+----+------+--------+---------------------------+--------------------------------------------------------------------------------------+
; 0.000    ; 0.000   ;    ;      ;        ;                           ; launch edge time                                                                     ;
; 8.603    ; 8.603   ;    ;      ;        ;                           ; clock path                                                                           ;
;   0.000  ;   0.000 ;    ;      ;        ;                           ; source latency                                                                       ;
;   0.000  ;   0.000 ;    ;      ; 1      ; PIN_V11                   ; FPGA_CLK1_50                                                                         ;
;   0.000  ;   0.000 ; RR ; IC   ; 1      ; IOIBUF_X32_Y0_N1          ; FPGA_CLK1_50~input|i                                                                 ;
;   0.761  ;   0.761 ; RR ; CELL ; 2      ; IOIBUF_X32_Y0_N1          ; FPGA_CLK1_50~input|o                                                                 ;
;   2.086  ;   1.325 ; RR ; IC   ; 1      ; PLLREFCLKSELECT_X0_Y7_N0  ; pll_hdmi|pll_hdmi_inst|altera_pll_i|cyclonev_pll|fpll_0|REFCLK_SELECT|clkin[0]       ;
;   2.419  ;   0.333 ; RR ; CELL ; 1      ; PLLREFCLKSELECT_X0_Y7_N0  ; pll_hdmi|pll_hdmi_inst|altera_pll_i|cyclonev_pll|fpll_0|REFCLK_SELECT|clkout         ;
;   2.419  ;   0.000 ; RR ; IC   ; 10     ; FRACTIONALPLL_X0_Y1_N0    ; pll_hdmi|pll_hdmi_inst|altera_pll_i|cyclonev_pll|fpll_0|fpll|refclkin                ;
;   2.604  ;   0.185 ; RR ; CELL ; 1      ; FRACTIONALPLL_X0_Y1_N0    ; pll_hdmi|pll_hdmi_inst|altera_pll_i|cyclonev_pll|fpll_0|fpll|vcoph[0]                ;
;   2.604  ;   0.000 ; RR ; IC   ; 1      ; PLLOUTPUTCOUNTER_X0_Y5_N1 ; pll_hdmi|pll_hdmi_inst|altera_pll_i|cyclonev_pll|counter[0].output_counter|vco0ph[0] ;
;   4.349  ;   1.745 ; RR ; CELL ; 3      ; PLLOUTPUTCOUNTER_X0_Y5_N1 ; pll_hdmi|pll_hdmi_inst|altera_pll_i|cyclonev_pll|counter[0].output_counter|divclk    ;
;   5.491  ;   1.142 ; RR ; IC   ; 1      ; CLKCTRL_G5                ; pll_hdmi|pll_hdmi_inst|altera_pll_i|cyclonev_pll|divclk[0]~CLKENA0|inclk             ;
;   5.795  ;   0.304 ; RR ; CELL ; 3656   ; CLKCTRL_G5                ; pll_hdmi|pll_hdmi_inst|altera_pll_i|cyclonev_pll|divclk[0]~CLKENA0|outclk            ;
;   8.031  ;   2.236 ; RR ; IC   ; 1      ; FF_X52_Y26_N5             ; ascal|o_vacpt[1]|clk                                                                 ;
;   8.603  ;   0.572 ; RR ; CELL ; 1      ; FF_X52_Y26_N5             ; ascal:ascal|o_vacpt[1]                                                               ;
; 15.179   ; 6.576   ;    ;      ;        ;                           ; data path                                                                            ;
;   8.603  ;   0.000 ;    ; uTco ; 1      ; FF_X52_Y26_N5             ; ascal:ascal|o_vacpt[1]                                                               ;
;   8.603  ;   0.000 ; FF ; CELL ; 5      ; FF_X52_Y26_N5             ; ascal|o_vacpt[1]|q                                                                   ;
;   9.339  ;   0.736 ; FF ; IC   ; 2      ; LABCELL_X53_Y26_N3        ; ascal|Add83~1|datac                                                                  ;
;   10.147 ;   0.808 ; FF ; CELL ; 1      ; LABCELL_X53_Y26_N3        ; ascal|Add83~1|cout                                                                   ;
;   10.147 ;   0.000 ; FF ; IC   ; 2      ; LABCELL_X53_Y26_N6        ; ascal|Add83~5|cin                                                                    ;
;   10.192 ;   0.045 ; FF ; CELL ; 1      ; LABCELL_X53_Y26_N6        ; ascal|Add83~5|cout                                                                   ;
;   10.192 ;   0.000 ; FF ; IC   ; 2      ; LABCELL_X53_Y26_N9        ; ascal|Add83~9|cin                                                                    ;
;   10.192 ;   0.000 ; FF ; CELL ; 1      ; LABCELL_X53_Y26_N9        ; ascal|Add83~9|cout                                                                   ;
;   10.192 ;   0.000 ; FF ; IC   ; 2      ; LABCELL_X53_Y26_N12       ; ascal|Add83~13|cin                                                                   ;
;   10.237 ;   0.045 ; FF ; CELL ; 1      ; LABCELL_X53_Y26_N12       ; ascal|Add83~13|cout                                                                  ;
;   10.237 ;   0.000 ; FF ; IC   ; 2      ; LABCELL_X53_Y26_N15       ; ascal|Add83~17|cin                                                                   ;
;   10.237 ;   0.000 ; FF ; CELL ; 1      ; LABCELL_X53_Y26_N15       ; ascal|Add83~17|cout                                                                  ;
;   10.237 ;   0.000 ; FF ; IC   ; 2      ; LABCELL_X53_Y26_N18       ; ascal|Add83~21|cin                                                                   ;
;   10.282 ;   0.045 ; FF ; CELL ; 1      ; LABCELL_X53_Y26_N18       ; ascal|Add83~21|cout                                                                  ;
;   10.282 ;   0.000 ; FF ; IC   ; 2      ; LABCELL_X53_Y26_N21       ; ascal|Add83~25|cin                                                                   ;
;   10.282 ;   0.000 ; FF ; CELL ; 1      ; LABCELL_X53_Y26_N21       ; ascal|Add83~25|cout                                                                  ;
;   10.282 ;   0.000 ; FF ; IC   ; 2      ; LABCELL_X53_Y26_N24       ; ascal|Add83~29|cin                                                                   ;
;   10.339 ;   0.057 ; FF ; CELL ; 1      ; LABCELL_X53_Y26_N24       ; ascal|Add83~29|cout                                                                  ;
;   10.339 ;   0.000 ; FF ; IC   ; 2      ; LABCELL_X53_Y26_N27       ; ascal|Add83~33|cin                                                                   ;
;   10.339 ;   0.000 ; FF ; CELL ; 1      ; LABCELL_X53_Y26_N27       ; ascal|Add83~33|cout                                                                  ;
;   10.339 ;   0.000 ; FF ; IC   ; 2      ; LABCELL_X53_Y26_N30       ; ascal|Add83~37|cin                                                                   ;
;   10.457 ;   0.118 ; FF ; CELL ; 1      ; LABCELL_X53_Y26_N30       ; ascal|Add83~37|cout                                                                  ;
;   10.457 ;   0.000 ; FF ; IC   ; 2      ; LABCELL_X53_Y26_N33       ; ascal|Add83~41|cin                                                                   ;
;   10.457 ;   0.000 ; FF ; CELL ; 1      ; LABCELL_X53_Y26_N33       ; ascal|Add83~41|cout                                                                  ;
;   10.457 ;   0.000 ; FF ; IC   ; 1      ; LABCELL_X53_Y26_N36       ; ascal|Add83~45|cin                                                                   ;
;   10.812 ;   0.355 ; FF ; CELL ; 7      ; LABCELL_X53_Y26_N36       ; ascal|Add83~45|sumout                                                                ;
;   11.630 ;   0.818 ; FF ; IC   ; 24     ; DSP_X54_Y26_N0            ; ascal|Mult12~8|ay[18]                                                                ;
;   15.179 ;   3.549 ; FR ; CELL ; 1      ; DSP_X54_Y26_N0            ; ascal:ascal|o_adrs_pre[8]_OTERM211                                                   ;
+----------+---------+----+------+--------+---------------------------+--------------------------------------------------------------------------------------+

+-------------------------------------------------------------------------------------------------------------------------------------------------------------+
; Data Required Path                                                                                                                                          ;
+----------+----------+----+------+--------+---------------------------+--------------------------------------------------------------------------------------+
; Total    ; Incr     ; RF ; Type ; Fanout ; Location                  ; Element                                                                              ;
+----------+----------+----+------+--------+---------------------------+--------------------------------------------------------------------------------------+
; 6.732    ; 6.732    ;    ;      ;        ;                           ; latch edge time                                                                      ;
; 15.510   ; 8.778    ;    ;      ;        ;                           ; clock path                                                                           ;
;   6.732  ;   0.000  ;    ;      ;        ;                           ; source latency                                                                       ;
;   6.732  ;   0.000  ;    ;      ; 1      ; PIN_V11                   ; FPGA_CLK1_50                                                                         ;
;   6.732  ;   0.000  ; RR ; IC   ; 1      ; IOIBUF_X32_Y0_N1          ; FPGA_CLK1_50~input|i                                                                 ;
;   7.493  ;   0.761  ; RR ; CELL ; 2      ; IOIBUF_X32_Y0_N1          ; FPGA_CLK1_50~input|o                                                                 ;
;   8.654  ;   1.161  ; RR ; IC   ; 1      ; PLLREFCLKSELECT_X0_Y7_N0  ; pll_hdmi|pll_hdmi_inst|altera_pll_i|cyclonev_pll|fpll_0|REFCLK_SELECT|clkin[0]       ;
;   8.962  ;   0.308  ; RR ; CELL ; 1      ; PLLREFCLKSELECT_X0_Y7_N0  ; pll_hdmi|pll_hdmi_inst|altera_pll_i|cyclonev_pll|fpll_0|REFCLK_SELECT|clkout         ;
;   8.962  ;   0.000  ; RR ; IC   ; 10     ; FRACTIONALPLL_X0_Y1_N0    ; pll_hdmi|pll_hdmi_inst|altera_pll_i|cyclonev_pll|fpll_0|fpll|refclkin                ;
;   8.811  ;   -0.151 ; RR ; COMP ; 1      ; FRACTIONALPLL_X0_Y1_N0    ; pll_hdmi|pll_hdmi_inst|altera_pll_i|cyclonev_pll|fpll_0|fpll|vcoph[0]                ;
;   8.811  ;   0.000  ; RR ; IC   ; 1      ; PLLOUTPUTCOUNTER_X0_Y5_N1 ; pll_hdmi|pll_hdmi_inst|altera_pll_i|cyclonev_pll|counter[0].output_counter|vco0ph[0] ;
;   10.277 ;   1.466  ; RR ; CELL ; 3      ; PLLOUTPUTCOUNTER_X0_Y5_N1 ; pll_hdmi|pll_hdmi_inst|altera_pll_i|cyclonev_pll|counter[0].output_counter|divclk    ;
;   11.282 ;   1.005  ; RR ; IC   ; 1      ; CLKCTRL_G5                ; pll_hdmi|pll_hdmi_inst|altera_pll_i|cyclonev_pll|divclk[0]~CLKENA0|inclk             ;
;   11.561 ;   0.279  ; RR ; CELL ; 3656   ; CLKCTRL_G5                ; pll_hdmi|pll_hdmi_inst|altera_pll_i|cyclonev_pll|divclk[0]~CLKENA0|outclk            ;
;   13.387 ;   1.826  ; RR ; IC   ; 39     ; DSP_X54_Y26_N0            ; ascal|Mult12~8|clk[0]                                                                ;
;   14.170 ;   0.783  ; RR ; CELL ; 1      ; DSP_X54_Y26_N0            ; ascal:ascal|o_adrs_pre[8]_OTERM211                                                   ;
;   15.510 ;   1.340  ;    ;      ;        ;                           ; clock pessimism removed                                                              ;
; 15.310   ; -0.200   ;    ;      ;        ;                           ; clock uncertainty                                                                    ;
; 15.310   ; 0.000    ;    ; uTsu ; 1      ; DSP_X54_Y26_N0            ; ascal:ascal|o_adrs_pre[8]_OTERM211                                                   ;
+----------+----------+----+------+--------+---------------------------+--------------------------------------------------------------------------------------+

----------------------------
; Extra Fitter Information ;
----------------------------
HTML report is unavailable in plain text report export.


Path #11: Setup slack is 0.131 
===============================================================================
+--------------------------------------------------------------------------------------------------------+
; Path Summary                                                                                           ;
+--------------------+-----------------------------------------------------------------------------------+
; Property           ; Value                                                                             ;
+--------------------+-----------------------------------------------------------------------------------+
; From Node          ; ascal:ascal|o_vacpt[1]                                                            ;
; To Node            ; ascal:ascal|o_adrs_pre[9]_OTERM205                                                ;
; Launch Clock       ; pll_hdmi|pll_hdmi_inst|altera_pll_i|cyclonev_pll|counter[0].output_counter|divclk ;
; Latch Clock        ; pll_hdmi|pll_hdmi_inst|altera_pll_i|cyclonev_pll|counter[0].output_counter|divclk ;
; Data Arrival Time  ; 15.179                                                                            ;
; Data Required Time ; 15.310                                                                            ;
; Slack              ; 0.131                                                                             ;
+--------------------+-----------------------------------------------------------------------------------+

+-------------------------------------------------------------------------------------+
; Statistics                                                                          ;
+------------------------+-------+-------+-------------+------------+--------+--------+
; Property               ; Value ; Count ; Total Delay ; % of Total ; Min    ; Max    ;
+------------------------+-------+-------+-------------+------------+--------+--------+
; Setup Relationship     ; 6.732 ;       ;             ;            ;        ;        ;
; Clock Skew             ; 0.175 ;       ;             ;            ;        ;        ;
; Data Delay             ; 6.576 ;       ;             ;            ;        ;        ;
; Number of Logic Levels ;       ; 1     ;             ;            ;        ;        ;
; Physical Delays        ;       ;       ;             ;            ;        ;        ;
;  Arrival Path          ;       ;       ;             ;            ;        ;        ;
;   Clock                ;       ;       ;             ;            ;        ;        ;
;    IC                  ;       ; 6     ; 4.703       ; 55         ; 0.000  ; 2.236  ;
;    Cell                ;       ; 6     ; 3.900       ; 45         ; 0.185  ; 1.745  ;
;   Data                 ;       ;       ;             ;            ;        ;        ;
;    IC                  ;       ; 13    ; 1.554       ; 24         ; 0.000  ; 0.818  ;
;    Cell                ;       ; 14    ; 5.022       ; 76         ; 0.000  ; 3.549  ;
;    uTco                ;       ; 1     ; 0.000       ; 0          ; 0.000  ; 0.000  ;
;  Required Path         ;       ;       ;             ;            ;        ;        ;
;   Clock                ;       ;       ;             ;            ;        ;        ;
;    IC                  ;       ; 6     ; 3.992       ; 53         ; 0.000  ; 1.826  ;
;    Cell                ;       ; 5     ; 3.597       ; 47         ; 0.279  ; 1.466  ;
;    PLL Compensation    ;       ; 1     ; -0.151      ; 0          ; -0.151 ; -0.151 ;
+------------------------+-------+-------+-------------+------------+--------+--------+
Note: Negative delays are omitted from totals when calculating percentages

+------------------------------------------------------------------------------------------------------------------------------------------------------------+
; Data Arrival Path                                                                                                                                          ;
+----------+---------+----+------+--------+---------------------------+--------------------------------------------------------------------------------------+
; Total    ; Incr    ; RF ; Type ; Fanout ; Location                  ; Element                                                                              ;
+----------+---------+----+------+--------+---------------------------+--------------------------------------------------------------------------------------+
; 0.000    ; 0.000   ;    ;      ;        ;                           ; launch edge time                                                                     ;
; 8.603    ; 8.603   ;    ;      ;        ;                           ; clock path                                                                           ;
;   0.000  ;   0.000 ;    ;      ;        ;                           ; source latency                                                                       ;
;   0.000  ;   0.000 ;    ;      ; 1      ; PIN_V11                   ; FPGA_CLK1_50                                                                         ;
;   0.000  ;   0.000 ; RR ; IC   ; 1      ; IOIBUF_X32_Y0_N1          ; FPGA_CLK1_50~input|i                                                                 ;
;   0.761  ;   0.761 ; RR ; CELL ; 2      ; IOIBUF_X32_Y0_N1          ; FPGA_CLK1_50~input|o                                                                 ;
;   2.086  ;   1.325 ; RR ; IC   ; 1      ; PLLREFCLKSELECT_X0_Y7_N0  ; pll_hdmi|pll_hdmi_inst|altera_pll_i|cyclonev_pll|fpll_0|REFCLK_SELECT|clkin[0]       ;
;   2.419  ;   0.333 ; RR ; CELL ; 1      ; PLLREFCLKSELECT_X0_Y7_N0  ; pll_hdmi|pll_hdmi_inst|altera_pll_i|cyclonev_pll|fpll_0|REFCLK_SELECT|clkout         ;
;   2.419  ;   0.000 ; RR ; IC   ; 10     ; FRACTIONALPLL_X0_Y1_N0    ; pll_hdmi|pll_hdmi_inst|altera_pll_i|cyclonev_pll|fpll_0|fpll|refclkin                ;
;   2.604  ;   0.185 ; RR ; CELL ; 1      ; FRACTIONALPLL_X0_Y1_N0    ; pll_hdmi|pll_hdmi_inst|altera_pll_i|cyclonev_pll|fpll_0|fpll|vcoph[0]                ;
;   2.604  ;   0.000 ; RR ; IC   ; 1      ; PLLOUTPUTCOUNTER_X0_Y5_N1 ; pll_hdmi|pll_hdmi_inst|altera_pll_i|cyclonev_pll|counter[0].output_counter|vco0ph[0] ;
;   4.349  ;   1.745 ; RR ; CELL ; 3      ; PLLOUTPUTCOUNTER_X0_Y5_N1 ; pll_hdmi|pll_hdmi_inst|altera_pll_i|cyclonev_pll|counter[0].output_counter|divclk    ;
;   5.491  ;   1.142 ; RR ; IC   ; 1      ; CLKCTRL_G5                ; pll_hdmi|pll_hdmi_inst|altera_pll_i|cyclonev_pll|divclk[0]~CLKENA0|inclk             ;
;   5.795  ;   0.304 ; RR ; CELL ; 3656   ; CLKCTRL_G5                ; pll_hdmi|pll_hdmi_inst|altera_pll_i|cyclonev_pll|divclk[0]~CLKENA0|outclk            ;
;   8.031  ;   2.236 ; RR ; IC   ; 1      ; FF_X52_Y26_N5             ; ascal|o_vacpt[1]|clk                                                                 ;
;   8.603  ;   0.572 ; RR ; CELL ; 1      ; FF_X52_Y26_N5             ; ascal:ascal|o_vacpt[1]                                                               ;
; 15.179   ; 6.576   ;    ;      ;        ;                           ; data path                                                                            ;
;   8.603  ;   0.000 ;    ; uTco ; 1      ; FF_X52_Y26_N5             ; ascal:ascal|o_vacpt[1]                                                               ;
;   8.603  ;   0.000 ; FF ; CELL ; 5      ; FF_X52_Y26_N5             ; ascal|o_vacpt[1]|q                                                                   ;
;   9.339  ;   0.736 ; FF ; IC   ; 2      ; LABCELL_X53_Y26_N3        ; ascal|Add83~1|datac                                                                  ;
;   10.147 ;   0.808 ; FF ; CELL ; 1      ; LABCELL_X53_Y26_N3        ; ascal|Add83~1|cout                                                                   ;
;   10.147 ;   0.000 ; FF ; IC   ; 2      ; LABCELL_X53_Y26_N6        ; ascal|Add83~5|cin                                                                    ;
;   10.192 ;   0.045 ; FF ; CELL ; 1      ; LABCELL_X53_Y26_N6        ; ascal|Add83~5|cout                                                                   ;
;   10.192 ;   0.000 ; FF ; IC   ; 2      ; LABCELL_X53_Y26_N9        ; ascal|Add83~9|cin                                                                    ;
;   10.192 ;   0.000 ; FF ; CELL ; 1      ; LABCELL_X53_Y26_N9        ; ascal|Add83~9|cout                                                                   ;
;   10.192 ;   0.000 ; FF ; IC   ; 2      ; LABCELL_X53_Y26_N12       ; ascal|Add83~13|cin                                                                   ;
;   10.237 ;   0.045 ; FF ; CELL ; 1      ; LABCELL_X53_Y26_N12       ; ascal|Add83~13|cout                                                                  ;
;   10.237 ;   0.000 ; FF ; IC   ; 2      ; LABCELL_X53_Y26_N15       ; ascal|Add83~17|cin                                                                   ;
;   10.237 ;   0.000 ; FF ; CELL ; 1      ; LABCELL_X53_Y26_N15       ; ascal|Add83~17|cout                                                                  ;
;   10.237 ;   0.000 ; FF ; IC   ; 2      ; LABCELL_X53_Y26_N18       ; ascal|Add83~21|cin                                                                   ;
;   10.282 ;   0.045 ; FF ; CELL ; 1      ; LABCELL_X53_Y26_N18       ; ascal|Add83~21|cout                                                                  ;
;   10.282 ;   0.000 ; FF ; IC   ; 2      ; LABCELL_X53_Y26_N21       ; ascal|Add83~25|cin                                                                   ;
;   10.282 ;   0.000 ; FF ; CELL ; 1      ; LABCELL_X53_Y26_N21       ; ascal|Add83~25|cout                                                                  ;
;   10.282 ;   0.000 ; FF ; IC   ; 2      ; LABCELL_X53_Y26_N24       ; ascal|Add83~29|cin                                                                   ;
;   10.339 ;   0.057 ; FF ; CELL ; 1      ; LABCELL_X53_Y26_N24       ; ascal|Add83~29|cout                                                                  ;
;   10.339 ;   0.000 ; FF ; IC   ; 2      ; LABCELL_X53_Y26_N27       ; ascal|Add83~33|cin                                                                   ;
;   10.339 ;   0.000 ; FF ; CELL ; 1      ; LABCELL_X53_Y26_N27       ; ascal|Add83~33|cout                                                                  ;
;   10.339 ;   0.000 ; FF ; IC   ; 2      ; LABCELL_X53_Y26_N30       ; ascal|Add83~37|cin                                                                   ;
;   10.457 ;   0.118 ; FF ; CELL ; 1      ; LABCELL_X53_Y26_N30       ; ascal|Add83~37|cout                                                                  ;
;   10.457 ;   0.000 ; FF ; IC   ; 2      ; LABCELL_X53_Y26_N33       ; ascal|Add83~41|cin                                                                   ;
;   10.457 ;   0.000 ; FF ; CELL ; 1      ; LABCELL_X53_Y26_N33       ; ascal|Add83~41|cout                                                                  ;
;   10.457 ;   0.000 ; FF ; IC   ; 1      ; LABCELL_X53_Y26_N36       ; ascal|Add83~45|cin                                                                   ;
;   10.812 ;   0.355 ; FF ; CELL ; 7      ; LABCELL_X53_Y26_N36       ; ascal|Add83~45|sumout                                                                ;
;   11.630 ;   0.818 ; FF ; IC   ; 24     ; DSP_X54_Y26_N0            ; ascal|Mult12~8|ay[18]                                                                ;
;   15.179 ;   3.549 ; FR ; CELL ; 1      ; DSP_X54_Y26_N0            ; ascal:ascal|o_adrs_pre[9]_OTERM205                                                   ;
+----------+---------+----+------+--------+---------------------------+--------------------------------------------------------------------------------------+

+-------------------------------------------------------------------------------------------------------------------------------------------------------------+
; Data Required Path                                                                                                                                          ;
+----------+----------+----+------+--------+---------------------------+--------------------------------------------------------------------------------------+
; Total    ; Incr     ; RF ; Type ; Fanout ; Location                  ; Element                                                                              ;
+----------+----------+----+------+--------+---------------------------+--------------------------------------------------------------------------------------+
; 6.732    ; 6.732    ;    ;      ;        ;                           ; latch edge time                                                                      ;
; 15.510   ; 8.778    ;    ;      ;        ;                           ; clock path                                                                           ;
;   6.732  ;   0.000  ;    ;      ;        ;                           ; source latency                                                                       ;
;   6.732  ;   0.000  ;    ;      ; 1      ; PIN_V11                   ; FPGA_CLK1_50                                                                         ;
;   6.732  ;   0.000  ; RR ; IC   ; 1      ; IOIBUF_X32_Y0_N1          ; FPGA_CLK1_50~input|i                                                                 ;
;   7.493  ;   0.761  ; RR ; CELL ; 2      ; IOIBUF_X32_Y0_N1          ; FPGA_CLK1_50~input|o                                                                 ;
;   8.654  ;   1.161  ; RR ; IC   ; 1      ; PLLREFCLKSELECT_X0_Y7_N0  ; pll_hdmi|pll_hdmi_inst|altera_pll_i|cyclonev_pll|fpll_0|REFCLK_SELECT|clkin[0]       ;
;   8.962  ;   0.308  ; RR ; CELL ; 1      ; PLLREFCLKSELECT_X0_Y7_N0  ; pll_hdmi|pll_hdmi_inst|altera_pll_i|cyclonev_pll|fpll_0|REFCLK_SELECT|clkout         ;
;   8.962  ;   0.000  ; RR ; IC   ; 10     ; FRACTIONALPLL_X0_Y1_N0    ; pll_hdmi|pll_hdmi_inst|altera_pll_i|cyclonev_pll|fpll_0|fpll|refclkin                ;
;   8.811  ;   -0.151 ; RR ; COMP ; 1      ; FRACTIONALPLL_X0_Y1_N0    ; pll_hdmi|pll_hdmi_inst|altera_pll_i|cyclonev_pll|fpll_0|fpll|vcoph[0]                ;
;   8.811  ;   0.000  ; RR ; IC   ; 1      ; PLLOUTPUTCOUNTER_X0_Y5_N1 ; pll_hdmi|pll_hdmi_inst|altera_pll_i|cyclonev_pll|counter[0].output_counter|vco0ph[0] ;
;   10.277 ;   1.466  ; RR ; CELL ; 3      ; PLLOUTPUTCOUNTER_X0_Y5_N1 ; pll_hdmi|pll_hdmi_inst|altera_pll_i|cyclonev_pll|counter[0].output_counter|divclk    ;
;   11.282 ;   1.005  ; RR ; IC   ; 1      ; CLKCTRL_G5                ; pll_hdmi|pll_hdmi_inst|altera_pll_i|cyclonev_pll|divclk[0]~CLKENA0|inclk             ;
;   11.561 ;   0.279  ; RR ; CELL ; 3656   ; CLKCTRL_G5                ; pll_hdmi|pll_hdmi_inst|altera_pll_i|cyclonev_pll|divclk[0]~CLKENA0|outclk            ;
;   13.387 ;   1.826  ; RR ; IC   ; 39     ; DSP_X54_Y26_N0            ; ascal|Mult12~8|clk[0]                                                                ;
;   14.170 ;   0.783  ; RR ; CELL ; 1      ; DSP_X54_Y26_N0            ; ascal:ascal|o_adrs_pre[9]_OTERM205                                                   ;
;   15.510 ;   1.340  ;    ;      ;        ;                           ; clock pessimism removed                                                              ;
; 15.310   ; -0.200   ;    ;      ;        ;                           ; clock uncertainty                                                                    ;
; 15.310   ; 0.000    ;    ; uTsu ; 1      ; DSP_X54_Y26_N0            ; ascal:ascal|o_adrs_pre[9]_OTERM205                                                   ;
+----------+----------+----+------+--------+---------------------------+--------------------------------------------------------------------------------------+

----------------------------
; Extra Fitter Information ;
----------------------------
HTML report is unavailable in plain text report export.


Path #12: Setup slack is 0.131 
===============================================================================
+--------------------------------------------------------------------------------------------------------+
; Path Summary                                                                                           ;
+--------------------+-----------------------------------------------------------------------------------+
; Property           ; Value                                                                             ;
+--------------------+-----------------------------------------------------------------------------------+
; From Node          ; ascal:ascal|o_vacpt[1]                                                            ;
; To Node            ; ascal:ascal|o_adrs_pre[10]_OTERM199                                               ;
; Launch Clock       ; pll_hdmi|pll_hdmi_inst|altera_pll_i|cyclonev_pll|counter[0].output_counter|divclk ;
; Latch Clock        ; pll_hdmi|pll_hdmi_inst|altera_pll_i|cyclonev_pll|counter[0].output_counter|divclk ;
; Data Arrival Time  ; 15.179                                                                            ;
; Data Required Time ; 15.310                                                                            ;
; Slack              ; 0.131                                                                             ;
+--------------------+-----------------------------------------------------------------------------------+

+-------------------------------------------------------------------------------------+
; Statistics                                                                          ;
+------------------------+-------+-------+-------------+------------+--------+--------+
; Property               ; Value ; Count ; Total Delay ; % of Total ; Min    ; Max    ;
+------------------------+-------+-------+-------------+------------+--------+--------+
; Setup Relationship     ; 6.732 ;       ;             ;            ;        ;        ;
; Clock Skew             ; 0.175 ;       ;             ;            ;        ;        ;
; Data Delay             ; 6.576 ;       ;             ;            ;        ;        ;
; Number of Logic Levels ;       ; 1     ;             ;            ;        ;        ;
; Physical Delays        ;       ;       ;             ;            ;        ;        ;
;  Arrival Path          ;       ;       ;             ;            ;        ;        ;
;   Clock                ;       ;       ;             ;            ;        ;        ;
;    IC                  ;       ; 6     ; 4.703       ; 55         ; 0.000  ; 2.236  ;
;    Cell                ;       ; 6     ; 3.900       ; 45         ; 0.185  ; 1.745  ;
;   Data                 ;       ;       ;             ;            ;        ;        ;
;    IC                  ;       ; 13    ; 1.554       ; 24         ; 0.000  ; 0.818  ;
;    Cell                ;       ; 14    ; 5.022       ; 76         ; 0.000  ; 3.549  ;
;    uTco                ;       ; 1     ; 0.000       ; 0          ; 0.000  ; 0.000  ;
;  Required Path         ;       ;       ;             ;            ;        ;        ;
;   Clock                ;       ;       ;             ;            ;        ;        ;
;    IC                  ;       ; 6     ; 3.992       ; 53         ; 0.000  ; 1.826  ;
;    Cell                ;       ; 5     ; 3.597       ; 47         ; 0.279  ; 1.466  ;
;    PLL Compensation    ;       ; 1     ; -0.151      ; 0          ; -0.151 ; -0.151 ;
+------------------------+-------+-------+-------------+------------+--------+--------+
Note: Negative delays are omitted from totals when calculating percentages

+------------------------------------------------------------------------------------------------------------------------------------------------------------+
; Data Arrival Path                                                                                                                                          ;
+----------+---------+----+------+--------+---------------------------+--------------------------------------------------------------------------------------+
; Total    ; Incr    ; RF ; Type ; Fanout ; Location                  ; Element                                                                              ;
+----------+---------+----+------+--------+---------------------------+--------------------------------------------------------------------------------------+
; 0.000    ; 0.000   ;    ;      ;        ;                           ; launch edge time                                                                     ;
; 8.603    ; 8.603   ;    ;      ;        ;                           ; clock path                                                                           ;
;   0.000  ;   0.000 ;    ;      ;        ;                           ; source latency                                                                       ;
;   0.000  ;   0.000 ;    ;      ; 1      ; PIN_V11                   ; FPGA_CLK1_50                                                                         ;
;   0.000  ;   0.000 ; RR ; IC   ; 1      ; IOIBUF_X32_Y0_N1          ; FPGA_CLK1_50~input|i                                                                 ;
;   0.761  ;   0.761 ; RR ; CELL ; 2      ; IOIBUF_X32_Y0_N1          ; FPGA_CLK1_50~input|o                                                                 ;
;   2.086  ;   1.325 ; RR ; IC   ; 1      ; PLLREFCLKSELECT_X0_Y7_N0  ; pll_hdmi|pll_hdmi_inst|altera_pll_i|cyclonev_pll|fpll_0|REFCLK_SELECT|clkin[0]       ;
;   2.419  ;   0.333 ; RR ; CELL ; 1      ; PLLREFCLKSELECT_X0_Y7_N0  ; pll_hdmi|pll_hdmi_inst|altera_pll_i|cyclonev_pll|fpll_0|REFCLK_SELECT|clkout         ;
;   2.419  ;   0.000 ; RR ; IC   ; 10     ; FRACTIONALPLL_X0_Y1_N0    ; pll_hdmi|pll_hdmi_inst|altera_pll_i|cyclonev_pll|fpll_0|fpll|refclkin                ;
;   2.604  ;   0.185 ; RR ; CELL ; 1      ; FRACTIONALPLL_X0_Y1_N0    ; pll_hdmi|pll_hdmi_inst|altera_pll_i|cyclonev_pll|fpll_0|fpll|vcoph[0]                ;
;   2.604  ;   0.000 ; RR ; IC   ; 1      ; PLLOUTPUTCOUNTER_X0_Y5_N1 ; pll_hdmi|pll_hdmi_inst|altera_pll_i|cyclonev_pll|counter[0].output_counter|vco0ph[0] ;
;   4.349  ;   1.745 ; RR ; CELL ; 3      ; PLLOUTPUTCOUNTER_X0_Y5_N1 ; pll_hdmi|pll_hdmi_inst|altera_pll_i|cyclonev_pll|counter[0].output_counter|divclk    ;
;   5.491  ;   1.142 ; RR ; IC   ; 1      ; CLKCTRL_G5                ; pll_hdmi|pll_hdmi_inst|altera_pll_i|cyclonev_pll|divclk[0]~CLKENA0|inclk             ;
;   5.795  ;   0.304 ; RR ; CELL ; 3656   ; CLKCTRL_G5                ; pll_hdmi|pll_hdmi_inst|altera_pll_i|cyclonev_pll|divclk[0]~CLKENA0|outclk            ;
;   8.031  ;   2.236 ; RR ; IC   ; 1      ; FF_X52_Y26_N5             ; ascal|o_vacpt[1]|clk                                                                 ;
;   8.603  ;   0.572 ; RR ; CELL ; 1      ; FF_X52_Y26_N5             ; ascal:ascal|o_vacpt[1]                                                               ;
; 15.179   ; 6.576   ;    ;      ;        ;                           ; data path                                                                            ;
;   8.603  ;   0.000 ;    ; uTco ; 1      ; FF_X52_Y26_N5             ; ascal:ascal|o_vacpt[1]                                                               ;
;   8.603  ;   0.000 ; FF ; CELL ; 5      ; FF_X52_Y26_N5             ; ascal|o_vacpt[1]|q                                                                   ;
;   9.339  ;   0.736 ; FF ; IC   ; 2      ; LABCELL_X53_Y26_N3        ; ascal|Add83~1|datac                                                                  ;
;   10.147 ;   0.808 ; FF ; CELL ; 1      ; LABCELL_X53_Y26_N3        ; ascal|Add83~1|cout                                                                   ;
;   10.147 ;   0.000 ; FF ; IC   ; 2      ; LABCELL_X53_Y26_N6        ; ascal|Add83~5|cin                                                                    ;
;   10.192 ;   0.045 ; FF ; CELL ; 1      ; LABCELL_X53_Y26_N6        ; ascal|Add83~5|cout                                                                   ;
;   10.192 ;   0.000 ; FF ; IC   ; 2      ; LABCELL_X53_Y26_N9        ; ascal|Add83~9|cin                                                                    ;
;   10.192 ;   0.000 ; FF ; CELL ; 1      ; LABCELL_X53_Y26_N9        ; ascal|Add83~9|cout                                                                   ;
;   10.192 ;   0.000 ; FF ; IC   ; 2      ; LABCELL_X53_Y26_N12       ; ascal|Add83~13|cin                                                                   ;
;   10.237 ;   0.045 ; FF ; CELL ; 1      ; LABCELL_X53_Y26_N12       ; ascal|Add83~13|cout                                                                  ;
;   10.237 ;   0.000 ; FF ; IC   ; 2      ; LABCELL_X53_Y26_N15       ; ascal|Add83~17|cin                                                                   ;
;   10.237 ;   0.000 ; FF ; CELL ; 1      ; LABCELL_X53_Y26_N15       ; ascal|Add83~17|cout                                                                  ;
;   10.237 ;   0.000 ; FF ; IC   ; 2      ; LABCELL_X53_Y26_N18       ; ascal|Add83~21|cin                                                                   ;
;   10.282 ;   0.045 ; FF ; CELL ; 1      ; LABCELL_X53_Y26_N18       ; ascal|Add83~21|cout                                                                  ;
;   10.282 ;   0.000 ; FF ; IC   ; 2      ; LABCELL_X53_Y26_N21       ; ascal|Add83~25|cin                                                                   ;
;   10.282 ;   0.000 ; FF ; CELL ; 1      ; LABCELL_X53_Y26_N21       ; ascal|Add83~25|cout                                                                  ;
;   10.282 ;   0.000 ; FF ; IC   ; 2      ; LABCELL_X53_Y26_N24       ; ascal|Add83~29|cin                                                                   ;
;   10.339 ;   0.057 ; FF ; CELL ; 1      ; LABCELL_X53_Y26_N24       ; ascal|Add83~29|cout                                                                  ;
;   10.339 ;   0.000 ; FF ; IC   ; 2      ; LABCELL_X53_Y26_N27       ; ascal|Add83~33|cin                                                                   ;
;   10.339 ;   0.000 ; FF ; CELL ; 1      ; LABCELL_X53_Y26_N27       ; ascal|Add83~33|cout                                                                  ;
;   10.339 ;   0.000 ; FF ; IC   ; 2      ; LABCELL_X53_Y26_N30       ; ascal|Add83~37|cin                                                                   ;
;   10.457 ;   0.118 ; FF ; CELL ; 1      ; LABCELL_X53_Y26_N30       ; ascal|Add83~37|cout                                                                  ;
;   10.457 ;   0.000 ; FF ; IC   ; 2      ; LABCELL_X53_Y26_N33       ; ascal|Add83~41|cin                                                                   ;
;   10.457 ;   0.000 ; FF ; CELL ; 1      ; LABCELL_X53_Y26_N33       ; ascal|Add83~41|cout                                                                  ;
;   10.457 ;   0.000 ; FF ; IC   ; 1      ; LABCELL_X53_Y26_N36       ; ascal|Add83~45|cin                                                                   ;
;   10.812 ;   0.355 ; FF ; CELL ; 7      ; LABCELL_X53_Y26_N36       ; ascal|Add83~45|sumout                                                                ;
;   11.630 ;   0.818 ; FF ; IC   ; 24     ; DSP_X54_Y26_N0            ; ascal|Mult12~8|ay[18]                                                                ;
;   15.179 ;   3.549 ; FR ; CELL ; 1      ; DSP_X54_Y26_N0            ; ascal:ascal|o_adrs_pre[10]_OTERM199                                                  ;
+----------+---------+----+------+--------+---------------------------+--------------------------------------------------------------------------------------+

+-------------------------------------------------------------------------------------------------------------------------------------------------------------+
; Data Required Path                                                                                                                                          ;
+----------+----------+----+------+--------+---------------------------+--------------------------------------------------------------------------------------+
; Total    ; Incr     ; RF ; Type ; Fanout ; Location                  ; Element                                                                              ;
+----------+----------+----+------+--------+---------------------------+--------------------------------------------------------------------------------------+
; 6.732    ; 6.732    ;    ;      ;        ;                           ; latch edge time                                                                      ;
; 15.510   ; 8.778    ;    ;      ;        ;                           ; clock path                                                                           ;
;   6.732  ;   0.000  ;    ;      ;        ;                           ; source latency                                                                       ;
;   6.732  ;   0.000  ;    ;      ; 1      ; PIN_V11                   ; FPGA_CLK1_50                                                                         ;
;   6.732  ;   0.000  ; RR ; IC   ; 1      ; IOIBUF_X32_Y0_N1          ; FPGA_CLK1_50~input|i                                                                 ;
;   7.493  ;   0.761  ; RR ; CELL ; 2      ; IOIBUF_X32_Y0_N1          ; FPGA_CLK1_50~input|o                                                                 ;
;   8.654  ;   1.161  ; RR ; IC   ; 1      ; PLLREFCLKSELECT_X0_Y7_N0  ; pll_hdmi|pll_hdmi_inst|altera_pll_i|cyclonev_pll|fpll_0|REFCLK_SELECT|clkin[0]       ;
;   8.962  ;   0.308  ; RR ; CELL ; 1      ; PLLREFCLKSELECT_X0_Y7_N0  ; pll_hdmi|pll_hdmi_inst|altera_pll_i|cyclonev_pll|fpll_0|REFCLK_SELECT|clkout         ;
;   8.962  ;   0.000  ; RR ; IC   ; 10     ; FRACTIONALPLL_X0_Y1_N0    ; pll_hdmi|pll_hdmi_inst|altera_pll_i|cyclonev_pll|fpll_0|fpll|refclkin                ;
;   8.811  ;   -0.151 ; RR ; COMP ; 1      ; FRACTIONALPLL_X0_Y1_N0    ; pll_hdmi|pll_hdmi_inst|altera_pll_i|cyclonev_pll|fpll_0|fpll|vcoph[0]                ;
;   8.811  ;   0.000  ; RR ; IC   ; 1      ; PLLOUTPUTCOUNTER_X0_Y5_N1 ; pll_hdmi|pll_hdmi_inst|altera_pll_i|cyclonev_pll|counter[0].output_counter|vco0ph[0] ;
;   10.277 ;   1.466  ; RR ; CELL ; 3      ; PLLOUTPUTCOUNTER_X0_Y5_N1 ; pll_hdmi|pll_hdmi_inst|altera_pll_i|cyclonev_pll|counter[0].output_counter|divclk    ;
;   11.282 ;   1.005  ; RR ; IC   ; 1      ; CLKCTRL_G5                ; pll_hdmi|pll_hdmi_inst|altera_pll_i|cyclonev_pll|divclk[0]~CLKENA0|inclk             ;
;   11.561 ;   0.279  ; RR ; CELL ; 3656   ; CLKCTRL_G5                ; pll_hdmi|pll_hdmi_inst|altera_pll_i|cyclonev_pll|divclk[0]~CLKENA0|outclk            ;
;   13.387 ;   1.826  ; RR ; IC   ; 39     ; DSP_X54_Y26_N0            ; ascal|Mult12~8|clk[0]                                                                ;
;   14.170 ;   0.783  ; RR ; CELL ; 1      ; DSP_X54_Y26_N0            ; ascal:ascal|o_adrs_pre[10]_OTERM199                                                  ;
;   15.510 ;   1.340  ;    ;      ;        ;                           ; clock pessimism removed                                                              ;
; 15.310   ; -0.200   ;    ;      ;        ;                           ; clock uncertainty                                                                    ;
; 15.310   ; 0.000    ;    ; uTsu ; 1      ; DSP_X54_Y26_N0            ; ascal:ascal|o_adrs_pre[10]_OTERM199                                                  ;
+----------+----------+----+------+--------+---------------------------+--------------------------------------------------------------------------------------+

----------------------------
; Extra Fitter Information ;
----------------------------
HTML report is unavailable in plain text report export.


Path #13: Setup slack is 0.131 
===============================================================================
+--------------------------------------------------------------------------------------------------------+
; Path Summary                                                                                           ;
+--------------------+-----------------------------------------------------------------------------------+
; Property           ; Value                                                                             ;
+--------------------+-----------------------------------------------------------------------------------+
; From Node          ; ascal:ascal|o_vacpt[1]                                                            ;
; To Node            ; ascal:ascal|o_adrs_pre[11]_OTERM193                                               ;
; Launch Clock       ; pll_hdmi|pll_hdmi_inst|altera_pll_i|cyclonev_pll|counter[0].output_counter|divclk ;
; Latch Clock        ; pll_hdmi|pll_hdmi_inst|altera_pll_i|cyclonev_pll|counter[0].output_counter|divclk ;
; Data Arrival Time  ; 15.179                                                                            ;
; Data Required Time ; 15.310                                                                            ;
; Slack              ; 0.131                                                                             ;
+--------------------+-----------------------------------------------------------------------------------+

+-------------------------------------------------------------------------------------+
; Statistics                                                                          ;
+------------------------+-------+-------+-------------+------------+--------+--------+
; Property               ; Value ; Count ; Total Delay ; % of Total ; Min    ; Max    ;
+------------------------+-------+-------+-------------+------------+--------+--------+
; Setup Relationship     ; 6.732 ;       ;             ;            ;        ;        ;
; Clock Skew             ; 0.175 ;       ;             ;            ;        ;        ;
; Data Delay             ; 6.576 ;       ;             ;            ;        ;        ;
; Number of Logic Levels ;       ; 1     ;             ;            ;        ;        ;
; Physical Delays        ;       ;       ;             ;            ;        ;        ;
;  Arrival Path          ;       ;       ;             ;            ;        ;        ;
;   Clock                ;       ;       ;             ;            ;        ;        ;
;    IC                  ;       ; 6     ; 4.703       ; 55         ; 0.000  ; 2.236  ;
;    Cell                ;       ; 6     ; 3.900       ; 45         ; 0.185  ; 1.745  ;
;   Data                 ;       ;       ;             ;            ;        ;        ;
;    IC                  ;       ; 13    ; 1.554       ; 24         ; 0.000  ; 0.818  ;
;    Cell                ;       ; 14    ; 5.022       ; 76         ; 0.000  ; 3.549  ;
;    uTco                ;       ; 1     ; 0.000       ; 0          ; 0.000  ; 0.000  ;
;  Required Path         ;       ;       ;             ;            ;        ;        ;
;   Clock                ;       ;       ;             ;            ;        ;        ;
;    IC                  ;       ; 6     ; 3.992       ; 53         ; 0.000  ; 1.826  ;
;    Cell                ;       ; 5     ; 3.597       ; 47         ; 0.279  ; 1.466  ;
;    PLL Compensation    ;       ; 1     ; -0.151      ; 0          ; -0.151 ; -0.151 ;
+------------------------+-------+-------+-------------+------------+--------+--------+
Note: Negative delays are omitted from totals when calculating percentages

+------------------------------------------------------------------------------------------------------------------------------------------------------------+
; Data Arrival Path                                                                                                                                          ;
+----------+---------+----+------+--------+---------------------------+--------------------------------------------------------------------------------------+
; Total    ; Incr    ; RF ; Type ; Fanout ; Location                  ; Element                                                                              ;
+----------+---------+----+------+--------+---------------------------+--------------------------------------------------------------------------------------+
; 0.000    ; 0.000   ;    ;      ;        ;                           ; launch edge time                                                                     ;
; 8.603    ; 8.603   ;    ;      ;        ;                           ; clock path                                                                           ;
;   0.000  ;   0.000 ;    ;      ;        ;                           ; source latency                                                                       ;
;   0.000  ;   0.000 ;    ;      ; 1      ; PIN_V11                   ; FPGA_CLK1_50                                                                         ;
;   0.000  ;   0.000 ; RR ; IC   ; 1      ; IOIBUF_X32_Y0_N1          ; FPGA_CLK1_50~input|i                                                                 ;
;   0.761  ;   0.761 ; RR ; CELL ; 2      ; IOIBUF_X32_Y0_N1          ; FPGA_CLK1_50~input|o                                                                 ;
;   2.086  ;   1.325 ; RR ; IC   ; 1      ; PLLREFCLKSELECT_X0_Y7_N0  ; pll_hdmi|pll_hdmi_inst|altera_pll_i|cyclonev_pll|fpll_0|REFCLK_SELECT|clkin[0]       ;
;   2.419  ;   0.333 ; RR ; CELL ; 1      ; PLLREFCLKSELECT_X0_Y7_N0  ; pll_hdmi|pll_hdmi_inst|altera_pll_i|cyclonev_pll|fpll_0|REFCLK_SELECT|clkout         ;
;   2.419  ;   0.000 ; RR ; IC   ; 10     ; FRACTIONALPLL_X0_Y1_N0    ; pll_hdmi|pll_hdmi_inst|altera_pll_i|cyclonev_pll|fpll_0|fpll|refclkin                ;
;   2.604  ;   0.185 ; RR ; CELL ; 1      ; FRACTIONALPLL_X0_Y1_N0    ; pll_hdmi|pll_hdmi_inst|altera_pll_i|cyclonev_pll|fpll_0|fpll|vcoph[0]                ;
;   2.604  ;   0.000 ; RR ; IC   ; 1      ; PLLOUTPUTCOUNTER_X0_Y5_N1 ; pll_hdmi|pll_hdmi_inst|altera_pll_i|cyclonev_pll|counter[0].output_counter|vco0ph[0] ;
;   4.349  ;   1.745 ; RR ; CELL ; 3      ; PLLOUTPUTCOUNTER_X0_Y5_N1 ; pll_hdmi|pll_hdmi_inst|altera_pll_i|cyclonev_pll|counter[0].output_counter|divclk    ;
;   5.491  ;   1.142 ; RR ; IC   ; 1      ; CLKCTRL_G5                ; pll_hdmi|pll_hdmi_inst|altera_pll_i|cyclonev_pll|divclk[0]~CLKENA0|inclk             ;
;   5.795  ;   0.304 ; RR ; CELL ; 3656   ; CLKCTRL_G5                ; pll_hdmi|pll_hdmi_inst|altera_pll_i|cyclonev_pll|divclk[0]~CLKENA0|outclk            ;
;   8.031  ;   2.236 ; RR ; IC   ; 1      ; FF_X52_Y26_N5             ; ascal|o_vacpt[1]|clk                                                                 ;
;   8.603  ;   0.572 ; RR ; CELL ; 1      ; FF_X52_Y26_N5             ; ascal:ascal|o_vacpt[1]                                                               ;
; 15.179   ; 6.576   ;    ;      ;        ;                           ; data path                                                                            ;
;   8.603  ;   0.000 ;    ; uTco ; 1      ; FF_X52_Y26_N5             ; ascal:ascal|o_vacpt[1]                                                               ;
;   8.603  ;   0.000 ; FF ; CELL ; 5      ; FF_X52_Y26_N5             ; ascal|o_vacpt[1]|q                                                                   ;
;   9.339  ;   0.736 ; FF ; IC   ; 2      ; LABCELL_X53_Y26_N3        ; ascal|Add83~1|datac                                                                  ;
;   10.147 ;   0.808 ; FF ; CELL ; 1      ; LABCELL_X53_Y26_N3        ; ascal|Add83~1|cout                                                                   ;
;   10.147 ;   0.000 ; FF ; IC   ; 2      ; LABCELL_X53_Y26_N6        ; ascal|Add83~5|cin                                                                    ;
;   10.192 ;   0.045 ; FF ; CELL ; 1      ; LABCELL_X53_Y26_N6        ; ascal|Add83~5|cout                                                                   ;
;   10.192 ;   0.000 ; FF ; IC   ; 2      ; LABCELL_X53_Y26_N9        ; ascal|Add83~9|cin                                                                    ;
;   10.192 ;   0.000 ; FF ; CELL ; 1      ; LABCELL_X53_Y26_N9        ; ascal|Add83~9|cout                                                                   ;
;   10.192 ;   0.000 ; FF ; IC   ; 2      ; LABCELL_X53_Y26_N12       ; ascal|Add83~13|cin                                                                   ;
;   10.237 ;   0.045 ; FF ; CELL ; 1      ; LABCELL_X53_Y26_N12       ; ascal|Add83~13|cout                                                                  ;
;   10.237 ;   0.000 ; FF ; IC   ; 2      ; LABCELL_X53_Y26_N15       ; ascal|Add83~17|cin                                                                   ;
;   10.237 ;   0.000 ; FF ; CELL ; 1      ; LABCELL_X53_Y26_N15       ; ascal|Add83~17|cout                                                                  ;
;   10.237 ;   0.000 ; FF ; IC   ; 2      ; LABCELL_X53_Y26_N18       ; ascal|Add83~21|cin                                                                   ;
;   10.282 ;   0.045 ; FF ; CELL ; 1      ; LABCELL_X53_Y26_N18       ; ascal|Add83~21|cout                                                                  ;
;   10.282 ;   0.000 ; FF ; IC   ; 2      ; LABCELL_X53_Y26_N21       ; ascal|Add83~25|cin                                                                   ;
;   10.282 ;   0.000 ; FF ; CELL ; 1      ; LABCELL_X53_Y26_N21       ; ascal|Add83~25|cout                                                                  ;
;   10.282 ;   0.000 ; FF ; IC   ; 2      ; LABCELL_X53_Y26_N24       ; ascal|Add83~29|cin                                                                   ;
;   10.339 ;   0.057 ; FF ; CELL ; 1      ; LABCELL_X53_Y26_N24       ; ascal|Add83~29|cout                                                                  ;
;   10.339 ;   0.000 ; FF ; IC   ; 2      ; LABCELL_X53_Y26_N27       ; ascal|Add83~33|cin                                                                   ;
;   10.339 ;   0.000 ; FF ; CELL ; 1      ; LABCELL_X53_Y26_N27       ; ascal|Add83~33|cout                                                                  ;
;   10.339 ;   0.000 ; FF ; IC   ; 2      ; LABCELL_X53_Y26_N30       ; ascal|Add83~37|cin                                                                   ;
;   10.457 ;   0.118 ; FF ; CELL ; 1      ; LABCELL_X53_Y26_N30       ; ascal|Add83~37|cout                                                                  ;
;   10.457 ;   0.000 ; FF ; IC   ; 2      ; LABCELL_X53_Y26_N33       ; ascal|Add83~41|cin                                                                   ;
;   10.457 ;   0.000 ; FF ; CELL ; 1      ; LABCELL_X53_Y26_N33       ; ascal|Add83~41|cout                                                                  ;
;   10.457 ;   0.000 ; FF ; IC   ; 1      ; LABCELL_X53_Y26_N36       ; ascal|Add83~45|cin                                                                   ;
;   10.812 ;   0.355 ; FF ; CELL ; 7      ; LABCELL_X53_Y26_N36       ; ascal|Add83~45|sumout                                                                ;
;   11.630 ;   0.818 ; FF ; IC   ; 24     ; DSP_X54_Y26_N0            ; ascal|Mult12~8|ay[18]                                                                ;
;   15.179 ;   3.549 ; FR ; CELL ; 1      ; DSP_X54_Y26_N0            ; ascal:ascal|o_adrs_pre[11]_OTERM193                                                  ;
+----------+---------+----+------+--------+---------------------------+--------------------------------------------------------------------------------------+

+-------------------------------------------------------------------------------------------------------------------------------------------------------------+
; Data Required Path                                                                                                                                          ;
+----------+----------+----+------+--------+---------------------------+--------------------------------------------------------------------------------------+
; Total    ; Incr     ; RF ; Type ; Fanout ; Location                  ; Element                                                                              ;
+----------+----------+----+------+--------+---------------------------+--------------------------------------------------------------------------------------+
; 6.732    ; 6.732    ;    ;      ;        ;                           ; latch edge time                                                                      ;
; 15.510   ; 8.778    ;    ;      ;        ;                           ; clock path                                                                           ;
;   6.732  ;   0.000  ;    ;      ;        ;                           ; source latency                                                                       ;
;   6.732  ;   0.000  ;    ;      ; 1      ; PIN_V11                   ; FPGA_CLK1_50                                                                         ;
;   6.732  ;   0.000  ; RR ; IC   ; 1      ; IOIBUF_X32_Y0_N1          ; FPGA_CLK1_50~input|i                                                                 ;
;   7.493  ;   0.761  ; RR ; CELL ; 2      ; IOIBUF_X32_Y0_N1          ; FPGA_CLK1_50~input|o                                                                 ;
;   8.654  ;   1.161  ; RR ; IC   ; 1      ; PLLREFCLKSELECT_X0_Y7_N0  ; pll_hdmi|pll_hdmi_inst|altera_pll_i|cyclonev_pll|fpll_0|REFCLK_SELECT|clkin[0]       ;
;   8.962  ;   0.308  ; RR ; CELL ; 1      ; PLLREFCLKSELECT_X0_Y7_N0  ; pll_hdmi|pll_hdmi_inst|altera_pll_i|cyclonev_pll|fpll_0|REFCLK_SELECT|clkout         ;
;   8.962  ;   0.000  ; RR ; IC   ; 10     ; FRACTIONALPLL_X0_Y1_N0    ; pll_hdmi|pll_hdmi_inst|altera_pll_i|cyclonev_pll|fpll_0|fpll|refclkin                ;
;   8.811  ;   -0.151 ; RR ; COMP ; 1      ; FRACTIONALPLL_X0_Y1_N0    ; pll_hdmi|pll_hdmi_inst|altera_pll_i|cyclonev_pll|fpll_0|fpll|vcoph[0]                ;
;   8.811  ;   0.000  ; RR ; IC   ; 1      ; PLLOUTPUTCOUNTER_X0_Y5_N1 ; pll_hdmi|pll_hdmi_inst|altera_pll_i|cyclonev_pll|counter[0].output_counter|vco0ph[0] ;
;   10.277 ;   1.466  ; RR ; CELL ; 3      ; PLLOUTPUTCOUNTER_X0_Y5_N1 ; pll_hdmi|pll_hdmi_inst|altera_pll_i|cyclonev_pll|counter[0].output_counter|divclk    ;
;   11.282 ;   1.005  ; RR ; IC   ; 1      ; CLKCTRL_G5                ; pll_hdmi|pll_hdmi_inst|altera_pll_i|cyclonev_pll|divclk[0]~CLKENA0|inclk             ;
;   11.561 ;   0.279  ; RR ; CELL ; 3656   ; CLKCTRL_G5                ; pll_hdmi|pll_hdmi_inst|altera_pll_i|cyclonev_pll|divclk[0]~CLKENA0|outclk            ;
;   13.387 ;   1.826  ; RR ; IC   ; 39     ; DSP_X54_Y26_N0            ; ascal|Mult12~8|clk[0]                                                                ;
;   14.170 ;   0.783  ; RR ; CELL ; 1      ; DSP_X54_Y26_N0            ; ascal:ascal|o_adrs_pre[11]_OTERM193                                                  ;
;   15.510 ;   1.340  ;    ;      ;        ;                           ; clock pessimism removed                                                              ;
; 15.310   ; -0.200   ;    ;      ;        ;                           ; clock uncertainty                                                                    ;
; 15.310   ; 0.000    ;    ; uTsu ; 1      ; DSP_X54_Y26_N0            ; ascal:ascal|o_adrs_pre[11]_OTERM193                                                  ;
+----------+----------+----+------+--------+---------------------------+--------------------------------------------------------------------------------------+

----------------------------
; Extra Fitter Information ;
----------------------------
HTML report is unavailable in plain text report export.


Path #14: Setup slack is 0.131 
===============================================================================
+--------------------------------------------------------------------------------------------------------+
; Path Summary                                                                                           ;
+--------------------+-----------------------------------------------------------------------------------+
; Property           ; Value                                                                             ;
+--------------------+-----------------------------------------------------------------------------------+
; From Node          ; ascal:ascal|o_vacpt[1]                                                            ;
; To Node            ; ascal:ascal|o_adrs_pre[12]_OTERM187                                               ;
; Launch Clock       ; pll_hdmi|pll_hdmi_inst|altera_pll_i|cyclonev_pll|counter[0].output_counter|divclk ;
; Latch Clock        ; pll_hdmi|pll_hdmi_inst|altera_pll_i|cyclonev_pll|counter[0].output_counter|divclk ;
; Data Arrival Time  ; 15.179                                                                            ;
; Data Required Time ; 15.310                                                                            ;
; Slack              ; 0.131                                                                             ;
+--------------------+-----------------------------------------------------------------------------------+

+-------------------------------------------------------------------------------------+
; Statistics                                                                          ;
+------------------------+-------+-------+-------------+------------+--------+--------+
; Property               ; Value ; Count ; Total Delay ; % of Total ; Min    ; Max    ;
+------------------------+-------+-------+-------------+------------+--------+--------+
; Setup Relationship     ; 6.732 ;       ;             ;            ;        ;        ;
; Clock Skew             ; 0.175 ;       ;             ;            ;        ;        ;
; Data Delay             ; 6.576 ;       ;             ;            ;        ;        ;
; Number of Logic Levels ;       ; 1     ;             ;            ;        ;        ;
; Physical Delays        ;       ;       ;             ;            ;        ;        ;
;  Arrival Path          ;       ;       ;             ;            ;        ;        ;
;   Clock                ;       ;       ;             ;            ;        ;        ;
;    IC                  ;       ; 6     ; 4.703       ; 55         ; 0.000  ; 2.236  ;
;    Cell                ;       ; 6     ; 3.900       ; 45         ; 0.185  ; 1.745  ;
;   Data                 ;       ;       ;             ;            ;        ;        ;
;    IC                  ;       ; 13    ; 1.554       ; 24         ; 0.000  ; 0.818  ;
;    Cell                ;       ; 14    ; 5.022       ; 76         ; 0.000  ; 3.549  ;
;    uTco                ;       ; 1     ; 0.000       ; 0          ; 0.000  ; 0.000  ;
;  Required Path         ;       ;       ;             ;            ;        ;        ;
;   Clock                ;       ;       ;             ;            ;        ;        ;
;    IC                  ;       ; 6     ; 3.992       ; 53         ; 0.000  ; 1.826  ;
;    Cell                ;       ; 5     ; 3.597       ; 47         ; 0.279  ; 1.466  ;
;    PLL Compensation    ;       ; 1     ; -0.151      ; 0          ; -0.151 ; -0.151 ;
+------------------------+-------+-------+-------------+------------+--------+--------+
Note: Negative delays are omitted from totals when calculating percentages

+------------------------------------------------------------------------------------------------------------------------------------------------------------+
; Data Arrival Path                                                                                                                                          ;
+----------+---------+----+------+--------+---------------------------+--------------------------------------------------------------------------------------+
; Total    ; Incr    ; RF ; Type ; Fanout ; Location                  ; Element                                                                              ;
+----------+---------+----+------+--------+---------------------------+--------------------------------------------------------------------------------------+
; 0.000    ; 0.000   ;    ;      ;        ;                           ; launch edge time                                                                     ;
; 8.603    ; 8.603   ;    ;      ;        ;                           ; clock path                                                                           ;
;   0.000  ;   0.000 ;    ;      ;        ;                           ; source latency                                                                       ;
;   0.000  ;   0.000 ;    ;      ; 1      ; PIN_V11                   ; FPGA_CLK1_50                                                                         ;
;   0.000  ;   0.000 ; RR ; IC   ; 1      ; IOIBUF_X32_Y0_N1          ; FPGA_CLK1_50~input|i                                                                 ;
;   0.761  ;   0.761 ; RR ; CELL ; 2      ; IOIBUF_X32_Y0_N1          ; FPGA_CLK1_50~input|o                                                                 ;
;   2.086  ;   1.325 ; RR ; IC   ; 1      ; PLLREFCLKSELECT_X0_Y7_N0  ; pll_hdmi|pll_hdmi_inst|altera_pll_i|cyclonev_pll|fpll_0|REFCLK_SELECT|clkin[0]       ;
;   2.419  ;   0.333 ; RR ; CELL ; 1      ; PLLREFCLKSELECT_X0_Y7_N0  ; pll_hdmi|pll_hdmi_inst|altera_pll_i|cyclonev_pll|fpll_0|REFCLK_SELECT|clkout         ;
;   2.419  ;   0.000 ; RR ; IC   ; 10     ; FRACTIONALPLL_X0_Y1_N0    ; pll_hdmi|pll_hdmi_inst|altera_pll_i|cyclonev_pll|fpll_0|fpll|refclkin                ;
;   2.604  ;   0.185 ; RR ; CELL ; 1      ; FRACTIONALPLL_X0_Y1_N0    ; pll_hdmi|pll_hdmi_inst|altera_pll_i|cyclonev_pll|fpll_0|fpll|vcoph[0]                ;
;   2.604  ;   0.000 ; RR ; IC   ; 1      ; PLLOUTPUTCOUNTER_X0_Y5_N1 ; pll_hdmi|pll_hdmi_inst|altera_pll_i|cyclonev_pll|counter[0].output_counter|vco0ph[0] ;
;   4.349  ;   1.745 ; RR ; CELL ; 3      ; PLLOUTPUTCOUNTER_X0_Y5_N1 ; pll_hdmi|pll_hdmi_inst|altera_pll_i|cyclonev_pll|counter[0].output_counter|divclk    ;
;   5.491  ;   1.142 ; RR ; IC   ; 1      ; CLKCTRL_G5                ; pll_hdmi|pll_hdmi_inst|altera_pll_i|cyclonev_pll|divclk[0]~CLKENA0|inclk             ;
;   5.795  ;   0.304 ; RR ; CELL ; 3656   ; CLKCTRL_G5                ; pll_hdmi|pll_hdmi_inst|altera_pll_i|cyclonev_pll|divclk[0]~CLKENA0|outclk            ;
;   8.031  ;   2.236 ; RR ; IC   ; 1      ; FF_X52_Y26_N5             ; ascal|o_vacpt[1]|clk                                                                 ;
;   8.603  ;   0.572 ; RR ; CELL ; 1      ; FF_X52_Y26_N5             ; ascal:ascal|o_vacpt[1]                                                               ;
; 15.179   ; 6.576   ;    ;      ;        ;                           ; data path                                                                            ;
;   8.603  ;   0.000 ;    ; uTco ; 1      ; FF_X52_Y26_N5             ; ascal:ascal|o_vacpt[1]                                                               ;
;   8.603  ;   0.000 ; FF ; CELL ; 5      ; FF_X52_Y26_N5             ; ascal|o_vacpt[1]|q                                                                   ;
;   9.339  ;   0.736 ; FF ; IC   ; 2      ; LABCELL_X53_Y26_N3        ; ascal|Add83~1|datac                                                                  ;
;   10.147 ;   0.808 ; FF ; CELL ; 1      ; LABCELL_X53_Y26_N3        ; ascal|Add83~1|cout                                                                   ;
;   10.147 ;   0.000 ; FF ; IC   ; 2      ; LABCELL_X53_Y26_N6        ; ascal|Add83~5|cin                                                                    ;
;   10.192 ;   0.045 ; FF ; CELL ; 1      ; LABCELL_X53_Y26_N6        ; ascal|Add83~5|cout                                                                   ;
;   10.192 ;   0.000 ; FF ; IC   ; 2      ; LABCELL_X53_Y26_N9        ; ascal|Add83~9|cin                                                                    ;
;   10.192 ;   0.000 ; FF ; CELL ; 1      ; LABCELL_X53_Y26_N9        ; ascal|Add83~9|cout                                                                   ;
;   10.192 ;   0.000 ; FF ; IC   ; 2      ; LABCELL_X53_Y26_N12       ; ascal|Add83~13|cin                                                                   ;
;   10.237 ;   0.045 ; FF ; CELL ; 1      ; LABCELL_X53_Y26_N12       ; ascal|Add83~13|cout                                                                  ;
;   10.237 ;   0.000 ; FF ; IC   ; 2      ; LABCELL_X53_Y26_N15       ; ascal|Add83~17|cin                                                                   ;
;   10.237 ;   0.000 ; FF ; CELL ; 1      ; LABCELL_X53_Y26_N15       ; ascal|Add83~17|cout                                                                  ;
;   10.237 ;   0.000 ; FF ; IC   ; 2      ; LABCELL_X53_Y26_N18       ; ascal|Add83~21|cin                                                                   ;
;   10.282 ;   0.045 ; FF ; CELL ; 1      ; LABCELL_X53_Y26_N18       ; ascal|Add83~21|cout                                                                  ;
;   10.282 ;   0.000 ; FF ; IC   ; 2      ; LABCELL_X53_Y26_N21       ; ascal|Add83~25|cin                                                                   ;
;   10.282 ;   0.000 ; FF ; CELL ; 1      ; LABCELL_X53_Y26_N21       ; ascal|Add83~25|cout                                                                  ;
;   10.282 ;   0.000 ; FF ; IC   ; 2      ; LABCELL_X53_Y26_N24       ; ascal|Add83~29|cin                                                                   ;
;   10.339 ;   0.057 ; FF ; CELL ; 1      ; LABCELL_X53_Y26_N24       ; ascal|Add83~29|cout                                                                  ;
;   10.339 ;   0.000 ; FF ; IC   ; 2      ; LABCELL_X53_Y26_N27       ; ascal|Add83~33|cin                                                                   ;
;   10.339 ;   0.000 ; FF ; CELL ; 1      ; LABCELL_X53_Y26_N27       ; ascal|Add83~33|cout                                                                  ;
;   10.339 ;   0.000 ; FF ; IC   ; 2      ; LABCELL_X53_Y26_N30       ; ascal|Add83~37|cin                                                                   ;
;   10.457 ;   0.118 ; FF ; CELL ; 1      ; LABCELL_X53_Y26_N30       ; ascal|Add83~37|cout                                                                  ;
;   10.457 ;   0.000 ; FF ; IC   ; 2      ; LABCELL_X53_Y26_N33       ; ascal|Add83~41|cin                                                                   ;
;   10.457 ;   0.000 ; FF ; CELL ; 1      ; LABCELL_X53_Y26_N33       ; ascal|Add83~41|cout                                                                  ;
;   10.457 ;   0.000 ; FF ; IC   ; 1      ; LABCELL_X53_Y26_N36       ; ascal|Add83~45|cin                                                                   ;
;   10.812 ;   0.355 ; FF ; CELL ; 7      ; LABCELL_X53_Y26_N36       ; ascal|Add83~45|sumout                                                                ;
;   11.630 ;   0.818 ; FF ; IC   ; 24     ; DSP_X54_Y26_N0            ; ascal|Mult12~8|ay[18]                                                                ;
;   15.179 ;   3.549 ; FR ; CELL ; 1      ; DSP_X54_Y26_N0            ; ascal:ascal|o_adrs_pre[12]_OTERM187                                                  ;
+----------+---------+----+------+--------+---------------------------+--------------------------------------------------------------------------------------+

+-------------------------------------------------------------------------------------------------------------------------------------------------------------+
; Data Required Path                                                                                                                                          ;
+----------+----------+----+------+--------+---------------------------+--------------------------------------------------------------------------------------+
; Total    ; Incr     ; RF ; Type ; Fanout ; Location                  ; Element                                                                              ;
+----------+----------+----+------+--------+---------------------------+--------------------------------------------------------------------------------------+
; 6.732    ; 6.732    ;    ;      ;        ;                           ; latch edge time                                                                      ;
; 15.510   ; 8.778    ;    ;      ;        ;                           ; clock path                                                                           ;
;   6.732  ;   0.000  ;    ;      ;        ;                           ; source latency                                                                       ;
;   6.732  ;   0.000  ;    ;      ; 1      ; PIN_V11                   ; FPGA_CLK1_50                                                                         ;
;   6.732  ;   0.000  ; RR ; IC   ; 1      ; IOIBUF_X32_Y0_N1          ; FPGA_CLK1_50~input|i                                                                 ;
;   7.493  ;   0.761  ; RR ; CELL ; 2      ; IOIBUF_X32_Y0_N1          ; FPGA_CLK1_50~input|o                                                                 ;
;   8.654  ;   1.161  ; RR ; IC   ; 1      ; PLLREFCLKSELECT_X0_Y7_N0  ; pll_hdmi|pll_hdmi_inst|altera_pll_i|cyclonev_pll|fpll_0|REFCLK_SELECT|clkin[0]       ;
;   8.962  ;   0.308  ; RR ; CELL ; 1      ; PLLREFCLKSELECT_X0_Y7_N0  ; pll_hdmi|pll_hdmi_inst|altera_pll_i|cyclonev_pll|fpll_0|REFCLK_SELECT|clkout         ;
;   8.962  ;   0.000  ; RR ; IC   ; 10     ; FRACTIONALPLL_X0_Y1_N0    ; pll_hdmi|pll_hdmi_inst|altera_pll_i|cyclonev_pll|fpll_0|fpll|refclkin                ;
;   8.811  ;   -0.151 ; RR ; COMP ; 1      ; FRACTIONALPLL_X0_Y1_N0    ; pll_hdmi|pll_hdmi_inst|altera_pll_i|cyclonev_pll|fpll_0|fpll|vcoph[0]                ;
;   8.811  ;   0.000  ; RR ; IC   ; 1      ; PLLOUTPUTCOUNTER_X0_Y5_N1 ; pll_hdmi|pll_hdmi_inst|altera_pll_i|cyclonev_pll|counter[0].output_counter|vco0ph[0] ;
;   10.277 ;   1.466  ; RR ; CELL ; 3      ; PLLOUTPUTCOUNTER_X0_Y5_N1 ; pll_hdmi|pll_hdmi_inst|altera_pll_i|cyclonev_pll|counter[0].output_counter|divclk    ;
;   11.282 ;   1.005  ; RR ; IC   ; 1      ; CLKCTRL_G5                ; pll_hdmi|pll_hdmi_inst|altera_pll_i|cyclonev_pll|divclk[0]~CLKENA0|inclk             ;
;   11.561 ;   0.279  ; RR ; CELL ; 3656   ; CLKCTRL_G5                ; pll_hdmi|pll_hdmi_inst|altera_pll_i|cyclonev_pll|divclk[0]~CLKENA0|outclk            ;
;   13.387 ;   1.826  ; RR ; IC   ; 39     ; DSP_X54_Y26_N0            ; ascal|Mult12~8|clk[0]                                                                ;
;   14.170 ;   0.783  ; RR ; CELL ; 1      ; DSP_X54_Y26_N0            ; ascal:ascal|o_adrs_pre[12]_OTERM187                                                  ;
;   15.510 ;   1.340  ;    ;      ;        ;                           ; clock pessimism removed                                                              ;
; 15.310   ; -0.200   ;    ;      ;        ;                           ; clock uncertainty                                                                    ;
; 15.310   ; 0.000    ;    ; uTsu ; 1      ; DSP_X54_Y26_N0            ; ascal:ascal|o_adrs_pre[12]_OTERM187                                                  ;
+----------+----------+----+------+--------+---------------------------+--------------------------------------------------------------------------------------+

----------------------------
; Extra Fitter Information ;
----------------------------
HTML report is unavailable in plain text report export.


Path #15: Setup slack is 0.131 
===============================================================================
+--------------------------------------------------------------------------------------------------------+
; Path Summary                                                                                           ;
+--------------------+-----------------------------------------------------------------------------------+
; Property           ; Value                                                                             ;
+--------------------+-----------------------------------------------------------------------------------+
; From Node          ; ascal:ascal|o_vacpt[1]                                                            ;
; To Node            ; ascal:ascal|o_adrs_pre[13]_OTERM181                                               ;
; Launch Clock       ; pll_hdmi|pll_hdmi_inst|altera_pll_i|cyclonev_pll|counter[0].output_counter|divclk ;
; Latch Clock        ; pll_hdmi|pll_hdmi_inst|altera_pll_i|cyclonev_pll|counter[0].output_counter|divclk ;
; Data Arrival Time  ; 15.179                                                                            ;
; Data Required Time ; 15.310                                                                            ;
; Slack              ; 0.131                                                                             ;
+--------------------+-----------------------------------------------------------------------------------+

+-------------------------------------------------------------------------------------+
; Statistics                                                                          ;
+------------------------+-------+-------+-------------+------------+--------+--------+
; Property               ; Value ; Count ; Total Delay ; % of Total ; Min    ; Max    ;
+------------------------+-------+-------+-------------+------------+--------+--------+
; Setup Relationship     ; 6.732 ;       ;             ;            ;        ;        ;
; Clock Skew             ; 0.175 ;       ;             ;            ;        ;        ;
; Data Delay             ; 6.576 ;       ;             ;            ;        ;        ;
; Number of Logic Levels ;       ; 1     ;             ;            ;        ;        ;
; Physical Delays        ;       ;       ;             ;            ;        ;        ;
;  Arrival Path          ;       ;       ;             ;            ;        ;        ;
;   Clock                ;       ;       ;             ;            ;        ;        ;
;    IC                  ;       ; 6     ; 4.703       ; 55         ; 0.000  ; 2.236  ;
;    Cell                ;       ; 6     ; 3.900       ; 45         ; 0.185  ; 1.745  ;
;   Data                 ;       ;       ;             ;            ;        ;        ;
;    IC                  ;       ; 13    ; 1.554       ; 24         ; 0.000  ; 0.818  ;
;    Cell                ;       ; 14    ; 5.022       ; 76         ; 0.000  ; 3.549  ;
;    uTco                ;       ; 1     ; 0.000       ; 0          ; 0.000  ; 0.000  ;
;  Required Path         ;       ;       ;             ;            ;        ;        ;
;   Clock                ;       ;       ;             ;            ;        ;        ;
;    IC                  ;       ; 6     ; 3.992       ; 53         ; 0.000  ; 1.826  ;
;    Cell                ;       ; 5     ; 3.597       ; 47         ; 0.279  ; 1.466  ;
;    PLL Compensation    ;       ; 1     ; -0.151      ; 0          ; -0.151 ; -0.151 ;
+------------------------+-------+-------+-------------+------------+--------+--------+
Note: Negative delays are omitted from totals when calculating percentages

+------------------------------------------------------------------------------------------------------------------------------------------------------------+
; Data Arrival Path                                                                                                                                          ;
+----------+---------+----+------+--------+---------------------------+--------------------------------------------------------------------------------------+
; Total    ; Incr    ; RF ; Type ; Fanout ; Location                  ; Element                                                                              ;
+----------+---------+----+------+--------+---------------------------+--------------------------------------------------------------------------------------+
; 0.000    ; 0.000   ;    ;      ;        ;                           ; launch edge time                                                                     ;
; 8.603    ; 8.603   ;    ;      ;        ;                           ; clock path                                                                           ;
;   0.000  ;   0.000 ;    ;      ;        ;                           ; source latency                                                                       ;
;   0.000  ;   0.000 ;    ;      ; 1      ; PIN_V11                   ; FPGA_CLK1_50                                                                         ;
;   0.000  ;   0.000 ; RR ; IC   ; 1      ; IOIBUF_X32_Y0_N1          ; FPGA_CLK1_50~input|i                                                                 ;
;   0.761  ;   0.761 ; RR ; CELL ; 2      ; IOIBUF_X32_Y0_N1          ; FPGA_CLK1_50~input|o                                                                 ;
;   2.086  ;   1.325 ; RR ; IC   ; 1      ; PLLREFCLKSELECT_X0_Y7_N0  ; pll_hdmi|pll_hdmi_inst|altera_pll_i|cyclonev_pll|fpll_0|REFCLK_SELECT|clkin[0]       ;
;   2.419  ;   0.333 ; RR ; CELL ; 1      ; PLLREFCLKSELECT_X0_Y7_N0  ; pll_hdmi|pll_hdmi_inst|altera_pll_i|cyclonev_pll|fpll_0|REFCLK_SELECT|clkout         ;
;   2.419  ;   0.000 ; RR ; IC   ; 10     ; FRACTIONALPLL_X0_Y1_N0    ; pll_hdmi|pll_hdmi_inst|altera_pll_i|cyclonev_pll|fpll_0|fpll|refclkin                ;
;   2.604  ;   0.185 ; RR ; CELL ; 1      ; FRACTIONALPLL_X0_Y1_N0    ; pll_hdmi|pll_hdmi_inst|altera_pll_i|cyclonev_pll|fpll_0|fpll|vcoph[0]                ;
;   2.604  ;   0.000 ; RR ; IC   ; 1      ; PLLOUTPUTCOUNTER_X0_Y5_N1 ; pll_hdmi|pll_hdmi_inst|altera_pll_i|cyclonev_pll|counter[0].output_counter|vco0ph[0] ;
;   4.349  ;   1.745 ; RR ; CELL ; 3      ; PLLOUTPUTCOUNTER_X0_Y5_N1 ; pll_hdmi|pll_hdmi_inst|altera_pll_i|cyclonev_pll|counter[0].output_counter|divclk    ;
;   5.491  ;   1.142 ; RR ; IC   ; 1      ; CLKCTRL_G5                ; pll_hdmi|pll_hdmi_inst|altera_pll_i|cyclonev_pll|divclk[0]~CLKENA0|inclk             ;
;   5.795  ;   0.304 ; RR ; CELL ; 3656   ; CLKCTRL_G5                ; pll_hdmi|pll_hdmi_inst|altera_pll_i|cyclonev_pll|divclk[0]~CLKENA0|outclk            ;
;   8.031  ;   2.236 ; RR ; IC   ; 1      ; FF_X52_Y26_N5             ; ascal|o_vacpt[1]|clk                                                                 ;
;   8.603  ;   0.572 ; RR ; CELL ; 1      ; FF_X52_Y26_N5             ; ascal:ascal|o_vacpt[1]                                                               ;
; 15.179   ; 6.576   ;    ;      ;        ;                           ; data path                                                                            ;
;   8.603  ;   0.000 ;    ; uTco ; 1      ; FF_X52_Y26_N5             ; ascal:ascal|o_vacpt[1]                                                               ;
;   8.603  ;   0.000 ; FF ; CELL ; 5      ; FF_X52_Y26_N5             ; ascal|o_vacpt[1]|q                                                                   ;
;   9.339  ;   0.736 ; FF ; IC   ; 2      ; LABCELL_X53_Y26_N3        ; ascal|Add83~1|datac                                                                  ;
;   10.147 ;   0.808 ; FF ; CELL ; 1      ; LABCELL_X53_Y26_N3        ; ascal|Add83~1|cout                                                                   ;
;   10.147 ;   0.000 ; FF ; IC   ; 2      ; LABCELL_X53_Y26_N6        ; ascal|Add83~5|cin                                                                    ;
;   10.192 ;   0.045 ; FF ; CELL ; 1      ; LABCELL_X53_Y26_N6        ; ascal|Add83~5|cout                                                                   ;
;   10.192 ;   0.000 ; FF ; IC   ; 2      ; LABCELL_X53_Y26_N9        ; ascal|Add83~9|cin                                                                    ;
;   10.192 ;   0.000 ; FF ; CELL ; 1      ; LABCELL_X53_Y26_N9        ; ascal|Add83~9|cout                                                                   ;
;   10.192 ;   0.000 ; FF ; IC   ; 2      ; LABCELL_X53_Y26_N12       ; ascal|Add83~13|cin                                                                   ;
;   10.237 ;   0.045 ; FF ; CELL ; 1      ; LABCELL_X53_Y26_N12       ; ascal|Add83~13|cout                                                                  ;
;   10.237 ;   0.000 ; FF ; IC   ; 2      ; LABCELL_X53_Y26_N15       ; ascal|Add83~17|cin                                                                   ;
;   10.237 ;   0.000 ; FF ; CELL ; 1      ; LABCELL_X53_Y26_N15       ; ascal|Add83~17|cout                                                                  ;
;   10.237 ;   0.000 ; FF ; IC   ; 2      ; LABCELL_X53_Y26_N18       ; ascal|Add83~21|cin                                                                   ;
;   10.282 ;   0.045 ; FF ; CELL ; 1      ; LABCELL_X53_Y26_N18       ; ascal|Add83~21|cout                                                                  ;
;   10.282 ;   0.000 ; FF ; IC   ; 2      ; LABCELL_X53_Y26_N21       ; ascal|Add83~25|cin                                                                   ;
;   10.282 ;   0.000 ; FF ; CELL ; 1      ; LABCELL_X53_Y26_N21       ; ascal|Add83~25|cout                                                                  ;
;   10.282 ;   0.000 ; FF ; IC   ; 2      ; LABCELL_X53_Y26_N24       ; ascal|Add83~29|cin                                                                   ;
;   10.339 ;   0.057 ; FF ; CELL ; 1      ; LABCELL_X53_Y26_N24       ; ascal|Add83~29|cout                                                                  ;
;   10.339 ;   0.000 ; FF ; IC   ; 2      ; LABCELL_X53_Y26_N27       ; ascal|Add83~33|cin                                                                   ;
;   10.339 ;   0.000 ; FF ; CELL ; 1      ; LABCELL_X53_Y26_N27       ; ascal|Add83~33|cout                                                                  ;
;   10.339 ;   0.000 ; FF ; IC   ; 2      ; LABCELL_X53_Y26_N30       ; ascal|Add83~37|cin                                                                   ;
;   10.457 ;   0.118 ; FF ; CELL ; 1      ; LABCELL_X53_Y26_N30       ; ascal|Add83~37|cout                                                                  ;
;   10.457 ;   0.000 ; FF ; IC   ; 2      ; LABCELL_X53_Y26_N33       ; ascal|Add83~41|cin                                                                   ;
;   10.457 ;   0.000 ; FF ; CELL ; 1      ; LABCELL_X53_Y26_N33       ; ascal|Add83~41|cout                                                                  ;
;   10.457 ;   0.000 ; FF ; IC   ; 1      ; LABCELL_X53_Y26_N36       ; ascal|Add83~45|cin                                                                   ;
;   10.812 ;   0.355 ; FF ; CELL ; 7      ; LABCELL_X53_Y26_N36       ; ascal|Add83~45|sumout                                                                ;
;   11.630 ;   0.818 ; FF ; IC   ; 24     ; DSP_X54_Y26_N0            ; ascal|Mult12~8|ay[18]                                                                ;
;   15.179 ;   3.549 ; FR ; CELL ; 1      ; DSP_X54_Y26_N0            ; ascal:ascal|o_adrs_pre[13]_OTERM181                                                  ;
+----------+---------+----+------+--------+---------------------------+--------------------------------------------------------------------------------------+

+-------------------------------------------------------------------------------------------------------------------------------------------------------------+
; Data Required Path                                                                                                                                          ;
+----------+----------+----+------+--------+---------------------------+--------------------------------------------------------------------------------------+
; Total    ; Incr     ; RF ; Type ; Fanout ; Location                  ; Element                                                                              ;
+----------+----------+----+------+--------+---------------------------+--------------------------------------------------------------------------------------+
; 6.732    ; 6.732    ;    ;      ;        ;                           ; latch edge time                                                                      ;
; 15.510   ; 8.778    ;    ;      ;        ;                           ; clock path                                                                           ;
;   6.732  ;   0.000  ;    ;      ;        ;                           ; source latency                                                                       ;
;   6.732  ;   0.000  ;    ;      ; 1      ; PIN_V11                   ; FPGA_CLK1_50                                                                         ;
;   6.732  ;   0.000  ; RR ; IC   ; 1      ; IOIBUF_X32_Y0_N1          ; FPGA_CLK1_50~input|i                                                                 ;
;   7.493  ;   0.761  ; RR ; CELL ; 2      ; IOIBUF_X32_Y0_N1          ; FPGA_CLK1_50~input|o                                                                 ;
;   8.654  ;   1.161  ; RR ; IC   ; 1      ; PLLREFCLKSELECT_X0_Y7_N0  ; pll_hdmi|pll_hdmi_inst|altera_pll_i|cyclonev_pll|fpll_0|REFCLK_SELECT|clkin[0]       ;
;   8.962  ;   0.308  ; RR ; CELL ; 1      ; PLLREFCLKSELECT_X0_Y7_N0  ; pll_hdmi|pll_hdmi_inst|altera_pll_i|cyclonev_pll|fpll_0|REFCLK_SELECT|clkout         ;
;   8.962  ;   0.000  ; RR ; IC   ; 10     ; FRACTIONALPLL_X0_Y1_N0    ; pll_hdmi|pll_hdmi_inst|altera_pll_i|cyclonev_pll|fpll_0|fpll|refclkin                ;
;   8.811  ;   -0.151 ; RR ; COMP ; 1      ; FRACTIONALPLL_X0_Y1_N0    ; pll_hdmi|pll_hdmi_inst|altera_pll_i|cyclonev_pll|fpll_0|fpll|vcoph[0]                ;
;   8.811  ;   0.000  ; RR ; IC   ; 1      ; PLLOUTPUTCOUNTER_X0_Y5_N1 ; pll_hdmi|pll_hdmi_inst|altera_pll_i|cyclonev_pll|counter[0].output_counter|vco0ph[0] ;
;   10.277 ;   1.466  ; RR ; CELL ; 3      ; PLLOUTPUTCOUNTER_X0_Y5_N1 ; pll_hdmi|pll_hdmi_inst|altera_pll_i|cyclonev_pll|counter[0].output_counter|divclk    ;
;   11.282 ;   1.005  ; RR ; IC   ; 1      ; CLKCTRL_G5                ; pll_hdmi|pll_hdmi_inst|altera_pll_i|cyclonev_pll|divclk[0]~CLKENA0|inclk             ;
;   11.561 ;   0.279  ; RR ; CELL ; 3656   ; CLKCTRL_G5                ; pll_hdmi|pll_hdmi_inst|altera_pll_i|cyclonev_pll|divclk[0]~CLKENA0|outclk            ;
;   13.387 ;   1.826  ; RR ; IC   ; 39     ; DSP_X54_Y26_N0            ; ascal|Mult12~8|clk[0]                                                                ;
;   14.170 ;   0.783  ; RR ; CELL ; 1      ; DSP_X54_Y26_N0            ; ascal:ascal|o_adrs_pre[13]_OTERM181                                                  ;
;   15.510 ;   1.340  ;    ;      ;        ;                           ; clock pessimism removed                                                              ;
; 15.310   ; -0.200   ;    ;      ;        ;                           ; clock uncertainty                                                                    ;
; 15.310   ; 0.000    ;    ; uTsu ; 1      ; DSP_X54_Y26_N0            ; ascal:ascal|o_adrs_pre[13]_OTERM181                                                  ;
+----------+----------+----+------+--------+---------------------------+--------------------------------------------------------------------------------------+

----------------------------
; Extra Fitter Information ;
----------------------------
HTML report is unavailable in plain text report export.


