cycle,event,id,field,byte,selected_id,candidate_id,candidate_ready,cadence_slot,pts_active,pts_due,stc,display_pts,display_pts_valid,tff,rff,present,generation,decoder_wait,presentation_wait,destination_wait,writer_wait,state,decoder_ready,cache_ready,prefill_miss,phase_error,overlap_error,progressive,descriptor_valid,active_bank,display_bank,pending_bank,secondary_valid,secondary_bank,ordinary_decode_open
0,PTS,0,0,0,0,0,0,1,0,0,0,0,0,1,0,0,0,0,0,0,0,2147483648,0,0,0,0,0,0,0,0,0,0,0,0,0
172,START,0,0,166,0,0,0,1,0,0,48003,0,0,1,0,0,0,7,0,0,0,2147483648,1,0,0,0,0,0,0,0,0,0,0,0,0
994754,SELECT,0,0,4484,0,0,0,1,0,0,49495,0,0,1,0,0,0,990270,0,0,0,2147483648,0,0,0,0,0,0,0,0,0,0,0,0,0
1692822,START,1,0,7506,0,0,0,0,0,0,50542,0,0,1,0,0,1,1685317,0,0,0,2147483648,1,0,0,0,0,0,0,0,0,0,0,0,0
1692823,READY,0,0,7506,0,0,0,0,0,0,50542,0,0,1,0,0,1,1685317,0,0,0,2147483648,0,0,0,0,0,0,0,1,0,0,0,0,0
1909960,FIELD,0,0,7660,0,0,0,0,0,0,50867,48003,1,1,0,0,1,1902300,0,0,112,3221225472,0,1,0,0,0,1,1,1,0,0,0,0,0
2383038,READY,1,1,7889,0,0,0,0,0,0,51577,48003,1,1,0,0,1,2375150,0,0,112,3221225472,1,1,0,0,0,1,1,2,0,0,0,0,0
2383039,START,2,1,7890,0,1,0,0,0,0,51577,48003,1,1,0,0,1,2375150,0,0,112,3288334336,1,1,0,0,0,1,1,2,0,1,0,0,0
2622846,PTS,1,1,8065,0,1,0,0,0,0,51937,48003,1,1,0,0,1,2614782,0,0,112,1073742405,1,1,0,0,0,1,1,2,0,1,0,0,0
2912866,FIELD,0,1,8224,0,1,0,0,0,0,52372,48003,1,1,0,0,1,2904642,0,0,112,1073742405,0,1,0,0,0,1,1,2,0,1,0,0,0
2996760,PUBLISH,0,2,8272,0,1,0,0,0,0,52498,48003,1,1,0,1,1,2988488,0,0,112,1073742405,0,1,0,0,0,1,1,2,0,1,0,0,0
3038691,READY,2,2,8272,0,1,0,0,0,0,52561,48003,1,1,0,1,1,3030419,0,0,2108,1073742405,0,1,0,0,0,1,1,2,0,1,0,0,0
3038693,START,3,2,8274,0,2,1,0,0,0,52561,48003,1,1,0,1,1,3030420,0,0,2108,1073742409,1,1,0,0,0,1,1,2,0,1,0,0,0
3725255,READY,3,2,8656,0,2,1,0,0,0,53590,48003,1,1,0,1,1,3716599,0,0,35014,1073742925,0,1,0,0,0,1,1,2,0,1,0,0,0
3725257,START,4,2,8658,0,2,1,0,0,0,53590,48003,1,1,0,1,1,3716600,0,0,35014,1073742937,1,1,0,0,0,1,1,2,0,1,0,0,0
3911960,FIELD,0,2,8788,0,2,1,0,0,0,53870,48003,1,1,0,1,1,3903172,0,0,42308,1073744987,0,1,0,0,0,1,1,2,0,1,0,0,0
4440000,READY,4,3,9041,0,2,1,0,0,0,54662,48003,1,1,0,1,1,4430960,0,0,59633,1073744987,1,1,0,0,0,1,1,0,0,1,0,0,0
4914866,FIELD,0,3,9041,0,2,1,1,0,0,55375,48003,1,1,0,1,1,4430960,474865,0,59633,1140855899,1,1,0,0,0,1,1,0,0,2,0,0,0
4914867,SELECT,2,4,9041,2,3,1,0,1,0,55375,48003,0,1,1,1,1,4430960,474866,0,59633,1140856179,1,1,0,0,0,1,1,0,0,2,0,0,0
4998760,PUBLISH,2,4,9041,2,3,1,0,1,0,55501,48003,0,1,1,1,2,4430960,558759,0,59633,1140856179,1,1,0,0,0,1,1,0,0,2,0,0,0
5913960,FIELD,2,4,9041,2,3,1,0,1,1,56873,48003,0,1,1,1,2,4430960,1473959,0,59633,1140856179,1,1,0,0,0,1,1,0,0,2,0,0,0
6916866,FIELD,2,5,9041,2,3,1,0,1,1,58378,48003,0,1,1,1,2,4430960,2476865,0,59633,1140856179,1,1,0,0,0,1,1,0,0,2,0,0,0
7915960,FIELD,2,6,9041,2,3,1,1,1,1,59876,48003,0,1,1,1,2,4430960,3475959,0,59633,1140856179,1,1,0,0,0,1,1,0,0,2,0,0,0
7915961,START,5,7,9042,3,1,1,0,0,0,59876,55511,1,0,0,1,2,4430960,3475960,0,59633,1140856131,1,1,0,0,0,1,1,0,0,2,0,0,0
7915961,SELECT,3,7,9042,3,1,1,0,0,0,59876,55511,1,0,0,1,2,4430960,3475960,0,59633,1140856131,1,1,0,0,0,1,1,0,0,2,0,0,0
8003666,PUBLISH,3,7,9136,3,1,1,0,0,0,60008,55511,1,0,0,1,3,4518570,3475960,0,59697,1091872067,0,1,0,0,0,1,1,0,0,2,0,0,0
8598291,READY,5,7,9424,3,1,1,0,0,0,60900,55511,1,0,0,1,3,5112907,3475960,0,88251,1091872067,0,1,0,0,0,1,1,0,0,2,0,0,0
8918866,FIELD,3,7,9425,3,1,1,0,0,0,61381,55511,1,0,0,1,3,5112908,3796533,0,88251,1091904835,1,1,0,0,0,1,1,0,0,2,0,0,0
9917960,FIELD,3,8,9425,3,1,1,1,0,0,62879,55511,1,0,0,1,3,5112908,4795627,0,88251,1091904835,1,1,0,0,0,1,1,0,0,2,0,0,0
9917961,SELECT,1,9,9425,1,4,0,0,0,0,62879,48003,0,0,1,1,3,5112908,4795628,0,88251,1125459203,1,1,0,0,0,1,1,0,1,2,0,0,0
9917962,START,6,9,9426,1,5,1,0,0,0,62879,48003,0,0,1,1,4,5112908,4795629,0,88251,1073742409,1,0,0,0,0,1,1,0,1,2,0,0,0
10005666,PUBLISH,1,9,9520,1,5,1,0,0,0,63011,48003,0,0,1,1,4,5200517,4795629,0,88315,1073742925,0,1,0,0,0,1,1,0,1,2,0,0,0
10600291,READY,6,9,9808,1,5,1,0,0,0,63903,48003,0,0,1,1,4,5794854,4795629,0,116869,1073742925,0,1,0,0,0,1,1,0,1,2,0,0,0
10600293,START,7,9,9810,1,5,1,0,0,0,63903,48003,0,0,1,1,4,5794855,4795629,0,116869,1073742937,1,1,0,0,0,1,1,0,1,2,0,0,0
10920866,FIELD,1,9,10012,1,5,1,0,0,0,64384,48003,0,0,1,1,4,6115225,4795629,0,129568,1073744987,0,1,0,0,0,1,1,0,1,2,0,0,0
11315270,READY,7,10,10193,1,5,1,0,0,0,64975,48003,0,0,1,1,4,6509449,4795629,0,141785,1073744987,1,1,0,0,0,1,1,1,1,2,0,0,0
11919960,FIELD,1,10,10193,1,5,1,0,0,0,65882,48003,0,0,1,1,4,6509449,5400318,0,141785,1140855899,1,1,0,0,0,1,1,1,1,0,0,0,0
12922866,FIELD,1,11,10193,1,5,1,1,0,0,67387,48003,0,0,1,1,4,6509449,6403224,0,141785,1140855899,1,1,0,0,0,1,1,1,1,0,0,0,0
12922867,SELECT,5,12,10193,5,6,1,0,0,0,67387,55511,0,1,0,1,4,6509449,6403225,0,141785,1140856179,1,1,0,0,0,1,1,1,1,0,0,0,0
13006760,PUBLISH,5,12,10193,5,6,1,0,0,0,67513,55511,0,1,0,1,5,6509449,6487118,0,141785,1140856179,1,1,0,0,0,1,1,1,1,0,0,0,0
13921960,FIELD,5,12,10193,5,6,1,0,0,0,68885,55511,0,1,0,1,5,6509449,7402318,0,141785,1140856179,1,1,0,0,0,1,1,1,1,0,0,0,0
14924867,FIELD,5,13,10193,5,6,1,1,0,0,70390,55511,0,1,0,1,5,6509449,8405225,0,141785,1140856179,1,1,0,0,0,1,1,1,1,0,0,0,0
14924868,START,8,14,10194,6,4,1,0,0,0,70390,55511,0,1,1,1,5,6509449,8405226,0,141785,1140856131,1,1,0,0,0,1,1,1,1,0,0,0,0
14924868,SELECT,6,14,10194,6,4,1,0,0,0,70390,55511,0,1,1,1,5,6509449,8405226,0,141785,1140856131,1,1,0,0,0,1,1,1,1,0,0,0,0
15008760,PUBLISH,6,14,10276,6,4,1,0,0,0,70516,55511,0,1,1,1,6,6593258,8405226,0,141849,1091872067,0,1,0,0,0,1,1,1,1,0,0,0,0
15607358,READY,8,14,10576,6,4,1,0,0,0,71414,55511,0,1,1,1,6,7191556,8405226,0,170563,1091872067,0,1,0,0,0,1,1,1,1,0,0,0,0
15923960,FIELD,6,14,10577,6,4,1,0,0,0,71888,55511,0,1,1,1,6,7191557,8721826,0,170563,1091904835,1,1,0,0,0,1,1,1,1,0,0,0,0
16926867,FIELD,6,15,10577,6,4,1,0,0,0,73393,55511,0,1,1,1,6,7191557,9724733,0,170563,1091904835,1,1,0,0,0,1,1,1,1,0,0,0,0
17925960,FIELD,6,16,10577,6,4,1,1,0,0,74891,55511,0,1,1,1,6,7191557,10723826,0,170563,1091904835,1,1,0,0,0,1,1,1,1,0,0,0,0
17925961,SELECT,4,17,10577,4,7,0,0,0,0,74891,55511,0,0,0,1,6,7191557,10723827,0,170563,1125459203,1,1,0,0,0,1,1,1,2,0,0,0,0
17925962,START,9,17,10578,4,8,1,0,0,0,74891,55511,0,0,0,1,7,7191557,10723828,0,170563,1073742409,1,0,0,0,0,1,1,1,2,0,0,0,0
18013666,PUBLISH,4,17,10672,4,8,1,0,0,0,75023,55511,0,0,0,1,7,7279166,10723828,0,170627,1073742925,0,1,0,0,0,1,1,1,2,0,0,0,0
18608291,READY,9,17,10960,4,8,1,0,0,0,75915,55511,0,0,0,1,7,7873503,10723828,0,199181,1073742925,0,1,0,0,0,1,1,1,2,0,0,0,0
18608293,START,10,17,10962,4,8,1,0,0,0,75915,55511,0,0,0,1,7,7873504,10723828,0,199181,1073742937,1,1,0,0,0,1,1,1,2,0,0,0,0
18928867,FIELD,4,17,11164,4,8,1,0,0,0,76396,55511,0,0,0,1,7,8193875,10723828,0,211880,1073744987,0,1,0,0,0,1,1,1,2,0,0,0,0
19323270,READY,10,18,11345,4,8,1,0,0,0,76987,55511,0,0,0,1,7,8588098,10723828,0,224097,1073744987,1,1,0,0,0,1,1,2,2,0,0,0,0
19927960,FIELD,4,18,11345,4,8,1,1,0,0,77894,55511,0,0,0,1,7,8588098,11328517,0,224097,1140855899,1,1,0,0,0,1,1,2,2,1,0,0,0
19927961,SELECT,8,19,11345,8,9,1,0,0,0,77894,55511,0,0,1,1,7,8588098,11328518,0,224097,1140856179,1,1,0,0,0,1,1,2,2,1,0,0,0
20015666,PUBLISH,8,19,11345,8,9,1,0,0,0,78026,55511,0,0,1,1,8,8588098,11416223,0,224097,1140856179,1,1,0,0,0,1,1,2,2,1,0,0,0
20930867,FIELD,8,19,11345,8,9,1,0,0,0,79399,55511,0,0,1,1,8,8588098,12331424,0,224097,1140856179,1,1,0,0,0,1,1,2,2,1,0,0,0
21929960,FIELD,8,20,11345,8,9,1,0,0,0,80897,55511,0,0,1,1,8,8588098,13330517,0,224097,1140856179,1,1,0,0,0,1,1,2,2,1,0,0,0
22932867,FIELD,8,21,11345,8,9,1,1,0,0,82402,55511,0,0,1,1,8,8588098,14333424,0,224097,1140856179,1,1,0,0,0,1,1,2,2,1,0,0,0
22932868,START,11,22,11346,9,7,1,0,0,0,82402,55511,0,1,0,1,8,8588098,14333425,0,224097,1140856131,1,1,0,0,0,1,1,2,2,1,0,0,0
22932868,SELECT,9,22,11346,9,7,1,0,0,0,82402,55511,0,1,0,1,8,8588098,14333425,0,224097,1140856131,1,1,0,0,0,1,1,2,2,1,0,0,0
23016760,PUBLISH,9,22,11428,9,7,1,0,0,0,82528,55511,0,1,0,1,9,8671907,14333425,0,224161,1091872067,0,1,0,0,0,1,1,2,2,1,0,0,0
23615358,READY,11,22,11728,9,7,1,0,0,0,83426,55511,0,1,0,1,9,9270205,14333425,0,252875,1091872067,0,1,0,0,0,1,1,2,2,1,0,0,0
23931960,FIELD,9,22,11729,9,7,1,0,0,0,83900,55511,0,1,0,1,9,9270206,14650025,0,252875,1091904835,1,1,0,0,0,1,1,2,2,1,0,0,0
24934867,FIELD,9,23,11729,9,7,1,1,0,0,85405,55511,0,1,0,1,9,9270206,15652932,0,252875,1091904835,1,1,0,0,0,1,1,2,2,1,0,0,0
24934868,SELECT,7,24,11729,7,10,0,0,0,0,85405,55511,0,1,1,1,9,9270206,15652933,0,252875,1125459203,1,1,0,0,0,1,1,2,0,1,0,0,0
24935029,START,12,24,11890,7,11,1,0,0,0,85405,55511,0,1,1,0,10,9270206,15652934,0,252875,1073742409,1,0,0,0,0,1,1,2,0,1,0,0,0
25018760,PUBLISH,7,24,12270,7,11,1,0,0,0,85531,55511,0,1,1,1,10,9353556,15652934,0,252875,1073744459,0,1,0,0,0,1,1,2,0,1,0,0,0
25933960,FIELD,7,24,16226,7,11,1,0,0,0,86903,55511,0,1,1,1,10,10264800,15652934,0,274848,1073744459,0,1,0,0,0,1,1,2,0,1,0,0,0
26384422,PTS,2,25,18175,7,11,1,0,0,0,87579,55511,0,1,1,1,10,10713314,15652934,0,283574,1073744459,1,1,0,0,0,1,1,2,0,1,0,0,0
26627679,START,13,25,19230,7,11,1,0,0,0,87944,55511,0,1,1,1,10,10955516,15652934,0,289610,1073744459,1,1,0,0,0,1,1,2,0,1,0,0,0
26627680,READY,12,25,19230,7,11,1,0,0,0,87944,55511,0,1,1,1,10,10955516,15652934,0,289610,1073744459,1,1,0,0,0,1,1,0,0,1,0,0,0
26936867,FIELD,7,25,19432,7,11,1,0,0,0,88408,55511,0,1,1,1,10,11264500,15652935,0,304370,1628742219,0,1,0,0,0,1,1,0,0,2,0,0,0
27309813,READY,13,26,19612,7,11,1,0,0,0,88967,55511,0,1,1,1,10,11637266,15652935,0,318087,1628742219,0,1,0,0,0,1,1,0,0,2,0,0,0
27935960,FIELD,7,26,19613,7,11,1,1,0,0,89906,55511,0,1,1,1,10,11637267,16279080,0,318087,1628840523,1,1,0,0,0,1,1,0,0,2,0,0,0
27935961,SELECT,11,27,19613,11,10,1,0,0,0,89906,55511,0,0,0,1,10,11637267,16279081,0,318087,1628840803,1,1,0,0,0,1,1,0,0,2,0,0,0
28023667,PUBLISH,11,27,19613,11,10,1,0,0,0,90038,55511,0,0,0,1,11,11637267,16366787,0,318087,1628840803,1,1,0,0,0,1,1,0,0,2,0,0,0
28938867,FIELD,11,27,19613,11,10,1,0,0,0,91411,55511,0,0,0,1,11,11637267,17281987,0,318087,1628840803,1,1,0,0,0,1,1,0,0,2,0,0,0
29937960,FIELD,11,28,19613,11,10,1,1,0,0,92909,55511,0,0,0,1,11,11637267,18281080,0,318087,1628840803,1,1,0,0,0,1,1,0,0,2,0,0,0
29937961,SELECT,10,29,19613,10,12,0,0,0,0,92909,55511,0,0,1,1,11,11637267,18281081,0,318087,1662395171,1,1,0,0,0,1,1,0,1,2,0,0,0
29937962,START,14,29,19614,10,13,1,0,1,0,92909,55511,0,0,1,1,12,11637267,18281082,0,318087,1610613361,1,0,0,0,0,1,1,0,1,2,0,0,0
30025667,PUBLISH,10,29,19708,10,13,1,0,1,0,93041,55511,0,0,1,1,12,11724877,18281082,0,318151,1610613877,0,1,0,0,0,1,1,0,1,2,0,0,0
30620291,READY,14,29,19996,10,13,1,0,1,1,93933,55511,0,0,1,1,12,12319213,18281082,0,346705,1610613877,0,1,0,0,0,1,1,0,1,2,0,0,0
30620293,START,15,29,19998,10,13,1,0,1,1,93933,55511,0,0,1,1,12,12319214,18281082,0,346705,1610613881,1,1,0,0,0,1,1,0,1,2,0,0,0
30940867,FIELD,10,29,20200,10,13,1,0,1,1,94414,55511,0,0,1,1,12,12639585,18281082,0,359404,1610615931,0,1,0,0,0,1,1,0,1,2,0,0,0
31335271,READY,15,30,20381,10,13,1,0,1,1,95005,55511,0,0,1,1,12,13033809,18281082,0,371622,1610615931,1,1,0,0,0,1,1,1,1,2,0,0,0
31939960,FIELD,10,30,20381,10,13,1,0,1,1,95912,55511,0,0,1,1,12,13033809,18885770,0,371622,1677726843,1,1,0,0,0,1,1,1,1,0,0,0,0
32942867,FIELD,10,31,20381,10,13,1,1,1,1,97417,55511,0,0,1,1,12,13033809,19888677,0,371622,1677726843,1,1,0,0,0,1,1,1,1,0,0,0,0
32942868,SELECT,13,32,20381,13,14,1,0,0,0,97417,93047,1,1,0,1,12,13033809,19888678,0,371622,1677727051,1,1,0,0,0,1,1,1,1,0,0,0,0
33026760,PUBLISH,13,32,20381,13,14,1,0,0,0,97543,93047,1,1,0,1,13,13033809,19972570,0,371622,1677727051,1,1,0,0,0,1,1,1,1,0,0,0,0
33941960,FIELD,13,32,20381,13,14,1,0,0,0,98915,93047,1,1,0,1,13,13033809,20887770,0,371622,1677727051,1,1,0,0,0,1,1,1,1,0,0,0,0
34944867,FIELD,13,33,20381,13,14,1,1,0,0,100420,93047,1,1,0,1,13,13033809,21890677,0,371622,1677727051,1,1,0,0,0,1,1,1,1,0,0,0,0
34944868,START,16,34,20382,14,12,1,0,0,0,100420,93047,0,1,1,1,13,13033809,21890678,0,371622,1677727075,1,1,0,0,0,1,1,1,1,0,0,0,0
34944868,SELECT,14,34,20382,14,12,1,0,0,0,100420,93047,0,1,1,1,13,13033809,21890678,0,371622,1677727075,1,1,0,0,0,1,1,1,1,0,0,0,0
35028760,PUBLISH,14,34,20464,14,12,1,0,0,0,100546,93047,0,1,1,1,14,13117618,21890678,0,371686,1628743011,0,1,0,0,0,1,1,1,1,0,0,0,0
35627358,READY,16,34,20764,14,12,1,0,0,0,101444,93047,0,1,1,1,14,13715916,21890678,0,400400,1628743011,0,1,0,0,0,1,1,1,1,0,0,0,0
35943960,FIELD,14,34,20765,14,12,1,0,0,0,101918,93047,0,1,1,1,14,13715917,22207278,0,400400,1628841315,1,1,0,0,0,1,1,1,1,0,0,0,0
36946867,FIELD,14,35,20765,14,12,1,0,0,0,103423,93047,0,1,1,1,14,13715917,23210185,0,400400,1628841315,1,1,0,0,0,1,1,1,1,0,0,0,0
37945960,FIELD,14,36,20765,14,12,1,1,0,0,104921,93047,0,1,1,1,14,13715917,24209278,0,400400,1628841315,1,1,0,0,0,1,1,1,1,0,0,0,0
37945961,SELECT,12,37,20765,12,15,0,0,0,0,104921,55511,0,0,0,1,14,13715917,24209279,0,400400,1662395683,1,1,0,0,0,1,1,1,2,0,0,0,0
37945962,START,17,37,20766,12,16,1,0,0,0,104921,55511,0,0,0,1,15,13715917,24209280,0,400400,1610613361,1,0,0,0,0,1,1,1,2,0,0,0,0
38033667,PUBLISH,12,37,20860,12,16,1,0,0,0,105053,55511,0,0,0,1,15,13803527,24209280,0,400464,1610613877,0,1,0,0,0,1,1,1,2,0,0,0,0
38628291,READY,17,37,21148,12,16,1,0,0,0,105945,55511,0,0,0,1,15,14397863,24209280,0,429018,1610613877,0,1,0,0,0,1,1,1,2,0,0,0,0
38628293,START,18,37,21150,12,16,1,0,0,0,105945,55511,0,0,0,1,15,14397864,24209280,0,429018,1610613881,1,1,0,0,0,1,1,1,2,0,0,0,0
38948867,FIELD,12,37,21352,12,16,1,0,0,0,106426,55511,0,0,0,1,15,14718235,24209280,0,441717,1610615931,0,1,0,0,0,1,1,1,2,0,0,0,0
39343271,READY,18,38,21533,12,16,1,0,0,0,107017,55511,0,0,0,1,15,15112459,24209280,0,453935,1610615931,1,1,0,0,0,1,1,2,2,0,0,0,0
39947960,FIELD,12,38,21533,12,16,1,1,0,0,107924,55511,0,0,0,1,15,15112459,24813968,0,453935,1677726843,1,1,0,0,0,1,1,2,2,1,0,0,0
39947961,SELECT,16,39,21533,16,17,1,0,0,0,107924,93047,0,0,1,1,15,15112459,24813969,0,453935,1677727051,1,1,0,0,0,1,1,2,2,1,0,0,0
40035667,PUBLISH,16,39,21533,16,17,1,0,0,0,108056,93047,0,0,1,1,16,15112459,24901675,0,453935,1677727051,1,1,0,0,0,1,1,2,2,1,0,0,0
40950867,FIELD,16,39,21533,16,17,1,0,0,0,109429,93047,0,0,1,1,16,15112459,25816875,0,453935,1677727051,1,1,0,0,0,1,1,2,2,1,0,0,0
41949960,FIELD,16,40,21533,16,17,1,0,0,0,110927,93047,0,0,1,1,16,15112459,26815968,0,453935,1677727051,1,1,0,0,0,1,1,2,2,1,0,0,0
42952867,FIELD,16,41,21533,16,17,1,1,0,0,112432,93047,0,0,1,1,16,15112459,27818875,0,453935,1677727051,1,1,0,0,0,1,1,2,2,1,0,0,0
42952868,START,19,42,21534,17,15,1,0,0,0,112432,93047,0,1,0,1,16,15112459,27818876,0,453935,1677727075,1,1,0,0,0,1,1,2,2,1,0,0,0
42952868,SELECT,17,42,21534,17,15,1,0,0,0,112432,93047,0,1,0,1,16,15112459,27818876,0,453935,1677727075,1,1,0,0,0,1,1,2,2,1,0,0,0
43036760,PUBLISH,17,42,21616,17,15,1,0,0,0,112558,93047,0,1,0,1,17,15196268,27818876,0,453999,1628743011,0,1,0,0,0,1,1,2,2,1,0,0,0
43635358,READY,19,42,21916,17,15,1,0,0,0,113456,93047,0,1,0,1,17,15794566,27818876,0,482713,1628743011,0,1,0,0,0,1,1,2,2,1,0,0,0
43951960,FIELD,17,42,21917,17,15,1,0,0,0,113930,93047,0,1,0,1,17,15794567,28135476,0,482713,1628841315,1,1,0,0,0,1,1,2,2,1,0,0,0
44954867,FIELD,17,43,21917,17,15,1,1,0,0,115435,93047,0,1,0,1,17,15794567,29138383,0,482713,1628841315,1,1,0,0,0,1,1,2,2,1,0,0,0
44954868,SELECT,15,44,21917,15,18,0,0,0,0,115435,93047,0,1,1,1,17,15794567,29138384,0,482713,1662395683,1,1,0,0,0,1,1,2,0,1,0,0,0
44954869,START,20,44,21918,15,19,1,0,0,0,115435,93047,0,1,1,1,18,15794567,29138385,0,482713,1610613361,1,0,0,0,0,1,1,2,0,1,0,0,0
45038760,PUBLISH,15,44,22000,15,19,1,0,0,0,115561,93047,0,1,1,1,18,15878375,29138385,0,482777,1610613877,0,1,0,0,0,1,1,2,0,1,0,0,0
45637358,READY,20,44,22300,15,19,1,0,0,0,116459,93047,0,1,1,1,18,16476673,29138385,0,511491,1610613877,0,1,0,0,0,1,1,2,0,1,0,0,0
45637360,START,21,44,22302,15,19,1,0,0,0,116459,93047,0,1,1,1,18,16476674,29138385,0,511491,1610613881,1,1,0,0,0,1,1,2,0,1,0,0,0
45953960,FIELD,15,44,22504,15,19,1,0,0,0,116933,93047,0,1,1,1,18,16793071,29138385,0,524050,1610615931,0,1,0,0,0,1,1,2,0,1,0,0,0
46352177,READY,21,45,22685,15,19,1,0,0,0,117531,93047,0,1,1,1,18,17191108,29138385,0,536247,1610615931,1,1,0,0,0,1,1,0,0,1,0,0,0
46956867,FIELD,15,45,22685,15,19,1,0,0,0,118438,93047,0,1,1,1,18,17191108,29743074,0,536247,1677726843,1,1,0,0,0,1,1,0,0,2,0,0,0
47955960,FIELD,15,46,22685,15,19,1,1,0,0,119936,93047,0,1,1,1,18,17191108,30742167,0,536247,1677726843,1,1,0,0,0,1,1,0,0,2,0,0,0
47955961,SELECT,19,47,22685,19,20,1,0,0,0,119936,93047,0,0,0,1,18,17191108,30742168,0,536247,1677727051,1,1,0,0,0,1,1,0,0,2,0,0,0
48043667,PUBLISH,19,47,22685,19,20,1,0,0,0,120068,93047,0,0,0,1,19,17191108,30829874,0,536247,1677727051,1,1,0,0,0,1,1,0,0,2,0,0,0
48958867,FIELD,19,47,22685,19,20,1,0,0,0,121441,93047,0,0,0,1,19,17191108,31745074,0,536247,1677727051,1,1,0,0,0,1,1,0,0,2,0,0,0
49957960,FIELD,19,48,22685,19,20,1,1,0,0,122939,93047,0,0,0,1,19,17191108,32744167,0,536247,1677727051,1,1,0,0,0,1,1,0,0,2,0,0,0
49957961,START,22,49,22686,20,18,1,0,0,0,122939,93047,0,0,1,1,19,17191108,32744168,0,536247,1677727075,1,1,0,0,0,1,1,0,0,2,0,0,0
49957961,SELECT,20,49,22686,20,18,1,0,0,0,122939,93047,0,0,1,1,19,17191108,32744168,0,536247,1677727075,1,1,0,0,0,1,1,0,0,2,0,0,0
50045667,PUBLISH,20,49,22780,20,18,1,0,0,0,123071,93047,0,0,1,1,20,17278719,32744168,0,536311,1628743011,0,1,0,0,0,1,1,0,0,2,0,0,0
50640291,READY,22,49,23068,20,18,1,0,0,0,123963,93047,0,0,1,1,20,17873055,32744168,0,564865,1628743011,0,1,0,0,0,1,1,0,0,2,0,0,0
50960867,FIELD,20,49,23069,20,18,1,0,0,0,124444,93047,0,0,1,1,20,17873056,33064742,0,564865,1628841315,1,1,0,0,0,1,1,0,0,2,0,0,0
51959960,FIELD,20,50,23069,20,18,1,0,0,0,125942,93047,0,0,1,1,20,17873056,34063835,0,564865,1628841315,1,1,0,0,0,1,1,0,0,2,0,0,0
52962867,FIELD,20,51,23069,20,18,1,1,0,0,127447,93047,0,0,1,1,20,17873056,35066742,0,564865,1628841315,1,1,0,0,0,1,1,0,0,2,0,0,0
52962868,SELECT,18,52,23069,18,21,0,0,0,0,127447,93047,0,1,0,1,20,17873056,35066743,0,564865,1662395683,1,1,0,0,0,1,1,0,1,2,0,0,0
52962869,START,23,52,23070,18,22,1,0,0,0,127447,93047,0,1,0,1,21,17873056,35066744,0,564865,1610613361,1,0,0,0,0,1,1,0,1,2,0,0,0
53046760,PUBLISH,18,52,23152,18,22,1,0,0,0,127573,93047,0,1,0,1,21,17956864,35066744,0,564929,1610613877,0,1,0,0,0,1,1,0,1,2,0,0,0
53645358,READY,23,52,23452,18,22,1,0,0,0,128471,93047,0,1,0,1,21,18555162,35066744,0,593643,1610613877,0,1,0,0,0,1,1,0,1,2,0,0,0
53645520,START,24,52,23614,18,22,1,0,0,0,128471,93047,0,1,0,1,21,18555163,35066744,0,593643,1610613881,1,1,0,0,0,1,1,0,1,2,0,0,0
53961960,FIELD,18,52,25000,18,22,1,0,0,0,128945,93047,0,1,0,1,21,18870216,35066744,0,601304,1610615931,0,1,0,0,0,1,1,0,1,2,0,0,0
54964867,FIELD,18,53,29361,18,22,1,1,0,0,130450,93047,0,1,0,1,21,19868762,35066744,0,622866,1610615931,0,1,0,0,0,1,1,0,1,2,0,0,0
54964868,SELECT,22,54,29361,22,23,1,0,0,0,130450,93047,0,1,1,1,21,19868763,35066744,0,622866,1610616139,0,1,0,0,0,1,1,0,1,2,0,0,0
55048760,PUBLISH,22,54,29720,22,23,1,0,0,0,130576,93047,0,1,1,1,22,19952296,35066744,0,623147,1610616139,0,1,0,0,0,1,1,0,1,2,0,0,0
55182845,PTS,3,54,30309,22,23,1,0,0,0,130777,93047,0,1,1,1,22,20085793,35066744,0,626350,1610616139,1,1,0,0,0,1,1,0,1,2,0,0,0
55338515,START,25,54,30982,22,23,1,0,0,0,131010,93047,0,1,1,1,22,20240790,35066744,0,630142,1610616139,1,1,0,0,0,1,1,0,1,2,0,0,0
55338516,READY,24,54,30982,22,23,1,0,0,0,131010,93047,0,1,1,1,22,20240790,35066744,0,630142,1610616139,1,1,0,0,0,1,1,1,1,2,0,0,0
55963960,FIELD,22,54,30982,22,23,1,0,0,0,131948,93047,0,1,1,1,22,20240790,35692188,0,630142,1677727051,1,1,0,0,0,1,1,1,1,0,0,0,0
56966867,FIELD,22,55,30982,22,23,1,0,0,0,133453,93047,0,1,1,1,22,20240790,36695095,0,630142,1677727051,1,1,0,0,0,1,1,1,1,0,0,0,0
57965960,FIELD,22,56,30982,22,23,1,1,0,0,134951,93047,0,1,1,1,22,20240790,37694188,0,630142,1677727051,1,1,0,0,0,1,1,1,1,0,0,0,0
57965961,SELECT,23,57,30982,23,21,1,0,0,0,134951,93047,0,0,0,1,22,20240790,37694189,0,630142,1677727075,1,1,0,0,0,1,1,1,1,0,0,0,0
58053667,PUBLISH,23,57,31076,23,21,1,0,0,0,135083,93047,0,0,0,1,23,20328401,37694190,0,630206,1628743011,0,1,0,0,0,1,1,1,1,0,0,0,0
58648292,READY,25,57,31380,23,21,1,0,0,0,135975,93047,0,0,0,1,23,20922722,37694190,0,658761,1628743011,0,1,0,0,0,1,1,1,1,0,0,0,0
58968867,FIELD,23,57,31381,23,21,1,0,0,0,136456,93047,0,0,0,1,23,20922723,38014763,0,658761,1628841315,1,1,0,0,0,1,1,1,1,0,0,0,0
59967960,FIELD,23,58,31381,23,21,1,1,0,0,137954,93047,0,0,0,1,23,20922723,39013856,0,658761,1628841315,1,1,0,0,0,1,1,1,1,0,0,0,0
59967961,SELECT,21,59,31381,21,24,0,0,0,0,137954,93047,0,0,1,1,23,20922723,39013857,0,658761,1662395683,1,1,0,0,0,1,1,1,2,0,0,0,0
59967962,START,26,59,31382,21,25,1,0,1,0,137954,93047,0,0,1,1,24,20922723,39013858,0,658761,1610613361,1,0,0,0,0,1,1,1,2,0,0,0,0
60055667,PUBLISH,21,59,31476,21,25,1,0,1,0,138086,93047,0,0,1,1,24,21010333,39013858,0,658825,1610613877,0,1,0,0,0,1,1,1,2,0,0,0,0
60650292,READY,26,59,31776,21,25,1,0,1,1,138978,93047,0,0,1,1,24,21604658,39013858,0,687380,1610613877,0,1,0,0,0,1,1,1,2,0,0,0,0
60650294,START,27,59,31778,21,25,1,0,1,1,138978,93047,0,0,1,1,24,21604659,39013858,0,687380,1610613881,1,1,0,0,0,1,1,1,2,0,0,0,0
60970867,FIELD,21,59,32180,21,25,1,0,1,1,139459,93047,0,0,1,1,24,21924829,39013858,0,700079,1610615931,0,1,0,0,0,1,1,1,2,0,0,0,0
61377307,READY,27,60,35357,21,25,1,0,1,1,140068,93047,0,0,1,1,24,22328093,39013858,0,712747,1610615931,1,1,0,0,0,1,1,2,2,0,0,0,0
61969960,FIELD,21,60,35357,21,25,1,0,1,1,140957,93047,0,0,1,1,24,22328093,39606510,0,712747,1677726843,1,1,0,0,0,1,1,2,2,1,0,0,0
62972867,FIELD,21,61,35357,21,25,1,1,1,1,142462,93047,0,0,1,1,24,22328093,40609417,0,712747,1677726843,1,1,0,0,0,1,1,2,2,1,0,0,0
62972868,SELECT,25,62,35357,25,26,1,0,0,0,142462,138092,1,1,0,1,24,22328093,40609418,0,712747,1677727051,1,1,0,0,0,1,1,2,2,1,0,0,0
63056760,PUBLISH,25,62,35357,25,26,1,0,0,0,142588,138092,1,1,0,1,25,22328093,40693310,0,712747,1677727051,1,1,0,0,0,1,1,2,2,1,0,0,0
63971960,FIELD,25,62,35357,25,26,1,0,0,0,143960,138092,1,1,0,1,25,22328093,41608510,0,712747,1677727051,1,1,0,0,0,1,1,2,2,1,0,0,0
64974867,FIELD,25,63,35357,25,26,1,1,0,0,145465,138092,1,1,0,1,25,22328093,42611417,0,712747,1677727051,1,1,0,0,0,1,1,2,2,1,0,0,0
64974868,START,28,64,35358,26,24,1,0,0,0,145465,138092,0,1,1,1,25,22328093,42611418,0,712747,1677727075,1,1,0,0,0,1,1,2,2,1,0,0,0
64974868,SELECT,26,64,35358,26,24,1,0,0,0,145465,138092,0,1,1,1,25,22328093,42611418,0,712747,1677727075,1,1,0,0,0,1,1,2,2,1,0,0,0
65058760,PUBLISH,26,64,35440,26,24,1,0,0,0,145591,138092,0,1,1,1,26,22411902,42611418,0,712811,1628743011,0,1,0,0,0,1,1,2,2,1,0,0,0
65657358,READY,28,64,35820,26,24,1,0,0,0,146489,138092,0,1,1,1,26,23010120,42611418,0,741525,1628743011,0,1,0,0,0,1,1,2,2,1,0,0,0
65973960,FIELD,26,64,35821,26,24,1,0,0,0,146963,138092,0,1,1,1,26,23010121,42928018,0,741525,1628841315,1,1,0,0,0,1,1,2,2,1,0,0,0
66976867,FIELD,26,65,35821,26,24,1,0,0,0,148468,138092,0,1,1,1,26,23010121,43930925,0,741525,1628841315,1,1,0,0,0,1,1,2,2,1,0,0,0
67975960,FIELD,26,66,35821,26,24,1,1,0,0,149966,138092,0,1,1,1,26,23010121,44930018,0,741525,1628841315,1,1,0,0,0,1,1,2,2,1,0,0,0
67975961,SELECT,24,67,35821,24,27,0,0,0,0,149966,93047,0,0,0,1,26,23010121,44930019,0,741525,1662395683,1,1,0,0,0,1,1,2,0,1,0,0,0
67975962,START,29,67,35822,24,28,1,0,0,0,149966,93047,0,0,0,1,27,23010121,44930020,0,741525,1610613361,1,0,0,0,0,1,1,2,0,1,0,0,0
68063667,PUBLISH,24,67,35916,24,28,1,0,0,0,150098,93047,0,0,0,1,27,23097731,44930020,0,741589,1610613877,0,1,0,0,0,1,1,2,0,1,0,0,0
68658292,READY,29,67,36332,24,28,1,0,0,0,150990,93047,0,0,0,1,27,23691940,44930020,0,770144,1610613877,0,1,0,0,0,1,1,2,0,1,0,0,0
68658294,START,30,67,36334,24,28,1,0,0,0,150990,93047,0,0,0,1,27,23691941,44930020,0,770144,1610613881,1,1,0,0,0,1,1,2,0,1,0,0,0
68978867,FIELD,24,67,36856,24,28,1,0,0,0,151471,93047,0,0,0,1,27,24011991,44930020,0,782843,1610615931,0,1,0,0,0,1,1,2,0,1,0,0,0
69925607,READY,30,68,45261,24,28,1,0,0,0,152891,93047,0,0,0,1,27,24950327,44930020,0,796176,1610615931,1,1,0,0,0,1,1,0,0,1,0,0,0
69977961,FIELD,24,68,45261,24,28,1,1,0,0,152969,93047,0,0,0,1,27,24950327,44982373,0,796176,1677726843,1,1,0,0,0,1,1,0,0,2,0,0,0
69977962,SELECT,28,69,45261,28,29,1,0,0,0,152969,138092,0,0,1,1,27,24950327,44982374,0,796176,1677727051,1,1,0,0,0,1,1,0,0,2,0,0,0
70065667,PUBLISH,28,69,45261,28,29,1,0,0,0,153101,138092,0,0,1,1,28,24950327,45070079,0,796176,1677727051,1,1,0,0,0,1,1,0,0,2,0,0,0
70980867,FIELD,28,69,45261,28,29,1,0,0,0,154474,138092,0,0,1,1,28,24950327,45985279,0,796176,1677727051,1,1,0,0,0,1,1,0,0,2,0,0,0
71979961,FIELD,28,70,45261,28,29,1,0,0,0,155972,138092,0,0,1,1,28,24950327,46984373,0,796176,1677727051,1,1,0,0,0,1,1,0,0,2,0,0,0
72982867,FIELD,28,71,45261,28,29,1,1,0,0,157477,138092,0,0,1,1,28,24950327,47987279,0,796176,1677727051,1,1,0,0,0,1,1,0,0,2,0,0,0
72982868,START,31,72,45262,29,27,1,0,0,0,157477,138092,0,1,0,1,28,24950327,47987280,0,796176,1677727075,1,1,0,0,0,1,1,0,0,2,0,0,0
72982868,SELECT,29,72,45262,29,27,1,0,0,0,157477,138092,0,1,0,1,28,24950327,47987280,0,796176,1677727075,1,1,0,0,0,1,1,0,0,2,0,0,0
73066760,PUBLISH,29,72,45344,29,27,1,0,0,0,157603,138092,0,1,0,1,29,25034136,47987280,0,796326,1811944803,0,1,0,0,0,1,1,0,0,2,0,0,1
73981961,FIELD,29,72,53568,29,27,1,0,0,0,158975,138092,0,1,0,1,29,25941113,47987280,0,821732,1811944803,0,1,0,0,0,1,1,0,0,2,0,0,1
73985890,READY,31,73,53569,29,27,1,0,0,0,158981,138092,0,1,0,1,29,25945042,47987280,0,821732,1811944803,1,1,0,0,0,1,1,1,0,2,0,0,1
74984867,FIELD,29,73,53569,29,27,1,1,0,0,160480,138092,0,1,0,1,29,25945042,48986256,0,821732,1811944803,1,1,0,0,0,1,1,1,0,2,1,0,0
74984868,START,32,74,53570,27,30,1,0,0,0,160480,138092,0,1,1,1,29,25945042,48986257,0,821732,3959424288,1,1,0,0,0,1,1,1,1,2,1,0,0
74984868,SELECT,27,74,53570,27,30,1,0,0,0,160480,138092,0,1,1,1,29,25945042,48986257,0,821732,3959424288,1,1,0,0,0,1,1,1,1,2,1,0,0
75068760,PUBLISH,27,74,53570,27,30,1,0,0,0,160606,138092,0,1,1,1,30,25945042,49070148,83891,821732,3959424288,1,1,0,0,0,1,1,1,1,2,1,0,0
75983961,FIELD,27,74,53570,27,30,1,0,0,0,161978,138092,0,1,1,1,30,25945042,49985349,999092,821732,3959424288,1,1,0,0,0,1,1,1,1,2,1,0,0
76986867,FIELD,27,75,53570,27,30,1,0,0,0,163483,138092,0,1,1,1,30,25945042,50988255,2001998,821732,3959424288,1,1,0,0,0,1,1,1,1,2,1,0,0
77985961,FIELD,27,76,53570,27,30,1,1,0,0,164981,138092,0,1,1,1,30,25945042,51987349,3001092,821732,3959424288,1,1,0,0,0,1,1,1,1,2,1,0,0
77985962,SELECT,30,77,53570,30,31,1,0,0,0,164981,138092,0,0,0,1,30,25945042,51987350,3001093,821732,3959424288,1,1,0,0,0,1,1,1,2,0,0,0,1
78073667,PUBLISH,30,77,53680,30,31,1,0,0,0,165113,138092,0,0,0,1,31,26032636,51987350,3001094,821732,3959424288,0,1,0,0,0,1,1,1,2,0,0,0,1
78988867,FIELD,30,77,63228,30,31,1,0,0,0,166486,138092,0,0,0,1,31,26938288,51987350,3001094,841793,3959424288,0,1,0,0,0,1,1,1,2,0,0,0,1
79308944,READY,32,78,66129,30,31,1,0,0,0,166966,138092,0,0,0,1,31,27255465,51987350,3001094,845630,3959424288,1,1,0,0,0,1,1,2,2,0,0,0,1
79308945,START,33,78,66130,30,31,1,0,0,0,166966,138092,0,0,0,1,31,27255465,51987350,3001094,845630,3959424288,1,1,0,0,0,1,1,2,2,0,1,1,0
79987961,FIELD,30,78,66130,30,31,1,1,0,0,167984,138092,0,0,0,1,31,27255465,52666365,3680109,845630,3959424288,1,1,0,0,0,1,1,2,2,0,1,1,0
79987962,SELECT,31,79,66130,31,32,1,0,0,0,167984,138092,0,0,1,1,31,27255465,52666366,3680110,845630,3959424288,1,1,0,0,0,1,1,2,0,1,0,1,1
80075667,PUBLISH,31,79,66248,31,32,1,0,0,0,168116,138092,0,0,1,1,32,27343051,52666366,3680111,845630,3959424288,0,1,0,0,0,1,1,2,0,1,0,1,1
80990867,FIELD,31,79,77256,31,32,1,0,0,0,169489,138092,0,0,1,1,32,28247243,52666366,3680111,865059,3959424288,0,1,0,0,0,1,1,2,0,1,0,1,1
81357215,READY,33,80,81921,31,32,1,0,0,0,170038,138092,0,0,1,1,32,28608927,52666366,3680111,869582,3959424288,1,1,0,0,0,1,1,0,0,1,0,1,1
81357216,START,34,80,81922,31,32,1,0,0,0,170038,138092,0,0,1,1,32,28608927,52666366,3680111,869582,3959424288,1,1,0,0,0,1,1,0,0,1,1,2,0
81989961,FIELD,31,80,81922,31,32,1,0,0,0,170987,138092,0,0,1,1,32,28608927,53299110,4312855,869582,3959424288,1,1,0,0,0,1,1,0,0,1,1,2,0
82992867,FIELD,31,81,81922,31,32,1,1,0,0,172492,138092,0,0,1,1,32,28608927,54302016,5315761,869582,3959424288,1,1,0,0,0,1,1,0,0,1,1,2,0
82992868,SELECT,32,82,81922,32,33,1,0,0,0,172492,138092,0,1,0,1,32,28608927,54302017,5315762,869582,3959424288,1,1,0,0,0,1,1,0,1,2,0,2,1
83076761,PUBLISH,32,82,82780,32,33,1,0,0,0,172618,138092,0,1,0,1,33,28691961,54302017,5315763,869582,3959424288,0,1,0,0,0,1,1,0,1,2,0,2,1
83991961,FIELD,32,82,97604,32,33,1,0,0,0,173990,138092,0,1,0,1,33,29592337,54302017,5315763,887651,3959424288,0,1,0,0,0,1,1,0,1,2,0,2,1
84613632,READY,34,83,106593,32,33,1,0,0,0,174923,138092,0,1,0,1,33,30205020,54302017,5315763,894411,3959424288,1,1,0,0,0,1,1,1,1,2,0,2,1
84613633,START,35,83,106594,32,33,1,0,0,0,174923,138092,0,1,0,1,33,30205020,54302017,5315763,894411,3959424288,1,1,0,0,0,1,1,1,1,2,1,0,0
84994867,FIELD,32,83,110052,32,33,1,1,0,0,175495,138092,0,1,0,1,33,30582794,54302018,5315763,910646,1811939909,0,1,0,0,0,1,1,1,1,2,0,0,0
84994868,SELECT,33,84,110052,33,33,0,0,0,0,175495,138092,0,1,1,1,33,30582795,54302018,5315763,910646,1610613317,0,1,0,0,0,1,1,1,2,2,0,0,0
85078761,PUBLISH,33,84,111176,33,33,0,0,0,0,175621,138092,0,1,1,1,34,30665564,54302018,5315763,910646,1610613317,0,1,0,0,0,1,1,1,2,2,0,0,0
85849515,READY,35,84,121848,33,33,0,0,0,0,176777,138092,0,1,1,1,34,31425646,54302018,5315763,928901,1610613317,0,1,0,0,0,1,1,1,2,2,0,0,0
85849677,START,36,84,122010,33,35,1,0,0,0,176777,138092,0,1,1,1,34,31425647,54302018,5315763,928901,1610613321,1,1,0,0,0,1,1,1,2,2,0,0,0
85993961,FIELD,33,84,123317,33,35,1,0,0,0,176993,138092,0,1,1,1,34,31568623,54302018,5315763,932462,1610615371,0,1,0,0,0,1,1,1,2,2,0,0,0
86996867,FIELD,33,85,138851,33,35,1,0,0,0,178498,138092,0,1,1,1,34,32555995,54302018,5315763,952413,1610615371,0,1,0,0,0,1,1,1,2,2,0,0,0
87760451,START,37,86,153550,33,35,1,0,0,0,179643,138092,0,1,1,1,34,33304881,54302018,5315763,966755,1610615371,1,1,0,0,0,1,1,1,2,2,0,0,0
87760452,READY,36,86,153550,33,35,1,0,0,0,179643,138092,0,1,1,1,34,33304881,54302018,5315763,966755,1610615371,0,1,0,0,0,1,1,2,2,2,0,0,0
87995961,FIELD,33,86,153550,33,35,1,1,0,0,179996,138092,0,1,1,1,34,33304888,54537527,5315763,966755,1811944011,1,1,0,0,0,1,1,2,2,1,0,0,0
87995962,SELECT,35,87,153550,35,34,1,0,0,0,179996,138092,0,0,0,1,34,33304888,54537528,5315763,966755,1811944291,1,1,0,0,0,1,1,2,2,1,0,0,0
88083667,PUBLISH,35,87,154968,35,34,1,0,0,0,180128,138092,0,0,0,1,35,33391174,54537529,5315763,966755,1811944291,0,1,0,0,0,1,1,2,2,1,0,0,1
88998867,FIELD,35,87,168788,35,34,1,0,0,0,181501,138092,0,0,0,1,35,34292554,54537529,5315763,986711,1811944291,0,1,0,0,0,1,1,2,2,1,0,0,1
89333365,READY,37,88,173169,35,34,1,0,0,0,182003,138092,0,0,0,1,35,34622672,54537529,5315763,992117,1811944291,1,1,0,0,0,1,1,0,2,1,0,0,1
89997961,FIELD,35,88,173169,35,34,1,1,0,0,182999,138092,0,0,0,1,35,34622672,55202124,5315763,992117,1811944291,1,1,0,0,0,1,1,0,2,1,1,2,0
89997962,START,38,89,173170,34,36,1,0,0,0,182999,138092,0,0,1,1,35,34622672,55202125,5315763,992117,3959423776,1,1,0,0,0,1,1,0,0,1,1,2,0
89997962,SELECT,34,89,173170,34,36,1,0,0,0,182999,138092,0,0,1,1,35,34622672,55202125,5315763,992117,3959423776,1,1,0,0,0,1,1,0,0,1,1,2,0
90085667,PUBLISH,34,89,173170,34,36,1,0,0,0,183131,138092,0,0,1,1,36,34622672,55289829,5403467,992117,3959423776,1,1,0,0,0,1,1,0,0,1,1,2,0
91000867,FIELD,34,89,173170,34,36,1,0,0,0,184504,138092,0,0,1,1,36,34622672,56205029,6318667,992117,3959423776,1,1,0,0,0,1,1,0,0,1,1,2,0
91999961,FIELD,34,90,173170,34,36,1,0,0,0,186002,138092,0,0,1,1,36,34622672,57204123,7317761,992117,3959423776,1,1,0,0,0,1,1,0,0,1,1,2,0
93002867,FIELD,34,91,173170,34,36,1,1,0,0,187507,138092,0,0,1,1,36,34622672,58207029,8320667,992117,3959423776,1,1,0,0,0,1,1,0,0,1,1,2,0
93002868,SELECT,36,92,173170,36,37,1,0,0,0,187507,138092,0,1,0,1,36,34622672,58207030,8320668,992117,3959423776,1,1,0,0,0,1,1,0,1,2,0,2,1
93086761,PUBLISH,36,92,174668,36,37,1,0,0,0,187633,138092,0,1,0,1,37,34705066,58207030,8320669,992117,3959423776,0,1,0,0,0,1,1,0,1,2,0,2,1
94001961,FIELD,36,92,188571,36,37,1,0,0,0,189005,138092,0,1,0,1,37,35606364,58207030,8320669,1009355,3959423776,1,1,0,0,0,1,1,0,1,2,0,2,1
94590163,READY,38,93,196633,36,37,1,0,0,0,189888,138092,0,1,0,1,37,36186504,58207030,8320669,1018156,3959423776,1,1,0,0,0,1,1,1,1,2,0,2,1
94590164,START,39,93,196634,36,37,1,0,0,0,189888,138092,0,1,0,1,37,36186504,58207030,8320669,1018156,3959423776,1,1,0,0,0,1,1,1,1,2,1,0,0
95004867,FIELD,36,93,196634,36,37,1,1,0,0,190510,138092,0,1,0,1,37,36186504,58621732,8735371,1018156,3959423776,1,1,0,0,0,1,1,1,1,2,1,0,0
95004868,SELECT,37,94,196634,37,38,1,0,0,0,190510,138092,0,1,1,1,37,36186504,58621733,8735372,1018156,3959423776,1,1,0,0,0,1,1,1,2,0,0,0,1
95088761,PUBLISH,37,94,197760,37,38,1,0,0,0,190636,138092,0,1,1,1,38,36269270,58621733,8735373,1018156,3959423776,0,1,0,0,0,1,1,1,2,0,0,0,1
96003961,FIELD,37,94,211948,37,38,1,0,0,0,192008,138092,0,1,1,1,38,37170282,58621733,8735373,1033878,3959423776,0,1,0,0,0,1,1,1,2,0,0,0,1
96920365,READY,39,95,225261,37,38,1,0,0,0,193383,138092,0,1,1,1,38,38073374,58621733,8735373,1045488,3959423776,1,1,0,0,0,1,1,2,2,0,0,0,1
96920366,START,40,95,225262,37,38,1,0,0,0,193383,138092,0,1,1,1,38,38073374,58621733,8735373,1045488,3959423776,1,1,0,0,0,1,1,2,2,0,1,1,0
97006867,FIELD,37,95,225262,37,38,1,0,0,0,193513,138092,0,1,1,1,38,38073374,58708233,8821873,1045488,3959423776,1,1,0,0,0,1,1,2,2,0,1,1,0
98005961,FIELD,37,96,225262,37,38,1,1,0,0,195011,138092,0,1,1,1,38,38073374,59707327,9820967,1045488,3959423776,1,1,0,0,0,1,1,2,2,0,1,1,0
98005962,SELECT,38,97,225262,38,39,1,0,0,0,195011,138092,0,0,0,1,38,38073374,59707328,9820968,1045488,3959423776,1,1,0,0,0,1,1,2,0,1,0,1,1
98093667,PUBLISH,38,97,226464,38,39,1,0,0,0,195143,138092,0,0,0,1,39,38159876,59707328,9820969,1045488,3959423776,0,1,0,0,0,1,1,2,0,1,0,1,1
99008868,FIELD,38,97,241340,38,39,1,0,0,0,196516,138092,0,0,0,1,39,39060201,59707328,9820969,1061123,3959423776,0,1,0,0,0,1,1,2,0,1,0,1,1
99996618,READY,40,98,257073,38,39,1,0,0,0,197997,138092,0,0,0,1,39,40032219,59707328,9820969,1072551,3959423776,1,1,0,0,0,1,1,0,0,1,0,1,1
99996619,START,41,98,257074,38,39,1,0,0,0,197997,138092,0,0,0,1,39,40032219,59707328,9820969,1072551,3959423776,1,1,0,0,0,1,1,0,0,1,1,2,0
100007961,FIELD,38,98,257074,38,39,1,1,0,0,198014,138092,0,0,0,1,39,40032219,59718669,9832310,1072551,3959423776,1,1,0,0,0,1,1,0,0,1,1,2,0
100007962,SELECT,39,99,257074,39,40,1,0,0,0,198014,138092,0,0,1,1,39,40032219,59718670,9832311,1072551,3959423776,1,1,0,0,0,1,1,0,1,2,0,2,1
100095667,PUBLISH,39,99,258356,39,40,1,0,0,0,198146,138092,0,0,1,1,40,40118641,59718670,9832312,1072551,3959423776,0,1,0,0,0,1,1,0,1,2,0,2,1
101010868,FIELD,39,99,272964,39,40,1,0,0,0,199519,138092,0,0,1,1,40,41019234,59718670,9832312,1087488,3959423776,0,1,0,0,0,1,1,0,1,2,0,2,1
102009961,FIELD,39,100,289916,39,40,1,0,0,0,201017,138092,0,0,1,1,40,42001375,59718670,9832312,1099838,3959423776,0,1,0,0,0,1,1,0,1,2,0,2,1
102022066,READY,41,101,289917,39,40,1,0,0,0,201036,138092,0,0,1,1,40,42013480,59718670,9832312,1099838,3959423776,1,1,0,0,0,1,1,1,1,2,0,2,1
102022067,START,42,101,289918,39,40,1,0,0,0,201036,138092,0,0,1,1,40,42013480,59718670,9832312,1099838,3959423776,1,1,0,0,0,1,1,1,1,2,1,0,0
103012868,FIELD,39,101,289918,39,40,1,1,0,0,202522,138092,0,0,1,1,40,42013480,60709470,10823112,1099838,3959423776,1,1,0,0,0,1,1,1,1,2,1,0,0
103012869,SELECT,40,102,289918,40,41,1,0,0,0,202522,138092,0,1,0,1,40,42013480,60709471,10823113,1099838,3959423776,1,1,0,0,0,1,1,1,2,0,0,0,1
103096761,PUBLISH,40,102,291648,40,41,1,0,0,0,202648,138092,0,1,0,1,41,42095641,60709471,10823114,1099838,3959423776,0,1,0,0,0,1,1,1,2,0,0,0,1
104011961,FIELD,40,102,307500,40,41,1,0,0,0,204020,138092,0,1,0,1,41,42994989,60709471,10823114,1112833,3959423776,0,1,0,0,0,1,1,1,2,0,0,0,1
105014868,FIELD,40,103,324836,40,41,1,1,0,0,205525,138092,0,1,0,1,41,43980560,60709471,10823114,1124522,3959423776,0,1,0,0,0,1,1,1,2,0,0,0,1
105014869,SELECT,41,104,324836,41,41,0,0,0,0,205525,138092,0,1,1,1,41,43980561,60709471,10823114,1124522,3758097184,0,1,0,0,0,1,1,1,0,0,0,0,1
105098761,PUBLISH,41,104,325532,41,41,0,0,0,0,205651,138092,0,1,1,1,42,44063757,60709471,10823114,1124768,3758097184,0,1,0,0,0,1,1,1,0,0,0,0,1
105137673,READY,42,104,325533,41,41,0,0,0,0,205709,138092,0,1,1,1,42,44102669,60709471,10823114,1125697,3758097184,1,1,0,0,0,1,1,2,0,0,0,0,1
105137674,START,43,104,325534,41,42,0,0,0,0,205709,138092,0,1,1,1,42,44102669,60709471,10823114,1125697,3825206048,1,1,0,0,0,1,1,2,0,1,0,0,0
106013961,FIELD,41,104,341628,41,42,1,0,0,0,207023,138092,0,1,1,1,42,44962861,60709471,10823114,1136804,3959423776,0,1,0,0,0,1,1,2,0,1,0,0,1
107016868,FIELD,41,105,359806,41,42,1,0,0,0,208528,138092,0,1,1,1,42,45947590,60709471,10823114,1148409,3959423776,0,1,0,0,0,1,1,2,0,1,0,0,1
107387284,READY,43,106,364861,41,42,1,0,0,0,209083,138092,0,1,1,1,42,46312952,60709471,10823114,1152543,3959423776,1,1,0,0,0,1,1,0,0,1,0,0,1
107387285,START,44,106,364862,41,42,1,0,0,0,209083,138092,0,1,1,1,42,46312952,60709471,10823114,1152543,3959423776,1,1,0,0,0,1,1,0,0,1,1,2,0
108015961,FIELD,41,106,364862,41,42,1,1,0,0,210026,138092,0,1,1,1,42,46312952,61338146,11451789,1152543,3959423776,1,1,0,0,0,1,1,0,0,1,1,2,0
108015962,SELECT,42,107,364862,42,43,1,0,0,0,210026,138092,0,0,0,1,42,46312952,61338147,11451790,1152543,3959423776,1,1,0,0,0,1,1,0,1,2,0,2,1
108103668,PUBLISH,42,107,367112,42,43,1,0,0,0,210158,138092,0,0,0,1,43,46398407,61338147,11451791,1152543,3959423776,0,1,0,0,0,1,1,0,1,2,0,2,1
109018868,FIELD,42,107,384020,42,43,1,0,0,0,211531,138092,0,0,0,1,43,47296699,61338147,11451791,1163641,3959423776,0,1,0,0,0,1,1,0,1,2,0,2,1
110017961,FIELD,42,108,401675,42,43,1,1,0,0,213029,138092,0,0,0,1,43,48278138,61338147,11451791,1174728,3959423776,1,1,0,0,0,1,1,0,1,2,0,2,1
110017962,SELECT,43,109,401676,43,43,0,0,0,0,213029,138092,0,0,1,1,43,48278138,61338147,11451791,1174728,3758097184,1,1,0,0,0,1,1,0,2,2,0,2,1
110105668,PUBLISH,43,109,403906,43,43,0,0,0,0,213161,138092,0,0,1,1,44,48363613,61338147,11451791,1175069,3758097184,0,1,0,0,0,1,1,0,2,2,0,2,1
110329749,READY,44,109,406525,43,43,0,0,0,0,213497,138092,0,0,1,1,44,48585076,61338147,11451791,1178579,3758097184,1,1,0,0,0,1,1,1,2,2,0,2,1
110329750,START,45,109,406526,43,44,0,0,0,0,213497,138092,0,0,1,1,44,48585076,61338147,11451791,1178579,3825206048,1,1,0,0,0,1,1,1,2,0,0,2,0
111020868,FIELD,43,109,420576,43,44,1,0,0,0,214534,138092,0,0,1,1,44,49262143,61338147,11451791,1186697,3959423776,0,1,0,0,0,1,1,1,2,0,0,2,1
112019961,FIELD,43,110,438068,43,44,1,0,0,0,216032,138092,0,0,1,1,44,50243744,61338147,11451791,1197017,3959423776,0,1,0,0,0,1,1,1,2,0,0,2,1
112679760,READY,45,111,449961,43,44,1,0,0,0,217022,138092,0,0,1,1,44,50891651,61338147,11451791,1204398,3959423776,1,1,0,0,0,1,1,2,2,0,0,2,1
112679761,START,46,111,449962,43,44,1,0,0,0,217022,138092,0,0,1,1,44,50891651,61338147,11451791,1204398,3959423776,1,1,0,0,0,1,1,2,2,0,1,1,0
113022868,FIELD,43,111,449962,43,44,1,1,0,0,217537,138092,0,0,1,1,44,50891651,61681253,11794897,1204398,3959423776,1,1,0,0,0,1,1,2,2,0,1,1,0
113022869,SELECT,44,112,449962,44,45,1,0,0,0,217537,138092,0,1,0,1,44,50891651,61681254,11794898,1204398,3959423776,1,1,0,0,0,1,1,2,0,1,0,1,1
113106761,PUBLISH,44,112,452392,44,45,1,0,0,0,217663,138092,0,1,0,1,45,50973112,61681254,11794899,1204398,3959423776,0,1,0,0,0,1,1,2,0,1,0,1,1
114021961,FIELD,44,112,469180,44,45,1,0,0,0,219035,138092,0,1,0,1,45,51871524,61681254,11794899,1215082,3959423776,0,1,0,0,0,1,1,2,0,1,0,1,1
115024868,FIELD,44,113,487672,44,45,1,1,0,0,220540,138092,0,1,0,1,45,52855939,61681254,11794899,1225893,3959423776,0,1,0,0,0,1,1,2,0,1,0,1,1
115024869,SELECT,45,114,487672,45,45,0,0,0,0,220540,138092,0,1,1,1,45,52855940,61681254,11794899,1225893,3758097184,0,1,0,0,0,1,1,2,1,1,0,1,1
115108761,PUBLISH,45,114,489320,45,45,0,0,0,0,220666,138092,0,1,1,1,46,52938184,61681254,11794899,1225893,3758097184,0,1,0,0,0,1,1,2,1,1,0,1,1
115312340,PTS,4,114,493672,45,45,0,0,0,0,220971,138092,0,1,1,1,46,53137412,61681254,11794899,1228044,3758097184,1,1,0,0,0,1,1,2,1,1,0,1,1
115456681,READY,46,114,494805,45,45,0,0,0,0,221188,138092,0,1,1,1,46,53280620,61681254,11794899,1230495,3758097184,1,1,0,0,0,1,1,0,1,1,0,1,1
115456682,START,47,114,494806,45,46,0,0,0,0,221188,138092,0,1,1,1,46,53280620,61681254,11794899,1230495,3825206048,1,1,0,0,0,1,1,0,1,2,0,1,0
116023961,FIELD,45,114,502480,45,46,0,0,0,0,222038,138092,0,1,1,1,46,53840224,61681254,11794899,1242062,1610613317,0,1,0,0,0,1,1,0,1,2,0,1,0
116944013,READY,47,115,512592,45,46,0,0,0,0,223419,138092,0,1,1,1,46,54750164,61681254,11794899,1260014,1610613317,0,1,0,0,0,1,1,0,1,2,0,1,0
116944175,START,48,115,512754,45,47,1,0,1,1,223419,138092,0,1,1,1,46,54750165,61681254,11794899,1260014,1610613321,1,1,0,0,0,1,1,0,1,2,0,1,0
117026868,FIELD,45,115,514206,45,47,1,0,1,1,223543,138092,0,1,1,1,46,54831405,61681254,11794899,1261596,1610615371,0,1,0,0,0,1,1,0,1,2,0,1,0
118025961,FIELD,45,116,535671,45,47,1,1,1,1,225041,138092,0,1,1,1,46,55809033,61681254,11794899,1280810,1610615371,0,1,0,0,0,1,1,0,1,2,0,1,0
118025962,SELECT,47,117,535671,47,46,1,0,0,0,225041,220673,1,0,0,1,46,55809034,61681254,11794899,1280810,1610615651,0,1,0,0,0,1,1,0,1,2,0,1,0
118113668,PUBLISH,47,117,538521,47,46,1,0,0,0,225173,220673,1,0,0,1,47,55893890,61681254,11794899,1281074,1610615651,0,1,0,0,0,1,1,0,1,2,0,1,0
118961894,START,49,117,556178,47,46,1,0,0,0,226445,220673,1,0,0,1,47,56724460,61681254,11794899,1299173,1610615651,1,1,0,0,0,1,1,0,1,2,0,1,0
118961895,READY,48,117,556178,47,46,1,0,0,0,226445,220673,1,0,0,1,47,56724460,61681254,11794899,1299173,1610615651,0,1,0,0,0,1,1,1,1,2,0,1,0
119028868,FIELD,47,117,557360,47,46,1,0,0,0,226546,220673,1,0,0,1,47,56790251,61681256,11794899,1300214,1811944291,0,1,0,0,0,1,1,1,1,0,0,1,1
120027961,FIELD,47,118,573904,47,46,1,1,0,0,228044,220673,1,0,0,1,47,57772800,61681256,11794899,1316057,1811944291,0,1,0,0,0,1,1,1,1,0,0,1,1
120027962,SELECT,46,119,573904,46,48,1,0,0,0,228044,138092,0,0,1,1,47,57772801,61681256,11794899,1316057,3959423776,0,1,0,0,0,1,1,1,2,0,0,1,1
120115668,PUBLISH,46,119,575648,46,48,1,0,0,0,228176,138092,0,0,1,1,48,57858763,61681256,11794899,1316057,3959423776,0,1,0,0,0,1,1,1,2,0,0,1,1
120556506,PTS,5,119,582695,46,48,1,0,0,0,228837,138092,0,0,1,1,48,58292555,61681256,11794899,1323385,3959423776,1,1,0,0,0,1,1,1,2,0,0,1,1
120619636,READY,49,119,582789,46,48,1,0,0,0,228932,138092,0,0,1,1,48,58355591,61681256,11794899,1325061,3959423776,1,1,0,0,0,1,1,2,2,0,0,1,1
120619637,START,50,119,582790,46,48,1,0,0,0,228932,138092,0,0,1,1,48,58355591,61681256,11794899,1325061,3959423776,1,1,0,0,0,1,1,2,2,0,1,1,0
121030868,FIELD,46,119,588972,46,48,1,0,0,0,229549,138092,0,0,1,1,48,58760638,61681257,11794899,1336170,1811939909,0,1,0,0,0,1,1,2,2,0,0,1,0
121746770,READY,50,120,598468,46,48,1,0,0,0,230623,138092,0,0,1,1,48,59467044,61681257,11794899,1353266,1811939909,0,1,0,0,0,1,1,2,2,0,0,1,0
121746772,START,51,120,598470,46,48,1,0,0,0,230623,138092,0,0,1,1,48,59467045,61681257,11794899,1353266,1811939913,1,1,0,0,0,1,1,2,2,0,0,1,0
122029961,FIELD,46,120,598470,46,48,1,0,0,0,231047,138092,0,0,1,1,48,59467045,61964445,12078087,1353266,1811941963,1,1,0,0,0,1,1,2,2,0,0,1,0
123032868,FIELD,46,121,598470,46,48,1,1,0,0,232552,138092,0,0,1,1,48,59467045,62967352,13080994,1353266,1811941963,1,1,0,0,0,1,1,2,2,0,0,1,0
123032869,SELECT,48,122,598470,48,50,1,0,1,1,232552,220673,0,1,0,1,48,59467045,62967353,13080995,1353266,1610615371,1,1,0,0,0,1,1,2,0,0,0,1,0
123116761,PUBLISH,48,122,599828,48,50,1,0,1,1,232678,220673,0,1,0,1,49,59549578,62967353,13080996,1353266,1610615371,0,1,0,0,0,1,1,2,0,0,0,1,0
124031961,FIELD,48,122,616472,48,50,1,0,1,1,234050,220673,0,1,0,1,49,60448134,62967353,13080996,1370341,1610615371,0,1,0,0,0,1,1,2,0,0,0,1,0
124695579,READY,51,123,627041,48,50,1,0,1,1,235046,220673,0,1,0,1,49,61101184,62967353,13080996,1380848,1610615371,1,1,0,0,0,1,1,0,0,0,0,1,0
124695580,START,52,123,627042,48,50,1,0,1,1,235046,220673,0,1,0,1,49,61101184,62967353,13080996,1380848,1677726283,1,1,0,0,0,1,1,0,0,2,0,1,0
125034868,FIELD,48,123,627042,48,50,1,1,1,1,235555,220673,0,1,0,1,49,61101184,63306640,13420283,1380848,1811944011,1,1,0,0,0,1,1,0,0,2,0,1,0
125034869,SELECT,50,124,627042,50,49,1,0,0,0,235555,231186,1,1,1,1,49,61101184,63306641,13420284,1380848,1811944291,1,1,0,0,0,1,1,0,0,2,0,1,0
125118761,PUBLISH,50,124,628460,50,49,1,0,0,0,235681,231186,1,1,1,1,50,61183657,63306642,13420285,1380848,1811944291,0,1,0,0,0,1,1,0,0,2,0,1,1
126033961,FIELD,50,124,645592,50,49,1,0,0,0,237053,231186,1,1,1,1,50,62081725,63306642,13420285,1397381,1811944291,0,1,0,0,0,1,1,0,0,2,0,1,1
126738096,READY,52,125,656837,50,49,1,0,0,0,238110,231186,1,1,1,1,50,62774616,63306642,13420285,1407948,1811944291,1,1,0,0,0,1,1,1,0,2,0,1,1
127036868,FIELD,50,125,656837,50,49,1,0,0,0,238558,231186,1,1,1,1,50,62774616,63605413,13420285,1407948,1811944291,1,1,0,0,0,1,1,1,0,2,1,0,0
128035961,FIELD,50,126,656837,50,49,1,1,0,0,240056,231186,1,1,1,1,50,62774616,64604506,13420285,1407948,1811944291,1,1,0,0,0,1,1,1,0,2,1,0,0
128035962,START,53,127,656838,49,51,1,0,0,0,240056,220673,0,0,0,1,50,62774616,64604507,13420285,1407948,3959423776,1,1,0,0,0,1,1,1,1,2,1,0,0
128035962,SELECT,49,127,656838,49,51,1,0,0,0,240056,220673,0,0,0,1,50,62774616,64604507,13420285,1407948,3959423776,1,1,0,0,0,1,1,1,1,2,1,0,0
128123668,PUBLISH,49,127,658652,49,51,1,0,0,0,240188,220673,0,0,0,1,51,62860506,64604508,13420285,1407948,1811939909,0,1,0,0,0,1,1,1,1,2,0,0,0
129038868,FIELD,49,127,673100,49,51,1,0,0,0,241561,220673,0,0,0,1,51,63761258,64604508,13420285,1432256,1811939909,0,1,0,0,0,1,1,1,1,2,0,0,0
129200948,READY,53,128,674296,49,51,1,0,0,0,241804,220673,0,0,0,1,51,63922142,64604508,13420285,1434893,1811939909,0,1,0,0,0,1,1,1,1,2,0,0,0
129200950,START,54,128,674298,49,51,1,0,0,0,241804,220673,0,0,0,1,51,63922143,64604508,13420285,1434893,1811939913,1,1,0,0,0,1,1,1,1,2,0,0,0
130037961,FIELD,49,128,674298,49,51,1,1,0,0,243059,220673,0,0,0,1,51,63922143,65441518,14257295,1434893,1811941963,1,1,0,0,0,1,1,1,1,2,0,0,0
130037962,SELECT,51,129,674298,51,53,1,0,0,0,243059,231186,0,0,1,1,51,63922143,65441519,14257296,1434893,1610615371,1,1,0,0,0,1,1,1,2,2,0,0,0
130125668,PUBLISH,51,129,676260,51,53,1,0,0,0,243191,231186,0,0,1,1,52,64007886,65441519,14257297,1434893,1610615371,0,1,0,0,0,1,1,1,2,2,0,0,0
131040868,FIELD,51,129,693100,51,53,1,0,0,0,244564,231186,0,0,1,1,52,64906246,65441519,14257297,1451158,1610615371,0,1,0,0,0,1,1,1,2,2,0,0,0
131725596,READY,54,130,704701,51,53,1,0,0,0,245591,231186,0,0,1,1,52,65579374,65441519,14257297,1461698,1610615371,1,1,0,0,0,1,1,2,2,2,0,0,0
131725597,START,55,130,704702,51,53,1,0,0,0,245591,231186,0,0,1,1,52,65579374,65441519,14257297,1461698,1677726283,1,1,0,0,0,1,1,2,2,1,0,0,0
132039961,FIELD,51,130,704702,51,53,1,0,0,0,246062,231186,0,0,1,1,52,65579374,65755882,14571660,1461698,1811944011,1,1,0,0,0,1,1,2,2,1,0,0,0
133042868,FIELD,51,131,704702,51,53,1,1,0,0,247567,231186,0,0,1,1,52,65579374,66758789,15574567,1461698,1811944011,1,1,0,0,0,1,1,2,2,1,0,0,0
133042869,SELECT,53,132,704702,53,52,1,0,0,0,247567,231186,0,1,0,1,52,65579374,66758790,15574568,1461698,1811944291,1,1,0,0,0,1,1,2,2,1,0,0,0
133126761,PUBLISH,53,132,706200,53,52,1,0,0,0,247693,231186,0,1,0,1,53,65661767,66758791,15574569,1461698,1811944291,0,1,0,0,0,1,1,2,2,1,0,0,1
134041961,FIELD,53,132,723084,53,52,1,0,0,0,249065,231186,0,1,0,1,53,66560083,66758791,15574569,1477321,1811944291,0,1,0,0,0,1,1,2,2,1,0,0,1
134804811,READY,55,133,735385,53,52,1,0,0,0,250210,231186,0,1,0,1,53,67310633,66758791,15574569,1488343,1811944291,1,1,0,0,0,1,1,0,2,1,0,0,1
135044868,FIELD,53,133,735385,53,52,1,1,0,0,250570,231186,0,1,0,1,53,67310633,66998847,15574569,1488343,1811944291,1,1,0,0,0,1,1,0,2,1,1,2,0
135044869,START,56,134,735386,52,54,1,0,0,0,250570,231186,0,1,1,1,53,67310633,66998848,15574569,1488343,3959423776,1,1,0,0,0,1,1,0,0,1,1,2,0
135044869,SELECT,52,134,735386,52,54,1,0,0,0,250570,231186,0,1,1,1,53,67310633,66998848,15574569,1488343,3959423776,1,1,0,0,0,1,1,0,0,1,1,2,0
135128761,PUBLISH,52,134,735386,52,54,1,0,0,0,250696,231186,0,1,1,1,54,67310633,67082739,15658460,1488343,3959423776,1,1,0,0,0,1,1,0,0,1,1,2,0
136043961,FIELD,52,134,735386,52,54,1,0,0,0,252068,231186,0,1,1,1,54,67310633,67997939,16573660,1488343,3959423776,1,1,0,0,0,1,1,0,0,1,1,2,0
137046868,FIELD,52,135,735386,52,54,1,0,0,0,253573,231186,0,1,1,1,54,67310633,69000846,17576567,1488343,3959423776,1,1,0,0,0,1,1,0,0,1,1,2,0
138045961,FIELD,52,136,735386,52,54,1,1,0,0,255071,231186,0,1,1,1,54,67310633,69999939,18575660,1488343,3959423776,1,1,0,0,0,1,1,0,0,1,1,2,0
138045962,SELECT,54,137,735386,54,55,1,0,0,0,255071,231186,0,0,0,1,54,67310633,69999940,18575661,1488343,3959423776,1,1,0,0,0,1,1,0,1,2,0,2,1
138133668,PUBLISH,54,137,737424,54,55,1,0,0,0,255203,231186,0,0,0,1,55,67396300,69999940,18575662,1488343,3959423776,0,1,0,0,0,1,1,0,1,2,0,2,1
139048868,FIELD,54,137,753704,54,55,1,0,0,0,256576,231186,0,0,0,1,55,68295220,69999940,18575662,1504898,3959423776,0,1,0,0,0,1,1,0,1,2,0,2,1
139786557,READY,56,138,766589,54,55,1,0,0,0,257682,231186,0,0,0,1,55,69020025,69999940,18575662,1515655,3959423776,1,1,0,0,0,1,1,1,1,2,0,2,1
139786558,START,57,138,766590,54,55,1,0,0,0,257682,231186,0,0,0,1,55,69020025,69999940,18575662,1515655,3959423776,1,1,0,0,0,1,1,1,1,2,1,0,0
140047961,FIELD,54,138,766590,54,55,1,1,0,0,258074,231186,0,0,0,1,55,69020025,70261342,18837064,1515655,3959423776,1,1,0,0,0,1,1,1,1,2,1,0,0
140047962,SELECT,55,139,766590,55,56,1,0,0,0,258074,231186,0,0,1,1,55,69020025,70261343,18837065,1515655,3959423776,1,1,0,0,0,1,1,1,2,0,0,0,1
140135668,PUBLISH,55,139,768640,55,56,1,0,0,0,258206,231186,0,0,1,1,56,69105680,70261343,18837066,1515655,3959423776,0,1,0,0,0,1,1,1,2,0,0,0,1
141050868,FIELD,55,139,784480,55,56,1,0,0,0,259579,231186,0,0,1,1,56,70005040,70261343,18837066,1531319,3959423776,0,1,0,0,0,1,1,1,2,0,0,0,1
142030906,READY,57,140,801217,55,56,1,0,0,0,261049,231186,0,0,1,1,56,70968342,70261343,18837066,1543477,3959423776,1,1,0,0,0,1,1,2,2,0,0,0,1
142030907,START,58,140,801218,55,56,1,0,0,0,261049,231186,0,0,1,1,56,70968342,70261343,18837066,1543477,3959423776,1,1,0,0,0,1,1,2,2,0,1,1,0
142049961,FIELD,55,140,801218,55,56,1,0,0,0,261077,231186,0,0,1,1,56,70968342,70280396,18856119,1543477,3959423776,1,1,0,0,0,1,1,2,2,0,1,1,0
143052868,FIELD,55,141,801218,55,56,1,1,0,0,262582,231186,0,0,1,1,56,70968342,71283303,19859026,1543477,3959423776,1,1,0,0,0,1,1,2,2,0,1,1,0
143052869,SELECT,56,142,801218,56,57,1,0,0,0,262582,231186,0,1,0,1,56,70968342,71283304,19859027,1543477,3959423776,1,1,0,0,0,1,1,2,0,1,0,1,1
143136761,PUBLISH,56,142,802872,56,57,1,0,0,0,262708,231186,0,1,0,1,57,71050579,71283304,19859028,1543477,3959423776,0,1,0,0,0,1,1,2,0,1,0,1,1
144051961,FIELD,56,142,819148,56,57,1,0,0,0,264080,231186,0,1,0,1,57,71949503,71283304,19859028,1558582,3959423776,0,1,0,0,0,1,1,2,0,1,0,1,1
145021497,READY,58,143,835593,56,57,1,0,0,0,265535,231186,0,1,0,1,57,72902595,71283304,19859028,1570537,3959423776,1,1,0,0,0,1,1,0,0,1,0,1,1
145021498,START,59,143,835594,56,57,1,0,0,0,265535,231186,0,1,0,1,57,72902595,71283304,19859028,1570537,3959423776,1,1,0,0,0,1,1,0,0,1,1,2,0
145054868,FIELD,56,143,835594,56,57,1,1,0,0,265585,231186,0,1,0,1,57,72902595,71316673,19892397,1570537,3959423776,1,1,0,0,0,1,1,0,0,1,1,2,0
145054869,SELECT,57,144,835594,57,58,1,0,0,0,265585,231186,0,1,1,1,57,72902595,71316674,19892398,1570537,3959423776,1,1,0,0,0,1,1,0,1,2,0,2,1
145138761,PUBLISH,57,144,837256,57,58,1,0,0,0,265711,231186,0,1,1,1,58,72984824,71316674,19892399,1570537,3959423776,0,1,0,0,0,1,1,0,1,2,0,2,1
146053961,FIELD,57,144,853640,57,58,1,0,0,0,267083,231186,0,1,1,1,58,73883640,71316674,19892399,1586227,3959423776,0,1,0,0,0,1,1,0,1,2,0,2,1
147016121,READY,59,145,868897,57,58,1,0,0,0,268527,231186,0,1,1,1,58,74830544,71316674,19892399,1597987,3959423776,1,1,0,0,0,1,1,1,1,2,0,2,1
147016282,START,60,145,869058,57,58,1,0,0,0,268527,231186,0,1,1,1,58,74830544,71316674,19892399,1597987,3959423776,1,1,0,0,0,1,1,1,1,2,1,0,0
147056868,FIELD,57,145,869058,57,58,1,0,0,0,268588,231186,0,1,1,1,58,74830544,71357259,19892399,1597987,3959423776,1,1,0,0,0,1,1,1,1,2,1,0,0
148055961,FIELD,57,146,869058,57,58,1,1,0,0,270086,231186,0,1,1,1,58,74830544,72356352,19892399,1597987,3959423776,1,1,0,0,0,1,1,1,1,2,1,0,0
148055962,SELECT,58,147,869059,58,59,1,0,0,0,270086,231186,0,0,0,1,58,74830544,72356353,19892399,1597987,3959423776,1,1,0,0,0,1,1,1,2,0,0,0,1
148143668,PUBLISH,58,147,870631,58,59,1,0,0,0,270218,231186,0,0,0,1,59,74916677,72356353,19892399,1598087,3959423776,0,1,0,0,0,1,1,1,2,0,0,0,1
149058868,FIELD,58,147,890320,58,59,1,0,0,0,271591,231186,0,0,0,1,59,75812188,72356353,19892399,1615602,3959423776,0,1,0,0,0,1,1,1,2,0,0,0,1
150057961,FIELD,58,148,916763,58,59,1,1,0,0,273089,231186,0,0,0,1,59,76784838,72356353,19892399,1632431,3959423776,0,1,0,0,0,1,1,1,2,0,0,0,1
150057962,SELECT,59,149,916763,59,59,0,0,0,0,273089,231186,0,0,1,1,59,76784839,72356353,19892399,1632431,3758097184,0,1,0,0,0,1,1,1,0,0,0,0,1
150129422,START,61,149,918678,59,59,0,0,0,0,273197,231186,0,0,1,0,60,76854385,72356353,19892399,1632573,3758097184,1,1,0,0,0,1,1,1,0,0,0,0,1
150129423,READY,60,149,918678,59,59,0,0,0,0,273197,231186,0,0,1,0,60,76854385,72356353,19892399,1632573,3758097184,0,1,0,0,0,1,1,2,0,0,0,0,1
150145668,PUBLISH,59,149,919204,59,60,1,0,0,0,273221,231186,0,0,1,1,60,76870104,72356354,19892399,1632573,3959423776,0,1,0,0,0,1,1,2,0,1,0,0,1
151060868,FIELD,59,149,935876,59,60,1,0,0,0,274594,231186,0,0,1,1,60,77768632,72356354,19892399,1648876,3959423776,0,1,0,0,0,1,1,2,0,1,0,0,1
152032194,PTS,6,150,952967,59,60,1,0,0,0,276051,231186,0,0,1,1,60,78722868,72356354,19892399,1658918,3959423776,1,1,0,0,0,1,1,2,0,1,0,0,1
152059961,FIELD,59,150,953056,59,60,1,0,0,0,276092,231186,0,0,1,1,60,78750545,72356354,19892399,1659664,3959423776,0,1,0,0,0,1,1,2,0,1,0,0,1
152190137,READY,61,151,954433,59,60,1,0,0,0,276288,231186,0,0,1,1,60,78879345,72356354,19892399,1660678,3959423776,1,1,0,0,0,1,1,0,0,1,0,0,1
152190138,START,62,151,954434,59,60,1,0,0,0,276288,231186,0,0,1,1,60,78879345,72356354,19892399,1660678,3959423776,1,1,0,0,0,1,1,0,0,1,1,2,0
153062868,FIELD,59,151,967156,59,60,1,1,0,0,277597,231186,0,0,1,1,60,79739351,72356355,19892399,1680080,1811939909,0,1,0,0,0,1,1,0,0,1,0,2,0
153062869,SELECT,60,152,967156,60,60,0,0,0,0,277597,231186,0,1,0,1,60,79739352,72356355,19892399,1680080,1610613317,0,1,0,0,0,1,1,0,1,1,0,2,0
153146761,PUBLISH,60,152,968392,60,60,0,0,0,0,277723,231186,0,1,0,1,61,79822008,72356355,19892399,1680438,1610613317,0,1,0,0,0,1,1,0,1,1,0,2,0
153588641,READY,62,152,972764,60,60,0,0,0,0,278385,231186,0,1,0,1,61,80259516,72356355,19892399,1689351,1610613317,0,1,0,0,0,1,1,0,1,1,0,2,0
153588643,START,63,152,972766,60,62,1,0,1,1,278385,231186,0,1,0,1,61,80259517,72356355,19892399,1689351,1610613321,1,1,0,0,0,1,1,0,1,1,0,2,0
154061962,FIELD,60,152,980632,60,62,1,0,1,1,279095,231186,0,1,0,1,61,80724969,72356355,19892399,1700764,1610613837,0,1,0,0,0,1,1,0,1,1,0,2,0
155044478,READY,63,153,992288,60,62,1,0,1,1,280569,231186,0,1,0,1,61,81695829,72356355,19892399,1717549,1610613837,0,1,0,0,0,1,1,0,1,1,0,2,0
155044480,START,64,153,992290,60,62,1,0,1,1,280569,231186,0,1,0,1,61,81695830,72356355,19892399,1717549,1610613849,1,1,0,0,0,1,1,0,1,1,0,2,0
155064868,FIELD,60,153,992844,60,62,1,1,1,1,280600,231186,0,1,0,1,61,81715663,72356355,19892399,1717549,1610615899,0,1,0,0,0,1,1,0,1,1,0,2,0
155064869,SELECT,62,154,992844,62,63,1,0,0,0,280600,276231,1,1,1,1,61,81715664,72356355,19892399,1717549,1610616179,0,1,0,0,0,1,1,0,1,1,0,2,0
155148761,PUBLISH,62,154,994532,62,63,1,0,0,0,280726,276231,1,1,1,1,62,81797868,72356355,19892399,1717549,1610616179,0,1,0,0,0,1,1,0,1,1,0,2,0
156063962,FIELD,62,154,1012312,62,63,1,0,0,0,282098,276231,1,1,1,1,62,82695289,72356355,19892399,1731811,1610616179,0,1,0,0,0,1,1,0,1,1,0,2,0
157056633,READY,64,155,1029445,62,63,1,0,0,0,283587,276231,1,1,1,1,62,83670828,72356355,19892399,1745271,1610616179,1,1,0,0,0,1,1,1,1,1,0,2,0
157066868,FIELD,62,155,1029445,62,63,1,0,0,0,283603,276231,1,1,1,1,62,83670828,72366589,19892399,1745271,1677727091,1,1,0,0,0,1,1,1,1,0,0,2,0
158065962,FIELD,62,156,1029445,62,63,1,1,0,0,285101,276231,1,1,1,1,62,83670828,73365683,19892399,1745271,1677727091,1,1,0,0,0,1,1,1,1,0,0,2,0
158065963,START,65,157,1029446,63,61,1,0,0,0,285101,276231,0,0,0,1,62,83670828,73365684,19892399,1745271,1677727043,1,1,0,0,0,1,1,1,1,0,0,2,0
158065963,SELECT,63,157,1029446,63,61,1,0,0,0,285101,276231,0,0,0,1,62,83670828,73365684,19892399,1745271,1677727043,1,1,0,0,0,1,1,1,1,0,0,2,0
158153668,PUBLISH,63,157,1031416,63,61,1,0,0,0,285233,276231,0,0,0,1,63,83756562,73365684,19892399,1745271,1811944771,0,1,0,0,0,1,1,1,1,0,0,2,1
159068868,FIELD,63,157,1048716,63,61,1,0,0,0,286606,276231,0,0,0,1,63,84654462,73365684,19892399,1759976,1811944771,0,1,0,0,0,1,1,1,1,0,0,2,1
160067962,FIELD,63,158,1066648,63,61,1,1,0,0,288104,276231,0,0,0,1,63,85635624,73365684,19892399,1772533,1811944771,0,1,0,0,0,1,1,1,1,0,0,2,1
160067963,SELECT,61,159,1066648,61,64,1,0,0,0,288104,231186,0,0,1,1,63,85635625,73365684,19892399,1772533,3959424256,0,1,0,0,0,1,1,1,2,0,0,2,1
160085906,READY,65,159,1066649,61,64,1,0,0,0,288131,231186,0,0,1,0,64,85653568,73365684,19892399,1772779,3959424256,1,1,0,0,0,1,1,2,2,0,0,2,1
160085907,START,66,159,1066650,61,64,1,0,0,0,288131,231186,0,0,1,0,64,85653568,73365684,19892399,1772779,3959424256,1,1,0,0,0,1,1,2,2,0,1,1,0
160155668,PUBLISH,61,159,1068180,61,64,1,0,0,0,288236,231186,0,0,1,1,64,85721797,73365685,19892399,1772779,1811939909,0,1,0,0,0,1,1,2,2,0,0,1,0
161070868,FIELD,61,159,1080992,61,64,1,0,0,0,289609,231186,0,0,1,1,64,86624185,73365685,19892399,1790795,1811939909,0,1,0,0,0,1,1,2,2,0,0,1,0
161705629,READY,66,160,1088400,61,64,1,0,0,0,290561,231186,0,0,1,1,64,87251538,73365685,19892399,1800766,1811939909,0,1,0,0,0,1,1,2,2,0,0,1,0
161705631,START,67,160,1088402,61,64,1,0,0,0,290561,231186,0,0,1,1,64,87251539,73365685,19892399,1800766,1811939913,1,1,0,0,0,1,1,2,2,0,0,1,0
162069962,FIELD,61,160,1094820,61,64,1,0,0,0,291107,231186,0,0,1,1,64,87609451,73365685,19892399,1809181,1811940429,0,1,0,0,0,1,1,2,2,0,0,1,0
163072868,FIELD,61,161,1106944,61,64,1,1,0,0,292612,231186,0,0,1,1,64,88600233,73365685,19892399,1826827,1811940429,0,1,0,0,0,1,1,2,2,0,0,1,0
163072869,SELECT,64,162,1106944,64,66,1,0,0,0,292612,276231,0,1,0,1,64,88600234,73365685,19892399,1826827,1610613837,0,1,0,0,0,1,1,2,0,0,0,1,0
163156762,PUBLISH,64,162,1107836,64,66,1,0,0,0,292738,276231,0,1,0,1,65,88683235,73365685,19892399,1826827,1610613837,0,1,0,0,0,1,1,2,0,0,0,1,0
163174326,READY,67,162,1107836,64,66,1,0,0,0,292764,276231,0,1,0,1,65,88700799,73365685,19892399,1827568,1610613837,0,1,0,0,0,1,1,2,0,0,0,1,0
163174328,START,68,162,1107838,64,66,1,0,0,0,292764,276231,0,1,0,1,65,88700800,73365685,19892399,1827568,1610613849,1,1,0,0,0,1,1,2,0,0,0,1,0
164071962,FIELD,64,162,1125260,64,66,1,0,0,0,294110,276231,0,1,0,1,65,89581011,73365685,19892399,1842633,1610615899,0,1,0,0,0,1,1,2,0,0,0,1,0
165074868,FIELD,64,163,1142740,64,66,1,1,0,0,295615,276231,0,1,0,1,65,90566437,73365685,19892399,1854966,1610615899,0,1,0,0,0,1,1,2,0,0,0,1,0
165074869,SELECT,66,164,1142740,66,67,1,0,0,0,295615,276231,0,1,1,1,65,90566438,73365685,19892399,1854966,1610616179,0,1,0,0,0,1,1,2,0,0,0,1,0
165158762,PUBLISH,66,164,1143668,66,67,1,0,0,0,295741,276231,0,1,1,1,66,90649403,73365685,19892399,1854966,1610616179,0,1,0,0,0,1,1,2,0,0,0,1,0
165183186,READY,68,164,1143669,66,67,1,0,0,0,295777,276231,0,1,1,1,66,90673827,73365685,19892399,1855876,1610616179,1,1,0,0,0,1,1,0,0,0,0,1,0
166073962,FIELD,66,164,1143669,66,67,1,0,0,0,297113,276231,0,1,1,1,66,90673827,74256460,19892399,1855876,1677727091,1,1,0,0,0,1,1,0,0,2,0,1,0
167076868,FIELD,66,165,1143669,66,67,1,0,0,0,298618,276231,0,1,1,1,66,90673827,75259366,19892399,1855876,1677727091,1,1,0,0,0,1,1,0,0,2,0,1,0
168075962,FIELD,66,166,1143669,66,67,1,1,0,0,300116,276231,0,1,1,1,66,90673827,76258460,19892399,1855876,1677727091,1,1,0,0,0,1,1,0,0,2,0,1,0
168075963,START,69,167,1143670,67,65,1,0,0,0,300116,276231,0,0,0,1,66,90673827,76258461,19892399,1855876,1677727043,1,1,0,0,0,1,1,0,0,2,0,1,0
168075963,SELECT,67,167,1143670,67,65,1,0,0,0,300116,276231,0,0,0,1,66,90673827,76258461,19892399,1855876,1677727043,1,1,0,0,0,1,1,0,0,2,0,1,0
168163668,PUBLISH,67,167,1145485,67,65,1,0,0,0,300248,276231,0,0,0,1,67,90759717,76258461,19892399,1855876,1811944771,1,1,0,0,0,1,1,0,0,2,0,1,1
169078868,FIELD,67,167,1161916,67,65,1,0,0,0,301621,276231,0,0,0,1,67,91658485,76258461,19892399,1870504,1811944771,0,1,0,0,0,1,1,0,0,2,0,1,1
170077962,FIELD,67,168,1180356,67,65,1,1,0,0,303119,276231,0,0,0,1,67,92639139,76258461,19892399,1883398,1811944771,0,1,0,0,0,1,1,0,0,2,0,1,1
170077963,SELECT,65,169,1180356,65,68,1,0,0,0,303119,276231,0,0,1,1,67,92639140,76258461,19892399,1883398,3959424256,0,1,0,0,0,1,1,0,1,2,0,1,1
170137775,READY,69,169,1180357,65,68,1,0,0,0,303209,276231,0,0,1,0,68,92698952,76258461,19892399,1883644,3959424256,1,1,0,0,0,1,1,1,1,2,0,1,1
170137776,START,70,169,1180358,65,68,1,0,0,0,303209,276231,0,0,1,0,68,92698952,76258461,19892399,1883644,3959424256,1,1,0,0,0,1,1,1,1,2,1,0,0
170165668,PUBLISH,65,169,1180358,65,68,1,0,0,0,303251,276231,0,0,1,1,68,92698952,76286352,19920290,1883644,3959424256,1,1,0,0,0,1,1,1,1,2,1,0,0
171080868,FIELD,65,169,1180358,65,68,1,0,0,0,304624,276231,0,0,1,1,68,92698952,77201552,20835490,1883644,3959424256,1,1,0,0,0,1,1,1,1,2,1,0,0
172079962,FIELD,65,170,1180358,65,68,1,0,0,0,306122,276231,0,0,1,1,68,92698952,78200646,21834584,1883644,3959424256,1,1,0,0,0,1,1,1,1,2,1,0,0
173082868,FIELD,65,171,1180358,65,68,1,1,0,0,307627,276231,0,0,1,1,68,92698952,79203552,22837490,1883644,3959424256,1,1,0,0,0,1,1,1,1,2,1,0,0
173082869,SELECT,68,172,1180358,68,69,1,0,0,0,307627,276231,0,1,0,1,68,92698952,79203553,22837491,1883644,3959424256,1,1,0,0,0,1,1,1,2,0,0,0,1
173166762,PUBLISH,68,172,1181964,68,69,1,0,0,0,307753,276231,0,1,0,1,69,92781238,79203553,22837492,1883644,3959424256,0,1,0,0,0,1,1,1,2,0,0,0,1
174081962,FIELD,68,172,1199288,68,69,1,0,0,0,309125,276231,0,1,0,1,69,93679114,79203553,22837492,1897761,3959424256,0,1,0,0,0,1,1,1,2,0,0,0,1
175084868,FIELD,68,173,1216760,68,69,1,1,0,0,310630,276231,0,1,0,1,69,94664548,79203553,22837492,1911261,3959424256,0,1,0,0,0,1,1,1,2,0,0,0,1
175084869,SELECT,69,174,1216760,69,69,0,0,0,0,310630,276231,0,1,1,1,69,94664549,79203553,22837492,1911261,3758097664,0,1,0,0,0,1,1,1,0,0,0,0,1
175168762,PUBLISH,69,174,1217360,69,69,0,0,0,0,310756,276231,0,1,1,1,70,94747842,79203553,22837492,1911261,3758097664,0,1,0,0,0,1,1,1,0,0,0,0,1
175182577,READY,70,174,1217361,69,69,0,0,0,0,310776,276231,0,1,1,1,70,94761657,79203553,22837492,1911717,3758097664,1,1,0,0,0,1,1,2,0,0,0,0,1
175182578,START,71,174,1217362,69,70,0,0,0,0,310776,276231,0,1,1,1,70,94761657,79203553,22837492,1911717,3825206528,1,1,0,0,0,1,1,2,0,1,0,0,0
176083962,FIELD,69,174,1233960,69,70,1,0,0,0,312128,276231,0,1,1,1,70,95646442,79203553,22837492,1924969,3959424256,0,1,0,0,0,1,1,2,0,1,0,0,1
177086868,FIELD,69,175,1251972,69,70,1,0,0,0,313633,276231,0,1,1,1,70,96631336,79203553,22837492,1937708,3959424256,0,1,0,0,0,1,1,2,0,1,0,0,1
177302897,READY,71,176,1254713,69,70,1,0,0,0,313957,276231,0,1,1,1,70,96844625,79203553,22837492,1940500,3959424256,1,1,0,0,0,1,1,0,0,1,0,0,1
177303058,START,72,176,1254874,69,70,1,0,0,0,313957,276231,0,1,1,1,70,96844625,79203553,22837492,1940500,3959424256,1,1,0,0,0,1,1,0,0,1,1,2,0
178085962,FIELD,69,176,1254874,69,70,1,1,0,0,315131,276231,0,1,1,1,70,96844625,79986456,22837492,1940500,3959424256,1,1,0,0,0,1,1,0,0,1,1,2,0
178085963,SELECT,70,177,1254875,70,71,1,0,0,0,315131,276231,0,0,0,1,70,96844625,79986457,22837492,1940500,3959424256,1,1,0,0,0,1,1,0,1,2,0,2,1
178173668,PUBLISH,70,177,1256622,70,71,1,0,0,0,315263,276231,0,0,0,1,71,96930582,79986457,22837492,1940600,3959424256,0,1,0,0,0,1,1,0,1,2,0,2,1
179088868,FIELD,70,177,1282493,70,71,1,0,0,0,316636,276231,0,0,0,1,71,97819911,79986457,22837492,1959370,3959424256,0,1,0,0,0,1,1,0,1,2,0,2,1
180087962,FIELD,70,178,1310806,70,71,1,1,0,0,318134,276231,0,0,0,1,71,98790692,79986457,22837492,1976237,3959424256,0,1,0,0,0,1,1,0,1,2,0,2,1
180087963,SELECT,71,179,1310806,71,71,0,0,0,0,318134,276231,0,0,1,1,71,98790693,79986457,22837492,1976237,3758097664,0,1,0,0,0,1,1,0,2,2,0,2,1
180175668,PUBLISH,71,179,1312856,71,71,0,0,0,0,318266,276231,0,0,1,1,72,98876348,79986457,22837492,1976465,3758097664,0,1,0,0,0,1,1,0,2,2,0,2,1
180248184,PTS,7,179,1315133,71,71,0,0,0,0,318375,276231,0,0,1,1,72,98946588,79986457,22837492,1977865,3758097664,1,1,0,0,0,1,1,0,2,2,0,2,1
180257952,START,73,179,1315438,71,71,0,0,0,0,318389,276231,0,0,1,1,72,98956051,79986457,22837492,1978084,3758097664,1,1,0,0,0,1,1,0,2,2,0,2,1
180257953,READY,72,179,1315439,71,71,0,0,0,0,318389,276231,0,0,1,1,72,98956051,79986457,22837492,1978084,1610613445,1,1,0,0,0,1,1,1,2,2,0,2,1
181090869,FIELD,71,179,1326804,71,71,0,0,0,0,319639,276231,0,0,1,1,72,99777601,79986457,22837492,1991996,1610613317,0,1,0,0,0,1,1,1,2,2,0,2,0
181886438,READY,73,180,1335988,71,71,0,0,0,0,320832,276231,0,0,1,1,72,100563986,79986457,22837492,2007171,1610613317,0,1,0,0,0,1,1,1,2,2,0,2,0
181886440,START,74,180,1335990,71,73,1,0,1,1,320832,276231,0,0,1,1,72,100563987,79986457,22837492,2007171,1610613321,1,1,0,0,0,1,1,1,2,2,0,2,0
182089962,FIELD,71,180,1339324,71,73,1,0,1,1,321137,276231,0,0,1,1,72,100764174,79986457,22837492,2010845,1610613837,0,1,0,0,0,1,1,1,2,2,0,2,0
183092869,FIELD,71,181,1351340,71,73,1,1,1,1,322642,276231,0,0,1,1,72,101755065,79986457,22837492,2027244,1610613837,0,1,0,0,0,1,1,1,2,2,0,2,0
183092870,SELECT,73,182,1351340,73,71,0,0,0,0,322642,318272,1,1,0,1,72,101755066,79986457,22837492,2027244,1610614117,0,1,0,0,0,1,1,1,2,2,0,2,0
183176762,PUBLISH,73,182,1352744,73,71,0,0,0,0,322768,318272,1,1,0,1,73,101837554,79986457,22837492,2027244,1610614117,0,1,0,0,0,1,1,1,2,2,0,2,0
183601470,READY,74,182,1357740,73,71,0,0,0,0,323405,318272,1,1,0,1,73,102257266,79986457,22837492,2034307,1610614117,0,1,0,0,0,1,1,1,2,2,0,2,0
183601472,START,75,182,1357742,73,74,1,0,0,0,323405,318272,1,1,0,1,73,102257267,79986457,22837492,2034307,1610614129,1,1,0,0,0,1,1,1,2,2,0,2,0
184091962,FIELD,73,182,1366036,73,74,1,0,0,0,324140,318272,1,1,0,1,73,102739462,79986457,22837492,2041380,1610616179,0,1,0,0,0,1,1,1,2,2,0,2,0
185094869,FIELD,73,183,1383476,73,74,1,1,0,0,325645,318272,1,1,0,1,73,103724929,79986457,22837492,2053025,1610616179,0,1,0,0,0,1,1,1,2,2,0,2,0
185094870,SELECT,74,184,1383476,74,72,1,0,0,0,325645,318272,0,1,1,1,73,103724930,79986457,22837492,2053025,1610616131,0,1,0,0,0,1,1,1,2,2,0,2,0
185178762,PUBLISH,74,184,1384720,74,72,1,0,0,0,325771,318272,0,1,1,1,74,103807578,79986457,22837492,2053025,1610616131,0,1,0,0,0,1,1,1,2,2,0,2,0
185819158,READY,75,184,1395385,74,72,1,0,0,0,326731,318272,0,1,1,1,74,104437310,79986457,22837492,2063319,1610616131,1,1,0,0,0,1,1,2,2,2,0,2,0
185819159,START,76,184,1395386,74,72,1,0,0,0,326731,318272,0,1,1,1,74,104437310,79986457,22837492,2063319,1677727043,1,1,0,0,0,1,1,2,2,1,0,2,0
186093962,FIELD,74,184,1400564,74,72,1,0,0,0,327143,318272,0,1,1,1,74,104706934,79986457,22837492,2067316,1811944771,0,1,0,0,0,1,1,2,2,1,0,2,1
187096869,FIELD,74,185,1419028,74,72,1,0,0,0,328648,318272,0,1,1,1,74,105691377,79986457,22837492,2078743,1811944771,0,1,0,0,0,1,1,2,2,1,0,2,1
188095962,FIELD,74,186,1437072,74,72,1,1,0,0,330146,318272,0,1,1,1,74,106672426,79986457,22837492,2091949,1811944771,0,1,0,0,0,1,1,2,2,1,0,2,1
188095963,SELECT,72,187,1437072,72,75,1,0,0,0,330146,276231,0,0,0,1,74,106672427,79986457,22837492,2091949,3959424256,0,1,0,0,0,1,1,2,0,1,0,2,1
188103516,READY,76,187,1437073,72,75,1,0,0,0,330158,276231,0,0,0,0,75,106679980,79986457,22837492,2092195,3959424256,1,1,0,0,0,1,1,0,0,1,0,2,1
188103517,START,77,187,1437074,72,75,1,0,0,0,330158,276231,0,0,0,0,75,106679980,79986457,22837492,2092195,3959424256,1,1,0,0,0,1,1,0,0,1,1,2,0
188183668,PUBLISH,72,187,1437074,72,75,1,0,0,0,330278,276231,0,0,0,1,75,106679980,80066607,22917642,2092195,3959424256,1,1,0,0,0,1,1,0,0,1,1,2,0
189098869,FIELD,72,187,1437074,72,75,1,0,0,0,331651,276231,0,0,0,1,75,106679980,80981808,23832843,2092195,3959424256,1,1,0,0,0,1,1,0,0,1,1,2,0
190097962,FIELD,72,188,1437074,72,75,1,1,0,0,333149,276231,0,0,0,1,75,106679980,81980901,24831936,2092195,3959424256,1,1,0,0,0,1,1,0,0,1,1,2,0
190097963,SELECT,75,189,1437074,75,76,1,0,0,0,333149,318272,0,0,1,1,75,106679980,81980902,24831937,2092195,3959424256,1,1,0,0,0,1,1,0,1,2,0,2,1
190185669,PUBLISH,75,189,1439128,75,76,1,0,0,0,333281,318272,0,0,1,1,76,106765631,81980902,24831938,2092195,3959424256,0,1,0,0,0,1,1,0,1,2,0,2,1
191100869,FIELD,75,189,1459148,75,76,1,0,0,0,334654,318272,0,0,1,1,76,107660811,81980902,24831938,2104351,3959424256,0,1,0,0,0,1,1,0,1,2,0,2,1
192099962,FIELD,75,190,1478984,75,76,1,0,0,0,336152,318272,0,0,1,1,76,108640068,81980902,24831938,2116533,3959424256,0,1,0,0,0,1,1,0,1,2,0,2,1
192608851,READY,77,191,1487125,75,76,1,0,0,0,336916,318272,0,0,1,1,76,109140817,81980902,24831938,2122438,3959424256,1,1,0,0,0,1,1,1,1,2,0,2,1
192608852,START,78,191,1487126,75,76,1,0,0,0,336916,318272,0,0,1,1,76,109140817,81980902,24831938,2122438,3959424256,1,1,0,0,0,1,1,1,1,2,1,0,0
193102869,FIELD,75,191,1494860,75,76,1,1,0,0,337657,318272,0,0,1,1,76,109627098,81980903,24831938,2130324,1811939909,0,1,0,0,0,1,1,1,1,2,0,0,0
193102870,SELECT,76,192,1494860,76,76,0,0,0,0,337657,318272,0,1,0,1,76,109627099,81980903,24831938,2130324,1610613317,0,1,0,0,0,1,1,1,2,2,0,0,0
193186762,PUBLISH,76,192,1495788,76,76,0,0,0,0,337783,318272,0,1,0,1,77,109710063,81980903,24831938,2130324,1610613317,0,1,0,0,0,1,1,1,2,2,0,0,0
194101962,FIELD,76,192,1508268,76,76,0,0,0,0,339155,318272,0,1,0,1,77,110612783,81980903,24831938,2143899,1610613317,0,1,0,0,0,1,1,1,2,2,0,0,0
194529444,READY,78,193,1513632,76,76,0,0,0,0,339797,318272,0,1,0,1,77,111034901,81980903,24831938,2150056,1610613317,0,1,0,0,0,1,1,1,2,2,0,0,0
194529446,START,79,193,1513634,76,78,1,0,0,0,339797,318272,0,1,0,1,77,111034902,81980903,24831938,2150056,1610613321,1,1,0,0,0,1,1,1,2,2,0,0,0
195104869,FIELD,76,193,1522592,76,78,1,1,0,0,340660,318272,0,1,0,1,77,111601366,81980903,24831938,2159265,1610613837,0,1,0,0,0,1,1,1,2,2,0,0,0
195104870,SELECT,78,194,1522592,78,76,0,0,0,0,340660,318272,0,1,1,1,77,111601367,81980903,24831938,2159265,1610614117,0,1,0,0,0,1,1,1,2,2,0,0,0
195188762,PUBLISH,78,194,1523512,78,76,0,0,0,0,340786,318272,0,1,1,1,78,111684339,81980903,24831938,2159586,1610614117,0,1,0,0,0,1,1,1,2,2,0,0,0
196103962,FIELD,78,194,1536240,78,76,0,0,0,0,342158,318272,0,1,1,1,78,112586811,81980903,24831938,2173567,1610614117,0,1,0,0,0,1,1,1,2,2,0,0,0
196457762,READY,79,195,1540808,78,76,0,0,0,0,342689,318272,0,1,1,1,78,112936043,81980903,24831938,2178840,1610614117,0,1,0,0,0,1,1,1,2,2,0,0,0
196457764,START,80,195,1540810,78,79,1,0,0,0,342689,318272,0,1,1,1,78,112936044,81980903,24831938,2178840,1610614129,1,1,0,0,0,1,1,1,2,2,0,0,0
197106869,FIELD,78,195,1554368,78,79,1,0,0,0,343663,318272,0,1,1,1,78,113571590,81980903,24831938,2186612,1610616179,0,1,0,0,0,1,1,1,2,2,0,0,0
198105962,FIELD,78,196,1576244,78,79,1,1,0,0,345161,318272,0,1,1,1,78,114548807,81980903,24831938,2198110,1610616179,0,1,0,0,0,1,1,1,2,2,0,0,0
198105963,SELECT,79,197,1576244,79,77,1,0,0,0,345161,318272,0,0,0,1,78,114548808,81980903,24831938,2198110,1610616131,0,1,0,0,0,1,1,1,2,2,0,0,0
198193669,PUBLISH,79,197,1577840,79,77,1,0,0,0,345293,318272,0,0,0,1,79,114634918,81980903,24831938,2198486,1610616131,0,1,0,0,0,1,1,1,2,2,0,0,0
198946270,READY,80,197,1590069,79,77,1,0,0,0,346422,318272,0,0,0,1,79,115375291,81980903,24831938,2209040,1610616131,1,1,0,0,0,1,1,2,2,2,0,0,0
198946271,START,81,197,1590070,79,77,1,0,0,0,346422,318272,0,0,0,1,79,115375291,81980903,24831938,2209040,1677727043,1,1,0,0,0,1,1,2,2,1,0,0,0
199108869,FIELD,79,197,1594188,79,77,1,0,0,0,346666,318272,0,0,0,1,79,115533770,81980903,24831938,2211276,1811944771,0,1,0,0,0,1,1,2,2,1,0,0,1
200107962,FIELD,79,198,1617036,79,77,1,1,0,0,348164,318272,0,0,0,1,79,116510015,81980903,24831938,2221527,1811944771,0,1,0,0,0,1,1,2,2,1,0,0,1
200107963,SELECT,77,199,1617036,77,80,1,0,0,0,348164,318272,0,0,1,1,79,116510016,81980903,24831938,2221527,3959424256,0,1,0,0,0,1,1,2,0,1,0,0,1
200195669,PUBLISH,77,199,1618568,77,80,1,0,0,0,348296,318272,0,0,1,1,80,116596190,81980903,24831938,2221772,3959424256,0,1,0,0,0,1,1,2,0,1,0,0,1
201110869,FIELD,77,199,1638776,77,80,1,0,0,0,349669,318272,0,0,1,1,80,117491182,81980903,24831938,2233664,3959424256,0,1,0,0,0,1,1,2,0,1,0,0,1
201517905,READY,81,200,1645393,77,80,1,0,0,0,350279,318272,0,0,1,1,80,117891602,81980903,24831938,2238810,3959424256,1,1,0,0,0,1,1,0,0,1,0,0,1
201517906,START,82,200,1645394,77,80,1,0,0,0,350279,318272,0,0,1,1,80,117891602,81980903,24831938,2238810,3959424256,1,1,0,0,0,1,1,0,0,1,1,2,0
202109962,FIELD,77,200,1654888,77,80,1,0,0,0,351167,318272,0,0,1,1,80,118474162,81980904,24831938,2247799,1811939909,0,1,0,0,0,1,1,0,0,1,0,2,0
203112869,FIELD,77,201,1668652,77,80,1,1,0,0,352672,318272,0,0,1,1,80,119463305,81980904,24831938,2261729,1811939909,0,1,0,0,0,1,1,0,0,1,0,2,0
203112870,SELECT,80,202,1668652,80,80,0,0,0,0,352672,318272,0,1,0,1,80,119463306,81980904,24831938,2261729,1610613317,0,1,0,0,0,1,1,0,1,1,0,2,0
203196762,PUBLISH,80,202,1669740,80,80,0,0,0,0,352798,318272,0,1,0,1,81,119546110,81980904,24831938,2261729,1610613317,0,1,0,0,0,1,1,0,1,1,0,2,0
203530687,READY,82,202,1674584,80,80,0,0,0,0,353299,318272,0,1,0,1,81,119875191,81980904,24831938,2267694,1610613317,0,1,0,0,0,1,1,0,1,1,0,2,0
203530689,START,83,202,1674586,80,82,1,0,0,0,353299,318272,0,1,0,1,81,119875192,81980904,24831938,2267694,1610613321,1,1,0,0,0,1,1,0,1,1,0,2,0
204111962,FIELD,80,202,1683496,80,82,1,0,0,0,354170,318272,0,1,0,1,81,120447554,81980904,24831938,2276125,1610613837,0,1,0,0,0,1,1,0,1,1,0,2,0
205114869,FIELD,80,203,1698056,80,82,1,1,0,0,355675,318272,0,1,0,1,81,121435901,81980904,24831938,2289319,1610613837,0,1,0,0,0,1,1,0,1,1,0,2,0
205114870,SELECT,82,204,1698056,82,80,0,0,0,0,355675,318272,0,1,1,1,81,121435902,81980904,24831938,2289319,1610614117,0,1,0,0,0,1,1,0,1,1,0,2,0
205198762,PUBLISH,82,204,1699136,82,80,0,0,0,0,355801,318272,0,1,1,1,82,121518714,81980904,24831938,2289319,1610614117,0,1,0,0,0,1,1,0,1,1,0,2,0
205594695,READY,83,204,1705108,82,80,0,0,0,0,356395,318272,0,1,1,1,82,121908675,81980904,24831938,2296142,1610614117,0,1,0,0,0,1,1,0,1,1,0,2,0
205594857,START,84,204,1705270,82,83,1,0,0,0,356395,318272,0,1,1,1,82,121908676,81980904,24831938,2296142,1610614129,1,1,0,0,0,1,1,0,1,1,0,2,0
206113962,FIELD,82,204,1719240,82,83,1,0,0,0,357173,318272,0,1,1,1,82,122413810,81980904,24831938,2305026,1610616179,0,1,0,0,0,1,1,0,1,1,0,2,0
207116869,FIELD,82,205,1750709,82,83,1,0,0,0,358678,318272,0,1,1,1,82,123385249,81980904,24831938,2320208,1610616179,1,1,0,0,0,1,1,0,1,1,0,2,0
207780920,PTS,8,206,1768379,82,83,1,0,0,0,359674,318272,0,1,1,1,82,124031630,81980904,24831938,2331134,1610616179,1,1,0,0,0,1,1,0,1,1,0,2,0
207792767,START,85,206,1768714,82,83,1,0,0,0,359692,318272,0,1,1,1,82,124043142,81980904,24831938,2331210,1610616179,1,1,0,0,0,1,1,0,1,1,0,2,0
207792768,READY,84,206,1768714,82,83,1,0,0,0,359692,318272,0,1,1,1,82,124043142,81980904,24831938,2331210,1610616179,1,1,0,0,0,1,1,1,1,1,0,2,0
208115962,FIELD,82,206,1768714,82,83,1,1,0,0,360176,318272,0,1,1,1,82,124043142,82304098,24831938,2331210,1677727091,1,1,0,0,0,1,1,1,1,0,0,2,0
208115963,SELECT,83,207,1768714,83,81,1,0,0,0,360176,318272,0,0,0,1,82,124043142,82304099,24831938,2331210,1677727043,1,1,0,0,0,1,1,1,1,0,0,2,0
208203669,PUBLISH,83,207,1769860,83,81,1,0,0,0,360308,318272,0,0,0,1,83,124129701,82304100,24831938,2331210,1091872067,0,1,0,0,0,1,1,1,1,0,0,2,0
209118869,FIELD,83,207,1781156,83,81,1,0,0,0,361681,318272,0,0,0,1,83,125033605,82304100,24831938,2346121,1091872067,0,1,0,0,0,1,1,1,1,0,0,2,0
209834255,READY,85,208,1789000,83,81,1,0,0,0,362754,318272,0,0,0,1,83,125741147,82304100,24831938,2359345,1091872067,0,1,0,0,0,1,1,1,1,0,0,2,0
210117962,FIELD,83,208,1789001,83,81,1,1,0,0,363179,318272,0,0,0,1,83,125741148,82587805,24831938,2359345,1091904835,1,1,0,0,0,1,1,1,1,0,0,2,0
210117963,SELECT,81,209,1789001,81,84,0,0,0,0,363179,318272,0,0,1,1,83,125741148,82587806,24831938,2359345,1125459203,1,1,0,0,0,1,1,1,2,0,0,2,0
210117964,START,86,209,1789002,81,85,1,0,1,0,363179,318272,0,0,1,1,84,125741148,82587807,24831938,2359345,1073742409,1,0,0,0,0,1,1,1,2,0,0,2,0
210205669,PUBLISH,81,209,1790156,81,85,1,0,1,0,363311,318272,0,0,1,1,84,125827698,82587807,24831938,2359345,1073742925,0,1,0,0,0,1,1,1,2,0,0,2,0
211120869,FIELD,81,209,1800976,81,85,1,0,1,1,364684,318272,0,0,1,1,84,126732078,82587807,24831938,2374749,1073742925,0,1,0,0,0,1,1,1,2,0,0,2,0
211873212,READY,86,210,1810180,81,85,1,0,1,1,365812,318272,0,0,1,1,84,127475217,82587807,24831938,2387208,1073742925,0,1,0,0,0,1,1,1,2,0,0,2,0
211873214,START,87,210,1810182,81,85,1,0,1,1,365812,318272,0,0,1,1,84,127475218,82587807,24831938,2387208,1073742937,1,1,0,0,0,1,1,1,2,0,0,2,0
212119962,FIELD,81,210,1814480,81,85,1,0,1,1,366182,318272,0,0,1,1,84,127717667,82587807,24831938,2390321,1073744987,0,1,0,0,0,1,1,1,2,0,0,2,0
213122869,FIELD,81,211,1829796,81,85,1,1,1,1,367687,318272,0,0,1,1,84,128705258,82587807,24831938,2403668,1073744987,0,1,0,0,0,1,1,1,2,0,0,2,0
213122870,SELECT,85,212,1829796,85,86,1,0,0,0,367687,363317,1,1,0,1,84,128705259,82587807,24831938,2403668,1073745267,0,1,0,0,0,1,1,1,2,0,0,2,0
213206762,PUBLISH,85,212,1831328,85,86,1,0,0,0,367813,363317,1,1,0,1,85,128787619,82587807,24831938,2404010,1073745267,0,1,0,0,0,1,1,1,2,0,0,2,0
214121962,FIELD,85,212,1847308,85,86,1,0,0,0,369185,363317,1,1,0,1,85,129686839,82587807,24831938,2415115,1073745267,0,1,0,0,0,1,1,1,2,0,0,2,0
214195345,READY,87,213,1848201,85,86,1,0,0,0,369296,363317,1,1,0,1,85,129759330,82587807,24831938,2415115,1073745267,1,1,0,0,0,1,1,2,2,0,0,2,0
215124869,FIELD,85,213,1848201,85,86,1,1,0,0,370690,363317,1,1,0,1,85,129759330,83517330,24831938,2415115,1140856179,1,1,0,0,0,1,1,2,2,1,0,2,0
215124870,START,88,214,1848202,86,84,1,0,0,0,370690,363317,0,1,1,1,85,129759330,83517331,24831938,2415115,1140856131,1,1,0,0,0,1,1,2,2,1,0,2,0
215124870,SELECT,86,214,1848202,86,84,1,0,0,0,370690,363317,0,1,1,1,85,129759330,83517331,24831938,2415115,1140856131,1,1,0,0,0,1,1,2,2,1,0,2,0
215208762,PUBLISH,86,214,1850196,86,84,1,0,0,0,370816,363317,0,1,1,1,86,129841227,83517331,24831938,2415115,1275073859,0,1,0,0,0,1,1,2,2,1,0,2,1
216123962,FIELD,86,214,1862708,86,84,1,0,0,0,372188,363317,0,1,1,1,86,130743915,83517331,24831938,2428166,1275073859,0,1,0,0,0,1,1,2,2,1,0,2,1
217126869,FIELD,86,215,1882236,86,84,1,0,0,0,373693,363317,0,1,1,1,86,131727294,83517331,24831938,2439608,1275073859,0,1,0,0,0,1,1,2,2,1,0,2,1
217536951,READY,88,216,1889133,86,84,1,0,0,0,374308,363317,0,1,1,1,86,132130480,83517331,24831938,2444951,1275073859,1,1,0,0,0,1,1,0,2,1,0,2,1
218125962,FIELD,86,216,1889133,86,84,1,1,0,0,375191,363317,0,1,1,1,86,132130480,84106341,24831938,2444951,1275073859,1,1,0,0,0,1,1,0,2,1,1,2,0
218125963,START,89,217,1889134,84,87,1,0,0,0,375191,318272,0,0,0,1,86,132130480,84106342,24831938,2444951,3422553344,1,1,0,0,0,1,1,0,0,1,1,2,0
218125963,SELECT,84,217,1889134,84,87,1,0,0,0,375191,318272,0,0,0,1,86,132130480,84106342,24831938,2444951,3422553344,1,1,0,0,0,1,1,0,0,1,1,2,0
218213669,PUBLISH,84,217,1889134,84,87,1,0,0,0,375323,318272,0,0,0,1,87,132130480,84194047,24919643,2444951,3422553344,1,1,0,0,0,1,1,0,0,1,1,2,0
219128869,FIELD,84,217,1889134,84,87,1,0,0,0,376696,318272,0,0,0,1,87,132130480,85109247,25834843,2444951,3422553344,1,1,0,0,0,1,1,0,0,1,1,2,0
220127962,FIELD,84,218,1889134,84,87,1,1,0,0,378194,318272,0,0,0,1,87,132130480,86108340,26833936,2444951,3422553344,1,1,0,0,0,1,1,0,0,1,1,2,0
220127963,SELECT,87,219,1889134,87,88,1,0,0,0,378194,363317,0,0,1,1,87,132130480,86108341,26833937,2444951,3422553344,1,1,0,0,0,1,1,0,1,2,0,2,1
220215669,PUBLISH,87,219,1891536,87,88,1,0,0,0,378326,363317,0,0,1,1,88,132215783,86108341,26833938,2444951,3422553344,0,1,0,0,0,1,1,0,1,2,0,2,1
221130869,FIELD,87,219,1904916,87,88,1,0,0,0,379699,363317,0,0,1,1,88,133117603,86108341,26833938,2457409,3422553344,0,1,0,0,0,1,1,0,1,2,0,2,1
222129962,FIELD,87,220,1924892,87,88,1,0,0,0,381197,363317,0,0,1,1,88,134096720,86108341,26833938,2468890,3422553344,0,1,0,0,0,1,1,0,1,2,0,2,1
222600713,READY,89,221,1932637,87,88,1,0,0,0,381904,363317,0,0,1,1,88,134559727,86108341,26833938,2474596,3422553344,1,1,0,0,0,1,1,1,1,2,0,2,1
222600714,START,90,221,1932638,87,88,1,0,0,0,381904,363317,0,0,1,1,88,134559727,86108341,26833938,2474596,3422553344,1,1,0,0,0,1,1,1,1,2,1,0,0
223132869,FIELD,87,221,1932638,87,88,1,1,0,0,382702,363317,0,0,1,1,88,134559727,86640495,27366092,2474596,3422553344,1,1,0,0,0,1,1,1,1,2,1,0,0
223132870,SELECT,88,222,1932638,88,89,1,0,0,0,382702,363317,0,1,0,1,88,134559727,86640496,27366093,2474596,3422553344,1,1,0,0,0,1,1,1,2,0,0,0,1
223216762,PUBLISH,88,222,1935096,88,89,1,0,0,0,382828,363317,0,1,0,1,89,134641160,86640496,27366094,2474596,3422553344,0,1,0,0,0,1,1,1,2,0,0,0,1
224131962,FIELD,88,222,1947932,88,89,1,0,0,0,384200,363317,0,1,0,1,89,135543524,86640496,27366094,2487531,3422553344,0,1,0,0,0,1,1,1,2,0,0,0,1
225134869,FIELD,88,223,1967972,88,89,1,1,0,0,385705,363317,0,1,0,1,89,136526391,86640496,27366094,2500456,3422553344,0,1,0,0,0,1,1,1,2,0,0,0,1
225134870,SELECT,89,224,1967972,89,89,0,0,0,0,385705,363317,0,1,1,1,89,136526392,86640496,27366094,2500456,3221226752,0,1,0,0,0,1,1,1,0,0,0,0,1
225218762,PUBLISH,89,224,1969760,89,89,0,0,0,0,385831,363317,0,1,1,1,90,136608496,86640496,27366094,2500738,3221226752,0,1,0,0,0,1,1,1,0,0,0,0,1
225640882,READY,90,224,1976477,89,89,0,0,0,0,386464,363317,0,1,1,1,90,137023900,86640496,27366094,2506852,3221226752,1,1,0,0,0,1,1,2,0,0,0,0,1
225640883,START,91,224,1976478,89,90,0,0,0,0,386464,363317,0,1,1,1,90,137023900,86640496,27366094,2506852,3288335616,1,1,0,0,0,1,1,2,0,1,0,0,0
226133962,FIELD,89,224,1985596,89,90,1,0,0,0,387203,363317,0,1,1,1,90,137507860,86640496,27366094,2513347,3422553344,0,1,0,0,0,1,1,2,0,1,0,0,1
227136869,FIELD,89,225,2000964,89,90,1,0,0,0,388708,363317,0,1,1,1,90,138495399,86640496,27366094,2525059,3422553344,0,1,0,0,0,1,1,2,0,1,0,0,1
228135962,FIELD,89,226,2022652,89,90,1,1,0,0,390206,363317,0,1,1,1,90,139472804,86640496,27366094,2536867,3422553344,0,1,0,0,0,1,1,2,0,1,0,0,1
228135963,SELECT,90,227,2022652,90,90,0,0,0,0,390206,363317,0,0,0,1,90,139472805,86640496,27366094,2536867,3221226752,0,1,0,0,0,1,1,2,1,1,0,0,1
228197527,READY,91,227,2022653,90,90,0,0,0,0,390299,363317,0,0,0,0,91,139534369,86640496,27366094,2537194,3221226752,1,1,0,0,0,1,1,0,1,1,0,0,1
228197528,START,92,227,2022654,90,91,0,0,0,0,390299,363317,0,0,0,0,91,139534369,86640496,27366094,2537194,3288335616,1,1,0,0,0,1,1,0,1,2,0,0,0
228223669,PUBLISH,90,227,2023552,90,91,1,0,0,0,390338,363317,0,0,0,1,91,139559611,86640496,27366094,2537194,3422553344,0,1,0,0,0,1,1,0,1,2,0,0,1
229138869,FIELD,90,227,2037344,90,91,1,0,0,0,391711,363317,0,0,0,1,91,140461019,86640496,27366094,2548970,3422553344,0,1,0,0,0,1,1,0,1,2,0,0,1
230137962,FIELD,90,228,2056404,90,91,1,1,0,0,393209,363317,0,0,0,1,91,141441052,86640496,27366094,2560417,3422553344,0,1,0,0,0,1,1,0,1,2,0,0,1
230137963,SELECT,91,229,2056404,91,91,0,0,0,0,393209,363317,0,0,1,1,91,141441053,86640496,27366094,2560417,3221226752,0,1,0,0,0,1,1,0,2,2,0,0,1
230225669,PUBLISH,91,229,2058464,91,91,0,0,0,0,393341,363317,0,0,1,1,92,141526699,86640496,27366094,2560417,3221226752,0,1,0,0,0,1,1,0,2,2,0,0,1
230778354,READY,92,229,2069561,91,91,0,0,0,0,394170,363317,0,0,1,1,92,142068288,86640496,27366094,2568012,3221226752,1,1,0,0,0,1,1,1,2,2,0,0,1
230778355,START,93,229,2069562,91,92,0,0,0,0,394170,363317,0,0,1,1,92,142068288,86640496,27366094,2568012,3288335616,1,1,0,0,0,1,1,1,2,0,0,0,0
231140869,FIELD,91,229,2076336,91,92,1,0,0,0,394714,363317,0,0,1,1,92,142424027,86640496,27366094,2572687,3422553344,0,1,0,0,0,1,1,1,2,0,0,0,1
232139962,FIELD,91,230,2091856,91,92,1,0,0,0,396212,363317,0,0,1,1,92,143407600,86640496,27366094,2584416,3422553344,0,1,0,0,0,1,1,1,2,0,0,0,1
233142869,FIELD,91,231,2112912,91,92,1,1,0,0,397717,363317,0,0,1,1,92,144389451,86640496,27366094,2596239,3422553344,0,1,0,0,0,1,1,1,2,0,0,0,1
233142870,SELECT,92,232,2112912,92,92,0,0,0,0,397717,363317,0,1,0,1,92,144389452,86640496,27366094,2596239,3221226752,0,1,0,0,0,1,1,1,0,0,0,0,1
233226762,PUBLISH,92,232,2115056,92,92,0,0,0,0,397843,363317,0,1,0,1,93,144471200,86640496,27366094,2596239,3221226752,0,1,0,0,0,1,1,1,0,0,0,0,1
233359497,READY,93,232,2116189,92,92,0,0,0,0,398042,363317,0,1,0,1,93,144602803,86640496,27366094,2598132,3221226752,1,1,0,0,0,1,1,2,0,0,0,0,1
233359498,START,94,232,2116190,92,93,0,0,0,0,398042,363317,0,1,0,1,93,144602803,86640496,27366094,2598132,3288335616,1,1,0,0,0,1,1,2,0,1,0,0,0
234141962,FIELD,92,232,2129152,92,93,1,0,0,0,399215,363317,0,1,0,1,93,145372304,86640496,27366094,2607361,3422553344,0,1,0,0,0,1,1,2,0,1,0,0,1
235144869,FIELD,92,233,2146908,92,93,1,1,0,0,400720,363317,0,1,0,1,93,146357455,86640496,27366094,2618885,3422553344,0,1,0,0,0,1,1,2,0,1,0,0,1
235144870,SELECT,93,234,2146908,93,93,0,0,0,0,400720,363317,0,1,1,1,93,146357456,86640496,27366094,2618885,3221226752,0,1,0,0,0,1,1,2,1,1,0,0,1
235228762,PUBLISH,93,234,2148308,93,93,0,0,0,0,400846,363317,0,1,1,1,94,146439948,86640496,27366094,2619244,3221226752,0,1,0,0,0,1,1,2,1,1,0,0,1
235967468,READY,94,234,2163817,93,93,0,0,0,0,401954,363317,0,1,1,1,94,147163146,86640496,27366094,2628308,3221226752,1,1,0,0,0,1,1,0,1,1,0,0,1
235967469,START,95,234,2163818,93,94,0,0,0,0,401954,363317,0,1,1,1,94,147163146,86640496,27366094,2628308,3288335616,1,1,0,0,0,1,1,0,1,2,0,0,0
236143963,FIELD,93,234,2167600,93,94,1,0,0,0,402218,363317,0,1,1,1,94,147335857,86640496,27366094,2630736,3422553344,0,1,0,0,0,1,1,0,1,2,0,0,1
237146869,FIELD,93,235,2182028,93,94,1,0,0,0,403723,363317,0,1,1,1,94,148324335,86640496,27366094,2643445,3422553344,0,1,0,0,0,1,1,0,1,2,0,0,1
238145963,FIELD,93,236,2203784,93,94,1,1,0,0,405221,363317,0,1,1,1,94,149301673,86640496,27366094,2653461,3422553344,0,1,0,0,0,1,1,0,1,2,0,0,1
238145964,SELECT,94,237,2203784,94,94,0,0,0,0,405221,363317,0,0,0,1,94,149301674,86640496,27366094,2653461,3221226752,0,1,0,0,0,1,1,0,2,2,0,0,1
238233669,PUBLISH,94,237,2205316,94,94,0,0,0,0,405353,363317,0,0,0,1,95,149387847,86640496,27366094,2653707,3221226752,0,1,0,0,0,1,1,0,2,2,0,0,1
238589173,READY,95,237,2211205,94,94,0,0,0,0,405886,363317,0,0,0,1,95,149737463,86640496,27366094,2658667,3221226752,1,1,0,0,0,1,1,1,2,2,0,0,1
238589334,START,96,237,2211366,94,95,0,0,0,0,405886,363317,0,0,0,1,95,149737463,86640496,27366094,2658667,3288335616,1,1,0,0,0,1,1,1,2,0,0,0,0
239148869,FIELD,94,237,2229273,94,95,1,0,0,0,406726,363317,0,0,0,1,95,150279090,86640496,27366094,2669056,3422553344,0,1,0,0,0,1,1,1,2,0,0,0,1
240147963,FIELD,94,238,2263880,94,95,1,1,0,0,408224,363317,0,0,0,1,95,151243577,86640496,27366094,2684075,3422553344,0,1,0,0,0,1,1,1,2,0,0,0,1
240147964,SELECT,95,239,2263880,95,95,0,0,0,0,408224,363317,0,0,1,1,95,151243578,86640496,27366094,2684075,3221226752,0,1,0,0,0,1,1,1,0,0,0,0,1
240235669,PUBLISH,95,239,2266715,95,95,0,0,0,0,408356,363317,0,0,1,1,96,151328448,86640496,27366094,2684263,3221226752,0,1,0,0,0,1,1,1,0,0,0,0,1
240890687,PTS,9,239,2286413,95,95,0,0,0,0,409339,363317,0,0,1,1,96,151963769,86640496,27366094,2696030,3221226752,1,1,0,0,0,1,1,1,0,0,0,0,1
240892124,START,97,239,2286462,95,95,0,0,0,0,409341,363317,0,0,1,1,96,151965157,86640496,27366094,2696127,3221226752,1,1,0,0,0,1,1,1,0,0,0,0,1
240892125,READY,96,239,2286463,95,95,0,0,0,0,409341,363317,0,0,1,1,96,151965157,86640496,27366094,2696127,1073742533,1,1,0,0,0,1,1,2,0,0,0,0,1
241150869,FIELD,95,239,2289976,95,95,0,0,0,0,409729,363317,0,0,1,1,96,152220387,86640496,27366094,2699580,1073742405,0,1,0,0,0,1,1,2,0,0,0,0,0
242149963,FIELD,95,240,2300684,95,95,0,0,0,0,411227,363317,0,0,1,1,96,153208773,86640496,27366094,2715185,1073742405,0,1,0,0,0,1,1,2,0,0,0,0,0
243030837,READY,97,241,2312772,95,95,0,0,0,0,412549,363317,0,0,1,1,96,154077559,86640496,27366094,2726331,1073742405,0,1,0,0,0,1,1,2,0,0,0,0,0
243030839,START,98,241,2312774,95,97,1,0,1,1,412549,363317,0,0,1,1,96,154077560,86640496,27366094,2726331,1073742409,1,1,0,0,0,1,1,2,0,0,0,0,0
243152869,FIELD,95,241,2314440,95,97,1,1,1,1,412732,363317,0,0,1,1,96,154197923,86640496,27366094,2728163,1073742925,0,1,0,0,0,1,1,2,0,0,0,0,0
243152870,SELECT,97,242,2314440,97,95,0,0,0,0,412732,408362,1,1,0,1,96,154197924,86640496,27366094,2728163,1073743205,0,1,0,0,0,1,1,2,0,0,0,0,0
243236762,PUBLISH,97,242,2315024,97,95,0,0,0,0,412858,408362,1,1,0,1,97,154281232,86640496,27366094,2728487,1073743205,0,1,0,0,0,1,1,2,0,0,0,0,0
244151963,FIELD,97,242,2324628,97,95,0,0,0,0,414230,408362,1,1,0,1,97,155186829,86640496,27366094,2742774,1073743205,0,1,0,0,0,1,1,2,0,0,0,0,0
245075293,READY,98,243,2337708,97,95,0,0,0,0,415615,408362,1,1,0,1,97,156097079,86640496,27366094,2754842,1073743205,0,1,0,0,0,1,1,2,0,0,0,0,0
245075295,START,99,243,2337710,97,98,1,0,0,0,415615,408362,1,1,0,1,97,156097080,86640496,27366094,2754842,1073743217,1,1,0,0,0,1,1,2,0,0,0,0,0
245154869,FIELD,97,243,2340552,97,98,1,1,0,0,415735,408362,1,1,0,1,97,156173811,86640496,27366094,2755856,1073745267,0,1,0,0,0,1,1,2,0,0,0,0,0
245154870,SELECT,98,244,2340552,98,96,1,0,0,0,415735,408362,0,1,1,1,97,156173812,86640496,27366094,2755856,1073745219,0,1,0,0,0,1,1,2,0,0,0,0,0
245238762,PUBLISH,98,244,2342324,98,96,1,0,0,0,415861,408362,0,1,1,1,98,156255932,86640496,27366094,2756214,1073745219,0,1,0,0,0,1,1,2,0,0,0,0,0
246153963,FIELD,98,244,2359764,98,96,1,0,0,0,417233,408362,0,1,1,1,98,157153693,86640496,27366094,2767322,1073745219,0,1,0,0,0,1,1,2,0,0,0,0,0
247156869,FIELD,98,245,2381768,98,96,1,0,0,0,418738,408362,0,1,1,1,98,158134595,86640496,27366094,2778351,1073745219,0,1,0,0,0,1,1,2,0,0,0,0,0
247733631,READY,99,246,2393093,98,96,1,0,0,0,419603,408362,0,1,1,1,98,158700033,86640496,27366094,2785462,1073745219,1,1,0,0,0,1,1,0,0,0,0,0,0
247733632,START,100,246,2393094,98,96,1,0,0,0,419603,408362,0,1,1,1,98,158700033,86640496,27366094,2785462,1140856131,1,1,0,0,0,1,1,0,0,2,0,0,0
248155963,FIELD,98,246,2397096,98,96,1,1,0,0,420236,408362,0,1,1,1,98,159118361,86640496,27366094,2791472,1091872067,0,1,0,0,0,1,1,0,0,2,0,0,0
248155964,SELECT,96,247,2397096,96,99,0,0,0,0,420236,363317,0,0,0,1,98,159118362,86640496,27366094,2791472,1125426435,0,1,0,0,0,1,1,0,1,2,0,0,0
248243669,PUBLISH,96,247,2398256,96,99,0,0,0,0,420368,363317,0,0,0,1,99,159204907,86640496,27366094,2791472,1125426435,0,1,0,0,0,1,1,0,1,2,0,0,0
249158869,FIELD,96,247,2409744,96,99,0,0,0,0,421741,363317,0,0,0,1,99,160108619,86640496,27366094,2806826,1125426435,0,1,0,0,0,1,1,0,1,2,0,0,0
249771399,READY,100,248,2419588,96,99,0,0,0,0,422660,363317,0,0,0,1,99,160711305,86640496,27366094,2814228,1125426435,0,1,0,0,0,1,1,0,1,2,0,0,0
249771402,START,101,248,2419590,96,100,1,0,0,0,422660,363317,0,0,0,1,99,160711306,86640497,27366094,2814228,1073742409,1,1,0,0,0,1,1,0,1,2,0,0,0
250157963,FIELD,96,248,2423820,96,100,1,1,0,0,423239,363317,0,0,0,1,99,161093636,86640497,27366094,2820185,1073742925,0,1,0,0,0,1,1,0,1,2,0,0,0
250157964,SELECT,100,249,2423820,100,99,0,0,0,0,423239,408362,0,0,1,1,99,161093637,86640497,27366094,2820185,1073743205,0,1,0,0,0,1,1,0,1,2,0,0,0
250245669,PUBLISH,100,249,2424392,100,99,0,0,0,0,423371,408362,0,0,1,1,100,161180770,86640497,27366094,2820547,1073743205,0,1,0,0,0,1,1,0,1,2,0,0,0
251160869,FIELD,100,249,2436132,100,99,0,0,0,0,424744,408362,0,0,1,1,100,162084230,86640497,27366094,2834228,1073743205,0,1,0,0,0,1,1,0,1,2,0,0,0
251826395,READY,101,250,2446232,100,99,0,0,0,0,425742,408362,0,0,1,1,100,162739656,86640497,27366094,2842480,1073743205,0,1,0,0,0,1,1,0,1,2,0,0,0
251826397,START,102,250,2446234,100,101,1,0,0,0,425742,408362,0,0,1,1,100,162739657,86640497,27366094,2842480,1073743217,1,1,0,0,0,1,1,0,1,2,0,0,0
252159963,FIELD,100,250,2453512,100,101,1,0,0,0,426242,408362,0,0,1,1,100,163065944,86640497,27366094,2845540,1073745267,0,1,0,0,0,1,1,0,1,2,0,0,0
253162869,FIELD,100,251,2475404,100,101,1,1,0,0,427747,408362,0,0,1,1,100,164046958,86640497,27366094,2856236,1073745267,0,1,0,0,0,1,1,0,1,2,0,0,0
253162870,SELECT,101,252,2475404,101,99,1,0,0,0,427747,408362,0,1,0,1,100,164046959,86640497,27366094,2856236,1073745219,0,1,0,0,0,1,1,0,1,2,0,0,0
253246763,PUBLISH,101,252,2477924,101,99,1,0,0,0,427873,408362,0,1,0,1,101,164128332,86640497,27366094,2856236,1073745219,0,1,0,0,0,1,1,0,1,2,0,0,0
254161963,FIELD,101,252,2499996,101,99,1,0,0,0,429245,408362,0,1,0,1,101,165021460,86640497,27366094,2865530,1073745219,0,1,0,0,0,1,1,0,1,2,0,0,0
254633655,READY,102,253,2509385,101,99,1,0,0,0,429953,408362,0,1,0,1,101,165483764,86640497,27366094,2870656,1073745219,1,1,0,0,0,1,1,1,1,2,0,0,0
254633656,START,103,253,2509386,101,99,1,0,0,0,429953,408362,0,1,0,1,101,165483764,86640497,27366094,2870656,1140856131,1,1,0,0,0,1,1,1,1,0,0,0,0
255164869,FIELD,101,253,2515084,101,99,1,1,0,0,430750,408362,0,1,0,1,101,166009278,86640497,27366094,2878891,1091872067,0,1,0,0,0,1,1,1,1,0,0,0,0
255164870,SELECT,99,254,2515084,99,102,0,0,0,0,430750,408362,0,1,1,1,101,166009279,86640497,27366094,2878891,1125426435,0,1,0,0,0,1,1,1,2,0,0,0,0
255248763,PUBLISH,99,254,2515660,99,102,0,0,0,0,430876,408362,0,1,1,1,102,166092596,86640497,27366094,2879188,1125426435,0,1,0,0,0,1,1,1,2,0,0,0,0
256163963,FIELD,99,254,2527460,99,102,0,0,0,0,432248,408362,0,1,1,1,102,166995996,86640497,27366094,2892119,1125426435,0,1,0,0,0,1,1,1,2,0,0,0,0
256806608,READY,103,255,2537892,99,102,0,0,0,0,433212,408362,0,1,1,1,102,167628209,86640497,27366094,2900254,1125426435,0,1,0,0,0,1,1,1,2,0,0,0,0
256806611,START,104,255,2537894,99,103,1,0,0,0,433212,408362,0,1,1,1,102,167628210,86640498,27366094,2900254,1073742409,1,1,0,0,0,1,1,1,2,0,0,0,0
257166869,FIELD,99,255,2541924,99,103,1,0,0,0,433753,408362,0,1,1,1,102,167984437,86640498,27366094,2905082,1073742925,0,1,0,0,0,1,1,1,2,0,0,0,0
258165963,FIELD,99,256,2554300,99,103,1,1,0,0,435251,408362,0,1,1,1,102,168971155,86640498,27366094,2919029,1073742925,0,1,0,0,0,1,1,1,2,0,0,0,0
258165964,SELECT,103,257,2554300,103,102,0,0,0,0,435251,408362,0,0,0,1,102,168971156,86640498,27366094,2919029,1073743205,0,1,0,0,0,1,1,1,2,0,0,0,0
258253669,PUBLISH,103,257,2555384,103,102,0,0,0,0,435383,408362,0,0,0,1,103,169057777,86640498,27366094,2919029,1073743205,0,1,0,0,0,1,1,1,2,0,0,0,0
258977416,READY,104,257,2566880,103,102,0,0,0,0,436469,408362,0,0,0,1,103,169770028,86640498,27366094,2928893,1073743205,0,1,0,0,0,1,1,1,2,0,0,0,0
258977418,START,105,257,2566882,103,104,1,0,0,0,436469,408362,0,0,0,1,103,169770029,86640498,27366094,2928893,1073743217,1,1,0,0,0,1,1,1,2,0,0,0,0
259168869,FIELD,103,257,2571788,103,104,1,0,0,0,436756,408362,0,0,0,1,103,169956573,86640498,27366094,2931160,1073745267,0,1,0,0,0,1,1,1,2,0,0,0,0
260167963,FIELD,103,258,2593268,103,104,1,1,0,0,438254,408362,0,0,0,1,103,170934187,86640498,27366094,2942774,1073745267,0,1,0,0,0,1,1,1,2,0,0,0,0
260167964,SELECT,104,259,2593268,104,102,1,0,0,0,438254,408362,0,0,1,1,103,170934188,86640498,27366094,2942774,1073745219,0,1,0,0,0,1,1,1,2,0,0,0,0
260255669,PUBLISH,104,259,2595310,104,102,1,0,0,0,438386,408362,0,0,1,1,104,171019851,86640498,27366094,2943028,1073745219,0,1,0,0,0,1,1,1,2,0,0,0,0
261170869,FIELD,104,259,2619668,104,102,1,0,0,0,439759,408362,0,0,1,1,104,171910693,86640498,27366094,2952724,1073745219,0,1,0,0,0,1,1,1,2,0,0,0,0
261866357,READY,105,260,2636497,104,102,1,0,0,0,440802,408362,0,0,1,1,104,172589353,86640498,27366094,2960251,1073745219,1,1,0,0,0,1,1,2,2,0,0,0,0
261866358,START,106,260,2636498,104,102,1,0,0,0,440802,408362,0,0,1,1,104,172589353,86640498,27366094,2960251,1140856131,1,1,0,0,0,1,1,2,2,1,0,0,0
262169963,FIELD,104,260,2639732,104,102,1,0,0,0,441257,408362,0,0,1,1,104,172889723,86640498,27366094,2965391,1091872067,0,1,0,0,0,1,1,2,2,1,0,0,0
263172869,FIELD,104,261,2652464,104,102,1,1,0,0,442762,408362,0,0,1,1,104,173879897,86640498,27366094,2979223,1091872067,0,1,0,0,0,1,1,2,2,1,0,0,0
263172870,SELECT,102,262,2652464,102,105,0,0,0,0,442762,408362,0,1,0,1,104,173879898,86640498,27366094,2979223,1125426435,0,1,0,0,0,1,1,2,0,1,0,0,0
263256763,PUBLISH,102,262,2653828,102,105,0,0,0,0,442888,408362,0,1,0,1,105,173962427,86640498,27366094,2979223,1125426435,0,1,0,0,0,1,1,2,0,1,0,0,0
264110967,READY,106,262,2666768,102,105,0,0,0,0,444169,408362,0,1,0,1,105,174803691,86640498,27366094,2990379,1125426435,0,1,0,0,0,1,1,2,0,1,0,0,0
264110970,START,107,262,2666770,102,106,1,0,0,0,444169,408362,0,1,0,1,105,174803692,86640499,27366094,2990379,1073742409,1,1,0,0,0,1,1,2,0,1,0,0,0
264171963,FIELD,102,262,2668020,102,106,1,0,0,0,444260,408362,0,1,0,1,105,174863434,86640499,27366094,2991233,1073742925,0,1,0,0,0,1,1,2,0,1,0,0,0
265174870,FIELD,102,263,2679232,102,106,1,1,0,0,445765,408362,0,1,0,1,105,175855129,86640499,27366094,3005310,1073742925,0,1,0,0,0,1,1,2,0,1,0,0,0
265174871,SELECT,106,264,2679232,106,105,0,0,0,0,445765,408362,0,1,1,1,105,175855130,86640499,27366094,3005310,1073743205,0,1,0,0,0,1,1,2,0,1,0,0,0
265258763,PUBLISH,106,264,2680736,106,105,0,0,0,0,445891,408362,0,1,1,1,106,175937518,86640499,27366094,3005310,1073743205,0,1,0,0,0,1,1,2,0,1,0,0,0
266173963,FIELD,106,264,2696464,106,105,0,0,0,0,447263,408362,0,1,1,1,106,176836990,86640499,27366094,3017816,1073743205,0,1,0,0,0,1,1,2,0,1,0,0,0
266363449,READY,107,265,2698712,106,105,0,0,0,0,447548,408362,0,1,1,1,106,177024228,86640499,27366094,3019965,1073743205,0,1,0,0,0,1,1,2,0,1,0,0,0
266363611,START,108,265,2698874,106,107,1,0,0,0,447548,408362,0,1,1,1,106,177024229,86640499,27366094,3019965,1073743217,1,1,0,0,0,1,1,2,0,1,0,0,0
267176870,FIELD,106,265,2721781,106,107,1,0,0,0,448768,408362,0,1,1,1,106,177814580,86640499,27366094,3035248,1073745267,0,1,0,0,0,1,1,2,0,1,0,0,0
268175963,FIELD,106,266,2760564,106,107,1,1,0,0,450266,408362,0,1,1,1,106,178774890,86640499,27366094,3049942,1073745267,0,1,0,0,0,1,1,2,0,1,0,0,0
268175964,SELECT,107,267,2760564,107,105,1,0,0,0,450266,408362,0,0,0,1,106,178774891,86640499,27366094,3049942,1073745219,0,1,0,0,0,1,1,2,0,1,0,0,0
268263669,PUBLISH,107,267,2763881,107,105,1,0,0,0,450398,408362,0,0,0,1,107,178859279,86640499,27366094,3050307,1073745219,0,1,0,0,0,1,1,2,0,1,0,0,0
268658269,PTS,10,267,2776045,107,105,1,0,0,0,450990,408362,0,0,0,1,107,179241716,86640499,27366094,3056833,1073745219,1,1,0,0,0,1,1,2,0,1,0,0,0
268695451,START,109,267,2777186,107,105,1,0,0,0,451046,408362,0,0,0,1,107,179277757,86640499,27366094,3057478,1073745219,1,1,0,0,0,1,1,2,0,1,0,0,0
268695452,READY,108,267,2777186,107,105,1,0,0,0,451046,408362,0,0,0,1,107,179277757,86640499,27366094,3057478,1073745219,1,1,0,0,0,1,1,0,0,1,0,0,0
269178870,FIELD,107,267,2782232,107,105,1,0,0,0,451771,408362,0,0,0,1,107,179756128,86640500,27366094,3065491,1091872067,0,1,0,0,0,1,1,0,0,2,0,0,0
270177963,FIELD,107,268,2797016,107,105,1,1,0,0,453269,408362,0,0,0,1,107,180740437,86640500,27366094,3079026,1091872067,0,1,0,0,0,1,1,0,0,2,0,0,0
270177964,SELECT,105,269,2797016,105,108,0,0,0,0,453269,408362,0,0,1,1,107,180740438,86640500,27366094,3079026,1125426435,0,1,0,0,0,1,1,0,1,2,0,0,0
270265669,PUBLISH,105,269,2798336,105,108,0,0,0,0,453401,408362,0,0,1,1,108,180826823,86640500,27366094,3079326,1125426435,0,1,0,0,0,1,1,0,1,2,0,0,0
270838622,READY,109,269,2805488,105,108,0,0,0,0,454260,408362,0,0,1,1,108,181392624,86640500,27366094,3088570,1125426435,0,1,0,0,0,1,1,0,1,2,0,0,0
270838625,START,110,269,2805490,105,109,1,0,1,1,454260,408362,0,0,1,1,108,181392625,86640501,27366094,3088570,1073742409,1,1,0,0,0,1,1,0,1,2,0,0,0
271180870,FIELD,105,269,2808824,105,109,1,0,1,1,454774,408362,0,0,1,1,108,181731535,86640501,27366094,3094302,1073742925,0,1,0,0,0,1,1,0,1,2,0,0,0
272179963,FIELD,105,270,2823268,105,109,1,0,1,1,456272,408362,0,0,1,1,108,182716184,86640501,27366094,3107084,1073742925,0,1,0,0,0,1,1,0,1,2,0,0,0
272942699,READY,110,271,2833532,105,109,1,0,1,1,457417,408362,0,0,1,1,108,183468656,86640501,27366094,3117871,1073742925,0,1,0,0,0,1,1,0,1,2,0,0,0
272942701,START,111,271,2833534,105,109,1,0,1,1,457417,408362,0,0,1,1,108,183468657,86640501,27366094,3117871,1073742937,1,1,0,0,0,1,1,0,1,2,0,0,0
273182870,FIELD,105,271,2837352,105,109,1,1,1,1,457777,408362,0,0,1,1,108,183705007,86640501,27366094,3121157,1073744987,0,1,0,0,0,1,1,0,1,2,0,0,0
273182871,SELECT,109,272,2837352,109,110,1,0,0,0,457777,453407,1,1,0,1,108,183705008,86640501,27366094,3121157,1073745267,0,1,0,0,0,1,1,0,1,2,0,0,0
273266763,PUBLISH,109,272,2838208,109,110,1,0,0,0,457903,453407,1,1,0,1,109,183788044,86640501,27366094,3121157,1073745267,0,1,0,0,0,1,1,0,1,2,0,0,0
274181963,FIELD,109,272,2853974,109,110,1,0,0,0,459275,453407,1,1,0,1,109,184687478,86640501,27366094,3133679,1073745267,0,1,0,0,0,1,1,0,1,2,0,0,0
275184870,FIELD,109,273,2874444,109,110,1,1,0,0,460780,453407,1,1,0,1,109,185669915,86640501,27366094,3145974,1073745267,0,1,0,0,0,1,1,0,1,2,0,0,0
275184871,SELECT,110,274,2874444,110,108,1,0,0,0,460780,453407,0,1,1,1,109,185669916,86640501,27366094,3145974,1073745219,0,1,0,0,0,1,1,0,1,2,0,0,0
275268763,PUBLISH,110,274,2876176,110,108,1,0,0,0,460906,453407,0,1,1,1,110,185752076,86640501,27366094,3146332,1073745219,0,1,0,0,0,1,1,0,1,2,0,0,0
275390972,READY,111,274,2876797,110,108,1,0,0,0,461089,453407,0,1,1,1,110,185873665,86640501,27366094,3148814,1073745219,1,1,0,0,0,1,1,1,1,2,0,0,0
275390973,START,112,274,2876798,110,108,1,0,0,0,461089,453407,0,1,1,1,110,185873665,86640501,27366094,3148814,1140856131,1,1,0,0,0,1,1,1,1,0,0,0,0
276183963,FIELD,110,274,2887708,110,108,1,0,0,0,462278,453407,0,1,1,1,110,186655744,86640501,27366094,3160426,1275073859,0,1,0,0,0,1,1,1,1,0,0,0,1
277186870,FIELD,110,275,2912340,110,108,1,0,0,0,463783,453407,0,1,1,1,110,187634019,86640501,27366094,3171587,1275073859,0,1,0,0,0,1,1,1,1,0,0,0,1
277920660,READY,112,276,2924437,110,108,1,0,0,0,464883,453407,0,1,1,1,110,188355713,86640501,27366094,3181211,1275073859,1,1,0,0,0,1,1,2,1,0,0,0,1
278185963,FIELD,110,276,2924437,110,108,1,1,0,0,465281,453407,0,1,1,1,110,188355713,86905803,27366094,3181211,1275073859,1,1,0,0,0,1,1,2,1,0,1,1,0
278185964,START,113,277,2924438,108,111,1,0,0,0,465281,408362,0,0,0,1,110,188355713,86905804,27366094,3181211,3422553344,1,1,0,0,0,1,1,2,2,0,1,1,0
278185964,SELECT,108,277,2924438,108,111,1,0,0,0,465281,408362,0,0,0,1,110,188355713,86905804,27366094,3181211,3422553344,1,1,0,0,0,1,1,2,2,0,1,1,0
278273670,PUBLISH,108,277,2924438,108,111,1,0,0,0,465413,408362,0,0,0,1,111,188355713,86993509,27453799,3181211,3422553344,1,1,0,0,0,1,1,2,2,0,1,1,0
279188870,FIELD,108,277,2924438,108,111,1,0,0,0,466786,408362,0,0,0,1,111,188355713,87908709,28368999,3181211,3422553344,1,1,0,0,0,1,1,2,2,0,1,1,0
280187963,FIELD,108,278,2924438,108,111,1,1,0,0,468284,408362,0,0,0,1,111,188355713,88907802,29368092,3181211,3422553344,1,1,0,0,0,1,1,2,2,0,1,1,0
280187964,SELECT,111,279,2924438,111,112,1,0,0,0,468284,453407,0,0,1,1,111,188355713,88907803,29368093,3181211,3422553344,1,1,0,0,0,1,1,2,0,1,0,1,1
280275670,PUBLISH,111,279,2926716,111,112,1,0,0,0,468416,453407,0,0,1,1,112,188441140,88907803,29368094,3181211,3422553344,0,1,0,0,0,1,1,2,0,1,0,1,1
281190870,FIELD,111,279,2940260,111,112,1,0,0,0,469789,453407,0,0,1,1,112,189342796,88907803,29368094,3194666,3422553344,0,1,0,0,0,1,1,2,0,1,0,1,1
282189963,FIELD,111,280,2964186,111,112,1,0,0,0,471287,453407,0,0,1,1,112,190317963,88907803,29368094,3205440,3422553344,0,1,0,0,0,1,1,2,0,1,0,1,1
282761227,READY,113,281,2973353,111,112,1,0,0,0,472144,453407,0,0,1,1,112,190880061,88907803,29368094,3213087,3422553344,1,1,0,0,0,1,1,0,0,1,0,1,1
282761228,START,114,281,2973354,111,112,1,0,0,0,472144,453407,0,0,1,1,112,190880061,88907803,29368094,3213087,3422553344,1,1,0,0,0,1,1,0,0,1,1,2,0
283192870,FIELD,111,281,2973354,111,112,1,1,0,0,472792,453407,0,0,1,1,112,190880061,89339444,29799735,3213087,3422553344,1,1,0,0,0,1,1,0,0,1,1,2,0
283192871,SELECT,112,282,2973354,112,113,1,0,0,0,472792,453407,0,1,0,1,112,190880061,89339445,29799736,3213087,3422553344,1,1,0,0,0,1,1,0,1,2,0,2,1
283276763,PUBLISH,112,282,2976008,112,113,1,0,0,0,472918,453407,0,1,0,1,113,190961298,89339445,29799737,3213087,3422553344,0,1,0,0,0,1,1,0,1,2,0,2,1
284191963,FIELD,112,282,2992064,112,113,1,0,0,0,474290,453407,0,1,0,1,113,191860442,89339445,29799737,3223631,3422553344,0,1,0,0,0,1,1,0,1,2,0,2,1
285194870,FIELD,112,283,3020536,112,113,1,1,0,0,475795,453407,0,1,0,1,113,192834877,89339445,29799737,3234457,3422553344,0,1,0,0,0,1,1,0,1,2,0,2,1
285194871,SELECT,113,284,3020536,113,113,0,0,0,0,475795,453407,0,1,1,1,113,192834878,89339445,29799737,3234457,3221226752,0,1,0,0,0,1,1,0,2,2,0,2,1
285278763,PUBLISH,113,284,3022524,113,113,0,0,0,0,475921,453407,0,1,1,1,114,192916782,89339445,29799737,3234457,3221226752,0,1,0,0,0,1,1,0,2,2,0,2,1
285924506,READY,114,284,3033673,113,113,0,0,0,0,476889,453407,0,1,1,1,114,193551377,89339445,29799737,3242600,3221226752,1,1,0,0,0,1,1,1,2,2,0,2,1
285924507,START,115,284,3033674,113,114,0,0,0,0,476889,453407,0,1,1,1,114,193551377,89339445,29799737,3242600,3288335616,1,1,0,0,0,1,1,1,2,0,0,2,0
286193963,FIELD,113,284,3036944,113,114,0,0,0,0,477293,453407,0,1,1,1,114,193817562,89339445,29799737,3246641,1073742405,0,1,0,0,0,1,1,1,2,0,0,2,0
287196870,FIELD,113,285,3051588,113,114,0,0,0,0,478798,453407,0,1,1,1,114,194805825,89339445,29799737,3260330,1073742405,0,1,0,0,0,1,1,1,2,0,0,2,0
288014604,READY,115,286,3060388,113,114,0,0,0,0,480024,453407,0,1,1,1,114,195614759,89339445,29799737,3272104,1073742405,0,1,0,0,0,1,1,1,2,0,0,2,0
288014606,START,116,286,3060390,113,115,1,0,0,0,480024,453407,0,1,1,1,114,195614760,89339445,29799737,3272104,1073742409,1,1,0,0,0,1,1,1,2,0,0,2,0
288195963,FIELD,113,286,3063092,113,115,1,1,0,0,480296,453407,0,1,1,1,114,195793414,89339445,29799737,3274971,1073742925,0,1,0,0,0,1,1,1,2,0,0,2,0
288195964,SELECT,115,287,3063092,115,114,0,0,0,0,480296,453407,0,0,0,1,114,195793415,89339445,29799737,3274971,1073743205,0,1,0,0,0,1,1,1,2,0,0,2,0
288283670,PUBLISH,115,287,3063784,115,114,0,0,0,0,480428,453407,0,0,0,1,115,195880429,89339445,29799737,3275305,1073743205,0,1,0,0,0,1,1,1,2,0,0,2,0
289198870,FIELD,115,287,3076644,115,114,0,0,0,0,481801,453407,0,0,0,1,115,196782769,89339445,29799737,3289725,1073743205,0,1,0,0,0,1,1,1,2,0,0,2,0
290084356,READY,116,288,3087824,115,114,0,0,0,0,483129,453407,0,0,0,1,115,197657075,89339445,29799737,3303383,1073743205,0,1,0,0,0,1,1,1,2,0,0,2,0
290084358,START,117,288,3087826,115,116,1,0,0,0,483129,453407,0,0,0,1,115,197657076,89339445,29799737,3303383,1073743217,1,1,0,0,0,1,1,1,2,0,0,2,0
290197963,FIELD,115,288,3090640,115,116,1,1,0,0,483299,453407,0,0,0,1,115,197767866,89339445,29799737,3304454,1073745267,0,1,0,0,0,1,1,1,2,0,0,2,0
290197964,SELECT,116,289,3090640,116,114,1,0,0,0,483299,453407,0,0,1,1,115,197767867,89339445,29799737,3304454,1073745219,0,1,0,0,0,1,1,1,2,0,0,2,0
290285670,PUBLISH,116,289,3092392,116,114,1,0,0,0,483431,453407,0,0,1,1,116,197853821,89339445,29799737,3304454,1073745219,0,1,0,0,0,1,1,1,2,0,0,2,0
291200870,FIELD,116,289,3112652,116,114,1,0,0,0,484804,453407,0,0,1,1,116,198748761,89339445,29799737,3315769,1073745219,0,1,0,0,0,1,1,1,2,0,0,2,0
292199963,FIELD,116,290,3139224,116,114,1,0,0,0,486302,453407,0,0,1,1,116,199721282,89339445,29799737,3326072,1073745219,0,1,0,0,0,1,1,1,2,0,0,2,0
292884605,READY,117,291,3150777,116,114,1,0,0,0,487329,453407,0,0,1,1,116,200394372,89339445,29799737,3333955,1073745219,1,1,0,0,0,1,1,2,2,0,0,2,0
292884606,START,118,291,3150778,116,114,1,0,0,0,487329,453407,0,0,1,1,116,200394372,89339445,29799737,3333955,1140856131,1,1,0,0,0,1,1,2,2,1,0,2,0
293202870,FIELD,116,291,3155028,116,114,1,1,0,0,487807,453407,0,0,1,1,116,200708385,89339445,29799737,3338531,1091872067,0,1,0,0,0,1,1,2,2,1,0,2,0
293202871,SELECT,114,292,3155028,114,117,0,0,0,0,487807,453407,0,1,0,1,116,200708386,89339445,29799737,3338531,1125426435,0,1,0,0,0,1,1,2,0,1,0,2,0
293286763,PUBLISH,114,292,3156060,114,117,0,0,0,0,487933,453407,0,1,0,1,117,200791246,89339445,29799737,3338893,1125426435,0,1,0,0,0,1,1,2,0,1,0,2,0
294201963,FIELD,114,292,3168868,114,117,0,0,0,0,489305,453407,0,1,0,1,117,201693638,89339445,29799737,3351480,1125426435,0,1,0,0,0,1,1,2,0,1,0,2,0
294986421,READY,118,293,3177308,114,117,0,0,0,0,490482,453407,0,1,0,1,117,202469656,89339445,29799737,3363451,1125426435,0,1,0,0,0,1,1,2,0,1,0,2,0
294986424,START,119,293,3177310,114,118,1,0,0,0,490482,453407,0,1,0,1,117,202469657,89339446,29799737,3363451,1073742409,1,1,0,0,0,1,1,2,0,1,0,2,0
295204870,FIELD,114,293,3180304,114,118,1,1,0,0,490810,453407,0,1,0,1,117,202685108,89339446,29799737,3366296,1073742925,0,1,0,0,0,1,1,2,0,1,0,2,0
295204871,SELECT,118,294,3180304,118,117,0,0,0,0,490810,453407,0,1,1,1,117,202685109,89339446,29799737,3366296,1073743205,0,1,0,0,0,1,1,2,0,1,0,2,0
295288763,PUBLISH,118,294,3181132,118,117,0,0,0,0,490936,453407,0,1,1,1,118,202768173,89339446,29799737,3366296,1073743205,0,1,0,0,0,1,1,2,0,1,0,2,0
296203963,FIELD,118,294,3194232,118,117,0,0,0,0,492308,453407,0,1,1,1,118,203670273,89339446,29799737,3379598,1073743205,0,1,0,0,0,1,1,2,0,1,0,2,0
297054406,READY,119,295,3203544,118,117,0,0,0,0,493584,453407,0,1,1,1,118,204511404,89339446,29799737,3393386,1073743205,0,1,0,0,0,1,1,2,0,1,0,2,0
297054568,START,120,295,3203706,118,119,1,0,0,0,493584,453407,0,1,1,1,118,204511405,89339446,29799737,3393386,1073743217,1,1,0,0,0,1,1,2,0,1,0,2,0
297206870,FIELD,118,295,3208078,118,119,1,0,0,0,493813,453407,0,1,1,1,118,204659334,89339446,29799737,3396071,1073745267,0,1,0,0,0,1,1,2,0,1,0,2,0
298205963,FIELD,118,296,3244532,118,119,1,1,0,0,495311,453407,0,1,1,1,118,205621973,89339446,29799737,3410800,1073745267,0,1,0,0,0,1,1,2,0,1,0,2,0
298205964,SELECT,119,297,3244532,119,117,1,0,0,0,495311,453407,0,0,0,1,118,205621974,89339446,29799737,3410800,1073745219,0,1,0,0,0,1,1,2,0,1,0,2,0
298293670,PUBLISH,119,297,3248084,119,117,1,0,0,0,495443,453407,0,0,0,1,119,205706128,89339446,29799737,3411098,1073745219,0,1,0,0,0,1,1,2,0,1,0,2,0
299208870,FIELD,119,297,3277749,119,117,1,0,0,0,496816,453407,0,0,0,1,119,206591663,89339446,29799737,3427449,1073745219,0,1,0,0,0,1,1,2,0,1,0,2,0
299364892,PTS,11,298,3281897,119,117,1,0,0,0,497050,453407,0,0,0,1,119,206743538,89339446,29799737,3428449,1073745219,1,1,0,0,0,1,1,2,0,1,0,2,0
299393163,START,121,298,3282786,119,117,1,0,0,0,497092,453407,0,0,0,1,119,206770920,89339446,29799737,3429037,1073745219,1,1,0,0,0,1,1,2,0,1,0,2,0
299393164,READY,120,298,3282786,119,117,1,0,0,0,497092,453407,0,0,0,1,119,206770920,89339446,29799737,3429037,1073745219,1,1,0,0,0,1,1,0,0,1,0,2,0
300207963,FIELD,119,298,3292408,119,117,1,1,0,0,498314,453407,0,0,0,1,119,207576096,89339447,29799737,3441472,1091872067,0,1,0,0,0,1,1,0,0,2,0,2,0
300207964,SELECT,117,299,3292408,117,120,0,0,0,0,498314,453407,0,0,1,1,119,207576097,89339447,29799737,3441472,1125426435,0,1,0,0,0,1,1,0,1,2,0,2,0
300295670,PUBLISH,117,299,3293684,117,120,0,0,0,0,498446,453407,0,0,1,1,120,207662527,89339447,29799737,3441472,1125426435,0,1,0,0,0,1,1,0,1,2,0,2,0
301210870,FIELD,117,299,3307144,117,120,0,0,0,0,499819,453407,0,0,1,1,120,208564267,89339447,29799737,3453889,1125426435,0,1,0,0,0,1,1,0,1,2,0,2,0
301571004,READY,121,300,3311392,117,120,0,0,0,0,500359,453407,0,0,1,1,120,208920153,89339447,29799737,3459298,1125426435,0,1,0,0,0,1,1,0,1,2,0,2,0
301571007,START,122,300,3311394,117,121,1,0,1,1,500359,453407,0,0,1,1,120,208920154,89339448,29799737,3459298,1073742409,1,1,0,0,0,1,1,0,1,2,0,2,0
302209963,FIELD,117,300,3318264,117,121,1,0,1,1,501317,453407,0,0,1,1,120,209552239,89339448,29799737,3469488,1073742925,0,1,0,0,0,1,1,0,1,2,0,2,0
303212870,FIELD,117,301,3334716,117,121,1,1,1,1,502822,453407,0,0,1,1,120,210538694,89339448,29799737,3483085,1073742925,0,1,0,0,0,1,1,0,1,2,0,2,0
303212871,SELECT,121,302,3334716,121,120,0,0,0,0,502822,498452,1,1,0,1,120,210538695,89339448,29799737,3483085,1073743205,0,1,0,0,0,1,1,0,1,2,0,2,0
303296763,PUBLISH,121,302,3335676,121,120,0,0,0,0,502948,498452,1,1,0,1,121,210621627,89339448,29799737,3483404,1073743205,0,1,0,0,0,1,1,0,1,2,0,2,0
303658349,READY,122,302,3339476,121,120,0,0,0,0,503490,498452,1,1,0,1,121,210979413,89339448,29799737,3489113,1073743205,0,1,0,0,0,1,1,0,1,2,0,2,0
303658351,START,123,302,3339478,121,122,1,0,0,0,503490,498452,1,1,0,1,121,210979414,89339448,29799737,3489113,1073743217,1,1,0,0,0,1,1,0,1,2,0,2,0
304211963,FIELD,121,302,3350156,121,122,1,0,0,0,504320,498452,1,1,0,1,121,211522347,89339448,29799737,3495969,1073745267,0,1,0,0,0,1,1,0,1,2,0,2,0
305214870,FIELD,121,303,3376448,121,122,1,1,0,0,505825,498452,1,1,0,1,121,212498962,89339448,29799737,3505754,1073745267,0,1,0,0,0,1,1,0,1,2,0,2,0
305214871,SELECT,122,304,3376448,122,120,1,0,0,0,505825,498452,0,1,1,1,121,212498963,89339448,29799737,3505754,1073745219,0,1,0,0,0,1,1,0,1,2,0,2,0
305298763,PUBLISH,122,304,3378552,122,120,1,0,0,0,505951,498452,0,1,1,1,122,212580751,89339448,29799737,3505754,1073745219,0,1,0,0,0,1,1,0,1,2,0,2,0
306213963,FIELD,122,304,3396596,122,120,1,0,0,0,507323,498452,0,1,1,1,122,213477907,89339448,29799737,3518676,1073745219,0,1,0,0,0,1,1,0,1,2,0,2,0
306270706,READY,123,305,3396597,122,120,1,0,0,0,507409,498452,0,1,1,1,122,213534650,89339448,29799737,3518676,1073745219,1,1,0,0,0,1,1,1,1,2,0,2,0
306270707,START,124,305,3396598,122,120,1,0,0,0,507409,498452,0,1,1,1,122,213534650,89339448,29799737,3518676,1140856131,1,1,0,0,0,1,1,1,1,0,0,2,0
307216870,FIELD,122,305,3408848,122,120,1,0,0,0,508828,498452,0,1,1,1,122,214468562,89339448,29799737,3533171,1091872067,0,1,0,0,0,1,1,1,1,0,0,2,0
308215963,FIELD,122,306,3423624,122,120,1,1,0,0,510326,498452,0,1,1,1,122,215452879,89339448,29799737,3548381,1091872067,0,1,0,0,0,1,1,1,1,0,0,2,0
308215964,SELECT,120,307,3423624,120,123,0,0,0,0,510326,453407,0,0,0,1,122,215452880,89339448,29799737,3548381,1125426435,0,1,0,0,0,1,1,1,2,0,0,2,0
308242975,READY,124,307,3423624,120,123,0,0,0,0,510367,453407,0,0,0,0,123,215479891,89339448,29799737,3548703,1125426435,0,1,0,0,0,1,1,1,2,0,0,2,0
308242978,START,125,307,3423626,120,124,1,0,0,0,510367,453407,0,0,0,0,123,215479892,89339449,29799737,3548703,1073742409,1,1,0,0,0,1,1,1,2,0,0,2,0
308303670,PUBLISH,120,307,3424908,120,124,1,0,0,0,510458,453407,0,0,0,1,123,215539301,89339449,29799737,3548703,1073742925,0,1,0,0,0,1,1,1,2,0,0,2,0
309218870,FIELD,120,307,3437372,120,124,1,0,0,0,511831,453407,0,0,0,1,123,216442037,89339449,29799737,3562920,1073742925,0,1,0,0,0,1,1,1,2,0,0,2,0
310217963,FIELD,120,308,3450136,120,124,1,1,0,0,513329,453407,0,0,0,1,123,217428366,89339449,29799737,3579148,1073742925,0,1,0,0,0,1,1,1,2,0,0,2,0
310217964,SELECT,124,309,3450136,124,123,0,0,0,0,513329,498452,0,0,1,1,123,217428367,89339449,29799737,3579148,1073743205,0,1,0,0,0,1,1,1,2,0,0,2,0
310224886,READY,125,309,3450136,124,123,0,0,0,0,513340,498452,0,0,1,0,124,217435289,89339449,29799737,3579470,1073743205,0,1,0,0,0,1,1,1,2,0,0,2,0
310224888,START,126,309,3450138,124,125,1,0,0,0,513340,498452,0,0,1,0,124,217435290,89339449,29799737,3579470,1073743217,1,1,0,0,0,1,1,1,2,0,0,2,0
310305670,PUBLISH,124,309,3452864,124,125,1,0,0,0,513461,498452,0,0,1,1,124,217513345,89339449,29799737,3579470,1073745267,0,1,0,0,0,1,1,1,2,0,0,2,0
311220870,FIELD,124,309,3472526,124,125,1,0,0,0,514834,498452,0,0,1,1,124,218408883,89339449,29799737,3590639,1073745267,0,1,0,0,0,1,1,1,2,0,0,2,0
312219963,FIELD,124,310,3495232,124,125,1,0,0,0,516332,498452,0,0,1,1,124,219385270,89339449,29799737,3601406,1073745267,0,1,0,0,0,1,1,1,2,0,0,2,0
312904862,READY,126,311,3508281,124,125,1,0,0,0,517360,498452,0,0,1,1,124,220057121,89339449,29799737,3609701,1073745267,1,1,0,0,0,1,1,2,2,0,0,2,0
313222870,FIELD,124,311,3508281,124,125,1,1,0,0,517837,498452,0,0,1,1,124,220057121,89657456,29799737,3609701,1140856179,1,1,0,0,0,1,1,2,2,1,0,2,0
313222871,START,127,312,3508282,125,123,1,0,0,0,517837,498452,0,1,0,1,124,220057121,89657457,29799737,3609701,1140856131,1,1,0,0,0,1,1,2,2,1,0,2,0
313222871,SELECT,125,312,3508282,125,123,1,0,0,0,517837,498452,0,1,0,1,124,220057121,89657457,29799737,3609701,1140856131,1,1,0,0,0,1,1,2,2,1,0,2,0
313306763,PUBLISH,125,312,3509640,125,123,1,0,0,0,517963,498452,0,1,0,1,125,220139654,89657457,29799737,3609701,1091872067,0,1,0,0,0,1,1,2,2,1,0,2,0
314221963,FIELD,125,312,3522140,125,123,1,0,0,0,519335,498452,0,1,0,1,125,221042354,89657457,29799737,3623745,1091872067,0,1,0,0,0,1,1,2,2,1,0,2,0
315224870,FIELD,125,313,3535236,125,123,1,1,0,0,520840,498452,0,1,0,1,125,222032165,89657457,29799737,3639079,1091872067,0,1,0,0,0,1,1,2,2,1,0,2,0
315224871,SELECT,123,314,3535236,123,126,0,0,0,0,520840,498452,0,1,1,1,125,222032166,89657457,29799737,3639079,1125426435,0,1,0,0,0,1,1,2,0,1,0,2,0
315225663,READY,127,314,3535236,123,126,0,0,0,0,520841,498452,0,1,1,0,126,222032958,89657457,29799737,3639403,1125426435,0,1,0,0,0,1,1,2,0,1,0,2,0
315225666,START,128,314,3535238,123,127,1,0,0,0,520841,498452,0,1,1,0,126,222032959,89657458,29799737,3639403,1073742409,1,1,0,0,0,1,1,2,0,1,0,2,0
315308763,PUBLISH,123,314,3536560,123,127,1,0,0,0,520966,498452,0,1,1,1,126,222114733,89657458,29799737,3639403,1073742925,0,1,0,0,0,1,1,2,0,1,0,2,0
316223963,FIELD,123,314,3548700,123,127,1,0,0,0,522338,498452,0,1,1,1,126,223017793,89657458,29799737,3653722,1073742925,0,1,0,0,0,1,1,2,0,1,0,2,0
317226870,FIELD,123,315,3561516,123,127,1,0,0,0,523843,498452,0,1,1,1,126,224007884,89657458,29799737,3668847,1073742925,0,1,0,0,0,1,1,2,0,1,0,2,0
317233538,READY,128,316,3561516,123,127,1,0,0,0,523853,498452,0,1,1,1,126,224014552,89657458,29799737,3668847,1073742925,0,1,0,0,0,1,1,2,0,1,0,2,0
317233540,START,129,316,3561518,123,127,1,0,0,0,523853,498452,0,1,1,1,126,224014553,89657458,29799737,3668847,1073742937,1,1,0,0,0,1,1,2,0,1,0,2,0
318225963,FIELD,123,316,3582820,123,127,1,1,0,0,525341,498452,0,1,1,1,126,224985673,89657458,29799737,3679792,1073744987,0,1,0,0,0,1,1,2,0,1,0,2,0
318225964,SELECT,127,317,3582820,127,128,1,0,0,0,525341,498452,0,0,0,1,126,224985674,89657458,29799737,3679792,1073745267,0,1,0,0,0,1,1,2,0,1,0,2,0
318313670,PUBLISH,127,317,3584428,127,128,1,0,0,0,525473,498452,0,0,0,1,127,225071772,89657458,29799737,3680082,1073745267,0,1,0,0,0,1,1,2,0,1,0,2,0
319228870,FIELD,127,317,3606880,127,128,1,0,0,0,526846,498452,0,0,0,1,127,225964520,89657458,29799737,3691468,1073745267,0,1,0,0,0,1,1,2,0,1,0,2,0
320005884,READY,129,318,3622953,127,128,1,0,0,0,528011,498452,0,0,0,1,127,226725462,89657458,29799737,3699399,1073745267,1,1,0,0,0,1,1,0,0,1,0,2,0
320227964,FIELD,127,318,3622953,127,128,1,1,0,0,528344,498452,0,0,0,1,127,226725462,89879537,29799737,3699399,1140856179,1,1,0,0,0,1,1,0,0,2,0,2,0
320227965,START,130,319,3622954,128,126,1,0,0,0,528344,498452,0,0,1,1,127,226725462,89879538,29799737,3699399,1140856131,1,1,0,0,0,1,1,0,0,2,0,2,0
320227965,SELECT,128,319,3622954,128,126,1,0,0,0,528344,498452,0,0,1,1,127,226725462,89879538,29799737,3699399,1140856131,1,1,0,0,0,1,1,0,0,2,0,2,0
320315670,PUBLISH,128,319,3624456,128,126,1,0,0,0,528476,498452,0,0,1,1,128,226811664,89879538,29799737,3699399,1091872067,0,1,0,0,0,1,1,0,0,2,0,2,0
321230870,FIELD,128,319,3637456,128,126,1,0,0,0,529849,498452,0,0,1,1,128,227713864,89879538,29799737,3713231,1091872067,0,1,0,0,0,1,1,0,0,2,0,2,0
322229964,FIELD,128,320,3651284,128,126,1,0,0,0,531347,498452,0,0,1,1,128,228699130,89879538,29799737,3726889,1091872067,0,1,0,0,0,1,1,0,0,2,0,2,0
322323084,READY,130,321,3651740,128,126,1,0,0,0,531487,498452,0,0,1,1,128,228791794,89879538,29799737,3727021,1091872067,0,1,0,0,0,1,1,0,0,2,0,2,0
323232870,FIELD,128,321,3651741,128,126,1,1,0,0,532852,498452,0,0,1,1,128,228791795,90789322,29799737,3727021,1091904835,1,1,0,0,0,1,1,0,0,2,0,2,0
323232871,SELECT,126,322,3651741,126,129,0,0,0,0,532852,498452,0,1,0,1,128,228791795,90789323,29799737,3727021,1125459203,1,1,0,0,0,1,1,0,1,2,0,2,0
323232872,START,131,322,3651742,126,130,1,0,0,0,532852,498452,0,1,0,1,129,228791795,90789324,29799737,3727021,1073742409,1,0,0,0,0,1,1,0,1,2,0,2,0
323316763,PUBLISH,126,322,3653136,126,130,1,0,0,0,532978,498452,0,1,0,1,129,228874291,90789324,29799737,3727021,1073742925,0,1,0,0,0,1,1,0,1,2,0,2,0
324231964,FIELD,126,322,3665904,126,130,1,0,0,0,534350,498452,0,1,0,1,129,229776724,90789324,29799737,3740579,1073742925,0,1,0,0,0,1,1,0,1,2,0,2,0
325234870,FIELD,126,323,3679780,126,130,1,1,0,0,535855,498452,0,1,0,1,129,230765754,90789324,29799737,3754562,1073742925,0,1,0,0,0,1,1,0,1,2,0,2,0
325234871,SELECT,130,324,3679780,130,129,0,0,0,0,535855,498452,0,1,1,1,129,230765755,90789324,29799737,3754562,1073743205,0,1,0,0,0,1,1,0,1,2,0,2,0
325318763,PUBLISH,130,324,3680580,130,129,0,0,0,0,535981,498452,0,1,1,1,130,230848847,90789324,29799737,3754876,1073743205,0,1,0,0,0,1,1,0,1,2,0,2,0
325366675,READY,131,324,3680580,130,129,0,0,0,0,536053,498452,0,1,1,1,130,230896759,90789324,29799737,3756091,1073743205,0,1,0,0,0,1,1,0,1,2,0,2,0
325366837,START,132,324,3680742,130,131,1,0,0,0,536053,498452,0,1,1,1,130,230896760,90789324,29799737,3756091,1073743217,1,1,0,0,0,1,1,0,1,2,0,2,0
326233964,FIELD,130,324,3708005,130,131,1,0,0,0,537353,498452,0,1,1,1,130,231736623,90789324,29799737,3771347,1073745267,0,1,0,0,0,1,1,0,1,2,0,2,0
327236870,FIELD,130,325,3740112,130,131,1,0,0,0,538858,498452,0,1,1,1,130,232707422,90789324,29799737,3788719,1073745267,0,1,0,0,0,1,1,0,1,2,0,2,0
327640864,PTS,12,326,3753313,130,131,1,0,0,0,539464,498452,0,1,1,1,130,233098216,90789324,29799737,3794485,1073745267,1,1,0,0,0,1,1,0,1,2,0,2,0
327649339,START,133,326,3753586,130,131,1,0,0,0,539477,498452,0,1,1,1,130,233106418,90789324,29799737,3794485,1073745267,1,1,0,0,0,1,1,0,1,2,0,2,0
327649340,READY,132,326,3753586,130,131,1,0,0,0,539477,498452,0,1,1,1,130,233106418,90789324,29799737,3794485,1073745267,1,1,0,0,0,1,1,1,1,2,0,2,0
328235964,FIELD,130,326,3753586,130,131,1,1,0,0,540356,498452,0,1,1,1,130,233106418,91375948,29799737,3794485,1140856179,1,1,0,0,0,1,1,1,1,0,0,2,0
328235965,SELECT,131,327,3753586,131,129,1,0,0,0,540356,498452,0,0,0,1,130,233106418,91375949,29799737,3794485,1140856131,1,1,0,0,0,1,1,1,1,0,0,2,0
328323670,PUBLISH,131,327,3754760,131,129,1,0,0,0,540488,498452,0,0,0,1,131,233192948,91375950,29799737,3794485,1091872067,0,1,0,0,0,1,1,1,1,0,0,2,0
329238870,FIELD,131,327,3767356,131,129,1,0,0,0,541861,498452,0,0,0,1,131,234095552,91375950,29799737,3809999,1091872067,0,1,0,0,0,1,1,1,1,0,0,2,0
330142455,READY,133,328,3775920,131,129,1,0,0,0,543216,498452,0,0,0,1,131,234990573,91375950,29799737,3824797,1091872067,0,1,0,0,0,1,1,1,1,0,0,2,0
330237964,FIELD,131,328,3775921,131,129,1,1,0,0,543359,498452,0,0,0,1,131,234990574,91471457,29799737,3824797,1091904835,1,1,0,0,0,1,1,1,1,0,0,2,0
330237965,SELECT,129,329,3775921,129,132,0,0,0,0,543359,498452,0,0,1,1,131,234990574,91471458,29799737,3824797,1125459203,1,1,0,0,0,1,1,1,2,0,0,2,0
330237966,START,134,329,3775922,129,133,1,0,1,0,543359,498452,0,0,1,1,132,234990574,91471459,29799737,3824797,1073742409,1,0,0,0,0,1,1,1,2,0,0,2,0
330325670,PUBLISH,129,329,3777080,129,133,1,0,1,0,543491,498452,0,0,1,1,132,235077119,91471459,29799737,3824797,1073742925,0,1,0,0,0,1,1,1,2,0,0,2,0
331240870,FIELD,129,329,3789628,129,133,1,0,1,1,544864,498452,0,0,1,1,132,235979771,91471459,29799737,3840449,1073742925,0,1,0,0,0,1,1,1,2,0,0,2,0
332054148,READY,134,330,3797420,129,133,1,0,1,1,546084,498452,0,0,1,1,132,236785257,91471459,29799737,3854523,1073742925,0,1,0,0,0,1,1,1,2,0,0,2,0
332054150,START,135,330,3797422,129,133,1,0,1,1,546084,498452,0,0,1,1,132,236785258,91471459,29799737,3854523,1073742937,1,1,0,0,0,1,1,1,2,0,0,2,0
332239964,FIELD,129,330,3801228,129,133,1,0,1,1,546362,498452,0,0,1,1,132,236967265,91471459,29799737,3856601,1073744987,0,1,0,0,0,1,1,1,2,0,0,2,0
333242870,FIELD,129,331,3821340,129,133,1,1,1,1,547867,498452,0,0,1,1,132,237950059,91471459,29799737,3868478,1073744987,0,1,0,0,0,1,1,1,2,0,0,2,0
333242871,SELECT,133,332,3821340,133,134,1,0,0,0,547867,543497,1,1,0,1,132,237950060,91471459,29799737,3868478,1073745267,0,1,0,0,0,1,1,1,2,0,0,2,0
333326764,PUBLISH,133,332,3824088,133,134,1,0,0,0,547993,543497,1,1,0,1,133,238031205,91471459,29799737,3868478,1073745267,0,1,0,0,0,1,1,1,2,0,0,2,0
334241964,FIELD,133,332,3844932,133,134,1,0,0,0,549365,543497,1,1,0,1,133,238925561,91471459,29799737,3879993,1073745267,0,1,0,0,0,1,1,1,2,0,0,2,0
334746954,READY,135,333,3855989,133,134,1,0,0,0,550123,543497,1,1,0,1,133,239419495,91471459,29799737,3885580,1073745267,1,1,0,0,0,1,1,2,2,0,0,2,0
335244870,FIELD,133,333,3855989,133,134,1,1,0,0,550870,543497,1,1,0,1,133,239419495,91969374,29799737,3885580,1140856179,1,1,0,0,0,1,1,2,2,1,0,2,0
335244871,START,136,334,3855990,134,132,1,0,0,0,550870,543497,0,1,1,1,133,239419495,91969375,29799737,3885580,1140856131,1,1,0,0,0,1,1,2,2,1,0,2,0
335244871,SELECT,134,334,3855990,134,132,1,0,0,0,550870,543497,0,1,1,1,133,239419495,91969375,29799737,3885580,1140856131,1,1,0,0,0,1,1,2,2,1,0,2,0
335328764,PUBLISH,134,334,3857336,134,132,1,0,0,0,550996,543497,0,1,1,1,134,239502041,91969375,29799737,3885580,1091872067,0,1,0,0,0,1,1,2,2,1,0,2,0
336243964,FIELD,134,334,3870716,134,132,1,0,0,0,552368,543497,0,1,1,1,134,240403861,91969375,29799737,3900214,1091872067,0,1,0,0,0,1,1,2,2,1,0,2,0
337170508,READY,136,335,3882184,134,132,1,0,0,0,553758,543497,0,1,1,1,134,241318937,91969375,29799737,3915438,1091872067,0,1,0,0,0,1,1,2,2,1,0,2,0
337246870,FIELD,134,335,3882185,134,132,1,0,0,0,553873,543497,0,1,1,1,134,241318938,92045735,29799737,3915438,1091904835,1,1,0,0,0,1,1,2,2,1,0,2,0
338245964,FIELD,134,336,3882185,134,132,1,1,0,0,555371,543497,0,1,1,1,134,241318938,93044829,29799737,3915438,1091904835,1,1,0,0,0,1,1,2,2,1,0,2,0
338245965,SELECT,132,337,3882185,132,135,0,0,0,0,555371,498452,0,0,0,1,134,241318938,93044830,29799737,3915438,1125459203,1,1,0,0,0,1,1,2,0,1,0,2,0
338245966,START,137,337,3882186,132,136,1,0,0,0,555371,498452,0,0,0,1,135,241318938,93044831,29799737,3915438,1073742409,1,0,0,0,0,1,1,2,0,1,0,2,0
338333670,PUBLISH,132,337,3883296,132,136,1,0,0,0,555503,498452,0,0,0,1,135,241405531,93044831,29799737,3915438,1073742925,0,1,0,0,0,1,1,2,0,1,0,2,0
339248870,FIELD,132,337,3896468,132,136,1,0,0,0,556876,498452,0,0,0,1,135,242307559,93044831,29799737,3931063,1073742925,0,1,0,0,0,1,1,2,0,1,0,2,0
340233099,READY,137,338,3908736,132,136,1,0,0,0,558352,498452,0,0,0,1,135,243279520,93044831,29799737,3946179,1073742925,0,1,0,0,0,1,1,2,0,1,0,2,0
340233101,START,138,338,3908738,132,136,1,0,0,0,558352,498452,0,0,0,1,135,243279521,93044831,29799737,3946179,1073742937,1,1,0,0,0,1,1,2,0,1,0,2,0
340247964,FIELD,132,338,3909664,132,136,1,1,0,0,558374,498452,0,0,0,1,135,243293457,93044831,29799737,3946179,1073744987,0,1,0,0,0,1,1,2,0,1,0,2,0
340247965,SELECT,136,339,3909664,136,137,1,0,0,0,558374,543497,0,0,1,1,135,243293458,93044831,29799737,3946179,1073745267,0,1,0,0,0,1,1,2,0,1,0,2,0
340335670,PUBLISH,136,339,3911380,136,137,1,0,0,0,558506,543497,0,0,1,1,136,243379447,93044831,29799737,3946179,1073745267,0,1,0,0,0,1,1,2,0,1,0,2,0
341250870,FIELD,136,339,3930468,136,137,1,0,0,0,559879,543497,0,0,1,1,136,244275559,93044831,29799737,3957257,1073745267,0,1,0,0,0,1,1,2,0,1,0,2,0
342249964,FIELD,136,340,3959260,136,137,1,0,0,0,561377,543497,0,0,1,1,136,245245861,93044831,29799737,3967591,1073745267,0,1,0,0,0,1,1,2,0,1,0,2,0
343072312,READY,138,341,3976849,136,137,1,0,0,0,562611,543497,0,0,1,1,136,246050621,93044831,29799737,3977193,1073745267,1,1,0,0,0,1,1,0,0,1,0,2,0
343252870,FIELD,136,341,3976849,136,137,1,1,0,0,562882,543497,0,0,1,1,136,246050621,93225388,29799737,3977193,1140856179,1,1,0,0,0,1,1,0,0,2,0,2,0
343252871,START,139,342,3976850,137,135,1,0,0,0,562882,543497,0,1,0,1,136,246050621,93225389,29799737,3977193,1140856131,1,1,0,0,0,1,1,0,0,2,0,2,0
343252871,SELECT,137,342,3976850,137,135,1,0,0,0,562882,543497,0,1,0,1,136,246050621,93225389,29799737,3977193,1140856131,1,1,0,0,0,1,1,0,0,2,0,2,0
343336764,PUBLISH,137,342,3978116,137,135,1,0,0,0,563008,543497,0,1,0,1,137,246133247,93225389,29799737,3977193,1091872067,0,1,0,0,0,1,1,0,0,2,0,2,0
344251964,FIELD,137,342,3991812,137,135,1,0,0,0,564380,543497,0,1,0,1,137,247034751,93225389,29799737,3990744,1091872067,0,1,0,0,0,1,1,0,0,2,0,2,0
345254870,FIELD,137,343,4008260,137,135,1,1,0,0,565885,543497,0,1,0,1,137,248021209,93225389,29799737,4004708,1091872067,0,1,0,0,0,1,1,0,0,2,0,2,0
345254871,SELECT,135,344,4008260,135,138,0,0,0,0,565885,543497,0,1,1,1,137,248021210,93225389,29799737,4004708,1125426435,0,1,0,0,0,1,1,0,1,2,0,2,0
345338764,PUBLISH,135,344,4009088,135,138,0,0,0,0,566011,543497,0,1,1,1,138,248104275,93225389,29799737,4005077,1125426435,0,1,0,0,0,1,1,0,1,2,0,2,0
345393911,READY,139,344,4009088,135,138,0,0,0,0,566093,543497,0,1,1,1,138,248159422,93225389,29799737,4006328,1125426435,0,1,0,0,0,1,1,0,1,2,0,2,0
345393914,START,140,344,4009090,135,139,1,0,0,0,566093,543497,0,1,1,1,138,248159423,93225390,29799737,4006328,1073742409,1,1,0,0,0,1,1,0,1,2,0,2,0
346253964,FIELD,135,344,4021080,135,139,1,0,0,0,567383,543497,0,1,1,1,138,249007482,93225390,29799737,4019409,1073742925,0,1,0,0,0,1,1,0,1,2,0,2,0
347256871,FIELD,135,345,4039144,135,139,1,0,0,0,568888,543497,0,1,1,1,138,249992325,93225390,29799737,4032165,1073742925,0,1,0,0,0,1,1,0,1,2,0,2,0
347554619,READY,140,346,4041772,135,139,1,0,0,0,569334,543497,0,1,1,1,138,250287445,93225390,29799737,4035441,1073742925,0,1,0,0,0,1,1,0,1,2,0,2,0
347554621,START,141,346,4041774,135,139,1,0,0,0,569334,543497,0,1,1,1,138,250287446,93225390,29799737,4035441,1073742937,1,1,0,0,0,1,1,0,1,2,0,2,0
348255964,FIELD,135,346,4057068,135,139,1,1,0,0,570386,543497,0,1,1,1,138,250973494,93225390,29799737,4044601,1073744987,0,1,0,0,0,1,1,0,1,2,0,2,0
348255965,SELECT,139,347,4057068,139,140,1,0,0,0,570386,543497,0,0,0,1,138,250973495,93225390,29799737,4044601,1073745267,0,1,0,0,0,1,1,0,1,2,0,2,0
348343670,PUBLISH,139,347,4059372,139,140,1,0,0,0,570518,543497,0,0,0,1,139,251058896,93225390,29799737,4044961,1073745267,0,1,0,0,0,1,1,0,1,2,0,2,0
349258871,FIELD,139,347,4084760,139,140,1,0,0,0,571891,543497,0,0,0,1,139,251948709,93225390,29799737,4055692,1073745267,0,1,0,0,0,1,1,0,1,2,0,2,0
350257964,FIELD,139,348,4110804,139,140,1,1,0,0,573389,543497,0,0,0,1,139,252921758,93225390,29799737,4066119,1073745267,0,1,0,0,0,1,1,0,1,2,0,2,0
350257965,SELECT,140,349,4110804,140,138,1,0,0,0,573389,543497,0,0,1,1,139,252921759,93225390,29799737,4066119,1073745219,0,1,0,0,0,1,1,0,1,2,0,2,0
350345670,PUBLISH,140,349,4113024,140,138,1,0,0,0,573521,543497,0,0,1,1,140,253007244,93225390,29799737,4066119,1073745219,0,1,0,0,0,1,1,0,1,2,0,2,0
350450346,READY,141,349,4113949,140,138,1,0,0,0,573678,543497,0,0,1,1,140,253110996,93225390,29799737,4068287,1073745219,1,1,0,0,0,1,1,1,1,2,0,2,0
350450347,START,142,349,4113950,140,138,1,0,0,0,573678,543497,0,0,1,1,140,253110996,93225390,29799737,4068287,1140856131,1,1,0,0,0,1,1,1,1,0,0,2,0
351260871,FIELD,140,349,4125844,140,138,1,0,0,0,574894,543497,0,0,1,1,140,253909625,93225390,29799737,4080327,1091872067,0,1,0,0,0,1,1,1,1,0,0,2,0
352259964,FIELD,140,350,4144716,140,138,1,0,0,0,576392,543497,0,0,1,1,140,254889846,93225390,29799737,4092703,1091872067,0,1,0,0,0,1,1,1,1,0,0,2,0
352694992,READY,142,351,4149924,140,138,1,0,0,0,577045,543497,0,0,1,1,140,255319666,93225390,29799737,4098818,1091872067,0,1,0,0,0,1,1,1,1,0,0,2,0
353262871,FIELD,140,351,4149925,140,138,1,1,0,0,577897,543497,0,0,1,1,140,255319667,93793267,29799737,4098818,1091904835,1,1,0,0,0,1,1,1,1,0,0,2,0
353262872,SELECT,138,352,4149925,138,141,0,0,0,0,577897,543497,0,1,0,1,140,255319667,93793268,29799737,4098818,1125459203,1,1,0,0,0,1,1,1,2,0,0,2,0
353262873,START,143,352,4149926,138,142,1,0,0,0,577897,543497,0,1,0,1,141,255319667,93793269,29799737,4098818,1073742409,1,0,0,0,0,1,1,1,2,0,0,2,0
353346764,PUBLISH,138,352,4151396,138,142,1,0,0,0,578023,543497,0,1,0,1,141,255402087,93793269,29799737,4098818,1073742925,0,1,0,0,0,1,1,1,2,0,0,2,0
354261964,FIELD,138,352,4165452,138,142,1,0,0,0,579395,543497,0,1,0,1,141,256303231,93793269,29799737,4112327,1073742925,0,1,0,0,0,1,1,1,2,0,0,2,0
355264871,FIELD,138,353,4183744,138,142,1,1,0,0,580900,543497,0,1,0,1,141,257287846,93793269,29799737,4125657,1073742925,0,1,0,0,0,1,1,1,2,0,0,2,0
355264872,SELECT,142,354,4183744,142,141,0,0,0,0,580900,543497,0,1,1,1,141,257287847,93793269,29799737,4125657,1073743205,0,1,0,0,0,1,1,1,2,0,0,2,0
355348764,PUBLISH,142,354,4184364,142,141,0,0,0,0,581026,543497,0,1,1,1,142,257371119,93793269,29799737,4125980,1073743205,0,1,0,0,0,1,1,1,2,0,0,2,0
355503542,READY,143,354,4185784,142,141,0,0,0,0,581258,543497,0,1,1,1,142,257524477,93793269,29799737,4128785,1073743205,0,1,0,0,0,1,1,1,2,0,0,2,0
355503704,START,144,354,4185946,142,143,1,0,0,0,581258,543497,0,1,1,1,142,257524478,93793269,29799737,4128785,1073743217,1,1,0,0,0,1,1,1,2,0,0,2,0
356263964,FIELD,142,354,4211133,142,143,1,0,0,0,582398,543497,0,1,1,1,142,258259550,93793269,29799737,4141921,1073745267,0,1,0,0,0,1,1,1,2,0,0,2,0
357266871,FIELD,142,355,4250465,142,143,1,0,0,0,583903,543497,0,1,1,1,142,259223125,93793269,29799737,4156908,1073745267,0,1,0,0,0,1,1,1,2,0,0,2,0
357847148,PTS,13,356,4267251,142,143,1,0,0,0,584773,543497,0,1,1,1,142,259786617,93793269,29799737,4166705,1073745267,1,1,0,0,0,1,1,1,2,0,0,2,0
357868444,START,145,356,4267922,142,143,1,0,0,0,584805,543497,0,1,1,1,142,259807242,93793269,29799737,4167081,1073745267,1,1,0,0,0,1,1,1,2,0,0,2,0
357868445,READY,144,356,4267922,142,143,1,0,0,0,584805,543497,0,1,1,1,142,259807242,93793269,29799737,4167081,1073745267,1,1,0,0,0,1,1,2,2,0,0,2,0
358265964,FIELD,142,356,4267922,142,143,1,1,0,0,585401,543497,0,1,1,1,142,259807242,94190788,29799737,4167081,1140856179,1,1,0,0,0,1,1,2,2,1,0,2,0
358265965,SELECT,143,357,4267922,143,141,1,0,0,0,585401,543497,0,0,0,1,142,259807242,94190789,29799737,4167081,1140856131,1,1,0,0,0,1,1,2,2,1,0,2,0
358353671,PUBLISH,143,357,4269424,143,141,1,0,0,0,585533,543497,0,0,0,1,143,259893445,94190790,29799737,4167081,1091872067,0,1,0,0,0,1,1,2,2,1,0,2,0
359268871,FIELD,143,357,4283616,143,141,1,0,0,0,586906,543497,0,0,0,1,143,260794453,94190790,29799737,4179948,1091872067,0,1,0,0,0,1,1,2,2,1,0,2,0
360267964,FIELD,143,358,4302294,143,141,1,1,0,0,588404,543497,0,0,0,1,143,261774869,94190790,29799737,4192449,1091872067,1,1,0,0,0,1,1,2,2,1,0,2,0
360267965,SELECT,141,359,4302295,141,144,0,0,0,0,588404,543497,0,0,1,1,143,261774869,94190790,29799737,4192449,1125426435,1,1,0,0,0,1,1,2,0,1,0,2,0
360355671,PUBLISH,141,359,4303508,141,144,0,0,0,0,588536,543497,0,0,1,1,144,261861361,94190790,29799737,4192789,1125426435,0,1,0,0,0,1,1,2,0,1,0,2,0
360541115,READY,145,359,4304720,141,144,0,0,0,0,588814,543497,0,0,1,1,144,262045593,94190790,29799737,4196136,1125426435,0,1,0,0,0,1,1,2,0,1,0,2,0
360541118,START,146,359,4304722,141,145,1,0,1,1,588814,543497,0,0,1,1,144,262045594,94190791,29799737,4196136,1073742409,1,1,0,0,0,1,1,2,0,1,0,2,0
361270871,FIELD,141,359,4315876,141,145,1,0,1,1,589909,543497,0,0,1,1,144,262764192,94190791,29799737,4205741,1073742925,0,1,0,0,0,1,1,2,0,1,0,2,0
362269964,FIELD,141,360,4334056,141,145,1,0,1,1,591407,543497,0,0,1,1,144,263745105,94190791,29799737,4218029,1073742925,0,1,0,0,0,1,1,2,0,1,0,2,0
362774121,READY,146,361,4339312,141,145,1,0,1,1,592164,543497,0,0,1,1,144,264244006,94190791,29799737,4225203,1073742925,0,1,0,0,0,1,1,2,0,1,0,2,0
362774123,START,147,361,4339314,141,145,1,0,1,1,592164,543497,0,0,1,1,144,264244007,94190791,29799737,4225203,1073742937,1,1,0,0,0,1,1,2,0,1,0,2,0
363272871,FIELD,141,361,4349294,141,145,1,1,1,1,592912,543497,0,0,1,1,144,264732775,94190791,29799737,4230230,1073744987,1,1,0,0,0,1,1,2,0,1,0,2,0
363272872,SELECT,145,362,4349295,145,146,1,0,0,0,592912,588542,1,1,0,1,144,264732775,94190791,29799737,4230230,1073745267,1,1,0,0,0,1,1,2,0,1,0,2,0
363356764,PUBLISH,145,362,4351036,145,146,1,0,0,0,593038,588542,1,1,0,1,145,264814925,94190791,29799737,4230592,1073745267,0,1,0,0,0,1,1,2,0,1,0,2,0
364271964,FIELD,145,362,4375480,145,146,1,0,0,0,594410,588542,1,1,0,1,145,265705681,94190791,29799737,4242189,1073745267,0,1,0,0,0,1,1,2,0,1,0,2,0
365274871,FIELD,145,363,4396988,145,146,1,1,0,0,595915,588542,1,1,0,1,145,266687080,94190791,29799737,4254791,1073745267,0,1,0,0,0,1,1,2,0,1,0,2,0
365274872,SELECT,146,364,4396988,146,144,1,0,0,0,595915,588542,0,1,1,1,145,266687081,94190791,29799737,4254791,1073745219,0,1,0,0,0,1,1,2,0,1,0,2,0
365358764,PUBLISH,146,364,4397532,146,144,1,0,0,0,596041,588542,0,1,1,1,146,266770429,94190791,29799737,4255037,1073745219,0,1,0,0,0,1,1,2,0,1,0,2,0
365385895,READY,147,364,4397533,146,144,1,0,0,0,596081,588542,0,1,1,1,146,266797560,94190791,29799737,4256044,1073745219,1,1,0,0,0,1,1,0,0,1,0,2,0
365385896,START,148,364,4397534,146,144,1,0,0,0,596081,588542,0,1,1,1,146,266797560,94190791,29799737,4256044,1140856131,1,1,0,0,0,1,1,0,0,2,0,2,0
366273964,FIELD,146,364,4410660,146,144,1,0,0,0,597413,588542,0,1,1,1,146,267672501,94190791,29799737,4269062,1091872067,0,1,0,0,0,1,1,0,0,2,0,2,0
367276871,FIELD,146,365,4427728,146,144,1,0,0,0,598918,588542,0,1,1,1,146,268658340,94190791,29799737,4283964,1091872067,0,1,0,0,0,1,1,0,0,2,0,2,0
367468974,READY,148,366,4429508,146,144,1,0,0,0,599206,588542,0,1,1,1,146,268848663,94190791,29799737,4286873,1091872067,0,1,0,0,0,1,1,0,0,2,0,2,0
368275964,FIELD,146,366,4429509,146,144,1,1,0,0,600416,588542,0,1,1,1,146,268848664,94997779,29799737,4286873,1091904835,1,1,0,0,0,1,1,0,0,2,0,2,0
368275965,SELECT,144,367,4429509,144,147,0,0,0,0,600416,543497,0,0,0,1,146,268848664,94997780,29799737,4286873,1125459203,1,1,0,0,0,1,1,0,1,2,0,2,0
368275966,START,149,367,4429510,144,148,1,0,0,0,600416,543497,0,0,0,1,147,268848664,94997781,29799737,4286873,1073742409,1,0,0,0,0,1,1,0,1,2,0,2,0
368363671,PUBLISH,144,367,4431056,144,148,1,0,0,0,600548,543497,0,0,0,1,147,268934822,94997781,29799737,4286873,1073742925,0,1,0,0,0,1,1,0,1,2,0,2,0
369278871,FIELD,144,367,4444652,144,148,1,0,0,0,601921,543497,0,0,0,1,147,269836426,94997781,29799737,4300380,1073742925,0,1,0,0,0,1,1,0,1,2,0,2,0
370277964,FIELD,144,368,4459964,144,148,1,1,0,0,603419,543497,0,0,0,1,147,270820207,94997781,29799737,4314819,1073742925,0,1,0,0,0,1,1,0,1,2,0,2,0
370277965,SELECT,148,369,4459964,148,147,0,0,0,0,603419,588542,0,0,1,1,147,270820208,94997781,29799737,4314819,1073743205,0,1,0,0,0,1,1,0,1,2,0,2,0
370319901,READY,149,369,4459964,148,147,0,0,0,0,603482,588542,0,0,1,0,148,270862144,94997781,29799737,4315146,1073743205,0,1,0,0,0,1,1,0,1,2,0,2,0
370319903,START,150,369,4459966,148,149,1,0,0,0,603482,588542,0,0,1,0,148,270862145,94997781,29799737,4315146,1073743217,1,1,0,0,0,1,1,0,1,2,0,2,0
370365671,PUBLISH,148,369,4460940,148,149,1,0,0,0,603551,588542,0,0,1,1,148,270906938,94997781,29799737,4315146,1073745267,0,1,0,0,0,1,1,0,1,2,0,2,0
371280871,FIELD,148,369,4480120,148,149,1,0,0,0,604924,588542,0,0,1,1,148,271802958,94997781,29799737,4326446,1073745267,0,1,0,0,0,1,1,0,1,2,0,2,0
372279964,FIELD,148,370,4507600,148,149,1,0,0,0,606422,588542,0,0,1,1,148,272774572,94997781,29799737,4337693,1073745267,1,1,0,0,0,1,1,0,1,2,0,2,0
372991897,READY,150,371,4518313,148,149,1,0,0,0,607490,588542,0,0,1,1,148,273475792,94997781,29799737,4345610,1073745267,1,1,0,0,0,1,1,1,1,2,0,2,0
373282871,FIELD,148,371,4518313,148,149,1,1,0,0,607927,588542,0,0,1,1,148,273475792,95288754,29799737,4345610,1140856179,1,1,0,0,0,1,1,1,1,0,0,2,0
373282872,START,151,372,4518314,149,147,1,0,0,0,607927,588542,0,1,0,1,148,273475792,95288755,29799737,4345610,1140856131,1,1,0,0,0,1,1,1,1,0,0,2,0
373282872,SELECT,149,372,4518314,149,147,1,0,0,0,607927,588542,0,1,0,1,148,273475792,95288755,29799737,4345610,1140856131,1,1,0,0,0,1,1,1,1,0,0,2,0
373366764,PUBLISH,149,372,4519760,149,147,1,0,0,0,608053,588542,0,1,0,1,149,273558237,95288755,29799737,4345610,1091872067,0,1,0,0,0,1,1,1,1,0,0,2,0
374281964,FIELD,149,372,4533408,149,147,1,0,0,0,609425,588542,0,1,0,1,149,274459789,95288755,29799737,4359968,1091872067,0,1,0,0,0,1,1,1,1,0,0,2,0
375264559,READY,151,373,4546684,149,147,1,0,0,0,610899,588542,0,1,0,1,149,275429108,95288755,29799737,4376247,1091872067,0,1,0,0,0,1,1,1,1,0,0,2,0
375284871,FIELD,149,373,4546685,149,147,1,1,0,0,610930,588542,0,1,0,1,149,275429109,95309065,29799737,4376247,1091904835,1,1,0,0,0,1,1,1,1,0,0,2,0
375284872,SELECT,147,374,4546685,147,150,0,0,0,0,610930,588542,0,1,1,1,149,275429109,95309066,29799737,4376247,1125459203,1,1,0,0,0,1,1,1,2,0,0,2,0
375284873,START,152,374,4546686,147,151,1,0,0,0,610930,588542,0,1,1,1,150,275429109,95309067,29799737,4376247,1073742409,1,0,0,0,0,1,1,1,2,0,0,2,0
375368764,PUBLISH,147,374,4548180,147,151,1,0,0,0,611056,588542,0,1,1,1,150,275511505,95309067,29799737,4376247,1073742925,0,1,0,0,0,1,1,1,2,0,0,2,0
376283964,FIELD,147,374,4561964,147,151,1,0,0,0,612428,588542,0,1,1,1,150,276412921,95309067,29799737,4391042,1073742925,0,1,0,0,0,1,1,1,2,0,0,2,0
377266395,READY,152,375,4574796,147,151,1,0,0,0,613902,588542,0,1,1,1,150,277382520,95309067,29799737,4406076,1073742925,0,1,0,0,0,1,1,1,2,0,0,2,0
377266397,START,153,375,4574798,147,151,1,0,0,0,613902,588542,0,1,1,1,150,277382521,95309067,29799737,4406076,1073742937,1,1,0,0,0,1,1,1,2,0,0,2,0
377286871,FIELD,147,375,4575820,147,151,1,0,0,0,613933,588542,0,1,1,1,150,277401972,95309067,29799737,4406076,1073744987,0,1,0,0,0,1,1,1,2,0,0,2,0
378285964,FIELD,147,376,4598400,147,151,1,1,0,0,615431,588542,0,1,1,1,150,278378485,95309067,29799737,4417380,1073744987,0,1,0,0,0,1,1,1,2,0,0,2,0
378285965,SELECT,151,377,4598400,151,152,1,0,0,0,615431,588542,0,0,0,1,150,278378486,95309067,29799737,4417380,1073745267,0,1,0,0,0,1,1,1,2,0,0,2,0
378373671,PUBLISH,151,377,4601124,151,152,1,0,0,0,615563,588542,0,0,0,1,151,278463468,95309067,29799737,4417380,1073745267,0,1,0,0,0,1,1,1,2,0,0,2,0
379288871,FIELD,151,377,4624016,151,152,1,0,0,0,616936,588542,0,0,0,1,151,279355776,95309067,29799737,4428182,1073745267,0,1,0,0,0,1,1,1,2,0,0,2,0
379964183,READY,153,378,4635097,151,152,1,0,0,0,617949,588542,0,0,0,1,151,280020008,95309067,29799737,4436406,1073745267,1,1,0,0,0,1,1,2,2,0,0,2,0
380287964,FIELD,151,378,4635097,151,152,1,1,0,0,618434,588542,0,0,0,1,151,280020008,95632847,29799737,4436406,1140856179,1,1,0,0,0,1,1,2,2,1,0,2,0
380287965,START,154,379,4635098,152,150,1,0,0,0,618434,588542,0,0,1,1,151,280020008,95632848,29799737,4436406,1140856131,1,1,0,0,0,1,1,2,2,1,0,2,0
380287965,SELECT,152,379,4635098,152,150,1,0,0,0,618434,588542,0,0,1,1,151,280020008,95632848,29799737,4436406,1140856131,1,1,0,0,0,1,1,2,2,1,0,2,0
380375671,PUBLISH,152,379,4636676,152,150,1,0,0,0,618566,588542,0,0,1,1,152,280106135,95632848,29799737,4436406,1091872067,0,1,0,0,0,1,1,2,2,1,0,2,0
381290871,FIELD,152,379,4651208,152,150,1,0,0,0,619939,588542,0,0,1,1,152,281006803,95632848,29799737,4450521,1091872067,0,1,0,0,0,1,1,2,2,1,0,2,0
382224723,READY,154,380,4663412,152,150,1,0,0,0,621340,588542,0,0,1,1,152,281928451,95632848,29799737,4466839,1091872067,0,1,0,0,0,1,1,2,2,1,0,2,0
382289964,FIELD,152,380,4663413,152,150,1,0,0,0,621437,588542,0,0,1,1,152,281928452,95698087,29799737,4466839,1091904835,1,1,0,0,0,1,1,2,2,1,0,2,0
383292871,FIELD,152,381,4663413,152,150,1,1,0,0,622942,588542,0,0,1,1,152,281928452,96700994,29799737,4466839,1091904835,1,1,0,0,0,1,1,2,2,1,0,2,0
383292872,SELECT,150,382,4663413,150,153,0,0,0,0,622942,588542,0,1,0,1,152,281928452,96700995,29799737,4466839,1125459203,1,1,0,0,0,1,1,2,0,1,0,2,0
383292873,START,155,382,4663414,150,154,1,0,0,0,622942,588542,0,1,0,1,153,281928452,96700996,29799737,4466839,1073742409,1,0,0,0,0,1,1,2,0,1,0,2,0
383376764,PUBLISH,150,382,4664976,150,154,1,0,0,0,623068,588542,0,1,0,1,153,282010780,96700996,29799737,4466839,1073742925,0,1,0,0,0,1,1,2,0,1,0,2,0
384291964,FIELD,150,382,4679112,150,154,1,0,0,0,624440,588542,0,1,0,1,153,282911844,96700996,29799737,4480606,1073742925,0,1,0,0,0,1,1,2,0,1,0,2,0
385270342,READY,155,383,4691148,150,154,1,0,0,0,625908,588542,0,1,0,1,153,283878186,96700996,29799737,4495999,1073742925,0,1,0,0,0,1,1,2,0,1,0,2,0
385270504,START,156,383,4691310,150,154,1,0,0,0,625908,588542,0,1,0,1,153,283878187,96700996,29799737,4495999,1073742937,1,1,0,0,0,1,1,2,0,1,0,2,0
385294871,FIELD,150,383,4691936,150,154,1,1,0,0,625945,588542,0,1,0,1,153,283901927,96700996,29799737,4496585,1073744987,0,1,0,0,0,1,1,2,0,1,0,2,0
385294872,SELECT,154,384,4691936,154,155,1,0,0,0,625945,588542,0,1,1,1,153,283901928,96700996,29799737,4496585,1073745267,0,1,0,0,0,1,1,2,0,1,0,2,0
385378764,PUBLISH,154,384,4694114,154,155,1,0,0,0,626071,588542,0,1,1,1,154,283983642,96700996,29799737,4496759,1073745267,0,1,0,0,0,1,1,2,0,1,0,2,0
386293964,FIELD,154,384,4726435,154,155,1,0,0,0,627443,588542,0,1,1,1,154,284866521,96700996,29799737,4512287,1073745267,0,1,0,0,0,1,1,2,0,1,0,2,0
387296871,FIELD,154,385,4758941,154,155,1,0,0,0,628948,588542,0,1,1,1,154,285836922,96700996,29799737,4529264,1073745267,0,1,0,0,0,1,1,2,0,1,0,2,0
387533962,PTS,14,386,4764979,154,155,1,0,0,0,629303,588542,0,1,1,1,154,286067976,96700996,29799737,4531272,1073745267,1,1,0,0,0,1,1,2,0,1,0,2,0
387571761,START,157,386,4766234,154,155,1,0,0,0,629360,588542,0,1,1,1,154,286104520,96700996,29799737,4531961,1073745267,1,1,0,0,0,1,1,2,0,1,0,2,0
387571762,READY,156,386,4766234,154,155,1,0,0,0,629360,588542,0,1,1,1,154,286104520,96700996,29799737,4531961,1073745267,1,1,0,0,0,1,1,0,0,1,0,2,0
388295964,FIELD,154,386,4766234,154,155,1,1,0,0,630446,588542,0,1,1,1,154,286104520,97425198,29799737,4531961,1140856179,1,1,0,0,0,1,1,0,0,2,0,2,0
388295965,SELECT,155,387,4766234,155,153,1,0,0,0,630446,588542,0,0,0,1,154,286104520,97425199,29799737,4531961,1140856131,1,1,0,0,0,1,1,0,0,2,0,2,0
388383671,PUBLISH,155,387,4767628,155,153,1,0,0,0,630578,588542,0,0,0,1,155,286190831,97425200,29799737,4531961,1091872067,0,1,0,0,0,1,1,0,0,2,0,2,0
389298871,FIELD,155,387,4781120,155,153,1,0,0,0,631951,588542,0,0,0,1,155,287092539,97425200,29799737,4545537,1091872067,0,1,0,0,0,1,1,0,0,2,0,2,0
390252029,READY,157,388,4793424,155,153,1,0,0,0,633381,588542,0,0,0,1,155,288033393,97425200,29799737,4561200,1091872067,0,1,0,0,0,1,1,0,0,2,0,2,0
390297964,FIELD,155,388,4793425,155,153,1,1,0,0,633449,588542,0,0,0,1,155,288033394,97471133,29799737,4561200,1091904835,1,1,0,0,0,1,1,0,0,2,0,2,0
390297965,SELECT,153,389,4793425,153,156,0,0,0,0,633449,588542,0,0,1,1,155,288033394,97471134,29799737,4561200,1125459203,1,1,0,0,0,1,1,0,1,2,0,2,0
390297966,START,158,389,4793426,153,157,1,0,1,0,633449,588542,0,0,1,1,156,288033394,97471135,29799737,4561200,1073742409,1,0,0,0,0,1,1,0,1,2,0,2,0
390385671,PUBLISH,153,389,4794756,153,157,1,0,1,0,633581,588542,0,0,1,1,156,288119768,97471135,29799737,4561200,1073742925,0,1,0,0,0,1,1,0,1,2,0,2,0
391300871,FIELD,153,389,4809410,153,157,1,0,1,1,634954,588542,0,0,1,1,156,289020314,97471135,29799737,4576397,1073742925,0,1,0,0,0,1,1,0,1,2,0,2,0
392167051,READY,158,390,4820072,153,157,1,0,1,1,636253,588542,0,0,1,1,156,289875832,97471135,29799737,4590644,1073742925,0,1,0,0,0,1,1,0,1,2,0,2,0
392167053,START,159,390,4820074,153,157,1,0,1,1,636253,588542,0,0,1,1,156,289875833,97471135,29799737,4590644,1073742937,1,1,0,0,0,1,1,0,1,2,0,2,0
392299964,FIELD,153,390,4822432,153,157,1,0,1,1,636452,588542,0,0,1,1,156,290006385,97471135,29799737,4591722,1073744987,0,1,0,0,0,1,1,0,1,2,0,2,0
393302871,FIELD,153,391,4845612,153,157,1,1,1,1,637957,588542,0,0,1,1,156,290986112,97471135,29799737,4602270,1073744987,0,1,0,0,0,1,1,0,1,2,0,2,0
393302872,SELECT,157,392,4845612,157,158,1,0,0,0,637957,633587,1,1,0,1,156,290986113,97471135,29799737,4602270,1073745267,0,1,0,0,0,1,1,0,1,2,0,2,0
393386764,PUBLISH,157,392,4847046,157,158,1,0,0,0,638083,633587,1,1,0,1,157,291068572,97471135,29799737,4602627,1073745267,1,1,0,0,0,1,1,0,1,2,0,2,0
394301964,FIELD,157,392,4868168,157,158,1,0,0,0,639455,633587,1,1,0,1,157,291962649,97471135,29799737,4613309,1073745267,0,1,0,0,0,1,1,0,1,2,0,2,0
394790424,READY,159,393,4876865,157,158,1,0,0,0,640188,633587,1,1,0,1,157,292442413,97471135,29799737,4618011,1073745267,1,1,0,0,0,1,1,1,1,2,0,2,0
395304871,FIELD,157,393,4876865,157,158,1,1,0,0,640960,633587,1,1,0,1,157,292442413,97985581,29799737,4618011,1140856179,1,1,0,0,0,1,1,1,1,0,0,2,0
395304872,START,160,394,4876866,158,156,1,0,0,0,640960,633587,0,1,1,1,157,292442413,97985582,29799737,4618011,1140856131,1,1,0,0,0,1,1,1,1,0,0,2,0
395304872,SELECT,158,394,4876866,158,156,1,0,0,0,640960,633587,0,1,1,1,157,292442413,97985582,29799737,4618011,1140856131,1,1,0,0,0,1,1,1,1,0,0,2,0
395388764,PUBLISH,158,394,4878204,158,156,1,0,0,0,641086,633587,0,1,1,1,158,292524966,97985582,29799737,4618011,1091872067,0,1,0,0,0,1,1,1,1,0,0,2,0
396303964,FIELD,158,394,4893040,158,156,1,0,0,0,642458,633587,0,1,1,1,158,293425330,97985582,29799737,4632215,1091872067,0,1,0,0,0,1,1,1,1,0,0,2,0
397176053,READY,160,395,4904560,158,156,1,0,0,0,643767,633587,0,1,1,1,158,294285899,97985582,29799737,4646006,1091872067,0,1,0,0,0,1,1,1,1,0,0,2,0
397306871,FIELD,158,395,4904561,158,156,1,0,0,0,643963,633587,0,1,1,1,158,294285900,98116398,29799737,4646006,1091904835,1,1,0,0,0,1,1,1,1,0,0,2,0
398305964,FIELD,158,396,4904561,158,156,1,1,0,0,645461,633587,0,1,1,1,158,294285900,99115491,29799737,4646006,1091904835,1,1,0,0,0,1,1,1,1,0,0,2,0
398305965,SELECT,156,397,4904561,156,159,0,0,0,0,645461,588542,0,0,0,1,158,294285900,99115492,29799737,4646006,1125459203,1,1,0,0,0,1,1,1,2,0,0,2,0
398305966,START,161,397,4904562,156,160,1,0,0,0,645461,588542,0,0,0,1,159,294285900,99115493,29799737,4646006,1073742409,1,0,0,0,0,1,1,1,2,0,0,2,0
398393671,PUBLISH,156,397,4905948,156,160,1,0,0,0,645593,588542,0,0,0,1,159,294372218,99115493,29799737,4646006,1073742925,0,1,0,0,0,1,1,1,2,0,0,2,0
399308871,FIELD,156,397,4920568,156,160,1,0,0,0,646966,588542,0,0,0,1,159,295272798,99115493,29799737,4661590,1073742925,0,1,0,0,0,1,1,1,2,0,0,2,0
400215520,READY,161,398,4932444,156,160,1,0,0,0,648326,588542,0,0,0,1,159,296167571,99115493,29799737,4675714,1073742925,0,1,0,0,0,1,1,1,2,0,0,2,0
400215522,START,162,398,4932446,156,160,1,0,0,0,648326,588542,0,0,0,1,159,296167572,99115493,29799737,4675714,1073742937,1,1,0,0,0,1,1,1,2,0,0,2,0
400307964,FIELD,156,398,4934740,156,160,1,1,0,0,648464,588542,0,0,0,1,159,296257719,99115493,29799737,4676917,1073744987,0,1,0,0,0,1,1,1,2,0,0,2,0
400307965,SELECT,160,399,4934740,160,161,1,0,0,0,648464,633587,0,0,1,1,159,296257720,99115493,29799737,4676917,1073745267,0,1,0,0,0,1,1,1,2,0,0,2,0
400395671,PUBLISH,160,399,4936512,160,161,1,0,0,0,648596,633587,0,0,1,1,160,296343654,99115493,29799737,4676917,1073745267,0,1,0,0,0,1,1,1,2,0,0,2,0
401310871,FIELD,160,399,4956664,160,161,1,0,0,0,649969,633587,0,0,1,1,160,297238702,99115493,29799737,4687204,1073745267,0,1,0,0,0,1,1,1,2,0,0,2,0
402309964,FIELD,160,400,4982331,160,161,1,0,0,0,651467,633587,0,0,1,1,160,298212129,99115493,29799737,4697377,1073745267,1,1,0,0,0,1,1,1,2,0,0,2,0
402942242,READY,162,401,4995525,160,161,1,0,0,0,652416,633587,0,0,1,1,160,298831213,99115493,29799737,4704627,1073745267,1,1,0,0,0,1,1,2,2,0,0,2,0
403312871,FIELD,160,401,4995525,160,161,1,1,0,0,652972,633587,0,0,1,1,160,298831213,99486121,29799737,4704627,1140856179,1,1,0,0,0,1,1,2,2,1,0,2,0
403312872,START,163,402,4995526,161,159,1,0,0,0,652972,633587,0,1,0,1,160,298831213,99486122,29799737,4704627,1140856131,1,1,0,0,0,1,1,2,2,1,0,2,0
403312872,SELECT,161,402,4995526,161,159,1,0,0,0,652972,633587,0,1,0,1,160,298831213,99486122,29799737,4704627,1140856131,1,1,0,0,0,1,1,2,2,1,0,2,0
403396764,PUBLISH,161,402,4996956,161,159,1,0,0,0,653098,633587,0,1,0,1,161,298913674,99486122,29799737,4704627,1091872067,0,1,0,0,0,1,1,2,2,1,0,2,0
404311965,FIELD,161,402,5010384,161,159,1,0,0,0,654470,633587,0,1,0,1,161,299815447,99486122,29799737,4719000,1091872067,0,1,0,0,0,1,1,2,2,1,0,2,0
405310962,READY,163,403,5026180,161,159,1,0,0,0,655969,633587,0,1,0,1,161,300798648,99486122,29799737,4734510,1091872067,0,1,0,0,0,1,1,2,2,1,0,2,0
405314871,FIELD,161,403,5026181,161,159,1,1,0,0,655975,633587,0,1,0,1,161,300798649,99490029,29799737,4734510,1091904835,1,1,0,0,0,1,1,2,2,1,0,2,0
405314872,SELECT,159,404,5026181,159,162,0,0,0,0,655975,633587,0,1,1,1,161,300798649,99490030,29799737,4734510,1125459203,1,1,0,0,0,1,1,2,0,1,0,2,0
405314873,START,164,404,5026182,159,163,1,0,0,0,655975,633587,0,1,1,1,162,300798649,99490031,29799737,4734510,1073742409,1,0,0,0,0,1,1,2,0,1,0,2,0
405398764,PUBLISH,159,404,5027568,159,163,1,0,0,0,656101,633587,0,1,1,1,162,300881153,99490031,29799737,4734510,1073742925,0,1,0,0,0,1,1,2,0,1,0,2,0
406313965,FIELD,159,404,5041316,159,163,1,0,0,0,657473,633587,0,1,1,1,162,301782606,99490031,29799737,4748809,1073742925,0,1,0,0,0,1,1,2,0,1,0,2,0
407316871,FIELD,159,405,5057816,159,163,1,0,0,0,658978,633587,0,1,1,1,162,302769012,99490031,29799737,4763424,1073742925,0,1,0,0,0,1,1,2,0,1,0,2,0
407369491,READY,164,406,5057900,159,163,1,0,0,0,659057,633587,0,1,1,1,162,302821548,99490031,29799737,4763424,1073742925,0,1,0,0,0,1,1,2,0,1,0,2,0
407369493,START,165,406,5057902,159,163,1,0,0,0,659057,633587,0,1,1,1,162,302821549,99490031,29799737,4763424,1073742937,1,1,0,0,0,1,1,2,0,1,0,2,0
408315965,FIELD,159,406,5078440,159,163,1,1,0,0,660476,633587,0,1,1,1,162,303747482,99490031,29799737,4775644,1073744987,0,1,0,0,0,1,1,2,0,1,0,2,0
408315966,SELECT,163,407,5078440,163,164,1,0,0,0,660476,633587,0,0,0,1,162,303747483,99490031,29799737,4775644,1073745267,0,1,0,0,0,1,1,2,0,1,0,2,0
408403671,PUBLISH,163,407,5080484,163,164,1,0,0,0,660608,633587,0,0,0,1,163,303833144,99490031,29799737,4775644,1073745267,0,1,0,0,0,1,1,2,0,1,0,2,0
409318871,FIELD,163,407,5105526,163,164,1,0,0,0,661981,633587,0,0,0,1,163,304723302,99490031,29799737,4785615,1073745267,0,1,0,0,0,1,1,2,0,1,0,2,0
410188153,READY,165,408,5126709,163,164,1,0,0,0,663285,633587,0,0,0,1,163,305571402,99490031,29799737,4794589,1073745267,1,1,0,0,0,1,1,0,0,1,0,2,0
410317965,FIELD,163,408,5126709,163,164,1,1,0,0,663479,633587,0,0,0,1,163,305571402,99619842,29799737,4794589,1140856179,1,1,0,0,0,1,1,0,0,2,0,2,0
410317966,START,166,409,5126710,164,162,1,0,0,0,663479,633587,0,0,1,1,163,305571402,99619843,29799737,4794589,1140856131,1,1,0,0,0,1,1,0,0,2,0,2,0
410317966,SELECT,164,409,5126710,164,162,1,0,0,0,663479,633587,0,0,1,1,163,305571402,99619843,29799737,4794589,1140856131,1,1,0,0,0,1,1,0,0,2,0,2,0
410405671,PUBLISH,164,409,5127984,164,162,1,0,0,0,663611,633587,0,0,1,1,164,305657832,99619843,29799737,4794589,1091872067,0,1,0,0,0,1,1,0,0,2,0,2,0
411320871,FIELD,164,409,5142032,164,162,1,0,0,0,664984,633587,0,0,1,1,164,306558984,99619843,29799737,4808612,1091872067,0,1,0,0,0,1,1,0,0,2,0,2,0
412319965,FIELD,164,410,5160620,164,162,1,0,0,0,666482,633587,0,0,1,1,164,307539490,99619843,29799737,4822564,1091872067,0,1,0,0,0,1,1,0,0,2,0,2,0
412424041,READY,166,411,5161248,164,162,1,0,0,0,666639,633587,0,0,1,1,164,307642938,99619843,29799737,4823263,1091872067,0,1,0,0,0,1,1,0,0,2,0,2,0
413322871,FIELD,164,411,5161249,164,162,1,1,0,0,667987,633587,0,0,1,1,164,307642939,100518671,29799737,4823263,1091904835,1,1,0,0,0,1,1,0,0,2,0,2,0
413322872,SELECT,162,412,5161249,162,165,0,0,0,0,667987,633587,0,1,0,1,164,307642939,100518672,29799737,4823263,1125459203,1,1,0,0,0,1,1,0,1,2,0,2,0
413322873,START,167,412,5161250,162,166,1,0,0,0,667987,633587,0,1,0,1,165,307642939,100518673,29799737,4823263,1073742409,1,0,0,0,0,1,1,0,1,2,0,2,0
413406765,PUBLISH,162,412,5162580,162,166,1,0,0,0,668113,633587,0,1,0,1,165,307725500,100518673,29799737,4823263,1073742925,0,1,0,0,0,1,1,0,1,2,0,2,0
414321965,FIELD,162,412,5176596,162,166,1,0,0,0,669485,633587,0,1,0,1,165,308626684,100518673,29799737,4837835,1073742925,0,1,0,0,0,1,1,0,1,2,0,2,0
415324871,FIELD,162,413,5195162,162,166,1,1,0,0,670990,633587,0,1,0,1,165,309611024,100518673,29799737,4850326,1073742925,0,1,0,0,0,1,1,0,1,2,0,2,0
415324872,SELECT,166,414,5195162,166,165,0,0,0,0,670990,633587,0,1,1,1,165,309611025,100518673,29799737,4850326,1073743205,0,1,0,0,0,1,1,0,1,2,0,2,0
415408765,PUBLISH,166,414,5196432,166,165,0,0,0,0,671116,633587,0,1,1,1,166,309693648,100518673,29799737,4850700,1073743205,0,1,0,0,0,1,1,0,1,2,0,2,0
415460743,READY,167,414,5196432,166,165,0,0,0,0,671194,633587,0,1,1,1,166,309745626,100518673,29799737,4852435,1073743205,0,1,0,0,0,1,1,0,1,2,0,2,0
415460905,START,168,414,5196594,166,167,1,0,0,0,671194,633587,0,1,1,1,166,309745627,100518673,29799737,4852435,1073743217,1,1,0,0,0,1,1,0,1,2,0,2,0
416323965,FIELD,166,414,5223350,166,167,1,0,0,0,672488,633587,0,1,1,1,166,310581930,100518673,29799737,4866519,1073745267,0,1,0,0,0,1,1,0,1,2,0,2,0
417326871,FIELD,166,415,5254417,166,167,1,0,0,0,673993,633587,0,1,1,1,166,311553769,100518673,29799737,4882396,1073745267,0,1,0,0,0,1,1,0,1,2,0,2,0
417665072,PTS,15,416,5264749,166,167,1,0,0,0,674500,633587,0,1,1,1,166,311881639,100518673,29799737,4887714,1073745267,1,1,0,0,0,1,1,0,1,2,0,2,0
417719021,START,169,416,5266726,166,167,1,0,0,0,674581,633587,0,1,1,1,166,311933611,100518673,29799737,4888323,1073745267,1,1,0,0,0,1,1,0,1,2,0,2,0
417719022,READY,168,416,5266726,166,167,1,0,0,0,674581,633587,0,1,1,1,166,311933611,100518673,29799737,4888323,1073745267,1,1,0,0,0,1,1,1,1,2,0,2,0
418325965,FIELD,166,416,5266726,166,167,1,1,0,0,675491,633587,0,1,1,1,166,311933611,101125616,29799737,4888323,1140856179,1,1,0,0,0,1,1,1,1,0,0,2,0
418325966,SELECT,167,417,5266726,167,165,1,0,0,0,675491,633587,0,0,0,1,166,311933611,101125617,29799737,4888323,1140856131,1,1,0,0,0,1,1,1,1,0,0,2,0
418413671,PUBLISH,167,417,5268288,167,165,1,0,0,0,675623,633587,0,0,0,1,167,312019753,101125618,29799737,4888323,1091872067,0,1,0,0,0,1,1,1,1,0,0,2,0
419328871,FIELD,167,417,5279748,167,165,1,0,0,0,676996,633587,0,0,0,1,167,312923493,101125618,29799737,4905706,1091872067,0,1,0,0,0,1,1,1,1,0,0,2,0
420147573,READY,169,418,5292156,167,165,1,0,0,0,678224,633587,0,0,0,1,167,313729787,101125618,29799737,4919285,1091872067,0,1,0,0,0,1,1,1,1,0,0,2,0
420327965,FIELD,167,418,5292157,167,165,1,1,0,0,678494,633587,0,0,0,1,167,313729788,101306008,29799737,4919285,1091904835,1,1,0,0,0,1,1,1,1,0,0,2,0
420327966,SELECT,165,419,5292157,165,168,0,0,0,0,678494,633587,0,0,1,1,167,313729788,101306009,29799737,4919285,1125459203,1,1,0,0,0,1,1,1,2,0,0,2,0
420327967,START,170,419,5292158,165,169,1,0,1,0,678494,633587,0,0,1,1,168,313729788,101306010,29799737,4919285,1073742409,1,0,0,0,0,1,1,1,2,0,0,2,0
420415671,PUBLISH,165,419,5293768,165,169,1,0,1,0,678626,633587,0,0,1,1,168,313815881,101306010,29799737,4919285,1073742925,0,1,0,0,0,1,1,1,2,0,0,2,0
421330871,FIELD,165,419,5304700,165,169,1,0,1,1,679999,633587,0,0,1,1,168,314720149,101306010,29799737,4936485,1073742925,0,1,0,0,0,1,1,1,2,0,0,2,0
422114608,READY,170,420,5317364,165,169,1,0,1,1,681174,633587,0,0,1,1,168,315491222,101306010,29799737,4948095,1073742925,0,1,0,0,0,1,1,1,2,0,0,2,0
422114610,START,171,420,5317366,165,169,1,0,1,1,681174,633587,0,0,1,1,168,315491223,101306010,29799737,4948095,1073742937,1,1,0,0,0,1,1,1,2,0,0,2,0
422329965,FIELD,165,420,5322078,165,169,1,0,1,1,681497,633587,0,0,1,1,168,315701865,101306010,29799737,4951056,1073744987,0,1,0,0,0,1,1,1,2,0,0,2,0
423332871,FIELD,165,421,5342016,165,169,1,1,1,1,683002,633587,0,0,1,1,168,316684833,101306010,29799737,4962385,1073744987,0,1,0,0,0,1,1,1,2,0,0,2,0
423332872,SELECT,169,422,5342016,169,170,1,0,0,0,683002,678632,1,1,0,1,168,316684834,101306010,29799737,4962385,1073745267,0,1,0,0,0,1,1,1,2,0,0,2,0
423416765,PUBLISH,169,422,5343936,169,170,1,0,0,0,683128,678632,1,1,0,1,169,316766807,101306010,29799737,4962385,1073745267,0,1,0,0,0,1,1,1,2,0,0,2,0
424331965,FIELD,169,422,5367216,169,170,1,0,0,0,684500,678632,1,1,0,1,169,317658727,101306010,29799737,4972529,1073745267,0,1,0,0,0,1,1,1,2,0,0,2,0
424732121,READY,171,423,5375909,169,170,1,0,0,0,685101,678632,1,1,0,1,169,318050191,101306010,29799737,4977601,1073745267,1,1,0,0,0,1,1,2,2,0,0,2,0
425334871,FIELD,169,423,5375909,169,170,1,1,0,0,686005,678632,1,1,0,1,169,318050191,101908759,29799737,4977601,1140856179,1,1,0,0,0,1,1,2,2,1,0,2,0
425334872,START,172,424,5375910,170,168,1,0,0,0,686005,678632,0,1,1,1,169,318050191,101908760,29799737,4977601,1140856131,1,1,0,0,0,1,1,2,2,1,0,2,0
425334872,SELECT,170,424,5375910,170,168,1,0,0,0,686005,678632,0,1,1,1,169,318050191,101908760,29799737,4977601,1140856131,1,1,0,0,0,1,1,2,2,1,0,2,0
425418765,PUBLISH,170,424,5376868,170,168,1,0,0,0,686131,678632,0,1,1,1,170,318133125,101908760,29799737,4977601,1091872067,0,1,0,0,0,1,1,2,2,1,0,2,0
426333965,FIELD,170,424,5389528,170,168,1,0,0,0,687503,678632,0,1,1,1,170,319035665,101908760,29799737,4995159,1091872067,0,1,0,0,0,1,1,2,2,1,0,2,0
427193321,READY,172,425,5403188,170,168,1,0,0,0,688792,678632,0,1,1,1,170,319881361,101908760,29799737,5008446,1091872067,0,1,0,0,0,1,1,2,2,1,0,2,0
427336871,FIELD,170,425,5403189,170,168,1,0,0,0,689008,678632,0,1,1,1,170,319881362,102052308,29799737,5008446,1091904835,1,1,0,0,0,1,1,2,2,1,0,2,0
428335965,FIELD,170,426,5403189,170,168,1,1,0,0,690506,678632,0,1,1,1,170,319881362,103051402,29799737,5008446,1091904835,1,1,0,0,0,1,1,2,2,1,0,2,0
428335966,SELECT,168,427,5403189,168,171,0,0,0,0,690506,633587,0,0,0,1,170,319881362,103051403,29799737,5008446,1125459203,1,1,0,0,0,1,1,2,0,1,0,2,0
428335967,START,173,427,5403190,168,172,1,0,0,0,690506,633587,0,0,0,1,171,319881362,103051404,29799737,5008446,1073742409,1,0,0,0,0,1,1,2,0,1,0,2,0
428423671,PUBLISH,168,427,5404228,168,172,1,0,0,0,690638,633587,0,0,0,1,171,319968027,103051404,29799737,5008446,1073742925,0,1,0,0,0,1,1,2,0,1,0,2,0
429338871,FIELD,168,427,5416440,168,172,1,0,0,0,692011,633587,0,0,0,1,171,320871015,103051404,29799737,5025514,1073742925,0,1,0,0,0,1,1,2,0,1,0,2,0
430242701,READY,173,428,5431400,168,172,1,0,0,0,693367,633587,0,0,0,1,171,321759885,103051404,29799737,5039182,1073742925,0,1,0,0,0,1,1,2,0,1,0,2,0
430242703,START,174,428,5431402,168,172,1,0,0,0,693367,633587,0,0,0,1,171,321759886,103051404,29799737,5039182,1073742937,1,1,0,0,0,1,1,2,0,1,0,2,0
430337965,FIELD,168,428,5433744,168,172,1,1,0,0,693509,633587,0,0,0,1,171,321852805,103051404,29799737,5040312,1073744987,0,1,0,0,0,1,1,2,0,1,0,2,0
430337966,SELECT,172,429,5433744,172,173,1,0,0,0,693509,678632,0,0,1,1,171,321852806,103051404,29799737,5040312,1073745267,0,1,0,0,0,1,1,2,0,1,0,2,0
430425671,PUBLISH,172,429,5435244,172,173,1,0,0,0,693641,678632,0,0,1,1,172,321939011,103051404,29799737,5040312,1073745267,0,1,0,0,0,1,1,2,0,1,0,2,0
431340872,FIELD,172,429,5453996,172,173,1,0,0,0,695014,678632,0,0,1,1,172,322835460,103051404,29799737,5051686,1073745267,0,1,0,0,0,1,1,2,0,1,0,2,0
432339965,FIELD,172,430,5481050,172,173,1,0,0,0,696512,678632,0,0,1,1,172,323807499,103051404,29799737,5062324,1073745267,0,1,0,0,0,1,1,2,0,1,0,2,0
433015447,READY,174,431,5498169,172,173,1,0,0,0,697526,678632,0,0,1,1,172,324465863,103051404,29799737,5069581,1073745267,1,1,0,0,0,1,1,0,0,1,0,2,0
433342872,FIELD,172,431,5498169,172,173,1,1,0,0,698017,678632,0,0,1,1,172,324465863,103378828,29799737,5069581,1140856179,1,1,0,0,0,1,1,0,0,2,0,2,0
433342873,START,175,432,5498170,173,171,1,0,0,0,698017,678632,0,1,0,1,172,324465863,103378829,29799737,5069581,1140856131,1,1,0,0,0,1,1,0,0,2,0,2,0
433342873,SELECT,173,432,5498170,173,171,1,0,0,0,698017,678632,0,1,0,1,172,324465863,103378829,29799737,5069581,1140856131,1,1,0,0,0,1,1,0,0,2,0,2,0
433426765,PUBLISH,173,432,5499296,173,171,1,0,0,0,698143,678632,0,1,0,1,173,324548628,103378829,29799737,5069581,1091872067,0,1,0,0,0,1,1,0,0,2,0,2,0
434341965,FIELD,173,432,5511232,173,171,1,0,0,0,699515,678632,0,1,0,1,173,325451892,103378829,29799737,5085263,1091872067,0,1,0,0,0,1,1,0,0,2,0,2,0
435270041,READY,175,433,5527924,173,171,1,0,0,0,700908,678632,0,1,0,1,173,326363276,103378829,29799737,5098814,1091872067,0,1,0,0,0,1,1,0,0,2,0,2,0
435344872,FIELD,173,433,5527925,173,171,1,1,0,0,701020,678632,0,1,0,1,173,326363277,103453658,29799737,5098814,1091904835,1,1,0,0,0,1,1,0,0,2,0,2,0
435344873,SELECT,171,434,5527925,171,174,0,0,0,0,701020,678632,0,1,1,1,173,326363277,103453659,29799737,5098814,1125459203,1,1,0,0,0,1,1,0,1,2,0,2,0
435344874,START,176,434,5527926,171,175,1,0,0,0,701020,678632,0,1,1,1,174,326363277,103453660,29799737,5098814,1073742409,1,0,0,0,0,1,1,0,1,2,0,2,0
435428765,PUBLISH,171,434,5529044,171,175,1,0,0,0,701146,678632,0,1,1,1,174,326446049,103453660,29799737,5098814,1073742925,0,1,0,0,0,1,1,0,1,2,0,2,0
436343965,FIELD,171,434,5541534,171,175,1,0,0,0,702518,678632,0,1,1,1,174,327348759,103453660,29799737,5115729,1073742925,0,1,0,0,0,1,1,0,1,2,0,2,0
437243816,READY,176,435,5557836,171,175,1,0,0,0,703868,678632,0,1,1,1,174,328232308,103453660,29799737,5128625,1073742925,0,1,0,0,0,1,1,0,1,2,0,2,0
437243818,START,177,435,5557838,171,175,1,0,0,0,703868,678632,0,1,1,1,174,328232309,103453660,29799737,5128625,1073742937,1,1,0,0,0,1,1,0,1,2,0,2,0
437346872,FIELD,171,435,5560272,171,175,1,0,0,0,704023,678632,0,1,1,1,174,328332928,103453660,29799737,5129935,1073744987,0,1,0,0,0,1,1,0,1,2,0,2,0
438345965,FIELD,171,436,5583524,171,175,1,1,0,0,705521,678632,0,1,1,1,174,329308769,103453660,29799737,5141261,1073744987,0,1,0,0,0,1,1,0,1,2,0,2,0
438345966,SELECT,175,437,5583524,175,176,1,0,0,0,705521,678632,0,0,0,1,174,329308770,103453660,29799737,5141261,1073745267,0,1,0,0,0,1,1,0,1,2,0,2,0
438433671,PUBLISH,175,437,5586172,175,176,1,0,0,0,705653,678632,0,0,0,1,175,329393827,103453660,29799737,5141261,1073745267,0,1,0,0,0,1,1,0,1,2,0,2,0
439348872,FIELD,175,437,5612248,175,176,1,0,0,0,707026,678632,0,0,0,1,175,330282952,103453660,29799737,5150825,1073745267,0,1,0,0,0,1,1,0,1,2,0,2,0
440150620,READY,177,438,5633509,175,176,1,0,0,0,708228,678632,0,0,0,1,175,331063440,103453660,29799737,5159080,1073745267,1,1,0,0,0,1,1,1,1,2,0,2,0
440347965,FIELD,175,438,5633509,175,176,1,1,0,0,708524,678632,0,0,0,1,175,331063440,103651004,29799737,5159080,1140856179,1,1,0,0,0,1,1,1,1,0,0,2,0
440347966,START,178,439,5633510,176,174,1,0,0,0,708524,678632,0,0,1,1,175,331063440,103651005,29799737,5159080,1140856131,1,1,0,0,0,1,1,1,1,0,0,2,0
440347966,SELECT,176,439,5633510,176,174,1,0,0,0,708524,678632,0,0,1,1,175,331063440,103651005,29799737,5159080,1140856131,1,1,0,0,0,1,1,1,1,0,0,2,0
440435672,PUBLISH,176,439,5634712,176,174,1,0,0,0,708656,678632,0,0,1,1,176,331149943,103651005,29799737,5159080,1091872067,0,1,0,0,0,1,1,1,1,0,0,2,0
441350872,FIELD,176,439,5646680,176,174,1,0,0,0,710029,678632,0,0,1,1,176,332053175,103651005,29799737,5174337,1091872067,0,1,0,0,0,1,1,1,1,0,0,2,0
442349965,FIELD,176,440,5665148,176,174,1,0,0,0,711527,678632,0,0,1,1,176,333033800,103651005,29799737,5187898,1091872067,0,1,0,0,0,1,1,1,1,0,0,2,0
442432591,READY,178,441,5666336,176,174,1,0,0,0,711651,678632,0,0,1,1,176,333115238,103651005,29799737,5187898,1091872067,0,1,0,0,0,1,1,1,1,0,0,2,0
443352872,FIELD,176,441,5666337,176,174,1,1,0,0,713032,678632,0,0,1,1,176,333115239,104571284,29799737,5187898,1091904835,1,1,0,0,0,1,1,1,1,0,0,2,0
443352873,SELECT,174,442,5666337,174,177,0,0,0,0,713032,678632,0,1,0,1,176,333115239,104571285,29799737,5187898,1125459203,1,1,0,0,0,1,1,1,2,0,0,2,0
443352874,START,179,442,5666338,174,178,1,0,0,0,713032,678632,0,1,0,1,177,333115239,104571286,29799737,5187898,1073742409,1,0,0,0,0,1,1,1,2,0,0,2,0
443436765,PUBLISH,174,442,5667568,174,178,1,0,0,0,713158,678632,0,1,0,1,177,333197899,104571286,29799737,5187898,1073742925,0,1,0,0,0,1,1,1,2,0,0,2,0
444351965,FIELD,174,442,5680176,174,178,1,0,0,0,714530,678632,0,1,0,1,177,334100491,104571286,29799737,5202945,1073742925,0,1,0,0,0,1,1,1,2,0,0,2,0
445354872,FIELD,174,443,5699564,174,178,1,1,0,0,716035,678632,0,1,0,1,177,335084010,104571286,29799737,5216063,1073742925,0,1,0,0,0,1,1,1,2,0,0,2,0
445354873,SELECT,178,444,5699564,178,177,0,0,0,0,716035,678632,0,1,1,1,177,335084011,104571286,29799737,5216063,1073743205,0,1,0,0,0,1,1,1,2,0,0,2,0
445438765,PUBLISH,178,444,5700768,178,177,0,0,0,0,716161,678632,0,1,1,1,178,335166699,104571286,29799737,5216063,1073743205,0,1,0,0,0,1,1,1,2,0,0,2,0
445458776,READY,179,444,5700768,178,177,0,0,0,0,716191,678632,0,1,1,1,178,335186710,104571286,29799737,5216834,1073743205,0,1,0,0,0,1,1,1,2,0,0,2,0
445458938,START,180,444,5700930,178,179,1,0,0,0,716191,678632,0,1,1,1,178,335186711,104571286,29799737,5216834,1073743217,1,1,0,0,0,1,1,1,2,0,0,2,0
446353965,FIELD,178,444,5726359,178,179,1,0,0,0,717533,678632,0,1,1,1,178,336056308,104571286,29799737,5233636,1073745267,0,1,0,0,0,1,1,1,2,0,0,2,0
447356872,FIELD,178,445,5758245,178,179,1,0,0,0,719038,678632,0,1,1,1,178,337027329,104571286,29799737,5250041,1073745267,0,1,0,0,0,1,1,1,2,0,0,2,0
447673908,PTS,16,446,5768549,178,179,1,0,0,0,719513,678632,0,1,1,1,178,337334062,104571286,29799737,5253976,1073745267,1,1,0,0,0,1,1,1,2,0,0,2,0
447703178,START,181,446,5769526,178,179,1,0,0,0,719557,678632,0,1,1,1,178,337362355,104571286,29799737,5254072,1073745267,1,1,0,0,0,1,1,1,2,0,0,2,0
447703179,READY,180,446,5769526,178,179,1,0,0,0,719557,678632,0,1,1,1,178,337362355,104571286,29799737,5254072,1073745267,1,1,0,0,0,1,1,2,2,0,0,2,0
448355965,FIELD,178,446,5769526,178,179,1,1,0,0,720536,678632,0,1,1,1,178,337362355,105224072,29799737,5254072,1140856179,1,1,0,0,0,1,1,2,2,1,0,2,0
448355966,SELECT,179,447,5769526,179,177,1,0,0,0,720536,678632,0,0,0,1,178,337362355,105224073,29799737,5254072,1140856131,1,1,0,0,0,1,1,2,2,1,0,2,0
448443672,PUBLISH,179,447,5771020,179,177,1,0,0,0,720668,678632,0,0,0,1,179,337448566,105224074,29799737,5254072,1091872067,0,1,0,0,0,1,1,2,2,1,0,2,0
449358872,FIELD,179,447,5783076,179,177,1,0,0,0,722041,678632,0,0,0,1,179,338351710,105224074,29799737,5271542,1091872067,0,1,0,0,0,1,1,2,2,1,0,2,0
450226339,READY,181,448,5796368,179,177,1,0,0,0,723342,678632,0,0,0,1,179,339205885,105224074,29799737,5284961,1091872067,0,1,0,0,0,1,1,2,2,1,0,2,0
450357965,FIELD,179,448,5796369,179,177,1,1,0,0,723539,678632,0,0,0,1,179,339205886,105355698,29799737,5284961,1091904835,1,1,0,0,0,1,1,2,2,1,0,2,0
450357966,SELECT,177,449,5796369,177,180,0,0,0,0,723539,678632,0,0,1,1,179,339205886,105355699,29799737,5284961,1125459203,1,1,0,0,0,1,1,2,0,1,0,2,0
450357967,START,182,449,5796370,177,181,1,0,1,0,723539,678632,0,0,1,1,180,339205886,105355700,29799737,5284961,1073742409,1,0,0,0,0,1,1,2,0,1,0,2,0
450445672,PUBLISH,177,449,5797836,177,181,1,0,1,0,723671,678632,0,0,1,1,180,339292124,105355700,29799737,5284961,1073742925,0,1,0,0,0,1,1,2,0,1,0,2,0
451360872,FIELD,177,449,5810584,177,181,1,0,1,1,725044,678632,0,0,1,1,180,340194576,105355700,29799737,5301737,1073742925,0,1,0,0,0,1,1,2,0,1,0,2,0
452243512,READY,182,450,5823432,177,181,1,0,1,1,726368,678632,0,0,1,1,180,341064368,105355700,29799737,5314861,1073742925,0,1,0,0,0,1,1,2,0,1,0,2,0
452243514,START,183,450,5823434,177,181,1,0,1,1,726368,678632,0,0,1,1,180,341064369,105355700,29799737,5314861,1073742937,1,1,0,0,0,1,1,2,0,1,0,2,0
452359965,FIELD,177,450,5825688,177,181,1,0,1,1,726542,678632,0,0,1,1,180,341178565,105355700,29799737,5315820,1073744987,0,1,0,0,0,1,1,2,0,1,0,2,0
453362872,FIELD,177,451,5848494,177,181,1,1,1,1,728047,678632,0,0,1,1,180,342158666,105355700,29799737,5326747,1073744987,0,1,0,0,0,1,1,2,0,1,0,2,0
453362873,SELECT,181,452,5848494,181,182,1,0,0,0,728047,723677,1,1,0,1,180,342158667,105355700,29799737,5326747,1073745267,0,1,0,0,0,1,1,2,0,1,0,2,0
453446765,PUBLISH,181,452,5849668,181,182,1,0,0,0,728173,723677,1,1,0,1,181,342241385,105355700,29799737,5326996,1073745267,0,1,0,0,0,1,1,2,0,1,0,2,0
454361965,FIELD,181,452,5872896,181,182,1,0,0,0,729545,723677,1,1,0,1,181,343133357,105355700,29799737,5337636,1073745267,0,1,0,0,0,1,1,2,0,1,0,2,0
454995757,READY,183,453,5887201,181,182,1,0,0,0,730496,723677,1,1,0,1,181,343752845,105355700,29799737,5344284,1073745267,1,1,0,0,0,1,1,0,0,1,0,2,0
455364872,FIELD,181,453,5887201,181,182,1,1,0,0,731050,723677,1,1,0,1,181,343752845,105724814,29799737,5344284,1140856179,1,1,0,0,0,1,1,0,0,2,0,2,0
455364873,START,184,454,5887202,182,180,1,0,0,0,731050,723677,0,1,1,1,181,343752845,105724815,29799737,5344284,1140856131,1,1,0,0,0,1,1,0,0,2,0,2,0
455364873,SELECT,182,454,5887202,182,180,1,0,0,0,731050,723677,0,1,1,1,181,343752845,105724815,29799737,5344284,1140856131,1,1,0,0,0,1,1,0,0,2,0,2,0
455448765,PUBLISH,182,454,5888728,182,180,1,0,0,0,731176,723677,0,1,1,1,182,343835210,105724815,29799737,5344284,1091872067,0,1,0,0,0,1,1,0,0,2,0,2,0
456363965,FIELD,182,454,5901332,182,180,1,0,0,0,732548,723677,0,1,1,1,182,344737806,105724815,29799737,5358416,1091872067,0,1,0,0,0,1,1,0,0,2,0,2,0
457366872,FIELD,182,455,5916192,182,180,1,0,0,0,734053,723677,0,1,1,1,182,345725853,105724815,29799737,5373109,1091872067,0,1,0,0,0,1,1,0,0,2,0,2,0
457372989,READY,184,456,5916192,182,180,1,0,0,0,734062,723677,0,1,1,1,182,345731970,105724815,29799737,5373109,1091872067,0,1,0,0,0,1,1,0,0,2,0,2,0
458365965,FIELD,182,456,5916193,182,180,1,1,0,0,735551,723677,0,1,1,1,182,345731971,106717789,29799737,5373109,1091904835,1,1,0,0,0,1,1,0,0,2,0,2,0
458365966,SELECT,180,457,5916193,180,183,0,0,0,0,735551,678632,0,0,0,1,182,345731971,106717790,29799737,5373109,1125459203,1,1,0,0,0,1,1,0,1,2,0,2,0
458365967,START,185,457,5916194,180,184,1,0,0,0,735551,678632,0,0,0,1,183,345731971,106717791,29799737,5373109,1073742409,1,0,0,0,0,1,1,0,1,2,0,2,0
458453672,PUBLISH,180,457,5917660,180,184,1,0,0,0,735683,678632,0,0,0,1,183,345818209,106717791,29799737,5373109,1073742925,0,1,0,0,0,1,1,0,1,2,0,2,0
459368872,FIELD,180,457,5930536,180,184,1,0,0,0,737056,678632,0,0,0,1,183,346720533,106717791,29799737,5388751,1073742925,0,1,0,0,0,1,1,0,1,2,0,2,0
460367965,FIELD,180,458,5944932,180,184,1,1,0,0,738554,678632,0,0,0,1,183,347705230,106717791,29799737,5402882,1073742925,0,1,0,0,0,1,1,0,1,2,0,2,0
460367966,SELECT,184,459,5944932,184,183,0,0,0,0,738554,723677,0,0,1,1,183,347705231,106717791,29799737,5402882,1073743205,0,1,0,0,0,1,1,0,1,2,0,2,0
460391903,READY,185,459,5944932,184,183,0,0,0,0,738590,723677,0,0,1,0,184,347729168,106717791,29799737,5403220,1073743205,0,1,0,0,0,1,1,0,1,2,0,2,0
460391905,START,186,459,5944934,184,185,1,0,0,0,738590,723677,0,0,1,0,184,347729169,106717791,29799737,5403220,1073743217,1,1,0,0,0,1,1,0,1,2,0,2,0
460455672,PUBLISH,184,459,5947004,184,185,1,0,0,0,738686,723677,0,0,1,1,184,347790865,106717791,29799737,5403220,1073745267,0,1,0,0,0,1,1,0,1,2,0,2,0
461370872,FIELD,184,459,5968492,184,185,1,0,0,0,740059,723677,0,0,1,1,184,348684577,106717791,29799737,5414149,1073745267,0,1,0,0,0,1,1,0,1,2,0,2,0
462369965,FIELD,184,460,5992516,184,185,1,0,0,0,741557,723677,0,0,1,1,184,349659646,106717791,29799737,5424424,1073745267,0,1,0,0,0,1,1,0,1,2,0,2,0
463155518,READY,186,461,6010705,184,185,1,0,0,0,742736,723677,0,0,1,1,184,350427011,106717791,29799737,5433060,1073745267,1,1,0,0,0,1,1,1,1,2,0,2,0
463372872,FIELD,184,461,6010705,184,185,1,1,0,0,743062,723677,0,0,1,1,184,350427011,106935144,29799737,5433060,1140856179,1,1,0,0,0,1,1,1,1,0,0,2,0
463372873,START,187,462,6010706,185,183,1,0,0,0,743062,723677,0,1,0,1,184,350427011,106935145,29799737,5433060,1140856131,1,1,0,0,0,1,1,1,1,0,0,2,0
463372873,SELECT,185,462,6010706,185,183,1,0,0,0,743062,723677,0,1,0,1,184,350427011,106935145,29799737,5433060,1140856131,1,1,0,0,0,1,1,1,1,0,0,2,0
463456765,PUBLISH,185,462,6011754,185,183,1,0,0,0,743188,723677,0,1,0,1,185,350509855,106935145,29799737,5433060,1091872067,1,1,0,0,0,1,1,1,1,0,0,2,0
464371965,FIELD,185,462,6026070,185,183,1,0,0,0,744560,723677,0,1,0,1,185,351410739,106935145,29799737,5447734,1091872067,1,1,0,0,0,1,1,1,1,0,0,2,0
465374872,FIELD,185,463,6040348,185,183,1,1,0,0,746065,723677,0,1,0,1,185,352399367,106935145,29799737,5460634,1091872067,0,1,0,0,0,1,1,1,1,0,0,2,0
465374873,SELECT,183,464,6040348,183,186,0,0,0,0,746065,723677,0,1,1,1,185,352399368,106935145,29799737,5460634,1125426435,0,1,0,0,0,1,1,1,2,0,0,2,0
465405697,READY,187,464,6040348,183,186,0,0,0,0,746111,723677,0,1,1,0,186,352430192,106935145,29799737,5460634,1125426435,0,1,0,0,0,1,1,1,2,0,0,2,0
465405700,START,188,464,6040350,183,187,1,0,0,0,746111,723677,0,1,1,0,186,352430193,106935146,29799737,5460634,1073742409,1,1,0,0,0,1,1,1,2,0,0,2,0
465458765,PUBLISH,183,464,6041316,183,187,1,0,0,0,746191,723677,0,1,1,1,186,352482291,106935146,29799737,5460634,1073742925,0,1,0,0,0,1,1,1,2,0,0,2,0
466373965,FIELD,183,464,6054940,183,187,1,0,0,0,747563,723677,0,1,1,1,186,353383867,106935146,29799737,5476436,1073742925,0,1,0,0,0,1,1,1,2,0,0,2,0
467376872,FIELD,183,465,6070260,183,187,1,0,0,0,749068,723677,0,1,1,1,186,354371454,106935146,29799737,5490009,1073742925,0,1,0,0,0,1,1,1,2,0,0,2,0
467445785,READY,188,466,6070260,183,187,1,0,0,0,749171,723677,0,1,1,1,186,354440367,106935146,29799737,5490009,1073742925,0,1,0,0,0,1,1,1,2,0,0,2,0
467445787,START,189,466,6070262,183,187,1,0,0,0,749171,723677,0,1,1,1,186,354440368,106935146,29799737,5490009,1073742937,1,1,0,0,0,1,1,1,2,0,0,2,0
468375965,FIELD,183,466,6092872,183,187,1,1,0,0,750566,723677,0,1,1,1,186,355347935,106935146,29799737,5500429,1073744987,0,1,0,0,0,1,1,1,2,0,0,2,0
468375966,SELECT,187,467,6092872,187,188,1,0,0,0,750566,723677,0,0,0,1,186,355347936,106935146,29799737,5500429,1073745267,0,1,0,0,0,1,1,1,2,0,0,2,0
468463672,PUBLISH,187,467,6095196,187,188,1,0,0,0,750698,723677,0,0,0,1,187,355433318,106935146,29799737,5500429,1073745267,0,1,0,0,0,1,1,1,2,0,0,2,0
469378872,FIELD,187,467,6117140,187,188,1,0,0,0,752071,723677,0,0,0,1,187,356326574,106935146,29799737,5509927,1073745267,0,1,0,0,0,1,1,1,2,0,0,2,0
470300538,READY,189,468,6140557,187,188,1,0,0,0,753453,723677,0,0,0,1,187,357224824,106935146,29799737,5520179,1073745267,1,1,0,0,0,1,1,2,2,0,0,2,0
470377965,FIELD,187,468,6140557,187,188,1,1,0,0,753569,723677,0,0,0,1,187,357224824,107012572,29799737,5520179,1140856179,1,1,0,0,0,1,1,2,2,1,0,2,0
470377966,START,190,469,6140558,188,186,1,0,0,0,753569,723677,0,0,1,1,187,357224824,107012573,29799737,5520179,1140856131,1,1,0,0,0,1,1,2,2,1,0,2,0
470377966,SELECT,188,469,6140558,188,186,1,0,0,0,753569,723677,0,0,1,1,187,357224824,107012573,29799737,5520179,1140856131,1,1,0,0,0,1,1,2,2,1,0,2,0
470465672,PUBLISH,188,469,6142252,188,186,1,0,0,0,753701,723677,0,0,1,1,188,357310835,107012573,29799737,5520179,1091872067,0,1,0,0,0,1,1,2,2,1,0,2,0
471380872,FIELD,188,469,6155520,188,186,1,0,0,0,755074,723677,0,0,1,1,188,358212767,107012573,29799737,5535771,1091872067,0,1,0,0,0,1,1,2,2,1,0,2,0
472379965,FIELD,188,470,6171472,188,186,1,0,0,0,756572,723677,0,0,1,1,188,359195908,107012573,29799737,5549866,1091872067,0,1,0,0,0,1,1,2,2,1,0,2,0
472501684,READY,190,471,6172624,188,186,1,0,0,0,756755,723677,0,0,1,1,188,359316475,107012573,29799737,5551040,1091872067,0,1,0,0,0,1,1,2,2,1,0,2,0
473382872,FIELD,188,471,6172625,188,186,1,1,0,0,758077,723677,0,0,1,1,188,359316476,107893759,29799737,5551040,1091904835,1,1,0,0,0,1,1,2,2,1,0,2,0
473382873,SELECT,186,472,6172625,186,189,0,0,0,0,758077,723677,0,1,0,1,188,359316476,107893760,29799737,5551040,1125459203,1,1,0,0,0,1,1,2,0,1,0,2,0
473382874,START,191,472,6172626,186,190,1,0,0,0,758077,723677,0,1,0,1,189,359316476,107893761,29799737,5551040,1073742409,1,0,0,0,0,1,1,2,0,1,0,2,0
473466765,PUBLISH,186,472,6174020,186,190,1,0,0,0,758203,723677,0,1,0,1,189,359398972,107893761,29799737,5551040,1073742925,0,1,0,0,0,1,1,2,0,1,0,2,0
474381965,FIELD,186,472,6188120,186,190,1,0,0,0,759575,723677,0,1,0,1,189,360300072,107893761,29799737,5566086,1073742925,0,1,0,0,0,1,1,2,0,1,0,2,0
475384872,FIELD,186,473,6205136,186,190,1,1,0,0,761080,723677,0,1,0,1,189,361285963,107893761,29799737,5579559,1073742925,0,1,0,0,0,1,1,2,0,1,0,2,0
475384873,SELECT,190,474,6205136,190,189,0,0,0,0,761080,723677,0,1,1,1,189,361285964,107893761,29799737,5579559,1073743205,0,1,0,0,0,1,1,2,0,1,0,2,0
475468765,PUBLISH,190,474,6206352,190,189,0,0,0,0,761206,723677,0,1,1,1,190,361368640,107893761,29799737,5579932,1073743205,0,1,0,0,0,1,1,2,0,1,0,2,0
475537907,READY,191,474,6206352,190,189,0,0,0,0,761309,723677,0,1,1,1,190,361437782,107893761,29799737,5581407,1073743205,0,1,0,0,0,1,1,2,0,1,0,2,0
475538069,START,192,474,6206514,190,191,1,0,0,0,761310,723677,0,1,1,1,190,361437783,107893761,29799737,5581407,1073743217,1,1,0,0,0,1,1,2,0,1,0,2,0
476383965,FIELD,190,474,6233377,190,191,1,0,0,0,762578,723677,0,1,1,1,190,362256815,107893761,29799737,5596649,1073745267,0,1,0,0,0,1,1,2,0,1,0,2,0
477386872,FIELD,190,475,6266784,190,191,1,0,0,0,764083,723677,0,1,1,1,190,363226315,107893761,29799737,5612752,1073745267,0,1,0,0,0,1,1,2,0,1,0,2,0
477841560,PTS,17,476,6282487,190,191,1,0,0,0,764765,723677,0,1,1,1,190,363665301,107893761,29799737,5620258,1073745267,1,1,0,0,0,1,1,2,0,1,0,2,0
477851221,START,193,476,6282758,190,191,1,0,0,0,764779,723677,0,1,1,1,190,363674691,107893761,29799737,5620572,1073745267,1,1,0,0,0,1,1,2,0,1,0,2,0
477851222,READY,192,476,6282758,190,191,1,0,0,0,764779,723677,0,1,1,1,190,363674691,107893761,29799737,5620572,1073745267,1,1,0,0,0,1,1,0,0,1,0,2,0
478385965,FIELD,190,476,6282758,190,191,1,1,0,0,765581,723677,0,1,1,1,190,363674691,108428504,29799737,5620572,1140856179,1,1,0,0,0,1,1,0,0,2,0,2,0
478385966,SELECT,191,477,6282758,191,189,1,0,0,0,765581,723677,0,0,0,1,190,363674691,108428505,29799737,5620572,1140856131,1,1,0,0,0,1,1,0,0,2,0,2,0
478473672,PUBLISH,191,477,6284256,191,189,1,0,0,0,765713,723677,0,0,0,1,191,363760898,108428506,29799737,5620572,1091872067,0,1,0,0,0,1,1,0,0,2,0,2,0
479388872,FIELD,191,477,6296588,191,189,1,0,0,0,767086,723677,0,0,0,1,191,364663766,108428506,29799737,5635626,1091872067,0,1,0,0,0,1,1,0,0,2,0,2,0
480387965,FIELD,191,478,6311680,191,189,1,1,0,0,768584,723677,0,0,0,1,191,365647767,108428506,29799737,5649269,1091872067,0,1,0,0,0,1,1,0,0,2,0,2,0
480387966,SELECT,189,479,6311680,189,192,0,0,0,0,768584,723677,0,0,1,1,191,365647768,108428506,29799737,5649269,1125426435,0,1,0,0,0,1,1,0,1,2,0,2,0
480475672,PUBLISH,189,479,6312724,189,192,0,0,0,0,768716,723677,0,0,1,1,192,365734430,108428506,29799737,5649269,1125426435,0,1,0,0,0,1,1,0,1,2,0,2,0
480482178,READY,193,479,6312724,189,192,0,0,0,0,768726,723677,0,0,1,1,192,365740936,108428506,29799737,5649452,1125426435,0,1,0,0,0,1,1,0,1,2,0,2,0
480482181,START,194,479,6312726,189,193,1,0,1,1,768726,723677,0,0,1,1,192,365740937,108428507,29799737,5649452,1073742409,1,1,0,0,0,1,1,0,1,2,0,2,0
481390872,FIELD,189,479,6325988,189,193,1,0,1,1,770089,723677,0,0,1,1,192,366636365,108428507,29799737,5665617,1073742925,0,1,0,0,0,1,1,0,1,2,0,2,0
482389965,FIELD,189,480,6341122,189,193,1,0,1,1,771587,723677,0,0,1,1,192,367620324,108428507,29799737,5678808,1073742925,0,1,0,0,0,1,1,0,1,2,0,2,0
482550942,READY,194,481,6342452,189,193,1,0,1,1,771829,723677,0,0,1,1,192,367779971,108428507,29799737,5680376,1073742925,0,1,0,0,0,1,1,0,1,2,0,2,0
482550944,START,195,481,6342454,189,193,1,0,1,1,771829,723677,0,0,1,1,192,367779972,108428507,29799737,5680376,1073742937,1,1,0,0,0,1,1,0,1,2,0,2,0
483392872,FIELD,189,481,6361516,189,193,1,1,1,1,773092,723677,0,0,1,1,192,368602837,108428507,29799737,5689944,1073744987,0,1,0,0,0,1,1,0,1,2,0,2,0
483392873,SELECT,193,482,6361516,193,194,1,0,0,0,773092,768722,1,1,0,1,192,368602838,108428507,29799737,5689944,1073745267,0,1,0,0,0,1,1,0,1,2,0,2,0
483476765,PUBLISH,193,482,6363076,193,194,1,0,0,0,773218,768722,1,1,0,1,193,368685170,108428507,29799737,5690215,1073745267,0,1,0,0,0,1,1,0,1,2,0,2,0
484391965,FIELD,193,482,6384112,193,194,1,0,0,0,774590,768722,1,1,0,1,193,369579334,108428507,29799737,5701531,1073745267,0,1,0,0,0,1,1,0,1,2,0,2,0
485331506,READY,195,483,6406893,193,194,1,0,0,0,776000,768722,1,1,0,1,193,370496095,108428507,29799737,5711779,1073745267,1,1,0,0,0,1,1,1,1,2,0,2,0
485394872,FIELD,193,483,6406893,193,194,1,1,0,0,776095,768722,1,1,0,1,193,370496095,108491872,29799737,5711779,1140856179,1,1,0,0,0,1,1,1,1,0,0,2,0
485394873,START,196,484,6406894,194,192,1,0,0,0,776095,768722,0,1,1,1,193,370496095,108491873,29799737,5711779,1140856131,1,1,0,0,0,1,1,1,1,0,0,2,0
485394873,SELECT,194,484,6406894,194,192,1,0,0,0,776095,768722,0,1,1,1,193,370496095,108491873,29799737,5711779,1140856131,1,1,0,0,0,1,1,1,1,0,0,2,0
485478765,PUBLISH,194,484,6408616,194,192,1,0,0,0,776221,768722,0,1,1,1,194,370578264,108491873,29799737,5711779,1091872067,0,1,0,0,0,1,1,1,1,0,0,2,0
486393966,FIELD,194,484,6422462,194,192,1,0,0,0,777593,768722,0,1,1,1,194,371479619,108491873,29799737,5727426,1091872067,0,1,0,0,0,1,1,1,1,0,0,2,0
487396872,FIELD,194,485,6436564,194,192,1,0,0,0,779098,768722,0,1,1,1,194,372468423,108491873,29799737,5741194,1091872067,0,1,0,0,0,1,1,1,1,0,0,2,0
487466207,READY,196,486,6436564,194,192,1,0,0,0,779202,768722,0,1,1,1,194,372537758,108491873,29799737,5741194,1091872067,0,1,0,0,0,1,1,1,1,0,0,2,0
488395966,FIELD,194,486,6436565,194,192,1,1,0,0,780596,768722,0,1,1,1,194,372537759,109421630,29799737,5741194,1091904835,1,1,0,0,0,1,1,1,1,0,0,2,0
488395967,SELECT,192,487,6436565,192,195,0,0,0,0,780596,723677,0,0,0,1,194,372537759,109421631,29799737,5741194,1125459203,1,1,0,0,0,1,1,1,2,0,0,2,0
488395968,START,197,487,6436566,192,196,1,0,0,0,780596,723677,0,0,0,1,195,372537759,109421632,29799737,5741194,1073742409,1,0,0,0,0,1,1,1,2,0,0,2,0
488483672,PUBLISH,192,487,6438252,192,196,1,0,0,0,780728,723677,0,0,0,1,195,372623776,109421632,29799737,5741194,1073742925,0,1,0,0,0,1,1,1,2,0,0,2,0
489398872,FIELD,192,487,6451296,192,196,1,0,0,0,782101,723677,0,0,0,1,195,373525932,109421632,29799737,5757165,1073742925,0,1,0,0,0,1,1,1,2,0,0,2,0
490397966,FIELD,192,488,6465064,192,196,1,1,0,0,783599,723677,0,0,0,1,195,374511258,109421632,29799737,5770017,1073742925,0,1,0,0,0,1,1,1,2,0,0,2,0
490397967,SELECT,196,489,6465064,196,195,0,0,0,0,783599,768722,0,0,1,1,195,374511259,109421632,29799737,5770017,1073743205,0,1,0,0,0,1,1,1,2,0,0,2,0
490462328,READY,197,489,6465064,196,195,0,0,0,0,783696,768722,0,0,1,0,196,374575620,109421632,29799737,5770380,1073743205,0,1,0,0,0,1,1,1,2,0,0,2,0
490462330,START,198,489,6465066,196,197,1,0,0,0,783696,768722,0,0,1,0,196,374575621,109421632,29799737,5770380,1073743217,1,1,0,0,0,1,1,1,2,0,0,2,0
490485672,PUBLISH,196,489,6465776,196,197,1,0,0,0,783731,768722,0,0,1,1,196,374598252,109421632,29799737,5770380,1073745267,0,1,0,0,0,1,1,1,2,0,0,2,0
491400872,FIELD,196,489,6486288,196,197,1,0,0,0,785104,768722,0,0,1,1,196,375492940,109421632,29799737,5781366,1073745267,0,1,0,0,0,1,1,1,2,0,0,2,0
492399966,FIELD,196,490,6510316,196,197,1,0,0,0,786602,768722,0,0,1,1,196,376468006,109421632,29799737,5792733,1073745267,0,1,0,0,0,1,1,1,2,0,0,2,0
493280598,READY,198,491,6530061,196,197,1,0,0,0,787923,768722,0,0,1,1,196,377328894,109421632,29799737,5802629,1073745267,1,1,0,0,0,1,1,2,2,0,0,2,0
493402872,FIELD,196,491,6530061,196,197,1,1,0,0,788107,768722,0,0,1,1,196,377328894,109543905,29799737,5802629,1140856179,1,1,0,0,0,1,1,2,2,1,0,2,0
493402873,START,199,492,6530062,197,195,1,0,0,0,788107,768722,0,1,0,1,196,377328894,109543906,29799737,5802629,1140856131,1,1,0,0,0,1,1,2,2,1,0,2,0
493402873,SELECT,197,492,6530062,197,195,1,0,0,0,788107,768722,0,1,0,1,196,377328894,109543906,29799737,5802629,1140856131,1,1,0,0,0,1,1,2,2,1,0,2,0
493486765,PUBLISH,197,492,6531608,197,195,1,0,0,0,788233,768722,0,1,0,1,197,377411239,109543906,29799737,5802629,1091872067,0,1,0,0,0,1,1,2,2,1,0,2,0
494401966,FIELD,197,492,6544024,197,195,1,0,0,0,789605,768722,0,1,0,1,197,378314024,109543906,29799737,5817163,1091872067,0,1,0,0,0,1,1,2,2,1,0,2,0
495404872,FIELD,197,493,6558588,197,195,1,1,0,0,791110,768722,0,1,0,1,197,379302366,109543906,29799737,5830166,1091872067,0,1,0,0,0,1,1,2,2,1,0,2,0
495404873,SELECT,195,494,6558588,195,198,0,0,0,0,791110,768722,0,1,1,1,197,379302367,109543906,29799737,5830166,1125426435,0,1,0,0,0,1,1,2,0,1,0,2,0
495488766,PUBLISH,195,494,6559660,195,198,0,0,0,0,791236,768722,0,1,1,1,198,379385188,109543906,29799737,5830166,1125426435,0,1,0,0,0,1,1,2,0,1,0,2,0
495506206,READY,199,494,6559660,195,198,0,0,0,0,791262,768722,0,1,1,1,198,379402628,109543906,29799737,5830777,1125426435,0,1,0,0,0,1,1,2,0,1,0,2,0
495506209,START,200,494,6559662,195,199,1,0,0,0,791262,768722,0,1,1,1,198,379402629,109543907,29799737,5830777,1073742409,1,1,0,0,0,1,1,2,0,1,0,2,0
496403966,FIELD,195,494,6572488,195,199,1,0,0,0,792608,768722,0,1,1,1,198,380287559,109543907,29799737,5846619,1073742925,0,1,0,0,0,1,1,2,0,1,0,2,0
497406872,FIELD,195,495,6586644,195,199,1,0,0,0,794113,768722,0,1,1,1,198,381276309,109543907,29799737,5860885,1073742925,0,1,0,0,0,1,1,2,0,1,0,2,0
497610839,READY,200,496,6589220,195,199,1,0,0,0,794419,768722,0,1,1,1,198,381477700,109543907,29799737,5862910,1073742925,0,1,0,0,0,1,1,2,0,1,0,2,0
497610841,START,201,496,6589222,195,199,1,0,0,0,794419,768722,0,1,1,1,198,381477701,109543907,29799737,5862910,1073742937,1,1,0,0,0,1,1,2,0,1,0,2,0
498405966,FIELD,195,496,6608624,195,199,1,1,0,0,795611,768722,0,1,1,1,198,382253423,109543907,29799737,5872550,1073744987,0,1,0,0,0,1,1,2,0,1,0,2,0
498405967,SELECT,199,497,6608624,199,200,1,0,0,0,795611,768722,0,0,0,1,198,382253424,109543907,29799737,5872550,1073745267,0,1,0,0,0,1,1,2,0,1,0,2,0
498493672,PUBLISH,199,497,6610156,199,200,1,0,0,0,795743,768722,0,0,0,1,199,382339597,109543907,29799737,5872826,1073745267,0,1,0,0,0,1,1,2,0,1,0,2,0
499408872,FIELD,199,497,6630580,199,200,1,0,0,0,797116,768722,0,0,0,1,199,383234373,109543907,29799737,5885062,1073745267,0,1,0,0,0,1,1,2,0,1,0,2,0
500407966,FIELD,199,498,6655816,199,200,1,1,0,0,798614,768722,0,0,0,1,199,384208231,109543907,29799737,5895189,1073745267,0,1,0,0,0,1,1,2,0,1,0,2,0
500407967,SELECT,200,499,6655816,200,198,1,0,0,0,798614,768722,0,0,1,1,199,384208232,109543907,29799737,5895189,1073745219,0,1,0,0,0,1,1,2,0,1,0,2,0
500452726,READY,201,499,6655817,200,198,1,0,0,0,798682,768722,0,0,1,0,200,384252991,109543907,29799737,5895189,1073745219,1,1,0,0,0,1,1,0,0,1,0,2,0
500452727,START,202,499,6655818,200,198,1,0,0,0,798682,768722,0,0,1,0,200,384252991,109543907,29799737,5895189,1140856131,1,1,0,0,0,1,1,0,0,2,0,2,0
500495672,PUBLISH,200,499,6656800,200,198,1,0,0,0,798746,768722,0,0,1,1,200,384294953,109543907,29799737,5895189,1091872067,0,1,0,0,0,1,1,0,0,2,0,2,0
501410872,FIELD,200,499,6669444,200,198,1,0,0,0,800119,768722,0,0,1,1,200,385197509,109543907,29799737,5909624,1091872067,0,1,0,0,0,1,1,0,0,2,0,2,0
502409966,FIELD,200,500,6683616,200,198,1,0,0,0,801617,768722,0,0,1,1,200,386182431,109543907,29799737,5923867,1091872067,0,1,0,0,0,1,1,0,0,2,0,2,0
502562436,READY,202,501,6684844,200,198,1,0,0,0,801846,768722,0,0,1,1,200,386333673,109543907,29799737,5925205,1091872067,0,1,0,0,0,1,1,0,0,2,0,2,0
503412872,FIELD,200,501,6684845,200,198,1,1,0,0,803122,768722,0,0,1,1,200,386333674,110394341,29799737,5925205,1091904835,1,1,0,0,0,1,1,0,0,2,0,2,0
503412873,SELECT,198,502,6684845,198,201,0,0,0,0,803122,768722,0,1,0,1,200,386333674,110394342,29799737,5925205,1125459203,1,1,0,0,0,1,1,0,1,2,0,2,0
503412874,START,203,502,6684846,198,202,1,0,0,0,803122,768722,0,1,0,1,201,386333674,110394343,29799737,5925205,1073742409,1,0,0,0,0,1,1,0,1,2,0,2,0
503496766,PUBLISH,198,502,6686396,198,202,1,0,0,0,803248,768722,0,1,0,1,201,386416015,110394343,29799737,5925205,1073742925,0,1,0,0,0,1,1,0,1,2,0,2,0
504411966,FIELD,198,502,6698300,198,202,1,0,0,0,804620,768722,0,1,0,1,201,387319311,110394343,29799737,5941293,1073742925,0,1,0,0,0,1,1,0,1,2,0,2,0
505414872,FIELD,198,503,6711760,198,202,1,1,0,0,806125,768722,0,1,0,1,201,388308757,110394343,29799737,5954977,1073742925,0,1,0,0,0,1,1,0,1,2,0,2,0
505414873,SELECT,202,504,6711760,202,201,0,0,0,0,806125,768722,0,1,1,1,201,388308758,110394343,29799737,5954977,1073743205,0,1,0,0,0,1,1,0,1,2,0,2,0
505498766,PUBLISH,202,504,6712888,202,201,0,0,0,0,806251,768722,0,1,1,1,202,388391523,110394343,29799737,5954977,1073743205,0,1,0,0,0,1,1,0,1,2,0,2,0
505515116,READY,203,504,6712888,202,201,0,0,0,0,806275,768722,0,1,1,1,202,388407873,110394343,29799737,5955372,1073743205,0,1,0,0,0,1,1,0,1,2,0,2,0
505515278,START,204,504,6713050,202,203,1,0,0,0,806275,768722,0,1,1,1,202,388407874,110394343,29799737,5955372,1073743217,1,1,0,0,0,1,1,0,1,2,0,2,0
506413966,FIELD,202,504,6745022,202,203,1,0,0,0,807623,768722,0,1,1,1,202,389274589,110394343,29799737,5969507,1073745267,0,1,0,0,0,1,1,0,1,2,0,2,0
507416872,FIELD,202,505,6779607,202,203,1,0,0,0,809128,768722,0,1,1,1,202,390242910,110394343,29799737,5984769,1073745267,0,1,0,0,0,1,1,0,1,2,0,2,0
507886171,PTS,18,506,6796425,202,203,1,0,0,0,809832,768722,0,1,1,1,202,390695392,110394343,29799737,5991299,1073745267,1,1,0,0,0,1,1,0,1,2,0,2,0
507895119,START,205,506,6796706,202,203,1,0,0,0,809845,768722,0,1,1,1,202,390704059,110394343,29799737,5991410,1073745267,1,1,0,0,0,1,1,0,1,2,0,2,0
507895120,READY,204,506,6796706,202,203,1,0,0,0,809845,768722,0,1,1,1,202,390704059,110394343,29799737,5991410,1073745267,1,1,0,0,0,1,1,1,1,2,0,2,0
508415966,FIELD,202,506,6796706,202,203,1,1,0,0,810626,768722,0,1,1,1,202,390704059,110915189,29799737,5991410,1140856179,1,1,0,0,0,1,1,1,1,0,0,2,0
508415967,SELECT,203,507,6796706,203,201,1,0,0,0,810626,768722,0,0,0,1,202,390704059,110915190,29799737,5991410,1140856131,1,1,0,0,0,1,1,1,1,0,0,2,0
508503672,PUBLISH,203,507,6797796,203,201,1,0,0,0,810758,768722,0,0,0,1,203,390790673,110915191,29799737,5991410,1091872067,0,1,0,0,0,1,1,1,1,0,0,2,0
509418872,FIELD,203,507,6810248,203,201,1,0,0,0,812131,768722,0,0,0,1,203,391693421,110915191,29799737,6008981,1091872067,0,1,0,0,0,1,1,1,1,0,0,2,0
510417966,FIELD,203,508,6824132,203,201,1,1,0,0,813629,768722,0,0,0,1,203,392678631,110915191,29799737,6023439,1091872067,0,1,0,0,0,1,1,1,1,0,0,2,0
510417967,SELECT,201,509,6824132,201,204,0,0,0,0,813629,768722,0,0,1,1,203,392678632,110915191,29799737,6023439,1125426435,0,1,0,0,0,1,1,1,2,0,0,2,0
510505672,PUBLISH,201,509,6825232,201,204,0,0,0,0,813761,768722,0,0,1,1,204,392765237,110915191,29799737,6023439,1125426435,0,1,0,0,0,1,1,1,2,0,0,2,0
510540305,READY,205,509,6825232,201,204,0,0,0,0,813813,768722,0,0,1,1,204,392799870,110915191,29799737,6024581,1125426435,0,1,0,0,0,1,1,1,2,0,0,2,0
510540308,START,206,509,6825234,201,205,1,0,1,1,813813,768722,0,0,1,1,204,392799871,110915192,29799737,6024581,1073742409,1,1,0,0,0,1,1,1,2,0,0,2,0
511420872,FIELD,201,509,6837368,201,205,1,0,1,1,815134,768722,0,0,1,1,204,393668300,110915192,29799737,6039885,1073742925,0,1,0,0,0,1,1,1,2,0,0,2,0
512419966,FIELD,201,510,6850620,201,205,1,0,1,1,816632,768722,0,0,1,1,204,394654142,110915192,29799737,6055238,1073742925,0,1,0,0,0,1,1,1,2,0,0,2,0
512643916,READY,206,511,6853152,201,205,1,0,1,1,816968,768722,0,0,1,1,204,394875560,110915192,29799737,6056942,1073742925,0,1,0,0,0,1,1,1,2,0,0,2,0
512643918,START,207,511,6853154,201,205,1,0,1,1,816968,768722,0,0,1,1,204,394875561,110915192,29799737,6056942,1073742937,1,1,0,0,0,1,1,1,2,0,0,2,0
513422872,FIELD,201,511,6870788,201,205,1,1,1,1,818137,768722,0,0,1,1,204,395636880,110915192,29799737,6066254,1073744987,0,1,0,0,0,1,1,1,2,0,0,2,0
513422873,SELECT,205,512,6870788,205,206,1,0,0,0,818137,813767,1,1,0,1,204,395636881,110915192,29799737,6066254,1073745267,0,1,0,0,0,1,1,1,2,0,0,2,0
513506766,PUBLISH,205,512,6873304,205,206,1,0,0,0,818263,813767,1,1,0,1,205,395718258,110915192,29799737,6066254,1073745267,0,1,0,0,0,1,1,1,2,0,0,2,0
514421966,FIELD,205,512,6894856,205,206,1,0,0,0,819635,813767,1,1,0,1,205,396611906,110915192,29799737,6077354,1073745267,0,1,0,0,0,1,1,1,2,0,0,2,0
515424873,FIELD,205,513,6919680,205,206,1,1,0,0,821140,813767,1,1,0,1,205,397589989,110915192,29799737,6086940,1073745267,0,1,0,0,0,1,1,1,2,0,0,2,0
515424874,SELECT,206,514,6919680,206,204,1,0,0,0,821140,813767,0,1,1,1,205,397589990,110915192,29799737,6086940,1073745219,0,1,0,0,0,1,1,1,2,0,0,2,0
515479805,READY,207,514,6919681,206,204,1,0,0,0,821222,813767,0,1,1,0,206,397644921,110915192,29799737,6086940,1073745219,1,1,0,0,0,1,1,2,2,0,0,2,0
515479806,START,208,514,6919682,206,204,1,0,0,0,821222,813767,0,1,1,0,206,397644921,110915192,29799737,6086940,1140856131,1,1,0,0,0,1,1,2,2,1,0,2,0
515508766,PUBLISH,206,514,6920124,206,204,1,0,0,0,821266,813767,0,1,1,1,206,397673438,110915192,29799737,6086940,1091872067,0,1,0,0,0,1,1,2,2,1,0,2,0
516423966,FIELD,206,514,6933568,206,204,1,0,0,0,822638,813767,0,1,1,1,206,398575194,110915192,29799737,6103093,1091872067,0,1,0,0,0,1,1,2,2,1,0,2,0
517426873,FIELD,206,515,6946416,206,204,1,0,0,0,824143,813767,0,1,1,1,206,399565253,110915192,29799737,6117030,1091872067,0,1,0,0,0,1,1,2,2,1,0,2,0
517599477,READY,208,516,6948856,206,204,1,0,0,0,824402,813767,0,1,1,1,206,399735417,110915192,29799737,6118880,1091872067,0,1,0,0,0,1,1,2,2,1,0,2,0
518425966,FIELD,206,516,6948857,206,204,1,1,0,0,825641,813767,0,1,1,1,206,399735418,111741679,29799737,6118880,1091904835,1,1,0,0,0,1,1,2,2,1,0,2,0
518425967,SELECT,204,517,6948857,204,207,0,0,0,0,825641,768722,0,0,0,1,206,399735418,111741680,29799737,6118880,1125459203,1,1,0,0,0,1,1,2,0,1,0,2,0
518425968,START,209,517,6948858,204,208,1,0,0,0,825641,768722,0,0,0,1,207,399735418,111741681,29799737,6118880,1073742409,1,0,0,0,0,1,1,2,0,1,0,2,0
518513672,PUBLISH,204,517,6950068,204,208,1,0,0,0,825773,768722,0,0,0,1,207,399821911,111741681,29799737,6118880,1073742925,0,1,0,0,0,1,1,2,0,1,0,2,0
519428873,FIELD,204,517,6962912,204,208,1,0,0,0,827146,768722,0,0,0,1,207,400724268,111741681,29799737,6134798,1073742925,0,1,0,0,0,1,1,2,0,1,0,2,0
520427966,FIELD,204,518,6974952,204,208,1,1,0,0,828644,768722,0,0,0,1,207,401711321,111741681,29799737,6148067,1073742925,0,1,0,0,0,1,1,2,0,1,0,2,0
520427967,SELECT,208,519,6974952,208,207,0,0,0,0,828644,813767,0,0,1,1,207,401711322,111741681,29799737,6148067,1073743205,0,1,0,0,0,1,1,2,0,1,0,2,0
520513796,READY,209,519,6976192,208,207,0,0,0,0,828773,813767,0,0,1,0,208,401795911,111741681,29799737,6148067,1073743205,0,1,0,0,0,1,1,2,0,1,0,2,0
520513798,START,210,519,6976194,208,209,1,0,0,0,828773,813767,0,0,1,0,208,401795912,111741681,29799737,6148067,1073743217,1,1,0,0,0,1,1,2,0,1,0,2,0
520515672,PUBLISH,208,519,6976728,208,209,1,0,0,0,828776,813767,0,0,1,1,208,401797251,111741681,29799737,6148067,1073745267,0,1,0,0,0,1,1,2,0,1,0,2,0
521430873,FIELD,208,519,6998788,208,209,1,0,0,0,830149,813767,0,0,1,1,208,402690393,111741681,29799737,6159126,1073745267,1,1,0,0,0,1,1,2,0,1,0,2,0
522429966,FIELD,208,520,7020660,208,209,1,0,0,0,831647,813767,0,0,1,1,208,403667613,111741681,29799737,6169508,1073745267,0,1,0,0,0,1,1,2,0,1,0,2,0
523383226,READY,210,521,7044153,208,209,1,0,0,0,833077,813767,0,0,1,1,208,404597381,111741681,29799737,6180010,1073745267,1,1,0,0,0,1,1,0,0,1,0,2,0
523432873,FIELD,208,521,7044153,208,209,1,1,0,0,833152,813767,0,0,1,1,208,404597381,111791327,29799737,6180010,1140856179,1,1,0,0,0,1,1,0,0,2,0,2,0
523432874,START,211,522,7044154,209,207,1,0,0,0,833152,813767,0,1,0,1,208,404597381,111791328,29799737,6180010,1140856131,1,1,0,0,0,1,1,0,0,2,0,2,0
523432874,SELECT,209,522,7044154,209,207,1,0,0,0,833152,813767,0,1,0,1,208,404597381,111791328,29799737,6180010,1140856131,1,1,0,0,0,1,1,0,0,2,0,2,0
523516766,PUBLISH,209,522,7045432,209,207,1,0,0,0,833278,813767,0,1,0,1,209,404679994,111791328,29799737,6180010,1091872067,0,1,0,0,0,1,1,0,0,2,0,2,0
524431966,FIELD,209,522,7057728,209,207,1,0,0,0,834650,813767,0,1,0,1,209,405582898,111791328,29799737,6194922,1091872067,0,1,0,0,0,1,1,0,0,2,0,2,0
525434873,FIELD,209,523,7071456,209,207,1,1,0,0,836155,813767,0,1,0,1,209,406572077,111791328,29799737,6209149,1091872067,0,1,0,0,0,1,1,0,0,2,0,2,0
525434874,SELECT,207,524,7071456,207,210,0,0,0,0,836155,813767,0,1,1,1,209,406572078,111791328,29799737,6209149,1125426435,0,1,0,0,0,1,1,0,1,2,0,2,0
525518766,PUBLISH,207,524,7072580,207,210,0,0,0,0,836281,813767,0,1,1,1,210,406654846,111791328,29799737,6209333,1125426435,0,1,0,0,0,1,1,0,1,2,0,2,0
525589156,READY,211,524,7072580,207,210,0,0,0,0,836386,813767,0,1,1,1,210,406725236,111791328,29799737,6210659,1125426435,0,1,0,0,0,1,1,0,1,2,0,2,0
525589159,START,212,524,7072582,207,211,1,0,0,0,836386,813767,0,1,1,1,210,406725237,111791329,29799737,6210659,1073742409,1,1,0,0,0,1,1,0,1,2,0,2,0
526433966,FIELD,207,524,7083740,207,211,1,0,0,0,837653,813767,0,1,1,1,210,407558885,111791329,29799737,6224263,1073742925,0,1,0,0,0,1,1,0,1,2,0,2,0
527436873,FIELD,207,525,7095876,207,211,1,0,0,0,839158,813767,0,1,1,1,210,408549656,111791329,29799737,6239350,1073742925,0,1,0,0,0,1,1,0,1,2,0,2,0
527716927,READY,212,526,7099604,207,211,1,0,0,0,839578,813767,0,1,1,1,210,408825982,111791329,29799737,6242135,1073742925,0,1,0,0,0,1,1,0,1,2,0,2,0
527716929,START,213,526,7099606,207,211,1,0,0,0,839578,813767,0,1,1,1,210,408825983,111791329,29799737,6242135,1073742937,1,1,0,0,0,1,1,0,1,2,0,2,0
528435966,FIELD,207,526,7117829,207,211,1,1,0,0,840656,813767,0,1,1,1,210,409526797,111791329,29799737,6250237,1073744987,1,1,0,0,0,1,1,0,1,2,0,2,0
528435967,SELECT,211,527,7117830,211,212,1,0,0,0,840656,813767,0,0,0,1,210,409526797,111791329,29799737,6250237,1073745267,1,1,0,0,0,1,1,0,1,2,0,2,0
528523673,PUBLISH,211,527,7118998,211,212,1,0,0,0,840788,813767,0,0,0,1,211,409613334,111791329,29799737,6250575,1073745267,0,1,0,0,0,1,1,0,1,2,0,2,0
529438873,FIELD,211,527,7139664,211,212,1,0,0,0,842161,813767,0,0,0,1,211,410507868,111791329,29799737,6261398,1073745267,0,1,0,0,0,1,1,0,1,2,0,2,0
530437966,FIELD,211,528,7164448,211,212,1,1,0,0,843659,813767,0,0,0,1,211,411482177,111791329,29799737,6271268,1073745267,0,1,0,0,0,1,1,0,1,2,0,2,0
530437967,SELECT,212,529,7164448,212,210,1,0,0,0,843659,813767,0,0,1,1,211,411482178,111791329,29799737,6271268,1073745219,0,1,0,0,0,1,1,0,1,2,0,2,0
530525673,PUBLISH,212,529,7166176,212,210,1,0,0,0,843791,813767,0,0,1,1,212,411568156,111791329,29799737,6271268,1073745219,0,1,0,0,0,1,1,0,1,2,0,2,0
530574380,READY,213,529,7166177,212,210,1,0,0,0,843864,813767,0,0,1,1,212,411616863,111791329,29799737,6272438,1073745219,1,1,0,0,0,1,1,1,1,2,0,2,0
530574381,START,214,529,7166178,212,210,1,0,0,0,843864,813767,0,0,1,1,212,411616863,111791329,29799737,6272438,1140856131,1,1,0,0,0,1,1,1,1,0,0,2,0
531440873,FIELD,212,529,7178528,212,210,1,0,0,0,845164,813767,0,0,1,1,212,412471004,111791329,29799737,6286512,1091872067,0,1,0,0,0,1,1,1,1,0,0,2,0
532439966,FIELD,212,530,7189944,212,210,1,0,0,0,846662,813767,0,0,1,1,212,413458681,111791329,29799737,6302911,1091872067,0,1,0,0,0,1,1,1,1,0,0,2,0
532662807,READY,214,531,7192956,212,210,1,0,0,0,846997,813767,0,0,1,1,212,413678510,111791329,29799737,6305072,1091872067,0,1,0,0,0,1,1,1,1,0,0,2,0
533442873,FIELD,212,531,7192957,212,210,1,1,0,0,848167,813767,0,0,1,1,212,413678511,112571393,29799737,6305072,1091904835,1,1,0,0,0,1,1,1,1,0,0,2,0
533442874,SELECT,210,532,7192957,210,213,0,0,0,0,848167,813767,0,1,0,1,212,413678511,112571394,29799737,6305072,1125459203,1,1,0,0,0,1,1,1,2,0,0,2,0
533442875,START,215,532,7192958,210,214,1,0,0,0,848167,813767,0,1,0,1,213,413678511,112571395,29799737,6305072,1073742409,1,0,0,0,0,1,1,1,2,0,0,2,0
533526766,PUBLISH,210,532,7194184,210,214,1,0,0,0,848293,813767,0,1,0,1,213,413761175,112571395,29799737,6305072,1073742925,0,1,0,0,0,1,1,1,2,0,0,2,0
534441966,FIELD,210,532,7206592,210,214,1,0,0,0,849665,813767,0,1,0,1,213,414663967,112571395,29799737,6319881,1073742925,0,1,0,0,0,1,1,1,2,0,0,2,0
535444873,FIELD,210,533,7218072,210,214,1,1,0,0,851170,813767,0,1,0,1,213,415655394,112571395,29799737,6333919,1073742925,0,1,0,0,0,1,1,1,2,0,0,2,0
535444874,SELECT,214,534,7218072,214,213,0,0,0,0,851170,813767,0,1,1,1,213,415655395,112571395,29799737,6333919,1073743205,0,1,0,0,0,1,1,1,2,0,0,2,0
535528766,PUBLISH,214,534,7219200,214,213,0,0,0,0,851296,813767,0,1,1,1,214,415738159,112571395,29799737,6333919,1073743205,0,1,0,0,0,1,1,1,2,0,0,2,0
535551311,READY,215,534,7219200,214,213,0,0,0,0,851329,813767,0,1,1,1,214,415760704,112571395,29799737,6334792,1073743205,0,1,0,0,0,1,1,1,2,0,0,2,0
535551473,START,216,534,7219362,214,215,1,0,0,0,851330,813767,0,1,1,1,214,415760705,112571395,29799737,6334792,1073743217,1,1,0,0,0,1,1,1,2,0,0,2,0
536443966,FIELD,214,534,7253702,214,215,1,0,0,0,852668,813767,0,1,1,1,214,416618857,112571395,29799737,6350811,1073745267,0,1,0,0,0,1,1,1,2,0,0,2,0
537446873,FIELD,214,535,7290645,214,215,1,0,0,0,854173,813767,0,1,1,1,214,417584821,112571395,29799737,6363903,1073745267,0,1,0,0,0,1,1,1,2,0,0,2,0
537973927,PTS,19,536,7310345,214,215,1,0,0,0,854963,813767,0,1,1,1,214,418092176,112571395,29799737,6372185,1073745267,1,1,0,0,0,1,1,1,2,0,0,2,0
538009936,START,217,536,7311758,214,215,1,0,0,0,855017,813767,0,1,1,1,214,418126772,112571395,29799737,6372771,1073745267,1,1,0,0,0,1,1,1,2,0,0,2,0
538009937,READY,216,536,7311758,214,215,1,0,0,0,855017,813767,0,1,1,1,214,418126772,112571395,29799737,6372771,1073745267,1,1,0,0,0,1,1,2,2,0,0,2,0
538445966,FIELD,214,536,7311758,214,215,1,1,0,0,855671,813767,0,1,1,1,214,418126772,113007424,29799737,6372771,1140856179,1,1,0,0,0,1,1,2,2,1,0,2,0
538445967,SELECT,215,537,7311758,215,213,1,0,0,0,855671,813767,0,0,0,1,214,418126772,113007425,29799737,6372771,1140856131,1,1,0,0,0,1,1,2,2,1,0,2,0
538533673,PUBLISH,215,537,7313072,215,213,1,0,0,0,855803,813767,0,0,0,1,215,418213163,113007426,29799737,6372771,1091872067,0,1,0,0,0,1,1,2,2,1,0,2,0
539448873,FIELD,215,537,7325892,215,213,1,0,0,0,857176,813767,0,0,0,1,215,419115543,113007426,29799737,6387507,1091872067,0,1,0,0,0,1,1,2,2,1,0,2,0
540447966,FIELD,215,538,7337484,215,213,1,1,0,0,858674,813767,0,0,0,1,215,420103044,113007426,29799737,6402628,1091872067,0,1,0,0,0,1,1,2,2,1,0,2,0
540447967,SELECT,213,539,7337484,213,216,0,0,0,0,858674,813767,0,0,1,1,215,420103045,113007426,29799737,6402628,1125426435,0,1,0,0,0,1,1,2,0,1,0,2,0
540535673,PUBLISH,213,539,7339220,213,216,0,0,0,0,858806,813767,0,0,1,1,216,420189015,113007426,29799737,6402628,1125426435,0,1,0,0,0,1,1,2,0,1,0,2,0
540631858,READY,217,539,7340504,213,216,0,0,0,0,858950,813767,0,0,1,1,216,420283916,113007426,29799737,6404855,1125426435,0,1,0,0,0,1,1,2,0,1,0,2,0
540631861,START,218,539,7340506,213,217,1,0,1,1,858950,813767,0,0,1,1,216,420283917,113007427,29799737,6404855,1073742409,1,1,0,0,0,1,1,2,0,1,0,2,0
541450873,FIELD,213,539,7352020,213,217,1,0,1,1,860179,813767,0,0,1,1,216,421091414,113007427,29799737,6416815,1073742925,0,1,0,0,0,1,1,2,0,1,0,2,0
542449966,FIELD,213,540,7363824,213,217,1,0,1,1,861677,813767,0,0,1,1,216,422078703,113007427,29799737,6432127,1073742925,0,1,0,0,0,1,1,2,0,1,0,2,0
542797520,READY,218,541,7368428,213,217,1,0,1,1,862199,813767,0,0,1,1,216,422421653,113007427,29799737,6436180,1073742925,0,1,0,0,0,1,1,2,0,1,0,2,0
542797522,START,219,541,7368430,213,217,1,0,1,1,862199,813767,0,0,1,1,216,422421654,113007427,29799737,6436180,1073742937,1,1,0,0,0,1,1,2,0,1,0,2,0
543452873,FIELD,213,541,7384660,213,217,1,1,1,1,863182,813767,0,0,1,1,216,423060774,113007427,29799737,6444139,1073744987,0,1,0,0,0,1,1,2,0,1,0,2,0
543452874,SELECT,217,542,7384660,217,218,1,0,0,0,863182,858812,1,1,0,1,216,423060775,113007427,29799737,6444139,1073745267,0,1,0,0,0,1,1,2,0,1,0,2,0
543536766,PUBLISH,217,542,7386996,217,218,1,0,0,0,863308,858812,1,1,0,1,217,423142331,113007427,29799737,6444139,1073745267,0,1,0,0,0,1,1,2,0,1,0,2,0
544451966,FIELD,217,542,7406588,217,218,1,0,0,0,864680,858812,1,1,0,1,217,424037939,113007427,29799737,6455018,1073745267,0,1,0,0,0,1,1,2,0,1,0,2,0
545454873,FIELD,217,543,7432970,217,218,1,1,0,0,866185,858812,1,1,0,1,217,425014464,113007427,29799737,6466625,1073745267,0,1,0,0,0,1,1,2,0,1,0,2,0
545454874,SELECT,218,544,7432970,218,216,1,0,0,0,866185,858812,0,1,1,1,217,425014465,113007427,29799737,6466625,1073745219,0,1,0,0,0,1,1,2,0,1,0,2,0
545538766,PUBLISH,218,544,7433616,218,216,1,0,0,0,866311,858812,0,1,1,1,218,425097711,113007427,29799737,6466982,1073745219,0,1,0,0,0,1,1,2,0,1,0,2,0
545640139,READY,219,544,7435605,218,216,1,0,0,0,866463,858812,0,1,1,1,218,425197096,113007427,29799737,6469528,1073745219,1,1,0,0,0,1,1,0,0,1,0,2,0
545640140,START,220,544,7435606,218,216,1,0,0,0,866463,858812,0,1,1,1,218,425197096,113007427,29799737,6469528,1140856131,1,1,0,0,0,1,1,0,0,2,0,2,0
546453966,FIELD,218,544,7447268,218,216,1,0,0,0,867683,858812,0,1,1,1,218,425999259,113007427,29799737,6482924,1091872067,0,1,0,0,0,1,1,0,0,2,0,2,0
547456873,FIELD,218,545,7458448,218,216,1,0,0,0,869188,858812,0,1,1,1,218,426990986,113007427,29799737,6498734,1091872067,0,1,0,0,0,1,1,0,0,2,0,2,0
547732141,READY,220,546,7462460,218,216,1,0,0,0,869601,858812,0,1,1,1,218,427262242,113007427,29799737,6502027,1091872067,0,1,0,0,0,1,1,0,0,2,0,2,0
548455966,FIELD,218,546,7462461,218,216,1,1,0,0,870686,858812,0,1,1,1,218,427262243,113731250,29799737,6502027,1091904835,1,1,0,0,0,1,1,0,0,2,0,2,0
548455967,SELECT,216,547,7462461,216,219,0,0,0,0,870686,813767,0,0,0,1,218,427262243,113731251,29799737,6502027,1125459203,1,1,0,0,0,1,1,0,1,2,0,2,0
548455968,START,221,547,7462462,216,220,1,0,0,0,870686,813767,0,0,0,1,219,427262243,113731252,29799737,6502027,1073742409,1,0,0,0,0,1,1,0,1,2,0,2,0
548543673,PUBLISH,216,547,7463800,216,220,1,0,0,0,870818,813767,0,0,0,1,219,427348609,113731252,29799737,6502027,1073742925,0,1,0,0,0,1,1,0,1,2,0,2,0
549458873,FIELD,216,547,7476224,216,220,1,0,0,0,872191,813767,0,0,0,1,219,428251385,113731252,29799737,6517119,1073742925,0,1,0,0,0,1,1,0,1,2,0,2,0
550457966,FIELD,216,548,7487740,216,220,1,1,0,0,873689,813767,0,0,0,1,219,429238962,113731252,29799737,6532045,1073742925,0,1,0,0,0,1,1,0,1,2,0,2,0
550457967,SELECT,220,549,7487740,220,219,0,0,0,0,873689,858812,0,0,1,1,219,429238963,113731252,29799737,6532045,1073743205,0,1,0,0,0,1,1,0,1,2,0,2,0
550545673,PUBLISH,220,549,7489012,220,219,0,0,0,0,873821,858812,0,0,1,1,220,429325397,113731252,29799737,6532045,1073743205,0,1,0,0,0,1,1,0,1,2,0,2,0
550568861,READY,221,549,7489012,220,219,0,0,0,0,873856,858812,0,0,1,1,220,429348585,113731252,29799737,6532948,1073743205,0,1,0,0,0,1,1,0,1,2,0,2,0
550568863,START,222,549,7489014,220,221,1,0,0,0,873856,858812,0,0,1,1,220,429348586,113731252,29799737,6532948,1073743217,1,1,0,0,0,1,1,0,1,2,0,2,0
551460873,FIELD,220,549,7510948,220,221,1,0,0,0,875194,858812,0,0,1,1,220,430218661,113731252,29799737,6543913,1073745267,0,1,0,0,0,1,1,0,1,2,0,2,0
552459966,FIELD,220,550,7534276,220,221,1,0,0,0,876692,858812,0,0,1,1,220,431194426,113731252,29799737,6554652,1073745267,0,1,0,0,0,1,1,0,1,2,0,2,0
553426454,READY,222,551,7556333,220,221,1,0,0,0,878142,858812,0,0,1,1,220,432138858,113731252,29799737,6565615,1073745267,1,1,0,0,0,1,1,1,1,2,0,2,0
553462873,FIELD,220,551,7556333,220,221,1,1,0,0,878197,858812,0,0,1,1,220,432138858,113767670,29799737,6565615,1140856179,1,1,0,0,0,1,1,1,1,0,0,2,0
553462874,START,223,552,7556334,221,219,1,0,0,0,878197,858812,0,1,0,1,220,432138858,113767671,29799737,6565615,1140856131,1,1,0,0,0,1,1,1,1,0,0,2,0
553462874,SELECT,221,552,7556334,221,219,1,0,0,0,878197,858812,0,1,0,1,220,432138858,113767671,29799737,6565615,1140856131,1,1,0,0,0,1,1,1,1,0,0,2,0
553546766,PUBLISH,221,552,7557652,221,219,1,0,0,0,878323,858812,0,1,0,1,221,432221431,113767671,29799737,6565615,1091872067,0,1,0,0,0,1,1,1,1,0,0,2,0
554461966,FIELD,221,552,7570308,221,219,1,0,0,0,879695,858812,0,1,0,1,221,433123975,113767671,29799737,6580334,1091872067,0,1,0,0,0,1,1,1,1,0,0,2,0
555464873,FIELD,221,553,7582468,221,219,1,1,0,0,881200,858812,0,1,0,1,221,434114722,113767671,29799737,6595594,1091872067,0,1,0,0,0,1,1,1,1,0,0,2,0
555464874,SELECT,219,554,7582468,219,222,0,0,0,0,881200,858812,0,1,1,1,221,434114723,113767671,29799737,6595594,1125426435,0,1,0,0,0,1,1,1,2,0,0,2,0
555548766,PUBLISH,219,554,7583124,219,222,0,0,0,0,881326,858812,0,1,1,1,222,434197959,113767671,29799737,6595594,1125426435,0,1,0,0,0,1,1,1,2,0,0,2,0
555551644,READY,223,554,7583124,219,222,0,0,0,0,881330,858812,0,1,1,1,222,434200837,113767671,29799737,6595594,1125426435,0,1,0,0,0,1,1,1,2,0,0,2,0
555551647,START,224,554,7583126,219,223,1,0,0,0,881330,858812,0,1,1,1,222,434200838,113767672,29799737,6595594,1073742409,1,1,0,0,0,1,1,1,2,0,0,2,0
556463966,FIELD,219,554,7596320,219,223,1,0,0,0,882698,858812,0,1,1,1,222,435099962,113767672,29799737,6610246,1073742925,0,1,0,0,0,1,1,1,2,0,0,2,0
557466873,FIELD,219,555,7607032,219,223,1,0,0,0,884203,858812,0,1,1,1,222,436092157,113767672,29799737,6624379,1073742925,0,1,0,0,0,1,1,1,2,0,0,2,0
557632219,READY,224,556,7609288,219,223,1,0,0,0,884451,858812,0,1,1,1,222,436255247,113767672,29799737,6626275,1073742925,0,1,0,0,0,1,1,1,2,0,0,2,0
557632221,START,225,556,7609290,219,223,1,0,0,0,884451,858812,0,1,1,1,222,436255248,113767672,29799737,6626275,1073742937,1,1,0,0,0,1,1,1,2,0,0,2,0
558465966,FIELD,219,556,7630600,219,223,1,1,0,0,885701,858812,0,1,1,1,222,437067682,113767672,29799737,6635059,1073744987,0,1,0,0,0,1,1,1,2,0,0,2,0
558465967,SELECT,223,557,7630600,223,224,1,0,0,0,885701,858812,0,0,0,1,222,437067683,113767672,29799737,6635059,1073745267,0,1,0,0,0,1,1,1,2,0,0,2,0
558553673,PUBLISH,223,557,7632132,223,224,1,0,0,0,885833,858812,0,0,0,1,223,437153857,113767672,29799737,6635414,1073745267,0,1,0,0,0,1,1,1,2,0,0,2,0
559468873,FIELD,223,557,7650764,223,224,1,0,0,0,887206,858812,0,0,0,1,223,438050425,113767672,29799737,6646273,1073745267,0,1,0,0,0,1,1,1,2,0,0,2,0
560453520,READY,225,558,7674017,223,224,1,0,0,0,888683,858812,0,0,0,1,223,439011820,113767672,29799737,6658641,1073745267,1,1,0,0,0,1,1,2,2,0,0,2,0
560467966,FIELD,223,558,7674017,223,224,1,1,0,0,888704,858812,0,0,0,1,223,439011820,113782117,29799737,6658641,1140856179,1,1,0,0,0,1,1,2,2,1,0,2,0
560467967,START,226,559,7674018,224,222,1,0,0,0,888704,858812,0,0,1,1,223,439011820,113782118,29799737,6658641,1140856131,1,1,0,0,0,1,1,2,2,1,0,2,0
560467967,SELECT,224,559,7674018,224,222,1,0,0,0,888704,858812,0,0,1,1,223,439011820,113782118,29799737,6658641,1140856131,1,1,0,0,0,1,1,2,2,1,0,2,0
560555673,PUBLISH,224,559,7675288,224,222,1,0,0,0,888836,858812,0,0,1,1,224,439098255,113782118,29799737,6658641,1091872067,0,1,0,0,0,1,1,2,2,1,0,2,0
561470873,FIELD,224,559,7687620,224,222,1,0,0,0,890209,858812,0,0,1,1,224,440001123,113782118,29799737,6673170,1091872067,0,1,0,0,0,1,1,2,2,1,0,2,0
562469966,FIELD,224,560,7699904,224,222,1,0,0,0,891707,858812,0,0,1,1,224,440987932,113782118,29799737,6688788,1091872067,0,1,0,0,0,1,1,2,2,1,0,2,0
562532045,READY,226,561,7699904,224,222,1,0,0,0,891801,858812,0,0,1,1,224,441050011,113782118,29799737,6688788,1091872067,0,1,0,0,0,1,1,2,2,1,0,2,0
563472873,FIELD,224,561,7699905,224,222,1,1,0,0,893212,858812,0,0,1,1,224,441050012,114722944,29799737,6688788,1091904835,1,1,0,0,0,1,1,2,2,1,0,2,0
563472874,SELECT,222,562,7699905,222,225,0,0,0,0,893212,858812,0,1,0,1,224,441050012,114722945,29799737,6688788,1125459203,1,1,0,0,0,1,1,2,0,1,0,2,0
563472875,START,227,562,7699906,222,226,1,0,0,0,893212,858812,0,1,0,1,225,441050012,114722946,29799737,6688788,1073742409,1,0,0,0,0,1,1,2,0,1,0,2,0
563556766,PUBLISH,222,562,7701164,222,226,1,0,0,0,893338,858812,0,1,0,1,225,441132644,114722946,29799737,6688788,1073742925,0,1,0,0,0,1,1,2,0,1,0,2,0
564471966,FIELD,222,562,7713304,222,226,1,0,0,0,894710,858812,0,1,0,1,225,442035704,114722946,29799737,6703836,1073742925,0,1,0,0,0,1,1,2,0,1,0,2,0
565474873,FIELD,222,563,7725326,222,226,1,1,0,0,896215,858812,0,1,0,1,225,443026589,114722946,29799737,6719374,1073742925,0,1,0,0,0,1,1,2,0,1,0,2,0
565474874,SELECT,226,564,7725326,226,225,0,0,0,0,896215,858812,0,1,1,1,225,443026590,114722946,29799737,6719374,1073743205,0,1,0,0,0,1,1,2,0,1,0,2,0
565548270,READY,227,564,7725372,226,225,0,0,0,0,896325,858812,0,1,1,0,226,443099940,114722946,29799737,6719743,1073743205,0,1,0,0,0,1,1,2,0,1,0,2,0
565548432,START,228,564,7725534,226,227,1,0,0,0,896325,858812,0,1,1,0,226,443099941,114722946,29799737,6719743,1073743217,1,1,0,0,0,1,1,2,0,1,0,2,0
565558766,PUBLISH,226,564,7725739,226,227,1,0,0,0,896341,858812,0,1,1,1,226,443110070,114722946,29799737,6719743,1073745267,1,1,0,0,0,1,1,2,0,1,0,2,0
566473966,FIELD,226,564,7763086,226,227,1,0,0,0,897713,858812,0,1,1,1,226,443987922,114722946,29799737,6734664,1073745267,0,1,0,0,0,1,1,2,0,1,0,2,0
567476873,FIELD,226,565,7803824,226,227,1,0,0,0,899218,858812,0,1,1,1,226,444950091,114722946,29799737,6748146,1073745267,0,1,0,0,0,1,1,2,0,1,0,2,0
568091272,PTS,20,566,7828349,226,227,1,0,0,0,900139,858812,0,1,1,1,226,445539966,114722946,29799737,6756407,1073745267,1,1,0,0,0,1,1,2,0,1,0,2,0
568104927,START,229,566,7828818,226,227,1,0,0,0,900160,858812,0,1,1,1,226,445553152,114722946,29799737,6756754,1073745267,1,1,0,0,0,1,1,2,0,1,0,2,0
568104928,READY,228,566,7828818,226,227,1,0,0,0,900160,858812,0,1,1,1,226,445553152,114722946,29799737,6756754,1073745267,1,1,0,0,0,1,1,0,0,1,0,2,0
568475966,FIELD,226,566,7828818,226,227,1,1,0,0,900716,858812,0,1,1,1,226,445553152,115093984,29799737,6756754,1140856179,1,1,0,0,0,1,1,0,0,2,0,2,0
568475967,SELECT,227,567,7828818,227,225,1,0,0,0,900716,858812,0,0,0,1,226,445553152,115093985,29799737,6756754,1140856131,1,1,0,0,0,1,1,0,0,2,0,2,0
568563673,PUBLISH,227,567,7830148,227,225,1,0,0,0,900848,858812,0,0,0,1,227,445639527,115093986,29799737,6756754,1091872067,0,1,0,0,0,1,1,0,0,2,0,2,0
569478873,FIELD,227,567,7844584,227,225,1,0,0,0,902221,858812,0,0,0,1,227,446540291,115093986,29799737,6772919,1091872067,0,1,0,0,0,1,1,0,0,2,0,2,0
570477967,FIELD,227,568,7857228,227,225,1,1,0,0,903719,858812,0,0,0,1,227,447526741,115093986,29799737,6789571,1091872067,0,1,0,0,0,1,1,0,0,2,0,2,0
570477968,SELECT,225,569,7857228,225,228,0,0,0,0,903719,858812,0,0,1,1,227,447526742,115093986,29799737,6789571,1125426435,0,1,0,0,0,1,1,0,1,2,0,2,0
570479282,READY,229,569,7857228,225,228,0,0,0,0,903721,858812,0,0,1,0,228,447528056,115093986,29799737,6789934,1125426435,0,1,0,0,0,1,1,0,1,2,0,2,0
570479285,START,230,569,7857230,225,229,1,0,1,0,903721,858812,0,0,1,0,228,447528057,115093987,29799737,6789934,1073742409,1,1,0,0,0,1,1,0,1,2,0,2,0
570565673,PUBLISH,225,569,7858424,225,229,1,0,1,0,903851,858812,0,0,1,1,228,447613250,115093987,29799737,6789934,1073742925,0,1,0,0,0,1,1,0,1,2,0,2,0
571480873,FIELD,225,569,7872420,225,229,1,0,1,1,905224,858812,0,0,1,1,228,448514454,115093987,29799737,6806171,1073742925,0,1,0,0,0,1,1,0,1,2,0,2,0
572403920,READY,230,570,7884428,225,229,1,0,1,1,906608,858812,0,0,1,1,228,449425493,115093987,29799737,6821264,1073742925,0,1,0,0,0,1,1,0,1,2,0,2,0
572403922,START,231,570,7884430,225,229,1,0,1,1,906608,858812,0,0,1,1,228,449425494,115093987,29799737,6821264,1073742937,1,1,0,0,0,1,1,0,1,2,0,2,0
572479967,FIELD,225,570,7886996,225,229,1,0,1,1,906722,858812,0,0,1,1,228,449498972,115093987,29799737,6822419,1073744987,0,1,0,0,0,1,1,0,1,2,0,2,0
573482873,FIELD,225,571,7912006,225,229,1,1,1,1,908227,858812,0,0,1,1,228,450476868,115093987,29799737,6832345,1073744987,0,1,0,0,0,1,1,0,1,2,0,2,0
573482874,SELECT,229,572,7912006,229,230,1,0,0,0,908227,903857,1,1,0,1,228,450476869,115093987,29799737,6832345,1073745267,0,1,0,0,0,1,1,0,1,2,0,2,0
573566766,PUBLISH,229,572,7913020,229,230,1,0,0,0,908353,903857,1,1,0,1,229,450559747,115093987,29799737,6832577,1073745267,0,1,0,0,0,1,1,0,1,2,0,2,0
574481967,FIELD,229,572,7934144,229,230,1,0,0,0,909725,903857,1,1,0,1,229,451453824,115093987,29799737,6845556,1073745267,0,1,0,0,0,1,1,0,1,2,0,2,0
575131099,READY,231,573,7948817,229,230,1,0,0,0,910699,903857,1,1,0,1,229,452088284,115093987,29799737,6853301,1073745267,1,1,0,0,0,1,1,1,1,2,0,2,0
575484873,FIELD,229,573,7948817,229,230,1,1,0,0,911230,903857,1,1,0,1,229,452088284,115447760,29799737,6853301,1140856179,1,1,0,0,0,1,1,1,1,0,0,2,0
575484874,START,232,574,7948818,230,228,1,0,0,0,911230,903857,0,1,1,1,229,452088284,115447761,29799737,6853301,1140856131,1,1,0,0,0,1,1,1,1,0,0,2,0
575484874,SELECT,230,574,7948818,230,228,1,0,0,0,911230,903857,0,1,1,1,229,452088284,115447761,29799737,6853301,1140856131,1,1,0,0,0,1,1,1,1,0,0,2,0
575568766,PUBLISH,230,574,7950036,230,228,1,0,0,0,911356,903857,0,1,1,1,230,452170957,115447761,29799737,6853301,1091872067,0,1,0,0,0,1,1,1,1,0,0,2,0
576483967,FIELD,230,574,7963548,230,228,1,0,0,0,912728,903857,0,1,1,1,230,453072646,115447761,29799737,6869156,1091872067,0,1,0,0,0,1,1,1,1,0,0,2,0
577359611,READY,232,575,7974572,230,228,1,0,0,0,914042,903857,0,1,1,1,230,453937266,115447761,29799737,6884192,1091872067,0,1,0,0,0,1,1,1,1,0,0,2,0
577486873,FIELD,230,575,7974573,230,228,1,0,0,0,914233,903857,0,1,1,1,230,453937267,115575021,29799737,6884192,1091904835,1,1,0,0,0,1,1,1,1,0,0,2,0
578485967,FIELD,230,576,7974573,230,228,1,1,0,0,915731,903857,0,1,1,1,230,453937267,116574115,29799737,6884192,1091904835,1,1,0,0,0,1,1,1,1,0,0,2,0
578485968,SELECT,228,577,7974573,228,231,0,0,0,0,915731,858812,0,0,0,1,230,453937267,116574116,29799737,6884192,1125459203,1,1,0,0,0,1,1,1,2,0,0,2,0
578485969,START,233,577,7974574,228,232,1,0,0,0,915731,858812,0,0,0,1,231,453937267,116574117,29799737,6884192,1073742409,1,0,0,0,0,1,1,1,2,0,0,2,0
578573673,PUBLISH,228,577,7975941,228,232,1,0,0,0,915863,858812,0,0,0,1,231,454023604,116574117,29799737,6884192,1073742925,1,1,0,0,0,1,1,1,2,0,0,2,0
579488873,FIELD,228,577,7989740,228,232,1,0,0,0,917236,858812,0,0,0,1,231,454925004,116574117,29799737,6901206,1073742925,0,1,0,0,0,1,1,1,2,0,0,2,0
580368467,READY,233,578,8000608,228,232,1,0,0,0,918555,858812,0,0,0,1,231,455793730,116574117,29799737,6915438,1073742925,0,1,0,0,0,1,1,1,2,0,0,2,0
580368469,START,234,578,8000610,228,232,1,0,0,0,918555,858812,0,0,0,1,231,455793731,116574117,29799737,6915438,1073742937,1,1,0,0,0,1,1,1,2,0,0,2,0
580487967,FIELD,228,578,8003592,228,232,1,1,0,0,918734,858812,0,0,0,1,231,455910246,116574117,29799737,6916465,1073744987,0,1,0,0,0,1,1,1,2,0,0,2,0
580487968,SELECT,232,579,8003592,232,233,1,0,0,0,918734,903857,0,0,1,1,231,455910247,116574117,29799737,6916465,1073745267,0,1,0,0,0,1,1,1,2,0,0,2,0
580575673,PUBLISH,232,579,8005788,232,233,1,0,0,0,918866,903857,0,0,1,1,232,455995756,116574117,29799737,6916465,1073745267,0,1,0,0,0,1,1,1,2,0,0,2,0
581490873,FIELD,232,579,8029572,232,233,1,0,0,0,920239,903857,0,0,1,1,232,456887172,116574117,29799737,6927322,1073745267,0,1,0,0,0,1,1,1,2,0,0,2,0
582489967,FIELD,232,580,8050508,232,233,1,0,0,0,921737,903857,0,0,1,1,232,457865330,116574117,29799737,6938193,1073745267,0,1,0,0,0,1,1,1,2,0,0,2,0
583151496,READY,234,581,8065701,232,233,1,0,0,0,922730,903857,0,0,1,1,232,458511667,116574117,29799737,6946309,1073745267,1,1,0,0,0,1,1,2,2,0,0,2,0
583492873,FIELD,232,581,8065701,232,233,1,1,0,0,923242,903857,0,0,1,1,232,458511667,116915493,29799737,6946309,1140856179,1,1,0,0,0,1,1,2,2,1,0,2,0
583492874,START,235,582,8065702,233,231,1,0,0,0,923242,903857,0,1,0,1,232,458511667,116915494,29799737,6946309,1140856131,1,1,0,0,0,1,1,2,2,1,0,2,0
583492874,SELECT,233,582,8065702,233,231,1,0,0,0,923242,903857,0,1,0,1,232,458511667,116915494,29799737,6946309,1140856131,1,1,0,0,0,1,1,2,2,1,0,2,0
583576767,PUBLISH,233,582,8067120,233,231,1,0,0,0,923368,903857,0,1,0,1,233,458594141,116915494,29799737,6946309,1091872067,0,1,0,0,0,1,1,2,2,1,0,2,0
584491967,FIELD,233,582,8080480,233,231,1,0,0,0,924740,903857,0,1,0,1,233,459495981,116915494,29799737,6961732,1091872067,0,1,0,0,0,1,1,2,2,1,0,2,0
585408323,READY,235,583,8091492,233,231,1,0,0,0,926115,903857,0,1,0,1,233,460401325,116915494,29799737,6977755,1091872067,0,1,0,0,0,1,1,2,2,1,0,2,0
585494873,FIELD,233,583,8091493,233,231,1,1,0,0,926245,903857,0,1,0,1,233,460401326,117002042,29799737,6977755,1091904835,1,1,0,0,0,1,1,2,2,1,0,2,0
585494874,SELECT,231,584,8091493,231,234,0,0,0,0,926245,903857,0,1,1,1,233,460401326,117002043,29799737,6977755,1125459203,1,1,0,0,0,1,1,2,0,1,0,2,0
585494875,START,236,584,8091494,231,235,1,0,0,0,926245,903857,0,1,1,1,234,460401326,117002044,29799737,6977755,1073742409,1,0,0,0,0,1,1,2,0,1,0,2,0
585578767,PUBLISH,231,584,8092824,231,235,1,0,0,0,926371,903857,0,1,1,1,234,460483887,117002044,29799737,6977755,1073742925,0,1,0,0,0,1,1,2,0,1,0,2,0
586493967,FIELD,231,584,8105884,231,235,1,0,0,0,927743,903857,0,1,1,1,234,461386027,117002044,29799737,6994462,1073742925,0,1,0,0,0,1,1,2,0,1,0,2,0
587392212,READY,236,585,8117096,231,235,1,0,0,0,929091,903857,0,1,1,1,234,462273060,117002044,29799737,7009819,1073742925,0,1,0,0,0,1,1,2,0,1,0,2,0
587392214,START,237,585,8117098,231,235,1,0,0,0,929091,903857,0,1,1,1,234,462273061,117002044,29799737,7009819,1073742937,1,1,0,0,0,1,1,2,0,1,0,2,0
587496873,FIELD,231,585,8120008,231,235,1,0,0,0,929248,903857,0,1,1,1,234,462374809,117002044,29799737,7010907,1073744987,0,1,0,0,0,1,1,2,0,1,0,2,0
588495967,FIELD,231,586,8145112,231,235,1,1,0,0,930746,903857,0,1,1,1,234,463348799,117002044,29799737,7021744,1073744987,0,1,0,0,0,1,1,2,0,1,0,2,0
588495968,SELECT,235,587,8145112,235,236,1,0,0,0,930746,903857,0,0,0,1,234,463348800,117002044,29799737,7021744,1073745267,0,1,0,0,0,1,1,2,0,1,0,2,0
588583673,PUBLISH,235,587,8147440,235,236,1,0,0,0,930878,903857,0,0,0,1,235,463434177,117002044,29799737,7021744,1073745267,0,1,0,0,0,1,1,2,0,1,0,2,0
589498873,FIELD,235,587,8166492,235,236,1,0,0,0,932251,903857,0,0,0,1,235,464330325,117002044,29799737,7033870,1073745267,0,1,0,0,0,1,1,2,0,1,0,2,0
590075801,READY,237,588,8178885,235,236,1,0,0,0,933116,903857,0,0,0,1,235,464894861,117002044,29799737,7040629,1073745267,1,1,0,0,0,1,1,0,0,1,0,2,0
590497967,FIELD,235,588,8178885,235,236,1,1,0,0,933749,903857,0,0,0,1,235,464894861,117424209,29799737,7040629,1140856179,1,1,0,0,0,1,1,0,0,2,0,2,0
590497968,START,238,589,8178886,236,234,1,0,0,0,933749,903857,0,0,1,1,235,464894861,117424210,29799737,7040629,1140856131,1,1,0,0,0,1,1,0,0,2,0,2,0
590497968,SELECT,236,589,8178886,236,234,1,0,0,0,933749,903857,0,0,1,1,235,464894861,117424210,29799737,7040629,1140856131,1,1,0,0,0,1,1,0,0,2,0,2,0
590585673,PUBLISH,236,589,8180168,236,234,1,0,0,0,933881,903857,0,0,1,1,236,464981283,117424210,29799737,7040629,1091872067,0,1,0,0,0,1,1,0,0,2,0,2,0
591500873,FIELD,236,589,8195156,236,234,1,0,0,0,935254,903857,0,0,1,1,236,465881495,117424210,29799737,7056292,1091872067,0,1,0,0,0,1,1,0,0,2,0,2,0
592381626,READY,238,590,8205288,236,234,1,0,0,0,936575,903857,0,0,1,1,236,466752116,117424210,29799737,7071545,1091872067,0,1,0,0,0,1,1,0,0,2,0,2,0
592499967,FIELD,236,590,8205289,236,234,1,0,0,0,936752,903857,0,0,1,1,236,466752117,117542549,29799737,7071545,1091904835,1,1,0,0,0,1,1,0,0,2,0,2,0
593502873,FIELD,236,591,8205289,236,234,1,1,0,0,938257,903857,0,0,1,1,236,466752117,118545455,29799737,7071545,1091904835,1,1,0,0,0,1,1,0,0,2,0,2,0
593502874,SELECT,234,592,8205289,234,237,0,0,0,0,938257,903857,0,1,0,1,236,466752117,118545456,29799737,7071545,1125459203,1,1,0,0,0,1,1,0,1,2,0,2,0
593502875,START,239,592,8205290,234,238,1,0,0,0,938257,903857,0,1,0,1,237,466752117,118545457,29799737,7071545,1073742409,1,0,0,0,0,1,1,0,1,2,0,2,0
593586767,PUBLISH,234,592,8206544,234,238,1,0,0,0,938383,903857,0,1,0,1,237,466834754,118545457,29799737,7071545,1073742925,0,1,0,0,0,1,1,0,1,2,0,2,0
594501967,FIELD,234,592,8220488,234,238,1,0,0,0,939755,903857,0,1,0,1,237,467736010,118545457,29799737,7087144,1073742925,0,1,0,0,0,1,1,0,1,2,0,2,0
595367338,READY,239,593,8231016,234,238,1,0,0,0,941054,903857,0,1,0,1,237,468590853,118545457,29799737,7100649,1073742925,0,1,0,0,0,1,1,0,1,2,0,2,0
595367500,START,240,593,8231178,234,238,1,0,0,0,941054,903857,0,1,0,1,237,468590854,118545457,29799737,7100649,1073742937,1,1,0,0,0,1,1,0,1,2,0,2,0
595504873,FIELD,234,593,8234854,234,238,1,1,0,0,941260,903857,0,1,0,1,237,468724550,118545457,29799737,7102852,1073744987,0,1,0,0,0,1,1,0,1,2,0,2,0
595504874,SELECT,238,594,8234854,238,239,1,0,0,0,941260,903857,0,1,1,1,237,468724551,118545457,29799737,7102852,1073745267,0,1,0,0,0,1,1,0,1,2,0,2,0
595588767,PUBLISH,238,594,8237496,238,239,1,0,0,0,941386,903857,0,1,1,1,238,468805802,118545457,29799737,7102987,1073745267,0,1,0,0,0,1,1,0,1,2,0,2,0
596503967,FIELD,238,594,8276668,238,239,1,0,0,0,942758,903857,0,1,1,1,238,469681830,118545457,29799737,7116597,1073745267,0,1,0,0,0,1,1,0,1,2,0,2,0
597506874,FIELD,238,595,8316833,238,239,1,0,0,0,944263,903857,0,1,1,1,238,470644572,118545457,29799737,7132312,1073745267,0,1,0,0,0,1,1,0,1,2,0,2,0
597859828,PTS,21,596,8330143,238,239,1,0,0,0,944792,903857,0,1,1,1,238,470984217,118545457,29799737,7136767,1073745267,1,1,0,0,0,1,1,0,1,2,0,2,0
597897322,START,241,596,8331498,238,239,1,0,0,0,944848,903857,0,1,1,1,238,471020356,118545457,29799737,7137397,1073745267,1,1,0,0,0,1,1,0,1,2,0,2,0
597897323,READY,240,596,8331498,238,239,1,0,0,0,944848,903857,0,1,1,1,238,471020356,118545457,29799737,7137397,1073745267,1,1,0,0,0,1,1,1,1,2,0,2,0
598505967,FIELD,238,596,8331498,238,239,1,1,0,0,945761,903857,0,1,1,1,238,471020356,119154101,29799737,7137397,1140856179,1,1,0,0,0,1,1,1,1,0,0,2,0
598505968,SELECT,239,597,8331498,239,237,1,0,0,0,945761,903857,0,0,0,1,238,471020356,119154102,29799737,7137397,1140856131,1,1,0,0,0,1,1,1,1,0,0,2,0
598593673,PUBLISH,239,597,8333112,239,237,1,0,0,0,945893,903857,0,0,0,1,239,471106446,119154103,29799737,7137397,1091872067,0,1,0,0,0,1,1,1,1,0,0,2,0
599508874,FIELD,239,597,8348616,239,237,1,0,0,0,947266,903857,0,0,0,1,239,472006143,119154103,29799737,7152244,1091872067,0,1,0,0,0,1,1,1,1,0,0,2,0
600468632,READY,241,598,8360240,239,237,1,0,0,0,948705,903857,0,0,0,1,239,472954277,119154103,29799737,7167889,1091872067,0,1,0,0,0,1,1,1,1,0,0,2,0
600507967,FIELD,239,598,8360241,239,237,1,1,0,0,948764,903857,0,0,0,1,239,472954278,119193436,29799737,7167889,1091904835,1,1,0,0,0,1,1,1,1,0,0,2,0
600507968,SELECT,237,599,8360241,237,240,0,0,0,0,948764,903857,0,0,1,1,239,472954278,119193437,29799737,7167889,1125459203,1,1,0,0,0,1,1,1,2,0,0,2,0
600507969,START,242,599,8360242,237,241,1,0,1,0,948764,903857,0,0,1,1,240,472954278,119193438,29799737,7167889,1073742409,1,0,0,0,0,1,1,1,2,0,0,2,0
600595673,PUBLISH,237,599,8361968,237,241,1,0,1,0,948896,903857,0,0,1,1,240,473040255,119193438,29799737,7167889,1073742925,0,1,0,0,0,1,1,1,2,0,0,2,0
601510874,FIELD,237,599,8377376,237,241,1,0,1,1,950269,903857,0,0,1,1,240,473940048,119193438,29799737,7182539,1073742925,0,1,0,0,0,1,1,1,2,0,0,2,0
602409060,READY,242,600,8388196,237,241,1,0,1,1,951616,903857,0,0,1,1,240,474827414,119193438,29799737,7197851,1073742925,0,1,0,0,0,1,1,1,2,0,0,2,0
602409062,START,243,600,8388198,237,241,1,0,1,1,951616,903857,0,0,1,1,240,474827415,119193438,29799737,7197851,1073742937,1,1,0,0,0,1,1,1,2,0,0,2,0
602509967,FIELD,237,600,8391500,237,241,1,0,1,1,951767,903857,0,0,1,1,240,474925017,119193438,29799737,7198975,1073744987,0,1,0,0,0,1,1,1,2,0,0,2,0
603512874,FIELD,237,601,8417876,237,241,1,1,1,1,953272,903857,0,0,1,1,240,475901548,119193438,29799737,7209752,1073744987,0,1,0,0,0,1,1,1,2,0,0,2,0
603512875,SELECT,241,602,8417876,241,242,1,0,0,0,953272,948902,1,1,0,1,240,475901549,119193438,29799737,7209752,1073745267,0,1,0,0,0,1,1,1,2,0,0,2,0
603596767,PUBLISH,241,602,8420324,241,242,1,0,0,0,953398,948902,1,1,0,1,241,475982993,119193438,29799737,7209752,1073745267,0,1,0,0,0,1,1,1,2,0,0,2,0
604511967,FIELD,241,602,8440714,241,242,1,0,0,0,954770,948902,1,1,0,1,241,476877803,119193438,29799737,7220979,1073745267,0,1,0,0,0,1,1,1,2,0,0,2,0
605021410,READY,243,603,8450909,241,242,1,0,0,0,955535,948902,1,1,0,1,241,477377052,119193438,29799737,7226443,1073745267,1,1,0,0,0,1,1,2,2,0,0,2,0
605514874,FIELD,241,603,8450909,241,242,1,1,0,0,956275,948902,1,1,0,1,241,477377052,119686901,29799737,7226443,1140856179,1,1,0,0,0,1,1,2,2,1,0,2,0
605514875,START,244,604,8450910,242,240,1,0,0,0,956275,948902,0,1,1,1,241,477377052,119686902,29799737,7226443,1140856131,1,1,0,0,0,1,1,2,2,1,0,2,0
605514875,SELECT,242,604,8450910,242,240,1,0,0,0,956275,948902,0,1,1,1,241,477377052,119686902,29799737,7226443,1140856131,1,1,0,0,0,1,1,2,2,1,0,2,0
605598767,PUBLISH,242,604,8452552,242,240,1,0,0,0,956401,948902,0,1,1,1,242,477459301,119686902,29799737,7226443,1091872067,0,1,0,0,0,1,1,2,2,1,0,2,0
606513967,FIELD,242,604,8467672,242,240,1,0,0,0,957773,948902,0,1,1,1,242,478359381,119686902,29799737,7242606,1091872067,0,1,0,0,0,1,1,2,2,1,0,2,0
607320277,READY,244,605,8477664,242,240,1,0,0,0,958983,948902,0,1,1,1,242,479155699,119686902,29799737,7256967,1091872067,0,1,0,0,0,1,1,2,2,1,0,2,0
607516874,FIELD,242,605,8477665,242,240,1,0,0,0,959278,948902,0,1,1,1,242,479155700,119883497,29799737,7256967,1091904835,1,1,0,0,0,1,1,2,2,1,0,2,0
608515967,FIELD,242,606,8477665,242,240,1,1,0,0,960776,948902,0,1,1,1,242,479155700,120882590,29799737,7256967,1091904835,1,1,0,0,0,1,1,2,2,1,0,2,0
608515968,SELECT,240,607,8477665,240,243,0,0,0,0,960776,903857,0,0,0,1,242,479155700,120882591,29799737,7256967,1125459203,1,1,0,0,0,1,1,2,0,1,0,2,0
608515969,START,245,607,8477666,240,244,1,0,0,0,960776,903857,0,0,0,1,243,479155700,120882592,29799737,7256967,1073742409,1,0,0,0,0,1,1,2,0,1,0,2,0
608603674,PUBLISH,240,607,8479396,240,244,1,0,0,0,960908,903857,0,0,0,1,243,479241675,120882592,29799737,7256967,1073742925,1,1,0,0,0,1,1,2,0,1,0,2,0
609518874,FIELD,240,607,8494336,240,244,1,0,0,0,962281,903857,0,0,0,1,243,480141934,120882592,29799737,7272949,1073742925,0,1,0,0,0,1,1,2,0,1,0,2,0
610313332,READY,245,608,8504140,240,244,1,0,0,0,963472,903857,0,0,0,1,243,480926588,120882592,29799737,7286552,1073742925,0,1,0,0,0,1,1,2,0,1,0,2,0
610313334,START,246,608,8504142,240,244,1,0,0,0,963472,903857,0,0,0,1,243,480926589,120882592,29799737,7286552,1073742937,1,1,0,0,0,1,1,2,0,1,0,2,0
610517967,FIELD,240,608,8509656,240,244,1,1,0,0,963779,903857,0,0,0,1,243,481125707,120882592,29799737,7288696,1073744987,0,1,0,0,0,1,1,2,0,1,0,2,0
610517968,SELECT,244,609,8509656,244,245,1,0,0,0,963779,948902,0,0,1,1,243,481125708,120882592,29799737,7288696,1073745267,0,1,0,0,0,1,1,2,0,1,0,2,0
610605674,PUBLISH,244,609,8511528,244,245,1,0,0,0,963911,948902,0,0,1,1,244,481211542,120882592,29799737,7288696,1073745267,0,1,0,0,0,1,1,2,0,1,0,2,0
611520874,FIELD,244,609,8536208,244,245,1,0,0,0,965284,948902,0,0,1,1,244,482102062,120882592,29799737,7300484,1073745267,0,1,0,0,0,1,1,2,0,1,0,2,0
612519967,FIELD,244,610,8558752,244,245,1,0,0,0,966782,948902,0,0,1,1,244,483078611,120882592,29799737,7312066,1073745267,0,1,0,0,0,1,1,2,0,1,0,2,0
612958602,READY,246,611,8567529,244,245,1,0,0,0,967440,948902,0,0,1,1,244,483508470,120882592,29799737,7317570,1073745267,1,1,0,0,0,1,1,0,0,1,0,2,0
613522874,FIELD,244,611,8567529,244,245,1,1,0,0,968287,948902,0,0,1,1,244,483508470,121446863,29799737,7317570,1140856179,1,1,0,0,0,1,1,0,0,2,0,2,0
613522875,START,247,612,8567530,245,243,1,0,0,0,968287,948902,0,1,0,1,244,483508470,121446864,29799737,7317570,1140856131,1,1,0,0,0,1,1,0,0,2,0,2,0
613522875,SELECT,245,612,8567530,245,243,1,0,0,0,968287,948902,0,1,0,1,244,483508470,121446864,29799737,7317570,1140856131,1,1,0,0,0,1,1,0,0,2,0,2,0
613606767,PUBLISH,245,612,8569416,245,243,1,0,0,0,968413,948902,0,1,0,1,245,483590475,121446864,29799737,7317570,1091872067,0,1,0,0,0,1,1,0,0,2,0,2,0
614521967,FIELD,245,612,8584732,245,243,1,0,0,0,969785,948902,0,1,0,1,245,484490359,121446864,29799737,7333466,1091872067,0,1,0,0,0,1,1,0,0,2,0,2,0
615349609,READY,247,613,8594156,245,243,1,0,0,0,971027,948902,0,1,0,1,245,485308577,121446864,29799737,7348445,1091872067,0,1,0,0,0,1,1,0,0,2,0,2,0
615524874,FIELD,245,613,8594157,245,243,1,1,0,0,971290,948902,0,1,0,1,245,485308578,121622127,29799737,7348445,1091904835,1,1,0,0,0,1,1,0,0,2,0,2,0
615524875,SELECT,243,614,8594157,243,246,0,0,0,0,971290,948902,0,1,1,1,245,485308578,121622128,29799737,7348445,1125459203,1,1,0,0,0,1,1,0,1,2,0,2,0
615524876,START,248,614,8594158,243,247,1,0,0,0,971290,948902,0,1,1,1,246,485308578,121622129,29799737,7348445,1073742409,1,0,0,0,0,1,1,0,1,2,0,2,0
615608767,PUBLISH,243,614,8595816,243,247,1,0,0,0,971416,948902,0,1,1,1,246,485390810,121622129,29799737,7348445,1073742925,0,1,0,0,0,1,1,0,1,2,0,2,0
616523967,FIELD,243,614,8610876,243,247,1,0,0,0,972788,948902,0,1,1,1,246,486290950,121622129,29799737,7364288,1073742925,0,1,0,0,0,1,1,0,1,2,0,2,0
617337505,READY,248,615,8620736,243,247,1,0,0,0,974009,948902,0,1,1,1,246,487094628,121622129,29799737,7378294,1073742925,0,1,0,0,0,1,1,0,1,2,0,2,0
617337507,START,249,615,8620738,243,247,1,0,0,0,974009,948902,0,1,1,1,246,487094629,121622129,29799737,7378294,1073742937,1,1,0,0,0,1,1,0,1,2,0,2,0
617526874,FIELD,243,615,8626032,243,247,1,0,0,0,974293,948902,0,1,1,1,246,487278701,121622129,29799737,7380573,1073744987,0,1,0,0,0,1,1,0,1,2,0,2,0
618525967,FIELD,243,616,8651056,243,247,1,1,0,0,975791,948902,0,1,1,1,246,488252770,121622129,29799737,7392385,1073744987,0,1,0,0,0,1,1,0,1,2,0,2,0
618525968,SELECT,247,617,8651056,247,248,1,0,0,0,975791,948902,0,0,0,1,246,488252771,121622129,29799737,7392385,1073745267,0,1,0,0,0,1,1,0,1,2,0,2,0
618613674,PUBLISH,247,617,8653584,247,248,1,0,0,0,975923,948902,0,0,0,1,247,488337949,121622129,29799737,7392385,1073745267,0,1,0,0,0,1,1,0,1,2,0,2,0
619528874,FIELD,247,617,8674270,247,248,1,0,0,0,977296,948902,0,0,0,1,247,489232463,121622129,29799737,7403244,1073745267,0,1,0,0,0,1,1,0,1,2,0,2,0
619942494,READY,249,618,8681093,247,248,1,0,0,0,977916,948902,0,0,0,1,247,489639261,121622129,29799737,7407885,1073745267,1,1,0,0,0,1,1,1,1,2,0,2,0
620527967,FIELD,247,618,8681093,247,248,1,1,0,0,978794,948902,0,0,0,1,247,489639261,122207601,29799737,7407885,1140856179,1,1,0,0,0,1,1,1,1,0,0,2,0
620527968,START,250,619,8681094,248,246,1,0,0,0,978794,948902,0,0,1,1,247,489639261,122207602,29799737,7407885,1140856131,1,1,0,0,0,1,1,1,1,0,0,2,0
620527968,SELECT,248,619,8681094,248,246,1,0,0,0,978794,948902,0,0,1,1,247,489639261,122207602,29799737,7407885,1140856131,1,1,0,0,0,1,1,1,1,0,0,2,0
620615674,PUBLISH,248,619,8682856,248,246,1,0,0,0,978926,948902,0,0,1,1,248,489725204,122207602,29799737,7407885,1091872067,0,1,0,0,0,1,1,1,1,0,0,2,0
621530874,FIELD,248,619,8697660,248,246,1,0,0,0,980299,948902,0,0,1,1,248,490625600,122207602,29799737,7424323,1091872067,0,1,0,0,0,1,1,1,1,0,0,2,0
622319422,READY,250,620,8707100,248,246,1,0,0,0,981482,948902,0,0,1,1,248,491404708,122207602,29799737,7438556,1091872067,0,1,0,0,0,1,1,1,1,0,0,2,0
622529967,FIELD,248,620,8707101,248,246,1,0,0,0,981797,948902,0,0,1,1,248,491404709,122418145,29799737,7438556,1091904835,1,1,0,0,0,1,1,1,1,0,0,2,0
623532874,FIELD,248,621,8707101,248,246,1,1,0,0,983302,948902,0,0,1,1,248,491404709,123421052,29799737,7438556,1091904835,1,1,0,0,0,1,1,1,1,0,0,2,0
623532875,SELECT,246,622,8707101,246,249,0,0,0,0,983302,948902,0,1,0,1,248,491404709,123421053,29799737,7438556,1125459203,1,1,0,0,0,1,1,1,2,0,0,2,0
623532876,START,251,622,8707102,246,250,1,0,0,0,983302,948902,0,1,0,1,249,491404709,123421054,29799737,7438556,1073742409,1,0,0,0,0,1,1,1,2,0,0,2,0
623616767,PUBLISH,246,622,8708852,246,250,1,0,0,0,983428,948902,0,1,0,1,249,491486849,123421054,29799737,7438556,1073742925,0,1,0,0,0,1,1,1,2,0,0,2,0
624531967,FIELD,246,622,8723676,246,250,1,0,0,0,984800,948902,0,1,0,1,249,492387225,123421054,29799737,7454153,1073742925,0,1,0,0,0,1,1,1,2,0,0,2,0
625325693,READY,251,623,8733344,246,250,1,0,0,0,985991,948902,0,1,0,1,249,493171283,123421054,29799737,7468111,1073742925,0,1,0,0,0,1,1,1,2,0,0,2,0
625325855,START,252,623,8733506,246,250,1,0,0,0,985991,948902,0,1,0,1,249,493171284,123421054,29799737,7468111,1073742937,1,1,0,0,0,1,1,1,2,0,0,2,0
625534874,FIELD,246,623,8740089,246,250,1,1,0,0,986305,948902,0,1,0,1,249,493373719,123421054,29799737,7472184,1073744987,0,1,0,0,0,1,1,1,2,0,0,2,0
625534875,SELECT,250,624,8740089,250,251,1,0,0,0,986305,948902,0,1,1,1,249,493373720,123421054,29799737,7472184,1073745267,0,1,0,0,0,1,1,1,2,0,0,2,0
625618767,PUBLISH,250,624,8742883,250,251,1,0,0,0,986431,948902,0,1,1,1,250,493454818,123421054,29799737,7472430,1073745267,0,1,0,0,0,1,1,1,2,0,0,2,0
626533967,FIELD,250,624,8780647,250,251,1,0,0,0,987803,948902,0,1,1,1,250,494332254,123421054,29799737,7486966,1073745267,0,1,0,0,0,1,1,1,2,0,0,2,0
627536874,FIELD,250,625,8820254,250,251,1,0,0,0,989308,948902,0,1,1,1,250,495295554,123421054,29799737,7503451,1073745267,0,1,0,0,0,1,1,1,2,0,0,2,0
627762508,PTS,22,626,8827871,250,251,1,0,0,0,989646,948902,0,1,1,1,250,495513572,123421054,29799737,7505467,1073745267,1,1,0,0,0,1,1,1,2,0,0,2,0
627818402,START,253,626,8829686,250,251,1,0,0,0,989730,948902,0,1,1,1,250,495567651,123421054,29799737,7507004,1073745267,1,1,0,0,0,1,1,1,2,0,0,2,0
627818403,READY,252,626,8829686,250,251,1,0,0,0,989730,948902,0,1,1,1,250,495567651,123421054,29799737,7507004,1073745267,1,1,0,0,0,1,1,2,2,0,0,2,0
628535967,FIELD,250,626,8829686,250,251,1,1,0,0,990806,948902,0,1,1,1,250,495567651,124138618,29799737,7507004,1140856179,1,1,0,0,0,1,1,2,2,1,0,2,0
628535968,SELECT,251,627,8829686,251,249,1,0,0,0,990806,948902,0,0,0,1,250,495567651,124138619,29799737,7507004,1140856131,1,1,0,0,0,1,1,2,2,1,0,2,0
628623674,PUBLISH,251,627,8831460,251,249,1,0,0,0,990938,948902,0,0,0,1,251,495653582,124138620,29799737,7507004,1091872067,0,1,0,0,0,1,1,2,2,1,0,2,0
629538874,FIELD,251,627,8846808,251,249,1,0,0,0,992311,948902,0,0,0,1,251,496553434,124138620,29799737,7521846,1091872067,0,1,0,0,0,1,1,2,2,1,0,2,0
630408059,READY,253,628,8858360,251,249,1,0,0,0,993615,948902,0,0,0,1,251,497411067,124138620,29799737,7535148,1091872067,0,1,0,0,0,1,1,2,2,1,0,2,0
630537967,FIELD,251,628,8858361,251,249,1,1,0,0,993809,948902,0,0,0,1,251,497411068,124268526,29799737,7535148,1091904835,1,1,0,0,0,1,1,2,2,1,0,2,0
630537968,SELECT,249,629,8858361,249,252,0,0,0,0,993809,948902,0,0,1,1,251,497411068,124268527,29799737,7535148,1125459203,1,1,0,0,0,1,1,2,0,1,0,2,0
630537969,START,254,629,8858362,249,253,1,0,1,0,993809,948902,0,0,1,1,252,497411068,124268528,29799737,7535148,1073742409,1,0,0,0,0,1,1,2,0,1,0,2,0
630625674,PUBLISH,249,629,8859964,249,253,1,0,1,0,993941,948902,0,0,1,1,252,497497170,124268528,29799737,7535148,1073742925,0,1,0,0,0,1,1,2,0,1,0,2,0
631540874,FIELD,249,629,8875904,249,253,1,0,1,1,995314,948902,0,0,1,1,252,498396430,124268528,29799737,7550671,1073742925,0,1,0,0,0,1,1,2,0,1,0,2,0
632331662,READY,254,630,8886460,249,253,1,0,1,1,996500,948902,0,0,1,1,252,499176662,124268528,29799737,7563712,1073742925,0,1,0,0,0,1,1,2,0,1,0,2,0
632331664,START,255,630,8886462,249,253,1,0,1,1,996500,948902,0,0,1,1,252,499176663,124268528,29799737,7563712,1073742937,1,1,0,0,0,1,1,2,0,1,0,2,0
632539967,FIELD,249,630,8892004,249,253,1,0,1,1,996812,948902,0,0,1,1,252,499379423,124268528,29799737,7565969,1073744987,0,1,0,0,0,1,1,2,0,1,0,2,0
633542874,FIELD,249,631,8919372,249,253,1,1,1,1,998317,948902,0,0,1,1,252,500354962,124268528,29799737,7578592,1073744987,0,1,0,0,0,1,1,2,0,1,0,2,0
633542875,SELECT,253,632,8919372,253,254,1,0,0,0,998317,993947,1,1,0,1,252,500354963,124268528,29799737,7578592,1073745267,0,1,0,0,0,1,1,2,0,1,0,2,0
633626767,PUBLISH,253,632,8920928,253,254,1,0,0,0,998443,993947,1,1,0,1,253,500437299,124268528,29799737,7578948,1073745267,0,1,0,0,0,1,1,2,0,1,0,2,0
634541967,FIELD,253,632,8943380,253,254,1,0,0,0,999815,993947,1,1,0,1,253,501330047,124268528,29799737,7590935,1073745267,0,1,0,0,0,1,1,2,0,1,0,2,0
634927148,READY,255,633,8949789,253,254,1,0,0,0,1000393,993947,1,1,0,1,253,501708820,124268528,29799737,7595028,1073745267,1,1,0,0,0,1,1,0,0,1,0,2,0
635544874,FIELD,253,633,8949789,253,254,1,1,0,0,1001320,993947,1,1,0,1,253,501708820,124886253,29799737,7595028,1140856179,1,1,0,0,0,1,1,0,0,2,0,2,0
635544875,START,256,634,8949790,254,252,1,0,0,0,1001320,993947,0,1,1,1,253,501708820,124886254,29799737,7595028,1140856131,1,1,0,0,0,1,1,0,0,2,0,2,0
635544875,SELECT,254,634,8949790,254,252,1,0,0,0,1001320,993947,0,1,1,1,253,501708820,124886254,29799737,7595028,1140856131,1,1,0,0,0,1,1,0,0,2,0,2,0
635628767,PUBLISH,254,634,8951876,254,252,1,0,0,0,1001446,993947,0,1,1,1,254,501790625,124886254,29799737,7595028,1091872067,0,1,0,0,0,1,1,0,0,2,0,2,0
636543967,FIELD,254,634,8967992,254,252,1,0,0,0,1002818,993947,0,1,1,1,254,502689709,124886254,29799737,7612976,1091872067,0,1,0,0,0,1,1,0,0,2,0,2,0
637251618,READY,256,635,8977256,254,252,1,0,0,0,1003880,993947,0,1,1,1,254,503388096,124886254,29799737,7625326,1091872067,0,1,0,0,0,1,1,0,0,2,0,2,0
637546874,FIELD,254,635,8977257,254,252,1,0,0,0,1004323,993947,0,1,1,1,254,503388097,125181508,29799737,7625326,1091904835,1,1,0,0,0,1,1,0,0,2,0,2,0
638545967,FIELD,254,636,8977257,254,252,1,1,0,0,1005821,993947,0,1,1,1,254,503388097,126180601,29799737,7625326,1091904835,1,1,0,0,0,1,1,0,0,2,0,2,0
638545968,SELECT,252,637,8977257,252,255,0,0,0,0,1005821,948902,0,0,0,1,254,503388097,126180602,29799737,7625326,1125459203,1,1,0,0,0,1,1,0,1,2,0,2,0
638545969,START,257,637,8977258,252,256,1,0,0,0,1005821,948902,0,0,0,1,255,503388097,126180603,29799737,7625326,1073742409,1,0,0,0,0,1,1,0,1,2,0,2,0
638633674,PUBLISH,252,637,8979324,252,256,1,0,0,0,1005953,948902,0,0,0,1,255,503473735,126180603,29799737,7625326,1073742925,0,1,0,0,0,1,1,0,1,2,0,2,0
639548874,FIELD,252,637,8994896,252,256,1,0,0,0,1007326,948902,0,0,0,1,255,504373363,126180603,29799737,7643038,1073742925,0,1,0,0,0,1,1,0,1,2,0,2,0
640237876,READY,257,638,9004024,252,256,1,0,0,0,1008359,948902,0,0,0,1,255,505053237,126180603,29799737,7655599,1073742925,0,1,0,0,0,1,1,0,1,2,0,2,0
640237878,START,258,638,9004026,252,256,1,0,0,0,1008359,948902,0,0,0,1,255,505053238,126180603,29799737,7655599,1073742937,1,1,0,0,0,1,1,0,1,2,0,2,0
640547967,FIELD,252,638,9013056,252,256,1,1,0,0,1008824,948902,0,0,0,1,255,505354296,126180603,29799737,7658921,1073744987,0,1,0,0,0,1,1,0,1,2,0,2,0
640547968,SELECT,256,639,9013056,256,257,1,0,0,0,1008824,993947,0,0,1,1,255,505354297,126180603,29799737,7658921,1073745267,0,1,0,0,0,1,1,0,1,2,0,2,0
640635674,PUBLISH,256,639,9015470,256,257,1,0,0,0,1008956,993947,0,0,1,1,0,505439589,126180603,29799737,7659278,1073745267,0,1,0,0,0,1,1,0,1,2,0,2,0
641550874,FIELD,256,639,9040020,256,257,1,0,0,0,1010329,993947,0,0,1,1,0,506330239,126180603,29799737,7671187,1073745267,0,1,0,0,0,1,1,0,1,2,0,2,0
642549967,FIELD,256,640,9062552,256,257,1,0,0,0,1011827,993947,0,0,1,1,0,507306800,126180603,29799737,7682459,1073745267,0,1,0,0,0,1,1,0,1,2,0,2,0
642822941,READY,258,641,9067153,256,257,1,0,0,0,1012237,993947,0,0,1,1,0,507575174,126180603,29799737,7685450,1073745267,1,1,0,0,0,1,1,1,1,2,0,2,0
643552874,FIELD,256,641,9067153,256,257,1,1,0,0,1013332,993947,0,0,1,1,0,507575174,126910535,29799737,7685450,1140856179,1,1,0,0,0,1,1,1,1,0,0,2,0
643552875,START,259,642,9067154,257,255,1,0,0,0,1013332,993947,0,1,0,1,0,507575174,126910536,29799737,7685450,1140856131,1,1,0,0,0,1,1,1,1,0,0,2,0
643552875,SELECT,257,642,9067154,257,255,1,0,0,0,1013332,993947,0,1,0,1,0,507575174,126910536,29799737,7685450,1140856131,1,1,0,0,0,1,1,1,1,0,0,2,0
643636767,PUBLISH,257,642,9068892,257,255,1,0,0,0,1013458,993947,0,1,0,1,1,507657327,126910536,29799737,7685450,1091872067,0,1,0,0,0,1,1,1,1,0,0,2,0
644551967,FIELD,257,642,9085712,257,255,1,0,0,0,1014830,993947,0,1,0,1,1,508555707,126910536,29799737,7701893,1091872067,0,1,0,0,0,1,1,1,1,0,0,2,0
645294680,READY,259,643,9095128,257,255,1,0,0,0,1015945,993947,0,1,0,1,1,509289004,126910536,29799737,7714411,1091872067,0,1,0,0,0,1,1,1,1,0,0,2,0
645554874,FIELD,257,643,9095129,257,255,1,1,0,0,1016335,993947,0,1,0,1,1,509289005,127170728,29799737,7714411,1091904835,1,1,0,0,0,1,1,1,1,0,0,2,0
645554875,SELECT,255,644,9095129,255,258,0,0,0,0,1016335,993947,0,1,1,1,1,509289005,127170729,29799737,7714411,1125459203,1,1,0,0,0,1,1,1,2,0,0,2,0
645554876,START,260,644,9095130,255,259,1,0,0,0,1016335,993947,0,1,1,1,2,509289005,127170730,29799737,7714411,1073742409,1,0,0,0,0,1,1,1,2,0,0,2,0
645638767,PUBLISH,255,644,9096620,255,259,1,0,0,0,1016461,993947,0,1,1,1,2,509371405,127170730,29799737,7714411,1073742925,0,1,0,0,0,1,1,1,2,0,0,2,0
646553967,FIELD,255,644,9112440,255,259,1,0,0,0,1017833,993947,0,1,1,1,2,510270785,127170730,29799737,7731487,1073742925,0,1,0,0,0,1,1,1,2,0,0,2,0
647250577,READY,260,645,9122096,255,259,1,0,0,0,1018878,993947,0,1,1,1,2,510957739,127170730,29799737,7743205,1073742925,0,1,0,0,0,1,1,1,2,0,0,2,0
647250579,START,261,645,9122098,255,259,1,0,0,0,1018878,993947,0,1,1,1,2,510957740,127170730,29799737,7743205,1073742937,1,1,0,0,0,1,1,1,2,0,0,2,0
647556874,FIELD,255,645,9130524,255,259,1,0,0,0,1019338,993947,0,1,1,1,2,511255608,127170730,29799737,7746890,1073744987,0,1,0,0,0,1,1,1,2,0,0,2,0
648555967,FIELD,255,646,9157244,255,259,1,1,0,0,1020836,993947,0,1,1,1,2,512227981,127170730,29799737,7757979,1073744987,0,1,0,0,0,1,1,1,2,0,0,2,0
648555968,SELECT,259,647,9157244,259,260,1,0,0,0,1020836,993947,0,0,0,1,2,512227982,127170730,29799737,7757979,1073745267,0,1,0,0,0,1,1,1,2,0,0,2,0
648643674,PUBLISH,259,647,9159900,259,260,1,0,0,0,1020968,993947,0,0,0,1,3,512313032,127170730,29799737,7757979,1073745267,0,1,0,0,0,1,1,1,2,0,0,2,0
649558874,FIELD,259,647,9182176,259,260,1,0,0,0,1022341,993947,0,0,0,1,3,513205956,127170730,29799737,7770727,1073745267,0,1,0,0,0,1,1,1,2,0,0,2,0
649877100,READY,261,648,9187121,259,260,1,0,0,0,1022818,993947,0,0,0,1,3,513519238,127170730,29799737,7774523,1073745267,1,1,0,0,0,1,1,2,2,0,0,2,0
650557967,FIELD,259,648,9187121,259,260,1,1,0,0,1023839,993947,0,0,0,1,3,513519238,127851596,29799737,7774523,1140856179,1,1,0,0,0,1,1,2,2,1,0,2,0
650557968,START,262,649,9187122,260,258,1,0,0,0,1023839,993947,0,0,1,1,3,513519238,127851597,29799737,7774523,1140856131,1,1,0,0,0,1,1,2,2,1,0,2,0
650557968,SELECT,260,649,9187122,260,258,1,0,0,0,1023839,993947,0,0,1,1,3,513519238,127851597,29799737,7774523,1140856131,1,1,0,0,0,1,1,2,2,1,0,2,0
650645674,PUBLISH,260,649,9189092,260,258,1,0,0,0,1023971,993947,0,0,1,1,4,513604973,127851597,29799737,7774523,1091872067,0,1,0,0,0,1,1,2,2,1,0,2,0
651560874,FIELD,260,649,9204520,260,258,1,0,0,0,1025344,993947,0,0,1,1,4,514504745,127851597,29799737,7791179,1091872067,0,1,0,0,0,1,1,2,2,1,0,2,0
652257145,READY,262,650,9213540,260,258,1,0,0,0,1026388,993947,0,0,1,1,4,515191996,127851597,29799737,7804017,1091872067,0,1,0,0,0,1,1,2,2,1,0,2,0
652559967,FIELD,260,650,9213541,260,258,1,0,0,0,1026842,993947,0,0,1,1,4,515191997,128154417,29799737,7804017,1091904835,1,1,0,0,0,1,1,2,2,1,0,2,0
653562874,FIELD,260,651,9213541,260,258,1,1,0,0,1028347,993947,0,0,1,1,4,515191997,129157324,29799737,7804017,1091904835,1,1,0,0,0,1,1,2,2,1,0,2,0
653562875,SELECT,258,652,9213541,258,261,0,0,0,0,1028347,993947,0,1,0,1,4,515191997,129157325,29799737,7804017,1125459203,1,1,0,0,0,1,1,2,0,1,0,2,0
653562876,START,263,652,9213542,258,262,1,0,0,0,1028347,993947,0,1,0,1,5,515191997,129157326,29799737,7804017,1073742409,1,0,0,0,0,1,1,2,0,1,0,2,0
653646767,PUBLISH,258,652,9215468,258,262,1,0,0,0,1028473,993947,0,1,0,1,5,515273961,129157326,29799737,7804017,1073742925,0,1,0,0,0,1,1,2,0,1,0,2,0
654561968,FIELD,258,652,9230896,258,262,1,0,0,0,1029845,993947,0,1,0,1,5,516173734,129157326,29799737,7820797,1073742925,0,1,0,0,0,1,1,2,0,1,0,2,0
655217446,READY,263,653,9239864,258,262,1,0,0,0,1030829,993947,0,1,0,1,5,516820244,129157326,29799737,7832607,1073742925,0,1,0,0,0,1,1,2,0,1,0,2,0
655217608,START,264,653,9240026,258,262,1,0,0,0,1030829,993947,0,1,0,1,5,516820245,129157326,29799737,7832607,1073742937,1,1,0,0,0,1,1,2,0,1,0,2,0
655564874,FIELD,258,653,9250297,258,262,1,1,0,0,1031350,993947,0,1,0,1,5,517157239,129157326,29799737,7838592,1073744987,0,1,0,0,0,1,1,2,0,1,0,2,0
655564875,SELECT,262,654,9250297,262,263,1,0,0,0,1031350,993947,0,1,1,1,5,517157240,129157326,29799737,7838592,1073745267,0,1,0,0,0,1,1,2,0,1,0,2,0
655648767,PUBLISH,262,654,9253474,262,263,1,0,0,0,1031476,993947,0,1,1,1,6,517237955,129157326,29799737,7838833,1073745267,0,1,0,0,0,1,1,2,0,1,0,2,0
656563968,FIELD,262,654,9290070,262,263,1,0,0,0,1032848,993947,0,1,1,1,6,518116560,129157326,29799737,7854244,1073745267,0,1,0,0,0,1,1,2,0,1,0,2,0
657561682,PTS,23,655,9323593,262,263,1,0,0,0,1034345,993947,0,1,1,1,6,519080752,129157326,29799737,7871093,1073745267,1,1,0,0,0,1,1,2,0,1,0,2,0
657566874,FIELD,262,655,9323763,262,263,1,0,0,0,1034353,993947,0,1,1,1,6,519085773,129157326,29799737,7871217,1073745267,0,1,0,0,0,1,1,2,0,1,0,2,0
657609705,START,265,656,9325046,262,263,1,0,0,0,1034417,993947,0,1,1,1,6,519127322,129157326,29799737,7871217,1073745267,1,1,0,0,0,1,1,2,0,1,0,2,0
657609706,READY,264,656,9325046,262,263,1,0,0,0,1034417,993947,0,1,1,1,6,519127322,129157326,29799737,7871217,1073745267,1,1,0,0,0,1,1,0,0,1,0,2,0
658565968,FIELD,262,656,9325046,262,263,1,1,0,0,1035851,993947,0,1,1,1,6,519127322,130113588,29799737,7871217,1140856179,1,1,0,0,0,1,1,0,0,2,0,2,0
658565969,SELECT,263,657,9325046,263,261,1,0,0,0,1035851,993947,0,0,0,1,6,519127322,130113589,29799737,7871217,1140856131,1,1,0,0,0,1,1,0,0,2,0,2,0
658653674,PUBLISH,263,657,9326720,263,261,1,0,0,0,1035983,993947,0,0,0,1,7,519213352,130113590,29799737,7871217,1091872067,0,1,0,0,0,1,1,0,0,2,0,2,0
659568874,FIELD,263,657,9342932,263,261,1,0,0,0,1037356,993947,0,0,0,1,7,520112340,130113590,29799737,7887357,1091872067,0,1,0,0,0,1,1,0,0,2,0,2,0
660314075,READY,265,658,9352976,263,261,1,0,0,0,1038474,993947,0,0,0,1,7,520847497,130113590,29799737,7899930,1091872067,0,1,0,0,0,1,1,0,0,2,0,2,0
660567968,FIELD,263,658,9352977,263,261,1,1,0,0,1038854,993947,0,0,0,1,7,520847498,130367481,29799737,7899930,1091904835,1,1,0,0,0,1,1,0,0,2,0,2,0
660567969,SELECT,261,659,9352977,261,264,0,0,0,0,1038854,993947,0,0,1,1,7,520847498,130367482,29799737,7899930,1125459203,1,1,0,0,0,1,1,0,1,2,0,2,0
660567970,START,266,659,9352978,261,265,1,0,1,0,1038854,993947,0,0,1,1,8,520847498,130367483,29799737,7899930,1073742409,1,0,0,0,0,1,1,0,1,2,0,2,0
660655674,PUBLISH,261,659,9354500,261,265,1,0,1,0,1038986,993947,0,0,1,1,8,520933679,130367483,29799737,7899930,1073742925,0,1,0,0,0,1,1,0,1,2,0,2,0
661570874,FIELD,261,659,9370940,261,265,1,0,1,1,1040359,993947,0,0,1,1,8,521832439,130367483,29799737,7918218,1073742925,0,1,0,0,0,1,1,0,1,2,0,2,0
662196570,READY,266,660,9379516,261,265,1,0,1,1,1041297,993947,0,0,1,1,8,522449559,130367483,29799737,7929549,1073742925,0,1,0,0,0,1,1,0,1,2,0,2,0
662196572,START,267,660,9379518,261,265,1,0,1,1,1041297,993947,0,0,1,1,8,522449560,130367483,29799737,7929549,1073742937,1,1,0,0,0,1,1,0,1,2,0,2,0
662569968,FIELD,261,660,9389401,261,265,1,0,1,1,1041857,993947,0,0,1,1,8,522813073,130367483,29799737,7934435,1073744987,1,1,0,0,0,1,1,0,1,2,0,2,0
663572874,FIELD,261,661,9417292,261,265,1,1,1,1,1043362,993947,0,0,1,1,8,523788087,130367483,29799737,7945500,1073744987,0,1,0,0,0,1,1,0,1,2,0,2,0
663572875,SELECT,265,662,9417292,265,266,1,0,0,0,1043362,1038992,1,1,0,1,8,523788088,130367483,29799737,7945500,1073745267,0,1,0,0,0,1,1,0,1,2,0,2,0
663656768,PUBLISH,265,662,9419644,265,266,1,0,0,0,1043488,1038992,1,1,0,1,9,523869629,130367483,29799737,7945500,1073745267,0,1,0,0,0,1,1,0,1,2,0,2,0
664571968,FIELD,265,662,9439884,265,266,1,0,0,0,1044860,1038992,1,1,0,1,9,524764589,130367483,29799737,7956898,1073745267,0,1,0,0,0,1,1,0,1,2,0,2,0
664642275,READY,267,663,9440793,265,266,1,0,0,0,1044966,1038992,1,1,0,1,9,524833988,130367483,29799737,7956898,1073745267,1,1,0,0,0,1,1,1,1,2,0,2,0
665574874,FIELD,265,663,9440793,265,266,1,1,0,0,1046365,1038992,1,1,0,1,9,524833988,131300081,29799737,7956898,1140856179,1,1,0,0,0,1,1,1,1,0,0,2,0
665574875,START,268,664,9440794,266,264,1,0,0,0,1046365,1038992,0,1,1,1,9,524833988,131300082,29799737,7956898,1140856131,1,1,0,0,0,1,1,1,1,0,0,2,0
665574875,SELECT,266,664,9440794,266,264,1,0,0,0,1046365,1038992,0,1,1,1,9,524833988,131300082,29799737,7956898,1140856131,1,1,0,0,0,1,1,1,1,0,0,2,0
665658768,PUBLISH,266,664,9442700,266,264,1,0,0,0,1046491,1038992,0,1,1,1,10,524915974,131300082,29799737,7956898,1091872067,0,1,0,0,0,1,1,1,1,0,0,2,0
666573968,FIELD,266,664,9458824,266,264,1,0,0,0,1047863,1038992,0,1,1,1,10,525815050,131300082,29799737,7975349,1091872067,0,1,0,0,0,1,1,1,1,0,0,2,0
667208501,READY,268,665,9467876,266,264,1,0,0,0,1048815,1038992,0,1,1,1,10,526440531,131300082,29799737,7986335,1091872067,0,1,0,0,0,1,1,1,1,0,0,2,0
667576874,FIELD,266,665,9467877,266,264,1,0,0,0,1049368,1038992,0,1,1,1,10,526440532,131668453,29799737,7986335,1091904835,1,1,0,0,0,1,1,1,1,0,0,2,0
668575968,FIELD,266,666,9467877,266,264,1,1,0,0,1050866,1038992,0,1,1,1,10,526440532,132667547,29799737,7986335,1091904835,1,1,0,0,0,1,1,1,1,0,0,2,0
668575969,SELECT,264,667,9467877,264,267,0,0,0,0,1050866,993947,0,0,0,1,10,526440532,132667548,29799737,7986335,1125459203,1,1,0,0,0,1,1,1,2,0,0,2,0
668575970,START,269,667,9467878,264,268,1,0,0,0,1050866,993947,0,0,0,1,11,526440532,132667549,29799737,7986335,1073742409,1,0,0,0,0,1,1,1,2,0,0,2,0
668663674,PUBLISH,264,667,9469964,264,268,1,0,0,0,1050998,993947,0,0,0,1,11,526526149,132667549,29799737,7986335,1073742925,0,1,0,0,0,1,1,1,2,0,0,2,0
669578874,FIELD,264,667,9485828,264,268,1,0,0,0,1052371,993947,0,0,0,1,11,527425485,132667549,29799737,8002728,1073742925,0,1,0,0,0,1,1,1,2,0,0,2,0
670237528,READY,269,668,9495104,264,268,1,0,0,0,1053359,993947,0,0,0,1,11,528074863,132667549,29799737,8014547,1073742925,0,1,0,0,0,1,1,1,2,0,0,2,0
670237530,START,270,668,9495106,264,268,1,0,0,0,1053359,993947,0,0,0,1,11,528074864,132667549,29799737,8014547,1073742937,1,1,0,0,0,1,1,1,2,0,0,2,0
670577968,FIELD,264,668,9504732,264,268,1,1,0,0,1053869,993947,0,0,0,1,11,528405675,132667549,29799737,8018919,1073744987,0,1,0,0,0,1,1,1,2,0,0,2,0
670577969,SELECT,268,669,9504732,268,269,1,0,0,0,1053869,1038992,0,0,1,1,11,528405676,132667549,29799737,8018919,1073745267,0,1,0,0,0,1,1,1,2,0,0,2,0
670665674,PUBLISH,268,669,9506744,268,269,1,0,0,0,1054001,1038992,0,0,1,1,12,528491369,132667549,29799737,8018919,1073745267,0,1,0,0,0,1,1,1,2,0,0,2,0
671580874,FIELD,268,669,9531316,268,269,1,0,0,0,1055374,1038992,0,0,1,1,12,529381997,132667549,29799737,8029445,1073745267,0,1,0,0,0,1,1,1,2,0,0,2,0
672579968,FIELD,268,670,9556168,268,269,1,0,0,0,1056872,1038992,0,0,1,1,12,530356239,132667549,29799737,8039589,1073745267,0,1,0,0,0,1,1,1,2,0,0,2,0
672814377,READY,270,671,9560309,268,269,1,0,0,0,1057224,1038992,0,0,1,1,12,530586508,132667549,29799737,8042144,1073745267,1,1,0,0,0,1,1,2,2,0,0,2,0
673582874,FIELD,268,671,9560309,268,269,1,1,0,0,1058377,1038992,0,0,1,1,12,530586508,133436045,29799737,8042144,1140856179,1,1,0,0,0,1,1,2,2,1,0,2,0
673582875,START,271,672,9560310,269,267,1,0,0,0,1058377,1038992,0,1,0,1,12,530586508,133436046,29799737,8042144,1140856131,1,1,0,0,0,1,1,2,2,1,0,2,0
673582875,SELECT,269,672,9560310,269,267,1,0,0,0,1058377,1038992,0,1,0,1,12,530586508,133436046,29799737,8042144,1140856131,1,1,0,0,0,1,1,2,2,1,0,2,0
673666768,PUBLISH,269,672,9561888,269,267,1,0,0,0,1058503,1038992,0,1,0,1,13,530668822,133436046,29799737,8042144,1091872067,0,1,0,0,0,1,1,2,2,1,0,2,0
674581968,FIELD,269,672,9578012,269,267,1,0,0,0,1059875,1038992,0,1,0,1,13,531567898,133436046,29799737,8058588,1091872067,0,1,0,0,0,1,1,2,2,1,0,2,0
675309570,READY,271,673,9588540,269,267,1,0,0,0,1060967,1038992,0,1,0,1,13,532284972,133436046,29799737,8070782,1091872067,0,1,0,0,0,1,1,2,2,1,0,2,0
675584874,FIELD,269,673,9588541,269,267,1,1,0,0,1061380,1038992,0,1,0,1,13,532284973,133711348,29799737,8070782,1091904835,1,1,0,0,0,1,1,2,2,1,0,2,0
675584875,SELECT,267,674,9588541,267,270,0,0,0,0,1061380,1038992,0,1,1,1,13,532284973,133711349,29799737,8070782,1125459203,1,1,0,0,0,1,1,2,0,1,0,2,0
675584876,START,272,674,9588542,267,271,1,0,0,0,1061380,1038992,0,1,1,1,14,532284973,133711350,29799737,8070782,1073742409,1,0,0,0,0,1,1,2,0,1,0,2,0
675668768,PUBLISH,267,674,9590200,267,271,1,0,0,0,1061506,1038992,0,1,1,1,14,532367206,133711350,29799737,8070782,1073742925,0,1,0,0,0,1,1,2,0,1,0,2,0
676583968,FIELD,267,674,9606332,267,271,1,0,0,0,1062878,1038992,0,1,1,1,14,533266274,133711350,29799737,8086990,1073742925,0,1,0,0,0,1,1,2,0,1,0,2,0
677334159,READY,272,675,9616960,267,271,1,0,0,0,1064004,1038992,0,1,1,1,14,534005837,133711350,29799737,8099014,1073742925,0,1,0,0,0,1,1,2,0,1,0,2,0
677334161,START,273,675,9616962,267,271,1,0,0,0,1064004,1038992,0,1,1,1,14,534005838,133711350,29799737,8099014,1073742937,1,1,0,0,0,1,1,2,0,1,0,2,0
677586874,FIELD,267,675,9624480,267,271,1,0,0,0,1064383,1038992,0,1,1,1,14,534251032,133711350,29799737,8102246,1073744987,0,1,0,0,0,1,1,2,0,1,0,2,0
678585968,FIELD,267,676,9650572,267,271,1,1,0,0,1065881,1038992,0,1,1,1,14,535224034,133711350,29799737,8113171,1073744987,0,1,0,0,0,1,1,2,0,1,0,2,0
678585969,SELECT,271,677,9650572,271,272,1,0,0,0,1065881,1038992,0,0,0,1,14,535224035,133711350,29799737,8113171,1073745267,0,1,0,0,0,1,1,2,0,1,0,2,0
678673674,PUBLISH,271,677,9653560,271,272,1,0,0,0,1066013,1038992,0,0,0,1,15,535308752,133711350,29799737,8113171,1073745267,0,1,0,0,0,1,1,2,0,1,0,2,0
679588874,FIELD,271,677,9677260,271,272,1,0,0,0,1067386,1038992,0,0,0,1,15,536200252,133711350,29799737,8123367,1073745267,0,1,0,0,0,1,1,2,0,1,0,2,0
679956757,READY,273,678,9683857,271,272,1,0,0,0,1067938,1038992,0,0,0,1,15,536561539,133711350,29799737,8127291,1073745267,1,1,0,0,0,1,1,0,0,1,0,2,0
680587968,FIELD,271,678,9683857,271,272,1,1,0,0,1068884,1038992,0,0,0,1,15,536561539,134342560,29799737,8127291,1140856179,1,1,0,0,0,1,1,0,0,2,0,2,0
680587969,START,274,679,9683858,272,270,1,0,0,0,1068884,1038992,0,0,1,1,15,536561539,134342561,29799737,8127291,1140856131,1,1,0,0,0,1,1,0,0,2,0,2,0
680587969,SELECT,272,679,9683858,272,270,1,0,0,0,1068884,1038992,0,0,1,1,15,536561539,134342561,29799737,8127291,1140856131,1,1,0,0,0,1,1,0,0,2,0,2,0
680675674,PUBLISH,272,679,9685752,272,270,1,0,0,0,1069016,1038992,0,0,1,1,16,536647349,134342561,29799737,8127291,1091872067,0,1,0,0,0,1,1,0,0,2,0,2,0
681590875,FIELD,272,679,9701496,272,270,1,0,0,0,1070389,1038992,0,0,1,1,16,537546806,134342561,29799737,8142283,1091872067,0,1,0,0,0,1,1,0,0,2,0,2,0
682394809,READY,274,680,9713812,272,270,1,0,0,0,1071595,1038992,0,0,1,1,16,538338424,134342561,29799737,8154893,1091872067,0,1,0,0,0,1,1,0,0,2,0,2,0
682589968,FIELD,272,680,9713813,272,270,1,0,0,0,1071887,1038992,0,0,1,1,16,538338425,134537718,29799737,8154893,1091904835,1,1,0,0,0,1,1,0,0,2,0,2,0
683592875,FIELD,272,681,9713813,272,270,1,1,0,0,1073392,1038992,0,0,1,1,16,538338425,135540625,29799737,8154893,1091904835,1,1,0,0,0,1,1,0,0,2,0,2,0
683592876,SELECT,270,682,9713813,270,273,0,0,0,0,1073392,1038992,0,1,0,1,16,538338425,135540626,29799737,8154893,1125459203,1,1,0,0,0,1,1,0,1,2,0,2,0
683592877,START,275,682,9713814,270,274,1,0,0,0,1073392,1038992,0,1,0,1,17,538338425,135540627,29799737,8154893,1073742409,1,0,0,0,0,1,1,0,1,2,0,2,0
683676768,PUBLISH,270,682,9715696,270,274,1,0,0,0,1073518,1038992,0,1,0,1,17,538420433,135540627,29799737,8154893,1073742925,0,1,0,0,0,1,1,0,1,2,0,2,0
684591968,FIELD,270,682,9731364,270,274,1,0,0,0,1074890,1038992,0,1,0,1,17,539319965,135540627,29799737,8170596,1073742925,0,1,0,0,0,1,1,0,1,2,0,2,0
685401511,READY,275,683,9743696,270,274,1,0,0,0,1076105,1038992,0,1,0,1,17,540117176,135540627,29799737,8184135,1073742925,0,1,0,0,0,1,1,0,1,2,0,2,0
685401673,START,276,683,9743858,270,274,1,0,0,0,1076105,1038992,0,1,0,1,17,540117177,135540627,29799737,8184135,1073742937,1,1,0,0,0,1,1,0,1,2,0,2,0
685594875,FIELD,270,683,9749318,270,274,1,1,0,0,1076395,1038992,0,1,0,1,17,540304919,135540627,29799737,8187486,1073744987,1,1,0,0,0,1,1,0,1,2,0,2,0
685594876,SELECT,274,684,9749318,274,275,1,0,0,0,1076395,1038992,0,1,1,1,17,540304919,135540627,29799737,8187486,1073745267,0,1,0,0,0,1,1,0,1,2,0,2,0
685678768,PUBLISH,274,684,9751850,274,275,1,0,0,0,1076521,1038992,0,1,1,1,18,540386279,135540627,29799737,8187653,1073745267,0,1,0,0,0,1,1,0,1,2,0,2,0
686593968,FIELD,274,684,9786167,274,275,1,0,0,0,1077893,1038992,0,1,1,1,18,541267162,135540627,29799737,8201313,1073745267,0,1,0,0,0,1,1,0,1,2,0,2,0
687596875,FIELD,274,685,9823156,274,275,1,0,0,0,1079398,1038992,0,1,1,1,18,542233080,135540627,29799737,8216843,1073745267,0,1,0,0,0,1,1,0,1,2,0,2,0
687739813,PTS,24,686,9827411,274,275,1,0,0,0,1079612,1038992,0,1,1,1,18,542371764,135540627,29799737,8217753,1073745267,1,1,0,0,0,1,1,0,1,2,0,2,0
687794681,START,277,686,9828978,274,275,1,0,0,0,1079695,1038992,0,1,1,1,18,542425065,135540627,29799737,8218385,1073745267,1,1,0,0,0,1,1,0,1,2,0,2,0
687794682,READY,276,686,9828978,274,275,1,0,0,0,1079695,1038992,0,1,1,1,18,542425065,135540627,29799737,8218386,1073745267,1,1,0,0,0,1,1,1,1,2,0,2,0
688595968,FIELD,274,686,9828978,274,275,1,1,0,0,1080896,1038992,0,1,1,1,18,542425065,136341913,29799737,8218449,1140856179,1,1,0,0,0,1,1,1,1,0,0,2,0
688595969,SELECT,275,687,9828978,275,273,1,0,0,0,1080896,1038992,0,0,0,1,18,542425065,136341914,29799737,8218449,1140856131,1,1,0,0,0,1,1,1,1,0,0,2,0
688683674,PUBLISH,275,687,9830704,275,273,1,0,0,0,1081028,1038992,0,0,0,1,19,542511043,136341915,29799737,8218449,1091872067,0,1,0,0,0,1,1,1,1,0,0,2,0
689598875,FIELD,275,687,9846460,275,273,1,0,0,0,1082401,1038992,0,0,0,1,19,543410488,136341915,29799737,8234848,1091872067,0,1,0,0,0,1,1,1,1,0,0,2,0
690305471,READY,277,688,9856724,275,273,1,0,0,0,1083461,1038992,0,0,0,1,19,544106820,136341915,29799737,8247008,1091872067,0,1,0,0,0,1,1,1,1,0,0,2,0
690597968,FIELD,275,688,9856725,275,273,1,1,0,0,1083899,1038992,0,0,0,1,19,544106821,136634410,29799737,8247008,1091904835,1,1,0,0,0,1,1,1,1,0,0,2,0
690597969,SELECT,273,689,9856725,273,276,0,0,0,0,1083899,1038992,0,0,1,1,19,544106821,136634411,29799737,8247008,1125459203,1,1,0,0,0,1,1,1,2,0,0,2,0
690597970,START,278,689,9856726,273,277,1,0,1,0,1083899,1038992,0,0,1,1,20,544106821,136634412,29799737,8247008,1073742409,1,0,0,0,0,1,1,1,2,0,0,2,0
690685675,PUBLISH,273,689,9859222,273,277,1,0,1,0,1084031,1038992,0,0,1,1,20,544192030,136634412,29799737,8247008,1073742925,1,1,0,0,0,1,1,1,2,0,0,2,0
691600875,FIELD,273,689,9874576,273,277,1,0,1,1,1085404,1038992,0,0,1,1,20,545091875,136634412,29799737,8263919,1073742925,0,1,0,0,0,1,1,1,2,0,0,2,0
692228573,READY,278,690,9882944,273,277,1,0,1,1,1086345,1038992,0,0,1,1,20,545711205,136634412,29799737,8275533,1073742925,0,1,0,0,0,1,1,1,2,0,0,2,0
692228575,START,279,690,9882946,273,277,1,0,1,1,1086345,1038992,0,0,1,1,20,545711206,136634412,29799737,8275533,1073742937,1,1,0,0,0,1,1,1,2,0,0,2,0
692599968,FIELD,273,690,9892168,273,277,1,0,1,1,1086902,1038992,0,0,1,1,20,546073376,136634412,29799737,8279762,1073744987,0,1,0,0,0,1,1,1,2,0,0,2,0
693602875,FIELD,273,691,9919836,273,277,1,1,1,1,1088407,1038992,0,0,1,1,20,547048615,136634412,29799737,8291998,1073744987,0,1,0,0,0,1,1,1,2,0,0,2,0
693602876,SELECT,277,692,9919836,277,278,1,0,0,0,1088407,1084037,1,1,0,1,20,547048616,136634412,29799737,8291998,1073745267,0,1,0,0,0,1,1,1,2,0,0,2,0
693686768,PUBLISH,277,692,9922644,277,278,1,0,0,0,1088533,1084037,1,1,0,1,21,547129700,136634412,29799737,8291998,1073745267,0,1,0,0,0,1,1,1,2,0,0,2,0
694601968,FIELD,277,692,9944010,277,278,1,0,0,0,1089905,1084037,1,1,0,1,21,548023534,136634412,29799737,8302174,1073745267,0,1,0,0,0,1,1,1,2,0,0,2,0
694738423,READY,279,693,9945897,277,278,1,0,0,0,1090110,1084037,1,1,0,1,21,548158103,136634412,29799737,8303824,1073745267,1,1,0,0,0,1,1,2,2,0,0,2,0
695604875,FIELD,277,693,9945897,277,278,1,1,0,0,1091410,1084037,1,1,0,1,21,548158103,137500863,29799737,8303824,1140856179,1,1,0,0,0,1,1,2,2,1,0,2,0
695604876,START,280,694,9945898,278,276,1,0,0,0,1091410,1084037,0,1,1,1,21,548158103,137500864,29799737,8303824,1140856131,1,1,0,0,0,1,1,2,2,1,0,2,0
695604876,SELECT,278,694,9945898,278,276,1,0,0,0,1091410,1084037,0,1,1,1,21,548158103,137500864,29799737,8303824,1140856131,1,1,0,0,0,1,1,2,2,1,0,2,0
695688768,PUBLISH,278,694,9947972,278,276,1,0,0,0,1091536,1084037,0,1,1,1,22,548239920,137500864,29799737,8303824,1091872067,0,1,0,0,0,1,1,2,2,1,0,2,0
696603968,FIELD,278,694,9964416,278,276,1,0,0,0,1092908,1084037,0,1,1,1,22,549138676,137500864,29799737,8321351,1091872067,0,1,0,0,0,1,1,2,2,1,0,2,0
697244757,READY,280,695,9972796,278,276,1,0,0,0,1093870,1084037,0,1,1,1,22,549771085,137500864,29799737,8333047,1091872067,0,1,0,0,0,1,1,2,2,1,0,2,0
697606875,FIELD,278,695,9972797,278,276,1,0,0,0,1094413,1084037,0,1,1,1,22,549771086,137862980,29799737,8333047,1091904835,1,1,0,0,0,1,1,2,2,1,0,2,0
698605968,FIELD,278,696,9972797,278,276,1,1,0,0,1095911,1084037,0,1,1,1,22,549771086,138862073,29799737,8333047,1091904835,1,1,0,0,0,1,1,2,2,1,0,2,0
698605969,SELECT,276,697,9972797,276,279,0,0,0,0,1095911,1038992,0,0,0,1,22,549771086,138862074,29799737,8333047,1125459203,1,1,0,0,0,1,1,2,0,1,0,2,0
698605970,START,281,697,9972798,276,280,1,0,0,0,1095911,1038992,0,0,0,1,23,549771086,138862075,29799737,8333047,1073742409,1,0,0,0,0,1,1,2,0,1,0,2,0
698693675,PUBLISH,276,697,9975028,276,280,1,0,0,0,1096043,1038992,0,0,0,1,23,549856560,138862075,29799737,8333047,1073742925,0,1,0,0,0,1,1,2,0,1,0,2,0
699608875,FIELD,276,697,9989844,276,280,1,0,0,0,1097416,1038992,0,0,0,1,23,550756944,138862075,29799737,8350025,1073742925,0,1,0,0,0,1,1,2,0,1,0,2,0
700304258,READY,281,698,10000352,276,280,1,0,0,0,1098459,1038992,0,0,0,1,23,551441819,138862075,29799737,8361667,1073742925,0,1,0,0,0,1,1,2,0,1,0,2,0
700304260,START,282,698,10000354,276,280,1,0,0,0,1098459,1038992,0,0,0,1,23,551441820,138862075,29799737,8361667,1073742937,1,1,0,0,0,1,1,2,0,1,0,2,0
700607968,FIELD,276,698,10009036,276,280,1,1,0,0,1098914,1038992,0,0,0,1,23,551736845,138862075,29799737,8365038,1073744987,0,1,0,0,0,1,1,2,0,1,0,2,0
700607969,SELECT,280,699,10009036,280,281,1,0,0,0,1098914,1084037,0,0,1,1,23,551736846,138862075,29799737,8365038,1073745267,0,1,0,0,0,1,1,2,0,1,0,2,0
700695675,PUBLISH,280,699,10011526,280,281,1,0,0,0,1099046,1084037,0,0,1,1,24,551822062,138862075,29799737,8365393,1073745267,0,1,0,0,0,1,1,2,0,1,0,2,0
701610875,FIELD,280,699,10035348,280,281,1,0,0,0,1100419,1084037,0,0,1,1,24,552713440,138862075,29799737,8377734,1073745267,0,1,0,0,0,1,1,2,0,1,0,2,0
702609968,FIELD,280,700,10060880,280,281,1,0,0,0,1101917,1084037,0,0,1,1,24,553687001,138862075,29799737,8387743,1073745267,0,1,0,0,0,1,1,2,0,1,0,2,0
702886414,READY,282,701,10065873,280,281,1,0,0,0,1102332,1084037,0,0,1,1,24,553958455,138862075,29799737,8390883,1073745267,1,1,0,0,0,1,1,0,0,1,0,2,0
703612875,FIELD,280,701,10065873,280,281,1,1,0,0,1103422,1084037,0,0,1,1,24,553958455,139588535,29799737,8390883,1140856179,1,1,0,0,0,1,1,0,0,2,0,2,0
703612876,START,283,702,10065874,281,279,1,0,0,0,1103422,1084037,0,1,0,1,24,553958455,139588536,29799737,8390883,1140856131,1,1,0,0,0,1,1,0,0,2,0,2,0
703612876,SELECT,281,702,10065874,281,279,1,0,0,0,1103422,1084037,0,1,0,1,24,553958455,139588536,29799737,8390883,1140856131,1,1,0,0,0,1,1,0,0,2,0,2,0
703696768,PUBLISH,281,702,10067680,281,279,1,0,0,0,1103548,1084037,0,1,0,1,25,554040540,139588536,29799737,8390883,1091872067,0,1,0,0,0,1,1,0,0,2,0,2,0
704611968,FIELD,281,702,10084096,281,279,1,0,0,0,1104920,1084037,0,1,0,1,25,554939324,139588536,29799737,8406680,1091872067,0,1,0,0,0,1,1,0,0,2,0,2,0
705355393,READY,283,703,10094656,281,279,1,0,0,0,1106036,1084037,0,1,0,1,25,555672189,139588536,29799737,8419339,1091872067,0,1,0,0,0,1,1,0,0,2,0,2,0
705614875,FIELD,281,703,10094657,281,279,1,1,0,0,1106425,1084037,0,1,0,1,25,555672190,139848016,29799737,8419339,1091904835,1,1,0,0,0,1,1,0,0,2,0,2,0
705614876,SELECT,279,704,10094657,279,282,0,0,0,0,1106425,1084037,0,1,1,1,25,555672190,139848017,29799737,8419339,1125459203,1,1,0,0,0,1,1,0,1,2,0,2,0
705614877,START,284,704,10094658,279,283,1,0,0,0,1106425,1084037,0,1,1,1,26,555672190,139848018,29799737,8419339,1073742409,1,0,0,0,0,1,1,0,1,2,0,2,0
705698768,PUBLISH,279,704,10096456,279,283,1,0,0,0,1106551,1084037,0,1,1,1,26,555754282,139848018,29799737,8419339,1073742925,0,1,0,0,0,1,1,0,1,2,0,2,0
706613968,FIELD,279,704,10112360,279,283,1,0,0,0,1107923,1084037,0,1,1,1,26,556653578,139848018,29799737,8435206,1073742925,0,1,0,0,0,1,1,0,1,2,0,2,0
707375093,READY,284,705,10124156,279,283,1,0,0,0,1109065,1084037,0,1,1,1,26,557402907,139848018,29799737,8448152,1073742925,0,1,0,0,0,1,1,0,1,2,0,2,0
707375095,START,285,705,10124158,279,283,1,0,0,0,1109065,1084037,0,1,1,1,26,557402908,139848018,29799737,8448152,1073742937,1,1,0,0,0,1,1,0,1,2,0,2,0
707616875,FIELD,279,705,10131796,279,283,1,0,0,0,1109428,1084037,0,1,1,1,26,557637049,139848018,29799737,8450648,1073744987,0,1,0,0,0,1,1,0,1,2,0,2,0
708615968,FIELD,279,706,10157448,279,283,1,1,0,0,1110926,1084037,0,1,1,1,26,558610490,139848018,29799737,8462019,1073744987,0,1,0,0,0,1,1,0,1,2,0,2,0
708615969,SELECT,283,707,10157448,283,284,1,0,0,0,1110926,1084037,0,0,0,1,26,558610491,139848018,29799737,8462019,1073745267,0,1,0,0,0,1,1,0,1,2,0,2,0
708703675,PUBLISH,283,707,10160548,283,284,1,0,0,0,1111058,1084037,0,0,0,1,27,558695097,139848018,29799737,8462019,1073745267,0,1,0,0,0,1,1,0,1,2,0,2,0
709618875,FIELD,283,707,10183128,283,284,1,0,0,0,1112431,1084037,0,0,0,1,27,559587717,139848018,29799737,8471142,1073745267,0,1,0,0,0,1,1,0,1,2,0,2,0
710041462,READY,285,708,10191721,283,284,1,0,0,0,1113065,1084037,0,0,0,1,27,560001712,139848018,29799737,8476189,1073745267,1,1,0,0,0,1,1,1,1,2,0,2,0
710617968,FIELD,283,708,10191721,283,284,1,1,0,0,1113929,1084037,0,0,0,1,27,560001712,140424523,29799737,8476189,1140856179,1,1,0,0,0,1,1,1,1,0,0,2,0
710617969,START,286,709,10191722,284,282,1,0,0,0,1113929,1084037,0,0,1,1,27,560001712,140424524,29799737,8476189,1140856131,1,1,0,0,0,1,1,1,1,0,0,2,0
710617969,SELECT,284,709,10191722,284,282,1,0,0,0,1113929,1084037,0,0,1,1,27,560001712,140424524,29799737,8476189,1140856131,1,1,0,0,0,1,1,1,1,0,0,2,0
710705675,PUBLISH,284,709,10193756,284,282,1,0,0,0,1114061,1084037,0,0,1,1,28,560087383,140424524,29799737,8476189,1091872067,0,1,0,0,0,1,1,1,1,0,0,2,0
711620875,FIELD,284,709,10209856,284,282,1,0,0,0,1115434,1084037,0,0,1,1,28,560986483,140424524,29799737,8491443,1091872067,0,1,0,0,0,1,1,1,1,0,0,2,0
712360013,READY,286,710,10220480,284,282,1,0,0,0,1116543,1084037,0,0,1,1,28,561714997,140424524,29799737,8504185,1091872067,0,1,0,0,0,1,1,1,1,0,0,2,0
712619968,FIELD,284,710,10220481,284,282,1,0,0,0,1116932,1084037,0,0,1,1,28,561714998,140684477,29799737,8504185,1091904835,1,1,0,0,0,1,1,1,1,0,0,2,0
713622875,FIELD,284,711,10220481,284,282,1,1,0,0,1118437,1084037,0,0,1,1,28,561714998,141687384,29799737,8504185,1091904835,1,1,0,0,0,1,1,1,1,0,0,2,0
713622876,SELECT,282,712,10220481,282,285,0,0,0,0,1118437,1084037,0,1,0,1,28,561714998,141687385,29799737,8504185,1125459203,1,1,0,0,0,1,1,1,2,0,0,2,0
713622877,START,287,712,10220482,282,286,1,0,0,0,1118437,1084037,0,1,0,1,29,561714998,141687386,29799737,8504185,1073742409,1,0,0,0,0,1,1,1,2,0,0,2,0
713706768,PUBLISH,282,712,10222028,282,286,1,0,0,0,1118563,1084037,0,1,0,1,29,561797342,141687386,29799737,8504185,1073742925,0,1,0,0,0,1,1,1,2,0,0,2,0
714621968,FIELD,282,712,10238438,282,286,1,0,0,0,1119935,1084037,0,1,0,1,29,562696132,141687386,29799737,8520616,1073742925,0,1,0,0,0,1,1,1,2,0,0,2,0
715377041,READY,287,713,10249204,282,286,1,0,0,0,1121068,1084037,0,1,0,1,29,563440439,141687386,29799737,8533131,1073742925,0,1,0,0,0,1,1,1,2,0,0,2,0
715377203,START,288,713,10249366,282,286,1,0,0,0,1121068,1084037,0,1,0,1,29,563440440,141687386,29799737,8533131,1073742937,1,1,0,0,0,1,1,1,2,0,0,2,0
715624875,FIELD,282,713,10256787,282,286,1,1,0,0,1121440,1084037,0,1,0,1,29,563680690,141687386,29799737,8538186,1073744987,0,1,0,0,0,1,1,1,2,0,0,2,0
715624876,SELECT,286,714,10256787,286,287,1,0,0,0,1121440,1084037,0,1,1,1,29,563680691,141687386,29799737,8538186,1073745267,0,1,0,0,0,1,1,1,2,0,0,2,0
715708768,PUBLISH,286,714,10259310,286,287,1,0,0,0,1121566,1084037,0,1,1,1,30,563762060,141687386,29799737,8538406,1073745267,0,1,0,0,0,1,1,1,2,0,0,2,0
716623968,FIELD,286,714,10293322,286,287,1,0,0,0,1122938,1084037,0,1,1,1,30,564643248,141687386,29799737,8553278,1073745267,0,1,0,0,0,1,1,1,2,0,0,2,0
717626875,FIELD,286,715,10329989,286,287,1,0,0,0,1124443,1084037,0,1,1,1,30,565609488,141687386,29799737,8569509,1073745267,0,1,0,0,0,1,1,1,2,0,0,2,0
717767337,READY,288,716,10334168,286,287,1,0,0,0,1124654,1084037,0,1,1,1,30,565745761,141687386,29799737,8570362,1342180723,0,1,0,0,0,1,1,2,2,0,0,2,0
718625968,FIELD,286,716,10334168,286,287,1,1,0,0,1125941,1084037,0,1,1,1,30,565745761,142546016,29799737,8570362,1543509363,1,1,0,0,0,1,1,2,2,1,0,2,0
718625969,SELECT,287,717,10334168,287,285,1,0,0,0,1125941,1084037,0,0,0,1,30,565745761,142546017,29799737,8570362,1543509315,1,1,0,0,0,1,1,2,2,1,0,2,0
718713675,PUBLISH,287,717,10334168,287,285,1,0,0,0,1126073,1084037,0,0,0,1,31,565745761,142546017,29799737,8570362,1543509315,1,1,0,0,0,1,1,2,2,1,0,2,0
719628875,FIELD,287,717,10334168,287,285,1,0,0,0,1127446,1084037,0,0,0,1,31,565745761,142546017,29799737,8570362,1543509315,1,1,0,0,0,1,1,2,2,1,0,2,0
720627968,FIELD,287,718,10334168,287,285,1,1,0,0,1128944,1084037,0,0,0,1,31,565745761,142546017,29799737,8570362,1543509315,1,1,0,0,0,1,1,2,2,1,0,2,0
720627969,SELECT,285,719,10334168,285,288,1,0,0,0,1128944,1084037,0,0,1,1,31,565745761,142546017,29799737,8570362,3422553344,1,1,0,0,0,1,1,2,0,1,0,2,0
720715675,PUBLISH,285,719,10334168,285,288,1,0,0,0,1129076,1084037,0,0,1,1,32,565745761,142633723,29799737,8570362,3422553344,1,1,0,0,0,1,1,2,0,1,0,2,0
721630875,FIELD,285,719,10334168,285,288,1,0,0,0,1130449,1084037,0,0,1,1,32,565745761,143548923,29799737,8570362,3422553344,1,1,0,0,0,1,1,2,0,1,0,2,0
722629968,FIELD,285,720,10334168,285,288,1,0,0,0,1131947,1084037,0,0,1,1,32,565745761,144548016,29799737,8570362,3422553344,1,1,0,0,0,1,1,2,0,1,0,2,0
723632875,FIELD,285,721,10334168,285,288,1,0,0,0,1133452,1084037,0,0,1,1,32,565745761,145550923,29799737,8570362,3422553344,1,1,0,0,0,1,1,2,0,1,0,2,0
724631968,FIELD,285,722,10334168,285,288,1,1,0,0,1134950,1084037,0,0,1,1,32,565745761,146550016,29799737,8570362,3422553344,1,1,0,0,0,1,1,2,0,1,0,2,0
724631969,SELECT,288,723,10334168,288,288,0,0,0,0,1134950,1084037,0,0,0,1,32,565745761,146550017,29799737,8570362,3221226752,1,1,0,0,0,1,1,2,1,1,0,2,0
724719675,PUBLISH,288,723,10334168,288,288,0,0,0,0,1135082,1084037,0,0,0,1,33,565745761,146550017,29799737,8570362,3221226752,1,1,0,0,0,1,1,2,1,1,0,2,0
725634875,FIELD,288,723,10334168,288,288,0,0,0,0,1136455,1084037,0,0,0,1,33,565745761,146550017,29799737,8570362,3221226752,1,1,0,0,0,1,1,2,1,1,0,2,0
726633968,FIELD,288,724,10334168,288,288,0,1,0,0,1137953,1084037,0,0,0,1,33,565745761,146550017,29799737,8570362,3221226752,1,1,0,0,0,1,1,2,1,1,0,2,0
727636875,FIELD,288,725,10334168,288,288,0,0,0,0,1139458,1084037,0,0,0,1,33,565745761,146550017,29799737,8570362,3221226752,1,1,0,0,0,1,1,2,1,1,0,2,0
728635968,FIELD,288,726,10334168,288,288,0,1,0,0,1140956,1084037,0,0,0,1,33,565745761,146550017,29799737,8570362,3221226752,1,1,0,0,0,1,1,2,1,1,0,2,0
728635970,END,288,727,10334168,288,288,0,1,0,0,1140956,1084037,0,0,0,1,33,565745761,146550017,29799737,8570362,3221226752,1,1,0,0,0,1,1,2,1,1,0,2,0
