t=1 start source=file:/media/fat/games/MediaPlayer/bbb_480i_tff_15s.m2v index=1 core=MediaPlayer alternate=MediaPlayer
t=1962 helper forked pid=695 read_fd=14
t=2067 download asserted index=1 pid=695
t=2220 would_block count=1 submitted=0
t=2422 would_block count=2 submitted=0
t=2495 would_block count=3 submitted=0
t=2551 would_block count=4 submitted=0
t=2758 would_block count=8 submitted=0
t=3079 would_block count=16 submitted=0
t=3672 would_block count=32 submitted=0
t=4881 would_block count=64 submitted=0
t=7237 would_block count=128 submitted=0
t=15790 would_block count=256 submitted=0
t=26835 would_block count=512 submitted=0
t=47601 first_byte latency_us=45532 would_block=674 count=16384
t=47643 read event=1 count=16384 submitted=16384
t=59271 read event=2 count=16384 submitted=32768
t=70346 read event=3 count=16384 submitted=49152
t=81401 read event=4 count=16384 submitted=65536
t=92606 read event=5 count=16384 submitted=81920
t=103666 read event=6 count=16384 submitted=98304
t=114741 read event=7 count=16384 submitted=114688
t=125796 read event=8 count=16384 submitted=131072
t=136989 read event=9 count=16384 submitted=147456
t=148615 read event=10 count=16384 submitted=163840
t=159700 read event=11 count=16384 submitted=180224
t=170775 read event=12 count=16384 submitted=196608
t=181999 read event=13 count=16384 submitted=212992
t=193066 read event=14 count=16384 submitted=229376
t=204113 read event=15 count=16384 submitted=245760
t=215174 read event=16 count=16384 submitted=262144
t=226314 read event=17 count=16384 submitted=278528
t=237947 read event=18 count=16384 submitted=294912
t=249023 read event=19 count=16384 submitted=311296
t=260085 read event=20 count=16384 submitted=327680
t=271253 read event=21 count=16384 submitted=344064
t=282311 read event=22 count=16384 submitted=360448
t=293356 read event=23 count=16384 submitted=376832
t=304398 read event=24 count=16384 submitted=393216
t=336102 read event=25 count=16384 submitted=409600
t=347755 read event=26 count=16384 submitted=425984
t=358831 read event=27 count=16384 submitted=442368
t=369892 read event=28 count=16384 submitted=458752
t=381078 read event=29 count=16384 submitted=475136
t=392138 read event=30 count=16384 submitted=491520
t=403187 read event=31 count=16384 submitted=507904
t=414253 read event=32 count=16384 submitted=524288
t=425381 read event=33 count=16384 submitted=540672
t=437024 read event=34 count=16384 submitted=557056
t=449093 read event=35 count=16384 submitted=573440
t=462070 read event=36 count=16384 submitted=589824
t=473481 read event=37 count=16384 submitted=606208
t=484579 read event=38 count=16384 submitted=622592
t=495653 read event=39 count=16384 submitted=638976
t=506732 read event=40 count=16384 submitted=655360
t=517880 read event=41 count=16384 submitted=671744
t=529529 read event=42 count=16384 submitted=688128
t=540619 read event=43 count=16384 submitted=704512
t=551690 read event=44 count=16384 submitted=720896
t=562874 read event=45 count=16384 submitted=737280
t=573942 read event=46 count=16384 submitted=753664
t=584997 read event=47 count=16384 submitted=770048
t=596045 read event=48 count=16384 submitted=786432
t=607182 read event=49 count=16384 submitted=802816
t=618845 read event=50 count=16384 submitted=819200
t=629918 read event=51 count=16384 submitted=835584
t=640968 read event=52 count=16384 submitted=851968
t=652145 read event=53 count=16384 submitted=868352
t=663210 read event=54 count=16384 submitted=884736
t=674251 read event=55 count=16384 submitted=901120
t=685300 read event=56 count=16384 submitted=917504
t=696423 read event=57 count=16384 submitted=933888
t=708065 read event=58 count=16384 submitted=950272
t=719143 read event=59 count=16384 submitted=966656
t=730207 read event=60 count=16384 submitted=983040
t=741370 read event=61 count=16384 submitted=999424
t=752434 read event=62 count=16384 submitted=1015808
t=763479 read event=63 count=16384 submitted=1032192
t=774536 read event=64 count=16384 submitted=1048576
t=785682 read event=65 count=16384 submitted=1064960
t=797320 read event=66 count=16384 submitted=1081344
t=808425 read event=67 count=16384 submitted=1097728
t=819482 read event=68 count=16384 submitted=1114112
t=840993 read event=69 count=16384 submitted=1130496
t=852057 read event=70 count=16384 submitted=1146880
t=863101 read event=71 count=16384 submitted=1163264
t=874154 read event=72 count=16384 submitted=1179648
t=885292 read event=73 count=16384 submitted=1196032
t=896961 read event=74 count=16384 submitted=1212416
t=908038 read event=75 count=16384 submitted=1228800
t=919105 read event=76 count=16384 submitted=1245184
t=930281 read event=77 count=16384 submitted=1261568
t=941341 read event=78 count=16384 submitted=1277952
t=952390 read event=79 count=16384 submitted=1294336
t=963449 read event=80 count=16384 submitted=1310720
t=974589 read event=81 count=16384 submitted=1327104
t=986237 read event=82 count=16384 submitted=1343488
t=997311 read event=83 count=16384 submitted=1359872
t=1008374 read event=84 count=16384 submitted=1376256
t=1019567 read event=85 count=16384 submitted=1392640
t=1030663 read event=86 count=16384 submitted=1409024
t=1041732 read event=87 count=16384 submitted=1425408
t=1052780 read event=88 count=16384 submitted=1441792
t=1063921 read event=89 count=16384 submitted=1458176
t=1075553 read event=90 count=16384 submitted=1474560
t=1086632 read event=91 count=16384 submitted=1490944
t=1097696 read event=92 count=16384 submitted=1507328
t=1108889 read event=93 count=16384 submitted=1523712
t=1119951 read event=94 count=16384 submitted=1540096
t=1131004 read event=95 count=16384 submitted=1556480
t=1142097 read event=96 count=16384 submitted=1572864
t=1153236 read event=97 count=16384 submitted=1589248
t=1164880 read event=98 count=16384 submitted=1605632
t=1175970 read event=99 count=16384 submitted=1622016
t=1187027 read event=100 count=16384 submitted=1638400
t=1198200 read event=101 count=16384 submitted=1654784
t=1209269 read event=102 count=16384 submitted=1671168
t=1220321 read event=103 count=16384 submitted=1687552
t=1231370 read event=104 count=16384 submitted=1703936
t=1242501 read event=105 count=16384 submitted=1720320
t=1254148 read event=106 count=16384 submitted=1736704
t=1265223 read event=107 count=16384 submitted=1753088
t=1276280 read event=108 count=16384 submitted=1769472
t=1287459 read event=109 count=16384 submitted=1785856
t=1298534 read event=110 count=16384 submitted=1802240
t=1309604 read event=111 count=16384 submitted=1818624
t=1320663 read event=112 count=16384 submitted=1835008
t=1339196 read event=113 count=16384 submitted=1851392
t=1363641 read event=114 count=16384 submitted=1867776
t=1381835 read event=115 count=16384 submitted=1884160
t=1406600 read event=116 count=16384 submitted=1900544
t=1426737 read event=117 count=16384 submitted=1916928
t=1437876 read event=118 count=16384 submitted=1933312
t=1448943 read event=119 count=16384 submitted=1949696
t=1460000 read event=120 count=16384 submitted=1966080
t=1471157 read event=121 count=16384 submitted=1982464
t=1482819 read event=122 count=16384 submitted=1998848
t=1493901 read event=123 count=16384 submitted=2015232
t=1504960 read event=124 count=16384 submitted=2031616
t=1516137 read event=125 count=16384 submitted=2048000
t=1527194 read event=126 count=16384 submitted=2064384
t=1538244 read event=127 count=16384 submitted=2080768
t=1549293 read event=128 count=16384 submitted=2097152
t=1560437 read event=129 count=16384 submitted=2113536
t=1572081 read event=130 count=16384 submitted=2129920
t=1583153 read event=131 count=16384 submitted=2146304
t=1594214 read event=132 count=16384 submitted=2162688
t=1605385 read event=133 count=16384 submitted=2179072
t=1616446 read event=134 count=16384 submitted=2195456
t=1627508 read event=135 count=16384 submitted=2211840
t=1638566 read event=136 count=16384 submitted=2228224
t=1649704 read event=137 count=16384 submitted=2244608
t=1661324 read event=138 count=16384 submitted=2260992
t=1672403 read event=139 count=16384 submitted=2277376
t=1683457 read event=140 count=16384 submitted=2293760
t=1694643 read event=141 count=16384 submitted=2310144
t=1705780 read event=142 count=16384 submitted=2326528
t=1716861 read event=143 count=16384 submitted=2342912
t=1727922 read event=144 count=16384 submitted=2359296
t=1739071 read event=145 count=16384 submitted=2375680
t=1750737 read event=146 count=16384 submitted=2392064
t=1761810 read event=147 count=16384 submitted=2408448
t=1772861 read event=148 count=16384 submitted=2424832
t=1784029 read event=149 count=16384 submitted=2441216
t=1795088 read event=150 count=16384 submitted=2457600
t=1806143 read event=151 count=16384 submitted=2473984
t=1817194 read event=152 count=16384 submitted=2490368
t=1828332 read event=153 count=16384 submitted=2506752
t=1839986 read event=154 count=16384 submitted=2523136
t=1851060 read event=155 count=16384 submitted=2539520
t=1862114 read event=156 count=16384 submitted=2555904
t=1873298 read event=157 count=16384 submitted=2572288
t=1884360 read event=158 count=16384 submitted=2588672
t=1895406 read event=159 count=16384 submitted=2605056
t=1906461 read event=160 count=16384 submitted=2621440
t=1917607 read event=161 count=16384 submitted=2637824
t=1929260 read event=162 count=16384 submitted=2654208
t=1940334 read event=163 count=16384 submitted=2670592
t=1951388 read event=164 count=16384 submitted=2686976
t=1962574 read event=165 count=16384 submitted=2703360
t=1973642 read event=166 count=16384 submitted=2719744
t=1984722 read event=167 count=16384 submitted=2736128
t=1995770 read event=168 count=16384 submitted=2752512
t=2006917 read event=169 count=16384 submitted=2768896
t=2018554 read event=170 count=16384 submitted=2785280
t=2029646 read event=171 count=16384 submitted=2801664
t=2040721 read event=172 count=16384 submitted=2818048
t=2051894 read event=173 count=16384 submitted=2834432
t=2062952 read event=174 count=16384 submitted=2850816
t=2074002 read event=175 count=16384 submitted=2867200
t=2085104 read event=176 count=16384 submitted=2883584
t=2096250 read event=177 count=16384 submitted=2899968
t=2107917 read event=178 count=16384 submitted=2916352
t=2118992 read event=179 count=16384 submitted=2932736
t=2130049 read event=180 count=16384 submitted=2949120
t=2141218 read event=181 count=16384 submitted=2965504
t=2152280 read event=182 count=16384 submitted=2981888
t=2163362 read event=183 count=16384 submitted=2998272
t=2174414 read event=184 count=16384 submitted=3014656
t=2185562 read event=185 count=16384 submitted=3031040
t=2197198 read event=186 count=16384 submitted=3047424
t=2208284 read event=187 count=16384 submitted=3063808
t=2219339 read event=188 count=16384 submitted=3080192
t=2230532 read event=189 count=16384 submitted=3096576
t=2241602 read event=190 count=16384 submitted=3112960
t=2252671 read event=191 count=16384 submitted=3129344
t=2263728 read event=192 count=16384 submitted=3145728
t=2274863 read event=193 count=16384 submitted=3162112
t=2286492 read event=194 count=16384 submitted=3178496
t=2297572 read event=195 count=16384 submitted=3194880
t=2308655 read event=196 count=16384 submitted=3211264
t=2319832 read event=197 count=16384 submitted=3227648
t=2330889 read event=198 count=16384 submitted=3244032
t=2341941 read event=199 count=16384 submitted=3260416
t=2352996 read event=200 count=16384 submitted=3276800
t=2364136 read event=201 count=16384 submitted=3293184
t=2375770 read event=202 count=16384 submitted=3309568
t=2386846 read event=203 count=16384 submitted=3325952
t=2397908 read event=204 count=16384 submitted=3342336
t=2409098 read event=205 count=16384 submitted=3358720
t=2420156 read event=206 count=16384 submitted=3375104
t=2431199 read event=207 count=16384 submitted=3391488
t=2442255 read event=208 count=16384 submitted=3407872
t=2453393 read event=209 count=16384 submitted=3424256
t=2465040 read event=210 count=16384 submitted=3440640
t=2476108 read event=211 count=16384 submitted=3457024
t=2487160 read event=212 count=16384 submitted=3473408
t=2498338 read event=213 count=16384 submitted=3489792
t=2509404 read event=214 count=16384 submitted=3506176
t=2520451 read event=215 count=16384 submitted=3522560
t=2531504 read event=216 count=16384 submitted=3538944
t=2542658 read event=217 count=16384 submitted=3555328
t=2554296 read event=218 count=16384 submitted=3571712
t=2565365 read event=219 count=16384 submitted=3588096
t=2576417 read event=220 count=16384 submitted=3604480
t=2587601 read event=221 count=16384 submitted=3620864
t=2598668 read event=222 count=16384 submitted=3637248
t=2609738 read event=223 count=16384 submitted=3653632
t=2620785 read event=224 count=16384 submitted=3670016
t=2631928 read event=225 count=16384 submitted=3686400
t=2643550 read event=226 count=16384 submitted=3702784
t=2654634 read event=227 count=16384 submitted=3719168
t=2665702 read event=228 count=16384 submitted=3735552
t=2676879 read event=229 count=16384 submitted=3751936
t=2687945 read event=230 count=16384 submitted=3768320
t=2698990 read event=231 count=16384 submitted=3784704
t=2710047 read event=232 count=16384 submitted=3801088
t=2721176 read event=233 count=16384 submitted=3817472
t=2732821 read event=234 count=16384 submitted=3833856
t=2743893 read event=235 count=16384 submitted=3850240
t=2754944 read event=236 count=16384 submitted=3866624
t=2766121 read event=237 count=16384 submitted=3883008
t=2777173 read event=238 count=16384 submitted=3899392
t=2788227 read event=239 count=16384 submitted=3915776
t=2799270 read event=240 count=16384 submitted=3932160
t=2810410 read event=241 count=16384 submitted=3948544
t=2822038 read event=242 count=16384 submitted=3964928
t=2833111 read event=243 count=16384 submitted=3981312
t=2844163 read event=244 count=16384 submitted=3997696
t=2855334 read event=245 count=16384 submitted=4014080
t=2866392 read event=246 count=16384 submitted=4030464
t=2877442 read event=247 count=16384 submitted=4046848
t=2888487 read event=248 count=16384 submitted=4063232
t=2899630 read event=249 count=16384 submitted=4079616
t=2911259 read event=250 count=16384 submitted=4096000
t=2922334 read event=251 count=16384 submitted=4112384
t=2933388 read event=252 count=16384 submitted=4128768
t=2944589 read event=253 count=16384 submitted=4145152
t=2955652 read event=254 count=16384 submitted=4161536
t=2966705 read event=255 count=16384 submitted=4177920
t=2977751 read event=256 count=16384 submitted=4194304
t=2988877 read event=257 count=16384 submitted=4210688
t=3000502 read event=258 count=16384 submitted=4227072
t=3011599 read event=259 count=16384 submitted=4243456
t=3022663 read event=260 count=16384 submitted=4259840
t=3033860 read event=261 count=16384 submitted=4276224
t=3044919 read event=262 count=16384 submitted=4292608
t=3056029 read event=263 count=16384 submitted=4308992
t=3067121 read event=264 count=16384 submitted=4325376
t=3078286 read event=265 count=16384 submitted=4341760
t=3089942 read event=266 count=16384 submitted=4358144
t=3101021 read event=267 count=16384 submitted=4374528
t=3112091 read event=268 count=16384 submitted=4390912
t=3123271 read event=269 count=16384 submitted=4407296
t=3134333 read event=270 count=16384 submitted=4423680
t=3145380 read event=271 count=16384 submitted=4440064
t=3156432 read event=272 count=16384 submitted=4456448
t=3167574 read event=273 count=16384 submitted=4472832
t=3179210 read event=274 count=16384 submitted=4489216
t=3190314 read event=275 count=16384 submitted=4505600
t=3201368 read event=276 count=16384 submitted=4521984
t=3212563 read event=277 count=16384 submitted=4538368
t=3223631 read event=278 count=16384 submitted=4554752
t=3234686 read event=279 count=16384 submitted=4571136
t=3245747 read event=280 count=16384 submitted=4587520
t=3256872 read event=281 count=16384 submitted=4603904
t=3268506 read event=282 count=16384 submitted=4620288
t=3279591 read event=283 count=16384 submitted=4636672
t=3290661 read event=284 count=16384 submitted=4653056
t=3301925 read event=285 count=16384 submitted=4669440
t=3313008 read event=286 count=16384 submitted=4685824
t=3324061 read event=287 count=16384 submitted=4702208
t=3335109 read event=288 count=16384 submitted=4718592
t=3346238 read event=289 count=16384 submitted=4734976
t=3357899 read event=290 count=16384 submitted=4751360
t=3368995 read event=291 count=16384 submitted=4767744
t=3380050 read event=292 count=16384 submitted=4784128
t=3391225 read event=293 count=16384 submitted=4800512
t=3402311 read event=294 count=16384 submitted=4816896
t=3413382 read event=295 count=16384 submitted=4833280
t=3424430 read event=296 count=16384 submitted=4849664
t=3435583 read event=297 count=16384 submitted=4866048
t=3447235 read event=298 count=16384 submitted=4882432
t=3458311 read event=299 count=16384 submitted=4898816
t=3469364 read event=300 count=16384 submitted=4915200
t=3480553 read event=301 count=16384 submitted=4931584
t=3491625 read event=302 count=16384 submitted=4947968
t=3502689 read event=303 count=16384 submitted=4964352
t=3513759 read event=304 count=16384 submitted=4980736
t=3524890 read event=305 count=16384 submitted=4997120
t=3536517 read event=306 count=16384 submitted=5013504
t=3547600 read event=307 count=16384 submitted=5029888
t=3558661 read event=308 count=16384 submitted=5046272
t=3569852 read event=309 count=16384 submitted=5062656
t=3580907 read event=310 count=16384 submitted=5079040
t=3591953 read event=311 count=16384 submitted=5095424
t=3602994 read event=312 count=16384 submitted=5111808
t=3614144 read event=313 count=16384 submitted=5128192
t=3625790 read event=314 count=16384 submitted=5144576
t=3636866 read event=315 count=16384 submitted=5160960
t=3647920 read event=316 count=16384 submitted=5177344
t=3659091 read event=317 count=16384 submitted=5193728
t=3670145 read event=318 count=16384 submitted=5210112
t=3681189 read event=319 count=16384 submitted=5226496
t=3692233 read event=320 count=16384 submitted=5242880
t=3703382 read event=321 count=16384 submitted=5259264
t=3715027 read event=322 count=16384 submitted=5275648
t=3726103 read event=323 count=16384 submitted=5292032
t=3737157 read event=324 count=16384 submitted=5308416
t=3748328 read event=325 count=16384 submitted=5324800
t=3759381 read event=326 count=16384 submitted=5341184
t=3770434 read event=327 count=16384 submitted=5357568
t=3781481 read event=328 count=16384 submitted=5373952
t=3792617 read event=329 count=16384 submitted=5390336
t=3804244 read event=330 count=16384 submitted=5406720
t=3815322 read event=331 count=16384 submitted=5423104
t=3826380 read event=332 count=16384 submitted=5439488
t=3837572 read event=333 count=16384 submitted=5455872
t=3848640 read event=334 count=16384 submitted=5472256
t=3859696 read event=335 count=16384 submitted=5488640
t=3870754 read event=336 count=16384 submitted=5505024
t=3881889 read event=337 count=16384 submitted=5521408
t=3893521 read event=338 count=16384 submitted=5537792
t=3904611 read event=339 count=16384 submitted=5554176
t=3915685 read event=340 count=16384 submitted=5570560
t=3926865 read event=341 count=16384 submitted=5586944
t=3937927 read event=342 count=16384 submitted=5603328
t=3948974 read event=343 count=16384 submitted=5619712
t=3960019 read event=344 count=16384 submitted=5636096
t=3971158 read event=345 count=16384 submitted=5652480
t=3982807 read event=346 count=16384 submitted=5668864
t=3993885 read event=347 count=16384 submitted=5685248
t=4004939 read event=348 count=16384 submitted=5701632
t=4016130 read event=349 count=16384 submitted=5718016
t=4027212 read event=350 count=16384 submitted=5734400
t=4038282 read event=351 count=16384 submitted=5750784
t=4049336 read event=352 count=16384 submitted=5767168
t=4060473 read event=353 count=16384 submitted=5783552
t=4072105 read event=354 count=16384 submitted=5799936
t=4083179 read event=355 count=16384 submitted=5816320
t=4094233 read event=356 count=16384 submitted=5832704
t=4105405 read event=357 count=16384 submitted=5849088
t=4116481 read event=358 count=16384 submitted=5865472
t=4127544 read event=359 count=16384 submitted=5881856
t=4138602 read event=360 count=16384 submitted=5898240
t=4149790 read event=361 count=16384 submitted=5914624
t=4161406 read event=362 count=16384 submitted=5931008
t=4172481 read event=363 count=16384 submitted=5947392
t=4183542 read event=364 count=16384 submitted=5963776
t=4194723 read event=365 count=16384 submitted=5980160
t=4205797 read event=366 count=16384 submitted=5996544
t=4216865 read event=367 count=16384 submitted=6012928
t=4227915 read event=368 count=16384 submitted=6029312
t=4239057 read event=369 count=16384 submitted=6045696
t=4250708 read event=370 count=16384 submitted=6062080
t=4261788 read event=371 count=16384 submitted=6078464
t=4272842 read event=372 count=16384 submitted=6094848
t=4284021 read event=373 count=16384 submitted=6111232
t=4295079 read event=374 count=16384 submitted=6127616
t=4306126 read event=375 count=16384 submitted=6144000
t=4317185 read event=376 count=16384 submitted=6160384
t=4328317 read event=377 count=16384 submitted=6176768
t=4339962 read event=378 count=16384 submitted=6193152
t=4351038 read event=379 count=16384 submitted=6209536
t=4362096 read event=380 count=16384 submitted=6225920
t=4373497 read event=381 count=16384 submitted=6242304
t=4384582 read event=382 count=16384 submitted=6258688
t=4395650 read event=383 count=16384 submitted=6275072
t=4406705 read event=384 count=16384 submitted=6291456
t=4417866 read event=385 count=16384 submitted=6307840
t=4429491 read event=386 count=16384 submitted=6324224
t=4440576 read event=387 count=16384 submitted=6340608
t=4451639 read event=388 count=16384 submitted=6356992
t=4462821 read event=389 count=16384 submitted=6373376
t=4473878 read event=390 count=16384 submitted=6389760
t=4484924 read event=391 count=16384 submitted=6406144
t=4495971 read event=392 count=16384 submitted=6422528
t=4507114 read event=393 count=16384 submitted=6438912
t=4518760 read event=394 count=16384 submitted=6455296
t=4529835 read event=395 count=16384 submitted=6471680
t=4540893 read event=396 count=16384 submitted=6488064
t=4552071 read event=397 count=16384 submitted=6504448
t=4563136 read event=398 count=16384 submitted=6520832
t=4574228 read event=399 count=16384 submitted=6537216
t=4585286 read event=400 count=16384 submitted=6553600
t=4596424 read event=401 count=16384 submitted=6569984
t=4608094 read event=402 count=16384 submitted=6586368
t=4619163 read event=403 count=16384 submitted=6602752
t=4630221 read event=404 count=16384 submitted=6619136
t=4641401 read event=405 count=16384 submitted=6635520
t=4652456 read event=406 count=16384 submitted=6651904
t=4663514 read event=407 count=16384 submitted=6668288
t=4674576 read event=408 count=16384 submitted=6684672
t=4685727 read event=409 count=16384 submitted=6701056
t=4697343 read event=410 count=16384 submitted=6717440
t=4708425 read event=411 count=16384 submitted=6733824
t=4719480 read event=412 count=16384 submitted=6750208
t=4730686 read event=413 count=16384 submitted=6766592
t=4741776 read event=414 count=16384 submitted=6782976
t=4752830 read event=415 count=16384 submitted=6799360
t=4763882 read event=416 count=16384 submitted=6815744
t=4775029 read event=417 count=16384 submitted=6832128
t=4786665 read event=418 count=16384 submitted=6848512
t=4797778 read event=419 count=16384 submitted=6864896
t=4808846 read event=420 count=16384 submitted=6881280
t=4820019 read event=421 count=16384 submitted=6897664
t=4831074 read event=422 count=16384 submitted=6914048
t=4842118 read event=423 count=16384 submitted=6930432
t=4853164 read event=424 count=16384 submitted=6946816
t=4864296 read event=425 count=16384 submitted=6963200
t=4875940 read event=426 count=16384 submitted=6979584
t=4887013 read event=427 count=16384 submitted=6995968
t=4898068 read event=428 count=16384 submitted=7012352
t=4909257 read event=429 count=16384 submitted=7028736
t=4920323 read event=430 count=16384 submitted=7045120
t=4931407 read event=431 count=16384 submitted=7061504
t=4942469 read event=432 count=16384 submitted=7077888
t=4953632 read event=433 count=16384 submitted=7094272
t=4965277 read event=434 count=16384 submitted=7110656
t=4976352 read event=435 count=16384 submitted=7127040
t=4987410 read event=436 count=16384 submitted=7143424
t=4998596 read event=437 count=16384 submitted=7159808
t=5009682 read event=438 count=16384 submitted=7176192
t=5020742 read event=439 count=16384 submitted=7192576
t=5031826 read event=440 count=16384 submitted=7208960
t=5042976 read event=441 count=16384 submitted=7225344
t=5054627 read event=442 count=16384 submitted=7241728
t=5065709 read event=443 count=16384 submitted=7258112
t=5076773 read event=444 count=16384 submitted=7274496
t=5087959 read event=445 count=16384 submitted=7290880
t=5099017 read event=446 count=16384 submitted=7307264
t=5110079 read event=447 count=16384 submitted=7323648
t=5121132 read event=448 count=16384 submitted=7340032
t=5132268 read event=449 count=16384 submitted=7356416
t=5143916 read event=450 count=16384 submitted=7372800
t=5154991 read event=451 count=16384 submitted=7389184
t=5166054 read event=452 count=16384 submitted=7405568
t=5177273 read event=453 count=16384 submitted=7421952
t=5188352 read event=454 count=16384 submitted=7438336
t=5199407 read event=455 count=16384 submitted=7454720
t=5210473 read event=456 count=16384 submitted=7471104
t=5221614 read event=457 count=16384 submitted=7487488
t=5233262 read event=458 count=16384 submitted=7503872
t=5244333 read event=459 count=16384 submitted=7520256
t=5255390 read event=460 count=16384 submitted=7536640
t=5266569 read event=461 count=16384 submitted=7553024
t=5277632 read event=462 count=16384 submitted=7569408
t=5288688 read event=463 count=16384 submitted=7585792
t=5299750 read event=464 count=16384 submitted=7602176
t=5310897 read event=465 count=16384 submitted=7618560
t=5322523 read event=466 count=16384 submitted=7634944
t=5333600 read event=467 count=16384 submitted=7651328
t=5344664 read event=468 count=16384 submitted=7667712
t=5355842 read event=469 count=16384 submitted=7684096
t=5366909 read event=470 count=16384 submitted=7700480
t=5377959 read event=471 count=16384 submitted=7716864
t=5389005 read event=472 count=16384 submitted=7733248
t=5400461 read event=473 count=16384 submitted=7749632
t=5412771 read event=474 count=16384 submitted=7766016
t=5424010 read event=475 count=16384 submitted=7782400
t=5435800 read event=476 count=16384 submitted=7798784
t=5448047 read event=477 count=16384 submitted=7815168
t=5460170 read event=478 count=16384 submitted=7831552
t=5473340 read event=479 count=16384 submitted=7847936
t=5486209 read event=480 count=16384 submitted=7864320
t=5498438 read event=481 count=16384 submitted=7880704
t=5511242 read event=482 count=16384 submitted=7897088
t=5523313 read event=483 count=16384 submitted=7913472
t=5535437 read event=484 count=16384 submitted=7929856
t=5547305 read event=485 count=16384 submitted=7946240
t=5558958 read event=486 count=16384 submitted=7962624
t=5570547 read event=487 count=16384 submitted=7979008
t=5582742 read event=488 count=16384 submitted=7995392
t=5594362 read event=489 count=16384 submitted=8011776
t=5606037 read event=490 count=16384 submitted=8028160
t=5617133 read event=491 count=16384 submitted=8044544
t=5628188 read event=492 count=16384 submitted=8060928
t=5639364 read event=493 count=16384 submitted=8077312
t=5650426 read event=494 count=16384 submitted=8093696
t=5661467 read event=495 count=16384 submitted=8110080
t=5672529 read event=496 count=16384 submitted=8126464
t=5683667 read event=497 count=16384 submitted=8142848
t=5695317 read event=498 count=16384 submitted=8159232
t=5706391 read event=499 count=16384 submitted=8175616
t=5717461 read event=500 count=16384 submitted=8192000
t=5728650 read event=501 count=16384 submitted=8208384
t=5739726 read event=502 count=16384 submitted=8224768
t=5750766 read event=503 count=16384 submitted=8241152
t=5761818 read event=504 count=16384 submitted=8257536
t=5772985 read event=505 count=16384 submitted=8273920
t=5784629 read event=506 count=16384 submitted=8290304
t=5795725 read event=507 count=16384 submitted=8306688
t=5806792 read event=508 count=16384 submitted=8323072
t=5817963 read event=509 count=16384 submitted=8339456
t=5829025 read event=510 count=16384 submitted=8355840
t=5840076 read event=511 count=16384 submitted=8372224
t=5851118 read event=512 count=16384 submitted=8388608
t=5862260 read event=513 count=16384 submitted=8404992
t=5873905 read event=514 count=16384 submitted=8421376
t=5885001 read event=515 count=16384 submitted=8437760
t=5896060 read event=516 count=16384 submitted=8454144
t=5907240 read event=517 count=16384 submitted=8470528
t=5918302 read event=518 count=16384 submitted=8486912
t=5929348 read event=519 count=16384 submitted=8503296
t=5940391 read event=520 count=16384 submitted=8519680
t=5951534 read event=521 count=16384 submitted=8536064
t=5963173 read event=522 count=16384 submitted=8552448
t=5974245 read event=523 count=16384 submitted=8568832
t=5985306 read event=524 count=16384 submitted=8585216
t=5996483 read event=525 count=16384 submitted=8601600
t=6007557 read event=526 count=16384 submitted=8617984
t=6018627 read event=527 count=16384 submitted=8634368
t=6029701 read event=528 count=16384 submitted=8650752
t=6040849 read event=529 count=16384 submitted=8667136
t=6052508 read event=530 count=16384 submitted=8683520
t=6063597 read event=531 count=16384 submitted=8699904
t=6074666 read event=532 count=16384 submitted=8716288
t=6085862 read event=533 count=16384 submitted=8732672
t=6096926 read event=534 count=16384 submitted=8749056
t=6107987 read event=535 count=16384 submitted=8765440
t=6119040 read event=536 count=16384 submitted=8781824
t=6130192 read event=537 count=16384 submitted=8798208
t=6141839 read event=538 count=16384 submitted=8814592
t=6152911 read event=539 count=16384 submitted=8830976
t=6163969 read event=540 count=16384 submitted=8847360
t=6175140 read event=541 count=16384 submitted=8863744
t=6186206 read event=542 count=16384 submitted=8880128
t=6197293 read event=543 count=16384 submitted=8896512
t=6208362 read event=544 count=16384 submitted=8912896
t=6219501 read event=545 count=16384 submitted=8929280
t=6231135 read event=546 count=16384 submitted=8945664
t=6242211 read event=547 count=16384 submitted=8962048
t=6253271 read event=548 count=16384 submitted=8978432
t=6264484 read event=549 count=16384 submitted=8994816
t=6275556 read event=550 count=16384 submitted=9011200
t=6286612 read event=551 count=16384 submitted=9027584
t=6297666 read event=552 count=16384 submitted=9043968
t=6308854 read event=553 count=16384 submitted=9060352
t=6320498 read event=554 count=16384 submitted=9076736
t=6331583 read event=555 count=16384 submitted=9093120
t=6342644 read event=556 count=16384 submitted=9109504
t=6353829 read event=557 count=16384 submitted=9125888
t=6364896 read event=558 count=16384 submitted=9142272
t=6375943 read event=559 count=16384 submitted=9158656
t=6386988 read event=560 count=16384 submitted=9175040
t=6398125 read event=561 count=16384 submitted=9191424
t=6409784 read event=562 count=16384 submitted=9207808
t=6420854 read event=563 count=16384 submitted=9224192
t=6431909 read event=564 count=16384 submitted=9240576
t=6443077 read event=565 count=16384 submitted=9256960
t=6454136 read event=566 count=16384 submitted=9273344
t=6465177 read event=567 count=16384 submitted=9289728
t=6476225 read event=568 count=16384 submitted=9306112
t=6487352 read event=569 count=16384 submitted=9322496
t=6498983 read event=570 count=16384 submitted=9338880
t=6510070 read event=571 count=16384 submitted=9355264
t=6521127 read event=572 count=16384 submitted=9371648
t=6532300 read event=573 count=16384 submitted=9388032
t=6543365 read event=574 count=16384 submitted=9404416
t=6554413 read event=575 count=16384 submitted=9420800
t=6565458 read event=576 count=16384 submitted=9437184
t=6576593 read event=577 count=16384 submitted=9453568
t=6588246 read event=578 count=16384 submitted=9469952
t=6599322 read event=579 count=16384 submitted=9486336
t=6610393 read event=580 count=16384 submitted=9502720
t=6621588 read event=581 count=16384 submitted=9519104
t=6632662 read event=582 count=16384 submitted=9535488
t=6643729 read event=583 count=16384 submitted=9551872
t=6654777 read event=584 count=16384 submitted=9568256
t=6665923 read event=585 count=16384 submitted=9584640
t=6677550 read event=586 count=16384 submitted=9601024
t=6688639 read event=587 count=16384 submitted=9617408
t=6699719 read event=588 count=16384 submitted=9633792
t=6710920 read event=589 count=16384 submitted=9650176
t=6721980 read event=590 count=16384 submitted=9666560
t=6733028 read event=591 count=16384 submitted=9682944
t=6744075 read event=592 count=16384 submitted=9699328
t=6755207 read event=593 count=16384 submitted=9715712
t=6766846 read event=594 count=16384 submitted=9732096
t=6777926 read event=595 count=16384 submitted=9748480
t=6788988 read event=596 count=16384 submitted=9764864
t=6800164 read event=597 count=16384 submitted=9781248
t=6811234 read event=598 count=16384 submitted=9797632
t=6822292 read event=599 count=16384 submitted=9814016
t=6833339 read event=600 count=16384 submitted=9830400
t=6844479 read event=601 count=16384 submitted=9846784
t=6856120 read event=602 count=16384 submitted=9863168
t=6867195 read event=603 count=16384 submitted=9879552
t=6878254 read event=604 count=16384 submitted=9895936
t=6889411 read event=605 count=16384 submitted=9912320
t=6900470 read event=606 count=16384 submitted=9928704
t=6911544 read event=607 count=16384 submitted=9945088
t=6922605 read event=608 count=16384 submitted=9961472
t=6933748 read event=609 count=16384 submitted=9977856
t=6945378 read event=610 count=16384 submitted=9994240
t=6956449 read event=611 count=16384 submitted=10010624
t=6967512 read event=612 count=16384 submitted=10027008
t=6978693 read event=613 count=16384 submitted=10043392
t=6989758 read event=614 count=16384 submitted=10059776
t=7000807 read event=615 count=16384 submitted=10076160
t=7011870 read event=616 count=16384 submitted=10092544
t=7023058 read event=617 count=16384 submitted=10108928
t=7034844 read event=618 count=16384 submitted=10125312
t=7045950 read event=619 count=16384 submitted=10141696
t=7057010 read event=620 count=16384 submitted=10158080
t=7068201 read event=621 count=16384 submitted=10174464
t=7079260 read event=622 count=16384 submitted=10190848
t=7090314 read event=623 count=16384 submitted=10207232
t=7101369 read event=624 count=16384 submitted=10223616
t=7112535 read event=625 count=16384 submitted=10240000
t=7124187 read event=626 count=16384 submitted=10256384
t=7135260 read event=627 count=16384 submitted=10272768
t=7146312 read event=628 count=16384 submitted=10289152
t=7157523 read event=629 count=16384 submitted=10305536
t=7168594 read event=630 count=16384 submitted=10321920
t=7179651 read event=631 count=16384 submitted=10338304
t=7190705 read event=632 count=16384 submitted=10354688
t=7201866 read event=633 count=16384 submitted=10371072
t=7213498 read event=634 count=16384 submitted=10387456
t=7224590 read event=635 count=16384 submitted=10403840
t=7235659 read event=636 count=16384 submitted=10420224
t=7246844 read event=637 count=16384 submitted=10436608
t=7257910 read event=638 count=16384 submitted=10452992
t=7268957 read event=639 count=16384 submitted=10469376
t=7280005 read event=640 count=16384 submitted=10485760
t=7291137 read event=641 count=16384 submitted=10502144
t=7302779 read event=642 count=16384 submitted=10518528
t=7313874 read event=643 count=16384 submitted=10534912
t=7324926 read event=644 count=16384 submitted=10551296
t=7336105 read event=645 count=16384 submitted=10567680
t=7347164 read event=646 count=16384 submitted=10584064
t=7358221 read event=647 count=16384 submitted=10600448
t=7369275 read event=648 count=16384 submitted=10616832
t=7380632 read event=649 count=16384 submitted=10633216
t=7392289 read event=650 count=16384 submitted=10649600
t=7403376 read event=651 count=16384 submitted=10665984
t=7414466 read event=652 count=16384 submitted=10682368
t=7425659 read event=653 count=16384 submitted=10698752
t=7436730 read event=654 count=16384 submitted=10715136
t=7447777 read event=655 count=16384 submitted=10731520
t=7458830 read event=656 count=16384 submitted=10747904
t=7469980 read event=657 count=16384 submitted=10764288
t=7481630 read event=658 count=16384 submitted=10780672
t=7492719 read event=659 count=16384 submitted=10797056
t=7503776 read event=660 count=16384 submitted=10813440
t=7514962 read event=661 count=16384 submitted=10829824
t=7526024 read event=662 count=16384 submitted=10846208
t=7537086 read event=663 count=16384 submitted=10862592
t=7548143 read event=664 count=16384 submitted=10878976
t=7559271 read event=665 count=16384 submitted=10895360
t=7570909 read event=666 count=16384 submitted=10911744
t=7581988 read event=667 count=16384 submitted=10928128
t=7593046 read event=668 count=16384 submitted=10944512
t=7604237 read event=669 count=16384 submitted=10960896
t=7615306 read event=670 count=16384 submitted=10977280
t=7626359 read event=671 count=16384 submitted=10993664
t=7637414 read event=672 count=16384 submitted=11010048
t=7648557 read event=673 count=16384 submitted=11026432
t=7660202 read event=674 count=16384 submitted=11042816
t=7671281 read event=675 count=16384 submitted=11059200
t=7682337 read event=676 count=16384 submitted=11075584
t=7693522 read event=677 count=16384 submitted=11091968
t=7704590 read event=678 count=16384 submitted=11108352
t=7715662 read event=679 count=16384 submitted=11124736
t=7726723 read event=680 count=16384 submitted=11141120
t=7737876 read event=681 count=16384 submitted=11157504
t=7749496 read event=682 count=16384 submitted=11173888
t=7760584 read event=683 count=16384 submitted=11190272
t=7771650 read event=684 count=16384 submitted=11206656
t=7782826 read event=685 count=16384 submitted=11223040
t=7793884 read event=686 count=16384 submitted=11239424
t=7804934 read event=687 count=16384 submitted=11255808
t=7815989 read event=688 count=16384 submitted=11272192
t=7827130 read event=689 count=16384 submitted=11288576
t=7838787 read event=690 count=16384 submitted=11304960
t=7849867 read event=691 count=16384 submitted=11321344
t=7860930 read event=692 count=16384 submitted=11337728
t=7872115 read event=693 count=16384 submitted=11354112
t=7883181 read event=694 count=16384 submitted=11370496
t=7894226 read event=695 count=16384 submitted=11386880
t=7905277 read event=696 count=16384 submitted=11403264
t=7916424 read event=697 count=16384 submitted=11419648
t=7928070 read event=698 count=16384 submitted=11436032
t=7939147 read event=699 count=16384 submitted=11452416
t=7950202 read event=700 count=16384 submitted=11468800
t=7961372 read event=701 count=16384 submitted=11485184
t=7972429 read event=702 count=16384 submitted=11501568
t=7983473 read event=703 count=16384 submitted=11517952
t=7994532 read event=704 count=16384 submitted=11534336
t=8005682 read event=705 count=16384 submitted=11550720
t=8017335 read event=706 count=16384 submitted=11567104
t=8028417 read event=707 count=16384 submitted=11583488
t=8039481 read event=708 count=16384 submitted=11599872
t=8050676 read event=709 count=16384 submitted=11616256
t=8061754 read event=710 count=16384 submitted=11632640
t=8072806 read event=711 count=16384 submitted=11649024
t=8087777 read event=712 count=16384 submitted=11665408
t=8101384 read event=713 count=16384 submitted=11681792
t=8114495 read event=714 count=16384 submitted=11698176
t=8131759 read event=715 count=16384 submitted=11714560
t=8145511 read event=716 count=16384 submitted=11730944
t=8162174 read event=717 count=16384 submitted=11747328
t=8174437 read event=718 count=16384 submitted=11763712
t=8192411 read event=719 count=16384 submitted=11780096
t=8205996 read event=720 count=16384 submitted=11796480
t=8223180 read event=721 count=16384 submitted=11812864
t=8238049 read event=722 count=16384 submitted=11829248
t=8255178 read event=723 count=16384 submitted=11845632
t=8270330 read event=724 count=16384 submitted=11862016
t=8287565 read event=725 count=16384 submitted=11878400
t=8303074 read event=726 count=16384 submitted=11894784
t=8320384 read event=727 count=16384 submitted=11911168
t=8336071 read event=728 count=16384 submitted=11927552
t=8354074 read event=729 count=16384 submitted=11943936
t=8371576 read event=730 count=16384 submitted=11960320
t=8388486 read event=731 count=16384 submitted=11976704
t=8405301 read event=732 count=16384 submitted=11993088
t=8423288 read event=733 count=16384 submitted=12009472
t=8442956 read event=734 count=16384 submitted=12025856
t=8458731 read event=735 count=16384 submitted=12042240
t=8477310 read event=736 count=16384 submitted=12058624
t=8494070 read event=737 count=16384 submitted=12075008
t=8511436 read event=738 count=16384 submitted=12091392
t=8530897 read event=739 count=16384 submitted=12107776
t=8547777 read event=740 count=16384 submitted=12124160
t=8568181 read event=741 count=16384 submitted=12140544
t=8583530 read event=742 count=16384 submitted=12156928
t=8603740 read event=743 count=16384 submitted=12173312
t=8621082 read event=744 count=16384 submitted=12189696
t=8638723 read event=745 count=16384 submitted=12206080
t=8658378 read event=746 count=16384 submitted=12222464
t=8675976 read event=747 count=16384 submitted=12238848
t=8698052 read event=748 count=16384 submitted=12255232
t=8715034 read event=749 count=16384 submitted=12271616
t=8734935 read event=750 count=16384 submitted=12288000
t=8756501 read event=751 count=16384 submitted=12304384
t=8772433 read event=752 count=16384 submitted=12320768
t=8794999 read event=753 count=16384 submitted=12337152
t=8810377 read event=754 count=16384 submitted=12353536
t=8832446 read event=755 count=16384 submitted=12369920
t=8849887 read event=756 count=16384 submitted=12386304
t=8868551 read event=757 count=16384 submitted=12402688
t=8890623 read event=758 count=16384 submitted=12419072
t=8907812 read event=759 count=16384 submitted=12435456
t=8930507 read event=760 count=16384 submitted=12451840
t=8947325 read event=761 count=16384 submitted=12468224
t=8967825 read event=762 count=16384 submitted=12484608
t=8989853 read event=763 count=16384 submitted=12500992
t=9007058 read event=764 count=16384 submitted=12517376
t=9029593 read event=765 count=16384 submitted=12533760
t=9045927 read event=766 count=16384 submitted=12550144
t=9067465 read event=767 count=16384 submitted=12566528
t=9085871 read event=768 count=16384 submitted=12582912
t=9106888 read event=769 count=16384 submitted=12599296
t=9128979 read event=770 count=16384 submitted=12615680
t=9140068 read event=771 count=16384 submitted=12632064
t=9151135 read event=772 count=16384 submitted=12648448
t=9162361 read event=773 count=16384 submitted=12664832
t=9173425 read event=774 count=16384 submitted=12681216
t=9184468 read event=775 count=16384 submitted=12697600
t=9195527 read event=776 count=16384 submitted=12713984
t=9206691 read event=777 count=16384 submitted=12730368
t=9218335 read event=778 count=16384 submitted=12746752
t=9229407 read event=779 count=16384 submitted=12763136
t=9240462 read event=780 count=16384 submitted=12779520
t=9251685 read event=781 count=16384 submitted=12795904
t=9262757 read event=782 count=16384 submitted=12812288
t=9273810 read event=783 count=16384 submitted=12828672
t=9284860 read event=784 count=16384 submitted=12845056
t=9296004 read event=785 count=16384 submitted=12861440
t=9307654 read event=786 count=16384 submitted=12877824
t=9318754 read event=787 count=16384 submitted=12894208
t=9329817 read event=788 count=16384 submitted=12910592
t=9341033 read event=789 count=16384 submitted=12926976
t=9352092 read event=790 count=16384 submitted=12943360
t=9363136 read event=791 count=16384 submitted=12959744
t=9374180 read event=792 count=16384 submitted=12976128
t=9385311 read event=793 count=16384 submitted=12992512
t=9396943 read event=794 count=16384 submitted=13008896
t=9408029 read event=795 count=16384 submitted=13025280
t=9419103 read event=796 count=16384 submitted=13041664
t=9430289 read event=797 count=16384 submitted=13058048
t=9441350 read event=798 count=16384 submitted=13074432
t=9452395 read event=799 count=16384 submitted=13090816
t=9463443 read event=800 count=16384 submitted=13107200
t=9474577 read event=801 count=16384 submitted=13123584
t=9486221 read event=802 count=16384 submitted=13139968
t=9497301 read event=803 count=16384 submitted=13156352
t=9508363 read event=804 count=16384 submitted=13172736
t=9519550 read event=805 count=16384 submitted=13189120
t=9530622 read event=806 count=16384 submitted=13205504
t=9541683 read event=807 count=16384 submitted=13221888
t=9552740 read event=808 count=16384 submitted=13238272
t=9563894 read event=809 count=16384 submitted=13254656
t=9575547 read event=810 count=16384 submitted=13271040
t=9586633 read event=811 count=16384 submitted=13287424
t=9597701 read event=812 count=16384 submitted=13303808
t=9608896 read event=813 count=16384 submitted=13320192
t=9619958 read event=814 count=16384 submitted=13336576
t=9631011 read event=815 count=16384 submitted=13352960
t=9642058 read event=816 count=16384 submitted=13369344
t=9653190 read event=817 count=16384 submitted=13385728
t=9664828 read event=818 count=16384 submitted=13402112
t=9675904 read event=819 count=16384 submitted=13418496
t=9686952 read event=820 count=16384 submitted=13434880
t=9698132 read event=821 count=16384 submitted=13451264
t=9709205 read event=822 count=16384 submitted=13467648
t=9720252 read event=823 count=16384 submitted=13484032
t=9731302 read event=824 count=16384 submitted=13500416
t=9742437 read event=825 count=16384 submitted=13516800
t=9754070 read event=826 count=16384 submitted=13533184
t=9765160 read event=827 count=16384 submitted=13549568
t=9776237 read event=828 count=16384 submitted=13565952
t=9787424 read event=829 count=16384 submitted=13582336
t=9798494 read event=830 count=16384 submitted=13598720
t=9809560 read event=831 count=16384 submitted=13615104
t=9820619 read event=832 count=16384 submitted=13631488
t=9831779 read event=833 count=16384 submitted=13647872
t=9843404 read event=834 count=16384 submitted=13664256
t=9854480 read event=835 count=16384 submitted=13680640
t=9865548 read event=836 count=16384 submitted=13697024
t=9876738 read event=837 count=16384 submitted=13713408
t=9887794 read event=838 count=16384 submitted=13729792
t=9898836 read event=839 count=16384 submitted=13746176
t=9909898 read event=840 count=16384 submitted=13762560
t=9921031 read event=841 count=16384 submitted=13778944
t=9932684 read event=842 count=16384 submitted=13795328
t=9943778 read event=843 count=16384 submitted=13811712
t=9954829 read event=844 count=16384 submitted=13828096
t=9966018 read event=845 count=16384 submitted=13844480
t=9977073 read event=846 count=16384 submitted=13860864
t=9988122 read event=847 count=16384 submitted=13877248
t=9999166 read event=848 count=16384 submitted=13893632
t=10010309 read event=849 count=16384 submitted=13910016
t=10021981 read event=850 count=16384 submitted=13926400
t=10033065 read event=851 count=16384 submitted=13942784
t=10044125 read event=852 count=16384 submitted=13959168
t=10055365 read event=853 count=16384 submitted=13975552
t=10066430 read event=854 count=16384 submitted=13991936
t=10077476 read event=855 count=16384 submitted=14008320
t=10088529 read event=856 count=16384 submitted=14024704
t=10099677 read event=857 count=16384 submitted=14041088
t=10111323 read event=858 count=16384 submitted=14057472
t=10122400 read event=859 count=16384 submitted=14073856
t=10133454 read event=860 count=16384 submitted=14090240
t=10144686 read event=861 count=16384 submitted=14106624
t=10155762 read event=862 count=16384 submitted=14123008
t=10166858 read event=863 count=16384 submitted=14139392
t=10177918 read event=864 count=16384 submitted=14155776
t=10189097 read event=865 count=16384 submitted=14172160
t=10200742 read event=866 count=16384 submitted=14188544
t=10211827 read event=867 count=16384 submitted=14204928
t=10222879 read event=868 count=16384 submitted=14221312
t=10234057 read event=869 count=16384 submitted=14237696
t=10245117 read event=870 count=16384 submitted=14254080
t=10256167 read event=871 count=16384 submitted=14270464
t=10267210 read event=872 count=16384 submitted=14286848
t=10278334 read event=873 count=16384 submitted=14303232
t=10289983 read event=874 count=16384 submitted=14319616
t=10301059 read event=875 count=16384 submitted=14336000
t=10312122 read event=876 count=16384 submitted=14352384
t=10323297 read event=877 count=16384 submitted=14368768
t=10334359 read event=878 count=16384 submitted=14385152
t=10345403 read event=879 count=16384 submitted=14401536
t=10356447 read event=880 count=16384 submitted=14417920
t=10367618 read event=881 count=16384 submitted=14434304
t=10379262 read event=882 count=16384 submitted=14450688
t=10390335 read event=883 count=16384 submitted=14467072
t=10401383 read event=884 count=16384 submitted=14483456
t=10412805 read event=885 count=16384 submitted=14499840
t=10423879 read event=886 count=16384 submitted=14516224
t=10434925 read event=887 count=16384 submitted=14532608
t=10445978 read event=888 count=16384 submitted=14548992
t=10457112 read event=889 count=16384 submitted=14565376
t=10468774 read event=890 count=16384 submitted=14581760
t=10479856 read event=891 count=16384 submitted=14598144
t=10490920 read event=892 count=16384 submitted=14614528
t=10503539 read event=893 count=16384 submitted=14630912
t=10516233 read event=894 count=16384 submitted=14647296
t=10527358 read event=895 count=16384 submitted=14663680
t=10538424 read event=896 count=16384 submitted=14680064
t=10549593 read event=897 count=16384 submitted=14696448
t=10561269 read event=898 count=16384 submitted=14712832
t=10572352 read event=899 count=16384 submitted=14729216
t=10583410 read event=900 count=16384 submitted=14745600
t=10594606 read event=901 count=16384 submitted=14761984
t=10605737 read event=902 count=16384 submitted=14778368
t=10616799 read event=903 count=16384 submitted=14794752
t=10627857 read event=904 count=16384 submitted=14811136
t=10638994 read event=905 count=16384 submitted=14827520
t=10650640 read event=906 count=16384 submitted=14843904
t=10661732 read event=907 count=16384 submitted=14860288
t=10672784 read event=908 count=16384 submitted=14876672
t=10683952 read event=909 count=16384 submitted=14893056
t=10695010 read event=910 count=16384 submitted=14909440
t=10706066 read event=911 count=16384 submitted=14925824
t=10717126 read event=912 count=16384 submitted=14942208
t=10728255 read event=913 count=16384 submitted=14958592
t=10739893 read event=914 count=16384 submitted=14974976
t=10750960 read event=915 count=16384 submitted=14991360
t=10762018 read event=916 count=16384 submitted=15007744
t=10773192 read event=917 count=16384 submitted=15024128
t=10784253 read event=918 count=16384 submitted=15040512
t=10795298 read event=919 count=16384 submitted=15056896
t=10806353 read event=920 count=16384 submitted=15073280
t=10817579 read event=921 count=16384 submitted=15089664
t=10829222 read event=922 count=16384 submitted=15106048
t=10840300 read event=923 count=16384 submitted=15122432
t=10851358 read event=924 count=16384 submitted=15138816
t=10862537 read event=925 count=16384 submitted=15155200
t=10873604 read event=926 count=16384 submitted=15171584
t=10884657 read event=927 count=16384 submitted=15187968
t=10895727 read event=928 count=16384 submitted=15204352
t=10906880 read event=929 count=16384 submitted=15220736
t=10918520 read event=930 count=16384 submitted=15237120
t=10929614 read event=931 count=16384 submitted=15253504
t=10940706 read event=932 count=16384 submitted=15269888
t=10951888 read event=933 count=16384 submitted=15286272
t=10962950 read event=934 count=16384 submitted=15302656
t=10973997 read event=935 count=16384 submitted=15319040
t=10985053 read event=936 count=16384 submitted=15335424
t=10996183 read event=937 count=16384 submitted=15351808
t=11007826 read event=938 count=16384 submitted=15368192
t=11018920 read event=939 count=16384 submitted=15384576
t=11030012 read event=940 count=16384 submitted=15400960
t=11041203 read event=941 count=16384 submitted=15417344
t=11052272 read event=942 count=16384 submitted=15433728
t=11063349 read event=943 count=16384 submitted=15450112
t=11074419 read event=944 count=16384 submitted=15466496
t=11085581 read event=945 count=16384 submitted=15482880
t=11097251 read event=946 count=16384 submitted=15499264
t=11108328 read event=947 count=16384 submitted=15515648
t=11119404 read event=948 count=16384 submitted=15532032
t=11130639 read event=949 count=16384 submitted=15548416
t=11141719 read event=950 count=16384 submitted=15564800
t=11152768 read event=951 count=16384 submitted=15581184
t=11163826 read event=952 count=16384 submitted=15597568
t=11174965 read event=953 count=16384 submitted=15613952
t=11186673 read event=954 count=16384 submitted=15630336
t=11197773 read event=955 count=16384 submitted=15646720
t=11208839 read event=956 count=16384 submitted=15663104
t=11220022 read event=957 count=16384 submitted=15679488
t=11231089 read event=958 count=16384 submitted=15695872
t=11242141 read event=959 count=16384 submitted=15712256
t=11253195 read event=960 count=16384 submitted=15728640
t=11264327 read event=961 count=16384 submitted=15745024
t=11275975 read event=962 count=16384 submitted=15761408
t=11287053 read event=963 count=16384 submitted=15777792
t=11298109 read event=964 count=16384 submitted=15794176
t=11309297 read event=965 count=16384 submitted=15810560
t=11320360 read event=966 count=16384 submitted=15826944
t=11331415 read event=967 count=16384 submitted=15843328
t=11342473 read event=968 count=16384 submitted=15859712
t=11353692 read event=969 count=16384 submitted=15876096
t=11365329 read event=970 count=16384 submitted=15892480
t=11376408 read event=971 count=16384 submitted=15908864
t=11387473 read event=972 count=16384 submitted=15925248
t=11398664 read event=973 count=16384 submitted=15941632
t=11409750 read event=974 count=16384 submitted=15958016
t=11420801 read event=975 count=16384 submitted=15974400
t=11431856 read event=976 count=16384 submitted=15990784
t=11443051 read event=977 count=16384 submitted=16007168
t=11454693 read event=978 count=16384 submitted=16023552
t=11465787 read event=979 count=16384 submitted=16039936
t=11476842 read event=980 count=16384 submitted=16056320
t=11488014 read event=981 count=16384 submitted=16072704
t=11499075 read event=982 count=16384 submitted=16089088
t=11510139 read event=983 count=16384 submitted=16105472
t=11521194 read event=984 count=16384 submitted=16121856
t=11532321 read event=985 count=16384 submitted=16138240
t=11543962 read event=986 count=16384 submitted=16154624
t=11555039 read event=987 count=16384 submitted=16171008
t=11566096 read event=988 count=16384 submitted=16187392
t=11577270 read event=989 count=16384 submitted=16203776
t=11588335 read event=990 count=16384 submitted=16220160
t=11599382 read event=991 count=16384 submitted=16236544
t=11610460 read event=992 count=16384 submitted=16252928
t=11621607 read event=993 count=16384 submitted=16269312
t=11633244 read event=994 count=16384 submitted=16285696
t=11644321 read event=995 count=16384 submitted=16302080
t=11655376 read event=996 count=16384 submitted=16318464
t=11666555 read event=997 count=16384 submitted=16334848
t=11677629 read event=998 count=16384 submitted=16351232
t=11688694 read event=999 count=16384 submitted=16367616
t=11699754 read event=1000 count=16384 submitted=16384000
t=11710898 read event=1001 count=16384 submitted=16400384
t=11722526 read event=1002 count=16384 submitted=16416768
t=11733614 read event=1003 count=16384 submitted=16433152
t=11744682 read event=1004 count=16384 submitted=16449536
t=11755871 read event=1005 count=16384 submitted=16465920
t=11766937 read event=1006 count=16384 submitted=16482304
t=11777987 read event=1007 count=16384 submitted=16498688
t=11789035 read event=1008 count=16384 submitted=16515072
t=11800178 read event=1009 count=16384 submitted=16531456
t=11811837 read event=1010 count=16384 submitted=16547840
t=11822907 read event=1011 count=16384 submitted=16564224
t=11833962 read event=1012 count=16384 submitted=16580608
t=11845141 read event=1013 count=16384 submitted=16596992
t=11856199 read event=1014 count=16384 submitted=16613376
t=11867252 read event=1015 count=16384 submitted=16629760
t=11878305 read event=1016 count=16384 submitted=16646144
t=11889507 read event=1017 count=16384 submitted=16662528
t=11901156 read event=1018 count=16384 submitted=16678912
t=11912244 read event=1019 count=16384 submitted=16695296
t=11923311 read event=1020 count=16384 submitted=16711680
t=11934551 read event=1021 count=16384 submitted=16728064
t=11945628 read event=1022 count=16384 submitted=16744448
t=11956685 read event=1023 count=16384 submitted=16760832
t=11967748 read event=1024 count=16384 submitted=16777216
t=11978913 read event=1025 count=16384 submitted=16793600
t=11990574 read event=1026 count=16384 submitted=16809984
t=12001658 read event=1027 count=16384 submitted=16826368
t=12012745 read event=1028 count=16384 submitted=16842752
t=12023989 read event=1029 count=16384 submitted=16859136
t=12035083 read event=1030 count=16384 submitted=16875520
t=12046140 read event=1031 count=16384 submitted=16891904
t=12057192 read event=1032 count=16384 submitted=16908288
t=12068328 read event=1033 count=16384 submitted=16924672
t=12079978 read event=1034 count=16384 submitted=16941056
t=12091054 read event=1035 count=16384 submitted=16957440
t=12102109 read event=1036 count=16384 submitted=16973824
t=12113304 read event=1037 count=16384 submitted=16990208
t=12124363 read event=1038 count=16384 submitted=17006592
t=12135412 read event=1039 count=16384 submitted=17022976
t=12146505 read event=1040 count=16384 submitted=17039360
t=12157709 read event=1041 count=16384 submitted=17055744
t=12169347 read event=1042 count=16384 submitted=17072128
t=12180427 read event=1043 count=16384 submitted=17088512
t=12191492 read event=1044 count=16384 submitted=17104896
t=12202705 read event=1045 count=16384 submitted=17121280
t=12213796 read event=1046 count=16384 submitted=17137664
t=12224864 read event=1047 count=16384 submitted=17154048
t=12235924 read event=1048 count=16384 submitted=17170432
t=12247072 read event=1049 count=16384 submitted=17186816
t=12258741 read event=1050 count=16384 submitted=17203200
t=12269817 read event=1051 count=16384 submitted=17219584
t=12280878 read event=1052 count=16384 submitted=17235968
t=12292054 read event=1053 count=16384 submitted=17252352
t=12303116 read event=1054 count=16384 submitted=17268736
t=12314182 read event=1055 count=16384 submitted=17285120
t=12325237 read event=1056 count=16384 submitted=17301504
t=12336438 read event=1057 count=16384 submitted=17317888
t=12348091 read event=1058 count=16384 submitted=17334272
t=12359171 read event=1059 count=16384 submitted=17350656
t=12370226 read event=1060 count=16384 submitted=17367040
t=12381407 read event=1061 count=16384 submitted=17383424
t=12392469 read event=1062 count=16384 submitted=17399808
t=12403528 read event=1063 count=16384 submitted=17416192
t=12414596 read event=1064 count=16384 submitted=17432576
t=12425780 read event=1065 count=16384 submitted=17448960
t=12437413 read event=1066 count=16384 submitted=17465344
t=12448492 read event=1067 count=16384 submitted=17481728
t=12459564 read event=1068 count=16384 submitted=17498112
t=12470785 read event=1069 count=16384 submitted=17514496
t=12481877 read event=1070 count=16384 submitted=17530880
t=12492935 read event=1071 count=16384 submitted=17547264
t=12503987 read event=1072 count=16384 submitted=17563648
t=12515206 read event=1073 count=16384 submitted=17580032
t=12526869 read event=1074 count=16384 submitted=17596416
t=12537949 read event=1075 count=16384 submitted=17612800
t=12549004 read event=1076 count=16384 submitted=17629184
t=12560177 read event=1077 count=16384 submitted=17645568
t=12571244 read event=1078 count=16384 submitted=17661952
t=12582292 read event=1079 count=16384 submitted=17678336
t=12593338 read event=1080 count=16384 submitted=17694720
t=12604537 read event=1081 count=16384 submitted=17711104
t=12616189 read event=1082 count=16384 submitted=17727488
t=12627262 read event=1083 count=16384 submitted=17743872
t=12638324 read event=1084 count=16384 submitted=17760256
t=12649581 read event=1085 count=16384 submitted=17776640
t=12660651 read event=1086 count=16384 submitted=17793024
t=12671721 read event=1087 count=16384 submitted=17809408
t=12682779 read event=1088 count=16384 submitted=17825792
t=12693908 read event=1089 count=16384 submitted=17842176
t=12705539 read event=1090 count=16384 submitted=17858560
t=12716643 read event=1091 count=16384 submitted=17874944
t=12727705 read event=1092 count=16384 submitted=17891328
t=12738950 read event=1093 count=16384 submitted=17907712
t=12750014 read event=1094 count=16384 submitted=17924096
t=12761062 read event=1095 count=16384 submitted=17940480
t=12772130 read event=1096 count=16384 submitted=17956864
t=12783308 read event=1097 count=16384 submitted=17973248
t=12794954 read event=1098 count=16384 submitted=17989632
t=12806026 read event=1099 count=16384 submitted=18006016
t=12817088 read event=1100 count=16384 submitted=18022400
t=12828293 read event=1101 count=16384 submitted=18038784
t=12839352 read event=1102 count=16384 submitted=18055168
t=12850402 read event=1103 count=16384 submitted=18071552
t=12861459 read event=1104 count=16384 submitted=18087936
t=12872594 read event=1105 count=16384 submitted=18104320
t=12884236 read event=1106 count=16384 submitted=18120704
t=12895314 read event=1107 count=16384 submitted=18137088
t=12906375 read event=1108 count=16384 submitted=18153472
t=12917617 read event=1109 count=16384 submitted=18169856
t=12928691 read event=1110 count=16384 submitted=18186240
t=12939757 read event=1111 count=16384 submitted=18202624
t=12950806 read event=1112 count=16384 submitted=18219008
t=12962000 read event=1113 count=16384 submitted=18235392
t=12973640 read event=1114 count=16384 submitted=18251776
t=12984728 read event=1115 count=16384 submitted=18268160
t=12995788 read event=1116 count=16384 submitted=18284544
t=13006966 read event=1117 count=16384 submitted=18300928
t=13018046 read event=1118 count=16384 submitted=18317312
t=13029132 read event=1119 count=16384 submitted=18333696
t=13040187 read event=1120 count=16384 submitted=18350080
t=13051359 read event=1121 count=16384 submitted=18366464
t=13063041 read event=1122 count=16384 submitted=18382848
t=13074130 read event=1123 count=16384 submitted=18399232
t=13085203 read event=1124 count=16384 submitted=18415616
t=13096389 read event=1125 count=16384 submitted=18432000
t=13107451 read event=1126 count=16384 submitted=18448384
t=13118521 read event=1127 count=16384 submitted=18464768
t=13129588 read event=1128 count=16384 submitted=18481152
t=13140732 read event=1129 count=16384 submitted=18497536
t=13152378 read event=1130 count=16384 submitted=18513920
t=13163460 read event=1131 count=16384 submitted=18530304
t=13174573 read event=1132 count=16384 submitted=18546688
t=13185833 read event=1133 count=16384 submitted=18563072
t=13196898 read event=1134 count=16384 submitted=18579456
t=13207948 read event=1135 count=16384 submitted=18595840
t=13219006 read event=1136 count=16384 submitted=18612224
t=13230137 read event=1137 count=16384 submitted=18628608
t=13241787 read event=1138 count=16384 submitted=18644992
t=13252864 read event=1139 count=16384 submitted=18661376
t=13263926 read event=1140 count=16384 submitted=18677760
t=13275107 read event=1141 count=16384 submitted=18694144
t=13286170 read event=1142 count=16384 submitted=18710528
t=13297221 read event=1143 count=16384 submitted=18726912
t=13308274 read event=1144 count=16384 submitted=18743296
t=13319425 read event=1145 count=16384 submitted=18759680
t=13331075 read event=1146 count=16384 submitted=18776064
t=13342161 read event=1147 count=16384 submitted=18792448
t=13353211 read event=1148 count=16384 submitted=18808832
t=13364426 read event=1149 count=16384 submitted=18825216
t=13375491 read event=1150 count=16384 submitted=18841600
t=13386579 read event=1151 count=16384 submitted=18857984
t=13397666 read event=1152 count=16384 submitted=18874368
t=13408830 read event=1153 count=16384 submitted=18890752
t=13420486 read event=1154 count=16384 submitted=18907136
t=13431577 read event=1155 count=16384 submitted=18923520
t=13442641 read event=1156 count=16384 submitted=18939904
t=13454029 read event=1157 count=16384 submitted=18956288
t=13465106 read event=1158 count=16384 submitted=18972672
t=13476158 read event=1159 count=16384 submitted=18989056
t=13487213 read event=1160 count=16384 submitted=19005440
t=13498400 read event=1161 count=16384 submitted=19021824
t=13510086 read event=1162 count=16384 submitted=19038208
t=13521162 read event=1163 count=16384 submitted=19054592
t=13532218 read event=1164 count=16384 submitted=19070976
t=13543401 read event=1165 count=16384 submitted=19087360
t=13554482 read event=1166 count=16384 submitted=19103744
t=13565551 read event=1167 count=16384 submitted=19120128
t=13576605 read event=1168 count=16384 submitted=19136512
t=13587771 read event=1169 count=16384 submitted=19152896
t=13599397 read event=1170 count=16384 submitted=19169280
t=13610484 read event=1171 count=16384 submitted=19185664
t=13621553 read event=1172 count=16384 submitted=19202048
t=13632742 read event=1173 count=16384 submitted=19218432
t=13643797 read event=1174 count=16384 submitted=19234816
t=13654845 read event=1175 count=16384 submitted=19251200
t=13665889 read event=1176 count=16384 submitted=19267584
t=13677024 read event=1177 count=16384 submitted=19283968
t=13688692 read event=1178 count=16384 submitted=19300352
t=13699784 read event=1179 count=16384 submitted=19316736
t=13710859 read event=1180 count=16384 submitted=19333120
t=13722044 read event=1181 count=16384 submitted=19349504
t=13733109 read event=1182 count=16384 submitted=19365888
t=13744164 read event=1183 count=16384 submitted=19382272
t=13755212 read event=1184 count=16384 submitted=19398656
t=13766349 read event=1185 count=16384 submitted=19415040
t=13778006 read event=1186 count=16384 submitted=19431424
t=13789087 read event=1187 count=16384 submitted=19447808
t=13800150 read event=1188 count=16384 submitted=19464192
t=13811380 read event=1189 count=16384 submitted=19480576
t=13822437 read event=1190 count=16384 submitted=19496960
t=13833488 read event=1191 count=16384 submitted=19513344
t=13844548 read event=1192 count=16384 submitted=19529728
t=13855746 read event=1193 count=16384 submitted=19546112
t=13867390 read event=1194 count=16384 submitted=19562496
t=13878470 read event=1195 count=16384 submitted=19578880
t=13889542 read event=1196 count=16384 submitted=19595264
t=13900744 read event=1197 count=16384 submitted=19611648
t=13911824 read event=1198 count=16384 submitted=19628032
t=13922877 read event=1199 count=16384 submitted=19644416
t=13933939 read event=1200 count=16384 submitted=19660800
t=13945063 read event=1201 count=16384 submitted=19677184
t=13956708 read event=1202 count=16384 submitted=19693568
t=13967794 read event=1203 count=16384 submitted=19709952
t=13978851 read event=1204 count=16384 submitted=19726336
t=13990033 read event=1205 count=16384 submitted=19742720
t=14001093 read event=1206 count=16384 submitted=19759104
t=14012151 read event=1207 count=16384 submitted=19775488
t=14023207 read event=1208 count=16384 submitted=19791872
t=14034372 read event=1209 count=16384 submitted=19808256
t=14046022 read event=1210 count=16384 submitted=19824640
t=14057107 read event=1211 count=16384 submitted=19841024
t=14068166 read event=1212 count=16384 submitted=19857408
t=14079355 read event=1213 count=16384 submitted=19873792
t=14090436 read event=1214 count=16384 submitted=19890176
t=14101504 read event=1215 count=16384 submitted=19906560
t=14112583 read event=1216 count=16384 submitted=19922944
t=14123754 read event=1217 count=16384 submitted=19939328
t=14135414 read event=1218 count=16384 submitted=19955712
t=14146494 read event=1219 count=16384 submitted=19972096
t=14157567 read event=1220 count=16384 submitted=19988480
t=14168760 read event=1221 count=16384 submitted=20004864
t=14179821 read event=1222 count=16384 submitted=20021248
t=14190888 read event=1223 count=16384 submitted=20037632
t=14202006 read event=1224 count=16384 submitted=20054016
t=14213173 read event=1225 count=16384 submitted=20070400
t=14224829 read event=1226 count=16384 submitted=20086784
t=14235910 read event=1227 count=16384 submitted=20103168
t=14246960 read event=1228 count=16384 submitted=20119552
t=14258147 read event=1229 count=16384 submitted=20135936
t=14269217 read event=1230 count=16384 submitted=20152320
t=14280273 read event=1231 count=16384 submitted=20168704
t=14291320 read event=1232 count=16384 submitted=20185088
t=14302447 read event=1233 count=16384 submitted=20201472
t=14314118 read event=1234 count=16384 submitted=20217856
t=14325196 read event=1235 count=16384 submitted=20234240
t=14336250 read event=1236 count=16384 submitted=20250624
t=14347441 read event=1237 count=16384 submitted=20267008
t=14358510 read event=1238 count=16384 submitted=20283392
t=14369573 read event=1239 count=16384 submitted=20299776
t=14380629 read event=1240 count=16384 submitted=20316160
t=14391772 read event=1241 count=16384 submitted=20332544
t=14403402 read event=1242 count=16384 submitted=20348928
t=14414488 read event=1243 count=16384 submitted=20365312
t=14425552 read event=1244 count=16384 submitted=20381696
t=14436801 read event=1245 count=16384 submitted=20398080
t=14447861 read event=1246 count=16384 submitted=20414464
t=14458916 read event=1247 count=16384 submitted=20430848
t=14469969 read event=1248 count=16384 submitted=20447232
t=14481088 read event=1249 count=16384 submitted=20463616
t=14492733 read event=1250 count=16384 submitted=20480000
t=14503817 read event=1251 count=16384 submitted=20496384
t=14514879 read event=1252 count=16384 submitted=20512768
t=14526070 read event=1253 count=16384 submitted=20529152
t=14537125 read event=1254 count=16384 submitted=20545536
t=14548174 read event=1255 count=16384 submitted=20561920
t=14559219 read event=1256 count=16384 submitted=20578304
t=14570348 read event=1257 count=16384 submitted=20594688
t=14581998 read event=1258 count=16384 submitted=20611072
t=14593068 read event=1259 count=16384 submitted=20627456
t=14604128 read event=1260 count=16384 submitted=20643840
t=14615413 read event=1261 count=16384 submitted=20660224
t=14626476 read event=1262 count=16384 submitted=20676608
t=14637536 read event=1263 count=16384 submitted=20692992
t=14648590 read event=1264 count=16384 submitted=20709376
t=14659755 read event=1265 count=16384 submitted=20725760
t=14671384 read event=1266 count=16384 submitted=20742144
t=14682455 read event=1267 count=16384 submitted=20758528
t=14693524 read event=1268 count=16384 submitted=20774912
t=14704719 read event=1269 count=16384 submitted=20791296
t=14715795 read event=1270 count=16384 submitted=20807680
t=14726852 read event=1271 count=16384 submitted=20824064
t=14737903 read event=1272 count=16384 submitted=20840448
t=14749084 read event=1273 count=16384 submitted=20856832
t=14760740 read event=1274 count=16384 submitted=20873216
t=14771818 read event=1275 count=16384 submitted=20889600
t=14782890 read event=1276 count=16384 submitted=20905984
t=14794076 read event=1277 count=16384 submitted=20922368
t=14805127 read event=1278 count=16384 submitted=20938752
t=14816190 read event=1279 count=16384 submitted=20955136
t=14827241 read event=1280 count=16384 submitted=20971520
t=14838369 read event=1281 count=16384 submitted=20987904
t=14850016 read event=1282 count=16384 submitted=21004288
t=14861091 read event=1283 count=16384 submitted=21020672
t=14872145 read event=1284 count=16384 submitted=21037056
t=14883323 read event=1285 count=16384 submitted=21053440
t=14894381 read event=1286 count=16384 submitted=21069824
t=14905424 read event=1287 count=16384 submitted=21086208
t=14916488 read event=1288 count=16384 submitted=21102592
t=14927640 read event=1289 count=16384 submitted=21118976
t=14939282 read event=1290 count=16384 submitted=21135360
t=14950361 read event=1291 count=16384 submitted=21151744
t=14961417 read event=1292 count=16384 submitted=21168128
t=14972627 read event=1293 count=16384 submitted=21184512
t=14983709 read event=1294 count=16384 submitted=21200896
t=14994768 read event=1295 count=16384 submitted=21217280
t=15005811 read event=1296 count=16384 submitted=21233664
t=15016969 read event=1297 count=16384 submitted=21250048
t=15028663 read event=1298 count=16384 submitted=21266432
t=15039766 read event=1299 count=16384 submitted=21282816
t=15050831 read event=1300 count=16384 submitted=21299200
t=15062044 read event=1301 count=16384 submitted=21315584
t=15073119 read event=1302 count=16384 submitted=21331968
t=15084190 read event=1303 count=16384 submitted=21348352
t=15095256 read event=1304 count=16384 submitted=21364736
t=15106398 read event=1305 count=16384 submitted=21381120
t=15118078 read event=1306 count=16384 submitted=21397504
t=15129182 read event=1307 count=16384 submitted=21413888
t=15140240 read event=1308 count=16384 submitted=21430272
t=15151426 read event=1309 count=16384 submitted=21446656
t=15162525 read event=1310 count=16384 submitted=21463040
t=15173601 read event=1311 count=16384 submitted=21479424
t=15184655 read event=1312 count=16384 submitted=21495808
t=15195816 read event=1313 count=16384 submitted=21512192
t=15207442 read event=1314 count=16384 submitted=21528576
t=15218547 read event=1315 count=16384 submitted=21544960
t=15229618 read event=1316 count=16384 submitted=21561344
t=15240816 read event=1317 count=16384 submitted=21577728
t=15251883 read event=1318 count=16384 submitted=21594112
t=15262930 read event=1319 count=16384 submitted=21610496
t=15273982 read event=1320 count=16384 submitted=21626880
t=15285115 read event=1321 count=16384 submitted=21643264
t=15296757 read event=1322 count=16384 submitted=21659648
t=15307828 read event=1323 count=16384 submitted=21676032
t=15318893 read event=1324 count=16384 submitted=21692416
t=15330076 read event=1325 count=16384 submitted=21708800
t=15341138 read event=1326 count=16384 submitted=21725184
t=15352187 read event=1327 count=16384 submitted=21741568
t=15363240 read event=1328 count=16384 submitted=21757952
t=15374381 read event=1329 count=16384 submitted=21774336
t=15386044 read event=1330 count=16384 submitted=21790720
t=15397124 read event=1331 count=16384 submitted=21807104
t=15408172 read event=1332 count=16384 submitted=21823488
t=15419357 read event=1333 count=16384 submitted=21839872
t=15430414 read event=1334 count=16384 submitted=21856256
t=15441461 read event=1335 count=16384 submitted=21872640
t=15452517 read event=1336 count=16384 submitted=21889024
t=15463667 read event=1337 count=16384 submitted=21905408
t=15475311 read event=1338 count=16384 submitted=21921792
t=15486390 read event=1339 count=16384 submitted=21938176
t=15497447 read event=1340 count=16384 submitted=21954560
t=15508627 read event=1341 count=16384 submitted=21970944
t=15521911 read event=1342 count=16384 submitted=21987328
t=15533702 read event=1343 count=16384 submitted=22003712
t=15544832 read event=1344 count=16384 submitted=22020096
t=15556001 read event=1345 count=16384 submitted=22036480
t=15567684 read event=1346 count=16384 submitted=22052864
t=15578775 read event=1347 count=16384 submitted=22069248
t=15589831 read event=1348 count=16384 submitted=22085632
t=15603724 read event=1349 count=16384 submitted=22102016
t=15614792 read event=1350 count=16384 submitted=22118400
t=15625839 read event=1351 count=16384 submitted=22134784
t=15640522 read event=1352 count=16384 submitted=22151168
t=15651663 read event=1353 count=16384 submitted=22167552
t=15664057 read event=1354 count=16384 submitted=22183936
t=15677308 read event=1355 count=16384 submitted=22200320
t=15688365 read event=1356 count=16384 submitted=22216704
t=15703346 read event=1357 count=16384 submitted=22233088
t=15714422 read event=1358 count=16384 submitted=22249472
t=15725480 read event=1359 count=16384 submitted=22265856
t=15740120 read event=1360 count=16384 submitted=22282240
t=15751255 read event=1361 count=16384 submitted=22298624
t=15762906 read event=1362 count=16384 submitted=22315008
t=15776912 read event=1363 count=16384 submitted=22331392
t=15787970 read event=1364 count=16384 submitted=22347776
t=15799768 read event=1365 count=16384 submitted=22364160
t=15813693 read event=1366 count=16384 submitted=22380544
t=15824748 read event=1367 count=16384 submitted=22396928
t=15837883 read event=1368 count=16384 submitted=22413312
t=15850448 read event=1369 count=16384 submitted=22429696
t=15862091 read event=1370 count=16384 submitted=22446080
t=15876458 read event=1371 count=16384 submitted=22462464
t=15887521 read event=1372 count=16384 submitted=22478848
t=15898702 read event=1373 count=16384 submitted=22495232
t=15913206 read event=1374 count=16384 submitted=22511616
t=15924256 read event=1375 count=16384 submitted=22528000
t=15935305 read event=1376 count=16384 submitted=22544384
t=15949899 read event=1377 count=16384 submitted=22560768
t=15961531 read event=1378 count=16384 submitted=22577152
t=15973304 read event=1379 count=16384 submitted=22593536
t=15986553 read event=1380 count=16384 submitted=22609920
t=15997739 read event=1381 count=16384 submitted=22626304
t=16012451 read event=1382 count=16384 submitted=22642688
t=16023515 read event=1383 count=16384 submitted=22659072
t=16034604 read event=1384 count=16384 submitted=22675456
t=16049069 read event=1385 count=16384 submitted=22691840
t=16060709 read event=1386 count=16384 submitted=22708224
t=16071807 read event=1387 count=16384 submitted=22724608
t=16085656 read event=1388 count=16384 submitted=22740992
t=16096855 read event=1389 count=16384 submitted=22757376
t=16108991 read event=1390 count=16384 submitted=22773760
t=16122236 read event=1391 count=16384 submitted=22790144
t=16133285 read event=1392 count=16384 submitted=22806528
t=16148031 read event=1393 count=16384 submitted=22822912
t=16159679 read event=1394 count=16384 submitted=22839296
t=16170763 read event=1395 count=16384 submitted=22855680
t=16184546 read event=1396 count=16384 submitted=22872064
t=16195771 read event=1397 count=16384 submitted=22888448
t=16206835 read event=1398 count=16384 submitted=22904832
t=16220995 read event=1399 count=16384 submitted=22921216
t=16232048 read event=1400 count=16384 submitted=22937600
t=16243191 read event=1401 count=16384 submitted=22953984
t=16257456 read event=1402 count=16384 submitted=22970368
t=16268537 read event=1403 count=16384 submitted=22986752
t=16280525 read event=1404 count=16384 submitted=23003136
t=16293782 read event=1405 count=16384 submitted=23019520
t=16304844 read event=1406 count=16384 submitted=23035904
t=16319370 read event=1407 count=16384 submitted=23052288
t=16330425 read event=1408 count=16384 submitted=23068672
t=16341575 read event=1409 count=16384 submitted=23085056
t=16355695 read event=1410 count=16384 submitted=23101440
t=16366784 read event=1411 count=16384 submitted=23117824
t=16377839 read event=1412 count=16384 submitted=23134208
t=16392007 read event=1413 count=16384 submitted=23150592
t=16403057 read event=1414 count=16384 submitted=23166976
t=16414118 read event=1415 count=16384 submitted=23183360
t=16428308 read event=1416 count=16384 submitted=23199744
t=16439450 read event=1417 count=16384 submitted=23216128
t=16451332 read event=1418 count=16384 submitted=23232512
t=16464584 read event=1419 count=16384 submitted=23248896
t=16475654 read event=1420 count=16384 submitted=23265280
t=16487584 read event=1421 count=16384 submitted=23281664
t=16500838 read event=1422 count=16384 submitted=23298048
t=16511905 read event=1423 count=16384 submitted=23314432
t=16526344 read event=1424 count=16384 submitted=23330816
t=16537483 read event=1425 count=16384 submitted=23347200
t=16549143 read event=1426 count=16384 submitted=23363584
t=16562631 read event=1427 count=16384 submitted=23379968
t=16573698 read event=1428 count=16384 submitted=23396352
t=16584880 read event=1429 count=16384 submitted=23412736
t=16598944 read event=1430 count=16384 submitted=23429120
t=16610011 read event=1431 count=16384 submitted=23445504
t=16621059 read event=1432 count=16384 submitted=23461888
t=16635311 read event=1433 count=16384 submitted=23478272
t=16646949 read event=1434 count=16384 submitted=23494656
t=16658583 read event=1435 count=16384 submitted=23511040
t=16671845 read event=1436 count=16384 submitted=23527424
t=16683010 read event=1437 count=16384 submitted=23543808
t=16697720 read event=1438 count=16384 submitted=23560192
t=16708786 read event=1439 count=16384 submitted=23576576
t=16719839 read event=1440 count=16384 submitted=23592960
t=16734462 read event=1441 count=16384 submitted=23609344
t=16746120 read event=1442 count=16384 submitted=23625728
t=16757193 read event=1443 count=16384 submitted=23642112
t=16771478 read event=1444 count=16384 submitted=23658496
t=16782681 read event=1445 count=16384 submitted=23674880
t=16795117 read event=1446 count=16384 submitted=23691264
t=16808362 read event=1447 count=16384 submitted=23707648
t=16819420 read event=1448 count=16384 submitted=23724032
t=16834180 read event=1449 count=16384 submitted=23740416
t=16845817 read event=1450 count=16384 submitted=23756800
t=16856888 read event=1451 count=16384 submitted=23773184
t=16870264 read event=1452 count=16384 submitted=23789568
t=16881442 read event=1453 count=16384 submitted=23805952
t=16892505 read event=1454 count=16384 submitted=23822336
t=16904863 read event=1455 count=16384 submitted=23838720
t=16915927 read event=1456 count=16384 submitted=23855104
t=16927062 read event=1457 count=16384 submitted=23871488
t=16938692 read event=1458 count=16384 submitted=23887872
t=16949782 read event=1459 count=16384 submitted=23904256
t=16960840 read event=1460 count=16384 submitted=23920640
t=16972009 read event=1461 count=16384 submitted=23937024
t=16983067 read event=1462 count=16384 submitted=23953408
t=16994114 read event=1463 count=16384 submitted=23969792
t=17005163 read event=1464 count=16384 submitted=23986176
t=17016306 read event=1465 count=16384 submitted=24002560
t=17028017 read event=1466 count=16384 submitted=24018944
t=17039104 read event=1467 count=16384 submitted=24035328
t=17050192 read event=1468 count=16384 submitted=24051712
t=17061439 read event=1469 count=16384 submitted=24068096
t=17072517 read event=1470 count=16384 submitted=24084480
t=17083644 read event=1471 count=16384 submitted=24100864
t=17094711 read event=1472 count=16384 submitted=24117248
t=17105863 read event=1473 count=16384 submitted=24133632
t=17117505 read event=1474 count=16384 submitted=24150016
t=17128590 read event=1475 count=16384 submitted=24166400
t=17139689 read event=1476 count=16384 submitted=24182784
t=17150911 read event=1477 count=16384 submitted=24199168
t=17161970 read event=1478 count=16384 submitted=24215552
t=17173019 read event=1479 count=16384 submitted=24231936
t=17184069 read event=1480 count=16384 submitted=24248320
t=17195251 read event=1481 count=16384 submitted=24264704
t=17206902 read event=1482 count=16384 submitted=24281088
t=17217995 read event=1483 count=16384 submitted=24297472
t=17229056 read event=1484 count=16384 submitted=24313856
t=17240235 read event=1485 count=16384 submitted=24330240
t=17251297 read event=1486 count=16384 submitted=24346624
t=17262345 read event=1487 count=16384 submitted=24363008
t=17273401 read event=1488 count=16384 submitted=24379392
t=17284600 read event=1489 count=16384 submitted=24395776
t=17296261 read event=1490 count=16384 submitted=24412160
t=17307344 read event=1491 count=16384 submitted=24428544
t=17318419 read event=1492 count=16384 submitted=24444928
t=17329618 read event=1493 count=16384 submitted=24461312
t=17340695 read event=1494 count=16384 submitted=24477696
t=17351761 read event=1495 count=16384 submitted=24494080
t=17362815 read event=1496 count=16384 submitted=24510464
t=17373943 read event=1497 count=16384 submitted=24526848
t=17385572 read event=1498 count=16384 submitted=24543232
t=17396660 read event=1499 count=16384 submitted=24559616
t=17407732 read event=1500 count=16384 submitted=24576000
t=17418922 read event=1501 count=16384 submitted=24592384
t=17429992 read event=1502 count=16384 submitted=24608768
t=17441050 read event=1503 count=16384 submitted=24625152
t=17452117 read event=1504 count=16384 submitted=24641536
t=17463330 read event=1505 count=16384 submitted=24657920
t=17474972 read event=1506 count=16384 submitted=24674304
t=17486052 read event=1507 count=16384 submitted=24690688
t=17497112 read event=1508 count=16384 submitted=24707072
t=17508279 read event=1509 count=16384 submitted=24723456
t=17519358 read event=1510 count=16384 submitted=24739840
t=17530409 read event=1511 count=16384 submitted=24756224
t=17541468 read event=1512 count=16384 submitted=24772608
t=17552657 read event=1513 count=16384 submitted=24788992
t=17564312 read event=1514 count=16384 submitted=24805376
t=17575396 read event=1515 count=16384 submitted=24821760
t=17586453 read event=1516 count=16384 submitted=24838144
t=17597684 read event=1517 count=16384 submitted=24854528
t=17608766 read event=1518 count=16384 submitted=24870912
t=17619839 read event=1519 count=16384 submitted=24887296
t=17630893 read event=1520 count=16384 submitted=24903680
t=17642035 read event=1521 count=16384 submitted=24920064
t=17653677 read event=1522 count=16384 submitted=24936448
t=17664772 read event=1523 count=16384 submitted=24952832
t=17675832 read event=1524 count=16384 submitted=24969216
t=17687046 read event=1525 count=16384 submitted=24985600
t=17698109 read event=1526 count=16384 submitted=25001984
t=17709197 read event=1527 count=16384 submitted=25018368
t=17720274 read event=1528 count=16384 submitted=25034752
t=17731476 read event=1529 count=16384 submitted=25051136
t=17743126 read event=1530 count=16384 submitted=25067520
t=17754213 read event=1531 count=16384 submitted=25083904
t=17765269 read event=1532 count=16384 submitted=25100288
t=17776443 read event=1533 count=16384 submitted=25116672
t=17787514 read event=1534 count=16384 submitted=25133056
t=17798574 read event=1535 count=16384 submitted=25149440
t=17809649 read event=1536 count=16384 submitted=25165824
t=17820869 read event=1537 count=16384 submitted=25182208
t=17832509 read event=1538 count=16384 submitted=25198592
t=17843602 read event=1539 count=16384 submitted=25214976
t=17854680 read event=1540 count=16384 submitted=25231360
t=17865868 read event=1541 count=16384 submitted=25247744
t=17876933 read event=1542 count=16384 submitted=25264128
t=17887986 read event=1543 count=16384 submitted=25280512
t=17899038 read event=1544 count=16384 submitted=25296896
t=17910180 read event=1545 count=16384 submitted=25313280
t=17921826 read event=1546 count=16384 submitted=25329664
t=17932904 read event=1547 count=16384 submitted=25346048
t=17943966 read event=1548 count=16384 submitted=25362432
t=17955140 read event=1549 count=16384 submitted=25378816
t=17966203 read event=1550 count=16384 submitted=25395200
t=17977257 read event=1551 count=16384 submitted=25411584
t=17988315 read event=1552 count=16384 submitted=25427968
t=17999540 read event=1553 count=16384 submitted=25444352
t=18011195 read event=1554 count=16384 submitted=25460736
t=18022280 read event=1555 count=16384 submitted=25477120
t=18033366 read event=1556 count=16384 submitted=25493504
t=18044601 read event=1557 count=16384 submitted=25509888
t=18055685 read event=1558 count=16384 submitted=25526272
t=18066747 read event=1559 count=16384 submitted=25542656
t=18077812 read event=1560 count=16384 submitted=25559040
t=18089022 read event=1561 count=16384 submitted=25575424
t=18100687 read event=1562 count=16384 submitted=25591808
t=18111799 read event=1563 count=16384 submitted=25608192
t=18122860 read event=1564 count=16384 submitted=25624576
t=18134047 read event=1565 count=16384 submitted=25640960
t=18145112 read event=1566 count=16384 submitted=25657344
t=18156172 read event=1567 count=16384 submitted=25673728
t=18167262 read event=1568 count=16384 submitted=25690112
t=18178405 read event=1569 count=16384 submitted=25706496
t=18190070 read event=1570 count=16384 submitted=25722880
t=18201163 read event=1571 count=16384 submitted=25739264
t=18212248 read event=1572 count=16384 submitted=25755648
t=18223432 read event=1573 count=16384 submitted=25772032
t=18234509 read event=1574 count=16384 submitted=25788416
t=18245568 read event=1575 count=16384 submitted=25804800
t=18256637 read event=1576 count=16384 submitted=25821184
t=18267796 read event=1577 count=16384 submitted=25837568
t=18279438 read event=1578 count=16384 submitted=25853952
t=18290524 read event=1579 count=16384 submitted=25870336
t=18301600 read event=1580 count=16384 submitted=25886720
t=18312806 read event=1581 count=16384 submitted=25903104
t=18323875 read event=1582 count=16384 submitted=25919488
t=18334933 read event=1583 count=16384 submitted=25935872
t=18345991 read event=1584 count=16384 submitted=25952256
t=18357131 read event=1585 count=16384 submitted=25968640
t=18368780 read event=1586 count=16384 submitted=25985024
t=18379857 read event=1587 count=16384 submitted=26001408
t=18390911 read event=1588 count=16384 submitted=26017792
t=18402090 read event=1589 count=16384 submitted=26034176
t=18413188 read event=1590 count=16384 submitted=26050560
t=18424249 read event=1591 count=16384 submitted=26066944
t=18435297 read event=1592 count=16384 submitted=26083328
t=18446431 read event=1593 count=16384 submitted=26099712
t=18458077 read event=1594 count=16384 submitted=26116096
t=18469158 read event=1595 count=16384 submitted=26132480
t=18480220 read event=1596 count=16384 submitted=26148864
t=18491405 read event=1597 count=16384 submitted=26165248
t=18502467 read event=1598 count=16384 submitted=26181632
t=18513545 read event=1599 count=16384 submitted=26198016
t=18524610 read event=1600 count=16384 submitted=26214400
t=18535760 read event=1601 count=16384 submitted=26230784
t=18547377 read event=1602 count=16384 submitted=26247168
t=18558455 read event=1603 count=16384 submitted=26263552
t=18569530 read event=1604 count=16384 submitted=26279936
t=18580724 read event=1605 count=16384 submitted=26296320
t=18591784 read event=1606 count=16384 submitted=26312704
t=18602830 read event=1607 count=16384 submitted=26329088
t=18613896 read event=1608 count=16384 submitted=26345472
t=18625025 read event=1609 count=16384 submitted=26361856
t=18636655 read event=1610 count=16384 submitted=26378240
t=18647747 read event=1611 count=16384 submitted=26394624
t=18658812 read event=1612 count=16384 submitted=26411008
t=18669997 read event=1613 count=16384 submitted=26427392
t=18681063 read event=1614 count=16384 submitted=26443776
t=18692121 read event=1615 count=16384 submitted=26460160
t=18703177 read event=1616 count=16384 submitted=26476544
t=18714326 read event=1617 count=16384 submitted=26492928
t=18725985 read event=1618 count=16384 submitted=26509312
t=18737060 read event=1619 count=16384 submitted=26525696
t=18748124 read event=1620 count=16384 submitted=26542080
t=18759340 read event=1621 count=16384 submitted=26558464
t=18770406 read event=1622 count=16384 submitted=26574848
t=18781462 read event=1623 count=16384 submitted=26591232
t=18792524 read event=1624 count=16384 submitted=26607616
t=18803669 read event=1625 count=16384 submitted=26624000
t=18815327 read event=1626 count=16384 submitted=26640384
t=18826404 read event=1627 count=16384 submitted=26656768
t=18837462 read event=1628 count=16384 submitted=26673152
t=18848650 read event=1629 count=16384 submitted=26689536
t=18859728 read event=1630 count=16384 submitted=26705920
t=18870775 read event=1631 count=16384 submitted=26722304
t=18881831 read event=1632 count=16384 submitted=26738688
t=18892982 read event=1633 count=16384 submitted=26755072
t=18904621 read event=1634 count=16384 submitted=26771456
t=18915729 read event=1635 count=16384 submitted=26787840
t=18926796 read event=1636 count=16384 submitted=26804224
t=18938015 read event=1637 count=16384 submitted=26820608
t=18949081 read event=1638 count=16384 submitted=26836992
t=18960140 read event=1639 count=16384 submitted=26853376
t=18971194 read event=1640 count=16384 submitted=26869760
t=18982368 read event=1641 count=16384 submitted=26886144
t=18994018 read event=1642 count=16384 submitted=26902528
t=19005110 read event=1643 count=16384 submitted=26918912
t=19016186 read event=1644 count=16384 submitted=26935296
t=19027414 read event=1645 count=16384 submitted=26951680
t=19038503 read event=1646 count=16384 submitted=26968064
t=19049574 read event=1647 count=16384 submitted=26984448
t=19060672 read event=1648 count=16384 submitted=27000832
t=19071849 read event=1649 count=16384 submitted=27017216
t=19083543 read event=1650 count=16384 submitted=27033600
t=19094641 read event=1651 count=16384 submitted=27049984
t=19105710 read event=1652 count=16384 submitted=27066368
t=19116919 read event=1653 count=16384 submitted=27082752
t=19127985 read event=1654 count=16384 submitted=27099136
t=19139034 read event=1655 count=16384 submitted=27115520
t=19150086 read event=1656 count=16384 submitted=27131904
t=19161211 read event=1657 count=16384 submitted=27148288
t=19172856 read event=1658 count=16384 submitted=27164672
t=19183940 read event=1659 count=16384 submitted=27181056
t=19195035 read event=1660 count=16384 submitted=27197440
t=19206305 read event=1661 count=16384 submitted=27213824
t=19217386 read event=1662 count=16384 submitted=27230208
t=19228445 read event=1663 count=16384 submitted=27246592
t=19239513 read event=1664 count=16384 submitted=27262976
t=19250660 read event=1665 count=16384 submitted=27279360
t=19262314 read event=1666 count=16384 submitted=27295744
t=19273392 read event=1667 count=16384 submitted=27312128
t=19284453 read event=1668 count=16384 submitted=27328512
t=19295643 read event=1669 count=16384 submitted=27344896
t=19306728 read event=1670 count=16384 submitted=27361280
t=19317794 read event=1671 count=16384 submitted=27377664
t=19328855 read event=1672 count=16384 submitted=27394048
t=19340038 read event=1673 count=16384 submitted=27410432
t=19351685 read event=1674 count=16384 submitted=27426816
t=19362780 read event=1675 count=16384 submitted=27443200
t=19373843 read event=1676 count=16384 submitted=27459584
t=19385054 read event=1677 count=16384 submitted=27475968
t=19396131 read event=1678 count=16384 submitted=27492352
t=19407182 read event=1679 count=16384 submitted=27508736
t=19418252 read event=1680 count=16384 submitted=27525120
t=19429450 read event=1681 count=16384 submitted=27541504
t=19441101 read event=1682 count=16384 submitted=27557888
t=19452181 read event=1683 count=16384 submitted=27574272
t=19463241 read event=1684 count=16384 submitted=27590656
t=19474456 read event=1685 count=16384 submitted=27607040
t=19485535 read event=1686 count=16384 submitted=27623424
t=19496597 read event=1687 count=16384 submitted=27639808
t=19507656 read event=1688 count=16384 submitted=27656192
t=19519022 read event=1689 count=16384 submitted=27672576
t=19530685 read event=1690 count=16384 submitted=27688960
t=19541776 read event=1691 count=16384 submitted=27705344
t=19552840 read event=1692 count=16384 submitted=27721728
t=19564021 read event=1693 count=16384 submitted=27738112
t=19575091 read event=1694 count=16384 submitted=27754496
t=19586149 read event=1695 count=16384 submitted=27770880
t=19597198 read event=1696 count=16384 submitted=27787264
t=19608327 read event=1697 count=16384 submitted=27803648
t=19619982 read event=1698 count=16384 submitted=27820032
t=19631063 read event=1699 count=16384 submitted=27836416
t=19642117 read event=1700 count=16384 submitted=27852800
t=19653296 read event=1701 count=16384 submitted=27869184
t=19664363 read event=1702 count=16384 submitted=27885568
t=19675417 read event=1703 count=16384 submitted=27901952
t=19686471 read event=1704 count=16384 submitted=27918336
t=19697615 read event=1705 count=16384 submitted=27934720
t=19709289 read event=1706 count=16384 submitted=27951104
t=19720372 read event=1707 count=16384 submitted=27967488
t=19731428 read event=1708 count=16384 submitted=27983872
t=19742618 read event=1709 count=16384 submitted=28000256
t=19753694 read event=1710 count=16384 submitted=28016640
t=19764754 read event=1711 count=16384 submitted=28033024
t=19775808 read event=1712 count=16384 submitted=28049408
t=19786935 read event=1713 count=16384 submitted=28065792
t=19798567 read event=1714 count=16384 submitted=28082176
t=19809669 read event=1715 count=16384 submitted=28098560
t=19820744 read event=1716 count=16384 submitted=28114944
t=19831919 read event=1717 count=16384 submitted=28131328
t=19842985 read event=1718 count=16384 submitted=28147712
t=19854033 read event=1719 count=16384 submitted=28164096
t=19865094 read event=1720 count=16384 submitted=28180480
t=19876229 read event=1721 count=16384 submitted=28196864
t=19887890 read event=1722 count=16384 submitted=28213248
t=19898974 read event=1723 count=16384 submitted=28229632
t=19910046 read event=1724 count=16384 submitted=28246016
t=19921229 read event=1725 count=16384 submitted=28262400
t=19932298 read event=1726 count=16384 submitted=28278784
t=19943352 read event=1727 count=16384 submitted=28295168
t=19954410 read event=1728 count=16384 submitted=28311552
t=19965571 read event=1729 count=16384 submitted=28327936
t=19977236 read event=1730 count=16384 submitted=28344320
t=19988331 read event=1731 count=16384 submitted=28360704
t=19999396 read event=1732 count=16384 submitted=28377088
t=20010604 read event=1733 count=16384 submitted=28393472
t=20021678 read event=1734 count=16384 submitted=28409856
t=20032774 read event=1735 count=16384 submitted=28426240
t=20043830 read event=1736 count=16384 submitted=28442624
t=20054973 read event=1737 count=16384 submitted=28459008
t=20066629 read event=1738 count=16384 submitted=28475392
t=20077733 read event=1739 count=16384 submitted=28491776
t=20088822 read event=1740 count=16384 submitted=28508160
t=20100012 read event=1741 count=16384 submitted=28524544
t=20111096 read event=1742 count=16384 submitted=28540928
t=20122162 read event=1743 count=16384 submitted=28557312
t=20133217 read event=1744 count=16384 submitted=28573696
t=20144360 read event=1745 count=16384 submitted=28590080
t=20156065 read event=1746 count=16384 submitted=28606464
t=20167163 read event=1747 count=16384 submitted=28622848
t=20178240 read event=1748 count=16384 submitted=28639232
t=20189437 read event=1749 count=16384 submitted=28655616
t=20200538 read event=1750 count=16384 submitted=28672000
t=20211621 read event=1751 count=16384 submitted=28688384
t=20222686 read event=1752 count=16384 submitted=28704768
t=20233847 read event=1753 count=16384 submitted=28721152
t=20245493 read event=1754 count=16384 submitted=28737536
t=20256579 read event=1755 count=16384 submitted=28753920
t=20267642 read event=1756 count=16384 submitted=28770304
t=20278842 read event=1757 count=16384 submitted=28786688
t=20289906 read event=1758 count=16384 submitted=28803072
t=20300959 read event=1759 count=16384 submitted=28819456
t=20312022 read event=1760 count=16384 submitted=28835840
t=20323156 read event=1761 count=16384 submitted=28852224
t=20334815 read event=1762 count=16384 submitted=28868608
t=20345889 read event=1763 count=16384 submitted=28884992
t=20356958 read event=1764 count=16384 submitted=28901376
t=20368136 read event=1765 count=16384 submitted=28917760
t=20379206 read event=1766 count=16384 submitted=28934144
t=20390258 read event=1767 count=16384 submitted=28950528
t=20401310 read event=1768 count=16384 submitted=28966912
t=20412462 read event=1769 count=16384 submitted=28983296
t=20424111 read event=1770 count=16384 submitted=28999680
t=20435189 read event=1771 count=16384 submitted=29016064
t=20446249 read event=1772 count=16384 submitted=29032448
t=20457423 read event=1773 count=16384 submitted=29048832
t=20468483 read event=1774 count=16384 submitted=29065216
t=20479540 read event=1775 count=16384 submitted=29081600
t=20490594 read event=1776 count=16384 submitted=29097984
t=20501754 read event=1777 count=16384 submitted=29114368
t=20513410 read event=1778 count=16384 submitted=29130752
t=20524489 read event=1779 count=16384 submitted=29147136
t=20537052 read event=1780 count=16384 submitted=29163520
t=20549843 read event=1781 count=16384 submitted=29179904
t=20560972 read event=1782 count=16384 submitted=29196288
t=20572046 read event=1783 count=16384 submitted=29212672
t=20583111 read event=1784 count=16384 submitted=29229056
t=20594326 read event=1785 count=16384 submitted=29245440
t=20606018 read event=1786 count=16384 submitted=29261824
t=20617112 read event=1787 count=16384 submitted=29278208
t=20628172 read event=1788 count=16384 submitted=29294592
t=20639422 read event=1789 count=16384 submitted=29310976
t=20650492 read event=1790 count=16384 submitted=29327360
t=20661557 read event=1791 count=16384 submitted=29343744
t=20672619 read event=1792 count=16384 submitted=29360128
t=20683846 read event=1793 count=16384 submitted=29376512
t=20695497 read event=1794 count=16384 submitted=29392896
t=20706586 read event=1795 count=16384 submitted=29409280
t=20717672 read event=1796 count=16384 submitted=29425664
t=20728886 read event=1797 count=16384 submitted=29442048
t=20739956 read event=1798 count=16384 submitted=29458432
t=20751017 read event=1799 count=16384 submitted=29474816
t=20762088 read event=1800 count=16384 submitted=29491200
t=20773215 read event=1801 count=16384 submitted=29507584
t=20784897 read event=1802 count=16384 submitted=29523968
t=20795978 read event=1803 count=16384 submitted=29540352
t=20807047 read event=1804 count=16384 submitted=29556736
t=20818252 read event=1805 count=16384 submitted=29573120
t=20829310 read event=1806 count=16384 submitted=29589504
t=20840360 read event=1807 count=16384 submitted=29605888
t=20851412 read event=1808 count=16384 submitted=29622272
t=20862613 read event=1809 count=16384 submitted=29638656
t=20874255 read event=1810 count=16384 submitted=29655040
t=20885338 read event=1811 count=16384 submitted=29671424
t=20896401 read event=1812 count=16384 submitted=29687808
t=20907622 read event=1813 count=16384 submitted=29704192
t=20918712 read event=1814 count=16384 submitted=29720576
t=20929770 read event=1815 count=16384 submitted=29736960
t=20940825 read event=1816 count=16384 submitted=29753344
t=20951967 read event=1817 count=16384 submitted=29769728
t=20963608 read event=1818 count=16384 submitted=29786112
t=20974701 read event=1819 count=16384 submitted=29802496
t=20985775 read event=1820 count=16384 submitted=29818880
t=20996991 read event=1821 count=16384 submitted=29835264
t=21008060 read event=1822 count=16384 submitted=29851648
t=21019139 read event=1823 count=16384 submitted=29868032
t=21030226 read event=1824 count=16384 submitted=29884416
t=21041465 read event=1825 count=16384 submitted=29900800
t=21053139 read event=1826 count=16384 submitted=29917184
t=21064243 read event=1827 count=16384 submitted=29933568
t=21075327 read event=1828 count=16384 submitted=29949952
t=21086609 read event=1829 count=16384 submitted=29966336
t=21097690 read event=1830 count=16384 submitted=29982720
t=21108774 read event=1831 count=16384 submitted=29999104
t=21119835 read event=1832 count=16384 submitted=30015488
t=21131012 read event=1833 count=16384 submitted=30031872
t=21142648 read event=1834 count=16384 submitted=30048256
t=21153742 read event=1835 count=16384 submitted=30064640
t=21164810 read event=1836 count=16384 submitted=30081024
t=21176036 read event=1837 count=16384 submitted=30097408
t=21187103 read event=1838 count=16384 submitted=30113792
t=21198154 read event=1839 count=16384 submitted=30130176
t=21209225 read event=1840 count=16384 submitted=30146560
t=21220412 read event=1841 count=16384 submitted=30162944
t=21232080 read event=1842 count=16384 submitted=30179328
t=21243165 read event=1843 count=16384 submitted=30195712
t=21254230 read event=1844 count=16384 submitted=30212096
t=21265418 read event=1845 count=16384 submitted=30228480
t=21276489 read event=1846 count=16384 submitted=30244864
t=21287551 read event=1847 count=16384 submitted=30261248
t=21298614 read event=1848 count=16384 submitted=30277632
t=21309769 read event=1849 count=16384 submitted=30294016
t=21321400 read event=1850 count=16384 submitted=30310400
t=21332476 read event=1851 count=16384 submitted=30326784
t=21343546 read event=1852 count=16384 submitted=30343168
t=21354749 read event=1853 count=16384 submitted=30359552
t=21365815 read event=1854 count=16384 submitted=30375936
t=21376872 read event=1855 count=16384 submitted=30392320
t=21387927 read event=1856 count=16384 submitted=30408704
t=21400131 read event=1857 count=16384 submitted=30425088
t=21412682 read event=1858 count=16384 submitted=30441472
t=21429720 read event=1859 count=16384 submitted=30457856
t=21441882 read event=1860 count=16384 submitted=30474240
t=21458565 read event=1861 count=16384 submitted=30490624
t=21471769 read event=1862 count=16384 submitted=30507008
t=21484503 read event=1863 count=16384 submitted=30523392
t=21500709 read event=1864 count=16384 submitted=30539776
t=21511881 read event=1865 count=16384 submitted=30556160
t=21526507 read event=1866 count=16384 submitted=30572544
t=21539485 read event=1867 count=16384 submitted=30588928
t=21550551 read event=1868 count=16384 submitted=30605312
t=21561789 read event=1869 count=16384 submitted=30621696
t=21572857 read event=1870 count=16384 submitted=30638080
t=21583912 read event=1871 count=16384 submitted=30654464
t=21594997 read event=1872 count=16384 submitted=30670848
t=21606146 read event=1873 count=16384 submitted=30687232
t=21617818 read event=1874 count=16384 submitted=30703616
t=21628907 read event=1875 count=16384 submitted=30720000
t=21639962 read event=1876 count=16384 submitted=30736384
t=21651151 read event=1877 count=16384 submitted=30752768
t=21662227 read event=1878 count=16384 submitted=30769152
t=21673288 read event=1879 count=16384 submitted=30785536
t=21684343 read event=1880 count=16384 submitted=30801920
t=21695475 read event=1881 count=16384 submitted=30818304
t=21707121 read event=1882 count=16384 submitted=30834688
t=21718211 read event=1883 count=16384 submitted=30851072
t=21729274 read event=1884 count=16384 submitted=30867456
t=21740448 read event=1885 count=16384 submitted=30883840
t=21751524 read event=1886 count=16384 submitted=30900224
t=21762584 read event=1887 count=16384 submitted=30916608
t=21773651 read event=1888 count=16384 submitted=30932992
t=21784857 read event=1889 count=16384 submitted=30949376
t=21796514 read event=1890 count=16384 submitted=30965760
t=21807605 read event=1891 count=16384 submitted=30982144
t=21818692 read event=1892 count=16384 submitted=30998528
t=21829885 read event=1893 count=16384 submitted=31014912
t=21840955 read event=1894 count=16384 submitted=31031296
t=21852008 read event=1895 count=16384 submitted=31047680
t=21863065 read event=1896 count=16384 submitted=31064064
t=21874235 read event=1897 count=16384 submitted=31080448
t=21885888 read event=1898 count=16384 submitted=31096832
t=21896964 read event=1899 count=16384 submitted=31113216
t=21908029 read event=1900 count=16384 submitted=31129600
t=21919224 read event=1901 count=16384 submitted=31145984
t=21930295 read event=1902 count=16384 submitted=31162368
t=21941348 read event=1903 count=16384 submitted=31178752
t=21952406 read event=1904 count=16384 submitted=31195136
t=21963545 read event=1905 count=16384 submitted=31211520
t=21975186 read event=1906 count=16384 submitted=31227904
t=21986266 read event=1907 count=16384 submitted=31244288
t=21997333 read event=1908 count=16384 submitted=31260672
t=22008522 read event=1909 count=16384 submitted=31277056
t=22019618 read event=1910 count=16384 submitted=31293440
t=22030737 read event=1911 count=16384 submitted=31309824
t=22041807 read event=1912 count=16384 submitted=31326208
t=22052966 read event=1913 count=16384 submitted=31342592
t=22064633 read event=1914 count=16384 submitted=31358976
t=22075737 read event=1915 count=16384 submitted=31375360
t=22086835 read event=1916 count=16384 submitted=31391744
t=22098044 read event=1917 count=16384 submitted=31408128
t=22109121 read event=1918 count=16384 submitted=31424512
t=22120177 read event=1919 count=16384 submitted=31440896
t=22131232 read event=1920 count=16384 submitted=31457280
t=22142362 read event=1921 count=16384 submitted=31473664
t=22154019 read event=1922 count=16384 submitted=31490048
t=22165097 read event=1923 count=16384 submitted=31506432
t=22176160 read event=1924 count=16384 submitted=31522816
t=22187346 read event=1925 count=16384 submitted=31539200
t=22198481 read event=1926 count=16384 submitted=31555584
t=22209568 read event=1927 count=16384 submitted=31571968
t=22220649 read event=1928 count=16384 submitted=31588352
t=22231880 read event=1929 count=16384 submitted=31604736
t=22243514 read event=1930 count=16384 submitted=31621120
t=22254607 read event=1931 count=16384 submitted=31637504
t=22265680 read event=1932 count=16384 submitted=31653888
t=22276932 read event=1933 count=16384 submitted=31670272
t=22288001 read event=1934 count=16384 submitted=31686656
t=22299052 read event=1935 count=16384 submitted=31703040
t=22310125 read event=1936 count=16384 submitted=31719424
t=22321332 read event=1937 count=16384 submitted=31735808
t=22332981 read event=1938 count=16384 submitted=31752192
t=22344066 read event=1939 count=16384 submitted=31768576
t=22355128 read event=1940 count=16384 submitted=31784960
t=22366303 read event=1941 count=16384 submitted=31801344
t=22377364 read event=1942 count=16384 submitted=31817728
t=22388445 read event=1943 count=16384 submitted=31834112
t=22399515 read event=1944 count=16384 submitted=31850496
t=22410682 read event=1945 count=16384 submitted=31866880
t=22422325 read event=1946 count=16384 submitted=31883264
t=22433409 read event=1947 count=16384 submitted=31899648
t=22444471 read event=1948 count=16384 submitted=31916032
t=22455662 read event=1949 count=16384 submitted=31932416
t=22466741 read event=1950 count=16384 submitted=31948800
t=22477785 read event=1951 count=16384 submitted=31965184
t=22488849 read event=1952 count=16384 submitted=31981568
t=22499983 read event=1953 count=16384 submitted=31997952
t=22511644 read event=1954 count=16384 submitted=32014336
t=22522740 read event=1955 count=16384 submitted=32030720
t=22533804 read event=1956 count=16384 submitted=32047104
t=22545185 read event=1957 count=16384 submitted=32063488
t=22556271 read event=1958 count=16384 submitted=32079872
t=22567325 read event=1959 count=16384 submitted=32096256
t=22578385 read event=1960 count=16384 submitted=32112640
t=22589539 read event=1961 count=16384 submitted=32129024
t=22601190 read event=1962 count=16384 submitted=32145408
t=22612288 read event=1963 count=16384 submitted=32161792
t=22623355 read event=1964 count=16384 submitted=32178176
t=22634603 read event=1965 count=16384 submitted=32194560
t=22645678 read event=1966 count=16384 submitted=32210944
t=22656743 read event=1967 count=16384 submitted=32227328
t=22667822 read event=1968 count=16384 submitted=32243712
t=22679035 read event=1969 count=16384 submitted=32260096
t=22690694 read event=1970 count=16384 submitted=32276480
t=22701789 read event=1971 count=16384 submitted=32292864
t=22712870 read event=1972 count=16384 submitted=32309248
t=22724096 read event=1973 count=16384 submitted=32325632
t=22735159 read event=1974 count=16384 submitted=32342016
t=22746216 read event=1975 count=16384 submitted=32358400
t=22757274 read event=1976 count=16384 submitted=32374784
t=22768409 read event=1977 count=16384 submitted=32391168
t=22780048 read event=1978 count=16384 submitted=32407552
t=22791127 read event=1979 count=16384 submitted=32423936
t=22802190 read event=1980 count=16384 submitted=32440320
t=22813381 read event=1981 count=16384 submitted=32456704
t=22824448 read event=1982 count=16384 submitted=32473088
t=22835516 read event=1983 count=16384 submitted=32489472
t=22846597 read event=1984 count=16384 submitted=32505856
t=22857801 read event=1985 count=16384 submitted=32522240
t=22869442 read event=1986 count=16384 submitted=32538624
t=22880533 read event=1987 count=16384 submitted=32555008
t=22891610 read event=1988 count=16384 submitted=32571392
t=22902843 read event=1989 count=16384 submitted=32587776
t=22913920 read event=1990 count=16384 submitted=32604160
t=22924968 read event=1991 count=16384 submitted=32620544
t=22936028 read event=1992 count=16384 submitted=32636928
t=22947200 read event=1993 count=16384 submitted=32653312
t=22958862 read event=1994 count=16384 submitted=32669696
t=22969943 read event=1995 count=16384 submitted=32686080
t=22981009 read event=1996 count=16384 submitted=32702464
t=22992217 read event=1997 count=16384 submitted=32718848
t=23003285 read event=1998 count=16384 submitted=32735232
t=23014359 read event=1999 count=16384 submitted=32751616
t=23025418 read event=2000 count=16384 submitted=32768000
t=23036627 read event=2001 count=16384 submitted=32784384
t=23048299 read event=2002 count=16384 submitted=32800768
t=23059379 read event=2003 count=16384 submitted=32817152
t=23070440 read event=2004 count=16384 submitted=32833536
t=23081695 read event=2005 count=16384 submitted=32849920
t=23092771 read event=2006 count=16384 submitted=32866304
t=23103827 read event=2007 count=16384 submitted=32882688
t=23114895 read event=2008 count=16384 submitted=32899072
t=23126035 read event=2009 count=16384 submitted=32915456
t=23137668 read event=2010 count=16384 submitted=32931840
t=23148754 read event=2011 count=16384 submitted=32948224
t=23159853 read event=2012 count=16384 submitted=32964608
t=23171052 read event=2013 count=16384 submitted=32980992
t=23182129 read event=2014 count=16384 submitted=32997376
t=23193187 read event=2015 count=16384 submitted=33013760
t=23204250 read event=2016 count=16384 submitted=33030144
t=23215394 read event=2017 count=16384 submitted=33046528
t=23227085 read event=2018 count=16384 submitted=33062912
t=23238160 read event=2019 count=16384 submitted=33079296
t=23249215 read event=2020 count=16384 submitted=33095680
t=23260410 read event=2021 count=16384 submitted=33112064
t=23271477 read event=2022 count=16384 submitted=33128448
t=23282544 read event=2023 count=16384 submitted=33144832
t=23293607 read event=2024 count=16384 submitted=33161216
t=23304753 read event=2025 count=16384 submitted=33177600
t=23316407 read event=2026 count=16384 submitted=33193984
t=23327485 read event=2027 count=16384 submitted=33210368
t=23338554 read event=2028 count=16384 submitted=33226752
t=23349743 read event=2029 count=16384 submitted=33243136
t=23360806 read event=2030 count=16384 submitted=33259520
t=23371855 read event=2031 count=16384 submitted=33275904
t=23382914 read event=2032 count=16384 submitted=33292288
t=23394061 read event=2033 count=16384 submitted=33308672
t=23405693 read event=2034 count=16384 submitted=33325056
t=23416800 read event=2035 count=16384 submitted=33341440
t=23427870 read event=2036 count=16384 submitted=33357824
t=23439049 read event=2037 count=16384 submitted=33374208
t=23450112 read event=2038 count=16384 submitted=33390592
t=23461175 read event=2039 count=16384 submitted=33406976
t=23472238 read event=2040 count=16384 submitted=33423360
t=23483372 read event=2041 count=16384 submitted=33439744
t=23495022 read event=2042 count=16384 submitted=33456128
t=23506101 read event=2043 count=16384 submitted=33472512
t=23517171 read event=2044 count=16384 submitted=33488896
t=23528363 read event=2045 count=16384 submitted=33505280
t=23539426 read event=2046 count=16384 submitted=33521664
t=23550476 read event=2047 count=16384 submitted=33538048
t=23561543 read event=2048 count=16384 submitted=33554432
t=23572736 read event=2049 count=16384 submitted=33570816
t=23584370 read event=2050 count=16384 submitted=33587200
t=23595447 read event=2051 count=16384 submitted=33603584
t=23606516 read event=2052 count=16384 submitted=33619968
t=23617771 read event=2053 count=16384 submitted=33636352
t=23628842 read event=2054 count=16384 submitted=33652736
t=23639899 read event=2055 count=16384 submitted=33669120
t=23650960 read event=2056 count=16384 submitted=33685504
t=23662146 read event=2057 count=16384 submitted=33701888
t=23673797 read event=2058 count=16384 submitted=33718272
t=23684883 read event=2059 count=16384 submitted=33734656
t=23695943 read event=2060 count=16384 submitted=33751040
t=23707136 read event=2061 count=16384 submitted=33767424
t=23718207 read event=2062 count=16384 submitted=33783808
t=23729264 read event=2063 count=16384 submitted=33800192
t=23740319 read event=2064 count=16384 submitted=33816576
t=23751449 read event=2065 count=16384 submitted=33832960
t=23763096 read event=2066 count=16384 submitted=33849344
t=23774180 read event=2067 count=16384 submitted=33865728
t=23785239 read event=2068 count=16384 submitted=33882112
t=23796426 read event=2069 count=16384 submitted=33898496
t=23807486 read event=2070 count=16384 submitted=33914880
t=23818560 read event=2071 count=16384 submitted=33931264
t=23829625 read event=2072 count=16384 submitted=33947648
t=23840780 read event=2073 count=16384 submitted=33964032
t=23852407 read event=2074 count=16384 submitted=33980416
t=23863487 read event=2075 count=16384 submitted=33996800
t=23874556 read event=2076 count=16384 submitted=34013184
t=23885830 read event=2077 count=16384 submitted=34029568
t=23896896 read event=2078 count=16384 submitted=34045952
t=23907953 read event=2079 count=16384 submitted=34062336
t=23919020 read event=2080 count=16384 submitted=34078720
t=23930198 read event=2081 count=16384 submitted=34095104
t=23941849 read event=2082 count=16384 submitted=34111488
t=23952925 read event=2083 count=16384 submitted=34127872
t=23964015 read event=2084 count=16384 submitted=34144256
t=23975230 read event=2085 count=16384 submitted=34160640
t=23986302 read event=2086 count=16384 submitted=34177024
t=23997357 read event=2087 count=16384 submitted=34193408
t=24008414 read event=2088 count=16384 submitted=34209792
t=24019578 read event=2089 count=16384 submitted=34226176
t=24031247 read event=2090 count=16384 submitted=34242560
t=24042332 read event=2091 count=16384 submitted=34258944
t=24053392 read event=2092 count=16384 submitted=34275328
t=24064589 read event=2093 count=16384 submitted=34291712
t=24075675 read event=2094 count=16384 submitted=34308096
t=24086778 read event=2095 count=16384 submitted=34324480
t=24097843 read event=2096 count=16384 submitted=34340864
t=24109049 read event=2097 count=16384 submitted=34357248
t=24120702 read event=2098 count=16384 submitted=34373632
t=24131798 read event=2099 count=16384 submitted=34390016
t=24142861 read event=2100 count=16384 submitted=34406400
t=24154077 read event=2101 count=16384 submitted=34422784
t=24165146 read event=2102 count=16384 submitted=34439168
t=24176215 read event=2103 count=16384 submitted=34455552
t=24187321 read event=2104 count=16384 submitted=34471936
t=24198481 read event=2105 count=16384 submitted=34488320
t=24210147 read event=2106 count=16384 submitted=34504704
t=24221225 read event=2107 count=16384 submitted=34521088
t=24232290 read event=2108 count=16384 submitted=34537472
t=24243486 read event=2109 count=16384 submitted=34553856
t=24254560 read event=2110 count=16384 submitted=34570240
t=24265621 read event=2111 count=16384 submitted=34586624
t=24276697 read event=2112 count=16384 submitted=34603008
t=24287897 read event=2113 count=16384 submitted=34619392
t=24299363 read event=2114 count=16384 submitted=34635776
t=24310453 read event=2115 count=16384 submitted=34652160
t=24321525 read event=2116 count=16384 submitted=34668544
t=24332759 read event=2117 count=16384 submitted=34684928
t=24343837 read event=2118 count=16384 submitted=34701312
t=24354893 read event=2119 count=16384 submitted=34717696
t=24365971 read event=2120 count=16384 submitted=34734080
t=24377208 read event=2121 count=16384 submitted=34750464
t=24388280 read event=2122 count=16384 submitted=34766848
t=24399347 read event=2123 count=16384 submitted=34783232
t=24410415 read event=2124 count=16384 submitted=34799616
t=24421564 read event=2125 count=16384 submitted=34816000
t=24432634 read event=2126 count=16384 submitted=34832384
t=24443685 read event=2127 count=16384 submitted=34848768
media_player_helper: video=34919166 bytes, pts=0, audio=0 frames/0 samples
t=24454928 read event=2128 count=16384 submitted=34865152
t=24465888 read event=2129 count=16384 submitted=34881536
t=24476701 read event=2130 count=16384 submitted=34897920
t=24487518 read event=2131 count=16384 submitted=34914304
t=24490751 read event=2132 count=4862 submitted=34919166
t=24490829 helper stdout eof
t=24490841 finish reason=eof fd=14 download=1 submitted=34919166 reads=2132 would_block=674
t=24490888 download released
t=24490963 child wait=695 status=0x0 wait_errno=0 exited=1 exit_code=0 signaled=0 signal=0
t=24490981 transfer complete submitted=34919166 reads=2132
