start source=file:/media/fat/games/MediaPlayer/bbb_480i_tff_15s_8mbps.m2v index=1 core=MediaPlayer alternate=MediaPlayer
helper forked pid=1149 read_fd=14
download asserted index=1 pid=1149
would_block count=1 submitted=0
would_block count=2 submitted=0
would_block count=3 submitted=0
would_block count=4 submitted=0
would_block count=8 submitted=0
would_block count=16 submitted=0
would_block count=32 submitted=0
would_block count=64 submitted=0
would_block count=128 submitted=0
read event=1 count=4096 submitted=4096
read event=2 count=4096 submitted=8192
read event=3 count=4096 submitted=12288
read event=4 count=4096 submitted=16384
read event=5 count=4096 submitted=20480
read event=6 count=4096 submitted=24576
read event=7 count=4096 submitted=28672
read event=8 count=4096 submitted=32768
read event=9 count=4096 submitted=36864
read event=10 count=4096 submitted=40960
read event=11 count=4096 submitted=45056
read event=12 count=4096 submitted=49152
read event=13 count=4096 submitted=53248
read event=14 count=4096 submitted=57344
read event=15 count=4096 submitted=61440
read event=16 count=4096 submitted=65536
read event=17 count=4096 submitted=69632
read event=18 count=4096 submitted=73728
read event=19 count=4096 submitted=77824
read event=20 count=4096 submitted=81920
read event=21 count=4096 submitted=86016
read event=22 count=4096 submitted=90112
read event=23 count=4096 submitted=94208
read event=24 count=4096 submitted=98304
read event=25 count=4096 submitted=102400
read event=26 count=4096 submitted=106496
read event=27 count=4096 submitted=110592
read event=28 count=4096 submitted=114688
read event=29 count=4096 submitted=118784
read event=30 count=4096 submitted=122880
read event=31 count=4096 submitted=126976
read event=32 count=4096 submitted=131072
read event=33 count=4096 submitted=135168
read event=34 count=4096 submitted=139264
read event=35 count=4096 submitted=143360
read event=36 count=4096 submitted=147456
read event=37 count=4096 submitted=151552
read event=38 count=4096 submitted=155648
read event=39 count=4096 submitted=159744
read event=40 count=4096 submitted=163840
read event=41 count=4096 submitted=167936
read event=42 count=4096 submitted=172032
read event=43 count=4096 submitted=176128
read event=44 count=4096 submitted=180224
read event=45 count=4096 submitted=184320
read event=46 count=4096 submitted=188416
read event=47 count=4096 submitted=192512
read event=48 count=4096 submitted=196608
read event=49 count=4096 submitted=200704
read event=50 count=4096 submitted=204800
read event=51 count=4096 submitted=208896
read event=52 count=4096 submitted=212992
read event=53 count=4096 submitted=217088
read event=54 count=4096 submitted=221184
read event=55 count=4096 submitted=225280
read event=56 count=4096 submitted=229376
read event=57 count=4096 submitted=233472
read event=58 count=4096 submitted=237568
read event=59 count=4096 submitted=241664
read event=60 count=4096 submitted=245760
read event=61 count=4096 submitted=249856
read event=62 count=4096 submitted=253952
read event=63 count=4096 submitted=258048
read event=64 count=4096 submitted=262144
read event=65 count=4096 submitted=266240
read event=66 count=4096 submitted=270336
read event=67 count=4096 submitted=274432
read event=68 count=4096 submitted=278528
read event=69 count=4096 submitted=282624
read event=70 count=4096 submitted=286720
read event=71 count=4096 submitted=290816
read event=72 count=4096 submitted=294912
read event=73 count=4096 submitted=299008
read event=74 count=4096 submitted=303104
read event=75 count=4096 submitted=307200
read event=76 count=4096 submitted=311296
read event=77 count=4096 submitted=315392
read event=78 count=4096 submitted=319488
read event=79 count=4096 submitted=323584
read event=80 count=4096 submitted=327680
read event=81 count=4096 submitted=331776
read event=82 count=4096 submitted=335872
read event=83 count=4096 submitted=339968
read event=84 count=4096 submitted=344064
read event=85 count=4096 submitted=348160
read event=86 count=4096 submitted=352256
read event=87 count=4096 submitted=356352
read event=88 count=4096 submitted=360448
read event=89 count=4096 submitted=364544
read event=90 count=4096 submitted=368640
read event=91 count=4096 submitted=372736
read event=92 count=4096 submitted=376832
read event=93 count=4096 submitted=380928
read event=94 count=4096 submitted=385024
read event=95 count=4096 submitted=389120
read event=96 count=4096 submitted=393216
read event=97 count=4096 submitted=397312
read event=98 count=4096 submitted=401408
read event=99 count=4096 submitted=405504
read event=100 count=4096 submitted=409600
read event=101 count=4096 submitted=413696
read event=102 count=4096 submitted=417792
read event=103 count=4096 submitted=421888
read event=104 count=4096 submitted=425984
read event=105 count=4096 submitted=430080
read event=106 count=4096 submitted=434176
read event=107 count=4096 submitted=438272
read event=108 count=4096 submitted=442368
read event=109 count=4096 submitted=446464
read event=110 count=4096 submitted=450560
read event=111 count=4096 submitted=454656
read event=112 count=4096 submitted=458752
read event=113 count=4096 submitted=462848
read event=114 count=4096 submitted=466944
read event=115 count=4096 submitted=471040
read event=116 count=4096 submitted=475136
read event=117 count=4096 submitted=479232
read event=118 count=4096 submitted=483328
read event=119 count=4096 submitted=487424
read event=120 count=4096 submitted=491520
read event=121 count=4096 submitted=495616
read event=122 count=4096 submitted=499712
read event=123 count=4096 submitted=503808
read event=124 count=4096 submitted=507904
read event=125 count=4096 submitted=512000
read event=126 count=4096 submitted=516096
read event=127 count=4096 submitted=520192
read event=128 count=4096 submitted=524288
read event=129 count=4096 submitted=528384
read event=130 count=4096 submitted=532480
read event=131 count=4096 submitted=536576
read event=132 count=4096 submitted=540672
read event=133 count=4096 submitted=544768
read event=134 count=4096 submitted=548864
read event=135 count=4096 submitted=552960
read event=136 count=4096 submitted=557056
read event=137 count=4096 submitted=561152
read event=138 count=4096 submitted=565248
read event=139 count=4096 submitted=569344
read event=140 count=4096 submitted=573440
read event=141 count=4096 submitted=577536
read event=142 count=4096 submitted=581632
read event=143 count=4096 submitted=585728
read event=144 count=4096 submitted=589824
read event=145 count=4096 submitted=593920
read event=146 count=4096 submitted=598016
read event=147 count=4096 submitted=602112
read event=148 count=4096 submitted=606208
read event=149 count=4096 submitted=610304
read event=150 count=4096 submitted=614400
read event=151 count=4096 submitted=618496
read event=152 count=4096 submitted=622592
read event=153 count=4096 submitted=626688
read event=154 count=4096 submitted=630784
read event=155 count=4096 submitted=634880
read event=156 count=4096 submitted=638976
read event=157 count=4096 submitted=643072
read event=158 count=4096 submitted=647168
read event=159 count=4096 submitted=651264
read event=160 count=4096 submitted=655360
read event=161 count=4096 submitted=659456
read event=162 count=4096 submitted=663552
read event=163 count=4096 submitted=667648
read event=164 count=4096 submitted=671744
read event=165 count=4096 submitted=675840
read event=166 count=4096 submitted=679936
read event=167 count=4096 submitted=684032
read event=168 count=4096 submitted=688128
read event=169 count=4096 submitted=692224
read event=170 count=4096 submitted=696320
read event=171 count=4096 submitted=700416
read event=172 count=4096 submitted=704512
read event=173 count=4096 submitted=708608
read event=174 count=4096 submitted=712704
read event=175 count=4096 submitted=716800
read event=176 count=4096 submitted=720896
read event=177 count=4096 submitted=724992
read event=178 count=4096 submitted=729088
read event=179 count=4096 submitted=733184
read event=180 count=4096 submitted=737280
read event=181 count=4096 submitted=741376
read event=182 count=4096 submitted=745472
read event=183 count=4096 submitted=749568
read event=184 count=4096 submitted=753664
read event=185 count=4096 submitted=757760
read event=186 count=4096 submitted=761856
read event=187 count=4096 submitted=765952
read event=188 count=4096 submitted=770048
read event=189 count=4096 submitted=774144
read event=190 count=4096 submitted=778240
read event=191 count=4096 submitted=782336
read event=192 count=4096 submitted=786432
read event=193 count=4096 submitted=790528
read event=194 count=4096 submitted=794624
read event=195 count=4096 submitted=798720
read event=196 count=4096 submitted=802816
read event=197 count=4096 submitted=806912
read event=198 count=4096 submitted=811008
read event=199 count=4096 submitted=815104
read event=200 count=4096 submitted=819200
read event=201 count=4096 submitted=823296
read event=202 count=4096 submitted=827392
read event=203 count=4096 submitted=831488
read event=204 count=4096 submitted=835584
read event=205 count=4096 submitted=839680
read event=206 count=4096 submitted=843776
read event=207 count=4096 submitted=847872
read event=208 count=4096 submitted=851968
read event=209 count=4096 submitted=856064
read event=210 count=4096 submitted=860160
read event=211 count=4096 submitted=864256
read event=212 count=4096 submitted=868352
read event=213 count=4096 submitted=872448
read event=214 count=4096 submitted=876544
read event=215 count=4096 submitted=880640
read event=216 count=4096 submitted=884736
read event=217 count=4096 submitted=888832
read event=218 count=4096 submitted=892928
read event=219 count=4096 submitted=897024
read event=220 count=4096 submitted=901120
read event=221 count=4096 submitted=905216
read event=222 count=4096 submitted=909312
read event=223 count=4096 submitted=913408
read event=224 count=4096 submitted=917504
read event=225 count=4096 submitted=921600
read event=226 count=4096 submitted=925696
read event=227 count=4096 submitted=929792
read event=228 count=4096 submitted=933888
read event=229 count=4096 submitted=937984
read event=230 count=4096 submitted=942080
read event=231 count=4096 submitted=946176
read event=232 count=4096 submitted=950272
read event=233 count=4096 submitted=954368
read event=234 count=4096 submitted=958464
read event=235 count=4096 submitted=962560
read event=236 count=4096 submitted=966656
read event=237 count=4096 submitted=970752
read event=238 count=4096 submitted=974848
read event=239 count=4096 submitted=978944
read event=240 count=4096 submitted=983040
read event=241 count=4096 submitted=987136
read event=242 count=4096 submitted=991232
read event=243 count=4096 submitted=995328
read event=244 count=4096 submitted=999424
read event=245 count=4096 submitted=1003520
read event=246 count=4096 submitted=1007616
read event=247 count=4096 submitted=1011712
read event=248 count=4096 submitted=1015808
read event=249 count=4096 submitted=1019904
read event=250 count=4096 submitted=1024000
read event=251 count=4096 submitted=1028096
read event=252 count=4096 submitted=1032192
read event=253 count=4096 submitted=1036288
read event=254 count=4096 submitted=1040384
read event=255 count=4096 submitted=1044480
read event=256 count=4096 submitted=1048576
read event=257 count=4096 submitted=1052672
read event=258 count=4096 submitted=1056768
read event=259 count=4096 submitted=1060864
read event=260 count=4096 submitted=1064960
read event=261 count=4096 submitted=1069056
read event=262 count=4096 submitted=1073152
read event=263 count=4096 submitted=1077248
read event=264 count=4096 submitted=1081344
read event=265 count=4096 submitted=1085440
read event=266 count=4096 submitted=1089536
read event=267 count=4096 submitted=1093632
read event=268 count=4096 submitted=1097728
read event=269 count=4096 submitted=1101824
read event=270 count=4096 submitted=1105920
read event=271 count=4096 submitted=1110016
read event=272 count=4096 submitted=1114112
read event=273 count=4096 submitted=1118208
read event=274 count=4096 submitted=1122304
read event=275 count=4096 submitted=1126400
read event=276 count=4096 submitted=1130496
read event=277 count=4096 submitted=1134592
read event=278 count=4096 submitted=1138688
read event=279 count=4096 submitted=1142784
read event=280 count=4096 submitted=1146880
read event=281 count=4096 submitted=1150976
read event=282 count=4096 submitted=1155072
read event=283 count=4096 submitted=1159168
read event=284 count=4096 submitted=1163264
read event=285 count=4096 submitted=1167360
read event=286 count=4096 submitted=1171456
read event=287 count=4096 submitted=1175552
read event=288 count=4096 submitted=1179648
read event=289 count=4096 submitted=1183744
read event=290 count=4096 submitted=1187840
read event=291 count=4096 submitted=1191936
read event=292 count=4096 submitted=1196032
read event=293 count=4096 submitted=1200128
read event=294 count=4096 submitted=1204224
read event=295 count=4096 submitted=1208320
read event=296 count=4096 submitted=1212416
read event=297 count=4096 submitted=1216512
read event=298 count=4096 submitted=1220608
read event=299 count=4096 submitted=1224704
read event=300 count=4096 submitted=1228800
read event=301 count=4096 submitted=1232896
read event=302 count=4096 submitted=1236992
read event=303 count=4096 submitted=1241088
read event=304 count=4096 submitted=1245184
read event=305 count=4096 submitted=1249280
read event=306 count=4096 submitted=1253376
read event=307 count=4096 submitted=1257472
read event=308 count=4096 submitted=1261568
read event=309 count=4096 submitted=1265664
read event=310 count=4096 submitted=1269760
read event=311 count=4096 submitted=1273856
read event=312 count=4096 submitted=1277952
read event=313 count=4096 submitted=1282048
read event=314 count=4096 submitted=1286144
read event=315 count=4096 submitted=1290240
read event=316 count=4096 submitted=1294336
read event=317 count=4096 submitted=1298432
read event=318 count=4096 submitted=1302528
read event=319 count=4096 submitted=1306624
read event=320 count=4096 submitted=1310720
read event=321 count=4096 submitted=1314816
read event=322 count=4096 submitted=1318912
read event=323 count=4096 submitted=1323008
read event=324 count=4096 submitted=1327104
read event=325 count=4096 submitted=1331200
read event=326 count=4096 submitted=1335296
read event=327 count=4096 submitted=1339392
read event=328 count=4096 submitted=1343488
read event=329 count=4096 submitted=1347584
read event=330 count=4096 submitted=1351680
read event=331 count=4096 submitted=1355776
read event=332 count=4096 submitted=1359872
read event=333 count=4096 submitted=1363968
read event=334 count=4096 submitted=1368064
read event=335 count=4096 submitted=1372160
read event=336 count=4096 submitted=1376256
read event=337 count=4096 submitted=1380352
read event=338 count=4096 submitted=1384448
read event=339 count=4096 submitted=1388544
read event=340 count=4096 submitted=1392640
read event=341 count=4096 submitted=1396736
read event=342 count=4096 submitted=1400832
read event=343 count=4096 submitted=1404928
read event=344 count=4096 submitted=1409024
read event=345 count=4096 submitted=1413120
read event=346 count=4096 submitted=1417216
read event=347 count=4096 submitted=1421312
read event=348 count=4096 submitted=1425408
read event=349 count=4096 submitted=1429504
read event=350 count=4096 submitted=1433600
read event=351 count=4096 submitted=1437696
read event=352 count=4096 submitted=1441792
read event=353 count=4096 submitted=1445888
read event=354 count=4096 submitted=1449984
read event=355 count=4096 submitted=1454080
read event=356 count=4096 submitted=1458176
read event=357 count=4096 submitted=1462272
read event=358 count=4096 submitted=1466368
read event=359 count=4096 submitted=1470464
read event=360 count=4096 submitted=1474560
read event=361 count=4096 submitted=1478656
read event=362 count=4096 submitted=1482752
read event=363 count=4096 submitted=1486848
read event=364 count=4096 submitted=1490944
read event=365 count=4096 submitted=1495040
read event=366 count=4096 submitted=1499136
read event=367 count=4096 submitted=1503232
read event=368 count=4096 submitted=1507328
read event=369 count=4096 submitted=1511424
read event=370 count=4096 submitted=1515520
read event=371 count=4096 submitted=1519616
read event=372 count=4096 submitted=1523712
read event=373 count=4096 submitted=1527808
read event=374 count=4096 submitted=1531904
read event=375 count=4096 submitted=1536000
read event=376 count=4096 submitted=1540096
read event=377 count=4096 submitted=1544192
read event=378 count=4096 submitted=1548288
read event=379 count=4096 submitted=1552384
read event=380 count=4096 submitted=1556480
read event=381 count=4096 submitted=1560576
read event=382 count=4096 submitted=1564672
read event=383 count=4096 submitted=1568768
read event=384 count=4096 submitted=1572864
read event=385 count=4096 submitted=1576960
read event=386 count=4096 submitted=1581056
read event=387 count=4096 submitted=1585152
read event=388 count=4096 submitted=1589248
read event=389 count=4096 submitted=1593344
read event=390 count=4096 submitted=1597440
read event=391 count=4096 submitted=1601536
read event=392 count=4096 submitted=1605632
read event=393 count=4096 submitted=1609728
read event=394 count=4096 submitted=1613824
read event=395 count=4096 submitted=1617920
read event=396 count=4096 submitted=1622016
read event=397 count=4096 submitted=1626112
read event=398 count=4096 submitted=1630208
read event=399 count=4096 submitted=1634304
read event=400 count=4096 submitted=1638400
read event=401 count=4096 submitted=1642496
read event=402 count=4096 submitted=1646592
read event=403 count=4096 submitted=1650688
read event=404 count=4096 submitted=1654784
read event=405 count=4096 submitted=1658880
read event=406 count=4096 submitted=1662976
read event=407 count=4096 submitted=1667072
read event=408 count=4096 submitted=1671168
read event=409 count=4096 submitted=1675264
read event=410 count=4096 submitted=1679360
read event=411 count=4096 submitted=1683456
read event=412 count=4096 submitted=1687552
read event=413 count=4096 submitted=1691648
read event=414 count=4096 submitted=1695744
read event=415 count=4096 submitted=1699840
read event=416 count=4096 submitted=1703936
read event=417 count=4096 submitted=1708032
read event=418 count=4096 submitted=1712128
read event=419 count=4096 submitted=1716224
read event=420 count=4096 submitted=1720320
read event=421 count=4096 submitted=1724416
read event=422 count=4096 submitted=1728512
read event=423 count=4096 submitted=1732608
read event=424 count=4096 submitted=1736704
read event=425 count=4096 submitted=1740800
read event=426 count=4096 submitted=1744896
read event=427 count=4096 submitted=1748992
read event=428 count=4096 submitted=1753088
read event=429 count=4096 submitted=1757184
read event=430 count=4096 submitted=1761280
read event=431 count=4096 submitted=1765376
read event=432 count=4096 submitted=1769472
read event=433 count=4096 submitted=1773568
read event=434 count=4096 submitted=1777664
read event=435 count=4096 submitted=1781760
read event=436 count=4096 submitted=1785856
read event=437 count=4096 submitted=1789952
read event=438 count=4096 submitted=1794048
read event=439 count=4096 submitted=1798144
read event=440 count=4096 submitted=1802240
read event=441 count=4096 submitted=1806336
read event=442 count=4096 submitted=1810432
read event=443 count=4096 submitted=1814528
read event=444 count=4096 submitted=1818624
read event=445 count=4096 submitted=1822720
read event=446 count=4096 submitted=1826816
read event=447 count=4096 submitted=1830912
read event=448 count=4096 submitted=1835008
read event=449 count=4096 submitted=1839104
read event=450 count=4096 submitted=1843200
read event=451 count=4096 submitted=1847296
read event=452 count=4096 submitted=1851392
read event=453 count=4096 submitted=1855488
read event=454 count=4096 submitted=1859584
read event=455 count=4096 submitted=1863680
read event=456 count=4096 submitted=1867776
read event=457 count=4096 submitted=1871872
read event=458 count=4096 submitted=1875968
read event=459 count=4096 submitted=1880064
read event=460 count=4096 submitted=1884160
read event=461 count=4096 submitted=1888256
read event=462 count=4096 submitted=1892352
read event=463 count=4096 submitted=1896448
read event=464 count=4096 submitted=1900544
read event=465 count=4096 submitted=1904640
read event=466 count=4096 submitted=1908736
read event=467 count=4096 submitted=1912832
read event=468 count=4096 submitted=1916928
read event=469 count=4096 submitted=1921024
read event=470 count=4096 submitted=1925120
read event=471 count=4096 submitted=1929216
read event=472 count=4096 submitted=1933312
read event=473 count=4096 submitted=1937408
read event=474 count=4096 submitted=1941504
read event=475 count=4096 submitted=1945600
read event=476 count=4096 submitted=1949696
read event=477 count=4096 submitted=1953792
read event=478 count=4096 submitted=1957888
read event=479 count=4096 submitted=1961984
read event=480 count=4096 submitted=1966080
read event=481 count=4096 submitted=1970176
read event=482 count=4096 submitted=1974272
read event=483 count=4096 submitted=1978368
read event=484 count=4096 submitted=1982464
read event=485 count=4096 submitted=1986560
read event=486 count=4096 submitted=1990656
read event=487 count=4096 submitted=1994752
read event=488 count=4096 submitted=1998848
read event=489 count=4096 submitted=2002944
read event=490 count=4096 submitted=2007040
read event=491 count=4096 submitted=2011136
read event=492 count=4096 submitted=2015232
read event=493 count=4096 submitted=2019328
read event=494 count=4096 submitted=2023424
read event=495 count=4096 submitted=2027520
read event=496 count=4096 submitted=2031616
read event=497 count=4096 submitted=2035712
read event=498 count=4096 submitted=2039808
read event=499 count=4096 submitted=2043904
read event=500 count=4096 submitted=2048000
read event=501 count=4096 submitted=2052096
read event=502 count=4096 submitted=2056192
read event=503 count=4096 submitted=2060288
read event=504 count=4096 submitted=2064384
read event=505 count=4096 submitted=2068480
read event=506 count=4096 submitted=2072576
read event=507 count=4096 submitted=2076672
read event=508 count=4096 submitted=2080768
read event=509 count=4096 submitted=2084864
read event=510 count=4096 submitted=2088960
read event=511 count=4096 submitted=2093056
read event=512 count=4096 submitted=2097152
read event=513 count=4096 submitted=2101248
read event=514 count=4096 submitted=2105344
read event=515 count=4096 submitted=2109440
read event=516 count=4096 submitted=2113536
read event=517 count=4096 submitted=2117632
read event=518 count=4096 submitted=2121728
read event=519 count=4096 submitted=2125824
read event=520 count=4096 submitted=2129920
read event=521 count=4096 submitted=2134016
read event=522 count=4096 submitted=2138112
read event=523 count=4096 submitted=2142208
read event=524 count=4096 submitted=2146304
read event=525 count=4096 submitted=2150400
read event=526 count=4096 submitted=2154496
read event=527 count=4096 submitted=2158592
read event=528 count=4096 submitted=2162688
read event=529 count=4096 submitted=2166784
read event=530 count=4096 submitted=2170880
read event=531 count=4096 submitted=2174976
read event=532 count=4096 submitted=2179072
read event=533 count=4096 submitted=2183168
read event=534 count=4096 submitted=2187264
read event=535 count=4096 submitted=2191360
read event=536 count=4096 submitted=2195456
read event=537 count=4096 submitted=2199552
read event=538 count=4096 submitted=2203648
read event=539 count=4096 submitted=2207744
read event=540 count=4096 submitted=2211840
read event=541 count=4096 submitted=2215936
read event=542 count=4096 submitted=2220032
read event=543 count=4096 submitted=2224128
read event=544 count=4096 submitted=2228224
read event=545 count=4096 submitted=2232320
read event=546 count=4096 submitted=2236416
read event=547 count=4096 submitted=2240512
read event=548 count=4096 submitted=2244608
read event=549 count=4096 submitted=2248704
read event=550 count=4096 submitted=2252800
read event=551 count=4096 submitted=2256896
read event=552 count=4096 submitted=2260992
read event=553 count=4096 submitted=2265088
read event=554 count=4096 submitted=2269184
read event=555 count=4096 submitted=2273280
read event=556 count=4096 submitted=2277376
read event=557 count=4096 submitted=2281472
read event=558 count=4096 submitted=2285568
read event=559 count=4096 submitted=2289664
read event=560 count=4096 submitted=2293760
read event=561 count=4096 submitted=2297856
read event=562 count=4096 submitted=2301952
read event=563 count=4096 submitted=2306048
read event=564 count=4096 submitted=2310144
read event=565 count=4096 submitted=2314240
read event=566 count=4096 submitted=2318336
read event=567 count=4096 submitted=2322432
read event=568 count=4096 submitted=2326528
read event=569 count=4096 submitted=2330624
read event=570 count=4096 submitted=2334720
read event=571 count=4096 submitted=2338816
read event=572 count=4096 submitted=2342912
read event=573 count=4096 submitted=2347008
read event=574 count=4096 submitted=2351104
read event=575 count=4096 submitted=2355200
read event=576 count=4096 submitted=2359296
read event=577 count=4096 submitted=2363392
read event=578 count=4096 submitted=2367488
read event=579 count=4096 submitted=2371584
read event=580 count=4096 submitted=2375680
read event=581 count=4096 submitted=2379776
read event=582 count=4096 submitted=2383872
read event=583 count=4096 submitted=2387968
read event=584 count=4096 submitted=2392064
read event=585 count=4096 submitted=2396160
read event=586 count=4096 submitted=2400256
read event=587 count=4096 submitted=2404352
read event=588 count=4096 submitted=2408448
read event=589 count=4096 submitted=2412544
read event=590 count=4096 submitted=2416640
read event=591 count=4096 submitted=2420736
read event=592 count=4096 submitted=2424832
read event=593 count=4096 submitted=2428928
read event=594 count=4096 submitted=2433024
read event=595 count=4096 submitted=2437120
read event=596 count=4096 submitted=2441216
read event=597 count=4096 submitted=2445312
read event=598 count=4096 submitted=2449408
read event=599 count=4096 submitted=2453504
read event=600 count=4096 submitted=2457600
read event=601 count=4096 submitted=2461696
read event=602 count=4096 submitted=2465792
read event=603 count=4096 submitted=2469888
read event=604 count=4096 submitted=2473984
read event=605 count=4096 submitted=2478080
read event=606 count=4096 submitted=2482176
read event=607 count=4096 submitted=2486272
read event=608 count=4096 submitted=2490368
read event=609 count=4096 submitted=2494464
read event=610 count=4096 submitted=2498560
read event=611 count=4096 submitted=2502656
read event=612 count=4096 submitted=2506752
read event=613 count=4096 submitted=2510848
read event=614 count=4096 submitted=2514944
read event=615 count=4096 submitted=2519040
read event=616 count=4096 submitted=2523136
read event=617 count=4096 submitted=2527232
read event=618 count=4096 submitted=2531328
read event=619 count=4096 submitted=2535424
read event=620 count=4096 submitted=2539520
read event=621 count=4096 submitted=2543616
read event=622 count=4096 submitted=2547712
read event=623 count=4096 submitted=2551808
read event=624 count=4096 submitted=2555904
read event=625 count=4096 submitted=2560000
read event=626 count=4096 submitted=2564096
read event=627 count=4096 submitted=2568192
read event=628 count=4096 submitted=2572288
read event=629 count=4096 submitted=2576384
read event=630 count=4096 submitted=2580480
read event=631 count=4096 submitted=2584576
read event=632 count=4096 submitted=2588672
read event=633 count=4096 submitted=2592768
read event=634 count=4096 submitted=2596864
read event=635 count=4096 submitted=2600960
read event=636 count=4096 submitted=2605056
read event=637 count=4096 submitted=2609152
read event=638 count=4096 submitted=2613248
read event=639 count=4096 submitted=2617344
read event=640 count=4096 submitted=2621440
read event=641 count=4096 submitted=2625536
read event=642 count=4096 submitted=2629632
read event=643 count=4096 submitted=2633728
read event=644 count=4096 submitted=2637824
read event=645 count=4096 submitted=2641920
read event=646 count=4096 submitted=2646016
read event=647 count=4096 submitted=2650112
read event=648 count=4096 submitted=2654208
read event=649 count=4096 submitted=2658304
read event=650 count=4096 submitted=2662400
read event=651 count=4096 submitted=2666496
read event=652 count=4096 submitted=2670592
read event=653 count=4096 submitted=2674688
read event=654 count=4096 submitted=2678784
read event=655 count=4096 submitted=2682880
read event=656 count=4096 submitted=2686976
read event=657 count=4096 submitted=2691072
read event=658 count=4096 submitted=2695168
read event=659 count=4096 submitted=2699264
read event=660 count=4096 submitted=2703360
read event=661 count=4096 submitted=2707456
read event=662 count=4096 submitted=2711552
read event=663 count=4096 submitted=2715648
read event=664 count=4096 submitted=2719744
read event=665 count=4096 submitted=2723840
read event=666 count=4096 submitted=2727936
read event=667 count=4096 submitted=2732032
read event=668 count=4096 submitted=2736128
read event=669 count=4096 submitted=2740224
read event=670 count=4096 submitted=2744320
read event=671 count=4096 submitted=2748416
read event=672 count=4096 submitted=2752512
read event=673 count=4096 submitted=2756608
read event=674 count=4096 submitted=2760704
read event=675 count=4096 submitted=2764800
read event=676 count=4096 submitted=2768896
read event=677 count=4096 submitted=2772992
read event=678 count=4096 submitted=2777088
read event=679 count=4096 submitted=2781184
read event=680 count=4096 submitted=2785280
read event=681 count=4096 submitted=2789376
read event=682 count=4096 submitted=2793472
read event=683 count=4096 submitted=2797568
read event=684 count=4096 submitted=2801664
read event=685 count=4096 submitted=2805760
read event=686 count=4096 submitted=2809856
read event=687 count=4096 submitted=2813952
read event=688 count=4096 submitted=2818048
read event=689 count=4096 submitted=2822144
read event=690 count=4096 submitted=2826240
read event=691 count=4096 submitted=2830336
read event=692 count=4096 submitted=2834432
read event=693 count=4096 submitted=2838528
read event=694 count=4096 submitted=2842624
read event=695 count=4096 submitted=2846720
read event=696 count=4096 submitted=2850816
read event=697 count=4096 submitted=2854912
read event=698 count=4096 submitted=2859008
read event=699 count=4096 submitted=2863104
read event=700 count=4096 submitted=2867200
read event=701 count=4096 submitted=2871296
read event=702 count=4096 submitted=2875392
read event=703 count=4096 submitted=2879488
read event=704 count=4096 submitted=2883584
read event=705 count=4096 submitted=2887680
read event=706 count=4096 submitted=2891776
read event=707 count=4096 submitted=2895872
read event=708 count=4096 submitted=2899968
read event=709 count=4096 submitted=2904064
read event=710 count=4096 submitted=2908160
read event=711 count=4096 submitted=2912256
read event=712 count=4096 submitted=2916352
read event=713 count=4096 submitted=2920448
read event=714 count=4096 submitted=2924544
read event=715 count=4096 submitted=2928640
read event=716 count=4096 submitted=2932736
read event=717 count=4096 submitted=2936832
read event=718 count=4096 submitted=2940928
read event=719 count=4096 submitted=2945024
read event=720 count=4096 submitted=2949120
read event=721 count=4096 submitted=2953216
read event=722 count=4096 submitted=2957312
read event=723 count=4096 submitted=2961408
read event=724 count=4096 submitted=2965504
read event=725 count=4096 submitted=2969600
read event=726 count=4096 submitted=2973696
read event=727 count=4096 submitted=2977792
read event=728 count=4096 submitted=2981888
read event=729 count=4096 submitted=2985984
read event=730 count=4096 submitted=2990080
read event=731 count=4096 submitted=2994176
read event=732 count=4096 submitted=2998272
read event=733 count=4096 submitted=3002368
read event=734 count=4096 submitted=3006464
read event=735 count=4096 submitted=3010560
read event=736 count=4096 submitted=3014656
read event=737 count=4096 submitted=3018752
read event=738 count=4096 submitted=3022848
read event=739 count=4096 submitted=3026944
read event=740 count=4096 submitted=3031040
read event=741 count=4096 submitted=3035136
read event=742 count=4096 submitted=3039232
read event=743 count=4096 submitted=3043328
read event=744 count=4096 submitted=3047424
read event=745 count=4096 submitted=3051520
read event=746 count=4096 submitted=3055616
read event=747 count=4096 submitted=3059712
read event=748 count=4096 submitted=3063808
read event=749 count=4096 submitted=3067904
read event=750 count=4096 submitted=3072000
read event=751 count=4096 submitted=3076096
read event=752 count=4096 submitted=3080192
read event=753 count=4096 submitted=3084288
read event=754 count=4096 submitted=3088384
read event=755 count=4096 submitted=3092480
read event=756 count=4096 submitted=3096576
read event=757 count=4096 submitted=3100672
read event=758 count=4096 submitted=3104768
read event=759 count=4096 submitted=3108864
read event=760 count=4096 submitted=3112960
read event=761 count=4096 submitted=3117056
read event=762 count=4096 submitted=3121152
read event=763 count=4096 submitted=3125248
read event=764 count=4096 submitted=3129344
read event=765 count=4096 submitted=3133440
read event=766 count=4096 submitted=3137536
read event=767 count=4096 submitted=3141632
read event=768 count=4096 submitted=3145728
read event=769 count=4096 submitted=3149824
read event=770 count=4096 submitted=3153920
read event=771 count=4096 submitted=3158016
read event=772 count=4096 submitted=3162112
read event=773 count=4096 submitted=3166208
read event=774 count=4096 submitted=3170304
read event=775 count=4096 submitted=3174400
read event=776 count=4096 submitted=3178496
read event=777 count=4096 submitted=3182592
read event=778 count=4096 submitted=3186688
read event=779 count=4096 submitted=3190784
read event=780 count=4096 submitted=3194880
read event=781 count=4096 submitted=3198976
read event=782 count=4096 submitted=3203072
read event=783 count=4096 submitted=3207168
read event=784 count=4096 submitted=3211264
read event=785 count=4096 submitted=3215360
read event=786 count=4096 submitted=3219456
read event=787 count=4096 submitted=3223552
read event=788 count=4096 submitted=3227648
read event=789 count=4096 submitted=3231744
read event=790 count=4096 submitted=3235840
read event=791 count=4096 submitted=3239936
read event=792 count=4096 submitted=3244032
read event=793 count=4096 submitted=3248128
read event=794 count=4096 submitted=3252224
read event=795 count=4096 submitted=3256320
read event=796 count=4096 submitted=3260416
read event=797 count=4096 submitted=3264512
read event=798 count=4096 submitted=3268608
read event=799 count=4096 submitted=3272704
read event=800 count=4096 submitted=3276800
read event=801 count=4096 submitted=3280896
read event=802 count=4096 submitted=3284992
read event=803 count=4096 submitted=3289088
read event=804 count=4096 submitted=3293184
read event=805 count=4096 submitted=3297280
read event=806 count=4096 submitted=3301376
read event=807 count=4096 submitted=3305472
read event=808 count=4096 submitted=3309568
read event=809 count=4096 submitted=3313664
read event=810 count=4096 submitted=3317760
read event=811 count=4096 submitted=3321856
read event=812 count=4096 submitted=3325952
read event=813 count=4096 submitted=3330048
read event=814 count=4096 submitted=3334144
read event=815 count=4096 submitted=3338240
read event=816 count=4096 submitted=3342336
read event=817 count=4096 submitted=3346432
read event=818 count=4096 submitted=3350528
read event=819 count=4096 submitted=3354624
read event=820 count=4096 submitted=3358720
read event=821 count=4096 submitted=3362816
read event=822 count=4096 submitted=3366912
read event=823 count=4096 submitted=3371008
read event=824 count=4096 submitted=3375104
read event=825 count=4096 submitted=3379200
read event=826 count=4096 submitted=3383296
read event=827 count=4096 submitted=3387392
read event=828 count=4096 submitted=3391488
read event=829 count=4096 submitted=3395584
read event=830 count=4096 submitted=3399680
read event=831 count=4096 submitted=3403776
read event=832 count=4096 submitted=3407872
read event=833 count=4096 submitted=3411968
read event=834 count=4096 submitted=3416064
read event=835 count=4096 submitted=3420160
read event=836 count=4096 submitted=3424256
read event=837 count=4096 submitted=3428352
read event=838 count=4096 submitted=3432448
read event=839 count=4096 submitted=3436544
read event=840 count=4096 submitted=3440640
read event=841 count=4096 submitted=3444736
read event=842 count=4096 submitted=3448832
read event=843 count=4096 submitted=3452928
read event=844 count=4096 submitted=3457024
read event=845 count=4096 submitted=3461120
read event=846 count=4096 submitted=3465216
read event=847 count=4096 submitted=3469312
read event=848 count=4096 submitted=3473408
read event=849 count=4096 submitted=3477504
read event=850 count=4096 submitted=3481600
read event=851 count=4096 submitted=3485696
read event=852 count=4096 submitted=3489792
read event=853 count=4096 submitted=3493888
read event=854 count=4096 submitted=3497984
read event=855 count=4096 submitted=3502080
read event=856 count=4096 submitted=3506176
read event=857 count=4096 submitted=3510272
read event=858 count=4096 submitted=3514368
read event=859 count=4096 submitted=3518464
read event=860 count=4096 submitted=3522560
read event=861 count=4096 submitted=3526656
read event=862 count=4096 submitted=3530752
read event=863 count=4096 submitted=3534848
read event=864 count=4096 submitted=3538944
read event=865 count=4096 submitted=3543040
read event=866 count=4096 submitted=3547136
read event=867 count=4096 submitted=3551232
read event=868 count=4096 submitted=3555328
read event=869 count=4096 submitted=3559424
read event=870 count=4096 submitted=3563520
read event=871 count=4096 submitted=3567616
read event=872 count=4096 submitted=3571712
read event=873 count=4096 submitted=3575808
read event=874 count=4096 submitted=3579904
read event=875 count=4096 submitted=3584000
read event=876 count=4096 submitted=3588096
read event=877 count=4096 submitted=3592192
read event=878 count=4096 submitted=3596288
read event=879 count=4096 submitted=3600384
read event=880 count=4096 submitted=3604480
read event=881 count=4096 submitted=3608576
read event=882 count=4096 submitted=3612672
read event=883 count=4096 submitted=3616768
read event=884 count=4096 submitted=3620864
read event=885 count=4096 submitted=3624960
read event=886 count=4096 submitted=3629056
read event=887 count=4096 submitted=3633152
read event=888 count=4096 submitted=3637248
read event=889 count=4096 submitted=3641344
read event=890 count=4096 submitted=3645440
read event=891 count=4096 submitted=3649536
read event=892 count=4096 submitted=3653632
read event=893 count=4096 submitted=3657728
read event=894 count=4096 submitted=3661824
read event=895 count=4096 submitted=3665920
read event=896 count=4096 submitted=3670016
read event=897 count=4096 submitted=3674112
read event=898 count=4096 submitted=3678208
read event=899 count=4096 submitted=3682304
read event=900 count=4096 submitted=3686400
read event=901 count=4096 submitted=3690496
read event=902 count=4096 submitted=3694592
read event=903 count=4096 submitted=3698688
read event=904 count=4096 submitted=3702784
read event=905 count=4096 submitted=3706880
read event=906 count=4096 submitted=3710976
read event=907 count=4096 submitted=3715072
read event=908 count=4096 submitted=3719168
read event=909 count=4096 submitted=3723264
read event=910 count=4096 submitted=3727360
read event=911 count=4096 submitted=3731456
read event=912 count=4096 submitted=3735552
read event=913 count=4096 submitted=3739648
read event=914 count=4096 submitted=3743744
read event=915 count=4096 submitted=3747840
read event=916 count=4096 submitted=3751936
read event=917 count=4096 submitted=3756032
read event=918 count=4096 submitted=3760128
read event=919 count=4096 submitted=3764224
read event=920 count=4096 submitted=3768320
read event=921 count=4096 submitted=3772416
read event=922 count=4096 submitted=3776512
read event=923 count=4096 submitted=3780608
read event=924 count=4096 submitted=3784704
read event=925 count=4096 submitted=3788800
read event=926 count=4096 submitted=3792896
read event=927 count=4096 submitted=3796992
read event=928 count=4096 submitted=3801088
read event=929 count=4096 submitted=3805184
read event=930 count=4096 submitted=3809280
read event=931 count=4096 submitted=3813376
read event=932 count=4096 submitted=3817472
read event=933 count=4096 submitted=3821568
read event=934 count=4096 submitted=3825664
read event=935 count=4096 submitted=3829760
read event=936 count=4096 submitted=3833856
read event=937 count=4096 submitted=3837952
read event=938 count=4096 submitted=3842048
read event=939 count=4096 submitted=3846144
read event=940 count=4096 submitted=3850240
read event=941 count=4096 submitted=3854336
read event=942 count=4096 submitted=3858432
read event=943 count=4096 submitted=3862528
read event=944 count=4096 submitted=3866624
read event=945 count=4096 submitted=3870720
read event=946 count=4096 submitted=3874816
read event=947 count=4096 submitted=3878912
read event=948 count=4096 submitted=3883008
read event=949 count=4096 submitted=3887104
read event=950 count=4096 submitted=3891200
read event=951 count=4096 submitted=3895296
read event=952 count=4096 submitted=3899392
read event=953 count=4096 submitted=3903488
read event=954 count=4096 submitted=3907584
read event=955 count=4096 submitted=3911680
read event=956 count=4096 submitted=3915776
read event=957 count=4096 submitted=3919872
read event=958 count=4096 submitted=3923968
read event=959 count=4096 submitted=3928064
read event=960 count=4096 submitted=3932160
read event=961 count=4096 submitted=3936256
read event=962 count=4096 submitted=3940352
read event=963 count=4096 submitted=3944448
read event=964 count=4096 submitted=3948544
read event=965 count=4096 submitted=3952640
read event=966 count=4096 submitted=3956736
read event=967 count=4096 submitted=3960832
read event=968 count=4096 submitted=3964928
read event=969 count=4096 submitted=3969024
read event=970 count=4096 submitted=3973120
read event=971 count=4096 submitted=3977216
read event=972 count=4096 submitted=3981312
read event=973 count=4096 submitted=3985408
read event=974 count=4096 submitted=3989504
read event=975 count=4096 submitted=3993600
read event=976 count=4096 submitted=3997696
read event=977 count=4096 submitted=4001792
read event=978 count=4096 submitted=4005888
read event=979 count=4096 submitted=4009984
read event=980 count=4096 submitted=4014080
read event=981 count=4096 submitted=4018176
read event=982 count=4096 submitted=4022272
read event=983 count=4096 submitted=4026368
read event=984 count=4096 submitted=4030464
read event=985 count=4096 submitted=4034560
read event=986 count=4096 submitted=4038656
read event=987 count=4096 submitted=4042752
read event=988 count=4096 submitted=4046848
read event=989 count=4096 submitted=4050944
read event=990 count=4096 submitted=4055040
read event=991 count=4096 submitted=4059136
read event=992 count=4096 submitted=4063232
read event=993 count=4096 submitted=4067328
read event=994 count=4096 submitted=4071424
read event=995 count=4096 submitted=4075520
read event=996 count=4096 submitted=4079616
read event=997 count=4096 submitted=4083712
read event=998 count=4096 submitted=4087808
read event=999 count=4096 submitted=4091904
read event=1000 count=4096 submitted=4096000
read event=1001 count=4096 submitted=4100096
read event=1002 count=4096 submitted=4104192
read event=1003 count=4096 submitted=4108288
read event=1004 count=4096 submitted=4112384
read event=1005 count=4096 submitted=4116480
read event=1006 count=4096 submitted=4120576
read event=1007 count=4096 submitted=4124672
read event=1008 count=4096 submitted=4128768
read event=1009 count=4096 submitted=4132864
read event=1010 count=4096 submitted=4136960
read event=1011 count=4096 submitted=4141056
read event=1012 count=4096 submitted=4145152
read event=1013 count=4096 submitted=4149248
read event=1014 count=4096 submitted=4153344
read event=1015 count=4096 submitted=4157440
read event=1016 count=4096 submitted=4161536
read event=1017 count=4096 submitted=4165632
read event=1018 count=4096 submitted=4169728
read event=1019 count=4096 submitted=4173824
read event=1020 count=4096 submitted=4177920
read event=1021 count=4096 submitted=4182016
read event=1022 count=4096 submitted=4186112
read event=1023 count=4096 submitted=4190208
read event=1024 count=4096 submitted=4194304
read event=1025 count=4096 submitted=4198400
read event=1026 count=4096 submitted=4202496
read event=1027 count=4096 submitted=4206592
read event=1028 count=4096 submitted=4210688
read event=1029 count=4096 submitted=4214784
read event=1030 count=4096 submitted=4218880
read event=1031 count=4096 submitted=4222976
read event=1032 count=4096 submitted=4227072
read event=1033 count=4096 submitted=4231168
read event=1034 count=4096 submitted=4235264
read event=1035 count=4096 submitted=4239360
read event=1036 count=4096 submitted=4243456
read event=1037 count=4096 submitted=4247552
read event=1038 count=4096 submitted=4251648
read event=1039 count=4096 submitted=4255744
read event=1040 count=4096 submitted=4259840
read event=1041 count=4096 submitted=4263936
read event=1042 count=4096 submitted=4268032
read event=1043 count=4096 submitted=4272128
read event=1044 count=4096 submitted=4276224
read event=1045 count=4096 submitted=4280320
read event=1046 count=4096 submitted=4284416
read event=1047 count=4096 submitted=4288512
read event=1048 count=4096 submitted=4292608
read event=1049 count=4096 submitted=4296704
read event=1050 count=4096 submitted=4300800
read event=1051 count=4096 submitted=4304896
read event=1052 count=4096 submitted=4308992
read event=1053 count=4096 submitted=4313088
read event=1054 count=4096 submitted=4317184
read event=1055 count=4096 submitted=4321280
read event=1056 count=4096 submitted=4325376
read event=1057 count=4096 submitted=4329472
read event=1058 count=4096 submitted=4333568
read event=1059 count=4096 submitted=4337664
read event=1060 count=4096 submitted=4341760
read event=1061 count=4096 submitted=4345856
read event=1062 count=4096 submitted=4349952
read event=1063 count=4096 submitted=4354048
read event=1064 count=4096 submitted=4358144
read event=1065 count=4096 submitted=4362240
read event=1066 count=4096 submitted=4366336
read event=1067 count=4096 submitted=4370432
read event=1068 count=4096 submitted=4374528
read event=1069 count=4096 submitted=4378624
read event=1070 count=4096 submitted=4382720
read event=1071 count=4096 submitted=4386816
read event=1072 count=4096 submitted=4390912
read event=1073 count=4096 submitted=4395008
read event=1074 count=4096 submitted=4399104
read event=1075 count=4096 submitted=4403200
read event=1076 count=4096 submitted=4407296
read event=1077 count=4096 submitted=4411392
read event=1078 count=4096 submitted=4415488
read event=1079 count=4096 submitted=4419584
read event=1080 count=4096 submitted=4423680
read event=1081 count=4096 submitted=4427776
read event=1082 count=4096 submitted=4431872
read event=1083 count=4096 submitted=4435968
read event=1084 count=4096 submitted=4440064
read event=1085 count=4096 submitted=4444160
read event=1086 count=4096 submitted=4448256
read event=1087 count=4096 submitted=4452352
read event=1088 count=4096 submitted=4456448
read event=1089 count=4096 submitted=4460544
read event=1090 count=4096 submitted=4464640
read event=1091 count=4096 submitted=4468736
read event=1092 count=4096 submitted=4472832
read event=1093 count=4096 submitted=4476928
read event=1094 count=4096 submitted=4481024
read event=1095 count=4096 submitted=4485120
read event=1096 count=4096 submitted=4489216
read event=1097 count=4096 submitted=4493312
read event=1098 count=4096 submitted=4497408
read event=1099 count=4096 submitted=4501504
read event=1100 count=4096 submitted=4505600
read event=1101 count=4096 submitted=4509696
read event=1102 count=4096 submitted=4513792
read event=1103 count=4096 submitted=4517888
read event=1104 count=4096 submitted=4521984
read event=1105 count=4096 submitted=4526080
read event=1106 count=4096 submitted=4530176
read event=1107 count=4096 submitted=4534272
read event=1108 count=4096 submitted=4538368
read event=1109 count=4096 submitted=4542464
read event=1110 count=4096 submitted=4546560
read event=1111 count=4096 submitted=4550656
read event=1112 count=4096 submitted=4554752
read event=1113 count=4096 submitted=4558848
read event=1114 count=4096 submitted=4562944
read event=1115 count=4096 submitted=4567040
read event=1116 count=4096 submitted=4571136
read event=1117 count=4096 submitted=4575232
read event=1118 count=4096 submitted=4579328
read event=1119 count=4096 submitted=4583424
read event=1120 count=4096 submitted=4587520
read event=1121 count=4096 submitted=4591616
read event=1122 count=4096 submitted=4595712
read event=1123 count=4096 submitted=4599808
read event=1124 count=4096 submitted=4603904
read event=1125 count=4096 submitted=4608000
read event=1126 count=4096 submitted=4612096
read event=1127 count=4096 submitted=4616192
read event=1128 count=4096 submitted=4620288
read event=1129 count=4096 submitted=4624384
read event=1130 count=4096 submitted=4628480
read event=1131 count=4096 submitted=4632576
read event=1132 count=4096 submitted=4636672
read event=1133 count=4096 submitted=4640768
read event=1134 count=4096 submitted=4644864
read event=1135 count=4096 submitted=4648960
read event=1136 count=4096 submitted=4653056
read event=1137 count=4096 submitted=4657152
read event=1138 count=4096 submitted=4661248
read event=1139 count=4096 submitted=4665344
read event=1140 count=4096 submitted=4669440
read event=1141 count=4096 submitted=4673536
read event=1142 count=4096 submitted=4677632
read event=1143 count=4096 submitted=4681728
read event=1144 count=4096 submitted=4685824
read event=1145 count=4096 submitted=4689920
read event=1146 count=4096 submitted=4694016
read event=1147 count=4096 submitted=4698112
read event=1148 count=4096 submitted=4702208
read event=1149 count=4096 submitted=4706304
read event=1150 count=4096 submitted=4710400
read event=1151 count=4096 submitted=4714496
read event=1152 count=4096 submitted=4718592
read event=1153 count=4096 submitted=4722688
read event=1154 count=4096 submitted=4726784
read event=1155 count=4096 submitted=4730880
read event=1156 count=4096 submitted=4734976
read event=1157 count=4096 submitted=4739072
read event=1158 count=4096 submitted=4743168
read event=1159 count=4096 submitted=4747264
read event=1160 count=4096 submitted=4751360
read event=1161 count=4096 submitted=4755456
read event=1162 count=4096 submitted=4759552
read event=1163 count=4096 submitted=4763648
read event=1164 count=4096 submitted=4767744
read event=1165 count=4096 submitted=4771840
read event=1166 count=4096 submitted=4775936
read event=1167 count=4096 submitted=4780032
read event=1168 count=4096 submitted=4784128
read event=1169 count=4096 submitted=4788224
read event=1170 count=4096 submitted=4792320
read event=1171 count=4096 submitted=4796416
read event=1172 count=4096 submitted=4800512
read event=1173 count=4096 submitted=4804608
read event=1174 count=4096 submitted=4808704
read event=1175 count=4096 submitted=4812800
read event=1176 count=4096 submitted=4816896
read event=1177 count=4096 submitted=4820992
read event=1178 count=4096 submitted=4825088
read event=1179 count=4096 submitted=4829184
read event=1180 count=4096 submitted=4833280
read event=1181 count=4096 submitted=4837376
read event=1182 count=4096 submitted=4841472
read event=1183 count=4096 submitted=4845568
read event=1184 count=4096 submitted=4849664
read event=1185 count=4096 submitted=4853760
read event=1186 count=4096 submitted=4857856
read event=1187 count=4096 submitted=4861952
read event=1188 count=4096 submitted=4866048
read event=1189 count=4096 submitted=4870144
read event=1190 count=4096 submitted=4874240
read event=1191 count=4096 submitted=4878336
read event=1192 count=4096 submitted=4882432
read event=1193 count=4096 submitted=4886528
read event=1194 count=4096 submitted=4890624
read event=1195 count=4096 submitted=4894720
read event=1196 count=4096 submitted=4898816
read event=1197 count=4096 submitted=4902912
read event=1198 count=4096 submitted=4907008
read event=1199 count=4096 submitted=4911104
read event=1200 count=4096 submitted=4915200
read event=1201 count=4096 submitted=4919296
read event=1202 count=4096 submitted=4923392
read event=1203 count=4096 submitted=4927488
read event=1204 count=4096 submitted=4931584
read event=1205 count=4096 submitted=4935680
read event=1206 count=4096 submitted=4939776
read event=1207 count=4096 submitted=4943872
read event=1208 count=4096 submitted=4947968
read event=1209 count=4096 submitted=4952064
read event=1210 count=4096 submitted=4956160
read event=1211 count=4096 submitted=4960256
read event=1212 count=4096 submitted=4964352
read event=1213 count=4096 submitted=4968448
read event=1214 count=4096 submitted=4972544
read event=1215 count=4096 submitted=4976640
read event=1216 count=4096 submitted=4980736
read event=1217 count=4096 submitted=4984832
read event=1218 count=4096 submitted=4988928
read event=1219 count=4096 submitted=4993024
read event=1220 count=4096 submitted=4997120
read event=1221 count=4096 submitted=5001216
read event=1222 count=4096 submitted=5005312
read event=1223 count=4096 submitted=5009408
read event=1224 count=4096 submitted=5013504
read event=1225 count=4096 submitted=5017600
read event=1226 count=4096 submitted=5021696
read event=1227 count=4096 submitted=5025792
read event=1228 count=4096 submitted=5029888
read event=1229 count=4096 submitted=5033984
read event=1230 count=4096 submitted=5038080
read event=1231 count=4096 submitted=5042176
read event=1232 count=4096 submitted=5046272
read event=1233 count=4096 submitted=5050368
read event=1234 count=4096 submitted=5054464
read event=1235 count=4096 submitted=5058560
read event=1236 count=4096 submitted=5062656
read event=1237 count=4096 submitted=5066752
read event=1238 count=4096 submitted=5070848
read event=1239 count=4096 submitted=5074944
read event=1240 count=4096 submitted=5079040
read event=1241 count=4096 submitted=5083136
read event=1242 count=4096 submitted=5087232
read event=1243 count=4096 submitted=5091328
read event=1244 count=4096 submitted=5095424
read event=1245 count=4096 submitted=5099520
read event=1246 count=4096 submitted=5103616
read event=1247 count=4096 submitted=5107712
read event=1248 count=4096 submitted=5111808
read event=1249 count=4096 submitted=5115904
read event=1250 count=4096 submitted=5120000
read event=1251 count=4096 submitted=5124096
read event=1252 count=4096 submitted=5128192
read event=1253 count=4096 submitted=5132288
read event=1254 count=4096 submitted=5136384
read event=1255 count=4096 submitted=5140480
read event=1256 count=4096 submitted=5144576
read event=1257 count=4096 submitted=5148672
read event=1258 count=4096 submitted=5152768
read event=1259 count=4096 submitted=5156864
read event=1260 count=4096 submitted=5160960
read event=1261 count=4096 submitted=5165056
read event=1262 count=4096 submitted=5169152
read event=1263 count=4096 submitted=5173248
read event=1264 count=4096 submitted=5177344
read event=1265 count=4096 submitted=5181440
read event=1266 count=4096 submitted=5185536
read event=1267 count=4096 submitted=5189632
read event=1268 count=4096 submitted=5193728
read event=1269 count=4096 submitted=5197824
read event=1270 count=4096 submitted=5201920
read event=1271 count=4096 submitted=5206016
read event=1272 count=4096 submitted=5210112
read event=1273 count=4096 submitted=5214208
read event=1274 count=4096 submitted=5218304
read event=1275 count=4096 submitted=5222400
read event=1276 count=4096 submitted=5226496
read event=1277 count=4096 submitted=5230592
read event=1278 count=4096 submitted=5234688
read event=1279 count=4096 submitted=5238784
read event=1280 count=4096 submitted=5242880
read event=1281 count=4096 submitted=5246976
read event=1282 count=4096 submitted=5251072
read event=1283 count=4096 submitted=5255168
read event=1284 count=4096 submitted=5259264
read event=1285 count=4096 submitted=5263360
read event=1286 count=4096 submitted=5267456
read event=1287 count=4096 submitted=5271552
read event=1288 count=4096 submitted=5275648
read event=1289 count=4096 submitted=5279744
read event=1290 count=4096 submitted=5283840
read event=1291 count=4096 submitted=5287936
read event=1292 count=4096 submitted=5292032
read event=1293 count=4096 submitted=5296128
read event=1294 count=4096 submitted=5300224
read event=1295 count=4096 submitted=5304320
read event=1296 count=4096 submitted=5308416
read event=1297 count=4096 submitted=5312512
read event=1298 count=4096 submitted=5316608
read event=1299 count=4096 submitted=5320704
read event=1300 count=4096 submitted=5324800
read event=1301 count=4096 submitted=5328896
read event=1302 count=4096 submitted=5332992
read event=1303 count=4096 submitted=5337088
read event=1304 count=4096 submitted=5341184
read event=1305 count=4096 submitted=5345280
read event=1306 count=4096 submitted=5349376
read event=1307 count=4096 submitted=5353472
read event=1308 count=4096 submitted=5357568
read event=1309 count=4096 submitted=5361664
read event=1310 count=4096 submitted=5365760
read event=1311 count=4096 submitted=5369856
read event=1312 count=4096 submitted=5373952
read event=1313 count=4096 submitted=5378048
read event=1314 count=4096 submitted=5382144
read event=1315 count=4096 submitted=5386240
read event=1316 count=4096 submitted=5390336
read event=1317 count=4096 submitted=5394432
read event=1318 count=4096 submitted=5398528
read event=1319 count=4096 submitted=5402624
read event=1320 count=4096 submitted=5406720
read event=1321 count=4096 submitted=5410816
read event=1322 count=4096 submitted=5414912
read event=1323 count=4096 submitted=5419008
read event=1324 count=4096 submitted=5423104
read event=1325 count=4096 submitted=5427200
read event=1326 count=4096 submitted=5431296
read event=1327 count=4096 submitted=5435392
read event=1328 count=4096 submitted=5439488
read event=1329 count=4096 submitted=5443584
read event=1330 count=4096 submitted=5447680
read event=1331 count=4096 submitted=5451776
read event=1332 count=4096 submitted=5455872
read event=1333 count=4096 submitted=5459968
read event=1334 count=4096 submitted=5464064
read event=1335 count=4096 submitted=5468160
read event=1336 count=4096 submitted=5472256
read event=1337 count=4096 submitted=5476352
read event=1338 count=4096 submitted=5480448
read event=1339 count=4096 submitted=5484544
read event=1340 count=4096 submitted=5488640
read event=1341 count=4096 submitted=5492736
read event=1342 count=4096 submitted=5496832
read event=1343 count=4096 submitted=5500928
read event=1344 count=4096 submitted=5505024
read event=1345 count=4096 submitted=5509120
read event=1346 count=4096 submitted=5513216
read event=1347 count=4096 submitted=5517312
read event=1348 count=4096 submitted=5521408
read event=1349 count=4096 submitted=5525504
read event=1350 count=4096 submitted=5529600
read event=1351 count=4096 submitted=5533696
read event=1352 count=4096 submitted=5537792
read event=1353 count=4096 submitted=5541888
read event=1354 count=4096 submitted=5545984
read event=1355 count=4096 submitted=5550080
read event=1356 count=4096 submitted=5554176
read event=1357 count=4096 submitted=5558272
read event=1358 count=4096 submitted=5562368
read event=1359 count=4096 submitted=5566464
read event=1360 count=4096 submitted=5570560
read event=1361 count=4096 submitted=5574656
read event=1362 count=4096 submitted=5578752
read event=1363 count=4096 submitted=5582848
read event=1364 count=4096 submitted=5586944
read event=1365 count=4096 submitted=5591040
read event=1366 count=4096 submitted=5595136
read event=1367 count=4096 submitted=5599232
read event=1368 count=4096 submitted=5603328
read event=1369 count=4096 submitted=5607424
read event=1370 count=4096 submitted=5611520
read event=1371 count=4096 submitted=5615616
read event=1372 count=4096 submitted=5619712
read event=1373 count=4096 submitted=5623808
read event=1374 count=4096 submitted=5627904
read event=1375 count=4096 submitted=5632000
read event=1376 count=4096 submitted=5636096
read event=1377 count=4096 submitted=5640192
read event=1378 count=4096 submitted=5644288
read event=1379 count=4096 submitted=5648384
read event=1380 count=4096 submitted=5652480
read event=1381 count=4096 submitted=5656576
read event=1382 count=4096 submitted=5660672
read event=1383 count=4096 submitted=5664768
read event=1384 count=4096 submitted=5668864
read event=1385 count=4096 submitted=5672960
read event=1386 count=4096 submitted=5677056
read event=1387 count=4096 submitted=5681152
read event=1388 count=4096 submitted=5685248
read event=1389 count=4096 submitted=5689344
read event=1390 count=4096 submitted=5693440
read event=1391 count=4096 submitted=5697536
read event=1392 count=4096 submitted=5701632
read event=1393 count=4096 submitted=5705728
read event=1394 count=4096 submitted=5709824
read event=1395 count=4096 submitted=5713920
read event=1396 count=4096 submitted=5718016
read event=1397 count=4096 submitted=5722112
read event=1398 count=4096 submitted=5726208
read event=1399 count=4096 submitted=5730304
read event=1400 count=4096 submitted=5734400
read event=1401 count=4096 submitted=5738496
read event=1402 count=4096 submitted=5742592
read event=1403 count=4096 submitted=5746688
read event=1404 count=4096 submitted=5750784
read event=1405 count=4096 submitted=5754880
read event=1406 count=4096 submitted=5758976
read event=1407 count=4096 submitted=5763072
read event=1408 count=4096 submitted=5767168
read event=1409 count=4096 submitted=5771264
read event=1410 count=4096 submitted=5775360
read event=1411 count=4096 submitted=5779456
read event=1412 count=4096 submitted=5783552
read event=1413 count=4096 submitted=5787648
read event=1414 count=4096 submitted=5791744
read event=1415 count=4096 submitted=5795840
read event=1416 count=4096 submitted=5799936
read event=1417 count=4096 submitted=5804032
read event=1418 count=4096 submitted=5808128
read event=1419 count=4096 submitted=5812224
read event=1420 count=4096 submitted=5816320
read event=1421 count=4096 submitted=5820416
read event=1422 count=4096 submitted=5824512
read event=1423 count=4096 submitted=5828608
read event=1424 count=4096 submitted=5832704
read event=1425 count=4096 submitted=5836800
read event=1426 count=4096 submitted=5840896
read event=1427 count=4096 submitted=5844992
read event=1428 count=4096 submitted=5849088
read event=1429 count=4096 submitted=5853184
read event=1430 count=4096 submitted=5857280
read event=1431 count=4096 submitted=5861376
read event=1432 count=4096 submitted=5865472
read event=1433 count=4096 submitted=5869568
read event=1434 count=4096 submitted=5873664
read event=1435 count=4096 submitted=5877760
read event=1436 count=4096 submitted=5881856
read event=1437 count=4096 submitted=5885952
read event=1438 count=4096 submitted=5890048
read event=1439 count=4096 submitted=5894144
read event=1440 count=4096 submitted=5898240
read event=1441 count=4096 submitted=5902336
read event=1442 count=4096 submitted=5906432
read event=1443 count=4096 submitted=5910528
read event=1444 count=4096 submitted=5914624
read event=1445 count=4096 submitted=5918720
read event=1446 count=4096 submitted=5922816
read event=1447 count=4096 submitted=5926912
read event=1448 count=4096 submitted=5931008
read event=1449 count=4096 submitted=5935104
read event=1450 count=4096 submitted=5939200
read event=1451 count=4096 submitted=5943296
read event=1452 count=4096 submitted=5947392
read event=1453 count=4096 submitted=5951488
read event=1454 count=4096 submitted=5955584
read event=1455 count=4096 submitted=5959680
read event=1456 count=4096 submitted=5963776
read event=1457 count=4096 submitted=5967872
read event=1458 count=4096 submitted=5971968
read event=1459 count=4096 submitted=5976064
read event=1460 count=4096 submitted=5980160
read event=1461 count=4096 submitted=5984256
read event=1462 count=4096 submitted=5988352
read event=1463 count=4096 submitted=5992448
read event=1464 count=4096 submitted=5996544
read event=1465 count=4096 submitted=6000640
read event=1466 count=4096 submitted=6004736
read event=1467 count=4096 submitted=6008832
read event=1468 count=4096 submitted=6012928
read event=1469 count=4096 submitted=6017024
read event=1470 count=4096 submitted=6021120
read event=1471 count=4096 submitted=6025216
read event=1472 count=4096 submitted=6029312
read event=1473 count=4096 submitted=6033408
read event=1474 count=4096 submitted=6037504
read event=1475 count=4096 submitted=6041600
read event=1476 count=4096 submitted=6045696
read event=1477 count=4096 submitted=6049792
read event=1478 count=4096 submitted=6053888
read event=1479 count=4096 submitted=6057984
read event=1480 count=4096 submitted=6062080
read event=1481 count=4096 submitted=6066176
read event=1482 count=4096 submitted=6070272
read event=1483 count=4096 submitted=6074368
read event=1484 count=4096 submitted=6078464
read event=1485 count=4096 submitted=6082560
read event=1486 count=4096 submitted=6086656
read event=1487 count=4096 submitted=6090752
read event=1488 count=4096 submitted=6094848
read event=1489 count=4096 submitted=6098944
read event=1490 count=4096 submitted=6103040
read event=1491 count=4096 submitted=6107136
read event=1492 count=4096 submitted=6111232
read event=1493 count=4096 submitted=6115328
read event=1494 count=4096 submitted=6119424
read event=1495 count=4096 submitted=6123520
read event=1496 count=4096 submitted=6127616
read event=1497 count=4096 submitted=6131712
read event=1498 count=4096 submitted=6135808
read event=1499 count=4096 submitted=6139904
read event=1500 count=4096 submitted=6144000
read event=1501 count=4096 submitted=6148096
read event=1502 count=4096 submitted=6152192
read event=1503 count=4096 submitted=6156288
read event=1504 count=4096 submitted=6160384
read event=1505 count=4096 submitted=6164480
read event=1506 count=4096 submitted=6168576
read event=1507 count=4096 submitted=6172672
read event=1508 count=4096 submitted=6176768
read event=1509 count=4096 submitted=6180864
read event=1510 count=4096 submitted=6184960
read event=1511 count=4096 submitted=6189056
read event=1512 count=4096 submitted=6193152
read event=1513 count=4096 submitted=6197248
read event=1514 count=4096 submitted=6201344
read event=1515 count=4096 submitted=6205440
read event=1516 count=4096 submitted=6209536
read event=1517 count=4096 submitted=6213632
read event=1518 count=4096 submitted=6217728
read event=1519 count=4096 submitted=6221824
read event=1520 count=4096 submitted=6225920
read event=1521 count=4096 submitted=6230016
read event=1522 count=4096 submitted=6234112
read event=1523 count=4096 submitted=6238208
read event=1524 count=4096 submitted=6242304
read event=1525 count=4096 submitted=6246400
read event=1526 count=4096 submitted=6250496
read event=1527 count=4096 submitted=6254592
read event=1528 count=4096 submitted=6258688
read event=1529 count=4096 submitted=6262784
read event=1530 count=4096 submitted=6266880
read event=1531 count=4096 submitted=6270976
read event=1532 count=4096 submitted=6275072
read event=1533 count=4096 submitted=6279168
read event=1534 count=4096 submitted=6283264
read event=1535 count=4096 submitted=6287360
read event=1536 count=4096 submitted=6291456
read event=1537 count=4096 submitted=6295552
read event=1538 count=4096 submitted=6299648
read event=1539 count=4096 submitted=6303744
read event=1540 count=4096 submitted=6307840
read event=1541 count=4096 submitted=6311936
read event=1542 count=4096 submitted=6316032
read event=1543 count=4096 submitted=6320128
read event=1544 count=4096 submitted=6324224
read event=1545 count=4096 submitted=6328320
read event=1546 count=4096 submitted=6332416
read event=1547 count=4096 submitted=6336512
read event=1548 count=4096 submitted=6340608
read event=1549 count=4096 submitted=6344704
read event=1550 count=4096 submitted=6348800
read event=1551 count=4096 submitted=6352896
read event=1552 count=4096 submitted=6356992
read event=1553 count=4096 submitted=6361088
read event=1554 count=4096 submitted=6365184
read event=1555 count=4096 submitted=6369280
read event=1556 count=4096 submitted=6373376
read event=1557 count=4096 submitted=6377472
read event=1558 count=4096 submitted=6381568
read event=1559 count=4096 submitted=6385664
read event=1560 count=4096 submitted=6389760
read event=1561 count=4096 submitted=6393856
read event=1562 count=4096 submitted=6397952
read event=1563 count=4096 submitted=6402048
read event=1564 count=4096 submitted=6406144
read event=1565 count=4096 submitted=6410240
read event=1566 count=4096 submitted=6414336
read event=1567 count=4096 submitted=6418432
read event=1568 count=4096 submitted=6422528
read event=1569 count=4096 submitted=6426624
read event=1570 count=4096 submitted=6430720
read event=1571 count=4096 submitted=6434816
read event=1572 count=4096 submitted=6438912
read event=1573 count=4096 submitted=6443008
read event=1574 count=4096 submitted=6447104
read event=1575 count=4096 submitted=6451200
read event=1576 count=4096 submitted=6455296
read event=1577 count=4096 submitted=6459392
read event=1578 count=4096 submitted=6463488
read event=1579 count=4096 submitted=6467584
read event=1580 count=4096 submitted=6471680
read event=1581 count=4096 submitted=6475776
read event=1582 count=4096 submitted=6479872
read event=1583 count=4096 submitted=6483968
read event=1584 count=4096 submitted=6488064
read event=1585 count=4096 submitted=6492160
read event=1586 count=4096 submitted=6496256
read event=1587 count=4096 submitted=6500352
read event=1588 count=4096 submitted=6504448
read event=1589 count=4096 submitted=6508544
read event=1590 count=4096 submitted=6512640
read event=1591 count=4096 submitted=6516736
read event=1592 count=4096 submitted=6520832
read event=1593 count=4096 submitted=6524928
read event=1594 count=4096 submitted=6529024
read event=1595 count=4096 submitted=6533120
read event=1596 count=4096 submitted=6537216
read event=1597 count=4096 submitted=6541312
read event=1598 count=4096 submitted=6545408
read event=1599 count=4096 submitted=6549504
read event=1600 count=4096 submitted=6553600
read event=1601 count=4096 submitted=6557696
read event=1602 count=4096 submitted=6561792
read event=1603 count=4096 submitted=6565888
read event=1604 count=4096 submitted=6569984
read event=1605 count=4096 submitted=6574080
read event=1606 count=4096 submitted=6578176
read event=1607 count=4096 submitted=6582272
read event=1608 count=4096 submitted=6586368
read event=1609 count=4096 submitted=6590464
read event=1610 count=4096 submitted=6594560
read event=1611 count=4096 submitted=6598656
read event=1612 count=4096 submitted=6602752
read event=1613 count=4096 submitted=6606848
read event=1614 count=4096 submitted=6610944
read event=1615 count=4096 submitted=6615040
read event=1616 count=4096 submitted=6619136
read event=1617 count=4096 submitted=6623232
read event=1618 count=4096 submitted=6627328
read event=1619 count=4096 submitted=6631424
read event=1620 count=4096 submitted=6635520
read event=1621 count=4096 submitted=6639616
read event=1622 count=4096 submitted=6643712
read event=1623 count=4096 submitted=6647808
read event=1624 count=4096 submitted=6651904
read event=1625 count=4096 submitted=6656000
read event=1626 count=4096 submitted=6660096
read event=1627 count=4096 submitted=6664192
read event=1628 count=4096 submitted=6668288
read event=1629 count=4096 submitted=6672384
read event=1630 count=4096 submitted=6676480
read event=1631 count=4096 submitted=6680576
read event=1632 count=4096 submitted=6684672
read event=1633 count=4096 submitted=6688768
read event=1634 count=4096 submitted=6692864
read event=1635 count=4096 submitted=6696960
read event=1636 count=4096 submitted=6701056
read event=1637 count=4096 submitted=6705152
read event=1638 count=4096 submitted=6709248
read event=1639 count=4096 submitted=6713344
read event=1640 count=4096 submitted=6717440
read event=1641 count=4096 submitted=6721536
read event=1642 count=4096 submitted=6725632
read event=1643 count=4096 submitted=6729728
read event=1644 count=4096 submitted=6733824
read event=1645 count=4096 submitted=6737920
read event=1646 count=4096 submitted=6742016
read event=1647 count=4096 submitted=6746112
read event=1648 count=4096 submitted=6750208
read event=1649 count=4096 submitted=6754304
read event=1650 count=4096 submitted=6758400
read event=1651 count=4096 submitted=6762496
read event=1652 count=4096 submitted=6766592
read event=1653 count=4096 submitted=6770688
read event=1654 count=4096 submitted=6774784
read event=1655 count=4096 submitted=6778880
read event=1656 count=4096 submitted=6782976
read event=1657 count=4096 submitted=6787072
read event=1658 count=4096 submitted=6791168
read event=1659 count=4096 submitted=6795264
read event=1660 count=4096 submitted=6799360
read event=1661 count=4096 submitted=6803456
read event=1662 count=4096 submitted=6807552
read event=1663 count=4096 submitted=6811648
read event=1664 count=4096 submitted=6815744
read event=1665 count=4096 submitted=6819840
read event=1666 count=4096 submitted=6823936
read event=1667 count=4096 submitted=6828032
read event=1668 count=4096 submitted=6832128
read event=1669 count=4096 submitted=6836224
read event=1670 count=4096 submitted=6840320
read event=1671 count=4096 submitted=6844416
read event=1672 count=4096 submitted=6848512
read event=1673 count=4096 submitted=6852608
read event=1674 count=4096 submitted=6856704
read event=1675 count=4096 submitted=6860800
read event=1676 count=4096 submitted=6864896
read event=1677 count=4096 submitted=6868992
read event=1678 count=4096 submitted=6873088
read event=1679 count=4096 submitted=6877184
read event=1680 count=4096 submitted=6881280
read event=1681 count=4096 submitted=6885376
read event=1682 count=4096 submitted=6889472
read event=1683 count=4096 submitted=6893568
read event=1684 count=4096 submitted=6897664
read event=1685 count=4096 submitted=6901760
read event=1686 count=4096 submitted=6905856
read event=1687 count=4096 submitted=6909952
read event=1688 count=4096 submitted=6914048
read event=1689 count=4096 submitted=6918144
read event=1690 count=4096 submitted=6922240
read event=1691 count=4096 submitted=6926336
read event=1692 count=4096 submitted=6930432
read event=1693 count=4096 submitted=6934528
read event=1694 count=4096 submitted=6938624
read event=1695 count=4096 submitted=6942720
read event=1696 count=4096 submitted=6946816
read event=1697 count=4096 submitted=6950912
read event=1698 count=4096 submitted=6955008
read event=1699 count=4096 submitted=6959104
read event=1700 count=4096 submitted=6963200
read event=1701 count=4096 submitted=6967296
read event=1702 count=4096 submitted=6971392
read event=1703 count=4096 submitted=6975488
read event=1704 count=4096 submitted=6979584
read event=1705 count=4096 submitted=6983680
read event=1706 count=4096 submitted=6987776
read event=1707 count=4096 submitted=6991872
read event=1708 count=4096 submitted=6995968
read event=1709 count=4096 submitted=7000064
read event=1710 count=4096 submitted=7004160
read event=1711 count=4096 submitted=7008256
read event=1712 count=4096 submitted=7012352
read event=1713 count=4096 submitted=7016448
read event=1714 count=4096 submitted=7020544
read event=1715 count=4096 submitted=7024640
read event=1716 count=4096 submitted=7028736
read event=1717 count=4096 submitted=7032832
read event=1718 count=4096 submitted=7036928
read event=1719 count=4096 submitted=7041024
read event=1720 count=4096 submitted=7045120
read event=1721 count=4096 submitted=7049216
read event=1722 count=4096 submitted=7053312
read event=1723 count=4096 submitted=7057408
read event=1724 count=4096 submitted=7061504
read event=1725 count=4096 submitted=7065600
read event=1726 count=4096 submitted=7069696
read event=1727 count=4096 submitted=7073792
read event=1728 count=4096 submitted=7077888
read event=1729 count=4096 submitted=7081984
read event=1730 count=4096 submitted=7086080
read event=1731 count=4096 submitted=7090176
read event=1732 count=4096 submitted=7094272
read event=1733 count=4096 submitted=7098368
read event=1734 count=4096 submitted=7102464
read event=1735 count=4096 submitted=7106560
read event=1736 count=4096 submitted=7110656
read event=1737 count=4096 submitted=7114752
read event=1738 count=4096 submitted=7118848
read event=1739 count=4096 submitted=7122944
read event=1740 count=4096 submitted=7127040
read event=1741 count=4096 submitted=7131136
read event=1742 count=4096 submitted=7135232
read event=1743 count=4096 submitted=7139328
read event=1744 count=4096 submitted=7143424
read event=1745 count=4096 submitted=7147520
read event=1746 count=4096 submitted=7151616
read event=1747 count=4096 submitted=7155712
read event=1748 count=4096 submitted=7159808
read event=1749 count=4096 submitted=7163904
read event=1750 count=4096 submitted=7168000
read event=1751 count=4096 submitted=7172096
read event=1752 count=4096 submitted=7176192
read event=1753 count=4096 submitted=7180288
read event=1754 count=4096 submitted=7184384
read event=1755 count=4096 submitted=7188480
read event=1756 count=4096 submitted=7192576
read event=1757 count=4096 submitted=7196672
read event=1758 count=4096 submitted=7200768
read event=1759 count=4096 submitted=7204864
read event=1760 count=4096 submitted=7208960
read event=1761 count=4096 submitted=7213056
read event=1762 count=4096 submitted=7217152
read event=1763 count=4096 submitted=7221248
read event=1764 count=4096 submitted=7225344
read event=1765 count=4096 submitted=7229440
read event=1766 count=4096 submitted=7233536
read event=1767 count=4096 submitted=7237632
read event=1768 count=4096 submitted=7241728
read event=1769 count=4096 submitted=7245824
read event=1770 count=4096 submitted=7249920
read event=1771 count=4096 submitted=7254016
read event=1772 count=4096 submitted=7258112
read event=1773 count=4096 submitted=7262208
read event=1774 count=4096 submitted=7266304
read event=1775 count=4096 submitted=7270400
read event=1776 count=4096 submitted=7274496
read event=1777 count=4096 submitted=7278592
read event=1778 count=4096 submitted=7282688
read event=1779 count=4096 submitted=7286784
read event=1780 count=4096 submitted=7290880
read event=1781 count=4096 submitted=7294976
read event=1782 count=4096 submitted=7299072
read event=1783 count=4096 submitted=7303168
read event=1784 count=4096 submitted=7307264
read event=1785 count=4096 submitted=7311360
read event=1786 count=4096 submitted=7315456
read event=1787 count=4096 submitted=7319552
read event=1788 count=4096 submitted=7323648
read event=1789 count=4096 submitted=7327744
read event=1790 count=4096 submitted=7331840
read event=1791 count=4096 submitted=7335936
read event=1792 count=4096 submitted=7340032
read event=1793 count=4096 submitted=7344128
read event=1794 count=4096 submitted=7348224
read event=1795 count=4096 submitted=7352320
read event=1796 count=4096 submitted=7356416
read event=1797 count=4096 submitted=7360512
read event=1798 count=4096 submitted=7364608
read event=1799 count=4096 submitted=7368704
read event=1800 count=4096 submitted=7372800
read event=1801 count=4096 submitted=7376896
read event=1802 count=4096 submitted=7380992
read event=1803 count=4096 submitted=7385088
read event=1804 count=4096 submitted=7389184
read event=1805 count=4096 submitted=7393280
read event=1806 count=4096 submitted=7397376
read event=1807 count=4096 submitted=7401472
read event=1808 count=4096 submitted=7405568
read event=1809 count=4096 submitted=7409664
read event=1810 count=4096 submitted=7413760
read event=1811 count=4096 submitted=7417856
read event=1812 count=4096 submitted=7421952
read event=1813 count=4096 submitted=7426048
read event=1814 count=4096 submitted=7430144
read event=1815 count=4096 submitted=7434240
read event=1816 count=4096 submitted=7438336
read event=1817 count=4096 submitted=7442432
read event=1818 count=4096 submitted=7446528
read event=1819 count=4096 submitted=7450624
read event=1820 count=4096 submitted=7454720
read event=1821 count=4096 submitted=7458816
read event=1822 count=4096 submitted=7462912
read event=1823 count=4096 submitted=7467008
read event=1824 count=4096 submitted=7471104
read event=1825 count=4096 submitted=7475200
read event=1826 count=4096 submitted=7479296
read event=1827 count=4096 submitted=7483392
read event=1828 count=4096 submitted=7487488
read event=1829 count=4096 submitted=7491584
read event=1830 count=4096 submitted=7495680
read event=1831 count=4096 submitted=7499776
read event=1832 count=4096 submitted=7503872
read event=1833 count=4096 submitted=7507968
read event=1834 count=4096 submitted=7512064
read event=1835 count=4096 submitted=7516160
read event=1836 count=4096 submitted=7520256
read event=1837 count=4096 submitted=7524352
read event=1838 count=4096 submitted=7528448
read event=1839 count=4096 submitted=7532544
read event=1840 count=4096 submitted=7536640
read event=1841 count=4096 submitted=7540736
read event=1842 count=4096 submitted=7544832
read event=1843 count=4096 submitted=7548928
read event=1844 count=4096 submitted=7553024
read event=1845 count=4096 submitted=7557120
read event=1846 count=4096 submitted=7561216
read event=1847 count=4096 submitted=7565312
read event=1848 count=4096 submitted=7569408
read event=1849 count=4096 submitted=7573504
read event=1850 count=4096 submitted=7577600
read event=1851 count=4096 submitted=7581696
read event=1852 count=4096 submitted=7585792
read event=1853 count=4096 submitted=7589888
read event=1854 count=4096 submitted=7593984
read event=1855 count=4096 submitted=7598080
read event=1856 count=4096 submitted=7602176
read event=1857 count=4096 submitted=7606272
read event=1858 count=4096 submitted=7610368
read event=1859 count=4096 submitted=7614464
read event=1860 count=4096 submitted=7618560
read event=1861 count=4096 submitted=7622656
read event=1862 count=4096 submitted=7626752
read event=1863 count=4096 submitted=7630848
read event=1864 count=4096 submitted=7634944
read event=1865 count=4096 submitted=7639040
read event=1866 count=4096 submitted=7643136
read event=1867 count=4096 submitted=7647232
read event=1868 count=4096 submitted=7651328
read event=1869 count=4096 submitted=7655424
read event=1870 count=4096 submitted=7659520
read event=1871 count=4096 submitted=7663616
read event=1872 count=4096 submitted=7667712
read event=1873 count=4096 submitted=7671808
read event=1874 count=4096 submitted=7675904
read event=1875 count=4096 submitted=7680000
read event=1876 count=4096 submitted=7684096
read event=1877 count=4096 submitted=7688192
read event=1878 count=4096 submitted=7692288
read event=1879 count=4096 submitted=7696384
read event=1880 count=4096 submitted=7700480
read event=1881 count=4096 submitted=7704576
read event=1882 count=4096 submitted=7708672
read event=1883 count=4096 submitted=7712768
read event=1884 count=4096 submitted=7716864
read event=1885 count=4096 submitted=7720960
read event=1886 count=4096 submitted=7725056
read event=1887 count=4096 submitted=7729152
read event=1888 count=4096 submitted=7733248
read event=1889 count=4096 submitted=7737344
read event=1890 count=4096 submitted=7741440
read event=1891 count=4096 submitted=7745536
read event=1892 count=4096 submitted=7749632
read event=1893 count=4096 submitted=7753728
read event=1894 count=4096 submitted=7757824
read event=1895 count=4096 submitted=7761920
read event=1896 count=4096 submitted=7766016
read event=1897 count=4096 submitted=7770112
read event=1898 count=4096 submitted=7774208
read event=1899 count=4096 submitted=7778304
read event=1900 count=4096 submitted=7782400
read event=1901 count=4096 submitted=7786496
read event=1902 count=4096 submitted=7790592
read event=1903 count=4096 submitted=7794688
read event=1904 count=4096 submitted=7798784
read event=1905 count=4096 submitted=7802880
read event=1906 count=4096 submitted=7806976
read event=1907 count=4096 submitted=7811072
read event=1908 count=4096 submitted=7815168
read event=1909 count=4096 submitted=7819264
read event=1910 count=4096 submitted=7823360
read event=1911 count=4096 submitted=7827456
read event=1912 count=4096 submitted=7831552
read event=1913 count=4096 submitted=7835648
read event=1914 count=4096 submitted=7839744
read event=1915 count=4096 submitted=7843840
read event=1916 count=4096 submitted=7847936
read event=1917 count=4096 submitted=7852032
read event=1918 count=4096 submitted=7856128
read event=1919 count=4096 submitted=7860224
read event=1920 count=4096 submitted=7864320
read event=1921 count=4096 submitted=7868416
read event=1922 count=4096 submitted=7872512
read event=1923 count=4096 submitted=7876608
read event=1924 count=4096 submitted=7880704
read event=1925 count=4096 submitted=7884800
read event=1926 count=4096 submitted=7888896
read event=1927 count=4096 submitted=7892992
read event=1928 count=4096 submitted=7897088
read event=1929 count=4096 submitted=7901184
read event=1930 count=4096 submitted=7905280
read event=1931 count=4096 submitted=7909376
read event=1932 count=4096 submitted=7913472
read event=1933 count=4096 submitted=7917568
read event=1934 count=4096 submitted=7921664
read event=1935 count=4096 submitted=7925760
read event=1936 count=4096 submitted=7929856
read event=1937 count=4096 submitted=7933952
read event=1938 count=4096 submitted=7938048
read event=1939 count=4096 submitted=7942144
read event=1940 count=4096 submitted=7946240
read event=1941 count=4096 submitted=7950336
read event=1942 count=4096 submitted=7954432
read event=1943 count=4096 submitted=7958528
read event=1944 count=4096 submitted=7962624
read event=1945 count=4096 submitted=7966720
read event=1946 count=4096 submitted=7970816
read event=1947 count=4096 submitted=7974912
read event=1948 count=4096 submitted=7979008
read event=1949 count=4096 submitted=7983104
read event=1950 count=4096 submitted=7987200
read event=1951 count=4096 submitted=7991296
read event=1952 count=4096 submitted=7995392
read event=1953 count=4096 submitted=7999488
read event=1954 count=4096 submitted=8003584
read event=1955 count=4096 submitted=8007680
read event=1956 count=4096 submitted=8011776
read event=1957 count=4096 submitted=8015872
read event=1958 count=4096 submitted=8019968
read event=1959 count=4096 submitted=8024064
read event=1960 count=4096 submitted=8028160
read event=1961 count=4096 submitted=8032256
read event=1962 count=4096 submitted=8036352
read event=1963 count=4096 submitted=8040448
read event=1964 count=4096 submitted=8044544
read event=1965 count=4096 submitted=8048640
read event=1966 count=4096 submitted=8052736
read event=1967 count=4096 submitted=8056832
read event=1968 count=4096 submitted=8060928
read event=1969 count=4096 submitted=8065024
read event=1970 count=4096 submitted=8069120
read event=1971 count=4096 submitted=8073216
read event=1972 count=4096 submitted=8077312
read event=1973 count=4096 submitted=8081408
read event=1974 count=4096 submitted=8085504
read event=1975 count=4096 submitted=8089600
read event=1976 count=4096 submitted=8093696
read event=1977 count=4096 submitted=8097792
read event=1978 count=4096 submitted=8101888
read event=1979 count=4096 submitted=8105984
read event=1980 count=4096 submitted=8110080
read event=1981 count=4096 submitted=8114176
read event=1982 count=4096 submitted=8118272
read event=1983 count=4096 submitted=8122368
read event=1984 count=4096 submitted=8126464
read event=1985 count=4096 submitted=8130560
read event=1986 count=4096 submitted=8134656
read event=1987 count=4096 submitted=8138752
read event=1988 count=4096 submitted=8142848
read event=1989 count=4096 submitted=8146944
read event=1990 count=4096 submitted=8151040
read event=1991 count=4096 submitted=8155136
read event=1992 count=4096 submitted=8159232
read event=1993 count=4096 submitted=8163328
read event=1994 count=4096 submitted=8167424
read event=1995 count=4096 submitted=8171520
read event=1996 count=4096 submitted=8175616
read event=1997 count=4096 submitted=8179712
read event=1998 count=4096 submitted=8183808
read event=1999 count=4096 submitted=8187904
read event=2000 count=4096 submitted=8192000
read event=2001 count=4096 submitted=8196096
read event=2002 count=4096 submitted=8200192
read event=2003 count=4096 submitted=8204288
read event=2004 count=4096 submitted=8208384
read event=2005 count=4096 submitted=8212480
read event=2006 count=4096 submitted=8216576
read event=2007 count=4096 submitted=8220672
read event=2008 count=4096 submitted=8224768
read event=2009 count=4096 submitted=8228864
read event=2010 count=4096 submitted=8232960
read event=2011 count=4096 submitted=8237056
read event=2012 count=4096 submitted=8241152
read event=2013 count=4096 submitted=8245248
read event=2014 count=4096 submitted=8249344
read event=2015 count=4096 submitted=8253440
read event=2016 count=4096 submitted=8257536
read event=2017 count=4096 submitted=8261632
read event=2018 count=4096 submitted=8265728
read event=2019 count=4096 submitted=8269824
read event=2020 count=4096 submitted=8273920
read event=2021 count=4096 submitted=8278016
read event=2022 count=4096 submitted=8282112
read event=2023 count=4096 submitted=8286208
read event=2024 count=4096 submitted=8290304
read event=2025 count=4096 submitted=8294400
read event=2026 count=4096 submitted=8298496
read event=2027 count=4096 submitted=8302592
read event=2028 count=4096 submitted=8306688
read event=2029 count=4096 submitted=8310784
read event=2030 count=4096 submitted=8314880
read event=2031 count=4096 submitted=8318976
read event=2032 count=4096 submitted=8323072
read event=2033 count=4096 submitted=8327168
read event=2034 count=4096 submitted=8331264
read event=2035 count=4096 submitted=8335360
read event=2036 count=4096 submitted=8339456
read event=2037 count=4096 submitted=8343552
read event=2038 count=4096 submitted=8347648
read event=2039 count=4096 submitted=8351744
read event=2040 count=4096 submitted=8355840
read event=2041 count=4096 submitted=8359936
read event=2042 count=4096 submitted=8364032
read event=2043 count=4096 submitted=8368128
read event=2044 count=4096 submitted=8372224
read event=2045 count=4096 submitted=8376320
read event=2046 count=4096 submitted=8380416
read event=2047 count=4096 submitted=8384512
read event=2048 count=4096 submitted=8388608
read event=2049 count=4096 submitted=8392704
read event=2050 count=4096 submitted=8396800
read event=2051 count=4096 submitted=8400896
read event=2052 count=4096 submitted=8404992
read event=2053 count=4096 submitted=8409088
read event=2054 count=4096 submitted=8413184
read event=2055 count=4096 submitted=8417280
read event=2056 count=4096 submitted=8421376
read event=2057 count=4096 submitted=8425472
read event=2058 count=4096 submitted=8429568
read event=2059 count=4096 submitted=8433664
read event=2060 count=4096 submitted=8437760
read event=2061 count=4096 submitted=8441856
read event=2062 count=4096 submitted=8445952
read event=2063 count=4096 submitted=8450048
read event=2064 count=4096 submitted=8454144
read event=2065 count=4096 submitted=8458240
read event=2066 count=4096 submitted=8462336
read event=2067 count=4096 submitted=8466432
read event=2068 count=4096 submitted=8470528
read event=2069 count=4096 submitted=8474624
read event=2070 count=4096 submitted=8478720
read event=2071 count=4096 submitted=8482816
read event=2072 count=4096 submitted=8486912
read event=2073 count=4096 submitted=8491008
read event=2074 count=4096 submitted=8495104
read event=2075 count=4096 submitted=8499200
read event=2076 count=4096 submitted=8503296
read event=2077 count=4096 submitted=8507392
read event=2078 count=4096 submitted=8511488
read event=2079 count=4096 submitted=8515584
read event=2080 count=4096 submitted=8519680
read event=2081 count=4096 submitted=8523776
read event=2082 count=4096 submitted=8527872
read event=2083 count=4096 submitted=8531968
read event=2084 count=4096 submitted=8536064
read event=2085 count=4096 submitted=8540160
read event=2086 count=4096 submitted=8544256
read event=2087 count=4096 submitted=8548352
read event=2088 count=4096 submitted=8552448
read event=2089 count=4096 submitted=8556544
read event=2090 count=4096 submitted=8560640
read event=2091 count=4096 submitted=8564736
read event=2092 count=4096 submitted=8568832
read event=2093 count=4096 submitted=8572928
read event=2094 count=4096 submitted=8577024
read event=2095 count=4096 submitted=8581120
read event=2096 count=4096 submitted=8585216
read event=2097 count=4096 submitted=8589312
read event=2098 count=4096 submitted=8593408
read event=2099 count=4096 submitted=8597504
read event=2100 count=4096 submitted=8601600
read event=2101 count=4096 submitted=8605696
read event=2102 count=4096 submitted=8609792
read event=2103 count=4096 submitted=8613888
read event=2104 count=4096 submitted=8617984
read event=2105 count=4096 submitted=8622080
read event=2106 count=4096 submitted=8626176
read event=2107 count=4096 submitted=8630272
read event=2108 count=4096 submitted=8634368
read event=2109 count=4096 submitted=8638464
read event=2110 count=4096 submitted=8642560
read event=2111 count=4096 submitted=8646656
read event=2112 count=4096 submitted=8650752
read event=2113 count=4096 submitted=8654848
read event=2114 count=4096 submitted=8658944
read event=2115 count=4096 submitted=8663040
read event=2116 count=4096 submitted=8667136
read event=2117 count=4096 submitted=8671232
read event=2118 count=4096 submitted=8675328
read event=2119 count=4096 submitted=8679424
read event=2120 count=4096 submitted=8683520
read event=2121 count=4096 submitted=8687616
read event=2122 count=4096 submitted=8691712
read event=2123 count=4096 submitted=8695808
read event=2124 count=4096 submitted=8699904
read event=2125 count=4096 submitted=8704000
read event=2126 count=4096 submitted=8708096
read event=2127 count=4096 submitted=8712192
read event=2128 count=4096 submitted=8716288
read event=2129 count=4096 submitted=8720384
read event=2130 count=4096 submitted=8724480
read event=2131 count=4096 submitted=8728576
read event=2132 count=4096 submitted=8732672
read event=2133 count=4096 submitted=8736768
read event=2134 count=4096 submitted=8740864
read event=2135 count=4096 submitted=8744960
read event=2136 count=4096 submitted=8749056
read event=2137 count=4096 submitted=8753152
read event=2138 count=4096 submitted=8757248
read event=2139 count=4096 submitted=8761344
read event=2140 count=4096 submitted=8765440
read event=2141 count=4096 submitted=8769536
read event=2142 count=4096 submitted=8773632
read event=2143 count=4096 submitted=8777728
read event=2144 count=4096 submitted=8781824
read event=2145 count=4096 submitted=8785920
read event=2146 count=4096 submitted=8790016
read event=2147 count=4096 submitted=8794112
read event=2148 count=4096 submitted=8798208
read event=2149 count=4096 submitted=8802304
read event=2150 count=4096 submitted=8806400
read event=2151 count=4096 submitted=8810496
read event=2152 count=4096 submitted=8814592
read event=2153 count=4096 submitted=8818688
read event=2154 count=4096 submitted=8822784
read event=2155 count=4096 submitted=8826880
read event=2156 count=4096 submitted=8830976
read event=2157 count=4096 submitted=8835072
read event=2158 count=4096 submitted=8839168
read event=2159 count=4096 submitted=8843264
read event=2160 count=4096 submitted=8847360
read event=2161 count=4096 submitted=8851456
read event=2162 count=4096 submitted=8855552
read event=2163 count=4096 submitted=8859648
read event=2164 count=4096 submitted=8863744
read event=2165 count=4096 submitted=8867840
read event=2166 count=4096 submitted=8871936
read event=2167 count=4096 submitted=8876032
read event=2168 count=4096 submitted=8880128
read event=2169 count=4096 submitted=8884224
read event=2170 count=4096 submitted=8888320
read event=2171 count=4096 submitted=8892416
read event=2172 count=4096 submitted=8896512
read event=2173 count=4096 submitted=8900608
read event=2174 count=4096 submitted=8904704
read event=2175 count=4096 submitted=8908800
read event=2176 count=4096 submitted=8912896
read event=2177 count=4096 submitted=8916992
read event=2178 count=4096 submitted=8921088
read event=2179 count=4096 submitted=8925184
read event=2180 count=4096 submitted=8929280
read event=2181 count=4096 submitted=8933376
read event=2182 count=4096 submitted=8937472
read event=2183 count=4096 submitted=8941568
read event=2184 count=4096 submitted=8945664
read event=2185 count=4096 submitted=8949760
read event=2186 count=4096 submitted=8953856
read event=2187 count=4096 submitted=8957952
read event=2188 count=4096 submitted=8962048
read event=2189 count=4096 submitted=8966144
read event=2190 count=4096 submitted=8970240
read event=2191 count=4096 submitted=8974336
read event=2192 count=4096 submitted=8978432
read event=2193 count=4096 submitted=8982528
read event=2194 count=4096 submitted=8986624
read event=2195 count=4096 submitted=8990720
read event=2196 count=4096 submitted=8994816
read event=2197 count=4096 submitted=8998912
read event=2198 count=4096 submitted=9003008
read event=2199 count=4096 submitted=9007104
read event=2200 count=4096 submitted=9011200
read event=2201 count=4096 submitted=9015296
read event=2202 count=4096 submitted=9019392
read event=2203 count=4096 submitted=9023488
read event=2204 count=4096 submitted=9027584
read event=2205 count=4096 submitted=9031680
read event=2206 count=4096 submitted=9035776
read event=2207 count=4096 submitted=9039872
read event=2208 count=4096 submitted=9043968
read event=2209 count=4096 submitted=9048064
read event=2210 count=4096 submitted=9052160
read event=2211 count=4096 submitted=9056256
read event=2212 count=4096 submitted=9060352
read event=2213 count=4096 submitted=9064448
read event=2214 count=4096 submitted=9068544
read event=2215 count=4096 submitted=9072640
read event=2216 count=4096 submitted=9076736
read event=2217 count=4096 submitted=9080832
read event=2218 count=4096 submitted=9084928
read event=2219 count=4096 submitted=9089024
read event=2220 count=4096 submitted=9093120
read event=2221 count=4096 submitted=9097216
read event=2222 count=4096 submitted=9101312
read event=2223 count=4096 submitted=9105408
read event=2224 count=4096 submitted=9109504
read event=2225 count=4096 submitted=9113600
read event=2226 count=4096 submitted=9117696
read event=2227 count=4096 submitted=9121792
read event=2228 count=4096 submitted=9125888
read event=2229 count=4096 submitted=9129984
read event=2230 count=4096 submitted=9134080
read event=2231 count=4096 submitted=9138176
read event=2232 count=4096 submitted=9142272
read event=2233 count=4096 submitted=9146368
read event=2234 count=4096 submitted=9150464
read event=2235 count=4096 submitted=9154560
read event=2236 count=4096 submitted=9158656
read event=2237 count=4096 submitted=9162752
read event=2238 count=4096 submitted=9166848
read event=2239 count=4096 submitted=9170944
read event=2240 count=4096 submitted=9175040
read event=2241 count=4096 submitted=9179136
read event=2242 count=4096 submitted=9183232
read event=2243 count=4096 submitted=9187328
read event=2244 count=4096 submitted=9191424
read event=2245 count=4096 submitted=9195520
read event=2246 count=4096 submitted=9199616
read event=2247 count=4096 submitted=9203712
read event=2248 count=4096 submitted=9207808
read event=2249 count=4096 submitted=9211904
read event=2250 count=4096 submitted=9216000
read event=2251 count=4096 submitted=9220096
read event=2252 count=4096 submitted=9224192
read event=2253 count=4096 submitted=9228288
read event=2254 count=4096 submitted=9232384
read event=2255 count=4096 submitted=9236480
read event=2256 count=4096 submitted=9240576
read event=2257 count=4096 submitted=9244672
read event=2258 count=4096 submitted=9248768
read event=2259 count=4096 submitted=9252864
read event=2260 count=4096 submitted=9256960
read event=2261 count=4096 submitted=9261056
read event=2262 count=4096 submitted=9265152
read event=2263 count=4096 submitted=9269248
read event=2264 count=4096 submitted=9273344
read event=2265 count=4096 submitted=9277440
read event=2266 count=4096 submitted=9281536
read event=2267 count=4096 submitted=9285632
read event=2268 count=4096 submitted=9289728
read event=2269 count=4096 submitted=9293824
read event=2270 count=4096 submitted=9297920
read event=2271 count=4096 submitted=9302016
read event=2272 count=4096 submitted=9306112
read event=2273 count=4096 submitted=9310208
read event=2274 count=4096 submitted=9314304
read event=2275 count=4096 submitted=9318400
read event=2276 count=4096 submitted=9322496
read event=2277 count=4096 submitted=9326592
read event=2278 count=4096 submitted=9330688
read event=2279 count=4096 submitted=9334784
read event=2280 count=4096 submitted=9338880
read event=2281 count=4096 submitted=9342976
read event=2282 count=4096 submitted=9347072
read event=2283 count=4096 submitted=9351168
read event=2284 count=4096 submitted=9355264
read event=2285 count=4096 submitted=9359360
read event=2286 count=4096 submitted=9363456
read event=2287 count=4096 submitted=9367552
read event=2288 count=4096 submitted=9371648
read event=2289 count=4096 submitted=9375744
read event=2290 count=4096 submitted=9379840
read event=2291 count=4096 submitted=9383936
read event=2292 count=4096 submitted=9388032
read event=2293 count=4096 submitted=9392128
read event=2294 count=4096 submitted=9396224
read event=2295 count=4096 submitted=9400320
read event=2296 count=4096 submitted=9404416
read event=2297 count=4096 submitted=9408512
read event=2298 count=4096 submitted=9412608
read event=2299 count=4096 submitted=9416704
read event=2300 count=4096 submitted=9420800
read event=2301 count=4096 submitted=9424896
read event=2302 count=4096 submitted=9428992
read event=2303 count=4096 submitted=9433088
read event=2304 count=4096 submitted=9437184
read event=2305 count=4096 submitted=9441280
read event=2306 count=4096 submitted=9445376
read event=2307 count=4096 submitted=9449472
read event=2308 count=4096 submitted=9453568
read event=2309 count=4096 submitted=9457664
read event=2310 count=4096 submitted=9461760
read event=2311 count=4096 submitted=9465856
read event=2312 count=4096 submitted=9469952
read event=2313 count=4096 submitted=9474048
read event=2314 count=4096 submitted=9478144
read event=2315 count=4096 submitted=9482240
read event=2316 count=4096 submitted=9486336
read event=2317 count=4096 submitted=9490432
read event=2318 count=4096 submitted=9494528
read event=2319 count=4096 submitted=9498624
read event=2320 count=4096 submitted=9502720
read event=2321 count=4096 submitted=9506816
read event=2322 count=4096 submitted=9510912
read event=2323 count=4096 submitted=9515008
read event=2324 count=4096 submitted=9519104
read event=2325 count=4096 submitted=9523200
read event=2326 count=4096 submitted=9527296
read event=2327 count=4096 submitted=9531392
read event=2328 count=4096 submitted=9535488
read event=2329 count=4096 submitted=9539584
read event=2330 count=4096 submitted=9543680
read event=2331 count=4096 submitted=9547776
read event=2332 count=4096 submitted=9551872
read event=2333 count=4096 submitted=9555968
read event=2334 count=4096 submitted=9560064
read event=2335 count=4096 submitted=9564160
read event=2336 count=4096 submitted=9568256
read event=2337 count=4096 submitted=9572352
read event=2338 count=4096 submitted=9576448
read event=2339 count=4096 submitted=9580544
read event=2340 count=4096 submitted=9584640
read event=2341 count=4096 submitted=9588736
read event=2342 count=4096 submitted=9592832
read event=2343 count=4096 submitted=9596928
read event=2344 count=4096 submitted=9601024
read event=2345 count=4096 submitted=9605120
read event=2346 count=4096 submitted=9609216
read event=2347 count=4096 submitted=9613312
read event=2348 count=4096 submitted=9617408
read event=2349 count=4096 submitted=9621504
read event=2350 count=4096 submitted=9625600
read event=2351 count=4096 submitted=9629696
read event=2352 count=4096 submitted=9633792
read event=2353 count=4096 submitted=9637888
read event=2354 count=4096 submitted=9641984
read event=2355 count=4096 submitted=9646080
read event=2356 count=4096 submitted=9650176
read event=2357 count=4096 submitted=9654272
read event=2358 count=4096 submitted=9658368
read event=2359 count=4096 submitted=9662464
read event=2360 count=4096 submitted=9666560
read event=2361 count=4096 submitted=9670656
read event=2362 count=4096 submitted=9674752
read event=2363 count=4096 submitted=9678848
read event=2364 count=4096 submitted=9682944
read event=2365 count=4096 submitted=9687040
read event=2366 count=4096 submitted=9691136
read event=2367 count=4096 submitted=9695232
read event=2368 count=4096 submitted=9699328
read event=2369 count=4096 submitted=9703424
read event=2370 count=4096 submitted=9707520
read event=2371 count=4096 submitted=9711616
read event=2372 count=4096 submitted=9715712
read event=2373 count=4096 submitted=9719808
read event=2374 count=4096 submitted=9723904
read event=2375 count=4096 submitted=9728000
read event=2376 count=4096 submitted=9732096
read event=2377 count=4096 submitted=9736192
read event=2378 count=4096 submitted=9740288
read event=2379 count=4096 submitted=9744384
read event=2380 count=4096 submitted=9748480
read event=2381 count=4096 submitted=9752576
read event=2382 count=4096 submitted=9756672
read event=2383 count=4096 submitted=9760768
read event=2384 count=4096 submitted=9764864
read event=2385 count=4096 submitted=9768960
read event=2386 count=4096 submitted=9773056
read event=2387 count=4096 submitted=9777152
read event=2388 count=4096 submitted=9781248
read event=2389 count=4096 submitted=9785344
read event=2390 count=4096 submitted=9789440
read event=2391 count=4096 submitted=9793536
read event=2392 count=4096 submitted=9797632
read event=2393 count=4096 submitted=9801728
read event=2394 count=4096 submitted=9805824
read event=2395 count=4096 submitted=9809920
read event=2396 count=4096 submitted=9814016
read event=2397 count=4096 submitted=9818112
read event=2398 count=4096 submitted=9822208
read event=2399 count=4096 submitted=9826304
read event=2400 count=4096 submitted=9830400
read event=2401 count=4096 submitted=9834496
read event=2402 count=4096 submitted=9838592
read event=2403 count=4096 submitted=9842688
read event=2404 count=4096 submitted=9846784
read event=2405 count=4096 submitted=9850880
read event=2406 count=4096 submitted=9854976
read event=2407 count=4096 submitted=9859072
read event=2408 count=4096 submitted=9863168
read event=2409 count=4096 submitted=9867264
read event=2410 count=4096 submitted=9871360
read event=2411 count=4096 submitted=9875456
read event=2412 count=4096 submitted=9879552
read event=2413 count=4096 submitted=9883648
read event=2414 count=4096 submitted=9887744
read event=2415 count=4096 submitted=9891840
read event=2416 count=4096 submitted=9895936
read event=2417 count=4096 submitted=9900032
read event=2418 count=4096 submitted=9904128
read event=2419 count=4096 submitted=9908224
read event=2420 count=4096 submitted=9912320
read event=2421 count=4096 submitted=9916416
read event=2422 count=4096 submitted=9920512
read event=2423 count=4096 submitted=9924608
read event=2424 count=4096 submitted=9928704
read event=2425 count=4096 submitted=9932800
read event=2426 count=4096 submitted=9936896
read event=2427 count=4096 submitted=9940992
read event=2428 count=4096 submitted=9945088
read event=2429 count=4096 submitted=9949184
read event=2430 count=4096 submitted=9953280
read event=2431 count=4096 submitted=9957376
read event=2432 count=4096 submitted=9961472
read event=2433 count=4096 submitted=9965568
read event=2434 count=4096 submitted=9969664
read event=2435 count=4096 submitted=9973760
read event=2436 count=4096 submitted=9977856
read event=2437 count=4096 submitted=9981952
read event=2438 count=4096 submitted=9986048
read event=2439 count=4096 submitted=9990144
read event=2440 count=4096 submitted=9994240
read event=2441 count=4096 submitted=9998336
read event=2442 count=4096 submitted=10002432
read event=2443 count=4096 submitted=10006528
read event=2444 count=4096 submitted=10010624
read event=2445 count=4096 submitted=10014720
read event=2446 count=4096 submitted=10018816
read event=2447 count=4096 submitted=10022912
read event=2448 count=4096 submitted=10027008
read event=2449 count=4096 submitted=10031104
read event=2450 count=4096 submitted=10035200
read event=2451 count=4096 submitted=10039296
read event=2452 count=4096 submitted=10043392
read event=2453 count=4096 submitted=10047488
read event=2454 count=4096 submitted=10051584
read event=2455 count=4096 submitted=10055680
read event=2456 count=4096 submitted=10059776
read event=2457 count=4096 submitted=10063872
read event=2458 count=4096 submitted=10067968
read event=2459 count=4096 submitted=10072064
read event=2460 count=4096 submitted=10076160
read event=2461 count=4096 submitted=10080256
read event=2462 count=4096 submitted=10084352
read event=2463 count=4096 submitted=10088448
read event=2464 count=4096 submitted=10092544
read event=2465 count=4096 submitted=10096640
read event=2466 count=4096 submitted=10100736
read event=2467 count=4096 submitted=10104832
read event=2468 count=4096 submitted=10108928
read event=2469 count=4096 submitted=10113024
read event=2470 count=4096 submitted=10117120
read event=2471 count=4096 submitted=10121216
read event=2472 count=4096 submitted=10125312
read event=2473 count=4096 submitted=10129408
read event=2474 count=4096 submitted=10133504
read event=2475 count=4096 submitted=10137600
read event=2476 count=4096 submitted=10141696
read event=2477 count=4096 submitted=10145792
read event=2478 count=4096 submitted=10149888
read event=2479 count=4096 submitted=10153984
read event=2480 count=4096 submitted=10158080
read event=2481 count=4096 submitted=10162176
read event=2482 count=4096 submitted=10166272
read event=2483 count=4096 submitted=10170368
read event=2484 count=4096 submitted=10174464
read event=2485 count=4096 submitted=10178560
read event=2486 count=4096 submitted=10182656
read event=2487 count=4096 submitted=10186752
read event=2488 count=4096 submitted=10190848
read event=2489 count=4096 submitted=10194944
read event=2490 count=4096 submitted=10199040
read event=2491 count=4096 submitted=10203136
read event=2492 count=4096 submitted=10207232
read event=2493 count=4096 submitted=10211328
read event=2494 count=4096 submitted=10215424
read event=2495 count=4096 submitted=10219520
read event=2496 count=4096 submitted=10223616
read event=2497 count=4096 submitted=10227712
read event=2498 count=4096 submitted=10231808
read event=2499 count=4096 submitted=10235904
read event=2500 count=4096 submitted=10240000
read event=2501 count=4096 submitted=10244096
read event=2502 count=4096 submitted=10248192
read event=2503 count=4096 submitted=10252288
read event=2504 count=4096 submitted=10256384
read event=2505 count=4096 submitted=10260480
read event=2506 count=4096 submitted=10264576
read event=2507 count=4096 submitted=10268672
read event=2508 count=4096 submitted=10272768
read event=2509 count=4096 submitted=10276864
read event=2510 count=4096 submitted=10280960
read event=2511 count=4096 submitted=10285056
read event=2512 count=4096 submitted=10289152
read event=2513 count=4096 submitted=10293248
read event=2514 count=4096 submitted=10297344
read event=2515 count=4096 submitted=10301440
read event=2516 count=4096 submitted=10305536
read event=2517 count=4096 submitted=10309632
read event=2518 count=4096 submitted=10313728
read event=2519 count=4096 submitted=10317824
read event=2520 count=4096 submitted=10321920
read event=2521 count=4096 submitted=10326016
read event=2522 count=4096 submitted=10330112
read event=2523 count=4096 submitted=10334208
read event=2524 count=4096 submitted=10338304
read event=2525 count=4096 submitted=10342400
read event=2526 count=4096 submitted=10346496
read event=2527 count=4096 submitted=10350592
read event=2528 count=4096 submitted=10354688
read event=2529 count=4096 submitted=10358784
read event=2530 count=4096 submitted=10362880
read event=2531 count=4096 submitted=10366976
read event=2532 count=4096 submitted=10371072
read event=2533 count=4096 submitted=10375168
read event=2534 count=4096 submitted=10379264
read event=2535 count=4096 submitted=10383360
read event=2536 count=4096 submitted=10387456
read event=2537 count=4096 submitted=10391552
read event=2538 count=4096 submitted=10395648
read event=2539 count=4096 submitted=10399744
read event=2540 count=4096 submitted=10403840
read event=2541 count=4096 submitted=10407936
read event=2542 count=4096 submitted=10412032
read event=2543 count=4096 submitted=10416128
read event=2544 count=4096 submitted=10420224
read event=2545 count=4096 submitted=10424320
read event=2546 count=4096 submitted=10428416
read event=2547 count=4096 submitted=10432512
read event=2548 count=4096 submitted=10436608
read event=2549 count=4096 submitted=10440704
read event=2550 count=4096 submitted=10444800
read event=2551 count=4096 submitted=10448896
read event=2552 count=4096 submitted=10452992
read event=2553 count=4096 submitted=10457088
read event=2554 count=4096 submitted=10461184
read event=2555 count=4096 submitted=10465280
read event=2556 count=4096 submitted=10469376
read event=2557 count=4096 submitted=10473472
read event=2558 count=4096 submitted=10477568
read event=2559 count=4096 submitted=10481664
read event=2560 count=4096 submitted=10485760
read event=2561 count=4096 submitted=10489856
read event=2562 count=4096 submitted=10493952
read event=2563 count=4096 submitted=10498048
read event=2564 count=4096 submitted=10502144
read event=2565 count=4096 submitted=10506240
read event=2566 count=4096 submitted=10510336
read event=2567 count=4096 submitted=10514432
read event=2568 count=4096 submitted=10518528
read event=2569 count=4096 submitted=10522624
read event=2570 count=4096 submitted=10526720
read event=2571 count=4096 submitted=10530816
read event=2572 count=4096 submitted=10534912
read event=2573 count=4096 submitted=10539008
read event=2574 count=4096 submitted=10543104
read event=2575 count=4096 submitted=10547200
read event=2576 count=4096 submitted=10551296
read event=2577 count=4096 submitted=10555392
read event=2578 count=4096 submitted=10559488
read event=2579 count=4096 submitted=10563584
read event=2580 count=4096 submitted=10567680
read event=2581 count=4096 submitted=10571776
read event=2582 count=4096 submitted=10575872
read event=2583 count=4096 submitted=10579968
read event=2584 count=4096 submitted=10584064
read event=2585 count=4096 submitted=10588160
read event=2586 count=4096 submitted=10592256
read event=2587 count=4096 submitted=10596352
read event=2588 count=4096 submitted=10600448
read event=2589 count=4096 submitted=10604544
read event=2590 count=4096 submitted=10608640
read event=2591 count=4096 submitted=10612736
read event=2592 count=4096 submitted=10616832
read event=2593 count=4096 submitted=10620928
read event=2594 count=4096 submitted=10625024
read event=2595 count=4096 submitted=10629120
read event=2596 count=4096 submitted=10633216
read event=2597 count=4096 submitted=10637312
read event=2598 count=4096 submitted=10641408
read event=2599 count=4096 submitted=10645504
read event=2600 count=4096 submitted=10649600
read event=2601 count=4096 submitted=10653696
read event=2602 count=4096 submitted=10657792
read event=2603 count=4096 submitted=10661888
read event=2604 count=4096 submitted=10665984
read event=2605 count=4096 submitted=10670080
read event=2606 count=4096 submitted=10674176
read event=2607 count=4096 submitted=10678272
read event=2608 count=4096 submitted=10682368
read event=2609 count=4096 submitted=10686464
read event=2610 count=4096 submitted=10690560
read event=2611 count=4096 submitted=10694656
read event=2612 count=4096 submitted=10698752
read event=2613 count=4096 submitted=10702848
read event=2614 count=4096 submitted=10706944
read event=2615 count=4096 submitted=10711040
read event=2616 count=4096 submitted=10715136
read event=2617 count=4096 submitted=10719232
read event=2618 count=4096 submitted=10723328
read event=2619 count=4096 submitted=10727424
read event=2620 count=4096 submitted=10731520
read event=2621 count=4096 submitted=10735616
read event=2622 count=4096 submitted=10739712
read event=2623 count=4096 submitted=10743808
read event=2624 count=4096 submitted=10747904
read event=2625 count=4096 submitted=10752000
read event=2626 count=4096 submitted=10756096
read event=2627 count=4096 submitted=10760192
read event=2628 count=4096 submitted=10764288
read event=2629 count=4096 submitted=10768384
read event=2630 count=4096 submitted=10772480
read event=2631 count=4096 submitted=10776576
read event=2632 count=4096 submitted=10780672
read event=2633 count=4096 submitted=10784768
read event=2634 count=4096 submitted=10788864
read event=2635 count=4096 submitted=10792960
read event=2636 count=4096 submitted=10797056
read event=2637 count=4096 submitted=10801152
read event=2638 count=4096 submitted=10805248
read event=2639 count=4096 submitted=10809344
read event=2640 count=4096 submitted=10813440
read event=2641 count=4096 submitted=10817536
read event=2642 count=4096 submitted=10821632
read event=2643 count=4096 submitted=10825728
read event=2644 count=4096 submitted=10829824
read event=2645 count=4096 submitted=10833920
read event=2646 count=4096 submitted=10838016
read event=2647 count=4096 submitted=10842112
read event=2648 count=4096 submitted=10846208
read event=2649 count=4096 submitted=10850304
read event=2650 count=4096 submitted=10854400
read event=2651 count=4096 submitted=10858496
read event=2652 count=4096 submitted=10862592
read event=2653 count=4096 submitted=10866688
read event=2654 count=4096 submitted=10870784
read event=2655 count=4096 submitted=10874880
read event=2656 count=4096 submitted=10878976
read event=2657 count=4096 submitted=10883072
read event=2658 count=4096 submitted=10887168
read event=2659 count=4096 submitted=10891264
read event=2660 count=4096 submitted=10895360
read event=2661 count=4096 submitted=10899456
read event=2662 count=4096 submitted=10903552
read event=2663 count=4096 submitted=10907648
read event=2664 count=4096 submitted=10911744
read event=2665 count=4096 submitted=10915840
read event=2666 count=4096 submitted=10919936
read event=2667 count=4096 submitted=10924032
read event=2668 count=4096 submitted=10928128
read event=2669 count=4096 submitted=10932224
read event=2670 count=4096 submitted=10936320
read event=2671 count=4096 submitted=10940416
read event=2672 count=4096 submitted=10944512
read event=2673 count=4096 submitted=10948608
read event=2674 count=4096 submitted=10952704
read event=2675 count=4096 submitted=10956800
read event=2676 count=4096 submitted=10960896
read event=2677 count=4096 submitted=10964992
read event=2678 count=4096 submitted=10969088
read event=2679 count=4096 submitted=10973184
read event=2680 count=4096 submitted=10977280
read event=2681 count=4096 submitted=10981376
read event=2682 count=4096 submitted=10985472
read event=2683 count=4096 submitted=10989568
read event=2684 count=4096 submitted=10993664
read event=2685 count=4096 submitted=10997760
read event=2686 count=4096 submitted=11001856
read event=2687 count=4096 submitted=11005952
read event=2688 count=4096 submitted=11010048
read event=2689 count=4096 submitted=11014144
read event=2690 count=4096 submitted=11018240
read event=2691 count=4096 submitted=11022336
read event=2692 count=4096 submitted=11026432
read event=2693 count=4096 submitted=11030528
read event=2694 count=4096 submitted=11034624
read event=2695 count=4096 submitted=11038720
read event=2696 count=4096 submitted=11042816
read event=2697 count=4096 submitted=11046912
read event=2698 count=4096 submitted=11051008
read event=2699 count=4096 submitted=11055104
read event=2700 count=4096 submitted=11059200
read event=2701 count=4096 submitted=11063296
read event=2702 count=4096 submitted=11067392
read event=2703 count=4096 submitted=11071488
read event=2704 count=4096 submitted=11075584
read event=2705 count=4096 submitted=11079680
read event=2706 count=4096 submitted=11083776
read event=2707 count=4096 submitted=11087872
read event=2708 count=4096 submitted=11091968
read event=2709 count=4096 submitted=11096064
read event=2710 count=4096 submitted=11100160
read event=2711 count=4096 submitted=11104256
read event=2712 count=4096 submitted=11108352
read event=2713 count=4096 submitted=11112448
read event=2714 count=4096 submitted=11116544
read event=2715 count=4096 submitted=11120640
read event=2716 count=4096 submitted=11124736
read event=2717 count=4096 submitted=11128832
read event=2718 count=4096 submitted=11132928
read event=2719 count=4096 submitted=11137024
read event=2720 count=4096 submitted=11141120
read event=2721 count=4096 submitted=11145216
read event=2722 count=4096 submitted=11149312
read event=2723 count=4096 submitted=11153408
read event=2724 count=4096 submitted=11157504
read event=2725 count=4096 submitted=11161600
read event=2726 count=4096 submitted=11165696
read event=2727 count=4096 submitted=11169792
read event=2728 count=4096 submitted=11173888
read event=2729 count=4096 submitted=11177984
read event=2730 count=4096 submitted=11182080
read event=2731 count=4096 submitted=11186176
read event=2732 count=4096 submitted=11190272
read event=2733 count=4096 submitted=11194368
read event=2734 count=4096 submitted=11198464
read event=2735 count=4096 submitted=11202560
read event=2736 count=4096 submitted=11206656
read event=2737 count=4096 submitted=11210752
read event=2738 count=4096 submitted=11214848
read event=2739 count=4096 submitted=11218944
read event=2740 count=4096 submitted=11223040
read event=2741 count=4096 submitted=11227136
read event=2742 count=4096 submitted=11231232
read event=2743 count=4096 submitted=11235328
read event=2744 count=4096 submitted=11239424
read event=2745 count=4096 submitted=11243520
read event=2746 count=4096 submitted=11247616
read event=2747 count=4096 submitted=11251712
read event=2748 count=4096 submitted=11255808
read event=2749 count=4096 submitted=11259904
read event=2750 count=4096 submitted=11264000
read event=2751 count=4096 submitted=11268096
read event=2752 count=4096 submitted=11272192
read event=2753 count=4096 submitted=11276288
read event=2754 count=4096 submitted=11280384
read event=2755 count=4096 submitted=11284480
read event=2756 count=4096 submitted=11288576
read event=2757 count=4096 submitted=11292672
read event=2758 count=4096 submitted=11296768
read event=2759 count=4096 submitted=11300864
read event=2760 count=4096 submitted=11304960
read event=2761 count=4096 submitted=11309056
read event=2762 count=4096 submitted=11313152
read event=2763 count=4096 submitted=11317248
read event=2764 count=4096 submitted=11321344
read event=2765 count=4096 submitted=11325440
read event=2766 count=4096 submitted=11329536
read event=2767 count=4096 submitted=11333632
read event=2768 count=4096 submitted=11337728
read event=2769 count=4096 submitted=11341824
read event=2770 count=4096 submitted=11345920
read event=2771 count=4096 submitted=11350016
read event=2772 count=4096 submitted=11354112
read event=2773 count=4096 submitted=11358208
read event=2774 count=4096 submitted=11362304
read event=2775 count=4096 submitted=11366400
read event=2776 count=4096 submitted=11370496
read event=2777 count=4096 submitted=11374592
read event=2778 count=4096 submitted=11378688
read event=2779 count=4096 submitted=11382784
read event=2780 count=4096 submitted=11386880
read event=2781 count=4096 submitted=11390976
read event=2782 count=4096 submitted=11395072
read event=2783 count=4096 submitted=11399168
read event=2784 count=4096 submitted=11403264
read event=2785 count=4096 submitted=11407360
read event=2786 count=4096 submitted=11411456
read event=2787 count=4096 submitted=11415552
read event=2788 count=4096 submitted=11419648
read event=2789 count=4096 submitted=11423744
read event=2790 count=4096 submitted=11427840
read event=2791 count=4096 submitted=11431936
read event=2792 count=4096 submitted=11436032
read event=2793 count=4096 submitted=11440128
read event=2794 count=4096 submitted=11444224
read event=2795 count=4096 submitted=11448320
read event=2796 count=4096 submitted=11452416
read event=2797 count=4096 submitted=11456512
read event=2798 count=4096 submitted=11460608
read event=2799 count=4096 submitted=11464704
read event=2800 count=4096 submitted=11468800
read event=2801 count=4096 submitted=11472896
read event=2802 count=4096 submitted=11476992
read event=2803 count=4096 submitted=11481088
read event=2804 count=4096 submitted=11485184
read event=2805 count=4096 submitted=11489280
read event=2806 count=4096 submitted=11493376
read event=2807 count=4096 submitted=11497472
read event=2808 count=4096 submitted=11501568
read event=2809 count=4096 submitted=11505664
read event=2810 count=4096 submitted=11509760
read event=2811 count=4096 submitted=11513856
read event=2812 count=4096 submitted=11517952
read event=2813 count=4096 submitted=11522048
read event=2814 count=4096 submitted=11526144
read event=2815 count=4096 submitted=11530240
read event=2816 count=4096 submitted=11534336
read event=2817 count=4096 submitted=11538432
read event=2818 count=4096 submitted=11542528
read event=2819 count=4096 submitted=11546624
read event=2820 count=4096 submitted=11550720
read event=2821 count=4096 submitted=11554816
read event=2822 count=4096 submitted=11558912
read event=2823 count=4096 submitted=11563008
read event=2824 count=4096 submitted=11567104
read event=2825 count=4096 submitted=11571200
read event=2826 count=4096 submitted=11575296
read event=2827 count=4096 submitted=11579392
read event=2828 count=4096 submitted=11583488
read event=2829 count=4096 submitted=11587584
read event=2830 count=4096 submitted=11591680
read event=2831 count=4096 submitted=11595776
read event=2832 count=4096 submitted=11599872
read event=2833 count=4096 submitted=11603968
read event=2834 count=4096 submitted=11608064
read event=2835 count=4096 submitted=11612160
read event=2836 count=4096 submitted=11616256
read event=2837 count=4096 submitted=11620352
read event=2838 count=4096 submitted=11624448
read event=2839 count=4096 submitted=11628544
read event=2840 count=4096 submitted=11632640
read event=2841 count=4096 submitted=11636736
read event=2842 count=4096 submitted=11640832
read event=2843 count=4096 submitted=11644928
read event=2844 count=4096 submitted=11649024
read event=2845 count=4096 submitted=11653120
read event=2846 count=4096 submitted=11657216
read event=2847 count=4096 submitted=11661312
read event=2848 count=4096 submitted=11665408
read event=2849 count=4096 submitted=11669504
read event=2850 count=4096 submitted=11673600
read event=2851 count=4096 submitted=11677696
read event=2852 count=4096 submitted=11681792
read event=2853 count=4096 submitted=11685888
read event=2854 count=4096 submitted=11689984
read event=2855 count=4096 submitted=11694080
read event=2856 count=4096 submitted=11698176
read event=2857 count=4096 submitted=11702272
read event=2858 count=4096 submitted=11706368
read event=2859 count=4096 submitted=11710464
read event=2860 count=4096 submitted=11714560
read event=2861 count=4096 submitted=11718656
read event=2862 count=4096 submitted=11722752
read event=2863 count=4096 submitted=11726848
read event=2864 count=4096 submitted=11730944
read event=2865 count=4096 submitted=11735040
read event=2866 count=4096 submitted=11739136
read event=2867 count=4096 submitted=11743232
read event=2868 count=4096 submitted=11747328
read event=2869 count=4096 submitted=11751424
read event=2870 count=4096 submitted=11755520
read event=2871 count=4096 submitted=11759616
read event=2872 count=4096 submitted=11763712
read event=2873 count=4096 submitted=11767808
read event=2874 count=4096 submitted=11771904
read event=2875 count=4096 submitted=11776000
read event=2876 count=4096 submitted=11780096
read event=2877 count=4096 submitted=11784192
read event=2878 count=4096 submitted=11788288
read event=2879 count=4096 submitted=11792384
read event=2880 count=4096 submitted=11796480
read event=2881 count=4096 submitted=11800576
read event=2882 count=4096 submitted=11804672
read event=2883 count=4096 submitted=11808768
read event=2884 count=4096 submitted=11812864
read event=2885 count=4096 submitted=11816960
read event=2886 count=4096 submitted=11821056
read event=2887 count=4096 submitted=11825152
read event=2888 count=4096 submitted=11829248
read event=2889 count=4096 submitted=11833344
read event=2890 count=4096 submitted=11837440
read event=2891 count=4096 submitted=11841536
read event=2892 count=4096 submitted=11845632
read event=2893 count=4096 submitted=11849728
read event=2894 count=4096 submitted=11853824
read event=2895 count=4096 submitted=11857920
read event=2896 count=4096 submitted=11862016
read event=2897 count=4096 submitted=11866112
read event=2898 count=4096 submitted=11870208
read event=2899 count=4096 submitted=11874304
read event=2900 count=4096 submitted=11878400
read event=2901 count=4096 submitted=11882496
read event=2902 count=4096 submitted=11886592
read event=2903 count=4096 submitted=11890688
read event=2904 count=4096 submitted=11894784
read event=2905 count=4096 submitted=11898880
read event=2906 count=4096 submitted=11902976
read event=2907 count=4096 submitted=11907072
read event=2908 count=4096 submitted=11911168
read event=2909 count=4096 submitted=11915264
read event=2910 count=4096 submitted=11919360
read event=2911 count=4096 submitted=11923456
read event=2912 count=4096 submitted=11927552
read event=2913 count=4096 submitted=11931648
read event=2914 count=4096 submitted=11935744
read event=2915 count=4096 submitted=11939840
read event=2916 count=4096 submitted=11943936
read event=2917 count=4096 submitted=11948032
read event=2918 count=4096 submitted=11952128
read event=2919 count=4096 submitted=11956224
read event=2920 count=4096 submitted=11960320
read event=2921 count=4096 submitted=11964416
read event=2922 count=4096 submitted=11968512
read event=2923 count=4096 submitted=11972608
read event=2924 count=4096 submitted=11976704
read event=2925 count=4096 submitted=11980800
read event=2926 count=4096 submitted=11984896
read event=2927 count=4096 submitted=11988992
read event=2928 count=4096 submitted=11993088
read event=2929 count=4096 submitted=11997184
read event=2930 count=4096 submitted=12001280
read event=2931 count=4096 submitted=12005376
read event=2932 count=4096 submitted=12009472
read event=2933 count=4096 submitted=12013568
read event=2934 count=4096 submitted=12017664
read event=2935 count=4096 submitted=12021760
read event=2936 count=4096 submitted=12025856
read event=2937 count=4096 submitted=12029952
read event=2938 count=4096 submitted=12034048
read event=2939 count=4096 submitted=12038144
read event=2940 count=4096 submitted=12042240
read event=2941 count=4096 submitted=12046336
read event=2942 count=4096 submitted=12050432
read event=2943 count=4096 submitted=12054528
read event=2944 count=4096 submitted=12058624
read event=2945 count=4096 submitted=12062720
read event=2946 count=4096 submitted=12066816
read event=2947 count=4096 submitted=12070912
read event=2948 count=4096 submitted=12075008
read event=2949 count=4096 submitted=12079104
read event=2950 count=4096 submitted=12083200
read event=2951 count=4096 submitted=12087296
read event=2952 count=4096 submitted=12091392
read event=2953 count=4096 submitted=12095488
read event=2954 count=4096 submitted=12099584
read event=2955 count=4096 submitted=12103680
read event=2956 count=4096 submitted=12107776
read event=2957 count=4096 submitted=12111872
read event=2958 count=4096 submitted=12115968
read event=2959 count=4096 submitted=12120064
read event=2960 count=4096 submitted=12124160
read event=2961 count=4096 submitted=12128256
read event=2962 count=4096 submitted=12132352
read event=2963 count=4096 submitted=12136448
read event=2964 count=4096 submitted=12140544
read event=2965 count=4096 submitted=12144640
read event=2966 count=4096 submitted=12148736
read event=2967 count=4096 submitted=12152832
read event=2968 count=4096 submitted=12156928
read event=2969 count=4096 submitted=12161024
read event=2970 count=4096 submitted=12165120
read event=2971 count=4096 submitted=12169216
read event=2972 count=4096 submitted=12173312
read event=2973 count=4096 submitted=12177408
read event=2974 count=4096 submitted=12181504
read event=2975 count=4096 submitted=12185600
read event=2976 count=4096 submitted=12189696
read event=2977 count=4096 submitted=12193792
read event=2978 count=4096 submitted=12197888
read event=2979 count=4096 submitted=12201984
read event=2980 count=4096 submitted=12206080
read event=2981 count=4096 submitted=12210176
read event=2982 count=4096 submitted=12214272
read event=2983 count=4096 submitted=12218368
read event=2984 count=4096 submitted=12222464
read event=2985 count=4096 submitted=12226560
read event=2986 count=4096 submitted=12230656
read event=2987 count=4096 submitted=12234752
read event=2988 count=4096 submitted=12238848
read event=2989 count=4096 submitted=12242944
read event=2990 count=4096 submitted=12247040
read event=2991 count=4096 submitted=12251136
read event=2992 count=4096 submitted=12255232
read event=2993 count=4096 submitted=12259328
read event=2994 count=4096 submitted=12263424
read event=2995 count=4096 submitted=12267520
read event=2996 count=4096 submitted=12271616
read event=2997 count=4096 submitted=12275712
read event=2998 count=4096 submitted=12279808
read event=2999 count=4096 submitted=12283904
read event=3000 count=4096 submitted=12288000
read event=3001 count=4096 submitted=12292096
read event=3002 count=4096 submitted=12296192
read event=3003 count=4096 submitted=12300288
read event=3004 count=4096 submitted=12304384
read event=3005 count=4096 submitted=12308480
read event=3006 count=4096 submitted=12312576
read event=3007 count=4096 submitted=12316672
read event=3008 count=4096 submitted=12320768
read event=3009 count=4096 submitted=12324864
read event=3010 count=4096 submitted=12328960
read event=3011 count=4096 submitted=12333056
read event=3012 count=4096 submitted=12337152
read event=3013 count=4096 submitted=12341248
read event=3014 count=4096 submitted=12345344
read event=3015 count=4096 submitted=12349440
read event=3016 count=4096 submitted=12353536
read event=3017 count=4096 submitted=12357632
read event=3018 count=4096 submitted=12361728
read event=3019 count=4096 submitted=12365824
read event=3020 count=4096 submitted=12369920
read event=3021 count=4096 submitted=12374016
read event=3022 count=4096 submitted=12378112
read event=3023 count=4096 submitted=12382208
read event=3024 count=4096 submitted=12386304
read event=3025 count=4096 submitted=12390400
read event=3026 count=4096 submitted=12394496
read event=3027 count=4096 submitted=12398592
read event=3028 count=4096 submitted=12402688
read event=3029 count=4096 submitted=12406784
read event=3030 count=4096 submitted=12410880
read event=3031 count=4096 submitted=12414976
read event=3032 count=4096 submitted=12419072
read event=3033 count=4096 submitted=12423168
read event=3034 count=4096 submitted=12427264
read event=3035 count=4096 submitted=12431360
read event=3036 count=4096 submitted=12435456
read event=3037 count=4096 submitted=12439552
read event=3038 count=4096 submitted=12443648
read event=3039 count=4096 submitted=12447744
read event=3040 count=4096 submitted=12451840
read event=3041 count=4096 submitted=12455936
read event=3042 count=4096 submitted=12460032
read event=3043 count=4096 submitted=12464128
read event=3044 count=4096 submitted=12468224
read event=3045 count=4096 submitted=12472320
read event=3046 count=4096 submitted=12476416
read event=3047 count=4096 submitted=12480512
read event=3048 count=4096 submitted=12484608
read event=3049 count=4096 submitted=12488704
read event=3050 count=4096 submitted=12492800
read event=3051 count=4096 submitted=12496896
read event=3052 count=4096 submitted=12500992
read event=3053 count=4096 submitted=12505088
read event=3054 count=4096 submitted=12509184
read event=3055 count=4096 submitted=12513280
read event=3056 count=4096 submitted=12517376
read event=3057 count=4096 submitted=12521472
read event=3058 count=4096 submitted=12525568
read event=3059 count=4096 submitted=12529664
read event=3060 count=4096 submitted=12533760
read event=3061 count=4096 submitted=12537856
read event=3062 count=4096 submitted=12541952
read event=3063 count=4096 submitted=12546048
read event=3064 count=4096 submitted=12550144
read event=3065 count=4096 submitted=12554240
read event=3066 count=4096 submitted=12558336
read event=3067 count=4096 submitted=12562432
read event=3068 count=4096 submitted=12566528
read event=3069 count=4096 submitted=12570624
read event=3070 count=4096 submitted=12574720
read event=3071 count=4096 submitted=12578816
read event=3072 count=4096 submitted=12582912
read event=3073 count=4096 submitted=12587008
read event=3074 count=4096 submitted=12591104
read event=3075 count=4096 submitted=12595200
read event=3076 count=4096 submitted=12599296
read event=3077 count=4096 submitted=12603392
read event=3078 count=4096 submitted=12607488
read event=3079 count=4096 submitted=12611584
read event=3080 count=4096 submitted=12615680
read event=3081 count=4096 submitted=12619776
read event=3082 count=4096 submitted=12623872
read event=3083 count=4096 submitted=12627968
read event=3084 count=4096 submitted=12632064
read event=3085 count=4096 submitted=12636160
read event=3086 count=4096 submitted=12640256
read event=3087 count=4096 submitted=12644352
read event=3088 count=4096 submitted=12648448
read event=3089 count=4096 submitted=12652544
read event=3090 count=4096 submitted=12656640
read event=3091 count=4096 submitted=12660736
read event=3092 count=4096 submitted=12664832
read event=3093 count=4096 submitted=12668928
read event=3094 count=4096 submitted=12673024
read event=3095 count=4096 submitted=12677120
read event=3096 count=4096 submitted=12681216
read event=3097 count=4096 submitted=12685312
read event=3098 count=4096 submitted=12689408
read event=3099 count=4096 submitted=12693504
read event=3100 count=4096 submitted=12697600
read event=3101 count=4096 submitted=12701696
read event=3102 count=4096 submitted=12705792
read event=3103 count=4096 submitted=12709888
read event=3104 count=4096 submitted=12713984
read event=3105 count=4096 submitted=12718080
read event=3106 count=4096 submitted=12722176
read event=3107 count=4096 submitted=12726272
read event=3108 count=4096 submitted=12730368
read event=3109 count=4096 submitted=12734464
read event=3110 count=4096 submitted=12738560
read event=3111 count=4096 submitted=12742656
read event=3112 count=4096 submitted=12746752
read event=3113 count=4096 submitted=12750848
read event=3114 count=4096 submitted=12754944
read event=3115 count=4096 submitted=12759040
read event=3116 count=4096 submitted=12763136
read event=3117 count=4096 submitted=12767232
read event=3118 count=4096 submitted=12771328
read event=3119 count=4096 submitted=12775424
read event=3120 count=4096 submitted=12779520
read event=3121 count=4096 submitted=12783616
read event=3122 count=4096 submitted=12787712
read event=3123 count=4096 submitted=12791808
read event=3124 count=4096 submitted=12795904
read event=3125 count=4096 submitted=12800000
read event=3126 count=4096 submitted=12804096
read event=3127 count=4096 submitted=12808192
read event=3128 count=4096 submitted=12812288
read event=3129 count=4096 submitted=12816384
read event=3130 count=4096 submitted=12820480
read event=3131 count=4096 submitted=12824576
read event=3132 count=4096 submitted=12828672
read event=3133 count=4096 submitted=12832768
read event=3134 count=4096 submitted=12836864
read event=3135 count=4096 submitted=12840960
read event=3136 count=4096 submitted=12845056
read event=3137 count=4096 submitted=12849152
read event=3138 count=4096 submitted=12853248
read event=3139 count=4096 submitted=12857344
read event=3140 count=4096 submitted=12861440
read event=3141 count=4096 submitted=12865536
read event=3142 count=4096 submitted=12869632
read event=3143 count=4096 submitted=12873728
read event=3144 count=4096 submitted=12877824
read event=3145 count=4096 submitted=12881920
read event=3146 count=4096 submitted=12886016
read event=3147 count=4096 submitted=12890112
read event=3148 count=4096 submitted=12894208
read event=3149 count=4096 submitted=12898304
read event=3150 count=4096 submitted=12902400
read event=3151 count=4096 submitted=12906496
read event=3152 count=4096 submitted=12910592
read event=3153 count=4096 submitted=12914688
read event=3154 count=4096 submitted=12918784
read event=3155 count=4096 submitted=12922880
read event=3156 count=4096 submitted=12926976
read event=3157 count=4096 submitted=12931072
read event=3158 count=4096 submitted=12935168
read event=3159 count=4096 submitted=12939264
read event=3160 count=4096 submitted=12943360
read event=3161 count=4096 submitted=12947456
read event=3162 count=4096 submitted=12951552
read event=3163 count=4096 submitted=12955648
read event=3164 count=4096 submitted=12959744
read event=3165 count=4096 submitted=12963840
read event=3166 count=4096 submitted=12967936
read event=3167 count=4096 submitted=12972032
read event=3168 count=4096 submitted=12976128
read event=3169 count=4096 submitted=12980224
read event=3170 count=4096 submitted=12984320
read event=3171 count=4096 submitted=12988416
read event=3172 count=4096 submitted=12992512
read event=3173 count=4096 submitted=12996608
read event=3174 count=4096 submitted=13000704
read event=3175 count=4096 submitted=13004800
read event=3176 count=4096 submitted=13008896
read event=3177 count=4096 submitted=13012992
read event=3178 count=4096 submitted=13017088
read event=3179 count=4096 submitted=13021184
read event=3180 count=4096 submitted=13025280
read event=3181 count=4096 submitted=13029376
read event=3182 count=4096 submitted=13033472
read event=3183 count=4096 submitted=13037568
read event=3184 count=4096 submitted=13041664
read event=3185 count=4096 submitted=13045760
read event=3186 count=4096 submitted=13049856
read event=3187 count=4096 submitted=13053952
read event=3188 count=4096 submitted=13058048
read event=3189 count=4096 submitted=13062144
read event=3190 count=4096 submitted=13066240
read event=3191 count=4096 submitted=13070336
read event=3192 count=4096 submitted=13074432
read event=3193 count=4096 submitted=13078528
read event=3194 count=4096 submitted=13082624
read event=3195 count=4096 submitted=13086720
read event=3196 count=4096 submitted=13090816
read event=3197 count=4096 submitted=13094912
read event=3198 count=4096 submitted=13099008
read event=3199 count=4096 submitted=13103104
read event=3200 count=4096 submitted=13107200
read event=3201 count=4096 submitted=13111296
read event=3202 count=4096 submitted=13115392
read event=3203 count=4096 submitted=13119488
read event=3204 count=4096 submitted=13123584
read event=3205 count=4096 submitted=13127680
read event=3206 count=4096 submitted=13131776
read event=3207 count=4096 submitted=13135872
read event=3208 count=4096 submitted=13139968
read event=3209 count=4096 submitted=13144064
read event=3210 count=4096 submitted=13148160
read event=3211 count=4096 submitted=13152256
read event=3212 count=4096 submitted=13156352
read event=3213 count=4096 submitted=13160448
read event=3214 count=4096 submitted=13164544
read event=3215 count=4096 submitted=13168640
read event=3216 count=4096 submitted=13172736
read event=3217 count=4096 submitted=13176832
read event=3218 count=4096 submitted=13180928
read event=3219 count=4096 submitted=13185024
read event=3220 count=4096 submitted=13189120
read event=3221 count=4096 submitted=13193216
read event=3222 count=4096 submitted=13197312
read event=3223 count=4096 submitted=13201408
read event=3224 count=4096 submitted=13205504
read event=3225 count=4096 submitted=13209600
read event=3226 count=4096 submitted=13213696
read event=3227 count=4096 submitted=13217792
read event=3228 count=4096 submitted=13221888
read event=3229 count=4096 submitted=13225984
read event=3230 count=4096 submitted=13230080
read event=3231 count=4096 submitted=13234176
read event=3232 count=4096 submitted=13238272
read event=3233 count=4096 submitted=13242368
read event=3234 count=4096 submitted=13246464
read event=3235 count=4096 submitted=13250560
read event=3236 count=4096 submitted=13254656
read event=3237 count=4096 submitted=13258752
read event=3238 count=4096 submitted=13262848
read event=3239 count=4096 submitted=13266944
read event=3240 count=4096 submitted=13271040
read event=3241 count=4096 submitted=13275136
read event=3242 count=4096 submitted=13279232
read event=3243 count=4096 submitted=13283328
read event=3244 count=4096 submitted=13287424
read event=3245 count=4096 submitted=13291520
read event=3246 count=4096 submitted=13295616
read event=3247 count=4096 submitted=13299712
read event=3248 count=4096 submitted=13303808
read event=3249 count=4096 submitted=13307904
read event=3250 count=4096 submitted=13312000
read event=3251 count=4096 submitted=13316096
read event=3252 count=4096 submitted=13320192
read event=3253 count=4096 submitted=13324288
read event=3254 count=4096 submitted=13328384
read event=3255 count=4096 submitted=13332480
read event=3256 count=4096 submitted=13336576
read event=3257 count=4096 submitted=13340672
read event=3258 count=4096 submitted=13344768
read event=3259 count=4096 submitted=13348864
read event=3260 count=4096 submitted=13352960
read event=3261 count=4096 submitted=13357056
read event=3262 count=4096 submitted=13361152
read event=3263 count=4096 submitted=13365248
read event=3264 count=4096 submitted=13369344
read event=3265 count=4096 submitted=13373440
read event=3266 count=4096 submitted=13377536
read event=3267 count=4096 submitted=13381632
read event=3268 count=4096 submitted=13385728
read event=3269 count=4096 submitted=13389824
read event=3270 count=4096 submitted=13393920
read event=3271 count=4096 submitted=13398016
read event=3272 count=4096 submitted=13402112
read event=3273 count=4096 submitted=13406208
read event=3274 count=4096 submitted=13410304
read event=3275 count=4096 submitted=13414400
read event=3276 count=4096 submitted=13418496
read event=3277 count=4096 submitted=13422592
read event=3278 count=4096 submitted=13426688
read event=3279 count=4096 submitted=13430784
read event=3280 count=4096 submitted=13434880
read event=3281 count=4096 submitted=13438976
read event=3282 count=4096 submitted=13443072
read event=3283 count=4096 submitted=13447168
read event=3284 count=4096 submitted=13451264
read event=3285 count=4096 submitted=13455360
read event=3286 count=4096 submitted=13459456
read event=3287 count=4096 submitted=13463552
read event=3288 count=4096 submitted=13467648
read event=3289 count=4096 submitted=13471744
read event=3290 count=4096 submitted=13475840
read event=3291 count=4096 submitted=13479936
read event=3292 count=4096 submitted=13484032
read event=3293 count=4096 submitted=13488128
read event=3294 count=4096 submitted=13492224
read event=3295 count=4096 submitted=13496320
read event=3296 count=4096 submitted=13500416
read event=3297 count=4096 submitted=13504512
read event=3298 count=4096 submitted=13508608
read event=3299 count=4096 submitted=13512704
read event=3300 count=4096 submitted=13516800
read event=3301 count=4096 submitted=13520896
read event=3302 count=4096 submitted=13524992
read event=3303 count=4096 submitted=13529088
read event=3304 count=4096 submitted=13533184
read event=3305 count=4096 submitted=13537280
read event=3306 count=4096 submitted=13541376
read event=3307 count=4096 submitted=13545472
read event=3308 count=4096 submitted=13549568
read event=3309 count=4096 submitted=13553664
read event=3310 count=4096 submitted=13557760
read event=3311 count=4096 submitted=13561856
read event=3312 count=4096 submitted=13565952
read event=3313 count=4096 submitted=13570048
read event=3314 count=4096 submitted=13574144
read event=3315 count=4096 submitted=13578240
read event=3316 count=4096 submitted=13582336
read event=3317 count=4096 submitted=13586432
read event=3318 count=4096 submitted=13590528
read event=3319 count=4096 submitted=13594624
read event=3320 count=4096 submitted=13598720
read event=3321 count=4096 submitted=13602816
read event=3322 count=4096 submitted=13606912
read event=3323 count=4096 submitted=13611008
read event=3324 count=4096 submitted=13615104
read event=3325 count=4096 submitted=13619200
read event=3326 count=4096 submitted=13623296
read event=3327 count=4096 submitted=13627392
read event=3328 count=4096 submitted=13631488
read event=3329 count=4096 submitted=13635584
read event=3330 count=4096 submitted=13639680
read event=3331 count=4096 submitted=13643776
read event=3332 count=4096 submitted=13647872
read event=3333 count=4096 submitted=13651968
read event=3334 count=4096 submitted=13656064
read event=3335 count=4096 submitted=13660160
read event=3336 count=4096 submitted=13664256
read event=3337 count=4096 submitted=13668352
read event=3338 count=4096 submitted=13672448
read event=3339 count=4096 submitted=13676544
read event=3340 count=4096 submitted=13680640
read event=3341 count=4096 submitted=13684736
read event=3342 count=4096 submitted=13688832
read event=3343 count=4096 submitted=13692928
read event=3344 count=4096 submitted=13697024
read event=3345 count=4096 submitted=13701120
read event=3346 count=4096 submitted=13705216
read event=3347 count=4096 submitted=13709312
read event=3348 count=4096 submitted=13713408
read event=3349 count=4096 submitted=13717504
read event=3350 count=4096 submitted=13721600
read event=3351 count=4096 submitted=13725696
read event=3352 count=4096 submitted=13729792
read event=3353 count=4096 submitted=13733888
read event=3354 count=4096 submitted=13737984
read event=3355 count=4096 submitted=13742080
read event=3356 count=4096 submitted=13746176
read event=3357 count=4096 submitted=13750272
read event=3358 count=4096 submitted=13754368
read event=3359 count=4096 submitted=13758464
read event=3360 count=4096 submitted=13762560
read event=3361 count=4096 submitted=13766656
read event=3362 count=4096 submitted=13770752
read event=3363 count=4096 submitted=13774848
read event=3364 count=4096 submitted=13778944
read event=3365 count=4096 submitted=13783040
read event=3366 count=4096 submitted=13787136
read event=3367 count=4096 submitted=13791232
read event=3368 count=4096 submitted=13795328
read event=3369 count=4096 submitted=13799424
read event=3370 count=4096 submitted=13803520
read event=3371 count=4096 submitted=13807616
read event=3372 count=4096 submitted=13811712
read event=3373 count=4096 submitted=13815808
read event=3374 count=4096 submitted=13819904
read event=3375 count=4096 submitted=13824000
read event=3376 count=4096 submitted=13828096
read event=3377 count=4096 submitted=13832192
read event=3378 count=4096 submitted=13836288
read event=3379 count=4096 submitted=13840384
read event=3380 count=4096 submitted=13844480
read event=3381 count=4096 submitted=13848576
read event=3382 count=4096 submitted=13852672
read event=3383 count=4096 submitted=13856768
read event=3384 count=4096 submitted=13860864
read event=3385 count=4096 submitted=13864960
read event=3386 count=4096 submitted=13869056
read event=3387 count=4096 submitted=13873152
read event=3388 count=4096 submitted=13877248
read event=3389 count=4096 submitted=13881344
read event=3390 count=4096 submitted=13885440
read event=3391 count=4096 submitted=13889536
read event=3392 count=4096 submitted=13893632
read event=3393 count=4096 submitted=13897728
read event=3394 count=4096 submitted=13901824
read event=3395 count=4096 submitted=13905920
read event=3396 count=4096 submitted=13910016
read event=3397 count=4096 submitted=13914112
read event=3398 count=4096 submitted=13918208
read event=3399 count=4096 submitted=13922304
read event=3400 count=4096 submitted=13926400
read event=3401 count=4096 submitted=13930496
read event=3402 count=4096 submitted=13934592
read event=3403 count=4096 submitted=13938688
read event=3404 count=4096 submitted=13942784
read event=3405 count=4096 submitted=13946880
read event=3406 count=4096 submitted=13950976
read event=3407 count=4096 submitted=13955072
read event=3408 count=4096 submitted=13959168
read event=3409 count=4096 submitted=13963264
read event=3410 count=4096 submitted=13967360
read event=3411 count=4096 submitted=13971456
read event=3412 count=4096 submitted=13975552
read event=3413 count=4096 submitted=13979648
read event=3414 count=4096 submitted=13983744
read event=3415 count=4096 submitted=13987840
read event=3416 count=4096 submitted=13991936
read event=3417 count=4096 submitted=13996032
read event=3418 count=4096 submitted=14000128
read event=3419 count=4096 submitted=14004224
read event=3420 count=4096 submitted=14008320
read event=3421 count=4096 submitted=14012416
read event=3422 count=4096 submitted=14016512
read event=3423 count=4096 submitted=14020608
read event=3424 count=4096 submitted=14024704
read event=3425 count=4096 submitted=14028800
read event=3426 count=4096 submitted=14032896
read event=3427 count=4096 submitted=14036992
read event=3428 count=4096 submitted=14041088
read event=3429 count=4096 submitted=14045184
read event=3430 count=4096 submitted=14049280
read event=3431 count=4096 submitted=14053376
read event=3432 count=4096 submitted=14057472
read event=3433 count=4096 submitted=14061568
read event=3434 count=4096 submitted=14065664
read event=3435 count=4096 submitted=14069760
read event=3436 count=4096 submitted=14073856
read event=3437 count=4096 submitted=14077952
read event=3438 count=4096 submitted=14082048
read event=3439 count=4096 submitted=14086144
read event=3440 count=4096 submitted=14090240
read event=3441 count=4096 submitted=14094336
read event=3442 count=4096 submitted=14098432
read event=3443 count=4096 submitted=14102528
read event=3444 count=4096 submitted=14106624
read event=3445 count=4096 submitted=14110720
read event=3446 count=4096 submitted=14114816
read event=3447 count=4096 submitted=14118912
read event=3448 count=4096 submitted=14123008
read event=3449 count=4096 submitted=14127104
read event=3450 count=4096 submitted=14131200
read event=3451 count=4096 submitted=14135296
read event=3452 count=4096 submitted=14139392
read event=3453 count=4096 submitted=14143488
read event=3454 count=4096 submitted=14147584
read event=3455 count=4096 submitted=14151680
read event=3456 count=4096 submitted=14155776
read event=3457 count=4096 submitted=14159872
read event=3458 count=4096 submitted=14163968
read event=3459 count=4096 submitted=14168064
read event=3460 count=4096 submitted=14172160
read event=3461 count=4096 submitted=14176256
read event=3462 count=4096 submitted=14180352
read event=3463 count=4096 submitted=14184448
read event=3464 count=4096 submitted=14188544
read event=3465 count=4096 submitted=14192640
read event=3466 count=4096 submitted=14196736
read event=3467 count=4096 submitted=14200832
read event=3468 count=4096 submitted=14204928
read event=3469 count=4096 submitted=14209024
read event=3470 count=4096 submitted=14213120
read event=3471 count=4096 submitted=14217216
read event=3472 count=4096 submitted=14221312
read event=3473 count=4096 submitted=14225408
read event=3474 count=4096 submitted=14229504
read event=3475 count=4096 submitted=14233600
read event=3476 count=4096 submitted=14237696
read event=3477 count=4096 submitted=14241792
read event=3478 count=4096 submitted=14245888
read event=3479 count=4096 submitted=14249984
read event=3480 count=4096 submitted=14254080
read event=3481 count=4096 submitted=14258176
read event=3482 count=4096 submitted=14262272
read event=3483 count=4096 submitted=14266368
read event=3484 count=4096 submitted=14270464
read event=3485 count=4096 submitted=14274560
read event=3486 count=4096 submitted=14278656
read event=3487 count=4096 submitted=14282752
read event=3488 count=4096 submitted=14286848
read event=3489 count=4096 submitted=14290944
read event=3490 count=4096 submitted=14295040
read event=3491 count=4096 submitted=14299136
read event=3492 count=4096 submitted=14303232
read event=3493 count=4096 submitted=14307328
read event=3494 count=4096 submitted=14311424
read event=3495 count=4096 submitted=14315520
read event=3496 count=4096 submitted=14319616
read event=3497 count=4096 submitted=14323712
read event=3498 count=4096 submitted=14327808
read event=3499 count=4096 submitted=14331904
read event=3500 count=4096 submitted=14336000
read event=3501 count=4096 submitted=14340096
read event=3502 count=4096 submitted=14344192
read event=3503 count=4096 submitted=14348288
read event=3504 count=4096 submitted=14352384
read event=3505 count=4096 submitted=14356480
read event=3506 count=4096 submitted=14360576
read event=3507 count=4096 submitted=14364672
read event=3508 count=4096 submitted=14368768
read event=3509 count=4096 submitted=14372864
read event=3510 count=4096 submitted=14376960
read event=3511 count=4096 submitted=14381056
read event=3512 count=4096 submitted=14385152
read event=3513 count=4096 submitted=14389248
read event=3514 count=4096 submitted=14393344
read event=3515 count=4096 submitted=14397440
read event=3516 count=4096 submitted=14401536
read event=3517 count=4096 submitted=14405632
read event=3518 count=4096 submitted=14409728
read event=3519 count=4096 submitted=14413824
read event=3520 count=4096 submitted=14417920
read event=3521 count=4096 submitted=14422016
read event=3522 count=4096 submitted=14426112
read event=3523 count=4096 submitted=14430208
read event=3524 count=4096 submitted=14434304
read event=3525 count=4096 submitted=14438400
read event=3526 count=4096 submitted=14442496
read event=3527 count=4096 submitted=14446592
read event=3528 count=4096 submitted=14450688
read event=3529 count=4096 submitted=14454784
read event=3530 count=4096 submitted=14458880
read event=3531 count=4096 submitted=14462976
read event=3532 count=4096 submitted=14467072
read event=3533 count=4096 submitted=14471168
read event=3534 count=4096 submitted=14475264
read event=3535 count=4096 submitted=14479360
read event=3536 count=4096 submitted=14483456
read event=3537 count=4096 submitted=14487552
read event=3538 count=4096 submitted=14491648
read event=3539 count=4096 submitted=14495744
read event=3540 count=4096 submitted=14499840
read event=3541 count=4096 submitted=14503936
read event=3542 count=4096 submitted=14508032
read event=3543 count=4096 submitted=14512128
read event=3544 count=4096 submitted=14516224
read event=3545 count=4096 submitted=14520320
read event=3546 count=4096 submitted=14524416
read event=3547 count=4096 submitted=14528512
read event=3548 count=4096 submitted=14532608
read event=3549 count=4096 submitted=14536704
read event=3550 count=4096 submitted=14540800
read event=3551 count=4096 submitted=14544896
read event=3552 count=4096 submitted=14548992
read event=3553 count=4096 submitted=14553088
read event=3554 count=4096 submitted=14557184
read event=3555 count=4096 submitted=14561280
read event=3556 count=4096 submitted=14565376
read event=3557 count=4096 submitted=14569472
read event=3558 count=4096 submitted=14573568
read event=3559 count=4096 submitted=14577664
read event=3560 count=4096 submitted=14581760
read event=3561 count=4096 submitted=14585856
read event=3562 count=4096 submitted=14589952
read event=3563 count=4096 submitted=14594048
read event=3564 count=4096 submitted=14598144
read event=3565 count=4096 submitted=14602240
read event=3566 count=4096 submitted=14606336
read event=3567 count=4096 submitted=14610432
read event=3568 count=4096 submitted=14614528
read event=3569 count=4096 submitted=14618624
read event=3570 count=4096 submitted=14622720
read event=3571 count=4096 submitted=14626816
read event=3572 count=4096 submitted=14630912
read event=3573 count=4096 submitted=14635008
read event=3574 count=4096 submitted=14639104
read event=3575 count=4096 submitted=14643200
read event=3576 count=4096 submitted=14647296
read event=3577 count=4096 submitted=14651392
read event=3578 count=4096 submitted=14655488
read event=3579 count=4096 submitted=14659584
read event=3580 count=4096 submitted=14663680
read event=3581 count=4096 submitted=14667776
read event=3582 count=4096 submitted=14671872
read event=3583 count=4096 submitted=14675968
read event=3584 count=4096 submitted=14680064
read event=3585 count=4096 submitted=14684160
read event=3586 count=4096 submitted=14688256
read event=3587 count=4096 submitted=14692352
read event=3588 count=4096 submitted=14696448
read event=3589 count=4096 submitted=14700544
read event=3590 count=4096 submitted=14704640
read event=3591 count=4096 submitted=14708736
read event=3592 count=4096 submitted=14712832
read event=3593 count=4096 submitted=14716928
read event=3594 count=4096 submitted=14721024
read event=3595 count=4096 submitted=14725120
read event=3596 count=4096 submitted=14729216
read event=3597 count=4096 submitted=14733312
read event=3598 count=4096 submitted=14737408
read event=3599 count=4096 submitted=14741504
read event=3600 count=4096 submitted=14745600
read event=3601 count=4096 submitted=14749696
read event=3602 count=4096 submitted=14753792
read event=3603 count=4096 submitted=14757888
read event=3604 count=4096 submitted=14761984
read event=3605 count=4096 submitted=14766080
read event=3606 count=4096 submitted=14770176
read event=3607 count=4096 submitted=14774272
read event=3608 count=4096 submitted=14778368
read event=3609 count=4096 submitted=14782464
read event=3610 count=4096 submitted=14786560
read event=3611 count=4096 submitted=14790656
read event=3612 count=4096 submitted=14794752
read event=3613 count=4096 submitted=14798848
read event=3614 count=4096 submitted=14802944
read event=3615 count=4096 submitted=14807040
read event=3616 count=4096 submitted=14811136
read event=3617 count=4096 submitted=14815232
read event=3618 count=4096 submitted=14819328
read event=3619 count=4096 submitted=14823424
read event=3620 count=4096 submitted=14827520
read event=3621 count=4096 submitted=14831616
read event=3622 count=4096 submitted=14835712
read event=3623 count=4096 submitted=14839808
read event=3624 count=4096 submitted=14843904
read event=3625 count=4096 submitted=14848000
read event=3626 count=4096 submitted=14852096
read event=3627 count=4096 submitted=14856192
read event=3628 count=4096 submitted=14860288
read event=3629 count=4096 submitted=14864384
read event=3630 count=4096 submitted=14868480
read event=3631 count=4096 submitted=14872576
read event=3632 count=4096 submitted=14876672
read event=3633 count=4096 submitted=14880768
read event=3634 count=4096 submitted=14884864
read event=3635 count=4096 submitted=14888960
read event=3636 count=4096 submitted=14893056
read event=3637 count=4096 submitted=14897152
read event=3638 count=4096 submitted=14901248
read event=3639 count=4096 submitted=14905344
read event=3640 count=4096 submitted=14909440
read event=3641 count=4096 submitted=14913536
read event=3642 count=4096 submitted=14917632
read event=3643 count=4096 submitted=14921728
read event=3644 count=4096 submitted=14925824
read event=3645 count=4096 submitted=14929920
read event=3646 count=4096 submitted=14934016
read event=3647 count=4096 submitted=14938112
read event=3648 count=4096 submitted=14942208
read event=3649 count=4096 submitted=14946304
read event=3650 count=4096 submitted=14950400
read event=3651 count=4096 submitted=14954496
read event=3652 count=4096 submitted=14958592
read event=3653 count=4096 submitted=14962688
read event=3654 count=4096 submitted=14966784
read event=3655 count=4096 submitted=14970880
read event=3656 count=4096 submitted=14974976
read event=3657 count=4096 submitted=14979072
read event=3658 count=4096 submitted=14983168
read event=3659 count=4096 submitted=14987264
read event=3660 count=4096 submitted=14991360
read event=3661 count=4096 submitted=14995456
read event=3662 count=4096 submitted=14999552
read event=3663 count=4096 submitted=15003648
read event=3664 count=4096 submitted=15007744
read event=3665 count=4096 submitted=15011840
read event=3666 count=4096 submitted=15015936
read event=3667 count=4096 submitted=15020032
read event=3668 count=4096 submitted=15024128
read event=3669 count=4096 submitted=15028224
read event=3670 count=4096 submitted=15032320
read event=3671 count=4096 submitted=15036416
read event=3672 count=4096 submitted=15040512
read event=3673 count=4096 submitted=15044608
read event=3674 count=4096 submitted=15048704
read event=3675 count=4096 submitted=15052800
read event=3676 count=4096 submitted=15056896
read event=3677 count=4096 submitted=15060992
read event=3678 count=4096 submitted=15065088
read event=3679 count=4096 submitted=15069184
read event=3680 count=4096 submitted=15073280
read event=3681 count=4096 submitted=15077376
media_player_helper: video=15150646 bytes, pts=0, audio=0 frames/0 samples
read event=3682 count=4096 submitted=15081472
read event=3683 count=4096 submitted=15085568
read event=3684 count=4096 submitted=15089664
read event=3685 count=4096 submitted=15093760
read event=3686 count=4096 submitted=15097856
read event=3687 count=4096 submitted=15101952
read event=3688 count=4096 submitted=15106048
read event=3689 count=4096 submitted=15110144
read event=3690 count=4096 submitted=15114240
read event=3691 count=4096 submitted=15118336
read event=3692 count=4096 submitted=15122432
read event=3693 count=4096 submitted=15126528
read event=3694 count=4096 submitted=15130624
read event=3695 count=4096 submitted=15134720
read event=3696 count=4096 submitted=15138816
read event=3697 count=4096 submitted=15142912
read event=3698 count=4096 submitted=15147008
read event=3699 count=3638 submitted=15150646
helper stdout eof
finish reason=eof fd=14 download=1 submitted=15150646 reads=3699 would_block=190
download released
child wait=1149 status=0x0 wait_errno=0 exited=1 exit_code=0 signaled=0 signal=0
transfer complete submitted=15150646 reads=3699
