NATIVE_MODEL decoder_hz=60000000 video_hz=54000000 latency=1 busy_period=0 busy_cycles=0
SOAK_PROGRESS cycles=0 byte=0/10334168 p_pictures=0 b_pictures=0 published=0 swaps=0 motion_repeats=0
ROWCOUNT produced=0 retired=0 mix_pers=0 mix_pers_sel=0 pic_pers=0 mixed_edge=0
WATCHDOG timeout=0 started=0 persisted=0 active=0 arms=0
PICSTART n=1 cycle=171 hdr=0 state=0 geom=1 cand=0 proof=0 rearm_pend=0 hold=0 waiting=0
PICEVAL cycle=172 hdr=0 type=1 geom=1 is_p=0 wide_mode=0 gen_mode=0
PICSTART n=2 cycle=1692813 hdr=0 state=0 geom=1 cand=0 proof=0 rearm_pend=0 hold=0 waiting=0
PICEVAL cycle=1692822 hdr=0 type=2 geom=1 is_p=0 wide_mode=0 gen_mode=0
PIC_FIRST_SIDEBAND pic=1 idx=3e val=0000 motion=1 desc_active=0 persisted=0 active=0
PIC_FIRST_SIDEBAND pic=1 idx=3e val=0000 motion=1 desc_active=0 persisted=0 active=0
PIC_FIRST_SIDEBAND pic=1 idx=3e val=0000 motion=1 desc_active=0 persisted=0 active=0
PIC_FIRST_SIDEBAND pic=1 idx=3e val=0000 motion=1 desc_active=0 persisted=0 active=0
ARM n=1 cycle=1692981 hdr=1 persisted=0 started=1
ARM n=2 cycle=1716126 hdr=1 persisted=0 started=1
ARM n=3 cycle=1739123 hdr=1 persisted=0 started=1
ARM n=4 cycle=1762120 hdr=1 persisted=0 started=1
ARM n=5 cycle=1785117 hdr=1 persisted=0 started=1
ARM n=6 cycle=1808114 hdr=1 persisted=0 started=1
ARM n=7 cycle=1831111 hdr=1 persisted=0 started=1
ARM n=8 cycle=1854108 hdr=1 persisted=0 started=1
ARM n=9 cycle=1877105 hdr=1 persisted=0 started=1
ARM n=10 cycle=1900102 hdr=1 persisted=0 started=1
ARM n=11 cycle=1923099 hdr=1 persisted=0 started=1
ARM n=12 cycle=1946096 hdr=1 persisted=0 started=1
ARM n=13 cycle=1969093 hdr=1 persisted=0 started=1
ARM n=14 cycle=1992090 hdr=1 persisted=0 started=1
ARM n=15 cycle=2015087 hdr=1 persisted=0 started=1
ARM n=16 cycle=2038084 hdr=1 persisted=0 started=1
ARM n=17 cycle=2061081 hdr=1 persisted=0 started=1
ARM n=18 cycle=2084078 hdr=1 persisted=0 started=1
ARM n=19 cycle=2107075 hdr=1 persisted=0 started=1
ARM n=20 cycle=2130072 hdr=1 persisted=0 started=1
ARM n=21 cycle=2153069 hdr=1 persisted=0 started=1
ARM n=22 cycle=2176066 hdr=1 persisted=0 started=1
ARM n=23 cycle=2199063 hdr=1 persisted=0 started=1
ARM n=24 cycle=2222060 hdr=1 persisted=0 started=1
ARM n=25 cycle=2245057 hdr=1 persisted=0 started=1
ARM n=26 cycle=2268054 hdr=1 persisted=0 started=1
ARM n=27 cycle=2291051 hdr=1 persisted=0 started=1
ARM n=28 cycle=2314048 hdr=1 persisted=0 started=1
ARM n=29 cycle=2337045 hdr=1 persisted=0 started=1
PICSTART n=3 cycle=2337056 hdr=1 state=0 geom=1 cand=1 proof=0 rearm_pend=0 hold=1 waiting=0
ORDER FINALQ_RISE cycle=2337172 hdr=1 outstanding=2
ARM n=30 cycle=2360042 hdr=1 persisted=0 started=1
ORDER MIXEDGE cycle=2383037 hdr=1 finalq=1 produced=0 retired=1
ORDER PICPERS cycle=2383037 hdr=1 finalq=1 produced=0 bsel=0
ORDER COMPLETE cycle=2383038 hdr=1 outstanding=0
PICEVAL cycle=2383039 hdr=1 type=3 geom=1 is_p=1 wide_mode=1 gen_mode=1
PICSTART n=4 cycle=2993144 hdr=1 state=21 geom=1 cand=0 proof=1 rearm_pend=0 hold=0 waiting=0
ORDER PICPERS cycle=3038691 hdr=1 finalq=0 produced=0 bsel=1
PICEVAL cycle=3038693 hdr=1 type=3 geom=1 is_p=0 wide_mode=1 gen_mode=1
PICSTART n=5 cycle=3679508 hdr=1 state=21 geom=1 cand=0 proof=1 rearm_pend=0 hold=0 waiting=0
ORDER PICPERS cycle=3725255 hdr=1 finalq=0 produced=0 bsel=1
PICEVAL cycle=3725257 hdr=1 type=2 geom=1 is_p=0 wide_mode=1 gen_mode=1
PIC_FIRST_SIDEBAND pic=2 idx=3e val=0000 motion=1 desc_active=0 persisted=1 active=0
PERSIST_FALL cycle=3725307 hdr=2 timeout=0 started=0
PIC_FIRST_SIDEBAND pic=2 idx=3e val=0000 motion=1 desc_active=0 persisted=0 active=0
PIC_FIRST_SIDEBAND pic=2 idx=3e val=0000 motion=1 desc_active=0 persisted=0 active=0
PIC_FIRST_SIDEBAND pic=2 idx=3e val=0000 motion=1 desc_active=0 persisted=0 active=0
ARM n=31 cycle=3725409 hdr=2 persisted=0 started=1
ARM n=32 cycle=3749277 hdr=2 persisted=0 started=1
ARM n=33 cycle=3773179 hdr=2 persisted=0 started=1
ARM n=34 cycle=3797232 hdr=2 persisted=0 started=1
ARM n=35 cycle=3821134 hdr=2 persisted=0 started=1
ARM n=36 cycle=3845036 hdr=2 persisted=0 started=1
ARM n=37 cycle=3868938 hdr=2 persisted=0 started=1
ARM n=38 cycle=3892992 hdr=2 persisted=0 started=1
ARM n=39 cycle=3916742 hdr=2 persisted=0 started=1
ARM n=40 cycle=3939739 hdr=2 persisted=0 started=1
ARM n=41 cycle=3962736 hdr=2 persisted=0 started=1
ARM n=42 cycle=3985733 hdr=2 persisted=0 started=1
ARM n=43 cycle=4009010 hdr=2 persisted=0 started=1
ARM n=44 cycle=4032912 hdr=2 persisted=0 started=1
ARM n=45 cycle=4056965 hdr=2 persisted=0 started=1
ARM n=46 cycle=4080867 hdr=2 persisted=0 started=1
ARM n=47 cycle=4104769 hdr=2 persisted=0 started=1
ARM n=48 cycle=4128671 hdr=2 persisted=0 started=1
ARM n=49 cycle=4152723 hdr=2 persisted=0 started=1
ARM n=50 cycle=4176625 hdr=2 persisted=0 started=1
ARM n=51 cycle=4200527 hdr=2 persisted=0 started=1
ARM n=52 cycle=4224581 hdr=2 persisted=0 started=1
ARM n=53 cycle=4248483 hdr=2 persisted=0 started=1
ARM n=54 cycle=4272385 hdr=2 persisted=0 started=1
ARM n=55 cycle=4296287 hdr=2 persisted=0 started=1
ARM n=56 cycle=4320340 hdr=2 persisted=0 started=1
ARM n=57 cycle=4344242 hdr=2 persisted=0 started=1
ARM n=58 cycle=4368144 hdr=2 persisted=0 started=1
ARM n=59 cycle=4392197 hdr=2 persisted=0 started=1
PICSTART n=6 cycle=4392208 hdr=2 state=0 geom=1 cand=1 proof=0 rearm_pend=0 hold=1 waiting=0
ORDER FINALQ_RISE cycle=4392324 hdr=2 outstanding=2
ARM n=60 cycle=4416099 hdr=2 persisted=0 started=1
ORDER MIXEDGE cycle=4439999 hdr=2 finalq=1 produced=0 retired=1
ORDER PICPERS cycle=4439999 hdr=2 finalq=1 produced=0 bsel=0
ORDER COMPLETE cycle=4440000 hdr=2 outstanding=0
PICEVAL cycle=7915961 hdr=2 type=3 geom=1 is_p=1 wide_mode=1 gen_mode=1
PICSTART n=7 cycle=8552544 hdr=2 state=21 geom=1 cand=0 proof=1 rearm_pend=0 hold=0 waiting=0
ORDER PICPERS cycle=8598291 hdr=2 finalq=0 produced=0 bsel=1
PICEVAL cycle=9917962 hdr=2 type=3 geom=1 is_p=0 wide_mode=1 gen_mode=1
SOAK_PROGRESS cycles=10000000 byte=9508/10334168 p_pictures=2 b_pictures=3 published=3 swaps=3 motion_repeats=0
ROWCOUNT produced=60 retired=153 mix_pers=60 mix_pers_sel=60 pic_pers=5 mixed_edge=2
WATCHDOG timeout=0 started=1 persisted=1 active=0 arms=60
PICSTART n=8 cycle=10554544 hdr=2 state=21 geom=1 cand=0 proof=1 rearm_pend=0 hold=0 waiting=0
ORDER PICPERS cycle=10600291 hdr=2 finalq=0 produced=0 bsel=1
PICEVAL cycle=10600293 hdr=2 type=2 geom=1 is_p=0 wide_mode=1 gen_mode=1
PIC_FIRST_SIDEBAND pic=3 idx=3e val=0000 motion=1 desc_active=0 persisted=1 active=0
PERSIST_FALL cycle=10600343 hdr=3 timeout=0 started=0
PIC_FIRST_SIDEBAND pic=3 idx=3e val=0000 motion=1 desc_active=0 persisted=0 active=0
PIC_FIRST_SIDEBAND pic=3 idx=3e val=0000 motion=1 desc_active=0 persisted=0 active=0
PIC_FIRST_SIDEBAND pic=3 idx=3e val=0000 motion=1 desc_active=0 persisted=0 active=0
ARM n=61 cycle=10600445 hdr=3 persisted=0 started=1
ARM n=62 cycle=10624376 hdr=3 persisted=0 started=1
ARM n=63 cycle=10648278 hdr=3 persisted=0 started=1
ARM n=64 cycle=10672180 hdr=3 persisted=0 started=1
ARM n=65 cycle=10696233 hdr=3 persisted=0 started=1
ARM n=66 cycle=10720135 hdr=3 persisted=0 started=1
ARM n=67 cycle=10744037 hdr=3 persisted=0 started=1
ARM n=68 cycle=10768091 hdr=3 persisted=0 started=1
ARM n=69 cycle=10791993 hdr=3 persisted=0 started=1
ARM n=70 cycle=10815895 hdr=3 persisted=0 started=1
ARM n=71 cycle=10839797 hdr=3 persisted=0 started=1
ARM n=72 cycle=10863850 hdr=3 persisted=0 started=1
ARM n=73 cycle=10887752 hdr=3 persisted=0 started=1
ARM n=74 cycle=10911654 hdr=3 persisted=0 started=1
ARM n=75 cycle=10935102 hdr=3 persisted=0 started=1
ARM n=76 cycle=10958099 hdr=3 persisted=0 started=1
ARM n=77 cycle=10981096 hdr=3 persisted=0 started=1
ARM n=78 cycle=11004093 hdr=3 persisted=0 started=1
ARM n=79 cycle=11027993 hdr=3 persisted=0 started=1
ARM n=80 cycle=11051895 hdr=3 persisted=0 started=1
ARM n=81 cycle=11075797 hdr=3 persisted=0 started=1
ARM n=82 cycle=11099851 hdr=3 persisted=0 started=1
ARM n=83 cycle=11123753 hdr=3 persisted=0 started=1
ARM n=84 cycle=11147655 hdr=3 persisted=0 started=1
ARM n=85 cycle=11171557 hdr=3 persisted=0 started=1
ARM n=86 cycle=11195610 hdr=3 persisted=0 started=1
ARM n=87 cycle=11219512 hdr=3 persisted=0 started=1
ARM n=88 cycle=11243414 hdr=3 persisted=0 started=1
ARM n=89 cycle=11267467 hdr=3 persisted=0 started=1
PICSTART n=9 cycle=11267478 hdr=3 state=0 geom=1 cand=1 proof=0 rearm_pend=0 hold=1 waiting=0
ORDER FINALQ_RISE cycle=11267594 hdr=3 outstanding=2
ARM n=90 cycle=11291369 hdr=3 persisted=0 started=1
ORDER MIXEDGE cycle=11315269 hdr=3 finalq=1 produced=0 retired=1
ORDER PICPERS cycle=11315269 hdr=3 finalq=1 produced=0 bsel=0
ORDER COMPLETE cycle=11315270 hdr=3 outstanding=0
PICEVAL cycle=14924868 hdr=3 type=3 geom=1 is_p=1 wide_mode=1 gen_mode=1
PICSTART n=10 cycle=15561611 hdr=3 state=21 geom=1 cand=0 proof=1 rearm_pend=0 hold=0 waiting=0
ORDER PICPERS cycle=15607358 hdr=3 finalq=0 produced=0 bsel=1
PICEVAL cycle=17925962 hdr=3 type=3 geom=1 is_p=0 wide_mode=1 gen_mode=1
PICSTART n=11 cycle=18562544 hdr=3 state=21 geom=1 cand=0 proof=1 rearm_pend=0 hold=0 waiting=0
ORDER PICPERS cycle=18608291 hdr=3 finalq=0 produced=0 bsel=1
PICEVAL cycle=18608293 hdr=3 type=2 geom=1 is_p=0 wide_mode=1 gen_mode=1
PIC_FIRST_SIDEBAND pic=4 idx=3e val=0000 motion=1 desc_active=0 persisted=1 active=0
PERSIST_FALL cycle=18608343 hdr=4 timeout=0 started=0
PIC_FIRST_SIDEBAND pic=4 idx=3e val=0000 motion=1 desc_active=0 persisted=0 active=0
PIC_FIRST_SIDEBAND pic=4 idx=3e val=0000 motion=1 desc_active=0 persisted=0 active=0
PIC_FIRST_SIDEBAND pic=4 idx=3e val=0000 motion=1 desc_active=0 persisted=0 active=0
ARM n=91 cycle=18608445 hdr=4 persisted=0 started=1
ARM n=92 cycle=18632376 hdr=4 persisted=0 started=1
ARM n=93 cycle=18656278 hdr=4 persisted=0 started=1
ARM n=94 cycle=18680180 hdr=4 persisted=0 started=1
ARM n=95 cycle=18704233 hdr=4 persisted=0 started=1
ARM n=96 cycle=18728135 hdr=4 persisted=0 started=1
ARM n=97 cycle=18752037 hdr=4 persisted=0 started=1
ARM n=98 cycle=18776091 hdr=4 persisted=0 started=1
ARM n=99 cycle=18799993 hdr=4 persisted=0 started=1
ARM n=100 cycle=18823895 hdr=4 persisted=0 started=1
ARM n=101 cycle=18847797 hdr=4 persisted=0 started=1
ARM n=102 cycle=18871850 hdr=4 persisted=0 started=1
ARM n=103 cycle=18895752 hdr=4 persisted=0 started=1
ARM n=104 cycle=18919654 hdr=4 persisted=0 started=1
ARM n=105 cycle=18943102 hdr=4 persisted=0 started=1
ARM n=106 cycle=18966099 hdr=4 persisted=0 started=1
ARM n=107 cycle=18989096 hdr=4 persisted=0 started=1
ARM n=108 cycle=19012093 hdr=4 persisted=0 started=1
ARM n=109 cycle=19035993 hdr=4 persisted=0 started=1
ARM n=110 cycle=19059895 hdr=4 persisted=0 started=1
ARM n=111 cycle=19083797 hdr=4 persisted=0 started=1
ARM n=112 cycle=19107851 hdr=4 persisted=0 started=1
ARM n=113 cycle=19131753 hdr=4 persisted=0 started=1
ARM n=114 cycle=19155655 hdr=4 persisted=0 started=1
ARM n=115 cycle=19179557 hdr=4 persisted=0 started=1
ARM n=116 cycle=19203610 hdr=4 persisted=0 started=1
ARM n=117 cycle=19227512 hdr=4 persisted=0 started=1
ARM n=118 cycle=19251414 hdr=4 persisted=0 started=1
ARM n=119 cycle=19275467 hdr=4 persisted=0 started=1
PICSTART n=12 cycle=19275478 hdr=4 state=0 geom=1 cand=1 proof=0 rearm_pend=0 hold=1 waiting=0
ORDER FINALQ_RISE cycle=19275594 hdr=4 outstanding=2
ARM n=120 cycle=19299369 hdr=4 persisted=0 started=1
ORDER MIXEDGE cycle=19323269 hdr=4 finalq=1 produced=0 retired=1
ORDER PICPERS cycle=19323269 hdr=4 finalq=1 produced=0 bsel=0
ORDER COMPLETE cycle=19323270 hdr=4 outstanding=0
SOAK_PROGRESS cycles=20000000 byte=11345/10334168 p_pictures=4 b_pictures=6 published=5 swaps=7 motion_repeats=0
ROWCOUNT produced=120 retired=300 mix_pers=120 mix_pers_sel=120 pic_pers=10 mixed_edge=4
WATCHDOG timeout=0 started=1 persisted=1 active=0 arms=120
PICEVAL cycle=22932868 hdr=4 type=3 geom=1 is_p=1 wide_mode=1 gen_mode=1
ORDER PICPERS cycle=23615358 hdr=4 finalq=0 produced=0 bsel=1
PICSTART n=13 cycle=24935028 hdr=4 state=21 geom=1 cand=0 proof=1 rearm_pend=0 hold=0 waiting=0
PICEVAL cycle=24935029 hdr=4 type=1 geom=1 is_p=0 wide_mode=1 gen_mode=1
PICSTART n=14 cycle=26627670 hdr=4 state=21 geom=1 cand=0 proof=1 rearm_pend=0 hold=0 waiting=0
PICEVAL cycle=26627679 hdr=4 type=3 geom=1 is_p=0 wide_mode=1 gen_mode=1
PICSTART n=15 cycle=27264066 hdr=4 state=21 geom=1 cand=0 proof=1 rearm_pend=0 hold=0 waiting=0
ORDER PICPERS cycle=27309813 hdr=4 finalq=0 produced=0 bsel=1
PICEVAL cycle=29937962 hdr=4 type=3 geom=1 is_p=0 wide_mode=1 gen_mode=1
SOAK_PROGRESS cycles=30000000 byte=19684/10334168 p_pictures=4 b_pictures=8 published=6 swaps=11 motion_repeats=0
ROWCOUNT produced=120 retired=362 mix_pers=120 mix_pers_sel=120 pic_pers=12 mixed_edge=4
WATCHDOG timeout=0 started=1 persisted=1 active=0 arms=120
PICSTART n=16 cycle=30574544 hdr=4 state=21 geom=1 cand=0 proof=1 rearm_pend=0 hold=0 waiting=0
ORDER PICPERS cycle=30620291 hdr=4 finalq=0 produced=0 bsel=1
PICEVAL cycle=30620293 hdr=4 type=2 geom=1 is_p=0 wide_mode=1 gen_mode=1
PIC_FIRST_SIDEBAND pic=5 idx=3e val=0000 motion=1 desc_active=0 persisted=1 active=0
PERSIST_FALL cycle=30620343 hdr=5 timeout=0 started=0
PIC_FIRST_SIDEBAND pic=5 idx=3e val=0000 motion=1 desc_active=0 persisted=0 active=0
PIC_FIRST_SIDEBAND pic=5 idx=3e val=0000 motion=1 desc_active=0 persisted=0 active=0
PIC_FIRST_SIDEBAND pic=5 idx=3e val=0000 motion=1 desc_active=0 persisted=0 active=0
ARM n=121 cycle=30620445 hdr=5 persisted=0 started=1
ARM n=122 cycle=30644376 hdr=5 persisted=0 started=1
ARM n=123 cycle=30668278 hdr=5 persisted=0 started=1
ARM n=124 cycle=30692180 hdr=5 persisted=0 started=1
ARM n=125 cycle=30716234 hdr=5 persisted=0 started=1
ARM n=126 cycle=30740136 hdr=5 persisted=0 started=1
ARM n=127 cycle=30764038 hdr=5 persisted=0 started=1
ARM n=128 cycle=30788091 hdr=5 persisted=0 started=1
ARM n=129 cycle=30811993 hdr=5 persisted=0 started=1
ARM n=130 cycle=30835895 hdr=5 persisted=0 started=1
ARM n=131 cycle=30859797 hdr=5 persisted=0 started=1
ARM n=132 cycle=30883850 hdr=5 persisted=0 started=1
ARM n=133 cycle=30907752 hdr=5 persisted=0 started=1
ARM n=134 cycle=30931654 hdr=5 persisted=0 started=1
ARM n=135 cycle=30955102 hdr=5 persisted=0 started=1
ARM n=136 cycle=30978099 hdr=5 persisted=0 started=1
ARM n=137 cycle=31001096 hdr=5 persisted=0 started=1
ARM n=138 cycle=31024093 hdr=5 persisted=0 started=1
ARM n=139 cycle=31047994 hdr=5 persisted=0 started=1
ARM n=140 cycle=31071896 hdr=5 persisted=0 started=1
ARM n=141 cycle=31095798 hdr=5 persisted=0 started=1
ARM n=142 cycle=31119851 hdr=5 persisted=0 started=1
ARM n=143 cycle=31143753 hdr=5 persisted=0 started=1
ARM n=144 cycle=31167655 hdr=5 persisted=0 started=1
ARM n=145 cycle=31191557 hdr=5 persisted=0 started=1
ARM n=146 cycle=31215610 hdr=5 persisted=0 started=1
ARM n=147 cycle=31239512 hdr=5 persisted=0 started=1
ARM n=148 cycle=31263414 hdr=5 persisted=0 started=1
ARM n=149 cycle=31287468 hdr=5 persisted=0 started=1
PICSTART n=17 cycle=31287479 hdr=5 state=0 geom=1 cand=1 proof=0 rearm_pend=0 hold=1 waiting=0
ORDER FINALQ_RISE cycle=31287595 hdr=5 outstanding=2
ARM n=150 cycle=31311370 hdr=5 persisted=0 started=1
ORDER MIXEDGE cycle=31335270 hdr=5 finalq=1 produced=0 retired=1
ORDER PICPERS cycle=31335270 hdr=5 finalq=1 produced=0 bsel=0
ORDER COMPLETE cycle=31335271 hdr=5 outstanding=0
PICEVAL cycle=34944868 hdr=5 type=3 geom=1 is_p=1 wide_mode=1 gen_mode=1
PICSTART n=18 cycle=35581611 hdr=5 state=21 geom=1 cand=0 proof=1 rearm_pend=0 hold=0 waiting=0
ORDER PICPERS cycle=35627358 hdr=5 finalq=0 produced=0 bsel=1
PICEVAL cycle=37945962 hdr=5 type=3 geom=1 is_p=0 wide_mode=1 gen_mode=1
PICSTART n=19 cycle=38582544 hdr=5 state=21 geom=1 cand=0 proof=1 rearm_pend=0 hold=0 waiting=0
ORDER PICPERS cycle=38628291 hdr=5 finalq=0 produced=0 bsel=1
PICEVAL cycle=38628293 hdr=5 type=2 geom=1 is_p=0 wide_mode=1 gen_mode=1
PIC_FIRST_SIDEBAND pic=6 idx=3e val=0000 motion=1 desc_active=0 persisted=1 active=0
PERSIST_FALL cycle=38628343 hdr=6 timeout=0 started=0
PIC_FIRST_SIDEBAND pic=6 idx=3e val=0000 motion=1 desc_active=0 persisted=0 active=0
PIC_FIRST_SIDEBAND pic=6 idx=3e val=0000 motion=1 desc_active=0 persisted=0 active=0
PIC_FIRST_SIDEBAND pic=6 idx=3e val=0000 motion=1 desc_active=0 persisted=0 active=0
ARM n=151 cycle=38628445 hdr=6 persisted=0 started=1
ARM n=152 cycle=38652376 hdr=6 persisted=0 started=1
ARM n=153 cycle=38676278 hdr=6 persisted=0 started=1
ARM n=154 cycle=38700180 hdr=6 persisted=0 started=1
ARM n=155 cycle=38724234 hdr=6 persisted=0 started=1
ARM n=156 cycle=38748136 hdr=6 persisted=0 started=1
ARM n=157 cycle=38772038 hdr=6 persisted=0 started=1
ARM n=158 cycle=38796091 hdr=6 persisted=0 started=1
ARM n=159 cycle=38819993 hdr=6 persisted=0 started=1
ARM n=160 cycle=38843895 hdr=6 persisted=0 started=1
ARM n=161 cycle=38867797 hdr=6 persisted=0 started=1
ARM n=162 cycle=38891850 hdr=6 persisted=0 started=1
ARM n=163 cycle=38915752 hdr=6 persisted=0 started=1
ARM n=164 cycle=38939654 hdr=6 persisted=0 started=1
ARM n=165 cycle=38963102 hdr=6 persisted=0 started=1
ARM n=166 cycle=38986099 hdr=6 persisted=0 started=1
ARM n=167 cycle=39009096 hdr=6 persisted=0 started=1
ARM n=168 cycle=39032093 hdr=6 persisted=0 started=1
ARM n=169 cycle=39055994 hdr=6 persisted=0 started=1
ARM n=170 cycle=39079896 hdr=6 persisted=0 started=1
ARM n=171 cycle=39103798 hdr=6 persisted=0 started=1
ARM n=172 cycle=39127851 hdr=6 persisted=0 started=1
ARM n=173 cycle=39151753 hdr=6 persisted=0 started=1
ARM n=174 cycle=39175655 hdr=6 persisted=0 started=1
ARM n=175 cycle=39199557 hdr=6 persisted=0 started=1
ARM n=176 cycle=39223610 hdr=6 persisted=0 started=1
ARM n=177 cycle=39247512 hdr=6 persisted=0 started=1
ARM n=178 cycle=39271414 hdr=6 persisted=0 started=1
ARM n=179 cycle=39295468 hdr=6 persisted=0 started=1
PICSTART n=20 cycle=39295479 hdr=6 state=0 geom=1 cand=1 proof=0 rearm_pend=0 hold=1 waiting=0
ORDER FINALQ_RISE cycle=39295595 hdr=6 outstanding=2
ARM n=180 cycle=39319370 hdr=6 persisted=0 started=1
ORDER MIXEDGE cycle=39343270 hdr=6 finalq=1 produced=0 retired=1
ORDER PICPERS cycle=39343270 hdr=6 finalq=1 produced=0 bsel=0
ORDER COMPLETE cycle=39343271 hdr=6 outstanding=0
SOAK_PROGRESS cycles=40000000 byte=21533/10334168 p_pictures=6 b_pictures=11 published=8 swaps=15 motion_repeats=0
ROWCOUNT produced=180 retired=510 mix_pers=180 mix_pers_sel=180 pic_pers=17 mixed_edge=6
WATCHDOG timeout=0 started=1 persisted=1 active=0 arms=180
PICEVAL cycle=42952868 hdr=6 type=3 geom=1 is_p=1 wide_mode=1 gen_mode=1
PICSTART n=21 cycle=43589611 hdr=6 state=21 geom=1 cand=0 proof=1 rearm_pend=0 hold=0 waiting=0
ORDER PICPERS cycle=43635358 hdr=6 finalq=0 produced=0 bsel=1
PICEVAL cycle=44954869 hdr=6 type=3 geom=1 is_p=0 wide_mode=1 gen_mode=1
PICSTART n=22 cycle=45591611 hdr=6 state=21 geom=1 cand=0 proof=1 rearm_pend=0 hold=0 waiting=0
ORDER PICPERS cycle=45637358 hdr=6 finalq=0 produced=0 bsel=1
PICEVAL cycle=45637360 hdr=6 type=2 geom=1 is_p=0 wide_mode=1 gen_mode=1
PIC_FIRST_SIDEBAND pic=7 idx=3e val=0000 motion=1 desc_active=0 persisted=1 active=0
PERSIST_FALL cycle=45637410 hdr=7 timeout=0 started=0
PIC_FIRST_SIDEBAND pic=7 idx=3e val=0000 motion=1 desc_active=0 persisted=0 active=0
PIC_FIRST_SIDEBAND pic=7 idx=3e val=0000 motion=1 desc_active=0 persisted=0 active=0
PIC_FIRST_SIDEBAND pic=7 idx=3e val=0000 motion=1 desc_active=0 persisted=0 active=0
ARM n=181 cycle=45637512 hdr=7 persisted=0 started=1
ARM n=182 cycle=45661454 hdr=7 persisted=0 started=1
ARM n=183 cycle=45685356 hdr=7 persisted=0 started=1
ARM n=184 cycle=45709258 hdr=7 persisted=0 started=1
ARM n=185 cycle=45733310 hdr=7 persisted=0 started=1
ARM n=186 cycle=45757212 hdr=7 persisted=0 started=1
ARM n=187 cycle=45781114 hdr=7 persisted=0 started=1
ARM n=188 cycle=45805168 hdr=7 persisted=0 started=1
ARM n=189 cycle=45829070 hdr=7 persisted=0 started=1
ARM n=190 cycle=45852972 hdr=7 persisted=0 started=1
ARM n=191 cycle=45876874 hdr=7 persisted=0 started=1
ARM n=192 cycle=45900927 hdr=7 persisted=0 started=1
ARM n=193 cycle=45924829 hdr=7 persisted=0 started=1
ARM n=194 cycle=45948731 hdr=7 persisted=0 started=1
ARM n=195 cycle=45972029 hdr=7 persisted=0 started=1
ARM n=196 cycle=45995026 hdr=7 persisted=0 started=1
ARM n=197 cycle=46018023 hdr=7 persisted=0 started=1
ARM n=198 cycle=46041020 hdr=7 persisted=0 started=1
ARM n=199 cycle=46064900 hdr=7 persisted=0 started=1
ARM n=200 cycle=46088802 hdr=7 persisted=0 started=1
ARM n=201 cycle=46112704 hdr=7 persisted=0 started=1
ARM n=202 cycle=46136758 hdr=7 persisted=0 started=1
ARM n=203 cycle=46160660 hdr=7 persisted=0 started=1
ARM n=204 cycle=46184562 hdr=7 persisted=0 started=1
ARM n=205 cycle=46208464 hdr=7 persisted=0 started=1
ARM n=206 cycle=46232517 hdr=7 persisted=0 started=1
ARM n=207 cycle=46256419 hdr=7 persisted=0 started=1
ARM n=208 cycle=46280321 hdr=7 persisted=0 started=1
ARM n=209 cycle=46304374 hdr=7 persisted=0 started=1
PICSTART n=23 cycle=46304385 hdr=7 state=0 geom=1 cand=1 proof=0 rearm_pend=0 hold=1 waiting=0
ORDER FINALQ_RISE cycle=46304501 hdr=7 outstanding=2
ARM n=210 cycle=46328276 hdr=7 persisted=0 started=1
ORDER MIXEDGE cycle=46352176 hdr=7 finalq=1 produced=0 retired=1
ORDER PICPERS cycle=46352176 hdr=7 finalq=1 produced=0 bsel=0
ORDER COMPLETE cycle=46352177 hdr=7 outstanding=0
PICEVAL cycle=49957961 hdr=7 type=3 geom=1 is_p=1 wide_mode=1 gen_mode=1
SOAK_PROGRESS cycles=50000000 byte=22744/10334168 p_pictures=7 b_pictures=13 published=9 swaps=19 motion_repeats=0
ROWCOUNT produced=210 retired=601 mix_pers=210 mix_pers_sel=210 pic_pers=20 mixed_edge=7
WATCHDOG timeout=0 started=1 persisted=1 active=0 arms=210
PICSTART n=24 cycle=50594544 hdr=7 state=21 geom=1 cand=0 proof=1 rearm_pend=0 hold=0 waiting=0
ORDER PICPERS cycle=50640291 hdr=7 finalq=0 produced=0 bsel=1
PICEVAL cycle=52962869 hdr=7 type=3 geom=1 is_p=0 wide_mode=1 gen_mode=1
ORDER PICPERS cycle=53645358 hdr=7 finalq=0 produced=0 bsel=1
PICSTART n=25 cycle=53645519 hdr=7 state=21 geom=1 cand=0 proof=1 rearm_pend=0 hold=0 waiting=0
PICEVAL cycle=53645520 hdr=7 type=1 geom=1 is_p=0 wide_mode=1 gen_mode=1
PICSTART n=26 cycle=55338506 hdr=7 state=21 geom=1 cand=0 proof=1 rearm_pend=0 hold=0 waiting=0
PICEVAL cycle=55338515 hdr=7 type=3 geom=1 is_p=0 wide_mode=1 gen_mode=1
PICSTART n=27 cycle=58602545 hdr=7 state=21 geom=1 cand=0 proof=1 rearm_pend=0 hold=0 waiting=0
ORDER PICPERS cycle=58648292 hdr=7 finalq=0 produced=0 bsel=1
PICEVAL cycle=59967962 hdr=7 type=3 geom=1 is_p=0 wide_mode=1 gen_mode=1
SOAK_PROGRESS cycles=60000000 byte=31440/10334168 p_pictures=7 b_pictures=16 published=10 swaps=23 motion_repeats=0
ROWCOUNT produced=210 retired=691 mix_pers=210 mix_pers_sel=210 pic_pers=23 mixed_edge=7
WATCHDOG timeout=0 started=1 persisted=1 active=0 arms=210
PICSTART n=28 cycle=60604545 hdr=7 state=21 geom=1 cand=0 proof=1 rearm_pend=0 hold=0 waiting=0
ORDER PICPERS cycle=60650292 hdr=7 finalq=0 produced=0 bsel=1
PICEVAL cycle=60650294 hdr=7 type=2 geom=1 is_p=0 wide_mode=1 gen_mode=1
PIC_FIRST_SIDEBAND pic=8 idx=3e val=0000 motion=1 desc_active=0 persisted=1 active=0
PERSIST_FALL cycle=60650344 hdr=8 timeout=0 started=0
PIC_FIRST_SIDEBAND pic=8 idx=3e val=0000 motion=1 desc_active=0 persisted=0 active=0
PIC_FIRST_SIDEBAND pic=8 idx=3e val=0000 motion=1 desc_active=0 persisted=0 active=0
PIC_FIRST_SIDEBAND pic=8 idx=3e val=0000 motion=1 desc_active=0 persisted=0 active=0
ARM n=211 cycle=60650446 hdr=8 persisted=0 started=1
ARM n=212 cycle=60674377 hdr=8 persisted=0 started=1
ARM n=213 cycle=60698279 hdr=8 persisted=0 started=1
ARM n=214 cycle=60722181 hdr=8 persisted=0 started=1
ARM n=215 cycle=60746234 hdr=8 persisted=0 started=1
ARM n=216 cycle=60770136 hdr=8 persisted=0 started=1
ARM n=217 cycle=60794038 hdr=8 persisted=0 started=1
ARM n=218 cycle=60818091 hdr=8 persisted=0 started=1
ARM n=219 cycle=60841993 hdr=8 persisted=0 started=1
ARM n=220 cycle=60865895 hdr=8 persisted=0 started=1
ARM n=221 cycle=60889797 hdr=8 persisted=0 started=1
ARM n=222 cycle=60913851 hdr=8 persisted=0 started=1
ARM n=223 cycle=60937753 hdr=8 persisted=0 started=1
ARM n=224 cycle=60961655 hdr=8 persisted=0 started=1
ARM n=225 cycle=60985103 hdr=8 persisted=0 started=1
ARM n=226 cycle=61019685 hdr=8 persisted=0 started=1
ARM n=227 cycle=61042682 hdr=8 persisted=0 started=1
ARM n=228 cycle=61066128 hdr=8 persisted=0 started=1
ARM n=229 cycle=61090030 hdr=8 persisted=0 started=1
ARM n=230 cycle=61113932 hdr=8 persisted=0 started=1
ARM n=231 cycle=61137834 hdr=8 persisted=0 started=1
ARM n=232 cycle=61161887 hdr=8 persisted=0 started=1
ARM n=233 cycle=61185789 hdr=8 persisted=0 started=1
ARM n=234 cycle=61209691 hdr=8 persisted=0 started=1
ARM n=235 cycle=61233745 hdr=8 persisted=0 started=1
ARM n=236 cycle=61257647 hdr=8 persisted=0 started=1
ARM n=237 cycle=61281549 hdr=8 persisted=0 started=1
ARM n=238 cycle=61305451 hdr=8 persisted=0 started=1
ARM n=239 cycle=61329504 hdr=8 persisted=0 started=1
PICSTART n=29 cycle=61329723 hdr=8 state=0 geom=1 cand=1 proof=0 rearm_pend=0 hold=1 waiting=0
ORDER FINALQ_RISE cycle=61346406 hdr=8 outstanding=2
ARM n=240 cycle=61353406 hdr=8 persisted=0 started=1
ORDER MIXEDGE cycle=61377306 hdr=8 finalq=1 produced=0 retired=1
ORDER PICPERS cycle=61377306 hdr=8 finalq=1 produced=0 bsel=0
ORDER COMPLETE cycle=61377307 hdr=8 outstanding=0
PICEVAL cycle=64974868 hdr=8 type=3 geom=1 is_p=1 wide_mode=1 gen_mode=1
PICSTART n=30 cycle=65611611 hdr=8 state=21 geom=1 cand=0 proof=1 rearm_pend=0 hold=0 waiting=0
ORDER PICPERS cycle=65657358 hdr=8 finalq=0 produced=0 bsel=1
PICEVAL cycle=68978869 hdr=8 type=3 geom=1 is_p=0 wide_mode=1 gen_mode=1
PICSTART n=31 cycle=69615611 hdr=8 state=21 geom=1 cand=0 proof=1 rearm_pend=0 hold=0 waiting=0
ORDER PICPERS cycle=69661358 hdr=8 finalq=0 produced=0 bsel=1
PICEVAL cycle=69661360 hdr=8 type=2 geom=1 is_p=0 wide_mode=1 gen_mode=1
PIC_FIRST_SIDEBAND pic=9 idx=3e val=0000 motion=1 desc_active=0 persisted=1 active=0
PERSIST_FALL cycle=69661410 hdr=9 timeout=0 started=0
PIC_FIRST_SIDEBAND pic=9 idx=3e val=0000 motion=1 desc_active=0 persisted=0 active=0
PIC_FIRST_SIDEBAND pic=9 idx=3e val=0000 motion=1 desc_active=0 persisted=0 active=0
PIC_FIRST_SIDEBAND pic=9 idx=3e val=0000 motion=1 desc_active=0 persisted=0 active=0
ARM n=241 cycle=69661512 hdr=9 persisted=0 started=1
ARM n=242 cycle=69685454 hdr=9 persisted=0 started=1
ARM n=243 cycle=69709356 hdr=9 persisted=0 started=1
ARM n=244 cycle=69733258 hdr=9 persisted=0 started=1
ARM n=245 cycle=69757311 hdr=9 persisted=0 started=1
ARM n=246 cycle=69781213 hdr=9 persisted=0 started=1
ARM n=247 cycle=69805115 hdr=9 persisted=0 started=1
ARM n=248 cycle=69829168 hdr=9 persisted=0 started=1
ARM n=249 cycle=69853070 hdr=9 persisted=0 started=1
ARM n=250 cycle=69876972 hdr=9 persisted=0 started=1
ARM n=251 cycle=69900874 hdr=9 persisted=0 started=1
ARM n=252 cycle=69924927 hdr=9 persisted=0 started=1
ARM n=253 cycle=69948829 hdr=9 persisted=0 started=1
ARM n=254 cycle=69972731 hdr=9 persisted=0 started=1
ARM n=255 cycle=69996029 hdr=9 persisted=0 started=1
SOAK_PROGRESS cycles=70000000 byte=37368/10334168 p_pictures=8 b_pictures=19 published=11 swaps=26 motion_repeats=0
ROWCOUNT produced=255 retired=824 mix_pers=254 mix_pers_sel=254 pic_pers=27 mixed_edge=8
WATCHDOG timeout=16773244 started=1 persisted=0 active=1 arms=255
ARM n=256 cycle=70035862 hdr=9 persisted=0 started=1
ARM n=257 cycle=70081682 hdr=9 persisted=0 started=1
ARM n=258 cycle=70133009 hdr=9 persisted=0 started=1
ARM n=259 cycle=70193271 hdr=9 persisted=0 started=1
ARM n=260 cycle=70259302 hdr=9 persisted=0 started=1
ARM n=261 cycle=70325163 hdr=9 persisted=0 started=1
ARM n=262 cycle=70390785 hdr=9 persisted=0 started=1
ARM n=263 cycle=70455897 hdr=9 persisted=0 started=1
ARM n=264 cycle=70521903 hdr=9 persisted=0 started=1
ARM n=265 cycle=70588401 hdr=9 persisted=0 started=1
ARM n=266 cycle=70655824 hdr=9 persisted=0 started=1
ARM n=267 cycle=70724654 hdr=9 persisted=0 started=1
ARM n=268 cycle=70793681 hdr=9 persisted=0 started=1
ARM n=269 cycle=70862150 hdr=9 persisted=0 started=1
PICSTART n=32 cycle=70862629 hdr=9 state=0 geom=1 cand=1 proof=0 rearm_pend=0 hold=1 waiting=0
ORDER FINALQ_RISE cycle=70904657 hdr=9 outstanding=1
ARM n=270 cycle=70904658 hdr=9 persisted=0 started=1
ORDER MIXEDGE cycle=70928599 hdr=9 finalq=1 produced=0 retired=1
ORDER PICPERS cycle=70928599 hdr=9 finalq=1 produced=0 bsel=0
ORDER COMPLETE cycle=70928600 hdr=9 outstanding=0
PICEVAL cycle=74984868 hdr=9 type=2 geom=1 is_p=1 wide_mode=1 gen_mode=1
PIC_FIRST_SIDEBAND pic=10 idx=3e val=0000 motion=1 desc_active=0 persisted=1 active=0
PERSIST_FALL cycle=74984918 hdr=10 timeout=0 started=0
PIC_FIRST_SIDEBAND pic=10 idx=3e val=0000 motion=1 desc_active=0 persisted=0 active=0
PIC_FIRST_SIDEBAND pic=10 idx=3e val=0000 motion=1 desc_active=0 persisted=0 active=0
PIC_FIRST_SIDEBAND pic=10 idx=3e val=0000 motion=1 desc_active=0 persisted=0 active=0
ARM n=271 cycle=74985020 hdr=10 persisted=0 started=1
ARM n=272 cycle=75008175 hdr=10 persisted=0 started=1
ARM n=273 cycle=75031172 hdr=10 persisted=0 started=1
ARM n=274 cycle=75054169 hdr=10 persisted=0 started=1
ARM n=275 cycle=75077508 hdr=10 persisted=0 started=1
ARM n=276 cycle=75101410 hdr=10 persisted=0 started=1
ARM n=277 cycle=75125312 hdr=10 persisted=0 started=1
ARM n=278 cycle=75149364 hdr=10 persisted=0 started=1
ARM n=279 cycle=75173266 hdr=10 persisted=0 started=1
ARM n=280 cycle=75197168 hdr=10 persisted=0 started=1
ARM n=281 cycle=75221221 hdr=10 persisted=0 started=1
ARM n=282 cycle=75245123 hdr=10 persisted=0 started=1
ARM n=283 cycle=75269025 hdr=10 persisted=0 started=1
ARM n=284 cycle=75292927 hdr=10 persisted=0 started=1
ARM n=285 cycle=75320881 hdr=10 persisted=0 started=1
ARM n=286 cycle=75367493 hdr=10 persisted=0 started=1
ARM n=287 cycle=75415668 hdr=10 persisted=0 started=1
ARM n=288 cycle=75456443 hdr=10 persisted=0 started=1
ARM n=289 cycle=75498696 hdr=10 persisted=0 started=1
ARM n=290 cycle=75541909 hdr=10 persisted=0 started=1
ARM n=291 cycle=75584047 hdr=10 persisted=0 started=1
ARM n=292 cycle=75626245 hdr=10 persisted=0 started=1
ARM n=293 cycle=75669086 hdr=10 persisted=0 started=1
ARM n=294 cycle=75711948 hdr=10 persisted=0 started=1
ARM n=295 cycle=75754417 hdr=10 persisted=0 started=1
ARM n=296 cycle=75799733 hdr=10 persisted=0 started=1
ARM n=297 cycle=75843107 hdr=10 persisted=0 started=1
ARM n=298 cycle=75884400 hdr=10 persisted=0 started=1
ARM n=299 cycle=75930547 hdr=10 persisted=0 started=1
PICSTART n=33 cycle=75930902 hdr=10 state=0 geom=1 cand=1 proof=0 rearm_pend=0 hold=1 waiting=0
ORDER FINALQ_RISE cycle=75964005 hdr=10 outstanding=1
ARM n=300 cycle=75964006 hdr=10 persisted=0 started=1
ORDER MIXEDGE cycle=75987889 hdr=10 finalq=1 produced=0 retired=1
ORDER PICPERS cycle=75987889 hdr=10 finalq=1 produced=0 bsel=0
ORDER COMPLETE cycle=75987890 hdr=10 outstanding=0
PICEVAL cycle=75987891 hdr=10 type=2 geom=1 is_p=1 wide_mode=1 gen_mode=1
PIC_FIRST_SIDEBAND pic=11 idx=3e val=0000 motion=1 desc_active=0 persisted=1 active=0
PERSIST_FALL cycle=75987941 hdr=11 timeout=0 started=0
PIC_FIRST_SIDEBAND pic=11 idx=3e val=0000 motion=1 desc_active=0 persisted=0 active=0
PIC_FIRST_SIDEBAND pic=11 idx=3e val=0000 motion=1 desc_active=0 persisted=0 active=0
PIC_FIRST_SIDEBAND pic=11 idx=3e val=0000 motion=1 desc_active=0 persisted=0 active=0
ARM n=301 cycle=75988320 hdr=11 persisted=0 started=1
ARM n=302 cycle=76011317 hdr=11 persisted=0 started=1
ARM n=303 cycle=76034314 hdr=11 persisted=0 started=1
ARM n=304 cycle=76057311 hdr=11 persisted=0 started=1
ARM n=305 cycle=76080584 hdr=11 persisted=0 started=1
ARM n=306 cycle=76104486 hdr=11 persisted=0 started=1
ARM n=307 cycle=76128540 hdr=11 persisted=0 started=1
ARM n=308 cycle=76152442 hdr=11 persisted=0 started=1
ARM n=309 cycle=76176344 hdr=11 persisted=0 started=1
ARM n=310 cycle=76200246 hdr=11 persisted=0 started=1
ARM n=311 cycle=76224299 hdr=11 persisted=0 started=1
ARM n=312 cycle=76248201 hdr=11 persisted=0 started=1
ARM n=313 cycle=76272103 hdr=11 persisted=0 started=1
ARM n=314 cycle=76296005 hdr=11 persisted=0 started=1
ARM n=315 cycle=76328858 hdr=11 persisted=0 started=1
ARM n=316 cycle=76382542 hdr=11 persisted=0 started=1
ARM n=317 cycle=76440504 hdr=11 persisted=0 started=1
ARM n=318 cycle=76498367 hdr=11 persisted=0 started=1
ARM n=319 cycle=76561689 hdr=11 persisted=0 started=1
ARM n=320 cycle=76627456 hdr=11 persisted=0 started=1
ARM n=321 cycle=76693582 hdr=11 persisted=0 started=1
ARM n=322 cycle=76758652 hdr=11 persisted=0 started=1
ARM n=323 cycle=76822962 hdr=11 persisted=0 started=1
ARM n=324 cycle=76888724 hdr=11 persisted=0 started=1
ARM n=325 cycle=76956632 hdr=11 persisted=0 started=1
ARM n=326 cycle=77025452 hdr=11 persisted=0 started=1
NATIVE_WAIT cycle=77035528 coded=32 type=2 byte=63228 ready=1 phold=1 dhold=0 writer=1/1/1 reader_region=1 active_bank=1 p_parse=0 p_replay=0 p_row=0 b_parse=0 b_replay=0 b_row=0 pred=1/0
NATIVE_WAIT cycle=77995539 coded=32 type=2 byte=63228 ready=1 phold=1 dhold=0 writer=1/1/1 reader_region=1 active_bank=1 p_parse=0 p_replay=0 p_row=0 b_parse=0 b_replay=0 b_row=0 pred=1/0
NATIVE_WAIT cycle=78998446 coded=32 type=2 byte=63228 ready=1 phold=1 dhold=0 writer=1/1/1 reader_region=1 active_bank=1 p_parse=0 p_replay=0 p_row=0 b_parse=0 b_replay=0 b_row=0 pred=1/0
SOAK_PROGRESS cycles=80000000 byte=63972/10334168 p_pictures=10 b_pictures=19 published=13 swaps=30 motion_repeats=0
ROWCOUNT produced=326 retired=895 mix_pers=325 mix_pers_sel=325 pic_pers=29 mixed_edge=10
WATCHDOG timeout=13802667 started=1 persisted=0 active=1 arms=326
ARM n=327 cycle=80056613 hdr=11 persisted=0 started=1
ARM n=328 cycle=80123923 hdr=11 persisted=0 started=1
ARM n=329 cycle=80199461 hdr=11 persisted=0 started=1
PICSTART n=34 cycle=80204474 hdr=11 state=16 geom=1 cand=1 proof=0 rearm_pend=0 hold=1 waiting=0
ORDER FINALQ_RISE cycle=80249448 hdr=11 outstanding=1
ARM n=330 cycle=80249449 hdr=11 persisted=0 started=1
ORDER MIXEDGE cycle=80273310 hdr=11 finalq=1 produced=0 retired=1
ORDER PICPERS cycle=80273310 hdr=11 finalq=1 produced=0 bsel=0
ORDER COMPLETE cycle=80273311 hdr=11 outstanding=0
PICEVAL cycle=80273312 hdr=11 type=2 geom=1 is_p=1 wide_mode=1 gen_mode=1
PIC_FIRST_SIDEBAND pic=12 idx=3e val=0000 motion=1 desc_active=0 persisted=1 active=0
PERSIST_FALL cycle=82992922 hdr=12 timeout=0 started=0
PIC_FIRST_SIDEBAND pic=12 idx=3e val=0000 motion=1 desc_active=0 persisted=0 active=0
PIC_FIRST_SIDEBAND pic=12 idx=3e val=0000 motion=1 desc_active=0 persisted=0 active=0
PIC_FIRST_SIDEBAND pic=12 idx=3e val=0000 motion=1 desc_active=0 persisted=0 active=0
ARM n=331 cycle=82993618 hdr=12 persisted=0 started=1
ARM n=332 cycle=83016615 hdr=12 persisted=0 started=1
ARM n=333 cycle=83039612 hdr=12 persisted=0 started=1
ARM n=334 cycle=83062609 hdr=12 persisted=0 started=1
ARM n=335 cycle=83085933 hdr=12 persisted=0 started=1
ARM n=336 cycle=83109835 hdr=12 persisted=0 started=1
ARM n=337 cycle=83133888 hdr=12 persisted=0 started=1
ARM n=338 cycle=83157790 hdr=12 persisted=0 started=1
ARM n=339 cycle=83181692 hdr=12 persisted=0 started=1
ARM n=340 cycle=83205594 hdr=12 persisted=0 started=1
ARM n=341 cycle=83229648 hdr=12 persisted=0 started=1
ARM n=342 cycle=83253550 hdr=12 persisted=0 started=1
ARM n=343 cycle=83277452 hdr=12 persisted=0 started=1
ARM n=344 cycle=83301505 hdr=12 persisted=0 started=1
ARM n=345 cycle=83341392 hdr=12 persisted=0 started=1
ARM n=346 cycle=83400783 hdr=12 persisted=0 started=1
ARM n=347 cycle=83460314 hdr=12 persisted=0 started=1
ARM n=348 cycle=83518282 hdr=12 persisted=0 started=1
ARM n=349 cycle=83584019 hdr=12 persisted=0 started=1
ARM n=350 cycle=83655052 hdr=12 persisted=0 started=1
ARM n=351 cycle=83724824 hdr=12 persisted=0 started=1
ARM n=352 cycle=83789840 hdr=12 persisted=0 started=1
ARM n=353 cycle=83857696 hdr=12 persisted=0 started=1
ARM n=354 cycle=83928210 hdr=12 persisted=0 started=1
ARM n=355 cycle=83998481 hdr=12 persisted=0 started=1
ARM n=356 cycle=84071362 hdr=12 persisted=0 started=1
ARM n=357 cycle=84143402 hdr=12 persisted=0 started=1
ARM n=358 cycle=84216768 hdr=12 persisted=0 started=1
ARM n=359 cycle=84294395 hdr=12 persisted=0 started=1
PICSTART n=35 cycle=84299455 hdr=12 state=15 geom=1 cand=1 proof=0 rearm_pend=0 hold=1 waiting=0
ORDER FINALQ_RISE cycle=84338254 hdr=12 outstanding=1
ARM n=360 cycle=84338255 hdr=12 persisted=0 started=1
ORDER MIXEDGE cycle=84362291 hdr=12 finalq=1 produced=0 retired=1
ORDER PICPERS cycle=84362291 hdr=12 finalq=1 produced=0 bsel=0
ORDER COMPLETE cycle=84362292 hdr=12 outstanding=0
PICEVAL cycle=84362293 hdr=12 type=2 geom=1 is_p=1 wide_mode=1 gen_mode=1
PIC_FIRST_SIDEBAND pic=13 idx=3e val=0000 motion=1 desc_active=0 persisted=1 active=0
PERSIST_FALL cycle=84995009 hdr=13 timeout=0 started=0
PIC_FIRST_SIDEBAND pic=13 idx=3e val=0000 motion=1 desc_active=0 persisted=0 active=0
PIC_FIRST_SIDEBAND pic=13 idx=3e val=0000 motion=1 desc_active=0 persisted=0 active=0
PIC_FIRST_SIDEBAND pic=13 idx=3e val=0000 motion=1 desc_active=0 persisted=0 active=0
ARM n=361 cycle=85005005 hdr=13 persisted=0 started=1
ARM n=362 cycle=85028002 hdr=13 persisted=0 started=1
ARM n=363 cycle=85050999 hdr=13 persisted=0 started=1
ARM n=364 cycle=85073996 hdr=13 persisted=0 started=1
ARM n=365 cycle=85097755 hdr=13 persisted=0 started=1
ARM n=366 cycle=85121657 hdr=13 persisted=0 started=1
ARM n=367 cycle=85145559 hdr=13 persisted=0 started=1
ARM n=368 cycle=85169461 hdr=13 persisted=0 started=1
ARM n=369 cycle=85193514 hdr=13 persisted=0 started=1
ARM n=370 cycle=85217416 hdr=13 persisted=0 started=1
ARM n=371 cycle=85241318 hdr=13 persisted=0 started=1
ARM n=372 cycle=85265372 hdr=13 persisted=0 started=1
ARM n=373 cycle=85289274 hdr=13 persisted=0 started=1
ARM n=374 cycle=85317743 hdr=13 persisted=0 started=1
ARM n=375 cycle=85375240 hdr=13 persisted=0 started=1
ARM n=376 cycle=85456854 hdr=13 persisted=0 started=1
ARM n=377 cycle=85533340 hdr=13 persisted=0 started=1
ARM n=378 cycle=85610194 hdr=13 persisted=0 started=1
ARM n=379 cycle=85692115 hdr=13 persisted=0 started=1
ARM n=380 cycle=85776259 hdr=13 persisted=0 started=1
ARM n=381 cycle=85858908 hdr=13 persisted=0 started=1
ARM n=382 cycle=85939755 hdr=13 persisted=0 started=1
ARM n=383 cycle=86023252 hdr=13 persisted=0 started=1
ARM n=384 cycle=86105211 hdr=13 persisted=0 started=1
ARM n=385 cycle=86188561 hdr=13 persisted=0 started=1
ARM n=386 cycle=86272997 hdr=13 persisted=0 started=1
ARM n=387 cycle=86359945 hdr=13 persisted=0 started=1
ARM n=388 cycle=86446433 hdr=13 persisted=0 started=1
ARM n=389 cycle=86534363 hdr=13 persisted=0 started=1
PICSTART n=36 cycle=86539640 hdr=13 state=15 geom=1 cand=1 proof=0 rearm_pend=0 hold=1 waiting=0
ORDER FINALQ_RISE cycle=86591600 hdr=13 outstanding=1
ARM n=390 cycle=86591601 hdr=13 persisted=0 started=1
ORDER MIXEDGE cycle=86615631 hdr=13 finalq=1 produced=0 retired=1
ORDER PICPERS cycle=86615631 hdr=13 finalq=1 produced=0 bsel=0
ORDER COMPLETE cycle=86615632 hdr=13 outstanding=0
PICEVAL cycle=86615633 hdr=13 type=3 geom=1 is_p=1 wide_mode=1 gen_mode=1
ORDER PICPERS cycle=87851515 hdr=13 finalq=0 produced=0 bsel=1
PICSTART n=37 cycle=87851676 hdr=13 state=21 geom=1 cand=0 proof=1 rearm_pend=0 hold=0 waiting=0
PICEVAL cycle=87851677 hdr=13 type=1 geom=1 is_p=0 wide_mode=1 gen_mode=1
PICSTART n=38 cycle=89762487 hdr=13 state=21 geom=1 cand=0 proof=1 rearm_pend=0 hold=0 waiting=0
PICEVAL cycle=89762496 hdr=13 type=2 geom=1 is_p=0 wide_mode=1 gen_mode=1
PIC_FIRST_SIDEBAND pic=14 idx=3e val=0000 motion=1 desc_active=0 persisted=1 active=0
PERSIST_FALL cycle=89762827 hdr=14 timeout=0 started=0
PIC_FIRST_SIDEBAND pic=14 idx=3e val=0000 motion=1 desc_active=0 persisted=0 active=0
PIC_FIRST_SIDEBAND pic=14 idx=3e val=0000 motion=1 desc_active=0 persisted=0 active=0
PIC_FIRST_SIDEBAND pic=14 idx=3e val=0000 motion=1 desc_active=0 persisted=0 active=0
ARM n=391 cycle=89780775 hdr=14 persisted=0 started=1
ARM n=392 cycle=89814719 hdr=14 persisted=0 started=1
ARM n=393 cycle=89845050 hdr=14 persisted=0 started=1
ARM n=394 cycle=89876692 hdr=14 persisted=0 started=1
ARM n=395 cycle=89911204 hdr=14 persisted=0 started=1
ARM n=396 cycle=89940604 hdr=14 persisted=0 started=1
ARM n=397 cycle=89972418 hdr=14 persisted=0 started=1
SOAK_PROGRESS cycles=90000000 byte=156520/10334168 p_pictures=13 b_pictures=20 published=17 swaps=34 motion_repeats=0
ROWCOUNT produced=397 retired=997 mix_pers=397 mix_pers_sel=397 pic_pers=33 mixed_edge=13
WATCHDOG timeout=0 started=0 persisted=0 active=0 arms=397
ARM n=398 cycle=90004353 hdr=14 persisted=0 started=1
ARM n=399 cycle=90033688 hdr=14 persisted=0 started=1
ARM n=400 cycle=90065166 hdr=14 persisted=0 started=1
ARM n=401 cycle=90099647 hdr=14 persisted=0 started=1
ARM n=402 cycle=90131843 hdr=14 persisted=0 started=1
ARM n=403 cycle=90169471 hdr=14 persisted=0 started=1
ARM n=404 cycle=90212378 hdr=14 persisted=0 started=1
ARM n=405 cycle=90270729 hdr=14 persisted=0 started=1
ARM n=406 cycle=90340591 hdr=14 persisted=0 started=1
ARM n=407 cycle=90398326 hdr=14 persisted=0 started=1
ARM n=408 cycle=90453033 hdr=14 persisted=0 started=1
ARM n=409 cycle=90508841 hdr=14 persisted=0 started=1
ARM n=410 cycle=90560454 hdr=14 persisted=0 started=1
ARM n=411 cycle=90611481 hdr=14 persisted=0 started=1
ARM n=412 cycle=90668217 hdr=14 persisted=0 started=1
ARM n=413 cycle=90725079 hdr=14 persisted=0 started=1
ARM n=414 cycle=90782240 hdr=14 persisted=0 started=1
ARM n=415 cycle=90839165 hdr=14 persisted=0 started=1
ARM n=416 cycle=90887035 hdr=14 persisted=0 started=1
ARM n=417 cycle=90943882 hdr=14 persisted=0 started=1
ARM n=418 cycle=90995070 hdr=14 persisted=0 started=1
ARM n=419 cycle=91046933 hdr=14 persisted=0 started=1
PICSTART n=39 cycle=91047356 hdr=14 state=0 geom=1 cand=1 proof=0 rearm_pend=0 hold=1 waiting=0
ORDER FINALQ_RISE cycle=91075984 hdr=14 outstanding=1
ARM n=420 cycle=91075985 hdr=14 persisted=0 started=1
ORDER MIXEDGE cycle=91099600 hdr=14 finalq=1 produced=0 retired=1
ORDER PICPERS cycle=91099600 hdr=14 finalq=1 produced=0 bsel=0
ORDER COMPLETE cycle=91099601 hdr=14 outstanding=0
PICEVAL cycle=91099602 hdr=14 type=2 geom=1 is_p=1 wide_mode=1 gen_mode=1
PIC_FIRST_SIDEBAND pic=15 idx=3e val=0000 motion=1 desc_active=0 persisted=1 active=0
PERSIST_FALL cycle=93003386 hdr=15 timeout=0 started=0
PIC_FIRST_SIDEBAND pic=15 idx=3e val=0000 motion=1 desc_active=0 persisted=0 active=0
PIC_FIRST_SIDEBAND pic=15 idx=3e val=0000 motion=1 desc_active=0 persisted=0 active=0
PIC_FIRST_SIDEBAND pic=15 idx=3e val=0000 motion=1 desc_active=0 persisted=0 active=0
ARM n=421 cycle=93034285 hdr=15 persisted=0 started=1
ARM n=422 cycle=93082447 hdr=15 persisted=0 started=1
ARM n=423 cycle=93129155 hdr=15 persisted=0 started=1
ARM n=424 cycle=93177158 hdr=15 persisted=0 started=1
ARM n=425 cycle=93225495 hdr=15 persisted=0 started=1
ARM n=426 cycle=93268976 hdr=15 persisted=0 started=1
ARM n=427 cycle=93311723 hdr=15 persisted=0 started=1
ARM n=428 cycle=93352605 hdr=15 persisted=0 started=1
ARM n=429 cycle=93392671 hdr=15 persisted=0 started=1
ARM n=430 cycle=93432469 hdr=15 persisted=0 started=1
ARM n=431 cycle=93473438 hdr=15 persisted=0 started=1
ARM n=432 cycle=93512620 hdr=15 persisted=0 started=1
ARM n=433 cycle=93558716 hdr=15 persisted=0 started=1
ARM n=434 cycle=93609496 hdr=15 persisted=0 started=1
ARM n=435 cycle=93676795 hdr=15 persisted=0 started=1
ARM n=436 cycle=93752808 hdr=15 persisted=0 started=1
ARM n=437 cycle=93820135 hdr=15 persisted=0 started=1
ARM n=438 cycle=93880609 hdr=15 persisted=0 started=1
ARM n=439 cycle=93941928 hdr=15 persisted=0 started=1
ARM n=440 cycle=94001692 hdr=15 persisted=0 started=1
ARM n=441 cycle=94058909 hdr=15 persisted=0 started=1
ARM n=442 cycle=94119826 hdr=15 persisted=0 started=1
ARM n=443 cycle=94178996 hdr=15 persisted=0 started=1
ARM n=444 cycle=94239243 hdr=15 persisted=0 started=1
ARM n=445 cycle=94299630 hdr=15 persisted=0 started=1
ARM n=446 cycle=94354736 hdr=15 persisted=0 started=1
ARM n=447 cycle=94414318 hdr=15 persisted=0 started=1
ARM n=448 cycle=94473194 hdr=15 persisted=0 started=1
ARM n=449 cycle=94531217 hdr=15 persisted=0 started=1
PICSTART n=40 cycle=94531716 hdr=15 state=0 geom=1 cand=1 proof=0 rearm_pend=0 hold=1 waiting=0
ORDER FINALQ_RISE cycle=94566221 hdr=15 outstanding=1
ARM n=450 cycle=94566222 hdr=15 persisted=0 started=1
ORDER MIXEDGE cycle=94590162 hdr=15 finalq=1 produced=0 retired=1
ORDER PICPERS cycle=94590162 hdr=15 finalq=1 produced=0 bsel=0
ORDER COMPLETE cycle=94590163 hdr=15 outstanding=0
PICEVAL cycle=94590164 hdr=15 type=2 geom=1 is_p=1 wide_mode=1 gen_mode=1
PIC_FIRST_SIDEBAND pic=16 idx=3e val=0000 motion=1 desc_active=0 persisted=1 active=0
PERSIST_FALL cycle=96004521 hdr=16 timeout=0 started=0
PIC_FIRST_SIDEBAND pic=16 idx=3e val=0000 motion=1 desc_active=0 persisted=0 active=0
PIC_FIRST_SIDEBAND pic=16 idx=3e val=0000 motion=1 desc_active=0 persisted=0 active=0
PIC_FIRST_SIDEBAND pic=16 idx=3e val=0000 motion=1 desc_active=0 persisted=0 active=0
ARM n=451 cycle=96037640 hdr=16 persisted=0 started=1
ARM n=452 cycle=96090132 hdr=16 persisted=0 started=1
ARM n=453 cycle=96140385 hdr=16 persisted=0 started=1
ARM n=454 cycle=96192657 hdr=16 persisted=0 started=1
ARM n=455 cycle=96244859 hdr=16 persisted=0 started=1
ARM n=456 cycle=96293665 hdr=16 persisted=0 started=1
ARM n=457 cycle=96347509 hdr=16 persisted=0 started=1
ARM n=458 cycle=96397568 hdr=16 persisted=0 started=1
ARM n=459 cycle=96448685 hdr=16 persisted=0 started=1
ARM n=460 cycle=96501455 hdr=16 persisted=0 started=1
ARM n=461 cycle=96553545 hdr=16 persisted=0 started=1
ARM n=462 cycle=96602604 hdr=16 persisted=0 started=1
ARM n=463 cycle=96653498 hdr=16 persisted=0 started=1
ARM n=464 cycle=96714014 hdr=16 persisted=0 started=1
ARM n=465 cycle=96788376 hdr=16 persisted=0 started=1
ARM n=466 cycle=96870265 hdr=16 persisted=0 started=1
ARM n=467 cycle=96946748 hdr=16 persisted=0 started=1
ARM n=468 cycle=97020491 hdr=16 persisted=0 started=1
ARM n=469 cycle=97095044 hdr=16 persisted=0 started=1
ARM n=470 cycle=97172256 hdr=16 persisted=0 started=1
ARM n=471 cycle=97248441 hdr=16 persisted=0 started=1
ARM n=472 cycle=97322206 hdr=16 persisted=0 started=1
ARM n=473 cycle=97397686 hdr=16 persisted=0 started=1
ARM n=474 cycle=97474192 hdr=16 persisted=0 started=1
ARM n=475 cycle=97550619 hdr=16 persisted=0 started=1
ARM n=476 cycle=97626435 hdr=16 persisted=0 started=1
ARM n=477 cycle=97703509 hdr=16 persisted=0 started=1
ARM n=478 cycle=97778565 hdr=16 persisted=0 started=1
ARM n=479 cycle=97854110 hdr=16 persisted=0 started=1
PICSTART n=41 cycle=97859167 hdr=16 state=15 geom=1 cand=1 proof=0 rearm_pend=0 hold=1 waiting=0
ORDER FINALQ_RISE cycle=97895558 hdr=16 outstanding=1
ARM n=480 cycle=97895559 hdr=16 persisted=0 started=1
ORDER MIXEDGE cycle=97919458 hdr=16 finalq=1 produced=0 retired=1
ORDER PICPERS cycle=97919458 hdr=16 finalq=1 produced=0 bsel=0
ORDER COMPLETE cycle=97919459 hdr=16 outstanding=0
PICEVAL cycle=97919460 hdr=16 type=2 geom=1 is_p=1 wide_mode=1 gen_mode=1
PIC_FIRST_SIDEBAND pic=17 idx=3e val=0000 motion=1 desc_active=0 persisted=1 active=0
PERSIST_FALL cycle=98006509 hdr=17 timeout=0 started=0
PIC_FIRST_SIDEBAND pic=17 idx=3e val=0000 motion=1 desc_active=0 persisted=0 active=0
PIC_FIRST_SIDEBAND pic=17 idx=3e val=0000 motion=1 desc_active=0 persisted=0 active=0
PIC_FIRST_SIDEBAND pic=17 idx=3e val=0000 motion=1 desc_active=0 persisted=0 active=0
ARM n=481 cycle=98044467 hdr=17 persisted=0 started=1
ARM n=482 cycle=98096783 hdr=17 persisted=0 started=1
ARM n=483 cycle=98145460 hdr=17 persisted=0 started=1
ARM n=484 cycle=98197395 hdr=17 persisted=0 started=1
ARM n=485 cycle=98248986 hdr=17 persisted=0 started=1
ARM n=486 cycle=98300916 hdr=17 persisted=0 started=1
ARM n=487 cycle=98352242 hdr=17 persisted=0 started=1
ARM n=488 cycle=98403026 hdr=17 persisted=0 started=1
ARM n=489 cycle=98454006 hdr=17 persisted=0 started=1
ARM n=490 cycle=98507545 hdr=17 persisted=0 started=1
ARM n=491 cycle=98558776 hdr=17 persisted=0 started=1
ARM n=492 cycle=98609795 hdr=17 persisted=0 started=1
ARM n=493 cycle=98658764 hdr=17 persisted=0 started=1
ARM n=494 cycle=98725384 hdr=17 persisted=0 started=1
ARM n=495 cycle=98802689 hdr=17 persisted=0 started=1
ARM n=496 cycle=98885362 hdr=17 persisted=0 started=1
ARM n=497 cycle=98968182 hdr=17 persisted=0 started=1
ARM n=498 cycle=99048690 hdr=17 persisted=0 started=1
ARM n=499 cycle=99130913 hdr=17 persisted=0 started=1
ARM n=500 cycle=99211713 hdr=17 persisted=0 started=1
ARM n=501 cycle=99289788 hdr=17 persisted=0 started=1
MIXED_PIXEL_FIRST coded=40 tr=4 c=0 x=715 y=331 rtl=20 oracle=17 delta=3
MIXED_PIXEL_FIRST coded=40 tr=4 c=0 x=716 y=332 rtl=19 oracle=16 delta=3
ARM n=502 cycle=99370912 hdr=17 persisted=0 started=1
ARM n=503 cycle=99451438 hdr=17 persisted=0 started=1
ARM n=504 cycle=99532452 hdr=17 persisted=0 started=1
ARM n=505 cycle=99611629 hdr=17 persisted=0 started=1
ARM n=506 cycle=99691678 hdr=17 persisted=0 started=1
ARM n=507 cycle=99772788 hdr=17 persisted=0 started=1
ARM n=508 cycle=99851498 hdr=17 persisted=0 started=1
ARM n=509 cycle=99929146 hdr=17 persisted=0 started=1
PICSTART n=42 cycle=99934221 hdr=17 state=15 geom=1 cand=1 proof=0 rearm_pend=0 hold=1 waiting=0
ORDER FINALQ_RISE cycle=99972520 hdr=17 outstanding=1
ARM n=510 cycle=99972521 hdr=17 persisted=0 started=1
ORDER MIXEDGE cycle=99996617 hdr=17 finalq=1 produced=0 retired=1
ORDER PICPERS cycle=99996617 hdr=17 finalq=1 produced=0 bsel=0
ORDER COMPLETE cycle=99996618 hdr=17 outstanding=0
PICEVAL cycle=99996619 hdr=17 type=2 geom=1 is_p=1 wide_mode=1 gen_mode=1
SOAK_PROGRESS cycles=100000000 byte=257074/10334168 p_pictures=17 b_pictures=20 published=21 swaps=37 motion_repeats=0
ROWCOUNT produced=510 retired=1110 mix_pers=510 mix_pers_sel=510 pic_pers=37 mixed_edge=17
WATCHDOG timeout=0 started=1 persisted=1 active=0 arms=510
PIC_FIRST_SIDEBAND pic=18 idx=3e val=0000 motion=1 desc_active=0 persisted=1 active=0
PERSIST_FALL cycle=101011507 hdr=18 timeout=0 started=0
PIC_FIRST_SIDEBAND pic=18 idx=3e val=0000 motion=1 desc_active=0 persisted=0 active=0
PIC_FIRST_SIDEBAND pic=18 idx=3e val=0000 motion=1 desc_active=0 persisted=0 active=0
PIC_FIRST_SIDEBAND pic=18 idx=3e val=0000 motion=1 desc_active=0 persisted=0 active=0
ARM n=511 cycle=101050814 hdr=18 persisted=0 started=1
ARM n=512 cycle=101105734 hdr=18 persisted=0 started=1
ARM n=513 cycle=101156801 hdr=18 persisted=0 started=1
ARM n=514 cycle=101213315 hdr=18 persisted=0 started=1
ARM n=515 cycle=101270085 hdr=18 persisted=0 started=1
ARM n=516 cycle=101327277 hdr=18 persisted=0 started=1
ARM n=517 cycle=101379788 hdr=18 persisted=0 started=1
ARM n=518 cycle=101434390 hdr=18 persisted=0 started=1
ARM n=519 cycle=101490034 hdr=18 persisted=0 started=1
ARM n=520 cycle=101547917 hdr=18 persisted=0 started=1
ARM n=521 cycle=101604600 hdr=18 persisted=0 started=1
ARM n=522 cycle=101654612 hdr=18 persisted=0 started=1
ARM n=523 cycle=101711908 hdr=18 persisted=0 started=1
MIXED_PIXEL_FIRST coded=41 tr=5 c=0 x=102 y=207 rtl=19 oracle=16 delta=3
ARM n=524 cycle=101779561 hdr=18 persisted=0 started=1
ARM n=525 cycle=101858072 hdr=18 persisted=0 started=1
ARM n=526 cycle=101942101 hdr=18 persisted=0 started=1
ARM n=527 cycle=102025932 hdr=18 persisted=0 started=1
ARM n=528 cycle=102107495 hdr=18 persisted=0 started=1
ARM n=529 cycle=102187640 hdr=18 persisted=0 started=1
ARM n=530 cycle=102267625 hdr=18 persisted=0 started=1
ARM n=531 cycle=102344542 hdr=18 persisted=0 started=1
MIXED_PIXEL_FIRST coded=41 tr=5 c=0 x=715 y=331 rtl=21 oracle=18 delta=3
MIXED_PIXEL_FIRST coded=41 tr=5 c=0 x=716 y=332 rtl=20 oracle=17 delta=3
ARM n=532 cycle=102424816 hdr=18 persisted=0 started=1
ARM n=533 cycle=102501789 hdr=18 persisted=0 started=1
ARM n=534 cycle=102576708 hdr=18 persisted=0 started=1
ARM n=535 cycle=102652882 hdr=18 persisted=0 started=1
ARM n=536 cycle=102730552 hdr=18 persisted=0 started=1
ARM n=537 cycle=102807724 hdr=18 persisted=0 started=1
ARM n=538 cycle=102882647 hdr=18 persisted=0 started=1
ARM n=539 cycle=102958719 hdr=18 persisted=0 started=1
PICSTART n=43 cycle=102963832 hdr=18 state=15 geom=1 cand=1 proof=0 rearm_pend=0 hold=1 waiting=0
ORDER FINALQ_RISE cycle=103001540 hdr=18 outstanding=1
ARM n=540 cycle=103001541 hdr=18 persisted=0 started=1
ORDER MIXEDGE cycle=103024972 hdr=18 finalq=1 produced=0 retired=1
ORDER PICPERS cycle=103024972 hdr=18 finalq=1 produced=0 bsel=0
ORDER COMPLETE cycle=103024973 hdr=18 outstanding=0
PICEVAL cycle=103024974 hdr=18 type=2 geom=1 is_p=1 wide_mode=1 gen_mode=1
PIC_FIRST_SIDEBAND pic=19 idx=3e val=0000 motion=1 desc_active=0 persisted=1 active=0
PERSIST_FALL cycle=105015551 hdr=19 timeout=0 started=0
PIC_FIRST_SIDEBAND pic=19 idx=3e val=0000 motion=1 desc_active=0 persisted=0 active=0
PIC_FIRST_SIDEBAND pic=19 idx=3e val=0000 motion=1 desc_active=0 persisted=0 active=0
PIC_FIRST_SIDEBAND pic=19 idx=3e val=0000 motion=1 desc_active=0 persisted=0 active=0
ARM n=541 cycle=105057245 hdr=19 persisted=0 started=1
ARM n=542 cycle=105124299 hdr=19 persisted=0 started=1
ARM n=543 cycle=105186488 hdr=19 persisted=0 started=1
ARM n=544 cycle=105252641 hdr=19 persisted=0 started=1
ARM n=545 cycle=105320500 hdr=19 persisted=0 started=1
ARM n=546 cycle=105387184 hdr=19 persisted=0 started=1
ARM n=547 cycle=105449913 hdr=19 persisted=0 started=1
ARM n=548 cycle=105515532 hdr=19 persisted=0 started=1
ARM n=549 cycle=105578921 hdr=19 persisted=0 started=1
ARM n=550 cycle=105644541 hdr=19 persisted=0 started=1
ARM n=551 cycle=105709498 hdr=19 persisted=0 started=1
ARM n=552 cycle=105771540 hdr=19 persisted=0 started=1
ARM n=553 cycle=105839722 hdr=19 persisted=0 started=1
MIXED_PIXEL_FIRST coded=42 tr=6 c=0 x=102 y=207 rtl=19 oracle=16 delta=3
ARM n=554 cycle=105913626 hdr=19 persisted=0 started=1
ARM n=555 cycle=105995512 hdr=19 persisted=0 started=1
ARM n=556 cycle=106078435 hdr=19 persisted=0 started=1
ARM n=557 cycle=106162012 hdr=19 persisted=0 started=1
ARM n=558 cycle=106243384 hdr=19 persisted=0 started=1
ARM n=559 cycle=106320979 hdr=19 persisted=0 started=1
ARM n=560 cycle=106400354 hdr=19 persisted=0 started=1
ARM n=561 cycle=106476856 hdr=19 persisted=0 started=1
MIXED_PIXEL_FIRST coded=42 tr=6 c=0 x=715 y=331 rtl=21 oracle=18 delta=3
MIXED_PIXEL_FIRST coded=42 tr=6 c=0 x=716 y=332 rtl=20 oracle=17 delta=3
ARM n=562 cycle=106554835 hdr=19 persisted=0 started=1
ARM n=563 cycle=106628645 hdr=19 persisted=0 started=1
ARM n=564 cycle=106702484 hdr=19 persisted=0 started=1
ARM n=565 cycle=106776741 hdr=19 persisted=0 started=1
ARM n=566 cycle=106852822 hdr=19 persisted=0 started=1
ARM n=567 cycle=106928301 hdr=19 persisted=0 started=1
ARM n=568 cycle=107002901 hdr=19 persisted=0 started=1
ARM n=569 cycle=107074897 hdr=19 persisted=0 started=1
PICSTART n=44 cycle=107079991 hdr=19 state=15 geom=1 cand=1 proof=0 rearm_pend=0 hold=1 waiting=0
ORDER FINALQ_RISE cycle=107115746 hdr=19 outstanding=1
ARM n=570 cycle=107115747 hdr=19 persisted=0 started=1
ORDER MIXEDGE cycle=107139672 hdr=19 finalq=1 produced=0 retired=1
ORDER PICPERS cycle=107139672 hdr=19 finalq=1 produced=0 bsel=0
ORDER COMPLETE cycle=107139673 hdr=19 outstanding=0
PICEVAL cycle=107139674 hdr=19 type=2 geom=1 is_p=1 wide_mode=1 gen_mode=1
PIC_FIRST_SIDEBAND pic=20 idx=3e val=0000 motion=1 desc_active=0 persisted=1 active=0
PERSIST_FALL cycle=108016663 hdr=20 timeout=0 started=0
PIC_FIRST_SIDEBAND pic=20 idx=3e val=0000 motion=1 desc_active=0 persisted=0 active=0
PIC_FIRST_SIDEBAND pic=20 idx=3e val=0000 motion=1 desc_active=0 persisted=0 active=0
PIC_FIRST_SIDEBAND pic=20 idx=3e val=0000 motion=1 desc_active=0 persisted=0 active=0
ARM n=571 cycle=108058560 hdr=20 persisted=0 started=1
ARM n=572 cycle=108130713 hdr=20 persisted=0 started=1
ARM n=573 cycle=108202228 hdr=20 persisted=0 started=1
ARM n=574 cycle=108276440 hdr=20 persisted=0 started=1
ARM n=575 cycle=108349362 hdr=20 persisted=0 started=1
ARM n=576 cycle=108421236 hdr=20 persisted=0 started=1
ARM n=577 cycle=108493445 hdr=20 persisted=0 started=1
ARM n=578 cycle=108564714 hdr=20 persisted=0 started=1
ARM n=579 cycle=108637810 hdr=20 persisted=0 started=1
ARM n=580 cycle=108710486 hdr=20 persisted=0 started=1
ARM n=581 cycle=108781236 hdr=20 persisted=0 started=1
ARM n=582 cycle=108852164 hdr=20 persisted=0 started=1
MIXED_PIXEL_FIRST coded=43 tr=7 c=0 x=486 y=187 rtl=16 oracle=19 delta=3
ARM n=583 cycle=108927099 hdr=20 persisted=0 started=1
MIXED_PIXEL_FIRST coded=43 tr=7 c=0 x=102 y=207 rtl=19 oracle=16 delta=3
ARM n=584 cycle=109004190 hdr=20 persisted=0 started=1
ARM n=585 cycle=109085550 hdr=20 persisted=0 started=1
ARM n=586 cycle=109168983 hdr=20 persisted=0 started=1
ARM n=587 cycle=109252040 hdr=20 persisted=0 started=1
ARM n=588 cycle=109333605 hdr=20 persisted=0 started=1
ARM n=589 cycle=109412614 hdr=20 persisted=0 started=1
ARM n=590 cycle=109492843 hdr=20 persisted=0 started=1
ARM n=591 cycle=109570488 hdr=20 persisted=0 started=1
MIXED_PIXEL_FIRST coded=43 tr=7 c=0 x=715 y=331 rtl=21 oracle=18 delta=3
MIXED_PIXEL_FIRST coded=43 tr=7 c=0 x=716 y=332 rtl=21 oracle=18 delta=3
ARM n=592 cycle=109650037 hdr=20 persisted=0 started=1
ARM n=593 cycle=109729887 hdr=20 persisted=0 started=1
ARM n=594 cycle=109807318 hdr=20 persisted=0 started=1
ARM n=595 cycle=109885991 hdr=20 persisted=0 started=1
ARM n=596 cycle=109964304 hdr=20 persisted=0 started=1
SOAK_PROGRESS cycles=110000000 byte=361456/10334168 p_pictures=19 b_pictures=20 published=23 swaps=40 motion_repeats=0
ROWCOUNT produced=596 retired=1196 mix_pers=596 mix_pers_sel=596 pic_pers=39 mixed_edge=19
WATCHDOG timeout=0 started=0 persisted=0 active=0 arms=596
ARM n=597 cycle=110041171 hdr=20 persisted=0 started=1
ARM n=598 cycle=110118916 hdr=20 persisted=0 started=1
ARM n=599 cycle=110197363 hdr=20 persisted=0 started=1
PICSTART n=45 cycle=110202487 hdr=20 state=15 geom=1 cand=1 proof=0 rearm_pend=0 hold=1 waiting=0
ORDER FINALQ_RISE cycle=110241603 hdr=20 outstanding=1
ARM n=600 cycle=110241604 hdr=20 persisted=0 started=1
ORDER MIXEDGE cycle=110265668 hdr=20 finalq=1 produced=0 retired=1
ORDER PICPERS cycle=110265668 hdr=20 finalq=1 produced=0 bsel=0
ORDER COMPLETE cycle=110265669 hdr=20 outstanding=0
PICEVAL cycle=110265670 hdr=20 type=2 geom=1 is_p=1 wide_mode=1 gen_mode=1
PIC_FIRST_SIDEBAND pic=21 idx=3e val=0000 motion=1 desc_active=0 persisted=1 active=0
PERSIST_FALL cycle=112020692 hdr=21 timeout=0 started=0
PIC_FIRST_SIDEBAND pic=21 idx=3e val=0000 motion=1 desc_active=0 persisted=0 active=0
PIC_FIRST_SIDEBAND pic=21 idx=3e val=0000 motion=1 desc_active=0 persisted=0 active=0
PIC_FIRST_SIDEBAND pic=21 idx=3e val=0000 motion=1 desc_active=0 persisted=0 active=0
ARM n=601 cycle=112064683 hdr=21 persisted=0 started=1
ARM n=602 cycle=112140654 hdr=21 persisted=0 started=1
ARM n=603 cycle=112215189 hdr=21 persisted=0 started=1
ARM n=604 cycle=112291761 hdr=21 persisted=0 started=1
ARM n=605 cycle=112366950 hdr=21 persisted=0 started=1
ARM n=606 cycle=112444964 hdr=21 persisted=0 started=1
ARM n=607 cycle=112521724 hdr=21 persisted=0 started=1
ARM n=608 cycle=112597490 hdr=21 persisted=0 started=1
ARM n=609 cycle=112672081 hdr=21 persisted=0 started=1
ARM n=610 cycle=112748607 hdr=21 persisted=0 started=1
ARM n=611 cycle=112825618 hdr=21 persisted=0 started=1
ARM n=612 cycle=112901355 hdr=21 persisted=0 started=1
MIXED_PIXEL_FIRST coded=44 tr=8 c=0 x=486 y=187 rtl=16 oracle=19 delta=3
ARM n=613 cycle=112977948 hdr=21 persisted=0 started=1
MIXED_PIXEL_FIRST coded=44 tr=8 c=0 x=102 y=207 rtl=19 oracle=16 delta=3
ARM n=614 cycle=113054153 hdr=21 persisted=0 started=1
ARM n=615 cycle=113131954 hdr=21 persisted=0 started=1
ARM n=616 cycle=113212734 hdr=21 persisted=0 started=1
ARM n=617 cycle=113293972 hdr=21 persisted=0 started=1
ARM n=618 cycle=113375176 hdr=21 persisted=0 started=1
ARM n=619 cycle=113458384 hdr=21 persisted=0 started=1
ARM n=620 cycle=113540169 hdr=21 persisted=0 started=1
ARM n=621 cycle=113617535 hdr=21 persisted=0 started=1
MIXED_PIXEL_FIRST coded=44 tr=8 c=0 x=715 y=331 rtl=21 oracle=18 delta=3
ARM n=622 cycle=113700553 hdr=21 persisted=0 started=1
ARM n=623 cycle=113782835 hdr=21 persisted=0 started=1
ARM n=624 cycle=113862124 hdr=21 persisted=0 started=1
ARM n=625 cycle=113942018 hdr=21 persisted=0 started=1
ARM n=626 cycle=114021755 hdr=21 persisted=0 started=1
ARM n=627 cycle=114101913 hdr=21 persisted=0 started=1
ARM n=628 cycle=114182221 hdr=21 persisted=0 started=1
ARM n=629 cycle=114264331 hdr=21 persisted=0 started=1
PICSTART n=46 cycle=114269473 hdr=21 state=18 geom=1 cand=1 proof=0 rearm_pend=0 hold=1 waiting=0
ORDER FINALQ_RISE cycle=114309869 hdr=21 outstanding=1
ARM n=630 cycle=114309870 hdr=21 persisted=0 started=1
ORDER MIXEDGE cycle=114333748 hdr=21 finalq=1 produced=0 retired=1
ORDER PICPERS cycle=114333748 hdr=21 finalq=1 produced=0 bsel=0
ORDER COMPLETE cycle=114333749 hdr=21 outstanding=0
PICEVAL cycle=114333750 hdr=21 type=2 geom=1 is_p=1 wide_mode=1 gen_mode=1
PIC_FIRST_SIDEBAND pic=22 idx=3e val=0000 motion=1 desc_active=0 persisted=1 active=0
PERSIST_FALL cycle=115025578 hdr=22 timeout=0 started=0
PIC_FIRST_SIDEBAND pic=22 idx=3e val=0000 motion=1 desc_active=0 persisted=0 active=0
PIC_FIRST_SIDEBAND pic=22 idx=3e val=0000 motion=1 desc_active=0 persisted=0 active=0
PIC_FIRST_SIDEBAND pic=22 idx=3e val=0000 motion=1 desc_active=0 persisted=0 active=0
ARM n=631 cycle=115072269 hdr=22 persisted=0 started=1
ARM n=632 cycle=115149446 hdr=22 persisted=0 started=1
ARM n=633 cycle=115225893 hdr=22 persisted=0 started=1
ARM n=634 cycle=115302443 hdr=22 persisted=0 started=1
ARM n=635 cycle=115376839 hdr=22 persisted=0 started=1
ARM n=636 cycle=115453923 hdr=22 persisted=0 started=1
ARM n=637 cycle=115529607 hdr=22 persisted=0 started=1
ARM n=638 cycle=115605165 hdr=22 persisted=0 started=1
ARM n=639 cycle=115682151 hdr=22 persisted=0 started=1
ARM n=640 cycle=115758027 hdr=22 persisted=0 started=1
ARM n=641 cycle=115834070 hdr=22 persisted=0 started=1
ARM n=642 cycle=115909943 hdr=22 persisted=0 started=1
ARM n=643 cycle=115987035 hdr=22 persisted=0 started=1
ARM n=644 cycle=116064038 hdr=22 persisted=0 started=1
ARM n=645 cycle=116139085 hdr=22 persisted=0 started=1
ARM n=646 cycle=116215224 hdr=22 persisted=0 started=1
ARM n=647 cycle=116295859 hdr=22 persisted=0 started=1
ARM n=648 cycle=116380812 hdr=22 persisted=0 started=1
ARM n=649 cycle=116468341 hdr=22 persisted=0 started=1
ARM n=650 cycle=116553655 hdr=22 persisted=0 started=1
ARM n=651 cycle=116635144 hdr=22 persisted=0 started=1
ARM n=652 cycle=116721120 hdr=22 persisted=0 started=1
ARM n=653 cycle=116805002 hdr=22 persisted=0 started=1
ARM n=654 cycle=116888063 hdr=22 persisted=0 started=1
ARM n=655 cycle=116971944 hdr=22 persisted=0 started=1
ARM n=656 cycle=117055620 hdr=22 persisted=0 started=1
ARM n=657 cycle=117139333 hdr=22 persisted=0 started=1
ARM n=658 cycle=117222709 hdr=22 persisted=0 started=1
ARM n=659 cycle=117308413 hdr=22 persisted=0 started=1
PICSTART n=47 cycle=117313469 hdr=22 state=15 geom=1 cand=1 proof=0 rearm_pend=0 hold=1 waiting=0
ORDER FINALQ_RISE cycle=117350400 hdr=22 outstanding=1
ARM n=660 cycle=117350401 hdr=22 persisted=0 started=1
ORDER MIXEDGE cycle=117374724 hdr=22 finalq=1 produced=0 retired=1
ORDER PICPERS cycle=117374724 hdr=22 finalq=1 produced=0 bsel=0
ORDER COMPLETE cycle=117374725 hdr=22 outstanding=0
PICEVAL cycle=117374726 hdr=22 type=2 geom=1 is_p=1 wide_mode=1 gen_mode=1
PIC_FIRST_SIDEBAND pic=23 idx=3e val=0000 motion=1 desc_active=0 persisted=1 active=0
PERSIST_FALL cycle=119029620 hdr=23 timeout=0 started=0
PIC_FIRST_SIDEBAND pic=23 idx=3e val=0000 motion=1 desc_active=0 persisted=0 active=0
PIC_FIRST_SIDEBAND pic=23 idx=3e val=0000 motion=1 desc_active=0 persisted=0 active=0
PIC_FIRST_SIDEBAND pic=23 idx=3e val=0000 motion=1 desc_active=0 persisted=0 active=0
ARM n=661 cycle=119076589 hdr=23 persisted=0 started=1
ARM n=662 cycle=119155117 hdr=23 persisted=0 started=1
ARM n=663 cycle=119233789 hdr=23 persisted=0 started=1
ARM n=664 cycle=119313483 hdr=23 persisted=0 started=1
ARM n=665 cycle=119393756 hdr=23 persisted=0 started=1
ARM n=666 cycle=119474064 hdr=23 persisted=0 started=1
ARM n=667 cycle=119552936 hdr=23 persisted=0 started=1
ARM n=668 cycle=119631434 hdr=23 persisted=0 started=1
ARM n=669 cycle=119712167 hdr=23 persisted=0 started=1
ARM n=670 cycle=119791523 hdr=23 persisted=0 started=1
ARM n=671 cycle=119870162 hdr=23 persisted=0 started=1
ARM n=672 cycle=119949192 hdr=23 persisted=0 started=1
SOAK_PROGRESS cycles=120000000 byte=469180/10334168 p_pictures=22 b_pictures=20 published=26 swaps=43 motion_repeats=0
ROWCOUNT produced=672 retired=1272 mix_pers=672 mix_pers_sel=672 pic_pers=42 mixed_edge=22
WATCHDOG timeout=0 started=0 persisted=0 active=0 arms=672
ARM n=673 cycle=120030241 hdr=23 persisted=0 started=1
ARM n=674 cycle=120105925 hdr=23 persisted=0 started=1
ARM n=675 cycle=120182088 hdr=23 persisted=0 started=1
ARM n=676 cycle=120263176 hdr=23 persisted=0 started=1
ARM n=677 cycle=120347825 hdr=23 persisted=0 started=1
ARM n=678 cycle=120435630 hdr=23 persisted=0 started=1
ARM n=679 cycle=120522437 hdr=23 persisted=0 started=1
ARM n=680 cycle=120610819 hdr=23 persisted=0 started=1
ARM n=681 cycle=120698542 hdr=23 persisted=0 started=1
ARM n=682 cycle=120787343 hdr=23 persisted=0 started=1
ARM n=683 cycle=120874608 hdr=23 persisted=0 started=1
ARM n=684 cycle=120961190 hdr=23 persisted=0 started=1
ARM n=685 cycle=121047533 hdr=23 persisted=0 started=1
ARM n=686 cycle=121134444 hdr=23 persisted=0 started=1
ARM n=687 cycle=121221163 hdr=23 persisted=0 started=1
ARM n=688 cycle=121308799 hdr=23 persisted=0 started=1
ARM n=689 cycle=121397989 hdr=23 persisted=0 started=1
PICSTART n=48 cycle=121403007 hdr=23 state=16 geom=1 cand=1 proof=0 rearm_pend=0 hold=1 waiting=0
ORDER FINALQ_RISE cycle=121438447 hdr=23 outstanding=1
ARM n=690 cycle=121438448 hdr=23 persisted=0 started=1
ORDER MIXEDGE cycle=121462680 hdr=23 finalq=1 produced=0 retired=1
ORDER PICPERS cycle=121462680 hdr=23 finalq=1 produced=0 bsel=0
ORDER COMPLETE cycle=121462681 hdr=23 outstanding=0
PICEVAL cycle=121462682 hdr=23 type=3 geom=1 is_p=1 wide_mode=1 gen_mode=1
ORDER PICPERS cycle=122950013 hdr=23 finalq=0 produced=0 bsel=1
PICSTART n=49 cycle=122950174 hdr=23 state=21 geom=1 cand=0 proof=1 rearm_pend=0 hold=0 waiting=0
PICEVAL cycle=122950175 hdr=23 type=1 geom=1 is_p=0 wide_mode=1 gen_mode=1
PICSTART n=50 cycle=124967885 hdr=23 state=21 geom=1 cand=0 proof=1 rearm_pend=0 hold=0 waiting=0
PICEVAL cycle=124967894 hdr=23 type=2 geom=1 is_p=0 wide_mode=1 gen_mode=1
PIC_FIRST_SIDEBAND pic=24 idx=3e val=0000 motion=1 desc_active=0 persisted=1 active=0
PERSIST_FALL cycle=124968407 hdr=24 timeout=0 started=0
PIC_FIRST_SIDEBAND pic=24 idx=3e val=0000 motion=1 desc_active=0 persisted=0 active=0
PIC_FIRST_SIDEBAND pic=24 idx=3e val=0000 motion=1 desc_active=0 persisted=0 active=0
PIC_FIRST_SIDEBAND pic=24 idx=3e val=0000 motion=1 desc_active=0 persisted=0 active=0
ARM n=691 cycle=125002876 hdr=24 persisted=0 started=1
ARM n=692 cycle=125050123 hdr=24 persisted=0 started=1
ARM n=693 cycle=125093932 hdr=24 persisted=0 started=1
ARM n=694 cycle=125139793 hdr=24 persisted=0 started=1
ARM n=695 cycle=125185423 hdr=24 persisted=0 started=1
ARM n=696 cycle=125230826 hdr=24 persisted=0 started=1
ARM n=697 cycle=125277977 hdr=24 persisted=0 started=1
ARM n=698 cycle=125323413 hdr=24 persisted=0 started=1
ARM n=699 cycle=125372587 hdr=24 persisted=0 started=1
ARM n=700 cycle=125421729 hdr=24 persisted=0 started=1
ARM n=701 cycle=125467154 hdr=24 persisted=0 started=1
ARM n=702 cycle=125511005 hdr=24 persisted=0 started=1
ARM n=703 cycle=125563832 hdr=24 persisted=0 started=1
ARM n=704 cycle=125630615 hdr=24 persisted=0 started=1
ARM n=705 cycle=125706411 hdr=24 persisted=0 started=1
ARM n=706 cycle=125783753 hdr=24 persisted=0 started=1
ARM n=707 cycle=125854095 hdr=24 persisted=0 started=1
ARM n=708 cycle=125921042 hdr=24 persisted=0 started=1
ARM n=709 cycle=125985186 hdr=24 persisted=0 started=1
ARM n=710 cycle=126042351 hdr=24 persisted=0 started=1
ARM n=711 cycle=126100163 hdr=24 persisted=0 started=1
ARM n=712 cycle=126154860 hdr=24 persisted=0 started=1
ARM n=713 cycle=126211857 hdr=24 persisted=0 started=1
ARM n=714 cycle=126268272 hdr=24 persisted=0 started=1
ARM n=715 cycle=126322266 hdr=24 persisted=0 started=1
ARM n=716 cycle=126379674 hdr=24 persisted=0 started=1
ARM n=717 cycle=126437149 hdr=24 persisted=0 started=1
ARM n=718 cycle=126496399 hdr=24 persisted=0 started=1
ARM n=719 cycle=126557438 hdr=24 persisted=0 started=1
PICSTART n=51 cycle=126562600 hdr=24 state=15 geom=1 cand=1 proof=0 rearm_pend=0 hold=1 waiting=0
ORDER FINALQ_RISE cycle=126601689 hdr=24 outstanding=1
ARM n=720 cycle=126601690 hdr=24 persisted=0 started=1
ORDER MIXEDGE cycle=126625635 hdr=24 finalq=1 produced=0 retired=1
ORDER PICPERS cycle=126625635 hdr=24 finalq=1 produced=0 bsel=0
ORDER COMPLETE cycle=126625636 hdr=24 outstanding=0
PICEVAL cycle=126625637 hdr=24 type=3 geom=1 is_p=1 wide_mode=1 gen_mode=1
PICSTART n=52 cycle=127705682 hdr=24 state=21 geom=1 cand=0 proof=1 rearm_pend=0 hold=0 waiting=0
ORDER PICPERS cycle=127752770 hdr=24 finalq=0 produced=0 bsel=1
PICEVAL cycle=127752772 hdr=24 type=2 geom=1 is_p=0 wide_mode=1 gen_mode=1
PIC_FIRST_SIDEBAND pic=25 idx=3e val=0000 motion=1 desc_active=0 persisted=1 active=0
PERSIST_FALL cycle=129039435 hdr=25 timeout=0 started=0
PIC_FIRST_SIDEBAND pic=25 idx=3e val=0000 motion=1 desc_active=0 persisted=0 active=0
PIC_FIRST_SIDEBAND pic=25 idx=3e val=0000 motion=1 desc_active=0 persisted=0 active=0
PIC_FIRST_SIDEBAND pic=25 idx=3e val=0000 motion=1 desc_active=0 persisted=0 active=0
ARM n=721 cycle=129076107 hdr=25 persisted=0 started=1
ARM n=722 cycle=129123202 hdr=25 persisted=0 started=1
ARM n=723 cycle=129171163 hdr=25 persisted=0 started=1
ARM n=724 cycle=129216962 hdr=25 persisted=0 started=1
ARM n=725 cycle=129262998 hdr=25 persisted=0 started=1
ARM n=726 cycle=129309959 hdr=25 persisted=0 started=1
ARM n=727 cycle=129356226 hdr=25 persisted=0 started=1
ARM n=728 cycle=129402073 hdr=25 persisted=0 started=1
ARM n=729 cycle=129450808 hdr=25 persisted=0 started=1
ARM n=730 cycle=129498273 hdr=25 persisted=0 started=1
ARM n=731 cycle=129544236 hdr=25 persisted=0 started=1
ARM n=732 cycle=129589594 hdr=25 persisted=0 started=1
ARM n=733 cycle=129644042 hdr=25 persisted=0 started=1
ARM n=734 cycle=129712430 hdr=25 persisted=0 started=1
ARM n=735 cycle=129788996 hdr=25 persisted=0 started=1
ARM n=736 cycle=129868034 hdr=25 persisted=0 started=1
ARM n=737 cycle=129935516 hdr=25 persisted=0 started=1
SOAK_PROGRESS cycles=130000000 byte=615288/10334168 p_pictures=24 b_pictures=22 published=29 swaps=46 motion_repeats=0
ROWCOUNT produced=737 retired=1397 mix_pers=737 mix_pers_sel=737 pic_pers=46 mixed_edge=24
WATCHDOG timeout=0 started=0 persisted=0 active=0 arms=737
ARM n=738 cycle=130000594 hdr=25 persisted=0 started=1
ARM n=739 cycle=130063998 hdr=25 persisted=0 started=1
ARM n=740 cycle=130119800 hdr=25 persisted=0 started=1
ARM n=741 cycle=130176406 hdr=25 persisted=0 started=1
ARM n=742 cycle=130230504 hdr=25 persisted=0 started=1
ARM n=743 cycle=130286378 hdr=25 persisted=0 started=1
ARM n=744 cycle=130341510 hdr=25 persisted=0 started=1
ARM n=745 cycle=130395086 hdr=25 persisted=0 started=1
ARM n=746 cycle=130451703 hdr=25 persisted=0 started=1
ARM n=747 cycle=130511535 hdr=25 persisted=0 started=1
ARM n=748 cycle=130568506 hdr=25 persisted=0 started=1
ARM n=749 cycle=130632175 hdr=25 persisted=0 started=1
PICSTART n=53 cycle=130637324 hdr=25 state=17 geom=1 cand=1 proof=0 rearm_pend=0 hold=1 waiting=0
ORDER FINALQ_RISE cycle=130677551 hdr=25 outstanding=1
ARM n=750 cycle=130677552 hdr=25 persisted=0 started=1
ORDER MIXEDGE cycle=130701578 hdr=25 finalq=1 produced=0 retired=1
ORDER PICPERS cycle=130701578 hdr=25 finalq=1 produced=0 bsel=0
ORDER COMPLETE cycle=130701579 hdr=25 outstanding=0
PICEVAL cycle=130701580 hdr=25 type=2 geom=1 is_p=1 wide_mode=1 gen_mode=1
PIC_FIRST_SIDEBAND pic=26 idx=3e val=0000 motion=1 desc_active=0 persisted=1 active=0
PERSIST_FALL cycle=130702172 hdr=26 timeout=0 started=0
PIC_FIRST_SIDEBAND pic=26 idx=3e val=0000 motion=1 desc_active=0 persisted=0 active=0
PIC_FIRST_SIDEBAND pic=26 idx=3e val=0000 motion=1 desc_active=0 persisted=0 active=0
PIC_FIRST_SIDEBAND pic=26 idx=3e val=0000 motion=1 desc_active=0 persisted=0 active=0
ARM n=751 cycle=130738567 hdr=26 persisted=0 started=1
ARM n=752 cycle=130786190 hdr=26 persisted=0 started=1
ARM n=753 cycle=130832766 hdr=26 persisted=0 started=1
ARM n=754 cycle=130877927 hdr=26 persisted=0 started=1
ARM n=755 cycle=130925545 hdr=26 persisted=0 started=1
ARM n=756 cycle=130971775 hdr=26 persisted=0 started=1
ARM n=757 cycle=131019096 hdr=26 persisted=0 started=1
ARM n=758 cycle=131064909 hdr=26 persisted=0 started=1
ARM n=759 cycle=131113724 hdr=26 persisted=0 started=1
ARM n=760 cycle=131162021 hdr=26 persisted=0 started=1
ARM n=761 cycle=131210765 hdr=26 persisted=0 started=1
ARM n=762 cycle=131258298 hdr=26 persisted=0 started=1
ARM n=763 cycle=131320936 hdr=26 persisted=0 started=1
ARM n=764 cycle=131386596 hdr=26 persisted=0 started=1
ARM n=765 cycle=131463214 hdr=26 persisted=0 started=1
ARM n=766 cycle=131544728 hdr=26 persisted=0 started=1
ARM n=767 cycle=131617039 hdr=26 persisted=0 started=1
ARM n=768 cycle=131684008 hdr=26 persisted=0 started=1
ARM n=769 cycle=131749679 hdr=26 persisted=0 started=1
ARM n=770 cycle=131807797 hdr=26 persisted=0 started=1
ARM n=771 cycle=131863383 hdr=26 persisted=0 started=1
ARM n=772 cycle=131917377 hdr=26 persisted=0 started=1
ARM n=773 cycle=131973319 hdr=26 persisted=0 started=1
ARM n=774 cycle=132030946 hdr=26 persisted=0 started=1
ARM n=775 cycle=132085541 hdr=26 persisted=0 started=1
ARM n=776 cycle=134096224 hdr=26 persisted=0 started=1
ARM n=777 cycle=134156994 hdr=26 persisted=0 started=1
ARM n=778 cycle=134220300 hdr=26 persisted=0 started=1
ARM n=779 cycle=134287502 hdr=26 persisted=0 started=1
PICSTART n=54 cycle=134292839 hdr=26 state=15 geom=1 cand=1 proof=0 rearm_pend=0 hold=1 waiting=0
ORDER FINALQ_RISE cycle=134337038 hdr=26 outstanding=1
ARM n=780 cycle=134337039 hdr=26 persisted=0 started=1
ORDER MIXEDGE cycle=134361205 hdr=26 finalq=1 produced=0 retired=1
ORDER PICPERS cycle=134361205 hdr=26 finalq=1 produced=0 bsel=0
ORDER COMPLETE cycle=134361206 hdr=26 outstanding=0
PICEVAL cycle=134361207 hdr=26 type=3 geom=1 is_p=1 wide_mode=1 gen_mode=1
PICSTART n=55 cycle=135479718 hdr=26 state=21 geom=1 cand=0 proof=1 rearm_pend=0 hold=0 waiting=0
ORDER PICPERS cycle=135525981 hdr=26 finalq=0 produced=0 bsel=1
PICEVAL cycle=135525983 hdr=26 type=2 geom=1 is_p=0 wide_mode=1 gen_mode=1
PIC_FIRST_SIDEBAND pic=27 idx=3e val=0000 motion=1 desc_active=0 persisted=1 active=0
PERSIST_FALL cycle=135526553 hdr=27 timeout=0 started=0
PIC_FIRST_SIDEBAND pic=27 idx=3e val=0000 motion=1 desc_active=0 persisted=0 active=0
PIC_FIRST_SIDEBAND pic=27 idx=3e val=0000 motion=1 desc_active=0 persisted=0 active=0
PIC_FIRST_SIDEBAND pic=27 idx=3e val=0000 motion=1 desc_active=0 persisted=0 active=0
ARM n=781 cycle=135564230 hdr=27 persisted=0 started=1
ARM n=782 cycle=135612493 hdr=27 persisted=0 started=1
ARM n=783 cycle=135656229 hdr=27 persisted=0 started=1
ARM n=784 cycle=135703155 hdr=27 persisted=0 started=1
ARM n=785 cycle=135751702 hdr=27 persisted=0 started=1
ARM n=786 cycle=135798088 hdr=27 persisted=0 started=1
ARM n=787 cycle=135845631 hdr=27 persisted=0 started=1
ARM n=788 cycle=135893991 hdr=27 persisted=0 started=1
ARM n=789 cycle=135943482 hdr=27 persisted=0 started=1
ARM n=790 cycle=135991227 hdr=27 persisted=0 started=1
ARM n=791 cycle=136036060 hdr=27 persisted=0 started=1
ARM n=792 cycle=136084575 hdr=27 persisted=0 started=1
ARM n=793 cycle=136147404 hdr=27 persisted=0 started=1
ARM n=794 cycle=136215918 hdr=27 persisted=0 started=1
ARM n=795 cycle=136292179 hdr=27 persisted=0 started=1
ARM n=796 cycle=136369992 hdr=27 persisted=0 started=1
ARM n=797 cycle=136439412 hdr=27 persisted=0 started=1
ARM n=798 cycle=136503387 hdr=27 persisted=0 started=1
ARM n=799 cycle=136563474 hdr=27 persisted=0 started=1
ARM n=800 cycle=136619929 hdr=27 persisted=0 started=1
ARM n=801 cycle=136672976 hdr=27 persisted=0 started=1
ARM n=802 cycle=136729304 hdr=27 persisted=0 started=1
ARM n=803 cycle=136783298 hdr=27 persisted=0 started=1
ARM n=804 cycle=136840255 hdr=27 persisted=0 started=1
ARM n=805 cycle=136894400 hdr=27 persisted=0 started=1
ARM n=806 cycle=136949658 hdr=27 persisted=0 started=1
ARM n=807 cycle=137011046 hdr=27 persisted=0 started=1
ARM n=808 cycle=137074445 hdr=27 persisted=0 started=1
ARM n=809 cycle=137142329 hdr=27 persisted=0 started=1
PICSTART n=56 cycle=137147601 hdr=27 state=15 geom=1 cand=1 proof=0 rearm_pend=0 hold=1 waiting=0
ORDER FINALQ_RISE cycle=137189357 hdr=27 outstanding=1
ARM n=810 cycle=137189358 hdr=27 persisted=0 started=1
ORDER MIXEDGE cycle=137213578 hdr=27 finalq=1 produced=0 retired=1
ORDER PICPERS cycle=137213578 hdr=27 finalq=1 produced=0 bsel=0
ORDER COMPLETE cycle=137213579 hdr=27 outstanding=0
PICEVAL cycle=137213580 hdr=27 type=2 geom=1 is_p=1 wide_mode=1 gen_mode=1
PIC_FIRST_SIDEBAND pic=28 idx=3e val=0000 motion=1 desc_active=0 persisted=1 active=0
PERSIST_FALL cycle=137214130 hdr=28 timeout=0 started=0
PIC_FIRST_SIDEBAND pic=28 idx=3e val=0000 motion=1 desc_active=0 persisted=0 active=0
PIC_FIRST_SIDEBAND pic=28 idx=3e val=0000 motion=1 desc_active=0 persisted=0 active=0
PIC_FIRST_SIDEBAND pic=28 idx=3e val=0000 motion=1 desc_active=0 persisted=0 active=0
ARM n=811 cycle=137249334 hdr=28 persisted=0 started=1
ARM n=812 cycle=137297778 hdr=28 persisted=0 started=1
ARM n=813 cycle=137346148 hdr=28 persisted=0 started=1
ARM n=814 cycle=137390651 hdr=28 persisted=0 started=1
ARM n=815 cycle=137436082 hdr=28 persisted=0 started=1
ARM n=816 cycle=137483292 hdr=28 persisted=0 started=1
ARM n=817 cycle=137532091 hdr=28 persisted=0 started=1
ARM n=818 cycle=137580730 hdr=28 persisted=0 started=1
ARM n=819 cycle=137628996 hdr=28 persisted=0 started=1
ARM n=820 cycle=137677842 hdr=28 persisted=0 started=1
ARM n=821 cycle=137725711 hdr=28 persisted=0 started=1
ARM n=822 cycle=137777118 hdr=28 persisted=0 started=1
ARM n=823 cycle=137843221 hdr=28 persisted=0 started=1
ARM n=824 cycle=137911752 hdr=28 persisted=0 started=1
ARM n=825 cycle=137985034 hdr=28 persisted=0 started=1
ARM n=826 cycle=138061635 hdr=28 persisted=0 started=1
ARM n=827 cycle=138134428 hdr=28 persisted=0 started=1
ARM n=828 cycle=138201914 hdr=28 persisted=0 started=1
ARM n=829 cycle=138268562 hdr=28 persisted=0 started=1
ARM n=830 cycle=138331291 hdr=28 persisted=0 started=1
ARM n=831 cycle=138391903 hdr=28 persisted=0 started=1
ARM n=832 cycle=138451672 hdr=28 persisted=0 started=1
ARM n=833 cycle=138514376 hdr=28 persisted=0 started=1
ARM n=834 cycle=138579069 hdr=28 persisted=0 started=1
ARM n=835 cycle=138642238 hdr=28 persisted=0 started=1
ARM n=836 cycle=138706195 hdr=28 persisted=0 started=1
ARM n=837 cycle=138771970 hdr=28 persisted=0 started=1
ARM n=838 cycle=138837046 hdr=28 persisted=0 started=1
ARM n=839 cycle=138905513 hdr=28 persisted=0 started=1
PICSTART n=57 cycle=138910744 hdr=28 state=15 geom=1 cand=1 proof=0 rearm_pend=0 hold=1 waiting=0
ORDER FINALQ_RISE cycle=138951485 hdr=28 outstanding=1
ARM n=840 cycle=138951486 hdr=28 persisted=0 started=1
ORDER MIXEDGE cycle=138975423 hdr=28 finalq=1 produced=0 retired=1
ORDER PICPERS cycle=138975423 hdr=28 finalq=1 produced=0 bsel=0
ORDER COMPLETE cycle=138975424 hdr=28 outstanding=0
PICEVAL cycle=138975425 hdr=28 type=2 geom=1 is_p=1 wide_mode=1 gen_mode=1
PIC_FIRST_SIDEBAND pic=29 idx=3e val=0000 motion=1 desc_active=0 persisted=1 active=0
PERSIST_FALL cycle=138975975 hdr=29 timeout=0 started=0
PIC_FIRST_SIDEBAND pic=29 idx=3e val=0000 motion=1 desc_active=0 persisted=0 active=0
PIC_FIRST_SIDEBAND pic=29 idx=3e val=0000 motion=1 desc_active=0 persisted=0 active=0
PIC_FIRST_SIDEBAND pic=29 idx=3e val=0000 motion=1 desc_active=0 persisted=0 active=0
ARM n=841 cycle=139010667 hdr=29 persisted=0 started=1
ARM n=842 cycle=139058614 hdr=29 persisted=0 started=1
NATIVE_WAIT cycle=139068690 coded=56 type=2 byte=736912 ready=1 phold=1 dhold=0 writer=1/1/1 reader_region=0 active_bank=0 p_parse=0 p_replay=0 p_row=0 b_parse=0 b_replay=0 b_row=0 pred=1/0
SOAK_PROGRESS cycles=140000000 byte=736912/10334168 p_pictures=28 b_pictures=23 published=33 swaps=50 motion_repeats=0
ROWCOUNT produced=842 retired=1531 mix_pers=841 mix_pers_sel=841 pic_pers=51 mixed_edge=28
WATCHDOG timeout=15835829 started=1 persisted=0 active=1 arms=842
NATIVE_WAIT cycle=140057540 coded=56 type=2 byte=736912 ready=1 phold=1 dhold=0 writer=1/1/1 reader_region=0 active_bank=0 p_parse=0 p_replay=0 p_row=0 b_parse=0 b_replay=0 b_row=0 pred=1/0
NATIVE_WAIT cycle=141060447 coded=56 type=2 byte=736912 ready=1 phold=1 dhold=0 writer=1/1/1 reader_region=0 active_bank=0 p_parse=0 p_replay=0 p_row=0 b_parse=0 b_replay=0 b_row=0 pred=1/0
ARM n=843 cycle=142098096 hdr=29 persisted=0 started=1
ARM n=844 cycle=142146467 hdr=29 persisted=0 started=1
ARM n=845 cycle=142195226 hdr=29 persisted=0 started=1
ARM n=846 cycle=142242300 hdr=29 persisted=0 started=1
ARM n=847 cycle=142290069 hdr=29 persisted=0 started=1
ARM n=848 cycle=142337589 hdr=29 persisted=0 started=1
ARM n=849 cycle=142385617 hdr=29 persisted=0 started=1
ARM n=850 cycle=142433448 hdr=29 persisted=0 started=1
ARM n=851 cycle=142481432 hdr=29 persisted=0 started=1
ARM n=852 cycle=142533332 hdr=29 persisted=0 started=1
ARM n=853 cycle=142597557 hdr=29 persisted=0 started=1
ARM n=854 cycle=142659814 hdr=29 persisted=0 started=1
ARM n=855 cycle=142730305 hdr=29 persisted=0 started=1
ARM n=856 cycle=142806786 hdr=29 persisted=0 started=1
ARM n=857 cycle=142877844 hdr=29 persisted=0 started=1
ARM n=858 cycle=142944279 hdr=29 persisted=0 started=1
ARM n=859 cycle=143007930 hdr=29 persisted=0 started=1
ARM n=860 cycle=143066489 hdr=29 persisted=0 started=1
ARM n=861 cycle=143121438 hdr=29 persisted=0 started=1
ARM n=862 cycle=143179769 hdr=29 persisted=0 started=1
ARM n=863 cycle=143239009 hdr=29 persisted=0 started=1
ARM n=864 cycle=143301084 hdr=29 persisted=0 started=1
ARM n=865 cycle=143361349 hdr=29 persisted=0 started=1
ARM n=866 cycle=143427382 hdr=29 persisted=0 started=1
ARM n=867 cycle=143494994 hdr=29 persisted=0 started=1
ARM n=868 cycle=143562148 hdr=29 persisted=0 started=1
ARM n=869 cycle=143634601 hdr=29 persisted=0 started=1
PICSTART n=58 cycle=143639943 hdr=29 state=15 geom=1 cand=1 proof=0 rearm_pend=0 hold=1 waiting=0
ORDER FINALQ_RISE cycle=143683430 hdr=29 outstanding=1
ARM n=870 cycle=143683431 hdr=29 persisted=0 started=1
ORDER MIXEDGE cycle=143707344 hdr=29 finalq=1 produced=0 retired=1
ORDER PICPERS cycle=143707344 hdr=29 finalq=1 produced=0 bsel=0
ORDER COMPLETE cycle=143707345 hdr=29 outstanding=0
PICEVAL cycle=143707346 hdr=29 type=2 geom=1 is_p=1 wide_mode=1 gen_mode=1
PIC_FIRST_SIDEBAND pic=30 idx=3e val=0000 motion=1 desc_active=0 persisted=1 active=0
PERSIST_FALL cycle=145055419 hdr=30 timeout=0 started=0
PIC_FIRST_SIDEBAND pic=30 idx=3e val=0000 motion=1 desc_active=0 persisted=0 active=0
PIC_FIRST_SIDEBAND pic=30 idx=3e val=0000 motion=1 desc_active=0 persisted=0 active=0
PIC_FIRST_SIDEBAND pic=30 idx=3e val=0000 motion=1 desc_active=0 persisted=0 active=0
ARM n=871 cycle=145090121 hdr=30 persisted=0 started=1
ARM n=872 cycle=145138632 hdr=30 persisted=0 started=1
ARM n=873 cycle=145185565 hdr=30 persisted=0 started=1
ARM n=874 cycle=145235147 hdr=30 persisted=0 started=1
ARM n=875 cycle=145283016 hdr=30 persisted=0 started=1
ARM n=876 cycle=145332506 hdr=30 persisted=0 started=1
ARM n=877 cycle=145380949 hdr=30 persisted=0 started=1
ARM n=878 cycle=145430717 hdr=30 persisted=0 started=1
ARM n=879 cycle=145480657 hdr=30 persisted=0 started=1
ARM n=880 cycle=145530578 hdr=30 persisted=0 started=1
ARM n=881 cycle=145582113 hdr=30 persisted=0 started=1
ARM n=882 cycle=145633843 hdr=30 persisted=0 started=1
ARM n=883 cycle=145696446 hdr=30 persisted=0 started=1
ARM n=884 cycle=145758711 hdr=30 persisted=0 started=1
ARM n=885 cycle=145831218 hdr=30 persisted=0 started=1
ARM n=886 cycle=145907850 hdr=30 persisted=0 started=1
ARM n=887 cycle=145988227 hdr=30 persisted=0 started=1
ARM n=888 cycle=146069180 hdr=30 persisted=0 started=1
ARM n=889 cycle=146147295 hdr=30 persisted=0 started=1
ARM n=890 cycle=146224169 hdr=30 persisted=0 started=1
ARM n=891 cycle=146298898 hdr=30 persisted=0 started=1
ARM n=892 cycle=146374472 hdr=30 persisted=0 started=1
ARM n=893 cycle=146450772 hdr=30 persisted=0 started=1
ARM n=894 cycle=146529936 hdr=30 persisted=0 started=1
ARM n=895 cycle=146612295 hdr=30 persisted=0 started=1
ARM n=896 cycle=146696767 hdr=30 persisted=0 started=1
ARM n=897 cycle=146781875 hdr=30 persisted=0 started=1
ARM n=898 cycle=146870097 hdr=30 persisted=0 started=1
ARM n=899 cycle=146958828 hdr=30 persisted=0 started=1
PICSTART n=59 cycle=146968442 hdr=30 state=15 geom=1 cand=1 proof=0 rearm_pend=0 hold=1 waiting=0
ORDER FINALQ_RISE cycle=147012907 hdr=30 outstanding=1
ARM n=900 cycle=147012908 hdr=30 persisted=0 started=1
ORDER MIXEDGE cycle=147037812 hdr=30 finalq=1 produced=0 retired=1
ORDER PICPERS cycle=147037812 hdr=30 finalq=1 produced=0 bsel=0
ORDER COMPLETE cycle=147037813 hdr=30 outstanding=0
PICEVAL cycle=147037814 hdr=30 type=2 geom=1 is_p=1 wide_mode=1 gen_mode=1
PIC_FIRST_SIDEBAND pic=31 idx=3e val=0000 motion=1 desc_active=0 persisted=1 active=0
PERSIST_FALL cycle=147057447 hdr=31 timeout=0 started=0
PIC_FIRST_SIDEBAND pic=31 idx=3e val=0000 motion=1 desc_active=0 persisted=0 active=0
PIC_FIRST_SIDEBAND pic=31 idx=3e val=0000 motion=1 desc_active=0 persisted=0 active=0
PIC_FIRST_SIDEBAND pic=31 idx=3e val=0000 motion=1 desc_active=0 persisted=0 active=0
ARM n=901 cycle=147094508 hdr=31 persisted=0 started=1
ARM n=902 cycle=147145226 hdr=31 persisted=0 started=1
ARM n=903 cycle=147193485 hdr=31 persisted=0 started=1
ARM n=904 cycle=147241260 hdr=31 persisted=0 started=1
ARM n=905 cycle=147289444 hdr=31 persisted=0 started=1
ARM n=906 cycle=147337800 hdr=31 persisted=0 started=1
ARM n=907 cycle=147388774 hdr=31 persisted=0 started=1
ARM n=908 cycle=147438431 hdr=31 persisted=0 started=1
ARM n=909 cycle=147488628 hdr=31 persisted=0 started=1
ARM n=910 cycle=147541734 hdr=31 persisted=0 started=1
ARM n=911 cycle=147588026 hdr=31 persisted=0 started=1
ARM n=912 cycle=147641535 hdr=31 persisted=0 started=1
ARM n=913 cycle=147704611 hdr=31 persisted=0 started=1
ARM n=914 cycle=147767457 hdr=31 persisted=0 started=1
ARM n=915 cycle=147840934 hdr=31 persisted=0 started=1
ARM n=916 cycle=147918224 hdr=31 persisted=0 started=1
ARM n=917 cycle=147996100 hdr=31 persisted=0 started=1
ARM n=918 cycle=148073654 hdr=31 persisted=0 started=1
ARM n=919 cycle=148149761 hdr=31 persisted=0 started=1
ARM n=920 cycle=148224450 hdr=31 persisted=0 started=1
ARM n=921 cycle=148298957 hdr=31 persisted=0 started=1
ARM n=922 cycle=148374814 hdr=31 persisted=0 started=1
ARM n=923 cycle=148451239 hdr=31 persisted=0 started=1
ARM n=924 cycle=148530248 hdr=31 persisted=0 started=1
ARM n=925 cycle=148613353 hdr=31 persisted=0 started=1
ARM n=926 cycle=148695507 hdr=31 persisted=0 started=1
ARM n=927 cycle=148781271 hdr=31 persisted=0 started=1
ARM n=928 cycle=148865978 hdr=31 persisted=0 started=1
ARM n=929 cycle=148953824 hdr=31 persisted=0 started=1
PICSTART n=60 cycle=148958916 hdr=31 state=15 geom=1 cand=1 proof=0 rearm_pend=0 hold=1 waiting=0
ORDER FINALQ_RISE cycle=149000348 hdr=31 outstanding=1
ARM n=930 cycle=149000349 hdr=31 persisted=0 started=1
ORDER MIXEDGE cycle=149025496 hdr=31 finalq=1 produced=0 retired=1
ORDER PICPERS cycle=149025496 hdr=31 finalq=1 produced=0 bsel=0
ORDER COMPLETE cycle=149025497 hdr=31 outstanding=0
PICEVAL cycle=149025498 hdr=31 type=2 geom=1 is_p=1 wide_mode=1 gen_mode=1
SOAK_PROGRESS cycles=150000000 byte=835594/10334168 p_pictures=31 b_pictures=23 published=36 swaps=53 motion_repeats=0
ROWCOUNT produced=930 retired=1620 mix_pers=930 mix_pers_sel=930 pic_pers=54 mixed_edge=31
WATCHDOG timeout=0 started=1 persisted=1 active=0 arms=930
PIC_FIRST_SIDEBAND pic=32 idx=3e val=0000 motion=1 desc_active=0 persisted=1 active=0
PERSIST_FALL cycle=150058511 hdr=32 timeout=0 started=0
PIC_FIRST_SIDEBAND pic=32 idx=3e val=0000 motion=1 desc_active=0 persisted=0 active=0
PIC_FIRST_SIDEBAND pic=32 idx=3e val=0000 motion=1 desc_active=0 persisted=0 active=0
PIC_FIRST_SIDEBAND pic=32 idx=3e val=0000 motion=1 desc_active=0 persisted=0 active=0
ARM n=931 cycle=150094674 hdr=32 persisted=0 started=1
ARM n=932 cycle=150146387 hdr=32 persisted=0 started=1
ARM n=933 cycle=150196724 hdr=32 persisted=0 started=1
ARM n=934 cycle=150248240 hdr=32 persisted=0 started=1
ARM n=935 cycle=150300566 hdr=32 persisted=0 started=1
ARM n=936 cycle=150351425 hdr=32 persisted=0 started=1
ARM n=937 cycle=150402519 hdr=32 persisted=0 started=1
ARM n=938 cycle=150456456 hdr=32 persisted=0 started=1
ARM n=939 cycle=150507477 hdr=32 persisted=0 started=1
ARM n=940 cycle=150560457 hdr=32 persisted=0 started=1
ARM n=941 cycle=150611833 hdr=32 persisted=0 started=1
ARM n=942 cycle=150665195 hdr=32 persisted=0 started=1
ARM n=943 cycle=150729730 hdr=32 persisted=0 started=1
ARM n=944 cycle=150792612 hdr=32 persisted=0 started=1
ARM n=945 cycle=150866861 hdr=32 persisted=0 started=1
ARM n=946 cycle=150944589 hdr=32 persisted=0 started=1
ARM n=947 cycle=151017714 hdr=32 persisted=0 started=1
ARM n=948 cycle=151091325 hdr=32 persisted=0 started=1
ARM n=949 cycle=151165140 hdr=32 persisted=0 started=1
ARM n=950 cycle=151239710 hdr=32 persisted=0 started=1
ARM n=951 cycle=151314740 hdr=32 persisted=0 started=1
ARM n=952 cycle=151389180 hdr=32 persisted=0 started=1
ARM n=953 cycle=151465213 hdr=32 persisted=0 started=1
ARM n=954 cycle=151545544 hdr=32 persisted=0 started=1
ARM n=955 cycle=151623854 hdr=32 persisted=0 started=1
ARM n=956 cycle=151706682 hdr=32 persisted=0 started=1
ARM n=957 cycle=151782352 hdr=32 persisted=0 started=1
ARM n=958 cycle=151862759 hdr=32 persisted=0 started=1
ARM n=959 cycle=151946711 hdr=32 persisted=0 started=1
ORDER FINALQ_RISE cycle=151994442 hdr=32 outstanding=1
ARM n=960 cycle=151994443 hdr=32 persisted=0 started=1
ORDER MIXEDGE cycle=152019213 hdr=32 finalq=1 produced=0 retired=1
ORDER PICPERS cycle=152019213 hdr=32 finalq=1 produced=0 bsel=0
ORDER COMPLETE cycle=152019214 hdr=32 outstanding=0
PICSTART n=61 cycle=152019374 hdr=32 state=21 geom=1 cand=1 proof=1 rearm_pend=0 hold=0 waiting=0
PICEVAL cycle=152019375 hdr=32 type=1 geom=1 is_p=1 wide_mode=1 gen_mode=1
PICSTART n=62 cycle=154092827 hdr=32 state=21 geom=1 cand=0 proof=1 rearm_pend=0 hold=0 waiting=0
PICEVAL cycle=154092836 hdr=32 type=2 geom=1 is_p=0 wide_mode=1 gen_mode=1
PIC_FIRST_SIDEBAND pic=33 idx=3e val=0000 motion=1 desc_active=0 persisted=1 active=0
PERSIST_FALL cycle=154093385 hdr=33 timeout=0 started=0
PIC_FIRST_SIDEBAND pic=33 idx=3e val=0000 motion=1 desc_active=0 persisted=0 active=0
PIC_FIRST_SIDEBAND pic=33 idx=3e val=0000 motion=1 desc_active=0 persisted=0 active=0
PIC_FIRST_SIDEBAND pic=33 idx=3e val=0000 motion=1 desc_active=0 persisted=0 active=0
ARM n=961 cycle=154127172 hdr=33 persisted=0 started=1
ARM n=962 cycle=154179524 hdr=33 persisted=0 started=1
ARM n=963 cycle=154226516 hdr=33 persisted=0 started=1
ARM n=964 cycle=154276439 hdr=33 persisted=0 started=1
ARM n=965 cycle=154325157 hdr=33 persisted=0 started=1
ARM n=966 cycle=154370779 hdr=33 persisted=0 started=1
ARM n=967 cycle=154421881 hdr=33 persisted=0 started=1
ARM n=968 cycle=154466011 hdr=33 persisted=0 started=1
ARM n=969 cycle=154509901 hdr=33 persisted=0 started=1
ARM n=970 cycle=154557595 hdr=33 persisted=0 started=1
ARM n=971 cycle=154603426 hdr=33 persisted=0 started=1
ARM n=972 cycle=154652596 hdr=33 persisted=0 started=1
ARM n=973 cycle=154722473 hdr=33 persisted=0 started=1
ARM n=974 cycle=154797846 hdr=33 persisted=0 started=1
ARM n=975 cycle=154886567 hdr=33 persisted=0 started=1
ARM n=976 cycle=154973162 hdr=33 persisted=0 started=1
ARM n=977 cycle=155061160 hdr=33 persisted=0 started=1
ARM n=978 cycle=155147439 hdr=33 persisted=0 started=1
ARM n=979 cycle=155229685 hdr=33 persisted=0 started=1
ARM n=980 cycle=155312494 hdr=33 persisted=0 started=1
ARM n=981 cycle=155395346 hdr=33 persisted=0 started=1
ARM n=982 cycle=155481430 hdr=33 persisted=0 started=1
ARM n=983 cycle=155566502 hdr=33 persisted=0 started=1
ARM n=984 cycle=155651564 hdr=33 persisted=0 started=1
ARM n=985 cycle=155738958 hdr=33 persisted=0 started=1
ARM n=986 cycle=155823989 hdr=33 persisted=0 started=1
ARM n=987 cycle=155906662 hdr=33 persisted=0 started=1
ARM n=988 cycle=155985778 hdr=33 persisted=0 started=1
ARM n=989 cycle=156068618 hdr=33 persisted=0 started=1
PICSTART n=63 cycle=156078446 hdr=33 state=16 geom=1 cand=1 proof=0 rearm_pend=0 hold=1 waiting=0
ORDER FINALQ_RISE cycle=156129269 hdr=33 outstanding=1
ARM n=990 cycle=156129270 hdr=33 persisted=0 started=1
ORDER MIXEDGE cycle=156152521 hdr=33 finalq=1 produced=0 retired=1
ORDER PICPERS cycle=156152521 hdr=33 finalq=1 produced=0 bsel=0
ORDER COMPLETE cycle=156152522 hdr=33 outstanding=0
PICEVAL cycle=156152523 hdr=33 type=3 geom=1 is_p=1 wide_mode=1 gen_mode=1
PICSTART n=64 cycle=157499858 hdr=33 state=21 geom=1 cand=0 proof=1 rearm_pend=0 hold=0 waiting=0
ORDER PICPERS cycle=157551070 hdr=33 finalq=0 produced=0 bsel=1
PICEVAL cycle=157551072 hdr=33 type=3 geom=1 is_p=0 wide_mode=1 gen_mode=1
PICSTART n=65 cycle=158957497 hdr=33 state=21 geom=1 cand=0 proof=1 rearm_pend=0 hold=0 waiting=0
ORDER PICPERS cycle=159006850 hdr=33 finalq=0 produced=0 bsel=1
PICEVAL cycle=159006852 hdr=33 type=2 geom=1 is_p=0 wide_mode=1 gen_mode=1
PIC_FIRST_SIDEBAND pic=34 idx=3e val=0000 motion=1 desc_active=0 persisted=1 active=0
PERSIST_FALL cycle=159069419 hdr=34 timeout=0 started=0
PIC_FIRST_SIDEBAND pic=34 idx=3e val=0000 motion=1 desc_active=0 persisted=0 active=0
PIC_FIRST_SIDEBAND pic=34 idx=3e val=0000 motion=1 desc_active=0 persisted=0 active=0
PIC_FIRST_SIDEBAND pic=34 idx=3e val=0000 motion=1 desc_active=0 persisted=0 active=0
ARM n=991 cycle=159102819 hdr=34 persisted=0 started=1
ARM n=992 cycle=159154064 hdr=34 persisted=0 started=1
ARM n=993 cycle=159200696 hdr=34 persisted=0 started=1
ARM n=994 cycle=159251171 hdr=34 persisted=0 started=1
ARM n=995 cycle=159298736 hdr=34 persisted=0 started=1
ARM n=996 cycle=159344224 hdr=34 persisted=0 started=1
ARM n=997 cycle=159393131 hdr=34 persisted=0 started=1
ARM n=998 cycle=159438100 hdr=34 persisted=0 started=1
ARM n=999 cycle=159483848 hdr=34 persisted=0 started=1
ARM n=1000 cycle=159532473 hdr=34 persisted=0 started=1
ARM n=1001 cycle=159579064 hdr=34 persisted=0 started=1
ARM n=1002 cycle=159630559 hdr=34 persisted=0 started=1
ARM n=1003 cycle=159700211 hdr=34 persisted=0 started=1
ARM n=1004 cycle=159776161 hdr=34 persisted=0 started=1
ARM n=1005 cycle=159865242 hdr=34 persisted=0 started=1
ARM n=1006 cycle=159953707 hdr=34 persisted=0 started=1
SOAK_PROGRESS cycles=160000000 byte=1010612/10334168 p_pictures=33 b_pictures=25 published=39 swaps=56 motion_repeats=0
ROWCOUNT produced=1006 retired=1756 mix_pers=1006 mix_pers_sel=1006 pic_pers=58 mixed_edge=33
WATCHDOG timeout=0 started=0 persisted=0 active=0 arms=1006
ARM n=1007 cycle=160044576 hdr=34 persisted=0 started=1
ARM n=1008 cycle=160130087 hdr=34 persisted=0 started=1
ARM n=1009 cycle=160212234 hdr=34 persisted=0 started=1
ARM n=1010 cycle=160293840 hdr=34 persisted=0 started=1
ARM n=1011 cycle=160373229 hdr=34 persisted=0 started=1
ARM n=1012 cycle=160454118 hdr=34 persisted=0 started=1
ARM n=1013 cycle=160532932 hdr=34 persisted=0 started=1
ARM n=1014 cycle=160612012 hdr=34 persisted=0 started=1
ARM n=1015 cycle=160690676 hdr=34 persisted=0 started=1
ARM n=1016 cycle=160770093 hdr=34 persisted=0 started=1
ARM n=1017 cycle=160846125 hdr=34 persisted=0 started=1
ARM n=1018 cycle=160918871 hdr=34 persisted=0 started=1
ARM n=1019 cycle=161000748 hdr=34 persisted=0 started=1
PICSTART n=66 cycle=161010442 hdr=34 state=15 geom=1 cand=1 proof=0 rearm_pend=0 hold=1 waiting=0
ORDER FINALQ_RISE cycle=161056453 hdr=34 outstanding=1
ARM n=1020 cycle=161056454 hdr=34 persisted=0 started=1
ORDER MIXEDGE cycle=161080759 hdr=34 finalq=1 produced=0 retired=1
ORDER PICPERS cycle=161080759 hdr=34 finalq=1 produced=0 bsel=0
ORDER COMPLETE cycle=161080760 hdr=34 outstanding=0
PICEVAL cycle=162069963 hdr=34 type=2 geom=1 is_p=1 wide_mode=1 gen_mode=1
PIC_FIRST_SIDEBAND pic=35 idx=3e val=0000 motion=1 desc_active=0 persisted=1 active=0
PERSIST_FALL cycle=162070513 hdr=35 timeout=0 started=0
PIC_FIRST_SIDEBAND pic=35 idx=3e val=0000 motion=1 desc_active=0 persisted=0 active=0
PIC_FIRST_SIDEBAND pic=35 idx=3e val=0000 motion=1 desc_active=0 persisted=0 active=0
PIC_FIRST_SIDEBAND pic=35 idx=3e val=0000 motion=1 desc_active=0 persisted=0 active=0
ARM n=1021 cycle=162104793 hdr=35 persisted=0 started=1
ARM n=1022 cycle=162156337 hdr=35 persisted=0 started=1
ARM n=1023 cycle=162204630 hdr=35 persisted=0 started=1
ARM n=1024 cycle=162256517 hdr=35 persisted=0 started=1
ARM n=1025 cycle=162304202 hdr=35 persisted=0 started=1
ARM n=1026 cycle=162353650 hdr=35 persisted=0 started=1
ARM n=1027 cycle=162403272 hdr=35 persisted=0 started=1
ARM n=1028 cycle=162451219 hdr=35 persisted=0 started=1
ARM n=1029 cycle=162497875 hdr=35 persisted=0 started=1
ARM n=1030 cycle=162548647 hdr=35 persisted=0 started=1
ARM n=1031 cycle=162604270 hdr=35 persisted=0 started=1
ARM n=1032 cycle=162671615 hdr=35 persisted=0 started=1
ARM n=1033 cycle=162749788 hdr=35 persisted=0 started=1
ARM n=1034 cycle=162828996 hdr=35 persisted=0 started=1
ARM n=1035 cycle=162919865 hdr=35 persisted=0 started=1
ARM n=1036 cycle=163009345 hdr=35 persisted=0 started=1
ARM n=1037 cycle=163094353 hdr=35 persisted=0 started=1
ARM n=1038 cycle=163170531 hdr=35 persisted=0 started=1
ARM n=1039 cycle=163244736 hdr=35 persisted=0 started=1
ARM n=1040 cycle=163321021 hdr=35 persisted=0 started=1
ARM n=1041 cycle=163397632 hdr=35 persisted=0 started=1
ARM n=1042 cycle=163475397 hdr=35 persisted=0 started=1
ARM n=1043 cycle=163552698 hdr=35 persisted=0 started=1
ARM n=1044 cycle=163631132 hdr=35 persisted=0 started=1
ARM n=1045 cycle=163701252 hdr=35 persisted=0 started=1
ARM n=1046 cycle=163771018 hdr=35 persisted=0 started=1
ARM n=1047 cycle=163848006 hdr=35 persisted=0 started=1
ARM n=1048 cycle=163925932 hdr=35 persisted=0 started=1
ARM n=1049 cycle=164009619 hdr=35 persisted=0 started=1
PICSTART n=67 cycle=164019283 hdr=35 state=18 geom=1 cand=1 proof=0 rearm_pend=0 hold=1 waiting=0
ORDER FINALQ_RISE cycle=164065515 hdr=35 outstanding=1
ARM n=1050 cycle=164065516 hdr=35 persisted=0 started=1
ORDER MIXEDGE cycle=164089905 hdr=35 finalq=1 produced=0 retired=1
ORDER PICPERS cycle=164089905 hdr=35 finalq=1 produced=0 bsel=0
ORDER COMPLETE cycle=164089906 hdr=35 outstanding=0
PICEVAL cycle=164089908 hdr=35 type=3 geom=1 is_p=1 wide_mode=1 gen_mode=1
PICSTART n=68 cycle=165659052 hdr=35 state=21 geom=1 cand=0 proof=1 rearm_pend=0 hold=0 waiting=0
ORDER PICPERS cycle=165709629 hdr=35 finalq=0 produced=0 bsel=1
PICEVAL cycle=165709631 hdr=35 type=3 geom=1 is_p=0 wide_mode=1 gen_mode=1
PICSTART n=69 cycle=167128603 hdr=35 state=21 geom=1 cand=0 proof=1 rearm_pend=0 hold=0 waiting=0
ORDER PICPERS cycle=167178326 hdr=35 finalq=0 produced=0 bsel=1
PICEVAL cycle=167178328 hdr=35 type=2 geom=1 is_p=0 wide_mode=1 gen_mode=1
PIC_FIRST_SIDEBAND pic=36 idx=3e val=0000 motion=1 desc_active=0 persisted=1 active=0
PERSIST_FALL cycle=167178904 hdr=36 timeout=0 started=0
PIC_FIRST_SIDEBAND pic=36 idx=3e val=0000 motion=1 desc_active=0 persisted=0 active=0
PIC_FIRST_SIDEBAND pic=36 idx=3e val=0000 motion=1 desc_active=0 persisted=0 active=0
PIC_FIRST_SIDEBAND pic=36 idx=3e val=0000 motion=1 desc_active=0 persisted=0 active=0
ARM n=1051 cycle=167212871 hdr=36 persisted=0 started=1
ARM n=1052 cycle=167262529 hdr=36 persisted=0 started=1
ARM n=1053 cycle=167313491 hdr=36 persisted=0 started=1
ARM n=1054 cycle=167364823 hdr=36 persisted=0 started=1
ARM n=1055 cycle=167414876 hdr=36 persisted=0 started=1
ARM n=1056 cycle=167464253 hdr=36 persisted=0 started=1
ARM n=1057 cycle=167514167 hdr=36 persisted=0 started=1
ARM n=1058 cycle=167564394 hdr=36 persisted=0 started=1
ARM n=1059 cycle=167616841 hdr=36 persisted=0 started=1
ARM n=1060 cycle=167672903 hdr=36 persisted=0 started=1
ARM n=1061 cycle=167733876 hdr=36 persisted=0 started=1
ARM n=1062 cycle=167805672 hdr=36 persisted=0 started=1
ARM n=1063 cycle=167883867 hdr=36 persisted=0 started=1
ARM n=1064 cycle=167966290 hdr=36 persisted=0 started=1
ARM n=1065 cycle=168056726 hdr=36 persisted=0 started=1
ARM n=1066 cycle=168141874 hdr=36 persisted=0 started=1
ARM n=1067 cycle=168222948 hdr=36 persisted=0 started=1
ARM n=1068 cycle=168295166 hdr=36 persisted=0 started=1
ARM n=1069 cycle=168366537 hdr=36 persisted=0 started=1
ARM n=1070 cycle=168439407 hdr=36 persisted=0 started=1
ARM n=1071 cycle=168514762 hdr=36 persisted=0 started=1
ARM n=1072 cycle=168589053 hdr=36 persisted=0 started=1
ARM n=1073 cycle=168661047 hdr=36 persisted=0 started=1
ARM n=1074 cycle=168736839 hdr=36 persisted=0 started=1
ARM n=1075 cycle=168806542 hdr=36 persisted=0 started=1
ARM n=1076 cycle=168882635 hdr=36 persisted=0 started=1
ARM n=1077 cycle=168956687 hdr=36 persisted=0 started=1
ARM n=1078 cycle=169034278 hdr=36 persisted=0 started=1
ARM n=1079 cycle=169112439 hdr=36 persisted=0 started=1
PICSTART n=70 cycle=169117665 hdr=36 state=15 geom=1 cand=1 proof=0 rearm_pend=0 hold=1 waiting=0
ORDER FINALQ_RISE cycle=169162127 hdr=36 outstanding=1
ARM n=1080 cycle=169162128 hdr=36 persisted=0 started=1
ORDER MIXEDGE cycle=169187185 hdr=36 finalq=1 produced=0 retired=1
ORDER PICPERS cycle=169187185 hdr=36 finalq=1 produced=0 bsel=0
ORDER COMPLETE cycle=169187186 hdr=36 outstanding=0
SOAK_PROGRESS cycles=170000000 byte=1143669/10334168 p_pictures=36 b_pictures=27 published=42 swaps=59 motion_repeats=0
ROWCOUNT produced=1080 retired=1890 mix_pers=1080 mix_pers_sel=1080 pic_pers=63 mixed_edge=36
WATCHDOG timeout=0 started=1 persisted=1 active=0 arms=1080
PICEVAL cycle=170077963 hdr=36 type=2 geom=1 is_p=1 wide_mode=1 gen_mode=1
PIC_FIRST_SIDEBAND pic=37 idx=3e val=0000 motion=1 desc_active=0 persisted=1 active=0
PERSIST_FALL cycle=170078513 hdr=37 timeout=0 started=0
PIC_FIRST_SIDEBAND pic=37 idx=3e val=0000 motion=1 desc_active=0 persisted=0 active=0
PIC_FIRST_SIDEBAND pic=37 idx=3e val=0000 motion=1 desc_active=0 persisted=0 active=0
PIC_FIRST_SIDEBAND pic=37 idx=3e val=0000 motion=1 desc_active=0 persisted=0 active=0
ARM n=1081 cycle=170113020 hdr=37 persisted=0 started=1
ARM n=1082 cycle=170165413 hdr=37 persisted=0 started=1
ARM n=1083 cycle=170213242 hdr=37 persisted=0 started=1
ARM n=1084 cycle=170264851 hdr=37 persisted=0 started=1
ARM n=1085 cycle=170313380 hdr=37 persisted=0 started=1
ARM n=1086 cycle=170363615 hdr=37 persisted=0 started=1
ARM n=1087 cycle=170417790 hdr=37 persisted=0 started=1
ARM n=1088 cycle=170469157 hdr=37 persisted=0 started=1
ARM n=1089 cycle=170525971 hdr=37 persisted=0 started=1
ARM n=1090 cycle=170588905 hdr=37 persisted=0 started=1
ARM n=1091 cycle=170663863 hdr=37 persisted=0 started=1
ARM n=1092 cycle=170746174 hdr=37 persisted=0 started=1
ARM n=1093 cycle=170832073 hdr=37 persisted=0 started=1
ARM n=1094 cycle=170917787 hdr=37 persisted=0 started=1
ARM n=1095 cycle=171005641 hdr=37 persisted=0 started=1
ARM n=1096 cycle=171088820 hdr=37 persisted=0 started=1
ARM n=1097 cycle=171166757 hdr=37 persisted=0 started=1
ARM n=1098 cycle=171239904 hdr=37 persisted=0 started=1
ARM n=1099 cycle=171313406 hdr=37 persisted=0 started=1
ARM n=1100 cycle=171391691 hdr=37 persisted=0 started=1
ARM n=1101 cycle=171467830 hdr=37 persisted=0 started=1
ARM n=1102 cycle=171540633 hdr=37 persisted=0 started=1
ARM n=1103 cycle=171615331 hdr=37 persisted=0 started=1
ARM n=1104 cycle=171689946 hdr=37 persisted=0 started=1
ARM n=1105 cycle=171764635 hdr=37 persisted=0 started=1
ARM n=1106 cycle=171840763 hdr=37 persisted=0 started=1
ARM n=1107 cycle=171909550 hdr=37 persisted=0 started=1
ARM n=1108 cycle=171987166 hdr=37 persisted=0 started=1
ARM n=1109 cycle=172064490 hdr=37 persisted=0 started=1
PICSTART n=71 cycle=172069728 hdr=37 state=15 geom=1 cand=1 proof=0 rearm_pend=0 hold=1 waiting=0
ORDER FINALQ_RISE cycle=172116394 hdr=37 outstanding=1
ARM n=1110 cycle=172116395 hdr=37 persisted=0 started=1
ORDER MIXEDGE cycle=172139774 hdr=37 finalq=1 produced=0 retired=1
ORDER PICPERS cycle=172139774 hdr=37 finalq=1 produced=0 bsel=0
ORDER COMPLETE cycle=172139775 hdr=37 outstanding=0
PICEVAL cycle=172139777 hdr=37 type=2 geom=1 is_p=1 wide_mode=1 gen_mode=1
PIC_FIRST_SIDEBAND pic=38 idx=3e val=0000 motion=1 desc_active=0 persisted=1 active=0
PERSIST_FALL cycle=175085440 hdr=38 timeout=0 started=0
PIC_FIRST_SIDEBAND pic=38 idx=3e val=0000 motion=1 desc_active=0 persisted=0 active=0
PIC_FIRST_SIDEBAND pic=38 idx=3e val=0000 motion=1 desc_active=0 persisted=0 active=0
PIC_FIRST_SIDEBAND pic=38 idx=3e val=0000 motion=1 desc_active=0 persisted=0 active=0
ARM n=1111 cycle=175120692 hdr=38 persisted=0 started=1
ARM n=1112 cycle=175173221 hdr=38 persisted=0 started=1
ARM n=1113 cycle=175223138 hdr=38 persisted=0 started=1
ARM n=1114 cycle=175274681 hdr=38 persisted=0 started=1
ARM n=1115 cycle=175329711 hdr=38 persisted=0 started=1
ARM n=1116 cycle=175385172 hdr=38 persisted=0 started=1
ARM n=1117 cycle=175443498 hdr=38 persisted=0 started=1
ARM n=1118 cycle=175504861 hdr=38 persisted=0 started=1
ARM n=1119 cycle=175568435 hdr=38 persisted=0 started=1
ARM n=1120 cycle=175640056 hdr=38 persisted=0 started=1
ARM n=1121 cycle=175719044 hdr=38 persisted=0 started=1
ARM n=1122 cycle=175804678 hdr=38 persisted=0 started=1
ARM n=1123 cycle=175889454 hdr=38 persisted=0 started=1
ARM n=1124 cycle=175973982 hdr=38 persisted=0 started=1
ARM n=1125 cycle=176062473 hdr=38 persisted=0 started=1
ARM n=1126 cycle=176147212 hdr=38 persisted=0 started=1
ARM n=1127 cycle=176223904 hdr=38 persisted=0 started=1
ARM n=1128 cycle=176294285 hdr=38 persisted=0 started=1
ARM n=1129 cycle=176373057 hdr=38 persisted=0 started=1
ARM n=1130 cycle=176450376 hdr=38 persisted=0 started=1
ARM n=1131 cycle=176525667 hdr=38 persisted=0 started=1
ARM n=1132 cycle=176599644 hdr=38 persisted=0 started=1
ARM n=1133 cycle=176673959 hdr=38 persisted=0 started=1
ARM n=1134 cycle=176748633 hdr=38 persisted=0 started=1
ARM n=1135 cycle=176824927 hdr=38 persisted=0 started=1
ARM n=1136 cycle=176902322 hdr=38 persisted=0 started=1
ARM n=1137 cycle=176974325 hdr=38 persisted=0 started=1
ARM n=1138 cycle=177052474 hdr=38 persisted=0 started=1
ARM n=1139 cycle=177123245 hdr=38 persisted=0 started=1
PICSTART n=72 cycle=177128249 hdr=38 state=15 geom=1 cand=1 proof=0 rearm_pend=0 hold=1 waiting=0
ORDER FINALQ_RISE cycle=177160740 hdr=38 outstanding=1
ARM n=1140 cycle=177160741 hdr=38 persisted=0 started=1
ORDER MIXEDGE cycle=177184576 hdr=38 finalq=1 produced=0 retired=1
ORDER PICPERS cycle=177184576 hdr=38 finalq=1 produced=0 bsel=0
ORDER COMPLETE cycle=177184577 hdr=38 outstanding=0
PICEVAL cycle=177184578 hdr=38 type=2 geom=1 is_p=1 wide_mode=1 gen_mode=1
PIC_FIRST_SIDEBAND pic=39 idx=3e val=0000 motion=1 desc_active=0 persisted=1 active=0
PERSIST_FALL cycle=178086512 hdr=39 timeout=0 started=0
PIC_FIRST_SIDEBAND pic=39 idx=3e val=0000 motion=1 desc_active=0 persisted=0 active=0
PIC_FIRST_SIDEBAND pic=39 idx=3e val=0000 motion=1 desc_active=0 persisted=0 active=0
PIC_FIRST_SIDEBAND pic=39 idx=3e val=0000 motion=1 desc_active=0 persisted=0 active=0
ARM n=1141 cycle=178120195 hdr=39 persisted=0 started=1
ARM n=1142 cycle=178175383 hdr=39 persisted=0 started=1
ARM n=1143 cycle=178228740 hdr=39 persisted=0 started=1
ARM n=1144 cycle=178283755 hdr=39 persisted=0 started=1
ARM n=1145 cycle=178339007 hdr=39 persisted=0 started=1
ARM n=1146 cycle=178395920 hdr=39 persisted=0 started=1
ARM n=1147 cycle=178456186 hdr=39 persisted=0 started=1
ARM n=1148 cycle=178521394 hdr=39 persisted=0 started=1
ARM n=1149 cycle=178592014 hdr=39 persisted=0 started=1
ARM n=1150 cycle=178671275 hdr=39 persisted=0 started=1
ARM n=1151 cycle=178753161 hdr=39 persisted=0 started=1
ARM n=1152 cycle=178842295 hdr=39 persisted=0 started=1
ARM n=1153 cycle=178928884 hdr=39 persisted=0 started=1
ARM n=1154 cycle=179013094 hdr=39 persisted=0 started=1
ARM n=1155 cycle=179103349 hdr=39 persisted=0 started=1
ARM n=1156 cycle=179185537 hdr=39 persisted=0 started=1
ARM n=1157 cycle=179261244 hdr=39 persisted=0 started=1
ARM n=1158 cycle=179332534 hdr=39 persisted=0 started=1
ARM n=1159 cycle=179408588 hdr=39 persisted=0 started=1
ARM n=1160 cycle=179484666 hdr=39 persisted=0 started=1
ARM n=1161 cycle=179559429 hdr=39 persisted=0 started=1
ARM n=1162 cycle=179634290 hdr=39 persisted=0 started=1
ARM n=1163 cycle=179707780 hdr=39 persisted=0 started=1
ARM n=1164 cycle=179785294 hdr=39 persisted=0 started=1
ARM n=1165 cycle=179862149 hdr=39 persisted=0 started=1
ARM n=1166 cycle=179938790 hdr=39 persisted=0 started=1
SOAK_PROGRESS cycles=180000000 byte=1251972/10334168 p_pictures=38 b_pictures=27 published=44 swaps=63 motion_repeats=0
ROWCOUNT produced=1166 retired=1976 mix_pers=1166 mix_pers_sel=1166 pic_pers=65 mixed_edge=38
WATCHDOG timeout=0 started=0 persisted=0 active=0 arms=1166
ARM n=1167 cycle=180011823 hdr=39 persisted=0 started=1
ARM n=1168 cycle=180087922 hdr=39 persisted=0 started=1
ARM n=1169 cycle=180157039 hdr=39 persisted=0 started=1
ORDER FINALQ_RISE cycle=180180180 hdr=39 outstanding=2
ARM n=1170 cycle=180181509 hdr=39 persisted=0 started=1
ORDER MIXEDGE cycle=180205438 hdr=39 finalq=1 produced=0 retired=1
ORDER PICPERS cycle=180205438 hdr=39 finalq=1 produced=0 bsel=0
ORDER COMPLETE cycle=180205439 hdr=39 outstanding=0
PICSTART n=73 cycle=180205599 hdr=39 state=21 geom=1 cand=1 proof=1 rearm_pend=0 hold=0 waiting=0
PICEVAL cycle=180205600 hdr=39 type=1 geom=1 is_p=1 wide_mode=1 gen_mode=1
PICSTART n=74 cycle=182377611 hdr=39 state=21 geom=1 cand=0 proof=1 rearm_pend=0 hold=0 waiting=0
PICEVAL cycle=182377620 hdr=39 type=3 geom=1 is_p=0 wide_mode=1 gen_mode=1
PICSTART n=75 cycle=183958206 hdr=39 state=21 geom=1 cand=0 proof=1 rearm_pend=0 hold=0 waiting=0
ORDER PICPERS cycle=184006003 hdr=39 finalq=0 produced=0 bsel=1
PICEVAL cycle=184006005 hdr=39 type=3 geom=1 is_p=0 wide_mode=1 gen_mode=1
PICSTART n=76 cycle=185669843 hdr=39 state=21 geom=1 cand=0 proof=1 rearm_pend=0 hold=0 waiting=0
ORDER PICPERS cycle=185721200 hdr=39 finalq=0 produced=0 bsel=1
PICEVAL cycle=185721202 hdr=39 type=2 geom=1 is_p=0 wide_mode=1 gen_mode=1
PIC_FIRST_SIDEBAND pic=40 idx=3e val=0000 motion=1 desc_active=0 persisted=1 active=0
PERSIST_FALL cycle=185721773 hdr=40 timeout=0 started=0
PIC_FIRST_SIDEBAND pic=40 idx=3e val=0000 motion=1 desc_active=0 persisted=0 active=0
PIC_FIRST_SIDEBAND pic=40 idx=3e val=0000 motion=1 desc_active=0 persisted=0 active=0
PIC_FIRST_SIDEBAND pic=40 idx=3e val=0000 motion=1 desc_active=0 persisted=0 active=0
ARM n=1171 cycle=185760829 hdr=40 persisted=0 started=1
ARM n=1172 cycle=185819572 hdr=40 persisted=0 started=1
ARM n=1173 cycle=185878949 hdr=40 persisted=0 started=1
ARM n=1174 cycle=185945364 hdr=40 persisted=0 started=1
ARM n=1175 cycle=186012202 hdr=40 persisted=0 started=1
ARM n=1176 cycle=186083115 hdr=40 persisted=0 started=1
ARM n=1177 cycle=186159312 hdr=40 persisted=0 started=1
ARM n=1178 cycle=186239823 hdr=40 persisted=0 started=1
ARM n=1179 cycle=186326047 hdr=40 persisted=0 started=1
ARM n=1180 cycle=186415368 hdr=40 persisted=0 started=1
ARM n=1181 cycle=186504980 hdr=40 persisted=0 started=1
ARM n=1182 cycle=186593778 hdr=40 persisted=0 started=1
ARM n=1183 cycle=186676812 hdr=40 persisted=0 started=1
ARM n=1184 cycle=186757394 hdr=40 persisted=0 started=1
ARM n=1185 cycle=186847848 hdr=40 persisted=0 started=1
ARM n=1186 cycle=186930088 hdr=40 persisted=0 started=1
ARM n=1187 cycle=187014005 hdr=40 persisted=0 started=1
ARM n=1188 cycle=187098586 hdr=40 persisted=0 started=1
ARM n=1189 cycle=187174911 hdr=40 persisted=0 started=1
ARM n=1190 cycle=187248714 hdr=40 persisted=0 started=1
ARM n=1191 cycle=187321193 hdr=40 persisted=0 started=1
ARM n=1192 cycle=187392505 hdr=40 persisted=0 started=1
ARM n=1193 cycle=187459947 hdr=40 persisted=0 started=1
ARM n=1194 cycle=187530293 hdr=40 persisted=0 started=1
ARM n=1195 cycle=187604511 hdr=40 persisted=0 started=1
ARM n=1196 cycle=187673521 hdr=40 persisted=0 started=1
ARM n=1197 cycle=187738023 hdr=40 persisted=0 started=1
ARM n=1198 cycle=187805123 hdr=40 persisted=0 started=1
ARM n=1199 cycle=187873687 hdr=40 persisted=0 started=1
PICSTART n=77 cycle=187878860 hdr=40 state=15 geom=1 cand=1 proof=0 rearm_pend=0 hold=1 waiting=0
ORDER FINALQ_RISE cycle=187914850 hdr=40 outstanding=1
ARM n=1200 cycle=187914851 hdr=40 persisted=0 started=1
ORDER MIXEDGE cycle=187938793 hdr=40 finalq=1 produced=0 retired=1
ORDER PICPERS cycle=187938793 hdr=40 finalq=1 produced=0 bsel=0
ORDER COMPLETE cycle=187938794 hdr=40 outstanding=0
PICEVAL cycle=187938795 hdr=40 type=2 geom=1 is_p=1 wide_mode=1 gen_mode=1
PIC_FIRST_SIDEBAND pic=41 idx=3e val=0000 motion=1 desc_active=0 persisted=1 active=0
PERSIST_FALL cycle=187939371 hdr=41 timeout=0 started=0
PIC_FIRST_SIDEBAND pic=41 idx=3e val=0000 motion=1 desc_active=0 persisted=0 active=0
PIC_FIRST_SIDEBAND pic=41 idx=3e val=0000 motion=1 desc_active=0 persisted=0 active=0
PIC_FIRST_SIDEBAND pic=41 idx=3e val=0000 motion=1 desc_active=0 persisted=0 active=0
ARM n=1201 cycle=187979397 hdr=41 persisted=0 started=1
ARM n=1202 cycle=188041955 hdr=41 persisted=0 started=1
ARM n=1203 cycle=188106172 hdr=41 persisted=0 started=1
ARM n=1204 cycle=188175036 hdr=41 persisted=0 started=1
ARM n=1205 cycle=188246285 hdr=41 persisted=0 started=1
ARM n=1206 cycle=188319190 hdr=41 persisted=0 started=1
ARM n=1207 cycle=188399053 hdr=41 persisted=0 started=1
ARM n=1208 cycle=188484550 hdr=41 persisted=0 started=1
ARM n=1209 cycle=188572681 hdr=41 persisted=0 started=1
ARM n=1210 cycle=188661649 hdr=41 persisted=0 started=1
ARM n=1211 cycle=188753205 hdr=41 persisted=0 started=1
ARM n=1212 cycle=188843129 hdr=41 persisted=0 started=1
ARM n=1213 cycle=188928031 hdr=41 persisted=0 started=1
ARM n=1214 cycle=189011354 hdr=41 persisted=0 started=1
ARM n=1215 cycle=189102941 hdr=41 persisted=0 started=1
ARM n=1216 cycle=189177625 hdr=41 persisted=0 started=1
ARM n=1217 cycle=189255049 hdr=41 persisted=0 started=1
ARM n=1218 cycle=189343526 hdr=41 persisted=0 started=1
ARM n=1219 cycle=189427730 hdr=41 persisted=0 started=1
ARM n=1220 cycle=189505148 hdr=41 persisted=0 started=1
ARM n=1221 cycle=189584518 hdr=41 persisted=0 started=1
ARM n=1222 cycle=189660595 hdr=41 persisted=0 started=1
ARM n=1223 cycle=189732794 hdr=41 persisted=0 started=1
ARM n=1224 cycle=189810171 hdr=41 persisted=0 started=1
ARM n=1225 cycle=189884680 hdr=41 persisted=0 started=1
ARM n=1226 cycle=189954170 hdr=41 persisted=0 started=1
SOAK_PROGRESS cycles=190000000 byte=1433652/10334168 p_pictures=40 b_pictures=29 published=47 swaps=66 motion_repeats=0
ROWCOUNT produced=1226 retired=2096 mix_pers=1226 mix_pers_sel=1226 pic_pers=69 mixed_edge=40
WATCHDOG timeout=0 started=0 persisted=0 active=0 arms=1226
ARM n=1227 cycle=190020137 hdr=41 persisted=0 started=1
ARM n=1228 cycle=190087002 hdr=41 persisted=0 started=1
NATIVE_WAIT cycle=190108350 coded=76 type=2 byte=1436124 ready=0 phold=1 dhold=0 writer=1/1/1 reader_region=4 active_bank=2 p_parse=0 p_replay=1 p_row=1 b_parse=0 b_replay=0 b_row=0 pred=1/0
NATIVE_WAIT cycle=191110447 coded=76 type=2 byte=1436124 ready=0 phold=1 dhold=0 writer=1/1/1 reader_region=4 active_bank=2 p_parse=0 p_replay=0 p_row=1 b_parse=0 b_replay=0 b_row=0 pred=1/0
NATIVE_WAIT cycle=192109541 coded=76 type=2 byte=1436124 ready=0 phold=1 dhold=0 writer=1/1/1 reader_region=4 active_bank=2 p_parse=0 p_replay=0 p_row=1 b_parse=0 b_replay=0 b_row=0 pred=1/0
NATIVE_WAIT cycle=193112447 coded=76 type=2 byte=1436124 ready=0 phold=1 dhold=0 writer=1/1/1 reader_region=4 active_bank=2 p_parse=0 p_replay=0 p_row=1 b_parse=0 b_replay=0 b_row=0 pred=1/0
ARM n=1229 cycle=194119338 hdr=41 persisted=0 started=1
PICSTART n=78 cycle=194124593 hdr=41 state=15 geom=1 cand=1 proof=0 rearm_pend=0 hold=1 waiting=0
ORDER FINALQ_RISE cycle=194162619 hdr=41 outstanding=1
ARM n=1230 cycle=194162620 hdr=41 persisted=0 started=1
ORDER MIXEDGE cycle=194185615 hdr=41 finalq=1 produced=0 retired=1
ORDER PICPERS cycle=194185615 hdr=41 finalq=1 produced=0 bsel=0
ORDER COMPLETE cycle=194185616 hdr=41 outstanding=0
PICEVAL cycle=194185617 hdr=41 type=2 geom=1 is_p=1 wide_mode=1 gen_mode=1
PIC_FIRST_SIDEBAND pic=42 idx=3e val=0000 motion=1 desc_active=0 persisted=1 active=0
PERSIST_FALL cycle=197107466 hdr=42 timeout=0 started=0
PIC_FIRST_SIDEBAND pic=42 idx=3e val=0000 motion=1 desc_active=0 persisted=0 active=0
PIC_FIRST_SIDEBAND pic=42 idx=3e val=0000 motion=1 desc_active=0 persisted=0 active=0
PIC_FIRST_SIDEBAND pic=42 idx=3e val=0000 motion=1 desc_active=0 persisted=0 active=0
ARM n=1231 cycle=197153253 hdr=42 persisted=0 started=1
ARM n=1232 cycle=197221353 hdr=42 persisted=0 started=1
ARM n=1233 cycle=197293046 hdr=42 persisted=0 started=1
ARM n=1234 cycle=197368965 hdr=42 persisted=0 started=1
ARM n=1235 cycle=197449068 hdr=42 persisted=0 started=1
ARM n=1236 cycle=197532011 hdr=42 persisted=0 started=1
ARM n=1237 cycle=197619578 hdr=42 persisted=0 started=1
ARM n=1238 cycle=197711883 hdr=42 persisted=0 started=1
ARM n=1239 cycle=197805218 hdr=42 persisted=0 started=1
ARM n=1240 cycle=197900617 hdr=42 persisted=0 started=1
ARM n=1241 cycle=197995953 hdr=42 persisted=0 started=1
ARM n=1242 cycle=198092418 hdr=42 persisted=0 started=1
ARM n=1243 cycle=198185980 hdr=42 persisted=0 started=1
ARM n=1244 cycle=198277186 hdr=42 persisted=0 started=1
ARM n=1245 cycle=198375509 hdr=42 persisted=0 started=1
ARM n=1246 cycle=198461320 hdr=42 persisted=0 started=1
ARM n=1247 cycle=198551283 hdr=42 persisted=0 started=1
ARM n=1248 cycle=198646991 hdr=42 persisted=0 started=1
ARM n=1249 cycle=198737261 hdr=42 persisted=0 started=1
ARM n=1250 cycle=198822138 hdr=42 persisted=0 started=1
ARM n=1251 cycle=198904717 hdr=42 persisted=0 started=1
ARM n=1252 cycle=198987344 hdr=42 persisted=0 started=1
ARM n=1253 cycle=199068316 hdr=42 persisted=0 started=1
ARM n=1254 cycle=199145705 hdr=42 persisted=0 started=1
ARM n=1255 cycle=199227903 hdr=42 persisted=0 started=1
ARM n=1256 cycle=199306560 hdr=42 persisted=0 started=1
ARM n=1257 cycle=199386324 hdr=42 persisted=0 started=1
ARM n=1258 cycle=199466297 hdr=42 persisted=0 started=1
ARM n=1259 cycle=199544025 hdr=42 persisted=0 started=1
PICSTART n=79 cycle=199549259 hdr=42 state=15 geom=1 cand=1 proof=0 rearm_pend=0 hold=1 waiting=0
ORDER FINALQ_RISE cycle=199593845 hdr=42 outstanding=1
ARM n=1260 cycle=199593846 hdr=42 persisted=0 started=1
ORDER MIXEDGE cycle=199617757 hdr=42 finalq=1 produced=0 retired=1
ORDER PICPERS cycle=199617757 hdr=42 finalq=1 produced=0 bsel=0
ORDER COMPLETE cycle=199617758 hdr=42 outstanding=0
PICEVAL cycle=199617759 hdr=42 type=3 geom=1 is_p=1 wide_mode=1 gen_mode=1
SOAK_PROGRESS cycles=200000000 byte=1493056/10334168 p_pictures=42 b_pictures=29 published=49 swaps=69 motion_repeats=0
ROWCOUNT produced=1260 retired=2136 mix_pers=1260 mix_pers_sel=1260 pic_pers=71 mixed_edge=42
WATCHDOG timeout=0 started=1 persisted=1 active=0 arms=1260
PICSTART n=80 cycle=201490756 hdr=42 state=21 geom=1 cand=0 proof=1 rearm_pend=0 hold=0 waiting=0
ORDER PICPERS cycle=201538351 hdr=42 finalq=0 produced=0 bsel=1
PICEVAL cycle=201538353 hdr=42 type=3 geom=1 is_p=0 wide_mode=1 gen_mode=1
PICSTART n=81 cycle=203420356 hdr=42 state=21 geom=1 cand=0 proof=1 rearm_pend=0 hold=0 waiting=0
ORDER PICPERS cycle=203466669 hdr=42 finalq=0 produced=0 bsel=1
PICEVAL cycle=203466671 hdr=42 type=2 geom=1 is_p=0 wide_mode=1 gen_mode=1
PIC_FIRST_SIDEBAND pic=43 idx=3e val=0000 motion=1 desc_active=0 persisted=1 active=0
PERSIST_FALL cycle=203467271 hdr=43 timeout=0 started=0
PIC_FIRST_SIDEBAND pic=43 idx=3e val=0000 motion=1 desc_active=0 persisted=0 active=0
PIC_FIRST_SIDEBAND pic=43 idx=3e val=0000 motion=1 desc_active=0 persisted=0 active=0
PIC_FIRST_SIDEBAND pic=43 idx=3e val=0000 motion=1 desc_active=0 persisted=0 active=0
ARM n=1261 cycle=203511982 hdr=43 persisted=0 started=1
ARM n=1262 cycle=203582825 hdr=43 persisted=0 started=1
ARM n=1263 cycle=203656754 hdr=43 persisted=0 started=1
ARM n=1264 cycle=203734155 hdr=43 persisted=0 started=1
ARM n=1265 cycle=203816186 hdr=43 persisted=0 started=1
ARM n=1266 cycle=203898734 hdr=43 persisted=0 started=1
ARM n=1267 cycle=203986091 hdr=43 persisted=0 started=1
ARM n=1268 cycle=204076680 hdr=43 persisted=0 started=1
ARM n=1269 cycle=204169685 hdr=43 persisted=0 started=1
ARM n=1270 cycle=204263845 hdr=43 persisted=0 started=1
ARM n=1271 cycle=204357476 hdr=43 persisted=0 started=1
ARM n=1272 cycle=204450505 hdr=43 persisted=0 started=1
ARM n=1273 cycle=204542844 hdr=43 persisted=0 started=1
ARM n=1274 cycle=204636248 hdr=43 persisted=0 started=1
ARM n=1275 cycle=204734793 hdr=43 persisted=0 started=1
ARM n=1276 cycle=204822212 hdr=43 persisted=0 started=1
ARM n=1277 cycle=204913342 hdr=43 persisted=0 started=1
ARM n=1278 cycle=205004998 hdr=43 persisted=0 started=1
ARM n=1279 cycle=205093357 hdr=43 persisted=0 started=1
ARM n=1280 cycle=205178800 hdr=43 persisted=0 started=1
ARM n=1281 cycle=205261331 hdr=43 persisted=0 started=1
ARM n=1282 cycle=205344536 hdr=43 persisted=0 started=1
ARM n=1283 cycle=205424878 hdr=43 persisted=0 started=1
ARM n=1284 cycle=205504885 hdr=43 persisted=0 started=1
ARM n=1285 cycle=205584793 hdr=43 persisted=0 started=1
ARM n=1286 cycle=205660385 hdr=43 persisted=0 started=1
ARM n=1287 cycle=205736042 hdr=43 persisted=0 started=1
ARM n=1288 cycle=205811870 hdr=43 persisted=0 started=1
ARM n=1289 cycle=205885886 hdr=43 persisted=0 started=1
PICSTART n=82 cycle=205891057 hdr=43 state=16 geom=1 cand=1 proof=0 rearm_pend=0 hold=1 waiting=0
ORDER FINALQ_RISE cycle=205930883 hdr=43 outstanding=1
ARM n=1290 cycle=205930884 hdr=43 persisted=0 started=1
ORDER MIXEDGE cycle=205955176 hdr=43 finalq=1 produced=0 retired=1
ORDER PICPERS cycle=205955176 hdr=43 finalq=1 produced=0 bsel=0
ORDER COMPLETE cycle=205955177 hdr=43 outstanding=0
PICEVAL cycle=206113963 hdr=43 type=2 geom=1 is_p=1 wide_mode=1 gen_mode=1
PIC_FIRST_SIDEBAND pic=44 idx=3e val=0000 motion=1 desc_active=0 persisted=1 active=0
PERSIST_FALL cycle=206114585 hdr=44 timeout=0 started=0
PIC_FIRST_SIDEBAND pic=44 idx=3e val=0000 motion=1 desc_active=0 persisted=0 active=0
PIC_FIRST_SIDEBAND pic=44 idx=3e val=0000 motion=1 desc_active=0 persisted=0 active=0
PIC_FIRST_SIDEBAND pic=44 idx=3e val=0000 motion=1 desc_active=0 persisted=0 active=0
ARM n=1291 cycle=206163859 hdr=44 persisted=0 started=1
ARM n=1292 cycle=206240140 hdr=44 persisted=0 started=1
ARM n=1293 cycle=206323578 hdr=44 persisted=0 started=1
ARM n=1294 cycle=206407306 hdr=44 persisted=0 started=1
ARM n=1295 cycle=206494310 hdr=44 persisted=0 started=1
ARM n=1296 cycle=206584582 hdr=44 persisted=0 started=1
ARM n=1297 cycle=206677848 hdr=44 persisted=0 started=1
ARM n=1298 cycle=206772743 hdr=44 persisted=0 started=1
ARM n=1299 cycle=206868231 hdr=44 persisted=0 started=1
ARM n=1300 cycle=206965038 hdr=44 persisted=0 started=1
ARM n=1301 cycle=207060902 hdr=44 persisted=0 started=1
ARM n=1302 cycle=207156336 hdr=44 persisted=0 started=1
ARM n=1303 cycle=207251781 hdr=44 persisted=0 started=1
ARM n=1304 cycle=207353126 hdr=44 persisted=0 started=1
ARM n=1305 cycle=207460218 hdr=44 persisted=0 started=1
ARM n=1306 cycle=207559730 hdr=44 persisted=0 started=1
ARM n=1307 cycle=207652464 hdr=44 persisted=0 started=1
ARM n=1308 cycle=207747896 hdr=44 persisted=0 started=1
ARM n=1309 cycle=207836402 hdr=44 persisted=0 started=1
ARM n=1310 cycle=207918687 hdr=44 persisted=0 started=1
ARM n=1311 cycle=208001772 hdr=44 persisted=0 started=1
ARM n=1312 cycle=208081428 hdr=44 persisted=0 started=1
ARM n=1313 cycle=208160149 hdr=44 persisted=0 started=1
SOAK_PROGRESS cycles=210000000 byte=1635988/10334168 p_pictures=43 b_pictures=31 published=50 swaps=72 motion_repeats=0
ROWCOUNT produced=1313 retired=2243 mix_pers=1313 mix_pers_sel=1313 pic_pers=74 mixed_edge=43
WATCHDOG timeout=0 started=0 persisted=0 active=0 arms=1313
ARM n=1314 cycle=211196509 hdr=44 persisted=0 started=1
ARM n=1315 cycle=211273009 hdr=44 persisted=0 started=1
ARM n=1316 cycle=211346758 hdr=44 persisted=0 started=1
ARM n=1317 cycle=211420668 hdr=44 persisted=0 started=1
ARM n=1318 cycle=211493687 hdr=44 persisted=0 started=1
ARM n=1319 cycle=211568776 hdr=44 persisted=0 started=1
PICSTART n=83 cycle=211578447 hdr=44 state=15 geom=1 cand=1 proof=0 rearm_pend=0 hold=1 waiting=0
ORDER FINALQ_RISE cycle=211622021 hdr=44 outstanding=1
ARM n=1320 cycle=211622022 hdr=44 persisted=0 started=1
ORDER MIXEDGE cycle=211646372 hdr=44 finalq=1 produced=0 retired=1
ORDER PICPERS cycle=211646372 hdr=44 finalq=1 produced=0 bsel=0
ORDER COMPLETE cycle=211646373 hdr=44 outstanding=0
PICEVAL cycle=211646374 hdr=44 type=3 geom=1 is_p=1 wide_mode=1 gen_mode=1
PICSTART n=84 cycle=213610435 hdr=44 state=21 geom=1 cand=0 proof=1 rearm_pend=0 hold=0 waiting=0
ORDER PICPERS cycle=213658980 hdr=44 finalq=0 produced=0 bsel=1
PICEVAL cycle=213658982 hdr=44 type=3 geom=1 is_p=0 wide_mode=1 gen_mode=1
ORDER PICPERS cycle=215723148 hdr=44 finalq=0 produced=0 bsel=1
PICSTART n=85 cycle=215723309 hdr=44 state=21 geom=1 cand=0 proof=1 rearm_pend=0 hold=0 waiting=0
PICEVAL cycle=215723310 hdr=44 type=1 geom=1 is_p=0 wide_mode=1 gen_mode=1
PICSTART n=86 cycle=217921211 hdr=44 state=21 geom=1 cand=0 proof=1 rearm_pend=0 hold=0 waiting=0
PICEVAL cycle=217921220 hdr=44 type=3 geom=1 is_p=0 wide_mode=1 gen_mode=1
PICSTART n=87 cycle=219788594 hdr=44 state=21 geom=1 cand=0 proof=1 rearm_pend=0 hold=0 waiting=0
ORDER PICPERS cycle=219844255 hdr=44 finalq=0 produced=0 bsel=1
SOAK_PROGRESS cycles=220000000 byte=1789001/10334168 p_pictures=44 b_pictures=34 published=52 swaps=75 motion_repeats=0
ROWCOUNT produced=1320 retired=2340 mix_pers=1320 mix_pers_sel=1320 pic_pers=78 mixed_edge=44
WATCHDOG timeout=0 started=1 persisted=1 active=0 arms=1320
PICEVAL cycle=220127964 hdr=44 type=3 geom=1 is_p=0 wide_mode=1 gen_mode=1
PICSTART n=88 cycle=221831995 hdr=44 state=21 geom=1 cand=0 proof=1 rearm_pend=0 hold=0 waiting=0
ORDER PICPERS cycle=221883212 hdr=44 finalq=0 produced=0 bsel=1
PICEVAL cycle=221883214 hdr=44 type=2 geom=1 is_p=0 wide_mode=1 gen_mode=1
PIC_FIRST_SIDEBAND pic=45 idx=3e val=0000 motion=1 desc_active=0 persisted=1 active=0
PERSIST_FALL cycle=221883793 hdr=45 timeout=0 started=0
PIC_FIRST_SIDEBAND pic=45 idx=3e val=0000 motion=1 desc_active=0 persisted=0 active=0
PIC_FIRST_SIDEBAND pic=45 idx=3e val=0000 motion=1 desc_active=0 persisted=0 active=0
PIC_FIRST_SIDEBAND pic=45 idx=3e val=0000 motion=1 desc_active=0 persisted=0 active=0
ARM n=1321 cycle=221921664 hdr=45 persisted=0 started=1
ARM n=1322 cycle=221994280 hdr=45 persisted=0 started=1
ARM n=1323 cycle=222072846 hdr=45 persisted=0 started=1
ARM n=1324 cycle=222152908 hdr=45 persisted=0 started=1
ARM n=1325 cycle=222232247 hdr=45 persisted=0 started=1
ARM n=1326 cycle=222309374 hdr=45 persisted=0 started=1
ARM n=1327 cycle=222387984 hdr=45 persisted=0 started=1
ARM n=1328 cycle=222467232 hdr=45 persisted=0 started=1
ARM n=1329 cycle=222543798 hdr=45 persisted=0 started=1
ARM n=1330 cycle=222620277 hdr=45 persisted=0 started=1
ARM n=1331 cycle=222698932 hdr=45 persisted=0 started=1
ARM n=1332 cycle=222777614 hdr=45 persisted=0 started=1
ARM n=1333 cycle=222854464 hdr=45 persisted=0 started=1
ARM n=1334 cycle=222937076 hdr=45 persisted=0 started=1
ARM n=1335 cycle=223027842 hdr=45 persisted=0 started=1
ARM n=1336 cycle=223116440 hdr=45 persisted=0 started=1
ARM n=1337 cycle=223203420 hdr=45 persisted=0 started=1
ARM n=1338 cycle=223289769 hdr=45 persisted=0 started=1
ARM n=1339 cycle=223373063 hdr=45 persisted=0 started=1
ARM n=1340 cycle=223456492 hdr=45 persisted=0 started=1
ARM n=1341 cycle=223535928 hdr=45 persisted=0 started=1
ARM n=1342 cycle=223613534 hdr=45 persisted=0 started=1
ARM n=1343 cycle=223686927 hdr=45 persisted=0 started=1
ARM n=1344 cycle=223761517 hdr=45 persisted=0 started=1
ARM n=1345 cycle=223830799 hdr=45 persisted=0 started=1
ARM n=1346 cycle=223901927 hdr=45 persisted=0 started=1
ARM n=1347 cycle=223981240 hdr=45 persisted=0 started=1
ARM n=1348 cycle=224059032 hdr=45 persisted=0 started=1
ARM n=1349 cycle=224135964 hdr=45 persisted=0 started=1
PICSTART n=89 cycle=224141155 hdr=45 state=15 geom=1 cand=1 proof=0 rearm_pend=0 hold=1 waiting=0
ORDER FINALQ_RISE cycle=224180044 hdr=45 outstanding=1
ARM n=1350 cycle=224180045 hdr=45 persisted=0 started=1
ORDER MIXEDGE cycle=224205344 hdr=45 finalq=1 produced=0 retired=1
ORDER PICPERS cycle=224205344 hdr=45 finalq=1 produced=0 bsel=0
ORDER COMPLETE cycle=224205345 hdr=45 outstanding=0
PICEVAL cycle=225134870 hdr=45 type=2 geom=1 is_p=1 wide_mode=1 gen_mode=1
PIC_FIRST_SIDEBAND pic=46 idx=3e val=0000 motion=1 desc_active=0 persisted=1 active=0
PERSIST_FALL cycle=225135474 hdr=46 timeout=0 started=0
PIC_FIRST_SIDEBAND pic=46 idx=3e val=0000 motion=1 desc_active=0 persisted=0 active=0
PIC_FIRST_SIDEBAND pic=46 idx=3e val=0000 motion=1 desc_active=0 persisted=0 active=0
PIC_FIRST_SIDEBAND pic=46 idx=3e val=0000 motion=1 desc_active=0 persisted=0 active=0
ARM n=1351 cycle=225178776 hdr=46 persisted=0 started=1
ARM n=1352 cycle=225256750 hdr=46 persisted=0 started=1
ARM n=1353 cycle=225337813 hdr=46 persisted=0 started=1
ARM n=1354 cycle=225420008 hdr=46 persisted=0 started=1
ARM n=1355 cycle=225502318 hdr=46 persisted=0 started=1
ARM n=1356 cycle=225581547 hdr=46 persisted=0 started=1
ARM n=1357 cycle=225661783 hdr=46 persisted=0 started=1
ARM n=1358 cycle=225740208 hdr=46 persisted=0 started=1
ARM n=1359 cycle=225820297 hdr=46 persisted=0 started=1
ARM n=1360 cycle=225901414 hdr=46 persisted=0 started=1
ARM n=1361 cycle=225983014 hdr=46 persisted=0 started=1
ARM n=1362 cycle=226063325 hdr=46 persisted=0 started=1
ARM n=1363 cycle=226143104 hdr=46 persisted=0 started=1
ARM n=1364 cycle=226229629 hdr=46 persisted=0 started=1
ARM n=1365 cycle=226321026 hdr=46 persisted=0 started=1
ARM n=1366 cycle=226410077 hdr=46 persisted=0 started=1
ARM n=1367 cycle=226501912 hdr=46 persisted=0 started=1
ARM n=1368 cycle=226592352 hdr=46 persisted=0 started=1
ARM n=1369 cycle=226677624 hdr=46 persisted=0 started=1
ARM n=1370 cycle=226763340 hdr=46 persisted=0 started=1
ARM n=1371 cycle=226846551 hdr=46 persisted=0 started=1
ARM n=1372 cycle=226930487 hdr=46 persisted=0 started=1
ARM n=1373 cycle=227009692 hdr=46 persisted=0 started=1
ARM n=1374 cycle=227087506 hdr=46 persisted=0 started=1
ARM n=1375 cycle=227161764 hdr=46 persisted=0 started=1
ARM n=1376 cycle=227240368 hdr=46 persisted=0 started=1
ARM n=1377 cycle=227323560 hdr=46 persisted=0 started=1
ARM n=1378 cycle=227402232 hdr=46 persisted=0 started=1
ARM n=1379 cycle=227479949 hdr=46 persisted=0 started=1
PICSTART n=90 cycle=227485116 hdr=46 state=15 geom=1 cand=1 proof=0 rearm_pend=0 hold=1 waiting=0
ORDER FINALQ_RISE cycle=227522366 hdr=46 outstanding=1
ARM n=1380 cycle=227522367 hdr=46 persisted=0 started=1
ORDER MIXEDGE cycle=227546950 hdr=46 finalq=1 produced=0 retired=1
ORDER PICPERS cycle=227546950 hdr=46 finalq=1 produced=0 bsel=0
ORDER COMPLETE cycle=227546951 hdr=46 outstanding=0
PICEVAL cycle=227546952 hdr=46 type=2 geom=1 is_p=1 wide_mode=1 gen_mode=1
PIC_FIRST_SIDEBAND pic=47 idx=3e val=0000 motion=1 desc_active=0 persisted=1 active=0
PERSIST_FALL cycle=227547569 hdr=47 timeout=0 started=0
PIC_FIRST_SIDEBAND pic=47 idx=3e val=0000 motion=1 desc_active=0 persisted=0 active=0
PIC_FIRST_SIDEBAND pic=47 idx=3e val=0000 motion=1 desc_active=0 persisted=0 active=0
PIC_FIRST_SIDEBAND pic=47 idx=3e val=0000 motion=1 desc_active=0 persisted=0 active=0
ARM n=1381 cycle=227595221 hdr=47 persisted=0 started=1
ARM n=1382 cycle=227678995 hdr=47 persisted=0 started=1
ARM n=1383 cycle=227765679 hdr=47 persisted=0 started=1
ARM n=1384 cycle=227850877 hdr=47 persisted=0 started=1
ARM n=1385 cycle=227936025 hdr=47 persisted=0 started=1
ARM n=1386 cycle=228017625 hdr=47 persisted=0 started=1
ARM n=1387 cycle=228096553 hdr=47 persisted=0 started=1
ARM n=1388 cycle=228177365 hdr=47 persisted=0 started=1
NATIVE_WAIT cycle=228187441 coded=89 type=2 byte=1899532 ready=1 phold=1 dhold=0 writer=1/1/1 reader_region=0 active_bank=0 p_parse=0 p_replay=0 p_row=0 b_parse=0 b_replay=0 b_row=0 pred=1/0
NATIVE_WAIT cycle=229148448 coded=89 type=2 byte=1899532 ready=1 phold=1 dhold=0 writer=1/1/1 reader_region=0 active_bank=0 p_parse=0 p_replay=0 p_row=0 b_parse=0 b_replay=0 b_row=0 pred=1/0
SOAK_PROGRESS cycles=230000000 byte=1899532/10334168 p_pictures=46 b_pictures=35 published=54 swaps=79 motion_repeats=0
ROWCOUNT produced=1388 retired=2437 mix_pers=1387 mix_pers_sel=1387 pic_pers=81 mixed_edge=46
WATCHDOG timeout=14954580 started=1 persisted=0 active=1 arms=1388
NATIVE_WAIT cycle=230147541 coded=89 type=2 byte=1899532 ready=1 phold=1 dhold=0 writer=1/1/1 reader_region=0 active_bank=0 p_parse=0 p_replay=0 p_row=0 b_parse=0 b_replay=0 b_row=0 pred=1/0
NATIVE_WAIT cycle=231150448 coded=89 type=2 byte=1899532 ready=1 phold=1 dhold=0 writer=1/1/1 reader_region=0 active_bank=0 p_parse=0 p_replay=0 p_row=0 b_parse=0 b_replay=0 b_row=0 pred=1/0
ARM n=1389 cycle=232221328 hdr=47 persisted=0 started=1
ARM n=1390 cycle=232303477 hdr=47 persisted=0 started=1
ARM n=1391 cycle=232385392 hdr=47 persisted=0 started=1
ARM n=1392 cycle=232466186 hdr=47 persisted=0 started=1
ARM n=1393 cycle=232545866 hdr=47 persisted=0 started=1
ARM n=1394 cycle=232634915 hdr=47 persisted=0 started=1
ARM n=1395 cycle=232723934 hdr=47 persisted=0 started=1
ARM n=1396 cycle=232814754 hdr=47 persisted=0 started=1
ARM n=1397 cycle=232906176 hdr=47 persisted=0 started=1
ARM n=1398 cycle=232995671 hdr=47 persisted=0 started=1
ARM n=1399 cycle=233082535 hdr=47 persisted=0 started=1
ARM n=1400 cycle=233168805 hdr=47 persisted=0 started=1
ARM n=1401 cycle=233255162 hdr=47 persisted=0 started=1
ARM n=1402 cycle=233338275 hdr=47 persisted=0 started=1
ARM n=1403 cycle=233416130 hdr=47 persisted=0 started=1
ARM n=1404 cycle=233495383 hdr=47 persisted=0 started=1
ARM n=1405 cycle=233575525 hdr=47 persisted=0 started=1
ARM n=1406 cycle=233660225 hdr=47 persisted=0 started=1
ARM n=1407 cycle=233742166 hdr=47 persisted=0 started=1
ARM n=1408 cycle=233822463 hdr=47 persisted=0 started=1
ARM n=1409 cycle=233907341 hdr=47 persisted=0 started=1
PICSTART n=91 cycle=233916956 hdr=47 state=15 geom=1 cand=1 proof=0 rearm_pend=0 hold=1 waiting=0
ORDER FINALQ_RISE cycle=233956425 hdr=47 outstanding=1
ARM n=1410 cycle=233956426 hdr=47 persisted=0 started=1
ORDER MIXEDGE cycle=233982324 hdr=47 finalq=1 produced=0 retired=1
ORDER PICPERS cycle=233982324 hdr=47 finalq=1 produced=0 bsel=0
ORDER COMPLETE cycle=233982325 hdr=47 outstanding=0
PICEVAL cycle=233982326 hdr=47 type=2 geom=1 is_p=1 wide_mode=1 gen_mode=1
PIC_FIRST_SIDEBAND pic=48 idx=3e val=0000 motion=1 desc_active=0 persisted=1 active=0
PERSIST_FALL cycle=235145483 hdr=48 timeout=0 started=0
PIC_FIRST_SIDEBAND pic=48 idx=3e val=0000 motion=1 desc_active=0 persisted=0 active=0
PIC_FIRST_SIDEBAND pic=48 idx=3e val=0000 motion=1 desc_active=0 persisted=0 active=0
PIC_FIRST_SIDEBAND pic=48 idx=3e val=0000 motion=1 desc_active=0 persisted=0 active=0
ARM n=1411 cycle=235195395 hdr=48 persisted=0 started=1
ARM n=1412 cycle=235281395 hdr=48 persisted=0 started=1
ARM n=1413 cycle=235365412 hdr=48 persisted=0 started=1
ARM n=1414 cycle=235452674 hdr=48 persisted=0 started=1
ARM n=1415 cycle=235534892 hdr=48 persisted=0 started=1
ARM n=1416 cycle=235615223 hdr=48 persisted=0 started=1
ARM n=1417 cycle=235697777 hdr=48 persisted=0 started=1
ARM n=1418 cycle=235781701 hdr=48 persisted=0 started=1
ARM n=1419 cycle=235862735 hdr=48 persisted=0 started=1
ARM n=1420 cycle=235940878 hdr=48 persisted=0 started=1
ARM n=1421 cycle=236020849 hdr=48 persisted=0 started=1
ARM n=1422 cycle=236103350 hdr=48 persisted=0 started=1
ARM n=1423 cycle=236183780 hdr=48 persisted=0 started=1
ARM n=1424 cycle=236269014 hdr=48 persisted=0 started=1
ARM n=1425 cycle=236358564 hdr=48 persisted=0 started=1
ARM n=1426 cycle=236446376 hdr=48 persisted=0 started=1
ARM n=1427 cycle=236537518 hdr=48 persisted=0 started=1
ARM n=1428 cycle=236627161 hdr=48 persisted=0 started=1
ARM n=1429 cycle=236711841 hdr=48 persisted=0 started=1
ARM n=1430 cycle=236796376 hdr=48 persisted=0 started=1
ARM n=1431 cycle=236881178 hdr=48 persisted=0 started=1
ARM n=1432 cycle=236961606 hdr=48 persisted=0 started=1
ARM n=1433 cycle=237040449 hdr=48 persisted=0 started=1
ARM n=1434 cycle=237122264 hdr=48 persisted=0 started=1
ARM n=1435 cycle=237209831 hdr=48 persisted=0 started=1
ARM n=1436 cycle=237300715 hdr=48 persisted=0 started=1
ARM n=1437 cycle=237390114 hdr=48 persisted=0 started=1
ARM n=1438 cycle=237480472 hdr=48 persisted=0 started=1
ARM n=1439 cycle=237574484 hdr=48 persisted=0 started=1
PICSTART n=92 cycle=237584178 hdr=48 state=16 geom=1 cand=1 proof=0 rearm_pend=0 hold=1 waiting=0
ORDER FINALQ_RISE cycle=237628364 hdr=48 outstanding=1
ARM n=1440 cycle=237628365 hdr=48 persisted=0 started=1
ORDER MIXEDGE cycle=237652881 hdr=48 finalq=1 produced=0 retired=1
ORDER PICPERS cycle=237652881 hdr=48 finalq=1 produced=0 bsel=0
ORDER COMPLETE cycle=237652882 hdr=48 outstanding=0
PICEVAL cycle=237652883 hdr=48 type=2 geom=1 is_p=1 wide_mode=1 gen_mode=1
PIC_FIRST_SIDEBAND pic=49 idx=3e val=0000 motion=1 desc_active=0 persisted=1 active=0
PERSIST_FALL cycle=238146554 hdr=49 timeout=0 started=0
PIC_FIRST_SIDEBAND pic=49 idx=3e val=0000 motion=1 desc_active=0 persisted=0 active=0
PIC_FIRST_SIDEBAND pic=49 idx=3e val=0000 motion=1 desc_active=0 persisted=0 active=0
PIC_FIRST_SIDEBAND pic=49 idx=3e val=0000 motion=1 desc_active=0 persisted=0 active=0
ARM n=1441 cycle=238195100 hdr=49 persisted=0 started=1
ARM n=1442 cycle=238277378 hdr=49 persisted=0 started=1
ARM n=1443 cycle=238363722 hdr=49 persisted=0 started=1
ARM n=1444 cycle=238450899 hdr=49 persisted=0 started=1
ARM n=1445 cycle=238535157 hdr=49 persisted=0 started=1
ARM n=1446 cycle=238619862 hdr=49 persisted=0 started=1
ARM n=1447 cycle=238702556 hdr=49 persisted=0 started=1
ARM n=1448 cycle=238785506 hdr=49 persisted=0 started=1
ARM n=1449 cycle=238866521 hdr=49 persisted=0 started=1
ARM n=1450 cycle=238950095 hdr=49 persisted=0 started=1
ARM n=1451 cycle=239033656 hdr=49 persisted=0 started=1
ARM n=1452 cycle=239115945 hdr=49 persisted=0 started=1
ARM n=1453 cycle=239196326 hdr=49 persisted=0 started=1
ARM n=1454 cycle=239283849 hdr=49 persisted=0 started=1
ARM n=1455 cycle=239371306 hdr=49 persisted=0 started=1
ARM n=1456 cycle=239459363 hdr=49 persisted=0 started=1
ARM n=1457 cycle=239552209 hdr=49 persisted=0 started=1
ARM n=1458 cycle=239644412 hdr=49 persisted=0 started=1
ARM n=1459 cycle=239733620 hdr=49 persisted=0 started=1
ARM n=1460 cycle=239823421 hdr=49 persisted=0 started=1
ARM n=1461 cycle=239910835 hdr=49 persisted=0 started=1
ARM n=1462 cycle=239994925 hdr=49 persisted=0 started=1
SOAK_PROGRESS cycles=240000000 byte=2009166/10334168 p_pictures=48 b_pictures=35 published=56 swaps=82 motion_repeats=0
ROWCOUNT produced=1462 retired=2511 mix_pers=1461 mix_pers_sel=1461 pic_pers=83 mixed_edge=48
WATCHDOG timeout=16772140 started=1 persisted=0 active=1 arms=1462
ARM n=1463 cycle=240078456 hdr=49 persisted=0 started=1
ARM n=1464 cycle=240167172 hdr=49 persisted=0 started=1
ARM n=1465 cycle=240256709 hdr=49 persisted=0 started=1
ARM n=1466 cycle=240344905 hdr=49 persisted=0 started=1
ARM n=1467 cycle=240435925 hdr=49 persisted=0 started=1
ARM n=1468 cycle=240529132 hdr=49 persisted=0 started=1
ARM n=1469 cycle=240623561 hdr=49 persisted=0 started=1
PICSTART n=93 cycle=240633250 hdr=49 state=18 geom=1 cand=1 proof=0 rearm_pend=0 hold=1 waiting=0
ORDER FINALQ_RISE cycle=240678714 hdr=49 outstanding=1
ARM n=1470 cycle=240678715 hdr=49 persisted=0 started=1
ORDER MIXEDGE cycle=240703547 hdr=49 finalq=1 produced=0 retired=1
ORDER PICPERS cycle=240703547 hdr=49 finalq=1 produced=0 bsel=0
ORDER COMPLETE cycle=240703548 hdr=49 outstanding=0
PICEVAL cycle=240703549 hdr=49 type=2 geom=1 is_p=1 wide_mode=1 gen_mode=1
PIC_FIRST_SIDEBAND pic=50 idx=3e val=0000 motion=1 desc_active=0 persisted=1 active=0
PERSIST_FALL cycle=242150642 hdr=50 timeout=0 started=0
PIC_FIRST_SIDEBAND pic=50 idx=3e val=0000 motion=1 desc_active=0 persisted=0 active=0
PIC_FIRST_SIDEBAND pic=50 idx=3e val=0000 motion=1 desc_active=0 persisted=0 active=0
PIC_FIRST_SIDEBAND pic=50 idx=3e val=0000 motion=1 desc_active=0 persisted=0 active=0
ARM n=1471 cycle=242203007 hdr=50 persisted=0 started=1
ARM n=1472 cycle=242289721 hdr=50 persisted=0 started=1
ARM n=1473 cycle=242374539 hdr=50 persisted=0 started=1
ARM n=1474 cycle=242458649 hdr=50 persisted=0 started=1
ARM n=1475 cycle=242542491 hdr=50 persisted=0 started=1
ARM n=1476 cycle=242626799 hdr=50 persisted=0 started=1
ARM n=1477 cycle=242708025 hdr=50 persisted=0 started=1
ARM n=1478 cycle=242791733 hdr=50 persisted=0 started=1
ARM n=1479 cycle=242875873 hdr=50 persisted=0 started=1
ARM n=1480 cycle=242957672 hdr=50 persisted=0 started=1
ARM n=1481 cycle=243037053 hdr=50 persisted=0 started=1
ARM n=1482 cycle=243119546 hdr=50 persisted=0 started=1
ARM n=1483 cycle=243201982 hdr=50 persisted=0 started=1
ARM n=1484 cycle=243289397 hdr=50 persisted=0 started=1
ARM n=1485 cycle=243379044 hdr=50 persisted=0 started=1
ARM n=1486 cycle=243469434 hdr=50 persisted=0 started=1
ARM n=1487 cycle=243561131 hdr=50 persisted=0 started=1
ARM n=1488 cycle=243652212 hdr=50 persisted=0 started=1
ARM n=1489 cycle=243741950 hdr=50 persisted=0 started=1
ARM n=1490 cycle=243832078 hdr=50 persisted=0 started=1
ARM n=1491 cycle=243920604 hdr=50 persisted=0 started=1
ARM n=1492 cycle=244005712 hdr=50 persisted=0 started=1
ARM n=1493 cycle=244094990 hdr=50 persisted=0 started=1
ARM n=1494 cycle=244187341 hdr=50 persisted=0 started=1
ARM n=1495 cycle=244277056 hdr=50 persisted=0 started=1
ARM n=1496 cycle=244369534 hdr=50 persisted=0 started=1
ARM n=1497 cycle=244462175 hdr=50 persisted=0 started=1
ARM n=1498 cycle=244552423 hdr=50 persisted=0 started=1
ARM n=1499 cycle=244649228 hdr=50 persisted=0 started=1
PICSTART n=94 cycle=244658964 hdr=50 state=13 geom=1 cand=1 proof=0 rearm_pend=0 hold=1 waiting=0
ORDER FINALQ_RISE cycle=244705120 hdr=50 outstanding=1
ARM n=1500 cycle=244705121 hdr=50 persisted=0 started=1
ORDER MIXEDGE cycle=244730640 hdr=50 finalq=1 produced=0 retired=1
ORDER PICPERS cycle=244730640 hdr=50 finalq=1 produced=0 bsel=0
ORDER COMPLETE cycle=244730641 hdr=50 outstanding=0
PICEVAL cycle=244730642 hdr=50 type=2 geom=1 is_p=1 wide_mode=1 gen_mode=1
PIC_FIRST_SIDEBAND pic=51 idx=3e val=0000 motion=1 desc_active=0 persisted=1 active=0
PERSIST_FALL cycle=245155542 hdr=51 timeout=0 started=0
PIC_FIRST_SIDEBAND pic=51 idx=3e val=0000 motion=1 desc_active=0 persisted=0 active=0
PIC_FIRST_SIDEBAND pic=51 idx=3e val=0000 motion=1 desc_active=0 persisted=0 active=0
PIC_FIRST_SIDEBAND pic=51 idx=3e val=0000 motion=1 desc_active=0 persisted=0 active=0
ARM n=1501 cycle=245209733 hdr=51 persisted=0 started=1
ARM n=1502 cycle=245297758 hdr=51 persisted=0 started=1
ARM n=1503 cycle=245383362 hdr=51 persisted=0 started=1
ARM n=1504 cycle=245468095 hdr=51 persisted=0 started=1
ARM n=1505 cycle=245553099 hdr=51 persisted=0 started=1
ARM n=1506 cycle=245636691 hdr=51 persisted=0 started=1
ARM n=1507 cycle=245721374 hdr=51 persisted=0 started=1
ARM n=1508 cycle=245804382 hdr=51 persisted=0 started=1
ARM n=1509 cycle=245888269 hdr=51 persisted=0 started=1
ARM n=1510 cycle=245967810 hdr=51 persisted=0 started=1
ARM n=1511 cycle=246048802 hdr=51 persisted=0 started=1
ARM n=1512 cycle=246130389 hdr=51 persisted=0 started=1
ARM n=1513 cycle=246210770 hdr=51 persisted=0 started=1
ARM n=1514 cycle=246298603 hdr=51 persisted=0 started=1
ARM n=1515 cycle=246384350 hdr=51 persisted=0 started=1
ARM n=1516 cycle=246474334 hdr=51 persisted=0 started=1
ARM n=1517 cycle=246565272 hdr=51 persisted=0 started=1
ARM n=1518 cycle=246656033 hdr=51 persisted=0 started=1
ARM n=1519 cycle=246744043 hdr=51 persisted=0 started=1
ARM n=1520 cycle=246833492 hdr=51 persisted=0 started=1
ARM n=1521 cycle=246921627 hdr=51 persisted=0 started=1
ARM n=1522 cycle=247007108 hdr=51 persisted=0 started=1
ARM n=1523 cycle=247099065 hdr=51 persisted=0 started=1
ARM n=1524 cycle=247193756 hdr=51 persisted=0 started=1
ARM n=1525 cycle=247284270 hdr=51 persisted=0 started=1
ARM n=1526 cycle=247377720 hdr=51 persisted=0 started=1
ARM n=1527 cycle=247467575 hdr=51 persisted=0 started=1
ARM n=1528 cycle=247560909 hdr=51 persisted=0 started=1
ARM n=1529 cycle=247655579 hdr=51 persisted=0 started=1
PICSTART n=95 cycle=247665194 hdr=51 state=13 geom=1 cand=1 proof=0 rearm_pend=0 hold=1 waiting=0
ORDER FINALQ_RISE cycle=247710669 hdr=51 outstanding=1
ARM n=1530 cycle=247710670 hdr=51 persisted=0 started=1
ORDER MIXEDGE cycle=247736252 hdr=51 finalq=1 produced=0 retired=1
ORDER PICPERS cycle=247736252 hdr=51 finalq=1 produced=0 bsel=0
ORDER COMPLETE cycle=247736253 hdr=51 outstanding=0
PICEVAL cycle=247736254 hdr=51 type=2 geom=1 is_p=1 wide_mode=1 gen_mode=1
PIC_FIRST_SIDEBAND pic=52 idx=3e val=0000 motion=1 desc_active=0 persisted=1 active=0
PERSIST_FALL cycle=249159557 hdr=52 timeout=0 started=0
PIC_FIRST_SIDEBAND pic=52 idx=3e val=0000 motion=1 desc_active=0 persisted=0 active=0
PIC_FIRST_SIDEBAND pic=52 idx=3e val=0000 motion=1 desc_active=0 persisted=0 active=0
PIC_FIRST_SIDEBAND pic=52 idx=3e val=0000 motion=1 desc_active=0 persisted=0 active=0
ARM n=1531 cycle=249211367 hdr=52 persisted=0 started=1
ARM n=1532 cycle=249297556 hdr=52 persisted=0 started=1
ARM n=1533 cycle=249384975 hdr=52 persisted=0 started=1
ARM n=1534 cycle=249471844 hdr=52 persisted=0 started=1
ARM n=1535 cycle=249558202 hdr=52 persisted=0 started=1
ARM n=1536 cycle=249644298 hdr=52 persisted=0 started=1
ARM n=1537 cycle=249728656 hdr=52 persisted=0 started=1
ARM n=1538 cycle=249811629 hdr=52 persisted=0 started=1
ARM n=1539 cycle=249896772 hdr=52 persisted=0 started=1
ARM n=1540 cycle=249978833 hdr=52 persisted=0 started=1
SOAK_PROGRESS cycles=250000000 byte=2130184/10334168 p_pictures=51 b_pictures=35 published=59 swaps=85 motion_repeats=0
ROWCOUNT produced=1540 retired=2589 mix_pers=1539 mix_pers_sel=1539 pic_pers=86 mixed_edge=51
WATCHDOG timeout=16756048 started=1 persisted=0 active=1 arms=1540
ARM n=1541 cycle=250061547 hdr=52 persisted=0 started=1
ARM n=1542 cycle=250142697 hdr=52 persisted=0 started=1
ARM n=1543 cycle=250226475 hdr=52 persisted=0 started=1
ARM n=1544 cycle=250313048 hdr=52 persisted=0 started=1
ARM n=1545 cycle=250400973 hdr=52 persisted=0 started=1
ARM n=1546 cycle=250490420 hdr=52 persisted=0 started=1
ARM n=1547 cycle=250581356 hdr=52 persisted=0 started=1
ARM n=1548 cycle=250671296 hdr=52 persisted=0 started=1
ARM n=1549 cycle=250762724 hdr=52 persisted=0 started=1
ARM n=1550 cycle=250853943 hdr=52 persisted=0 started=1
ARM n=1551 cycle=250941751 hdr=52 persisted=0 started=1
ARM n=1552 cycle=251031311 hdr=52 persisted=0 started=1
ARM n=1553 cycle=251124760 hdr=52 persisted=0 started=1
ARM n=1554 cycle=251218072 hdr=52 persisted=0 started=1
ARM n=1555 cycle=251309785 hdr=52 persisted=0 started=1
ARM n=1556 cycle=251403338 hdr=52 persisted=0 started=1
ARM n=1557 cycle=251494477 hdr=52 persisted=0 started=1
ARM n=1558 cycle=251587814 hdr=52 persisted=0 started=1
ARM n=1559 cycle=251682724 hdr=52 persisted=0 started=1
PICSTART n=96 cycle=251692526 hdr=52 state=15 geom=1 cand=1 proof=0 rearm_pend=0 hold=1 waiting=0
ORDER FINALQ_RISE cycle=251740659 hdr=52 outstanding=1
ARM n=1560 cycle=251740660 hdr=52 persisted=0 started=1
ORDER MIXEDGE cycle=251767030 hdr=52 finalq=1 produced=0 retired=1
ORDER PICPERS cycle=251767030 hdr=52 finalq=1 produced=0 bsel=0
ORDER COMPLETE cycle=251767031 hdr=52 outstanding=0
PICEVAL cycle=251767032 hdr=52 type=2 geom=1 is_p=1 wide_mode=1 gen_mode=1
PIC_FIRST_SIDEBAND pic=53 idx=3e val=0000 motion=1 desc_active=0 persisted=1 active=0
PERSIST_FALL cycle=252160669 hdr=53 timeout=0 started=0
PIC_FIRST_SIDEBAND pic=53 idx=3e val=0000 motion=1 desc_active=0 persisted=0 active=0
PIC_FIRST_SIDEBAND pic=53 idx=3e val=0000 motion=1 desc_active=0 persisted=0 active=0
PIC_FIRST_SIDEBAND pic=53 idx=3e val=0000 motion=1 desc_active=0 persisted=0 active=0
ARM n=1561 cycle=252214914 hdr=53 persisted=0 started=1
ARM n=1562 cycle=252303595 hdr=53 persisted=0 started=1
ARM n=1563 cycle=252387399 hdr=53 persisted=0 started=1
ARM n=1564 cycle=252473442 hdr=53 persisted=0 started=1
ARM n=1565 cycle=252556166 hdr=53 persisted=0 started=1
ARM n=1566 cycle=252638611 hdr=53 persisted=0 started=1
ARM n=1567 cycle=252723654 hdr=53 persisted=0 started=1
ARM n=1568 cycle=252805705 hdr=53 persisted=0 started=1
ARM n=1569 cycle=252888511 hdr=53 persisted=0 started=1
ARM n=1570 cycle=252972060 hdr=53 persisted=0 started=1
ARM n=1571 cycle=253053161 hdr=53 persisted=0 started=1
ARM n=1572 cycle=253134752 hdr=53 persisted=0 started=1
ARM n=1573 cycle=253219226 hdr=53 persisted=0 started=1
ARM n=1574 cycle=253304727 hdr=53 persisted=0 started=1
ARM n=1575 cycle=253394753 hdr=53 persisted=0 started=1
ARM n=1576 cycle=253486033 hdr=53 persisted=0 started=1
ARM n=1577 cycle=253578015 hdr=53 persisted=0 started=1
ARM n=1578 cycle=253670257 hdr=53 persisted=0 started=1
ARM n=1579 cycle=253762368 hdr=53 persisted=0 started=1
ARM n=1580 cycle=253855085 hdr=53 persisted=0 started=1
ARM n=1581 cycle=253945691 hdr=53 persisted=0 started=1
ARM n=1582 cycle=254040461 hdr=53 persisted=0 started=1
ARM n=1583 cycle=254136111 hdr=53 persisted=0 started=1
ARM n=1584 cycle=254229271 hdr=53 persisted=0 started=1
ARM n=1585 cycle=254323324 hdr=53 persisted=0 started=1
ARM n=1586 cycle=254415373 hdr=53 persisted=0 started=1
ARM n=1587 cycle=254506992 hdr=53 persisted=0 started=1
ARM n=1588 cycle=254599948 hdr=53 persisted=0 started=1
ARM n=1589 cycle=254697815 hdr=53 persisted=0 started=1
ORDER FINALQ_RISE cycle=254756140 hdr=53 outstanding=1
ARM n=1590 cycle=254756141 hdr=53 persisted=0 started=1
ORDER MIXEDGE cycle=254781522 hdr=53 finalq=1 produced=0 retired=1
ORDER PICPERS cycle=254781522 hdr=53 finalq=1 produced=0 bsel=0
ORDER COMPLETE cycle=254781523 hdr=53 outstanding=0
PICSTART n=97 cycle=254781683 hdr=53 state=21 geom=1 cand=1 proof=1 rearm_pend=0 hold=0 waiting=0
PICEVAL cycle=254781684 hdr=53 type=1 geom=1 is_p=1 wide_mode=1 gen_mode=1
PICSTART n=98 cycle=257084544 hdr=53 state=21 geom=1 cand=0 proof=1 rearm_pend=0 hold=0 waiting=0
PICEVAL cycle=257084553 hdr=53 type=3 geom=1 is_p=0 wide_mode=1 gen_mode=1
PICSTART n=99 cycle=259158148 hdr=53 state=21 geom=1 cand=0 proof=1 rearm_pend=0 hold=0 waiting=0
ORDER PICPERS cycle=259222168 hdr=53 finalq=0 produced=0 bsel=1
PICEVAL cycle=259222170 hdr=53 type=3 geom=1 is_p=0 wide_mode=1 gen_mode=1
SOAK_PROGRESS cycles=260000000 byte=2319968/10334168 p_pictures=53 b_pictures=36 published=62 swaps=87 motion_repeats=0
ROWCOUNT produced=1590 retired=2681 mix_pers=1590 mix_pers_sel=1590 pic_pers=89 mixed_edge=53
WATCHDOG timeout=0 started=1 persisted=1 active=0 arms=1590
PICSTART n=100 cycle=261203740 hdr=53 state=21 geom=1 cand=0 proof=1 rearm_pend=0 hold=0 waiting=0
ORDER PICPERS cycle=261266054 hdr=53 finalq=0 produced=0 bsel=1
PICEVAL cycle=261266056 hdr=53 type=2 geom=1 is_p=0 wide_mode=1 gen_mode=1
PIC_FIRST_SIDEBAND pic=54 idx=3e val=0000 motion=1 desc_active=0 persisted=1 active=0
PERSIST_FALL cycle=261266666 hdr=54 timeout=0 started=0
PIC_FIRST_SIDEBAND pic=54 idx=3e val=0000 motion=1 desc_active=0 persisted=0 active=0
PIC_FIRST_SIDEBAND pic=54 idx=3e val=0000 motion=1 desc_active=0 persisted=0 active=0
PIC_FIRST_SIDEBAND pic=54 idx=3e val=0000 motion=1 desc_active=0 persisted=0 active=0
ARM n=1591 cycle=261318021 hdr=54 persisted=0 started=1
ARM n=1592 cycle=261410063 hdr=54 persisted=0 started=1
ARM n=1593 cycle=261500210 hdr=54 persisted=0 started=1
ARM n=1594 cycle=261590204 hdr=54 persisted=0 started=1
ARM n=1595 cycle=261681594 hdr=54 persisted=0 started=1
ARM n=1596 cycle=261771511 hdr=54 persisted=0 started=1
ARM n=1597 cycle=261863522 hdr=54 persisted=0 started=1
ARM n=1598 cycle=261952607 hdr=54 persisted=0 started=1
ARM n=1599 cycle=262041053 hdr=54 persisted=0 started=1
ARM n=1600 cycle=262132072 hdr=54 persisted=0 started=1
ARM n=1601 cycle=262221423 hdr=54 persisted=0 started=1
ARM n=1602 cycle=262311312 hdr=54 persisted=0 started=1
ARM n=1603 cycle=262407564 hdr=54 persisted=0 started=1
ARM n=1604 cycle=262504917 hdr=54 persisted=0 started=1
ARM n=1605 cycle=262601224 hdr=54 persisted=0 started=1
ARM n=1606 cycle=262690472 hdr=54 persisted=0 started=1
ARM n=1607 cycle=262773405 hdr=54 persisted=0 started=1
ARM n=1608 cycle=262860405 hdr=54 persisted=0 started=1
ARM n=1609 cycle=262948639 hdr=54 persisted=0 started=1
ARM n=1610 cycle=263039485 hdr=54 persisted=0 started=1
ARM n=1611 cycle=263121476 hdr=54 persisted=0 started=1
ARM n=1612 cycle=263206425 hdr=54 persisted=0 started=1
ARM n=1613 cycle=263294446 hdr=54 persisted=0 started=1
ARM n=1614 cycle=263382851 hdr=54 persisted=0 started=1
ARM n=1615 cycle=263471831 hdr=54 persisted=0 started=1
ARM n=1616 cycle=263559723 hdr=54 persisted=0 started=1
ARM n=1617 cycle=263647445 hdr=54 persisted=0 started=1
ARM n=1618 cycle=263740121 hdr=54 persisted=0 started=1
ARM n=1619 cycle=263836432 hdr=54 persisted=0 started=1
PICSTART n=101 cycle=263846370 hdr=54 state=15 geom=1 cand=1 proof=0 rearm_pend=0 hold=1 waiting=0
ORDER FINALQ_RISE cycle=263896776 hdr=54 outstanding=1
ARM n=1620 cycle=263896777 hdr=54 persisted=0 started=1
ORDER MIXEDGE cycle=263924448 hdr=54 finalq=1 produced=0 retired=1
ORDER PICPERS cycle=263924448 hdr=54 finalq=1 produced=0 bsel=0
ORDER COMPLETE cycle=263924449 hdr=54 outstanding=0
PICEVAL cycle=263924450 hdr=54 type=3 geom=1 is_p=1 wide_mode=1 gen_mode=1
PICSTART n=102 cycle=265898562 hdr=54 state=21 geom=1 cand=0 proof=1 rearm_pend=0 hold=0 waiting=0
ORDER PICPERS cycle=265962246 hdr=54 finalq=0 produced=0 bsel=1
PICEVAL cycle=266173965 hdr=54 type=3 geom=1 is_p=0 wide_mode=1 gen_mode=1
PICSTART n=103 cycle=268167101 hdr=54 state=21 geom=1 cand=0 proof=1 rearm_pend=0 hold=0 waiting=0
ORDER PICPERS cycle=268228144 hdr=54 finalq=0 produced=0 bsel=1
PICEVAL cycle=268228146 hdr=54 type=2 geom=1 is_p=0 wide_mode=1 gen_mode=1
SOAK_PROGRESS cycles=270000000 byte=2446234/10334168 p_pictures=54 b_pictures=39 published=63 swaps=90 motion_repeats=0
ROWCOUNT produced=1620 retired=2790 mix_pers=1620 mix_pers_sel=1620 pic_pers=93 mixed_edge=54
WATCHDOG timeout=0 started=1 persisted=1 active=0 arms=1620
PIC_FIRST_SIDEBAND pic=55 idx=3e val=0000 motion=1 desc_active=0 persisted=1 active=0
PERSIST_FALL cycle=270178607 hdr=55 timeout=0 started=0
PIC_FIRST_SIDEBAND pic=55 idx=3e val=0000 motion=1 desc_active=0 persisted=0 active=0
PIC_FIRST_SIDEBAND pic=55 idx=3e val=0000 motion=1 desc_active=0 persisted=0 active=0
PIC_FIRST_SIDEBAND pic=55 idx=3e val=0000 motion=1 desc_active=0 persisted=0 active=0
ARM n=1621 cycle=270231944 hdr=55 persisted=0 started=1
ARM n=1622 cycle=270325495 hdr=55 persisted=0 started=1
ARM n=1623 cycle=270418053 hdr=55 persisted=0 started=1
ARM n=1624 cycle=270509467 hdr=55 persisted=0 started=1
ARM n=1625 cycle=270600898 hdr=55 persisted=0 started=1
ARM n=1626 cycle=270692347 hdr=55 persisted=0 started=1
ARM n=1627 cycle=270783188 hdr=55 persisted=0 started=1
ARM n=1628 cycle=270874510 hdr=55 persisted=0 started=1
ARM n=1629 cycle=270966008 hdr=55 persisted=0 started=1
ARM n=1630 cycle=271058688 hdr=55 persisted=0 started=1
ARM n=1631 cycle=271150599 hdr=55 persisted=0 started=1
ARM n=1632 cycle=271243448 hdr=55 persisted=0 started=1
ARM n=1633 cycle=271342426 hdr=55 persisted=0 started=1
ARM n=1634 cycle=271445277 hdr=55 persisted=0 started=1
ARM n=1635 cycle=271548238 hdr=55 persisted=0 started=1
ARM n=1636 cycle=271645685 hdr=55 persisted=0 started=1
ARM n=1637 cycle=271744923 hdr=55 persisted=0 started=1
ARM n=1638 cycle=271847369 hdr=55 persisted=0 started=1
ARM n=1639 cycle=271949244 hdr=55 persisted=0 started=1
ARM n=1640 cycle=272041420 hdr=55 persisted=0 started=1
ARM n=1641 cycle=272133508 hdr=55 persisted=0 started=1
ARM n=1642 cycle=272222655 hdr=55 persisted=0 started=1
ARM n=1643 cycle=272314832 hdr=55 persisted=0 started=1
ARM n=1644 cycle=272407712 hdr=55 persisted=0 started=1
ARM n=1645 cycle=272501023 hdr=55 persisted=0 started=1
ARM n=1646 cycle=272599254 hdr=55 persisted=0 started=1
ARM n=1647 cycle=272698669 hdr=55 persisted=0 started=1
ARM n=1648 cycle=272796996 hdr=55 persisted=0 started=1
ARM n=1649 cycle=272894598 hdr=55 persisted=0 started=1
PICSTART n=104 cycle=272908830 hdr=55 state=15 geom=1 cand=1 proof=0 rearm_pend=0 hold=1 waiting=0
ORDER FINALQ_RISE cycle=272959069 hdr=55 outstanding=1
ARM n=1650 cycle=272959070 hdr=55 persisted=0 started=1
ORDER MIXEDGE cycle=272985519 hdr=55 finalq=1 produced=0 retired=1
ORDER PICPERS cycle=272985519 hdr=55 finalq=1 produced=0 bsel=0
ORDER COMPLETE cycle=272985520 hdr=55 outstanding=0
PICEVAL cycle=273182871 hdr=55 type=3 geom=1 is_p=1 wide_mode=1 gen_mode=1
PICSTART n=105 cycle=275291262 hdr=55 state=21 geom=1 cand=0 proof=1 rearm_pend=0 hold=0 waiting=0
ORDER PICPERS cycle=275355630 hdr=55 finalq=0 produced=0 bsel=1
PICEVAL cycle=275355633 hdr=55 type=3 geom=1 is_p=0 wide_mode=1 gen_mode=1
PICSTART n=106 cycle=277459042 hdr=55 state=21 geom=1 cand=0 proof=1 rearm_pend=0 hold=0 waiting=0
ORDER PICPERS cycle=277526613 hdr=55 finalq=0 produced=0 bsel=1
PICEVAL cycle=277526615 hdr=55 type=2 geom=1 is_p=0 wide_mode=1 gen_mode=1
PIC_FIRST_SIDEBAND pic=56 idx=3e val=0000 motion=1 desc_active=0 persisted=1 active=0
PERSIST_FALL cycle=277527232 hdr=56 timeout=0 started=0
PIC_FIRST_SIDEBAND pic=56 idx=3e val=0000 motion=1 desc_active=0 persisted=0 active=0
PIC_FIRST_SIDEBAND pic=56 idx=3e val=0000 motion=1 desc_active=0 persisted=0 active=0
PIC_FIRST_SIDEBAND pic=56 idx=3e val=0000 motion=1 desc_active=0 persisted=0 active=0
ARM n=1651 cycle=277580780 hdr=56 persisted=0 started=1
ARM n=1652 cycle=277672290 hdr=56 persisted=0 started=1
ARM n=1653 cycle=277762735 hdr=56 persisted=0 started=1
ARM n=1654 cycle=277855755 hdr=56 persisted=0 started=1
ARM n=1655 cycle=277947969 hdr=56 persisted=0 started=1
ARM n=1656 cycle=278039162 hdr=56 persisted=0 started=1
ARM n=1657 cycle=278129232 hdr=56 persisted=0 started=1
ARM n=1658 cycle=278218417 hdr=56 persisted=0 started=1
ARM n=1659 cycle=278309432 hdr=56 persisted=0 started=1
ARM n=1660 cycle=278400407 hdr=56 persisted=0 started=1
ARM n=1661 cycle=278489412 hdr=56 persisted=0 started=1
ARM n=1662 cycle=278580524 hdr=56 persisted=0 started=1
ARM n=1663 cycle=278684699 hdr=56 persisted=0 started=1
ARM n=1664 cycle=278787998 hdr=56 persisted=0 started=1
ARM n=1665 cycle=278893686 hdr=56 persisted=0 started=1
ARM n=1666 cycle=279002089 hdr=56 persisted=0 started=1
ARM n=1667 cycle=279113634 hdr=56 persisted=0 started=1
ARM n=1668 cycle=279221654 hdr=56 persisted=0 started=1
ARM n=1669 cycle=279324327 hdr=56 persisted=0 started=1
ARM n=1670 cycle=279424449 hdr=56 persisted=0 started=1
ARM n=1671 cycle=279524044 hdr=56 persisted=0 started=1
ARM n=1672 cycle=279624311 hdr=56 persisted=0 started=1
ARM n=1673 cycle=279723421 hdr=56 persisted=0 started=1
ARM n=1674 cycle=279827475 hdr=56 persisted=0 started=1
ARM n=1675 cycle=279930531 hdr=56 persisted=0 started=1
SOAK_PROGRESS cycles=280000000 byte=2627916/10334168 p_pictures=55 b_pictures=41 published=64 swaps=94 motion_repeats=0
ROWCOUNT produced=1675 retired=2905 mix_pers=1675 mix_pers_sel=1675 pic_pers=96 mixed_edge=55
WATCHDOG timeout=0 started=0 persisted=0 active=0 arms=1675
ARM n=1676 cycle=280031065 hdr=56 persisted=0 started=1
ARM n=1677 cycle=280131182 hdr=56 persisted=0 started=1
ARM n=1678 cycle=280228022 hdr=56 persisted=0 started=1
ARM n=1679 cycle=280322920 hdr=56 persisted=0 started=1
PICSTART n=107 cycle=280332839 hdr=56 state=15 geom=1 cand=1 proof=0 rearm_pend=0 hold=1 waiting=0
ORDER FINALQ_RISE cycle=280385596 hdr=56 outstanding=1
ARM n=1680 cycle=280385597 hdr=56 persisted=0 started=1
ORDER MIXEDGE cycle=280415516 hdr=56 finalq=1 produced=0 retired=1
ORDER PICPERS cycle=280415516 hdr=56 finalq=1 produced=0 bsel=0
ORDER COMPLETE cycle=280415517 hdr=56 outstanding=0
PICEVAL cycle=280415518 hdr=56 type=3 geom=1 is_p=1 wide_mode=1 gen_mode=1
PICSTART n=108 cycle=282596183 hdr=56 state=21 geom=1 cand=0 proof=1 rearm_pend=0 hold=0 waiting=0
ORDER PICPERS cycle=282660235 hdr=56 finalq=0 produced=0 bsel=1
PICEVAL cycle=283192872 hdr=56 type=3 geom=1 is_p=0 wide_mode=1 gen_mode=1
ORDER PICPERS cycle=285445369 hdr=56 finalq=0 produced=0 bsel=1
PICSTART n=109 cycle=285445530 hdr=56 state=21 geom=1 cand=0 proof=1 rearm_pend=0 hold=0 waiting=0
PICEVAL cycle=285445531 hdr=56 type=1 geom=1 is_p=0 wide_mode=1 gen_mode=1
PICSTART n=110 cycle=287777296 hdr=56 state=21 geom=1 cand=0 proof=1 rearm_pend=0 hold=0 waiting=0
PICEVAL cycle=287777305 hdr=56 type=3 geom=1 is_p=0 wide_mode=1 gen_mode=1
SOAK_PROGRESS cycles=290000000 byte=2801732/10334168 p_pictures=56 b_pictures=43 published=66 swaps=98 motion_repeats=0
ROWCOUNT produced=1680 retired=2994 mix_pers=1680 mix_pers_sel=1680 pic_pers=99 mixed_edge=56
WATCHDOG timeout=0 started=1 persisted=1 active=0 arms=1680
PICSTART n=111 cycle=290280545 hdr=56 state=21 geom=1 cand=0 proof=1 rearm_pend=0 hold=0 waiting=0
ORDER PICPERS cycle=290339126 hdr=56 finalq=0 produced=0 bsel=1
PICEVAL cycle=290339129 hdr=56 type=3 geom=1 is_p=0 wide_mode=1 gen_mode=1
PICSTART n=112 cycle=292389568 hdr=56 state=21 geom=1 cand=0 proof=1 rearm_pend=0 hold=0 waiting=0
ORDER PICPERS cycle=292443092 hdr=56 finalq=0 produced=0 bsel=1
PICEVAL cycle=292443094 hdr=56 type=2 geom=1 is_p=0 wide_mode=1 gen_mode=1
PIC_FIRST_SIDEBAND pic=57 idx=3e val=0000 motion=1 desc_active=0 persisted=1 active=0
PERSIST_FALL cycle=292443644 hdr=57 timeout=0 started=0
PIC_FIRST_SIDEBAND pic=57 idx=3e val=0000 motion=1 desc_active=0 persisted=0 active=0
PIC_FIRST_SIDEBAND pic=57 idx=3e val=0000 motion=1 desc_active=0 persisted=0 active=0
PIC_FIRST_SIDEBAND pic=57 idx=3e val=0000 motion=1 desc_active=0 persisted=0 active=0
ARM n=1681 cycle=292482235 hdr=57 persisted=0 started=1
ARM n=1682 cycle=292558310 hdr=57 persisted=0 started=1
ARM n=1683 cycle=292632329 hdr=57 persisted=0 started=1
ARM n=1684 cycle=292707441 hdr=57 persisted=0 started=1
ARM n=1685 cycle=292779613 hdr=57 persisted=0 started=1
ARM n=1686 cycle=292850852 hdr=57 persisted=0 started=1
ARM n=1687 cycle=292920754 hdr=57 persisted=0 started=1
ARM n=1688 cycle=292989552 hdr=57 persisted=0 started=1
ARM n=1689 cycle=293061587 hdr=57 persisted=0 started=1
ARM n=1690 cycle=293136294 hdr=57 persisted=0 started=1
ARM n=1691 cycle=293211177 hdr=57 persisted=0 started=1
ARM n=1692 cycle=293292759 hdr=57 persisted=0 started=1
ARM n=1693 cycle=293383055 hdr=57 persisted=0 started=1
ARM n=1694 cycle=293473630 hdr=57 persisted=0 started=1
ARM n=1695 cycle=293567673 hdr=57 persisted=0 started=1
ARM n=1696 cycle=293664828 hdr=57 persisted=0 started=1
ARM n=1697 cycle=293761688 hdr=57 persisted=0 started=1
ARM n=1698 cycle=293855742 hdr=57 persisted=0 started=1
ARM n=1699 cycle=293949378 hdr=57 persisted=0 started=1
ARM n=1700 cycle=294042113 hdr=57 persisted=0 started=1
ARM n=1701 cycle=294134996 hdr=57 persisted=0 started=1
ARM n=1702 cycle=294230379 hdr=57 persisted=0 started=1
ARM n=1703 cycle=294323155 hdr=57 persisted=0 started=1
ARM n=1704 cycle=294412517 hdr=57 persisted=0 started=1
ARM n=1705 cycle=294501536 hdr=57 persisted=0 started=1
ARM n=1706 cycle=294585349 hdr=57 persisted=0 started=1
ARM n=1707 cycle=294667224 hdr=57 persisted=0 started=1
ARM n=1708 cycle=294747441 hdr=57 persisted=0 started=1
ARM n=1709 cycle=294828750 hdr=57 persisted=0 started=1
PICSTART n=113 cycle=294833669 hdr=57 state=15 geom=1 cand=1 proof=0 rearm_pend=0 hold=1 waiting=0
ORDER FINALQ_RISE cycle=294866659 hdr=57 outstanding=1
ARM n=1710 cycle=294866660 hdr=57 persisted=0 started=1
ORDER MIXEDGE cycle=294891189 hdr=57 finalq=1 produced=0 retired=1
ORDER PICPERS cycle=294891189 hdr=57 finalq=1 produced=0 bsel=0
ORDER COMPLETE cycle=294891190 hdr=57 outstanding=0
PICEVAL cycle=295204871 hdr=57 type=2 geom=1 is_p=1 wide_mode=1 gen_mode=1
PIC_FIRST_SIDEBAND pic=58 idx=3e val=0000 motion=1 desc_active=0 persisted=1 active=0
PERSIST_FALL cycle=295205456 hdr=58 timeout=0 started=0
PIC_FIRST_SIDEBAND pic=58 idx=3e val=0000 motion=1 desc_active=0 persisted=0 active=0
PIC_FIRST_SIDEBAND pic=58 idx=3e val=0000 motion=1 desc_active=0 persisted=0 active=0
PIC_FIRST_SIDEBAND pic=58 idx=3e val=0000 motion=1 desc_active=0 persisted=0 active=0
ARM n=1711 cycle=295248696 hdr=58 persisted=0 started=1
ARM n=1712 cycle=295328844 hdr=58 persisted=0 started=1
ARM n=1713 cycle=295406652 hdr=58 persisted=0 started=1
ARM n=1714 cycle=295482321 hdr=58 persisted=0 started=1
ARM n=1715 cycle=295555837 hdr=58 persisted=0 started=1
ARM n=1716 cycle=295631498 hdr=58 persisted=0 started=1
ARM n=1717 cycle=295709167 hdr=58 persisted=0 started=1
ARM n=1718 cycle=295786080 hdr=58 persisted=0 started=1
ARM n=1719 cycle=295859228 hdr=58 persisted=0 started=1
ARM n=1720 cycle=295939044 hdr=58 persisted=0 started=1
ARM n=1721 cycle=296018212 hdr=58 persisted=0 started=1
ARM n=1722 cycle=296103823 hdr=58 persisted=0 started=1
ARM n=1723 cycle=296194828 hdr=58 persisted=0 started=1
ARM n=1724 cycle=296291282 hdr=58 persisted=0 started=1
ARM n=1725 cycle=296390320 hdr=58 persisted=0 started=1
ARM n=1726 cycle=296488505 hdr=58 persisted=0 started=1
ARM n=1727 cycle=296590999 hdr=58 persisted=0 started=1
ARM n=1728 cycle=296689706 hdr=58 persisted=0 started=1
ARM n=1729 cycle=296783929 hdr=58 persisted=0 started=1
ARM n=1730 cycle=296882022 hdr=58 persisted=0 started=1
ARM n=1731 cycle=296977908 hdr=58 persisted=0 started=1
ARM n=1732 cycle=297072699 hdr=58 persisted=0 started=1
ARM n=1733 cycle=297165815 hdr=58 persisted=0 started=1
ARM n=1734 cycle=297255157 hdr=58 persisted=0 started=1
ARM n=1735 cycle=297340369 hdr=58 persisted=0 started=1
ARM n=1736 cycle=297423601 hdr=58 persisted=0 started=1
ARM n=1737 cycle=297505299 hdr=58 persisted=0 started=1
ARM n=1738 cycle=297584512 hdr=58 persisted=0 started=1
ARM n=1739 cycle=297669155 hdr=58 persisted=0 started=1
PICSTART n=114 cycle=297674145 hdr=58 state=18 geom=1 cand=1 proof=0 rearm_pend=0 hold=1 waiting=0
ORDER FINALQ_RISE cycle=297709299 hdr=58 outstanding=1
ARM n=1740 cycle=297709300 hdr=58 persisted=0 started=1
ORDER MIXEDGE cycle=297734568 hdr=58 finalq=1 produced=0 retired=1
ORDER PICPERS cycle=297734568 hdr=58 finalq=1 produced=0 bsel=0
ORDER COMPLETE cycle=297734569 hdr=58 outstanding=0
PICEVAL cycle=297734570 hdr=58 type=2 geom=1 is_p=1 wide_mode=1 gen_mode=1
PIC_FIRST_SIDEBAND pic=59 idx=3e val=0000 motion=1 desc_active=0 persisted=1 active=0
PERSIST_FALL cycle=297735149 hdr=59 timeout=0 started=0
PIC_FIRST_SIDEBAND pic=59 idx=3e val=0000 motion=1 desc_active=0 persisted=0 active=0
PIC_FIRST_SIDEBAND pic=59 idx=3e val=0000 motion=1 desc_active=0 persisted=0 active=0
PIC_FIRST_SIDEBAND pic=59 idx=3e val=0000 motion=1 desc_active=0 persisted=0 active=0
ARM n=1741 cycle=297781108 hdr=59 persisted=0 started=1
ARM n=1742 cycle=297862882 hdr=59 persisted=0 started=1
ARM n=1743 cycle=297942040 hdr=59 persisted=0 started=1
ARM n=1744 cycle=298018451 hdr=59 persisted=0 started=1
ARM n=1745 cycle=298097854 hdr=59 persisted=0 started=1
ARM n=1746 cycle=298176458 hdr=59 persisted=0 started=1
ARM n=1747 cycle=298256117 hdr=59 persisted=0 started=1
ARM n=1748 cycle=298336167 hdr=59 persisted=0 started=1
ARM n=1749 cycle=298416522 hdr=59 persisted=0 started=1
ARM n=1750 cycle=298497968 hdr=59 persisted=0 started=1
ARM n=1751 cycle=298580273 hdr=59 persisted=0 started=1
ARM n=1752 cycle=298671188 hdr=59 persisted=0 started=1
ARM n=1753 cycle=298762488 hdr=59 persisted=0 started=1
ARM n=1754 cycle=298859474 hdr=59 persisted=0 started=1
ARM n=1755 cycle=298960982 hdr=59 persisted=0 started=1
ARM n=1756 cycle=299061019 hdr=59 persisted=0 started=1
ARM n=1757 cycle=299159102 hdr=59 persisted=0 started=1
ARM n=1758 cycle=299255248 hdr=59 persisted=0 started=1
NATIVE_WAIT cycle=299265388 coded=113 type=2 byte=2952684 ready=1 phold=1 dhold=0 writer=1/1/1 reader_region=4 active_bank=2 p_parse=0 p_replay=0 p_row=0 b_parse=0 b_replay=0 b_row=0 pred=1/0
SOAK_PROGRESS cycles=300000000 byte=2952684/10334168 p_pictures=58 b_pictures=45 published=68 swaps=102 motion_repeats=0
ROWCOUNT produced=1758 retired=3107 mix_pers=1757 mix_pers_sel=1757 pic_pers=103 mixed_edge=58
WATCHDOG timeout=16032463 started=1 persisted=0 active=1 arms=1758
NATIVE_WAIT cycle=300217542 coded=113 type=2 byte=2952684 ready=1 phold=1 dhold=0 writer=1/1/1 reader_region=4 active_bank=2 p_parse=0 p_replay=0 p_row=0 b_parse=0 b_replay=0 b_row=0 pred=1/0
NATIVE_WAIT cycle=301220449 coded=113 type=2 byte=2952684 ready=1 phold=1 dhold=0 writer=1/1/1 reader_region=4 active_bank=2 p_parse=0 p_replay=0 p_row=0 b_parse=0 b_replay=0 b_row=0 pred=1/0
ARM n=1759 cycle=302306312 hdr=59 persisted=0 started=1
ARM n=1760 cycle=302405263 hdr=59 persisted=0 started=1
ARM n=1761 cycle=302502173 hdr=59 persisted=0 started=1
ARM n=1762 cycle=302594180 hdr=59 persisted=0 started=1
ARM n=1763 cycle=302685389 hdr=59 persisted=0 started=1
ARM n=1764 cycle=302773666 hdr=59 persisted=0 started=1
ARM n=1765 cycle=302863422 hdr=59 persisted=0 started=1
ARM n=1766 cycle=302948406 hdr=59 persisted=0 started=1
ARM n=1767 cycle=303029374 hdr=59 persisted=0 started=1
ARM n=1768 cycle=303108591 hdr=59 persisted=0 started=1
ARM n=1769 cycle=303194459 hdr=59 persisted=0 started=1
PICSTART n=115 cycle=303199413 hdr=59 state=18 geom=1 cand=1 proof=0 rearm_pend=0 hold=1 waiting=0
ORDER FINALQ_RISE cycle=303235733 hdr=59 outstanding=1
ARM n=1770 cycle=303235734 hdr=59 persisted=0 started=1
ORDER MIXEDGE cycle=303261545 hdr=59 finalq=1 produced=0 retired=1
ORDER PICPERS cycle=303261545 hdr=59 finalq=1 produced=0 bsel=0
ORDER COMPLETE cycle=303261546 hdr=59 outstanding=0
PICEVAL cycle=303261547 hdr=59 type=2 geom=1 is_p=1 wide_mode=1 gen_mode=1
PIC_FIRST_SIDEBAND pic=60 idx=3e val=0000 motion=1 desc_active=0 persisted=1 active=0
PERSIST_FALL cycle=305215436 hdr=60 timeout=0 started=0
PIC_FIRST_SIDEBAND pic=60 idx=3e val=0000 motion=1 desc_active=0 persisted=0 active=0
PIC_FIRST_SIDEBAND pic=60 idx=3e val=0000 motion=1 desc_active=0 persisted=0 active=0
PIC_FIRST_SIDEBAND pic=60 idx=3e val=0000 motion=1 desc_active=0 persisted=0 active=0
ARM n=1771 cycle=305266781 hdr=60 persisted=0 started=1
ARM n=1772 cycle=305352115 hdr=60 persisted=0 started=1
ARM n=1773 cycle=305435349 hdr=60 persisted=0 started=1
ARM n=1774 cycle=305518567 hdr=60 persisted=0 started=1
ARM n=1775 cycle=305602398 hdr=60 persisted=0 started=1
ARM n=1776 cycle=305689261 hdr=60 persisted=0 started=1
ARM n=1777 cycle=305775988 hdr=60 persisted=0 started=1
ARM n=1778 cycle=305863161 hdr=60 persisted=0 started=1
ARM n=1779 cycle=305950512 hdr=60 persisted=0 started=1
ARM n=1780 cycle=306033353 hdr=60 persisted=0 started=1
ARM n=1781 cycle=306123159 hdr=60 persisted=0 started=1
ARM n=1782 cycle=306225834 hdr=60 persisted=0 started=1
ARM n=1783 cycle=306329558 hdr=60 persisted=0 started=1
ARM n=1784 cycle=306436592 hdr=60 persisted=0 started=1
ARM n=1785 cycle=306544986 hdr=60 persisted=0 started=1
ARM n=1786 cycle=306650267 hdr=60 persisted=0 started=1
ARM n=1787 cycle=306757295 hdr=60 persisted=0 started=1
ARM n=1788 cycle=306865268 hdr=60 persisted=0 started=1
ARM n=1789 cycle=306972572 hdr=60 persisted=0 started=1
ARM n=1790 cycle=307073638 hdr=60 persisted=0 started=1
ARM n=1791 cycle=307170145 hdr=60 persisted=0 started=1
ARM n=1792 cycle=307261945 hdr=60 persisted=0 started=1
ARM n=1793 cycle=307355483 hdr=60 persisted=0 started=1
ARM n=1794 cycle=307442190 hdr=60 persisted=0 started=1
ARM n=1795 cycle=307529987 hdr=60 persisted=0 started=1
ARM n=1796 cycle=307617623 hdr=60 persisted=0 started=1
ARM n=1797 cycle=307703015 hdr=60 persisted=0 started=1
ARM n=1798 cycle=307791727 hdr=60 persisted=0 started=1
ARM n=1799 cycle=307879154 hdr=60 persisted=0 started=1
PICSTART n=116 cycle=307884124 hdr=60 state=15 geom=1 cand=1 proof=0 rearm_pend=0 hold=1 waiting=0
ORDER FINALQ_RISE cycle=307920865 hdr=60 outstanding=1
ARM n=1800 cycle=307920866 hdr=60 persisted=0 started=1
ORDER MIXEDGE cycle=307946505 hdr=60 finalq=1 produced=0 retired=1
ORDER PICPERS cycle=307946505 hdr=60 finalq=1 produced=0 bsel=0
ORDER COMPLETE cycle=307946506 hdr=60 outstanding=0
PICEVAL cycle=307946507 hdr=60 type=3 geom=1 is_p=1 wide_mode=1 gen_mode=1
PICSTART n=117 cycle=309986593 hdr=60 state=21 geom=1 cand=0 proof=1 rearm_pend=0 hold=0 waiting=0
SOAK_PROGRESS cycles=310000000 byte=3060388/10334168 p_pictures=60 b_pictures=45 published=70 swaps=104 motion_repeats=0
ROWCOUNT produced=1800 retired=3178 mix_pers=1800 mix_pers_sel=1800 pic_pers=105 mixed_edge=60
WATCHDOG timeout=0 started=1 persisted=1 active=0 arms=1800
ORDER PICPERS cycle=310036604 hdr=60 finalq=0 produced=0 bsel=1
PICEVAL cycle=310036606 hdr=60 type=3 geom=1 is_p=0 wide_mode=1 gen_mode=1
PICSTART n=118 cycle=312055832 hdr=60 state=21 geom=1 cand=0 proof=1 rearm_pend=0 hold=0 waiting=0
ORDER PICPERS cycle=312106356 hdr=60 finalq=0 produced=0 bsel=1
PICEVAL cycle=312106358 hdr=60 type=2 geom=1 is_p=0 wide_mode=1 gen_mode=1
PIC_FIRST_SIDEBAND pic=61 idx=3e val=0000 motion=1 desc_active=0 persisted=1 active=0
PERSIST_FALL cycle=312106908 hdr=61 timeout=0 started=0
PIC_FIRST_SIDEBAND pic=61 idx=3e val=0000 motion=1 desc_active=0 persisted=0 active=0
PIC_FIRST_SIDEBAND pic=61 idx=3e val=0000 motion=1 desc_active=0 persisted=0 active=0
PIC_FIRST_SIDEBAND pic=61 idx=3e val=0000 motion=1 desc_active=0 persisted=0 active=0
ARM n=1801 cycle=312159333 hdr=61 persisted=0 started=1
ARM n=1802 cycle=312247621 hdr=61 persisted=0 started=1
ARM n=1803 cycle=312337097 hdr=61 persisted=0 started=1
ARM n=1804 cycle=312426049 hdr=61 persisted=0 started=1
ARM n=1805 cycle=312515705 hdr=61 persisted=0 started=1
ARM n=1806 cycle=312606924 hdr=61 persisted=0 started=1
ARM n=1807 cycle=312696915 hdr=61 persisted=0 started=1
ARM n=1808 cycle=312788067 hdr=61 persisted=0 started=1
ARM n=1809 cycle=312878915 hdr=61 persisted=0 started=1
ARM n=1810 cycle=312968938 hdr=61 persisted=0 started=1
ARM n=1811 cycle=313069353 hdr=61 persisted=0 started=1
ARM n=1812 cycle=313172942 hdr=61 persisted=0 started=1
ARM n=1813 cycle=313277243 hdr=61 persisted=0 started=1
ARM n=1814 cycle=313385289 hdr=61 persisted=0 started=1
ARM n=1815 cycle=313494415 hdr=61 persisted=0 started=1
ARM n=1816 cycle=313603679 hdr=61 persisted=0 started=1
ARM n=1817 cycle=313712509 hdr=61 persisted=0 started=1
ARM n=1818 cycle=313818834 hdr=61 persisted=0 started=1
ARM n=1819 cycle=313920181 hdr=61 persisted=0 started=1
ARM n=1820 cycle=314013718 hdr=61 persisted=0 started=1
ARM n=1821 cycle=314107602 hdr=61 persisted=0 started=1
ARM n=1822 cycle=314200048 hdr=61 persisted=0 started=1
ARM n=1823 cycle=314293079 hdr=61 persisted=0 started=1
ARM n=1824 cycle=314382611 hdr=61 persisted=0 started=1
ARM n=1825 cycle=314471824 hdr=61 persisted=0 started=1
ARM n=1826 cycle=314559340 hdr=61 persisted=0 started=1
ARM n=1827 cycle=314649089 hdr=61 persisted=0 started=1
ARM n=1828 cycle=314739460 hdr=61 persisted=0 started=1
ARM n=1829 cycle=314831368 hdr=61 persisted=0 started=1
PICSTART n=119 cycle=314836461 hdr=61 state=15 geom=1 cand=1 proof=0 rearm_pend=0 hold=1 waiting=0
ORDER FINALQ_RISE cycle=314881781 hdr=61 outstanding=1
ARM n=1830 cycle=314881782 hdr=61 persisted=0 started=1
ORDER MIXEDGE cycle=314906605 hdr=61 finalq=1 produced=0 retired=1
ORDER PICPERS cycle=314906605 hdr=61 finalq=1 produced=0 bsel=0
ORDER COMPLETE cycle=314906606 hdr=61 outstanding=0
PICEVAL cycle=314906607 hdr=61 type=3 geom=1 is_p=1 wide_mode=1 gen_mode=1
PICSTART n=120 cycle=316954084 hdr=61 state=21 geom=1 cand=0 proof=1 rearm_pend=0 hold=0 waiting=0
ORDER PICPERS cycle=317008421 hdr=61 finalq=0 produced=0 bsel=1
PICEVAL cycle=317008424 hdr=61 type=3 geom=1 is_p=0 wide_mode=1 gen_mode=1
ORDER PICPERS cycle=319076406 hdr=61 finalq=0 produced=0 bsel=1
PICSTART n=121 cycle=319076567 hdr=61 state=21 geom=1 cand=0 proof=1 rearm_pend=0 hold=0 waiting=0
PICEVAL cycle=319076568 hdr=61 type=1 geom=1 is_p=0 wide_mode=1 gen_mode=1
SOAK_PROGRESS cycles=320000000 byte=3234566/10334168 p_pictures=61 b_pictures=49 published=71 swaps=108 motion_repeats=0
ROWCOUNT produced=1830 retired=3300 mix_pers=1830 mix_pers_sel=1830 pic_pers=110 mixed_edge=61
WATCHDOG timeout=0 started=1 persisted=1 active=0 arms=1830
PICSTART n=122 cycle=321415154 hdr=61 state=21 geom=1 cand=0 proof=1 rearm_pend=0 hold=0 waiting=0
PICEVAL cycle=321415163 hdr=61 type=3 geom=1 is_p=0 wide_mode=1 gen_mode=1
PICSTART n=123 cycle=323541732 hdr=61 state=21 geom=1 cand=0 proof=1 rearm_pend=0 hold=0 waiting=0
ORDER PICPERS cycle=323593004 hdr=61 finalq=0 produced=0 bsel=1
PICEVAL cycle=323593007 hdr=61 type=3 geom=1 is_p=0 wide_mode=1 gen_mode=1
PICSTART n=124 cycle=325628249 hdr=61 state=21 geom=1 cand=0 proof=1 rearm_pend=0 hold=0 waiting=0
ORDER PICPERS cycle=325680349 hdr=61 finalq=0 produced=0 bsel=1
PICEVAL cycle=325680351 hdr=61 type=2 geom=1 is_p=0 wide_mode=1 gen_mode=1
PIC_FIRST_SIDEBAND pic=62 idx=3e val=0000 motion=1 desc_active=0 persisted=1 active=0
PERSIST_FALL cycle=325681197 hdr=62 timeout=0 started=0
PIC_FIRST_SIDEBAND pic=62 idx=3e val=0000 motion=1 desc_active=0 persisted=0 active=0
PIC_FIRST_SIDEBAND pic=62 idx=3e val=0000 motion=1 desc_active=0 persisted=0 active=0
PIC_FIRST_SIDEBAND pic=62 idx=3e val=0000 motion=1 desc_active=0 persisted=0 active=0
ARM n=1831 cycle=325734329 hdr=62 persisted=0 started=1
ARM n=1832 cycle=325821719 hdr=62 persisted=0 started=1
ARM n=1833 cycle=325909289 hdr=62 persisted=0 started=1
ARM n=1834 cycle=325996284 hdr=62 persisted=0 started=1
ARM n=1835 cycle=326084065 hdr=62 persisted=0 started=1
ARM n=1836 cycle=326172585 hdr=62 persisted=0 started=1
ARM n=1837 cycle=326261822 hdr=62 persisted=0 started=1
ARM n=1838 cycle=326350760 hdr=62 persisted=0 started=1
ARM n=1839 cycle=326438436 hdr=62 persisted=0 started=1
ARM n=1840 cycle=326536300 hdr=62 persisted=0 started=1
ARM n=1841 cycle=326639435 hdr=62 persisted=0 started=1
ARM n=1842 cycle=326738515 hdr=62 persisted=0 started=1
ARM n=1843 cycle=326840968 hdr=62 persisted=0 started=1
ARM n=1844 cycle=326948993 hdr=62 persisted=0 started=1
ARM n=1845 cycle=327057089 hdr=62 persisted=0 started=1
ARM n=1846 cycle=327163103 hdr=62 persisted=0 started=1
ARM n=1847 cycle=327265455 hdr=62 persisted=0 started=1
ARM n=1848 cycle=327361342 hdr=62 persisted=0 started=1
ARM n=1849 cycle=327450606 hdr=62 persisted=0 started=1
ARM n=1850 cycle=327530862 hdr=62 persisted=0 started=1
ARM n=1851 cycle=327613055 hdr=62 persisted=0 started=1
ARM n=1852 cycle=327692529 hdr=62 persisted=0 started=1
ARM n=1853 cycle=327769537 hdr=62 persisted=0 started=1
ARM n=1854 cycle=327845819 hdr=62 persisted=0 started=1
ARM n=1855 cycle=327918984 hdr=62 persisted=0 started=1
ARM n=1856 cycle=327992687 hdr=62 persisted=0 started=1
ARM n=1857 cycle=328074763 hdr=62 persisted=0 started=1
ARM n=1858 cycle=328153965 hdr=62 persisted=0 started=1
ARM n=1859 cycle=328230422 hdr=62 persisted=0 started=1
PICSTART n=125 cycle=328235294 hdr=62 state=16 geom=1 cand=1 proof=0 rearm_pend=0 hold=1 waiting=0
ORDER FINALQ_RISE cycle=328268173 hdr=62 outstanding=1
ARM n=1860 cycle=328268174 hdr=62 persisted=0 started=1
ORDER MIXEDGE cycle=328292705 hdr=62 finalq=1 produced=0 retired=1
ORDER PICPERS cycle=328292705 hdr=62 finalq=1 produced=0 bsel=0
ORDER COMPLETE cycle=328292706 hdr=62 outstanding=0
PICEVAL cycle=328292707 hdr=62 type=3 geom=1 is_p=1 wide_mode=1 gen_mode=1
SOAK_PROGRESS cycles=330000000 byte=3420988/10334168 p_pictures=62 b_pictures=51 published=73 swaps=112 motion_repeats=0
ROWCOUNT produced=1860 retired=3414 mix_pers=1860 mix_pers_sel=1860 pic_pers=113 mixed_edge=62
WATCHDOG timeout=0 started=1 persisted=1 active=0 arms=1860
PICSTART n=126 cycle=330216084 hdr=62 state=21 geom=1 cand=0 proof=1 rearm_pend=0 hold=0 waiting=0
ORDER PICPERS cycle=330264653 hdr=62 finalq=0 produced=0 bsel=1
PICEVAL cycle=331240872 hdr=62 type=3 geom=1 is_p=0 wide_mode=1 gen_mode=1
PICSTART n=127 cycle=333173408 hdr=62 state=21 geom=1 cand=0 proof=1 rearm_pend=0 hold=0 waiting=0
ORDER PICPERS cycle=333222719 hdr=62 finalq=0 produced=0 bsel=1
PICEVAL cycle=333222721 hdr=62 type=2 geom=1 is_p=0 wide_mode=1 gen_mode=1
PIC_FIRST_SIDEBAND pic=63 idx=3e val=0000 motion=1 desc_active=0 persisted=1 active=0
PERSIST_FALL cycle=333223518 hdr=63 timeout=0 started=0
PIC_FIRST_SIDEBAND pic=63 idx=3e val=0000 motion=1 desc_active=0 persisted=0 active=0
PIC_FIRST_SIDEBAND pic=63 idx=3e val=0000 motion=1 desc_active=0 persisted=0 active=0
PIC_FIRST_SIDEBAND pic=63 idx=3e val=0000 motion=1 desc_active=0 persisted=0 active=0
ARM n=1861 cycle=333276944 hdr=63 persisted=0 started=1
ARM n=1862 cycle=333365790 hdr=63 persisted=0 started=1
ARM n=1863 cycle=333454730 hdr=63 persisted=0 started=1
ARM n=1864 cycle=333544381 hdr=63 persisted=0 started=1
ARM n=1865 cycle=333632856 hdr=63 persisted=0 started=1
ARM n=1866 cycle=333722600 hdr=63 persisted=0 started=1
ARM n=1867 cycle=333812775 hdr=63 persisted=0 started=1
ARM n=1868 cycle=333905207 hdr=63 persisted=0 started=1
ARM n=1869 cycle=333998114 hdr=63 persisted=0 started=1
ARM n=1870 cycle=334102495 hdr=63 persisted=0 started=1
ARM n=1871 cycle=334202333 hdr=63 persisted=0 started=1
ARM n=1872 cycle=334297935 hdr=63 persisted=0 started=1
ARM n=1873 cycle=334397303 hdr=63 persisted=0 started=1
ARM n=1874 cycle=334505148 hdr=63 persisted=0 started=1
ARM n=1875 cycle=334610904 hdr=63 persisted=0 started=1
ARM n=1876 cycle=334710071 hdr=63 persisted=0 started=1
ARM n=1877 cycle=334807114 hdr=63 persisted=0 started=1
ARM n=1878 cycle=334898841 hdr=63 persisted=0 started=1
ARM n=1879 cycle=334982097 hdr=63 persisted=0 started=1
ARM n=1880 cycle=335067254 hdr=63 persisted=0 started=1
ARM n=1881 cycle=335154014 hdr=63 persisted=0 started=1
ARM n=1882 cycle=335238956 hdr=63 persisted=0 started=1
ARM n=1883 cycle=335322398 hdr=63 persisted=0 started=1
ARM n=1884 cycle=335405522 hdr=63 persisted=0 started=1
ARM n=1885 cycle=335488932 hdr=63 persisted=0 started=1
ARM n=1886 cycle=335573141 hdr=63 persisted=0 started=1
ARM n=1887 cycle=335658414 hdr=63 persisted=0 started=1
ARM n=1888 cycle=335747009 hdr=63 persisted=0 started=1
ARM n=1889 cycle=335835362 hdr=63 persisted=0 started=1
PICSTART n=128 cycle=335840288 hdr=63 state=16 geom=1 cand=1 proof=0 rearm_pend=0 hold=1 waiting=0
ORDER FINALQ_RISE cycle=335877059 hdr=63 outstanding=1
ARM n=1890 cycle=335877060 hdr=63 persisted=0 started=1
ORDER MIXEDGE cycle=335902733 hdr=63 finalq=1 produced=0 retired=1
ORDER PICPERS cycle=335902733 hdr=63 finalq=1 produced=0 bsel=0
ORDER COMPLETE cycle=335902734 hdr=63 outstanding=0
PICEVAL cycle=337246871 hdr=63 type=3 geom=1 is_p=1 wide_mode=1 gen_mode=1
PICSTART n=129 cycle=339197444 hdr=63 state=21 geom=1 cand=0 proof=1 rearm_pend=0 hold=0 waiting=0
ORDER PICPERS cycle=339249581 hdr=63 finalq=0 produced=0 bsel=1
PICEVAL cycle=339249584 hdr=63 type=3 geom=1 is_p=0 wide_mode=1 gen_mode=1
SOAK_PROGRESS cycles=340000000 byte=3544496/10334168 p_pictures=63 b_pictures=54 published=74 swaps=116 motion_repeats=0
ROWCOUNT produced=1890 retired=3520 mix_pers=1890 mix_pers_sel=1890 pic_pers=117 mixed_edge=63
WATCHDOG timeout=0 started=1 persisted=1 active=0 arms=1890
PICSTART n=130 cycle=341207085 hdr=63 state=21 geom=1 cand=0 proof=1 rearm_pend=0 hold=0 waiting=0
ORDER PICPERS cycle=341257378 hdr=63 finalq=0 produced=0 bsel=1
PICEVAL cycle=341257380 hdr=63 type=2 geom=1 is_p=0 wide_mode=1 gen_mode=1
PIC_FIRST_SIDEBAND pic=64 idx=3e val=0000 motion=1 desc_active=0 persisted=1 active=0
PERSIST_FALL cycle=341258201 hdr=64 timeout=0 started=0
PIC_FIRST_SIDEBAND pic=64 idx=3e val=0000 motion=1 desc_active=0 persisted=0 active=0
PIC_FIRST_SIDEBAND pic=64 idx=3e val=0000 motion=1 desc_active=0 persisted=0 active=0
PIC_FIRST_SIDEBAND pic=64 idx=3e val=0000 motion=1 desc_active=0 persisted=0 active=0
ARM n=1891 cycle=341311761 hdr=64 persisted=0 started=1
ARM n=1892 cycle=341404153 hdr=64 persisted=0 started=1
ARM n=1893 cycle=341496474 hdr=64 persisted=0 started=1
ARM n=1894 cycle=341586827 hdr=64 persisted=0 started=1
ARM n=1895 cycle=341679646 hdr=64 persisted=0 started=1
ARM n=1896 cycle=341772065 hdr=64 persisted=0 started=1
ARM n=1897 cycle=341864067 hdr=64 persisted=0 started=1
ARM n=1898 cycle=341955448 hdr=64 persisted=0 started=1
ARM n=1899 cycle=342052761 hdr=64 persisted=0 started=1
ARM n=1900 cycle=342151652 hdr=64 persisted=0 started=1
ARM n=1901 cycle=342246631 hdr=64 persisted=0 started=1
ARM n=1902 cycle=342341481 hdr=64 persisted=0 started=1
ARM n=1903 cycle=342441730 hdr=64 persisted=0 started=1
ARM n=1904 cycle=342545575 hdr=64 persisted=0 started=1
ARM n=1905 cycle=342649000 hdr=64 persisted=0 started=1
ARM n=1906 cycle=342750543 hdr=64 persisted=0 started=1
ARM n=1907 cycle=342846850 hdr=64 persisted=0 started=1
ARM n=1908 cycle=342937655 hdr=64 persisted=0 started=1
ARM n=1909 cycle=343025218 hdr=64 persisted=0 started=1
ARM n=1910 cycle=343112905 hdr=64 persisted=0 started=1
ARM n=1911 cycle=343202114 hdr=64 persisted=0 started=1
ARM n=1912 cycle=343291080 hdr=64 persisted=0 started=1
ARM n=1913 cycle=343381017 hdr=64 persisted=0 started=1
ARM n=1914 cycle=343470935 hdr=64 persisted=0 started=1
ARM n=1915 cycle=343563047 hdr=64 persisted=0 started=1
ARM n=1916 cycle=343656172 hdr=64 persisted=0 started=1
ARM n=1917 cycle=343753527 hdr=64 persisted=0 started=1
ARM n=1918 cycle=343850760 hdr=64 persisted=0 started=1
ARM n=1919 cycle=343948905 hdr=64 persisted=0 started=1
PICSTART n=131 cycle=343958539 hdr=64 state=15 geom=1 cand=1 proof=0 rearm_pend=0 hold=1 waiting=0
ORDER FINALQ_RISE cycle=344002593 hdr=64 outstanding=1
ARM n=1920 cycle=344002594 hdr=64 persisted=0 started=1
ORDER MIXEDGE cycle=344029714 hdr=64 finalq=1 produced=0 retired=1
ORDER PICPERS cycle=344029714 hdr=64 finalq=1 produced=0 bsel=0
ORDER COMPLETE cycle=344029715 hdr=64 outstanding=0
PICEVAL cycle=344251965 hdr=64 type=3 geom=1 is_p=1 wide_mode=1 gen_mode=1
PICSTART n=132 cycle=346285786 hdr=64 state=21 geom=1 cand=0 proof=1 rearm_pend=0 hold=0 waiting=0
ORDER PICPERS cycle=346347084 hdr=64 finalq=0 produced=0 bsel=1
PICEVAL cycle=347256873 hdr=64 type=3 geom=1 is_p=0 wide_mode=1 gen_mode=1
ORDER PICPERS cycle=349390675 hdr=64 finalq=0 produced=0 bsel=1
PICSTART n=133 cycle=349390836 hdr=64 state=21 geom=1 cand=0 proof=1 rearm_pend=0 hold=0 waiting=0
PICEVAL cycle=349390837 hdr=64 type=1 geom=1 is_p=0 wide_mode=1 gen_mode=1
SOAK_PROGRESS cycles=350000000 byte=3698806/10334168 p_pictures=64 b_pictures=57 published=75 swaps=120 motion_repeats=0
ROWCOUNT produced=1920 retired=3630 mix_pers=1920 mix_pers_sel=1920 pic_pers=121 mixed_edge=64
WATCHDOG timeout=0 started=1 persisted=1 active=0 arms=1920
PICSTART n=134 cycle=351673330 hdr=64 state=21 geom=1 cand=0 proof=1 rearm_pend=0 hold=0 waiting=0
PICEVAL cycle=351673339 hdr=64 type=3 geom=1 is_p=0 wide_mode=1 gen_mode=1
PICSTART n=135 cycle=354097713 hdr=64 state=21 geom=1 cand=0 proof=1 rearm_pend=0 hold=0 waiting=0
ORDER PICPERS cycle=354166455 hdr=64 finalq=0 produced=0 bsel=1
PICEVAL cycle=354261966 hdr=64 type=3 geom=1 is_p=0 wide_mode=1 gen_mode=1
PICSTART n=136 cycle=356004863 hdr=64 state=21 geom=1 cand=0 proof=1 rearm_pend=0 hold=0 waiting=0
ORDER PICPERS cycle=356078148 hdr=64 finalq=0 produced=0 bsel=1
PICEVAL cycle=356078150 hdr=64 type=2 geom=1 is_p=0 wide_mode=1 gen_mode=1
PIC_FIRST_SIDEBAND pic=65 idx=3e val=0000 motion=1 desc_active=0 persisted=1 active=0
PERSIST_FALL cycle=356078958 hdr=65 timeout=0 started=0
PIC_FIRST_SIDEBAND pic=65 idx=3e val=0000 motion=1 desc_active=0 persisted=0 active=0
PIC_FIRST_SIDEBAND pic=65 idx=3e val=0000 motion=1 desc_active=0 persisted=0 active=0
PIC_FIRST_SIDEBAND pic=65 idx=3e val=0000 motion=1 desc_active=0 persisted=0 active=0
ARM n=1921 cycle=356126819 hdr=65 persisted=0 started=1
ARM n=1922 cycle=356212852 hdr=65 persisted=0 started=1
ARM n=1923 cycle=356297252 hdr=65 persisted=0 started=1
ARM n=1924 cycle=356381695 hdr=65 persisted=0 started=1
ARM n=1925 cycle=356463938 hdr=65 persisted=0 started=1
ARM n=1926 cycle=356545913 hdr=65 persisted=0 started=1
ARM n=1927 cycle=356628368 hdr=65 persisted=0 started=1
ARM n=1928 cycle=356717900 hdr=65 persisted=0 started=1
ARM n=1929 cycle=356807177 hdr=65 persisted=0 started=1
ARM n=1930 cycle=356891169 hdr=65 persisted=0 started=1
ARM n=1931 cycle=356980705 hdr=65 persisted=0 started=1
ARM n=1932 cycle=357073729 hdr=65 persisted=0 started=1
ARM n=1933 cycle=357171502 hdr=65 persisted=0 started=1
ARM n=1934 cycle=357272629 hdr=65 persisted=0 started=1
ARM n=1935 cycle=357371513 hdr=65 persisted=0 started=1
ARM n=1936 cycle=357466346 hdr=65 persisted=0 started=1
ARM n=1937 cycle=357560551 hdr=65 persisted=0 started=1
ARM n=1938 cycle=357652368 hdr=65 persisted=0 started=1
ARM n=1939 cycle=357743014 hdr=65 persisted=0 started=1
ARM n=1940 cycle=357830694 hdr=65 persisted=0 started=1
ARM n=1941 cycle=357918802 hdr=65 persisted=0 started=1
ARM n=1942 cycle=358009515 hdr=65 persisted=0 started=1
ARM n=1943 cycle=358101028 hdr=65 persisted=0 started=1
ARM n=1944 cycle=358193265 hdr=65 persisted=0 started=1
ARM n=1945 cycle=358287565 hdr=65 persisted=0 started=1
ARM n=1946 cycle=358387640 hdr=65 persisted=0 started=1
ARM n=1947 cycle=358486695 hdr=65 persisted=0 started=1
ARM n=1948 cycle=358585165 hdr=65 persisted=0 started=1
ARM n=1949 cycle=358684231 hdr=65 persisted=0 started=1
PICSTART n=137 cycle=358694072 hdr=65 state=15 geom=1 cand=1 proof=0 rearm_pend=0 hold=1 waiting=0
ORDER FINALQ_RISE cycle=358743775 hdr=65 outstanding=1
ARM n=1950 cycle=358743776 hdr=65 persisted=0 started=1
ORDER MIXEDGE cycle=358770954 hdr=65 finalq=1 produced=0 retired=1
ORDER PICPERS cycle=358770954 hdr=65 finalq=1 produced=0 bsel=0
ORDER COMPLETE cycle=358770955 hdr=65 outstanding=0
PICEVAL cycle=359268872 hdr=65 type=3 geom=1 is_p=1 wide_mode=1 gen_mode=1
SOAK_PROGRESS cycles=360000000 byte=3865332/10334168 p_pictures=65 b_pictures=59 published=77 swaps=124 motion_repeats=0
ROWCOUNT produced=1950 retired=3731 mix_pers=1950 mix_pers_sel=1950 pic_pers=124 mixed_edge=65
WATCHDOG timeout=0 started=1 persisted=1 active=0 arms=1950
PICSTART n=138 cycle=361121050 hdr=65 state=21 geom=1 cand=0 proof=1 rearm_pend=0 hold=0 waiting=0
ORDER PICPERS cycle=361194509 hdr=65 finalq=0 produced=0 bsel=1
PICEVAL cycle=363272873 hdr=65 type=3 geom=1 is_p=0 wide_mode=1 gen_mode=1
PICSTART n=139 cycle=365187553 hdr=65 state=21 geom=1 cand=0 proof=1 rearm_pend=0 hold=0 waiting=0
ORDER PICPERS cycle=365260006 hdr=65 finalq=0 produced=0 bsel=1
PICEVAL cycle=365260008 hdr=65 type=2 geom=1 is_p=0 wide_mode=1 gen_mode=1
PIC_FIRST_SIDEBAND pic=66 idx=3e val=0000 motion=1 desc_active=0 persisted=1 active=0
PERSIST_FALL cycle=365260907 hdr=66 timeout=0 started=0
PIC_FIRST_SIDEBAND pic=66 idx=3e val=0000 motion=1 desc_active=0 persisted=0 active=0
PIC_FIRST_SIDEBAND pic=66 idx=3e val=0000 motion=1 desc_active=0 persisted=0 active=0
PIC_FIRST_SIDEBAND pic=66 idx=3e val=0000 motion=1 desc_active=0 persisted=0 active=0
ARM n=1951 cycle=365311756 hdr=66 persisted=0 started=1
ARM n=1952 cycle=365401376 hdr=66 persisted=0 started=1
ARM n=1953 cycle=365490167 hdr=66 persisted=0 started=1
ARM n=1954 cycle=365573834 hdr=66 persisted=0 started=1
ARM n=1955 cycle=365658066 hdr=66 persisted=0 started=1
ARM n=1956 cycle=365743556 hdr=66 persisted=0 started=1
ARM n=1957 cycle=365832614 hdr=66 persisted=0 started=1
ARM n=1958 cycle=365928025 hdr=66 persisted=0 started=1
ARM n=1959 cycle=366019179 hdr=66 persisted=0 started=1
ARM n=1960 cycle=366113039 hdr=66 persisted=0 started=1
ARM n=1961 cycle=366208362 hdr=66 persisted=0 started=1
ARM n=1962 cycle=366308030 hdr=66 persisted=0 started=1
ARM n=1963 cycle=366410926 hdr=66 persisted=0 started=1
ARM n=1964 cycle=366515512 hdr=66 persisted=0 started=1
ARM n=1965 cycle=366622470 hdr=66 persisted=0 started=1
ARM n=1966 cycle=366726038 hdr=66 persisted=0 started=1
ARM n=1967 cycle=366828499 hdr=66 persisted=0 started=1
ARM n=1968 cycle=366929065 hdr=66 persisted=0 started=1
ARM n=1969 cycle=367030374 hdr=66 persisted=0 started=1
ARM n=1970 cycle=367133708 hdr=66 persisted=0 started=1
ARM n=1971 cycle=367233672 hdr=66 persisted=0 started=1
ARM n=1972 cycle=367333060 hdr=66 persisted=0 started=1
ARM n=1973 cycle=367431970 hdr=66 persisted=0 started=1
ARM n=1974 cycle=367526538 hdr=66 persisted=0 started=1
ARM n=1975 cycle=367621784 hdr=66 persisted=0 started=1
ARM n=1976 cycle=367718288 hdr=66 persisted=0 started=1
ARM n=1977 cycle=367814044 hdr=66 persisted=0 started=1
ARM n=1978 cycle=367912726 hdr=66 persisted=0 started=1
ARM n=1979 cycle=368009087 hdr=66 persisted=0 started=1
PICSTART n=140 cycle=368018716 hdr=66 state=15 geom=1 cand=1 proof=0 rearm_pend=0 hold=1 waiting=0
ORDER FINALQ_RISE cycle=368068871 hdr=66 outstanding=1
ARM n=1980 cycle=368068872 hdr=66 persisted=0 started=1
ORDER MIXEDGE cycle=368099218 hdr=66 finalq=1 produced=0 retired=1
ORDER PICPERS cycle=368099218 hdr=66 finalq=1 produced=0 bsel=0
ORDER COMPLETE cycle=368099219 hdr=66 outstanding=0
PICEVAL cycle=369278872 hdr=66 type=3 geom=1 is_p=1 wide_mode=1 gen_mode=1
SOAK_PROGRESS cycles=370000000 byte=3986740/10334168 p_pictures=66 b_pictures=61 published=78 swaps=127 motion_repeats=0
ROWCOUNT produced=1980 retired=3820 mix_pers=1980 mix_pers_sel=1980 pic_pers=127 mixed_edge=66
WATCHDOG timeout=0 started=1 persisted=1 active=0 arms=1980
PICSTART n=141 cycle=371350005 hdr=66 state=21 geom=1 cand=0 proof=1 rearm_pend=0 hold=0 waiting=0
ORDER PICPERS cycle=371419911 hdr=66 finalq=0 produced=0 bsel=1
PICEVAL cycle=371419914 hdr=66 type=3 geom=1 is_p=0 wide_mode=1 gen_mode=1
PICSTART n=142 cycle=373511003 hdr=66 state=21 geom=1 cand=0 proof=1 rearm_pend=0 hold=0 waiting=0
ORDER PICPERS cycle=373580619 hdr=66 finalq=0 produced=0 bsel=1
PICEVAL cycle=373580621 hdr=66 type=2 geom=1 is_p=0 wide_mode=1 gen_mode=1
PIC_FIRST_SIDEBAND pic=67 idx=3e val=0000 motion=1 desc_active=0 persisted=1 active=0
PERSIST_FALL cycle=373581396 hdr=67 timeout=0 started=0
PIC_FIRST_SIDEBAND pic=67 idx=3e val=0000 motion=1 desc_active=0 persisted=0 active=0
PIC_FIRST_SIDEBAND pic=67 idx=3e val=0000 motion=1 desc_active=0 persisted=0 active=0
PIC_FIRST_SIDEBAND pic=67 idx=3e val=0000 motion=1 desc_active=0 persisted=0 active=0
ARM n=1981 cycle=373631834 hdr=67 persisted=0 started=1
ARM n=1982 cycle=373721854 hdr=67 persisted=0 started=1
ARM n=1983 cycle=373810719 hdr=67 persisted=0 started=1
ARM n=1984 cycle=373897902 hdr=67 persisted=0 started=1
ARM n=1985 cycle=373984201 hdr=67 persisted=0 started=1
ARM n=1986 cycle=374069318 hdr=67 persisted=0 started=1
ARM n=1987 cycle=374162024 hdr=67 persisted=0 started=1
ARM n=1988 cycle=374255628 hdr=67 persisted=0 started=1
ARM n=1989 cycle=374349980 hdr=67 persisted=0 started=1
ARM n=1990 cycle=374445464 hdr=67 persisted=0 started=1
ARM n=1991 cycle=374544566 hdr=67 persisted=0 started=1
ARM n=1992 cycle=374645559 hdr=67 persisted=0 started=1
ARM n=1993 cycle=374751570 hdr=67 persisted=0 started=1
ARM n=1994 cycle=374860179 hdr=67 persisted=0 started=1
ARM n=1995 cycle=374970843 hdr=67 persisted=0 started=1
ARM n=1996 cycle=375080984 hdr=67 persisted=0 started=1
ARM n=1997 cycle=375188184 hdr=67 persisted=0 started=1
ARM n=1998 cycle=375295710 hdr=67 persisted=0 started=1
ARM n=1999 cycle=375404587 hdr=67 persisted=0 started=1
ARM n=2000 cycle=375511949 hdr=67 persisted=0 started=1
ARM n=2001 cycle=375615729 hdr=67 persisted=0 started=1
ARM n=2002 cycle=375721704 hdr=67 persisted=0 started=1
ARM n=2003 cycle=375826176 hdr=67 persisted=0 started=1
ARM n=2004 cycle=375924959 hdr=67 persisted=0 started=1
ARM n=2005 cycle=376020000 hdr=67 persisted=0 started=1
ARM n=2006 cycle=376114925 hdr=67 persisted=0 started=1
ARM n=2007 cycle=376207355 hdr=67 persisted=0 started=1
ARM n=2008 cycle=376301985 hdr=67 persisted=0 started=1
ARM n=2009 cycle=376398396 hdr=67 persisted=0 started=1
PICSTART n=143 cycle=376403547 hdr=67 state=15 geom=1 cand=1 proof=0 rearm_pend=0 hold=1 waiting=0
ORDER FINALQ_RISE cycle=376449992 hdr=67 outstanding=1
ARM n=2010 cycle=376449993 hdr=67 persisted=0 started=1
ORDER MIXEDGE cycle=376476345 hdr=67 finalq=1 produced=0 retired=1
ORDER PICPERS cycle=376476345 hdr=67 finalq=1 produced=0 bsel=0
ORDER COMPLETE cycle=376476346 hdr=67 outstanding=0
PICEVAL cycle=376476347 hdr=67 type=3 geom=1 is_p=1 wide_mode=1 gen_mode=1
PICSTART n=144 cycle=378661875 hdr=67 state=21 geom=1 cand=0 proof=1 rearm_pend=0 hold=0 waiting=0
ORDER PICPERS cycle=378720993 hdr=67 finalq=0 produced=0 bsel=1
PICEVAL cycle=379288873 hdr=67 type=3 geom=1 is_p=0 wide_mode=1 gen_mode=1
SOAK_PROGRESS cycles=380000000 byte=4160744/10334168 p_pictures=67 b_pictures=64 published=79 swaps=131 motion_repeats=0
ROWCOUNT produced=2010 retired=3939 mix_pers=2010 mix_pers_sel=2010 pic_pers=131 mixed_edge=67
WATCHDOG timeout=0 started=1 persisted=1 active=0 arms=2010
ORDER PICPERS cycle=381529542 hdr=67 finalq=0 produced=0 bsel=1
PICSTART n=145 cycle=381529703 hdr=67 state=21 geom=1 cand=0 proof=1 rearm_pend=0 hold=0 waiting=0
PICEVAL cycle=381529704 hdr=67 type=1 geom=1 is_p=0 wide_mode=1 gen_mode=1
PICSTART n=146 cycle=383894435 hdr=67 state=21 geom=1 cand=0 proof=1 rearm_pend=0 hold=0 waiting=0
PICEVAL cycle=383894444 hdr=67 type=3 geom=1 is_p=0 wide_mode=1 gen_mode=1
PICSTART n=147 cycle=386507982 hdr=67 state=21 geom=1 cand=0 proof=1 rearm_pend=0 hold=0 waiting=0
ORDER PICPERS cycle=386567116 hdr=67 finalq=0 produced=0 bsel=1
PICEVAL cycle=386567119 hdr=67 type=3 geom=1 is_p=0 wide_mode=1 gen_mode=1
PICSTART n=148 cycle=388742756 hdr=67 state=21 geom=1 cand=0 proof=1 rearm_pend=0 hold=0 waiting=0
ORDER PICPERS cycle=388800117 hdr=67 finalq=0 produced=0 bsel=1
PICEVAL cycle=388800119 hdr=67 type=2 geom=1 is_p=0 wide_mode=1 gen_mode=1
PIC_FIRST_SIDEBAND pic=68 idx=3e val=0000 motion=1 desc_active=0 persisted=1 active=0
PERSIST_FALL cycle=388800962 hdr=68 timeout=0 started=0
PIC_FIRST_SIDEBAND pic=68 idx=3e val=0000 motion=1 desc_active=0 persisted=0 active=0
PIC_FIRST_SIDEBAND pic=68 idx=3e val=0000 motion=1 desc_active=0 persisted=0 active=0
PIC_FIRST_SIDEBAND pic=68 idx=3e val=0000 motion=1 desc_active=0 persisted=0 active=0
ARM n=2011 cycle=388853728 hdr=68 persisted=0 started=1
ARM n=2012 cycle=388945824 hdr=68 persisted=0 started=1
ARM n=2013 cycle=389033816 hdr=68 persisted=0 started=1
ARM n=2014 cycle=389121347 hdr=68 persisted=0 started=1
ARM n=2015 cycle=389205854 hdr=68 persisted=0 started=1
ARM n=2016 cycle=389298363 hdr=68 persisted=0 started=1
ARM n=2017 cycle=389393702 hdr=68 persisted=0 started=1
ARM n=2018 cycle=389487126 hdr=68 persisted=0 started=1
ARM n=2019 cycle=389579968 hdr=68 persisted=0 started=1
ARM n=2020 cycle=389672605 hdr=68 persisted=0 started=1
ARM n=2021 cycle=389763227 hdr=68 persisted=0 started=1
ARM n=2022 cycle=389852541 hdr=68 persisted=0 started=1
ARM n=2023 cycle=389941383 hdr=68 persisted=0 started=1
SOAK_PROGRESS cycles=390000000 byte=4365516/10334168 p_pictures=67 b_pictures=67 published=80 swaps=135 motion_repeats=0
ROWCOUNT produced=2023 retired=4033 mix_pers=2023 mix_pers_sel=2023 pic_pers=134 mixed_edge=67
WATCHDOG timeout=0 started=0 persisted=0 active=0 arms=2023
ARM n=2024 cycle=390038315 hdr=68 persisted=0 started=1
ARM n=2025 cycle=390140844 hdr=68 persisted=0 started=1
ARM n=2026 cycle=390247051 hdr=68 persisted=0 started=1
ARM n=2027 cycle=390357768 hdr=68 persisted=0 started=1
ARM n=2028 cycle=390465192 hdr=68 persisted=0 started=1
ARM n=2029 cycle=390565539 hdr=68 persisted=0 started=1
ARM n=2030 cycle=390661644 hdr=68 persisted=0 started=1
ARM n=2031 cycle=390749654 hdr=68 persisted=0 started=1
ARM n=2032 cycle=390835326 hdr=68 persisted=0 started=1
ARM n=2033 cycle=390912912 hdr=68 persisted=0 started=1
ARM n=2034 cycle=390989621 hdr=68 persisted=0 started=1
ARM n=2035 cycle=391061983 hdr=68 persisted=0 started=1
ARM n=2036 cycle=391138361 hdr=68 persisted=0 started=1
ARM n=2037 cycle=391210237 hdr=68 persisted=0 started=1
ARM n=2038 cycle=391280347 hdr=68 persisted=0 started=1
ARM n=2039 cycle=391351631 hdr=68 persisted=0 started=1
PICSTART n=149 cycle=391356554 hdr=68 state=15 geom=1 cand=1 proof=0 rearm_pend=0 hold=1 waiting=0
ORDER FINALQ_RISE cycle=391385839 hdr=68 outstanding=1
ARM n=2040 cycle=391385840 hdr=68 persisted=0 started=1
ORDER MIXEDGE cycle=391411894 hdr=68 finalq=1 produced=0 retired=1
ORDER PICPERS cycle=391411894 hdr=68 finalq=1 produced=0 bsel=0
ORDER COMPLETE cycle=391411895 hdr=68 outstanding=0
PICEVAL cycle=391411896 hdr=68 type=3 geom=1 is_p=1 wide_mode=1 gen_mode=1
PICSTART n=150 cycle=393446783 hdr=68 state=21 geom=1 cand=0 proof=1 rearm_pend=0 hold=0 waiting=0
ORDER PICPERS cycle=393494974 hdr=68 finalq=0 produced=0 bsel=1
PICEVAL cycle=395304873 hdr=68 type=3 geom=1 is_p=0 wide_mode=1 gen_mode=1
PICSTART n=151 cycle=397300462 hdr=68 state=21 geom=1 cand=0 proof=1 rearm_pend=0 hold=0 waiting=0
ORDER PICPERS cycle=397348481 hdr=68 finalq=0 produced=0 bsel=1
PICEVAL cycle=397348483 hdr=68 type=2 geom=1 is_p=0 wide_mode=1 gen_mode=1
PIC_FIRST_SIDEBAND pic=69 idx=3e val=0000 motion=1 desc_active=0 persisted=1 active=0
PERSIST_FALL cycle=397349450 hdr=69 timeout=0 started=0
PIC_FIRST_SIDEBAND pic=69 idx=3e val=0000 motion=1 desc_active=0 persisted=0 active=0
PIC_FIRST_SIDEBAND pic=69 idx=3e val=0000 motion=1 desc_active=0 persisted=0 active=0
PIC_FIRST_SIDEBAND pic=69 idx=3e val=0000 motion=1 desc_active=0 persisted=0 active=0
ARM n=2041 cycle=397401805 hdr=69 persisted=0 started=1
ARM n=2042 cycle=397492433 hdr=69 persisted=0 started=1
ARM n=2043 cycle=397581801 hdr=69 persisted=0 started=1
ARM n=2044 cycle=397670354 hdr=69 persisted=0 started=1
ARM n=2045 cycle=397761860 hdr=69 persisted=0 started=1
ARM n=2046 cycle=397857375 hdr=69 persisted=0 started=1
ARM n=2047 cycle=397953575 hdr=69 persisted=0 started=1
ARM n=2048 cycle=398045919 hdr=69 persisted=0 started=1
ARM n=2049 cycle=398136528 hdr=69 persisted=0 started=1
ARM n=2050 cycle=398225732 hdr=69 persisted=0 started=1
ARM n=2051 cycle=398317033 hdr=69 persisted=0 started=1
ARM n=2052 cycle=398409266 hdr=69 persisted=0 started=1
ARM n=2053 cycle=398504896 hdr=69 persisted=0 started=1
ARM n=2054 cycle=398605075 hdr=69 persisted=0 started=1
ARM n=2055 cycle=398711075 hdr=69 persisted=0 started=1
ARM n=2056 cycle=398821122 hdr=69 persisted=0 started=1
ARM n=2057 cycle=398927644 hdr=69 persisted=0 started=1
ARM n=2058 cycle=399027577 hdr=69 persisted=0 started=1
ARM n=2059 cycle=399120509 hdr=69 persisted=0 started=1
ARM n=2060 cycle=399208091 hdr=69 persisted=0 started=1
ARM n=2061 cycle=399298703 hdr=69 persisted=0 started=1
ARM n=2062 cycle=399389455 hdr=69 persisted=0 started=1
ARM n=2063 cycle=399475094 hdr=69 persisted=0 started=1
ARM n=2064 cycle=399553333 hdr=69 persisted=0 started=1
ARM n=2065 cycle=399631657 hdr=69 persisted=0 started=1
ARM n=2066 cycle=399714240 hdr=69 persisted=0 started=1
ARM n=2067 cycle=399793382 hdr=69 persisted=0 started=1
ARM n=2068 cycle=399873939 hdr=69 persisted=0 started=1
ARM n=2069 cycle=399954223 hdr=69 persisted=0 started=1
PICSTART n=152 cycle=399959231 hdr=69 state=15 geom=1 cand=1 proof=0 rearm_pend=0 hold=1 waiting=0
ORDER FINALQ_RISE cycle=399994999 hdr=69 outstanding=1
ARM n=2070 cycle=399995000 hdr=69 persisted=0 started=1
SOAK_PROGRESS cycles=400000000 byte=4518312/10334168 p_pictures=68 b_pictures=69 published=81 swaps=138 motion_repeats=0
ROWCOUNT produced=2070 retired=4139 mix_pers=2069 mix_pers_sel=2069 pic_pers=137 mixed_edge=68
WATCHDOG timeout=16772215 started=1 persisted=0 active=1 arms=2070
ORDER MIXEDGE cycle=400020547 hdr=69 finalq=1 produced=0 retired=1
ORDER PICPERS cycle=400020547 hdr=69 finalq=1 produced=0 bsel=0
ORDER COMPLETE cycle=400020548 hdr=69 outstanding=0
PICEVAL cycle=401310872 hdr=69 type=3 geom=1 is_p=1 wide_mode=1 gen_mode=1
PICSTART n=153 cycle=403244577 hdr=69 state=21 geom=1 cand=0 proof=1 rearm_pend=0 hold=0 waiting=0
ORDER PICPERS cycle=403292560 hdr=69 finalq=0 produced=0 bsel=1
PICEVAL cycle=403312873 hdr=69 type=3 geom=1 is_p=0 wide_mode=1 gen_mode=1
PICSTART n=154 cycle=405245254 hdr=69 state=21 geom=1 cand=0 proof=1 rearm_pend=0 hold=0 waiting=0
ORDER PICPERS cycle=405294396 hdr=69 finalq=0 produced=0 bsel=1
PICEVAL cycle=405294398 hdr=69 type=2 geom=1 is_p=0 wide_mode=1 gen_mode=1
PIC_FIRST_SIDEBAND pic=70 idx=3e val=0000 motion=1 desc_active=0 persisted=1 active=0
PERSIST_FALL cycle=405295198 hdr=70 timeout=0 started=0
PIC_FIRST_SIDEBAND pic=70 idx=3e val=0000 motion=1 desc_active=0 persisted=0 active=0
PIC_FIRST_SIDEBAND pic=70 idx=3e val=0000 motion=1 desc_active=0 persisted=0 active=0
PIC_FIRST_SIDEBAND pic=70 idx=3e val=0000 motion=1 desc_active=0 persisted=0 active=0
ARM n=2071 cycle=405349095 hdr=70 persisted=0 started=1
ARM n=2072 cycle=405442000 hdr=70 persisted=0 started=1
ARM n=2073 cycle=405531535 hdr=70 persisted=0 started=1
ARM n=2074 cycle=405620354 hdr=70 persisted=0 started=1
ARM n=2075 cycle=405715327 hdr=70 persisted=0 started=1
ARM n=2076 cycle=405813939 hdr=70 persisted=0 started=1
ARM n=2077 cycle=405910164 hdr=70 persisted=0 started=1
ARM n=2078 cycle=406000802 hdr=70 persisted=0 started=1
ARM n=2079 cycle=406091512 hdr=70 persisted=0 started=1
ARM n=2080 cycle=406181791 hdr=70 persisted=0 started=1
ARM n=2081 cycle=406275680 hdr=70 persisted=0 started=1
ARM n=2082 cycle=406370590 hdr=70 persisted=0 started=1
ARM n=2083 cycle=406468763 hdr=70 persisted=0 started=1
ARM n=2084 cycle=406573755 hdr=70 persisted=0 started=1
ARM n=2085 cycle=406676877 hdr=70 persisted=0 started=1
ARM n=2086 cycle=406779907 hdr=70 persisted=0 started=1
ARM n=2087 cycle=406879942 hdr=70 persisted=0 started=1
ARM n=2088 cycle=406979860 hdr=70 persisted=0 started=1
ARM n=2089 cycle=407079409 hdr=70 persisted=0 started=1
ARM n=2090 cycle=407171540 hdr=70 persisted=0 started=1
ARM n=2091 cycle=407261934 hdr=70 persisted=0 started=1
ARM n=2092 cycle=407351679 hdr=70 persisted=0 started=1
ARM n=2093 cycle=407435540 hdr=70 persisted=0 started=1
ARM n=2094 cycle=407518459 hdr=70 persisted=0 started=1
ARM n=2095 cycle=407596169 hdr=70 persisted=0 started=1
ARM n=2096 cycle=407679035 hdr=70 persisted=0 started=1
ARM n=2097 cycle=407762590 hdr=70 persisted=0 started=1
ARM n=2098 cycle=407843608 hdr=70 persisted=0 started=1
ARM n=2099 cycle=407926213 hdr=70 persisted=0 started=1
PICSTART n=155 cycle=407931190 hdr=70 state=18 geom=1 cand=1 proof=0 rearm_pend=0 hold=1 waiting=0
ORDER FINALQ_RISE cycle=407966392 hdr=70 outstanding=1
ARM n=2100 cycle=407966393 hdr=70 persisted=0 started=1
ORDER MIXEDGE cycle=407992183 hdr=70 finalq=1 produced=0 retired=1
ORDER PICPERS cycle=407992183 hdr=70 finalq=1 produced=0 bsel=0
ORDER COMPLETE cycle=407992184 hdr=70 outstanding=0
PICEVAL cycle=408315966 hdr=70 type=3 geom=1 is_p=1 wide_mode=1 gen_mode=1
SOAK_PROGRESS cycles=410000000 byte=4661260/10334168 p_pictures=70 b_pictures=71 published=83 swaps=142 motion_repeats=0
ROWCOUNT produced=2100 retired=4254 mix_pers=2100 mix_pers_sel=2100 pic_pers=141 mixed_edge=70
WATCHDOG timeout=0 started=1 persisted=1 active=0 arms=2100
PICSTART n=156 cycle=410206123 hdr=70 state=21 geom=1 cand=0 proof=1 rearm_pend=0 hold=0 waiting=0
ORDER PICPERS cycle=410252723 hdr=70 finalq=0 produced=0 bsel=1
PICEVAL cycle=411320873 hdr=70 type=3 geom=1 is_p=0 wide_mode=1 gen_mode=1
ORDER PICPERS cycle=413298343 hdr=70 finalq=0 produced=0 bsel=1
PICSTART n=157 cycle=413298504 hdr=70 state=21 geom=1 cand=0 proof=1 rearm_pend=0 hold=0 waiting=0
PICEVAL cycle=413298505 hdr=70 type=1 geom=1 is_p=0 wide_mode=1 gen_mode=1
PICSTART n=158 cycle=415599753 hdr=70 state=21 geom=1 cand=0 proof=1 rearm_pend=0 hold=0 waiting=0
PICEVAL cycle=415599762 hdr=70 type=3 geom=1 is_p=0 wide_mode=1 gen_mode=1
PICSTART n=159 cycle=418228199 hdr=70 state=21 geom=1 cand=0 proof=1 rearm_pend=0 hold=0 waiting=0
ORDER PICPERS cycle=418280029 hdr=70 finalq=0 produced=0 bsel=1
PICEVAL cycle=418325967 hdr=70 type=3 geom=1 is_p=0 wide_mode=1 gen_mode=1
SOAK_PROGRESS cycles=420000000 byte=4818780/10334168 p_pictures=70 b_pictures=74 published=84 swaps=146 motion_repeats=0
ROWCOUNT produced=2100 retired=4345 mix_pers=2100 mix_pers_sel=2100 pic_pers=144 mixed_edge=70
WATCHDOG timeout=0 started=1 persisted=1 active=0 arms=2100
PICSTART n=160 cycle=420145393 hdr=70 state=21 geom=1 cand=0 proof=1 rearm_pend=0 hold=0 waiting=0
ORDER PICPERS cycle=420195052 hdr=70 finalq=0 produced=0 bsel=1
PICEVAL cycle=420195054 hdr=70 type=2 geom=1 is_p=0 wide_mode=1 gen_mode=1
PIC_FIRST_SIDEBAND pic=71 idx=3e val=0000 motion=1 desc_active=0 persisted=1 active=0
PERSIST_FALL cycle=420195759 hdr=71 timeout=0 started=0
PIC_FIRST_SIDEBAND pic=71 idx=3e val=0000 motion=1 desc_active=0 persisted=0 active=0
PIC_FIRST_SIDEBAND pic=71 idx=3e val=0000 motion=1 desc_active=0 persisted=0 active=0
PIC_FIRST_SIDEBAND pic=71 idx=3e val=0000 motion=1 desc_active=0 persisted=0 active=0
ARM n=2101 cycle=420244714 hdr=71 persisted=0 started=1
ARM n=2102 cycle=420329171 hdr=71 persisted=0 started=1
ARM n=2103 cycle=420411095 hdr=71 persisted=0 started=1
ARM n=2104 cycle=420501910 hdr=71 persisted=0 started=1
ARM n=2105 cycle=420596142 hdr=71 persisted=0 started=1
ARM n=2106 cycle=420682908 hdr=71 persisted=0 started=1
ARM n=2107 cycle=420767679 hdr=71 persisted=0 started=1
ARM n=2108 cycle=420854720 hdr=71 persisted=0 started=1
ARM n=2109 cycle=420939924 hdr=71 persisted=0 started=1
ARM n=2110 cycle=421031654 hdr=71 persisted=0 started=1
ARM n=2111 cycle=421124754 hdr=71 persisted=0 started=1
ARM n=2112 cycle=421220028 hdr=71 persisted=0 started=1
ARM n=2113 cycle=421317282 hdr=71 persisted=0 started=1
ARM n=2114 cycle=421414409 hdr=71 persisted=0 started=1
ARM n=2115 cycle=421505783 hdr=71 persisted=0 started=1
ARM n=2116 cycle=421600603 hdr=71 persisted=0 started=1
ARM n=2117 cycle=421694382 hdr=71 persisted=0 started=1
ARM n=2118 cycle=421787398 hdr=71 persisted=0 started=1
ARM n=2119 cycle=421879056 hdr=71 persisted=0 started=1
ARM n=2120 cycle=421968788 hdr=71 persisted=0 started=1
ARM n=2121 cycle=422055835 hdr=71 persisted=0 started=1
ARM n=2122 cycle=422135302 hdr=71 persisted=0 started=1
ARM n=2123 cycle=422216245 hdr=71 persisted=0 started=1
ARM n=2124 cycle=422298608 hdr=71 persisted=0 started=1
ARM n=2125 cycle=422386875 hdr=71 persisted=0 started=1
ARM n=2126 cycle=422476145 hdr=71 persisted=0 started=1
ARM n=2127 cycle=422565111 hdr=71 persisted=0 started=1
ARM n=2128 cycle=422654913 hdr=71 persisted=0 started=1
ARM n=2129 cycle=422746246 hdr=71 persisted=0 started=1
PICSTART n=161 cycle=422755749 hdr=71 state=15 geom=1 cand=1 proof=0 rearm_pend=0 hold=1 waiting=0
ORDER FINALQ_RISE cycle=422792303 hdr=71 outstanding=1
ARM n=2130 cycle=422792304 hdr=71 persisted=0 started=1
ORDER MIXEDGE cycle=422818423 hdr=71 finalq=1 produced=0 retired=1
ORDER PICPERS cycle=422818423 hdr=71 finalq=1 produced=0 bsel=0
ORDER COMPLETE cycle=422818424 hdr=71 outstanding=0
PICEVAL cycle=423332872 hdr=71 type=3 geom=1 is_p=1 wide_mode=1 gen_mode=1
PICSTART n=162 cycle=425152924 hdr=71 state=21 geom=1 cand=0 proof=1 rearm_pend=0 hold=0 waiting=0
ORDER PICPERS cycle=425204053 hdr=71 finalq=0 produced=0 bsel=1
PICEVAL cycle=427336873 hdr=71 type=3 geom=1 is_p=0 wide_mode=1 gen_mode=1
PICSTART n=163 cycle=429199363 hdr=71 state=21 geom=1 cand=0 proof=1 rearm_pend=0 hold=0 waiting=0
ORDER PICPERS cycle=429246427 hdr=71 finalq=0 produced=0 bsel=1
PICEVAL cycle=429246429 hdr=71 type=2 geom=1 is_p=0 wide_mode=1 gen_mode=1
PIC_FIRST_SIDEBAND pic=72 idx=3e val=0000 motion=1 desc_active=0 persisted=1 active=0
PERSIST_FALL cycle=429247117 hdr=72 timeout=0 started=0
PIC_FIRST_SIDEBAND pic=72 idx=3e val=0000 motion=1 desc_active=0 persisted=0 active=0
PIC_FIRST_SIDEBAND pic=72 idx=3e val=0000 motion=1 desc_active=0 persisted=0 active=0
PIC_FIRST_SIDEBAND pic=72 idx=3e val=0000 motion=1 desc_active=0 persisted=0 active=0
ARM n=2131 cycle=429296118 hdr=72 persisted=0 started=1
ARM n=2132 cycle=429381396 hdr=72 persisted=0 started=1
ARM n=2133 cycle=429468939 hdr=72 persisted=0 started=1
ARM n=2134 cycle=429560710 hdr=72 persisted=0 started=1
ARM n=2135 cycle=429647150 hdr=72 persisted=0 started=1
ARM n=2136 cycle=429733593 hdr=72 persisted=0 started=1
ARM n=2137 cycle=429823595 hdr=72 persisted=0 started=1
ARM n=2138 cycle=429913637 hdr=72 persisted=0 started=1
SOAK_PROGRESS cycles=430000000 byte=4947672/10334168 p_pictures=71 b_pictures=77 published=85 swaps=149 motion_repeats=0
ROWCOUNT produced=2138 retired=4448 mix_pers=2138 mix_pers_sel=2138 pic_pers=148 mixed_edge=71
WATCHDOG timeout=0 started=0 persisted=0 active=0 arms=2138
ARM n=2139 cycle=430002838 hdr=72 persisted=0 started=1
ARM n=2140 cycle=430095186 hdr=72 persisted=0 started=1
ARM n=2141 cycle=430189335 hdr=72 persisted=0 started=1
ARM n=2142 cycle=430283831 hdr=72 persisted=0 started=1
ARM n=2143 cycle=430372845 hdr=72 persisted=0 started=1
ARM n=2144 cycle=430466497 hdr=72 persisted=0 started=1
ARM n=2145 cycle=430565077 hdr=72 persisted=0 started=1
ARM n=2146 cycle=430659485 hdr=72 persisted=0 started=1
ARM n=2147 cycle=430752632 hdr=72 persisted=0 started=1
ARM n=2148 cycle=430848720 hdr=72 persisted=0 started=1
ARM n=2149 cycle=430945481 hdr=72 persisted=0 started=1
ARM n=2150 cycle=431040863 hdr=72 persisted=0 started=1
ARM n=2151 cycle=431134231 hdr=72 persisted=0 started=1
ARM n=2152 cycle=431229161 hdr=72 persisted=0 started=1
ARM n=2153 cycle=431322162 hdr=72 persisted=0 started=1
ARM n=2154 cycle=431419757 hdr=72 persisted=0 started=1
ARM n=2155 cycle=431516524 hdr=72 persisted=0 started=1
ARM n=2156 cycle=431606436 hdr=72 persisted=0 started=1
ARM n=2157 cycle=431700791 hdr=72 persisted=0 started=1
ARM n=2158 cycle=431794264 hdr=72 persisted=0 started=1
ARM n=2159 cycle=431892081 hdr=72 persisted=0 started=1
PICSTART n=164 cycle=431901653 hdr=72 state=15 geom=1 cand=1 proof=0 rearm_pend=0 hold=1 waiting=0
ORDER FINALQ_RISE cycle=431945120 hdr=72 outstanding=1
ARM n=2160 cycle=431945121 hdr=72 persisted=0 started=1
ORDER MIXEDGE cycle=431973148 hdr=72 finalq=1 produced=0 retired=1
ORDER PICPERS cycle=431973148 hdr=72 finalq=1 produced=0 bsel=0
ORDER COMPLETE cycle=431973149 hdr=72 outstanding=0
PICEVAL cycle=433342873 hdr=72 type=3 geom=1 is_p=1 wide_mode=1 gen_mode=1
PICSTART n=165 cycle=435290743 hdr=72 state=21 geom=1 cand=0 proof=1 rearm_pend=0 hold=0 waiting=0
ORDER PICPERS cycle=435340963 hdr=72 finalq=0 produced=0 bsel=1
PICEVAL cycle=435344874 hdr=72 type=3 geom=1 is_p=0 wide_mode=1 gen_mode=1
PICSTART n=166 cycle=437347106 hdr=72 state=21 geom=1 cand=0 proof=1 rearm_pend=0 hold=0 waiting=0
ORDER PICPERS cycle=437399492 hdr=72 finalq=0 produced=0 bsel=1
PICEVAL cycle=437399494 hdr=72 type=2 geom=1 is_p=0 wide_mode=1 gen_mode=1
PIC_FIRST_SIDEBAND pic=73 idx=3e val=0000 motion=1 desc_active=0 persisted=1 active=0
PERSIST_FALL cycle=437400173 hdr=73 timeout=0 started=0
PIC_FIRST_SIDEBAND pic=73 idx=3e val=0000 motion=1 desc_active=0 persisted=0 active=0
PIC_FIRST_SIDEBAND pic=73 idx=3e val=0000 motion=1 desc_active=0 persisted=0 active=0
PIC_FIRST_SIDEBAND pic=73 idx=3e val=0000 motion=1 desc_active=0 persisted=0 active=0
ARM n=2161 cycle=437451019 hdr=73 persisted=0 started=1
ARM n=2162 cycle=437535952 hdr=73 persisted=0 started=1
ARM n=2163 cycle=437627438 hdr=73 persisted=0 started=1
ARM n=2164 cycle=437718584 hdr=73 persisted=0 started=1
ARM n=2165 cycle=437809467 hdr=73 persisted=0 started=1
ARM n=2166 cycle=437900191 hdr=73 persisted=0 started=1
ARM n=2167 cycle=437989532 hdr=73 persisted=0 started=1
ARM n=2168 cycle=438082634 hdr=73 persisted=0 started=1
ARM n=2169 cycle=438174618 hdr=73 persisted=0 started=1
ARM n=2170 cycle=438268891 hdr=73 persisted=0 started=1
ARM n=2171 cycle=438363036 hdr=73 persisted=0 started=1
ARM n=2172 cycle=438452562 hdr=73 persisted=0 started=1
ARM n=2173 cycle=438547610 hdr=73 persisted=0 started=1
ARM n=2174 cycle=438641815 hdr=73 persisted=0 started=1
ARM n=2175 cycle=438739650 hdr=73 persisted=0 started=1
ARM n=2176 cycle=438836775 hdr=73 persisted=0 started=1
ARM n=2177 cycle=438933784 hdr=73 persisted=0 started=1
ARM n=2178 cycle=439031522 hdr=73 persisted=0 started=1
ARM n=2179 cycle=439130407 hdr=73 persisted=0 started=1
ARM n=2180 cycle=439231758 hdr=73 persisted=0 started=1
ARM n=2181 cycle=439333689 hdr=73 persisted=0 started=1
ARM n=2182 cycle=439435362 hdr=73 persisted=0 started=1
ARM n=2183 cycle=439538447 hdr=73 persisted=0 started=1
ARM n=2184 cycle=439638571 hdr=73 persisted=0 started=1
ARM n=2185 cycle=439736558 hdr=73 persisted=0 started=1
ARM n=2186 cycle=439836002 hdr=73 persisted=0 started=1
ARM n=2187 cycle=439932231 hdr=73 persisted=0 started=1
SOAK_PROGRESS cycles=440000000 byte=5122336/10334168 p_pictures=72 b_pictures=79 published=86 swaps=153 motion_repeats=0
ROWCOUNT produced=2187 retired=4557 mix_pers=2187 mix_pers_sel=2187 pic_pers=151 mixed_edge=72
WATCHDOG timeout=0 started=0 persisted=0 active=0 arms=2187
ARM n=2188 cycle=440029284 hdr=73 persisted=0 started=1
ARM n=2189 cycle=440131054 hdr=73 persisted=0 started=1
PICSTART n=167 cycle=440145253 hdr=73 state=15 geom=1 cand=1 proof=0 rearm_pend=0 hold=1 waiting=0
ORDER FINALQ_RISE cycle=440189705 hdr=73 outstanding=1
ARM n=2190 cycle=440189706 hdr=73 persisted=0 started=1
ORDER MIXEDGE cycle=440218152 hdr=73 finalq=1 produced=0 retired=1
ORDER PICPERS cycle=440218152 hdr=73 finalq=1 produced=0 bsel=0
ORDER COMPLETE cycle=440218153 hdr=73 outstanding=0
PICEVAL cycle=440347966 hdr=73 type=3 geom=1 is_p=1 wide_mode=1 gen_mode=1
PICSTART n=168 cycle=442400159 hdr=73 state=21 geom=1 cand=0 proof=1 rearm_pend=0 hold=0 waiting=0
ORDER PICPERS cycle=442454042 hdr=73 finalq=0 produced=0 bsel=1
PICEVAL cycle=443352874 hdr=73 type=3 geom=1 is_p=0 wide_mode=1 gen_mode=1
ORDER PICPERS cycle=445490743 hdr=73 finalq=0 produced=0 bsel=1
PICSTART n=169 cycle=445490904 hdr=73 state=21 geom=1 cand=0 proof=1 rearm_pend=0 hold=0 waiting=0
PICEVAL cycle=445490905 hdr=73 type=1 geom=1 is_p=0 wide_mode=1 gen_mode=1
PICSTART n=170 cycle=447749012 hdr=73 state=21 geom=1 cand=0 proof=1 rearm_pend=0 hold=0 waiting=0
PICEVAL cycle=447749021 hdr=73 type=3 geom=1 is_p=0 wide_mode=1 gen_mode=1
SOAK_PROGRESS cycles=450000000 byte=5290168/10334168 p_pictures=73 b_pictures=81 published=88 swaps=157 motion_repeats=0
ROWCOUNT produced=2190 retired=4646 mix_pers=2190 mix_pers_sel=2190 pic_pers=154 mixed_edge=73
WATCHDOG timeout=0 started=1 persisted=1 active=0 arms=2190
PICSTART n=171 cycle=450124033 hdr=73 state=21 geom=1 cand=0 proof=1 rearm_pend=0 hold=0 waiting=0
ORDER PICPERS cycle=450177574 hdr=73 finalq=0 produced=0 bsel=1
PICEVAL cycle=450357967 hdr=73 type=3 geom=1 is_p=0 wide_mode=1 gen_mode=1
PICSTART n=172 cycle=452084998 hdr=73 state=21 geom=1 cand=0 proof=1 rearm_pend=0 hold=0 waiting=0
ORDER PICPERS cycle=452144608 hdr=73 finalq=0 produced=0 bsel=1
PICEVAL cycle=452144610 hdr=73 type=2 geom=1 is_p=0 wide_mode=1 gen_mode=1
PIC_FIRST_SIDEBAND pic=74 idx=3e val=0000 motion=1 desc_active=0 persisted=1 active=0
PERSIST_FALL cycle=452145299 hdr=74 timeout=0 started=0
PIC_FIRST_SIDEBAND pic=74 idx=3e val=0000 motion=1 desc_active=0 persisted=0 active=0
PIC_FIRST_SIDEBAND pic=74 idx=3e val=0000 motion=1 desc_active=0 persisted=0 active=0
PIC_FIRST_SIDEBAND pic=74 idx=3e val=0000 motion=1 desc_active=0 persisted=0 active=0
ARM n=2191 cycle=452188973 hdr=74 persisted=0 started=1
ARM n=2192 cycle=452271462 hdr=74 persisted=0 started=1
ARM n=2193 cycle=452353639 hdr=74 persisted=0 started=1
ARM n=2194 cycle=452433300 hdr=74 persisted=0 started=1
ARM n=2195 cycle=452517163 hdr=74 persisted=0 started=1
ARM n=2196 cycle=452600975 hdr=74 persisted=0 started=1
ARM n=2197 cycle=452690335 hdr=74 persisted=0 started=1
ARM n=2198 cycle=452781053 hdr=74 persisted=0 started=1
ARM n=2199 cycle=452868530 hdr=74 persisted=0 started=1
ARM n=2200 cycle=452955102 hdr=74 persisted=0 started=1
ARM n=2201 cycle=453040447 hdr=74 persisted=0 started=1
ARM n=2202 cycle=453125721 hdr=74 persisted=0 started=1
ARM n=2203 cycle=453211757 hdr=74 persisted=0 started=1
ARM n=2204 cycle=453299651 hdr=74 persisted=0 started=1
ARM n=2205 cycle=453388775 hdr=74 persisted=0 started=1
ARM n=2206 cycle=453479406 hdr=74 persisted=0 started=1
ARM n=2207 cycle=453571352 hdr=74 persisted=0 started=1
ARM n=2208 cycle=453666176 hdr=74 persisted=0 started=1
ARM n=2209 cycle=453761542 hdr=74 persisted=0 started=1
ARM n=2210 cycle=453856971 hdr=74 persisted=0 started=1
ARM n=2211 cycle=453953886 hdr=74 persisted=0 started=1
ARM n=2212 cycle=454048794 hdr=74 persisted=0 started=1
ARM n=2213 cycle=454141603 hdr=74 persisted=0 started=1
ARM n=2214 cycle=454236279 hdr=74 persisted=0 started=1
ARM n=2215 cycle=454329891 hdr=74 persisted=0 started=1
ARM n=2216 cycle=454424422 hdr=74 persisted=0 started=1
ARM n=2217 cycle=454507363 hdr=74 persisted=0 started=1
ARM n=2218 cycle=454595702 hdr=74 persisted=0 started=1
ARM n=2219 cycle=454683546 hdr=74 persisted=0 started=1
PICSTART n=173 cycle=454693322 hdr=74 state=15 geom=1 cand=1 proof=0 rearm_pend=0 hold=1 waiting=0
ORDER FINALQ_RISE cycle=454732882 hdr=74 outstanding=1
ARM n=2220 cycle=454732883 hdr=74 persisted=0 started=1
ORDER MIXEDGE cycle=454762121 hdr=74 finalq=1 produced=0 retired=1
ORDER PICPERS cycle=454762121 hdr=74 finalq=1 produced=0 bsel=0
ORDER COMPLETE cycle=454762122 hdr=74 outstanding=0
PICEVAL cycle=455364873 hdr=74 type=3 geom=1 is_p=1 wide_mode=1 gen_mode=1
PICSTART n=174 cycle=457164559 hdr=74 state=21 geom=1 cand=0 proof=1 rearm_pend=0 hold=0 waiting=0
ORDER PICPERS cycle=457223322 hdr=74 finalq=0 produced=0 bsel=1
PICEVAL cycle=459368874 hdr=74 type=3 geom=1 is_p=0 wide_mode=1 gen_mode=1
SOAK_PROGRESS cycles=460000000 byte=5410804/10334168 p_pictures=74 b_pictures=84 published=89 swaps=161 motion_repeats=0
ROWCOUNT produced=2220 retired=4750 mix_pers=2220 mix_pers_sel=2220 pic_pers=158 mixed_edge=74
WATCHDOG timeout=0 started=1 persisted=1 active=0 arms=2220
PICSTART n=175 cycle=461216317 hdr=74 state=21 geom=1 cand=0 proof=1 rearm_pend=0 hold=0 waiting=0
ORDER PICPERS cycle=461275608 hdr=74 finalq=0 produced=0 bsel=1
PICEVAL cycle=461275610 hdr=74 type=2 geom=1 is_p=0 wide_mode=1 gen_mode=1
PIC_FIRST_SIDEBAND pic=75 idx=3e val=0000 motion=1 desc_active=0 persisted=1 active=0
PERSIST_FALL cycle=461276259 hdr=75 timeout=0 started=0
PIC_FIRST_SIDEBAND pic=75 idx=3e val=0000 motion=1 desc_active=0 persisted=0 active=0
PIC_FIRST_SIDEBAND pic=75 idx=3e val=0000 motion=1 desc_active=0 persisted=0 active=0
PIC_FIRST_SIDEBAND pic=75 idx=3e val=0000 motion=1 desc_active=0 persisted=0 active=0
ARM n=2221 cycle=461322182 hdr=75 persisted=0 started=1
ARM n=2222 cycle=461406928 hdr=75 persisted=0 started=1
ARM n=2223 cycle=461491576 hdr=75 persisted=0 started=1
ARM n=2224 cycle=461575225 hdr=75 persisted=0 started=1
ARM n=2225 cycle=461660348 hdr=75 persisted=0 started=1
ARM n=2226 cycle=461746428 hdr=75 persisted=0 started=1
ARM n=2227 cycle=461840156 hdr=75 persisted=0 started=1
ARM n=2228 cycle=461931788 hdr=75 persisted=0 started=1
ARM n=2229 cycle=462024480 hdr=75 persisted=0 started=1
ARM n=2230 cycle=462113302 hdr=75 persisted=0 started=1
ARM n=2231 cycle=462199686 hdr=75 persisted=0 started=1
ARM n=2232 cycle=462290536 hdr=75 persisted=0 started=1
ARM n=2233 cycle=462380176 hdr=75 persisted=0 started=1
ARM n=2234 cycle=462471965 hdr=75 persisted=0 started=1
ARM n=2235 cycle=462566939 hdr=75 persisted=0 started=1
ARM n=2236 cycle=462663377 hdr=75 persisted=0 started=1
ARM n=2237 cycle=462759203 hdr=75 persisted=0 started=1
ARM n=2238 cycle=462853494 hdr=75 persisted=0 started=1
ARM n=2239 cycle=462952142 hdr=75 persisted=0 started=1
ARM n=2240 cycle=463052476 hdr=75 persisted=0 started=1
ARM n=2241 cycle=463153123 hdr=75 persisted=0 started=1
ARM n=2242 cycle=463255914 hdr=75 persisted=0 started=1
ARM n=2243 cycle=463355954 hdr=75 persisted=0 started=1
ARM n=2244 cycle=463455289 hdr=75 persisted=0 started=1
ARM n=2245 cycle=463555717 hdr=75 persisted=0 started=1
ARM n=2246 cycle=463656564 hdr=75 persisted=0 started=1
ARM n=2247 cycle=463753882 hdr=75 persisted=0 started=1
ARM n=2248 cycle=463848004 hdr=75 persisted=0 started=1
ARM n=2249 cycle=463950303 hdr=75 persisted=0 started=1
PICSTART n=176 cycle=463969064 hdr=75 state=15 geom=1 cand=1 proof=0 rearm_pend=0 hold=1 waiting=0
ORDER FINALQ_RISE cycle=464016005 hdr=75 outstanding=1
ARM n=2250 cycle=464016006 hdr=75 persisted=0 started=1
ORDER MIXEDGE cycle=464048353 hdr=75 finalq=1 produced=0 retired=1
ORDER PICPERS cycle=464048353 hdr=75 finalq=1 produced=0 bsel=0
ORDER COMPLETE cycle=464048354 hdr=75 outstanding=0
PICEVAL cycle=465374873 hdr=75 type=3 geom=1 is_p=1 wide_mode=1 gen_mode=1
PICSTART n=177 cycle=467242892 hdr=75 state=21 geom=1 cand=0 proof=1 rearm_pend=0 hold=0 waiting=0
ORDER PICPERS cycle=467302042 hdr=75 finalq=0 produced=0 bsel=1
PICEVAL cycle=467376874 hdr=75 type=3 geom=1 is_p=0 wide_mode=1 gen_mode=1
PICSTART n=178 cycle=469213779 hdr=75 state=21 geom=1 cand=0 proof=1 rearm_pend=0 hold=0 waiting=0
ORDER PICPERS cycle=469275817 hdr=75 finalq=0 produced=0 bsel=1
PICEVAL cycle=469275819 hdr=75 type=2 geom=1 is_p=0 wide_mode=1 gen_mode=1
PIC_FIRST_SIDEBAND pic=76 idx=3e val=0000 motion=1 desc_active=0 persisted=1 active=0
PERSIST_FALL cycle=469276559 hdr=76 timeout=0 started=0
PIC_FIRST_SIDEBAND pic=76 idx=3e val=0000 motion=1 desc_active=0 persisted=0 active=0
PIC_FIRST_SIDEBAND pic=76 idx=3e val=0000 motion=1 desc_active=0 persisted=0 active=0
PIC_FIRST_SIDEBAND pic=76 idx=3e val=0000 motion=1 desc_active=0 persisted=0 active=0
ARM n=2251 cycle=469321172 hdr=76 persisted=0 started=1
ARM n=2252 cycle=469408125 hdr=76 persisted=0 started=1
ARM n=2253 cycle=469494224 hdr=76 persisted=0 started=1
ARM n=2254 cycle=469583748 hdr=76 persisted=0 started=1
ARM n=2255 cycle=469674854 hdr=76 persisted=0 started=1
ARM n=2256 cycle=469768792 hdr=76 persisted=0 started=1
ARM n=2257 cycle=469863999 hdr=76 persisted=0 started=1
ARM n=2258 cycle=469958907 hdr=76 persisted=0 started=1
SOAK_PROGRESS cycles=470000000 byte=5574552/10334168 p_pictures=75 b_pictures=87 published=90 swaps=164 motion_repeats=0
ROWCOUNT produced=2258 retired=4868 mix_pers=2258 mix_pers_sel=2258 pic_pers=162 mixed_edge=75
WATCHDOG timeout=0 started=0 persisted=0 active=0 arms=2258
ARM n=2259 cycle=470050743 hdr=76 persisted=0 started=1
ARM n=2260 cycle=470144320 hdr=76 persisted=0 started=1
ARM n=2261 cycle=470238639 hdr=76 persisted=0 started=1
ARM n=2262 cycle=470331050 hdr=76 persisted=0 started=1
ARM n=2263 cycle=470426590 hdr=76 persisted=0 started=1
ARM n=2264 cycle=470524940 hdr=76 persisted=0 started=1
ARM n=2265 cycle=470620305 hdr=76 persisted=0 started=1
ARM n=2266 cycle=470718343 hdr=76 persisted=0 started=1
ARM n=2267 cycle=470820179 hdr=76 persisted=0 started=1
ARM n=2268 cycle=470921958 hdr=76 persisted=0 started=1
ARM n=2269 cycle=471025438 hdr=76 persisted=0 started=1
ARM n=2270 cycle=471128700 hdr=76 persisted=0 started=1
ARM n=2271 cycle=471234561 hdr=76 persisted=0 started=1
ARM n=2272 cycle=471340577 hdr=76 persisted=0 started=1
ARM n=2273 cycle=471448040 hdr=76 persisted=0 started=1
ARM n=2274 cycle=471553777 hdr=76 persisted=0 started=1
ARM n=2275 cycle=471660007 hdr=76 persisted=0 started=1
ARM n=2276 cycle=471767390 hdr=76 persisted=0 started=1
ARM n=2277 cycle=471874009 hdr=76 persisted=0 started=1
ARM n=2278 cycle=471981060 hdr=76 persisted=0 started=1
ARM n=2279 cycle=472086655 hdr=76 persisted=0 started=1
PICSTART n=179 cycle=472101027 hdr=76 state=15 geom=1 cand=1 proof=0 rearm_pend=0 hold=1 waiting=0
ORDER FINALQ_RISE cycle=472151069 hdr=76 outstanding=1
ARM n=2280 cycle=472151070 hdr=76 persisted=0 started=1
ORDER MIXEDGE cycle=472182620 hdr=76 finalq=1 produced=0 retired=1
ORDER PICPERS cycle=472182620 hdr=76 finalq=1 produced=0 bsel=0
ORDER COMPLETE cycle=472182621 hdr=76 outstanding=0
PICEVAL cycle=472379966 hdr=76 type=3 geom=1 is_p=1 wide_mode=1 gen_mode=1
PICSTART n=180 cycle=474397214 hdr=76 state=21 geom=1 cand=0 proof=1 rearm_pend=0 hold=0 waiting=0
ORDER PICPERS cycle=474464591 hdr=76 finalq=0 produced=0 bsel=1
PICEVAL cycle=475384874 hdr=76 type=3 geom=1 is_p=0 wide_mode=1 gen_mode=1
ORDER PICPERS cycle=477490777 hdr=76 finalq=0 produced=0 bsel=1
PICSTART n=181 cycle=477490938 hdr=76 state=21 geom=1 cand=0 proof=1 rearm_pend=0 hold=0 waiting=0
PICEVAL cycle=477490939 hdr=76 type=1 geom=1 is_p=0 wide_mode=1 gen_mode=1
PICSTART n=182 cycle=479735170 hdr=76 state=21 geom=1 cand=0 proof=1 rearm_pend=0 hold=0 waiting=0
PICEVAL cycle=479735179 hdr=76 type=3 geom=1 is_p=0 wide_mode=1 gen_mode=1
SOAK_PROGRESS cycles=480000000 byte=5769526/10334168 p_pictures=76 b_pictures=89 published=92 swaps=168 motion_repeats=0
ROWCOUNT produced=2280 retired=4950 mix_pers=2280 mix_pers_sel=2280 pic_pers=165 mixed_edge=76
WATCHDOG timeout=0 started=1 persisted=1 active=0 arms=2280
PICSTART n=183 cycle=482189997 hdr=76 state=21 geom=1 cand=0 proof=1 rearm_pend=0 hold=0 waiting=0
ORDER PICPERS cycle=482258339 hdr=76 finalq=0 produced=0 bsel=1
PICEVAL cycle=482389967 hdr=76 type=3 geom=1 is_p=0 wide_mode=1 gen_mode=1
PICSTART n=184 cycle=484206465 hdr=76 state=21 geom=1 cand=0 proof=1 rearm_pend=0 hold=0 waiting=0
ORDER PICPERS cycle=484275512 hdr=76 finalq=0 produced=0 bsel=1
PICEVAL cycle=484275514 hdr=76 type=2 geom=1 is_p=0 wide_mode=1 gen_mode=1
PIC_FIRST_SIDEBAND pic=77 idx=3e val=0000 motion=1 desc_active=0 persisted=1 active=0
PERSIST_FALL cycle=484276221 hdr=77 timeout=0 started=0
PIC_FIRST_SIDEBAND pic=77 idx=3e val=0000 motion=1 desc_active=0 persisted=0 active=0
PIC_FIRST_SIDEBAND pic=77 idx=3e val=0000 motion=1 desc_active=0 persisted=0 active=0
PIC_FIRST_SIDEBAND pic=77 idx=3e val=0000 motion=1 desc_active=0 persisted=0 active=0
ARM n=2281 cycle=484326594 hdr=77 persisted=0 started=1
ARM n=2282 cycle=484404505 hdr=77 persisted=0 started=1
ARM n=2283 cycle=484485091 hdr=77 persisted=0 started=1
ARM n=2284 cycle=484569685 hdr=77 persisted=0 started=1
ARM n=2285 cycle=484659064 hdr=77 persisted=0 started=1
ARM n=2286 cycle=484752302 hdr=77 persisted=0 started=1
ARM n=2287 cycle=484844544 hdr=77 persisted=0 started=1
ARM n=2288 cycle=484934255 hdr=77 persisted=0 started=1
ARM n=2289 cycle=485022369 hdr=77 persisted=0 started=1
ARM n=2290 cycle=485114925 hdr=77 persisted=0 started=1
ARM n=2291 cycle=485206459 hdr=77 persisted=0 started=1
ARM n=2292 cycle=485296739 hdr=77 persisted=0 started=1
ARM n=2293 cycle=485387969 hdr=77 persisted=0 started=1
ARM n=2294 cycle=485478768 hdr=77 persisted=0 started=1
ARM n=2295 cycle=485572009 hdr=77 persisted=0 started=1
ARM n=2296 cycle=485664211 hdr=77 persisted=0 started=1
ARM n=2297 cycle=485756351 hdr=77 persisted=0 started=1
ARM n=2298 cycle=485848960 hdr=77 persisted=0 started=1
ARM n=2299 cycle=485943098 hdr=77 persisted=0 started=1
ARM n=2300 cycle=486036556 hdr=77 persisted=0 started=1
ARM n=2301 cycle=486131853 hdr=77 persisted=0 started=1
ARM n=2302 cycle=486233137 hdr=77 persisted=0 started=1
ARM n=2303 cycle=486335843 hdr=77 persisted=0 started=1
ARM n=2304 cycle=486438022 hdr=77 persisted=0 started=1
ARM n=2305 cycle=486538190 hdr=77 persisted=0 started=1
ARM n=2306 cycle=486636165 hdr=77 persisted=0 started=1
ARM n=2307 cycle=486736181 hdr=77 persisted=0 started=1
ARM n=2308 cycle=486834574 hdr=77 persisted=0 started=1
ARM n=2309 cycle=486934373 hdr=77 persisted=0 started=1
PICSTART n=185 cycle=486948581 hdr=77 state=15 geom=1 cand=1 proof=0 rearm_pend=0 hold=1 waiting=0
ORDER FINALQ_RISE cycle=486997133 hdr=77 outstanding=1
ARM n=2310 cycle=486997134 hdr=77 persisted=0 started=1
ORDER MIXEDGE cycle=487027756 hdr=77 finalq=1 produced=0 retired=1
ORDER PICPERS cycle=487027756 hdr=77 finalq=1 produced=0 bsel=0
ORDER COMPLETE cycle=487027757 hdr=77 outstanding=0
PICEVAL cycle=487396873 hdr=77 type=3 geom=1 is_p=1 wide_mode=1 gen_mode=1
PICSTART n=186 cycle=489335534 hdr=77 state=21 geom=1 cand=0 proof=1 rearm_pend=0 hold=0 waiting=0
ORDER PICPERS cycle=489404990 hdr=77 finalq=0 produced=0 bsel=1
SOAK_PROGRESS cycles=490000000 byte=5916193/10334168 p_pictures=77 b_pictures=92 published=93 swaps=172 motion_repeats=0
ROWCOUNT produced=2310 retired=5070 mix_pers=2310 mix_pers_sel=2310 pic_pers=169 mixed_edge=77
WATCHDOG timeout=0 started=1 persisted=1 active=0 arms=2310
PICEVAL cycle=491400874 hdr=77 type=3 geom=1 is_p=0 wide_mode=1 gen_mode=1
PICSTART n=187 cycle=493360109 hdr=77 state=21 geom=1 cand=0 proof=1 rearm_pend=0 hold=0 waiting=0
ORDER PICPERS cycle=493426472 hdr=77 finalq=0 produced=0 bsel=1
PICEVAL cycle=493426474 hdr=77 type=2 geom=1 is_p=0 wide_mode=1 gen_mode=1
PIC_FIRST_SIDEBAND pic=78 idx=3e val=0000 motion=1 desc_active=0 persisted=1 active=0
PERSIST_FALL cycle=493427247 hdr=78 timeout=0 started=0
PIC_FIRST_SIDEBAND pic=78 idx=3e val=0000 motion=1 desc_active=0 persisted=0 active=0
PIC_FIRST_SIDEBAND pic=78 idx=3e val=0000 motion=1 desc_active=0 persisted=0 active=0
PIC_FIRST_SIDEBAND pic=78 idx=3e val=0000 motion=1 desc_active=0 persisted=0 active=0
ARM n=2311 cycle=493472923 hdr=78 persisted=0 started=1
ARM n=2312 cycle=493550464 hdr=78 persisted=0 started=1
ARM n=2313 cycle=493631810 hdr=78 persisted=0 started=1
ARM n=2314 cycle=493716372 hdr=78 persisted=0 started=1
ARM n=2315 cycle=493807091 hdr=78 persisted=0 started=1
ARM n=2316 cycle=493900266 hdr=78 persisted=0 started=1
ARM n=2317 cycle=493990221 hdr=78 persisted=0 started=1
ARM n=2318 cycle=494082949 hdr=78 persisted=0 started=1
ARM n=2319 cycle=494176604 hdr=78 persisted=0 started=1
ARM n=2320 cycle=494267587 hdr=78 persisted=0 started=1
ARM n=2321 cycle=494358125 hdr=78 persisted=0 started=1
ARM n=2322 cycle=494446005 hdr=78 persisted=0 started=1
ARM n=2323 cycle=494534942 hdr=78 persisted=0 started=1
ARM n=2324 cycle=494622487 hdr=78 persisted=0 started=1
ARM n=2325 cycle=494712076 hdr=78 persisted=0 started=1
ARM n=2326 cycle=494803739 hdr=78 persisted=0 started=1
ARM n=2327 cycle=494898094 hdr=78 persisted=0 started=1
ARM n=2328 cycle=494992766 hdr=78 persisted=0 started=1
ARM n=2329 cycle=495090221 hdr=78 persisted=0 started=1
ARM n=2330 cycle=495192587 hdr=78 persisted=0 started=1
ARM n=2331 cycle=495292207 hdr=78 persisted=0 started=1
ARM n=2332 cycle=495391833 hdr=78 persisted=0 started=1
ARM n=2333 cycle=495489924 hdr=78 persisted=0 started=1
ARM n=2334 cycle=495587278 hdr=78 persisted=0 started=1
ARM n=2335 cycle=495684775 hdr=78 persisted=0 started=1
ARM n=2336 cycle=495781513 hdr=78 persisted=0 started=1
ARM n=2337 cycle=495882445 hdr=78 persisted=0 started=1
ARM n=2338 cycle=495986381 hdr=78 persisted=0 started=1
ARM n=2339 cycle=496089436 hdr=78 persisted=0 started=1
PICSTART n=188 cycle=496103780 hdr=78 state=15 geom=1 cand=1 proof=0 rearm_pend=0 hold=1 waiting=0
ORDER FINALQ_RISE cycle=496155144 hdr=78 outstanding=1
ARM n=2340 cycle=496155145 hdr=78 persisted=0 started=1
ORDER MIXEDGE cycle=496189597 hdr=78 finalq=1 produced=0 retired=1
ORDER PICPERS cycle=496189597 hdr=78 finalq=1 produced=0 bsel=0
ORDER COMPLETE cycle=496189598 hdr=78 outstanding=0
PICEVAL cycle=497406873 hdr=78 type=3 geom=1 is_p=1 wide_mode=1 gen_mode=1
PICSTART n=189 cycle=499369587 hdr=78 state=21 geom=1 cand=0 proof=1 rearm_pend=0 hold=0 waiting=0
ORDER PICPERS cycle=499439697 hdr=78 finalq=0 produced=0 bsel=1
PICEVAL cycle=499439700 hdr=78 type=3 geom=1 is_p=0 wide_mode=1 gen_mode=1
SOAK_PROGRESS cycles=500000000 byte=6048952/10334168 p_pictures=78 b_pictures=94 published=94 swaps=176 motion_repeats=0
ROWCOUNT produced=2340 retired=5169 mix_pers=2340 mix_pers_sel=2340 pic_pers=172 mixed_edge=78
WATCHDOG timeout=0 started=1 persisted=1 active=0 arms=2340
PICSTART n=190 cycle=501405200 hdr=78 state=21 geom=1 cand=0 proof=1 rearm_pend=0 hold=0 waiting=0
ORDER PICPERS cycle=501479785 hdr=78 finalq=0 produced=0 bsel=1
PICEVAL cycle=501479787 hdr=78 type=2 geom=1 is_p=0 wide_mode=1 gen_mode=1
PIC_FIRST_SIDEBAND pic=79 idx=3e val=0000 motion=1 desc_active=0 persisted=1 active=0
PERSIST_FALL cycle=501480479 hdr=79 timeout=0 started=0
PIC_FIRST_SIDEBAND pic=79 idx=3e val=0000 motion=1 desc_active=0 persisted=0 active=0
PIC_FIRST_SIDEBAND pic=79 idx=3e val=0000 motion=1 desc_active=0 persisted=0 active=0
PIC_FIRST_SIDEBAND pic=79 idx=3e val=0000 motion=1 desc_active=0 persisted=0 active=0
ARM n=2341 cycle=501526373 hdr=79 persisted=0 started=1
ARM n=2342 cycle=501605703 hdr=79 persisted=0 started=1
ARM n=2343 cycle=501690619 hdr=79 persisted=0 started=1
ARM n=2344 cycle=501779684 hdr=79 persisted=0 started=1
ARM n=2345 cycle=501875150 hdr=79 persisted=0 started=1
ARM n=2346 cycle=501969265 hdr=79 persisted=0 started=1
ARM n=2347 cycle=502062810 hdr=79 persisted=0 started=1
ARM n=2348 cycle=502158366 hdr=79 persisted=0 started=1
ARM n=2349 cycle=502254035 hdr=79 persisted=0 started=1
ARM n=2350 cycle=502350649 hdr=79 persisted=0 started=1
ARM n=2351 cycle=502445660 hdr=79 persisted=0 started=1
ARM n=2352 cycle=502540324 hdr=79 persisted=0 started=1
ARM n=2353 cycle=502632545 hdr=79 persisted=0 started=1
ARM n=2354 cycle=502723528 hdr=79 persisted=0 started=1
ARM n=2355 cycle=502814791 hdr=79 persisted=0 started=1
ARM n=2356 cycle=502908750 hdr=79 persisted=0 started=1
ARM n=2357 cycle=503002859 hdr=79 persisted=0 started=1
ARM n=2358 cycle=503100321 hdr=79 persisted=0 started=1
ARM n=2359 cycle=503200233 hdr=79 persisted=0 started=1
ARM n=2360 cycle=503300754 hdr=79 persisted=0 started=1
ARM n=2361 cycle=503400802 hdr=79 persisted=0 started=1
ARM n=2362 cycle=503500137 hdr=79 persisted=0 started=1
ARM n=2363 cycle=503599523 hdr=79 persisted=0 started=1
ARM n=2364 cycle=503699162 hdr=79 persisted=0 started=1
ARM n=2365 cycle=503802546 hdr=79 persisted=0 started=1
ARM n=2366 cycle=503908741 hdr=79 persisted=0 started=1
ARM n=2367 cycle=504014980 hdr=79 persisted=0 started=1
ARM n=2368 cycle=504121679 hdr=79 persisted=0 started=1
ARM n=2369 cycle=504230249 hdr=79 persisted=0 started=1
PICSTART n=191 cycle=504249103 hdr=79 state=15 geom=1 cand=1 proof=0 rearm_pend=0 hold=1 waiting=0
ORDER FINALQ_RISE cycle=504302181 hdr=79 outstanding=1
ARM n=2370 cycle=504302182 hdr=79 persisted=0 started=1
ORDER MIXEDGE cycle=504334537 hdr=79 finalq=1 produced=0 retired=1
ORDER PICPERS cycle=504334537 hdr=79 finalq=1 produced=0 bsel=0
ORDER COMPLETE cycle=504334538 hdr=79 outstanding=0
PICEVAL cycle=504411967 hdr=79 type=3 geom=1 is_p=1 wide_mode=1 gen_mode=1
PICSTART n=192 cycle=506464486 hdr=79 state=21 geom=1 cand=0 proof=1 rearm_pend=0 hold=0 waiting=0
ORDER PICPERS cycle=506535732 hdr=79 finalq=0 produced=0 bsel=1
PICEVAL cycle=507416874 hdr=79 type=3 geom=1 is_p=0 wide_mode=1 gen_mode=1
ORDER PICPERS cycle=509571907 hdr=79 finalq=0 produced=0 bsel=1
PICSTART n=193 cycle=509572068 hdr=79 state=21 geom=1 cand=0 proof=1 rearm_pend=0 hold=0 waiting=0
PICEVAL cycle=509572069 hdr=79 type=1 geom=1 is_p=0 wide_mode=1 gen_mode=1
SOAK_PROGRESS cycles=510000000 byte=6219261/10334168 p_pictures=79 b_pictures=97 published=95 swaps=180 motion_repeats=0
ROWCOUNT produced=2370 retired=5280 mix_pers=2370 mix_pers_sel=2370 pic_pers=176 mixed_edge=79
WATCHDOG timeout=0 started=1 persisted=1 active=0 arms=2370
PICSTART n=194 cycle=511885212 hdr=79 state=21 geom=1 cand=0 proof=1 rearm_pend=0 hold=0 waiting=0
PICEVAL cycle=511885221 hdr=79 type=3 geom=1 is_p=0 wide_mode=1 gen_mode=1
PICSTART n=195 cycle=514443491 hdr=79 state=21 geom=1 cand=0 proof=1 rearm_pend=0 hold=0 waiting=0
ORDER PICPERS cycle=514516178 hdr=79 finalq=0 produced=0 bsel=1
PICEVAL cycle=514516181 hdr=79 type=3 geom=1 is_p=0 wide_mode=1 gen_mode=1
PICSTART n=196 cycle=516504075 hdr=79 state=21 geom=1 cand=0 proof=1 rearm_pend=0 hold=0 waiting=0
ORDER PICPERS cycle=516584942 hdr=79 finalq=0 produced=0 bsel=1
PICEVAL cycle=516584944 hdr=79 type=2 geom=1 is_p=0 wide_mode=1 gen_mode=1
PIC_FIRST_SIDEBAND pic=80 idx=3e val=0000 motion=1 desc_active=0 persisted=1 active=0
PERSIST_FALL cycle=516585667 hdr=80 timeout=0 started=0
PIC_FIRST_SIDEBAND pic=80 idx=3e val=0000 motion=1 desc_active=0 persisted=0 active=0
PIC_FIRST_SIDEBAND pic=80 idx=3e val=0000 motion=1 desc_active=0 persisted=0 active=0
PIC_FIRST_SIDEBAND pic=80 idx=3e val=0000 motion=1 desc_active=0 persisted=0 active=0
ARM n=2371 cycle=516626120 hdr=80 persisted=0 started=1
ARM n=2372 cycle=516704419 hdr=80 persisted=0 started=1
ARM n=2373 cycle=516788361 hdr=80 persisted=0 started=1
ARM n=2374 cycle=516869160 hdr=80 persisted=0 started=1
ARM n=2375 cycle=516957670 hdr=80 persisted=0 started=1
ARM n=2376 cycle=517051621 hdr=80 persisted=0 started=1
ARM n=2377 cycle=517144065 hdr=80 persisted=0 started=1
ARM n=2378 cycle=517238141 hdr=80 persisted=0 started=1
ARM n=2379 cycle=517331149 hdr=80 persisted=0 started=1
ARM n=2380 cycle=517423430 hdr=80 persisted=0 started=1
ARM n=2381 cycle=517513741 hdr=80 persisted=0 started=1
ARM n=2382 cycle=517600842 hdr=80 persisted=0 started=1
ARM n=2383 cycle=517690526 hdr=80 persisted=0 started=1
ARM n=2384 cycle=517780997 hdr=80 persisted=0 started=1
ARM n=2385 cycle=517875359 hdr=80 persisted=0 started=1
ARM n=2386 cycle=517970800 hdr=80 persisted=0 started=1
ARM n=2387 cycle=518067177 hdr=80 persisted=0 started=1
ARM n=2388 cycle=518164670 hdr=80 persisted=0 started=1
ARM n=2389 cycle=518261814 hdr=80 persisted=0 started=1
ARM n=2390 cycle=518355526 hdr=80 persisted=0 started=1
ARM n=2391 cycle=518453009 hdr=80 persisted=0 started=1
ARM n=2392 cycle=518555949 hdr=80 persisted=0 started=1
ARM n=2393 cycle=518656863 hdr=80 persisted=0 started=1
ARM n=2394 cycle=518755663 hdr=80 persisted=0 started=1
ARM n=2395 cycle=518853132 hdr=80 persisted=0 started=1
ARM n=2396 cycle=518951706 hdr=80 persisted=0 started=1
ARM n=2397 cycle=519052228 hdr=80 persisted=0 started=1
ARM n=2398 cycle=519157381 hdr=80 persisted=0 started=1
ARM n=2399 cycle=519264463 hdr=80 persisted=0 started=1
PICSTART n=197 cycle=519278919 hdr=80 state=15 geom=1 cand=1 proof=0 rearm_pend=0 hold=1 waiting=0
ORDER FINALQ_RISE cycle=519332968 hdr=80 outstanding=1
ARM n=2400 cycle=519332969 hdr=80 persisted=0 started=1
ORDER MIXEDGE cycle=519365505 hdr=80 finalq=1 produced=0 retired=1
ORDER PICPERS cycle=519365505 hdr=80 finalq=1 produced=0 bsel=0
ORDER COMPLETE cycle=519365506 hdr=80 outstanding=0
PICEVAL cycle=519428874 hdr=80 type=3 geom=1 is_p=1 wide_mode=1 gen_mode=1
SOAK_PROGRESS cycles=520000000 byte=6415700/10334168 p_pictures=80 b_pictures=99 published=97 swaps=184 motion_repeats=0
ROWCOUNT produced=2400 retired=5379 mix_pers=2400 mix_pers_sel=2400 pic_pers=179 mixed_edge=80
WATCHDOG timeout=0 started=1 persisted=1 active=0 arms=2400
PICSTART n=198 cycle=521427103 hdr=80 state=21 geom=1 cand=0 proof=1 rearm_pend=0 hold=0 waiting=0
ORDER PICPERS cycle=521500208 hdr=80 finalq=0 produced=0 bsel=1
PICEVAL cycle=523432875 hdr=80 type=3 geom=1 is_p=0 wide_mode=1 gen_mode=1
PICSTART n=199 cycle=525423360 hdr=80 state=21 geom=1 cand=0 proof=1 rearm_pend=0 hold=0 waiting=0
ORDER PICPERS cycle=525499235 hdr=80 finalq=0 produced=0 bsel=1
PICEVAL cycle=525499237 hdr=80 type=2 geom=1 is_p=0 wide_mode=1 gen_mode=1
PIC_FIRST_SIDEBAND pic=81 idx=3e val=0000 motion=1 desc_active=0 persisted=1 active=0
PERSIST_FALL cycle=525499863 hdr=81 timeout=0 started=0
PIC_FIRST_SIDEBAND pic=81 idx=3e val=0000 motion=1 desc_active=0 persisted=0 active=0
PIC_FIRST_SIDEBAND pic=81 idx=3e val=0000 motion=1 desc_active=0 persisted=0 active=0
PIC_FIRST_SIDEBAND pic=81 idx=3e val=0000 motion=1 desc_active=0 persisted=0 active=0
ARM n=2401 cycle=525543018 hdr=81 persisted=0 started=1
ARM n=2402 cycle=525623708 hdr=81 persisted=0 started=1
ARM n=2403 cycle=525707066 hdr=81 persisted=0 started=1
ARM n=2404 cycle=525791521 hdr=81 persisted=0 started=1
ARM n=2405 cycle=525882512 hdr=81 persisted=0 started=1
ARM n=2406 cycle=525975900 hdr=81 persisted=0 started=1
ARM n=2407 cycle=526071575 hdr=81 persisted=0 started=1
ARM n=2408 cycle=526166944 hdr=81 persisted=0 started=1
ARM n=2409 cycle=526261163 hdr=81 persisted=0 started=1
ARM n=2410 cycle=526355142 hdr=81 persisted=0 started=1
ARM n=2411 cycle=526449167 hdr=81 persisted=0 started=1
ARM n=2412 cycle=526546310 hdr=81 persisted=0 started=1
ARM n=2413 cycle=526640396 hdr=81 persisted=0 started=1
ARM n=2414 cycle=526735161 hdr=81 persisted=0 started=1
ARM n=2415 cycle=526828128 hdr=81 persisted=0 started=1
ARM n=2416 cycle=526923405 hdr=81 persisted=0 started=1
ARM n=2417 cycle=527020345 hdr=81 persisted=0 started=1
ARM n=2418 cycle=527116477 hdr=81 persisted=0 started=1
ARM n=2419 cycle=527211348 hdr=81 persisted=0 started=1
ARM n=2420 cycle=527310427 hdr=81 persisted=0 started=1
ARM n=2421 cycle=527411956 hdr=81 persisted=0 started=1
ARM n=2422 cycle=527510009 hdr=81 persisted=0 started=1
ARM n=2423 cycle=527606211 hdr=81 persisted=0 started=1
ARM n=2424 cycle=527704370 hdr=81 persisted=0 started=1
ARM n=2425 cycle=527803636 hdr=81 persisted=0 started=1
ARM n=2426 cycle=527903817 hdr=81 persisted=0 started=1
ARM n=2427 cycle=528006728 hdr=81 persisted=0 started=1
ARM n=2428 cycle=528112423 hdr=81 persisted=0 started=1
ARM n=2429 cycle=528217754 hdr=81 persisted=0 started=1
PICSTART n=200 cycle=528231981 hdr=81 state=15 geom=1 cand=1 proof=0 rearm_pend=0 hold=1 waiting=0
ORDER FINALQ_RISE cycle=528283683 hdr=81 outstanding=1
ARM n=2430 cycle=528283684 hdr=81 persisted=0 started=1
ORDER MIXEDGE cycle=528317504 hdr=81 finalq=1 produced=0 retired=1
ORDER PICPERS cycle=528317504 hdr=81 finalq=1 produced=0 bsel=0
ORDER COMPLETE cycle=528317505 hdr=81 outstanding=0
PICEVAL cycle=529438874 hdr=81 type=3 geom=1 is_p=1 wide_mode=1 gen_mode=1
SOAK_PROGRESS cycles=530000000 byte=6538668/10334168 p_pictures=81 b_pictures=101 published=98 swaps=187 motion_repeats=0
ROWCOUNT produced=2430 retired=5468 mix_pers=2430 mix_pers_sel=2430 pic_pers=182 mixed_edge=81
WATCHDOG timeout=0 started=1 persisted=1 active=0 arms=2430
PICSTART n=201 cycle=531469327 hdr=81 state=21 geom=1 cand=0 proof=1 rearm_pend=0 hold=0 waiting=0
ORDER PICPERS cycle=531542206 hdr=81 finalq=0 produced=0 bsel=1
PICEVAL cycle=531542209 hdr=81 type=3 geom=1 is_p=0 wide_mode=1 gen_mode=1
PICSTART n=202 cycle=533567018 hdr=81 state=21 geom=1 cand=0 proof=1 rearm_pend=0 hold=0 waiting=0
ORDER PICPERS cycle=533646839 hdr=81 finalq=0 produced=0 bsel=1
PICEVAL cycle=533646841 hdr=81 type=2 geom=1 is_p=0 wide_mode=1 gen_mode=1
PIC_FIRST_SIDEBAND pic=82 idx=3e val=0000 motion=1 desc_active=0 persisted=1 active=0
PERSIST_FALL cycle=533647561 hdr=82 timeout=0 started=0
PIC_FIRST_SIDEBAND pic=82 idx=3e val=0000 motion=1 desc_active=0 persisted=0 active=0
PIC_FIRST_SIDEBAND pic=82 idx=3e val=0000 motion=1 desc_active=0 persisted=0 active=0
PIC_FIRST_SIDEBAND pic=82 idx=3e val=0000 motion=1 desc_active=0 persisted=0 active=0
ARM n=2431 cycle=533694609 hdr=82 persisted=0 started=1
ARM n=2432 cycle=533779770 hdr=82 persisted=0 started=1
ARM n=2433 cycle=533865898 hdr=82 persisted=0 started=1
ARM n=2434 cycle=533951351 hdr=82 persisted=0 started=1
ARM n=2435 cycle=534043507 hdr=82 persisted=0 started=1
ARM n=2436 cycle=534138620 hdr=82 persisted=0 started=1
ARM n=2437 cycle=534234349 hdr=82 persisted=0 started=1
ARM n=2438 cycle=534330798 hdr=82 persisted=0 started=1
ARM n=2439 cycle=534423110 hdr=82 persisted=0 started=1
ARM n=2440 cycle=534516825 hdr=82 persisted=0 started=1
ARM n=2441 cycle=534611110 hdr=82 persisted=0 started=1
ARM n=2442 cycle=534707545 hdr=82 persisted=0 started=1
ARM n=2443 cycle=534801526 hdr=82 persisted=0 started=1
ARM n=2444 cycle=534894977 hdr=82 persisted=0 started=1
ARM n=2445 cycle=534990856 hdr=82 persisted=0 started=1
ARM n=2446 cycle=535087711 hdr=82 persisted=0 started=1
ARM n=2447 cycle=535183400 hdr=82 persisted=0 started=1
ARM n=2448 cycle=535280035 hdr=82 persisted=0 started=1
ARM n=2449 cycle=535378347 hdr=82 persisted=0 started=1
ARM n=2450 cycle=535476496 hdr=82 persisted=0 started=1
ARM n=2451 cycle=535572623 hdr=82 persisted=0 started=1
ARM n=2452 cycle=535670389 hdr=82 persisted=0 started=1
ARM n=2453 cycle=535769097 hdr=82 persisted=0 started=1
ARM n=2454 cycle=535865995 hdr=82 persisted=0 started=1
ARM n=2455 cycle=535966027 hdr=82 persisted=0 started=1
ARM n=2456 cycle=536067314 hdr=82 persisted=0 started=1
ARM n=2457 cycle=536169625 hdr=82 persisted=0 started=1
ARM n=2458 cycle=536276525 hdr=82 persisted=0 started=1
ARM n=2459 cycle=536387065 hdr=82 persisted=0 started=1
PICSTART n=203 cycle=536401540 hdr=82 state=15 geom=1 cand=1 proof=0 rearm_pend=0 hold=1 waiting=0
ORDER FINALQ_RISE cycle=536456641 hdr=82 outstanding=1
ARM n=2460 cycle=536456642 hdr=82 persisted=0 started=1
ORDER MIXEDGE cycle=536488725 hdr=82 finalq=1 produced=0 retired=1
ORDER PICPERS cycle=536488725 hdr=82 finalq=1 produced=0 bsel=0
ORDER COMPLETE cycle=536488726 hdr=82 outstanding=0
PICEVAL cycle=536488727 hdr=82 type=3 geom=1 is_p=1 wide_mode=1 gen_mode=1
PICSTART n=204 cycle=538520723 hdr=82 state=21 geom=1 cand=0 proof=1 rearm_pend=0 hold=0 waiting=0
ORDER PICPERS cycle=538598436 hdr=82 finalq=0 produced=0 bsel=1
PICEVAL cycle=539448875 hdr=82 type=3 geom=1 is_p=0 wide_mode=1 gen_mode=1
SOAK_PROGRESS cycles=540000000 byte=6693068/10334168 p_pictures=82 b_pictures=104 published=99 swaps=191 motion_repeats=0
ROWCOUNT produced=2460 retired=5588 mix_pers=2460 mix_pers_sel=2460 pic_pers=186 mixed_edge=82
WATCHDOG timeout=0 started=1 persisted=1 active=0 arms=2460
ORDER PICPERS cycle=541551116 hdr=82 finalq=0 produced=0 bsel=1
PICSTART n=205 cycle=541551277 hdr=82 state=21 geom=1 cand=0 proof=1 rearm_pend=0 hold=0 waiting=0
PICEVAL cycle=541551278 hdr=82 type=1 geom=1 is_p=0 wide_mode=1 gen_mode=1
PICSTART n=206 cycle=543931110 hdr=82 state=21 geom=1 cand=0 proof=1 rearm_pend=0 hold=0 waiting=0
PICEVAL cycle=543931119 hdr=82 type=3 geom=1 is_p=0 wide_mode=1 gen_mode=1
PICSTART n=207 cycle=546497221 hdr=82 state=21 geom=1 cand=0 proof=1 rearm_pend=0 hold=0 waiting=0
ORDER PICPERS cycle=546576305 hdr=82 finalq=0 produced=0 bsel=1
PICEVAL cycle=546576308 hdr=82 type=3 geom=1 is_p=0 wide_mode=1 gen_mode=1
PICSTART n=208 cycle=548604947 hdr=82 state=21 geom=1 cand=0 proof=1 rearm_pend=0 hold=0 waiting=0
ORDER PICPERS cycle=548679916 hdr=82 finalq=0 produced=0 bsel=1
PICEVAL cycle=548679918 hdr=82 type=2 geom=1 is_p=0 wide_mode=1 gen_mode=1
PIC_FIRST_SIDEBAND pic=83 idx=3e val=0000 motion=1 desc_active=0 persisted=1 active=0
PERSIST_FALL cycle=548680761 hdr=83 timeout=0 started=0
PIC_FIRST_SIDEBAND pic=83 idx=3e val=0000 motion=1 desc_active=0 persisted=0 active=0
PIC_FIRST_SIDEBAND pic=83 idx=3e val=0000 motion=1 desc_active=0 persisted=0 active=0
PIC_FIRST_SIDEBAND pic=83 idx=3e val=0000 motion=1 desc_active=0 persisted=0 active=0
ARM n=2461 cycle=548729197 hdr=83 persisted=0 started=1
ARM n=2462 cycle=548812418 hdr=83 persisted=0 started=1
ARM n=2463 cycle=548896859 hdr=83 persisted=0 started=1
ARM n=2464 cycle=548985800 hdr=83 persisted=0 started=1
ARM n=2465 cycle=549078783 hdr=83 persisted=0 started=1
ARM n=2466 cycle=549173236 hdr=83 persisted=0 started=1
ARM n=2467 cycle=549269455 hdr=83 persisted=0 started=1
ARM n=2468 cycle=549364495 hdr=83 persisted=0 started=1
ARM n=2469 cycle=549460821 hdr=83 persisted=0 started=1
ARM n=2470 cycle=549560029 hdr=83 persisted=0 started=1
ARM n=2471 cycle=549657690 hdr=83 persisted=0 started=1
ARM n=2472 cycle=549751471 hdr=83 persisted=0 started=1
ARM n=2473 cycle=549847439 hdr=83 persisted=0 started=1
ARM n=2474 cycle=549944140 hdr=83 persisted=0 started=1
SOAK_PROGRESS cycles=550000000 byte=6884516/10334168 p_pictures=82 b_pictures=107 published=100 swaps=195 motion_repeats=0
ROWCOUNT produced=2474 retired=5684 mix_pers=2474 mix_pers_sel=2474 pic_pers=189 mixed_edge=82
WATCHDOG timeout=0 started=0 persisted=0 active=0 arms=2474
ARM n=2475 cycle=550040134 hdr=83 persisted=0 started=1
ARM n=2476 cycle=550134183 hdr=83 persisted=0 started=1
ARM n=2477 cycle=550230703 hdr=83 persisted=0 started=1
ARM n=2478 cycle=550324493 hdr=83 persisted=0 started=1
ARM n=2479 cycle=550419720 hdr=83 persisted=0 started=1
ARM n=2480 cycle=550513237 hdr=83 persisted=0 started=1
ARM n=2481 cycle=550606503 hdr=83 persisted=0 started=1
ARM n=2482 cycle=550700710 hdr=83 persisted=0 started=1
ARM n=2483 cycle=550799298 hdr=83 persisted=0 started=1
ARM n=2484 cycle=550899217 hdr=83 persisted=0 started=1
ARM n=2485 cycle=550999487 hdr=83 persisted=0 started=1
ARM n=2486 cycle=551100570 hdr=83 persisted=0 started=1
ARM n=2487 cycle=551201789 hdr=83 persisted=0 started=1
ARM n=2488 cycle=551307664 hdr=83 persisted=0 started=1
ARM n=2489 cycle=551418350 hdr=83 persisted=0 started=1
PICSTART n=209 cycle=551432628 hdr=83 state=15 geom=1 cand=1 proof=0 rearm_pend=0 hold=1 waiting=0
ORDER FINALQ_RISE cycle=551485384 hdr=83 outstanding=1
ARM n=2490 cycle=551485385 hdr=83 persisted=0 started=1
ORDER MIXEDGE cycle=551515804 hdr=83 finalq=1 produced=0 retired=1
ORDER PICPERS cycle=551515804 hdr=83 finalq=1 produced=0 bsel=0
ORDER COMPLETE cycle=551515805 hdr=83 outstanding=0
PICEVAL cycle=551515806 hdr=83 type=3 geom=1 is_p=1 wide_mode=1 gen_mode=1
PICSTART n=210 cycle=553559133 hdr=83 state=21 geom=1 cand=0 proof=1 rearm_pend=0 hold=0 waiting=0
ORDER PICPERS cycle=553635477 hdr=83 finalq=0 produced=0 bsel=1
PICEVAL cycle=555464875 hdr=83 type=3 geom=1 is_p=0 wide_mode=1 gen_mode=1
PICSTART n=211 cycle=557477467 hdr=83 state=21 geom=1 cand=0 proof=1 rearm_pend=0 hold=0 waiting=0
ORDER PICPERS cycle=557552703 hdr=83 finalq=0 produced=0 bsel=1
PICEVAL cycle=557552705 hdr=83 type=2 geom=1 is_p=0 wide_mode=1 gen_mode=1
PIC_FIRST_SIDEBAND pic=84 idx=3e val=0000 motion=1 desc_active=0 persisted=1 active=0
PERSIST_FALL cycle=557553510 hdr=84 timeout=0 started=0
PIC_FIRST_SIDEBAND pic=84 idx=3e val=0000 motion=1 desc_active=0 persisted=0 active=0
PIC_FIRST_SIDEBAND pic=84 idx=3e val=0000 motion=1 desc_active=0 persisted=0 active=0
PIC_FIRST_SIDEBAND pic=84 idx=3e val=0000 motion=1 desc_active=0 persisted=0 active=0
ARM n=2491 cycle=557604825 hdr=84 persisted=0 started=1
ARM n=2492 cycle=557689311 hdr=84 persisted=0 started=1
ARM n=2493 cycle=557777735 hdr=84 persisted=0 started=1
ARM n=2494 cycle=557869299 hdr=84 persisted=0 started=1
ARM n=2495 cycle=557964687 hdr=84 persisted=0 started=1
ARM n=2496 cycle=558060832 hdr=84 persisted=0 started=1
ARM n=2497 cycle=558159141 hdr=84 persisted=0 started=1
ARM n=2498 cycle=558256653 hdr=84 persisted=0 started=1
ARM n=2499 cycle=558356966 hdr=84 persisted=0 started=1
ARM n=2500 cycle=558455741 hdr=84 persisted=0 started=1
ARM n=2501 cycle=558553804 hdr=84 persisted=0 started=1
ARM n=2502 cycle=558651863 hdr=84 persisted=0 started=1
ARM n=2503 cycle=558748972 hdr=84 persisted=0 started=1
ARM n=2504 cycle=558847190 hdr=84 persisted=0 started=1
ARM n=2505 cycle=558942708 hdr=84 persisted=0 started=1
ARM n=2506 cycle=559037303 hdr=84 persisted=0 started=1
ARM n=2507 cycle=559130637 hdr=84 persisted=0 started=1
ARM n=2508 cycle=559223774 hdr=84 persisted=0 started=1
ARM n=2509 cycle=559316687 hdr=84 persisted=0 started=1
ARM n=2510 cycle=559410158 hdr=84 persisted=0 started=1
ARM n=2511 cycle=559503964 hdr=84 persisted=0 started=1
ARM n=2512 cycle=559599917 hdr=84 persisted=0 started=1
ARM n=2513 cycle=559698980 hdr=84 persisted=0 started=1
ARM n=2514 cycle=559798931 hdr=84 persisted=0 started=1
ARM n=2515 cycle=559899499 hdr=84 persisted=0 started=1
ARM n=2516 cycle=559999850 hdr=84 persisted=0 started=1
SOAK_PROGRESS cycles=560000000 byte=7032968/10334168 p_pictures=83 b_pictures=109 published=101 swaps=198 motion_repeats=0
ROWCOUNT produced=2516 retired=5785 mix_pers=2515 mix_pers_sel=2515 pic_pers=192 mixed_edge=83
WATCHDOG timeout=16777065 started=1 persisted=0 active=1 arms=2516
ARM n=2517 cycle=560101403 hdr=84 persisted=0 started=1
ARM n=2518 cycle=560208045 hdr=84 persisted=0 started=1
ARM n=2519 cycle=560320906 hdr=84 persisted=0 started=1
PICSTART n=212 cycle=560335422 hdr=84 state=18 geom=1 cand=1 proof=0 rearm_pend=0 hold=1 waiting=0
ORDER FINALQ_RISE cycle=560390880 hdr=84 outstanding=1
ARM n=2520 cycle=560390881 hdr=84 persisted=0 started=1
ORDER MIXEDGE cycle=560422132 hdr=84 finalq=1 produced=0 retired=1
ORDER PICPERS cycle=560422132 hdr=84 finalq=1 produced=0 bsel=0
ORDER COMPLETE cycle=560422133 hdr=84 outstanding=0
PICEVAL cycle=561470874 hdr=84 type=3 geom=1 is_p=1 wide_mode=1 gen_mode=1
PICSTART n=213 cycle=563552037 hdr=84 state=21 geom=1 cand=0 proof=1 rearm_pend=0 hold=0 waiting=0
ORDER PICPERS cycle=563627156 hdr=84 finalq=0 produced=0 bsel=1
PICEVAL cycle=563627159 hdr=84 type=3 geom=1 is_p=0 wide_mode=1 gen_mode=1
PICSTART n=214 cycle=565678975 hdr=84 state=21 geom=1 cand=0 proof=1 rearm_pend=0 hold=0 waiting=0
ORDER PICPERS cycle=565754928 hdr=84 finalq=0 produced=0 bsel=1
PICEVAL cycle=565754930 hdr=84 type=2 geom=1 is_p=0 wide_mode=1 gen_mode=1
PIC_FIRST_SIDEBAND pic=85 idx=3e val=0000 motion=1 desc_active=0 persisted=1 active=0
PERSIST_FALL cycle=565755615 hdr=85 timeout=0 started=0
PIC_FIRST_SIDEBAND pic=85 idx=3e val=0000 motion=1 desc_active=0 persisted=0 active=0
PIC_FIRST_SIDEBAND pic=85 idx=3e val=0000 motion=1 desc_active=0 persisted=0 active=0
PIC_FIRST_SIDEBAND pic=85 idx=3e val=0000 motion=1 desc_active=0 persisted=0 active=0
ARM n=2521 cycle=565806107 hdr=85 persisted=0 started=1
ARM n=2522 cycle=565891799 hdr=85 persisted=0 started=1
ARM n=2523 cycle=565981234 hdr=85 persisted=0 started=1
ARM n=2524 cycle=566071379 hdr=85 persisted=0 started=1
ARM n=2525 cycle=566165538 hdr=85 persisted=0 started=1
ARM n=2526 cycle=566259470 hdr=85 persisted=0 started=1
ARM n=2527 cycle=566357898 hdr=85 persisted=0 started=1
ARM n=2528 cycle=566454993 hdr=85 persisted=0 started=1
ARM n=2529 cycle=566555006 hdr=85 persisted=0 started=1
ARM n=2530 cycle=566654686 hdr=85 persisted=0 started=1
ARM n=2531 cycle=566755810 hdr=85 persisted=0 started=1
ARM n=2532 cycle=566853979 hdr=85 persisted=0 started=1
ARM n=2533 cycle=566952335 hdr=85 persisted=0 started=1
ARM n=2534 cycle=567050590 hdr=85 persisted=0 started=1
ARM n=2535 cycle=567144711 hdr=85 persisted=0 started=1
ARM n=2536 cycle=567240467 hdr=85 persisted=0 started=1
ARM n=2537 cycle=567334012 hdr=85 persisted=0 started=1
ARM n=2538 cycle=567424569 hdr=85 persisted=0 started=1
ARM n=2539 cycle=567515955 hdr=85 persisted=0 started=1
ARM n=2540 cycle=567607960 hdr=85 persisted=0 started=1
ARM n=2541 cycle=567702346 hdr=85 persisted=0 started=1
ARM n=2542 cycle=567797936 hdr=85 persisted=0 started=1
ARM n=2543 cycle=567894972 hdr=85 persisted=0 started=1
ARM n=2544 cycle=567993852 hdr=85 persisted=0 started=1
ARM n=2545 cycle=568093922 hdr=85 persisted=0 started=1
ARM n=2546 cycle=568194483 hdr=85 persisted=0 started=1
ARM n=2547 cycle=568295753 hdr=85 persisted=0 started=1
ARM n=2548 cycle=568403925 hdr=85 persisted=0 started=1
ARM n=2549 cycle=568513531 hdr=85 persisted=0 started=1
PICSTART n=215 cycle=568527855 hdr=85 state=15 geom=1 cand=1 proof=0 rearm_pend=0 hold=1 waiting=0
ORDER FINALQ_RISE cycle=568580579 hdr=85 outstanding=1
ARM n=2550 cycle=568580580 hdr=85 persisted=0 started=1
ORDER MIXEDGE cycle=568612379 hdr=85 finalq=1 produced=0 retired=1
ORDER PICPERS cycle=568612379 hdr=85 finalq=1 produced=0 bsel=0
ORDER COMPLETE cycle=568612380 hdr=85 outstanding=0
PICEVAL cycle=568612381 hdr=85 type=3 geom=1 is_p=1 wide_mode=1 gen_mode=1
SOAK_PROGRESS cycles=570000000 byte=7183416/10334168 p_pictures=85 b_pictures=111 published=103 swaps=202 motion_repeats=0
ROWCOUNT produced=2550 retired=5900 mix_pers=2550 mix_pers_sel=2550 pic_pers=196 mixed_edge=85
WATCHDOG timeout=0 started=1 persisted=1 active=0 arms=2550
PICSTART n=216 cycle=570627042 hdr=85 state=21 geom=1 cand=0 proof=1 rearm_pend=0 hold=0 waiting=0
ORDER PICPERS cycle=570700807 hdr=85 finalq=0 produced=0 bsel=1
PICEVAL cycle=571480875 hdr=85 type=3 geom=1 is_p=0 wide_mode=1 gen_mode=1
ORDER PICPERS cycle=573589311 hdr=85 finalq=0 produced=0 bsel=1
PICSTART n=217 cycle=573589472 hdr=85 state=21 geom=1 cand=0 proof=1 rearm_pend=0 hold=0 waiting=0
PICEVAL cycle=573589473 hdr=85 type=1 geom=1 is_p=0 wide_mode=1 gen_mode=1
PICSTART n=218 cycle=576047927 hdr=85 state=21 geom=1 cand=0 proof=1 rearm_pend=0 hold=0 waiting=0
PICEVAL cycle=576047936 hdr=85 type=3 geom=1 is_p=0 wide_mode=1 gen_mode=1
PICSTART n=219 cycle=578590192 hdr=85 state=21 geom=1 cand=0 proof=1 rearm_pend=0 hold=0 waiting=0
ORDER PICPERS cycle=578669870 hdr=85 finalq=0 produced=0 bsel=1
PICEVAL cycle=578669873 hdr=85 type=3 geom=1 is_p=0 wide_mode=1 gen_mode=1
SOAK_PROGRESS cycles=580000000 byte=7358316/10334168 p_pictures=85 b_pictures=114 published=104 swaps=206 motion_repeats=0
ROWCOUNT produced=2550 retired=5988 mix_pers=2550 mix_pers_sel=2550 pic_pers=199 mixed_edge=85
WATCHDOG timeout=0 started=1 persisted=1 active=0 arms=2550
PICSTART n=220 cycle=580756999 hdr=85 state=21 geom=1 cand=0 proof=1 rearm_pend=0 hold=0 waiting=0
ORDER PICPERS cycle=580835521 hdr=85 finalq=0 produced=0 bsel=1
PICEVAL cycle=580835523 hdr=85 type=2 geom=1 is_p=0 wide_mode=1 gen_mode=1
PIC_FIRST_SIDEBAND pic=86 idx=3e val=0000 motion=1 desc_active=0 persisted=1 active=0
PERSIST_FALL cycle=580836268 hdr=86 timeout=0 started=0
PIC_FIRST_SIDEBAND pic=86 idx=3e val=0000 motion=1 desc_active=0 persisted=0 active=0
PIC_FIRST_SIDEBAND pic=86 idx=3e val=0000 motion=1 desc_active=0 persisted=0 active=0
PIC_FIRST_SIDEBAND pic=86 idx=3e val=0000 motion=1 desc_active=0 persisted=0 active=0
ARM n=2551 cycle=580883466 hdr=86 persisted=0 started=1
ARM n=2552 cycle=580969998 hdr=86 persisted=0 started=1
ARM n=2553 cycle=581060836 hdr=86 persisted=0 started=1
ARM n=2554 cycle=581148961 hdr=86 persisted=0 started=1
ARM n=2555 cycle=581241896 hdr=86 persisted=0 started=1
ARM n=2556 cycle=581341097 hdr=86 persisted=0 started=1
ARM n=2557 cycle=581438940 hdr=86 persisted=0 started=1
ARM n=2558 cycle=581536171 hdr=86 persisted=0 started=1
ARM n=2559 cycle=581633925 hdr=86 persisted=0 started=1
ARM n=2560 cycle=581733478 hdr=86 persisted=0 started=1
ARM n=2561 cycle=581833879 hdr=86 persisted=0 started=1
ARM n=2562 cycle=581932197 hdr=86 persisted=0 started=1
ARM n=2563 cycle=582032596 hdr=86 persisted=0 started=1
ARM n=2564 cycle=582129500 hdr=86 persisted=0 started=1
ARM n=2565 cycle=582224249 hdr=86 persisted=0 started=1
ARM n=2566 cycle=582314748 hdr=86 persisted=0 started=1
ARM n=2567 cycle=582405737 hdr=86 persisted=0 started=1
ARM n=2568 cycle=582494591 hdr=86 persisted=0 started=1
ARM n=2569 cycle=582585818 hdr=86 persisted=0 started=1
ARM n=2570 cycle=582679547 hdr=86 persisted=0 started=1
ARM n=2571 cycle=582769864 hdr=86 persisted=0 started=1
ARM n=2572 cycle=582868265 hdr=86 persisted=0 started=1
ARM n=2573 cycle=582965062 hdr=86 persisted=0 started=1
ARM n=2574 cycle=583062401 hdr=86 persisted=0 started=1
ARM n=2575 cycle=583160304 hdr=86 persisted=0 started=1
ARM n=2576 cycle=583254268 hdr=86 persisted=0 started=1
ARM n=2577 cycle=583355487 hdr=86 persisted=0 started=1
ARM n=2578 cycle=583465193 hdr=86 persisted=0 started=1
ARM n=2579 cycle=583578512 hdr=86 persisted=0 started=1
PICSTART n=221 cycle=583593060 hdr=86 state=16 geom=1 cand=1 proof=0 rearm_pend=0 hold=1 waiting=0
ORDER FINALQ_RISE cycle=583647796 hdr=86 outstanding=1
ARM n=2580 cycle=583647797 hdr=86 persisted=0 started=1
ORDER MIXEDGE cycle=583678139 hdr=86 finalq=1 produced=0 retired=1
ORDER PICPERS cycle=583678139 hdr=86 finalq=1 produced=0 bsel=0
ORDER COMPLETE cycle=583678140 hdr=86 outstanding=0
PICEVAL cycle=583678141 hdr=86 type=3 geom=1 is_p=1 wide_mode=1 gen_mode=1
PICSTART n=222 cycle=585690915 hdr=86 state=21 geom=1 cand=0 proof=1 rearm_pend=0 hold=0 waiting=0
ORDER PICPERS cycle=585770142 hdr=86 finalq=0 produced=0 bsel=1
PICEVAL cycle=587496875 hdr=86 type=3 geom=1 is_p=0 wide_mode=1 gen_mode=1
PICSTART n=223 cycle=589528695 hdr=86 state=21 geom=1 cand=0 proof=1 rearm_pend=0 hold=0 waiting=0
ORDER PICPERS cycle=589609929 hdr=86 finalq=0 produced=0 bsel=1
PICEVAL cycle=589609931 hdr=86 type=2 geom=1 is_p=0 wide_mode=1 gen_mode=1
PIC_FIRST_SIDEBAND pic=87 idx=3e val=0000 motion=1 desc_active=0 persisted=1 active=0
PERSIST_FALL cycle=589610564 hdr=87 timeout=0 started=0
PIC_FIRST_SIDEBAND pic=87 idx=3e val=0000 motion=1 desc_active=0 persisted=0 active=0
PIC_FIRST_SIDEBAND pic=87 idx=3e val=0000 motion=1 desc_active=0 persisted=0 active=0
PIC_FIRST_SIDEBAND pic=87 idx=3e val=0000 motion=1 desc_active=0 persisted=0 active=0
ARM n=2581 cycle=589663640 hdr=87 persisted=0 started=1
ARM n=2582 cycle=589751163 hdr=87 persisted=0 started=1
ARM n=2583 cycle=589844792 hdr=87 persisted=0 started=1
ARM n=2584 cycle=589938552 hdr=87 persisted=0 started=1
SOAK_PROGRESS cycles=590000000 byte=7498788/10334168 p_pictures=86 b_pictures=117 published=105 swaps=209 motion_repeats=0
ROWCOUNT produced=2584 retired=6094 mix_pers=2584 mix_pers_sel=2584 pic_pers=203 mixed_edge=86
WATCHDOG timeout=0 started=0 persisted=0 active=0 arms=2584
ARM n=2585 cycle=590035273 hdr=87 persisted=0 started=1
ARM n=2586 cycle=590132939 hdr=87 persisted=0 started=1
ARM n=2587 cycle=590229843 hdr=87 persisted=0 started=1
ARM n=2588 cycle=590327363 hdr=87 persisted=0 started=1
ARM n=2589 cycle=590426368 hdr=87 persisted=0 started=1
ARM n=2590 cycle=590525543 hdr=87 persisted=0 started=1
ARM n=2591 cycle=590622864 hdr=87 persisted=0 started=1
ARM n=2592 cycle=590721320 hdr=87 persisted=0 started=1
ARM n=2593 cycle=590822039 hdr=87 persisted=0 started=1
ARM n=2594 cycle=590923455 hdr=87 persisted=0 started=1
ARM n=2595 cycle=591017747 hdr=87 persisted=0 started=1
ARM n=2596 cycle=591110092 hdr=87 persisted=0 started=1
ARM n=2597 cycle=591199707 hdr=87 persisted=0 started=1
ARM n=2598 cycle=591293683 hdr=87 persisted=0 started=1
ARM n=2599 cycle=591386656 hdr=87 persisted=0 started=1
ARM n=2600 cycle=591479812 hdr=87 persisted=0 started=1
ARM n=2601 cycle=591573033 hdr=87 persisted=0 started=1
ARM n=2602 cycle=591666770 hdr=87 persisted=0 started=1
ARM n=2603 cycle=591759027 hdr=87 persisted=0 started=1
ARM n=2604 cycle=591852635 hdr=87 persisted=0 started=1
ARM n=2605 cycle=591948354 hdr=87 persisted=0 started=1
ARM n=2606 cycle=592048392 hdr=87 persisted=0 started=1
ARM n=2607 cycle=592149699 hdr=87 persisted=0 started=1
ARM n=2608 cycle=592255102 hdr=87 persisted=0 started=1
ARM n=2609 cycle=592366552 hdr=87 persisted=0 started=1
PICSTART n=224 cycle=592381001 hdr=87 state=15 geom=1 cand=1 proof=0 rearm_pend=0 hold=1 waiting=0
ORDER FINALQ_RISE cycle=592433516 hdr=87 outstanding=1
ARM n=2610 cycle=592433517 hdr=87 persisted=0 started=1
ORDER MIXEDGE cycle=592467362 hdr=87 finalq=1 produced=0 retired=1
ORDER PICPERS cycle=592467362 hdr=87 finalq=1 produced=0 bsel=0
ORDER COMPLETE cycle=592467363 hdr=87 outstanding=0
PICEVAL cycle=593502874 hdr=87 type=3 geom=1 is_p=1 wide_mode=1 gen_mode=1
PICSTART n=225 cycle=595513432 hdr=87 state=21 geom=1 cand=0 proof=1 rearm_pend=0 hold=0 waiting=0
ORDER PICPERS cycle=595591644 hdr=87 finalq=0 produced=0 bsel=1
PICEVAL cycle=595591647 hdr=87 type=3 geom=1 is_p=0 wide_mode=1 gen_mode=1
PICSTART n=226 cycle=597598459 hdr=87 state=21 geom=1 cand=0 proof=1 rearm_pend=0 hold=0 waiting=0
ORDER PICPERS cycle=597672219 hdr=87 finalq=0 produced=0 bsel=1
PICEVAL cycle=597672221 hdr=87 type=2 geom=1 is_p=0 wide_mode=1 gen_mode=1
PIC_FIRST_SIDEBAND pic=88 idx=3e val=0000 motion=1 desc_active=0 persisted=1 active=0
PERSIST_FALL cycle=597672864 hdr=88 timeout=0 started=0
PIC_FIRST_SIDEBAND pic=88 idx=3e val=0000 motion=1 desc_active=0 persisted=0 active=0
PIC_FIRST_SIDEBAND pic=88 idx=3e val=0000 motion=1 desc_active=0 persisted=0 active=0
PIC_FIRST_SIDEBAND pic=88 idx=3e val=0000 motion=1 desc_active=0 persisted=0 active=0
ARM n=2611 cycle=597724614 hdr=88 persisted=0 started=1
ARM n=2612 cycle=597812730 hdr=88 persisted=0 started=1
ARM n=2613 cycle=597909475 hdr=88 persisted=0 started=1
ARM n=2614 cycle=598000829 hdr=88 persisted=0 started=1
ARM n=2615 cycle=598096619 hdr=88 persisted=0 started=1
ARM n=2616 cycle=598191720 hdr=88 persisted=0 started=1
ARM n=2617 cycle=598289094 hdr=88 persisted=0 started=1
ARM n=2618 cycle=598386830 hdr=88 persisted=0 started=1
ARM n=2619 cycle=598485382 hdr=88 persisted=0 started=1
ARM n=2620 cycle=598582636 hdr=88 persisted=0 started=1
ARM n=2621 cycle=598681715 hdr=88 persisted=0 started=1
ARM n=2622 cycle=598780180 hdr=88 persisted=0 started=1
ARM n=2623 cycle=598877618 hdr=88 persisted=0 started=1
ARM n=2624 cycle=598974403 hdr=88 persisted=0 started=1
ARM n=2625 cycle=599066550 hdr=88 persisted=0 started=1
ARM n=2626 cycle=599156376 hdr=88 persisted=0 started=1
ARM n=2627 cycle=599245565 hdr=88 persisted=0 started=1
ARM n=2628 cycle=599337281 hdr=88 persisted=0 started=1
ARM n=2629 cycle=599429565 hdr=88 persisted=0 started=1
ARM n=2630 cycle=599518116 hdr=88 persisted=0 started=1
ARM n=2631 cycle=599605340 hdr=88 persisted=0 started=1
ARM n=2632 cycle=599694149 hdr=88 persisted=0 started=1
ARM n=2633 cycle=599787570 hdr=88 persisted=0 started=1
ARM n=2634 cycle=599881334 hdr=88 persisted=0 started=1
ARM n=2635 cycle=599981358 hdr=88 persisted=0 started=1
SOAK_PROGRESS cycles=600000000 byte=7663174/10334168 p_pictures=87 b_pictures=119 published=106 swaps=213 motion_repeats=0
ROWCOUNT produced=2635 retired=6204 mix_pers=2634 mix_pers_sel=2634 pic_pers=206 mixed_edge=87
WATCHDOG timeout=16758573 started=1 persisted=0 active=1 arms=2635
ARM n=2636 cycle=600079266 hdr=88 persisted=0 started=1
ARM n=2637 cycle=600180535 hdr=88 persisted=0 started=1
ARM n=2638 cycle=600285047 hdr=88 persisted=0 started=1
ARM n=2639 cycle=600395153 hdr=88 persisted=0 started=1
PICSTART n=227 cycle=600409414 hdr=88 state=15 geom=1 cand=1 proof=0 rearm_pend=0 hold=1 waiting=0
ORDER FINALQ_RISE cycle=600459913 hdr=88 outstanding=1
ARM n=2640 cycle=600459914 hdr=88 persisted=0 started=1
ORDER MIXEDGE cycle=600493519 hdr=88 finalq=1 produced=0 retired=1
ORDER PICPERS cycle=600493519 hdr=88 finalq=1 produced=0 bsel=0
ORDER COMPLETE cycle=600493520 hdr=88 outstanding=0
PICEVAL cycle=600507968 hdr=88 type=3 geom=1 is_p=1 wide_mode=1 gen_mode=1
PICSTART n=228 cycle=602501573 hdr=88 state=21 geom=1 cand=0 proof=1 rearm_pend=0 hold=0 waiting=0
ORDER PICPERS cycle=602572046 hdr=88 finalq=0 produced=0 bsel=1
PICEVAL cycle=603512876 hdr=88 type=3 geom=1 is_p=0 wide_mode=1 gen_mode=1
ORDER PICPERS cycle=605588271 hdr=88 finalq=0 produced=0 bsel=1
PICSTART n=229 cycle=605588432 hdr=88 state=21 geom=1 cand=0 proof=1 rearm_pend=0 hold=0 waiting=0
PICEVAL cycle=605588433 hdr=88 type=1 geom=1 is_p=0 wide_mode=1 gen_mode=1
PICSTART n=230 cycle=608144919 hdr=88 state=21 geom=1 cand=0 proof=1 rearm_pend=0 hold=0 waiting=0
PICEVAL cycle=608144928 hdr=88 type=3 geom=1 is_p=0 wide_mode=1 gen_mode=1
SOAK_PROGRESS cycles=610000000 byte=7849340/10334168 p_pictures=88 b_pictures=121 published=108 swaps=217 motion_repeats=0
ROWCOUNT produced=2640 retired=6292 mix_pers=2640 mix_pers_sel=2640 pic_pers=209 mixed_edge=88
WATCHDOG timeout=0 started=1 persisted=1 active=0 arms=2640
PICSTART n=231 cycle=610447321 hdr=88 state=21 geom=1 cand=0 proof=1 rearm_pend=0 hold=0 waiting=0
ORDER PICPERS cycle=610519282 hdr=88 finalq=0 produced=0 bsel=1
PICEVAL cycle=610519285 hdr=88 type=3 geom=1 is_p=0 wide_mode=1 gen_mode=1
PICSTART n=232 cycle=612370495 hdr=88 state=21 geom=1 cand=0 proof=1 rearm_pend=0 hold=0 waiting=0
ORDER PICPERS cycle=612443921 hdr=88 finalq=0 produced=0 bsel=1
PICEVAL cycle=612443923 hdr=88 type=2 geom=1 is_p=0 wide_mode=1 gen_mode=1
PIC_FIRST_SIDEBAND pic=89 idx=3e val=0000 motion=1 desc_active=0 persisted=1 active=0
PERSIST_FALL cycle=612444548 hdr=89 timeout=0 started=0
PIC_FIRST_SIDEBAND pic=89 idx=3e val=0000 motion=1 desc_active=0 persisted=0 active=0
PIC_FIRST_SIDEBAND pic=89 idx=3e val=0000 motion=1 desc_active=0 persisted=0 active=0
PIC_FIRST_SIDEBAND pic=89 idx=3e val=0000 motion=1 desc_active=0 persisted=0 active=0
ARM n=2641 cycle=612491275 hdr=89 persisted=0 started=1
ARM n=2642 cycle=612573676 hdr=89 persisted=0 started=1
ARM n=2643 cycle=612656681 hdr=89 persisted=0 started=1
ARM n=2644 cycle=612746551 hdr=89 persisted=0 started=1
ARM n=2645 cycle=612838175 hdr=89 persisted=0 started=1
ARM n=2646 cycle=612931765 hdr=89 persisted=0 started=1
ARM n=2647 cycle=613026191 hdr=89 persisted=0 started=1
ARM n=2648 cycle=613121003 hdr=89 persisted=0 started=1
ARM n=2649 cycle=613215362 hdr=89 persisted=0 started=1
ARM n=2650 cycle=613309606 hdr=89 persisted=0 started=1
ARM n=2651 cycle=613407453 hdr=89 persisted=0 started=1
ARM n=2652 cycle=613505828 hdr=89 persisted=0 started=1
ARM n=2653 cycle=613605982 hdr=89 persisted=0 started=1
ARM n=2654 cycle=613702747 hdr=89 persisted=0 started=1
ARM n=2655 cycle=613799354 hdr=89 persisted=0 started=1
ARM n=2656 cycle=613886535 hdr=89 persisted=0 started=1
ARM n=2657 cycle=613975101 hdr=89 persisted=0 started=1
ARM n=2658 cycle=614064939 hdr=89 persisted=0 started=1
ARM n=2659 cycle=614152223 hdr=89 persisted=0 started=1
ARM n=2660 cycle=614241212 hdr=89 persisted=0 started=1
ARM n=2661 cycle=614329632 hdr=89 persisted=0 started=1
ARM n=2662 cycle=614420545 hdr=89 persisted=0 started=1
ARM n=2663 cycle=614509759 hdr=89 persisted=0 started=1
ARM n=2664 cycle=614604872 hdr=89 persisted=0 started=1
ARM n=2665 cycle=614697821 hdr=89 persisted=0 started=1
ARM n=2666 cycle=614792048 hdr=89 persisted=0 started=1
ARM n=2667 cycle=614885798 hdr=89 persisted=0 started=1
ARM n=2668 cycle=614980551 hdr=89 persisted=0 started=1
ARM n=2669 cycle=615079017 hdr=89 persisted=0 started=1
PICSTART n=233 cycle=615093201 hdr=89 state=15 geom=1 cand=1 proof=0 rearm_pend=0 hold=1 waiting=0
ORDER FINALQ_RISE cycle=615141304 hdr=89 outstanding=1
ARM n=2670 cycle=615141305 hdr=89 persisted=0 started=1
ORDER MIXEDGE cycle=615171099 hdr=89 finalq=1 produced=0 retired=1
ORDER PICPERS cycle=615171099 hdr=89 finalq=1 produced=0 bsel=0
ORDER COMPLETE cycle=615171100 hdr=89 outstanding=0
PICEVAL cycle=615524875 hdr=89 type=3 geom=1 is_p=1 wide_mode=1 gen_mode=1
PICSTART n=234 cycle=617329010 hdr=89 state=21 geom=1 cand=0 proof=1 rearm_pend=0 hold=0 waiting=0
ORDER PICPERS cycle=617399612 hdr=89 finalq=0 produced=0 bsel=1
PICEVAL cycle=619528876 hdr=89 type=3 geom=1 is_p=0 wide_mode=1 gen_mode=1
SOAK_PROGRESS cycles=620000000 byte=7981780/10334168 p_pictures=89 b_pictures=124 published=109 swaps=221 motion_repeats=0
ROWCOUNT produced=2670 retired=6397 mix_pers=2670 mix_pers_sel=2670 pic_pers=213 mixed_edge=89
WATCHDOG timeout=0 started=1 persisted=1 active=0 arms=2670
PICSTART n=235 cycle=621342014 hdr=89 state=21 geom=1 cand=0 proof=1 rearm_pend=0 hold=0 waiting=0
ORDER PICPERS cycle=621411374 hdr=89 finalq=0 produced=0 bsel=1
PICEVAL cycle=621411376 hdr=89 type=2 geom=1 is_p=0 wide_mode=1 gen_mode=1
PIC_FIRST_SIDEBAND pic=90 idx=3e val=0000 motion=1 desc_active=0 persisted=1 active=0
PERSIST_FALL cycle=621411959 hdr=90 timeout=0 started=0
PIC_FIRST_SIDEBAND pic=90 idx=3e val=0000 motion=1 desc_active=0 persisted=0 active=0
PIC_FIRST_SIDEBAND pic=90 idx=3e val=0000 motion=1 desc_active=0 persisted=0 active=0
PIC_FIRST_SIDEBAND pic=90 idx=3e val=0000 motion=1 desc_active=0 persisted=0 active=0
ARM n=2671 cycle=621463248 hdr=90 persisted=0 started=1
ARM n=2672 cycle=621550228 hdr=90 persisted=0 started=1
ARM n=2673 cycle=621643839 hdr=90 persisted=0 started=1
ARM n=2674 cycle=621739159 hdr=90 persisted=0 started=1
ARM n=2675 cycle=621832089 hdr=90 persisted=0 started=1
ARM n=2676 cycle=621929669 hdr=90 persisted=0 started=1
ARM n=2677 cycle=622025003 hdr=90 persisted=0 started=1
ARM n=2678 cycle=622123182 hdr=90 persisted=0 started=1
ARM n=2679 cycle=622217452 hdr=90 persisted=0 started=1
ARM n=2680 cycle=622315149 hdr=90 persisted=0 started=1
ARM n=2681 cycle=622413277 hdr=90 persisted=0 started=1
ARM n=2682 cycle=622512525 hdr=90 persisted=0 started=1
ARM n=2683 cycle=622611344 hdr=90 persisted=0 started=1
ARM n=2684 cycle=622707733 hdr=90 persisted=0 started=1
ARM n=2685 cycle=622803111 hdr=90 persisted=0 started=1
ARM n=2686 cycle=622898013 hdr=90 persisted=0 started=1
ARM n=2687 cycle=622987760 hdr=90 persisted=0 started=1
ARM n=2688 cycle=623078697 hdr=90 persisted=0 started=1
ARM n=2689 cycle=623166227 hdr=90 persisted=0 started=1
ARM n=2690 cycle=623255462 hdr=90 persisted=0 started=1
ARM n=2691 cycle=623346228 hdr=90 persisted=0 started=1
ARM n=2692 cycle=623439323 hdr=90 persisted=0 started=1
ARM n=2693 cycle=623530364 hdr=90 persisted=0 started=1
ARM n=2694 cycle=623623783 hdr=90 persisted=0 started=1
ARM n=2695 cycle=623720745 hdr=90 persisted=0 started=1
ARM n=2696 cycle=623815146 hdr=90 persisted=0 started=1
ARM n=2697 cycle=623905031 hdr=90 persisted=0 started=1
ARM n=2698 cycle=623999658 hdr=90 persisted=0 started=1
ARM n=2699 cycle=624102240 hdr=90 persisted=0 started=1
PICSTART n=236 cycle=624116450 hdr=90 state=13 geom=1 cand=1 proof=0 rearm_pend=0 hold=1 waiting=0
ORDER FINALQ_RISE cycle=624162185 hdr=90 outstanding=1
ARM n=2700 cycle=624162186 hdr=90 persisted=0 started=1
ORDER MIXEDGE cycle=624194402 hdr=90 finalq=1 produced=0 retired=1
ORDER PICPERS cycle=624194402 hdr=90 finalq=1 produced=0 bsel=0
ORDER COMPLETE cycle=624194403 hdr=90 outstanding=0
PICEVAL cycle=625534875 hdr=90 type=3 geom=1 is_p=1 wide_mode=1 gen_mode=1
PICSTART n=237 cycle=627377251 hdr=90 state=21 geom=1 cand=0 proof=1 rearm_pend=0 hold=0 waiting=0
ORDER PICPERS cycle=627450323 hdr=90 finalq=0 produced=0 bsel=1
PICEVAL cycle=627536876 hdr=90 type=3 geom=1 is_p=0 wide_mode=1 gen_mode=1
PICSTART n=238 cycle=629364296 hdr=90 state=21 geom=1 cand=0 proof=1 rearm_pend=0 hold=0 waiting=0
ORDER PICPERS cycle=629434212 hdr=90 finalq=0 produced=0 bsel=1
PICEVAL cycle=629434214 hdr=90 type=2 geom=1 is_p=0 wide_mode=1 gen_mode=1
PIC_FIRST_SIDEBAND pic=91 idx=3e val=0000 motion=1 desc_active=0 persisted=1 active=0
PERSIST_FALL cycle=629434777 hdr=91 timeout=0 started=0
PIC_FIRST_SIDEBAND pic=91 idx=3e val=0000 motion=1 desc_active=0 persisted=0 active=0
PIC_FIRST_SIDEBAND pic=91 idx=3e val=0000 motion=1 desc_active=0 persisted=0 active=0
PIC_FIRST_SIDEBAND pic=91 idx=3e val=0000 motion=1 desc_active=0 persisted=0 active=0
ARM n=2701 cycle=629486738 hdr=91 persisted=0 started=1
ARM n=2702 cycle=629569452 hdr=91 persisted=0 started=1
ARM n=2703 cycle=629657482 hdr=91 persisted=0 started=1
ARM n=2704 cycle=629745085 hdr=91 persisted=0 started=1
ARM n=2705 cycle=629832654 hdr=91 persisted=0 started=1
ARM n=2706 cycle=629925132 hdr=91 persisted=0 started=1
SOAK_PROGRESS cycles=630000000 byte=8130860/10334168 p_pictures=90 b_pictures=127 published=110 swaps=224 motion_repeats=0
ROWCOUNT produced=2706 retired=6516 mix_pers=2706 mix_pers_sel=2706 pic_pers=217 mixed_edge=90
WATCHDOG timeout=0 started=0 persisted=0 active=0 arms=2706
ARM n=2707 cycle=630021213 hdr=91 persisted=0 started=1
ARM n=2708 cycle=630116839 hdr=91 persisted=0 started=1
ARM n=2709 cycle=630206952 hdr=91 persisted=0 started=1
ARM n=2710 cycle=630302161 hdr=91 persisted=0 started=1
ARM n=2711 cycle=630398309 hdr=91 persisted=0 started=1
ARM n=2712 cycle=630494803 hdr=91 persisted=0 started=1
ARM n=2713 cycle=630589847 hdr=91 persisted=0 started=1
ARM n=2714 cycle=630685975 hdr=91 persisted=0 started=1
ARM n=2715 cycle=630779691 hdr=91 persisted=0 started=1
ARM n=2716 cycle=630871257 hdr=91 persisted=0 started=1
ARM n=2717 cycle=630960982 hdr=91 persisted=0 started=1
ARM n=2718 cycle=631046557 hdr=91 persisted=0 started=1
ARM n=2719 cycle=631130084 hdr=91 persisted=0 started=1
ARM n=2720 cycle=631215907 hdr=91 persisted=0 started=1
ARM n=2721 cycle=631306197 hdr=91 persisted=0 started=1
ARM n=2722 cycle=631396601 hdr=91 persisted=0 started=1
ARM n=2723 cycle=631482253 hdr=91 persisted=0 started=1
ARM n=2724 cycle=631569824 hdr=91 persisted=0 started=1
ARM n=2725 cycle=631659286 hdr=91 persisted=0 started=1
ARM n=2726 cycle=631747550 hdr=91 persisted=0 started=1
ARM n=2727 cycle=631833232 hdr=91 persisted=0 started=1
ARM n=2728 cycle=631924063 hdr=91 persisted=0 started=1
ARM n=2729 cycle=632025905 hdr=91 persisted=0 started=1
PICSTART n=239 cycle=632040082 hdr=91 state=15 geom=1 cand=1 proof=0 rearm_pend=0 hold=1 waiting=0
ORDER FINALQ_RISE cycle=632085677 hdr=91 outstanding=1
ARM n=2730 cycle=632085678 hdr=91 persisted=0 started=1
ORDER MIXEDGE cycle=632117792 hdr=91 finalq=1 produced=0 retired=1
ORDER PICPERS cycle=632117792 hdr=91 finalq=1 produced=0 bsel=0
ORDER COMPLETE cycle=632117793 hdr=91 outstanding=0
PICEVAL cycle=632539968 hdr=91 type=3 geom=1 is_p=1 wide_mode=1 gen_mode=1
PICSTART n=240 cycle=634352990 hdr=91 state=21 geom=1 cand=0 proof=1 rearm_pend=0 hold=0 waiting=0
ORDER PICPERS cycle=634423627 hdr=91 finalq=0 produced=0 bsel=1
PICEVAL cycle=635544876 hdr=91 type=3 geom=1 is_p=0 wide_mode=1 gen_mode=1
ORDER PICPERS cycle=637409339 hdr=91 finalq=0 produced=0 bsel=1
PICSTART n=241 cycle=637409500 hdr=91 state=21 geom=1 cand=0 proof=1 rearm_pend=0 hold=0 waiting=0
PICEVAL cycle=637409501 hdr=91 type=1 geom=1 is_p=0 wide_mode=1 gen_mode=1
PICSTART n=242 cycle=639939314 hdr=91 state=21 geom=1 cand=0 proof=1 rearm_pend=0 hold=0 waiting=0
PICEVAL cycle=639939323 hdr=91 type=3 geom=1 is_p=0 wide_mode=1 gen_mode=1
SOAK_PROGRESS cycles=640000000 byte=8331498/10334168 p_pictures=91 b_pictures=129 published=112 swaps=228 motion_repeats=0
ROWCOUNT produced=2730 retired=6600 mix_pers=2730 mix_pers_sel=2730 pic_pers=220 mixed_edge=91
WATCHDOG timeout=0 started=1 persisted=1 active=0 arms=2730
PICSTART n=243 cycle=642444463 hdr=91 state=21 geom=1 cand=0 proof=1 rearm_pend=0 hold=0 waiting=0
ORDER PICPERS cycle=642510632 hdr=91 finalq=0 produced=0 bsel=1
PICEVAL cycle=642549969 hdr=91 type=3 geom=1 is_p=0 wide_mode=1 gen_mode=1
PICSTART n=244 cycle=644391515 hdr=91 state=21 geom=1 cand=0 proof=1 rearm_pend=0 hold=0 waiting=0
ORDER PICPERS cycle=644451062 hdr=91 finalq=0 produced=0 bsel=1
PICEVAL cycle=644451064 hdr=91 type=2 geom=1 is_p=0 wide_mode=1 gen_mode=1
PIC_FIRST_SIDEBAND pic=92 idx=3e val=0000 motion=1 desc_active=0 persisted=1 active=0
PERSIST_FALL cycle=644451759 hdr=92 timeout=0 started=0
PIC_FIRST_SIDEBAND pic=92 idx=3e val=0000 motion=1 desc_active=0 persisted=0 active=0
PIC_FIRST_SIDEBAND pic=92 idx=3e val=0000 motion=1 desc_active=0 persisted=0 active=0
PIC_FIRST_SIDEBAND pic=92 idx=3e val=0000 motion=1 desc_active=0 persisted=0 active=0
ARM n=2731 cycle=644497182 hdr=92 persisted=0 started=1
ARM n=2732 cycle=644585217 hdr=92 persisted=0 started=1
ARM n=2733 cycle=644667320 hdr=92 persisted=0 started=1
ARM n=2734 cycle=644751566 hdr=92 persisted=0 started=1
ARM n=2735 cycle=644841050 hdr=92 persisted=0 started=1
ARM n=2736 cycle=644930478 hdr=92 persisted=0 started=1
ARM n=2737 cycle=645020035 hdr=92 persisted=0 started=1
ARM n=2738 cycle=645116852 hdr=92 persisted=0 started=1
ARM n=2739 cycle=645215231 hdr=92 persisted=0 started=1
ARM n=2740 cycle=645310145 hdr=92 persisted=0 started=1
ARM n=2741 cycle=645401191 hdr=92 persisted=0 started=1
ARM n=2742 cycle=645495364 hdr=92 persisted=0 started=1
ARM n=2743 cycle=645588178 hdr=92 persisted=0 started=1
ARM n=2744 cycle=645682563 hdr=92 persisted=0 started=1
ARM n=2745 cycle=645773934 hdr=92 persisted=0 started=1
ARM n=2746 cycle=645865243 hdr=92 persisted=0 started=1
ARM n=2747 cycle=645952819 hdr=92 persisted=0 started=1
ARM n=2748 cycle=646040070 hdr=92 persisted=0 started=1
ARM n=2749 cycle=646122544 hdr=92 persisted=0 started=1
ARM n=2750 cycle=646207191 hdr=92 persisted=0 started=1
ARM n=2751 cycle=646287676 hdr=92 persisted=0 started=1
ARM n=2752 cycle=646375468 hdr=92 persisted=0 started=1
ARM n=2753 cycle=646464099 hdr=92 persisted=0 started=1
ARM n=2754 cycle=646548027 hdr=92 persisted=0 started=1
ARM n=2755 cycle=646628637 hdr=92 persisted=0 started=1
ARM n=2756 cycle=646716172 hdr=92 persisted=0 started=1
ARM n=2757 cycle=646805517 hdr=92 persisted=0 started=1
ARM n=2758 cycle=646889606 hdr=92 persisted=0 started=1
ARM n=2759 cycle=646985111 hdr=92 persisted=0 started=1
PICSTART n=245 cycle=646994825 hdr=92 state=16 geom=1 cand=1 proof=0 rearm_pend=0 hold=1 waiting=0
ORDER FINALQ_RISE cycle=647033559 hdr=92 outstanding=1
ARM n=2760 cycle=647033560 hdr=92 persisted=0 started=1
ORDER MIXEDGE cycle=647063409 hdr=92 finalq=1 produced=0 retired=1
ORDER PICPERS cycle=647063409 hdr=92 finalq=1 produced=0 bsel=0
ORDER COMPLETE cycle=647063410 hdr=92 outstanding=0
PICEVAL cycle=647556875 hdr=92 type=3 geom=1 is_p=1 wide_mode=1 gen_mode=1
PICSTART n=246 cycle=649303968 hdr=92 state=21 geom=1 cand=0 proof=1 rearm_pend=0 hold=0 waiting=0
ORDER PICPERS cycle=649362277 hdr=92 finalq=0 produced=0 bsel=1
SOAK_PROGRESS cycles=650000000 byte=8477665/10334168 p_pictures=92 b_pictures=132 published=113 swaps=232 motion_repeats=0
ROWCOUNT produced=2760 retired=6720 mix_pers=2760 mix_pers_sel=2760 pic_pers=224 mixed_edge=92
WATCHDOG timeout=0 started=1 persisted=1 active=0 arms=2760
PICEVAL cycle=651560876 hdr=92 type=3 geom=1 is_p=0 wide_mode=1 gen_mode=1
PICSTART n=247 cycle=653303518 hdr=92 state=21 geom=1 cand=0 proof=1 rearm_pend=0 hold=0 waiting=0
ORDER PICPERS cycle=653358239 hdr=92 finalq=0 produced=0 bsel=1
PICEVAL cycle=653358241 hdr=92 type=2 geom=1 is_p=0 wide_mode=1 gen_mode=1
PIC_FIRST_SIDEBAND pic=93 idx=3e val=0000 motion=1 desc_active=0 persisted=1 active=0
PERSIST_FALL cycle=653358920 hdr=93 timeout=0 started=0
PIC_FIRST_SIDEBAND pic=93 idx=3e val=0000 motion=1 desc_active=0 persisted=0 active=0
PIC_FIRST_SIDEBAND pic=93 idx=3e val=0000 motion=1 desc_active=0 persisted=0 active=0
PIC_FIRST_SIDEBAND pic=93 idx=3e val=0000 motion=1 desc_active=0 persisted=0 active=0
ARM n=2761 cycle=653406965 hdr=93 persisted=0 started=1
ARM n=2762 cycle=653495771 hdr=93 persisted=0 started=1
ARM n=2763 cycle=653580955 hdr=93 persisted=0 started=1
ARM n=2764 cycle=653663278 hdr=93 persisted=0 started=1
ARM n=2765 cycle=653756947 hdr=93 persisted=0 started=1
ARM n=2766 cycle=653847344 hdr=93 persisted=0 started=1
ARM n=2767 cycle=653933865 hdr=93 persisted=0 started=1
ARM n=2768 cycle=654027108 hdr=93 persisted=0 started=1
ARM n=2769 cycle=654126248 hdr=93 persisted=0 started=1
ARM n=2770 cycle=654221049 hdr=93 persisted=0 started=1
ARM n=2771 cycle=654315509 hdr=93 persisted=0 started=1
ARM n=2772 cycle=654404295 hdr=93 persisted=0 started=1
ARM n=2773 cycle=654498674 hdr=93 persisted=0 started=1
ARM n=2774 cycle=654598676 hdr=93 persisted=0 started=1
ARM n=2775 cycle=654695135 hdr=93 persisted=0 started=1
ARM n=2776 cycle=654787553 hdr=93 persisted=0 started=1
ARM n=2777 cycle=654879185 hdr=93 persisted=0 started=1
ARM n=2778 cycle=654966934 hdr=93 persisted=0 started=1
ARM n=2779 cycle=655053441 hdr=93 persisted=0 started=1
ARM n=2780 cycle=655138704 hdr=93 persisted=0 started=1
ARM n=2781 cycle=655224754 hdr=93 persisted=0 started=1
ARM n=2782 cycle=655308660 hdr=93 persisted=0 started=1
ARM n=2783 cycle=655398025 hdr=93 persisted=0 started=1
ARM n=2784 cycle=655487482 hdr=93 persisted=0 started=1
ARM n=2785 cycle=655577730 hdr=93 persisted=0 started=1
ARM n=2786 cycle=655666142 hdr=93 persisted=0 started=1
ARM n=2787 cycle=655753546 hdr=93 persisted=0 started=1
ARM n=2788 cycle=655839373 hdr=93 persisted=0 started=1
ARM n=2789 cycle=655927883 hdr=93 persisted=0 started=1
PICSTART n=248 cycle=655937471 hdr=93 state=15 geom=1 cand=1 proof=0 rearm_pend=0 hold=1 waiting=0
ORDER FINALQ_RISE cycle=655974043 hdr=93 outstanding=1
ARM n=2790 cycle=655974044 hdr=93 persisted=0 started=1
ORDER MIXEDGE cycle=656003508 hdr=93 finalq=1 produced=0 retired=1
ORDER PICPERS cycle=656003508 hdr=93 finalq=1 produced=0 bsel=0
ORDER COMPLETE cycle=656003509 hdr=93 outstanding=0
PICEVAL cycle=657566875 hdr=93 type=3 geom=1 is_p=1 wide_mode=1 gen_mode=1
PICSTART n=249 cycle=659332401 hdr=93 state=21 geom=1 cand=0 proof=1 rearm_pend=0 hold=0 waiting=0
ORDER PICPERS cycle=659393609 hdr=93 finalq=0 produced=0 bsel=1
PICEVAL cycle=659568876 hdr=93 type=3 geom=1 is_p=0 wide_mode=1 gen_mode=1
SOAK_PROGRESS cycles=660000000 byte=8601256/10334168 p_pictures=93 b_pictures=134 published=114 swaps=236 motion_repeats=0
ROWCOUNT produced=2790 retired=6817 mix_pers=2790 mix_pers_sel=2790 pic_pers=227 mixed_edge=93
WATCHDOG timeout=0 started=1 persisted=1 active=0 arms=2790
PICSTART n=250 cycle=661330449 hdr=93 state=21 geom=1 cand=0 proof=1 rearm_pend=0 hold=0 waiting=0
ORDER PICPERS cycle=661381506 hdr=93 finalq=0 produced=0 bsel=1
PICEVAL cycle=661381508 hdr=93 type=2 geom=1 is_p=0 wide_mode=1 gen_mode=1
PIC_FIRST_SIDEBAND pic=94 idx=3e val=0000 motion=1 desc_active=0 persisted=1 active=0
PERSIST_FALL cycle=661382090 hdr=94 timeout=0 started=0
PIC_FIRST_SIDEBAND pic=94 idx=3e val=0000 motion=1 desc_active=0 persisted=0 active=0
PIC_FIRST_SIDEBAND pic=94 idx=3e val=0000 motion=1 desc_active=0 persisted=0 active=0
PIC_FIRST_SIDEBAND pic=94 idx=3e val=0000 motion=1 desc_active=0 persisted=0 active=0
ARM n=2791 cycle=661434111 hdr=94 persisted=0 started=1
ARM n=2792 cycle=661522944 hdr=94 persisted=0 started=1
ARM n=2793 cycle=661605232 hdr=94 persisted=0 started=1
ARM n=2794 cycle=661688705 hdr=94 persisted=0 started=1
ARM n=2795 cycle=661775431 hdr=94 persisted=0 started=1
ARM n=2796 cycle=661861599 hdr=94 persisted=0 started=1
ARM n=2797 cycle=661947391 hdr=94 persisted=0 started=1
ARM n=2798 cycle=662034001 hdr=94 persisted=0 started=1
ARM n=2799 cycle=662126869 hdr=94 persisted=0 started=1
ARM n=2800 cycle=662221141 hdr=94 persisted=0 started=1
ARM n=2801 cycle=662313353 hdr=94 persisted=0 started=1
ARM n=2802 cycle=662405385 hdr=94 persisted=0 started=1
ARM n=2803 cycle=662495433 hdr=94 persisted=0 started=1
ARM n=2804 cycle=662590779 hdr=94 persisted=0 started=1
ARM n=2805 cycle=662685580 hdr=94 persisted=0 started=1
ARM n=2806 cycle=662775576 hdr=94 persisted=0 started=1
ARM n=2807 cycle=662869492 hdr=94 persisted=0 started=1
ARM n=2808 cycle=662962497 hdr=94 persisted=0 started=1
ARM n=2809 cycle=663049656 hdr=94 persisted=0 started=1
ARM n=2810 cycle=663137249 hdr=94 persisted=0 started=1
ARM n=2811 cycle=663221304 hdr=94 persisted=0 started=1
ARM n=2812 cycle=663304761 hdr=94 persisted=0 started=1
ARM n=2813 cycle=663394983 hdr=94 persisted=0 started=1
ARM n=2814 cycle=663482926 hdr=94 persisted=0 started=1
ARM n=2815 cycle=663566008 hdr=94 persisted=0 started=1
ARM n=2816 cycle=663651180 hdr=94 persisted=0 started=1
ARM n=2817 cycle=663736503 hdr=94 persisted=0 started=1
ARM n=2818 cycle=663820537 hdr=94 persisted=0 started=1
ARM n=2819 cycle=663912998 hdr=94 persisted=0 started=1
PICSTART n=251 cycle=663918234 hdr=94 state=15 geom=1 cand=1 proof=0 rearm_pend=0 hold=1 waiting=0
ORDER FINALQ_RISE cycle=663957303 hdr=94 outstanding=1
ARM n=2820 cycle=663957304 hdr=94 persisted=0 started=1
ORDER MIXEDGE cycle=663986494 hdr=94 finalq=1 produced=0 retired=1
ORDER PICPERS cycle=663986494 hdr=94 finalq=1 produced=0 bsel=0
ORDER COMPLETE cycle=663986495 hdr=94 outstanding=0
PICEVAL cycle=664571969 hdr=94 type=3 geom=1 is_p=1 wide_mode=1 gen_mode=1
PICSTART n=252 cycle=666307065 hdr=94 state=21 geom=1 cand=0 proof=1 rearm_pend=0 hold=0 waiting=0
ORDER PICPERS cycle=666363423 hdr=94 finalq=0 produced=0 bsel=1
PICEVAL cycle=667576876 hdr=94 type=3 geom=1 is_p=0 wide_mode=1 gen_mode=1
ORDER PICPERS cycle=669369695 hdr=94 finalq=0 produced=0 bsel=1
PICSTART n=253 cycle=669369856 hdr=94 state=21 geom=1 cand=0 proof=1 rearm_pend=0 hold=0 waiting=0
PICEVAL cycle=669369857 hdr=94 type=1 geom=1 is_p=0 wide_mode=1 gen_mode=1
SOAK_PROGRESS cycles=670000000 byte=8756627/10334168 p_pictures=94 b_pictures=137 published=115 swaps=240 motion_repeats=0
ROWCOUNT produced=2820 retired=6930 mix_pers=2820 mix_pers_sel=2820 pic_pers=231 mixed_edge=94
WATCHDOG timeout=0 started=1 persisted=1 active=0 arms=2820
PICSTART n=254 cycle=671862395 hdr=94 state=21 geom=1 cand=0 proof=1 rearm_pend=0 hold=0 waiting=0
PICEVAL cycle=671862404 hdr=94 type=3 geom=1 is_p=0 wide_mode=1 gen_mode=1
PICSTART n=255 cycle=674395933 hdr=94 state=21 geom=1 cand=0 proof=1 rearm_pend=0 hold=0 waiting=0
ORDER PICPERS cycle=674452060 hdr=94 finalq=0 produced=0 bsel=1
PICEVAL cycle=674581970 hdr=94 type=3 geom=1 is_p=0 wide_mode=1 gen_mode=1
PICSTART n=256 cycle=676323270 hdr=94 state=21 geom=1 cand=0 proof=1 rearm_pend=0 hold=0 waiting=0
ORDER PICPERS cycle=676375663 hdr=94 finalq=0 produced=0 bsel=1
PICEVAL cycle=676375665 hdr=94 type=2 geom=1 is_p=0 wide_mode=1 gen_mode=1
PIC_FIRST_SIDEBAND pic=95 idx=3e val=0000 motion=1 desc_active=0 persisted=1 active=0
PERSIST_FALL cycle=676376236 hdr=95 timeout=0 started=0
PIC_FIRST_SIDEBAND pic=95 idx=3e val=0000 motion=1 desc_active=0 persisted=0 active=0
PIC_FIRST_SIDEBAND pic=95 idx=3e val=0000 motion=1 desc_active=0 persisted=0 active=0
PIC_FIRST_SIDEBAND pic=95 idx=3e val=0000 motion=1 desc_active=0 persisted=0 active=0
ARM n=2821 cycle=676429932 hdr=95 persisted=0 started=1
ARM n=2822 cycle=676509705 hdr=95 persisted=0 started=1
ARM n=2823 cycle=676597518 hdr=95 persisted=0 started=1
ARM n=2824 cycle=676681043 hdr=95 persisted=0 started=1
ARM n=2825 cycle=676765173 hdr=95 persisted=0 started=1
ARM n=2826 cycle=676847033 hdr=95 persisted=0 started=1
ARM n=2827 cycle=676933486 hdr=95 persisted=0 started=1
ARM n=2828 cycle=677022129 hdr=95 persisted=0 started=1
ARM n=2829 cycle=677109040 hdr=95 persisted=0 started=1
ARM n=2830 cycle=677199011 hdr=95 persisted=0 started=1
ARM n=2831 cycle=677289948 hdr=95 persisted=0 started=1
ARM n=2832 cycle=677387002 hdr=95 persisted=0 started=1
ARM n=2833 cycle=677482618 hdr=95 persisted=0 started=1
ARM n=2834 cycle=677575166 hdr=95 persisted=0 started=1
ARM n=2835 cycle=677666925 hdr=95 persisted=0 started=1
ARM n=2836 cycle=677763230 hdr=95 persisted=0 started=1
ARM n=2837 cycle=677856246 hdr=95 persisted=0 started=1
ARM n=2838 cycle=677947253 hdr=95 persisted=0 started=1
ARM n=2839 cycle=678040118 hdr=95 persisted=0 started=1
ARM n=2840 cycle=678130143 hdr=95 persisted=0 started=1
ARM n=2841 cycle=678219586 hdr=95 persisted=0 started=1
ARM n=2842 cycle=678309596 hdr=95 persisted=0 started=1
ARM n=2843 cycle=678391429 hdr=95 persisted=0 started=1
ARM n=2844 cycle=678476814 hdr=95 persisted=0 started=1
ARM n=2845 cycle=678557253 hdr=95 persisted=0 started=1
ARM n=2846 cycle=678643814 hdr=95 persisted=0 started=1
ARM n=2847 cycle=678728760 hdr=95 persisted=0 started=1
ARM n=2848 cycle=678816468 hdr=95 persisted=0 started=1
ARM n=2849 cycle=678904475 hdr=95 persisted=0 started=1
PICSTART n=257 cycle=678909711 hdr=95 state=8 geom=1 cand=1 proof=0 rearm_pend=0 hold=1 waiting=0
ORDER FINALQ_RISE cycle=678943458 hdr=95 outstanding=1
ARM n=2850 cycle=678943459 hdr=95 persisted=0 started=1
ORDER MIXEDGE cycle=678971147 hdr=95 finalq=1 produced=0 retired=1
ORDER PICPERS cycle=678971147 hdr=95 finalq=1 produced=0 bsel=0
ORDER COMPLETE cycle=678971148 hdr=95 outstanding=0
PICEVAL cycle=679588875 hdr=95 type=3 geom=1 is_p=1 wide_mode=1 gen_mode=1
SOAK_PROGRESS cycles=680000000 byte=8957156/10334168 p_pictures=95 b_pictures=139 published=117 swaps=244 motion_repeats=0
ROWCOUNT produced=2850 retired=7027 mix_pers=2850 mix_pers_sel=2850 pic_pers=234 mixed_edge=95
WATCHDOG timeout=0 started=1 persisted=1 active=0 arms=2850
PICSTART n=258 cycle=681245258 hdr=95 state=21 geom=1 cand=0 proof=1 rearm_pend=0 hold=0 waiting=0
ORDER PICPERS cycle=681295618 hdr=95 finalq=0 produced=0 bsel=1
PICEVAL cycle=683592877 hdr=95 type=3 geom=1 is_p=0 wide_mode=1 gen_mode=1
PICSTART n=259 cycle=685238436 hdr=95 state=21 geom=1 cand=0 proof=1 rearm_pend=0 hold=0 waiting=0
ORDER PICPERS cycle=685284783 hdr=95 finalq=0 produced=0 bsel=1
PICEVAL cycle=685284785 hdr=95 type=2 geom=1 is_p=0 wide_mode=1 gen_mode=1
PIC_FIRST_SIDEBAND pic=96 idx=3e val=0000 motion=1 desc_active=0 persisted=1 active=0
PERSIST_FALL cycle=685285335 hdr=96 timeout=0 started=0
PIC_FIRST_SIDEBAND pic=96 idx=3e val=0000 motion=1 desc_active=0 persisted=0 active=0
PIC_FIRST_SIDEBAND pic=96 idx=3e val=0000 motion=1 desc_active=0 persisted=0 active=0
PIC_FIRST_SIDEBAND pic=96 idx=3e val=0000 motion=1 desc_active=0 persisted=0 active=0
ARM n=2851 cycle=685333435 hdr=96 persisted=0 started=1
ARM n=2852 cycle=685414734 hdr=96 persisted=0 started=1
ARM n=2853 cycle=685502127 hdr=96 persisted=0 started=1
ARM n=2854 cycle=685583973 hdr=96 persisted=0 started=1
ARM n=2855 cycle=685666937 hdr=96 persisted=0 started=1
ARM n=2856 cycle=685751532 hdr=96 persisted=0 started=1
ARM n=2857 cycle=685835633 hdr=96 persisted=0 started=1
ARM n=2858 cycle=685928054 hdr=96 persisted=0 started=1
ARM n=2859 cycle=686012037 hdr=96 persisted=0 started=1
ARM n=2860 cycle=686101548 hdr=96 persisted=0 started=1
ARM n=2861 cycle=686192253 hdr=96 persisted=0 started=1
ARM n=2862 cycle=686283777 hdr=96 persisted=0 started=1
ARM n=2863 cycle=686377972 hdr=96 persisted=0 started=1
ARM n=2864 cycle=686471931 hdr=96 persisted=0 started=1
ARM n=2865 cycle=686567958 hdr=96 persisted=0 started=1
ARM n=2866 cycle=686663730 hdr=96 persisted=0 started=1
ARM n=2867 cycle=686759087 hdr=96 persisted=0 started=1
ARM n=2868 cycle=686853425 hdr=96 persisted=0 started=1
ARM n=2869 cycle=686947992 hdr=96 persisted=0 started=1
ARM n=2870 cycle=687037188 hdr=96 persisted=0 started=1
ARM n=2871 cycle=687126177 hdr=96 persisted=0 started=1
ARM n=2872 cycle=687216082 hdr=96 persisted=0 started=1
ARM n=2873 cycle=687295977 hdr=96 persisted=0 started=1
ARM n=2874 cycle=687379327 hdr=96 persisted=0 started=1
ARM n=2875 cycle=687463541 hdr=96 persisted=0 started=1
ARM n=2876 cycle=687548627 hdr=96 persisted=0 started=1
ARM n=2877 cycle=687633283 hdr=96 persisted=0 started=1
ARM n=2878 cycle=687720412 hdr=96 persisted=0 started=1
ARM n=2879 cycle=687807586 hdr=96 persisted=0 started=1
PICSTART n=260 cycle=687812803 hdr=96 state=15 geom=1 cand=1 proof=0 rearm_pend=0 hold=1 waiting=0
ORDER FINALQ_RISE cycle=687844198 hdr=96 outstanding=1
ARM n=2880 cycle=687844199 hdr=96 persisted=0 started=1
ORDER MIXEDGE cycle=687869847 hdr=96 finalq=1 produced=0 retired=1
ORDER PICPERS cycle=687869847 hdr=96 finalq=1 produced=0 bsel=0
ORDER COMPLETE cycle=687869848 hdr=96 outstanding=0
PICEVAL cycle=689598876 hdr=96 type=3 geom=1 is_p=1 wide_mode=1 gen_mode=1
SOAK_PROGRESS cycles=690000000 byte=9074472/10334168 p_pictures=96 b_pictures=141 published=118 swaps=247 motion_repeats=0
ROWCOUNT produced=2880 retired=7116 mix_pers=2880 mix_pers_sel=2880 pic_pers=237 mixed_edge=96
WATCHDOG timeout=0 started=1 persisted=1 active=0 arms=2880
PICSTART n=261 cycle=691288004 hdr=96 state=21 geom=1 cand=0 proof=1 rearm_pend=0 hold=0 waiting=0
ORDER PICPERS cycle=691340680 hdr=96 finalq=0 produced=0 bsel=1
PICEVAL cycle=691600877 hdr=96 type=3 geom=1 is_p=0 wide_mode=1 gen_mode=1
PICSTART n=262 cycle=693248450 hdr=96 state=21 geom=1 cand=0 proof=1 rearm_pend=0 hold=0 waiting=0
ORDER PICPERS cycle=693296577 hdr=96 finalq=0 produced=0 bsel=1
PICEVAL cycle=693296579 hdr=96 type=2 geom=1 is_p=0 wide_mode=1 gen_mode=1
PIC_FIRST_SIDEBAND pic=97 idx=3e val=0000 motion=1 desc_active=0 persisted=1 active=0
PERSIST_FALL cycle=693297147 hdr=97 timeout=0 started=0
PIC_FIRST_SIDEBAND pic=97 idx=3e val=0000 motion=1 desc_active=0 persisted=0 active=0
PIC_FIRST_SIDEBAND pic=97 idx=3e val=0000 motion=1 desc_active=0 persisted=0 active=0
PIC_FIRST_SIDEBAND pic=97 idx=3e val=0000 motion=1 desc_active=0 persisted=0 active=0
ARM n=2881 cycle=693353740 hdr=97 persisted=0 started=1
ARM n=2882 cycle=693437680 hdr=97 persisted=0 started=1
ARM n=2883 cycle=693530259 hdr=97 persisted=0 started=1
ARM n=2884 cycle=693617622 hdr=97 persisted=0 started=1
ARM n=2885 cycle=693699422 hdr=97 persisted=0 started=1
ARM n=2886 cycle=693784322 hdr=97 persisted=0 started=1
ARM n=2887 cycle=693872764 hdr=97 persisted=0 started=1
ARM n=2888 cycle=693964601 hdr=97 persisted=0 started=1
ARM n=2889 cycle=694048763 hdr=97 persisted=0 started=1
ARM n=2890 cycle=694139051 hdr=97 persisted=0 started=1
ARM n=2891 cycle=694231634 hdr=97 persisted=0 started=1
ARM n=2892 cycle=694325505 hdr=97 persisted=0 started=1
ARM n=2893 cycle=694421179 hdr=97 persisted=0 started=1
ARM n=2894 cycle=694521534 hdr=97 persisted=0 started=1
ARM n=2895 cycle=694620519 hdr=97 persisted=0 started=1
ARM n=2896 cycle=694716372 hdr=97 persisted=0 started=1
ARM n=2897 cycle=694810615 hdr=97 persisted=0 started=1
ARM n=2898 cycle=694901864 hdr=97 persisted=0 started=1
ARM n=2899 cycle=694994934 hdr=97 persisted=0 started=1
ARM n=2900 cycle=695088957 hdr=97 persisted=0 started=1
ARM n=2901 cycle=695177171 hdr=97 persisted=0 started=1
ARM n=2902 cycle=695262911 hdr=97 persisted=0 started=1
ARM n=2903 cycle=695347648 hdr=97 persisted=0 started=1
ARM n=2904 cycle=695427744 hdr=97 persisted=0 started=1
ARM n=2905 cycle=695513288 hdr=97 persisted=0 started=1
ARM n=2906 cycle=695594645 hdr=97 persisted=0 started=1
ARM n=2907 cycle=695682177 hdr=97 persisted=0 started=1
ARM n=2908 cycle=695766082 hdr=97 persisted=0 started=1
ARM n=2909 cycle=695857349 hdr=97 persisted=0 started=1
PICSTART n=263 cycle=695862544 hdr=97 state=15 geom=1 cand=1 proof=0 rearm_pend=0 hold=1 waiting=0
ORDER FINALQ_RISE cycle=695896235 hdr=97 outstanding=1
ARM n=2910 cycle=695896236 hdr=97 persisted=0 started=1
ORDER MIXEDGE cycle=695923100 hdr=97 finalq=1 produced=0 retired=1
ORDER PICPERS cycle=695923100 hdr=97 finalq=1 produced=0 bsel=0
ORDER COMPLETE cycle=695923101 hdr=97 outstanding=0
PICEVAL cycle=696603969 hdr=97 type=3 geom=1 is_p=1 wide_mode=1 gen_mode=1
PICSTART n=264 cycle=698251940 hdr=97 state=21 geom=1 cand=0 proof=1 rearm_pend=0 hold=0 waiting=0
ORDER PICPERS cycle=698303146 hdr=97 finalq=0 produced=0 bsel=1
PICEVAL cycle=699608877 hdr=97 type=3 geom=1 is_p=0 wide_mode=1 gen_mode=1
SOAK_PROGRESS cycles=700000000 byte=9219984/10334168 p_pictures=97 b_pictures=144 published=119 swaps=251 motion_repeats=0
ROWCOUNT produced=2910 retired=7237 mix_pers=2910 mix_pers_sel=2910 pic_pers=241 mixed_edge=97
WATCHDOG timeout=0 started=1 persisted=1 active=0 arms=2910
ORDER PICPERS cycle=701263447 hdr=97 finalq=0 produced=0 bsel=1
PICSTART n=265 cycle=701263608 hdr=97 state=21 geom=1 cand=0 proof=1 rearm_pend=0 hold=0 waiting=0
PICEVAL cycle=701263609 hdr=97 type=1 geom=1 is_p=0 wide_mode=1 gen_mode=1
PICSTART n=266 cycle=703655697 hdr=97 state=21 geom=1 cand=0 proof=1 rearm_pend=0 hold=0 waiting=0
PICEVAL cycle=703655706 hdr=97 type=3 geom=1 is_p=0 wide_mode=1 gen_mode=1
PICSTART n=267 cycle=706308948 hdr=97 state=21 geom=1 cand=0 proof=1 rearm_pend=0 hold=0 waiting=0
ORDER PICPERS cycle=706360075 hdr=97 finalq=0 produced=0 bsel=1
PICEVAL cycle=706613970 hdr=97 type=3 geom=1 is_p=0 wide_mode=1 gen_mode=1
PICSTART n=268 cycle=708193596 hdr=97 state=21 geom=1 cand=0 proof=1 rearm_pend=0 hold=0 waiting=0
ORDER PICPERS cycle=708242570 hdr=97 finalq=0 produced=0 bsel=1
PICEVAL cycle=708242572 hdr=97 type=2 geom=1 is_p=0 wide_mode=1 gen_mode=1
PIC_FIRST_SIDEBAND pic=98 idx=3e val=0000 motion=1 desc_active=0 persisted=1 active=0
PERSIST_FALL cycle=708243122 hdr=98 timeout=0 started=0
PIC_FIRST_SIDEBAND pic=98 idx=3e val=0000 motion=1 desc_active=0 persisted=0 active=0
PIC_FIRST_SIDEBAND pic=98 idx=3e val=0000 motion=1 desc_active=0 persisted=0 active=0
PIC_FIRST_SIDEBAND pic=98 idx=3e val=0000 motion=1 desc_active=0 persisted=0 active=0
ARM n=2911 cycle=708285814 hdr=98 persisted=0 started=1
ARM n=2912 cycle=708366042 hdr=98 persisted=0 started=1
ARM n=2913 cycle=708446264 hdr=98 persisted=0 started=1
ARM n=2914 cycle=708528530 hdr=98 persisted=0 started=1
ARM n=2915 cycle=708611152 hdr=98 persisted=0 started=1
ARM n=2916 cycle=708694702 hdr=98 persisted=0 started=1
ARM n=2917 cycle=708784480 hdr=98 persisted=0 started=1
ARM n=2918 cycle=708871917 hdr=98 persisted=0 started=1
ARM n=2919 cycle=708950520 hdr=98 persisted=0 started=1
ARM n=2920 cycle=709035947 hdr=98 persisted=0 started=1
ARM n=2921 cycle=709120193 hdr=98 persisted=0 started=1
ARM n=2922 cycle=709205403 hdr=98 persisted=0 started=1
ARM n=2923 cycle=709298248 hdr=98 persisted=0 started=1
ARM n=2924 cycle=709383248 hdr=98 persisted=0 started=1
ARM n=2925 cycle=709477476 hdr=98 persisted=0 started=1
ARM n=2926 cycle=709567476 hdr=98 persisted=0 started=1
ARM n=2927 cycle=709657098 hdr=98 persisted=0 started=1
ARM n=2928 cycle=709746334 hdr=98 persisted=0 started=1
ARM n=2929 cycle=709836546 hdr=98 persisted=0 started=1
ARM n=2930 cycle=709924382 hdr=98 persisted=0 started=1
SOAK_PROGRESS cycles=710000000 byte=9426972/10334168 p_pictures=97 b_pictures=147 published=120 swaps=255 motion_repeats=0
ROWCOUNT produced=2930 retired=7340 mix_pers=2930 mix_pers_sel=2930 pic_pers=244 mixed_edge=97
WATCHDOG timeout=0 started=0 persisted=0 active=0 arms=2930
ARM n=2931 cycle=710012398 hdr=98 persisted=0 started=1
ARM n=2932 cycle=710094940 hdr=98 persisted=0 started=1
ARM n=2933 cycle=710175475 hdr=98 persisted=0 started=1
ARM n=2934 cycle=710253974 hdr=98 persisted=0 started=1
ARM n=2935 cycle=710329771 hdr=98 persisted=0 started=1
ARM n=2936 cycle=710410686 hdr=98 persisted=0 started=1
ARM n=2937 cycle=710480967 hdr=98 persisted=0 started=1
ARM n=2938 cycle=710553900 hdr=98 persisted=0 started=1
ARM n=2939 cycle=710628169 hdr=98 persisted=0 started=1
PICSTART n=269 cycle=710633396 hdr=98 state=15 geom=1 cand=1 proof=0 rearm_pend=0 hold=1 waiting=0
ORDER FINALQ_RISE cycle=710662334 hdr=98 outstanding=1
ARM n=2940 cycle=710662335 hdr=98 persisted=0 started=1
ORDER MIXEDGE cycle=710688274 hdr=98 finalq=1 produced=0 retired=1
ORDER PICPERS cycle=710688274 hdr=98 finalq=1 produced=0 bsel=0
ORDER COMPLETE cycle=710688275 hdr=98 outstanding=0
PICEVAL cycle=711620876 hdr=98 type=3 geom=1 is_p=1 wide_mode=1 gen_mode=1
PICSTART n=270 cycle=713203535 hdr=98 state=21 geom=1 cand=0 proof=1 rearm_pend=0 hold=0 waiting=0
ORDER PICPERS cycle=713254502 hdr=98 finalq=0 produced=0 bsel=1
PICEVAL cycle=715624877 hdr=98 type=3 geom=1 is_p=0 wide_mode=1 gen_mode=1
PICSTART n=271 cycle=717241532 hdr=98 state=21 geom=1 cand=0 proof=1 rearm_pend=0 hold=0 waiting=0
ORDER PICPERS cycle=717286435 hdr=98 finalq=0 produced=0 bsel=1
PICEVAL cycle=717286437 hdr=98 type=2 geom=1 is_p=0 wide_mode=1 gen_mode=1
PIC_FIRST_SIDEBAND pic=99 idx=3e val=0000 motion=1 desc_active=0 persisted=1 active=0
PERSIST_FALL cycle=717286987 hdr=99 timeout=0 started=0
PIC_FIRST_SIDEBAND pic=99 idx=3e val=0000 motion=1 desc_active=0 persisted=0 active=0
PIC_FIRST_SIDEBAND pic=99 idx=3e val=0000 motion=1 desc_active=0 persisted=0 active=0
PIC_FIRST_SIDEBAND pic=99 idx=3e val=0000 motion=1 desc_active=0 persisted=0 active=0
ARM n=2941 cycle=717335529 hdr=99 persisted=0 started=1
ARM n=2942 cycle=717415594 hdr=99 persisted=0 started=1
ARM n=2943 cycle=717500239 hdr=99 persisted=0 started=1
ARM n=2944 cycle=717589913 hdr=99 persisted=0 started=1
ARM n=2945 cycle=717677641 hdr=99 persisted=0 started=1
ARM n=2946 cycle=717762981 hdr=99 persisted=0 started=1
ARM n=2947 cycle=717853676 hdr=99 persisted=0 started=1
ARM n=2948 cycle=717941248 hdr=99 persisted=0 started=1
ARM n=2949 cycle=718025288 hdr=99 persisted=0 started=1
ARM n=2950 cycle=718112735 hdr=99 persisted=0 started=1
ARM n=2951 cycle=718197384 hdr=99 persisted=0 started=1
ARM n=2952 cycle=718285589 hdr=99 persisted=0 started=1
ARM n=2953 cycle=718378128 hdr=99 persisted=0 started=1
ARM n=2954 cycle=718470254 hdr=99 persisted=0 started=1
ARM n=2955 cycle=718568128 hdr=99 persisted=0 started=1
ARM n=2956 cycle=718664059 hdr=99 persisted=0 started=1
ARM n=2957 cycle=718761910 hdr=99 persisted=0 started=1
ARM n=2958 cycle=718856953 hdr=99 persisted=0 started=1
ARM n=2959 cycle=718951044 hdr=99 persisted=0 started=1
ARM n=2960 cycle=719045519 hdr=99 persisted=0 started=1
ARM n=2961 cycle=719140242 hdr=99 persisted=0 started=1
ARM n=2962 cycle=719230628 hdr=99 persisted=0 started=1
ARM n=2963 cycle=719315263 hdr=99 persisted=0 started=1
ARM n=2964 cycle=719400925 hdr=99 persisted=0 started=1
ARM n=2965 cycle=719480741 hdr=99 persisted=0 started=1
ARM n=2966 cycle=719562020 hdr=99 persisted=0 started=1
ARM n=2967 cycle=719642095 hdr=99 persisted=0 started=1
ARM n=2968 cycle=719717195 hdr=99 persisted=0 started=1
ARM n=2969 cycle=719797356 hdr=99 persisted=0 started=1
PICSTART n=272 cycle=719802467 hdr=99 state=12 geom=1 cand=1 proof=0 rearm_pend=0 hold=1 waiting=0
ORDER FINALQ_RISE cycle=719834388 hdr=99 outstanding=1
ARM n=2970 cycle=719834389 hdr=99 persisted=0 started=1
ORDER MIXEDGE cycle=719863284 hdr=99 finalq=1 produced=0 retired=1
ORDER PICPERS cycle=719863284 hdr=99 finalq=1 produced=0 bsel=0
ORDER COMPLETE cycle=719863285 hdr=99 outstanding=0
SOAK_PROGRESS cycles=720000000 byte=9560309/10334168 p_pictures=99 b_pictures=149 published=122 swaps=258 motion_repeats=0
ROWCOUNT produced=2970 retired=7440 mix_pers=2970 mix_pers_sel=2970 pic_pers=248 mixed_edge=99
WATCHDOG timeout=0 started=1 persisted=1 active=0 arms=2970
PICEVAL cycle=721630876 hdr=99 type=3 geom=1 is_p=1 wide_mode=1 gen_mode=1
PICSTART n=273 cycle=723308636 hdr=99 state=21 geom=1 cand=0 proof=1 rearm_pend=0 hold=0 waiting=0
ORDER PICPERS cycle=723357571 hdr=99 finalq=0 produced=0 bsel=1
PICEVAL cycle=723632877 hdr=99 type=3 geom=1 is_p=0 wide_mode=1 gen_mode=1
PICSTART n=274 cycle=725332913 hdr=99 state=21 geom=1 cand=0 proof=1 rearm_pend=0 hold=0 waiting=0
ORDER PICPERS cycle=725382160 hdr=99 finalq=0 produced=0 bsel=1
PICEVAL cycle=725382162 hdr=99 type=2 geom=1 is_p=0 wide_mode=1 gen_mode=1
PIC_FIRST_SIDEBAND pic=100 idx=3e val=0000 motion=1 desc_active=0 persisted=1 active=0
PERSIST_FALL cycle=725382733 hdr=100 timeout=0 started=0
PIC_FIRST_SIDEBAND pic=100 idx=3e val=0000 motion=1 desc_active=0 persisted=0 active=0
PIC_FIRST_SIDEBAND pic=100 idx=3e val=0000 motion=1 desc_active=0 persisted=0 active=0
PIC_FIRST_SIDEBAND pic=100 idx=3e val=0000 motion=1 desc_active=0 persisted=0 active=0
ARM n=2971 cycle=725433227 hdr=100 persisted=0 started=1
ARM n=2972 cycle=725520345 hdr=100 persisted=0 started=1
ARM n=2973 cycle=725603953 hdr=100 persisted=0 started=1
ARM n=2974 cycle=725687316 hdr=100 persisted=0 started=1
ARM n=2975 cycle=725777416 hdr=100 persisted=0 started=1
ARM n=2976 cycle=725867754 hdr=100 persisted=0 started=1
ARM n=2977 cycle=725954052 hdr=100 persisted=0 started=1
ARM n=2978 cycle=726044539 hdr=100 persisted=0 started=1
ARM n=2979 cycle=726128494 hdr=100 persisted=0 started=1
ARM n=2980 cycle=726218487 hdr=100 persisted=0 started=1
ARM n=2981 cycle=726307669 hdr=100 persisted=0 started=1
ARM n=2982 cycle=726395796 hdr=100 persisted=0 started=1
ARM n=2983 cycle=726484653 hdr=100 persisted=0 started=1
ARM n=2984 cycle=726578477 hdr=100 persisted=0 started=1
ARM n=2985 cycle=726675875 hdr=100 persisted=0 started=1
ARM n=2986 cycle=726774596 hdr=100 persisted=0 started=1
ARM n=2987 cycle=726873077 hdr=100 persisted=0 started=1
ARM n=2988 cycle=726963731 hdr=100 persisted=0 started=1
ARM n=2989 cycle=727060688 hdr=100 persisted=0 started=1
ARM n=2990 cycle=727156651 hdr=100 persisted=0 started=1
ARM n=2991 cycle=727248862 hdr=100 persisted=0 started=1
ARM n=2992 cycle=727340849 hdr=100 persisted=0 started=1
ARM n=2993 cycle=727431378 hdr=100 persisted=0 started=1
ARM n=2994 cycle=727520278 hdr=100 persisted=0 started=1
ARM n=2995 cycle=727602367 hdr=100 persisted=0 started=1
ARM n=2996 cycle=727687505 hdr=100 persisted=0 started=1
ARM n=2997 cycle=727770913 hdr=100 persisted=0 started=1
ARM n=2998 cycle=727847884 hdr=100 persisted=0 started=1
ARM n=2999 cycle=727931827 hdr=100 persisted=0 started=1
PICSTART n=275 cycle=727941546 hdr=100 state=15 geom=1 cand=1 proof=0 rearm_pend=0 hold=1 waiting=0
ORDER FINALQ_RISE cycle=727977496 hdr=100 outstanding=1
ARM n=3000 cycle=727977497 hdr=100 persisted=0 started=1
ORDER MIXEDGE cycle=728004759 hdr=100 finalq=1 produced=0 retired=1
ORDER PICPERS cycle=728004759 hdr=100 finalq=1 produced=0 bsel=0
ORDER COMPLETE cycle=728004760 hdr=100 outstanding=0
PICEVAL cycle=728635969 hdr=100 type=3 geom=1 is_p=1 wide_mode=1 gen_mode=1
SOAK_PROGRESS cycles=730000000 byte=9708368/10334168 p_pictures=100 b_pictures=151 published=123 swaps=262 motion_repeats=0
ROWCOUNT produced=3000 retired=7551 mix_pers=3000 mix_pers_sel=3000 pic_pers=251 mixed_edge=100
WATCHDOG timeout=0 started=1 persisted=1 active=0 arms=3000
PICSTART n=276 cycle=730393370 hdr=100 state=21 geom=1 cand=0 proof=1 rearm_pend=0 hold=0 waiting=0
ORDER PICPERS cycle=730442809 hdr=100 finalq=0 produced=0 bsel=1
PICEVAL cycle=731640877 hdr=100 type=3 geom=1 is_p=0 wide_mode=1 gen_mode=1
ORDER PICPERS cycle=733449512 hdr=100 finalq=0 produced=0 bsel=1
PICSTART n=277 cycle=733449673 hdr=100 state=21 geom=1 cand=0 proof=1 rearm_pend=0 hold=0 waiting=0
PICEVAL cycle=733449674 hdr=100 type=1 geom=1 is_p=0 wide_mode=1 gen_mode=1
PICSTART n=278 cycle=735842673 hdr=100 state=21 geom=1 cand=0 proof=1 rearm_pend=0 hold=0 waiting=0
PICEVAL cycle=735842682 hdr=100 type=3 geom=1 is_p=0 wide_mode=1 gen_mode=1
PICSTART n=279 cycle=738303569 hdr=100 state=21 geom=1 cand=0 proof=1 rearm_pend=0 hold=0 waiting=0
ORDER PICPERS cycle=738353471 hdr=100 finalq=0 produced=0 bsel=1
PICEVAL cycle=738645971 hdr=100 type=3 geom=1 is_p=0 wide_mode=1 gen_mode=1
SOAK_PROGRESS cycles=740000000 byte=9879772/10334168 p_pictures=100 b_pictures=154 published=124 swaps=266 motion_repeats=0
ROWCOUNT produced=3000 retired=7643 mix_pers=3000 mix_pers_sel=3000 pic_pers=254 mixed_edge=100
WATCHDOG timeout=0 started=1 persisted=1 active=0 arms=3000
PICSTART n=280 cycle=740224690 hdr=100 state=21 geom=1 cand=0 proof=1 rearm_pend=0 hold=0 waiting=0
ORDER PICPERS cycle=740276573 hdr=100 finalq=0 produced=0 bsel=1
PICEVAL cycle=740276575 hdr=100 type=2 geom=1 is_p=0 wide_mode=1 gen_mode=1
PIC_FIRST_SIDEBAND pic=101 idx=3e val=0000 motion=1 desc_active=0 persisted=1 active=0
PERSIST_FALL cycle=740277519 hdr=101 timeout=0 started=0
PIC_FIRST_SIDEBAND pic=101 idx=3e val=0000 motion=1 desc_active=0 persisted=0 active=0
PIC_FIRST_SIDEBAND pic=101 idx=3e val=0000 motion=1 desc_active=0 persisted=0 active=0
PIC_FIRST_SIDEBAND pic=101 idx=3e val=0000 motion=1 desc_active=0 persisted=0 active=0
ARM n=3001 cycle=740319223 hdr=101 persisted=0 started=1
ARM n=3002 cycle=740404401 hdr=101 persisted=0 started=1
ARM n=3003 cycle=740481319 hdr=101 persisted=0 started=1
ARM n=3004 cycle=740558327 hdr=101 persisted=0 started=1
ARM n=3005 cycle=740643664 hdr=101 persisted=0 started=1
ARM n=3006 cycle=740731777 hdr=101 persisted=0 started=1
ARM n=3007 cycle=740813964 hdr=101 persisted=0 started=1
ARM n=3008 cycle=740894317 hdr=101 persisted=0 started=1
ARM n=3009 cycle=740981523 hdr=101 persisted=0 started=1
ARM n=3010 cycle=741066338 hdr=101 persisted=0 started=1
ARM n=3011 cycle=741145906 hdr=101 persisted=0 started=1
ARM n=3012 cycle=741237701 hdr=101 persisted=0 started=1
ARM n=3013 cycle=741324671 hdr=101 persisted=0 started=1
ARM n=3014 cycle=741415888 hdr=101 persisted=0 started=1
ARM n=3015 cycle=741500202 hdr=101 persisted=0 started=1
ARM n=3016 cycle=741599730 hdr=101 persisted=0 started=1
ARM n=3017 cycle=741691473 hdr=101 persisted=0 started=1
ARM n=3018 cycle=741783687 hdr=101 persisted=0 started=1
ARM n=3019 cycle=741881617 hdr=101 persisted=0 started=1
ARM n=3020 cycle=741975244 hdr=101 persisted=0 started=1
ARM n=3021 cycle=742067035 hdr=101 persisted=0 started=1
ARM n=3022 cycle=742158365 hdr=101 persisted=0 started=1
ARM n=3023 cycle=742245880 hdr=101 persisted=0 started=1
ARM n=3024 cycle=742328713 hdr=101 persisted=0 started=1
ARM n=3025 cycle=742406760 hdr=101 persisted=0 started=1
ARM n=3026 cycle=742489079 hdr=101 persisted=0 started=1
ARM n=3027 cycle=742563833 hdr=101 persisted=0 started=1
ARM n=3028 cycle=742641223 hdr=101 persisted=0 started=1
ARM n=3029 cycle=742725412 hdr=101 persisted=0 started=1
PICSTART n=281 cycle=742730366 hdr=101 state=15 geom=1 cand=1 proof=0 rearm_pend=0 hold=1 waiting=0
ORDER FINALQ_RISE cycle=742759607 hdr=101 outstanding=1
ARM n=3030 cycle=742759608 hdr=101 persisted=0 started=1
ORDER MIXEDGE cycle=742786422 hdr=101 finalq=1 produced=0 retired=1
ORDER PICPERS cycle=742786422 hdr=101 finalq=1 produced=0 bsel=0
ORDER COMPLETE cycle=742786423 hdr=101 outstanding=0
PICEVAL cycle=743652876 hdr=101 type=3 geom=1 is_p=1 wide_mode=1 gen_mode=1
PICSTART n=282 cycle=745240575 hdr=101 state=21 geom=1 cand=0 proof=1 rearm_pend=0 hold=0 waiting=0
ORDER PICPERS cycle=745292757 hdr=101 finalq=0 produced=0 bsel=1
PICEVAL cycle=747656877 hdr=101 type=3 geom=1 is_p=0 wide_mode=1 gen_mode=1
PICSTART n=283 cycle=749302043 hdr=101 state=21 geom=1 cand=0 proof=1 rearm_pend=0 hold=0 waiting=0
ORDER PICPERS cycle=749355166 hdr=101 finalq=0 produced=0 bsel=1
PICEVAL cycle=749355168 hdr=101 type=2 geom=1 is_p=0 wide_mode=1 gen_mode=1
PIC_FIRST_SIDEBAND pic=102 idx=3e val=0000 motion=1 desc_active=0 persisted=1 active=0
PERSIST_FALL cycle=749356234 hdr=102 timeout=0 started=0
PIC_FIRST_SIDEBAND pic=102 idx=3e val=0000 motion=1 desc_active=0 persisted=0 active=0
PIC_FIRST_SIDEBAND pic=102 idx=3e val=0000 motion=1 desc_active=0 persisted=0 active=0
PIC_FIRST_SIDEBAND pic=102 idx=3e val=0000 motion=1 desc_active=0 persisted=0 active=0
ARM n=3031 cycle=749403933 hdr=102 persisted=0 started=1
ARM n=3032 cycle=749484178 hdr=102 persisted=0 started=1
ARM n=3033 cycle=749564731 hdr=102 persisted=0 started=1
ARM n=3034 cycle=749647103 hdr=102 persisted=0 started=1
ARM n=3035 cycle=749730843 hdr=102 persisted=0 started=1
ARM n=3036 cycle=749821516 hdr=102 persisted=0 started=1
ARM n=3037 cycle=749909055 hdr=102 persisted=0 started=1
ARM n=3038 cycle=749994596 hdr=102 persisted=0 started=1
SOAK_PROGRESS cycles=750000000 byte=10016978/10334168 p_pictures=101 b_pictures=157 published=125 swaps=269 motion_repeats=0
ROWCOUNT produced=3038 retired=7747 mix_pers=3037 mix_pers_sel=3037 pic_pers=258 mixed_edge=101
WATCHDOG timeout=16771811 started=1 persisted=0 active=1 arms=3038
ARM n=3039 cycle=750085957 hdr=102 persisted=0 started=1
ARM n=3040 cycle=750169785 hdr=102 persisted=0 started=1
ARM n=3041 cycle=750247492 hdr=102 persisted=0 started=1
ARM n=3042 cycle=750334275 hdr=102 persisted=0 started=1
ARM n=3043 cycle=750427758 hdr=102 persisted=0 started=1
ARM n=3044 cycle=750520392 hdr=102 persisted=0 started=1
ARM n=3045 cycle=750613583 hdr=102 persisted=0 started=1
ARM n=3046 cycle=750710918 hdr=102 persisted=0 started=1
ARM n=3047 cycle=750809220 hdr=102 persisted=0 started=1
ARM n=3048 cycle=750901912 hdr=102 persisted=0 started=1
ARM n=3049 cycle=751001442 hdr=102 persisted=0 started=1
ARM n=3050 cycle=751100322 hdr=102 persisted=0 started=1
ARM n=3051 cycle=751194006 hdr=102 persisted=0 started=1
ARM n=3052 cycle=751285852 hdr=102 persisted=0 started=1
ARM n=3053 cycle=751374545 hdr=102 persisted=0 started=1
ARM n=3054 cycle=751459421 hdr=102 persisted=0 started=1
ARM n=3055 cycle=751537864 hdr=102 persisted=0 started=1
ARM n=3056 cycle=751617699 hdr=102 persisted=0 started=1
ARM n=3057 cycle=751697357 hdr=102 persisted=0 started=1
ARM n=3058 cycle=751781329 hdr=102 persisted=0 started=1
ARM n=3059 cycle=751870925 hdr=102 persisted=0 started=1
PICSTART n=284 cycle=751876025 hdr=102 state=15 geom=1 cand=1 proof=0 rearm_pend=0 hold=1 waiting=0
ORDER FINALQ_RISE cycle=751910543 hdr=102 outstanding=1
ARM n=3060 cycle=751910544 hdr=102 persisted=0 started=1
ORDER MIXEDGE cycle=751937320 hdr=102 finalq=1 produced=0 retired=1
ORDER PICPERS cycle=751937320 hdr=102 finalq=1 produced=0 bsel=0
ORDER COMPLETE cycle=751937321 hdr=102 outstanding=0
PICEVAL cycle=753662876 hdr=102 type=3 geom=1 is_p=1 wide_mode=1 gen_mode=1
PICSTART n=285 cycle=755352064 hdr=102 state=21 geom=1 cand=0 proof=1 rearm_pend=0 hold=0 waiting=0
ORDER PICPERS cycle=755405393 hdr=102 finalq=0 produced=0 bsel=1
PICEVAL cycle=755664877 hdr=102 type=3 geom=1 is_p=0 wide_mode=1 gen_mode=1
PICSTART n=286 cycle=757373039 hdr=102 state=21 geom=1 cand=0 proof=1 rearm_pend=0 hold=0 waiting=0
ORDER PICPERS cycle=757425074 hdr=102 finalq=0 produced=0 bsel=1
PICEVAL cycle=757425076 hdr=102 type=2 geom=1 is_p=0 wide_mode=1 gen_mode=1
PIC_FIRST_SIDEBAND pic=103 idx=3e val=0000 motion=1 desc_active=0 persisted=1 active=0
PERSIST_FALL cycle=757426117 hdr=103 timeout=0 started=0
PIC_FIRST_SIDEBAND pic=103 idx=3e val=0000 motion=1 desc_active=0 persisted=0 active=0
PIC_FIRST_SIDEBAND pic=103 idx=3e val=0000 motion=1 desc_active=0 persisted=0 active=0
PIC_FIRST_SIDEBAND pic=103 idx=3e val=0000 motion=1 desc_active=0 persisted=0 active=0
ARM n=3061 cycle=757485900 hdr=103 persisted=0 started=1
ARM n=3062 cycle=757570925 hdr=103 persisted=0 started=1
ARM n=3063 cycle=757654117 hdr=103 persisted=0 started=1
ARM n=3064 cycle=757736142 hdr=103 persisted=0 started=1
ARM n=3065 cycle=757824392 hdr=103 persisted=0 started=1
ARM n=3066 cycle=757911743 hdr=103 persisted=0 started=1
ARM n=3067 cycle=758002958 hdr=103 persisted=0 started=1
ARM n=3068 cycle=758092402 hdr=103 persisted=0 started=1
ARM n=3069 cycle=758184302 hdr=103 persisted=0 started=1
ARM n=3070 cycle=758272208 hdr=103 persisted=0 started=1
ARM n=3071 cycle=758355383 hdr=103 persisted=0 started=1
ARM n=3072 cycle=758444000 hdr=103 persisted=0 started=1
ARM n=3073 cycle=758537975 hdr=103 persisted=0 started=1
ARM n=3074 cycle=758629497 hdr=103 persisted=0 started=1
ARM n=3075 cycle=758723761 hdr=103 persisted=0 started=1
ARM n=3076 cycle=758822976 hdr=103 persisted=0 started=1
ARM n=3077 cycle=758919182 hdr=103 persisted=0 started=1
ARM n=3078 cycle=759010471 hdr=103 persisted=0 started=1
ARM n=3079 cycle=759108261 hdr=103 persisted=0 started=1
ARM n=3080 cycle=759206489 hdr=103 persisted=0 started=1
ARM n=3081 cycle=759304973 hdr=103 persisted=0 started=1
ARM n=3082 cycle=759401351 hdr=103 persisted=0 started=1
ARM n=3083 cycle=759495379 hdr=103 persisted=0 started=1
ARM n=3084 cycle=759586066 hdr=103 persisted=0 started=1
ARM n=3085 cycle=759671770 hdr=103 persisted=0 started=1
ARM n=3086 cycle=759753418 hdr=103 persisted=0 started=1
ARM n=3087 cycle=759834659 hdr=103 persisted=0 started=1
ARM n=3088 cycle=759923282 hdr=103 persisted=0 started=1
SOAK_PROGRESS cycles=760000000 byte=10190704/10334168 p_pictures=102 b_pictures=159 published=126 swaps=273 motion_repeats=0
ROWCOUNT produced=3088 retired=7858 mix_pers=3088 mix_pers_sel=3088 pic_pers=261 mixed_edge=102
WATCHDOG timeout=0 started=0 persisted=0 active=0 arms=3088
ARM n=3089 cycle=760015973 hdr=103 persisted=0 started=1
PICSTART n=287 cycle=760021227 hdr=103 state=15 geom=1 cand=1 proof=0 rearm_pend=0 hold=1 waiting=0
ORDER FINALQ_RISE cycle=760063001 hdr=103 outstanding=1
ARM n=3090 cycle=760063002 hdr=103 persisted=0 started=1
ORDER MIXEDGE cycle=760091462 hdr=103 finalq=1 produced=0 retired=1
ORDER PICPERS cycle=760091462 hdr=103 finalq=1 produced=0 bsel=0
ORDER COMPLETE cycle=760091463 hdr=103 outstanding=0
PICEVAL cycle=760667970 hdr=103 type=3 geom=1 is_p=1 wide_mode=1 gen_mode=1
PICSTART n=288 cycle=762353667 hdr=103 state=21 geom=1 cand=0 proof=1 rearm_pend=0 hold=0 waiting=0
ORDER PICPERS cycle=762410013 hdr=103 finalq=0 produced=0 bsel=1
PICEVAL cycle=763672877 hdr=103 type=3 geom=1 is_p=0 wide_mode=1 gen_mode=1
ORDER PICPERS cycle=765427041 hdr=103 finalq=0 produced=0 bsel=1
PICSTART n=289 cycle=765427202 hdr=103 state=21 geom=1 cand=0 proof=1 rearm_pend=0 hold=0 waiting=0
PICEVAL cycle=765427203 hdr=103 type=1 geom=1 is_p=0 wide_mode=1 gen_mode=1
SOAK_PROGRESS cycles=770000000 byte=10334168/10334168 p_pictures=103 b_pictures=161 published=128 swaps=277 motion_repeats=0
ROWCOUNT produced=3090 retired=7920 mix_pers=3090 mix_pers_sel=3090 pic_pers=264 mixed_edge=103
WATCHDOG timeout=0 started=1 persisted=1 active=0 arms=3090
LIVE_RASTER_RESULT bytes=10334168 p_rows=3090 p=103 b_rows=4830 b=161 published=128 pictures=128 promotions=128 display_identity=128 swaps=279 last_p_temporal=11 ref_writes=8294400 bank2_ref_writes=2721600 scratch0_writes=5378400 scratch1_writes=5054400 ddr_reads=33061678 cache=0/32315438/0 cycles=778685970 read=1 recon=1 presentation=1 queued=71 promoted=71 error=0/0/0/0
LIVE_RASTER_PROFILE input=569701860/184483361/3297938 input_type=54101271/232615648/282984934 transform=98295097/54793600 raster=113130275/142552126 lookup=81303870/118499163 ddr_request=0/0 ddr_response=0/0 emit=53395200/83462400 store=28973381/19079779 writer=18727200 presentation=193653615 b_miss_prelaunch=0
LIVE_RASTER_BACKPRESSURE decoder=569701860 base_parser=54101278 p_hold=232615648 b_parse=282984934 b_persist=0 p_owner=0/0/232615648/0/0/0 b_owner=33075983/232822715/17086236/0
LIVE_RASTER_ROW_STAGES p=38933245/136410407/57268595/3401 b=17085208/1028
LIVE_RASTER_B_REPLAY twrite=4225835 coeff_wait=0 coeff_writes=4225835
LIVE_RASTER_PREFETCH lookups=0 requests=0 avoided=0 induced=0
LIVE_RASTER_SIDECAR misses=0 fills=0 hits=0 bank0=0 bank1=0
LIVE_RASTER_PARTITION lookups=0 bank4=0/0 bankrow4=0/0
LIVE_RASTER_VICTIM lookups=0 primary_hits=0 victim_hits=0 full_misses=0 probe_cycles=0
LIVE_RASTER_B_QUEUE current=216243 prefetch=1081215 handoffs=1081215 banks=648729/648729
LIVE_RASTER_B_TAPS paired=45420831 single_advance=4825921 vertical=25078159 quad=4310880
LIVE_RASTER_ASSERT publication=103/103/161/161 writer=1 read=1 recon=1 complete=1 errors=0/0/0/0
ORIGINAL_PIXEL_RESULT coded=289 I=12960000 P_B=136857600 I_mismatch=0 P_B_mismatch=102 max_I=1 max_P_B=5
CHAIN_ERROR_BOUND_RESULT enabled=1 mismatches=0 oracle_references=0
- tools/streams/tb_h262_live_raster_soak.sv:1887: Verilog $finish
NATIVE_RESULT publications=280 bank_swaps=279 decoded=289 pts_records=25 associated=24 fields=777 cache_error=0 overlap=0
- S i m u l a t i o n   R e p o r t: Verilator 5.032 2025-01-01
- Verilator: $finish at 13s; walltime 1155.975 s; speed 11.227 ms/s
- Verilator: cpu 1155.934 s on 1 threads; alloced 379 MB
