cycle,event,id,field,byte,selected_id,candidate_id,candidate_ready,cadence_slot,pts_active,pts_due,stc,display_pts,display_pts_valid,tff,rff,present,generation,decoder_wait,presentation_wait,destination_wait,writer_wait,state,decoder_ready,cache_ready,prefill_miss,phase_error,overlap_error
0,PTS,0,0,0,0,0,0,1,0,0,0,0,0,1,0,0,0,0,0,0,0,2147483648,0,0,0,0,0
172,START,0,0,166,0,0,0,1,0,0,48003,0,0,1,0,0,0,7,0,0,0,2147483648,1,0,0,0,0
994754,SELECT,0,0,4484,0,0,0,1,0,0,49495,0,0,1,0,0,0,990270,0,0,0,2147483648,0,0,0,0,0
1692822,START,1,0,7506,0,0,0,0,0,0,50542,0,0,1,0,0,1,1685317,0,0,0,2147483648,1,0,0,0,0
1692823,READY,0,0,7506,0,0,0,0,0,0,50542,0,0,1,0,0,1,1685317,0,0,0,2147483648,0,0,0,0,0
1909960,FIELD,0,0,7660,0,0,0,0,0,0,50867,48003,0,1,0,0,1,1902300,0,0,112,3221225472,0,1,0,0,0
2383038,READY,1,1,7889,0,0,0,0,0,0,51577,48003,0,1,0,0,1,2375150,0,0,112,3221225472,1,1,0,0,0
2383039,START,2,1,7890,0,1,0,0,0,0,51577,48003,0,1,0,0,1,2375150,0,0,112,3288334336,1,1,0,0,0
2622846,PTS,1,1,8065,0,1,0,0,0,0,51937,48003,0,1,0,0,1,2614782,0,0,112,1073742405,1,1,0,0,0
2912866,FIELD,0,1,8224,0,1,0,0,0,0,52372,48003,0,1,0,0,1,2904642,0,0,112,1073742405,0,1,0,0,0
2996760,PUBLISH,0,2,8272,0,1,0,0,0,0,52498,48003,0,1,0,1,1,2988488,0,0,112,1073742405,0,1,0,0,0
3038691,READY,2,2,8272,0,1,0,0,0,0,52561,48003,0,1,0,1,1,3030419,0,0,2108,1073742405,0,1,0,0,0
3038693,START,3,2,8274,0,2,1,0,0,0,52561,48003,0,1,0,1,1,3030420,0,0,2108,1073742409,1,1,0,0,0
3725255,READY,3,2,8656,0,2,1,0,0,0,53590,48003,0,1,0,1,1,3716599,0,0,35014,1073742925,0,1,0,0,0
3725257,START,4,2,8658,0,2,1,0,0,0,53590,48003,0,1,0,1,1,3716600,0,0,35014,1073742937,1,1,0,0,0
3911960,FIELD,0,2,8788,0,2,1,0,0,0,53870,48003,0,1,0,1,1,3903172,0,0,42308,1073744987,0,1,0,0,0
4440000,READY,4,3,9041,0,2,1,0,0,0,54662,48003,0,1,0,1,1,4430960,0,0,59633,1073744987,1,1,0,0,0
4914866,FIELD,0,3,9041,0,2,1,1,0,0,55375,48003,0,1,0,1,1,4430960,474865,0,59633,1140855899,1,1,0,0,0
4914867,SELECT,2,4,9041,2,3,1,0,1,0,55375,48003,0,1,1,1,1,4430960,474866,0,59633,1140856179,1,1,0,0,0
4998760,PUBLISH,2,4,9041,2,3,1,0,1,0,55501,48003,0,1,1,1,2,4430960,558759,0,59633,1140856179,1,1,0,0,0
5913960,FIELD,2,4,9041,2,3,1,0,1,1,56873,48003,0,1,1,1,2,4430960,1473959,0,59633,1140856179,1,1,0,0,0
6916866,FIELD,2,5,9041,2,3,1,0,1,1,58378,48003,0,1,1,1,2,4430960,2476865,0,59633,1140856179,1,1,0,0,0
7915960,FIELD,2,6,9041,2,3,1,1,1,1,59876,48003,0,1,1,1,2,4430960,3475959,0,59633,1140856179,1,1,0,0,0
7915961,START,5,7,9042,3,1,1,0,0,0,59876,55511,1,0,0,1,2,4430960,3475960,0,59633,1140856131,1,1,0,0,0
7915961,SELECT,3,7,9042,3,1,1,0,0,0,59876,55511,1,0,0,1,2,4430960,3475960,0,59633,1140856131,1,1,0,0,0
8003666,PUBLISH,3,7,9136,3,1,1,0,0,0,60008,55511,1,0,0,1,3,4518570,3475960,0,59697,1091872067,0,1,0,0,0
8598291,READY,5,7,9424,3,1,1,0,0,0,60900,55511,1,0,0,1,3,5112907,3475960,0,88251,1091872067,0,1,0,0,0
8918866,FIELD,3,7,9425,3,1,1,0,0,0,61381,55511,1,0,0,1,3,5112908,3796533,0,88251,1091904835,1,1,0,0,0
9917960,FIELD,3,8,9425,3,1,1,1,0,0,62879,55511,1,0,0,1,3,5112908,4795627,0,88251,1091904835,1,1,0,0,0
9917961,SELECT,1,9,9425,1,4,0,0,0,0,62879,48003,0,0,1,1,3,5112908,4795628,0,88251,1125459203,1,1,0,0,0
9917962,START,6,9,9426,1,5,1,0,0,0,62879,48003,0,0,1,1,4,5112908,4795629,0,88251,1073742409,1,0,0,0,0
10005666,PUBLISH,1,9,9520,1,5,1,0,0,0,63011,48003,0,0,1,1,4,5200517,4795629,0,88315,1073742925,0,1,0,0,0
10600291,READY,6,9,9808,1,5,1,0,0,0,63903,48003,0,0,1,1,4,5794854,4795629,0,116869,1073742925,0,1,0,0,0
10600293,START,7,9,9810,1,5,1,0,0,0,63903,48003,0,0,1,1,4,5794855,4795629,0,116869,1073742937,1,1,0,0,0
10920866,FIELD,1,9,10012,1,5,1,0,0,0,64384,48003,0,0,1,1,4,6115225,4795629,0,129568,1073744987,0,1,0,0,0
11315270,READY,7,10,10193,1,5,1,0,0,0,64975,48003,0,0,1,1,4,6509449,4795629,0,141785,1073744987,1,1,0,0,0
11919960,FIELD,1,10,10193,1,5,1,0,0,0,65882,48003,0,0,1,1,4,6509449,5400318,0,141785,1140855899,1,1,0,0,0
12922866,FIELD,1,11,10193,1,5,1,1,0,0,67387,48003,0,0,1,1,4,6509449,6403224,0,141785,1140855899,1,1,0,0,0
12922867,SELECT,5,12,10193,5,6,1,0,0,0,67387,55511,0,1,0,1,4,6509449,6403225,0,141785,1140856179,1,1,0,0,0
13006760,PUBLISH,5,12,10193,5,6,1,0,0,0,67513,55511,0,1,0,1,5,6509449,6487118,0,141785,1140856179,1,1,0,0,0
13921960,FIELD,5,12,10193,5,6,1,0,0,0,68885,55511,0,1,0,1,5,6509449,7402318,0,141785,1140856179,1,1,0,0,0
14924867,FIELD,5,13,10193,5,6,1,1,0,0,70390,55511,0,1,0,1,5,6509449,8405225,0,141785,1140856179,1,1,0,0,0
14924868,START,8,14,10194,6,4,1,0,0,0,70390,55511,0,1,1,1,5,6509449,8405226,0,141785,1140856131,1,1,0,0,0
14924868,SELECT,6,14,10194,6,4,1,0,0,0,70390,55511,0,1,1,1,5,6509449,8405226,0,141785,1140856131,1,1,0,0,0
15008760,PUBLISH,6,14,10276,6,4,1,0,0,0,70516,55511,0,1,1,1,6,6593258,8405226,0,141849,1091872067,0,1,0,0,0
15607358,READY,8,14,10576,6,4,1,0,0,0,71414,55511,0,1,1,1,6,7191556,8405226,0,170563,1091872067,0,1,0,0,0
15923960,FIELD,6,14,10577,6,4,1,0,0,0,71888,55511,0,1,1,1,6,7191557,8721826,0,170563,1091904835,1,1,0,0,0
16926867,FIELD,6,15,10577,6,4,1,0,0,0,73393,55511,0,1,1,1,6,7191557,9724733,0,170563,1091904835,1,1,0,0,0
17925960,FIELD,6,16,10577,6,4,1,1,0,0,74891,55511,0,1,1,1,6,7191557,10723826,0,170563,1091904835,1,1,0,0,0
17925961,SELECT,4,17,10577,4,7,0,0,0,0,74891,55511,0,0,0,1,6,7191557,10723827,0,170563,1125459203,1,1,0,0,0
17925962,START,9,17,10578,4,8,1,0,0,0,74891,55511,0,0,0,1,7,7191557,10723828,0,170563,1073742409,1,0,0,0,0
18013666,PUBLISH,4,17,10672,4,8,1,0,0,0,75023,55511,0,0,0,1,7,7279166,10723828,0,170627,1073742925,0,1,0,0,0
18608291,READY,9,17,10960,4,8,1,0,0,0,75915,55511,0,0,0,1,7,7873503,10723828,0,199181,1073742925,0,1,0,0,0
18608293,START,10,17,10962,4,8,1,0,0,0,75915,55511,0,0,0,1,7,7873504,10723828,0,199181,1073742937,1,1,0,0,0
18928867,FIELD,4,17,11164,4,8,1,0,0,0,76396,55511,0,0,0,1,7,8193875,10723828,0,211880,1073744987,0,1,0,0,0
19323270,READY,10,18,11345,4,8,1,0,0,0,76987,55511,0,0,0,1,7,8588098,10723828,0,224097,1073744987,1,1,0,0,0
19927960,FIELD,4,18,11345,4,8,1,1,0,0,77894,55511,0,0,0,1,7,8588098,11328517,0,224097,1140855899,1,1,0,0,0
19927961,SELECT,8,19,11345,8,9,1,0,0,0,77894,55511,0,0,1,1,7,8588098,11328518,0,224097,1140856179,1,1,0,0,0
20015666,PUBLISH,8,19,11345,8,9,1,0,0,0,78026,55511,0,0,1,1,8,8588098,11416223,0,224097,1140856179,1,1,0,0,0
20930867,FIELD,8,19,11345,8,9,1,0,0,0,79399,55511,0,0,1,1,8,8588098,12331424,0,224097,1140856179,1,1,0,0,0
21929960,FIELD,8,20,11345,8,9,1,0,0,0,80897,55511,0,0,1,1,8,8588098,13330517,0,224097,1140856179,1,1,0,0,0
22932867,FIELD,8,21,11345,8,9,1,1,0,0,82402,55511,0,0,1,1,8,8588098,14333424,0,224097,1140856179,1,1,0,0,0
22932868,START,11,22,11346,9,7,1,0,0,0,82402,55511,0,1,0,1,8,8588098,14333425,0,224097,1140856131,1,1,0,0,0
22932868,SELECT,9,22,11346,9,7,1,0,0,0,82402,55511,0,1,0,1,8,8588098,14333425,0,224097,1140856131,1,1,0,0,0
23016760,PUBLISH,9,22,11428,9,7,1,0,0,0,82528,55511,0,1,0,1,9,8671907,14333425,0,224161,1091872067,0,1,0,0,0
23615358,READY,11,22,11728,9,7,1,0,0,0,83426,55511,0,1,0,1,9,9270205,14333425,0,252875,1091872067,0,1,0,0,0
23931960,FIELD,9,22,11729,9,7,1,0,0,0,83900,55511,0,1,0,1,9,9270206,14650025,0,252875,1091904835,1,1,0,0,0
24934867,FIELD,9,23,11729,9,7,1,1,0,0,85405,55511,0,1,0,1,9,9270206,15652932,0,252875,1091904835,1,1,0,0,0
24934868,SELECT,7,24,11729,7,10,0,0,0,0,85405,55511,0,1,1,1,9,9270206,15652933,0,252875,1125459203,1,1,0,0,0
24935029,START,12,24,11890,7,11,1,0,0,0,85405,55511,0,1,1,0,10,9270206,15652934,0,252875,1073742409,1,0,0,0,0
25018760,PUBLISH,7,24,12270,7,11,1,0,0,0,85531,55511,0,1,1,1,10,9353556,15652934,0,252875,1073744459,0,1,0,0,0
25933960,FIELD,7,24,16226,7,11,1,0,0,0,86903,55511,0,1,1,1,10,10264800,15652934,0,274848,1073744459,0,1,0,0,0
26384422,PTS,2,25,18175,7,11,1,0,0,0,87579,55511,0,1,1,1,10,10713314,15652934,0,283574,1073744459,1,1,0,0,0
26627679,START,13,25,19230,7,11,1,0,0,0,87944,55511,0,1,1,1,10,10955516,15652934,0,289610,1073744459,1,1,0,0,0
26627680,READY,12,25,19230,7,11,1,0,0,0,87944,55511,0,1,1,1,10,10955516,15652934,0,289610,1073744459,1,1,0,0,0
26936867,FIELD,7,25,19432,7,11,1,0,0,0,88408,55511,0,1,1,1,10,11264500,15652935,0,304370,1628742219,0,1,0,0,0
27309813,READY,13,26,19612,7,11,1,0,0,0,88967,55511,0,1,1,1,10,11637266,15652935,0,318087,1628742219,0,1,0,0,0
27935960,FIELD,7,26,19613,7,11,1,1,0,0,89906,55511,0,1,1,1,10,11637267,16279080,0,318087,1628840523,1,1,0,0,0
27935961,SELECT,11,27,19613,11,10,1,0,0,0,89906,55511,0,0,0,1,10,11637267,16279081,0,318087,1628840803,1,1,0,0,0
28023667,PUBLISH,11,27,19613,11,10,1,0,0,0,90038,55511,0,0,0,1,11,11637267,16366787,0,318087,1628840803,1,1,0,0,0
28938867,FIELD,11,27,19613,11,10,1,0,0,0,91411,55511,0,0,0,1,11,11637267,17281987,0,318087,1628840803,1,1,0,0,0
29937960,FIELD,11,28,19613,11,10,1,1,0,0,92909,55511,0,0,0,1,11,11637267,18281080,0,318087,1628840803,1,1,0,0,0
29937961,SELECT,10,29,19613,10,12,0,0,0,0,92909,55511,0,0,1,1,11,11637267,18281081,0,318087,1662395171,1,1,0,0,0
29937962,START,14,29,19614,10,13,1,0,1,0,92909,55511,0,0,1,1,12,11637267,18281082,0,318087,1610613361,1,0,0,0,0
30025667,PUBLISH,10,29,19708,10,13,1,0,1,0,93041,55511,0,0,1,1,12,11724877,18281082,0,318151,1610613877,0,1,0,0,0
30620291,READY,14,29,19996,10,13,1,0,1,1,93933,55511,0,0,1,1,12,12319213,18281082,0,346705,1610613877,0,1,0,0,0
30620293,START,15,29,19998,10,13,1,0,1,1,93933,55511,0,0,1,1,12,12319214,18281082,0,346705,1610613881,1,1,0,0,0
30940867,FIELD,10,29,20200,10,13,1,0,1,1,94414,55511,0,0,1,1,12,12639585,18281082,0,359404,1610615931,0,1,0,0,0
31335271,READY,15,30,20381,10,13,1,0,1,1,95005,55511,0,0,1,1,12,13033809,18281082,0,371622,1610615931,1,1,0,0,0
31939960,FIELD,10,30,20381,10,13,1,0,1,1,95912,55511,0,0,1,1,12,13033809,18885770,0,371622,1677726843,1,1,0,0,0
32942867,FIELD,10,31,20381,10,13,1,1,1,1,97417,55511,0,0,1,1,12,13033809,19888677,0,371622,1677726843,1,1,0,0,0
32942868,SELECT,13,32,20381,13,14,1,0,0,0,97417,93047,1,1,0,1,12,13033809,19888678,0,371622,1677727051,1,1,0,0,0
33026760,PUBLISH,13,32,20381,13,14,1,0,0,0,97543,93047,1,1,0,1,13,13033809,19972570,0,371622,1677727051,1,1,0,0,0
33941960,FIELD,13,32,20381,13,14,1,0,0,0,98915,93047,1,1,0,1,13,13033809,20887770,0,371622,1677727051,1,1,0,0,0
34944867,FIELD,13,33,20381,13,14,1,1,0,0,100420,93047,1,1,0,1,13,13033809,21890677,0,371622,1677727051,1,1,0,0,0
34944868,START,16,34,20382,14,12,1,0,0,0,100420,93047,0,1,1,1,13,13033809,21890678,0,371622,1677727075,1,1,0,0,0
34944868,SELECT,14,34,20382,14,12,1,0,0,0,100420,93047,0,1,1,1,13,13033809,21890678,0,371622,1677727075,1,1,0,0,0
35028760,PUBLISH,14,34,20464,14,12,1,0,0,0,100546,93047,0,1,1,1,14,13117618,21890678,0,371686,1628743011,0,1,0,0,0
35627358,READY,16,34,20764,14,12,1,0,0,0,101444,93047,0,1,1,1,14,13715916,21890678,0,400400,1628743011,0,1,0,0,0
35943960,FIELD,14,34,20765,14,12,1,0,0,0,101918,93047,0,1,1,1,14,13715917,22207278,0,400400,1628841315,1,1,0,0,0
36946867,FIELD,14,35,20765,14,12,1,0,0,0,103423,93047,0,1,1,1,14,13715917,23210185,0,400400,1628841315,1,1,0,0,0
37945960,FIELD,14,36,20765,14,12,1,1,0,0,104921,93047,0,1,1,1,14,13715917,24209278,0,400400,1628841315,1,1,0,0,0
37945961,SELECT,12,37,20765,12,15,0,0,0,0,104921,55511,0,0,0,1,14,13715917,24209279,0,400400,1662395683,1,1,0,0,0
37945962,START,17,37,20766,12,16,1,0,0,0,104921,55511,0,0,0,1,15,13715917,24209280,0,400400,1610613361,1,0,0,0,0
38033667,PUBLISH,12,37,20860,12,16,1,0,0,0,105053,55511,0,0,0,1,15,13803527,24209280,0,400464,1610613877,0,1,0,0,0
38628291,READY,17,37,21148,12,16,1,0,0,0,105945,55511,0,0,0,1,15,14397863,24209280,0,429018,1610613877,0,1,0,0,0
38628293,START,18,37,21150,12,16,1,0,0,0,105945,55511,0,0,0,1,15,14397864,24209280,0,429018,1610613881,1,1,0,0,0
38948867,FIELD,12,37,21352,12,16,1,0,0,0,106426,55511,0,0,0,1,15,14718235,24209280,0,441717,1610615931,0,1,0,0,0
39343271,READY,18,38,21533,12,16,1,0,0,0,107017,55511,0,0,0,1,15,15112459,24209280,0,453935,1610615931,1,1,0,0,0
39947960,FIELD,12,38,21533,12,16,1,1,0,0,107924,55511,0,0,0,1,15,15112459,24813968,0,453935,1677726843,1,1,0,0,0
39947961,SELECT,16,39,21533,16,17,1,0,0,0,107924,93047,0,0,1,1,15,15112459,24813969,0,453935,1677727051,1,1,0,0,0
40035667,PUBLISH,16,39,21533,16,17,1,0,0,0,108056,93047,0,0,1,1,16,15112459,24901675,0,453935,1677727051,1,1,0,0,0
40950867,FIELD,16,39,21533,16,17,1,0,0,0,109429,93047,0,0,1,1,16,15112459,25816875,0,453935,1677727051,1,1,0,0,0
41949960,FIELD,16,40,21533,16,17,1,0,0,0,110927,93047,0,0,1,1,16,15112459,26815968,0,453935,1677727051,1,1,0,0,0
42952867,FIELD,16,41,21533,16,17,1,1,0,0,112432,93047,0,0,1,1,16,15112459,27818875,0,453935,1677727051,1,1,0,0,0
42952868,START,19,42,21534,17,15,1,0,0,0,112432,93047,0,1,0,1,16,15112459,27818876,0,453935,1677727075,1,1,0,0,0
42952868,SELECT,17,42,21534,17,15,1,0,0,0,112432,93047,0,1,0,1,16,15112459,27818876,0,453935,1677727075,1,1,0,0,0
43036760,PUBLISH,17,42,21616,17,15,1,0,0,0,112558,93047,0,1,0,1,17,15196268,27818876,0,453999,1628743011,0,1,0,0,0
43635358,READY,19,42,21916,17,15,1,0,0,0,113456,93047,0,1,0,1,17,15794566,27818876,0,482713,1628743011,0,1,0,0,0
43951960,FIELD,17,42,21917,17,15,1,0,0,0,113930,93047,0,1,0,1,17,15794567,28135476,0,482713,1628841315,1,1,0,0,0
44954867,FIELD,17,43,21917,17,15,1,1,0,0,115435,93047,0,1,0,1,17,15794567,29138383,0,482713,1628841315,1,1,0,0,0
44954868,SELECT,15,44,21917,15,18,0,0,0,0,115435,93047,0,1,1,1,17,15794567,29138384,0,482713,1662395683,1,1,0,0,0
44954869,START,20,44,21918,15,19,1,0,0,0,115435,93047,0,1,1,1,18,15794567,29138385,0,482713,1610613361,1,0,0,0,0
45038760,PUBLISH,15,44,22000,15,19,1,0,0,0,115561,93047,0,1,1,1,18,15878375,29138385,0,482777,1610613877,0,1,0,0,0
45637358,READY,20,44,22300,15,19,1,0,0,0,116459,93047,0,1,1,1,18,16476673,29138385,0,511491,1610613877,0,1,0,0,0
45637360,START,21,44,22302,15,19,1,0,0,0,116459,93047,0,1,1,1,18,16476674,29138385,0,511491,1610613881,1,1,0,0,0
45953960,FIELD,15,44,22504,15,19,1,0,0,0,116933,93047,0,1,1,1,18,16793071,29138385,0,524050,1610615931,0,1,0,0,0
46352177,READY,21,45,22685,15,19,1,0,0,0,117531,93047,0,1,1,1,18,17191108,29138385,0,536247,1610615931,1,1,0,0,0
46956867,FIELD,15,45,22685,15,19,1,0,0,0,118438,93047,0,1,1,1,18,17191108,29743074,0,536247,1677726843,1,1,0,0,0
47955960,FIELD,15,46,22685,15,19,1,1,0,0,119936,93047,0,1,1,1,18,17191108,30742167,0,536247,1677726843,1,1,0,0,0
47955961,SELECT,19,47,22685,19,20,1,0,0,0,119936,93047,0,0,0,1,18,17191108,30742168,0,536247,1677727051,1,1,0,0,0
48043667,PUBLISH,19,47,22685,19,20,1,0,0,0,120068,93047,0,0,0,1,19,17191108,30829874,0,536247,1677727051,1,1,0,0,0
48958867,FIELD,19,47,22685,19,20,1,0,0,0,121441,93047,0,0,0,1,19,17191108,31745074,0,536247,1677727051,1,1,0,0,0
49957960,FIELD,19,48,22685,19,20,1,1,0,0,122939,93047,0,0,0,1,19,17191108,32744167,0,536247,1677727051,1,1,0,0,0
49957961,START,22,49,22686,20,18,1,0,0,0,122939,93047,0,0,1,1,19,17191108,32744168,0,536247,1677727075,1,1,0,0,0
49957961,SELECT,20,49,22686,20,18,1,0,0,0,122939,93047,0,0,1,1,19,17191108,32744168,0,536247,1677727075,1,1,0,0,0
50045667,PUBLISH,20,49,22780,20,18,1,0,0,0,123071,93047,0,0,1,1,20,17278719,32744168,0,536311,1628743011,0,1,0,0,0
50640291,READY,22,49,23068,20,18,1,0,0,0,123963,93047,0,0,1,1,20,17873055,32744168,0,564865,1628743011,0,1,0,0,0
50960867,FIELD,20,49,23069,20,18,1,0,0,0,124444,93047,0,0,1,1,20,17873056,33064742,0,564865,1628841315,1,1,0,0,0
51959960,FIELD,20,50,23069,20,18,1,0,0,0,125942,93047,0,0,1,1,20,17873056,34063835,0,564865,1628841315,1,1,0,0,0
52962867,FIELD,20,51,23069,20,18,1,1,0,0,127447,93047,0,0,1,1,20,17873056,35066742,0,564865,1628841315,1,1,0,0,0
52962868,SELECT,18,52,23069,18,21,0,0,0,0,127447,93047,0,1,0,1,20,17873056,35066743,0,564865,1662395683,1,1,0,0,0
52962869,START,23,52,23070,18,22,1,0,0,0,127447,93047,0,1,0,1,21,17873056,35066744,0,564865,1610613361,1,0,0,0,0
53046760,PUBLISH,18,52,23152,18,22,1,0,0,0,127573,93047,0,1,0,1,21,17956864,35066744,0,564929,1610613877,0,1,0,0,0
53645358,READY,23,52,23452,18,22,1,0,0,0,128471,93047,0,1,0,1,21,18555162,35066744,0,593643,1610613877,0,1,0,0,0
53645520,START,24,52,23614,18,22,1,0,0,0,128471,93047,0,1,0,1,21,18555163,35066744,0,593643,1610613881,1,1,0,0,0
53961960,FIELD,18,52,25000,18,22,1,0,0,0,128945,93047,0,1,0,1,21,18870216,35066744,0,601304,1610615931,0,1,0,0,0
54964867,FIELD,18,53,29361,18,22,1,1,0,0,130450,93047,0,1,0,1,21,19868762,35066744,0,622866,1610615931,0,1,0,0,0
54964868,SELECT,22,54,29361,22,23,1,0,0,0,130450,93047,0,1,1,1,21,19868763,35066744,0,622866,1610616139,0,1,0,0,0
55048760,PUBLISH,22,54,29720,22,23,1,0,0,0,130576,93047,0,1,1,1,22,19952296,35066744,0,623147,1610616139,0,1,0,0,0
55182845,PTS,3,54,30309,22,23,1,0,0,0,130777,93047,0,1,1,1,22,20085793,35066744,0,626350,1610616139,1,1,0,0,0
55338515,START,25,54,30982,22,23,1,0,0,0,131010,93047,0,1,1,1,22,20240790,35066744,0,630142,1610616139,1,1,0,0,0
55338516,READY,24,54,30982,22,23,1,0,0,0,131010,93047,0,1,1,1,22,20240790,35066744,0,630142,1610616139,1,1,0,0,0
55963960,FIELD,22,54,30982,22,23,1,0,0,0,131948,93047,0,1,1,1,22,20240790,35692188,0,630142,1677727051,1,1,0,0,0
56966867,FIELD,22,55,30982,22,23,1,0,0,0,133453,93047,0,1,1,1,22,20240790,36695095,0,630142,1677727051,1,1,0,0,0
57965960,FIELD,22,56,30982,22,23,1,1,0,0,134951,93047,0,1,1,1,22,20240790,37694188,0,630142,1677727051,1,1,0,0,0
57965961,SELECT,23,57,30982,23,21,1,0,0,0,134951,93047,0,0,0,1,22,20240790,37694189,0,630142,1677727075,1,1,0,0,0
58053667,PUBLISH,23,57,31076,23,21,1,0,0,0,135083,93047,0,0,0,1,23,20328401,37694190,0,630206,1628743011,0,1,0,0,0
58648292,READY,25,57,31380,23,21,1,0,0,0,135975,93047,0,0,0,1,23,20922722,37694190,0,658761,1628743011,0,1,0,0,0
58968867,FIELD,23,57,31381,23,21,1,0,0,0,136456,93047,0,0,0,1,23,20922723,38014763,0,658761,1628841315,1,1,0,0,0
59967960,FIELD,23,58,31381,23,21,1,1,0,0,137954,93047,0,0,0,1,23,20922723,39013856,0,658761,1628841315,1,1,0,0,0
59967961,SELECT,21,59,31381,21,24,0,0,0,0,137954,93047,0,0,1,1,23,20922723,39013857,0,658761,1662395683,1,1,0,0,0
59967962,START,26,59,31382,21,25,1,0,1,0,137954,93047,0,0,1,1,24,20922723,39013858,0,658761,1610613361,1,0,0,0,0
60055667,PUBLISH,21,59,31476,21,25,1,0,1,0,138086,93047,0,0,1,1,24,21010333,39013858,0,658825,1610613877,0,1,0,0,0
60650292,READY,26,59,31776,21,25,1,0,1,1,138978,93047,0,0,1,1,24,21604658,39013858,0,687380,1610613877,0,1,0,0,0
60650294,START,27,59,31778,21,25,1,0,1,1,138978,93047,0,0,1,1,24,21604659,39013858,0,687380,1610613881,1,1,0,0,0
60970867,FIELD,21,59,32180,21,25,1,0,1,1,139459,93047,0,0,1,1,24,21924829,39013858,0,700079,1610615931,0,1,0,0,0
61377307,READY,27,60,35357,21,25,1,0,1,1,140068,93047,0,0,1,1,24,22328093,39013858,0,712747,1610615931,1,1,0,0,0
61969960,FIELD,21,60,35357,21,25,1,0,1,1,140957,93047,0,0,1,1,24,22328093,39606510,0,712747,1677726843,1,1,0,0,0
62972867,FIELD,21,61,35357,21,25,1,1,1,1,142462,93047,0,0,1,1,24,22328093,40609417,0,712747,1677726843,1,1,0,0,0
62972868,SELECT,25,62,35357,25,26,1,0,0,0,142462,138092,1,1,0,1,24,22328093,40609418,0,712747,1677727051,1,1,0,0,0
63056760,PUBLISH,25,62,35357,25,26,1,0,0,0,142588,138092,1,1,0,1,25,22328093,40693310,0,712747,1677727051,1,1,0,0,0
63971960,FIELD,25,62,35357,25,26,1,0,0,0,143960,138092,1,1,0,1,25,22328093,41608510,0,712747,1677727051,1,1,0,0,0
64974867,FIELD,25,63,35357,25,26,1,1,0,0,145465,138092,1,1,0,1,25,22328093,42611417,0,712747,1677727051,1,1,0,0,0
64974868,START,28,64,35358,26,24,1,0,0,0,145465,138092,0,1,1,1,25,22328093,42611418,0,712747,1677727075,1,1,0,0,0
64974868,SELECT,26,64,35358,26,24,1,0,0,0,145465,138092,0,1,1,1,25,22328093,42611418,0,712747,1677727075,1,1,0,0,0
65058760,PUBLISH,26,64,35440,26,24,1,0,0,0,145591,138092,0,1,1,1,26,22411902,42611418,0,712811,1628743011,0,1,0,0,0
65657358,READY,28,64,35820,26,24,1,0,0,0,146489,138092,0,1,1,1,26,23010120,42611418,0,741525,1628743011,0,1,0,0,0
65973960,FIELD,26,64,35821,26,24,1,0,0,0,146963,138092,0,1,1,1,26,23010121,42928018,0,741525,1628841315,1,1,0,0,0
66976867,FIELD,26,65,35821,26,24,1,0,0,0,148468,138092,0,1,1,1,26,23010121,43930925,0,741525,1628841315,1,1,0,0,0
67975960,FIELD,26,66,35821,26,24,1,0,0,0,149966,138092,0,1,1,1,26,23010121,44930018,0,741525,1628841315,1,1,0,0,0
68978867,FIELD,26,67,35821,26,24,1,1,0,0,151471,138092,0,1,1,1,26,23010121,45932925,0,741525,1628841315,1,1,0,0,0
68978868,SELECT,24,68,35821,24,27,0,0,0,0,151471,93047,0,1,1,1,26,23010121,45932926,0,741525,1662395683,1,1,0,0,0
68978869,START,29,68,35822,24,28,1,0,0,0,151471,93047,0,1,1,1,27,23010121,45932927,0,741525,1610613361,1,0,0,0,0
69062760,PUBLISH,24,68,35904,24,28,1,0,0,0,151597,93047,0,1,1,1,27,23093929,45932927,0,741589,1610613877,0,1,0,0,0
69661358,READY,29,68,36332,24,28,1,0,0,0,152495,93047,0,1,1,1,27,23692099,45932927,0,770303,1610613877,0,1,0,0,0
69661360,START,30,68,36334,24,28,1,0,0,0,152495,93047,0,1,1,1,27,23692100,45932927,0,770303,1610613881,1,1,0,0,0
69977961,FIELD,24,68,36856,24,28,1,0,0,0,152969,93047,0,1,1,1,27,24008178,45932927,0,782862,1610615931,0,1,0,0,0
70928600,READY,30,69,45261,24,28,1,0,0,0,154395,93047,0,1,1,1,27,24950413,45932927,0,796072,1610615931,1,1,0,0,0
70980867,FIELD,24,69,45261,24,28,1,0,0,0,154474,93047,0,1,1,1,27,24950413,45985193,0,796072,1677726843,1,1,0,0,0
71979961,FIELD,24,70,45261,24,28,1,1,0,0,155972,93047,0,1,1,1,27,24950413,46984287,0,796072,1677726843,1,1,0,0,0
71979962,SELECT,28,71,45261,28,29,1,0,0,0,155972,138092,0,0,1,1,27,24950413,46984288,0,796072,1677727051,1,1,0,0,0
72067667,PUBLISH,28,71,45261,28,29,1,0,0,0,156104,138092,0,0,1,1,28,24950413,47071993,0,796072,1677727051,1,1,0,0,0
72982867,FIELD,28,71,45261,28,29,1,0,0,0,157477,138092,0,0,1,1,28,24950413,47987193,0,796072,1677727051,1,1,0,0,0
73981961,FIELD,28,72,45261,28,29,1,0,0,0,158975,138092,0,0,1,1,28,24950413,48986287,0,796072,1677727051,1,1,0,0,0
74984867,FIELD,28,73,45261,28,29,1,1,0,0,160480,138092,0,0,1,1,28,24950413,49989193,0,796072,1677727051,1,1,0,0,0
74984868,START,31,74,45262,29,27,1,0,0,0,160480,138092,0,1,0,1,28,24950413,49989194,0,796072,1677727075,1,1,0,0,0
74984868,SELECT,29,74,45262,29,27,1,0,0,0,160480,138092,0,1,0,1,28,24950413,49989194,0,796072,1677727075,1,1,0,0,0
75068760,PUBLISH,29,74,45344,29,27,1,0,0,0,160606,138092,0,1,0,1,29,25034222,49989194,0,796222,1811944803,0,1,0,0,0
75983961,FIELD,29,74,53568,29,27,1,0,0,0,161978,138092,0,1,0,1,29,25941199,49989194,0,821628,1811944803,0,1,0,0,0
75987890,READY,31,75,53569,29,27,1,0,0,0,161984,138092,0,1,0,1,29,25945128,49989194,0,821628,1811944803,1,1,0,0,0
75987891,START,32,75,53570,29,27,1,0,0,0,161984,138092,0,1,0,1,29,25945128,49989194,0,821628,1811944803,1,1,0,0,0
76986867,FIELD,29,75,63228,29,27,1,1,0,0,163483,138092,0,1,0,1,29,26934445,49989194,0,841733,1811944803,0,1,0,0,0
76986868,SELECT,27,76,63228,27,30,1,0,0,0,163483,138092,0,1,1,1,29,26934446,49989194,0,841733,3959424288,0,1,0,0,0
77035528,WAIT,32,76,63228,27,30,1,0,0,0,163556,138092,0,1,1,0,30,26973029,50037854,0,851732,3959424288,1,1,0,0,0
77070760,PUBLISH,27,76,63228,27,30,1,0,0,0,163609,138092,0,1,1,1,30,26973029,50073086,0,886964,3959424288,1,1,0,0,0
77073962,WAIT_RELEASE,32,76,63228,27,30,1,0,0,0,163613,138092,0,1,1,1,30,26973029,50076288,0,890166,3959424288,1,1,0,0,0
77985961,FIELD,27,76,63228,27,30,1,0,0,0,164981,138092,0,1,1,1,30,26973029,50988287,0,1802165,3959424288,1,1,0,0,0
77995539,WAIT,32,77,63228,27,30,1,0,0,0,164996,138092,0,1,1,1,30,26973029,50997865,0,1811743,3959424288,1,1,0,0,0
78076869,WAIT_RELEASE,32,77,63228,27,30,1,0,0,0,165118,138092,0,1,1,1,30,26973029,51079195,0,1893073,3959424288,1,1,0,0,0
78988867,FIELD,27,77,63228,27,30,1,0,0,0,166486,138092,0,1,1,1,30,26973029,51991193,0,2805071,3959424288,1,1,0,0,0
78998446,WAIT,32,78,63228,27,30,1,0,0,0,166500,138092,0,1,1,1,30,26973029,52000772,0,2814650,3959424288,1,1,0,0,0
79075963,WAIT_RELEASE,32,78,63228,27,30,1,0,0,0,166616,138092,0,1,1,1,30,26973029,52078289,0,2892167,3959424288,1,1,0,0,0
79987961,FIELD,27,78,63228,27,30,1,1,0,0,167984,138092,0,1,1,1,30,26973029,52990287,0,3804165,3959424288,1,1,0,0,0
79987962,SELECT,30,79,63229,30,30,0,0,0,0,167984,138092,0,0,0,1,30,26973029,52990288,0,3804166,3758097696,1,1,0,0,0
80075667,PUBLISH,30,79,64692,30,30,0,0,0,0,168116,138092,0,0,0,1,31,27059270,52990288,0,3804548,3758097696,0,1,0,0,0
80273311,READY,32,79,66129,30,30,0,0,0,0,168412,138092,0,0,0,1,31,27255478,52990288,0,3807421,3758097696,1,1,0,0,0
80273312,START,33,79,66130,30,32,0,0,0,0,168412,138092,0,0,0,1,31,27255478,52990288,0,3807421,3825206560,1,1,0,0,0
80990867,FIELD,30,79,66130,30,32,1,0,0,0,169489,138092,0,0,0,1,31,27255478,53707842,717554,3807421,3959424288,1,1,0,0,0
81989961,FIELD,30,80,66130,30,32,1,0,0,0,170987,138092,0,0,0,1,31,27255478,54706936,1716648,3807421,3959424288,1,1,0,0,0
82992867,FIELD,30,81,66130,30,32,1,1,0,0,172492,138092,0,0,0,1,31,27255478,55709842,2719554,3807421,3959424288,1,1,0,0,0
82992868,SELECT,32,82,66130,32,32,0,0,0,0,172492,138092,0,1,0,1,31,27255478,55709843,2719555,3807421,3758097696,1,1,0,0,0
83076761,PUBLISH,32,82,66248,32,32,0,0,0,0,172618,138092,0,1,0,1,32,27339252,55709843,2719556,3807421,3758097696,0,1,0,0,0
83991961,FIELD,32,82,77256,32,32,0,0,0,0,173990,138092,0,1,0,1,32,28243444,55709843,2719556,3826755,3758097696,0,1,0,0,0
84362292,READY,33,83,81921,32,32,0,0,0,0,174546,138092,0,1,0,1,32,28609111,55709843,2719556,3831272,3758097696,1,1,0,0,0
84362293,START,34,83,81922,32,33,0,0,0,0,174546,138092,0,1,0,1,32,28609111,55709843,2719556,3831272,3825206560,1,1,0,0,0
84994867,FIELD,32,83,81922,32,33,1,1,0,0,175495,138092,0,1,0,1,32,28609111,56342416,2719556,3831272,3959424288,1,1,0,0,0
84994868,SELECT,33,84,81923,33,33,0,0,0,0,175495,138092,0,1,1,1,32,28609111,56342417,2719556,3831272,3758097696,1,1,0,0,0
85078761,PUBLISH,33,84,82780,33,33,0,0,0,0,175621,138092,0,1,1,1,33,28692146,56342417,2719556,3831272,3758097696,0,1,0,0,0
85993961,FIELD,33,84,97604,33,33,0,0,0,0,176993,138092,0,1,1,1,33,29592522,56342417,2719556,3849342,3758097696,0,1,0,0,0
86615632,READY,34,85,106593,33,33,0,0,0,0,177926,138092,0,1,1,1,33,30205205,56342417,2719556,3856102,3758097696,1,1,0,0,0
86615633,START,35,85,106594,33,34,0,0,0,0,177926,138092,0,1,1,1,33,30205205,56342417,2719556,3856102,3825206560,1,1,0,0,0
86996867,FIELD,33,85,110052,33,34,0,0,0,0,178498,138092,0,1,1,1,33,30582980,56342417,2719556,3872338,1610613317,0,1,0,0,0
87851515,READY,35,86,121848,33,34,0,0,0,0,179780,138092,0,1,1,1,33,31425832,56342417,2719556,3890593,1610613317,0,1,0,0,0
87851677,START,36,86,122010,33,35,1,0,0,0,179780,138092,0,1,1,1,33,31425833,56342417,2719556,3890593,1610613321,1,1,0,0,0
87995961,FIELD,33,86,123317,33,35,1,1,0,0,179996,138092,0,1,1,1,33,31568809,56342417,2719556,3894154,1610615371,0,1,0,0,0
87995962,SELECT,35,87,123317,35,34,1,0,0,0,179996,138092,0,0,0,1,33,31568810,56342417,2719556,3894154,1610615651,0,1,0,0,0
88083667,PUBLISH,35,87,124379,35,34,1,0,0,0,180128,138092,0,0,0,1,34,31655453,56342417,2719556,3894427,1610615651,0,1,0,0,0
88998867,FIELD,35,87,138851,35,34,1,0,0,0,181501,138092,0,0,0,1,34,32556181,56342417,2719556,3912132,1610615651,0,1,0,0,0
89762496,START,37,88,153550,35,34,1,0,0,0,182646,138092,0,0,0,1,34,33305112,56342417,2719556,3925191,1610615651,1,1,0,0,0
89762497,READY,36,88,153550,35,34,1,0,0,0,182646,138092,0,0,0,1,34,33305112,56342417,2719556,3925191,1610615651,0,1,0,0,0
89997961,FIELD,35,88,156520,35,34,1,1,0,0,182999,138092,0,0,0,1,34,33537606,56342417,2719556,3931384,1677726563,0,1,0,0,0
89997962,SELECT,34,89,156520,34,36,0,0,0,0,182999,138092,0,0,1,1,34,33537607,56342417,2719556,3931384,3825206048,0,1,0,0,0
90085667,PUBLISH,34,89,157716,34,36,0,0,0,0,183131,138092,0,0,1,1,35,33624116,56342417,2719556,3931384,3825206048,0,1,0,0,0
91000867,FIELD,34,89,172744,34,36,0,0,0,0,184504,138092,0,0,1,1,35,34524288,56342417,2719556,3948318,3825206048,0,1,0,0,0
91099601,READY,37,90,173169,34,36,0,0,0,0,184652,138092,0,0,1,1,35,34622598,56342417,2719556,3948938,3825206048,1,1,0,0,0
91099602,START,38,90,173170,34,37,0,0,0,0,184652,138092,0,0,1,1,35,34622598,56342417,2719556,3948938,3825206048,1,1,0,0,0
91999961,FIELD,34,90,173170,34,37,1,0,0,0,186002,138092,0,0,1,1,35,34622598,57242775,3619914,3948938,3959423776,1,1,0,0,0
93002867,FIELD,34,91,173170,34,37,1,1,0,0,187507,138092,0,0,1,1,35,34622598,58245681,4622820,3948938,3959423776,1,1,0,0,0
93002868,SELECT,37,92,173170,37,37,0,0,0,0,187507,138092,0,1,1,1,35,34622598,58245682,4622821,3948938,3758097184,1,1,0,0,0
93086761,PUBLISH,37,92,174668,37,37,0,0,0,0,187633,138092,0,1,1,1,36,34704992,58245682,4622822,3948938,3758097184,0,1,0,0,0
94001961,FIELD,37,92,188571,37,37,0,0,0,0,189005,138092,0,1,1,1,36,35606290,58245682,4622822,3966176,3758097184,1,1,0,0,0
94590163,READY,38,93,196633,37,37,0,0,0,0,189888,138092,0,1,1,1,36,36186430,58245682,4622822,3974977,3758097184,1,1,0,0,0
94590164,START,39,93,196634,37,38,0,0,0,0,189888,138092,0,1,1,1,36,36186430,58245682,4622822,3974977,3825206048,1,1,0,0,0
95004867,FIELD,37,93,196634,37,38,1,0,0,0,190510,138092,0,1,1,1,36,36186430,58660384,4622822,3974977,3959423776,1,1,0,0,0
96003961,FIELD,37,94,196634,37,38,1,1,0,0,192008,138092,0,1,1,1,36,36186430,59659478,4622822,3974977,3959423776,1,1,0,0,0
96003962,SELECT,38,95,196635,38,38,0,0,0,0,192008,138092,0,0,0,1,36,36186430,59659479,4622822,3974977,3758097184,1,1,0,0,0
96091667,PUBLISH,38,95,198272,38,38,0,0,0,0,192140,138092,0,0,0,1,37,36272497,59659479,4622822,3974977,3758097184,0,1,0,0,0
97006867,FIELD,38,95,211948,38,38,0,0,0,0,193513,138092,0,0,0,1,37,37174021,59659479,4622822,3990400,3758097184,0,1,0,0,0
97919459,READY,39,96,225261,38,38,0,0,0,0,194882,138092,0,0,0,1,37,38073301,59659479,4622822,4001677,3758097184,1,1,0,0,0
97919460,START,40,96,225262,38,39,0,0,0,0,194882,138092,0,0,0,1,37,38073301,59659479,4622822,4001677,3825206048,1,1,0,0,0
98005961,FIELD,38,96,225262,38,39,1,1,0,0,195011,138092,0,0,0,1,37,38073301,59745979,4622822,4001677,3959423776,1,1,0,0,0
98005962,SELECT,39,97,225263,39,39,0,0,0,0,195011,138092,0,0,1,1,37,38073301,59745980,4622822,4001677,3758097184,1,1,0,0,0
98093667,PUBLISH,39,97,226464,39,39,0,0,0,0,195143,138092,0,0,1,1,38,38159804,59745980,4622822,4001677,3758097184,0,1,0,0,0
99008868,FIELD,39,97,241340,39,39,0,0,0,0,196516,138092,0,0,1,1,38,39060129,59745980,4622822,4017131,3758097184,0,1,0,0,0
99996618,READY,40,98,257073,39,39,0,0,0,0,197997,138092,0,0,1,1,38,40032147,59745980,4622822,4028451,3758097184,1,1,0,0,0
99996619,START,41,98,257074,39,40,0,0,0,0,197997,138092,0,0,1,1,38,40032147,59745980,4622822,4028451,3825206048,1,1,0,0,0
100007961,FIELD,39,98,257074,39,40,1,0,0,0,198014,138092,0,0,1,1,38,40032147,59757321,4622822,4028451,3959423776,1,1,0,0,0
101010868,FIELD,39,99,257074,39,40,1,1,0,0,199519,138092,0,0,1,1,38,40032147,60760228,4622822,4028451,3959423776,1,1,0,0,0
101010869,SELECT,40,100,257075,40,40,0,0,0,0,199519,138092,0,1,0,1,38,40032147,60760229,4622822,4028451,3758097184,1,1,0,0,0
101094761,PUBLISH,40,100,258356,40,40,0,0,0,0,199645,138092,0,1,0,1,39,40114757,60760229,4622822,4028451,3758097184,0,1,0,0,0
102009961,FIELD,40,100,272964,40,40,0,0,0,0,201017,138092,0,1,0,1,39,41015349,60760229,4622822,4043398,3758097184,0,1,0,0,0
103012868,FIELD,40,101,289916,40,40,0,1,0,0,202522,138092,0,1,0,1,39,42001304,60760229,4622822,4055779,3758097184,0,1,0,0,0
103024973,READY,41,102,289917,40,40,0,1,0,0,202540,138092,0,1,0,1,39,42013409,60760229,4622822,4055779,3758097184,1,1,0,0,0
103024974,START,42,102,289918,40,41,0,1,0,0,202540,138092,0,1,0,1,39,42013409,60760229,4622822,4055779,3825206048,1,1,0,0,0
104011961,FIELD,40,102,289918,40,41,1,0,0,0,204020,138092,0,1,0,1,39,42013409,61747215,4622822,4055779,3959423776,1,1,0,0,0
105014868,FIELD,40,103,289918,40,41,1,1,0,0,205525,138092,0,1,0,1,39,42013409,62750122,4622822,4055779,3959423776,1,1,0,0,0
105014869,SELECT,41,104,289919,41,41,0,0,0,0,205525,138092,0,1,1,1,39,42013409,62750123,4622822,4055779,3758097184,1,1,0,0,0
105098761,PUBLISH,41,104,291648,41,41,0,0,0,0,205651,138092,0,1,1,1,40,42095571,62750123,4622822,4055779,3758097184,0,1,0,0,0
106013961,FIELD,41,104,307500,41,41,0,0,0,0,207023,138092,0,1,1,1,40,42994919,62750123,4622822,4068802,3758097184,0,1,0,0,0
107016868,FIELD,41,105,324836,41,41,0,0,0,0,208528,138092,0,1,1,1,40,43980490,62750123,4622822,4080552,3758097184,0,1,0,0,0
107139673,READY,42,106,325533,41,41,0,0,0,0,208712,138092,0,1,1,1,40,44102599,62750123,4622822,4081482,3758097184,1,1,0,0,0
107139674,START,43,106,325534,41,42,0,0,0,0,208712,138092,0,1,1,1,40,44102599,62750123,4622822,4081482,3825206048,1,1,0,0,0
108015961,FIELD,41,106,325534,41,42,1,1,0,0,210026,138092,0,1,1,1,40,44102599,63626409,4622822,4081482,3959423776,1,1,0,0,0
108015962,SELECT,42,107,325535,42,42,0,0,0,0,210026,138092,0,0,0,1,40,44102599,63626410,4622822,4081482,3758097184,1,1,0,0,0
108103668,PUBLISH,42,107,327608,42,42,0,0,0,0,210158,138092,0,0,0,1,41,44188231,63626410,4622822,4081482,3758097184,0,1,0,0,0
109018868,FIELD,42,107,344356,42,42,0,0,0,0,211531,138092,0,0,0,1,41,45086683,63626410,4622822,4093088,3758097184,0,1,0,0,0
110017961,FIELD,42,108,361456,42,42,0,1,0,0,213029,138092,0,0,0,1,41,46068676,63626410,4622822,4104484,3758097184,0,1,0,0,0
110265669,READY,43,109,364861,42,42,0,0,0,0,213401,138092,0,0,0,1,41,46312980,63626410,4622822,4107364,3758097184,1,1,0,0,0
110265670,START,44,109,364862,42,43,0,0,0,0,213401,138092,0,0,0,1,41,46312980,63626410,4622822,4107364,3825206048,1,1,0,0,0
111020868,FIELD,42,109,364862,42,43,1,0,0,0,214534,138092,0,0,0,1,41,46312980,64381607,4622822,4107364,3959423776,1,1,0,0,0
112019961,FIELD,42,110,364862,42,43,1,1,0,0,216032,138092,0,0,0,1,41,46312980,65380700,4622822,4107364,3959423776,1,1,0,0,0
112019962,SELECT,43,111,364863,43,43,0,0,0,0,216032,138092,0,0,1,1,41,46312980,65380701,4622822,4107364,3758097184,1,1,0,0,0
112107668,PUBLISH,43,111,367112,43,43,0,0,0,0,216164,138092,0,0,1,1,42,46398436,65380701,4622822,4107364,3758097184,0,1,0,0,0
113022868,FIELD,43,111,384020,43,43,0,0,0,0,217537,138092,0,0,1,1,42,47296728,65380701,4622822,4118488,3758097184,0,1,0,0,0
114021961,FIELD,43,112,401676,43,43,0,0,0,0,219035,138092,0,0,1,1,42,48278166,65380701,4622822,4129707,3758097184,1,1,0,0,0
114333749,READY,44,113,406525,43,43,0,0,0,0,219503,138092,0,0,1,1,42,48585105,65380701,4622822,4133221,3758097184,1,1,0,0,0
114333750,START,45,113,406526,43,44,0,0,0,0,219503,138092,0,0,1,1,42,48585105,65380701,4622822,4133221,3825206048,1,1,0,0,0
115024868,FIELD,43,113,406526,43,44,1,1,0,0,220540,138092,0,0,1,1,42,48585105,66071818,4622822,4133221,3959423776,1,1,0,0,0
115024869,SELECT,44,114,406527,44,44,0,0,0,0,220540,138092,0,1,0,1,42,48585105,66071819,4622822,4133221,3758097184,1,1,0,0,0
115108761,PUBLISH,44,114,408908,44,44,0,0,0,0,220666,138092,0,1,0,1,43,48666615,66071819,4622822,4133221,3758097184,0,1,0,0,0
116023961,FIELD,44,114,426104,44,44,0,0,0,0,222038,138092,0,1,0,1,43,49564619,66071819,4622822,4144508,3758097184,0,1,0,0,0
117026868,FIELD,44,115,444420,44,44,0,1,0,0,223543,138092,0,1,0,1,43,50549210,66071819,4622822,4155590,3758097184,0,1,0,0,0
117374725,READY,45,116,449961,44,44,0,0,0,0,224065,138092,0,1,0,1,43,50891527,66071819,4622822,4159366,3758097184,1,1,0,0,0
117374726,START,46,116,449962,44,45,0,0,0,0,224065,138092,0,1,0,1,43,50891527,66071819,4622822,4159366,3825206048,1,1,0,0,0
118025961,FIELD,44,116,449962,44,45,1,0,0,0,225041,138092,0,1,0,1,43,50891527,66723053,4622822,4159366,3959423776,1,1,0,0,0
119028868,FIELD,44,117,449962,44,45,1,1,0,0,226546,138092,0,1,0,1,43,50891527,67725960,4622822,4159366,3959423776,1,1,0,0,0
119028869,SELECT,45,118,449963,45,45,0,0,0,0,226546,138092,0,1,1,1,43,50891527,67725961,4622822,4159366,3758097184,1,1,0,0,0
119112761,PUBLISH,45,118,452392,45,45,0,0,0,0,226672,138092,0,1,1,1,44,50972989,67725961,4622822,4159366,3758097184,0,1,0,0,0
120027961,FIELD,45,118,469180,45,45,0,0,0,0,228044,138092,0,1,1,1,44,51871401,67725961,4622822,4170075,3758097184,0,1,0,0,0
121030868,FIELD,45,119,487672,45,45,0,0,0,0,229549,138092,0,1,1,1,44,52855816,67725961,4622822,4180892,3758097184,0,1,0,0,0
121318339,PTS,4,120,493672,45,45,0,0,0,0,229980,138092,0,1,1,1,44,53137288,67725961,4622822,4183045,3758097184,1,1,0,0,0
121462681,READY,46,120,494805,45,45,0,0,0,0,230197,138092,0,1,1,1,44,53280497,67725961,4622822,4185497,3758097184,1,1,0,0,0
121462682,START,47,120,494806,45,46,0,0,0,0,230197,138092,0,1,1,1,44,53280497,67725961,4622822,4185497,3825206048,1,1,0,0,0
122029961,FIELD,45,120,502480,45,46,0,1,0,0,231047,138092,0,1,1,1,44,53840101,67725961,4622822,4197064,1610613317,0,1,0,0,0
122950013,READY,47,121,512592,45,46,0,0,0,0,232428,138092,0,1,1,1,44,54750041,67725961,4622822,4215016,1610613317,0,1,0,0,0
122950175,START,48,121,512754,45,47,1,0,1,1,232428,138092,0,1,1,1,44,54750042,67725961,4622822,4215016,1610613321,1,1,0,0,0
123032868,FIELD,45,121,514206,45,47,1,0,1,1,232552,138092,0,1,1,1,44,54831282,67725961,4622822,4216598,1610615371,0,1,0,0,0
124031961,FIELD,45,122,535671,45,47,1,1,1,1,234050,138092,0,1,1,1,44,55808910,67725961,4622822,4235812,1610615371,0,1,0,0,0
124031962,SELECT,47,123,535671,47,46,1,0,0,0,234050,220673,1,0,0,1,44,55808911,67725961,4622822,4235812,1610615651,0,1,0,0,0
124119668,PUBLISH,47,123,538521,47,46,1,0,0,0,234182,220673,1,0,0,1,45,55893767,67725961,4622822,4236076,1610615651,0,1,0,0,0
124967894,START,49,123,556178,47,46,1,0,0,0,235454,220673,1,0,0,1,45,56724337,67725961,4622822,4254175,1610615651,1,1,0,0,0
124967895,READY,48,123,556178,47,46,1,0,0,0,235454,220673,1,0,0,1,45,56724337,67725961,4622822,4254175,1610615651,0,1,0,0,0
125034868,FIELD,47,123,557360,47,46,1,0,0,0,235555,220673,1,0,0,1,45,56790128,67725961,4622822,4255216,1677726563,0,1,0,0,0
126033961,FIELD,47,124,573904,47,46,1,1,0,0,237053,220673,1,0,0,1,45,57772677,67725961,4622822,4271059,1677726563,0,1,0,0,0
126033962,SELECT,46,125,573904,46,48,0,0,0,0,237053,138092,0,0,1,1,45,57772678,67725961,4622822,4271059,3825206048,0,1,0,0,0
126121668,PUBLISH,46,125,575648,46,48,0,0,0,0,237185,138092,0,0,1,1,46,57858640,67725961,4622822,4271059,3825206048,0,1,0,0,0
126562506,PTS,5,125,582695,46,48,0,0,0,0,237846,138092,0,0,1,1,46,58292432,67725961,4622822,4278387,3825206048,1,1,0,0,0
126625636,READY,49,125,582789,46,48,0,0,0,0,237941,138092,0,0,1,1,46,58355468,67725961,4622822,4280063,3825206048,1,1,0,0,0
126625637,START,50,125,582790,46,49,0,0,0,0,237941,138092,0,0,1,1,46,58355468,67725961,4622822,4280063,3825206048,1,1,0,0,0
127036868,FIELD,46,125,588972,46,49,0,0,0,0,238558,138092,0,0,1,1,46,58760516,67725961,4622822,4291182,1610613317,0,1,0,0,0
127752770,READY,50,126,598468,46,49,0,0,0,0,239632,138092,0,0,1,1,46,59466922,67725961,4622822,4308299,1610613317,0,1,0,0,0
127752772,START,51,126,598470,46,50,1,0,1,1,239632,138092,0,0,1,1,46,59466923,67725961,4622822,4308299,1610613321,1,1,0,0,0
128035961,FIELD,46,126,598470,46,50,1,0,1,1,240056,138092,0,0,1,1,46,59466923,67725961,4906010,4308299,1610615371,1,1,0,0,0
129038868,FIELD,46,127,598470,46,50,1,1,1,1,241561,138092,0,0,1,1,46,59466923,67725961,5908917,4308299,1610615371,1,1,0,0,0
129038869,SELECT,50,128,598470,50,49,1,0,0,0,241561,231186,1,1,1,1,46,59466923,67725961,5908918,4308299,1610615651,1,1,0,0,0
129122761,PUBLISH,50,128,599828,50,49,1,0,0,0,241687,231186,1,1,1,1,47,59549456,67725961,5908919,4308299,1610615651,0,1,0,0,0
130037961,FIELD,50,128,616472,50,49,1,0,0,0,243059,231186,1,1,1,1,47,60448012,67725961,5908919,4325374,1610615651,0,1,0,0,0
130701579,READY,51,129,627041,50,49,1,0,0,0,244055,231186,1,1,1,1,47,61101062,67725961,5908919,4335881,1610615651,1,1,0,0,0
130701580,START,52,129,627042,50,49,1,0,0,0,244055,231186,1,1,1,1,47,61101062,67725961,5908919,4335881,1677726563,1,1,0,0,0
131040868,FIELD,50,129,633300,50,49,1,0,0,0,244564,231186,1,1,1,1,47,61434091,67725961,5908919,4342457,1811944291,0,1,0,0,0
132039961,FIELD,50,130,651416,50,49,1,1,0,0,246062,231186,1,1,1,1,47,62415068,67725961,5908919,4357486,1811944291,0,1,0,0,0
132039962,SELECT,49,131,651416,49,51,1,0,0,0,246062,220673,0,0,0,1,47,62415069,67725961,5908919,4357486,3959423776,0,1,0,0,0
132127668,PUBLISH,49,131,651416,49,51,1,0,0,0,246194,220673,0,0,0,1,48,62460647,67813667,5908919,4357768,3959423776,1,1,0,0,0
133042868,FIELD,49,131,651416,49,51,1,0,0,0,247567,220673,0,0,0,1,48,62460647,68728867,5908919,4357768,3959423776,1,1,0,0,0
134041961,FIELD,49,132,651416,49,51,1,1,0,0,249065,220673,0,0,0,1,48,62460647,69727960,5908919,4357768,3959423776,1,1,0,0,0
134041962,SELECT,51,133,651417,51,51,0,0,0,0,249065,231186,0,0,1,1,48,62460647,69727961,5908919,4357768,3758097184,1,1,0,0,0
134129668,PUBLISH,51,133,653428,51,51,0,0,0,0,249197,231186,0,0,1,1,49,62546341,69727961,5908919,4357768,3758097184,0,1,0,0,0
134361206,READY,52,133,656837,51,51,0,0,0,0,249544,231186,0,0,1,1,49,62774471,69727961,5908919,4361460,3758097184,1,1,0,0,0
134361207,START,53,133,656838,51,52,0,0,0,0,249544,231186,0,0,1,1,49,62774471,69727961,5908919,4361460,3825206048,1,1,0,0,0
135044868,FIELD,51,133,668036,51,52,0,0,0,0,250570,231186,0,0,1,1,49,63446933,69727961,5908919,4379318,1610613317,0,1,0,0,0
135525981,READY,53,134,674296,51,52,0,0,0,0,251291,231186,0,0,1,1,49,63921786,69727961,5908919,4390039,1610613317,0,1,0,0,0
135525983,START,54,134,674298,51,53,1,0,0,0,251291,231186,0,0,1,1,49,63921787,69727961,5908919,4390039,1610613321,1,1,0,0,0
136043961,FIELD,51,134,684392,51,53,1,0,0,0,252068,231186,0,0,1,1,49,64429670,69727961,5908919,4399880,1610615371,0,1,0,0,0
137046868,FIELD,51,135,702508,51,53,1,1,0,0,253573,231186,0,0,1,1,49,65414461,69727961,5908919,4414775,1610615371,0,1,0,0,0
137046869,SELECT,53,136,702508,53,52,1,0,0,0,253573,231186,0,1,0,1,49,65414462,69727961,5908919,4414775,1610615651,0,1,0,0,0
137130761,PUBLISH,53,136,703772,53,52,1,0,0,0,253699,231186,0,1,0,1,50,65497090,69727961,5908919,4414775,1610615651,0,1,0,0,0
137213579,READY,54,136,704701,53,52,1,0,0,0,253823,231186,0,1,0,1,50,65578980,69727961,5908919,4416560,1610615651,1,1,0,0,0
137213580,START,55,136,704702,53,52,1,0,0,0,253823,231186,0,1,0,1,50,65578980,69727961,5908919,4416560,1677726563,1,1,0,0,0
138045961,FIELD,53,136,719648,53,52,1,0,0,0,255071,231186,0,1,0,1,50,66396414,69727961,5908919,4431301,1811944291,0,1,0,0,0
138975424,READY,55,137,735385,53,52,1,0,0,0,256466,231186,0,1,0,1,50,67310141,69727961,5908919,4445315,1811944291,1,1,0,0,0
138975425,START,56,137,735386,53,52,1,0,0,0,256466,231186,0,1,0,1,50,67310141,69727961,5908919,4445315,1811944291,1,1,0,0,0
139048868,FIELD,53,137,736912,53,52,1,1,0,0,256576,231186,0,1,0,1,50,67382057,69727961,5908919,4446215,1811944291,0,1,0,0,0
139048869,SELECT,52,138,736912,52,54,1,0,0,0,256576,231186,0,1,1,1,50,67382058,69727961,5908919,4446215,3959423776,0,1,0,0,0
139068690,WAIT,56,138,736912,52,54,1,0,0,0,256606,231186,0,1,1,0,51,67391802,69747782,5908919,4456214,3959423776,1,1,0,0,0
139132761,PUBLISH,52,138,736912,52,54,1,0,0,0,256702,231186,0,1,1,1,51,67391802,69811853,5908919,4520285,3959423776,1,1,0,0,0
139135963,WAIT_RELEASE,56,138,736912,52,54,1,0,0,0,256706,231186,0,1,1,1,51,67391802,69815055,5908919,4523487,3959423776,1,1,0,0,0
140047961,FIELD,52,138,736912,52,54,1,0,0,0,258074,231186,0,1,1,1,51,67391802,70727053,5908919,5435485,3959423776,1,1,0,0,0
140057540,WAIT,56,139,736912,52,54,1,0,0,0,258089,231186,0,1,1,1,51,67391802,70736632,5908919,5445064,3959423776,1,1,0,0,0
140138870,WAIT_RELEASE,56,139,736912,52,54,1,0,0,0,258211,231186,0,1,1,1,51,67391802,70817962,5908919,5526394,3959423776,1,1,0,0,0
141050868,FIELD,52,139,736912,52,54,1,0,0,0,259579,231186,0,1,1,1,51,67391802,71729960,5908919,6438392,3959423776,1,1,0,0,0
141060447,WAIT,56,140,736912,52,54,1,0,0,0,259593,231186,0,1,1,1,51,67391802,71739539,5908919,6447971,3959423776,1,1,0,0,0
141137963,WAIT_RELEASE,56,140,736912,52,54,1,0,0,0,259709,231186,0,1,1,1,51,67391802,71817055,5908919,6525487,3959423776,1,1,0,0,0
142049961,FIELD,52,140,736912,52,54,1,1,0,0,261077,231186,0,1,1,1,51,67391802,72729053,5908919,7437485,3959423776,1,1,0,0,0
142049962,SELECT,54,141,736913,54,54,0,0,0,0,261077,231186,0,0,0,1,51,67391802,72729054,5908919,7437486,3758097184,1,1,0,0,0
142137668,PUBLISH,54,141,738696,54,54,0,0,0,0,261209,231186,0,0,0,1,52,67477724,72729054,5908919,7437868,3758097184,0,1,0,0,0
143052868,FIELD,54,141,754776,54,54,0,0,0,0,262582,231186,0,0,0,1,52,68376844,72729054,5908919,7453018,3758097184,0,1,0,0,0
143707345,READY,56,142,766589,54,54,0,0,0,0,263564,231186,0,0,0,1,52,69019509,72729054,5908919,7461623,3758097184,1,1,0,0,0
143707346,START,57,142,766590,54,56,0,0,0,0,263564,231186,0,0,0,1,52,69019509,72729054,5908919,7461623,3825206048,1,1,0,0,0
144051961,FIELD,54,142,766590,54,56,1,0,0,0,264080,231186,0,0,0,1,52,69019509,73073668,6253533,7461623,3959423776,1,1,0,0,0
145054868,FIELD,54,143,766590,54,56,1,1,0,0,265585,231186,0,0,0,1,52,69019509,74076575,7256440,7461623,3959423776,1,1,0,0,0
145054869,SELECT,56,144,766590,56,56,0,0,0,0,265585,231186,0,1,0,1,52,69019509,74076576,7256441,7461623,3758097184,1,1,0,0,0
145138761,PUBLISH,56,144,768259,56,56,0,0,0,0,265711,231186,0,1,0,1,53,69101732,74076576,7256442,7461623,3758097184,1,1,0,0,0
146053961,FIELD,56,144,784480,56,56,0,0,0,0,267083,231186,0,1,0,1,53,70000710,74076576,7256442,7477378,3758097184,0,1,0,0,0
147037813,READY,57,145,801217,56,56,0,0,0,0,268559,231186,0,1,0,1,53,70967826,74076576,7256442,7489550,3758097184,1,1,0,0,0
147037814,START,58,145,801218,56,57,0,0,0,0,268559,231186,0,1,0,1,53,70967826,74076576,7256442,7489550,3825206048,1,1,0,0,0
147056868,FIELD,56,145,801218,56,57,1,1,0,0,268588,231186,0,1,0,1,53,70967826,74095629,7256442,7489550,3959423776,1,1,0,0,0
147056869,SELECT,57,146,801219,57,57,0,0,0,0,268588,231186,0,1,1,1,53,70967826,74095630,7256442,7489550,3758097184,1,1,0,0,0
147140761,PUBLISH,57,146,802872,57,57,0,0,0,0,268714,231186,0,1,1,1,54,71050064,74095630,7256442,7489550,3758097184,0,1,0,0,0
148055961,FIELD,57,146,819148,57,57,0,0,0,0,270086,231186,0,1,1,1,54,71948988,74095630,7256442,7504730,3758097184,0,1,0,0,0
149025497,READY,58,147,835593,57,57,0,0,0,0,271541,231186,0,1,1,1,54,72902080,74095630,7256442,7516695,3758097184,1,1,0,0,0
149025498,START,59,147,835594,57,58,0,0,0,0,271541,231186,0,1,1,1,54,72902080,74095630,7256442,7516695,3825206048,1,1,0,0,0
149058868,FIELD,57,147,835594,57,58,1,0,0,0,271591,231186,0,1,1,1,54,72902080,74128999,7256442,7516695,3959423776,1,1,0,0,0
150057961,FIELD,57,148,835594,57,58,1,1,0,0,273089,231186,0,1,1,1,54,72902080,75128092,7256442,7516695,3959423776,1,1,0,0,0
150057962,SELECT,58,149,835595,58,58,0,0,0,0,273089,231186,0,0,0,1,54,72902080,75128093,7256442,7516695,3758097184,1,1,0,0,0
150145668,PUBLISH,58,149,837256,58,58,0,0,0,0,273221,231186,0,0,0,1,55,72988124,75128093,7256442,7516695,3758097184,0,1,0,0,0
151060868,FIELD,58,149,853640,58,58,0,0,0,0,274594,231186,0,0,0,1,55,73886940,75128093,7256442,7532426,3758097184,0,1,0,0,0
152019214,READY,59,150,868897,58,58,0,0,0,0,276031,231186,0,0,0,1,55,74830030,75128093,7256442,7544143,3758097184,1,1,0,0,0
152019375,START,60,150,869058,58,59,0,0,0,0,276032,231186,0,0,0,1,55,74830030,75128093,7256442,7544143,3825206048,1,1,0,0,0
152059961,FIELD,58,150,869745,58,59,1,1,0,0,276092,231186,0,0,0,1,55,74869928,75128093,7256442,7545233,3959423776,0,1,0,0,0
152059962,SELECT,59,151,869745,59,59,0,0,0,0,276092,231186,0,0,1,1,55,74869929,75128093,7256442,7545233,3758097184,0,1,0,0,0
152147668,PUBLISH,59,151,871439,59,59,0,0,0,0,276224,231186,0,0,1,1,56,74955941,75128093,7256442,7545424,3758097184,0,1,0,0,0
153062868,FIELD,59,151,891962,59,59,0,0,0,0,277597,231186,0,0,1,1,56,75850618,75128093,7256442,7563701,3758097184,0,1,0,0,0
154061962,FIELD,59,152,917767,59,59,0,0,0,0,279095,231186,0,0,1,1,56,76823907,75128093,7256442,7581701,3758097184,0,1,0,0,0
154092836,START,61,153,918678,59,59,0,0,0,0,279142,231186,0,0,1,1,56,76853871,75128093,7256442,7581701,3758097184,1,1,0,0,0
154092837,READY,60,153,918678,59,59,0,0,0,0,279142,231186,0,0,1,1,56,76853871,75128093,7256442,7581701,3758097184,0,1,0,0,0
155064868,FIELD,59,153,936388,59,60,0,1,0,0,280600,231186,0,0,1,1,56,77808192,75128093,7256442,7596719,3825206048,0,1,0,0,0
155995608,PTS,6,154,952967,59,60,0,0,0,0,281996,231186,0,0,1,1,56,78722354,75128093,7256442,7607044,3825206048,1,1,0,0,0
156063962,FIELD,59,154,953056,59,60,0,0,0,0,282098,231186,0,0,1,1,56,78790618,75128093,7256442,7607734,3825206048,0,1,0,0,0
156152522,READY,61,155,954433,59,60,0,1,0,0,282231,231186,0,0,1,1,56,78877802,75128093,7256442,7607734,3825206048,1,1,0,0,0
156152523,START,62,155,954434,59,61,0,0,0,0,282231,231186,0,0,1,1,56,78877802,75128093,7256442,7607734,3825206048,1,1,0,0,0
157066868,FIELD,59,155,967808,59,61,0,0,0,0,283603,231186,0,0,1,1,56,79778772,75128093,7256442,7627574,1610613317,0,1,0,0,0
157551070,READY,62,156,972764,59,61,0,1,0,0,284329,231186,0,0,1,1,56,80258018,75128093,7256442,7635944,1610613317,0,1,0,0,0
157551072,START,63,156,972766,59,62,1,0,1,1,284329,231186,0,0,1,1,56,80258019,75128093,7256442,7635944,1610613321,1,1,0,0,0
158065962,FIELD,59,156,981304,59,62,1,0,1,1,285101,231186,0,0,1,1,56,80764370,75128093,7256442,7648397,1610613837,0,1,0,0,0
159006850,READY,63,157,992288,59,62,1,1,1,1,286513,231186,0,0,1,1,56,81694274,75128093,7256442,7665096,1610613837,0,1,0,0,0
159006852,START,64,157,992290,59,62,1,1,1,1,286513,231186,0,0,1,1,56,81694275,75128093,7256442,7665096,1610613849,1,1,0,0,0
159068868,FIELD,59,157,992290,59,62,1,1,1,1,286606,231186,0,0,1,1,56,81694275,75128093,7318457,7665096,1610615899,1,1,0,0,0
159068869,SELECT,62,158,992290,62,63,1,0,0,0,286606,276231,1,1,1,1,56,81694275,75128093,7318458,7665096,1610616179,1,1,0,0,0
159152761,PUBLISH,62,158,993716,62,63,1,0,0,0,286732,276231,1,1,1,1,57,81776740,75128093,7318459,7665096,1610616179,0,1,0,0,0
160067962,FIELD,62,158,1012312,62,63,1,0,0,0,288104,276231,1,1,1,1,57,82673345,75128093,7318459,7680573,1610616179,0,1,0,0,0
161070868,FIELD,62,159,1029444,62,63,1,0,0,0,289609,276231,1,1,1,1,57,83659119,75128093,7318459,7693240,1610616179,0,1,0,0,0
161080760,READY,64,160,1029445,62,63,1,0,0,0,289624,276231,1,1,1,1,57,83669011,75128093,7318459,7693240,1610616179,1,1,0,0,0
162069962,FIELD,62,160,1029445,62,63,1,1,0,0,291107,276231,1,1,1,1,57,83669011,76117294,7318459,7693240,1677727091,1,1,0,0,0
162069963,START,65,161,1029446,63,61,1,0,0,0,291107,276231,0,0,0,1,57,83669011,76117295,7318459,7693240,1677727043,1,1,0,0,0
162069963,SELECT,63,161,1029446,63,61,1,0,0,0,291107,276231,0,0,0,1,57,83669011,76117295,7318459,7693240,1677727043,1,1,0,0,0
162157668,PUBLISH,63,161,1031416,63,61,1,0,0,0,291239,276231,0,0,0,1,58,83754745,76117295,7318459,7693240,1811944771,0,1,0,0,0
163072868,FIELD,63,161,1048716,63,61,1,0,0,0,292612,276231,0,0,0,1,58,84652645,76117295,7318459,7707948,1811944771,0,1,0,0,0
164071962,FIELD,63,162,1066648,63,61,1,1,0,0,294110,276231,0,0,0,1,58,85633807,76117295,7318459,7720505,1811944771,0,1,0,0,0
164071963,SELECT,61,163,1066648,61,64,1,0,0,0,294110,231186,0,0,1,1,58,85633808,76117295,7318459,7720505,3959424256,0,1,0,0,0
164089906,READY,65,163,1066648,61,64,1,0,0,0,294137,231186,0,0,1,0,59,85651751,76135238,7318459,7720751,3959424256,1,1,0,0,0
164089908,START,66,163,1066650,61,65,0,0,0,0,294137,231186,0,0,1,0,59,85651751,76135239,7318459,7720751,3825206528,1,1,0,0,0
164159668,PUBLISH,61,163,1068180,61,65,0,0,0,0,294242,231186,0,0,1,1,59,85719980,76135239,7318459,7720751,1610613317,0,1,0,0,0
165074868,FIELD,61,163,1080992,61,65,0,0,0,0,295615,231186,0,0,1,1,59,86622368,76135239,7318459,7739013,1610613317,0,1,0,0,0
165709629,READY,66,164,1088400,61,65,0,0,0,0,296567,231186,0,0,1,1,59,87249721,76135239,7318459,7749040,1610613317,0,1,0,0,0
165709631,START,67,164,1088402,61,66,1,0,0,0,296567,231186,0,0,1,1,59,87249722,76135239,7318459,7749040,1610613321,1,1,0,0,0
166073962,FIELD,61,164,1094820,61,66,1,0,0,0,297113,231186,0,0,1,1,59,87607634,76135239,7318459,7757458,1610613837,0,1,0,0,0
167076868,FIELD,61,165,1106944,61,66,1,1,0,0,298618,231186,0,0,1,1,59,88598416,76135239,7318459,7775104,1610613837,0,1,0,0,0
167076869,SELECT,66,166,1106944,66,65,0,0,0,0,298618,276231,0,1,1,1,59,88598417,76135239,7318459,7775104,1610614117,0,1,0,0,0
167160762,PUBLISH,66,166,1107836,66,65,0,0,0,0,298744,276231,0,1,1,1,60,88681418,76135239,7318459,7775104,1610614117,0,1,0,0,0
167178326,READY,67,166,1107836,66,65,0,0,0,0,298770,276231,0,1,1,1,60,88698982,76135239,7318459,7775845,1610614117,0,1,0,0,0
167178328,START,68,166,1107838,66,67,1,0,0,0,298770,276231,0,1,1,1,60,88698983,76135239,7318459,7775845,1610614129,1,1,0,0,0
168075962,FIELD,66,166,1125260,66,67,1,0,0,0,300116,276231,0,1,1,1,60,89579194,76135239,7318459,7790910,1610616179,0,1,0,0,0
169078868,FIELD,66,167,1142740,66,67,1,0,0,0,301621,276231,0,1,1,1,60,90564620,76135239,7318459,7803243,1610616179,0,1,0,0,0
169187186,READY,68,168,1143669,66,67,1,0,0,0,301783,276231,0,1,1,1,60,90672010,76135239,7318459,7804153,1610616179,1,1,0,0,0
170077962,FIELD,66,168,1143669,66,67,1,1,0,0,303119,276231,0,1,1,1,60,90672010,77026014,7318459,7804153,1677727091,1,1,0,0,0
170077963,START,69,169,1143670,67,65,1,0,0,0,303119,276231,0,0,0,1,60,90672010,77026015,7318459,7804153,1677727043,1,1,0,0,0
170077963,SELECT,67,169,1143670,67,65,1,0,0,0,303119,276231,0,0,0,1,60,90672010,77026015,7318459,7804153,1677727043,1,1,0,0,0
170165668,PUBLISH,67,169,1145485,67,65,1,0,0,0,303251,276231,0,0,0,1,61,90757900,77026015,7318459,7804153,1811944771,1,1,0,0,0
171080868,FIELD,67,169,1161916,67,65,1,0,0,0,304624,276231,0,0,0,1,61,91656668,77026015,7318459,7818781,1811944771,0,1,0,0,0
172079962,FIELD,67,170,1180356,67,65,1,1,0,0,306122,276231,0,0,0,1,61,92637322,77026015,7318459,7831675,1811944771,0,1,0,0,0
172079963,SELECT,65,171,1180356,65,68,1,0,0,0,306122,276231,0,0,1,1,61,92637323,77026015,7318459,7831675,3959424256,0,1,0,0,0
172139775,READY,69,171,1180356,65,68,1,0,0,0,306212,276231,0,0,1,0,62,92697135,77085827,7318459,7831921,3959424256,1,1,0,0,0
172139777,START,70,171,1180358,65,69,0,0,0,0,306212,276231,0,0,1,0,62,92697135,77085828,7318459,7831921,3825206528,1,1,0,0,0
172167668,PUBLISH,65,171,1180358,65,69,1,0,0,0,306254,276231,0,0,1,1,62,92697135,77113718,7346349,7831921,3959424256,1,1,0,0,0
173082868,FIELD,65,171,1180358,65,69,1,0,0,0,307627,276231,0,0,1,1,62,92697135,78028918,8261549,7831921,3959424256,1,1,0,0,0
174081962,FIELD,65,172,1180358,65,69,1,0,0,0,309125,276231,0,0,1,1,62,92697135,79028012,9260643,7831921,3959424256,1,1,0,0,0
175084868,FIELD,65,173,1180358,65,69,1,1,0,0,310630,276231,0,0,1,1,62,92697135,80030918,10263549,7831921,3959424256,1,1,0,0,0
175084869,SELECT,69,174,1180358,69,69,0,0,0,0,310630,276231,0,1,1,1,62,92697135,80030919,10263550,7831921,3758097664,1,1,0,0,0
175168762,PUBLISH,69,174,1181964,69,69,0,0,0,0,310756,276231,0,1,1,1,63,92779421,80030919,10263551,7831921,3758097664,0,1,0,0,0
176083962,FIELD,69,174,1199288,69,69,0,0,0,0,312128,276231,0,1,1,1,63,93677297,80030919,10263551,7846038,3758097664,0,1,0,0,0
177086868,FIELD,69,175,1216760,69,69,0,0,0,0,313633,276231,0,1,1,1,63,94662731,80030919,10263551,7859538,3758097664,0,1,0,0,0
177184577,READY,70,176,1217361,69,69,0,0,0,0,313779,276231,0,1,1,1,63,94759840,80030919,10263551,7859994,3758097664,1,1,0,0,0
177184578,START,71,176,1217362,69,70,0,0,0,0,313779,276231,0,1,1,1,63,94759840,80030919,10263551,7859994,3825206528,1,1,0,0,0
178085962,FIELD,69,176,1217362,69,70,1,1,0,0,315131,276231,0,1,1,1,63,94759840,80932302,10263551,7859994,3959424256,1,1,0,0,0
178085963,SELECT,70,177,1217363,70,70,0,0,0,0,315131,276231,0,0,0,1,63,94759840,80932303,10263551,7859994,3758097664,1,1,0,0,0
178173668,PUBLISH,70,177,1218968,70,70,0,0,0,0,315263,276231,0,0,0,1,64,94845939,80932303,10263551,7859994,3758097664,0,1,0,0,0
179088868,FIELD,70,177,1235756,70,70,0,0,0,0,316636,276231,0,0,0,1,64,95744351,80932303,10263551,7872303,3758097664,0,1,0,0,0
180087962,FIELD,70,178,1253330,70,70,0,1,0,0,318134,276231,0,0,0,1,64,96725872,80932303,10263551,7884259,3758097664,1,1,0,0,0
180205439,READY,71,179,1254713,70,70,0,0,0,0,318311,276231,0,0,0,1,64,96841966,80932303,10263551,7885334,3758097664,1,1,0,0,0
180205600,START,72,179,1254874,70,71,0,0,0,0,318311,276231,0,0,0,1,64,96841966,80932303,10263551,7885334,3825206528,1,1,0,0,0
181090869,FIELD,70,179,1278791,70,71,1,0,0,0,319639,276231,0,0,0,1,64,97703317,80932303,10263551,7903134,3959424256,0,1,0,0,0
182089962,FIELD,70,180,1308343,70,71,1,1,0,0,321137,276231,0,0,0,1,64,98672858,80932303,10263551,7921191,3959424256,0,1,0,0,0
182089963,SELECT,71,181,1308343,71,71,0,0,0,0,321137,276231,0,0,1,1,64,98672859,80932303,10263551,7921191,3758097664,0,1,0,0,0
182177668,PUBLISH,71,181,1310248,71,71,0,0,0,0,321269,276231,0,0,1,1,65,98758659,80932303,10263551,7921566,3758097664,0,1,0,0,0
182367852,PTS,7,181,1315133,71,71,0,0,0,0,321554,276231,0,0,1,1,65,98943959,80932303,10263551,7925580,3758097664,1,1,0,0,0
182377620,START,73,181,1315438,71,71,0,0,0,0,321569,276231,0,0,1,1,65,98953422,80932303,10263551,7925692,3758097664,1,1,0,0,0
182377621,READY,72,181,1315439,71,71,0,0,0,0,321569,276231,0,0,1,1,65,98953422,80932303,10263551,7925692,1610613317,1,1,0,0,0
183092869,FIELD,71,181,1325288,71,71,0,0,0,0,322642,276231,0,0,1,1,65,99658820,80932303,10263551,7938253,1610613317,0,1,0,0,0
184006003,READY,73,182,1335988,71,71,0,0,0,0,324012,276231,0,0,1,1,65,100561254,80932303,10263551,7954878,1610613317,0,1,0,0,0
184006005,START,74,182,1335990,71,73,1,0,1,1,324012,276231,0,0,1,1,65,100561255,80932303,10263551,7954878,1610613321,1,1,0,0,0
184091962,FIELD,71,182,1337760,71,73,1,0,1,1,324140,276231,0,0,1,1,65,100645441,80932303,10263551,7956441,1610613837,0,1,0,0,0
185094869,FIELD,71,183,1350124,71,73,1,1,1,1,325645,276231,0,0,1,1,65,101635984,80932303,10263551,7971868,1610613837,0,1,0,0,0
185094870,SELECT,73,184,1350124,73,71,0,0,0,0,325645,318272,1,1,0,1,65,101635985,80932303,10263551,7971868,1610614117,0,1,0,0,0
185178762,PUBLISH,73,184,1351176,73,71,0,0,0,0,325771,318272,1,1,0,1,66,101718825,80932303,10263551,7972196,1610614117,0,1,0,0,0
185721200,READY,74,184,1357740,73,71,0,0,0,0,326584,318272,1,1,0,1,66,102254699,80932303,10263551,7981632,1610614117,0,1,0,0,0
185721202,START,75,184,1357742,73,74,1,0,0,0,326584,318272,1,1,0,1,66,102254700,80932303,10263551,7981632,1610614129,1,1,0,0,0
186093962,FIELD,73,184,1364648,73,74,1,0,0,0,327143,318272,1,1,0,1,66,102620553,80932303,10263551,7987009,1610616179,0,1,0,0,0
187096869,FIELD,73,185,1380848,73,74,1,1,0,0,328648,318272,1,1,0,1,66,103607260,80932303,10263551,7998284,1610616179,0,1,0,0,0
187096870,SELECT,74,186,1380848,74,71,1,0,0,0,328648,318272,0,1,1,1,66,103607261,80932303,10263551,7998284,1610616131,0,1,0,0,0
187180762,PUBLISH,74,186,1383222,74,71,1,0,0,0,328774,318272,0,1,1,1,67,103688779,80932303,10263551,7998284,1610616131,0,1,0,0,0
187938794,READY,75,186,1395385,74,71,1,0,0,0,329911,318272,0,1,1,1,67,104434649,80932303,10263551,8010848,1610616131,1,1,0,0,0
187938795,START,76,186,1395386,74,71,1,0,0,0,329911,318272,0,1,1,1,67,104434649,80932303,10263551,8010848,1677727043,1,1,0,0,0
188095962,FIELD,74,186,1398160,74,71,1,0,0,0,330146,318272,0,1,1,1,67,104589041,80932303,10263551,8012630,1811944771,0,1,0,0,0
189098869,FIELD,74,187,1416212,74,71,1,0,0,0,331651,318272,0,1,1,1,67,105573896,80932303,10263551,8023017,1811944771,0,1,0,0,0
190097962,FIELD,74,188,1436124,74,71,1,1,0,0,333149,318272,0,1,1,1,67,106553077,80932303,10263551,8035663,1811944771,0,1,0,0,0
190097963,SELECT,71,189,1436124,71,75,1,0,0,0,333149,276231,0,0,1,1,67,106553078,80932303,10263551,8035663,3959424256,0,1,0,0,0
190108350,WAIT,76,189,1436124,71,75,1,0,0,0,333165,276231,0,0,1,0,68,106563465,80942690,10263551,8046044,3959424256,0,1,0,0,0
190185669,PUBLISH,71,189,1436124,71,75,1,0,0,0,333281,276231,0,0,1,1,68,106640784,81020009,10263551,8123363,3959424256,0,1,0,0,0
190188871,WAIT_RELEASE,76,189,1436124,71,75,1,0,0,0,333286,276231,0,0,1,1,68,106643986,81023211,10263551,8126565,3959424256,0,1,0,0,0
191100869,FIELD,71,189,1436124,71,75,1,0,0,0,334654,276231,0,0,1,1,68,107555984,81935209,10263551,9038563,3959424256,0,1,0,0,0
191110447,WAIT,76,190,1436124,71,75,1,0,0,0,334668,276231,0,0,1,1,68,107565562,81944787,10263551,9048141,3959424256,0,1,0,0,0
191187964,WAIT_RELEASE,76,190,1436124,71,75,1,0,0,0,334784,276231,0,0,1,1,68,107643079,82022304,10263551,9125658,3959424256,0,1,0,0,0
192099962,FIELD,71,190,1436124,71,75,1,0,0,0,336152,276231,0,0,1,1,68,108555077,82934302,10263551,10037656,3959424256,0,1,0,0,0
192109541,WAIT,76,191,1436124,71,75,1,0,0,0,336167,276231,0,0,1,1,68,108564656,82943881,10263551,10047235,3959424256,0,1,0,0,0
192190871,WAIT_RELEASE,76,191,1436124,71,75,1,0,0,0,336289,276231,0,0,1,1,68,108645986,83025211,10263551,10128565,3959424256,0,1,0,0,0
193102869,FIELD,71,191,1436124,71,75,1,0,0,0,337657,276231,0,0,1,1,68,109557984,83937209,10263551,11040563,3959424256,0,1,0,0,0
193112447,WAIT,76,192,1436124,71,75,1,0,0,0,337671,276231,0,0,1,1,68,109567562,83946787,10263551,11050141,3959424256,0,1,0,0,0
193189964,WAIT_RELEASE,76,192,1436124,71,75,1,1,0,0,337787,276231,0,0,1,1,68,109645079,84024304,10263551,11127658,3959424256,0,1,0,0,0
194101962,FIELD,71,192,1436124,71,75,1,1,0,0,339155,276231,0,0,1,1,68,110557077,84936302,10263551,12039656,3959424256,0,1,0,0,0
194101963,SELECT,75,193,1436124,75,75,0,0,0,0,339155,318272,0,0,1,1,68,110557078,84936303,10263551,12039657,3758097664,0,1,0,0,0
194185616,READY,76,193,1437073,75,75,0,0,0,0,339281,318272,0,0,1,0,69,110639783,84936303,10263551,12039945,3758097664,1,1,0,0,0
194185617,START,77,193,1437074,75,76,0,0,0,0,339281,318272,0,0,1,0,69,110639783,84936303,10263551,12039945,3825206528,1,1,0,0,0
194189669,PUBLISH,75,193,1437074,75,76,1,0,0,0,339287,318272,0,0,1,1,69,110639783,84940354,10263551,12039945,3959424256,1,1,0,0,0
195104869,FIELD,75,193,1437074,75,76,1,0,0,0,340660,318272,0,0,1,1,69,110639783,85855554,10263551,12039945,3959424256,1,1,0,0,0
196103962,FIELD,75,194,1437074,75,76,1,0,0,0,342158,318272,0,0,1,1,69,110639783,86854647,10263551,12039945,3959424256,1,1,0,0,0
197106869,FIELD,75,195,1437074,75,76,1,1,0,0,343663,318272,0,0,1,1,69,110639783,87857554,10263551,12039945,3959424256,1,1,0,0,0
197106870,SELECT,76,196,1437075,76,76,0,0,0,0,343663,318272,0,1,0,1,69,110639783,87857555,10263551,12039945,3758097664,1,1,0,0,0
197190762,PUBLISH,76,196,1439128,76,76,0,0,0,0,343789,318272,0,1,0,1,70,110721621,87857555,10263551,12039945,3758097664,0,1,0,0,0
198105962,FIELD,76,196,1458724,76,76,0,0,0,0,345161,318272,0,1,0,1,70,111617225,87857555,10263551,12052018,3758097664,0,1,0,0,0
199108869,FIELD,76,197,1478984,76,76,0,1,0,0,346666,318272,0,1,0,1,70,112599872,87857555,10263551,12064277,3758097664,0,1,0,0,0
199617758,READY,77,198,1487125,76,76,0,0,0,0,347429,318272,0,1,0,1,70,113100621,87857555,10263551,12070187,3758097664,1,1,0,0,0
199617759,START,78,198,1487126,76,77,0,1,0,0,347429,318272,0,1,0,1,70,113100621,87857555,10263551,12070187,3825206528,1,1,0,0,0
200107962,FIELD,76,198,1494860,76,77,0,1,0,0,348164,318272,0,1,0,1,70,113583089,87857555,10263551,12077983,1610613317,0,1,0,0,0
201110869,FIELD,76,199,1508268,76,77,0,0,0,0,349669,318272,0,1,0,1,70,114572588,87857555,10263551,12091584,1610613317,0,1,0,0,0
201538351,READY,78,200,1513632,76,77,0,1,0,0,350310,318272,0,1,0,1,70,114994706,87857555,10263551,12097744,1610613317,0,1,0,0,0
201538353,START,79,200,1513634,76,78,1,0,0,0,350310,318272,0,1,0,1,70,114994707,87857555,10263551,12097744,1610613321,1,1,0,0,0
202109962,FIELD,76,200,1522592,76,78,1,0,0,0,351167,318272,0,1,0,1,70,115557357,87857555,10263551,12106890,1610613837,0,1,0,0,0
203112869,FIELD,76,201,1536240,76,78,1,1,0,0,352672,318272,0,1,0,1,70,116546616,87857555,10263551,12120887,1610613837,0,1,0,0,0
203112870,SELECT,78,202,1536240,78,77,0,0,0,0,352672,318272,0,1,1,1,70,116546617,87857555,10263551,12120887,1610614117,0,1,0,0,0
203196762,PUBLISH,78,202,1537352,78,77,0,0,0,0,352798,318272,0,1,1,1,71,116629397,87857555,10263551,12121249,1610614117,0,1,0,0,0
203466669,READY,79,202,1540808,78,77,0,0,0,0,353203,318272,0,1,1,1,71,116895848,87857555,10263551,12126600,1610614117,0,1,0,0,0
203466671,START,80,202,1540810,78,79,1,0,0,0,353203,318272,0,1,1,1,71,116895849,87857555,10263551,12126600,1610614129,1,1,0,0,0
204111962,FIELD,78,202,1554368,78,79,1,0,0,0,354170,318272,0,1,1,1,71,117527581,87857555,10263551,12134558,1610616179,0,1,0,0,0
205114869,FIELD,78,203,1576244,78,79,1,0,0,0,355675,318272,0,1,1,1,71,118508612,87857555,10263551,12146078,1610616179,0,1,0,0,0
205955177,READY,80,204,1590069,78,79,1,0,0,0,356935,318272,0,1,1,1,71,119335096,87857555,10263551,12156788,1610616179,1,1,0,0,0
206113962,FIELD,78,204,1590069,78,79,1,1,0,0,357173,318272,0,1,1,1,71,119335096,88016339,10263551,12156788,1677727091,1,1,0,0,0
206113963,START,81,205,1590070,79,77,1,0,0,0,357173,318272,0,0,0,1,71,119335096,88016340,10263551,12156788,1677727043,1,1,0,0,0
206113963,SELECT,79,205,1590070,79,77,1,0,0,0,357173,318272,0,0,0,1,71,119335096,88016340,10263551,12156788,1677727043,1,1,0,0,0
206201669,PUBLISH,79,205,1592560,79,77,1,0,0,0,357305,318272,0,0,0,1,72,119420311,88016340,10263551,12156788,1811944771,0,1,0,0,0
207116869,FIELD,79,205,1612144,79,77,1,0,0,0,358678,318272,0,0,0,1,72,120315927,88016340,10263551,12166658,1811944771,0,1,0,0,0
208115962,FIELD,79,206,1635988,79,77,1,1,0,0,360176,318272,0,0,0,1,72,121291176,88016340,10263551,12177082,1811944771,0,1,0,0,0
208115963,SELECT,77,207,1635988,77,80,1,0,0,0,360176,318272,0,0,1,1,72,121291177,88016340,10263551,12177082,3959424256,0,1,0,0,0
208203669,PUBLISH,77,207,1635988,77,80,1,0,0,0,360308,318272,0,0,1,1,73,121335362,88104046,10263551,12177082,3959424256,1,1,0,0,0
209118869,FIELD,77,207,1635988,77,80,1,0,0,0,361681,318272,0,0,1,1,73,121335362,89019246,10263551,12177082,3959424256,1,1,0,0,0
210117962,FIELD,77,208,1635988,77,80,1,0,0,0,363179,318272,0,0,1,1,73,121335362,90018339,10263551,12177082,3959424256,1,1,0,0,0
211120869,FIELD,77,209,1635988,77,80,1,1,0,0,364684,318272,0,0,1,1,73,121335362,91021246,10263551,12177082,3959424256,1,1,0,0,0
211120870,SELECT,80,210,1635989,80,80,0,0,0,0,364684,318272,0,1,0,1,73,121335362,91021247,10263551,12177082,3758097664,1,1,0,0,0
211204762,PUBLISH,80,210,1638386,80,80,0,0,0,0,364810,318272,0,1,0,1,74,121416856,91021247,10263551,12177082,3758097664,0,1,0,0,0
211646373,READY,81,210,1645393,80,80,0,0,0,0,365472,318272,0,1,0,1,74,121851461,91021247,10263551,12184117,3758097664,1,1,0,0,0
211646374,START,82,210,1645394,80,81,0,0,0,0,365472,318272,0,1,0,1,74,121851461,91021247,10263551,12184117,3825206528,1,1,0,0,0
212119962,FIELD,80,210,1653008,80,81,0,0,0,0,366182,318272,0,1,0,1,74,122317434,91021247,10263551,12191231,1610613317,0,1,0,0,0
213122869,FIELD,80,211,1666408,80,81,0,0,0,0,367687,318272,0,1,0,1,74,123306941,91021247,10263551,12205485,1610613317,0,1,0,0,0
213658980,READY,82,212,1674584,80,81,0,1,0,0,368491,318272,0,1,0,1,74,123834876,91021247,10263551,12212773,1610613317,0,1,0,0,0
213658982,START,83,212,1674586,80,82,1,0,0,0,368491,318272,0,1,0,1,74,123834877,91021247,10263551,12212773,1610613321,1,1,0,0,0
214121962,FIELD,80,212,1682564,80,82,1,0,0,0,369185,318272,0,1,0,1,74,124289878,91021247,10263551,12219535,1610613837,0,1,0,0,0
215124869,FIELD,80,213,1696784,80,82,1,1,0,0,370690,318272,0,1,0,1,74,125278565,91021247,10263551,12232593,1610613837,0,1,0,0,0
215124870,SELECT,82,214,1696784,82,81,0,0,0,0,370690,318272,0,1,1,1,74,125278566,91021247,10263551,12232593,1610614117,0,1,0,0,0
215208762,PUBLISH,82,214,1698056,82,81,0,0,0,0,370816,318272,0,1,1,1,75,125361186,91021247,10263551,12232916,1610614117,0,1,0,0,0
215723148,READY,83,214,1705108,82,81,0,0,0,0,371587,318272,0,1,1,1,75,125868520,91021247,10263551,12241182,1610614117,0,1,0,0,0
215723310,START,84,214,1705270,82,83,1,0,0,0,371587,318272,0,1,1,1,75,125868521,91021247,10263551,12241182,1610614129,1,1,0,0,0
216123962,FIELD,82,214,1716011,82,83,1,0,0,0,372188,318272,0,1,1,1,75,126258431,91021247,10263551,12247596,1610616179,0,1,0,0,0
217126869,FIELD,82,215,1747235,82,83,1,0,0,0,373693,318272,0,1,1,1,75,127230114,91021247,10263551,12264456,1610616179,0,1,0,0,0
217909373,PTS,8,216,1768379,82,83,1,0,0,0,374867,318272,0,1,1,1,75,127991475,91021247,10263551,12278024,1610616179,1,1,0,0,0
217921220,START,85,216,1768714,82,83,1,0,0,0,374884,318272,0,1,1,1,75,128002987,91021247,10263551,12278240,1610616179,1,1,0,0,0
217921221,READY,84,216,1768714,82,83,1,0,0,0,374884,318272,0,1,1,1,75,128002987,91021247,10263551,12278240,1610616179,1,1,0,0,0
218125962,FIELD,82,216,1768714,82,83,1,1,0,0,375191,318272,0,1,1,1,75,128002987,91225988,10263551,12278240,1677727091,1,1,0,0,0
218125963,SELECT,83,217,1768714,83,81,1,0,0,0,375191,318272,0,0,0,1,75,128002987,91225989,10263551,12278240,1677727043,1,1,0,0,0
218213669,PUBLISH,83,217,1769860,83,81,1,0,0,0,375323,318272,0,0,0,1,76,128089546,91225990,10263551,12278240,1091872067,0,1,0,0,0
219128869,FIELD,83,217,1781156,83,81,1,0,0,0,376696,318272,0,0,0,1,76,128993450,91225990,10263551,12293270,1091872067,0,1,0,0,0
219844255,READY,85,218,1789000,83,81,1,0,0,0,377769,318272,0,0,0,1,76,129700992,91225990,10263551,12306402,1091872067,0,1,0,0,0
220127962,FIELD,83,218,1789001,83,81,1,1,0,0,378194,318272,0,0,0,1,76,129700993,91509695,10263551,12306402,1091904835,1,1,0,0,0
220127963,SELECT,81,219,1789001,81,84,0,0,0,0,378194,318272,0,0,1,1,76,129700993,91509696,10263551,12306402,1125459203,1,1,0,0,0
220127964,START,86,219,1789002,81,85,1,0,1,1,378194,318272,0,0,1,1,77,129700993,91509697,10263551,12306402,1073742409,1,0,0,0,0
220215669,PUBLISH,81,219,1790156,81,85,1,0,1,1,378326,318272,0,0,1,1,77,129787543,91509697,10263551,12306402,1073742925,0,1,0,0,0
221130869,FIELD,81,219,1800976,81,85,1,0,1,1,379699,318272,0,0,1,1,77,130691923,91509697,10263551,12321770,1073742925,0,1,0,0,0
221883212,READY,86,220,1810180,81,85,1,0,1,1,380827,318272,0,0,1,1,77,131435062,91509697,10263551,12334406,1073742925,0,1,0,0,0
221883214,START,87,220,1810182,81,85,1,0,1,1,380827,318272,0,0,1,1,77,131435063,91509697,10263551,12334406,1073742937,1,1,0,0,0
222129962,FIELD,81,220,1814480,81,85,1,0,1,1,381197,318272,0,0,1,1,77,131677512,91509697,10263551,12337514,1073744987,0,1,0,0,0
223132869,FIELD,81,221,1829796,81,85,1,1,1,1,382702,318272,0,0,1,1,77,132665103,91509697,10263551,12350858,1073744987,0,1,0,0,0
223132870,SELECT,85,222,1829796,85,86,1,0,0,0,382702,363317,1,1,0,1,77,132665104,91509697,10263551,12350858,1073745267,0,1,0,0,0
223216762,PUBLISH,85,222,1831328,85,86,1,0,0,0,382828,363317,1,1,0,1,78,132747464,91509697,10263551,12351207,1073745267,0,1,0,0,0
224131962,FIELD,85,222,1847308,85,86,1,0,0,0,384200,363317,1,1,0,1,78,133646684,91509697,10263551,12362444,1073745267,0,1,0,0,0
224205345,READY,87,223,1848201,85,86,1,0,0,0,384311,363317,1,1,0,1,78,133719175,91509697,10263551,12362444,1073745267,1,1,0,0,0
225134869,FIELD,85,223,1848201,85,86,1,1,0,0,385705,363317,1,1,0,1,78,133719175,92439220,10263551,12362444,1140856179,1,1,0,0,0
225134870,START,88,224,1848202,86,84,1,0,0,0,385705,363317,0,1,1,1,78,133719175,92439221,10263551,12362444,1140856131,1,1,0,0,0
225134870,SELECT,86,224,1848202,86,84,1,0,0,0,385705,363317,0,1,1,1,78,133719175,92439221,10263551,12362444,1140856131,1,1,0,0,0
225218762,PUBLISH,86,224,1850196,86,84,1,0,0,0,385831,363317,0,1,1,1,79,133801072,92439221,10263551,12362444,1275073859,0,1,0,0,0
226133962,FIELD,86,224,1862708,86,84,1,0,0,0,387203,363317,0,1,1,1,79,134703760,92439221,10263551,12375607,1275073859,0,1,0,0,0
227136869,FIELD,86,225,1882236,86,84,1,0,0,0,388708,363317,0,1,1,1,79,135687139,92439221,10263551,12387178,1275073859,0,1,0,0,0
227546951,READY,88,226,1889133,86,84,1,0,0,0,389323,363317,0,1,1,1,79,136090325,92439221,10263551,12392489,1275073859,1,1,0,0,0
227546952,START,89,226,1889134,86,84,1,0,0,0,389323,363317,0,1,1,1,79,136090325,92439221,10263551,12392489,1275073859,1,1,0,0,0
228135962,FIELD,86,226,1899532,86,84,1,1,0,0,390206,363317,0,1,1,1,79,136668936,92439221,10263551,12400662,1275073859,0,1,0,0,0
228135963,SELECT,84,227,1899532,84,87,1,0,0,0,390206,318272,0,0,1,1,79,136668937,92439221,10263551,12400662,3422553344,0,1,0,0,0
228187441,WAIT,89,227,1899532,84,87,1,0,0,0,390284,318272,0,0,1,0,80,136710338,92490699,10263551,12410661,3422553344,1,1,0,0,0
228223669,PUBLISH,84,227,1899532,84,87,1,0,0,0,390338,318272,0,0,1,1,80,136710338,92526927,10263551,12446889,3422553344,1,1,0,0,0
228226871,WAIT_RELEASE,89,227,1899532,84,87,1,0,0,0,390343,318272,0,0,1,1,80,136710338,92530129,10263551,12450091,3422553344,1,1,0,0,0
229138869,FIELD,84,227,1899532,84,87,1,0,0,0,391711,318272,0,0,1,1,80,136710338,93442127,10263551,13362089,3422553344,1,1,0,0,0
229148448,WAIT,89,228,1899532,84,87,1,0,0,0,391725,318272,0,0,1,1,80,136710338,93451706,10263551,13371668,3422553344,1,1,0,0,0
229225964,WAIT_RELEASE,89,228,1899532,84,87,1,0,0,0,391841,318272,0,0,1,1,80,136710338,93529222,10263551,13449184,3422553344,1,1,0,0,0
230137962,FIELD,84,228,1899532,84,87,1,0,0,0,393209,318272,0,0,1,1,80,136710338,94441220,10263551,14361182,3422553344,1,1,0,0,0
230147541,WAIT,89,229,1899532,84,87,1,0,0,0,393224,318272,0,0,1,1,80,136710338,94450799,10263551,14370761,3422553344,1,1,0,0,0
230228871,WAIT_RELEASE,89,229,1899532,84,87,1,0,0,0,393346,318272,0,0,1,1,80,136710338,94532129,10263551,14452091,3422553344,1,1,0,0,0
231140869,FIELD,84,229,1899532,84,87,1,0,0,0,394714,318272,0,0,1,1,80,136710338,95444127,10263551,15364089,3422553344,1,1,0,0,0
231150448,WAIT,89,230,1899532,84,87,1,0,0,0,394728,318272,0,0,1,1,80,136710338,95453706,10263551,15373668,3422553344,1,1,0,0,0
231227964,WAIT_RELEASE,89,230,1899532,84,87,1,1,0,0,394844,318272,0,0,1,1,80,136710338,95531222,10263551,15451184,3422553344,1,1,0,0,0
232139962,FIELD,84,230,1899532,84,87,1,1,0,0,396212,318272,0,0,1,1,80,136710338,96443220,10263551,16363182,3422553344,1,1,0,0,0
232139963,SELECT,87,231,1899533,87,87,0,0,0,0,396212,363317,0,0,1,1,80,136710338,96443221,10263551,16363183,3221226752,1,1,0,0,0
232227669,PUBLISH,87,231,1901730,87,87,0,0,0,0,396344,363317,0,0,1,1,81,136795846,96443221,10263551,16363565,3221226752,0,1,0,0,0
233142869,FIELD,87,231,1916956,87,87,0,0,0,0,397717,363317,0,0,1,1,81,137695820,96443221,10263551,16374914,3221226752,0,1,0,0,0
233982325,READY,89,232,1932637,87,87,0,0,0,0,398976,363317,0,0,1,1,81,138519596,96443221,10263551,16385600,3221226752,1,1,0,0,0
233982326,START,90,232,1932638,87,89,0,0,0,0,398976,363317,0,0,1,1,81,138519596,96443221,10263551,16385600,3288335616,1,1,0,0,0
234141962,FIELD,87,232,1932638,87,89,1,0,0,0,399215,363317,0,0,1,1,81,138519596,96602856,10423186,16385600,3422553344,1,1,0,0,0
235144869,FIELD,87,233,1932638,87,89,1,1,0,0,400720,363317,0,0,1,1,81,138519596,97605763,11426093,16385600,3422553344,1,1,0,0,0
235144870,SELECT,89,234,1932638,89,89,0,0,0,0,400720,363317,0,1,1,1,81,138519596,97605764,11426094,16385600,3221226752,1,1,0,0,0
235228762,PUBLISH,89,234,1935096,89,89,0,0,0,0,400846,363317,0,1,1,1,82,138601029,97605764,11426095,16385600,3221226752,0,1,0,0,0
236143963,FIELD,89,234,1947932,89,89,0,0,0,0,402218,363317,0,1,1,1,82,139503394,97605764,11426095,16398535,3221226752,0,1,0,0,0
237146869,FIELD,89,235,1967972,89,89,0,0,0,0,403723,363317,0,1,1,1,82,140486260,97605764,11426095,16411460,3221226752,0,1,0,0,0
237652882,READY,90,236,1976477,89,89,0,0,0,0,404482,363317,0,1,1,1,82,140983769,97605764,11426095,16417574,3221226752,1,1,0,0,0
237652883,START,91,236,1976478,89,90,0,0,0,0,404482,363317,0,1,1,1,82,140983769,97605764,11426095,16417574,3288335616,1,1,0,0,0
238145963,FIELD,89,236,1976478,89,90,1,1,0,0,405221,363317,0,1,1,1,82,140983769,98098843,11426095,16417574,3422553344,1,1,0,0,0
238145964,SELECT,90,237,1976479,90,90,0,0,0,0,405221,363317,0,0,0,1,82,140983769,98098844,11426095,16417574,3221226752,1,1,0,0,0
238233669,PUBLISH,90,237,1978700,90,90,0,0,0,0,405353,363317,0,0,0,1,83,141069252,98098844,11426095,16417574,3221226752,0,1,0,0,0
239148869,FIELD,90,237,1992452,90,90,0,0,0,0,406726,363317,0,0,0,1,83,141970700,98098844,11426095,16429489,3221226752,0,1,0,0,0
240147963,FIELD,90,238,2011844,90,90,0,1,0,0,408224,363317,0,0,0,1,83,142950402,98098844,11426095,16441624,3221226752,0,1,0,0,0
240703548,READY,91,239,2022653,90,90,0,0,0,0,409058,363317,0,0,0,1,83,143495179,98098844,11426095,16448477,3221226752,1,1,0,0,0
240703549,START,92,239,2022654,90,91,0,0,0,0,409058,363317,0,0,0,1,83,143495179,98098844,11426095,16448477,3288335616,1,1,0,0,0
241150869,FIELD,90,239,2022654,90,91,1,0,0,0,409729,363317,0,0,0,1,83,143495179,98546163,11426095,16448477,3422553344,1,1,0,0,0
242149963,FIELD,90,240,2022654,90,91,1,1,0,0,411227,363317,0,0,0,1,83,143495179,99545257,11426095,16448477,3422553344,1,1,0,0,0
242149964,SELECT,91,241,2022655,91,91,0,0,0,0,411227,363317,0,0,1,1,83,143495179,99545258,11426095,16448477,3221226752,1,1,0,0,0
242237669,PUBLISH,91,241,2025184,91,91,0,0,0,0,411359,363317,0,0,1,1,84,143580354,99545258,11426095,16448477,3221226752,0,1,0,0,0
243152869,FIELD,91,241,2038396,91,91,0,0,0,0,412732,363317,0,0,1,1,84,144482342,99545258,11426095,16460192,3221226752,0,1,0,0,0
244151963,FIELD,91,242,2058464,91,91,0,0,0,0,414230,363317,0,0,1,1,84,145461368,99545258,11426095,16471326,3221226752,0,1,0,0,0
244730641,READY,92,243,2069561,91,91,0,0,0,0,415098,363317,0,0,1,1,84,146028950,99545258,11426095,16477166,3221226752,1,1,0,0,0
244730642,START,93,243,2069562,91,92,0,0,0,0,415098,363317,0,0,1,1,84,146028950,99545258,11426095,16477166,3288335616,1,1,0,0,0
245154869,FIELD,91,243,2069562,91,92,1,1,0,0,415735,363317,0,0,1,1,84,146028950,99969484,11426095,16477166,3422553344,1,1,0,0,0
245154870,SELECT,92,244,2069563,92,92,0,0,0,0,415735,363317,0,1,0,1,84,146028950,99969485,11426095,16477166,3221226752,1,1,0,0,0
245238762,PUBLISH,92,244,2072132,92,92,0,0,0,0,415861,363317,0,1,0,1,85,146110272,99969485,11426095,16477166,3221226752,0,1,0,0,0
246153963,FIELD,92,244,2085560,92,92,0,0,0,0,417233,363317,0,1,0,1,85,147012045,99969485,11426095,16489382,3221226752,0,1,0,0,0
247156869,FIELD,92,245,2105304,92,92,0,1,0,0,418738,363317,0,1,0,1,85,147995207,99969485,11426095,16500002,3221226752,0,1,0,0,0
247736253,READY,93,246,2116189,92,92,0,0,0,0,419607,363317,0,1,0,1,85,148563707,99969485,11426095,16506751,3221226752,1,1,0,0,0
247736254,START,94,246,2116190,92,93,0,0,0,0,419607,363317,0,1,0,1,85,148563707,99969485,11426095,16506751,3288335616,1,1,0,0,0
248155963,FIELD,92,246,2116190,92,93,1,0,0,0,420236,363317,0,1,0,1,85,148563707,100389193,11426095,16506751,3422553344,1,1,0,0,0
249158869,FIELD,92,247,2116190,92,93,1,1,0,0,421741,363317,0,1,0,1,85,148563707,101392099,11426095,16506751,3422553344,1,1,0,0,0
249158870,SELECT,93,248,2116191,93,93,0,0,0,0,421741,363317,0,1,1,1,85,148563707,101392100,11426095,16506751,3221226752,1,1,0,0,0
249242763,PUBLISH,93,248,2118616,93,93,0,0,0,0,421867,363317,0,1,1,1,86,148645174,101392100,11426095,16506751,3221226752,0,1,0,0,0
250157963,FIELD,93,248,2132284,93,93,0,0,0,0,423239,363317,0,1,1,1,86,149546706,101392100,11426095,16518258,3221226752,0,1,0,0,0
251160869,FIELD,93,249,2152416,93,93,0,0,0,0,424744,363317,0,1,1,1,86,150529480,101392100,11426095,16529048,3221226752,0,1,0,0,0
251767031,READY,94,250,2163817,93,93,0,0,0,0,425653,363317,0,1,1,1,86,151124242,101392100,11426095,16535738,3221226752,1,1,0,0,0
251767032,START,95,250,2163818,93,94,0,0,0,0,425653,363317,0,1,1,1,86,151124242,101392100,11426095,16535738,3288335616,1,1,0,0,0
252159963,FIELD,93,250,2163818,93,94,1,1,0,0,426242,363317,0,1,1,1,86,151124242,101785030,11426095,16535738,3422553344,1,1,0,0,0
252159964,SELECT,94,251,2163819,94,94,0,0,0,0,426242,363317,0,0,0,1,86,151124242,101785031,11426095,16535738,3221226752,1,1,0,0,0
252247669,PUBLISH,94,251,2166284,94,94,0,0,0,0,426374,363317,0,0,0,1,87,151209481,101785031,11426095,16535738,3221226752,0,1,0,0,0
253162869,FIELD,94,251,2179160,94,94,0,0,0,0,427747,363317,0,0,0,1,87,152111805,101785031,11426095,16548412,3221226752,0,1,0,0,0
254161963,FIELD,94,252,2199756,94,94,0,1,0,0,429245,363317,0,0,0,1,87,153090303,101785031,11426095,16559872,3221226752,0,1,0,0,0
254781523,READY,95,253,2211205,94,94,0,0,0,0,430175,363317,0,0,0,1,87,153698415,101785031,11426095,16567181,3221226752,1,1,0,0,0
254781684,START,96,253,2211366,94,95,0,0,0,0,430175,363317,0,0,0,1,87,153698415,101785031,11426095,16567181,3288335616,1,1,0,0,0
255164869,FIELD,94,253,2223294,94,95,1,0,0,0,430750,363317,0,0,0,1,87,154069671,101785031,11426095,16574967,3422553344,0,1,0,0,0
256163963,FIELD,94,254,2258148,94,95,1,1,0,0,432248,363317,0,0,0,1,87,155033911,101785031,11426095,16590164,3422553344,0,1,0,0,0
256163964,SELECT,95,255,2258148,95,95,0,0,0,0,432248,363317,0,0,1,1,87,155033912,101785031,11426095,16590164,3221226752,0,1,0,0,0
256251669,PUBLISH,95,255,2260934,95,95,0,0,0,0,432380,363317,0,0,1,1,88,155118831,101785031,11426095,16590533,3221226752,0,1,0,0,0
257083116,PTS,9,255,2286413,95,95,0,0,0,0,433627,363317,0,0,1,1,88,155924800,101785031,11426095,16606181,3221226752,1,1,0,0,0
257084553,START,97,255,2286462,95,95,0,0,0,0,433629,363317,0,0,1,1,88,155926188,101785031,11426095,16606181,3221226752,1,1,0,0,0
257084554,READY,96,255,2286463,95,95,0,0,0,0,433629,363317,0,0,1,1,88,155926188,101785031,11426095,16606181,1073742405,1,1,0,0,0
257166869,FIELD,95,255,2287668,95,95,0,0,0,0,433753,363317,0,0,1,1,88,156007297,101785031,11426095,16607278,1073742405,0,1,0,0,0
258165963,FIELD,95,256,2297628,95,95,0,0,0,0,435251,363317,0,0,1,1,88,156996431,101785031,11426095,16623892,1073742405,0,1,0,0,0
259168869,FIELD,95,257,2312772,95,95,0,0,0,0,436756,363317,0,0,1,1,88,157984193,101785031,11426095,16635965,1073742405,0,1,0,0,0
259222168,READY,97,258,2312772,95,95,0,0,0,0,436836,363317,0,0,1,1,88,158037492,101785031,11426095,16635965,1073742405,0,1,0,0,0
259222170,START,98,258,2312774,95,97,1,1,1,1,436836,363317,0,0,1,1,88,158037493,101785031,11426095,16635965,1073742409,1,1,0,0,0
260167963,FIELD,95,258,2321784,95,97,1,0,1,1,438254,363317,0,0,1,1,88,158974275,101785031,11426095,16650653,1073742925,0,1,0,0,0
261170869,FIELD,95,259,2337108,95,97,1,1,1,1,439759,363317,0,0,1,1,88,159961857,101785031,11426095,16663683,1073742925,0,1,0,0,0
261170870,SELECT,97,260,2337108,97,95,0,0,0,0,439759,408362,1,1,0,1,88,159961858,101785031,11426095,16663683,1073743205,0,1,0,0,0
261254763,PUBLISH,97,260,2337708,97,95,0,0,0,0,439885,408362,1,1,0,1,89,160045151,101785031,11426095,16663683,1073743205,0,1,0,0,0
261266054,READY,98,260,2337708,97,95,0,0,0,0,439902,408362,1,1,0,1,89,160056442,101785031,11426095,16664175,1073743205,0,1,0,0,0
261266056,START,99,260,2337710,97,98,1,0,0,0,439902,408362,1,1,0,1,89,160056443,101785031,11426095,16664175,1073743217,1,1,0,0,0
262169963,FIELD,97,260,2356060,97,98,1,0,0,0,441257,408362,1,1,0,1,89,160941999,101785031,11426095,16675506,1073745267,0,1,0,0,0
263172869,FIELD,97,261,2378148,97,98,1,1,0,0,442762,408362,1,1,0,1,89,161922817,101785031,11426095,16686900,1073745267,0,1,0,0,0
263172870,SELECT,98,262,2378148,98,95,1,0,0,0,442762,408362,0,1,1,1,89,161922818,101785031,11426095,16686900,1073745219,0,1,0,0,0
263256763,PUBLISH,98,262,2379992,98,95,1,0,0,0,442888,408362,0,1,1,1,90,162004867,101785031,11426095,16686900,1073745219,0,1,0,0,0
263924449,READY,99,262,2393093,98,95,1,0,0,0,443889,408362,0,1,1,1,90,162659453,101785031,11426095,16696050,1073745219,1,1,0,0,0
263924450,START,100,262,2393094,98,95,1,0,0,0,443889,408362,0,1,1,1,90,162659453,101785031,11426095,16696050,1140856131,1,1,0,0,0
264171963,FIELD,98,262,2395964,98,95,1,0,0,0,444260,408362,0,1,1,1,90,162904095,101785031,11426095,16699816,1091872067,0,1,0,0,0
265174870,FIELD,98,263,2407448,98,95,1,0,0,0,445765,408362,0,1,1,1,90,163895518,101785031,11426095,16715776,1091872067,0,1,0,0,0
265962246,READY,100,264,2419588,98,95,1,0,0,0,446946,408362,0,1,1,1,90,164670754,101785031,11426095,16725881,1091872067,0,1,0,0,0
266173963,FIELD,98,264,2419589,98,95,1,1,0,0,447263,408362,0,1,1,1,90,164670755,101996746,11426095,16725881,1091904835,1,1,0,0,0
266173964,SELECT,95,265,2419589,95,99,0,0,0,0,447263,363317,0,0,1,1,90,164670755,101996747,11426095,16725881,1125459203,1,1,0,0,0
266173965,START,101,265,2419590,95,100,1,0,0,0,447263,363317,0,0,1,1,91,164670755,101996748,11426095,16725881,1073742409,1,0,0,0,0
266261669,PUBLISH,95,265,2420580,95,100,1,0,0,0,447395,363317,0,0,1,1,91,164757468,101996748,11426095,16725881,1073742925,0,1,0,0,0
267176870,FIELD,95,265,2429992,95,100,1,0,0,0,448768,363317,0,0,1,1,91,165663257,101996748,11426095,16740060,1073742925,0,1,0,0,0
268175963,FIELD,95,266,2446232,95,100,1,0,0,0,450266,363317,0,0,1,1,91,166646110,101996748,11426095,16753118,1073742925,0,1,0,0,0
268228144,READY,101,267,2446232,95,100,1,0,0,0,450345,363317,0,0,1,1,91,166698291,101996748,11426095,16753118,1073742925,0,1,0,0,0
268228146,START,102,267,2446234,95,100,1,0,0,0,450345,363317,0,0,1,1,91,166698292,101996748,11426095,16753118,1073742937,1,1,0,0,0
269178870,FIELD,95,267,2446234,95,100,1,0,0,0,451771,363317,0,0,1,1,91,166698292,101996748,12376818,16753118,1073744987,1,1,0,0,0
270177963,FIELD,95,268,2446234,95,100,1,1,0,0,453269,363317,0,0,1,1,91,166698292,101996748,13375911,16753118,1073744987,1,1,0,0,0
270177964,SELECT,100,269,2446234,100,101,1,0,0,0,453269,408362,0,0,1,1,91,166698292,101996748,13375912,16753118,1073745267,1,1,0,0,0
270265669,PUBLISH,100,269,2449272,100,101,1,0,0,0,453401,408362,0,0,1,1,92,166782958,101996748,13375913,16753118,1073745267,0,1,0,0,0
271180870,FIELD,100,269,2467460,100,101,1,0,0,0,454774,408362,0,0,1,1,92,167679971,101996748,13375913,16763580,1073745267,0,1,0,0,0
272179963,FIELD,100,270,2492404,100,101,1,0,0,0,456272,408362,0,0,1,1,92,168654120,101996748,13375913,16775150,1073745267,0,1,0,0,0
272985520,READY,102,271,2509385,100,101,1,0,0,0,457481,408362,0,0,1,1,92,169442697,101996748,13375913,16783217,1073745267,1,1,0,0,0
273182870,FIELD,100,271,2509385,100,101,1,1,0,0,457777,408362,0,0,1,1,92,169442697,102194097,13375913,16783217,1140856179,1,1,0,0,0
273182871,START,103,272,2509386,101,99,1,0,0,0,457777,408362,0,1,0,1,92,169442697,102194098,13375913,16783217,1140856131,1,1,0,0,0
273182871,SELECT,101,272,2509386,101,99,1,0,0,0,457777,408362,0,1,0,1,92,169442697,102194098,13375913,16783217,1140856131,1,1,0,0,0
273266763,PUBLISH,101,272,2510516,101,99,1,0,0,0,457903,408362,0,1,0,1,93,169525458,102194098,13375913,16783217,1091872067,0,1,0,0,0
274181963,FIELD,101,272,2519512,101,99,1,0,0,0,459275,408362,0,1,0,1,93,170431662,102194098,13375913,16799033,1091872067,0,1,0,0,0
275184870,FIELD,101,273,2535508,101,99,1,1,0,0,460780,408362,0,1,0,1,93,171418573,102194098,13375913,16811489,1091872067,0,1,0,0,0
275184871,SELECT,99,274,2535508,99,102,0,0,0,0,460780,408362,0,1,1,1,93,171418574,102194098,13375913,16811489,1125426435,0,1,0,0,0
275268763,PUBLISH,99,274,2537144,99,102,0,0,0,0,460906,408362,0,1,1,1,94,171500830,102194098,13375913,16811489,1125426435,0,1,0,0,0
275355630,READY,103,274,2537892,99,102,0,0,0,0,461036,408362,0,1,1,1,94,171586949,102194098,13375913,16813565,1125426435,0,1,0,0,0
275355633,START,104,274,2537894,99,103,1,0,0,0,461036,408362,0,1,1,1,94,171586950,102194099,13375913,16813565,1073742409,1,1,0,0,0
276183963,FIELD,99,274,2546004,99,103,1,0,0,0,462278,408362,0,1,1,1,94,172407169,102194099,13375913,16826409,1073742925,0,1,0,0,0
277186870,FIELD,99,275,2561924,99,103,1,0,0,0,463783,408362,0,1,1,1,94,173394156,102194099,13375913,16838078,1073742925,0,1,0,0,0
277526613,READY,104,276,2566880,99,103,1,0,0,0,464292,408362,0,1,1,1,94,173728943,102194099,13375913,16841964,1073742925,0,1,0,0,0
277526615,START,105,276,2566882,99,103,1,0,0,0,464292,408362,0,1,1,1,94,173728944,102194099,13375913,16841964,1073742937,1,1,0,0,0
278185963,FIELD,99,276,2580812,99,103,1,1,0,0,465281,408362,0,1,1,1,94,174374361,102194099,13375913,16849465,1073744987,0,1,0,0,0
278185964,SELECT,103,277,2580812,103,104,1,0,0,0,465281,408362,0,0,0,1,94,174374362,102194099,13375913,16849465,1073745267,0,1,0,0,0
278273670,PUBLISH,103,277,2582568,103,104,1,0,0,0,465413,408362,0,0,0,1,95,174460312,102194099,13375913,16849465,1073745267,0,1,0,0,0
279188870,FIELD,103,277,2606476,103,104,1,0,0,0,466786,408362,0,0,0,1,95,175351604,102194099,13375913,16858380,1073745267,0,1,0,0,0
280187963,FIELD,103,278,2632788,103,104,1,1,0,0,468284,408362,0,0,0,1,95,176324385,102194099,13375913,16868318,1073745267,0,1,0,0,0
280187964,SELECT,104,279,2632788,104,102,1,0,0,0,468284,408362,0,0,1,1,95,176324386,102194099,13375913,16868318,1073745219,0,1,0,0,0
280275670,PUBLISH,104,279,2634984,104,102,1,0,0,0,468416,408362,0,0,1,1,96,176409896,102194099,13375913,16868318,1073745219,0,1,0,0,0
280415517,READY,105,279,2636497,104,102,1,0,0,0,468626,408362,0,0,1,1,96,176548231,102194099,13375913,16870693,1073745219,1,1,0,0,0
280415518,START,106,279,2636498,104,102,1,0,0,0,468626,408362,0,0,1,1,96,176548231,102194099,13375913,16870693,1140856131,1,1,0,0,0
281190870,FIELD,104,279,2643824,104,102,1,0,0,0,469789,408362,0,0,1,1,96,177316256,102194099,13375913,16882798,1091872067,0,1,0,0,0
282189963,FIELD,104,280,2659988,104,102,1,0,0,0,471287,408362,0,0,1,1,96,178299185,102194099,13375913,16895161,1091872067,0,1,0,0,0
282660235,READY,106,281,2666768,104,102,1,0,0,0,471993,408362,0,0,1,1,96,178762677,102194099,13375913,16900180,1091872067,0,1,0,0,0
283192870,FIELD,104,281,2666769,104,102,1,1,0,0,472792,408362,0,0,1,1,96,178762678,102726732,13375913,16900180,1091904835,1,1,0,0,0
283192871,SELECT,102,282,2666769,102,105,0,0,0,0,472792,408362,0,1,0,1,96,178762678,102726733,13375913,16900180,1125459203,1,1,0,0,0
283192872,START,107,282,2666770,102,106,1,0,0,0,472792,408362,0,1,0,1,97,178762678,102726734,13375913,16900180,1073742409,1,0,0,0,0
283276763,PUBLISH,102,282,2668020,102,106,1,0,0,0,472918,408362,0,1,0,1,97,178845318,102726734,13375913,16900180,1073742925,0,1,0,0,0
284191963,FIELD,102,282,2677848,102,106,1,0,0,0,474290,408362,0,1,0,1,97,179750690,102726734,13375913,16914326,1073742925,0,1,0,0,0
285194870,FIELD,102,283,2694932,102,106,1,1,0,0,475795,408362,0,1,0,1,97,180736513,102726734,13375913,16926922,1073742925,0,1,0,0,0
285194871,SELECT,106,284,2694932,106,105,0,0,0,0,475795,408362,0,1,1,1,97,180736514,102726734,13375913,16926922,1073743205,0,1,0,0,0
285278763,PUBLISH,106,284,2696464,106,105,0,0,0,0,475921,408362,0,1,1,1,98,180818874,102726734,13375913,16926922,1073743205,0,1,0,0,0
285445369,READY,107,284,2698712,106,105,0,0,0,0,476171,408362,0,1,1,1,98,180983232,102726734,13375913,16930231,1073743205,0,1,0,0,0
285445531,START,108,284,2698874,106,107,1,0,0,0,476171,408362,0,1,1,1,98,180983233,102726734,13375913,16930231,1073743217,1,1,0,0,0
286193963,FIELD,106,284,2719868,106,107,1,0,0,0,477293,408362,0,1,1,1,98,181710670,102726734,13375913,16944407,1073745267,0,1,0,0,0
287196870,FIELD,106,285,2758224,106,107,1,0,0,0,478798,408362,0,1,1,1,98,182675221,102726734,13375913,16959346,1073745267,0,1,0,0,0
287740123,PTS,10,286,2776045,106,107,1,0,0,0,479613,408362,0,1,1,1,98,183200654,102726734,13375913,16967307,1073745267,1,1,0,0,0
287777305,START,109,286,2777186,106,107,1,0,0,0,479668,408362,0,1,1,1,98,183236695,102726734,13375913,16967811,1073745267,1,1,0,0,0
287777306,READY,108,286,2777186,106,107,1,0,0,0,479668,408362,0,1,1,1,98,183236695,102726734,13375913,16967811,1073745267,1,1,0,0,0
288195963,FIELD,106,286,2777186,106,107,1,1,0,0,480296,408362,0,1,1,1,98,183236695,103145391,13375913,16967811,1140856179,1,1,0,0,0
288195964,SELECT,107,287,2777186,107,105,1,0,0,0,480296,408362,0,0,0,1,98,183236695,103145392,13375913,16967811,1140856131,1,1,0,0,0
288283670,PUBLISH,107,287,2778224,107,105,1,0,0,0,480428,408362,0,0,0,1,99,183323362,103145393,13375913,16967811,1091872067,0,1,0,0,0
289198870,FIELD,107,287,2788324,107,105,1,0,0,0,481801,408362,0,0,0,1,99,184228462,103145393,13375913,16984207,1091872067,0,1,0,0,0
290197963,FIELD,107,288,2803984,107,105,1,1,0,0,483299,408362,0,0,0,1,99,185211895,103145393,13375913,16996370,1091872067,0,1,0,0,0
290197964,SELECT,105,289,2803984,105,108,0,0,0,0,483299,408362,0,0,1,1,99,185211896,103145393,13375913,16996370,1125426435,0,1,0,0,0
290285670,PUBLISH,105,289,2805488,105,108,0,0,0,0,483431,408362,0,0,1,1,100,185298098,103145393,13375913,16996370,1125426435,0,1,0,0,0
290339126,READY,109,289,2805488,105,108,0,0,0,0,483511,408362,0,0,1,1,100,185351554,103145393,13375913,16998232,1125426435,0,1,0,0,0
290339129,START,110,289,2805490,105,109,1,0,1,1,483511,408362,0,0,1,1,100,185351555,103145394,13375913,16998232,1073742409,1,1,0,0,0
291200870,FIELD,105,289,2814400,105,109,1,0,1,1,484804,408362,0,0,1,1,100,186204385,103145394,13375913,17012322,1073742925,0,1,0,0,0
292199963,FIELD,105,290,2831300,105,109,1,0,1,1,486302,408362,0,0,1,1,100,187186578,103145394,13375913,17024810,1073742925,0,1,0,0,0
292443092,READY,110,291,2833532,105,109,1,0,1,1,486667,408362,0,0,1,1,100,187427475,103145394,13375913,17027675,1073742925,0,1,0,0,0
292443094,START,111,291,2833534,105,109,1,0,1,1,486667,408362,0,0,1,1,100,187427476,103145394,13375913,17027675,1073742937,1,1,0,0,0
293202870,FIELD,105,291,2842800,105,109,1,1,1,1,487807,408362,0,0,1,1,100,188177985,103145394,13375913,17038044,1073744987,0,1,0,0,0
293202871,SELECT,109,292,2842800,109,110,1,0,0,0,487807,453407,1,1,0,1,100,188177986,103145394,13375913,17038044,1073745267,0,1,0,0,0
293286763,PUBLISH,109,292,2843948,109,110,1,0,0,0,487933,453407,1,1,0,1,101,188260730,103145394,13375913,17038044,1073745267,0,1,0,0,0
294201963,FIELD,109,292,2864616,109,110,1,0,0,0,489305,453407,1,1,0,1,101,189155262,103145394,13375913,17049722,1073745267,0,1,0,0,0
294891190,READY,111,293,2876797,109,110,1,0,0,0,490339,453407,1,1,0,1,101,189832309,103145394,13375913,17058453,1073745267,1,1,0,0,0
295204870,FIELD,109,293,2876797,109,110,1,1,0,0,490810,453407,1,1,0,1,101,189832309,103459073,13375913,17058453,1140856179,1,1,0,0,0
295204871,START,112,294,2876798,110,108,1,0,0,0,490810,453407,0,1,1,1,101,189832309,103459074,13375913,17058453,1140856131,1,1,0,0,0
295204871,SELECT,110,294,2876798,110,108,1,0,0,0,490810,453407,0,1,1,1,101,189832309,103459074,13375913,17058453,1140856131,1,1,0,0,0
295288763,PUBLISH,110,294,2878824,110,108,1,0,0,0,490936,453407,0,1,1,1,102,189914174,103459074,13375913,17058453,1275073859,0,1,0,0,0
296203963,FIELD,110,294,2891978,110,108,1,0,0,0,492308,453407,0,1,1,1,102,190816220,103459074,13375913,17070820,1275073859,0,1,0,0,0
297206870,FIELD,110,295,2916020,110,108,1,0,0,0,493813,453407,0,1,1,1,102,191795085,103459074,13375913,17083395,1275073859,0,1,0,0,0
297734569,READY,112,296,2924437,110,108,1,0,0,0,494604,453407,0,1,1,1,102,192314368,103459074,13375913,17090322,1275073859,1,1,0,0,0
297734570,START,113,296,2924438,110,108,1,0,0,0,494604,453407,0,1,1,1,102,192314368,103459074,13375913,17090322,1275073859,1,1,0,0,0
298205963,FIELD,110,296,2932292,110,108,1,0,0,0,495311,453407,0,1,1,1,102,192777906,103459074,13375913,17096802,1275073859,0,1,0,0,0
299208870,FIELD,110,297,2952684,110,108,1,1,0,0,496816,453407,0,1,1,1,102,193760421,103459074,13375913,17108051,1275073859,0,1,0,0,0
299208871,SELECT,108,298,2952684,108,111,1,0,0,0,496816,408362,0,1,1,1,102,193760422,103459074,13375913,17108051,3422553344,0,1,0,0,0
299265388,WAIT,113,298,2952684,108,111,1,0,0,0,496901,408362,0,1,1,0,103,193806798,103515591,13375913,17118050,3422553344,1,1,0,0,0
299292763,PUBLISH,108,298,2952684,108,111,1,0,0,0,496942,408362,0,1,1,1,103,193806798,103542966,13375913,17145425,3422553344,1,1,0,0,0
299295965,WAIT_RELEASE,113,298,2952684,108,111,1,0,0,0,496946,408362,0,1,1,1,103,193806798,103546168,13375913,17148627,3422553344,1,1,0,0,0
300207963,FIELD,108,298,2952684,108,111,1,0,0,0,498314,408362,0,1,1,1,103,193806798,104458166,13375913,18060625,3422553344,1,1,0,0,0
300217542,WAIT,113,299,2952684,108,111,1,0,0,0,498329,408362,0,1,1,1,103,193806798,104467745,13375913,18070204,3422553344,1,1,0,0,0
300298872,WAIT_RELEASE,113,299,2952684,108,111,1,0,0,0,498451,408362,0,1,1,1,103,193806798,104549075,13375913,18151534,3422553344,1,1,0,0,0
301210870,FIELD,108,299,2952684,108,111,1,0,0,0,499819,408362,0,1,1,1,103,193806798,105461073,13375913,19063532,3422553344,1,1,0,0,0
301220449,WAIT,113,300,2952684,108,111,1,0,0,0,499833,408362,0,1,1,1,103,193806798,105470652,13375913,19073111,3422553344,1,1,0,0,0
301297965,WAIT_RELEASE,113,300,2952684,108,111,1,0,0,0,499949,408362,0,1,1,1,103,193806798,105548168,13375913,19150627,3422553344,1,1,0,0,0
302209963,FIELD,108,300,2952684,108,111,1,1,0,0,501317,408362,0,1,1,1,103,193806798,106460166,13375913,20062625,3422553344,1,1,0,0,0
302209964,SELECT,111,301,2952685,111,111,0,0,0,0,501317,453407,0,0,1,1,103,193806798,106460167,13375913,20062626,3221226752,1,1,0,0,0
302297670,PUBLISH,111,301,2954936,111,111,0,0,0,0,501449,453407,0,0,1,1,104,193892252,106460167,13375913,20063008,3221226752,0,1,0,0,0
303212870,FIELD,111,301,2973352,111,111,0,0,0,0,502822,453407,0,0,1,1,104,194789036,106460167,13375913,20075085,3221226752,0,1,0,0,0
303261546,READY,113,302,2973353,111,111,0,0,0,0,502895,453407,0,0,1,1,104,194837712,106460167,13375913,20075085,3221226752,1,1,0,0,0
303261547,START,114,302,2973354,111,113,0,0,0,0,502895,453407,0,0,1,1,104,194837712,106460167,13375913,20075085,3288335616,1,1,0,0,0
304211963,FIELD,111,302,2973354,111,113,1,0,0,0,504320,453407,0,0,1,1,104,194837712,107410582,14326328,20075085,3422553344,1,1,0,0,0
305214870,FIELD,111,303,2973354,111,113,1,1,0,0,505825,453407,0,0,1,1,104,194837712,108413489,15329235,20075085,3422553344,1,1,0,0,0
305214871,SELECT,113,304,2973354,113,113,0,0,0,0,505825,453407,0,1,1,1,104,194837712,108413490,15329236,20075085,3221226752,1,1,0,0,0
305298763,PUBLISH,113,304,2976008,113,113,0,0,0,0,505951,453407,0,1,1,1,105,194918949,108413490,15329237,20075085,3221226752,0,1,0,0,0
306213963,FIELD,113,304,2992064,113,113,0,0,0,0,507323,453407,0,1,1,1,105,195818093,108413490,15329237,20085680,3221226752,0,1,0,0,0
307216870,FIELD,113,305,3020536,113,113,0,0,0,0,508828,453407,0,1,1,1,105,196792528,108413490,15329237,20096509,3221226752,0,1,0,0,0
307946506,READY,114,306,3033673,113,113,0,0,0,0,509922,453407,0,1,1,1,105,197509028,108413490,15329237,20104886,3221226752,1,1,0,0,0
307946507,START,115,306,3033674,113,114,0,0,0,0,509922,453407,0,1,1,1,105,197509028,108413490,15329237,20104886,3288335616,1,1,0,0,0
308215963,FIELD,113,306,3036944,113,114,0,0,0,0,510326,453407,0,1,1,1,105,197775213,108413490,15329237,20108923,1073742405,0,1,0,0,0
309218870,FIELD,113,307,3051588,113,114,0,1,0,0,511831,453407,0,1,1,1,105,198763476,108413490,15329237,20122616,1073742405,0,1,0,0,0
310036604,READY,115,308,3060388,113,114,0,0,0,0,513057,453407,0,1,1,1,105,199572410,108413490,15329237,20134403,1073742405,0,1,0,0,0
310036606,START,116,308,3060390,113,115,1,1,0,0,513057,453407,0,1,1,1,105,199572411,108413490,15329237,20134403,1073742409,1,1,0,0,0
310217963,FIELD,113,308,3063092,113,115,1,1,0,0,513329,453407,0,1,1,1,105,199751065,108413490,15329237,20137270,1073742925,0,1,0,0,0
310217964,SELECT,115,309,3063092,115,114,0,0,0,0,513329,453407,0,0,0,1,105,199751066,108413490,15329237,20137270,1073743205,0,1,0,0,0
310305670,PUBLISH,115,309,3063784,115,114,0,0,0,0,513461,453407,0,0,0,1,106,199838080,108413490,15329237,20137604,1073743205,0,1,0,0,0
311220870,FIELD,115,309,3076644,115,114,0,0,0,0,514834,453407,0,0,0,1,106,200740420,108413490,15329237,20152028,1073743205,0,1,0,0,0
312106356,READY,116,310,3087824,115,114,0,0,0,0,516162,453407,0,0,0,1,106,201614726,108413490,15329237,20166002,1073743205,0,1,0,0,0
312106358,START,117,310,3087826,115,116,1,0,0,0,516162,453407,0,0,0,1,106,201614727,108413490,15329237,20166002,1073743217,1,1,0,0,0
312219963,FIELD,115,310,3090640,115,116,1,1,0,0,516332,453407,0,0,0,1,106,201725517,108413490,15329237,20167113,1073745267,0,1,0,0,0
312219964,SELECT,116,311,3090640,116,114,1,0,0,0,516332,453407,0,0,1,1,106,201725518,108413490,15329237,20167113,1073745219,0,1,0,0,0
312307670,PUBLISH,116,311,3092392,116,114,1,0,0,0,516464,453407,0,0,1,1,107,201811472,108413490,15329237,20167113,1073745219,0,1,0,0,0
313222870,FIELD,116,311,3112652,116,114,1,0,0,0,517837,453407,0,0,1,1,107,202706412,108413490,15329237,20178294,1073745219,0,1,0,0,0
314221963,FIELD,116,312,3139224,116,114,1,0,0,0,519335,453407,0,0,1,1,107,203678933,108413490,15329237,20188221,1073745219,0,1,0,0,0
314906606,READY,117,313,3150777,116,114,1,0,0,0,520362,453407,0,0,1,1,107,204352024,108413490,15329237,20196130,1073745219,1,1,0,0,0
314906607,START,118,313,3150778,116,114,1,0,0,0,520362,453407,0,0,1,1,107,204352024,108413490,15329237,20196130,1140856131,1,1,0,0,0
315224870,FIELD,116,313,3155028,116,114,1,1,0,0,520840,453407,0,0,1,1,107,204666036,108413490,15329237,20200751,1091872067,0,1,0,0,0
315224871,SELECT,114,314,3155028,114,117,0,0,0,0,520840,453407,0,1,0,1,107,204666037,108413490,15329237,20200751,1125426435,0,1,0,0,0
315308763,PUBLISH,114,314,3156060,114,117,0,0,0,0,520966,453407,0,1,0,1,108,204748897,108413490,15329237,20201112,1125426435,0,1,0,0,0
316223963,FIELD,114,314,3168868,114,117,0,0,0,0,522338,453407,0,1,0,1,108,205651289,108413490,15329237,20213696,1125426435,0,1,0,0,0
317008421,READY,118,315,3177308,114,117,0,0,0,0,523515,453407,0,1,0,1,108,206427307,108413490,15329237,20225644,1125426435,0,1,0,0,0
317008424,START,119,315,3177310,114,118,1,0,0,0,523515,453407,0,1,0,1,108,206427308,108413491,15329237,20225644,1073742409,1,1,0,0,0
317226870,FIELD,114,315,3180304,114,118,1,1,0,0,523843,453407,0,1,0,1,108,206642759,108413491,15329237,20228934,1073742925,0,1,0,0,0
317226871,SELECT,118,316,3180304,118,117,0,0,0,0,523843,453407,0,1,1,1,108,206642760,108413491,15329237,20228934,1073743205,0,1,0,0,0
317310763,PUBLISH,118,316,3181132,118,117,0,0,0,0,523969,453407,0,1,1,1,109,206725824,108413491,15329237,20228934,1073743205,0,1,0,0,0
318225963,FIELD,118,316,3194232,118,117,0,0,0,0,525341,453407,0,1,1,1,109,207627924,108413491,15329237,20242278,1073743205,0,1,0,0,0
319076406,READY,119,317,3203544,118,117,0,0,0,0,526617,453407,0,1,1,1,109,208469055,108413491,15329237,20256055,1073743205,0,1,0,0,0
319076568,START,120,317,3203706,118,119,1,0,0,0,526617,453407,0,1,1,1,109,208469056,108413491,15329237,20256055,1073743217,1,1,0,0,0
319228870,FIELD,118,317,3208078,118,119,1,0,0,0,526846,453407,0,1,1,1,109,208616985,108413491,15329237,20258751,1073745267,0,1,0,0,0
320227964,FIELD,118,318,3244532,118,119,1,1,0,0,528344,453407,0,1,1,1,109,209579625,108413491,15329237,20273533,1073745267,0,1,0,0,0
320227965,SELECT,119,319,3244532,119,117,1,0,0,0,528344,453407,0,0,0,1,109,209579626,108413491,15329237,20273533,1073745219,0,1,0,0,0
320315670,PUBLISH,119,319,3248084,119,117,1,0,0,0,528476,453407,0,0,0,1,110,209663779,108413491,15329237,20273832,1073745219,0,1,0,0,0
321230870,FIELD,119,319,3277749,119,117,1,0,0,0,529849,453407,0,0,0,1,110,210549314,108413491,15329237,20290093,1073745219,0,1,0,0,0
321386892,PTS,11,320,3281897,119,117,1,0,0,0,530083,453407,0,0,0,1,110,210701189,108413491,15329237,20291098,1073745219,1,1,0,0,0
321415163,START,121,320,3282786,119,117,1,0,0,0,530125,453407,0,0,0,1,110,210728571,108413491,15329237,20291689,1073745219,1,1,0,0,0
321415164,READY,120,320,3282786,119,117,1,0,0,0,530125,453407,0,0,0,1,110,210728571,108413491,15329237,20291689,1073745219,1,1,0,0,0
322229964,FIELD,119,320,3292408,119,117,1,1,0,0,531347,453407,0,0,0,1,110,211533748,108413492,15329237,20304151,1091872067,0,1,0,0,0
322229965,SELECT,117,321,3292408,117,120,0,0,0,0,531347,453407,0,0,1,1,110,211533749,108413492,15329237,20304151,1125426435,0,1,0,0,0
322317670,PUBLISH,117,321,3293684,117,120,0,0,0,0,531479,453407,0,0,1,1,111,211620178,108413492,15329237,20304151,1125426435,0,1,0,0,0
323232870,FIELD,117,321,3307144,117,120,0,0,0,0,532852,453407,0,0,1,1,111,212521918,108413492,15329237,20316608,1125426435,0,1,0,0,0
323593004,READY,121,322,3311392,117,120,0,0,0,0,533392,453407,0,0,1,1,111,212877804,108413492,15329237,20322017,1125426435,0,1,0,0,0
323593007,START,122,322,3311394,117,121,1,0,1,1,533392,453407,0,0,1,1,111,212877805,108413493,15329237,20322017,1073742409,1,1,0,0,0
324231964,FIELD,117,322,3318264,117,121,1,0,1,1,534350,453407,0,0,1,1,111,213509891,108413493,15329237,20332207,1073742925,0,1,0,0,0
325234870,FIELD,117,323,3334716,117,121,1,1,1,1,535855,453407,0,0,1,1,111,214496345,108413493,15329237,20345804,1073742925,0,1,0,0,0
325234871,SELECT,121,324,3334716,121,120,0,0,0,0,535855,498452,1,1,0,1,111,214496346,108413493,15329237,20345804,1073743205,0,1,0,0,0
325318763,PUBLISH,121,324,3335676,121,120,0,0,0,0,535981,498452,1,1,0,1,112,214579278,108413493,15329237,20346123,1073743205,0,1,0,0,0
325680349,READY,122,324,3339476,121,120,0,0,0,0,536523,498452,1,1,0,1,112,214937064,108413493,15329237,20351832,1073743205,0,1,0,0,0
325680351,START,123,324,3339478,121,122,1,0,0,0,536523,498452,1,1,0,1,112,214937065,108413493,15329237,20351832,1073743217,1,1,0,0,0
326233964,FIELD,121,324,3350156,121,122,1,0,0,0,537353,498452,1,1,0,1,112,215479999,108413493,15329237,20358688,1073745267,0,1,0,0,0
327236870,FIELD,121,325,3376448,121,122,1,1,0,0,538858,498452,1,1,0,1,112,216456613,108413493,15329237,20368473,1073745267,0,1,0,0,0
327236871,SELECT,122,326,3376448,122,120,1,0,0,0,538858,498452,0,1,1,1,112,216456614,108413493,15329237,20368473,1073745219,0,1,0,0,0
327320763,PUBLISH,122,326,3378552,122,120,1,0,0,0,538984,498452,0,1,1,1,113,216538402,108413493,15329237,20368473,1073745219,0,1,0,0,0
328235964,FIELD,122,326,3396596,122,120,1,0,0,0,540356,498452,0,1,1,1,113,217435559,108413493,15329237,20381395,1073745219,0,1,0,0,0
328292706,READY,123,327,3396597,122,120,1,0,0,0,540442,498452,0,1,1,1,113,217492301,108413493,15329237,20381395,1073745219,1,1,0,0,0
328292707,START,124,327,3396598,122,120,1,0,0,0,540442,498452,0,1,1,1,113,217492301,108413493,15329237,20381395,1140856131,1,1,0,0,0
329238870,FIELD,122,327,3408848,122,120,1,0,0,0,541861,498452,0,1,1,1,113,218426213,108413493,15329237,20396249,1091872067,0,1,0,0,0
330237964,FIELD,122,328,3423624,122,120,1,0,0,0,543359,498452,0,1,1,1,113,219410531,108413493,15329237,20411467,1091872067,0,1,0,0,0
330264653,READY,124,329,3423624,122,120,1,0,0,0,543399,498452,0,1,1,1,113,219437220,108413493,15329237,20411467,1091872067,0,1,0,0,0
331240870,FIELD,122,329,3423625,122,120,1,1,0,0,544864,498452,0,1,1,1,113,219437221,109389708,15329237,20411467,1091904835,1,1,0,0,0
331240871,SELECT,120,330,3423625,120,123,0,0,0,0,544864,453407,0,1,1,1,113,219437221,109389709,15329237,20411467,1125459203,1,1,0,0,0
331240872,START,125,330,3423626,120,124,1,0,0,0,544864,453407,0,1,1,1,114,219437221,109389710,15329237,20411467,1073742409,1,0,0,0,0
331324764,PUBLISH,120,330,3424908,120,124,1,0,0,0,544990,453407,0,1,1,1,114,219519830,109389710,15329237,20411467,1073742925,0,1,0,0,0
332239964,FIELD,120,330,3437372,120,124,1,0,0,0,546362,453407,0,1,1,1,114,220422566,109389710,15329237,20425771,1073742925,0,1,0,0,0
333222719,READY,125,331,3450136,120,124,1,0,0,0,547837,453407,0,1,1,1,114,221392557,109389710,15329237,20442052,1073742925,0,1,0,0,0
333222721,START,126,331,3450138,120,124,1,0,0,0,547837,453407,0,1,1,1,114,221392558,109389710,15329237,20442052,1073742937,1,1,0,0,0
333242870,FIELD,120,331,3451172,120,124,1,0,0,0,547867,453407,0,1,1,1,114,221411672,109389710,15329237,20442052,1073744987,0,1,0,0,0
334241964,FIELD,120,332,3472676,120,124,1,1,0,0,549365,453407,0,1,1,1,114,222389262,109389710,15329237,20453890,1073744987,0,1,0,0,0
334241965,SELECT,124,333,3472676,124,125,1,0,0,0,549365,498452,0,0,1,1,114,222389263,109389710,15329237,20453890,1073745267,0,1,0,0,0
334329670,PUBLISH,124,333,3475160,124,125,1,0,0,0,549497,498452,0,0,1,1,115,222474484,109389710,15329237,20453890,1073745267,0,1,0,0,0
335244870,FIELD,124,333,3496254,124,125,1,0,0,0,550870,498452,0,0,1,1,115,223368590,109389710,15329237,20464188,1073745267,0,1,0,0,0
335902734,READY,126,334,3508281,124,125,1,0,0,0,551857,498452,0,0,1,1,115,224014428,109389710,15329237,20472082,1073745267,1,1,0,0,0
336243964,FIELD,124,334,3508281,124,125,1,0,0,0,552368,498452,0,0,1,1,115,224014428,109730939,15329237,20472082,1140856179,1,1,0,0,0
337246870,FIELD,124,335,3508281,124,125,1,1,0,0,553873,498452,0,0,1,1,115,224014428,110733845,15329237,20472082,1140856179,1,1,0,0,0
337246871,START,127,336,3508282,125,123,1,0,0,0,553873,498452,0,1,0,1,115,224014428,110733846,15329237,20472082,1140856131,1,1,0,0,0
337246871,SELECT,125,336,3508282,125,123,1,0,0,0,553873,498452,0,1,0,1,115,224014428,110733846,15329237,20472082,1140856131,1,1,0,0,0
337330764,PUBLISH,125,336,3509640,125,123,1,0,0,0,553999,498452,0,1,0,1,116,224096962,110733846,15329237,20472082,1091872067,0,1,0,0,0
338245964,FIELD,125,336,3522140,125,123,1,0,0,0,555371,498452,0,1,0,1,116,224999662,110733846,15329237,20486168,1091872067,0,1,0,0,0
339248870,FIELD,125,337,3535236,125,123,1,1,0,0,556876,498452,0,1,0,1,116,225989472,110733846,15329237,20501509,1091872067,0,1,0,0,0
339248871,SELECT,123,338,3535236,123,126,0,0,0,0,556876,498452,0,1,1,1,116,225989473,110733846,15329237,20501509,1125426435,0,1,0,0,0
339249581,READY,127,338,3535236,123,126,0,0,0,0,556877,498452,0,1,1,0,117,225990183,110733846,15329237,20501831,1125426435,0,1,0,0,0
339249584,START,128,338,3535238,123,127,1,0,0,0,556877,498452,0,1,1,0,117,225990184,110733847,15329237,20501831,1073742409,1,1,0,0,0
339332764,PUBLISH,123,338,3536560,123,127,1,0,0,0,557002,498452,0,1,1,1,117,226072041,110733847,15329237,20501831,1073742925,0,1,0,0,0
340247964,FIELD,123,338,3548700,123,127,1,0,0,0,558374,498452,0,1,1,1,117,226975101,110733847,15329237,20516711,1073742925,0,1,0,0,0
341250870,FIELD,123,339,3561516,123,127,1,0,0,0,559879,498452,0,1,1,1,117,227965191,110733847,15329237,20531300,1073742925,0,1,0,0,0
341257378,READY,128,340,3561516,123,127,1,0,0,0,559889,498452,0,1,1,1,117,227971699,110733847,15329237,20531300,1073742925,0,1,0,0,0
341257380,START,129,340,3561518,123,127,1,0,0,0,559889,498452,0,1,1,1,117,227971700,110733847,15329237,20531300,1073742937,1,1,0,0,0
342249964,FIELD,123,340,3582820,123,127,1,1,0,0,561377,498452,0,1,1,1,117,228942981,110733847,15329237,20542416,1073744987,0,1,0,0,0
342249965,SELECT,127,341,3582820,127,128,1,0,0,0,561377,498452,0,0,0,1,117,228942982,110733847,15329237,20542416,1073745267,0,1,0,0,0
342337670,PUBLISH,127,341,3584428,127,128,1,0,0,0,561509,498452,0,0,0,1,118,229029079,110733847,15329237,20542651,1073745267,0,1,0,0,0
343252870,FIELD,127,341,3606880,127,128,1,0,0,0,562882,498452,0,0,0,1,118,229921827,110733847,15329237,20553170,1073745267,0,1,0,0,0
344029715,READY,129,342,3622953,127,128,1,0,0,0,564047,498452,0,0,0,1,118,230682600,110733847,15329237,20561169,1073745267,1,1,0,0,0
344251964,FIELD,127,342,3622953,127,128,1,1,0,0,564380,498452,0,0,0,1,118,230682600,110956095,15329237,20561169,1140856179,1,1,0,0,0
344251965,START,130,343,3622954,128,126,1,0,0,0,564380,498452,0,0,1,1,118,230682600,110956096,15329237,20561169,1140856131,1,1,0,0,0
344251965,SELECT,128,343,3622954,128,126,1,0,0,0,564380,498452,0,0,1,1,118,230682600,110956096,15329237,20561169,1140856131,1,1,0,0,0
344339670,PUBLISH,128,343,3624456,128,126,1,0,0,0,564512,498452,0,0,1,1,119,230768802,110956096,15329237,20561169,1091872067,0,1,0,0,0
345254870,FIELD,128,343,3637456,128,126,1,0,0,0,565885,498452,0,0,1,1,119,231671002,110956096,15329237,20574887,1091872067,0,1,0,0,0
346253964,FIELD,128,344,3651284,128,126,1,0,0,0,567383,498452,0,0,1,1,119,232656268,110956096,15329237,20588562,1091872067,0,1,0,0,0
346347084,READY,130,345,3651740,128,126,1,0,0,0,567523,498452,0,0,1,1,119,232748932,110956096,15329237,20588694,1091872067,0,1,0,0,0
347256871,FIELD,128,345,3651741,128,126,1,1,0,0,568888,498452,0,0,1,1,119,232748933,111865881,15329237,20588694,1091904835,1,1,0,0,0
347256872,SELECT,126,346,3651741,126,129,0,0,0,0,568888,498452,0,1,0,1,119,232748933,111865882,15329237,20588694,1125459203,1,1,0,0,0
347256873,START,131,346,3651742,126,130,1,0,0,0,568888,498452,0,1,0,1,120,232748933,111865883,15329237,20588694,1073742409,1,0,0,0,0
347340764,PUBLISH,126,346,3653136,126,130,1,0,0,0,569014,498452,0,1,0,1,120,232831429,111865883,15329237,20588694,1073742925,0,1,0,0,0
348255964,FIELD,126,346,3665904,126,130,1,0,0,0,570386,498452,0,1,0,1,120,233733861,111865883,15329237,20602254,1073742925,0,1,0,0,0
349258871,FIELD,126,347,3679780,126,130,1,1,0,0,571891,498452,0,1,0,1,120,234722892,111865883,15329237,20616142,1073742925,0,1,0,0,0
349258872,SELECT,130,348,3679780,130,129,0,0,0,0,571891,498452,0,1,1,1,120,234722893,111865883,15329237,20616142,1073743205,0,1,0,0,0
349342764,PUBLISH,130,348,3680580,130,129,0,0,0,0,572017,498452,0,1,1,1,121,234805985,111865883,15329237,20616457,1073743205,0,1,0,0,0
349390675,READY,131,348,3680580,130,129,0,0,0,0,572089,498452,0,1,1,1,121,234853896,111865883,15329237,20617670,1073743205,0,1,0,0,0
349390837,START,132,348,3680742,130,131,1,0,0,0,572089,498452,0,1,1,1,121,234853897,111865883,15329237,20617670,1073743217,1,1,0,0,0
350257964,FIELD,130,348,3708005,130,131,1,0,0,0,573389,498452,0,1,1,1,121,235693760,111865883,15329237,20632832,1073745267,0,1,0,0,0
351260871,FIELD,130,349,3740112,130,131,1,0,0,0,574894,498452,0,1,1,1,121,236664560,111865883,15329237,20650074,1073745267,0,1,0,0,0
351664864,PTS,12,350,3753313,130,131,1,0,0,0,575500,498452,0,1,1,1,121,237055353,111865883,15329237,20655763,1073745267,1,1,0,0,0
351673339,START,133,350,3753586,130,131,1,0,0,0,575513,498452,0,1,1,1,121,237063555,111865883,15329237,20655763,1073745267,1,1,0,0,0
351673340,READY,132,350,3753586,130,131,1,0,0,0,575513,498452,0,1,1,1,121,237063555,111865883,15329237,20655763,1073745267,1,1,0,0,0
352259964,FIELD,130,350,3753586,130,131,1,1,0,0,576392,498452,0,1,1,1,121,237063555,112452507,15329237,20655763,1140856179,1,1,0,0,0
352259965,SELECT,131,351,3753586,131,129,1,0,0,0,576392,498452,0,0,0,1,121,237063555,112452508,15329237,20655763,1140856131,1,1,0,0,0
352347670,PUBLISH,131,351,3754760,131,129,1,0,0,0,576524,498452,0,0,0,1,122,237150085,112452509,15329237,20655763,1091872067,0,1,0,0,0
353262871,FIELD,131,351,3767356,131,129,1,0,0,0,577897,498452,0,0,0,1,122,238052690,112452509,15329237,20671279,1091872067,0,1,0,0,0
354166455,READY,133,352,3775920,131,129,1,0,0,0,579252,498452,0,0,0,1,122,238947710,112452509,15329237,20686077,1091872067,0,1,0,0,0
354261964,FIELD,131,352,3775921,131,129,1,1,0,0,579395,498452,0,0,0,1,122,238947711,112548016,15329237,20686077,1091904835,1,1,0,0,0
354261965,SELECT,129,353,3775921,129,132,0,0,0,0,579395,498452,0,0,1,1,122,238947711,112548017,15329237,20686077,1125459203,1,1,0,0,0
354261966,START,134,353,3775922,129,133,1,0,1,1,579395,498452,0,0,1,1,123,238947711,112548018,15329237,20686077,1073742409,1,0,0,0,0
354349670,PUBLISH,129,353,3777080,129,133,1,0,1,1,579527,498452,0,0,1,1,123,239034256,112548018,15329237,20686077,1073742925,0,1,0,0,0
355264871,FIELD,129,353,3789628,129,133,1,0,1,1,580900,498452,0,0,1,1,123,239936909,112548018,15329237,20701729,1073742925,0,1,0,0,0
356078148,READY,134,354,3797420,129,133,1,0,1,1,582120,498452,0,0,1,1,123,240742394,112548018,15329237,20715803,1073742925,0,1,0,0,0
356078150,START,135,354,3797422,129,133,1,0,1,1,582120,498452,0,0,1,1,123,240742395,112548018,15329237,20715803,1073742937,1,1,0,0,0
356263964,FIELD,129,354,3801228,129,133,1,0,1,1,582398,498452,0,0,1,1,123,240924402,112548018,15329237,20717881,1073744987,0,1,0,0,0
357266871,FIELD,129,355,3821340,129,133,1,1,1,1,583903,498452,0,0,1,1,123,241907197,112548018,15329237,20729652,1073744987,0,1,0,0,0
357266872,SELECT,133,356,3821340,133,134,1,0,0,0,583903,543497,1,1,0,1,123,241907198,112548018,15329237,20729652,1073745267,0,1,0,0,0
357350764,PUBLISH,133,356,3824088,133,134,1,0,0,0,584029,543497,1,1,0,1,124,241988342,112548018,15329237,20729652,1073745267,0,1,0,0,0
358265964,FIELD,133,356,3844932,133,134,1,0,0,0,585401,543497,1,1,0,1,124,242882698,112548018,15329237,20740982,1073745267,0,1,0,0,0
358770955,READY,135,357,3855989,133,134,1,0,0,0,586159,543497,1,1,0,1,124,243376633,112548018,15329237,20746588,1073745267,1,1,0,0,0
359268871,FIELD,133,357,3855989,133,134,1,1,0,0,586906,543497,1,1,0,1,124,243376633,113045933,15329237,20746588,1140856179,1,1,0,0,0
359268872,START,136,358,3855990,134,132,1,0,0,0,586906,543497,0,1,1,1,124,243376633,113045934,15329237,20746588,1140856131,1,1,0,0,0
359268872,SELECT,134,358,3855990,134,132,1,0,0,0,586906,543497,0,1,1,1,124,243376633,113045934,15329237,20746588,1140856131,1,1,0,0,0
359352764,PUBLISH,134,358,3857336,134,132,1,0,0,0,587032,543497,0,1,1,1,125,243459178,113045934,15329237,20746588,1091872067,0,1,0,0,0
360267964,FIELD,134,358,3870716,134,132,1,0,0,0,588404,543497,0,1,1,1,125,244360998,113045934,15329237,20761312,1091872067,0,1,0,0,0
361194509,READY,136,359,3882184,134,132,1,0,0,0,589794,543497,0,1,1,1,125,245276075,113045934,15329237,20776377,1091872067,0,1,0,0,0
361270871,FIELD,134,359,3882185,134,132,1,0,0,0,589909,543497,0,1,1,1,125,245276076,113122294,15329237,20776377,1091904835,1,1,0,0,0
362269964,FIELD,134,360,3882185,134,132,1,0,0,0,591407,543497,0,1,1,1,125,245276076,114121387,15329237,20776377,1091904835,1,1,0,0,0
363272871,FIELD,134,361,3882185,134,132,1,1,0,0,592912,543497,0,1,1,1,125,245276076,115124294,15329237,20776377,1091904835,1,1,0,0,0
363272872,SELECT,132,362,3882185,132,135,0,0,0,0,592912,498452,0,1,1,1,125,245276076,115124295,15329237,20776377,1125459203,1,1,0,0,0
363272873,START,137,362,3882186,132,136,1,0,0,0,592912,498452,0,1,1,1,126,245276076,115124296,15329237,20776377,1073742409,1,0,0,0,0
363356764,PUBLISH,132,362,3883296,132,136,1,0,0,0,593038,498452,0,1,1,1,126,245358856,115124296,15329237,20776377,1073742925,0,1,0,0,0
364271964,FIELD,132,362,3896468,132,136,1,0,0,0,594410,498452,0,1,1,1,126,246260884,115124296,15329237,20792002,1073742925,0,1,0,0,0
365260006,READY,137,363,3908736,132,136,1,0,0,0,595893,498452,0,1,1,1,126,247236658,115124296,15329237,20807118,1073742925,0,1,0,0,0
365260008,START,138,363,3908738,132,136,1,0,0,0,595893,498452,0,1,1,1,126,247236659,115124296,15329237,20807118,1073742937,1,1,0,0,0
365274871,FIELD,132,363,3909664,132,136,1,0,0,0,595915,498452,0,1,1,1,126,247250595,115124296,15329237,20807118,1073744987,0,1,0,0,0
366273964,FIELD,132,364,3930468,132,136,1,1,0,0,597413,498452,0,1,1,1,126,248228884,115124296,15329237,20818196,1073744987,0,1,0,0,0
366273965,SELECT,136,365,3930468,136,137,1,0,0,0,597413,543497,0,0,1,1,126,248228885,115124296,15329237,20818196,1073745267,0,1,0,0,0
366361671,PUBLISH,136,365,3933380,136,137,1,0,0,0,597545,543497,0,0,1,1,127,248313679,115124296,15329237,20818196,1073745267,0,1,0,0,0
367276871,FIELD,136,365,3959260,136,137,1,0,0,0,598918,543497,0,0,1,1,127,249202999,115124296,15329237,20828530,1073745267,0,1,0,0,0
368099219,READY,138,366,3976849,136,137,1,0,0,0,600151,543497,0,0,1,1,127,250007759,115124296,15329237,20838217,1073745267,1,1,0,0,0
368275964,FIELD,136,366,3976849,136,137,1,0,0,0,600416,543497,0,0,1,1,127,250007759,115301040,15329237,20838217,1140856179,1,1,0,0,0
369278871,FIELD,136,367,3976849,136,137,1,1,0,0,601921,543497,0,0,1,1,127,250007759,116303947,15329237,20838217,1140856179,1,1,0,0,0
369278872,START,139,368,3976850,137,135,1,0,0,0,601921,543497,0,1,0,1,127,250007759,116303948,15329237,20838217,1140856131,1,1,0,0,0
369278872,SELECT,137,368,3976850,137,135,1,0,0,0,601921,543497,0,1,0,1,127,250007759,116303948,15329237,20838217,1140856131,1,1,0,0,0
369362764,PUBLISH,137,368,3978116,137,135,1,0,0,0,602047,543497,0,1,0,1,128,250090384,116303948,15329237,20838217,1091872067,0,1,0,0,0
370277964,FIELD,137,368,3991812,137,135,1,0,0,0,603419,543497,0,1,0,1,128,250991888,116303948,15329237,20851740,1091872067,0,1,0,0,0
371280871,FIELD,137,369,4008260,137,135,1,1,0,0,604924,543497,0,1,0,1,128,251978347,116303948,15329237,20865776,1091872067,0,1,0,0,0
371280872,SELECT,135,370,4008260,135,138,0,0,0,0,604924,543497,0,1,1,1,128,251978348,116303948,15329237,20865776,1125426435,0,1,0,0,0
371364764,PUBLISH,135,370,4009088,135,138,0,0,0,0,605050,543497,0,1,1,1,129,252061412,116303948,15329237,20866146,1125426435,0,1,0,0,0
371419911,READY,139,370,4009088,135,138,0,0,0,0,605132,543497,0,1,1,1,129,252116559,116303948,15329237,20867395,1125426435,0,1,0,0,0
371419914,START,140,370,4009090,135,139,1,0,0,0,605132,543497,0,1,1,1,129,252116560,116303949,15329237,20867395,1073742409,1,1,0,0,0
372279964,FIELD,135,370,4021080,135,139,1,0,0,0,606422,543497,0,1,1,1,129,252964619,116303949,15329237,20880345,1073742925,0,1,0,0,0
373282871,FIELD,135,371,4039144,135,139,1,0,0,0,607927,543497,0,1,1,1,129,253949462,116303949,15329237,20893277,1073742925,0,1,0,0,0
373580619,READY,140,372,4041772,135,139,1,0,0,0,608373,543497,0,1,1,1,129,254244582,116303949,15329237,20896650,1073742925,0,1,0,0,0
373580621,START,141,372,4041774,135,139,1,0,0,0,608373,543497,0,1,1,1,129,254244583,116303949,15329237,20896650,1073742937,1,1,0,0,0
374281964,FIELD,135,372,4057068,135,139,1,1,0,0,609425,543497,0,1,1,1,129,254930631,116303949,15329237,20905826,1073744987,0,1,0,0,0
374281965,SELECT,139,373,4057068,139,140,1,0,0,0,609425,543497,0,0,0,1,129,254930632,116303949,15329237,20905826,1073745267,0,1,0,0,0
374369671,PUBLISH,139,373,4059372,139,140,1,0,0,0,609557,543497,0,0,0,1,130,255016034,116303949,15329237,20906185,1073745267,0,1,0,0,0
375284871,FIELD,139,373,4084760,139,140,1,0,0,0,610930,543497,0,0,0,1,130,255905846,116303949,15329237,20916911,1073745267,0,1,0,0,0
376283964,FIELD,139,374,4110804,139,140,1,1,0,0,612428,543497,0,0,0,1,130,256878895,116303949,15329237,20927337,1073745267,0,1,0,0,0
376283965,SELECT,140,375,4110804,140,138,1,0,0,0,612428,543497,0,0,1,1,130,256878896,116303949,15329237,20927337,1073745219,0,1,0,0,0
376371671,PUBLISH,140,375,4113024,140,138,1,0,0,0,612560,543497,0,0,1,1,131,256964382,116303949,15329237,20927337,1073745219,0,1,0,0,0
376476346,READY,141,375,4113949,140,138,1,0,0,0,612717,543497,0,0,1,1,131,257068133,116303949,15329237,20929505,1073745219,1,1,0,0,0
376476347,START,142,375,4113950,140,138,1,0,0,0,612717,543497,0,0,1,1,131,257068133,116303949,15329237,20929505,1140856131,1,1,0,0,0
377286871,FIELD,140,375,4125844,140,138,1,0,0,0,613933,543497,0,0,1,1,131,257866762,116303949,15329237,20941549,1091872067,0,1,0,0,0
378285964,FIELD,140,376,4144716,140,138,1,0,0,0,615431,543497,0,0,1,1,131,258846983,116303949,15329237,20953934,1091872067,0,1,0,0,0
378720993,READY,142,377,4149924,140,138,1,0,0,0,616084,543497,0,0,1,1,131,259276804,116303949,15329237,20960051,1091872067,0,1,0,0,0
379288871,FIELD,140,377,4149925,140,138,1,1,0,0,616936,543497,0,0,1,1,131,259276805,116871825,15329237,20960051,1091904835,1,1,0,0,0
379288872,SELECT,138,378,4149925,138,141,0,0,0,0,616936,543497,0,1,0,1,131,259276805,116871826,15329237,20960051,1125459203,1,1,0,0,0
379288873,START,143,378,4149926,138,142,1,0,0,0,616936,543497,0,1,0,1,132,259276805,116871827,15329237,20960051,1073742409,1,0,0,0,0
379372764,PUBLISH,138,378,4151396,138,142,1,0,0,0,617062,543497,0,1,0,1,132,259359225,116871827,15329237,20960051,1073742925,0,1,0,0,0
380287964,FIELD,138,378,4165452,138,142,1,0,0,0,618434,543497,0,1,0,1,132,260260369,116871827,15329237,20973588,1073742925,0,1,0,0,0
381290871,FIELD,138,379,4183744,138,142,1,1,0,0,619939,543497,0,1,0,1,132,261244984,116871827,15329237,20986928,1073742925,0,1,0,0,0
381290872,SELECT,142,380,4183744,142,141,0,0,0,0,619939,543497,0,1,1,1,132,261244985,116871827,15329237,20986928,1073743205,0,1,0,0,0
381374764,PUBLISH,142,380,4184364,142,141,0,0,0,0,620065,543497,0,1,1,1,133,261328257,116871827,15329237,20987251,1073743205,0,1,0,0,0
381529542,READY,143,380,4185784,142,141,0,0,0,0,620297,543497,0,1,1,1,133,261481615,116871827,15329237,20990057,1073743205,0,1,0,0,0
381529704,START,144,380,4185946,142,143,1,0,0,0,620297,543497,0,1,1,1,133,261481616,116871827,15329237,20990057,1073743217,1,1,0,0,0
382289964,FIELD,142,380,4211133,142,143,1,0,0,0,621437,543497,0,1,1,1,133,262216688,116871827,15329237,21003242,1073745267,0,1,0,0,0
383292871,FIELD,142,381,4250465,142,143,1,0,0,0,622942,543497,0,1,1,1,133,263180263,116871827,15329237,21018238,1073745267,0,1,0,0,0
383873148,PTS,13,382,4267251,142,143,1,0,0,0,623812,543497,0,1,1,1,133,263743755,116871827,15329237,21028035,1073745267,1,1,0,0,0
383894444,START,145,382,4267922,142,143,1,0,0,0,623844,543497,0,1,1,1,133,263764380,116871827,15329237,21028411,1073745267,1,1,0,0,0
383894445,READY,144,382,4267922,142,143,1,0,0,0,623844,543497,0,1,1,1,133,263764380,116871827,15329237,21028411,1073745267,1,1,0,0,0
384291964,FIELD,142,382,4267922,142,143,1,1,0,0,624440,543497,0,1,1,1,133,263764380,117269346,15329237,21028411,1140856179,1,1,0,0,0
384291965,SELECT,143,383,4267922,143,141,1,0,0,0,624440,543497,0,0,0,1,133,263764380,117269347,15329237,21028411,1140856131,1,1,0,0,0
384379671,PUBLISH,143,383,4269424,143,141,1,0,0,0,624572,543497,0,0,0,1,134,263850583,117269348,15329237,21028411,1091872067,0,1,0,0,0
385294871,FIELD,143,383,4283616,143,141,1,0,0,0,625945,543497,0,0,0,1,134,264751591,117269348,15329237,21041255,1091872067,0,1,0,0,0
386293964,FIELD,143,384,4302294,143,141,1,1,0,0,627443,543497,0,0,0,1,134,265732007,117269348,15329237,21053897,1091872067,1,1,0,0,0
386293965,SELECT,141,385,4302295,141,144,0,0,0,0,627443,543497,0,0,1,1,134,265732007,117269348,15329237,21053897,1125426435,1,1,0,0,0
386381671,PUBLISH,141,385,4303508,141,144,0,0,0,0,627575,543497,0,0,1,1,135,265818499,117269348,15329237,21054237,1125426435,0,1,0,0,0
386567116,READY,145,385,4304720,141,144,0,0,0,0,627853,543497,0,0,1,1,135,266002732,117269348,15329237,21057657,1125426435,0,1,0,0,0
386567119,START,146,385,4304722,141,145,1,0,1,1,627853,543497,0,0,1,1,135,266002733,117269349,15329237,21057657,1073742409,1,1,0,0,0
387296871,FIELD,141,385,4315876,141,145,1,0,1,1,628948,543497,0,0,1,1,135,266721330,117269349,15329237,21067187,1073742925,0,1,0,0,0
388295964,FIELD,141,386,4334056,141,145,1,0,1,1,630446,543497,0,0,1,1,135,267702243,117269349,15329237,21079562,1073742925,0,1,0,0,0
388800117,READY,146,387,4339312,141,145,1,0,1,1,631203,543497,0,0,1,1,135,268201140,117269349,15329237,21086766,1073742925,0,1,0,0,0
388800119,START,147,387,4339314,141,145,1,0,1,1,631203,543497,0,0,1,1,135,268201141,117269349,15329237,21086766,1073742937,1,1,0,0,0
389298871,FIELD,141,387,4349298,141,145,1,1,1,1,631951,543497,0,0,1,1,135,268689909,117269349,15329237,21091898,1073744987,1,1,0,0,0
389298872,SELECT,145,388,4349299,145,146,1,0,0,0,631951,588542,1,1,0,1,135,268689909,117269349,15329237,21091898,1073745267,1,1,0,0,0
389382764,PUBLISH,145,388,4351036,145,146,1,0,0,0,632077,588542,1,1,0,1,136,268772063,117269349,15329237,21092259,1073745267,0,1,0,0,0
390297964,FIELD,145,388,4375480,145,146,1,0,0,0,633449,588542,1,1,0,1,136,269662819,117269349,15329237,21103942,1073745267,0,1,0,0,0
391300871,FIELD,145,389,4396988,145,146,1,1,0,0,634954,588542,1,1,0,1,136,270644218,117269349,15329237,21116314,1073745267,0,1,0,0,0
391300872,SELECT,146,390,4396988,146,144,1,0,0,0,634954,588542,0,1,1,1,136,270644219,117269349,15329237,21116314,1073745219,0,1,0,0,0
391384764,PUBLISH,146,390,4397532,146,144,1,0,0,0,635080,588542,0,1,1,1,137,270727567,117269349,15329237,21116596,1073745219,0,1,0,0,0
391411895,READY,147,390,4397533,146,144,1,0,0,0,635120,588542,0,1,1,1,137,270754698,117269349,15329237,21117607,1073745219,1,1,0,0,0
391411896,START,148,390,4397534,146,144,1,0,0,0,635120,588542,0,1,1,1,137,270754698,117269349,15329237,21117607,1140856131,1,1,0,0,0
392299964,FIELD,146,390,4410660,146,144,1,0,0,0,636452,588542,0,1,1,1,137,271629639,117269349,15329237,21130550,1091872067,0,1,0,0,0
393302871,FIELD,146,391,4427728,146,144,1,0,0,0,637957,588542,0,1,1,1,137,272615478,117269349,15329237,21145717,1091872067,0,1,0,0,0
393494974,READY,148,392,4429508,146,144,1,0,0,0,638245,588542,0,1,1,1,137,272805801,117269349,15329237,21148627,1091872067,0,1,0,0,0
394301964,FIELD,146,392,4429509,146,144,1,0,0,0,639455,588542,0,1,1,1,137,272805802,118076337,15329237,21148627,1091904835,1,1,0,0,0
395304871,FIELD,146,393,4429509,146,144,1,1,0,0,640960,588542,0,1,1,1,137,272805802,119079244,15329237,21148627,1091904835,1,1,0,0,0
395304872,SELECT,144,394,4429509,144,147,0,0,0,0,640960,543497,0,1,1,1,137,272805802,119079245,15329237,21148627,1125459203,1,1,0,0,0
395304873,START,149,394,4429510,144,148,1,0,0,0,640960,543497,0,1,1,1,138,272805802,119079246,15329237,21148627,1073742409,1,0,0,0,0
395388764,PUBLISH,144,394,4431056,144,148,1,0,0,0,641086,543497,0,1,1,1,138,272888146,119079246,15329237,21148627,1073742925,0,1,0,0,0
396303964,FIELD,144,394,4444652,144,148,1,0,0,0,642458,543497,0,1,1,1,138,273789750,119079246,15329237,21162080,1073742925,0,1,0,0,0
397306871,FIELD,144,395,4459964,144,148,1,0,0,0,643963,543497,0,1,1,1,138,274777345,119079246,15329237,21176519,1073742925,0,1,0,0,0
397348481,READY,149,396,4459964,144,148,1,0,0,0,644025,543497,0,1,1,1,138,274818955,119079246,15329237,21176519,1073742925,0,1,0,0,0
397348483,START,150,396,4459966,144,148,1,0,0,0,644025,543497,0,1,1,1,138,274818956,119079246,15329237,21176519,1073742937,1,1,0,0,0
398305964,FIELD,144,396,4480120,144,148,1,1,0,0,645461,543497,0,1,1,1,138,275756282,119079246,15329237,21188179,1073744987,0,1,0,0,0
398305965,SELECT,148,397,4480120,148,149,1,0,0,0,645461,588542,0,0,1,1,138,275756283,119079246,15329237,21188179,1073745267,0,1,0,0,0
398393671,PUBLISH,148,397,4482124,148,149,1,0,0,0,645593,588542,0,0,1,1,139,275841985,119079246,15329237,21188179,1073745267,0,1,0,0,0
399308871,FIELD,148,397,4507624,148,149,1,0,0,0,646966,588542,0,0,1,1,139,276731685,119079246,15329237,21198412,1073745267,0,1,0,0,0
400020548,READY,150,398,4518313,148,149,1,0,0,0,648033,588542,0,0,1,1,139,277432674,119079246,15329237,21207397,1073745267,1,1,0,0,0
400307964,FIELD,148,398,4518313,148,149,1,0,0,0,648464,588542,0,0,1,1,139,277432674,119366661,15329237,21207397,1140856179,1,1,0,0,0
401310871,FIELD,148,399,4518313,148,149,1,1,0,0,649969,588542,0,0,1,1,139,277432674,120369568,15329237,21207397,1140856179,1,1,0,0,0
401310872,START,151,400,4518314,149,147,1,0,0,0,649969,588542,0,1,0,1,139,277432674,120369569,15329237,21207397,1140856131,1,1,0,0,0
401310872,SELECT,149,400,4518314,149,147,1,0,0,0,649969,588542,0,1,0,1,139,277432674,120369569,15329237,21207397,1140856131,1,1,0,0,0
401394764,PUBLISH,149,400,4519760,149,147,1,0,0,0,650095,588542,0,1,0,1,140,277515119,120369569,15329237,21207397,1091872067,0,1,0,0,0
402309964,FIELD,149,400,4533408,149,147,1,0,0,0,651467,588542,0,1,0,1,140,278416671,120369569,15329237,21221931,1091872067,0,1,0,0,0
403292560,READY,151,401,4546684,149,147,1,0,0,0,652941,588542,0,1,0,1,140,279385991,120369569,15329237,21237968,1091872067,0,1,0,0,0
403312871,FIELD,149,401,4546685,149,147,1,1,0,0,652972,588542,0,1,0,1,140,279385992,120389878,15329237,21237968,1091904835,1,1,0,0,0
403312872,SELECT,147,402,4546685,147,150,0,0,0,0,652972,588542,0,1,1,1,140,279385992,120389879,15329237,21237968,1125459203,1,1,0,0,0
403312873,START,152,402,4546686,147,151,1,0,0,0,652972,588542,0,1,1,1,141,279385992,120389880,15329237,21237968,1073742409,1,0,0,0,0
403396764,PUBLISH,147,402,4548180,147,151,1,0,0,0,653098,588542,0,1,1,1,141,279468388,120389880,15329237,21237968,1073742925,0,1,0,0,0
404311965,FIELD,147,402,4561964,147,151,1,0,0,0,654470,588542,0,1,1,1,141,280369805,120389880,15329237,21252769,1073742925,0,1,0,0,0
405294396,READY,152,403,4574796,147,151,1,0,0,0,655944,588542,0,1,1,1,141,281339404,120389880,15329237,21267803,1073742925,0,1,0,0,0
405294398,START,153,403,4574798,147,151,1,0,0,0,655944,588542,0,1,1,1,141,281339405,120389880,15329237,21267803,1073742937,1,1,0,0,0
405314871,FIELD,147,403,4575820,147,151,1,0,0,0,655975,588542,0,1,1,1,141,281358855,120389880,15329237,21267803,1073744987,0,1,0,0,0
406313965,FIELD,147,404,4598400,147,151,1,1,0,0,657473,588542,0,1,1,1,141,282335369,120389880,15329237,21279103,1073744987,0,1,0,0,0
406313966,SELECT,151,405,4598400,151,152,1,0,0,0,657473,588542,0,0,0,1,141,282335370,120389880,15329237,21279103,1073745267,0,1,0,0,0
406401671,PUBLISH,151,405,4601124,151,152,1,0,0,0,657605,588542,0,0,0,1,142,282420351,120389880,15329237,21279103,1073745267,0,1,0,0,0
407316871,FIELD,151,405,4624016,151,152,1,0,0,0,658978,588542,0,0,0,1,142,283312659,120389880,15329237,21289892,1073745267,0,1,0,0,0
407992184,READY,153,406,4635097,151,152,1,0,0,0,659991,588542,0,0,0,1,142,283976892,120389880,15329237,21298092,1073745267,1,1,0,0,0
408315965,FIELD,151,406,4635097,151,152,1,1,0,0,660476,588542,0,0,0,1,142,283976892,120713660,15329237,21298092,1140856179,1,1,0,0,0
408315966,START,154,407,4635098,152,150,1,0,0,0,660476,588542,0,0,1,1,142,283976892,120713661,15329237,21298092,1140856131,1,1,0,0,0
408315966,SELECT,152,407,4635098,152,150,1,0,0,0,660476,588542,0,0,1,1,142,283976892,120713661,15329237,21298092,1140856131,1,1,0,0,0
408403671,PUBLISH,152,407,4636676,152,150,1,0,0,0,660608,588542,0,0,1,1,143,284063018,120713661,15329237,21298092,1091872067,0,1,0,0,0
409318871,FIELD,152,407,4651208,152,150,1,0,0,0,661981,588542,0,0,1,1,143,284963686,120713661,15329237,21312073,1091872067,0,1,0,0,0
410252723,READY,154,408,4663412,152,150,1,0,0,0,663382,588542,0,0,1,1,143,285885334,120713661,15329237,21328299,1091872067,0,1,0,0,0
410317965,FIELD,152,408,4663413,152,150,1,0,0,0,663479,588542,0,0,1,1,143,285885335,120778901,15329237,21328299,1091904835,1,1,0,0,0
411320871,FIELD,152,409,4663413,152,150,1,1,0,0,664984,588542,0,0,1,1,143,285885335,121781807,15329237,21328299,1091904835,1,1,0,0,0
411320872,SELECT,150,410,4663413,150,153,0,0,0,0,664984,588542,0,1,0,1,143,285885335,121781808,15329237,21328299,1125459203,1,1,0,0,0
411320873,START,155,410,4663414,150,154,1,0,0,0,664984,588542,0,1,0,1,144,285885335,121781809,15329237,21328299,1073742409,1,0,0,0,0
411404764,PUBLISH,150,410,4664976,150,154,1,0,0,0,665110,588542,0,1,0,1,144,285967663,121781809,15329237,21328299,1073742925,0,1,0,0,0
412319965,FIELD,150,410,4679112,150,154,1,0,0,0,666482,588542,0,1,0,1,144,286868728,121781809,15329237,21342136,1073742925,0,1,0,0,0
413298343,READY,155,411,4691148,150,154,1,0,0,0,667950,588542,0,1,0,1,144,287835070,121781809,15329237,21357487,1073742925,0,1,0,0,0
413298505,START,156,411,4691310,150,154,1,0,0,0,667950,588542,0,1,0,1,144,287835071,121781809,15329237,21357487,1073742937,1,1,0,0,0
413322871,FIELD,150,411,4691936,150,154,1,1,0,0,667987,588542,0,1,0,1,144,287858810,121781809,15329237,21358068,1073744987,0,1,0,0,0
413322872,SELECT,154,412,4691936,154,155,1,0,0,0,667987,588542,0,1,1,1,144,287858811,121781809,15329237,21358068,1073745267,0,1,0,0,0
413406765,PUBLISH,154,412,4694114,154,155,1,0,0,0,668113,588542,0,1,1,1,145,287940526,121781809,15329237,21358241,1073745267,0,1,0,0,0
414321965,FIELD,154,412,4726435,154,155,1,0,0,0,669485,588542,0,1,1,1,145,288823405,121781809,15329237,21373712,1073745267,0,1,0,0,0
415324871,FIELD,154,413,4758941,154,155,1,0,0,0,670990,588542,0,1,1,1,145,289793805,121781809,15329237,21390629,1073745267,0,1,0,0,0
415561963,PTS,14,414,4764979,154,155,1,0,0,0,671345,588542,0,1,1,1,145,290024860,121781809,15329237,21392626,1073745267,1,1,0,0,0
415599762,START,157,414,4766234,154,155,1,0,0,0,671402,588542,0,1,1,1,145,290061404,121781809,15329237,21393405,1073745267,1,1,0,0,0
415599763,READY,156,414,4766234,154,155,1,0,0,0,671402,588542,0,1,1,1,145,290061404,121781809,15329237,21393405,1073745267,1,1,0,0,0
416323965,FIELD,154,414,4766234,154,155,1,1,0,0,672488,588542,0,1,1,1,145,290061404,122506011,15329237,21393405,1140856179,1,1,0,0,0
416323966,SELECT,155,415,4766234,155,153,1,0,0,0,672488,588542,0,0,0,1,145,290061404,122506012,15329237,21393405,1140856131,1,1,0,0,0
416411671,PUBLISH,155,415,4767628,155,153,1,0,0,0,672620,588542,0,0,0,1,146,290147714,122506013,15329237,21393405,1091872067,0,1,0,0,0
417326871,FIELD,155,415,4781120,155,153,1,0,0,0,673993,588542,0,0,0,1,146,291049422,122506013,15329237,21406946,1091872067,0,1,0,0,0
418280029,READY,157,416,4793424,155,153,1,0,0,0,675423,588542,0,0,0,1,146,291990276,122506013,15329237,21422598,1091872067,0,1,0,0,0
418325965,FIELD,155,416,4793425,155,153,1,1,0,0,675491,588542,0,0,0,1,146,291990277,122551947,15329237,21422598,1091904835,1,1,0,0,0
418325966,SELECT,153,417,4793425,153,156,0,0,0,0,675491,588542,0,0,1,1,146,291990277,122551948,15329237,21422598,1125459203,1,1,0,0,0
418325967,START,158,417,4793426,153,157,1,0,1,1,675491,588542,0,0,1,1,147,291990277,122551949,15329237,21422598,1073742409,1,0,0,0,0
418413671,PUBLISH,153,417,4794756,153,157,1,0,1,1,675623,588542,0,0,1,1,147,292076650,122551949,15329237,21422598,1073742925,0,1,0,0,0
419328871,FIELD,153,417,4809410,153,157,1,0,1,1,676996,588542,0,0,1,1,147,292977196,122551949,15329237,21437816,1073742925,0,1,0,0,0
420195052,READY,158,418,4820072,153,157,1,0,1,1,678295,588542,0,0,1,1,147,293832715,122551949,15329237,21452012,1073742925,0,1,0,0,0
420195054,START,159,418,4820074,153,157,1,0,1,1,678295,588542,0,0,1,1,147,293832716,122551949,15329237,21452012,1073742937,1,1,0,0,0
420327965,FIELD,153,418,4822432,153,157,1,0,1,1,678494,588542,0,0,1,1,147,293963268,122551949,15329237,21453090,1073744987,0,1,0,0,0
421330871,FIELD,153,419,4845612,153,157,1,1,1,1,679999,588542,0,0,1,1,147,294942994,122551949,15329237,21463547,1073744987,0,1,0,0,0
421330872,SELECT,157,420,4845612,157,158,1,0,0,0,679999,633587,1,1,0,1,147,294942995,122551949,15329237,21463547,1073745267,0,1,0,0,0
421414765,PUBLISH,157,420,4847046,157,158,1,0,0,0,680125,633587,1,1,0,1,148,295025455,122551949,15329237,21463904,1073745267,1,1,0,0,0
422329965,FIELD,157,420,4868168,157,158,1,0,0,0,681497,633587,1,1,0,1,148,295919532,122551949,15329237,21474562,1073745267,0,1,0,0,0
422818424,READY,159,421,4876865,157,158,1,0,0,0,682230,633587,1,1,0,1,148,296399295,122551949,15329237,21479540,1073745267,1,1,0,0,0
423332871,FIELD,157,421,4876865,157,158,1,1,0,0,683002,633587,1,1,0,1,148,296399295,123066395,15329237,21479540,1140856179,1,1,0,0,0
423332872,START,160,422,4876866,158,156,1,0,0,0,683002,633587,0,1,1,1,148,296399295,123066396,15329237,21479540,1140856131,1,1,0,0,0
423332872,SELECT,158,422,4876866,158,156,1,0,0,0,683002,633587,0,1,1,1,148,296399295,123066396,15329237,21479540,1140856131,1,1,0,0,0
423416765,PUBLISH,158,422,4878204,158,156,1,0,0,0,683128,633587,0,1,1,1,149,296481849,123066396,15329237,21479540,1091872067,0,1,0,0,0
424331965,FIELD,158,422,4893040,158,156,1,0,0,0,684500,633587,0,1,1,1,149,297382213,123066396,15329237,21493758,1091872067,0,1,0,0,0
425204053,READY,160,423,4904560,158,156,1,0,0,0,685809,633587,0,1,1,1,149,298242781,123066396,15329237,21507550,1091872067,0,1,0,0,0
425334871,FIELD,158,423,4904561,158,156,1,0,0,0,686005,633587,0,1,1,1,149,298242782,123197212,15329237,21507550,1091904835,1,1,0,0,0
426333965,FIELD,158,424,4904561,158,156,1,0,0,0,687503,633587,0,1,1,1,149,298242782,124196306,15329237,21507550,1091904835,1,1,0,0,0
427336871,FIELD,158,425,4904561,158,156,1,1,0,0,689008,633587,0,1,1,1,149,298242782,125199212,15329237,21507550,1091904835,1,1,0,0,0
427336872,SELECT,156,426,4904561,156,159,0,0,0,0,689008,588542,0,1,1,1,149,298242782,125199213,15329237,21507550,1125459203,1,1,0,0,0
427336873,START,161,426,4904562,156,160,1,0,0,0,689008,588542,0,1,1,1,150,298242782,125199214,15329237,21507550,1073742409,1,0,0,0,0
427420765,PUBLISH,156,426,4905948,156,160,1,0,0,0,689134,588542,0,1,1,1,150,298325287,125199214,15329237,21507550,1073742925,0,1,0,0,0
428335965,FIELD,156,426,4920568,156,160,1,0,0,0,690506,588542,0,1,1,1,150,299225867,125199214,15329237,21523025,1073742925,0,1,0,0,0
429246427,READY,161,427,4932444,156,160,1,0,0,0,691872,588542,0,1,1,1,150,300124453,125199214,15329237,21537149,1073742925,0,1,0,0,0
429246429,START,162,427,4932446,156,160,1,0,0,0,691872,588542,0,1,1,1,150,300124454,125199214,15329237,21537149,1073742937,1,1,0,0,0
429338871,FIELD,156,427,4934740,156,160,1,0,0,0,692011,588542,0,1,1,1,150,300214601,125199214,15329237,21538352,1073744987,0,1,0,0,0
430337965,FIELD,156,428,4956664,156,160,1,1,0,0,693509,588542,0,1,1,1,150,301191771,125199214,15329237,21548639,1073744987,0,1,0,0,0
430337966,SELECT,160,429,4956664,160,161,1,0,0,0,693509,633587,0,0,1,1,150,301191772,125199214,15329237,21548639,1073745267,0,1,0,0,0
430425671,PUBLISH,160,429,4959008,160,161,1,0,0,0,693641,633587,0,0,1,1,151,301277133,125199214,15329237,21548639,1073745267,0,1,0,0,0
431340872,FIELD,160,429,4982332,160,161,1,0,0,0,695014,633587,0,0,1,1,151,302169011,125199214,15329237,21558812,1073745267,1,1,0,0,0
431973149,READY,162,430,4995525,160,161,1,0,0,0,695962,633587,0,0,1,1,151,302788095,125199214,15329237,21566189,1073745267,1,1,0,0,0
432339965,FIELD,160,430,4995525,160,161,1,0,0,0,696512,633587,0,0,1,1,151,302788095,125566029,15329237,21566189,1140856179,1,1,0,0,0
433342872,FIELD,160,431,4995525,160,161,1,1,0,0,698017,633587,0,0,1,1,151,302788095,126568936,15329237,21566189,1140856179,1,1,0,0,0
433342873,START,163,432,4995526,161,159,1,0,0,0,698017,633587,0,1,0,1,151,302788095,126568937,15329237,21566189,1140856131,1,1,0,0,0
433342873,SELECT,161,432,4995526,161,159,1,0,0,0,698017,633587,0,1,0,1,151,302788095,126568937,15329237,21566189,1140856131,1,1,0,0,0
433426765,PUBLISH,161,432,4996956,161,159,1,0,0,0,698143,633587,0,1,0,1,152,302870556,126568937,15329237,21566189,1091872067,0,1,0,0,0
434341965,FIELD,161,432,5010384,161,159,1,0,0,0,699515,633587,0,1,0,1,152,303772328,126568937,15329237,21580622,1091872067,0,1,0,0,0
435340963,READY,163,433,5026180,161,159,1,0,0,0,701014,633587,0,1,0,1,152,304755530,126568937,15329237,21596117,1091872067,0,1,0,0,0
435344872,FIELD,161,433,5026181,161,159,1,1,0,0,701020,633587,0,1,0,1,152,304755531,126572844,15329237,21596117,1091904835,1,1,0,0,0
435344873,SELECT,159,434,5026181,159,162,0,0,0,0,701020,633587,0,1,1,1,152,304755531,126572845,15329237,21596117,1125459203,1,1,0,0,0
435344874,START,164,434,5026182,159,163,1,0,0,0,701020,633587,0,1,1,1,153,304755531,126572846,15329237,21596117,1073742409,1,0,0,0,0
435428765,PUBLISH,159,434,5027568,159,163,1,0,0,0,701146,633587,0,1,1,1,153,304838035,126572846,15329237,21596117,1073742925,0,1,0,0,0
436343965,FIELD,159,434,5041316,159,163,1,0,0,0,702518,633587,0,1,1,1,153,305739487,126572846,15329237,21610454,1073742925,0,1,0,0,0
437346872,FIELD,159,435,5057816,159,163,1,0,0,0,704023,633587,0,1,1,1,153,306725894,126572846,15329237,21624926,1073742925,0,1,0,0,0
437399492,READY,164,436,5057900,159,163,1,0,0,0,704102,633587,0,1,1,1,153,306778430,126572846,15329237,21624926,1073742925,0,1,0,0,0
437399494,START,165,436,5057902,159,163,1,0,0,0,704102,633587,0,1,1,1,153,306778431,126572846,15329237,21624926,1073742937,1,1,0,0,0
438345965,FIELD,159,436,5078440,159,163,1,1,0,0,705521,633587,0,1,1,1,153,307704363,126572846,15329237,21637047,1073744987,0,1,0,0,0
438345966,SELECT,163,437,5078440,163,164,1,0,0,0,705521,633587,0,0,0,1,153,307704364,126572846,15329237,21637047,1073745267,0,1,0,0,0
438433671,PUBLISH,163,437,5080484,163,164,1,0,0,0,705653,633587,0,0,0,1,154,307790025,126572846,15329237,21637047,1073745267,0,1,0,0,0
439348872,FIELD,163,437,5105526,163,164,1,0,0,0,707026,633587,0,0,0,1,154,308680184,126572846,15329237,21647002,1073745267,0,1,0,0,0
440218153,READY,165,438,5126709,163,164,1,0,0,0,708330,633587,0,0,0,1,154,309528283,126572846,15329237,21655918,1073745267,1,1,0,0,0
440347965,FIELD,163,438,5126709,163,164,1,1,0,0,708524,633587,0,0,0,1,154,309528283,126702657,15329237,21655918,1140856179,1,1,0,0,0
440347966,START,166,439,5126710,164,162,1,0,0,0,708524,633587,0,0,1,1,154,309528283,126702658,15329237,21655918,1140856131,1,1,0,0,0
440347966,SELECT,164,439,5126710,164,162,1,0,0,0,708524,633587,0,0,1,1,154,309528283,126702658,15329237,21655918,1140856131,1,1,0,0,0
440435672,PUBLISH,164,439,5127984,164,162,1,0,0,0,708656,633587,0,0,1,1,155,309614714,126702658,15329237,21655918,1091872067,0,1,0,0,0
441350872,FIELD,164,439,5142032,164,162,1,0,0,0,710029,633587,0,0,1,1,155,310515866,126702658,15329237,21669962,1091872067,0,1,0,0,0
442349965,FIELD,164,440,5160620,164,162,1,0,0,0,711527,633587,0,0,1,1,155,311496371,126702658,15329237,21683837,1091872067,0,1,0,0,0
442454042,READY,166,441,5161248,164,162,1,0,0,0,711684,633587,0,0,1,1,155,311599820,126702658,15329237,21684537,1091872067,0,1,0,0,0
443352872,FIELD,164,441,5161249,164,162,1,1,0,0,713032,633587,0,0,1,1,155,311599821,127601486,15329237,21684537,1091904835,1,1,0,0,0
443352873,SELECT,162,442,5161249,162,165,0,0,0,0,713032,633587,0,1,0,1,155,311599821,127601487,15329237,21684537,1125459203,1,1,0,0,0
443352874,START,167,442,5161250,162,166,1,0,0,0,713032,633587,0,1,0,1,156,311599821,127601488,15329237,21684537,1073742409,1,0,0,0,0
443436765,PUBLISH,162,442,5162580,162,166,1,0,0,0,713158,633587,0,1,0,1,156,311682381,127601488,15329237,21684537,1073742925,0,1,0,0,0
444351965,FIELD,162,442,5176596,162,166,1,0,0,0,714530,633587,0,1,0,1,156,312583565,127601488,15329237,21699138,1073742925,0,1,0,0,0
445354872,FIELD,162,443,5195162,162,166,1,1,0,0,716035,633587,0,1,0,1,156,313567906,127601488,15329237,21711517,1073742925,0,1,0,0,0
445354873,SELECT,166,444,5195162,166,165,0,0,0,0,716035,633587,0,1,1,1,156,313567907,127601488,15329237,21711517,1073743205,0,1,0,0,0
445438765,PUBLISH,166,444,5196432,166,165,0,0,0,0,716161,633587,0,1,1,1,157,313650529,127601488,15329237,21711892,1073743205,0,1,0,0,0
445490743,READY,167,444,5196432,166,165,0,0,0,0,716239,633587,0,1,1,1,157,313702507,127601488,15329237,21713625,1073743205,0,1,0,0,0
445490905,START,168,444,5196594,166,167,1,0,0,0,716239,633587,0,1,1,1,157,313702508,127601488,15329237,21713625,1073743217,1,1,0,0,0
446353965,FIELD,166,444,5223350,166,167,1,0,0,0,717533,633587,0,1,1,1,157,314538811,127601488,15329237,21727664,1073745267,0,1,0,0,0
447356872,FIELD,166,445,5254417,166,167,1,0,0,0,719038,633587,0,1,1,1,157,315510651,127601488,15329237,21743596,1073745267,0,1,0,0,0
447695072,PTS,15,446,5264749,166,167,1,0,0,0,719545,633587,0,1,1,1,157,315838520,127601488,15329237,21748926,1073745267,1,1,0,0,0
447749021,START,169,446,5266726,166,167,1,0,0,0,719626,633587,0,1,1,1,157,315890492,127601488,15329237,21749536,1073745267,1,1,0,0,0
447749022,READY,168,446,5266726,166,167,1,0,0,0,719626,633587,0,1,1,1,157,315890492,127601488,15329237,21749536,1073745267,1,1,0,0,0
448355965,FIELD,166,446,5266726,166,167,1,1,0,0,720536,633587,0,1,1,1,157,315890492,128208431,15329237,21749536,1140856179,1,1,0,0,0
448355966,SELECT,167,447,5266726,167,165,1,0,0,0,720536,633587,0,0,0,1,157,315890492,128208432,15329237,21749536,1140856131,1,1,0,0,0
448443672,PUBLISH,167,447,5268288,167,165,1,0,0,0,720668,633587,0,0,0,1,158,315976635,128208433,15329237,21749536,1091872067,0,1,0,0,0
449358872,FIELD,167,447,5279748,167,165,1,0,0,0,722041,633587,0,0,0,1,158,316880375,128208433,15329237,21766943,1091872067,0,1,0,0,0
450177574,READY,169,448,5292156,167,165,1,0,0,0,723269,633587,0,0,0,1,158,317686669,128208433,15329237,21780588,1091872067,0,1,0,0,0
450357965,FIELD,167,448,5292157,167,165,1,1,0,0,723539,633587,0,0,0,1,158,317686670,128388822,15329237,21780588,1091904835,1,1,0,0,0
450357966,SELECT,165,449,5292157,165,168,0,0,0,0,723539,633587,0,0,1,1,158,317686670,128388823,15329237,21780588,1125459203,1,1,0,0,0
450357967,START,170,449,5292158,165,169,1,0,1,1,723539,633587,0,0,1,1,159,317686670,128388824,15329237,21780588,1073742409,1,0,0,0,0
450445672,PUBLISH,165,449,5293768,165,169,1,0,1,1,723671,633587,0,0,1,1,159,317772764,128388824,15329237,21780588,1073742925,0,1,0,0,0
451360872,FIELD,165,449,5304700,165,169,1,0,1,1,725044,633587,0,0,1,1,159,318677032,128388824,15329237,21797798,1073742925,0,1,0,0,0
452144608,READY,170,450,5317364,165,169,1,0,1,1,726219,633587,0,0,1,1,159,319448104,128388824,15329237,21809168,1073742925,0,1,0,0,0
452144610,START,171,450,5317366,165,169,1,0,1,1,726219,633587,0,0,1,1,159,319448105,128388824,15329237,21809168,1073742937,1,1,0,0,0
452359965,FIELD,165,450,5322078,165,169,1,0,1,1,726542,633587,0,0,1,1,159,319658747,128388824,15329237,21812131,1073744987,0,1,0,0,0
453362872,FIELD,165,451,5342016,165,169,1,1,1,1,728047,633587,0,0,1,1,159,320641716,128388824,15329237,21823431,1073744987,0,1,0,0,0
453362873,SELECT,169,452,5342016,169,170,1,0,0,0,728047,678632,1,1,0,1,159,320641717,128388824,15329237,21823431,1073745267,0,1,0,0,0
453446765,PUBLISH,169,452,5343936,169,170,1,0,0,0,728173,678632,1,1,0,1,160,320723689,128388824,15329237,21823431,1073745267,0,1,0,0,0
454361965,FIELD,169,452,5367216,169,170,1,0,0,0,729545,678632,1,1,0,1,160,321615609,128388824,15329237,21833660,1073745267,0,1,0,0,0
454762122,READY,171,453,5375909,169,170,1,0,0,0,730146,678632,1,1,0,1,160,322007074,128388824,15329237,21838775,1073745267,1,1,0,0,0
455364872,FIELD,169,453,5375909,169,170,1,1,0,0,731050,678632,1,1,0,1,160,322007074,128991573,15329237,21838775,1140856179,1,1,0,0,0
455364873,START,172,454,5375910,170,168,1,0,0,0,731050,678632,0,1,1,1,160,322007074,128991574,15329237,21838775,1140856131,1,1,0,0,0
455364873,SELECT,170,454,5375910,170,168,1,0,0,0,731050,678632,0,1,1,1,160,322007074,128991574,15329237,21838775,1140856131,1,1,0,0,0
455448765,PUBLISH,170,454,5376868,170,168,1,0,0,0,731176,678632,0,1,1,1,161,322090007,128991574,15329237,21838775,1091872067,0,1,0,0,0
456363965,FIELD,170,454,5389528,170,168,1,0,0,0,732548,678632,0,1,1,1,161,322992547,128991574,15329237,21856334,1091872067,0,1,0,0,0
457223322,READY,172,455,5403188,170,168,1,0,0,0,733837,678632,0,1,1,1,161,323838244,128991574,15329237,21869693,1091872067,0,1,0,0,0
457366872,FIELD,170,455,5403189,170,168,1,0,0,0,734053,678632,0,1,1,1,161,323838245,129135122,15329237,21869693,1091904835,1,1,0,0,0
458365965,FIELD,170,456,5403189,170,168,1,0,0,0,735551,678632,0,1,1,1,161,323838245,130134215,15329237,21869693,1091904835,1,1,0,0,0
459368872,FIELD,170,457,5403189,170,168,1,1,0,0,737056,678632,0,1,1,1,161,323838245,131137122,15329237,21869693,1091904835,1,1,0,0,0
459368873,SELECT,168,458,5403189,168,171,0,0,0,0,737056,633587,0,1,1,1,161,323838245,131137123,15329237,21869693,1125459203,1,1,0,0,0
459368874,START,173,458,5403190,168,172,1,0,0,0,737056,633587,0,1,1,1,162,323838245,131137124,15329237,21869693,1073742409,1,0,0,0,0
459452765,PUBLISH,168,458,5404228,168,172,1,0,0,0,737182,633587,0,1,1,1,162,323921097,131137124,15329237,21869693,1073742925,0,1,0,0,0
460367965,FIELD,168,458,5416440,168,172,1,0,0,0,738554,633587,0,1,1,1,162,324824085,131137124,15329237,21886761,1073742925,0,1,0,0,0
461275608,READY,173,459,5431400,168,172,1,0,0,0,739916,633587,0,1,1,1,162,325716768,131137124,15329237,21900429,1073742925,0,1,0,0,0
461275610,START,174,459,5431402,168,172,1,0,0,0,739916,633587,0,1,1,1,162,325716769,131137124,15329237,21900429,1073742937,1,1,0,0,0
461370872,FIELD,168,459,5433744,168,172,1,0,0,0,740059,633587,0,1,1,1,162,325809688,131137124,15329237,21901559,1073744987,0,1,0,0,0
462369965,FIELD,168,460,5453996,168,172,1,1,0,0,741557,633587,0,1,1,1,162,326788529,131137124,15329237,21912933,1073744987,0,1,0,0,0
462369966,SELECT,172,461,5453996,172,173,1,0,0,0,741557,678632,0,0,1,1,162,326788530,131137124,15329237,21912933,1073745267,0,1,0,0,0
462457672,PUBLISH,172,461,5456020,172,173,1,0,0,0,741689,678632,0,0,1,1,163,326874212,131137124,15329237,21912933,1073745267,0,1,0,0,0
463372872,FIELD,172,461,5481050,172,173,1,0,0,0,743062,678632,0,0,1,1,163,327764382,131137124,15329237,21923571,1073745267,0,1,0,0,0
464048354,READY,174,462,5498169,172,173,1,0,0,0,744075,678632,0,0,1,1,163,328422746,131137124,15329237,21931167,1073745267,1,1,0,0,0
464371965,FIELD,172,462,5498169,172,173,1,0,0,0,744560,678632,0,0,1,1,163,328422746,131460734,15329237,21931167,1140856179,1,1,0,0,0
465374872,FIELD,172,463,5498169,172,173,1,1,0,0,746065,678632,0,0,1,1,163,328422746,132463641,15329237,21931167,1140856179,1,1,0,0,0
465374873,START,175,464,5498170,173,171,1,0,0,0,746065,678632,0,1,0,1,163,328422746,132463642,15329237,21931167,1140856131,1,1,0,0,0
465374873,SELECT,173,464,5498170,173,171,1,0,0,0,746065,678632,0,1,0,1,163,328422746,132463642,15329237,21931167,1140856131,1,1,0,0,0
465458765,PUBLISH,173,464,5499296,173,171,1,0,0,0,746191,678632,0,1,0,1,164,328505511,132463642,15329237,21931167,1091872067,0,1,0,0,0
466373965,FIELD,173,464,5511232,173,171,1,0,0,0,747563,678632,0,1,0,1,164,329408775,132463642,15329237,21946839,1091872067,0,1,0,0,0
467302042,READY,175,465,5527924,173,171,1,0,0,0,748956,678632,0,1,0,1,164,330320160,132463642,15329237,21960399,1091872067,0,1,0,0,0
467376872,FIELD,173,465,5527925,173,171,1,1,0,0,749068,678632,0,1,0,1,164,330320161,132538470,15329237,21960399,1091904835,1,1,0,0,0
467376873,SELECT,171,466,5527925,171,174,0,0,0,0,749068,678632,0,1,1,1,164,330320161,132538471,15329237,21960399,1125459203,1,1,0,0,0
467376874,START,176,466,5527926,171,175,1,0,0,0,749068,678632,0,1,1,1,165,330320161,132538472,15329237,21960399,1073742409,1,0,0,0,0
467460765,PUBLISH,171,466,5529044,171,175,1,0,0,0,749194,678632,0,1,1,1,165,330402933,132538472,15329237,21960399,1073742925,0,1,0,0,0
468375965,FIELD,171,466,5541534,171,175,1,0,0,0,750566,678632,0,1,1,1,165,331305643,132538472,15329237,21977357,1073742925,0,1,0,0,0
469275817,READY,176,467,5557836,171,175,1,0,0,0,751916,678632,0,1,1,1,165,332189193,132538472,15329237,21990267,1073742925,0,1,0,0,0
469275819,START,177,467,5557838,171,175,1,0,0,0,751916,678632,0,1,1,1,165,332189194,132538472,15329237,21990267,1073742937,1,1,0,0,0
469378872,FIELD,171,467,5560272,171,175,1,0,0,0,752071,678632,0,1,1,1,165,332289812,132538472,15329237,21991576,1073744987,0,1,0,0,0
470377965,FIELD,171,468,5583524,171,175,1,1,0,0,753569,678632,0,1,1,1,165,333265653,132538472,15329237,22002846,1073744987,0,1,0,0,0
470377966,SELECT,175,469,5583524,175,176,1,0,0,0,753569,678632,0,0,0,1,165,333265654,132538472,15329237,22002846,1073745267,0,1,0,0,0
470465672,PUBLISH,175,469,5586172,175,176,1,0,0,0,753701,678632,0,0,0,1,166,333350712,132538472,15329237,22002846,1073745267,0,1,0,0,0
471380872,FIELD,175,469,5612248,175,176,1,0,0,0,755074,678632,0,0,0,1,166,334239836,132538472,15329237,22012437,1073745267,0,1,0,0,0
472182621,READY,177,470,5633509,175,176,1,0,0,0,756276,678632,0,0,0,1,166,335020325,132538472,15329237,22020719,1073745267,1,1,0,0,0
472379965,FIELD,175,470,5633509,175,176,1,1,0,0,756572,678632,0,0,0,1,166,335020325,132735815,15329237,22020719,1140856179,1,1,0,0,0
472379966,START,178,471,5633510,176,174,1,0,0,0,756572,678632,0,0,1,1,166,335020325,132735816,15329237,22020719,1140856131,1,1,0,0,0
472379966,SELECT,176,471,5633510,176,174,1,0,0,0,756572,678632,0,0,1,1,166,335020325,132735816,15329237,22020719,1140856131,1,1,0,0,0
472467672,PUBLISH,176,471,5634712,176,174,1,0,0,0,756704,678632,0,0,1,1,167,335106828,132735816,15329237,22020719,1091872067,0,1,0,0,0
473382872,FIELD,176,471,5646680,176,174,1,0,0,0,758077,678632,0,0,1,1,167,336010060,132735816,15329237,22036043,1091872067,0,1,0,0,0
474381965,FIELD,176,472,5665148,176,174,1,0,0,0,759575,678632,0,0,1,1,167,336990685,132735816,15329237,22049560,1091872067,0,1,0,0,0
474464591,READY,178,473,5666336,176,174,1,0,0,0,759699,678632,0,0,1,1,167,337072123,132735816,15329237,22049560,1091872067,0,1,0,0,0
475384872,FIELD,176,473,5666337,176,174,1,1,0,0,761080,678632,0,0,1,1,167,337072124,133656095,15329237,22049560,1091904835,1,1,0,0,0
475384873,SELECT,174,474,5666337,174,177,0,0,0,0,761080,678632,0,1,0,1,167,337072124,133656096,15329237,22049560,1125459203,1,1,0,0,0
475384874,START,179,474,5666338,174,178,1,0,0,0,761080,678632,0,1,0,1,168,337072124,133656097,15329237,22049560,1073742409,1,0,0,0,0
475468765,PUBLISH,174,474,5667568,174,178,1,0,0,0,761206,678632,0,1,0,1,168,337154784,133656097,15329237,22049560,1073742925,0,1,0,0,0
476383965,FIELD,174,474,5680176,174,178,1,0,0,0,762578,678632,0,1,0,1,168,338057376,133656097,15329237,22064893,1073742925,0,1,0,0,0
477386872,FIELD,174,475,5699564,174,178,1,1,0,0,764083,678632,0,1,0,1,168,339040895,133656097,15329237,22078096,1073742925,0,1,0,0,0
477386873,SELECT,178,476,5699564,178,177,0,0,0,0,764083,678632,0,1,1,1,168,339040896,133656097,15329237,22078096,1073743205,0,1,0,0,0
477470765,PUBLISH,178,476,5700768,178,177,0,0,0,0,764209,678632,0,1,1,1,169,339123584,133656097,15329237,22078096,1073743205,0,1,0,0,0
477490777,READY,179,476,5700768,178,177,0,0,0,0,764239,678632,0,1,1,1,169,339143596,133656097,15329237,22078868,1073743205,0,1,0,0,0
477490939,START,180,476,5700930,178,179,1,0,0,0,764239,678632,0,1,1,1,169,339143597,133656097,15329237,22078868,1073743217,1,1,0,0,0
478385965,FIELD,178,476,5726359,178,179,1,0,0,0,765581,678632,0,1,1,1,169,340013193,133656097,15329237,22095651,1073745267,0,1,0,0,0
479388872,FIELD,178,477,5758245,178,179,1,0,0,0,767086,678632,0,1,1,1,169,340984214,133656097,15329237,22111996,1073745267,0,1,0,0,0
479705909,PTS,16,478,5768549,178,179,1,0,0,0,767561,678632,0,1,1,1,169,341290948,133656097,15329237,22115902,1073745267,1,1,0,0,0
479735179,START,181,478,5769526,178,179,1,0,0,0,767605,678632,0,1,1,1,169,341319241,133656097,15329237,22115996,1073745267,1,1,0,0,0
479735180,READY,180,478,5769526,178,179,1,0,0,0,767605,678632,0,1,1,1,169,341319241,133656097,15329237,22115996,1073745267,1,1,0,0,0
480387965,FIELD,178,478,5769526,178,179,1,1,0,0,768584,678632,0,1,1,1,169,341319241,134308882,15329237,22115996,1140856179,1,1,0,0,0
480387966,SELECT,179,479,5769526,179,177,1,0,0,0,768584,678632,0,0,0,1,169,341319241,134308883,15329237,22115996,1140856131,1,1,0,0,0
480475672,PUBLISH,179,479,5771020,179,177,1,0,0,0,768716,678632,0,0,0,1,170,341405452,134308884,15329237,22115996,1091872067,0,1,0,0,0
481390872,FIELD,179,479,5783076,179,177,1,0,0,0,770089,678632,0,0,0,1,170,342308596,134308884,15329237,22133459,1091872067,0,1,0,0,0
482258339,READY,181,480,5796368,179,177,1,0,0,0,771390,678632,0,0,0,1,170,343162771,134308884,15329237,22146881,1091872067,0,1,0,0,0
482389965,FIELD,179,480,5796369,179,177,1,1,0,0,771587,678632,0,0,0,1,170,343162772,134440508,15329237,22146881,1091904835,1,1,0,0,0
482389966,SELECT,177,481,5796369,177,180,0,0,0,0,771587,678632,0,0,1,1,170,343162772,134440509,15329237,22146881,1125459203,1,1,0,0,0
482389967,START,182,481,5796370,177,181,1,0,1,1,771587,678632,0,0,1,1,171,343162772,134440510,15329237,22146881,1073742409,1,0,0,0,0
482477672,PUBLISH,177,481,5797836,177,181,1,0,1,1,771719,678632,0,0,1,1,171,343249010,134440510,15329237,22146881,1073742925,0,1,0,0,0
483392872,FIELD,177,481,5810584,177,181,1,0,1,1,773092,678632,0,0,1,1,171,344151462,134440510,15329237,22163677,1073742925,0,1,0,0,0
484275512,READY,182,482,5823432,177,181,1,0,1,1,774416,678632,0,0,1,1,171,345021254,134440510,15329237,22176885,1073742925,0,1,0,0,0
484275514,START,183,482,5823434,177,181,1,0,1,1,774416,678632,0,0,1,1,171,345021255,134440510,15329237,22176885,1073742937,1,1,0,0,0
484391965,FIELD,177,482,5825688,177,181,1,0,1,1,774590,678632,0,0,1,1,171,345135451,134440510,15329237,22177845,1073744987,0,1,0,0,0
485394872,FIELD,177,483,5848494,177,181,1,1,1,1,776095,678632,0,0,1,1,171,346115552,134440510,15329237,22188795,1073744987,0,1,0,0,0
485394873,SELECT,181,484,5848494,181,182,1,0,0,0,776095,723677,1,1,0,1,171,346115553,134440510,15329237,22188795,1073745267,0,1,0,0,0
485478765,PUBLISH,181,484,5849668,181,182,1,0,0,0,776221,723677,1,1,0,1,172,346198271,134440510,15329237,22189043,1073745267,0,1,0,0,0
486393966,FIELD,181,484,5872896,181,182,1,0,0,0,777593,723677,1,1,0,1,172,347090244,134440510,15329237,22199952,1073745267,0,1,0,0,0
487027757,READY,183,485,5887201,181,182,1,0,0,0,778544,723677,1,1,0,1,172,347709731,134440510,15329237,22206842,1073745267,1,1,0,0,0
487396872,FIELD,181,485,5887201,181,182,1,1,0,0,779098,723677,1,1,0,1,172,347709731,134809624,15329237,22206842,1140856179,1,1,0,0,0
487396873,START,184,486,5887202,182,180,1,0,0,0,779098,723677,0,1,1,1,172,347709731,134809625,15329237,22206842,1140856131,1,1,0,0,0
487396873,SELECT,182,486,5887202,182,180,1,0,0,0,779098,723677,0,1,1,1,172,347709731,134809625,15329237,22206842,1140856131,1,1,0,0,0
487480765,PUBLISH,182,486,5888728,182,180,1,0,0,0,779224,723677,0,1,1,1,173,347792096,134809625,15329237,22206842,1091872067,0,1,0,0,0
488395966,FIELD,182,486,5901332,182,180,1,0,0,0,780596,723677,0,1,1,1,173,348694693,134809625,15329237,22221036,1091872067,0,1,0,0,0
489398872,FIELD,182,487,5916192,182,180,1,0,0,0,782101,723677,0,1,1,1,173,349682739,134809625,15329237,22235645,1091872067,0,1,0,0,0
489404990,READY,184,488,5916192,182,180,1,0,0,0,782110,723677,0,1,1,1,173,349688857,134809625,15329237,22235645,1091872067,0,1,0,0,0
490397966,FIELD,182,488,5916193,182,180,1,0,0,0,783599,723677,0,1,1,1,173,349688858,135802599,15329237,22235645,1091904835,1,1,0,0,0
491400872,FIELD,182,489,5916193,182,180,1,1,0,0,785104,723677,0,1,1,1,173,349688858,136805505,15329237,22235645,1091904835,1,1,0,0,0
491400873,SELECT,180,490,5916193,180,183,0,0,0,0,785104,678632,0,1,1,1,173,349688858,136805506,15329237,22235645,1125459203,1,1,0,0,0
491400874,START,185,490,5916194,180,184,1,0,0,0,785104,678632,0,1,1,1,174,349688858,136805507,15329237,22235645,1073742409,1,0,0,0,0
491484765,PUBLISH,180,490,5917148,180,184,1,0,0,0,785230,678632,0,1,1,1,174,349771794,136805507,15329237,22235645,1073742925,0,1,0,0,0
492399966,FIELD,180,490,5930536,180,184,1,0,0,0,786602,678632,0,1,1,1,174,350673607,136805507,15329237,22251368,1073742925,0,1,0,0,0
493402872,FIELD,180,491,5944932,180,184,1,0,0,0,788107,678632,0,1,1,1,174,351662117,136805507,15329237,22265499,1073742925,0,1,0,0,0
493426472,READY,185,492,5944932,180,184,1,0,0,0,788142,678632,0,1,1,1,174,351685717,136805507,15329237,22265499,1073742925,0,1,0,0,0
493426474,START,186,492,5944934,180,184,1,0,0,0,788142,678632,0,1,1,1,174,351685718,136805507,15329237,22265499,1073742937,1,1,0,0,0
494401966,FIELD,180,492,5968492,180,184,1,1,0,0,789605,678632,0,1,1,1,174,352637651,136805507,15329237,22276671,1073744987,0,1,0,0,0
494401967,SELECT,184,493,5968492,184,185,1,0,0,0,789605,723677,0,0,1,1,174,352637652,136805507,15329237,22276671,1073745267,0,1,0,0,0
494489672,PUBLISH,184,493,5970716,184,185,1,0,0,0,789737,723677,0,0,1,1,175,352723133,136805507,15329237,22276671,1073745267,0,1,0,0,0
495404872,FIELD,184,493,5992516,184,185,1,0,0,0,791110,723677,0,0,1,1,175,353616533,136805507,15329237,22286918,1073745267,0,1,0,0,0
496189598,READY,186,494,6010705,184,185,1,0,0,0,792287,723677,0,0,1,1,175,354383071,136805507,15329237,22295880,1073745267,1,1,0,0,0
496403966,FIELD,184,494,6010705,184,185,1,0,0,0,792608,723677,0,0,1,1,175,354383071,137019874,15329237,22295880,1140856179,1,1,0,0,0
497406872,FIELD,184,495,6010705,184,185,1,1,0,0,794113,723677,0,0,1,1,175,354383071,138022780,15329237,22295880,1140856179,1,1,0,0,0
497406873,START,187,496,6010706,185,183,1,0,0,0,794113,723677,0,1,0,1,175,354383071,138022781,15329237,22295880,1140856131,1,1,0,0,0
497406873,SELECT,185,496,6010706,185,183,1,0,0,0,794113,723677,0,1,0,1,175,354383071,138022781,15329237,22295880,1140856131,1,1,0,0,0
497490766,PUBLISH,185,496,6011755,185,183,1,0,0,0,794239,723677,0,1,0,1,176,354465915,138022781,15329237,22295880,1091872067,1,1,0,0,0
498405966,FIELD,185,496,6026071,185,183,1,0,0,0,795611,723677,0,1,0,1,176,355366799,138022781,15329237,22310577,1091872067,1,1,0,0,0
499408872,FIELD,185,497,6040348,185,183,1,1,0,0,797116,723677,0,1,0,1,176,356355427,138022781,15329237,22323553,1091872067,0,1,0,0,0
499408873,SELECT,183,498,6040348,183,186,0,0,0,0,797116,723677,0,1,1,1,176,356355428,138022781,15329237,22323553,1125426435,0,1,0,0,0
499439697,READY,187,498,6040348,183,186,0,0,0,0,797162,723677,0,1,1,0,177,356386252,138022781,15329237,22323553,1125426435,0,1,0,0,0
499439700,START,188,498,6040350,183,187,1,0,0,0,797162,723677,0,1,1,0,177,356386253,138022782,15329237,22323553,1073742409,1,1,0,0,0
499492766,PUBLISH,183,498,6041316,183,187,1,0,0,0,797242,723677,0,1,1,1,177,356438352,138022782,15329237,22323553,1073742925,0,1,0,0,0
500407966,FIELD,183,498,6054940,183,187,1,0,0,0,798614,723677,0,1,1,1,177,357339928,138022782,15329237,22339349,1073742925,0,1,0,0,0
501410872,FIELD,183,499,6070260,183,187,1,0,0,0,800119,723677,0,1,1,1,177,358327514,138022782,15329237,22352948,1073742925,0,1,0,0,0
501479785,READY,188,500,6070260,183,187,1,0,0,0,800222,723677,0,1,1,1,177,358396427,138022782,15329237,22352948,1073742925,0,1,0,0,0
501479787,START,189,500,6070262,183,187,1,0,0,0,800222,723677,0,1,1,1,177,358396428,138022782,15329237,22352948,1073742937,1,1,0,0,0
502409966,FIELD,183,500,6092872,183,187,1,1,0,0,801617,723677,0,1,1,1,177,359303996,138022782,15329237,22363402,1073744987,0,1,0,0,0
502409967,SELECT,187,501,6092872,187,188,1,0,0,0,801617,723677,0,0,0,1,177,359303997,138022782,15329237,22363402,1073745267,0,1,0,0,0
502497672,PUBLISH,187,501,6095196,187,188,1,0,0,0,801749,723677,0,0,0,1,178,359389378,138022782,15329237,22363402,1073745267,0,1,0,0,0
503412872,FIELD,187,501,6117140,187,188,1,0,0,0,803122,723677,0,0,0,1,178,360282634,138022782,15329237,22372934,1073745267,0,1,0,0,0
504334538,READY,189,502,6140557,187,188,1,0,0,0,804504,723677,0,0,0,1,178,361180884,138022782,15329237,22383161,1073745267,1,1,0,0,0
504411966,FIELD,187,502,6140557,187,188,1,1,0,0,804620,723677,0,0,0,1,178,361180884,138100209,15329237,22383161,1140856179,1,1,0,0,0
504411967,START,190,503,6140558,188,186,1,0,0,0,804620,723677,0,0,1,1,178,361180884,138100210,15329237,22383161,1140856131,1,1,0,0,0
504411967,SELECT,188,503,6140558,188,186,1,0,0,0,804620,723677,0,0,1,1,178,361180884,138100210,15329237,22383161,1140856131,1,1,0,0,0
504499672,PUBLISH,188,503,6142252,188,186,1,0,0,0,804752,723677,0,0,1,1,179,361266894,138100210,15329237,22383161,1091872067,0,1,0,0,0
505414872,FIELD,188,503,6155520,188,186,1,0,0,0,806125,723677,0,0,1,1,179,362168826,138100210,15329237,22398697,1091872067,0,1,0,0,0
506413966,FIELD,188,504,6171472,188,186,1,0,0,0,807623,723677,0,0,1,1,179,363151968,138100210,15329237,22412889,1091872067,0,1,0,0,0
506535732,READY,190,505,6172624,188,186,1,0,0,0,807806,723677,0,0,1,1,179,363272582,138100210,15329237,22414110,1091872067,0,1,0,0,0
507416872,FIELD,188,505,6172625,188,186,1,1,0,0,809128,723677,0,0,1,1,179,363272583,138981348,15329237,22414110,1091904835,1,1,0,0,0
507416873,SELECT,186,506,6172625,186,189,0,0,0,0,809128,723677,0,1,0,1,179,363272583,138981349,15329237,22414110,1125459203,1,1,0,0,0
507416874,START,191,506,6172626,186,190,1,0,0,0,809128,723677,0,1,0,1,180,363272583,138981350,15329237,22414110,1073742409,1,0,0,0,0
507500766,PUBLISH,186,506,6174020,186,190,1,0,0,0,809254,723677,0,1,0,1,180,363355080,138981350,15329237,22414110,1073742925,0,1,0,0,0
508415966,FIELD,186,506,6188120,186,190,1,0,0,0,810626,723677,0,1,0,1,180,364256180,138981350,15329237,22429388,1073742925,0,1,0,0,0
509418872,FIELD,186,507,6205136,186,190,1,1,0,0,812131,723677,0,1,0,1,180,365242070,138981350,15329237,22442769,1073742925,0,1,0,0,0
509418873,SELECT,190,508,6205136,190,189,0,0,0,0,812131,723677,0,1,1,1,180,365242071,138981350,15329237,22442769,1073743205,0,1,0,0,0
509502766,PUBLISH,190,508,6206352,190,189,0,0,0,0,812257,723677,0,1,1,1,181,365324748,138981350,15329237,22443142,1073743205,0,1,0,0,0
509571907,READY,191,508,6206352,190,189,0,0,0,0,812360,723677,0,1,1,1,181,365393889,138981350,15329237,22444617,1073743205,0,1,0,0,0
509572069,START,192,508,6206514,190,191,1,0,0,0,812361,723677,0,1,1,1,181,365393890,138981350,15329237,22444617,1073743217,1,1,0,0,0
510417966,FIELD,190,508,6233377,190,191,1,0,0,0,813629,723677,0,1,1,1,181,366212923,138981350,15329237,22459910,1073745267,0,1,0,0,0
511420872,FIELD,190,509,6266784,190,191,1,0,0,0,815134,723677,0,1,1,1,181,367182422,138981350,15329237,22475970,1073745267,0,1,0,0,0
511875560,PTS,17,510,6282487,190,191,1,0,0,0,815816,723677,0,1,1,1,181,367621408,138981350,15329237,22483502,1073745267,1,1,0,0,0
511885221,START,193,510,6282758,190,191,1,0,0,0,815830,723677,0,1,1,1,181,367630798,138981350,15329237,22483816,1073745267,1,1,0,0,0
511885222,READY,192,510,6282758,190,191,1,0,0,0,815830,723677,0,1,1,1,181,367630798,138981350,15329237,22483816,1073745267,1,1,0,0,0
512419966,FIELD,190,510,6282758,190,191,1,1,0,0,816632,723677,0,1,1,1,181,367630798,139516094,15329237,22483816,1140856179,1,1,0,0,0
512419967,SELECT,191,511,6282758,191,189,1,0,0,0,816632,723677,0,0,0,1,181,367630798,139516095,15329237,22483816,1140856131,1,1,0,0,0
512507672,PUBLISH,191,511,6284256,191,189,1,0,0,0,816764,723677,0,0,0,1,182,367717004,139516096,15329237,22483816,1091872067,0,1,0,0,0
513422872,FIELD,191,511,6296588,191,189,1,0,0,0,818137,723677,0,0,0,1,182,368619872,139516096,15329237,22499097,1091872067,0,1,0,0,0
514421966,FIELD,191,512,6311680,191,189,1,1,0,0,819635,723677,0,0,0,1,182,369603874,139516096,15329237,22512718,1091872067,0,1,0,0,0
514421967,SELECT,189,513,6311680,189,192,0,0,0,0,819635,723677,0,0,1,1,182,369603875,139516096,15329237,22512718,1125426435,0,1,0,0,0
514509672,PUBLISH,189,513,6312724,189,192,0,0,0,0,819767,723677,0,0,1,1,183,369690536,139516096,15329237,22512718,1125426435,0,1,0,0,0
514516178,READY,193,513,6312724,189,192,0,0,0,0,819777,723677,0,0,1,1,183,369697042,139516096,15329237,22512900,1125426435,0,1,0,0,0
514516181,START,194,513,6312726,189,193,1,0,1,1,819777,723677,0,0,1,1,183,369697043,139516097,15329237,22512900,1073742409,1,1,0,0,0
515424873,FIELD,189,513,6325988,189,193,1,0,1,1,821140,723677,0,0,1,1,183,370592472,139516097,15329237,22529163,1073742925,0,1,0,0,0
516423966,FIELD,189,514,6341122,189,193,1,0,1,1,822638,723677,0,0,1,1,183,371576431,139516097,15329237,22542508,1073742925,0,1,0,0,0
516584942,READY,194,515,6342452,189,193,1,0,1,1,822880,723677,0,0,1,1,183,371736077,139516097,15329237,22544078,1073742925,0,1,0,0,0
516584944,START,195,515,6342454,189,193,1,0,1,1,822880,723677,0,0,1,1,183,371736078,139516097,15329237,22544078,1073742937,1,1,0,0,0
517426873,FIELD,189,515,6361516,189,193,1,1,1,1,824143,723677,0,0,1,1,183,372558944,139516097,15329237,22553647,1073744987,0,1,0,0,0
517426874,SELECT,193,516,6361516,193,194,1,0,0,0,824143,768722,1,1,0,1,183,372558945,139516097,15329237,22553647,1073745267,0,1,0,0,0
517510766,PUBLISH,193,516,6363076,193,194,1,0,0,0,824269,768722,1,1,0,1,184,372641277,139516097,15329237,22553919,1073745267,0,1,0,0,0
518425966,FIELD,193,516,6384112,193,194,1,0,0,0,825641,768722,1,1,0,1,184,373535441,139516097,15329237,22565330,1073745267,0,1,0,0,0
519365506,READY,195,517,6406893,193,194,1,0,0,0,827051,768722,1,1,0,1,184,374452201,139516097,15329237,22575545,1073745267,1,1,0,0,0
519428873,FIELD,193,517,6406893,193,194,1,1,0,0,827146,768722,1,1,0,1,184,374452201,139579463,15329237,22575545,1140856179,1,1,0,0,0
519428874,START,196,518,6406894,194,192,1,0,0,0,827146,768722,0,1,1,1,184,374452201,139579464,15329237,22575545,1140856131,1,1,0,0,0
519428874,SELECT,194,518,6406894,194,192,1,0,0,0,827146,768722,0,1,1,1,184,374452201,139579464,15329237,22575545,1140856131,1,1,0,0,0
519512766,PUBLISH,194,518,6408616,194,192,1,0,0,0,827272,768722,0,1,1,1,185,374534370,139579464,15329237,22575545,1091872067,0,1,0,0,0
520427966,FIELD,194,518,6422462,194,192,1,0,0,0,828644,768722,0,1,1,1,185,375435724,139579464,15329237,22591139,1091872067,0,1,0,0,0
521430873,FIELD,194,519,6436564,194,192,1,0,0,0,830149,768722,0,1,1,1,185,376424529,139579464,15329237,22604984,1091872067,0,1,0,0,0
521500208,READY,196,520,6436564,194,192,1,0,0,0,830253,768722,0,1,1,1,185,376493864,139579464,15329237,22604984,1091872067,0,1,0,0,0
522429966,FIELD,194,520,6436565,194,192,1,0,0,0,831647,768722,0,1,1,1,185,376493865,140509220,15329237,22604984,1091904835,1,1,0,0,0
523432873,FIELD,194,521,6436565,194,192,1,1,0,0,833152,768722,0,1,1,1,185,376493865,141512127,15329237,22604984,1091904835,1,1,0,0,0
523432874,SELECT,192,522,6436565,192,195,0,0,0,0,833152,723677,0,1,1,1,185,376493865,141512128,15329237,22604984,1125459203,1,1,0,0,0
523432875,START,197,522,6436566,192,196,1,0,0,0,833152,723677,0,1,1,1,186,376493865,141512129,15329237,22604984,1073742409,1,0,0,0,0
523516766,PUBLISH,192,522,6438252,192,196,1,0,0,0,833278,723677,0,1,1,1,186,376576069,141512129,15329237,22604984,1073742925,0,1,0,0,0
524431966,FIELD,192,522,6451296,192,196,1,0,0,0,834650,723677,0,1,1,1,186,377478225,141512129,15329237,22620835,1073742925,0,1,0,0,0
525434873,FIELD,192,523,6465064,192,196,1,0,0,0,836155,723677,0,1,1,1,186,378467364,141512129,15329237,22633692,1073742925,0,1,0,0,0
525499235,READY,197,524,6465064,192,196,1,0,0,0,836251,723677,0,1,1,1,186,378531726,141512129,15329237,22633692,1073742925,0,1,0,0,0
525499237,START,198,524,6465066,192,196,1,0,0,0,836251,723677,0,1,1,1,186,378531727,141512129,15329237,22633692,1073742937,1,1,0,0,0
526433966,FIELD,192,524,6486288,192,196,1,1,0,0,837653,723677,0,1,1,1,186,379445233,141512129,15329237,22644741,1073744987,0,1,0,0,0
526433967,SELECT,196,525,6486288,196,197,1,0,0,0,837653,768722,0,0,1,1,186,379445234,141512129,15329237,22644741,1073745267,0,1,0,0,0
526521673,PUBLISH,196,525,6488508,196,197,1,0,0,0,837785,768722,0,0,1,1,187,379530720,141512129,15329237,22644741,1073745267,0,1,0,0,0
527436873,FIELD,196,525,6510316,196,197,1,0,0,0,839158,768722,0,0,1,1,187,380424112,141512129,15329237,22656098,1073745267,0,1,0,0,0
528317505,READY,198,526,6530061,196,197,1,0,0,0,840479,768722,0,0,1,1,187,381285000,141512129,15329237,22666147,1073745267,1,1,0,0,0
528435966,FIELD,196,526,6530061,196,197,1,0,0,0,840656,768722,0,0,1,1,187,381285000,141630589,15329237,22666147,1140856179,1,1,0,0,0
529438873,FIELD,196,527,6530061,196,197,1,1,0,0,842161,768722,0,0,1,1,187,381285000,142633496,15329237,22666147,1140856179,1,1,0,0,0
529438874,START,199,528,6530062,197,195,1,0,0,0,842161,768722,0,1,0,1,187,381285000,142633497,15329237,22666147,1140856131,1,1,0,0,0
529438874,SELECT,197,528,6530062,197,195,1,0,0,0,842161,768722,0,1,0,1,187,381285000,142633497,15329237,22666147,1140856131,1,1,0,0,0
529522766,PUBLISH,197,528,6531608,197,195,1,0,0,0,842287,768722,0,1,0,1,188,381367345,142633497,15329237,22666147,1091872067,0,1,0,0,0
530437966,FIELD,197,528,6544024,197,195,1,0,0,0,843659,768722,0,1,0,1,188,382270129,142633497,15329237,22680734,1091872067,0,1,0,0,0
531440873,FIELD,197,529,6558588,197,195,1,1,0,0,845164,768722,0,1,0,1,188,383258472,142633497,15329237,22693697,1091872067,0,1,0,0,0
531440874,SELECT,195,530,6558588,195,198,0,0,0,0,845164,768722,0,1,1,1,188,383258473,142633497,15329237,22693697,1125426435,0,1,0,0,0
531524766,PUBLISH,195,530,6559660,195,198,0,0,0,0,845290,768722,0,1,1,1,189,383341293,142633497,15329237,22693697,1125426435,0,1,0,0,0
531542206,READY,199,530,6559660,195,198,0,0,0,0,845316,768722,0,1,1,1,189,383358733,142633497,15329237,22694307,1125426435,0,1,0,0,0
531542209,START,200,530,6559662,195,199,1,0,0,0,845316,768722,0,1,1,1,189,383358734,142633498,15329237,22694307,1073742409,1,1,0,0,0
532439966,FIELD,195,530,6572488,195,199,1,0,0,0,846662,768722,0,1,1,1,189,384243664,142633498,15329237,22710164,1073742925,0,1,0,0,0
533442873,FIELD,195,531,6586644,195,199,1,0,0,0,848167,768722,0,1,1,1,189,385232415,142633498,15329237,22724427,1073742925,0,1,0,0,0
533646839,READY,200,532,6589220,195,199,1,0,0,0,848473,768722,0,1,1,1,189,385433805,142633498,15329237,22726452,1073742925,0,1,0,0,0
533646841,START,201,532,6589222,195,199,1,0,0,0,848473,768722,0,1,1,1,189,385433806,142633498,15329237,22726452,1073742937,1,1,0,0,0
534441966,FIELD,195,532,6608624,195,199,1,1,0,0,849665,768722,0,1,1,1,189,386209528,142633498,15329237,22736108,1073744987,0,1,0,0,0
534441967,SELECT,199,533,6608624,199,200,1,0,0,0,849665,768722,0,0,0,1,189,386209529,142633498,15329237,22736108,1073745267,0,1,0,0,0
534529673,PUBLISH,199,533,6610156,199,200,1,0,0,0,849797,768722,0,0,0,1,190,386295703,142633498,15329237,22736383,1073745267,0,1,0,0,0
535444873,FIELD,199,533,6630580,199,200,1,0,0,0,851170,768722,0,0,0,1,190,387190479,142633498,15329237,22748766,1073745267,0,1,0,0,0
536443966,FIELD,199,534,6655816,199,200,1,1,0,0,852668,768722,0,0,0,1,190,388164336,142633498,15329237,22758800,1073745267,0,1,0,0,0
536443967,SELECT,200,535,6655816,200,198,1,0,0,0,852668,768722,0,0,1,1,190,388164337,142633498,15329237,22758800,1073745219,0,1,0,0,0
536488726,READY,201,535,6655817,200,198,1,0,0,0,852736,768722,0,0,1,0,191,388209096,142633498,15329237,22758800,1073745219,1,1,0,0,0
536488727,START,202,535,6655818,200,198,1,0,0,0,852736,768722,0,0,1,0,191,388209096,142633498,15329237,22758800,1140856131,1,1,0,0,0
536531673,PUBLISH,200,535,6656800,200,198,1,0,0,0,852800,768722,0,0,1,1,191,388251059,142633498,15329237,22758800,1091872067,0,1,0,0,0
537446873,FIELD,200,535,6669444,200,198,1,0,0,0,854173,768722,0,0,1,1,191,389153615,142633498,15329237,22773208,1091872067,0,1,0,0,0
538445966,FIELD,200,536,6683616,200,198,1,0,0,0,855671,768722,0,0,1,1,191,390138536,142633498,15329237,22787961,1091872067,0,1,0,0,0
538598436,READY,202,537,6684844,200,198,1,0,0,0,855900,768722,0,0,1,1,191,390289778,142633498,15329237,22789300,1091872067,0,1,0,0,0
539448873,FIELD,200,537,6684845,200,198,1,1,0,0,857176,768722,0,0,1,1,191,390289779,143483933,15329237,22789300,1091904835,1,1,0,0,0
539448874,SELECT,198,538,6684845,198,201,0,0,0,0,857176,768722,0,1,0,1,191,390289779,143483934,15329237,22789300,1125459203,1,1,0,0,0
539448875,START,203,538,6684846,198,202,1,0,0,0,857176,768722,0,1,0,1,192,390289779,143483935,15329237,22789300,1073742409,1,0,0,0,0
539532766,PUBLISH,198,538,6686396,198,202,1,0,0,0,857302,768722,0,1,0,1,192,390372119,143483935,15329237,22789300,1073742925,0,1,0,0,0
540447966,FIELD,198,538,6698300,198,202,1,0,0,0,858674,768722,0,1,0,1,192,391275415,143483935,15329237,22805191,1073742925,0,1,0,0,0
541450873,FIELD,198,539,6711760,198,202,1,1,0,0,860179,768722,0,1,0,1,192,392264862,143483935,15329237,22818897,1073742925,0,1,0,0,0
541450874,SELECT,202,540,6711760,202,201,0,0,0,0,860179,768722,0,1,1,1,192,392264863,143483935,15329237,22818897,1073743205,0,1,0,0,0
541534766,PUBLISH,202,540,6712888,202,201,0,0,0,0,860305,768722,0,1,1,1,193,392347627,143483935,15329237,22818897,1073743205,0,1,0,0,0
541551116,READY,203,540,6712888,202,201,0,0,0,0,860329,768722,0,1,1,1,193,392363977,143483935,15329237,22819291,1073743205,0,1,0,0,0
541551278,START,204,540,6713050,202,203,1,0,0,0,860329,768722,0,1,1,1,193,392363978,143483935,15329237,22819291,1073743217,1,1,0,0,0
542449966,FIELD,202,540,6745022,202,203,1,0,0,0,861677,768722,0,1,1,1,193,393230693,143483935,15329237,22833479,1073745267,0,1,0,0,0
543452873,FIELD,202,541,6779607,202,203,1,0,0,0,863182,768722,0,1,1,1,193,394199015,143483935,15329237,22848801,1073745267,0,1,0,0,0
543922171,PTS,18,542,6796425,202,203,1,0,0,0,863886,768722,0,1,1,1,193,394651496,143483935,15329237,22855352,1073745267,1,1,0,0,0
543931119,START,205,542,6796706,202,203,1,0,0,0,863899,768722,0,1,1,1,193,394660163,143483935,15329237,22855464,1073745267,1,1,0,0,0
543931120,READY,204,542,6796706,202,203,1,0,0,0,863899,768722,0,1,1,1,193,394660163,143483935,15329237,22855464,1073745267,1,1,0,0,0
544451966,FIELD,202,542,6796706,202,203,1,1,0,0,864680,768722,0,1,1,1,193,394660163,144004781,15329237,22855464,1140856179,1,1,0,0,0
544451967,SELECT,203,543,6796706,203,201,1,0,0,0,864680,768722,0,0,0,1,193,394660163,144004782,15329237,22855464,1140856131,1,1,0,0,0
544539673,PUBLISH,203,543,6797796,203,201,1,0,0,0,864812,768722,0,0,0,1,194,394746778,144004783,15329237,22855464,1091872067,0,1,0,0,0
545454873,FIELD,203,543,6810248,203,201,1,0,0,0,866185,768722,0,0,0,1,194,395649526,144004783,15329237,22873150,1091872067,0,1,0,0,0
546453966,FIELD,203,544,6824132,203,201,1,1,0,0,867683,768722,0,0,0,1,194,396634735,144004783,15329237,22887614,1091872067,0,1,0,0,0
546453967,SELECT,201,545,6824132,201,204,0,0,0,0,867683,768722,0,0,1,1,194,396634736,144004783,15329237,22887614,1125426435,0,1,0,0,0
546541673,PUBLISH,201,545,6825232,201,204,0,0,0,0,867815,768722,0,0,1,1,195,396721342,144004783,15329237,22887614,1125426435,0,1,0,0,0
546576305,READY,205,545,6825232,201,204,0,0,0,0,867867,768722,0,0,1,1,195,396755974,144004783,15329237,22888756,1125426435,0,1,0,0,0
546576308,START,206,545,6825234,201,205,1,0,1,1,867867,768722,0,0,1,1,195,396755975,144004784,15329237,22888756,1073742409,1,1,0,0,0
547456873,FIELD,201,545,6837368,201,205,1,0,1,1,869188,768722,0,0,1,1,195,397624405,144004784,15329237,22904071,1073742925,0,1,0,0,0
548455966,FIELD,201,546,6850620,201,205,1,0,1,1,870686,768722,0,0,1,1,195,398610246,144004784,15329237,22919222,1073742925,0,1,0,0,0
548679916,READY,206,547,6853152,201,205,1,0,1,1,871022,768722,0,0,1,1,195,398831664,144004784,15329237,22920926,1073742925,0,1,0,0,0
548679918,START,207,547,6853154,201,205,1,0,1,1,871022,768722,0,0,1,1,195,398831665,144004784,15329237,22920926,1073742937,1,1,0,0,0
549458873,FIELD,201,547,6870788,201,205,1,1,1,1,872191,768722,0,0,1,1,195,399592985,144004784,15329237,22929948,1073744987,0,1,0,0,0
549458874,SELECT,205,548,6870788,205,206,1,0,0,0,872191,813767,1,1,0,1,195,399592986,144004784,15329237,22929948,1073745267,0,1,0,0,0
549542766,PUBLISH,205,548,6873304,205,206,1,0,0,0,872317,813767,1,1,0,1,196,399674362,144004784,15329237,22929948,1073745267,0,1,0,0,0
550457966,FIELD,205,548,6894856,205,206,1,0,0,0,873689,813767,1,1,0,1,196,400568010,144004784,15329237,22941148,1073745267,0,1,0,0,0
551460873,FIELD,205,549,6919680,205,206,1,1,0,0,875194,813767,1,1,0,1,196,401546093,144004784,15329237,22950754,1073745267,0,1,0,0,0
551460874,SELECT,206,550,6919680,206,204,1,0,0,0,875194,813767,0,1,1,1,196,401546094,144004784,15329237,22950754,1073745219,0,1,0,0,0
551515805,READY,207,550,6919681,206,204,1,0,0,0,875276,813767,0,1,1,0,197,401601025,144004784,15329237,22950754,1073745219,1,1,0,0,0
551515806,START,208,550,6919682,206,204,1,0,0,0,875276,813767,0,1,1,0,197,401601025,144004784,15329237,22950754,1140856131,1,1,0,0,0
551544766,PUBLISH,206,550,6920124,206,204,1,0,0,0,875320,813767,0,1,1,1,197,401629542,144004784,15329237,22950754,1091872067,0,1,0,0,0
552459966,FIELD,206,550,6933568,206,204,1,0,0,0,876692,813767,0,1,1,1,197,402531298,144004784,15329237,22966784,1091872067,0,1,0,0,0
553462873,FIELD,206,551,6946416,206,204,1,0,0,0,878197,813767,0,1,1,1,197,403521357,144004784,15329237,22980810,1091872067,0,1,0,0,0
553635477,READY,208,552,6948856,206,204,1,0,0,0,878456,813767,0,1,1,1,197,403691521,144004784,15329237,22982661,1091872067,0,1,0,0,0
554461966,FIELD,206,552,6948857,206,204,1,0,0,0,879695,813767,0,1,1,1,197,403691522,144831271,15329237,22982661,1091904835,1,1,0,0,0
555464873,FIELD,206,553,6948857,206,204,1,1,0,0,881200,813767,0,1,1,1,197,403691522,145834178,15329237,22982661,1091904835,1,1,0,0,0
555464874,SELECT,204,554,6948857,204,207,0,0,0,0,881200,768722,0,1,1,1,197,403691522,145834179,15329237,22982661,1125459203,1,1,0,0,0
555464875,START,209,554,6948858,204,208,1,0,0,0,881200,768722,0,1,1,1,198,403691522,145834180,15329237,22982661,1073742409,1,0,0,0,0
555548766,PUBLISH,204,554,6950068,204,208,1,0,0,0,881326,768722,0,1,1,1,198,403774202,145834180,15329237,22982661,1073742925,0,1,0,0,0
556463966,FIELD,204,554,6962912,204,208,1,0,0,0,882698,768722,0,1,1,1,198,404676558,145834180,15329237,22998259,1073742925,0,1,0,0,0
557466873,FIELD,204,555,6974952,204,208,1,0,0,0,884203,768722,0,1,1,1,198,405667425,145834180,15329237,23011867,1073742925,0,1,0,0,0
557552703,READY,209,556,6976192,204,208,1,0,0,0,884332,768722,0,1,1,1,198,405752015,145834180,15329237,23011867,1073742925,0,1,0,0,0
557552705,START,210,556,6976194,204,208,1,0,0,0,884332,768722,0,1,1,1,198,405752016,145834180,15329237,23011867,1073742937,1,1,0,0,0
558465966,FIELD,204,556,6998740,204,208,1,1,0,0,885701,768722,0,1,1,1,198,406642730,145834180,15329237,23022847,1073744987,0,1,0,0,0
558465967,SELECT,208,557,6998740,208,209,1,0,0,0,885701,813767,0,0,1,1,198,406642731,145834180,15329237,23022847,1073745267,0,1,0,0,0
558553673,PUBLISH,208,557,6999648,208,209,1,0,0,0,885833,813767,0,0,1,1,199,406729529,145834180,15329237,23023206,1073745267,0,1,0,0,0
559468873,FIELD,208,557,7020660,208,209,1,0,0,0,887206,813767,0,0,1,1,199,407623717,145834180,15329237,23033607,1073745267,0,1,0,0,0
560422133,READY,210,558,7044153,208,209,1,0,0,0,888636,813767,0,0,1,1,199,408553485,145834180,15329237,23044178,1073745267,1,1,0,0,0
560467966,FIELD,208,558,7044153,208,209,1,0,0,0,888704,813767,0,0,1,1,199,408553485,145880012,15329237,23044178,1140856179,1,1,0,0,0
561470873,FIELD,208,559,7044153,208,209,1,1,0,0,890209,813767,0,0,1,1,199,408553485,146882919,15329237,23044178,1140856179,1,1,0,0,0
561470874,START,211,560,7044154,209,207,1,0,0,0,890209,813767,0,1,0,1,199,408553485,146882920,15329237,23044178,1140856131,1,1,0,0,0
561470874,SELECT,209,560,7044154,209,207,1,0,0,0,890209,813767,0,1,0,1,199,408553485,146882920,15329237,23044178,1140856131,1,1,0,0,0
561554766,PUBLISH,209,560,7045432,209,207,1,0,0,0,890335,813767,0,1,0,1,200,408636098,146882920,15329237,23044178,1091872067,0,1,0,0,0
562469966,FIELD,209,560,7057728,209,207,1,0,0,0,891707,813767,0,1,0,1,200,409539002,146882920,15329237,23059088,1091872067,0,1,0,0,0
563472873,FIELD,209,561,7071456,209,207,1,1,0,0,893212,813767,0,1,0,1,200,410528181,146882920,15329237,23073230,1091872067,0,1,0,0,0
563472874,SELECT,207,562,7071456,207,210,0,0,0,0,893212,813767,0,1,1,1,200,410528182,146882920,15329237,23073230,1125426435,0,1,0,0,0
563556766,PUBLISH,207,562,7072580,207,210,0,0,0,0,893338,813767,0,1,1,1,201,410610950,146882920,15329237,23073409,1125426435,0,1,0,0,0
563627156,READY,211,562,7072580,207,210,0,0,0,0,893443,813767,0,1,1,1,201,410681340,146882920,15329237,23074736,1125426435,0,1,0,0,0
563627159,START,212,562,7072582,207,211,1,0,0,0,893443,813767,0,1,1,1,201,410681341,146882921,15329237,23074736,1073742409,1,1,0,0,0
564471966,FIELD,207,562,7083740,207,211,1,0,0,0,894710,813767,0,1,1,1,201,411514989,146882921,15329237,23088343,1073742925,0,1,0,0,0
565474873,FIELD,207,563,7095876,207,211,1,0,0,0,896215,813767,0,1,1,1,201,412505760,146882921,15329237,23103599,1073742925,0,1,0,0,0
565754928,READY,212,564,7099604,207,211,1,0,0,0,896635,813767,0,1,1,1,201,412782087,146882921,15329237,23106393,1073742925,0,1,0,0,0
565754930,START,213,564,7099606,207,211,1,0,0,0,896635,813767,0,1,1,1,201,412782088,146882921,15329237,23106393,1073742937,1,1,0,0,0
566473966,FIELD,207,564,7117828,207,211,1,1,0,0,897713,813767,0,1,1,1,201,413482902,146882921,15329237,23114470,1073744987,1,1,0,0,0
566473967,SELECT,211,565,7117829,211,212,1,0,0,0,897713,813767,0,0,0,1,201,413482902,146882921,15329237,23114470,1073745267,1,1,0,0,0
566561673,PUBLISH,211,565,7118998,211,212,1,0,0,0,897845,813767,0,0,0,1,202,413569438,146882921,15329237,23114808,1073745267,0,1,0,0,0
567476873,FIELD,211,565,7139664,211,212,1,0,0,0,899218,813767,0,0,0,1,202,414463972,146882921,15329237,23125692,1073745267,0,1,0,0,0
568475966,FIELD,211,566,7164448,211,212,1,1,0,0,900716,813767,0,0,0,1,202,415438281,146882921,15329237,23135194,1073745267,0,1,0,0,0
568475967,SELECT,212,567,7164448,212,210,1,0,0,0,900716,813767,0,0,1,1,202,415438282,146882921,15329237,23135194,1073745219,0,1,0,0,0
568563673,PUBLISH,212,567,7166176,212,210,1,0,0,0,900848,813767,0,0,1,1,203,415524260,146882921,15329237,23135194,1073745219,0,1,0,0,0
568612380,READY,213,567,7166177,212,210,1,0,0,0,900921,813767,0,0,1,1,203,415572967,146882921,15329237,23136341,1073745219,1,1,0,0,0
568612381,START,214,567,7166178,212,210,1,0,0,0,900921,813767,0,0,1,1,203,415572967,146882921,15329237,23136341,1140856131,1,1,0,0,0
569478873,FIELD,212,567,7178528,212,210,1,0,0,0,902221,813767,0,0,1,1,203,416427108,146882921,15329237,23150358,1091872067,0,1,0,0,0
570477967,FIELD,212,568,7189944,212,210,1,0,0,0,903719,813767,0,0,1,1,203,417414786,146882921,15329237,23166750,1091872067,0,1,0,0,0
570700807,READY,214,569,7192956,212,210,1,0,0,0,904054,813767,0,0,1,1,203,417634614,146882921,15329237,23168911,1091872067,0,1,0,0,0
571480873,FIELD,212,569,7192957,212,210,1,1,0,0,905224,813767,0,0,1,1,203,417634615,147662985,15329237,23168911,1091904835,1,1,0,0,0
571480874,SELECT,210,570,7192957,210,213,0,0,0,0,905224,813767,0,1,0,1,203,417634615,147662986,15329237,23168911,1125459203,1,1,0,0,0
571480875,START,215,570,7192958,210,214,1,0,0,0,905224,813767,0,1,0,1,204,417634615,147662987,15329237,23168911,1073742409,1,0,0,0,0
571564766,PUBLISH,210,570,7194184,210,214,1,0,0,0,905350,813767,0,1,0,1,204,417717279,147662987,15329237,23168911,1073742925,0,1,0,0,0
572479967,FIELD,210,570,7206592,210,214,1,0,0,0,906722,813767,0,1,0,1,204,418620072,147662987,15329237,23183708,1073742925,0,1,0,0,0
573482873,FIELD,210,571,7218072,210,214,1,1,0,0,908227,813767,0,1,0,1,204,419611498,147662987,15329237,23197647,1073742925,0,1,0,0,0
573482874,SELECT,214,572,7218072,214,213,0,0,0,0,908227,813767,0,1,1,1,204,419611499,147662987,15329237,23197647,1073743205,0,1,0,0,0
573566766,PUBLISH,214,572,7219200,214,213,0,0,0,0,908353,813767,0,1,1,1,205,419694263,147662987,15329237,23197647,1073743205,0,1,0,0,0
573589311,READY,215,572,7219200,214,213,0,0,0,0,908386,813767,0,1,1,1,205,419716808,147662987,15329237,23198520,1073743205,0,1,0,0,0
573589473,START,216,572,7219362,214,215,1,0,0,0,908387,813767,0,1,1,1,205,419716809,147662987,15329237,23198520,1073743217,1,1,0,0,0
574481967,FIELD,214,572,7253702,214,215,1,0,0,0,909725,813767,0,1,1,1,205,420574962,147662987,15329237,23214499,1073745267,0,1,0,0,0
575484873,FIELD,214,573,7290645,214,215,1,0,0,0,911230,813767,0,1,1,1,205,421540925,147662987,15329237,23227592,1073745267,0,1,0,0,0
576011927,PTS,19,574,7310345,214,215,1,0,0,0,912020,813767,0,1,1,1,205,422048280,147662987,15329237,23235851,1073745267,1,1,0,0,0
576047936,START,217,574,7311758,214,215,1,0,0,0,912074,813767,0,1,1,1,205,422082876,147662987,15329237,23236439,1073745267,1,1,0,0,0
576047937,READY,216,574,7311758,214,215,1,0,0,0,912074,813767,0,1,1,1,205,422082876,147662987,15329237,23236439,1073745267,1,1,0,0,0
576483967,FIELD,214,574,7311758,214,215,1,1,0,0,912728,813767,0,1,1,1,205,422082876,148099017,15329237,23236439,1140856179,1,1,0,0,0
576483968,SELECT,215,575,7311758,215,213,1,0,0,0,912728,813767,0,0,0,1,205,422082876,148099018,15329237,23236439,1140856131,1,1,0,0,0
576571673,PUBLISH,215,575,7313072,215,213,1,0,0,0,912860,813767,0,0,0,1,206,422169266,148099019,15329237,23236439,1091872067,0,1,0,0,0
577486873,FIELD,215,575,7325892,215,213,1,0,0,0,914233,813767,0,0,0,1,206,423071646,148099019,15329237,23251312,1091872067,0,1,0,0,0
578485967,FIELD,215,576,7337484,215,213,1,1,0,0,915731,813767,0,0,0,1,206,424059148,148099019,15329237,23266378,1091872067,0,1,0,0,0
578485968,SELECT,213,577,7337484,213,216,0,0,0,0,915731,813767,0,0,1,1,206,424059149,148099019,15329237,23266378,1125426435,0,1,0,0,0
578573673,PUBLISH,213,577,7339220,213,216,0,0,0,0,915863,813767,0,0,1,1,207,424145118,148099019,15329237,23266378,1125426435,0,1,0,0,0
578669870,READY,217,577,7340504,213,216,0,0,0,0,916007,813767,0,0,1,1,207,424240031,148099019,15329237,23268604,1125426435,0,1,0,0,0
578669873,START,218,577,7340506,213,217,1,0,1,1,916007,813767,0,0,1,1,207,424240032,148099020,15329237,23268604,1073742409,1,1,0,0,0
579488873,FIELD,213,577,7352020,213,217,1,0,1,1,917236,813767,0,0,1,1,207,425047517,148099020,15329237,23280543,1073742925,0,1,0,0,0
580487967,FIELD,213,578,7363824,213,217,1,0,1,1,918734,813767,0,0,1,1,207,426034807,148099020,15329237,23295863,1073742925,0,1,0,0,0
580835521,READY,218,579,7368428,213,217,1,0,1,1,919256,813767,0,0,1,1,207,426377757,148099020,15329237,23299828,1073742925,0,1,0,0,0
580835523,START,219,579,7368430,213,217,1,0,1,1,919256,813767,0,0,1,1,207,426377758,148099020,15329237,23299828,1073742937,1,1,0,0,0
581490873,FIELD,213,579,7384660,213,217,1,1,1,1,920239,813767,0,0,1,1,207,427016877,148099020,15329237,23307826,1073744987,0,1,0,0,0
581490874,SELECT,217,580,7384660,217,218,1,0,0,0,920239,858812,1,1,0,1,207,427016878,148099020,15329237,23307826,1073745267,0,1,0,0,0
581574767,PUBLISH,217,580,7386996,217,218,1,0,0,0,920365,858812,1,1,0,1,208,427098435,148099020,15329237,23307826,1073745267,0,1,0,0,0
582489967,FIELD,217,580,7406588,217,218,1,0,0,0,921737,858812,1,1,0,1,208,427994043,148099020,15329237,23318537,1073745267,0,1,0,0,0
583492873,FIELD,217,581,7432970,217,218,1,1,0,0,923242,858812,1,1,0,1,208,428970567,148099020,15329237,23330154,1073745267,0,1,0,0,0
583492874,SELECT,218,582,7432970,218,216,1,0,0,0,923242,858812,0,1,1,1,208,428970568,148099020,15329237,23330154,1073745219,0,1,0,0,0
583576767,PUBLISH,218,582,7433616,218,216,1,0,0,0,923368,858812,0,1,1,1,209,429053815,148099020,15329237,23330510,1073745219,0,1,0,0,0
583678140,READY,219,582,7435605,218,216,1,0,0,0,923520,858812,0,1,1,1,209,429153200,148099020,15329237,23333056,1073745219,1,1,0,0,0
583678141,START,220,582,7435606,218,216,1,0,0,0,923520,858812,0,1,1,1,209,429153200,148099020,15329237,23333056,1140856131,1,1,0,0,0
584491967,FIELD,218,582,7447268,218,216,1,0,0,0,924740,858812,0,1,1,1,209,429955363,148099020,15329237,23346415,1091872067,0,1,0,0,0
585494873,FIELD,218,583,7458448,218,216,1,0,0,0,926245,858812,0,1,1,1,209,430947089,148099020,15329237,23362316,1091872067,0,1,0,0,0
585770142,READY,220,584,7462460,218,216,1,0,0,0,926658,858812,0,1,1,1,209,431218346,148099020,15329237,23365613,1091872067,0,1,0,0,0
586493967,FIELD,218,584,7462461,218,216,1,0,0,0,927743,858812,0,1,1,1,209,431218347,148822843,15329237,23365613,1091904835,1,1,0,0,0
587496873,FIELD,218,585,7462461,218,216,1,1,0,0,929248,858812,0,1,1,1,209,431218347,149825749,15329237,23365613,1091904835,1,1,0,0,0
587496874,SELECT,216,586,7462461,216,219,0,0,0,0,929248,813767,0,1,1,1,209,431218347,149825750,15329237,23365613,1125459203,1,1,0,0,0
587496875,START,221,586,7462462,216,220,1,0,0,0,929248,813767,0,1,1,1,210,431218347,149825751,15329237,23365613,1073742409,1,0,0,0,0
587580767,PUBLISH,216,586,7463800,216,220,1,0,0,0,929374,813767,0,1,1,1,210,431300900,149825751,15329237,23365613,1073742925,0,1,0,0,0
588495967,FIELD,216,586,7476224,216,220,1,0,0,0,930746,813767,0,1,1,1,210,432203676,149825751,15329237,23380711,1073742925,0,1,0,0,0
589498873,FIELD,216,587,7487740,216,220,1,0,0,0,932251,813767,0,1,1,1,210,433195066,149825751,15329237,23395558,1073742925,0,1,0,0,0
589609929,READY,221,588,7489012,216,220,1,0,0,0,932417,813767,0,1,1,1,210,433304850,149825751,15329237,23396474,1073742925,0,1,0,0,0
589609931,START,222,588,7489014,216,220,1,0,0,0,932417,813767,0,1,1,1,210,433304851,149825751,15329237,23396474,1073742937,1,1,0,0,0
590497967,FIELD,216,588,7510948,216,220,1,1,0,0,933749,813767,0,1,1,1,210,434170952,149825751,15329237,23406304,1073744987,0,1,0,0,0
590497968,SELECT,220,589,7510948,220,221,1,0,0,0,933749,858812,0,0,1,1,210,434170953,149825751,15329237,23406304,1073745267,0,1,0,0,0
590585673,PUBLISH,220,589,7513268,220,221,1,0,0,0,933881,858812,0,0,1,1,211,434256338,149825751,15329237,23406304,1073745267,0,1,0,0,0
591500873,FIELD,220,589,7534276,220,221,1,0,0,0,935254,858812,0,0,1,1,211,435150530,149825751,15329237,23416969,1073745267,0,1,0,0,0
592467363,READY,222,590,7556333,220,221,1,0,0,0,936704,858812,0,0,1,1,211,436094964,149825751,15329237,23428067,1073745267,1,1,0,0,0
592499967,FIELD,220,590,7556333,220,221,1,0,0,0,936752,858812,0,0,1,1,211,436094964,149858354,15329237,23428067,1140856179,1,1,0,0,0
593502873,FIELD,220,591,7556333,220,221,1,1,0,0,938257,858812,0,0,1,1,211,436094964,150861260,15329237,23428067,1140856179,1,1,0,0,0
593502874,START,223,592,7556334,221,219,1,0,0,0,938257,858812,0,1,0,1,211,436094964,150861261,15329237,23428067,1140856131,1,1,0,0,0
593502874,SELECT,221,592,7556334,221,219,1,0,0,0,938257,858812,0,1,0,1,211,436094964,150861261,15329237,23428067,1140856131,1,1,0,0,0
593586767,PUBLISH,221,592,7557652,221,219,1,0,0,0,938383,858812,0,1,0,1,212,436177538,150861261,15329237,23428067,1091872067,0,1,0,0,0
594501967,FIELD,221,592,7570308,221,219,1,0,0,0,939755,858812,0,1,0,1,212,437080082,150861261,15329237,23442941,1091872067,0,1,0,0,0
595504873,FIELD,221,593,7582468,221,219,1,1,0,0,941260,858812,0,1,0,1,212,438070828,150861261,15329237,23457959,1091872067,0,1,0,0,0
595504874,SELECT,219,594,7582468,219,222,0,0,0,0,941260,858812,0,1,1,1,212,438070829,150861261,15329237,23457959,1125426435,0,1,0,0,0
595588767,PUBLISH,219,594,7583124,219,222,0,0,0,0,941386,858812,0,1,1,1,213,438154066,150861261,15329237,23457959,1125426435,0,1,0,0,0
595591644,READY,223,594,7583124,219,222,0,0,0,0,941390,858812,0,1,1,1,213,438156943,150861261,15329237,23457959,1125426435,0,1,0,0,0
595591647,START,224,594,7583126,219,223,1,0,0,0,941390,858812,0,1,1,1,213,438156944,150861262,15329237,23457959,1073742409,1,1,0,0,0
596503967,FIELD,219,594,7596320,219,223,1,0,0,0,942758,858812,0,1,1,1,213,439056069,150861262,15329237,23472611,1073742925,0,1,0,0,0
597506874,FIELD,219,595,7607032,219,223,1,0,0,0,944263,858812,0,1,1,1,213,440048264,150861262,15329237,23486715,1073742925,0,1,0,0,0
597672219,READY,224,596,7609288,219,223,1,0,0,0,944511,858812,0,1,1,1,213,440211353,150861262,15329237,23488611,1073742925,0,1,0,0,0
597672221,START,225,596,7609290,219,223,1,0,0,0,944511,858812,0,1,1,1,213,440211354,150861262,15329237,23488611,1073742937,1,1,0,0,0
598505967,FIELD,219,596,7630600,219,223,1,1,0,0,945761,858812,0,1,1,1,213,441023789,150861262,15329237,23497361,1073744987,0,1,0,0,0
598505968,SELECT,223,597,7630600,223,224,1,0,0,0,945761,858812,0,0,0,1,213,441023790,150861262,15329237,23497361,1073745267,0,1,0,0,0
598593673,PUBLISH,223,597,7632132,223,224,1,0,0,0,945893,858812,0,0,0,1,214,441109963,150861262,15329237,23497717,1073745267,0,1,0,0,0
599508874,FIELD,223,597,7650764,223,224,1,0,0,0,947266,858812,0,0,0,1,214,442006532,150861262,15329237,23508891,1073745267,0,1,0,0,0
600493520,READY,225,598,7674017,223,224,1,0,0,0,948743,858812,0,0,0,1,214,442967926,150861262,15329237,23521241,1073745267,1,1,0,0,0
600507967,FIELD,223,598,7674017,223,224,1,1,0,0,948764,858812,0,0,0,1,214,442967926,150875708,15329237,23521241,1140856179,1,1,0,0,0
600507968,START,226,599,7674018,224,222,1,0,0,0,948764,858812,0,0,1,1,214,442967926,150875709,15329237,23521241,1140856131,1,1,0,0,0
600507968,SELECT,224,599,7674018,224,222,1,0,0,0,948764,858812,0,0,1,1,214,442967926,150875709,15329237,23521241,1140856131,1,1,0,0,0
600595673,PUBLISH,224,599,7675288,224,222,1,0,0,0,948896,858812,0,0,1,1,215,443054360,150875709,15329237,23521241,1091872067,0,1,0,0,0
601510874,FIELD,224,599,7687620,224,222,1,0,0,0,950269,858812,0,0,1,1,215,443957229,150875709,15329237,23535763,1091872067,0,1,0,0,0
602509967,FIELD,224,600,7699904,224,222,1,0,0,0,951767,858812,0,0,1,1,215,444944038,150875709,15329237,23551439,1091872067,0,1,0,0,0
602572046,READY,226,601,7699904,224,222,1,0,0,0,951861,858812,0,0,1,1,215,445006117,150875709,15329237,23551439,1091872067,0,1,0,0,0
603512874,FIELD,224,601,7699905,224,222,1,1,0,0,953272,858812,0,0,1,1,215,445006118,151816535,15329237,23551439,1091904835,1,1,0,0,0
603512875,SELECT,222,602,7699905,222,225,0,0,0,0,953272,858812,0,1,0,1,215,445006118,151816536,15329237,23551439,1125459203,1,1,0,0,0
603512876,START,227,602,7699906,222,226,1,0,0,0,953272,858812,0,1,0,1,216,445006118,151816537,15329237,23551439,1073742409,1,0,0,0,0
603596767,PUBLISH,222,602,7701164,222,226,1,0,0,0,953398,858812,0,1,0,1,216,445088750,151816537,15329237,23551439,1073742925,0,1,0,0,0
604511967,FIELD,222,602,7713304,222,226,1,0,0,0,954770,858812,0,1,0,1,216,445991810,151816537,15329237,23566563,1073742925,0,1,0,0,0
605514874,FIELD,222,603,7725326,222,226,1,1,0,0,956275,858812,0,1,0,1,216,446982695,151816537,15329237,23582079,1073742925,0,1,0,0,0
605514875,SELECT,226,604,7725326,226,225,0,0,0,0,956275,858812,0,1,1,1,216,446982696,151816537,15329237,23582079,1073743205,0,1,0,0,0
605588271,READY,227,604,7725372,226,225,0,0,0,0,956385,858812,0,1,1,0,217,447056046,151816537,15329237,23582449,1073743205,0,1,0,0,0
605588433,START,228,604,7725534,226,227,1,0,0,0,956385,858812,0,1,1,0,217,447056047,151816537,15329237,23582449,1073743217,1,1,0,0,0
605598767,PUBLISH,226,604,7725739,226,227,1,0,0,0,956401,858812,0,1,1,1,217,447066176,151816537,15329237,23582449,1073745267,1,1,0,0,0
606513967,FIELD,226,604,7763086,226,227,1,0,0,0,957773,858812,0,1,1,1,217,447944028,151816537,15329237,23597273,1073745267,0,1,0,0,0
607516874,FIELD,226,605,7803824,226,227,1,0,0,0,959278,858812,0,1,1,1,217,448906197,151816537,15329237,23610706,1073745267,0,1,0,0,0
608131273,PTS,20,606,7828349,226,227,1,0,0,0,960199,858812,0,1,1,1,217,449496072,151816537,15329237,23618942,1073745267,1,1,0,0,0
608144928,START,229,606,7828818,226,227,1,0,0,0,960220,858812,0,1,1,1,217,449509258,151816537,15329237,23619288,1073745267,1,1,0,0,0
608144929,READY,228,606,7828818,226,227,1,0,0,0,960220,858812,0,1,1,1,217,449509258,151816537,15329237,23619288,1073745267,1,1,0,0,0
608515967,FIELD,226,606,7828818,226,227,1,1,0,0,960776,858812,0,1,1,1,217,449509258,152187575,15329237,23619288,1140856179,1,1,0,0,0
608515968,SELECT,227,607,7828818,227,225,1,0,0,0,960776,858812,0,0,0,1,217,449509258,152187576,15329237,23619288,1140856131,1,1,0,0,0
608603674,PUBLISH,227,607,7830148,227,225,1,0,0,0,960908,858812,0,0,0,1,218,449595633,152187577,15329237,23619288,1091872067,0,1,0,0,0
609518874,FIELD,227,607,7844584,227,225,1,0,0,0,962281,858812,0,0,0,1,218,450496397,152187577,15329237,23635447,1091872067,0,1,0,0,0
610517967,FIELD,227,608,7857228,227,225,1,1,0,0,963779,858812,0,0,0,1,218,451482846,152187577,15329237,23652094,1091872067,0,1,0,0,0
610517968,SELECT,225,609,7857228,225,228,0,0,0,0,963779,858812,0,0,1,1,218,451482847,152187577,15329237,23652094,1125426435,0,1,0,0,0
610519282,READY,229,609,7857228,225,228,0,0,0,0,963781,858812,0,0,1,0,219,451484161,152187577,15329237,23652456,1125426435,0,1,0,0,0
610519285,START,230,609,7857230,225,229,1,0,1,1,963781,858812,0,0,1,0,219,451484162,152187578,15329237,23652456,1073742409,1,1,0,0,0
610605674,PUBLISH,225,609,7858424,225,229,1,0,1,1,963911,858812,0,0,1,1,219,451569356,152187578,15329237,23652456,1073742925,0,1,0,0,0
611520874,FIELD,225,609,7872420,225,229,1,0,1,1,965284,858812,0,0,1,1,219,452470560,152187578,15329237,23668516,1073742925,0,1,0,0,0
612443921,READY,230,610,7884428,225,229,1,0,1,1,966668,858812,0,0,1,1,219,453381599,152187578,15329237,23683756,1073742925,0,1,0,0,0
612443923,START,231,610,7884430,225,229,1,0,1,1,966668,858812,0,0,1,1,219,453381600,152187578,15329237,23683756,1073742937,1,1,0,0,0
612519967,FIELD,225,610,7886996,225,229,1,0,1,1,966782,858812,0,0,1,1,219,453455077,152187578,15329237,23684911,1073744987,0,1,0,0,0
613522874,FIELD,225,611,7912006,225,229,1,1,1,1,968287,858812,0,0,1,1,219,454432974,152187578,15329237,23694829,1073744987,0,1,0,0,0
613522875,SELECT,229,612,7912006,229,230,1,0,0,0,968287,903857,1,1,0,1,219,454432975,152187578,15329237,23694829,1073745267,0,1,0,0,0
613606767,PUBLISH,229,612,7913020,229,230,1,0,0,0,968413,903857,1,1,0,1,220,454515853,152187578,15329237,23695062,1073745267,0,1,0,0,0
614521967,FIELD,229,612,7934144,229,230,1,0,0,0,969785,903857,1,1,0,1,220,455409929,152187578,15329237,23708010,1073745267,0,1,0,0,0
615171100,READY,231,613,7948817,229,230,1,0,0,0,970759,903857,1,1,0,1,220,456044390,152187578,15329237,23715547,1073745267,1,1,0,0,0
615524874,FIELD,229,613,7948817,229,230,1,1,0,0,971290,903857,1,1,0,1,220,456044390,152541351,15329237,23715547,1140856179,1,1,0,0,0
615524875,START,232,614,7948818,230,228,1,0,0,0,971290,903857,0,1,1,1,220,456044390,152541352,15329237,23715547,1140856131,1,1,0,0,0
615524875,SELECT,230,614,7948818,230,228,1,0,0,0,971290,903857,0,1,1,1,220,456044390,152541352,15329237,23715547,1140856131,1,1,0,0,0
615608767,PUBLISH,230,614,7950036,230,228,1,0,0,0,971416,903857,0,1,1,1,221,456127063,152541352,15329237,23715547,1091872067,0,1,0,0,0
616523967,FIELD,230,614,7963548,230,228,1,0,0,0,972788,903857,0,1,1,1,221,457028751,152541352,15329237,23731370,1091872067,0,1,0,0,0
617399612,READY,232,615,7974572,230,228,1,0,0,0,974102,903857,0,1,1,1,221,457893372,152541352,15329237,23746709,1091872067,0,1,0,0,0
617526874,FIELD,230,615,7974573,230,228,1,0,0,0,974293,903857,0,1,1,1,221,457893373,152668612,15329237,23746709,1091904835,1,1,0,0,0
618525967,FIELD,230,616,7974573,230,228,1,0,0,0,975791,903857,0,1,1,1,221,457893373,153667705,15329237,23746709,1091904835,1,1,0,0,0
619528874,FIELD,230,617,7974573,230,228,1,1,0,0,977296,903857,0,1,1,1,221,457893373,154670612,15329237,23746709,1091904835,1,1,0,0,0
619528875,SELECT,228,618,7974573,228,231,0,0,0,0,977296,858812,0,1,1,1,221,457893373,154670613,15329237,23746709,1125459203,1,1,0,0,0
619528876,START,233,618,7974574,228,232,1,0,0,0,977296,858812,0,1,1,1,222,457893373,154670614,15329237,23746709,1073742409,1,0,0,0,0
619612767,PUBLISH,228,618,7975900,228,232,1,0,0,0,977422,858812,0,1,1,1,222,457975937,154670614,15329237,23746709,1073742925,0,1,0,0,0
620527967,FIELD,228,618,7989740,228,232,1,0,0,0,978794,858812,0,1,1,1,222,458877297,154670614,15329237,23763562,1073742925,0,1,0,0,0
621411374,READY,233,619,8000608,228,232,1,0,0,0,980120,858812,0,1,1,1,222,459749836,154670614,15329237,23777794,1073742925,0,1,0,0,0
621411376,START,234,619,8000610,228,232,1,0,0,0,980120,858812,0,1,1,1,222,459749837,154670614,15329237,23777794,1073742937,1,1,0,0,0
621530874,FIELD,228,619,8003592,228,232,1,0,0,0,980299,858812,0,1,1,1,222,459866352,154670614,15329237,23778821,1073744987,0,1,0,0,0
622529967,FIELD,228,620,8029226,228,232,1,1,0,0,981797,858812,0,1,1,1,222,460839811,154670614,15329237,23789584,1073744987,0,1,0,0,0
622529968,SELECT,232,621,8029226,232,233,1,0,0,0,981797,903857,0,0,1,1,222,460839812,154670614,15329237,23789584,1073745267,0,1,0,0,0
622617674,PUBLISH,232,621,8030594,232,233,1,0,0,0,981929,903857,0,0,1,1,223,460926150,154670614,15329237,23789872,1073745267,0,1,0,0,0
623532874,FIELD,232,621,8050508,232,233,1,0,0,0,983302,903857,0,0,1,1,223,461821436,154670614,15329237,23800743,1073745267,0,1,0,0,0
624194403,READY,234,622,8065701,232,233,1,0,0,0,984294,903857,0,0,1,1,223,462467773,154670614,15329237,23808859,1073745267,1,1,0,0,0
624531967,FIELD,232,622,8065701,232,233,1,0,0,0,984800,903857,0,0,1,1,223,462467773,155008177,15329237,23808859,1140856179,1,1,0,0,0
625534874,FIELD,232,623,8065701,232,233,1,1,0,0,986305,903857,0,0,1,1,223,462467773,156011084,15329237,23808859,1140856179,1,1,0,0,0
625534875,START,235,624,8065702,233,231,1,0,0,0,986305,903857,0,1,0,1,223,462467773,156011085,15329237,23808859,1140856131,1,1,0,0,0
625534875,SELECT,233,624,8065702,233,231,1,0,0,0,986305,903857,0,1,0,1,223,462467773,156011085,15329237,23808859,1140856131,1,1,0,0,0
625618767,PUBLISH,233,624,8067120,233,231,1,0,0,0,986431,903857,0,1,0,1,224,462550246,156011085,15329237,23808859,1091872067,0,1,0,0,0
626533967,FIELD,233,624,8080480,233,231,1,0,0,0,987803,903857,0,1,0,1,224,463452086,156011085,15329237,23824255,1091872067,0,1,0,0,0
627450323,READY,235,625,8091492,233,231,1,0,0,0,989178,903857,0,1,0,1,224,464357430,156011085,15329237,23840318,1091872067,0,1,0,0,0
627536874,FIELD,233,625,8091493,233,231,1,1,0,0,989308,903857,0,1,0,1,224,464357431,156097634,15329237,23840318,1091904835,1,1,0,0,0
627536875,SELECT,231,626,8091493,231,234,0,0,0,0,989308,903857,0,1,1,1,224,464357431,156097635,15329237,23840318,1125459203,1,1,0,0,0
627536876,START,236,626,8091494,231,235,1,0,0,0,989308,903857,0,1,1,1,225,464357431,156097636,15329237,23840318,1073742409,1,0,0,0,0
627620767,PUBLISH,231,626,8092824,231,235,1,0,0,0,989434,903857,0,1,1,1,225,464439991,156097636,15329237,23840318,1073742925,0,1,0,0,0
628535967,FIELD,231,626,8105884,231,235,1,0,0,0,990806,903857,0,1,1,1,225,465342131,156097636,15329237,23856994,1073742925,0,1,0,0,0
629434212,READY,236,627,8117096,231,235,1,0,0,0,992154,903857,0,1,1,1,225,466229164,156097636,15329237,23872335,1073742925,0,1,0,0,0
629434214,START,237,627,8117098,231,235,1,0,0,0,992154,903857,0,1,1,1,225,466229165,156097636,15329237,23872335,1073742937,1,1,0,0,0
629538874,FIELD,231,627,8120008,231,235,1,0,0,0,992311,903857,0,1,1,1,225,466330914,156097636,15329237,23873423,1073744987,0,1,0,0,0
630537967,FIELD,231,628,8145112,231,235,1,1,0,0,993809,903857,0,1,1,1,225,467304903,156097636,15329237,23884332,1073744987,0,1,0,0,0
630537968,SELECT,235,629,8145112,235,236,1,0,0,0,993809,903857,0,0,0,1,225,467304904,156097636,15329237,23884332,1073745267,0,1,0,0,0
630625674,PUBLISH,235,629,8147440,235,236,1,0,0,0,993941,903857,0,0,0,1,226,467390282,156097636,15329237,23884332,1073745267,0,1,0,0,0
631540874,FIELD,235,629,8166492,235,236,1,0,0,0,995314,903857,0,0,0,1,226,468286430,156097636,15329237,23896488,1073745267,0,1,0,0,0
632117793,READY,237,630,8178885,235,236,1,0,0,0,996179,903857,0,0,0,1,226,468850957,156097636,15329237,23903160,1073745267,1,1,0,0,0
632539967,FIELD,235,630,8178885,235,236,1,1,0,0,996812,903857,0,0,0,1,226,468850957,156519809,15329237,23903160,1140856179,1,1,0,0,0
632539968,START,238,631,8178886,236,234,1,0,0,0,996812,903857,0,0,1,1,226,468850957,156519810,15329237,23903160,1140856131,1,1,0,0,0
632539968,SELECT,236,631,8178886,236,234,1,0,0,0,996812,903857,0,0,1,1,226,468850957,156519810,15329237,23903160,1140856131,1,1,0,0,0
632627674,PUBLISH,236,631,8180168,236,234,1,0,0,0,996944,903857,0,0,1,1,227,468937380,156519810,15329237,23903160,1091872067,0,1,0,0,0
633542874,FIELD,236,631,8195156,236,234,1,0,0,0,998317,903857,0,0,1,1,227,469837592,156519810,15329237,23918829,1091872067,0,1,0,0,0
634423627,READY,238,632,8205288,236,234,1,0,0,0,999638,903857,0,0,1,1,227,470708213,156519810,15329237,23934079,1091872067,0,1,0,0,0
634541967,FIELD,236,632,8205289,236,234,1,0,0,0,999815,903857,0,0,1,1,227,470708214,156638148,15329237,23934079,1091904835,1,1,0,0,0
635544874,FIELD,236,633,8205289,236,234,1,1,0,0,1001320,903857,0,0,1,1,227,470708214,157641055,15329237,23934079,1091904835,1,1,0,0,0
635544875,SELECT,234,634,8205289,234,237,0,0,0,0,1001320,903857,0,1,0,1,227,470708214,157641056,15329237,23934079,1125459203,1,1,0,0,0
635544876,START,239,634,8205290,234,238,1,0,0,0,1001320,903857,0,1,0,1,228,470708214,157641057,15329237,23934079,1073742409,1,0,0,0,0
635628767,PUBLISH,234,634,8206544,234,238,1,0,0,0,1001446,903857,0,1,0,1,228,470790850,157641057,15329237,23934079,1073742925,0,1,0,0,0
636543967,FIELD,234,634,8220488,234,238,1,0,0,0,1002818,903857,0,1,0,1,228,471692106,157641057,15329237,23949633,1073742925,0,1,0,0,0
637409339,READY,239,635,8231016,234,238,1,0,0,0,1004117,903857,0,1,0,1,228,472546950,157641057,15329237,23963412,1073742925,0,1,0,0,0
637409501,START,240,635,8231178,234,238,1,0,0,0,1004117,903857,0,1,0,1,228,472546951,157641057,15329237,23963412,1073742937,1,1,0,0,0
637546874,FIELD,234,635,8234854,234,238,1,1,0,0,1004323,903857,0,1,0,1,228,472680647,157641057,15329237,23965606,1073744987,0,1,0,0,0
637546875,SELECT,238,636,8234854,238,239,1,0,0,0,1004323,903857,0,1,1,1,228,472680648,157641057,15329237,23965606,1073745267,0,1,0,0,0
637630767,PUBLISH,238,636,8237496,238,239,1,0,0,0,1004449,903857,0,1,1,1,229,472761898,157641057,15329237,23965741,1073745267,0,1,0,0,0
638545967,FIELD,238,636,8276668,238,239,1,0,0,0,1005821,903857,0,1,1,1,229,473637926,157641057,15329237,23979295,1073745267,0,1,0,0,0
639548874,FIELD,238,637,8316833,238,239,1,0,0,0,1007326,903857,0,1,1,1,229,474600668,157641057,15329237,23994961,1073745267,0,1,0,0,0
639901829,PTS,21,638,8330143,238,239,1,0,0,0,1007855,903857,0,1,1,1,229,474940314,157641057,15329237,23999403,1073745267,1,1,0,0,0
639939323,START,241,638,8331498,238,239,1,0,0,0,1007911,903857,0,1,1,1,229,474976453,157641057,15329237,24000030,1073745267,1,1,0,0,0
639939324,READY,240,638,8331498,238,239,1,0,0,0,1007911,903857,0,1,1,1,229,474976453,157641057,15329237,24000030,1073745267,1,1,0,0,0
640547967,FIELD,238,638,8331498,238,239,1,1,0,0,1008824,903857,0,1,1,1,229,474976453,158249700,15329237,24000030,1140856179,1,1,0,0,0
640547968,SELECT,239,639,8331498,239,237,1,0,0,0,1008824,903857,0,0,0,1,229,474976453,158249701,15329237,24000030,1140856131,1,1,0,0,0
640635674,PUBLISH,239,639,8333112,239,237,1,0,0,0,1008956,903857,0,0,0,1,230,475062544,158249702,15329237,24000030,1091872067,0,1,0,0,0
641550874,FIELD,239,639,8348616,239,237,1,0,0,0,1010329,903857,0,0,0,1,230,475962240,158249702,15329237,24014780,1091872067,0,1,0,0,0
642510632,READY,241,640,8360240,239,237,1,0,0,0,1011768,903857,0,0,0,1,230,476910374,158249702,15329237,24030531,1091872067,0,1,0,0,0
642549967,FIELD,239,640,8360241,239,237,1,1,0,0,1011827,903857,0,0,0,1,230,476910375,158289035,15329237,24030531,1091904835,1,1,0,0,0
642549968,SELECT,237,641,8360241,237,240,0,0,0,0,1011827,903857,0,0,1,1,230,476910375,158289036,15329237,24030531,1125459203,1,1,0,0,0
642549969,START,242,641,8360242,237,241,1,0,1,1,1011827,903857,0,0,1,1,231,476910375,158289037,15329237,24030531,1073742409,1,0,0,0,0
642637674,PUBLISH,237,641,8361968,237,241,1,0,1,1,1011959,903857,0,0,1,1,231,476996353,158289037,15329237,24030531,1073742925,0,1,0,0,0
643552874,FIELD,237,641,8377376,237,241,1,0,1,1,1013332,903857,0,0,1,1,231,477896145,158289037,15329237,24045438,1073742925,0,1,0,0,0
644451062,READY,242,642,8388196,237,241,1,0,1,1,1014679,903857,0,0,1,1,231,478783513,158289037,15329237,24060644,1073742925,0,1,0,0,0
644451064,START,243,642,8388198,237,241,1,0,1,1,1014679,903857,0,0,1,1,231,478783514,158289037,15329237,24060644,1073742937,1,1,0,0,0
644551967,FIELD,237,642,8391500,237,241,1,0,1,1,1014830,903857,0,0,1,1,231,478881114,158289037,15329237,24061720,1073744987,0,1,0,0,0
645554874,FIELD,237,643,8417876,237,241,1,1,1,1,1016335,903857,0,0,1,1,231,479857645,158289037,15329237,24072579,1073744987,0,1,0,0,0
645554875,SELECT,241,644,8417876,241,242,1,0,0,0,1016335,948902,1,1,0,1,231,479857646,158289037,15329237,24072579,1073745267,0,1,0,0,0
645638767,PUBLISH,241,644,8420324,241,242,1,0,0,0,1016461,948902,1,1,0,1,232,479939090,158289037,15329237,24072579,1073745267,0,1,0,0,0
646553967,FIELD,241,644,8440714,241,242,1,0,0,0,1017833,948902,1,1,0,1,232,480833900,158289037,15329237,24083683,1073745267,0,1,0,0,0
647063410,READY,243,645,8450909,241,242,1,0,0,0,1018598,948902,1,1,0,1,232,481333149,158289037,15329237,24089093,1073745267,1,1,0,0,0
647556874,FIELD,241,645,8450909,241,242,1,1,0,0,1019338,948902,1,1,0,1,232,481333149,158782500,15329237,24089093,1140856179,1,1,0,0,0
647556875,START,244,646,8450910,242,240,1,0,0,0,1019338,948902,0,1,1,1,232,481333149,158782501,15329237,24089093,1140856131,1,1,0,0,0
647556875,SELECT,242,646,8450910,242,240,1,0,0,0,1019338,948902,0,1,1,1,232,481333149,158782501,15329237,24089093,1140856131,1,1,0,0,0
647640767,PUBLISH,242,646,8452552,242,240,1,0,0,0,1019464,948902,0,1,1,1,233,481415398,158782501,15329237,24089093,1091872067,0,1,0,0,0
648555967,FIELD,242,646,8467672,242,240,1,0,0,0,1020836,948902,0,1,1,1,233,482315478,158782501,15329237,24105446,1091872067,0,1,0,0,0
649362277,READY,244,647,8477664,242,240,1,0,0,0,1022046,948902,0,1,1,1,233,483111796,158782501,15329237,24119842,1091872067,0,1,0,0,0
649558874,FIELD,242,647,8477665,242,240,1,0,0,0,1022341,948902,0,1,1,1,233,483111797,158979096,15329237,24119842,1091904835,1,1,0,0,0
650557967,FIELD,242,648,8477665,242,240,1,0,0,0,1023839,948902,0,1,1,1,233,483111797,159978189,15329237,24119842,1091904835,1,1,0,0,0
651560874,FIELD,242,649,8477665,242,240,1,1,0,0,1025344,948902,0,1,1,1,233,483111797,160981096,15329237,24119842,1091904835,1,1,0,0,0
651560875,SELECT,240,650,8477665,240,243,0,0,0,0,1025344,903857,0,1,1,1,233,483111797,160981097,15329237,24119842,1125459203,1,1,0,0,0
651560876,START,245,650,8477666,240,244,1,0,0,0,1025344,903857,0,1,1,1,234,483111797,160981098,15329237,24119842,1073742409,1,0,0,0,0
651644767,PUBLISH,240,650,8479216,240,244,1,0,0,0,1025470,903857,0,1,1,1,234,483194137,160981098,15329237,24119842,1073742925,0,1,0,0,0
652559967,FIELD,240,650,8494336,240,244,1,0,0,0,1026842,903857,0,1,1,1,234,484094217,160981098,15329237,24135824,1073742925,0,1,0,0,0
653358239,READY,245,651,8504140,240,244,1,0,0,0,1028040,903857,0,1,1,1,234,484882685,160981098,15329237,24149427,1073742925,0,1,0,0,0
653358241,START,246,651,8504142,240,244,1,0,0,0,1028040,903857,0,1,1,1,234,484882686,160981098,15329237,24149427,1073742937,1,1,0,0,0
653562874,FIELD,240,651,8509656,240,244,1,0,0,0,1028347,903857,0,1,1,1,234,485081804,160981098,15329237,24151571,1073744987,0,1,0,0,0
654561968,FIELD,240,652,8536208,240,244,1,1,0,0,1029845,903857,0,1,1,1,234,486054346,160981098,15329237,24163359,1073744987,0,1,0,0,0
654561969,SELECT,244,653,8536208,244,245,1,0,0,0,1029845,948902,0,0,1,1,234,486054347,160981098,15329237,24163359,1073745267,0,1,0,0,0
654649674,PUBLISH,244,653,8538772,244,245,1,0,0,0,1029977,948902,0,0,1,1,235,486139488,160981098,15329237,24163359,1073745267,0,1,0,0,0
655564874,FIELD,244,653,8558752,244,245,1,0,0,0,1031350,948902,0,0,1,1,235,487034708,160981098,15329237,24174941,1073745267,0,1,0,0,0
656003509,READY,246,654,8567529,244,245,1,0,0,0,1032008,948902,0,0,1,1,235,487464567,160981098,15329237,24180445,1073745267,1,1,0,0,0
656563968,FIELD,244,654,8567529,244,245,1,0,0,0,1032848,948902,0,0,1,1,235,487464567,161541556,15329237,24180445,1140856179,1,1,0,0,0
657566874,FIELD,244,655,8567529,244,245,1,1,0,0,1034353,948902,0,0,1,1,235,487464567,162544462,15329237,24180445,1140856179,1,1,0,0,0
657566875,START,247,656,8567530,245,243,1,0,0,0,1034353,948902,0,1,0,1,235,487464567,162544463,15329237,24180445,1140856131,1,1,0,0,0
657566875,SELECT,245,656,8567530,245,243,1,0,0,0,1034353,948902,0,1,0,1,235,487464567,162544463,15329237,24180445,1140856131,1,1,0,0,0
657650767,PUBLISH,245,656,8569416,245,243,1,0,0,0,1034479,948902,0,1,0,1,236,487546572,162544463,15329237,24180445,1091872067,0,1,0,0,0
658565968,FIELD,245,656,8584732,245,243,1,0,0,0,1035851,948902,0,1,0,1,236,488446457,162544463,15329237,24196345,1091872067,0,1,0,0,0
659393609,READY,247,657,8594156,245,243,1,0,0,0,1037093,948902,0,1,0,1,236,489264674,162544463,15329237,24211109,1091872067,0,1,0,0,0
659568874,FIELD,245,657,8594157,245,243,1,1,0,0,1037356,948902,0,1,0,1,236,489264675,162719726,15329237,24211109,1091904835,1,1,0,0,0
659568875,SELECT,243,658,8594157,243,246,0,0,0,0,1037356,948902,0,1,1,1,236,489264675,162719727,15329237,24211109,1125459203,1,1,0,0,0
659568876,START,248,658,8594158,243,247,1,0,0,0,1037356,948902,0,1,1,1,237,489264675,162719728,15329237,24211109,1073742409,1,0,0,0,0
659652767,PUBLISH,243,658,8595816,243,247,1,0,0,0,1037482,948902,0,1,1,1,237,489346907,162719728,15329237,24211109,1073742925,0,1,0,0,0
660567968,FIELD,243,658,8610876,243,247,1,0,0,0,1038854,948902,0,1,1,1,237,490247048,162719728,15329237,24226890,1073742925,0,1,0,0,0
661381506,READY,248,659,8620736,243,247,1,0,0,0,1040075,948902,0,1,1,1,237,491050726,162719728,15329237,24240901,1073742925,0,1,0,0,0
661381508,START,249,659,8620738,243,247,1,0,0,0,1040075,948902,0,1,1,1,237,491050727,162719728,15329237,24240901,1073742937,1,1,0,0,0
661570874,FIELD,243,659,8626032,243,247,1,0,0,0,1040359,948902,0,1,1,1,237,491234798,162719728,15329237,24243180,1073744987,0,1,0,0,0
662569968,FIELD,243,660,8651056,243,247,1,1,0,0,1041857,948902,0,1,1,1,237,492208868,162719728,15329237,24255015,1073744987,0,1,0,0,0
662569969,SELECT,247,661,8651056,247,248,1,0,0,0,1041857,948902,0,0,0,1,237,492208869,162719728,15329237,24255015,1073745267,0,1,0,0,0
662657674,PUBLISH,247,661,8653584,247,248,1,0,0,0,1041989,948902,0,0,0,1,238,492294046,162719728,15329237,24255015,1073745267,0,1,0,0,0
663572874,FIELD,247,661,8674270,247,248,1,0,0,0,1043362,948902,0,0,0,1,238,493188560,162719728,15329237,24265826,1073745267,0,1,0,0,0
663986495,READY,249,662,8681093,247,248,1,0,0,0,1043982,948902,0,0,0,1,238,493595359,162719728,15329237,24270466,1073745267,1,1,0,0,0
664571968,FIELD,247,662,8681093,247,248,1,1,0,0,1044860,948902,0,0,0,1,238,493595359,163305200,15329237,24270466,1140856179,1,1,0,0,0
664571969,START,250,663,8681094,248,246,1,0,0,0,1044860,948902,0,0,1,1,238,493595359,163305201,15329237,24270466,1140856131,1,1,0,0,0
664571969,SELECT,248,663,8681094,248,246,1,0,0,0,1044860,948902,0,0,1,1,238,493595359,163305201,15329237,24270466,1140856131,1,1,0,0,0
664659674,PUBLISH,248,663,8682856,248,246,1,0,0,0,1044992,948902,0,0,1,1,239,493681301,163305201,15329237,24270466,1091872067,0,1,0,0,0
665574874,FIELD,248,663,8697660,248,246,1,0,0,0,1046365,948902,0,0,1,1,239,494581697,163305201,15329237,24286784,1091872067,0,1,0,0,0
666363423,READY,250,664,8707100,248,246,1,0,0,0,1047548,948902,0,0,1,1,239,495360806,163305201,15329237,24301090,1091872067,0,1,0,0,0
666573968,FIELD,248,664,8707101,248,246,1,0,0,0,1047863,948902,0,0,1,1,239,495360807,163515744,15329237,24301090,1091904835,1,1,0,0,0
667576874,FIELD,248,665,8707101,248,246,1,1,0,0,1049368,948902,0,0,1,1,239,495360807,164518650,15329237,24301090,1091904835,1,1,0,0,0
667576875,SELECT,246,666,8707101,246,249,0,0,0,0,1049368,948902,0,1,0,1,239,495360807,164518651,15329237,24301090,1125459203,1,1,0,0,0
667576876,START,251,666,8707102,246,250,1,0,0,0,1049368,948902,0,1,0,1,240,495360807,164518652,15329237,24301090,1073742409,1,0,0,0,0
667660768,PUBLISH,246,666,8708852,246,250,1,0,0,0,1049494,948902,0,1,0,1,240,495442948,164518652,15329237,24301090,1073742925,0,1,0,0,0
668575968,FIELD,246,666,8723676,246,250,1,0,0,0,1050866,948902,0,1,0,1,240,496343324,164518652,15329237,24316701,1073742925,0,1,0,0,0
669369695,READY,251,667,8733344,246,250,1,0,0,0,1052057,948902,0,1,0,1,240,497127383,164518652,15329237,24330666,1073742925,0,1,0,0,0
669369857,START,252,667,8733506,246,250,1,0,0,0,1052057,948902,0,1,0,1,240,497127384,164518652,15329237,24330666,1073742937,1,1,0,0,0
669578874,FIELD,246,667,8740089,246,250,1,1,0,0,1052371,948902,0,1,0,1,240,497329817,164518652,15329237,24334923,1073744987,0,1,0,0,0
669578875,SELECT,250,668,8740089,250,251,1,0,0,0,1052371,948902,0,1,1,1,240,497329818,164518652,15329237,24334923,1073745267,0,1,0,0,0
669662768,PUBLISH,250,668,8742883,250,251,1,0,0,0,1052497,948902,0,1,1,1,241,497410917,164518652,15329237,24335167,1073745267,0,1,0,0,0
670577968,FIELD,250,668,8780647,250,251,1,0,0,0,1053869,948902,0,1,1,1,241,498288353,164518652,15329237,24349611,1073745267,0,1,0,0,0
671580874,FIELD,250,669,8820254,250,251,1,0,0,0,1055374,948902,0,1,1,1,241,499251652,164518652,15329237,24366130,1073745267,0,1,0,0,0
671806510,PTS,22,670,8827871,250,251,1,0,0,0,1055712,948902,0,1,1,1,241,499469672,164518652,15329237,24368209,1073745267,1,1,0,0,0
671862404,START,253,670,8829686,250,251,1,0,0,0,1055796,948902,0,1,1,1,241,499523751,164518652,15329237,24369731,1073745267,1,1,0,0,0
671862405,READY,252,670,8829686,250,251,1,0,0,0,1055796,948902,0,1,1,1,241,499523751,164518652,15329237,24369731,1073745267,1,1,0,0,0
672579968,FIELD,250,670,8829686,250,251,1,1,0,0,1056872,948902,0,1,1,1,241,499523751,165236215,15329237,24369731,1140856179,1,1,0,0,0
672579969,SELECT,251,671,8829686,251,249,1,0,0,0,1056872,948902,0,0,0,1,241,499523751,165236216,15329237,24369731,1140856131,1,1,0,0,0
672667674,PUBLISH,251,671,8831460,251,249,1,0,0,0,1057004,948902,0,0,0,1,242,499609681,165236217,15329237,24369731,1091872067,0,1,0,0,0
673582874,FIELD,251,671,8846808,251,249,1,0,0,0,1058377,948902,0,0,0,1,242,500509533,165236217,15329237,24384902,1091872067,0,1,0,0,0
674452060,READY,253,672,8858360,251,249,1,0,0,0,1059681,948902,0,0,0,1,242,501367167,165236217,15329237,24398451,1091872067,0,1,0,0,0
674581968,FIELD,251,672,8858361,251,249,1,1,0,0,1059875,948902,0,0,0,1,242,501367168,165366123,15329237,24398451,1091904835,1,1,0,0,0
674581969,SELECT,249,673,8858361,249,252,0,0,0,0,1059875,948902,0,0,1,1,242,501367168,165366124,15329237,24398451,1125459203,1,1,0,0,0
674581970,START,254,673,8858362,249,253,1,0,1,1,1059875,948902,0,0,1,1,243,501367168,165366125,15329237,24398451,1073742409,1,0,0,0,0
674669674,PUBLISH,249,673,8859964,249,253,1,0,1,1,1060007,948902,0,0,1,1,243,501453269,165366125,15329237,24398451,1073742925,0,1,0,0,0
675584874,FIELD,249,673,8875904,249,253,1,0,1,1,1061380,948902,0,0,1,1,243,502352529,165366125,15329237,24413978,1073742925,0,1,0,0,0
676375663,READY,254,674,8886460,249,253,1,0,1,1,1062566,948902,0,0,1,1,243,503132762,165366125,15329237,24427018,1073742925,0,1,0,0,0
676375665,START,255,674,8886462,249,253,1,0,1,1,1062566,948902,0,0,1,1,243,503132763,165366125,15329237,24427018,1073742937,1,1,0,0,0
676583968,FIELD,249,674,8892004,249,253,1,0,1,1,1062878,948902,0,0,1,1,243,503335523,165366125,15329237,24429274,1073744987,0,1,0,0,0
677586874,FIELD,249,675,8919372,249,253,1,1,1,1,1064383,948902,0,0,1,1,243,504311061,165366125,15329237,24441696,1073744987,0,1,0,0,0
677586875,SELECT,253,676,8919372,253,254,1,0,0,0,1064383,993947,1,1,0,1,243,504311062,165366125,15329237,24441696,1073745267,0,1,0,0,0
677670768,PUBLISH,253,676,8920928,253,254,1,0,0,0,1064509,993947,1,1,0,1,244,504393399,165366125,15329237,24442051,1073745267,0,1,0,0,0
678585968,FIELD,253,676,8943380,253,254,1,0,0,0,1065881,993947,1,1,0,1,244,505286147,165366125,15329237,24454300,1073745267,0,1,0,0,0
678971148,READY,255,677,8949789,253,254,1,0,0,0,1066459,993947,1,1,0,1,244,505664919,165366125,15329237,24458374,1073745267,1,1,0,0,0
679588874,FIELD,253,677,8949789,253,254,1,1,0,0,1067386,993947,1,1,0,1,244,505664919,165983850,15329237,24458374,1140856179,1,1,0,0,0
679588875,START,256,678,8949790,254,252,1,0,0,0,1067386,993947,0,1,1,1,244,505664919,165983851,15329237,24458374,1140856131,1,1,0,0,0
679588875,SELECT,254,678,8949790,254,252,1,0,0,0,1067386,993947,0,1,1,1,244,505664919,165983851,15329237,24458374,1140856131,1,1,0,0,0
679672768,PUBLISH,254,678,8951876,254,252,1,0,0,0,1067512,993947,0,1,1,1,245,505746725,165983851,15329237,24458374,1091872067,0,1,0,0,0
680587968,FIELD,254,678,8967992,254,252,1,0,0,0,1068884,993947,0,1,1,1,245,506645809,165983851,15329237,24476410,1091872067,0,1,0,0,0
681295618,READY,256,679,8977256,254,252,1,0,0,0,1069946,993947,0,1,1,1,245,507344195,165983851,15329237,24488851,1091872067,0,1,0,0,0
681590875,FIELD,254,679,8977257,254,252,1,0,0,0,1070389,993947,0,1,1,1,245,507344196,166279106,15329237,24488851,1091904835,1,1,0,0,0
682589968,FIELD,254,680,8977257,254,252,1,0,0,0,1071887,993947,0,1,1,1,245,507344196,167278199,15329237,24488851,1091904835,1,1,0,0,0
683592875,FIELD,254,681,8977257,254,252,1,1,0,0,1073392,993947,0,1,1,1,245,507344196,168281106,15329237,24488851,1091904835,1,1,0,0,0
683592876,SELECT,252,682,8977257,252,255,0,0,0,0,1073392,948902,0,1,1,1,245,507344196,168281107,15329237,24488851,1125459203,1,1,0,0,0
683592877,START,257,682,8977258,252,256,1,0,0,0,1073392,948902,0,1,1,1,246,507344196,168281108,15329237,24488851,1073742409,1,0,0,0,0
683676768,PUBLISH,252,682,8978840,252,256,1,0,0,0,1073518,948902,0,1,1,1,246,507426505,168281108,15329237,24488851,1073742925,1,1,0,0,0
684591968,FIELD,252,682,8994896,252,256,1,0,0,0,1074890,948902,0,1,1,1,246,508325648,168281108,15329237,24506542,1073742925,0,1,0,0,0
685284783,READY,257,683,9004024,252,256,1,0,0,0,1075930,948902,0,1,1,1,246,509009335,168281108,15329237,24519094,1073742925,0,1,0,0,0
685284785,START,258,683,9004026,252,256,1,0,0,0,1075930,948902,0,1,1,1,246,509009336,168281108,15329237,24519094,1073742937,1,1,0,0,0
685594875,FIELD,252,683,9013056,252,256,1,0,0,0,1076395,948902,0,1,1,1,246,509310395,168281108,15329237,24522416,1073744987,0,1,0,0,0
686593968,FIELD,252,684,9040020,252,256,1,1,0,0,1077893,948902,0,1,1,1,246,510282524,168281108,15329237,24533953,1073744987,0,1,0,0,0
686593969,SELECT,256,685,9040020,256,257,1,0,0,0,1077893,993947,0,0,1,1,246,510282525,168281108,15329237,24533953,1073745267,0,1,0,0,0
686681674,PUBLISH,256,685,9042062,256,257,1,0,0,0,1078025,993947,0,0,1,1,247,510368188,168281108,15329237,24534265,1073745267,0,1,0,0,0
687596875,FIELD,256,685,9062552,256,257,1,0,0,0,1079398,993947,0,0,1,1,247,511262899,168281108,15329237,24545537,1073745267,0,1,0,0,0
687869848,READY,258,686,9067153,256,257,1,0,0,0,1079807,993947,0,0,1,1,247,511531272,168281108,15329237,24548528,1073745267,1,1,0,0,0
688595968,FIELD,256,686,9067153,256,257,1,0,0,0,1080896,993947,0,0,1,1,247,511531272,169007227,15329237,24548528,1140856179,1,1,0,0,0
689598875,FIELD,256,687,9067153,256,257,1,1,0,0,1082401,993947,0,0,1,1,247,511531272,170010134,15329237,24548528,1140856179,1,1,0,0,0
689598876,START,259,688,9067154,257,255,1,0,0,0,1082401,993947,0,1,0,1,247,511531272,170010135,15329237,24548528,1140856131,1,1,0,0,0
689598876,SELECT,257,688,9067154,257,255,1,0,0,0,1082401,993947,0,1,0,1,247,511531272,170010135,15329237,24548528,1140856131,1,1,0,0,0
689682768,PUBLISH,257,688,9068892,257,255,1,0,0,0,1082527,993947,0,1,0,1,248,511613425,170010135,15329237,24548528,1091872067,0,1,0,0,0
690597968,FIELD,257,688,9085712,257,255,1,0,0,0,1083899,993947,0,1,0,1,248,512511805,170010135,15329237,24564879,1091872067,0,1,0,0,0
691340680,READY,259,689,9095128,257,255,1,0,0,0,1085014,993947,0,1,0,1,248,513245101,170010135,15329237,24577364,1091872067,0,1,0,0,0
691600875,FIELD,257,689,9095129,257,255,1,1,0,0,1085404,993947,0,1,0,1,248,513245102,170270328,15329237,24577364,1091904835,1,1,0,0,0
691600876,SELECT,255,690,9095129,255,258,0,0,0,0,1085404,993947,0,1,1,1,248,513245102,170270329,15329237,24577364,1125459203,1,1,0,0,0
691600877,START,260,690,9095130,255,259,1,0,0,0,1085404,993947,0,1,1,1,249,513245102,170270330,15329237,24577364,1073742409,1,0,0,0,0
691684768,PUBLISH,255,690,9096620,255,259,1,0,0,0,1085530,993947,0,1,1,1,249,513327502,170270330,15329237,24577364,1073742925,0,1,0,0,0
692599968,FIELD,255,690,9112440,255,259,1,0,0,0,1086902,993947,0,1,1,1,249,514226882,170270330,15329237,24594502,1073742925,0,1,0,0,0
693296577,READY,260,691,9122096,255,259,1,0,0,0,1087947,993947,0,1,1,1,249,514913835,170270330,15329237,24606213,1073742925,0,1,0,0,0
693296579,START,261,691,9122098,255,259,1,0,0,0,1087947,993947,0,1,1,1,249,514913836,170270330,15329237,24606213,1073742937,1,1,0,0,0
693602875,FIELD,255,691,9130524,255,259,1,0,0,0,1088407,993947,0,1,1,1,249,515211705,170270330,15329237,24609912,1073744987,0,1,0,0,0
694601968,FIELD,255,692,9157244,255,259,1,1,0,0,1089905,993947,0,1,1,1,249,516184078,170270330,15329237,24620985,1073744987,0,1,0,0,0
694601969,SELECT,259,693,9157244,259,260,1,0,0,0,1089905,993947,0,0,0,1,249,516184079,170270330,15329237,24620985,1073745267,0,1,0,0,0
694689675,PUBLISH,259,693,9159900,259,260,1,0,0,0,1090037,993947,0,0,0,1,250,516269129,170270330,15329237,24620985,1073745267,0,1,0,0,0
695604875,FIELD,259,693,9182176,259,260,1,0,0,0,1091410,993947,0,0,0,1,250,517162053,170270330,15329237,24633704,1073745267,0,1,0,0,0
695923101,READY,261,694,9187121,259,260,1,0,0,0,1091887,993947,0,0,0,1,250,517475335,170270330,15329237,24637509,1073745267,1,1,0,0,0
696603968,FIELD,259,694,9187121,259,260,1,1,0,0,1092908,993947,0,0,0,1,250,517475335,170951196,15329237,24637509,1140856179,1,1,0,0,0
696603969,START,262,695,9187122,260,258,1,0,0,0,1092908,993947,0,0,1,1,250,517475335,170951197,15329237,24637509,1140856131,1,1,0,0,0
696603969,SELECT,260,695,9187122,260,258,1,0,0,0,1092908,993947,0,0,1,1,250,517475335,170951197,15329237,24637509,1140856131,1,1,0,0,0
696691675,PUBLISH,260,695,9189092,260,258,1,0,0,0,1093040,993947,0,0,1,1,251,517561070,170951197,15329237,24637509,1091872067,0,1,0,0,0
697606875,FIELD,260,695,9204520,260,258,1,0,0,0,1094413,993947,0,0,1,1,251,518460842,170951197,15329237,24654156,1091872067,0,1,0,0,0
698303146,READY,262,696,9213540,260,258,1,0,0,0,1095457,993947,0,0,1,1,251,519148093,170951197,15329237,24666989,1091872067,0,1,0,0,0
698605968,FIELD,260,696,9213541,260,258,1,0,0,0,1095911,993947,0,0,1,1,251,519148094,171254017,15329237,24666989,1091904835,1,1,0,0,0
699608875,FIELD,260,697,9213541,260,258,1,1,0,0,1097416,993947,0,0,1,1,251,519148094,172256924,15329237,24666989,1091904835,1,1,0,0,0
699608876,SELECT,258,698,9213541,258,261,0,0,0,0,1097416,993947,0,1,0,1,251,519148094,172256925,15329237,24666989,1125459203,1,1,0,0,0
699608877,START,263,698,9213542,258,262,1,0,0,0,1097416,993947,0,1,0,1,252,519148094,172256926,15329237,24666989,1073742409,1,0,0,0,0
699692768,PUBLISH,258,698,9215468,258,262,1,0,0,0,1097542,993947,0,1,0,1,252,519230058,172256926,15329237,24666989,1073742925,0,1,0,0,0
700607968,FIELD,258,698,9230896,258,262,1,0,0,0,1098914,993947,0,1,0,1,252,520129830,172256926,15329237,24683770,1073742925,0,1,0,0,0
701263447,READY,263,699,9239864,258,262,1,0,0,0,1099898,993947,0,1,0,1,252,520776341,172256926,15329237,24695577,1073742925,0,1,0,0,0
701263609,START,264,699,9240026,258,262,1,0,0,0,1099898,993947,0,1,0,1,252,520776342,172256926,15329237,24695577,1073742937,1,1,0,0,0
701610875,FIELD,258,699,9250297,258,262,1,1,0,0,1100419,993947,0,1,0,1,252,521113336,172256926,15329237,24701540,1073744987,0,1,0,0,0
701610876,SELECT,262,700,9250297,262,263,1,0,0,0,1100419,993947,0,1,1,1,252,521113337,172256926,15329237,24701540,1073745267,0,1,0,0,0
701694768,PUBLISH,262,700,9253474,262,263,1,0,0,0,1100545,993947,0,1,1,1,253,521194052,172256926,15329237,24701781,1073745267,0,1,0,0,0
702609968,FIELD,262,700,9290070,262,263,1,0,0,0,1101917,993947,0,1,1,1,253,522072657,172256926,15329237,24717143,1073745267,1,1,0,0,0
703607683,PTS,23,701,9323593,262,263,1,0,0,0,1103414,993947,0,1,1,1,253,523036849,172256926,15329237,24733939,1073745267,1,1,0,0,0
703612875,FIELD,262,701,9323763,262,263,1,0,0,0,1103422,993947,0,1,1,1,253,523041870,172256926,15329237,24734062,1073745267,0,1,0,0,0
703655706,START,265,702,9325046,262,263,1,0,0,0,1103486,993947,0,1,1,1,253,523083419,172256926,15329237,24734062,1073745267,1,1,0,0,0
703655707,READY,264,702,9325046,262,263,1,0,0,0,1103486,993947,0,1,1,1,253,523083419,172256926,15329237,24734062,1073745267,1,1,0,0,0
704611968,FIELD,262,702,9325046,262,263,1,1,0,0,1104920,993947,0,1,1,1,253,523083419,173213187,15329237,24734062,1140856179,1,1,0,0,0
704611969,SELECT,263,703,9325046,263,261,1,0,0,0,1104920,993947,0,0,0,1,253,523083419,173213188,15329237,24734062,1140856131,1,1,0,0,0
704699675,PUBLISH,263,703,9326720,263,261,1,0,0,0,1105052,993947,0,0,0,1,254,523169450,173213189,15329237,24734062,1091872067,0,1,0,0,0
705614875,FIELD,263,703,9342932,263,261,1,0,0,0,1106425,993947,0,0,0,1,254,524068438,173213189,15329237,24750206,1091872067,0,1,0,0,0
706360075,READY,265,704,9352976,263,261,1,0,0,0,1107543,993947,0,0,0,1,254,524803594,173213189,15329237,24762809,1091872067,0,1,0,0,0
706613968,FIELD,263,704,9352977,263,261,1,1,0,0,1107923,993947,0,0,0,1,254,524803595,173467080,15329237,24762809,1091904835,1,1,0,0,0
706613969,SELECT,261,705,9352977,261,264,0,0,0,0,1107923,993947,0,0,1,1,254,524803595,173467081,15329237,24762809,1125459203,1,1,0,0,0
706613970,START,266,705,9352978,261,265,1,0,1,1,1107923,993947,0,0,1,1,255,524803595,173467082,15329237,24762809,1073742409,1,0,0,0,0
706701675,PUBLISH,261,705,9354500,261,265,1,0,1,1,1108055,993947,0,0,1,1,255,524889777,173467082,15329237,24762809,1073742925,0,1,0,0,0
707616875,FIELD,261,705,9370940,261,265,1,0,1,1,1109428,993947,0,0,1,1,255,525788537,173467082,15329237,24780900,1073742925,0,1,0,0,0
708242570,READY,266,706,9379516,261,265,1,0,1,1,1110366,993947,0,0,1,1,255,526405656,173467082,15329237,24792235,1073742925,0,1,0,0,0
708242572,START,267,706,9379518,261,265,1,0,1,1,1110366,993947,0,0,1,1,255,526405657,173467082,15329237,24792235,1073742937,1,1,0,0,0
708615968,FIELD,261,706,9389401,261,265,1,0,1,1,1110926,993947,0,0,1,1,255,526769170,173467082,15329237,24797132,1073744987,1,1,0,0,0
709618875,FIELD,261,707,9417292,261,265,1,1,1,1,1112431,993947,0,0,1,1,255,527744185,173467082,15329237,24808748,1073744987,0,1,0,0,0
709618876,SELECT,265,708,9417292,265,266,1,0,0,0,1112431,1038992,1,1,0,1,255,527744186,173467082,15329237,24808748,1073745267,0,1,0,0,0
709702768,PUBLISH,265,708,9419644,265,266,1,0,0,0,1112557,1038992,1,1,0,1,0,527825726,173467082,15329237,24808748,1073745267,0,1,0,0,0
710617968,FIELD,265,708,9439884,265,266,1,0,0,0,1113929,1038992,1,1,0,1,0,528720686,173467082,15329237,24820069,1073745267,0,1,0,0,0
710688275,READY,267,709,9440793,265,266,1,0,0,0,1114035,1038992,1,1,0,1,0,528790085,173467082,15329237,24820069,1073745267,1,1,0,0,0
711620875,FIELD,265,709,9440793,265,266,1,1,0,0,1115434,1038992,1,1,0,1,0,528790085,174399681,15329237,24820069,1140856179,1,1,0,0,0
711620876,START,268,710,9440794,266,264,1,0,0,0,1115434,1038992,0,1,1,1,0,528790085,174399682,15329237,24820069,1140856131,1,1,0,0,0
711620876,SELECT,266,710,9440794,266,264,1,0,0,0,1115434,1038992,0,1,1,1,0,528790085,174399682,15329237,24820069,1140856131,1,1,0,0,0
711704768,PUBLISH,266,710,9442700,266,264,1,0,0,0,1115560,1038992,0,1,1,1,1,528872070,174399682,15329237,24820069,1091872067,0,1,0,0,0
712619968,FIELD,266,710,9458824,266,264,1,0,0,0,1116932,1038992,0,1,1,1,1,529771146,174399682,15329237,24838242,1091872067,0,1,0,0,0
713254502,READY,268,711,9467876,266,264,1,0,0,0,1117884,1038992,0,1,1,1,1,530396628,174399682,15329237,24849224,1091872067,0,1,0,0,0
713622875,FIELD,266,711,9467877,266,264,1,0,0,0,1118437,1038992,0,1,1,1,1,530396629,174768053,15329237,24849224,1091904835,1,1,0,0,0
714621968,FIELD,266,712,9467877,266,264,1,0,0,0,1119935,1038992,0,1,1,1,1,530396629,175767146,15329237,24849224,1091904835,1,1,0,0,0
715624875,FIELD,266,713,9467877,266,264,1,1,0,0,1121440,1038992,0,1,1,1,1,530396629,176770053,15329237,24849224,1091904835,1,1,0,0,0
715624876,SELECT,264,714,9467877,264,267,0,0,0,0,1121440,993947,0,1,1,1,1,530396629,176770054,15329237,24849224,1125459203,1,1,0,0,0
715624877,START,269,714,9467878,264,268,1,0,0,0,1121440,993947,0,1,1,1,2,530396629,176770055,15329237,24849224,1073742409,1,0,0,0,0
715708768,PUBLISH,264,714,9469452,264,268,1,0,0,0,1121566,993947,0,1,1,1,2,530478945,176770055,15329237,24849224,1073742925,0,1,0,0,0
716623968,FIELD,264,714,9485316,264,268,1,0,0,0,1122938,993947,0,1,1,1,2,531378281,176770055,15329237,24865617,1073742925,0,1,0,0,0
717286435,READY,269,715,9495104,264,268,1,0,0,0,1123932,993947,0,1,1,1,2,532030960,176770055,15329237,24877436,1073742925,0,1,0,0,0
717286437,START,270,715,9495106,264,268,1,0,0,0,1123932,993947,0,1,1,1,2,532030961,176770055,15329237,24877436,1073742937,1,1,0,0,0
717626875,FIELD,264,715,9504732,264,268,1,0,0,0,1124443,993947,0,1,1,1,2,532361772,176770055,15329237,24881808,1073744987,0,1,0,0,0
718625968,FIELD,264,716,9531316,264,268,1,1,0,0,1125941,993947,0,1,1,1,2,533334281,176770055,15329237,24892332,1073744987,0,1,0,0,0
718625969,SELECT,268,717,9531316,268,269,1,0,0,0,1125941,1038992,0,0,1,1,2,533334282,176770055,15329237,24892332,1073745267,0,1,0,0,0
718713675,PUBLISH,268,717,9534224,268,269,1,0,0,0,1126073,1038992,0,0,1,1,3,533419080,176770055,15329237,24892332,1073745267,0,1,0,0,0
719628875,FIELD,268,717,9556168,268,269,1,0,0,0,1127446,1038992,0,0,1,1,3,534312336,176770055,15329237,24902490,1073745267,0,1,0,0,0
719863285,READY,270,718,9560309,268,269,1,0,0,0,1127797,1038992,0,0,1,1,3,534542606,176770055,15329237,24905048,1073745267,1,1,0,0,0
720627968,FIELD,268,718,9560309,268,269,1,0,0,0,1128944,1038992,0,0,1,1,3,534542606,177534737,15329237,24905048,1140856179,1,1,0,0,0
721630875,FIELD,268,719,9560309,268,269,1,1,0,0,1130449,1038992,0,0,1,1,3,534542606,178537644,15329237,24905048,1140856179,1,1,0,0,0
721630876,START,271,720,9560310,269,267,1,0,0,0,1130449,1038992,0,1,0,1,3,534542606,178537645,15329237,24905048,1140856131,1,1,0,0,0
721630876,SELECT,269,720,9560310,269,267,1,0,0,0,1130449,1038992,0,1,0,1,3,534542606,178537645,15329237,24905048,1140856131,1,1,0,0,0
721714768,PUBLISH,269,720,9561888,269,267,1,0,0,0,1130575,1038992,0,1,0,1,4,534624919,178537645,15329237,24905048,1091872067,0,1,0,0,0
722629968,FIELD,269,720,9578012,269,267,1,0,0,0,1131947,1038992,0,1,0,1,4,535523995,178537645,15329237,24921494,1091872067,0,1,0,0,0
723357571,READY,271,721,9588540,269,267,1,0,0,0,1133039,1038992,0,1,0,1,4,536241070,178537645,15329237,24933685,1091872067,0,1,0,0,0
723632875,FIELD,269,721,9588541,269,267,1,1,0,0,1133452,1038992,0,1,0,1,4,536241071,178812947,15329237,24933685,1091904835,1,1,0,0,0
723632876,SELECT,267,722,9588541,267,270,0,0,0,0,1133452,1038992,0,1,1,1,4,536241071,178812948,15329237,24933685,1125459203,1,1,0,0,0
723632877,START,272,722,9588542,267,271,1,0,0,0,1133452,1038992,0,1,1,1,5,536241071,178812949,15329237,24933685,1073742409,1,0,0,0,0
723716768,PUBLISH,267,722,9590200,267,271,1,0,0,0,1133578,1038992,0,1,1,1,5,536323303,178812949,15329237,24933685,1073742925,0,1,0,0,0
724631968,FIELD,267,722,9606332,267,271,1,0,0,0,1134950,1038992,0,1,1,1,5,537222371,178812949,15329237,24949879,1073742925,0,1,0,0,0
725382160,READY,272,723,9616960,267,271,1,0,0,0,1136076,1038992,0,1,1,1,5,537961935,178812949,15329237,24962125,1073742925,0,1,0,0,0
725382162,START,273,723,9616962,267,271,1,0,0,0,1136076,1038992,0,1,1,1,5,537961936,178812949,15329237,24962125,1073742937,1,1,0,0,0
725634875,FIELD,267,723,9624480,267,271,1,0,0,0,1136455,1038992,0,1,1,1,5,538207130,178812949,15329237,24965356,1073744987,0,1,0,0,0
726633968,FIELD,267,724,9650572,267,271,1,1,0,0,1137953,1038992,0,1,1,1,5,539180131,178812949,15329237,24976333,1073744987,0,1,0,0,0
726633969,SELECT,271,725,9650572,271,272,1,0,0,0,1137953,1038992,0,0,0,1,5,539180132,178812949,15329237,24976333,1073745267,0,1,0,0,0
726721675,PUBLISH,271,725,9653560,271,272,1,0,0,0,1138085,1038992,0,0,0,1,6,539264850,178812949,15329237,24976333,1073745267,0,1,0,0,0
727636875,FIELD,271,725,9677260,271,272,1,0,0,0,1139458,1038992,0,0,0,1,6,540156350,178812949,15329237,24986542,1073745267,0,1,0,0,0
728004760,READY,273,726,9683857,271,272,1,0,0,0,1140010,1038992,0,0,0,1,6,540517639,178812949,15329237,24990474,1073745267,1,1,0,0,0
728635968,FIELD,271,726,9683857,271,272,1,1,0,0,1140956,1038992,0,0,0,1,6,540517639,179444156,15329237,24990474,1140856179,1,1,0,0,0
728635969,START,274,727,9683858,272,270,1,0,0,0,1140956,1038992,0,0,1,1,6,540517639,179444157,15329237,24990474,1140856131,1,1,0,0,0
728635969,SELECT,272,727,9683858,272,270,1,0,0,0,1140956,1038992,0,0,1,1,6,540517639,179444157,15329237,24990474,1140856131,1,1,0,0,0
728723675,PUBLISH,272,727,9685752,272,270,1,0,0,0,1141088,1038992,0,0,1,1,7,540603450,179444157,15329237,24990474,1091872067,0,1,0,0,0
729638875,FIELD,272,727,9701496,272,270,1,0,0,0,1142461,1038992,0,0,1,1,7,541502906,179444157,15329237,25005571,1091872067,0,1,0,0,0
730442809,READY,274,728,9713812,272,270,1,0,0,0,1143667,1038992,0,0,1,1,7,542294524,179444157,15329237,25018193,1091872067,0,1,0,0,0
730637968,FIELD,272,728,9713813,272,270,1,0,0,0,1143959,1038992,0,0,1,1,7,542294525,179639314,15329237,25018193,1091904835,1,1,0,0,0
731640875,FIELD,272,729,9713813,272,270,1,1,0,0,1145464,1038992,0,0,1,1,7,542294525,180642221,15329237,25018193,1091904835,1,1,0,0,0
731640876,SELECT,270,730,9713813,270,273,0,0,0,0,1145464,1038992,0,1,0,1,7,542294525,180642222,15329237,25018193,1125459203,1,1,0,0,0
731640877,START,275,730,9713814,270,274,1,0,0,0,1145464,1038992,0,1,0,1,8,542294525,180642223,15329237,25018193,1073742409,1,0,0,0,0
731724768,PUBLISH,270,730,9715696,270,274,1,0,0,0,1145590,1038992,0,1,0,1,8,542376533,180642223,15329237,25018193,1073742925,0,1,0,0,0
732639968,FIELD,270,730,9731364,270,274,1,0,0,0,1146962,1038992,0,1,0,1,8,543276065,180642223,15329237,25033863,1073742925,0,1,0,0,0
733449512,READY,275,731,9743696,270,274,1,0,0,0,1148177,1038992,0,1,0,1,8,544073277,180642223,15329237,25047407,1073742925,0,1,0,0,0
733449674,START,276,731,9743858,270,274,1,0,0,0,1148177,1038992,0,1,0,1,8,544073278,180642223,15329237,25047407,1073742937,1,1,0,0,0
733642875,FIELD,270,731,9749317,270,274,1,1,0,0,1148467,1038992,0,1,0,1,8,544261019,180642223,15329237,25050749,1073744987,0,1,0,0,0
733642876,SELECT,274,732,9749318,274,275,1,0,0,0,1148467,1038992,0,1,1,1,8,544261020,180642223,15329237,25050749,1073745267,1,1,0,0,0
733726768,PUBLISH,274,732,9751850,274,275,1,0,0,0,1148593,1038992,0,1,1,1,9,544342379,180642223,15329237,25050915,1073745267,0,1,0,0,0
734641968,FIELD,274,732,9786167,274,275,1,0,0,0,1149965,1038992,0,1,1,1,9,545223262,180642223,15329237,25064538,1073745267,0,1,0,0,0
735644875,FIELD,274,733,9823156,274,275,1,0,0,0,1151470,1038992,0,1,1,1,9,546189180,180642223,15329237,25080022,1073745267,0,1,0,0,0
735787814,PTS,24,734,9827411,274,275,1,0,0,0,1151684,1038992,0,1,1,1,9,546327865,180642223,15329237,25080929,1073745267,1,1,0,0,0
735842682,START,277,734,9828978,274,275,1,0,0,0,1151767,1038992,0,1,1,1,9,546381166,180642223,15329237,25081747,1073745267,1,1,0,0,0
735842683,READY,276,734,9828978,274,275,1,0,0,0,1151767,1038992,0,1,1,1,9,546381166,180642223,15329237,25081748,1073745267,1,1,0,0,0
736643969,FIELD,274,734,9828978,274,275,1,1,0,0,1152968,1038992,0,1,1,1,9,546381166,181443509,15329237,25081811,1140856179,1,1,0,0,0
736643970,SELECT,275,735,9828978,275,273,1,0,0,0,1152968,1038992,0,0,0,1,9,546381166,181443510,15329237,25081811,1140856131,1,1,0,0,0
736731675,PUBLISH,275,735,9830704,275,273,1,0,0,0,1153100,1038992,0,0,0,1,10,546467144,181443511,15329237,25081811,1091872067,0,1,0,0,0
737646875,FIELD,275,735,9846460,275,273,1,0,0,0,1154473,1038992,0,0,0,1,10,547366588,181443511,15329237,25098253,1091872067,0,1,0,0,0
738353471,READY,277,736,9856724,275,273,1,0,0,0,1155533,1038992,0,0,0,1,10,548062920,181443511,15329237,25110313,1091872067,0,1,0,0,0
738645969,FIELD,275,736,9856725,275,273,1,1,0,0,1155971,1038992,0,0,0,1,10,548062921,181736007,15329237,25110313,1091904835,1,1,0,0,0
738645970,SELECT,273,737,9856725,273,276,0,0,0,0,1155971,1038992,0,0,1,1,10,548062921,181736008,15329237,25110313,1125459203,1,1,0,0,0
738645971,START,278,737,9856726,273,277,1,0,1,1,1155971,1038992,0,0,1,1,11,548062921,181736009,15329237,25110313,1073742409,1,0,0,0,0
738733675,PUBLISH,273,737,9859221,273,277,1,0,1,1,1156103,1038992,0,0,1,1,11,548148130,181736009,15329237,25110313,1073742925,1,1,0,0,0
739648875,FIELD,273,737,9874576,273,277,1,0,1,1,1157476,1038992,0,0,1,1,11,549047974,181736009,15329237,25127121,1073742925,0,1,0,0,0
740276573,READY,278,738,9882944,273,277,1,0,1,1,1158417,1038992,0,0,1,1,11,549667304,181736009,15329237,25138674,1073742925,0,1,0,0,0
740276575,START,279,738,9882946,273,277,1,0,1,1,1158417,1038992,0,0,1,1,11,549667305,181736009,15329237,25138674,1073742937,1,1,0,0,0
740647969,FIELD,273,738,9892168,273,277,1,0,1,1,1158974,1038992,0,0,1,1,11,550029476,181736009,15329237,25142863,1073744987,0,1,0,0,0
741650875,FIELD,273,739,9919836,273,277,1,1,1,1,1160479,1038992,0,0,1,1,11,551004714,181736009,15329237,25155169,1073744987,0,1,0,0,0
741650876,SELECT,277,740,9919836,277,278,1,0,0,0,1160479,1084037,1,1,0,1,11,551004715,181736009,15329237,25155169,1073745267,0,1,0,0,0
741734768,PUBLISH,277,740,9922644,277,278,1,0,0,0,1160605,1084037,1,1,0,1,12,551085799,181736009,15329237,25155169,1073745267,0,1,0,0,0
742649969,FIELD,277,740,9944010,277,278,1,0,0,0,1161977,1084037,1,1,0,1,12,551979634,181736009,15329237,25165413,1073745267,0,1,0,0,0
742786423,READY,279,741,9945897,277,278,1,0,0,0,1162182,1084037,1,1,0,1,12,552114202,181736009,15329237,25167063,1073745267,1,1,0,0,0
743652875,FIELD,277,741,9945897,277,278,1,1,0,0,1163482,1084037,1,1,0,1,12,552114202,182602460,15329237,25167063,1140856179,1,1,0,0,0
743652876,START,280,742,9945898,278,276,1,0,0,0,1163482,1084037,0,1,1,1,12,552114202,182602461,15329237,25167063,1140856131,1,1,0,0,0
743652876,SELECT,278,742,9945898,278,276,1,0,0,0,1163482,1084037,0,1,1,1,12,552114202,182602461,15329237,25167063,1140856131,1,1,0,0,0
743736768,PUBLISH,278,742,9947972,278,276,1,0,0,0,1163608,1084037,0,1,1,1,13,552196019,182602461,15329237,25167063,1091872067,0,1,0,0,0
744651969,FIELD,278,742,9964416,278,276,1,0,0,0,1164980,1084037,0,1,1,1,13,553094776,182602461,15329237,25184616,1091872067,0,1,0,0,0
745292757,READY,280,743,9972796,278,276,1,0,0,0,1165942,1084037,0,1,1,1,13,553727184,182602461,15329237,25196305,1091872067,0,1,0,0,0
745654875,FIELD,278,743,9972797,278,276,1,0,0,0,1166485,1084037,0,1,1,1,13,553727185,182964577,15329237,25196305,1091904835,1,1,0,0,0
746653969,FIELD,278,744,9972797,278,276,1,0,0,0,1167983,1084037,0,1,1,1,13,553727185,183963671,15329237,25196305,1091904835,1,1,0,0,0
747656875,FIELD,278,745,9972797,278,276,1,1,0,0,1169488,1084037,0,1,1,1,13,553727185,184966577,15329237,25196305,1091904835,1,1,0,0,0
747656876,SELECT,276,746,9972797,276,279,0,0,0,0,1169488,1038992,0,1,1,1,13,553727185,184966578,15329237,25196305,1125459203,1,1,0,0,0
747656877,START,281,746,9972798,276,280,1,0,0,0,1169488,1038992,0,1,1,1,14,553727185,184966579,15329237,25196305,1073742409,1,0,0,0,0
747740769,PUBLISH,276,746,9974516,276,280,1,0,0,0,1169614,1038992,0,1,1,1,14,553809358,184966579,15329237,25196305,1073742925,0,1,0,0,0
748655969,FIELD,276,746,9989844,276,280,1,0,0,0,1170986,1038992,0,1,1,1,14,554709230,184966579,15329237,25213452,1073742925,0,1,0,0,0
749355166,READY,281,747,10000352,276,280,1,0,0,0,1172035,1038992,0,1,1,1,14,555397919,184966579,15329237,25225113,1073742925,0,1,0,0,0
749355168,START,282,747,10000354,276,280,1,0,0,0,1172035,1038992,0,1,1,1,14,555397920,184966579,15329237,25225113,1073742937,1,1,0,0,0
749658875,FIELD,276,747,10009036,276,280,1,0,0,0,1172491,1038992,0,1,1,1,14,555692944,184966579,15329237,25228424,1073744987,0,1,0,0,0
750657969,FIELD,276,748,10035348,276,280,1,1,0,0,1173989,1038992,0,1,1,1,14,556665726,184966579,15329237,25240925,1073744987,0,1,0,0,0
750657970,SELECT,280,749,10035348,280,281,1,0,0,0,1173989,1084037,0,0,1,1,14,556665727,184966579,15329237,25240925,1073745267,0,1,0,0,0
750745675,PUBLISH,280,749,10038440,280,281,1,0,0,0,1174121,1084037,0,0,1,1,15,556750340,184966579,15329237,25240925,1073745267,0,1,0,0,0
751660875,FIELD,280,749,10060880,280,281,1,0,0,0,1175494,1084037,0,0,1,1,15,557643100,184966579,15329237,25251170,1073745267,0,1,0,0,0
751937321,READY,282,750,10065873,280,281,1,0,0,0,1175908,1084037,0,0,1,1,15,557914554,184966579,15329237,25254308,1073745267,1,1,0,0,0
752659969,FIELD,280,750,10065873,280,281,1,0,0,0,1176992,1084037,0,0,1,1,15,557914554,185689226,15329237,25254308,1140856179,1,1,0,0,0
753662875,FIELD,280,751,10065873,280,281,1,1,0,0,1178497,1084037,0,0,1,1,15,557914554,186692132,15329237,25254308,1140856179,1,1,0,0,0
753662876,START,283,752,10065874,281,279,1,0,0,0,1178497,1084037,0,1,0,1,15,557914554,186692133,15329237,25254308,1140856131,1,1,0,0,0
753662876,SELECT,281,752,10065874,281,279,1,0,0,0,1178497,1084037,0,1,0,1,15,557914554,186692133,15329237,25254308,1140856131,1,1,0,0,0
753746769,PUBLISH,281,752,10067680,281,279,1,0,0,0,1178623,1084037,0,1,0,1,16,557996640,186692133,15329237,25254308,1091872067,0,1,0,0,0
754661969,FIELD,281,752,10084096,281,279,1,0,0,0,1179995,1084037,0,1,0,1,16,558895424,186692133,15329237,25270070,1091872067,0,1,0,0,0
755405393,READY,283,753,10094656,281,279,1,0,0,0,1181111,1084037,0,1,0,1,16,559628288,186692133,15329237,25282732,1091872067,0,1,0,0,0
755664875,FIELD,281,753,10094657,281,279,1,1,0,0,1181500,1084037,0,1,0,1,16,559628289,186951613,15329237,25282732,1091904835,1,1,0,0,0
755664876,SELECT,279,754,10094657,279,282,0,0,0,0,1181500,1084037,0,1,1,1,16,559628289,186951614,15329237,25282732,1125459203,1,1,0,0,0
755664877,START,284,754,10094658,279,283,1,0,0,0,1181500,1084037,0,1,1,1,17,559628289,186951615,15329237,25282732,1073742409,1,0,0,0,0
755748769,PUBLISH,279,754,10096456,279,283,1,0,0,0,1181626,1084037,0,1,1,1,17,559710382,186951615,15329237,25282732,1073742925,0,1,0,0,0
756663969,FIELD,279,754,10112360,279,283,1,0,0,0,1182998,1084037,0,1,1,1,17,560609678,186951615,15329237,25298606,1073742925,0,1,0,0,0
757425074,READY,284,755,10124156,279,283,1,0,0,0,1184140,1084037,0,1,1,1,17,561358987,186951615,15329237,25311487,1073742925,0,1,0,0,0
757425076,START,285,755,10124158,279,283,1,0,0,0,1184140,1084037,0,1,1,1,17,561358988,186951615,15329237,25311487,1073742937,1,1,0,0,0
757666875,FIELD,279,755,10131796,279,283,1,0,0,0,1184503,1084037,0,1,1,1,17,561593148,186951615,15329237,25314087,1073744987,0,1,0,0,0
758665969,FIELD,279,756,10157448,279,283,1,1,0,0,1186001,1084037,0,1,1,1,17,562566590,186951615,15329237,25325782,1073744987,0,1,0,0,0
758665970,SELECT,283,757,10157448,283,284,1,0,0,0,1186001,1084037,0,0,0,1,17,562566591,186951615,15329237,25325782,1073745267,0,1,0,0,0
758753675,PUBLISH,283,757,10160548,283,284,1,0,0,0,1186133,1084037,0,0,0,1,18,562651196,186951615,15329237,25325782,1073745267,0,1,0,0,0
759668875,FIELD,283,757,10183128,283,284,1,0,0,0,1187506,1084037,0,0,0,1,18,563543816,186951615,15329237,25335128,1073745267,0,1,0,0,0
760091463,READY,285,758,10191721,283,284,1,0,0,0,1188140,1084037,0,0,0,1,18,563957812,186951615,15329237,25340283,1073745267,1,1,0,0,0
760667969,FIELD,283,758,10191721,283,284,1,1,0,0,1189004,1084037,0,0,0,1,18,563957812,187528120,15329237,25340283,1140856179,1,1,0,0,0
760667970,START,286,759,10191722,284,282,1,0,0,0,1189004,1084037,0,0,1,1,18,563957812,187528121,15329237,25340283,1140856131,1,1,0,0,0
760667970,SELECT,284,759,10191722,284,282,1,0,0,0,1189004,1084037,0,0,1,1,18,563957812,187528121,15329237,25340283,1140856131,1,1,0,0,0
760755675,PUBLISH,284,759,10193756,284,282,1,0,0,0,1189136,1084037,0,0,1,1,19,564043482,187528121,15329237,25340283,1091872067,0,1,0,0,0
761670875,FIELD,284,759,10209856,284,282,1,0,0,0,1190509,1084037,0,0,1,1,19,564942582,187528121,15329237,25355599,1091872067,0,1,0,0,0
762410013,READY,286,760,10220480,284,282,1,0,0,0,1191618,1084037,0,0,1,1,19,565671096,187528121,15329237,25368336,1091872067,0,1,0,0,0
762669969,FIELD,284,760,10220481,284,282,1,0,0,0,1192007,1084037,0,0,1,1,19,565671097,187788075,15329237,25368336,1091904835,1,1,0,0,0
763672875,FIELD,284,761,10220481,284,282,1,1,0,0,1193512,1084037,0,0,1,1,19,565671097,188790981,15329237,25368336,1091904835,1,1,0,0,0
763672876,SELECT,282,762,10220481,282,285,0,0,0,0,1193512,1084037,0,1,0,1,19,565671097,188790982,15329237,25368336,1125459203,1,1,0,0,0
763672877,START,287,762,10220482,282,286,1,0,0,0,1193512,1084037,0,1,0,1,20,565671097,188790983,15329237,25368336,1073742409,1,0,0,0,0
763756769,PUBLISH,282,762,10222028,282,286,1,0,0,0,1193638,1084037,0,1,0,1,20,565753442,188790983,15329237,25368336,1073742925,0,1,0,0,0
764671969,FIELD,282,762,10238438,282,286,1,0,0,0,1195010,1084037,0,1,0,1,20,566652232,188790983,15329237,25384778,1073742925,0,1,0,0,0
765427041,READY,287,763,10249204,282,286,1,0,0,0,1196143,1084037,0,1,0,1,20,567396538,188790983,15329237,25397349,1073742925,0,1,0,0,0
765427203,START,288,763,10249366,282,286,1,0,0,0,1196143,1084037,0,1,0,1,20,567396539,188790983,15329237,25397349,1073742937,1,1,0,0,0
765674876,FIELD,282,763,10256787,282,286,1,1,0,0,1196515,1084037,0,1,0,1,20,567636790,188790983,15329237,25402386,1073744987,0,1,0,0,0
765674877,SELECT,286,764,10256787,286,287,1,0,0,0,1196515,1084037,0,1,1,1,20,567636791,188790983,15329237,25402386,1073745267,0,1,0,0,0
765758769,PUBLISH,286,764,10259310,286,287,1,0,0,0,1196641,1084037,0,1,1,1,21,567718160,188790983,15329237,25402607,1073745267,0,1,0,0,0
766673969,FIELD,286,764,10293323,286,287,1,0,0,0,1198013,1084037,0,1,1,1,21,568599348,188790983,15329237,25417581,1073745267,1,1,0,0,0
767676876,FIELD,286,765,10329989,286,287,1,0,0,0,1199518,1084037,0,1,1,1,21,569565588,188790983,15329237,25433774,1073745267,0,1,0,0,0
767817337,READY,288,766,10334168,286,287,1,0,0,0,1199729,1084037,0,1,1,1,21,569701860,188790983,15329237,25434630,1342180723,0,1,0,0,0
768675969,FIELD,286,766,10334168,286,287,1,1,0,0,1201016,1084037,0,1,1,1,21,569701860,189649614,15329237,25434630,1409291635,1,1,0,0,0
768675970,SELECT,287,767,10334168,287,285,1,0,0,0,1201016,1084037,0,0,0,1,21,569701860,189649615,15329237,25434630,1409291587,1,1,0,0,0
768763675,PUBLISH,287,767,10334168,287,285,1,0,0,0,1201148,1084037,0,0,0,1,22,569701860,189649615,15329237,25434630,1409291587,1,1,0,0,0
769678876,FIELD,287,767,10334168,287,285,1,0,0,0,1202521,1084037,0,0,0,1,22,569701860,189649615,15329237,25434630,1409291587,1,1,0,0,0
770677969,FIELD,287,768,10334168,287,285,1,1,0,0,1204019,1084037,0,0,0,1,22,569701860,189649615,15329237,25434630,1409291587,1,1,0,0,0
770677970,SELECT,285,769,10334168,285,288,1,0,0,0,1204019,1084037,0,0,1,1,22,569701860,189649615,15329237,25434630,3422553344,1,1,0,0,0
770765675,PUBLISH,285,769,10334168,285,288,1,0,0,0,1204151,1084037,0,0,1,1,23,569701860,189737320,15329237,25434630,3422553344,1,1,0,0,0
771680876,FIELD,285,769,10334168,285,288,1,0,0,0,1205524,1084037,0,0,1,1,23,569701860,190652521,15329237,25434630,3422553344,1,1,0,0,0
772679969,FIELD,285,770,10334168,285,288,1,0,0,0,1207022,1084037,0,0,1,1,23,569701860,191651614,15329237,25434630,3422553344,1,1,0,0,0
773682876,FIELD,285,771,10334168,285,288,1,0,0,0,1208527,1084037,0,0,1,1,23,569701860,192654521,15329237,25434630,3422553344,1,1,0,0,0
774681969,FIELD,285,772,10334168,285,288,1,1,0,0,1210025,1084037,0,0,1,1,23,569701860,193653614,15329237,25434630,3422553344,1,1,0,0,0
774681970,SELECT,288,773,10334168,288,288,0,0,0,0,1210025,1084037,0,0,0,1,23,569701860,193653615,15329237,25434630,3221226752,1,1,0,0,0
774769676,PUBLISH,288,773,10334168,288,288,0,0,0,0,1210157,1084037,0,0,0,1,24,569701860,193653615,15329237,25434630,3221226752,1,1,0,0,0
775684876,FIELD,288,773,10334168,288,288,0,0,0,0,1211530,1084037,0,0,0,1,24,569701860,193653615,15329237,25434630,3221226752,1,1,0,0,0
776683969,FIELD,288,774,10334168,288,288,0,1,0,0,1213028,1084037,0,0,0,1,24,569701860,193653615,15329237,25434630,3221226752,1,1,0,0,0
777686876,FIELD,288,775,10334168,288,288,0,0,0,0,1214533,1084037,0,0,0,1,24,569701860,193653615,15329237,25434630,3221226752,1,1,0,0,0
778685969,FIELD,288,776,10334168,288,288,0,1,0,0,1216031,1084037,0,0,0,1,24,569701860,193653615,15329237,25434630,3221226752,1,1,0,0,0
778685971,END,288,777,10334168,288,288,0,1,0,0,1216031,1084037,0,0,0,1,24,569701860,193653615,15329237,25434630,3221226752,1,1,0,0,0
