t=2 start source=file:/media/fat/games/MediaPlayer/bbb_480i_tff_15s.m2v index=1 core=MediaPlayer alternate=MediaPlayer
t=2228 helper forked pid=932 read_fd=14
t=2334 download asserted index=1 pid=932
t=2510 would_block count=1 submitted=0
t=2791 would_block count=2 submitted=0
t=2873 would_block count=3 submitted=0
t=2929 would_block count=4 submitted=0
t=3091 would_block count=8 submitted=0
t=3390 would_block count=16 submitted=0
t=4006 would_block count=32 submitted=0
t=5169 would_block count=64 submitted=0
t=7466 would_block count=128 submitted=0
t=16177 would_block count=256 submitted=0
t=26084 first_byte latency_us=23749 would_block=384 count=4096
t=26124 read event=1 count=4096 submitted=4096
t=28879 read event=2 count=4096 submitted=8192
t=31674 read event=3 count=4096 submitted=12288
t=34673 read event=4 count=4096 submitted=16384
t=37553 read event=5 count=4096 submitted=20480
t=40310 read event=6 count=4096 submitted=24576
t=43058 read event=7 count=4096 submitted=28672
t=46513 read event=8 count=4096 submitted=32768
t=49388 read event=9 count=4096 submitted=36864
t=52223 read event=10 count=4096 submitted=40960
t=54981 read event=11 count=4096 submitted=45056
t=57941 read event=12 count=4096 submitted=49152
t=60795 read event=13 count=4096 submitted=53248
t=63542 read event=14 count=4096 submitted=57344
t=66288 read event=15 count=4096 submitted=61440
t=69236 read event=16 count=4096 submitted=65536
t=72059 read event=17 count=4096 submitted=69632
t=74810 read event=18 count=4096 submitted=73728
t=77552 read event=19 count=4096 submitted=77824
t=80504 read event=20 count=4096 submitted=81920
t=83322 read event=21 count=4096 submitted=86016
t=86073 read event=22 count=4096 submitted=90112
t=88830 read event=23 count=4096 submitted=94208
t=91781 read event=24 count=4096 submitted=98304
t=94639 read event=25 count=4096 submitted=102400
t=97404 read event=26 count=4096 submitted=106496
t=100154 read event=27 count=4096 submitted=110592
t=103096 read event=28 count=4096 submitted=114688
t=105919 read event=29 count=4096 submitted=118784
t=108661 read event=30 count=4096 submitted=122880
t=111409 read event=31 count=4096 submitted=126976
t=114350 read event=32 count=4096 submitted=131072
t=117228 read event=33 count=4096 submitted=135168
t=119983 read event=34 count=4096 submitted=139264
t=122741 read event=35 count=4096 submitted=143360
t=125725 read event=36 count=4096 submitted=147456
t=128553 read event=37 count=4096 submitted=151552
t=131303 read event=38 count=4096 submitted=155648
t=134052 read event=39 count=4096 submitted=159744
t=137515 read event=40 count=4096 submitted=163840
t=140400 read event=41 count=4096 submitted=167936
t=143240 read event=42 count=4096 submitted=172032
t=146000 read event=43 count=4096 submitted=176128
t=148957 read event=44 count=4096 submitted=180224
t=151814 read event=45 count=4096 submitted=184320
t=154564 read event=46 count=4096 submitted=188416
t=157309 read event=47 count=4096 submitted=192512
t=160262 read event=48 count=4096 submitted=196608
t=163084 read event=49 count=4096 submitted=200704
t=165837 read event=50 count=4096 submitted=204800
t=168582 read event=51 count=4096 submitted=208896
t=171534 read event=52 count=4096 submitted=212992
t=174354 read event=53 count=4096 submitted=217088
t=177105 read event=54 count=4096 submitted=221184
t=179855 read event=55 count=4096 submitted=225280
t=182802 read event=56 count=4096 submitted=229376
t=185617 read event=57 count=4096 submitted=233472
t=188368 read event=58 count=4096 submitted=237568
t=191124 read event=59 count=4096 submitted=241664
t=194068 read event=60 count=4096 submitted=245760
t=196886 read event=61 count=4096 submitted=249856
t=199630 read event=62 count=4096 submitted=253952
t=202375 read event=63 count=4096 submitted=258048
t=205315 read event=64 count=4096 submitted=262144
t=208130 read event=65 count=4096 submitted=266240
t=210878 read event=66 count=4096 submitted=270336
t=213619 read event=67 count=4096 submitted=274432
t=216573 read event=68 count=4096 submitted=278528
t=219413 read event=69 count=4096 submitted=282624
t=222192 read event=70 count=4096 submitted=286720
t=224940 read event=71 count=4096 submitted=290816
t=228398 read event=72 count=4096 submitted=294912
t=231276 read event=73 count=4096 submitted=299008
t=234116 read event=74 count=4096 submitted=303104
t=236871 read event=75 count=4096 submitted=307200
t=239830 read event=76 count=4096 submitted=311296
t=242682 read event=77 count=4096 submitted=315392
t=245439 read event=78 count=4096 submitted=319488
t=248190 read event=79 count=4096 submitted=323584
t=251134 read event=80 count=4096 submitted=327680
t=253961 read event=81 count=4096 submitted=331776
t=256710 read event=82 count=4096 submitted=335872
t=259453 read event=83 count=4096 submitted=339968
t=262417 read event=84 count=4096 submitted=344064
t=265248 read event=85 count=4096 submitted=348160
t=268004 read event=86 count=4096 submitted=352256
t=270755 read event=87 count=4096 submitted=356352
t=273700 read event=88 count=4096 submitted=360448
t=276517 read event=89 count=4096 submitted=364544
t=279266 read event=90 count=4096 submitted=368640
t=282016 read event=91 count=4096 submitted=372736
t=284957 read event=92 count=4096 submitted=376832
t=287775 read event=93 count=4096 submitted=380928
t=290531 read event=94 count=4096 submitted=385024
t=293276 read event=95 count=4096 submitted=389120
t=296220 read event=96 count=4096 submitted=393216
t=309326 read event=97 count=4096 submitted=397312
t=312088 read event=98 count=4096 submitted=401408
t=314835 read event=99 count=4096 submitted=405504
t=317780 read event=100 count=4096 submitted=409600
t=320601 read event=101 count=4096 submitted=413696
t=323359 read event=102 count=4096 submitted=417792
t=326106 read event=103 count=4096 submitted=421888
t=329562 read event=104 count=4096 submitted=425984
t=332450 read event=105 count=4096 submitted=430080
t=335290 read event=106 count=4096 submitted=434176
t=338049 read event=107 count=4096 submitted=438272
t=341004 read event=108 count=4096 submitted=442368
t=343858 read event=109 count=4096 submitted=446464
t=346603 read event=110 count=4096 submitted=450560
t=349349 read event=111 count=4096 submitted=454656
t=352295 read event=112 count=4096 submitted=458752
t=355118 read event=113 count=4096 submitted=462848
t=357870 read event=114 count=4096 submitted=466944
t=360610 read event=115 count=4096 submitted=471040
t=363565 read event=116 count=4096 submitted=475136
t=366384 read event=117 count=4096 submitted=479232
t=369135 read event=118 count=4096 submitted=483328
t=371883 read event=119 count=4096 submitted=487424
t=374830 read event=120 count=4096 submitted=491520
t=377648 read event=121 count=4096 submitted=495616
t=380399 read event=122 count=4096 submitted=499712
t=383143 read event=123 count=4096 submitted=503808
t=386084 read event=124 count=4096 submitted=507904
t=388899 read event=125 count=4096 submitted=512000
t=391642 read event=126 count=4096 submitted=516096
t=394394 read event=127 count=4096 submitted=520192
t=397332 read event=128 count=4096 submitted=524288
t=400154 read event=129 count=4096 submitted=528384
t=402905 read event=130 count=4096 submitted=532480
t=405658 read event=131 count=4096 submitted=536576
t=408604 read event=132 count=4096 submitted=540672
t=411420 read event=133 count=4096 submitted=544768
t=414172 read event=134 count=4096 submitted=548864
t=416918 read event=135 count=4096 submitted=552960
t=420366 read event=136 count=4096 submitted=557056
t=423246 read event=137 count=4096 submitted=561152
t=426084 read event=138 count=4096 submitted=565248
t=428839 read event=139 count=4096 submitted=569344
t=431793 read event=140 count=4096 submitted=573440
t=434645 read event=141 count=4096 submitted=577536
t=437404 read event=142 count=4096 submitted=581632
t=440151 read event=143 count=4096 submitted=585728
t=443093 read event=144 count=4096 submitted=589824
t=445918 read event=145 count=4096 submitted=593920
t=448662 read event=146 count=4096 submitted=598016
t=451413 read event=147 count=4096 submitted=602112
t=454356 read event=148 count=4096 submitted=606208
t=457198 read event=149 count=4096 submitted=610304
t=459955 read event=150 count=4096 submitted=614400
t=462705 read event=151 count=4096 submitted=618496
t=465647 read event=152 count=4096 submitted=622592
t=468474 read event=153 count=4096 submitted=626688
t=471222 read event=154 count=4096 submitted=630784
t=473969 read event=155 count=4096 submitted=634880
t=476908 read event=156 count=4096 submitted=638976
t=479725 read event=157 count=4096 submitted=643072
t=482469 read event=158 count=4096 submitted=647168
t=485214 read event=159 count=4096 submitted=651264
t=488155 read event=160 count=4096 submitted=655360
t=490976 read event=161 count=4096 submitted=659456
t=493728 read event=162 count=4096 submitted=663552
t=496466 read event=163 count=4096 submitted=667648
t=499412 read event=164 count=4096 submitted=671744
t=502227 read event=165 count=4096 submitted=675840
t=504990 read event=166 count=4096 submitted=679936
t=507740 read event=167 count=4096 submitted=684032
t=511225 read event=168 count=4096 submitted=688128
t=514100 read event=169 count=4096 submitted=692224
t=516939 read event=170 count=4096 submitted=696320
t=519695 read event=171 count=4096 submitted=700416
t=522640 read event=172 count=4096 submitted=704512
t=525508 read event=173 count=4096 submitted=708608
t=528260 read event=174 count=4096 submitted=712704
t=531006 read event=175 count=4096 submitted=716800
t=533949 read event=176 count=4096 submitted=720896
t=536774 read event=177 count=4096 submitted=724992
t=539518 read event=178 count=4096 submitted=729088
t=542265 read event=179 count=4096 submitted=733184
t=545206 read event=180 count=4096 submitted=737280
t=548026 read event=181 count=4096 submitted=741376
t=550775 read event=182 count=4096 submitted=745472
t=553518 read event=183 count=4096 submitted=749568
t=556470 read event=184 count=4096 submitted=753664
t=559284 read event=185 count=4096 submitted=757760
t=562032 read event=186 count=4096 submitted=761856
t=564778 read event=187 count=4096 submitted=765952
t=567721 read event=188 count=4096 submitted=770048
t=570532 read event=189 count=4096 submitted=774144
t=573278 read event=190 count=4096 submitted=778240
t=576025 read event=191 count=4096 submitted=782336
t=578963 read event=192 count=4096 submitted=786432
t=581780 read event=193 count=4096 submitted=790528
t=584522 read event=194 count=4096 submitted=794624
t=587270 read event=195 count=4096 submitted=798720
t=590211 read event=196 count=4096 submitted=802816
t=593026 read event=197 count=4096 submitted=806912
t=595782 read event=198 count=4096 submitted=811008
t=598524 read event=199 count=4096 submitted=815104
t=601988 read event=200 count=4096 submitted=819200
t=604871 read event=201 count=4096 submitted=823296
t=607713 read event=202 count=4096 submitted=827392
t=610462 read event=203 count=4096 submitted=831488
t=613428 read event=204 count=4096 submitted=835584
t=616288 read event=205 count=4096 submitted=839680
t=619044 read event=206 count=4096 submitted=843776
t=621789 read event=207 count=4096 submitted=847872
t=624733 read event=208 count=4096 submitted=851968
t=627554 read event=209 count=4096 submitted=856064
t=630304 read event=210 count=4096 submitted=860160
t=633051 read event=211 count=4096 submitted=864256
t=635993 read event=212 count=4096 submitted=868352
t=638811 read event=213 count=4096 submitted=872448
t=641557 read event=214 count=4096 submitted=876544
t=644305 read event=215 count=4096 submitted=880640
t=647253 read event=216 count=4096 submitted=884736
t=650071 read event=217 count=4096 submitted=888832
t=652824 read event=218 count=4096 submitted=892928
t=655565 read event=219 count=4096 submitted=897024
t=658512 read event=220 count=4096 submitted=901120
t=661537 read event=221 count=4096 submitted=905216
t=664325 read event=222 count=4096 submitted=909312
t=667083 read event=223 count=4096 submitted=913408
t=670036 read event=224 count=4096 submitted=917504
t=672868 read event=225 count=4096 submitted=921600
t=675619 read event=226 count=4096 submitted=925696
t=678365 read event=227 count=4096 submitted=929792
t=681327 read event=228 count=4096 submitted=933888
t=684151 read event=229 count=4096 submitted=937984
t=686904 read event=230 count=4096 submitted=942080
t=689646 read event=231 count=4096 submitted=946176
t=693109 read event=232 count=4096 submitted=950272
t=695987 read event=233 count=4096 submitted=954368
t=698823 read event=234 count=4096 submitted=958464
t=701575 read event=235 count=4096 submitted=962560
t=704537 read event=236 count=4096 submitted=966656
t=707416 read event=237 count=4096 submitted=970752
t=710171 read event=238 count=4096 submitted=974848
t=712917 read event=239 count=4096 submitted=978944
t=715864 read event=240 count=4096 submitted=983040
t=718748 read event=241 count=4096 submitted=987136
t=721500 read event=242 count=4096 submitted=991232
t=724249 read event=243 count=4096 submitted=995328
t=727196 read event=244 count=4096 submitted=999424
t=730027 read event=245 count=4096 submitted=1003520
t=732779 read event=246 count=4096 submitted=1007616
t=735518 read event=247 count=4096 submitted=1011712
t=738469 read event=248 count=4096 submitted=1015808
t=741287 read event=249 count=4096 submitted=1019904
t=744043 read event=250 count=4096 submitted=1024000
t=746791 read event=251 count=4096 submitted=1028096
t=749732 read event=252 count=4096 submitted=1032192
t=752539 read event=253 count=4096 submitted=1036288
t=755289 read event=254 count=4096 submitted=1040384
t=758035 read event=255 count=4096 submitted=1044480
t=760975 read event=256 count=4096 submitted=1048576
t=763795 read event=257 count=4096 submitted=1052672
t=766536 read event=258 count=4096 submitted=1056768
t=769281 read event=259 count=4096 submitted=1060864
t=772230 read event=260 count=4096 submitted=1064960
t=775050 read event=261 count=4096 submitted=1069056
t=777800 read event=262 count=4096 submitted=1073152
t=780538 read event=263 count=4096 submitted=1077248
t=783997 read event=264 count=4096 submitted=1081344
t=786873 read event=265 count=4096 submitted=1085440
t=789718 read event=266 count=4096 submitted=1089536
t=792471 read event=267 count=4096 submitted=1093632
t=795435 read event=268 count=4096 submitted=1097728
t=798293 read event=269 count=4096 submitted=1101824
t=801048 read event=270 count=4096 submitted=1105920
t=803799 read event=271 count=4096 submitted=1110016
t=806754 read event=272 count=4096 submitted=1114112
t=809590 read event=273 count=4096 submitted=1118208
t=812342 read event=274 count=4096 submitted=1122304
t=815092 read event=275 count=4096 submitted=1126400
t=818036 read event=276 count=4096 submitted=1130496
t=820858 read event=277 count=4096 submitted=1134592
t=823606 read event=278 count=4096 submitted=1138688
t=826353 read event=279 count=4096 submitted=1142784
t=829298 read event=280 count=4096 submitted=1146880
t=832128 read event=281 count=4096 submitted=1150976
t=834878 read event=282 count=4096 submitted=1155072
t=837618 read event=283 count=4096 submitted=1159168
t=840567 read event=284 count=4096 submitted=1163264
t=843385 read event=285 count=4096 submitted=1167360
t=846162 read event=286 count=4096 submitted=1171456
t=848912 read event=287 count=4096 submitted=1175552
t=851860 read event=288 count=4096 submitted=1179648
t=854675 read event=289 count=4096 submitted=1183744
t=857428 read event=290 count=4096 submitted=1187840
t=860177 read event=291 count=4096 submitted=1191936
t=863119 read event=292 count=4096 submitted=1196032
t=865936 read event=293 count=4096 submitted=1200128
t=868680 read event=294 count=4096 submitted=1204224
t=871427 read event=295 count=4096 submitted=1208320
t=874884 read event=296 count=4096 submitted=1212416
t=877760 read event=297 count=4096 submitted=1216512
t=880581 read event=298 count=4096 submitted=1220608
t=883339 read event=299 count=4096 submitted=1224704
t=886292 read event=300 count=4096 submitted=1228800
t=889153 read event=301 count=4096 submitted=1232896
t=891908 read event=302 count=4096 submitted=1236992
t=894649 read event=303 count=4096 submitted=1241088
t=897601 read event=304 count=4096 submitted=1245184
t=900430 read event=305 count=4096 submitted=1249280
t=903199 read event=306 count=4096 submitted=1253376
t=905961 read event=307 count=4096 submitted=1257472
t=908905 read event=308 count=4096 submitted=1261568
t=911726 read event=309 count=4096 submitted=1265664
t=914472 read event=310 count=4096 submitted=1269760
t=917220 read event=311 count=4096 submitted=1273856
t=920166 read event=312 count=4096 submitted=1277952
t=922985 read event=313 count=4096 submitted=1282048
t=925736 read event=314 count=4096 submitted=1286144
t=928520 read event=315 count=4096 submitted=1290240
t=931481 read event=316 count=4096 submitted=1294336
t=934313 read event=317 count=4096 submitted=1298432
t=937063 read event=318 count=4096 submitted=1302528
t=939809 read event=319 count=4096 submitted=1306624
t=942751 read event=320 count=4096 submitted=1310720
t=945565 read event=321 count=4096 submitted=1314816
t=948315 read event=322 count=4096 submitted=1318912
t=951060 read event=323 count=4096 submitted=1323008
t=954008 read event=324 count=4096 submitted=1327104
t=956823 read event=325 count=4096 submitted=1331200
t=959566 read event=326 count=4096 submitted=1335296
t=962310 read event=327 count=4096 submitted=1339392
t=965766 read event=328 count=4096 submitted=1343488
t=968633 read event=329 count=4096 submitted=1347584
t=971476 read event=330 count=4096 submitted=1351680
t=974234 read event=331 count=4096 submitted=1355776
t=977195 read event=332 count=4096 submitted=1359872
t=980057 read event=333 count=4096 submitted=1363968
t=982810 read event=334 count=4096 submitted=1368064
t=985552 read event=335 count=4096 submitted=1372160
t=988503 read event=336 count=4096 submitted=1376256
t=991326 read event=337 count=4096 submitted=1380352
t=994078 read event=338 count=4096 submitted=1384448
t=996823 read event=339 count=4096 submitted=1388544
t=999770 read event=340 count=4096 submitted=1392640
t=1002585 read event=341 count=4096 submitted=1396736
t=1005346 read event=342 count=4096 submitted=1400832
t=1008095 read event=343 count=4096 submitted=1404928
t=1011042 read event=344 count=4096 submitted=1409024
t=1013864 read event=345 count=4096 submitted=1413120
t=1016608 read event=346 count=4096 submitted=1417216
t=1019356 read event=347 count=4096 submitted=1421312
t=1022295 read event=348 count=4096 submitted=1425408
t=1025113 read event=349 count=4096 submitted=1429504
t=1027862 read event=350 count=4096 submitted=1433600
t=1030602 read event=351 count=4096 submitted=1437696
t=1033553 read event=352 count=4096 submitted=1441792
t=1036379 read event=353 count=4096 submitted=1445888
t=1039132 read event=354 count=4096 submitted=1449984
t=1041882 read event=355 count=4096 submitted=1454080
t=1044826 read event=356 count=4096 submitted=1458176
t=1047635 read event=357 count=4096 submitted=1462272
t=1050391 read event=358 count=4096 submitted=1466368
t=1053137 read event=359 count=4096 submitted=1470464
t=1056606 read event=360 count=4096 submitted=1474560
t=1059485 read event=361 count=4096 submitted=1478656
t=1062316 read event=362 count=4096 submitted=1482752
t=1065074 read event=363 count=4096 submitted=1486848
t=1068033 read event=364 count=4096 submitted=1490944
t=1070890 read event=365 count=4096 submitted=1495040
t=1073640 read event=366 count=4096 submitted=1499136
t=1076393 read event=367 count=4096 submitted=1503232
t=1079335 read event=368 count=4096 submitted=1507328
t=1082159 read event=369 count=4096 submitted=1511424
t=1084907 read event=370 count=4096 submitted=1515520
t=1087648 read event=371 count=4096 submitted=1519616
t=1090597 read event=372 count=4096 submitted=1523712
t=1093420 read event=373 count=4096 submitted=1527808
t=1096171 read event=374 count=4096 submitted=1531904
t=1098915 read event=375 count=4096 submitted=1536000
t=1101860 read event=376 count=4096 submitted=1540096
t=1104677 read event=377 count=4096 submitted=1544192
t=1107439 read event=378 count=4096 submitted=1548288
t=1110185 read event=379 count=4096 submitted=1552384
t=1113126 read event=380 count=4096 submitted=1556480
t=1115948 read event=381 count=4096 submitted=1560576
t=1118719 read event=382 count=4096 submitted=1564672
t=1121465 read event=383 count=4096 submitted=1568768
t=1124416 read event=384 count=4096 submitted=1572864
t=1127233 read event=385 count=4096 submitted=1576960
t=1129984 read event=386 count=4096 submitted=1581056
t=1132729 read event=387 count=4096 submitted=1585152
t=1135726 read event=388 count=4096 submitted=1589248
t=1138552 read event=389 count=4096 submitted=1593344
t=1141306 read event=390 count=4096 submitted=1597440
t=1144053 read event=391 count=4096 submitted=1601536
t=1147508 read event=392 count=4096 submitted=1605632
t=1150382 read event=393 count=4096 submitted=1609728
t=1153221 read event=394 count=4096 submitted=1613824
t=1155980 read event=395 count=4096 submitted=1617920
t=1158943 read event=396 count=4096 submitted=1622016
t=1161807 read event=397 count=4096 submitted=1626112
t=1164582 read event=398 count=4096 submitted=1630208
t=1167337 read event=399 count=4096 submitted=1634304
t=1170293 read event=400 count=4096 submitted=1638400
t=1173128 read event=401 count=4096 submitted=1642496
t=1175884 read event=402 count=4096 submitted=1646592
t=1178625 read event=403 count=4096 submitted=1650688
t=1181578 read event=404 count=4096 submitted=1654784
t=1184408 read event=405 count=4096 submitted=1658880
t=1187162 read event=406 count=4096 submitted=1662976
t=1189912 read event=407 count=4096 submitted=1667072
t=1192863 read event=408 count=4096 submitted=1671168
t=1195675 read event=409 count=4096 submitted=1675264
t=1198426 read event=410 count=4096 submitted=1679360
t=1201174 read event=411 count=4096 submitted=1683456
t=1204122 read event=412 count=4096 submitted=1687552
t=1206954 read event=413 count=4096 submitted=1691648
t=1209708 read event=414 count=4096 submitted=1695744
t=1212447 read event=415 count=4096 submitted=1699840
t=1215388 read event=416 count=4096 submitted=1703936
t=1218202 read event=417 count=4096 submitted=1708032
t=1220951 read event=418 count=4096 submitted=1712128
t=1223699 read event=419 count=4096 submitted=1716224
t=1226640 read event=420 count=4096 submitted=1720320
t=1229462 read event=421 count=4096 submitted=1724416
t=1232211 read event=422 count=4096 submitted=1728512
t=1234956 read event=423 count=4096 submitted=1732608
t=1238419 read event=424 count=4096 submitted=1736704
t=1241301 read event=425 count=4096 submitted=1740800
t=1244141 read event=426 count=4096 submitted=1744896
t=1246897 read event=427 count=4096 submitted=1748992
t=1249858 read event=428 count=4096 submitted=1753088
t=1252716 read event=429 count=4096 submitted=1757184
t=1255464 read event=430 count=4096 submitted=1761280
t=1258214 read event=431 count=4096 submitted=1765376
t=1261161 read event=432 count=4096 submitted=1769472
t=1264003 read event=433 count=4096 submitted=1773568
t=1266756 read event=434 count=4096 submitted=1777664
t=1269502 read event=435 count=4096 submitted=1781760
t=1272460 read event=436 count=4096 submitted=1785856
t=1275278 read event=437 count=4096 submitted=1789952
t=1278029 read event=438 count=4096 submitted=1794048
t=1280776 read event=439 count=4096 submitted=1798144
t=1283731 read event=440 count=4096 submitted=1802240
t=1286546 read event=441 count=4096 submitted=1806336
t=1289296 read event=442 count=4096 submitted=1810432
t=1292042 read event=443 count=4096 submitted=1814528
t=1294981 read event=444 count=4096 submitted=1818624
t=1297801 read event=445 count=4096 submitted=1822720
t=1300542 read event=446 count=4096 submitted=1826816
t=1303289 read event=447 count=4096 submitted=1830912
t=1306244 read event=448 count=4096 submitted=1835008
t=1309061 read event=449 count=4096 submitted=1839104
t=1311814 read event=450 count=4096 submitted=1843200
t=1314554 read event=451 count=4096 submitted=1847296
t=1317507 read event=452 count=4096 submitted=1851392
t=1320335 read event=453 count=4096 submitted=1855488
t=1323086 read event=454 count=4096 submitted=1859584
t=1325833 read event=455 count=4096 submitted=1863680
t=1329277 read event=456 count=4096 submitted=1867776
t=1332154 read event=457 count=4096 submitted=1871872
t=1335013 read event=458 count=4096 submitted=1875968
t=1337775 read event=459 count=4096 submitted=1880064
t=1340733 read event=460 count=4096 submitted=1884160
t=1343646 read event=461 count=4096 submitted=1888256
t=1346411 read event=462 count=4096 submitted=1892352
t=1349158 read event=463 count=4096 submitted=1896448
t=1352105 read event=464 count=4096 submitted=1900544
t=1354938 read event=465 count=4096 submitted=1904640
t=1357696 read event=466 count=4096 submitted=1908736
t=1360438 read event=467 count=4096 submitted=1912832
t=1363388 read event=468 count=4096 submitted=1916928
t=1366209 read event=469 count=4096 submitted=1921024
t=1368960 read event=470 count=4096 submitted=1925120
t=1371706 read event=471 count=4096 submitted=1929216
t=1374641 read event=472 count=4096 submitted=1933312
t=1377465 read event=473 count=4096 submitted=1937408
t=1380218 read event=474 count=4096 submitted=1941504
t=1382964 read event=475 count=4096 submitted=1945600
t=1385906 read event=476 count=4096 submitted=1949696
t=1388727 read event=477 count=4096 submitted=1953792
t=1391470 read event=478 count=4096 submitted=1957888
t=1394219 read event=479 count=4096 submitted=1961984
t=1397160 read event=480 count=4096 submitted=1966080
t=1399978 read event=481 count=4096 submitted=1970176
t=1402726 read event=482 count=4096 submitted=1974272
t=1405484 read event=483 count=4096 submitted=1978368
t=1408439 read event=484 count=4096 submitted=1982464
t=1411252 read event=485 count=4096 submitted=1986560
t=1414002 read event=486 count=4096 submitted=1990656
t=1416747 read event=487 count=4096 submitted=1994752
t=1420194 read event=488 count=4096 submitted=1998848
t=1423068 read event=489 count=4096 submitted=2002944
t=1425909 read event=490 count=4096 submitted=2007040
t=1428658 read event=491 count=4096 submitted=2011136
t=1431620 read event=492 count=4096 submitted=2015232
t=1434488 read event=493 count=4096 submitted=2019328
t=1437243 read event=494 count=4096 submitted=2023424
t=1439995 read event=495 count=4096 submitted=2027520
t=1442942 read event=496 count=4096 submitted=2031616
t=1445769 read event=497 count=4096 submitted=2035712
t=1448514 read event=498 count=4096 submitted=2039808
t=1451261 read event=499 count=4096 submitted=2043904
t=1454210 read event=500 count=4096 submitted=2048000
t=1457031 read event=501 count=4096 submitted=2052096
t=1459784 read event=502 count=4096 submitted=2056192
t=1462523 read event=503 count=4096 submitted=2060288
t=1465473 read event=504 count=4096 submitted=2064384
t=1468290 read event=505 count=4096 submitted=2068480
t=1471038 read event=506 count=4096 submitted=2072576
t=1473787 read event=507 count=4096 submitted=2076672
t=1476726 read event=508 count=4096 submitted=2080768
t=1479540 read event=509 count=4096 submitted=2084864
t=1482291 read event=510 count=4096 submitted=2088960
t=1485039 read event=511 count=4096 submitted=2093056
t=1487984 read event=512 count=4096 submitted=2097152
t=1490797 read event=513 count=4096 submitted=2101248
t=1493542 read event=514 count=4096 submitted=2105344
t=1496291 read event=515 count=4096 submitted=2109440
t=1499236 read event=516 count=4096 submitted=2113536
t=1502053 read event=517 count=4096 submitted=2117632
t=1504819 read event=518 count=4096 submitted=2121728
t=1507560 read event=519 count=4096 submitted=2125824
t=1511012 read event=520 count=4096 submitted=2129920
t=1513890 read event=521 count=4096 submitted=2134016
t=1516725 read event=522 count=4096 submitted=2138112
t=1519481 read event=523 count=4096 submitted=2142208
t=1522450 read event=524 count=4096 submitted=2146304
t=1525308 read event=525 count=4096 submitted=2150400
t=1528064 read event=526 count=4096 submitted=2154496
t=1530812 read event=527 count=4096 submitted=2158592
t=1533760 read event=528 count=4096 submitted=2162688
t=1536578 read event=529 count=4096 submitted=2166784
t=1539330 read event=530 count=4096 submitted=2170880
t=1542082 read event=531 count=4096 submitted=2174976
t=1545027 read event=532 count=4096 submitted=2179072
t=1547902 read event=533 count=4096 submitted=2183168
t=1550670 read event=534 count=4096 submitted=2187264
t=1553469 read event=535 count=4096 submitted=2191360
t=1556426 read event=536 count=4096 submitted=2195456
t=1559253 read event=537 count=4096 submitted=2199552
t=1562007 read event=538 count=4096 submitted=2203648
t=1564755 read event=539 count=4096 submitted=2207744
t=1567701 read event=540 count=4096 submitted=2211840
t=1570516 read event=541 count=4096 submitted=2215936
t=1573266 read event=542 count=4096 submitted=2220032
t=1576011 read event=543 count=4096 submitted=2224128
t=1578952 read event=544 count=4096 submitted=2228224
t=1581771 read event=545 count=4096 submitted=2232320
t=1584518 read event=546 count=4096 submitted=2236416
t=1587266 read event=547 count=4096 submitted=2240512
t=1590209 read event=548 count=4096 submitted=2244608
t=1593022 read event=549 count=4096 submitted=2248704
t=1595774 read event=550 count=4096 submitted=2252800
t=1598536 read event=551 count=4096 submitted=2256896
t=1602765 read event=552 count=4096 submitted=2260992
t=1605947 read event=553 count=4096 submitted=2265088
t=1608973 read event=554 count=4096 submitted=2269184
t=1611990 read event=555 count=4096 submitted=2273280
t=1615275 read event=556 count=4096 submitted=2277376
t=1618480 read event=557 count=4096 submitted=2281472
t=1621268 read event=558 count=4096 submitted=2285568
t=1624030 read event=559 count=4096 submitted=2289664
t=1626991 read event=560 count=4096 submitted=2293760
t=1629844 read event=561 count=4096 submitted=2297856
t=1632596 read event=562 count=4096 submitted=2301952
t=1635345 read event=563 count=4096 submitted=2306048
t=1638293 read event=564 count=4096 submitted=2310144
t=1641115 read event=565 count=4096 submitted=2314240
t=1643868 read event=566 count=4096 submitted=2318336
t=1646609 read event=567 count=4096 submitted=2322432
t=1649560 read event=568 count=4096 submitted=2326528
t=1652391 read event=569 count=4096 submitted=2330624
t=1655141 read event=570 count=4096 submitted=2334720
t=1657893 read event=571 count=4096 submitted=2338816
t=1660835 read event=572 count=4096 submitted=2342912
t=1663650 read event=573 count=4096 submitted=2347008
t=1666402 read event=574 count=4096 submitted=2351104
t=1669149 read event=575 count=4096 submitted=2355200
t=1672094 read event=576 count=4096 submitted=2359296
t=1674912 read event=577 count=4096 submitted=2363392
t=1677656 read event=578 count=4096 submitted=2367488
t=1680408 read event=579 count=4096 submitted=2371584
t=1683366 read event=580 count=4096 submitted=2375680
t=1686187 read event=581 count=4096 submitted=2379776
t=1688938 read event=582 count=4096 submitted=2383872
t=1691689 read event=583 count=4096 submitted=2387968
t=1695155 read event=584 count=4096 submitted=2392064
t=1698038 read event=585 count=4096 submitted=2396160
t=1700877 read event=586 count=4096 submitted=2400256
t=1703634 read event=587 count=4096 submitted=2404352
t=1706604 read event=588 count=4096 submitted=2408448
t=1709475 read event=589 count=4096 submitted=2412544
t=1712229 read event=590 count=4096 submitted=2416640
t=1714974 read event=591 count=4096 submitted=2420736
t=1717924 read event=592 count=4096 submitted=2424832
t=1720745 read event=593 count=4096 submitted=2428928
t=1723488 read event=594 count=4096 submitted=2433024
t=1726239 read event=595 count=4096 submitted=2437120
t=1729186 read event=596 count=4096 submitted=2441216
t=1732009 read event=597 count=4096 submitted=2445312
t=1734762 read event=598 count=4096 submitted=2449408
t=1737505 read event=599 count=4096 submitted=2453504
t=1740455 read event=600 count=4096 submitted=2457600
t=1743279 read event=601 count=4096 submitted=2461696
t=1746033 read event=602 count=4096 submitted=2465792
t=1748778 read event=603 count=4096 submitted=2469888
t=1751724 read event=604 count=4096 submitted=2473984
t=1754544 read event=605 count=4096 submitted=2478080
t=1757294 read event=606 count=4096 submitted=2482176
t=1760091 read event=607 count=4096 submitted=2486272
t=1763041 read event=608 count=4096 submitted=2490368
t=1765865 read event=609 count=4096 submitted=2494464
t=1768645 read event=610 count=4096 submitted=2498560
t=1771399 read event=611 count=4096 submitted=2502656
t=1774341 read event=612 count=4096 submitted=2506752
t=1777158 read event=613 count=4096 submitted=2510848
t=1779913 read event=614 count=4096 submitted=2514944
t=1782658 read event=615 count=4096 submitted=2519040
t=1786103 read event=616 count=4096 submitted=2523136
t=1788979 read event=617 count=4096 submitted=2527232
t=1791813 read event=618 count=4096 submitted=2531328
t=1794565 read event=619 count=4096 submitted=2535424
t=1797530 read event=620 count=4096 submitted=2539520
t=1800392 read event=621 count=4096 submitted=2543616
t=1803146 read event=622 count=4096 submitted=2547712
t=1805937 read event=623 count=4096 submitted=2551808
t=1808890 read event=624 count=4096 submitted=2555904
t=1811716 read event=625 count=4096 submitted=2560000
t=1814463 read event=626 count=4096 submitted=2564096
t=1817212 read event=627 count=4096 submitted=2568192
t=1820156 read event=628 count=4096 submitted=2572288
t=1822988 read event=629 count=4096 submitted=2576384
t=1825741 read event=630 count=4096 submitted=2580480
t=1828490 read event=631 count=4096 submitted=2584576
t=1831436 read event=632 count=4096 submitted=2588672
t=1834257 read event=633 count=4096 submitted=2592768
t=1837004 read event=634 count=4096 submitted=2596864
t=1839753 read event=635 count=4096 submitted=2600960
t=1842692 read event=636 count=4096 submitted=2605056
t=1845505 read event=637 count=4096 submitted=2609152
t=1848254 read event=638 count=4096 submitted=2613248
t=1851002 read event=639 count=4096 submitted=2617344
t=1853944 read event=640 count=4096 submitted=2621440
t=1856765 read event=641 count=4096 submitted=2625536
t=1859510 read event=642 count=4096 submitted=2629632
t=1862255 read event=643 count=4096 submitted=2633728
t=1865199 read event=644 count=4096 submitted=2637824
t=1868014 read event=645 count=4096 submitted=2641920
t=1870762 read event=646 count=4096 submitted=2646016
t=1873507 read event=647 count=4096 submitted=2650112
t=1876966 read event=648 count=4096 submitted=2654208
t=1879842 read event=649 count=4096 submitted=2658304
t=1882675 read event=650 count=4096 submitted=2662400
t=1885433 read event=651 count=4096 submitted=2666496
t=1888393 read event=652 count=4096 submitted=2670592
t=1891250 read event=653 count=4096 submitted=2674688
t=1894005 read event=654 count=4096 submitted=2678784
t=1896750 read event=655 count=4096 submitted=2682880
t=1899695 read event=656 count=4096 submitted=2686976
t=1902511 read event=657 count=4096 submitted=2691072
t=1905272 read event=658 count=4096 submitted=2695168
t=1908023 read event=659 count=4096 submitted=2699264
t=1910967 read event=660 count=4096 submitted=2703360
t=1913786 read event=661 count=4096 submitted=2707456
t=1916532 read event=662 count=4096 submitted=2711552
t=1919280 read event=663 count=4096 submitted=2715648
t=1922222 read event=664 count=4096 submitted=2719744
t=1925039 read event=665 count=4096 submitted=2723840
t=1927792 read event=666 count=4096 submitted=2727936
t=1930536 read event=667 count=4096 submitted=2732032
t=1933483 read event=668 count=4096 submitted=2736128
t=1936298 read event=669 count=4096 submitted=2740224
t=1939048 read event=670 count=4096 submitted=2744320
t=1941794 read event=671 count=4096 submitted=2748416
t=1944735 read event=672 count=4096 submitted=2752512
t=1947544 read event=673 count=4096 submitted=2756608
t=1950294 read event=674 count=4096 submitted=2760704
t=1953039 read event=675 count=4096 submitted=2764800
t=1955986 read event=676 count=4096 submitted=2768896
t=1958808 read event=677 count=4096 submitted=2772992
t=1961553 read event=678 count=4096 submitted=2777088
t=1964298 read event=679 count=4096 submitted=2781184
t=1967794 read event=680 count=4096 submitted=2785280
t=1970673 read event=681 count=4096 submitted=2789376
t=1973524 read event=682 count=4096 submitted=2793472
t=1976279 read event=683 count=4096 submitted=2797568
t=1979229 read event=684 count=4096 submitted=2801664
t=1982087 read event=685 count=4096 submitted=2805760
t=1984860 read event=686 count=4096 submitted=2809856
t=1987610 read event=687 count=4096 submitted=2813952
t=1990567 read event=688 count=4096 submitted=2818048
t=1993395 read event=689 count=4096 submitted=2822144
t=1996145 read event=690 count=4096 submitted=2826240
t=1998895 read event=691 count=4096 submitted=2830336
t=2001849 read event=692 count=4096 submitted=2834432
t=2004669 read event=693 count=4096 submitted=2838528
t=2007443 read event=694 count=4096 submitted=2842624
t=2010193 read event=695 count=4096 submitted=2846720
t=2013138 read event=696 count=4096 submitted=2850816
t=2015975 read event=697 count=4096 submitted=2854912
t=2018726 read event=698 count=4096 submitted=2859008
t=2021467 read event=699 count=4096 submitted=2863104
t=2024420 read event=700 count=4096 submitted=2867200
t=2027240 read event=701 count=4096 submitted=2871296
t=2029993 read event=702 count=4096 submitted=2875392
t=2032737 read event=703 count=4096 submitted=2879488
t=2035678 read event=704 count=4096 submitted=2883584
t=2038499 read event=705 count=4096 submitted=2887680
t=2041247 read event=706 count=4096 submitted=2891776
t=2044002 read event=707 count=4096 submitted=2895872
t=2046945 read event=708 count=4096 submitted=2899968
t=2049764 read event=709 count=4096 submitted=2904064
t=2052507 read event=710 count=4096 submitted=2908160
t=2055256 read event=711 count=4096 submitted=2912256
t=2058732 read event=712 count=4096 submitted=2916352
t=2061609 read event=713 count=4096 submitted=2920448
t=2064449 read event=714 count=4096 submitted=2924544
t=2067206 read event=715 count=4096 submitted=2928640
t=2070165 read event=716 count=4096 submitted=2932736
t=2073024 read event=717 count=4096 submitted=2936832
t=2075780 read event=718 count=4096 submitted=2940928
t=2078524 read event=719 count=4096 submitted=2945024
t=2081480 read event=720 count=4096 submitted=2949120
t=2084302 read event=721 count=4096 submitted=2953216
t=2087050 read event=722 count=4096 submitted=2957312
t=2089801 read event=723 count=4096 submitted=2961408
t=2092745 read event=724 count=4096 submitted=2965504
t=2095556 read event=725 count=4096 submitted=2969600
t=2098307 read event=726 count=4096 submitted=2973696
t=2101053 read event=727 count=4096 submitted=2977792
t=2103997 read event=728 count=4096 submitted=2981888
t=2106832 read event=729 count=4096 submitted=2985984
t=2109576 read event=730 count=4096 submitted=2990080
t=2112322 read event=731 count=4096 submitted=2994176
t=2115264 read event=732 count=4096 submitted=2998272
t=2118081 read event=733 count=4096 submitted=3002368
t=2120834 read event=734 count=4096 submitted=3006464
t=2123575 read event=735 count=4096 submitted=3010560
t=2126529 read event=736 count=4096 submitted=3014656
t=2129346 read event=737 count=4096 submitted=3018752
t=2132096 read event=738 count=4096 submitted=3022848
t=2134843 read event=739 count=4096 submitted=3026944
t=2137783 read event=740 count=4096 submitted=3031040
t=2140596 read event=741 count=4096 submitted=3035136
t=2143349 read event=742 count=4096 submitted=3039232
t=2146094 read event=743 count=4096 submitted=3043328
t=2149537 read event=744 count=4096 submitted=3047424
t=2152421 read event=745 count=4096 submitted=3051520
t=2155261 read event=746 count=4096 submitted=3055616
t=2158021 read event=747 count=4096 submitted=3059712
t=2160976 read event=748 count=4096 submitted=3063808
t=2163836 read event=749 count=4096 submitted=3067904
t=2166584 read event=750 count=4096 submitted=3072000
t=2169330 read event=751 count=4096 submitted=3076096
t=2172274 read event=752 count=4096 submitted=3080192
t=2175149 read event=753 count=4096 submitted=3084288
t=2177906 read event=754 count=4096 submitted=3088384
t=2180650 read event=755 count=4096 submitted=3092480
t=2183605 read event=756 count=4096 submitted=3096576
t=2186431 read event=757 count=4096 submitted=3100672
t=2189180 read event=758 count=4096 submitted=3104768
t=2191928 read event=759 count=4096 submitted=3108864
t=2194871 read event=760 count=4096 submitted=3112960
t=2197696 read event=761 count=4096 submitted=3117056
t=2200462 read event=762 count=4096 submitted=3121152
t=2203212 read event=763 count=4096 submitted=3125248
t=2206185 read event=764 count=4096 submitted=3129344
t=2209036 read event=765 count=4096 submitted=3133440
t=2211791 read event=766 count=4096 submitted=3137536
t=2214534 read event=767 count=4096 submitted=3141632
t=2217495 read event=768 count=4096 submitted=3145728
t=2220317 read event=769 count=4096 submitted=3149824
t=2223067 read event=770 count=4096 submitted=3153920
t=2225816 read event=771 count=4096 submitted=3158016
t=2228760 read event=772 count=4096 submitted=3162112
t=2231572 read event=773 count=4096 submitted=3166208
t=2234330 read event=774 count=4096 submitted=3170304
t=2237076 read event=775 count=4096 submitted=3174400
t=2240536 read event=776 count=4096 submitted=3178496
t=2243418 read event=777 count=4096 submitted=3182592
t=2246261 read event=778 count=4096 submitted=3186688
t=2249014 read event=779 count=4096 submitted=3190784
t=2251971 read event=780 count=4096 submitted=3194880
t=2254831 read event=781 count=4096 submitted=3198976
t=2257585 read event=782 count=4096 submitted=3203072
t=2260336 read event=783 count=4096 submitted=3207168
t=2263299 read event=784 count=4096 submitted=3211264
t=2266143 read event=785 count=4096 submitted=3215360
t=2268898 read event=786 count=4096 submitted=3219456
t=2271640 read event=787 count=4096 submitted=3223552
t=2274592 read event=788 count=4096 submitted=3227648
t=2277418 read event=789 count=4096 submitted=3231744
t=2280169 read event=790 count=4096 submitted=3235840
t=2282916 read event=791 count=4096 submitted=3239936
t=2285861 read event=792 count=4096 submitted=3244032
t=2288680 read event=793 count=4096 submitted=3248128
t=2291436 read event=794 count=4096 submitted=3252224
t=2294186 read event=795 count=4096 submitted=3256320
t=2297130 read event=796 count=4096 submitted=3260416
t=2299948 read event=797 count=4096 submitted=3264512
t=2302699 read event=798 count=4096 submitted=3268608
t=2305459 read event=799 count=4096 submitted=3272704
t=2308409 read event=800 count=4096 submitted=3276800
t=2311224 read event=801 count=4096 submitted=3280896
t=2313978 read event=802 count=4096 submitted=3284992
t=2316723 read event=803 count=4096 submitted=3289088
t=2319657 read event=804 count=4096 submitted=3293184
t=2322489 read event=805 count=4096 submitted=3297280
t=2325240 read event=806 count=4096 submitted=3301376
t=2327987 read event=807 count=4096 submitted=3305472
t=2331455 read event=808 count=4096 submitted=3309568
t=2334328 read event=809 count=4096 submitted=3313664
t=2337148 read event=810 count=4096 submitted=3317760
t=2339909 read event=811 count=4096 submitted=3321856
t=2342866 read event=812 count=4096 submitted=3325952
t=2345729 read event=813 count=4096 submitted=3330048
t=2348476 read event=814 count=4096 submitted=3334144
t=2351222 read event=815 count=4096 submitted=3338240
t=2354169 read event=816 count=4096 submitted=3342336
t=2356995 read event=817 count=4096 submitted=3346432
t=2359747 read event=818 count=4096 submitted=3350528
t=2362489 read event=819 count=4096 submitted=3354624
t=2365440 read event=820 count=4096 submitted=3358720
t=2368268 read event=821 count=4096 submitted=3362816
t=2371019 read event=822 count=4096 submitted=3366912
t=2373767 read event=823 count=4096 submitted=3371008
t=2376709 read event=824 count=4096 submitted=3375104
t=2379524 read event=825 count=4096 submitted=3379200
t=2382274 read event=826 count=4096 submitted=3383296
t=2385073 read event=827 count=4096 submitted=3387392
t=2388023 read event=828 count=4096 submitted=3391488
t=2390840 read event=829 count=4096 submitted=3395584
t=2393590 read event=830 count=4096 submitted=3399680
t=2396336 read event=831 count=4096 submitted=3403776
t=2399278 read event=832 count=4096 submitted=3407872
t=2402092 read event=833 count=4096 submitted=3411968
t=2404853 read event=834 count=4096 submitted=3416064
t=2407596 read event=835 count=4096 submitted=3420160
t=2410540 read event=836 count=4096 submitted=3424256
t=2413379 read event=837 count=4096 submitted=3428352
t=2416131 read event=838 count=4096 submitted=3432448
t=2418878 read event=839 count=4096 submitted=3436544
t=2422324 read event=840 count=4096 submitted=3440640
t=2425202 read event=841 count=4096 submitted=3444736
t=2428037 read event=842 count=4096 submitted=3448832
t=2430798 read event=843 count=4096 submitted=3452928
t=2433755 read event=844 count=4096 submitted=3457024
t=2436608 read event=845 count=4096 submitted=3461120
t=2439360 read event=846 count=4096 submitted=3465216
t=2442106 read event=847 count=4096 submitted=3469312
t=2445052 read event=848 count=4096 submitted=3473408
t=2447876 read event=849 count=4096 submitted=3477504
t=2450620 read event=850 count=4096 submitted=3481600
t=2453366 read event=851 count=4096 submitted=3485696
t=2456307 read event=852 count=4096 submitted=3489792
t=2459125 read event=853 count=4096 submitted=3493888
t=2461876 read event=854 count=4096 submitted=3497984
t=2464614 read event=855 count=4096 submitted=3502080
t=2467560 read event=856 count=4096 submitted=3506176
t=2470387 read event=857 count=4096 submitted=3510272
t=2473138 read event=858 count=4096 submitted=3514368
t=2475884 read event=859 count=4096 submitted=3518464
t=2478832 read event=860 count=4096 submitted=3522560
t=2481647 read event=861 count=4096 submitted=3526656
t=2484400 read event=862 count=4096 submitted=3530752
t=2487149 read event=863 count=4096 submitted=3534848
t=2490094 read event=864 count=4096 submitted=3538944
t=2492909 read event=865 count=4096 submitted=3543040
t=2495652 read event=866 count=4096 submitted=3547136
t=2498403 read event=867 count=4096 submitted=3551232
t=2501349 read event=868 count=4096 submitted=3555328
t=2504167 read event=869 count=4096 submitted=3559424
t=2506929 read event=870 count=4096 submitted=3563520
t=2509672 read event=871 count=4096 submitted=3567616
t=2513115 read event=872 count=4096 submitted=3571712
t=2515993 read event=873 count=4096 submitted=3575808
t=2518829 read event=874 count=4096 submitted=3579904
t=2521581 read event=875 count=4096 submitted=3584000
t=2524540 read event=876 count=4096 submitted=3588096
t=2527405 read event=877 count=4096 submitted=3592192
t=2530159 read event=878 count=4096 submitted=3596288
t=2532902 read event=879 count=4096 submitted=3600384
t=2535851 read event=880 count=4096 submitted=3604480
t=2538672 read event=881 count=4096 submitted=3608576
t=2541425 read event=882 count=4096 submitted=3612672
t=2544178 read event=883 count=4096 submitted=3616768
t=2547120 read event=884 count=4096 submitted=3620864
t=2549941 read event=885 count=4096 submitted=3624960
t=2552690 read event=886 count=4096 submitted=3629056
t=2555433 read event=887 count=4096 submitted=3633152
t=2558373 read event=888 count=4096 submitted=3637248
t=2561195 read event=889 count=4096 submitted=3641344
t=2563948 read event=890 count=4096 submitted=3645440
t=2566693 read event=891 count=4096 submitted=3649536
t=2569631 read event=892 count=4096 submitted=3653632
t=2572458 read event=893 count=4096 submitted=3657728
t=2575206 read event=894 count=4096 submitted=3661824
t=2577953 read event=895 count=4096 submitted=3665920
t=2580895 read event=896 count=4096 submitted=3670016
t=2583714 read event=897 count=4096 submitted=3674112
t=2586461 read event=898 count=4096 submitted=3678208
t=2589207 read event=899 count=4096 submitted=3682304
t=2592201 read event=900 count=4096 submitted=3686400
t=2595025 read event=901 count=4096 submitted=3690496
t=2597774 read event=902 count=4096 submitted=3694592
t=2600517 read event=903 count=4096 submitted=3698688
t=2603975 read event=904 count=4096 submitted=3702784
t=2606867 read event=905 count=4096 submitted=3706880
t=2609706 read event=906 count=4096 submitted=3710976
t=2612457 read event=907 count=4096 submitted=3715072
t=2615430 read event=908 count=4096 submitted=3719168
t=2618289 read event=909 count=4096 submitted=3723264
t=2621041 read event=910 count=4096 submitted=3727360
t=2623789 read event=911 count=4096 submitted=3731456
t=2626738 read event=912 count=4096 submitted=3735552
t=2629573 read event=913 count=4096 submitted=3739648
t=2632325 read event=914 count=4096 submitted=3743744
t=2635072 read event=915 count=4096 submitted=3747840
t=2638016 read event=916 count=4096 submitted=3751936
t=2640836 read event=917 count=4096 submitted=3756032
t=2643582 read event=918 count=4096 submitted=3760128
t=2646325 read event=919 count=4096 submitted=3764224
t=2649267 read event=920 count=4096 submitted=3768320
t=2652090 read event=921 count=4096 submitted=3772416
t=2654840 read event=922 count=4096 submitted=3776512
t=2657582 read event=923 count=4096 submitted=3780608
t=2660531 read event=924 count=4096 submitted=3784704
t=2663348 read event=925 count=4096 submitted=3788800
t=2666098 read event=926 count=4096 submitted=3792896
t=2668845 read event=927 count=4096 submitted=3796992
t=2671788 read event=928 count=4096 submitted=3801088
t=2674601 read event=929 count=4096 submitted=3805184
t=2677354 read event=930 count=4096 submitted=3809280
t=2680102 read event=931 count=4096 submitted=3813376
t=2683043 read event=932 count=4096 submitted=3817472
t=2685863 read event=933 count=4096 submitted=3821568
t=2688610 read event=934 count=4096 submitted=3825664
t=2691357 read event=935 count=4096 submitted=3829760
t=2694813 read event=936 count=4096 submitted=3833856
t=2697689 read event=937 count=4096 submitted=3837952
t=2700517 read event=938 count=4096 submitted=3842048
t=2703274 read event=939 count=4096 submitted=3846144
t=2706241 read event=940 count=4096 submitted=3850240
t=2709102 read event=941 count=4096 submitted=3854336
t=2711854 read event=942 count=4096 submitted=3858432
t=2714596 read event=943 count=4096 submitted=3862528
t=2717557 read event=944 count=4096 submitted=3866624
t=2720380 read event=945 count=4096 submitted=3870720
t=2723133 read event=946 count=4096 submitted=3874816
t=2725881 read event=947 count=4096 submitted=3878912
t=2728820 read event=948 count=4096 submitted=3883008
t=2731634 read event=949 count=4096 submitted=3887104
t=2734386 read event=950 count=4096 submitted=3891200
t=2737134 read event=951 count=4096 submitted=3895296
t=2740078 read event=952 count=4096 submitted=3899392
t=2742900 read event=953 count=4096 submitted=3903488
t=2745645 read event=954 count=4096 submitted=3907584
t=2748396 read event=955 count=4096 submitted=3911680
t=2751341 read event=956 count=4096 submitted=3915776
t=2754158 read event=957 count=4096 submitted=3919872
t=2756907 read event=958 count=4096 submitted=3923968
t=2759646 read event=959 count=4096 submitted=3928064
t=2762596 read event=960 count=4096 submitted=3932160
t=2765417 read event=961 count=4096 submitted=3936256
t=2768168 read event=962 count=4096 submitted=3940352
t=2770911 read event=963 count=4096 submitted=3944448
t=2773855 read event=964 count=4096 submitted=3948544
t=2776673 read event=965 count=4096 submitted=3952640
t=2779427 read event=966 count=4096 submitted=3956736
t=2782171 read event=967 count=4096 submitted=3960832
t=2785626 read event=968 count=4096 submitted=3964928
t=2788505 read event=969 count=4096 submitted=3969024
t=2791344 read event=970 count=4096 submitted=3973120
t=2794102 read event=971 count=4096 submitted=3977216
t=2797059 read event=972 count=4096 submitted=3981312
t=2799970 read event=973 count=4096 submitted=3985408
t=2802726 read event=974 count=4096 submitted=3989504
t=2805481 read event=975 count=4096 submitted=3993600
t=2808436 read event=976 count=4096 submitted=3997696
t=2811261 read event=977 count=4096 submitted=4001792
t=2814010 read event=978 count=4096 submitted=4005888
t=2816757 read event=979 count=4096 submitted=4009984
t=2819702 read event=980 count=4096 submitted=4014080
t=2822534 read event=981 count=4096 submitted=4018176
t=2825286 read event=982 count=4096 submitted=4022272
t=2828036 read event=983 count=4096 submitted=4026368
t=2831008 read event=984 count=4096 submitted=4030464
t=2833838 read event=985 count=4096 submitted=4034560
t=2836582 read event=986 count=4096 submitted=4038656
t=2839330 read event=987 count=4096 submitted=4042752
t=2842277 read event=988 count=4096 submitted=4046848
t=2845113 read event=989 count=4096 submitted=4050944
t=2847868 read event=990 count=4096 submitted=4055040
t=2850606 read event=991 count=4096 submitted=4059136
t=2853562 read event=992 count=4096 submitted=4063232
t=2856378 read event=993 count=4096 submitted=4067328
t=2859132 read event=994 count=4096 submitted=4071424
t=2861877 read event=995 count=4096 submitted=4075520
t=2864816 read event=996 count=4096 submitted=4079616
t=2867629 read event=997 count=4096 submitted=4083712
t=2870381 read event=998 count=4096 submitted=4087808
t=2873126 read event=999 count=4096 submitted=4091904
t=2876596 read event=1000 count=4096 submitted=4096000
t=2879487 read event=1001 count=4096 submitted=4100096
t=2882328 read event=1002 count=4096 submitted=4104192
t=2885082 read event=1003 count=4096 submitted=4108288
t=2888044 read event=1004 count=4096 submitted=4112384
t=2890900 read event=1005 count=4096 submitted=4116480
t=2893649 read event=1006 count=4096 submitted=4120576
t=2896403 read event=1007 count=4096 submitted=4124672
t=2899352 read event=1008 count=4096 submitted=4128768
t=2902176 read event=1009 count=4096 submitted=4132864
t=2904935 read event=1010 count=4096 submitted=4136960
t=2907678 read event=1011 count=4096 submitted=4141056
t=2910626 read event=1012 count=4096 submitted=4145152
t=2913453 read event=1013 count=4096 submitted=4149248
t=2916206 read event=1014 count=4096 submitted=4153344
t=2918951 read event=1015 count=4096 submitted=4157440
t=2921893 read event=1016 count=4096 submitted=4161536
t=2924718 read event=1017 count=4096 submitted=4165632
t=2927465 read event=1018 count=4096 submitted=4169728
t=2930214 read event=1019 count=4096 submitted=4173824
t=2933156 read event=1020 count=4096 submitted=4177920
t=2935974 read event=1021 count=4096 submitted=4182016
t=2938726 read event=1022 count=4096 submitted=4186112
t=2941464 read event=1023 count=4096 submitted=4190208
t=2944411 read event=1024 count=4096 submitted=4194304
t=2947226 read event=1025 count=4096 submitted=4198400
t=2949979 read event=1026 count=4096 submitted=4202496
t=2952726 read event=1027 count=4096 submitted=4206592
t=2955665 read event=1028 count=4096 submitted=4210688
t=2958488 read event=1029 count=4096 submitted=4214784
t=2961237 read event=1030 count=4096 submitted=4218880
t=2963983 read event=1031 count=4096 submitted=4222976
t=2967437 read event=1032 count=4096 submitted=4227072
t=2970311 read event=1033 count=4096 submitted=4231168
t=2973151 read event=1034 count=4096 submitted=4235264
t=2975908 read event=1035 count=4096 submitted=4239360
t=2978864 read event=1036 count=4096 submitted=4243456
t=2981727 read event=1037 count=4096 submitted=4247552
t=2984475 read event=1038 count=4096 submitted=4251648
t=2987220 read event=1039 count=4096 submitted=4255744
t=2990165 read event=1040 count=4096 submitted=4259840
t=2992985 read event=1041 count=4096 submitted=4263936
t=2995738 read event=1042 count=4096 submitted=4268032
t=2998479 read event=1043 count=4096 submitted=4272128
t=3001431 read event=1044 count=4096 submitted=4276224
t=3004249 read event=1045 count=4096 submitted=4280320
t=3007065 read event=1046 count=4096 submitted=4284416
t=3009827 read event=1047 count=4096 submitted=4288512
t=3012775 read event=1048 count=4096 submitted=4292608
t=3015594 read event=1049 count=4096 submitted=4296704
t=3018348 read event=1050 count=4096 submitted=4300800
t=3021095 read event=1051 count=4096 submitted=4304896
t=3024043 read event=1052 count=4096 submitted=4308992
t=3026867 read event=1053 count=4096 submitted=4313088
t=3029614 read event=1054 count=4096 submitted=4317184
t=3032360 read event=1055 count=4096 submitted=4321280
t=3035303 read event=1056 count=4096 submitted=4325376
t=3038120 read event=1057 count=4096 submitted=4329472
t=3040870 read event=1058 count=4096 submitted=4333568
t=3043610 read event=1059 count=4096 submitted=4337664
t=3046560 read event=1060 count=4096 submitted=4341760
t=3049377 read event=1061 count=4096 submitted=4345856
t=3052129 read event=1062 count=4096 submitted=4349952
t=3054875 read event=1063 count=4096 submitted=4354048
t=3058331 read event=1064 count=4096 submitted=4358144
t=3061205 read event=1065 count=4096 submitted=4362240
t=3064043 read event=1066 count=4096 submitted=4366336
t=3066802 read event=1067 count=4096 submitted=4370432
t=3069766 read event=1068 count=4096 submitted=4374528
t=3072616 read event=1069 count=4096 submitted=4378624
t=3075370 read event=1070 count=4096 submitted=4382720
t=3078120 read event=1071 count=4096 submitted=4386816
t=3081062 read event=1072 count=4096 submitted=4390912
t=3083892 read event=1073 count=4096 submitted=4395008
t=3086638 read event=1074 count=4096 submitted=4399104
t=3089390 read event=1075 count=4096 submitted=4403200
t=3092331 read event=1076 count=4096 submitted=4407296
t=3095149 read event=1077 count=4096 submitted=4411392
t=3097906 read event=1078 count=4096 submitted=4415488
t=3100647 read event=1079 count=4096 submitted=4419584
t=3103596 read event=1080 count=4096 submitted=4423680
t=3106434 read event=1081 count=4096 submitted=4427776
t=3109184 read event=1082 count=4096 submitted=4431872
t=3111934 read event=1083 count=4096 submitted=4435968
t=3114879 read event=1084 count=4096 submitted=4440064
t=3117697 read event=1085 count=4096 submitted=4444160
t=3120440 read event=1086 count=4096 submitted=4448256
t=3123186 read event=1087 count=4096 submitted=4452352
t=3126128 read event=1088 count=4096 submitted=4456448
t=3128939 read event=1089 count=4096 submitted=4460544
t=3131691 read event=1090 count=4096 submitted=4464640
t=3134434 read event=1091 count=4096 submitted=4468736
t=3137377 read event=1092 count=4096 submitted=4472832
t=3140203 read event=1093 count=4096 submitted=4476928
t=3142957 read event=1094 count=4096 submitted=4481024
t=3145705 read event=1095 count=4096 submitted=4485120
t=3149147 read event=1096 count=4096 submitted=4489216
t=3152021 read event=1097 count=4096 submitted=4493312
t=3154860 read event=1098 count=4096 submitted=4497408
t=3157610 read event=1099 count=4096 submitted=4501504
t=3160572 read event=1100 count=4096 submitted=4505600
t=3163438 read event=1101 count=4096 submitted=4509696
t=3166193 read event=1102 count=4096 submitted=4513792
t=3168941 read event=1103 count=4096 submitted=4517888
t=3171887 read event=1104 count=4096 submitted=4521984
t=3174706 read event=1105 count=4096 submitted=4526080
t=3177454 read event=1106 count=4096 submitted=4530176
t=3180204 read event=1107 count=4096 submitted=4534272
t=3183147 read event=1108 count=4096 submitted=4538368
t=3185978 read event=1109 count=4096 submitted=4542464
t=3188731 read event=1110 count=4096 submitted=4546560
t=3191474 read event=1111 count=4096 submitted=4550656
t=3194423 read event=1112 count=4096 submitted=4554752
t=3197238 read event=1113 count=4096 submitted=4558848
t=3199990 read event=1114 count=4096 submitted=4562944
t=3202736 read event=1115 count=4096 submitted=4567040
t=3205692 read event=1116 count=4096 submitted=4571136
t=3208501 read event=1117 count=4096 submitted=4575232
t=3211253 read event=1118 count=4096 submitted=4579328
t=3213998 read event=1119 count=4096 submitted=4583424
t=3216991 read event=1120 count=4096 submitted=4587520
t=3219818 read event=1121 count=4096 submitted=4591616
t=3222561 read event=1122 count=4096 submitted=4595712
t=3225309 read event=1123 count=4096 submitted=4599808
t=3228249 read event=1124 count=4096 submitted=4603904
t=3231068 read event=1125 count=4096 submitted=4608000
t=3233818 read event=1126 count=4096 submitted=4612096
t=3236555 read event=1127 count=4096 submitted=4616192
t=3240008 read event=1128 count=4096 submitted=4620288
t=3242883 read event=1129 count=4096 submitted=4624384
t=3245723 read event=1130 count=4096 submitted=4628480
t=3248473 read event=1131 count=4096 submitted=4632576
t=3251438 read event=1132 count=4096 submitted=4636672
t=3254299 read event=1133 count=4096 submitted=4640768
t=3257052 read event=1134 count=4096 submitted=4644864
t=3259805 read event=1135 count=4096 submitted=4648960
t=3262761 read event=1136 count=4096 submitted=4653056
t=3265594 read event=1137 count=4096 submitted=4657152
t=3268368 read event=1138 count=4096 submitted=4661248
t=3271116 read event=1139 count=4096 submitted=4665344
t=3274062 read event=1140 count=4096 submitted=4669440
t=3276889 read event=1141 count=4096 submitted=4673536
t=3279635 read event=1142 count=4096 submitted=4677632
t=3282383 read event=1143 count=4096 submitted=4681728
t=3285330 read event=1144 count=4096 submitted=4685824
t=3288160 read event=1145 count=4096 submitted=4689920
t=3290912 read event=1146 count=4096 submitted=4694016
t=3293652 read event=1147 count=4096 submitted=4698112
t=3296604 read event=1148 count=4096 submitted=4702208
t=3299429 read event=1149 count=4096 submitted=4706304
t=3302179 read event=1150 count=4096 submitted=4710400
t=3304938 read event=1151 count=4096 submitted=4714496
t=3307881 read event=1152 count=4096 submitted=4718592
t=3310696 read event=1153 count=4096 submitted=4722688
t=3313438 read event=1154 count=4096 submitted=4726784
t=3316186 read event=1155 count=4096 submitted=4730880
t=3319122 read event=1156 count=4096 submitted=4734976
t=3321937 read event=1157 count=4096 submitted=4739072
t=3324682 read event=1158 count=4096 submitted=4743168
t=3327429 read event=1159 count=4096 submitted=4747264
t=3330898 read event=1160 count=4096 submitted=4751360
t=3333792 read event=1161 count=4096 submitted=4755456
t=3336630 read event=1162 count=4096 submitted=4759552
t=3339387 read event=1163 count=4096 submitted=4763648
t=3342349 read event=1164 count=4096 submitted=4767744
t=3345209 read event=1165 count=4096 submitted=4771840
t=3347964 read event=1166 count=4096 submitted=4775936
t=3350708 read event=1167 count=4096 submitted=4780032
t=3353645 read event=1168 count=4096 submitted=4784128
t=3356467 read event=1169 count=4096 submitted=4788224
t=3359220 read event=1170 count=4096 submitted=4792320
t=3361970 read event=1171 count=4096 submitted=4796416
t=3364907 read event=1172 count=4096 submitted=4800512
t=3367727 read event=1173 count=4096 submitted=4804608
t=3370472 read event=1174 count=4096 submitted=4808704
t=3373219 read event=1175 count=4096 submitted=4812800
t=3376166 read event=1176 count=4096 submitted=4816896
t=3378985 read event=1177 count=4096 submitted=4820992
t=3381736 read event=1178 count=4096 submitted=4825088
t=3384476 read event=1179 count=4096 submitted=4829184
t=3387430 read event=1180 count=4096 submitted=4833280
t=3390250 read event=1181 count=4096 submitted=4837376
t=3393000 read event=1182 count=4096 submitted=4841472
t=3395747 read event=1183 count=4096 submitted=4845568
t=3398679 read event=1184 count=4096 submitted=4849664
t=3401500 read event=1185 count=4096 submitted=4853760
t=3404249 read event=1186 count=4096 submitted=4857856
t=3407011 read event=1187 count=4096 submitted=4861952
t=3409954 read event=1188 count=4096 submitted=4866048
t=3412770 read event=1189 count=4096 submitted=4870144
t=3415520 read event=1190 count=4096 submitted=4874240
t=3418267 read event=1191 count=4096 submitted=4878336
t=3421773 read event=1192 count=4096 submitted=4882432
t=3424654 read event=1193 count=4096 submitted=4886528
t=3427501 read event=1194 count=4096 submitted=4890624
t=3430257 read event=1195 count=4096 submitted=4894720
t=3433211 read event=1196 count=4096 submitted=4898816
t=3436073 read event=1197 count=4096 submitted=4902912
t=3438827 read event=1198 count=4096 submitted=4907008
t=3441570 read event=1199 count=4096 submitted=4911104
t=3444517 read event=1200 count=4096 submitted=4915200
t=3447342 read event=1201 count=4096 submitted=4919296
t=3450096 read event=1202 count=4096 submitted=4923392
t=3452844 read event=1203 count=4096 submitted=4927488
t=3455787 read event=1204 count=4096 submitted=4931584
t=3458603 read event=1205 count=4096 submitted=4935680
t=3461357 read event=1206 count=4096 submitted=4939776
t=3464103 read event=1207 count=4096 submitted=4943872
t=3467045 read event=1208 count=4096 submitted=4947968
t=3469862 read event=1209 count=4096 submitted=4952064
t=3472605 read event=1210 count=4096 submitted=4956160
t=3475352 read event=1211 count=4096 submitted=4960256
t=3478295 read event=1212 count=4096 submitted=4964352
t=3481134 read event=1213 count=4096 submitted=4968448
t=3483887 read event=1214 count=4096 submitted=4972544
t=3486625 read event=1215 count=4096 submitted=4976640
t=3489576 read event=1216 count=4096 submitted=4980736
t=3492406 read event=1217 count=4096 submitted=4984832
t=3495156 read event=1218 count=4096 submitted=4988928
t=3497905 read event=1219 count=4096 submitted=4993024
t=3500845 read event=1220 count=4096 submitted=4997120
t=3503659 read event=1221 count=4096 submitted=5001216
t=3506425 read event=1222 count=4096 submitted=5005312
t=3509174 read event=1223 count=4096 submitted=5009408
t=3512634 read event=1224 count=4096 submitted=5013504
t=3515512 read event=1225 count=4096 submitted=5017600
t=3518350 read event=1226 count=4096 submitted=5021696
t=3521107 read event=1227 count=4096 submitted=5025792
t=3524062 read event=1228 count=4096 submitted=5029888
t=3526921 read event=1229 count=4096 submitted=5033984
t=3529672 read event=1230 count=4096 submitted=5038080
t=3532419 read event=1231 count=4096 submitted=5042176
t=3535361 read event=1232 count=4096 submitted=5046272
t=3538183 read event=1233 count=4096 submitted=5050368
t=3540933 read event=1234 count=4096 submitted=5054464
t=3543675 read event=1235 count=4096 submitted=5058560
t=3546620 read event=1236 count=4096 submitted=5062656
t=3549444 read event=1237 count=4096 submitted=5066752
t=3552194 read event=1238 count=4096 submitted=5070848
t=3554940 read event=1239 count=4096 submitted=5074944
t=3557888 read event=1240 count=4096 submitted=5079040
t=3560708 read event=1241 count=4096 submitted=5083136
t=3563450 read event=1242 count=4096 submitted=5087232
t=3566198 read event=1243 count=4096 submitted=5091328
t=3569140 read event=1244 count=4096 submitted=5095424
t=3571959 read event=1245 count=4096 submitted=5099520
t=3574708 read event=1246 count=4096 submitted=5103616
t=3577447 read event=1247 count=4096 submitted=5107712
t=3580391 read event=1248 count=4096 submitted=5111808
t=3583207 read event=1249 count=4096 submitted=5115904
t=3585959 read event=1250 count=4096 submitted=5120000
t=3588703 read event=1251 count=4096 submitted=5124096
t=3591638 read event=1252 count=4096 submitted=5128192
t=3594462 read event=1253 count=4096 submitted=5132288
t=3597209 read event=1254 count=4096 submitted=5136384
t=3599955 read event=1255 count=4096 submitted=5140480
t=3603404 read event=1256 count=4096 submitted=5144576
t=3606289 read event=1257 count=4096 submitted=5148672
t=3609135 read event=1258 count=4096 submitted=5152768
t=3611895 read event=1259 count=4096 submitted=5156864
t=3614851 read event=1260 count=4096 submitted=5160960
t=3617708 read event=1261 count=4096 submitted=5165056
t=3620458 read event=1262 count=4096 submitted=5169152
t=3623204 read event=1263 count=4096 submitted=5173248
t=3626150 read event=1264 count=4096 submitted=5177344
t=3628976 read event=1265 count=4096 submitted=5181440
t=3631774 read event=1266 count=4096 submitted=5185536
t=3634521 read event=1267 count=4096 submitted=5189632
t=3637471 read event=1268 count=4096 submitted=5193728
t=3640295 read event=1269 count=4096 submitted=5197824
t=3643047 read event=1270 count=4096 submitted=5201920
t=3645793 read event=1271 count=4096 submitted=5206016
t=3648735 read event=1272 count=4096 submitted=5210112
t=3651550 read event=1273 count=4096 submitted=5214208
t=3654303 read event=1274 count=4096 submitted=5218304
t=3657052 read event=1275 count=4096 submitted=5222400
t=3659998 read event=1276 count=4096 submitted=5226496
t=3663005 read event=1277 count=4096 submitted=5230592
t=3665779 read event=1278 count=4096 submitted=5234688
t=3668528 read event=1279 count=4096 submitted=5238784
t=3671484 read event=1280 count=4096 submitted=5242880
t=3674316 read event=1281 count=4096 submitted=5246976
t=3677068 read event=1282 count=4096 submitted=5251072
t=3679818 read event=1283 count=4096 submitted=5255168
t=3682762 read event=1284 count=4096 submitted=5259264
t=3685574 read event=1285 count=4096 submitted=5263360
t=3688326 read event=1286 count=4096 submitted=5267456
t=3691089 read event=1287 count=4096 submitted=5271552
t=3694548 read event=1288 count=4096 submitted=5275648
t=3697433 read event=1289 count=4096 submitted=5279744
t=3700275 read event=1290 count=4096 submitted=5283840
t=3703033 read event=1291 count=4096 submitted=5287936
t=3706001 read event=1292 count=4096 submitted=5292032
t=3708861 read event=1293 count=4096 submitted=5296128
t=3711613 read event=1294 count=4096 submitted=5300224
t=3714356 read event=1295 count=4096 submitted=5304320
t=3717299 read event=1296 count=4096 submitted=5308416
t=3720123 read event=1297 count=4096 submitted=5312512
t=3722878 read event=1298 count=4096 submitted=5316608
t=3725624 read event=1299 count=4096 submitted=5320704
t=3728576 read event=1300 count=4096 submitted=5324800
t=3731406 read event=1301 count=4096 submitted=5328896
t=3734158 read event=1302 count=4096 submitted=5332992
t=3736907 read event=1303 count=4096 submitted=5337088
t=3739850 read event=1304 count=4096 submitted=5341184
t=3742661 read event=1305 count=4096 submitted=5345280
t=3745418 read event=1306 count=4096 submitted=5349376
t=3748166 read event=1307 count=4096 submitted=5353472
t=3751109 read event=1308 count=4096 submitted=5357568
t=3753931 read event=1309 count=4096 submitted=5361664
t=3756675 read event=1310 count=4096 submitted=5365760
t=3759421 read event=1311 count=4096 submitted=5369856
t=3762363 read event=1312 count=4096 submitted=5373952
t=3765180 read event=1313 count=4096 submitted=5378048
t=3767933 read event=1314 count=4096 submitted=5382144
t=3770670 read event=1315 count=4096 submitted=5386240
t=3773614 read event=1316 count=4096 submitted=5390336
t=3776435 read event=1317 count=4096 submitted=5394432
t=3779186 read event=1318 count=4096 submitted=5398528
t=3781935 read event=1319 count=4096 submitted=5402624
t=3785376 read event=1320 count=4096 submitted=5406720
t=3788256 read event=1321 count=4096 submitted=5410816
t=3791118 read event=1322 count=4096 submitted=5414912
t=3793880 read event=1323 count=4096 submitted=5419008
t=3796833 read event=1324 count=4096 submitted=5423104
t=3799700 read event=1325 count=4096 submitted=5427200
t=3802449 read event=1326 count=4096 submitted=5431296
t=3805207 read event=1327 count=4096 submitted=5435392
t=3808150 read event=1328 count=4096 submitted=5439488
t=3810971 read event=1329 count=4096 submitted=5443584
t=3813723 read event=1330 count=4096 submitted=5447680
t=3816466 read event=1331 count=4096 submitted=5451776
t=3819419 read event=1332 count=4096 submitted=5455872
t=3822236 read event=1333 count=4096 submitted=5459968
t=3824986 read event=1334 count=4096 submitted=5464064
t=3827735 read event=1335 count=4096 submitted=5468160
t=3830672 read event=1336 count=4096 submitted=5472256
t=3833505 read event=1337 count=4096 submitted=5476352
t=3836257 read event=1338 count=4096 submitted=5480448
t=3839051 read event=1339 count=4096 submitted=5484544
t=3842001 read event=1340 count=4096 submitted=5488640
t=3844820 read event=1341 count=4096 submitted=5492736
t=3847568 read event=1342 count=4096 submitted=5496832
t=3850312 read event=1343 count=4096 submitted=5500928
t=3853251 read event=1344 count=4096 submitted=5505024
t=3856072 read event=1345 count=4096 submitted=5509120
t=3858826 read event=1346 count=4096 submitted=5513216
t=3861569 read event=1347 count=4096 submitted=5517312
t=3864519 read event=1348 count=4096 submitted=5521408
t=3867338 read event=1349 count=4096 submitted=5525504
t=3870089 read event=1350 count=4096 submitted=5529600
t=3872839 read event=1351 count=4096 submitted=5533696
t=3876296 read event=1352 count=4096 submitted=5537792
t=3879167 read event=1353 count=4096 submitted=5541888
t=3882005 read event=1354 count=4096 submitted=5545984
t=3884760 read event=1355 count=4096 submitted=5550080
t=3887714 read event=1356 count=4096 submitted=5554176
t=3890567 read event=1357 count=4096 submitted=5558272
t=3893321 read event=1358 count=4096 submitted=5562368
t=3896069 read event=1359 count=4096 submitted=5566464
t=3899015 read event=1360 count=4096 submitted=5570560
t=3901850 read event=1361 count=4096 submitted=5574656
t=3904615 read event=1362 count=4096 submitted=5578752
t=3907375 read event=1363 count=4096 submitted=5582848
t=3910320 read event=1364 count=4096 submitted=5586944
t=3913143 read event=1365 count=4096 submitted=5591040
t=3915896 read event=1366 count=4096 submitted=5595136
t=3918638 read event=1367 count=4096 submitted=5599232
t=3921599 read event=1368 count=4096 submitted=5603328
t=3924432 read event=1369 count=4096 submitted=5607424
t=3927184 read event=1370 count=4096 submitted=5611520
t=3929931 read event=1371 count=4096 submitted=5615616
t=3932876 read event=1372 count=4096 submitted=5619712
t=3935695 read event=1373 count=4096 submitted=5623808
t=3938440 read event=1374 count=4096 submitted=5627904
t=3941184 read event=1375 count=4096 submitted=5632000
t=3944128 read event=1376 count=4096 submitted=5636096
t=3946948 read event=1377 count=4096 submitted=5640192
t=3949697 read event=1378 count=4096 submitted=5644288
t=3952437 read event=1379 count=4096 submitted=5648384
t=3955379 read event=1380 count=4096 submitted=5652480
t=3958197 read event=1381 count=4096 submitted=5656576
t=3960946 read event=1382 count=4096 submitted=5660672
t=3963692 read event=1383 count=4096 submitted=5664768
t=3967139 read event=1384 count=4096 submitted=5668864
t=3970011 read event=1385 count=4096 submitted=5672960
t=3972849 read event=1386 count=4096 submitted=5677056
t=3975603 read event=1387 count=4096 submitted=5681152
t=3978566 read event=1388 count=4096 submitted=5685248
t=3981429 read event=1389 count=4096 submitted=5689344
t=3984181 read event=1390 count=4096 submitted=5693440
t=3986928 read event=1391 count=4096 submitted=5697536
t=3989872 read event=1392 count=4096 submitted=5701632
t=3992697 read event=1393 count=4096 submitted=5705728
t=3995442 read event=1394 count=4096 submitted=5709824
t=3998190 read event=1395 count=4096 submitted=5713920
t=4001132 read event=1396 count=4096 submitted=5718016
t=4003961 read event=1397 count=4096 submitted=5722112
t=4006726 read event=1398 count=4096 submitted=5726208
t=4009473 read event=1399 count=4096 submitted=5730304
t=4012425 read event=1400 count=4096 submitted=5734400
t=4015244 read event=1401 count=4096 submitted=5738496
t=4017995 read event=1402 count=4096 submitted=5742592
t=4020743 read event=1403 count=4096 submitted=5746688
t=4023676 read event=1404 count=4096 submitted=5750784
t=4026499 read event=1405 count=4096 submitted=5754880
t=4029247 read event=1406 count=4096 submitted=5758976
t=4031996 read event=1407 count=4096 submitted=5763072
t=4034932 read event=1408 count=4096 submitted=5767168
t=4037748 read event=1409 count=4096 submitted=5771264
t=4040491 read event=1410 count=4096 submitted=5775360
t=4043237 read event=1411 count=4096 submitted=5779456
t=4046235 read event=1412 count=4096 submitted=5783552
t=4049067 read event=1413 count=4096 submitted=5787648
t=4051825 read event=1414 count=4096 submitted=5791744
t=4054568 read event=1415 count=4096 submitted=5795840
t=4058019 read event=1416 count=4096 submitted=5799936
t=4060896 read event=1417 count=4096 submitted=5804032
t=4063734 read event=1418 count=4096 submitted=5808128
t=4066480 read event=1419 count=4096 submitted=5812224
t=4069446 read event=1420 count=4096 submitted=5816320
t=4072302 read event=1421 count=4096 submitted=5820416
t=4075055 read event=1422 count=4096 submitted=5824512
t=4077804 read event=1423 count=4096 submitted=5828608
t=4080748 read event=1424 count=4096 submitted=5832704
t=4083569 read event=1425 count=4096 submitted=5836800
t=4086322 read event=1426 count=4096 submitted=5840896
t=4089071 read event=1427 count=4096 submitted=5844992
t=4092020 read event=1428 count=4096 submitted=5849088
t=4094840 read event=1429 count=4096 submitted=5853184
t=4097586 read event=1430 count=4096 submitted=5857280
t=4100336 read event=1431 count=4096 submitted=5861376
t=4103280 read event=1432 count=4096 submitted=5865472
t=4106120 read event=1433 count=4096 submitted=5869568
t=4108870 read event=1434 count=4096 submitted=5873664
t=4111610 read event=1435 count=4096 submitted=5877760
t=4114579 read event=1436 count=4096 submitted=5881856
t=4117412 read event=1437 count=4096 submitted=5885952
t=4120164 read event=1438 count=4096 submitted=5890048
t=4122907 read event=1439 count=4096 submitted=5894144
t=4125849 read event=1440 count=4096 submitted=5898240
t=4128662 read event=1441 count=4096 submitted=5902336
t=4131416 read event=1442 count=4096 submitted=5906432
t=4134164 read event=1443 count=4096 submitted=5910528
t=4137106 read event=1444 count=4096 submitted=5914624
t=4139920 read event=1445 count=4096 submitted=5918720
t=4142664 read event=1446 count=4096 submitted=5922816
t=4145411 read event=1447 count=4096 submitted=5926912
t=4148860 read event=1448 count=4096 submitted=5931008
t=4151733 read event=1449 count=4096 submitted=5935104
t=4154561 read event=1450 count=4096 submitted=5939200
t=4157318 read event=1451 count=4096 submitted=5943296
t=4160276 read event=1452 count=4096 submitted=5947392
t=4163129 read event=1453 count=4096 submitted=5951488
t=4165884 read event=1454 count=4096 submitted=5955584
t=4168625 read event=1455 count=4096 submitted=5959680
t=4171580 read event=1456 count=4096 submitted=5963776
t=4174406 read event=1457 count=4096 submitted=5967872
t=4177159 read event=1458 count=4096 submitted=5971968
t=4179909 read event=1459 count=4096 submitted=5976064
t=4182854 read event=1460 count=4096 submitted=5980160
t=4185672 read event=1461 count=4096 submitted=5984256
t=4188427 read event=1462 count=4096 submitted=5988352
t=4191174 read event=1463 count=4096 submitted=5992448
t=4194119 read event=1464 count=4096 submitted=5996544
t=4196936 read event=1465 count=4096 submitted=6000640
t=4199689 read event=1466 count=4096 submitted=6004736
t=4202430 read event=1467 count=4096 submitted=6008832
t=4205381 read event=1468 count=4096 submitted=6012928
t=4208204 read event=1469 count=4096 submitted=6017024
t=4210954 read event=1470 count=4096 submitted=6021120
t=4213703 read event=1471 count=4096 submitted=6025216
t=4216636 read event=1472 count=4096 submitted=6029312
t=4219456 read event=1473 count=4096 submitted=6033408
t=4222208 read event=1474 count=4096 submitted=6037504
t=4224957 read event=1475 count=4096 submitted=6041600
t=4227904 read event=1476 count=4096 submitted=6045696
t=4230715 read event=1477 count=4096 submitted=6049792
t=4233461 read event=1478 count=4096 submitted=6053888
t=4236209 read event=1479 count=4096 submitted=6057984
t=4239667 read event=1480 count=4096 submitted=6062080
t=4242544 read event=1481 count=4096 submitted=6066176
t=4245370 read event=1482 count=4096 submitted=6070272
t=4248132 read event=1483 count=4096 submitted=6074368
t=4251091 read event=1484 count=4096 submitted=6078464
t=4253950 read event=1485 count=4096 submitted=6082560
t=4256755 read event=1486 count=4096 submitted=6086656
t=4259503 read event=1487 count=4096 submitted=6090752
t=4262466 read event=1488 count=4096 submitted=6094848
t=4265303 read event=1489 count=4096 submitted=6098944
t=4268058 read event=1490 count=4096 submitted=6103040
t=4270807 read event=1491 count=4096 submitted=6107136
t=4273753 read event=1492 count=4096 submitted=6111232
t=4276568 read event=1493 count=4096 submitted=6115328
t=4279322 read event=1494 count=4096 submitted=6119424
t=4282073 read event=1495 count=4096 submitted=6123520
t=4285016 read event=1496 count=4096 submitted=6127616
t=4287837 read event=1497 count=4096 submitted=6131712
t=4290580 read event=1498 count=4096 submitted=6135808
t=4293328 read event=1499 count=4096 submitted=6139904
t=4296276 read event=1500 count=4096 submitted=6144000
t=4299092 read event=1501 count=4096 submitted=6148096
t=4301845 read event=1502 count=4096 submitted=6152192
t=4304586 read event=1503 count=4096 submitted=6156288
t=4307552 read event=1504 count=4096 submitted=6160384
t=4310378 read event=1505 count=4096 submitted=6164480
t=4313132 read event=1506 count=4096 submitted=6168576
t=4315880 read event=1507 count=4096 submitted=6172672
t=4318820 read event=1508 count=4096 submitted=6176768
t=4321631 read event=1509 count=4096 submitted=6180864
t=4324381 read event=1510 count=4096 submitted=6184960
t=4327145 read event=1511 count=4096 submitted=6189056
t=4330602 read event=1512 count=4096 submitted=6193152
t=4333491 read event=1513 count=4096 submitted=6197248
t=4336331 read event=1514 count=4096 submitted=6201344
t=4339088 read event=1515 count=4096 submitted=6205440
t=4342041 read event=1516 count=4096 submitted=6209536
t=4344913 read event=1517 count=4096 submitted=6213632
t=4347660 read event=1518 count=4096 submitted=6217728
t=4350414 read event=1519 count=4096 submitted=6221824
t=4353358 read event=1520 count=4096 submitted=6225920
t=4356181 read event=1521 count=4096 submitted=6230016
t=4358931 read event=1522 count=4096 submitted=6234112
t=4361676 read event=1523 count=4096 submitted=6238208
t=4364622 read event=1524 count=4096 submitted=6242304
t=4367445 read event=1525 count=4096 submitted=6246400
t=4370198 read event=1526 count=4096 submitted=6250496
t=4372945 read event=1527 count=4096 submitted=6254592
t=4375892 read event=1528 count=4096 submitted=6258688
t=4378713 read event=1529 count=4096 submitted=6262784
t=4381458 read event=1530 count=4096 submitted=6266880
t=4384206 read event=1531 count=4096 submitted=6270976
t=4387146 read event=1532 count=4096 submitted=6275072
t=4389966 read event=1533 count=4096 submitted=6279168
t=4392714 read event=1534 count=4096 submitted=6283264
t=4395456 read event=1535 count=4096 submitted=6287360
t=4398402 read event=1536 count=4096 submitted=6291456
t=4401219 read event=1537 count=4096 submitted=6295552
t=4403970 read event=1538 count=4096 submitted=6299648
t=4406729 read event=1539 count=4096 submitted=6303744
t=4409670 read event=1540 count=4096 submitted=6307840
t=4412499 read event=1541 count=4096 submitted=6311936
t=4415247 read event=1542 count=4096 submitted=6316032
t=4417995 read event=1543 count=4096 submitted=6320128
t=4421442 read event=1544 count=4096 submitted=6324224
t=4424323 read event=1545 count=4096 submitted=6328320
t=4427158 read event=1546 count=4096 submitted=6332416
t=4429917 read event=1547 count=4096 submitted=6336512
t=4432871 read event=1548 count=4096 submitted=6340608
t=4435732 read event=1549 count=4096 submitted=6344704
t=4438477 read event=1550 count=4096 submitted=6348800
t=4441226 read event=1551 count=4096 submitted=6352896
t=4444171 read event=1552 count=4096 submitted=6356992
t=4446993 read event=1553 count=4096 submitted=6361088
t=4449747 read event=1554 count=4096 submitted=6365184
t=4452486 read event=1555 count=4096 submitted=6369280
t=4455442 read event=1556 count=4096 submitted=6373376
t=4458259 read event=1557 count=4096 submitted=6377472
t=4461009 read event=1558 count=4096 submitted=6381568
t=4463805 read event=1559 count=4096 submitted=6385664
t=4466766 read event=1560 count=4096 submitted=6389760
t=4469585 read event=1561 count=4096 submitted=6393856
t=4472337 read event=1562 count=4096 submitted=6397952
t=4475083 read event=1563 count=4096 submitted=6402048
t=4478026 read event=1564 count=4096 submitted=6406144
t=4480844 read event=1565 count=4096 submitted=6410240
t=4483589 read event=1566 count=4096 submitted=6414336
t=4486334 read event=1567 count=4096 submitted=6418432
t=4489277 read event=1568 count=4096 submitted=6422528
t=4492094 read event=1569 count=4096 submitted=6426624
t=4494844 read event=1570 count=4096 submitted=6430720
t=4497585 read event=1571 count=4096 submitted=6434816
t=4500537 read event=1572 count=4096 submitted=6438912
t=4503354 read event=1573 count=4096 submitted=6443008
t=4506118 read event=1574 count=4096 submitted=6447104
t=4508864 read event=1575 count=4096 submitted=6451200
t=4512317 read event=1576 count=4096 submitted=6455296
t=4515196 read event=1577 count=4096 submitted=6459392
t=4518031 read event=1578 count=4096 submitted=6463488
t=4520790 read event=1579 count=4096 submitted=6467584
t=4523744 read event=1580 count=4096 submitted=6471680
t=4526600 read event=1581 count=4096 submitted=6475776
t=4529356 read event=1582 count=4096 submitted=6479872
t=4532104 read event=1583 count=4096 submitted=6483968
t=4535047 read event=1584 count=4096 submitted=6488064
t=4537913 read event=1585 count=4096 submitted=6492160
t=4540663 read event=1586 count=4096 submitted=6496256
t=4543414 read event=1587 count=4096 submitted=6500352
t=4546361 read event=1588 count=4096 submitted=6504448
t=4549178 read event=1589 count=4096 submitted=6508544
t=4551932 read event=1590 count=4096 submitted=6512640
t=4554673 read event=1591 count=4096 submitted=6516736
t=4557620 read event=1592 count=4096 submitted=6520832
t=4560441 read event=1593 count=4096 submitted=6524928
t=4563188 read event=1594 count=4096 submitted=6529024
t=4565938 read event=1595 count=4096 submitted=6533120
t=4568884 read event=1596 count=4096 submitted=6537216
t=4571764 read event=1597 count=4096 submitted=6541312
t=4574515 read event=1598 count=4096 submitted=6545408
t=4577262 read event=1599 count=4096 submitted=6549504
t=4580209 read event=1600 count=4096 submitted=6553600
t=4583069 read event=1601 count=4096 submitted=6557696
t=4585825 read event=1602 count=4096 submitted=6561792
t=4588565 read event=1603 count=4096 submitted=6565888
t=4591519 read event=1604 count=4096 submitted=6569984
t=4594367 read event=1605 count=4096 submitted=6574080
t=4597120 read event=1606 count=4096 submitted=6578176
t=4599866 read event=1607 count=4096 submitted=6582272
t=4603304 read event=1608 count=4096 submitted=6586368
t=4606222 read event=1609 count=4096 submitted=6590464
t=4609074 read event=1610 count=4096 submitted=6594560
t=4611832 read event=1611 count=4096 submitted=6598656
t=4614787 read event=1612 count=4096 submitted=6602752
t=4617676 read event=1613 count=4096 submitted=6606848
t=4620443 read event=1614 count=4096 submitted=6610944
t=4623192 read event=1615 count=4096 submitted=6615040
t=4626135 read event=1616 count=4096 submitted=6619136
t=4628956 read event=1617 count=4096 submitted=6623232
t=4631707 read event=1618 count=4096 submitted=6627328
t=4634450 read event=1619 count=4096 submitted=6631424
t=4637396 read event=1620 count=4096 submitted=6635520
t=4640285 read event=1621 count=4096 submitted=6639616
t=4643036 read event=1622 count=4096 submitted=6643712
t=4645787 read event=1623 count=4096 submitted=6647808
t=4648729 read event=1624 count=4096 submitted=6651904
t=4651543 read event=1625 count=4096 submitted=6656000
t=4654294 read event=1626 count=4096 submitted=6660096
t=4657040 read event=1627 count=4096 submitted=6664192
t=4659986 read event=1628 count=4096 submitted=6668288
t=4662802 read event=1629 count=4096 submitted=6672384
t=4665547 read event=1630 count=4096 submitted=6676480
t=4668292 read event=1631 count=4096 submitted=6680576
t=4671286 read event=1632 count=4096 submitted=6684672
t=4674108 read event=1633 count=4096 submitted=6688768
t=4676865 read event=1634 count=4096 submitted=6692864
t=4679609 read event=1635 count=4096 submitted=6696960
t=4682564 read event=1636 count=4096 submitted=6701056
t=4685382 read event=1637 count=4096 submitted=6705152
t=4688136 read event=1638 count=4096 submitted=6709248
t=4690881 read event=1639 count=4096 submitted=6713344
t=4694325 read event=1640 count=4096 submitted=6717440
t=4697231 read event=1641 count=4096 submitted=6721536
t=4700067 read event=1642 count=4096 submitted=6725632
t=4702824 read event=1643 count=4096 submitted=6729728
t=4705788 read event=1644 count=4096 submitted=6733824
t=4708644 read event=1645 count=4096 submitted=6737920
t=4711405 read event=1646 count=4096 submitted=6742016
t=4714153 read event=1647 count=4096 submitted=6746112
t=4717094 read event=1648 count=4096 submitted=6750208
t=4719925 read event=1649 count=4096 submitted=6754304
t=4722670 read event=1650 count=4096 submitted=6758400
t=4725420 read event=1651 count=4096 submitted=6762496
t=4728370 read event=1652 count=4096 submitted=6766592
t=4731230 read event=1653 count=4096 submitted=6770688
t=4733985 read event=1654 count=4096 submitted=6774784
t=4736735 read event=1655 count=4096 submitted=6778880
t=4739674 read event=1656 count=4096 submitted=6782976
t=4742537 read event=1657 count=4096 submitted=6787072
t=4745287 read event=1658 count=4096 submitted=6791168
t=4748037 read event=1659 count=4096 submitted=6795264
t=4751002 read event=1660 count=4096 submitted=6799360
t=4753902 read event=1661 count=4096 submitted=6803456
t=4756647 read event=1662 count=4096 submitted=6807552
t=4759402 read event=1663 count=4096 submitted=6811648
t=4762348 read event=1664 count=4096 submitted=6815744
t=4765206 read event=1665 count=4096 submitted=6819840
t=4767957 read event=1666 count=4096 submitted=6823936
t=4770701 read event=1667 count=4096 submitted=6828032
t=4773645 read event=1668 count=4096 submitted=6832128
t=4776469 read event=1669 count=4096 submitted=6836224
t=4779219 read event=1670 count=4096 submitted=6840320
t=4781966 read event=1671 count=4096 submitted=6844416
t=4785413 read event=1672 count=4096 submitted=6848512
t=4788291 read event=1673 count=4096 submitted=6852608
t=4791130 read event=1674 count=4096 submitted=6856704
t=4793890 read event=1675 count=4096 submitted=6860800
t=4796845 read event=1676 count=4096 submitted=6864896
t=4799703 read event=1677 count=4096 submitted=6868992
t=4802451 read event=1678 count=4096 submitted=6873088
t=4805212 read event=1679 count=4096 submitted=6877184
t=4808159 read event=1680 count=4096 submitted=6881280
t=4810983 read event=1681 count=4096 submitted=6885376
t=4813771 read event=1682 count=4096 submitted=6889472
t=4816513 read event=1683 count=4096 submitted=6893568
t=4819470 read event=1684 count=4096 submitted=6897664
t=4822299 read event=1685 count=4096 submitted=6901760
t=4825049 read event=1686 count=4096 submitted=6905856
t=4827798 read event=1687 count=4096 submitted=6909952
t=4830740 read event=1688 count=4096 submitted=6914048
t=4833552 read event=1689 count=4096 submitted=6918144
t=4836300 read event=1690 count=4096 submitted=6922240
t=4839046 read event=1691 count=4096 submitted=6926336
t=4841987 read event=1692 count=4096 submitted=6930432
t=4844817 read event=1693 count=4096 submitted=6934528
t=4847563 read event=1694 count=4096 submitted=6938624
t=4850311 read event=1695 count=4096 submitted=6942720
t=4853257 read event=1696 count=4096 submitted=6946816
t=4856074 read event=1697 count=4096 submitted=6950912
t=4858826 read event=1698 count=4096 submitted=6955008
t=4861569 read event=1699 count=4096 submitted=6959104
t=4864522 read event=1700 count=4096 submitted=6963200
t=4867338 read event=1701 count=4096 submitted=6967296
t=4870090 read event=1702 count=4096 submitted=6971392
t=4872833 read event=1703 count=4096 submitted=6975488
t=4876279 read event=1704 count=4096 submitted=6979584
t=4879202 read event=1705 count=4096 submitted=6983680
t=4882054 read event=1706 count=4096 submitted=6987776
t=4884809 read event=1707 count=4096 submitted=6991872
t=4887765 read event=1708 count=4096 submitted=6995968
t=4890619 read event=1709 count=4096 submitted=7000064
t=4893374 read event=1710 count=4096 submitted=7004160
t=4896120 read event=1711 count=4096 submitted=7008256
t=4899067 read event=1712 count=4096 submitted=7012352
t=4901890 read event=1713 count=4096 submitted=7016448
t=4904634 read event=1714 count=4096 submitted=7020544
t=4907398 read event=1715 count=4096 submitted=7024640
t=4910346 read event=1716 count=4096 submitted=7028736
t=4913164 read event=1717 count=4096 submitted=7032832
t=4915914 read event=1718 count=4096 submitted=7036928
t=4918653 read event=1719 count=4096 submitted=7041024
t=4921599 read event=1720 count=4096 submitted=7045120
t=4924429 read event=1721 count=4096 submitted=7049216
t=4927179 read event=1722 count=4096 submitted=7053312
t=4929927 read event=1723 count=4096 submitted=7057408
t=4932865 read event=1724 count=4096 submitted=7061504
t=4935680 read event=1725 count=4096 submitted=7065600
t=4938429 read event=1726 count=4096 submitted=7069696
t=4941173 read event=1727 count=4096 submitted=7073792
t=4944118 read event=1728 count=4096 submitted=7077888
t=4946940 read event=1729 count=4096 submitted=7081984
t=4949690 read event=1730 count=4096 submitted=7086080
t=4952432 read event=1731 count=4096 submitted=7090176
t=4955376 read event=1732 count=4096 submitted=7094272
t=4958196 read event=1733 count=4096 submitted=7098368
t=4960970 read event=1734 count=4096 submitted=7102464
t=4963721 read event=1735 count=4096 submitted=7106560
t=4967168 read event=1736 count=4096 submitted=7110656
t=4970047 read event=1737 count=4096 submitted=7114752
t=4972885 read event=1738 count=4096 submitted=7118848
t=4975636 read event=1739 count=4096 submitted=7122944
t=4978597 read event=1740 count=4096 submitted=7127040
t=4981471 read event=1741 count=4096 submitted=7131136
t=4984224 read event=1742 count=4096 submitted=7135232
t=4986969 read event=1743 count=4096 submitted=7139328
t=4989916 read event=1744 count=4096 submitted=7143424
t=4992737 read event=1745 count=4096 submitted=7147520
t=4995487 read event=1746 count=4096 submitted=7151616
t=4998236 read event=1747 count=4096 submitted=7155712
t=5001178 read event=1748 count=4096 submitted=7159808
t=5003994 read event=1749 count=4096 submitted=7163904
t=5006757 read event=1750 count=4096 submitted=7168000
t=5009499 read event=1751 count=4096 submitted=7172096
t=5012448 read event=1752 count=4096 submitted=7176192
t=5015270 read event=1753 count=4096 submitted=7180288
t=5018019 read event=1754 count=4096 submitted=7184384
t=5020766 read event=1755 count=4096 submitted=7188480
t=5023708 read event=1756 count=4096 submitted=7192576
t=5026523 read event=1757 count=4096 submitted=7196672
t=5029273 read event=1758 count=4096 submitted=7200768
t=5032020 read event=1759 count=4096 submitted=7204864
t=5034964 read event=1760 count=4096 submitted=7208960
t=5037783 read event=1761 count=4096 submitted=7213056
t=5040527 read event=1762 count=4096 submitted=7217152
t=5043273 read event=1763 count=4096 submitted=7221248
t=5046215 read event=1764 count=4096 submitted=7225344
t=5049029 read event=1765 count=4096 submitted=7229440
t=5051779 read event=1766 count=4096 submitted=7233536
t=5054516 read event=1767 count=4096 submitted=7237632
t=5057976 read event=1768 count=4096 submitted=7241728
t=5060850 read event=1769 count=4096 submitted=7245824
t=5063681 read event=1770 count=4096 submitted=7249920
t=5066441 read event=1771 count=4096 submitted=7254016
t=5069395 read event=1772 count=4096 submitted=7258112
t=5072253 read event=1773 count=4096 submitted=7262208
t=5075011 read event=1774 count=4096 submitted=7266304
t=5077763 read event=1775 count=4096 submitted=7270400
t=5080715 read event=1776 count=4096 submitted=7274496
t=5083536 read event=1777 count=4096 submitted=7278592
t=5086330 read event=1778 count=4096 submitted=7282688
t=5089085 read event=1779 count=4096 submitted=7286784
t=5092034 read event=1780 count=4096 submitted=7290880
t=5094859 read event=1781 count=4096 submitted=7294976
t=5097609 read event=1782 count=4096 submitted=7299072
t=5100361 read event=1783 count=4096 submitted=7303168
t=5103302 read event=1784 count=4096 submitted=7307264
t=5106136 read event=1785 count=4096 submitted=7311360
t=5108886 read event=1786 count=4096 submitted=7315456
t=5111629 read event=1787 count=4096 submitted=7319552
t=5114578 read event=1788 count=4096 submitted=7323648
t=5117404 read event=1789 count=4096 submitted=7327744
t=5120156 read event=1790 count=4096 submitted=7331840
t=5122901 read event=1791 count=4096 submitted=7335936
t=5125848 read event=1792 count=4096 submitted=7340032
t=5128661 read event=1793 count=4096 submitted=7344128
t=5131411 read event=1794 count=4096 submitted=7348224
t=5134159 read event=1795 count=4096 submitted=7352320
t=5137102 read event=1796 count=4096 submitted=7356416
t=5139916 read event=1797 count=4096 submitted=7360512
t=5142659 read event=1798 count=4096 submitted=7364608
t=5145409 read event=1799 count=4096 submitted=7368704
t=5148865 read event=1800 count=4096 submitted=7372800
t=5151742 read event=1801 count=4096 submitted=7376896
t=5154564 read event=1802 count=4096 submitted=7380992
t=5157320 read event=1803 count=4096 submitted=7385088
t=5160275 read event=1804 count=4096 submitted=7389184
t=5163132 read event=1805 count=4096 submitted=7393280
t=5165889 read event=1806 count=4096 submitted=7397376
t=5168629 read event=1807 count=4096 submitted=7401472
t=5171584 read event=1808 count=4096 submitted=7405568
t=5174428 read event=1809 count=4096 submitted=7409664
t=5177185 read event=1810 count=4096 submitted=7413760
t=5179934 read event=1811 count=4096 submitted=7417856
t=5182876 read event=1812 count=4096 submitted=7421952
t=5185702 read event=1813 count=4096 submitted=7426048
t=5188446 read event=1814 count=4096 submitted=7430144
t=5191193 read event=1815 count=4096 submitted=7434240
t=5194135 read event=1816 count=4096 submitted=7438336
t=5196953 read event=1817 count=4096 submitted=7442432
t=5199704 read event=1818 count=4096 submitted=7446528
t=5202443 read event=1819 count=4096 submitted=7450624
t=5205399 read event=1820 count=4096 submitted=7454720
t=5208221 read event=1821 count=4096 submitted=7458816
t=5210971 read event=1822 count=4096 submitted=7462912
t=5213718 read event=1823 count=4096 submitted=7467008
t=5216652 read event=1824 count=4096 submitted=7471104
t=5219471 read event=1825 count=4096 submitted=7475200
t=5222222 read event=1826 count=4096 submitted=7479296
t=5224967 read event=1827 count=4096 submitted=7483392
t=5227909 read event=1828 count=4096 submitted=7487488
t=5230728 read event=1829 count=4096 submitted=7491584
t=5233472 read event=1830 count=4096 submitted=7495680
t=5236217 read event=1831 count=4096 submitted=7499776
t=5239671 read event=1832 count=4096 submitted=7503872
t=5242553 read event=1833 count=4096 submitted=7507968
t=5245390 read event=1834 count=4096 submitted=7512064
t=5248146 read event=1835 count=4096 submitted=7516160
t=5251100 read event=1836 count=4096 submitted=7520256
t=5253963 read event=1837 count=4096 submitted=7524352
t=5256717 read event=1838 count=4096 submitted=7528448
t=5259461 read event=1839 count=4096 submitted=7532544
t=5262433 read event=1840 count=4096 submitted=7536640
t=5265271 read event=1841 count=4096 submitted=7540736
t=5268026 read event=1842 count=4096 submitted=7544832
t=5270774 read event=1843 count=4096 submitted=7548928
t=5273722 read event=1844 count=4096 submitted=7553024
t=5276541 read event=1845 count=4096 submitted=7557120
t=5279290 read event=1846 count=4096 submitted=7561216
t=5282040 read event=1847 count=4096 submitted=7565312
t=5284982 read event=1848 count=4096 submitted=7569408
t=5287804 read event=1849 count=4096 submitted=7573504
t=5290551 read event=1850 count=4096 submitted=7577600
t=5293298 read event=1851 count=4096 submitted=7581696
t=5296294 read event=1852 count=4096 submitted=7585792
t=5299120 read event=1853 count=4096 submitted=7589888
t=5301872 read event=1854 count=4096 submitted=7593984
t=5304615 read event=1855 count=4096 submitted=7598080
t=5307586 read event=1856 count=4096 submitted=7602176
t=5310416 read event=1857 count=4096 submitted=7606272
t=5313164 read event=1858 count=4096 submitted=7610368
t=5315913 read event=1859 count=4096 submitted=7614464
t=5318856 read event=1860 count=4096 submitted=7618560
t=5321667 read event=1861 count=4096 submitted=7622656
t=5324420 read event=1862 count=4096 submitted=7626752
t=5327165 read event=1863 count=4096 submitted=7630848
t=5330621 read event=1864 count=4096 submitted=7634944
t=5333511 read event=1865 count=4096 submitted=7639040
t=5336342 read event=1866 count=4096 submitted=7643136
t=5339098 read event=1867 count=4096 submitted=7647232
t=5342057 read event=1868 count=4096 submitted=7651328
t=5344929 read event=1869 count=4096 submitted=7655424
t=5347679 read event=1870 count=4096 submitted=7659520
t=5350425 read event=1871 count=4096 submitted=7663616
t=5353372 read event=1872 count=4096 submitted=7667712
t=5356196 read event=1873 count=4096 submitted=7671808
t=5358946 read event=1874 count=4096 submitted=7675904
t=5361694 read event=1875 count=4096 submitted=7680000
t=5364630 read event=1876 count=4096 submitted=7684096
t=5367456 read event=1877 count=4096 submitted=7688192
t=5370206 read event=1878 count=4096 submitted=7692288
t=5372951 read event=1879 count=4096 submitted=7696384
t=5375894 read event=1880 count=4096 submitted=7700480
t=5378718 read event=1881 count=4096 submitted=7704576
t=5381461 read event=1882 count=4096 submitted=7708672
t=5384228 read event=1883 count=4096 submitted=7712768
t=5387172 read event=1884 count=4096 submitted=7716864
t=5389994 read event=1885 count=4096 submitted=7720960
t=5392742 read event=1886 count=4096 submitted=7725056
t=5395485 read event=1887 count=4096 submitted=7729152
t=5398437 read event=1888 count=4096 submitted=7733248
t=5401254 read event=1889 count=4096 submitted=7737344
t=5404006 read event=1890 count=4096 submitted=7741440
t=5406763 read event=1891 count=4096 submitted=7745536
t=5409708 read event=1892 count=4096 submitted=7749632
t=5412517 read event=1893 count=4096 submitted=7753728
t=5415268 read event=1894 count=4096 submitted=7757824
t=5418014 read event=1895 count=4096 submitted=7761920
t=5421457 read event=1896 count=4096 submitted=7766016
t=5424337 read event=1897 count=4096 submitted=7770112
t=5427176 read event=1898 count=4096 submitted=7774208
t=5429937 read event=1899 count=4096 submitted=7778304
t=5432892 read event=1900 count=4096 submitted=7782400
t=5435760 read event=1901 count=4096 submitted=7786496
t=5438509 read event=1902 count=4096 submitted=7790592
t=5441252 read event=1903 count=4096 submitted=7794688
t=5444198 read event=1904 count=4096 submitted=7798784
t=5447018 read event=1905 count=4096 submitted=7802880
t=5449770 read event=1906 count=4096 submitted=7806976
t=5452513 read event=1907 count=4096 submitted=7811072
t=5455468 read event=1908 count=4096 submitted=7815168
t=5458287 read event=1909 count=4096 submitted=7819264
t=5461038 read event=1910 count=4096 submitted=7823360
t=5463787 read event=1911 count=4096 submitted=7827456
t=5466730 read event=1912 count=4096 submitted=7831552
t=5469546 read event=1913 count=4096 submitted=7835648
t=5472298 read event=1914 count=4096 submitted=7839744
t=5475043 read event=1915 count=4096 submitted=7843840
t=5477988 read event=1916 count=4096 submitted=7847936
t=5480805 read event=1917 count=4096 submitted=7852032
t=5483551 read event=1918 count=4096 submitted=7856128
t=5486297 read event=1919 count=4096 submitted=7860224
t=5489240 read event=1920 count=4096 submitted=7864320
t=5492061 read event=1921 count=4096 submitted=7868416
t=5494810 read event=1922 count=4096 submitted=7872512
t=5497550 read event=1923 count=4096 submitted=7876608
t=5500494 read event=1924 count=4096 submitted=7880704
t=5503362 read event=1925 count=4096 submitted=7884800
t=5506128 read event=1926 count=4096 submitted=7888896
t=5508877 read event=1927 count=4096 submitted=7892992
t=5512325 read event=1928 count=4096 submitted=7897088
t=5515201 read event=1929 count=4096 submitted=7901184
t=5518038 read event=1930 count=4096 submitted=7905280
t=5520796 read event=1931 count=4096 submitted=7909376
t=5523756 read event=1932 count=4096 submitted=7913472
t=5526604 read event=1933 count=4096 submitted=7917568
t=5529359 read event=1934 count=4096 submitted=7921664
t=5532105 read event=1935 count=4096 submitted=7925760
t=5535048 read event=1936 count=4096 submitted=7929856
t=5537876 read event=1937 count=4096 submitted=7933952
t=5540622 read event=1938 count=4096 submitted=7938048
t=5543369 read event=1939 count=4096 submitted=7942144
t=5546312 read event=1940 count=4096 submitted=7946240
t=5549131 read event=1941 count=4096 submitted=7950336
t=5551885 read event=1942 count=4096 submitted=7954432
t=5554624 read event=1943 count=4096 submitted=7958528
t=5557579 read event=1944 count=4096 submitted=7962624
t=5560406 read event=1945 count=4096 submitted=7966720
t=5563155 read event=1946 count=4096 submitted=7970816
t=5565903 read event=1947 count=4096 submitted=7974912
t=5568843 read event=1948 count=4096 submitted=7979008
t=5571653 read event=1949 count=4096 submitted=7983104
t=5574408 read event=1950 count=4096 submitted=7987200
t=5577154 read event=1951 count=4096 submitted=7991296
t=5580100 read event=1952 count=4096 submitted=7995392
t=5582913 read event=1953 count=4096 submitted=7999488
t=5585658 read event=1954 count=4096 submitted=8003584
t=5588406 read event=1955 count=4096 submitted=8007680
t=5591346 read event=1956 count=4096 submitted=8011776
t=5594183 read event=1957 count=4096 submitted=8015872
t=5596933 read event=1958 count=4096 submitted=8019968
t=5599675 read event=1959 count=4096 submitted=8024064
t=5603120 read event=1960 count=4096 submitted=8028160
t=5606010 read event=1961 count=4096 submitted=8032256
t=5608847 read event=1962 count=4096 submitted=8036352
t=5611600 read event=1963 count=4096 submitted=8040448
t=5614566 read event=1964 count=4096 submitted=8044544
t=5617426 read event=1965 count=4096 submitted=8048640
t=5620181 read event=1966 count=4096 submitted=8052736
t=5622931 read event=1967 count=4096 submitted=8056832
t=5625876 read event=1968 count=4096 submitted=8060928
t=5628694 read event=1969 count=4096 submitted=8065024
t=5631435 read event=1970 count=4096 submitted=8069120
t=5634181 read event=1971 count=4096 submitted=8073216
t=5637123 read event=1972 count=4096 submitted=8077312
t=5639945 read event=1973 count=4096 submitted=8081408
t=5642695 read event=1974 count=4096 submitted=8085504
t=5645438 read event=1975 count=4096 submitted=8089600
t=5648382 read event=1976 count=4096 submitted=8093696
t=5651201 read event=1977 count=4096 submitted=8097792
t=5653952 read event=1978 count=4096 submitted=8101888
t=5656698 read event=1979 count=4096 submitted=8105984
t=5659638 read event=1980 count=4096 submitted=8110080
t=5662459 read event=1981 count=4096 submitted=8114176
t=5665210 read event=1982 count=4096 submitted=8118272
t=5667956 read event=1983 count=4096 submitted=8122368
t=5670901 read event=1984 count=4096 submitted=8126464
t=5673716 read event=1985 count=4096 submitted=8130560
t=5676456 read event=1986 count=4096 submitted=8134656
t=5679198 read event=1987 count=4096 submitted=8138752
t=5682139 read event=1988 count=4096 submitted=8142848
t=5684955 read event=1989 count=4096 submitted=8146944
t=5687708 read event=1990 count=4096 submitted=8151040
t=5690447 read event=1991 count=4096 submitted=8155136
t=5693907 read event=1992 count=4096 submitted=8159232
t=5696780 read event=1993 count=4096 submitted=8163328
t=5699610 read event=1994 count=4096 submitted=8167424
t=5702367 read event=1995 count=4096 submitted=8171520
t=5705329 read event=1996 count=4096 submitted=8175616
t=5708187 read event=1997 count=4096 submitted=8179712
t=5710988 read event=1998 count=4096 submitted=8183808
t=5713741 read event=1999 count=4096 submitted=8187904
t=5716680 read event=2000 count=4096 submitted=8192000
t=5719510 read event=2001 count=4096 submitted=8196096
t=5722260 read event=2002 count=4096 submitted=8200192
t=5725006 read event=2003 count=4096 submitted=8204288
t=5727951 read event=2004 count=4096 submitted=8208384
t=5730769 read event=2005 count=4096 submitted=8212480
t=5733515 read event=2006 count=4096 submitted=8216576
t=5736263 read event=2007 count=4096 submitted=8220672
t=5739208 read event=2008 count=4096 submitted=8224768
t=5742038 read event=2009 count=4096 submitted=8228864
t=5744787 read event=2010 count=4096 submitted=8232960
t=5747529 read event=2011 count=4096 submitted=8237056
t=5750479 read event=2012 count=4096 submitted=8241152
t=5753297 read event=2013 count=4096 submitted=8245248
t=5756050 read event=2014 count=4096 submitted=8249344
t=5758797 read event=2015 count=4096 submitted=8253440
t=5761750 read event=2016 count=4096 submitted=8257536
t=5764558 read event=2017 count=4096 submitted=8261632
t=5767308 read event=2018 count=4096 submitted=8265728
t=5770055 read event=2019 count=4096 submitted=8269824
t=5772997 read event=2020 count=4096 submitted=8273920
t=5775814 read event=2021 count=4096 submitted=8278016
t=5778558 read event=2022 count=4096 submitted=8282112
t=5781304 read event=2023 count=4096 submitted=8286208
t=5784752 read event=2024 count=4096 submitted=8290304
t=5787624 read event=2025 count=4096 submitted=8294400
t=5790453 read event=2026 count=4096 submitted=8298496
t=5793209 read event=2027 count=4096 submitted=8302592
t=5796168 read event=2028 count=4096 submitted=8306688
t=5799025 read event=2029 count=4096 submitted=8310784
t=5801779 read event=2030 count=4096 submitted=8314880
t=5804518 read event=2031 count=4096 submitted=8318976
t=5807511 read event=2032 count=4096 submitted=8323072
t=5810339 read event=2033 count=4096 submitted=8327168
t=5813090 read event=2034 count=4096 submitted=8331264
t=5815838 read event=2035 count=4096 submitted=8335360
t=5818780 read event=2036 count=4096 submitted=8339456
t=5821594 read event=2037 count=4096 submitted=8343552
t=5824344 read event=2038 count=4096 submitted=8347648
t=5827092 read event=2039 count=4096 submitted=8351744
t=5830032 read event=2040 count=4096 submitted=8355840
t=5832852 read event=2041 count=4096 submitted=8359936
t=5835597 read event=2042 count=4096 submitted=8364032
t=5838365 read event=2043 count=4096 submitted=8368128
t=5841317 read event=2044 count=4096 submitted=8372224
t=5844147 read event=2045 count=4096 submitted=8376320
t=5846898 read event=2046 count=4096 submitted=8380416
t=5849640 read event=2047 count=4096 submitted=8384512
t=5852591 read event=2048 count=4096 submitted=8388608
t=5855429 read event=2049 count=4096 submitted=8392704
t=5858179 read event=2050 count=4096 submitted=8396800
t=5860922 read event=2051 count=4096 submitted=8400896
t=5863865 read event=2052 count=4096 submitted=8404992
t=5866677 read event=2053 count=4096 submitted=8409088
t=5869430 read event=2054 count=4096 submitted=8413184
t=5872174 read event=2055 count=4096 submitted=8417280
t=5875626 read event=2056 count=4096 submitted=8421376
t=5878505 read event=2057 count=4096 submitted=8425472
t=5881339 read event=2058 count=4096 submitted=8429568
t=5884096 read event=2059 count=4096 submitted=8433664
t=5887052 read event=2060 count=4096 submitted=8437760
t=5889911 read event=2061 count=4096 submitted=8441856
t=5892659 read event=2062 count=4096 submitted=8445952
t=5895410 read event=2063 count=4096 submitted=8450048
t=5898360 read event=2064 count=4096 submitted=8454144
t=5901179 read event=2065 count=4096 submitted=8458240
t=5903932 read event=2066 count=4096 submitted=8462336
t=5906689 read event=2067 count=4096 submitted=8466432
t=5909628 read event=2068 count=4096 submitted=8470528
t=5912453 read event=2069 count=4096 submitted=8474624
t=5915203 read event=2070 count=4096 submitted=8478720
t=5917952 read event=2071 count=4096 submitted=8482816
t=5920942 read event=2072 count=4096 submitted=8486912
t=5923773 read event=2073 count=4096 submitted=8491008
t=5926517 read event=2074 count=4096 submitted=8495104
t=5929265 read event=2075 count=4096 submitted=8499200
t=5932213 read event=2076 count=4096 submitted=8503296
t=5935032 read event=2077 count=4096 submitted=8507392
t=5937787 read event=2078 count=4096 submitted=8511488
t=5940527 read event=2079 count=4096 submitted=8515584
t=5943475 read event=2080 count=4096 submitted=8519680
t=5946299 read event=2081 count=4096 submitted=8523776
t=5949046 read event=2082 count=4096 submitted=8527872
t=5951794 read event=2083 count=4096 submitted=8531968
t=5954735 read event=2084 count=4096 submitted=8536064
t=5957545 read event=2085 count=4096 submitted=8540160
t=5960294 read event=2086 count=4096 submitted=8544256
t=5963040 read event=2087 count=4096 submitted=8548352
t=5966487 read event=2088 count=4096 submitted=8552448
t=5969366 read event=2089 count=4096 submitted=8556544
t=5972207 read event=2090 count=4096 submitted=8560640
t=5974965 read event=2091 count=4096 submitted=8564736
t=5977925 read event=2092 count=4096 submitted=8568832
t=5980786 read event=2093 count=4096 submitted=8572928
t=5983538 read event=2094 count=4096 submitted=8577024
t=5986283 read event=2095 count=4096 submitted=8581120
t=5989230 read event=2096 count=4096 submitted=8585216
t=5992055 read event=2097 count=4096 submitted=8589312
t=5994804 read event=2098 count=4096 submitted=8593408
t=5997548 read event=2099 count=4096 submitted=8597504
t=6000492 read event=2100 count=4096 submitted=8601600
t=6003314 read event=2101 count=4096 submitted=8605696
t=6006078 read event=2102 count=4096 submitted=8609792
t=6008824 read event=2103 count=4096 submitted=8613888
t=6011768 read event=2104 count=4096 submitted=8617984
t=6014582 read event=2105 count=4096 submitted=8622080
t=6017354 read event=2106 count=4096 submitted=8626176
t=6020107 read event=2107 count=4096 submitted=8630272
t=6023050 read event=2108 count=4096 submitted=8634368
t=6025874 read event=2109 count=4096 submitted=8638464
t=6028619 read event=2110 count=4096 submitted=8642560
t=6031367 read event=2111 count=4096 submitted=8646656
t=6034311 read event=2112 count=4096 submitted=8650752
t=6037129 read event=2113 count=4096 submitted=8654848
t=6039882 read event=2114 count=4096 submitted=8658944
t=6042622 read event=2115 count=4096 submitted=8663040
t=6045568 read event=2116 count=4096 submitted=8667136
t=6048394 read event=2117 count=4096 submitted=8671232
t=6051149 read event=2118 count=4096 submitted=8675328
t=6053896 read event=2119 count=4096 submitted=8679424
t=6057344 read event=2120 count=4096 submitted=8683520
t=6060221 read event=2121 count=4096 submitted=8687616
t=6063053 read event=2122 count=4096 submitted=8691712
t=6065809 read event=2123 count=4096 submitted=8695808
t=6068768 read event=2124 count=4096 submitted=8699904
t=6071621 read event=2125 count=4096 submitted=8704000
t=6074375 read event=2126 count=4096 submitted=8708096
t=6077123 read event=2127 count=4096 submitted=8712192
t=6080072 read event=2128 count=4096 submitted=8716288
t=6082896 read event=2129 count=4096 submitted=8720384
t=6085644 read event=2130 count=4096 submitted=8724480
t=6088398 read event=2131 count=4096 submitted=8728576
t=6091342 read event=2132 count=4096 submitted=8732672
t=6094161 read event=2133 count=4096 submitted=8736768
t=6096918 read event=2134 count=4096 submitted=8740864
t=6099660 read event=2135 count=4096 submitted=8744960
t=6102606 read event=2136 count=4096 submitted=8749056
t=6105448 read event=2137 count=4096 submitted=8753152
t=6108203 read event=2138 count=4096 submitted=8757248
t=6110949 read event=2139 count=4096 submitted=8761344
t=6113894 read event=2140 count=4096 submitted=8765440
t=6116713 read event=2141 count=4096 submitted=8769536
t=6119455 read event=2142 count=4096 submitted=8773632
t=6122204 read event=2143 count=4096 submitted=8777728
t=6125150 read event=2144 count=4096 submitted=8781824
t=6128016 read event=2145 count=4096 submitted=8785920
t=6130769 read event=2146 count=4096 submitted=8790016
t=6133511 read event=2147 count=4096 submitted=8794112
t=6136458 read event=2148 count=4096 submitted=8798208
t=6139282 read event=2149 count=4096 submitted=8802304
t=6142035 read event=2150 count=4096 submitted=8806400
t=6144781 read event=2151 count=4096 submitted=8810496
t=6148220 read event=2152 count=4096 submitted=8814592
t=6151100 read event=2153 count=4096 submitted=8818688
t=6153935 read event=2154 count=4096 submitted=8822784
t=6156692 read event=2155 count=4096 submitted=8826880
t=6159644 read event=2156 count=4096 submitted=8830976
t=6162503 read event=2157 count=4096 submitted=8835072
t=6165258 read event=2158 count=4096 submitted=8839168
t=6168004 read event=2159 count=4096 submitted=8843264
t=6170953 read event=2160 count=4096 submitted=8847360
t=6173779 read event=2161 count=4096 submitted=8851456
t=6176523 read event=2162 count=4096 submitted=8855552
t=6179272 read event=2163 count=4096 submitted=8859648
t=6182213 read event=2164 count=4096 submitted=8863744
t=6185036 read event=2165 count=4096 submitted=8867840
t=6187791 read event=2166 count=4096 submitted=8871936
t=6190533 read event=2167 count=4096 submitted=8876032
t=6193487 read event=2168 count=4096 submitted=8880128
t=6196304 read event=2169 count=4096 submitted=8884224
t=6199053 read event=2170 count=4096 submitted=8888320
t=6201801 read event=2171 count=4096 submitted=8892416
t=6204752 read event=2172 count=4096 submitted=8896512
t=6207564 read event=2173 count=4096 submitted=8900608
t=6210320 read event=2174 count=4096 submitted=8904704
t=6213066 read event=2175 count=4096 submitted=8908800
t=6216009 read event=2176 count=4096 submitted=8912896
t=6218823 read event=2177 count=4096 submitted=8916992
t=6221567 read event=2178 count=4096 submitted=8921088
t=6224313 read event=2179 count=4096 submitted=8925184
t=6227254 read event=2180 count=4096 submitted=8929280
t=6230098 read event=2181 count=4096 submitted=8933376
t=6232848 read event=2182 count=4096 submitted=8937472
t=6235587 read event=2183 count=4096 submitted=8941568
t=6239039 read event=2184 count=4096 submitted=8945664
t=6241915 read event=2185 count=4096 submitted=8949760
t=6244749 read event=2186 count=4096 submitted=8953856
t=6247502 read event=2187 count=4096 submitted=8957952
t=6250460 read event=2188 count=4096 submitted=8962048
t=6253323 read event=2189 count=4096 submitted=8966144
t=6256076 read event=2190 count=4096 submitted=8970240
t=6258820 read event=2191 count=4096 submitted=8974336
t=6261788 read event=2192 count=4096 submitted=8978432
t=6264623 read event=2193 count=4096 submitted=8982528
t=6267377 read event=2194 count=4096 submitted=8986624
t=6270127 read event=2195 count=4096 submitted=8990720
t=6273073 read event=2196 count=4096 submitted=8994816
t=6275896 read event=2197 count=4096 submitted=8998912
t=6278643 read event=2198 count=4096 submitted=9003008
t=6281396 read event=2199 count=4096 submitted=9007104
t=6284338 read event=2200 count=4096 submitted=9011200
t=6287159 read event=2201 count=4096 submitted=9015296
t=6289913 read event=2202 count=4096 submitted=9019392
t=6292653 read event=2203 count=4096 submitted=9023488
t=6295605 read event=2204 count=4096 submitted=9027584
t=6298424 read event=2205 count=4096 submitted=9031680
t=6301173 read event=2206 count=4096 submitted=9035776
t=6303917 read event=2207 count=4096 submitted=9039872
t=6306869 read event=2208 count=4096 submitted=9043968
t=6309690 read event=2209 count=4096 submitted=9048064
t=6312433 read event=2210 count=4096 submitted=9052160
t=6315179 read event=2211 count=4096 submitted=9056256
t=6318123 read event=2212 count=4096 submitted=9060352
t=6320938 read event=2213 count=4096 submitted=9064448
t=6323689 read event=2214 count=4096 submitted=9068544
t=6326428 read event=2215 count=4096 submitted=9072640
t=6329891 read event=2216 count=4096 submitted=9076736
t=6332767 read event=2217 count=4096 submitted=9080832
t=6335654 read event=2218 count=4096 submitted=9084928
t=6338422 read event=2219 count=4096 submitted=9089024
t=6341377 read event=2220 count=4096 submitted=9093120
t=6344239 read event=2221 count=4096 submitted=9097216
t=6346989 read event=2222 count=4096 submitted=9101312
t=6349738 read event=2223 count=4096 submitted=9105408
t=6352711 read event=2224 count=4096 submitted=9109504
t=6355552 read event=2225 count=4096 submitted=9113600
t=6358306 read event=2226 count=4096 submitted=9117696
t=6361052 read event=2227 count=4096 submitted=9121792
t=6363995 read event=2228 count=4096 submitted=9125888
t=6366810 read event=2229 count=4096 submitted=9129984
t=6369556 read event=2230 count=4096 submitted=9134080
t=6372301 read event=2231 count=4096 submitted=9138176
t=6375243 read event=2232 count=4096 submitted=9142272
t=6378065 read event=2233 count=4096 submitted=9146368
t=6380816 read event=2234 count=4096 submitted=9150464
t=6383556 read event=2235 count=4096 submitted=9154560
t=6386509 read event=2236 count=4096 submitted=9158656
t=6389325 read event=2237 count=4096 submitted=9162752
t=6392075 read event=2238 count=4096 submitted=9166848
t=6394819 read event=2239 count=4096 submitted=9170944
t=6397763 read event=2240 count=4096 submitted=9175040
t=6400574 read event=2241 count=4096 submitted=9179136
t=6403325 read event=2242 count=4096 submitted=9183232
t=6406080 read event=2243 count=4096 submitted=9187328
t=6409023 read event=2244 count=4096 submitted=9191424
t=6411841 read event=2245 count=4096 submitted=9195520
t=6414584 read event=2246 count=4096 submitted=9199616
t=6417329 read event=2247 count=4096 submitted=9203712
t=6420789 read event=2248 count=4096 submitted=9207808
t=6423659 read event=2249 count=4096 submitted=9211904
t=6426496 read event=2250 count=4096 submitted=9216000
t=6429253 read event=2251 count=4096 submitted=9220096
t=6432206 read event=2252 count=4096 submitted=9224192
t=6435065 read event=2253 count=4096 submitted=9228288
t=6437819 read event=2254 count=4096 submitted=9232384
t=6440576 read event=2255 count=4096 submitted=9236480
t=6443534 read event=2256 count=4096 submitted=9240576
t=6446354 read event=2257 count=4096 submitted=9244672
t=6449105 read event=2258 count=4096 submitted=9248768
t=6451854 read event=2259 count=4096 submitted=9252864
t=6454793 read event=2260 count=4096 submitted=9256960
t=6457616 read event=2261 count=4096 submitted=9261056
t=6460367 read event=2262 count=4096 submitted=9265152
t=6463118 read event=2263 count=4096 submitted=9269248
t=6466061 read event=2264 count=4096 submitted=9273344
t=6468880 read event=2265 count=4096 submitted=9277440
t=6471626 read event=2266 count=4096 submitted=9281536
t=6474372 read event=2267 count=4096 submitted=9285632
t=6477314 read event=2268 count=4096 submitted=9289728
t=6480129 read event=2269 count=4096 submitted=9293824
t=6482880 read event=2270 count=4096 submitted=9297920
t=6485623 read event=2271 count=4096 submitted=9302016
t=6488577 read event=2272 count=4096 submitted=9306112
t=6491397 read event=2273 count=4096 submitted=9310208
t=6494146 read event=2274 count=4096 submitted=9314304
t=6496891 read event=2275 count=4096 submitted=9318400
t=6499837 read event=2276 count=4096 submitted=9322496
t=6502648 read event=2277 count=4096 submitted=9326592
t=6505414 read event=2278 count=4096 submitted=9330688
t=6508163 read event=2279 count=4096 submitted=9334784
t=6511610 read event=2280 count=4096 submitted=9338880
t=6514498 read event=2281 count=4096 submitted=9342976
t=6517337 read event=2282 count=4096 submitted=9347072
t=6520093 read event=2283 count=4096 submitted=9351168
t=6523048 read event=2284 count=4096 submitted=9355264
t=6525904 read event=2285 count=4096 submitted=9359360
t=6528651 read event=2286 count=4096 submitted=9363456
t=6531403 read event=2287 count=4096 submitted=9367552
t=6534346 read event=2288 count=4096 submitted=9371648
t=6537167 read event=2289 count=4096 submitted=9375744
t=6539919 read event=2290 count=4096 submitted=9379840
t=6542712 read event=2291 count=4096 submitted=9383936
t=6545657 read event=2292 count=4096 submitted=9388032
t=6548484 read event=2293 count=4096 submitted=9392128
t=6551237 read event=2294 count=4096 submitted=9396224
t=6553984 read event=2295 count=4096 submitted=9400320
t=6556928 read event=2296 count=4096 submitted=9404416
t=6559755 read event=2297 count=4096 submitted=9408512
t=6562497 read event=2298 count=4096 submitted=9412608
t=6565246 read event=2299 count=4096 submitted=9416704
t=6568189 read event=2300 count=4096 submitted=9420800
t=6571007 read event=2301 count=4096 submitted=9424896
t=6573759 read event=2302 count=4096 submitted=9428992
t=6576496 read event=2303 count=4096 submitted=9433088
t=6579443 read event=2304 count=4096 submitted=9437184
t=6582258 read event=2305 count=4096 submitted=9441280
t=6585006 read event=2306 count=4096 submitted=9445376
t=6587753 read event=2307 count=4096 submitted=9449472
t=6590695 read event=2308 count=4096 submitted=9453568
t=6593506 read event=2309 count=4096 submitted=9457664
t=6596259 read event=2310 count=4096 submitted=9461760
t=6599003 read event=2311 count=4096 submitted=9465856
t=6602460 read event=2312 count=4096 submitted=9469952
t=6605347 read event=2313 count=4096 submitted=9474048
t=6608183 read event=2314 count=4096 submitted=9478144
t=6610940 read event=2315 count=4096 submitted=9482240
t=6613897 read event=2316 count=4096 submitted=9486336
t=6616754 read event=2317 count=4096 submitted=9490432
t=6619625 read event=2318 count=4096 submitted=9494528
t=6622724 read event=2319 count=4096 submitted=9498624
t=6626029 read event=2320 count=4096 submitted=9502720
t=6629195 read event=2321 count=4096 submitted=9506816
t=6632211 read event=2322 count=4096 submitted=9510912
t=6635237 read event=2323 count=4096 submitted=9515008
t=6638257 read event=2324 count=4096 submitted=9519104
t=6641125 read event=2325 count=4096 submitted=9523200
t=6643885 read event=2326 count=4096 submitted=9527296
t=6646625 read event=2327 count=4096 submitted=9531392
t=6649590 read event=2328 count=4096 submitted=9535488
t=6652420 read event=2329 count=4096 submitted=9539584
t=6655194 read event=2330 count=4096 submitted=9543680
t=6657949 read event=2331 count=4096 submitted=9547776
t=6660896 read event=2332 count=4096 submitted=9551872
t=6663909 read event=2333 count=4096 submitted=9555968
t=6666673 read event=2334 count=4096 submitted=9560064
t=6669426 read event=2335 count=4096 submitted=9564160
t=6672372 read event=2336 count=4096 submitted=9568256
t=6675202 read event=2337 count=4096 submitted=9572352
t=6677957 read event=2338 count=4096 submitted=9576448
t=6680704 read event=2339 count=4096 submitted=9580544
t=6683643 read event=2340 count=4096 submitted=9584640
t=6686472 read event=2341 count=4096 submitted=9588736
t=6689224 read event=2342 count=4096 submitted=9592832
t=6691971 read event=2343 count=4096 submitted=9596928
t=6695437 read event=2344 count=4096 submitted=9601024
t=6698317 read event=2345 count=4096 submitted=9605120
t=6701156 read event=2346 count=4096 submitted=9609216
t=6703916 read event=2347 count=4096 submitted=9613312
t=6706884 read event=2348 count=4096 submitted=9617408
t=6709744 read event=2349 count=4096 submitted=9621504
t=6712490 read event=2350 count=4096 submitted=9625600
t=6715235 read event=2351 count=4096 submitted=9629696
t=6718179 read event=2352 count=4096 submitted=9633792
t=6721006 read event=2353 count=4096 submitted=9637888
t=6723761 read event=2354 count=4096 submitted=9641984
t=6726503 read event=2355 count=4096 submitted=9646080
t=6729454 read event=2356 count=4096 submitted=9650176
t=6732273 read event=2357 count=4096 submitted=9654272
t=6735022 read event=2358 count=4096 submitted=9658368
t=6737770 read event=2359 count=4096 submitted=9662464
t=6740710 read event=2360 count=4096 submitted=9666560
t=6743525 read event=2361 count=4096 submitted=9670656
t=6746274 read event=2362 count=4096 submitted=9674752
t=6749018 read event=2363 count=4096 submitted=9678848
t=6752015 read event=2364 count=4096 submitted=9682944
t=6754838 read event=2365 count=4096 submitted=9687040
t=6757584 read event=2366 count=4096 submitted=9691136
t=6760329 read event=2367 count=4096 submitted=9695232
t=6763268 read event=2368 count=4096 submitted=9699328
t=6766091 read event=2369 count=4096 submitted=9703424
t=6768841 read event=2370 count=4096 submitted=9707520
t=6771584 read event=2371 count=4096 submitted=9711616
t=6774534 read event=2372 count=4096 submitted=9715712
t=6777352 read event=2373 count=4096 submitted=9719808
t=6780102 read event=2374 count=4096 submitted=9723904
t=6782851 read event=2375 count=4096 submitted=9728000
t=6786317 read event=2376 count=4096 submitted=9732096
t=6789192 read event=2377 count=4096 submitted=9736192
t=6792029 read event=2378 count=4096 submitted=9740288
t=6794784 read event=2379 count=4096 submitted=9744384
t=6797770 read event=2380 count=4096 submitted=9748480
t=6800623 read event=2381 count=4096 submitted=9752576
t=6803376 read event=2382 count=4096 submitted=9756672
t=6806135 read event=2383 count=4096 submitted=9760768
t=6809081 read event=2384 count=4096 submitted=9764864
t=6811904 read event=2385 count=4096 submitted=9768960
t=6814647 read event=2386 count=4096 submitted=9773056
t=6817399 read event=2387 count=4096 submitted=9777152
t=6820344 read event=2388 count=4096 submitted=9781248
t=6823160 read event=2389 count=4096 submitted=9785344
t=6825912 read event=2390 count=4096 submitted=9789440
t=6828652 read event=2391 count=4096 submitted=9793536
t=6831603 read event=2392 count=4096 submitted=9797632
t=6834425 read event=2393 count=4096 submitted=9801728
t=6837173 read event=2394 count=4096 submitted=9805824
t=6839921 read event=2395 count=4096 submitted=9809920
t=6842862 read event=2396 count=4096 submitted=9814016
t=6845671 read event=2397 count=4096 submitted=9818112
t=6848425 read event=2398 count=4096 submitted=9822208
t=6851170 read event=2399 count=4096 submitted=9826304
t=6854109 read event=2400 count=4096 submitted=9830400
t=6856944 read event=2401 count=4096 submitted=9834496
t=6859696 read event=2402 count=4096 submitted=9838592
t=6862433 read event=2403 count=4096 submitted=9842688
t=6865405 read event=2404 count=4096 submitted=9846784
t=6868233 read event=2405 count=4096 submitted=9850880
t=6870986 read event=2406 count=4096 submitted=9854976
t=6873734 read event=2407 count=4096 submitted=9859072
t=6877173 read event=2408 count=4096 submitted=9863168
t=6880048 read event=2409 count=4096 submitted=9867264
t=6882881 read event=2410 count=4096 submitted=9871360
t=6885633 read event=2411 count=4096 submitted=9875456
t=6888601 read event=2412 count=4096 submitted=9879552
t=6891462 read event=2413 count=4096 submitted=9883648
t=6894216 read event=2414 count=4096 submitted=9887744
t=6896964 read event=2415 count=4096 submitted=9891840
t=6899906 read event=2416 count=4096 submitted=9895936
t=6902728 read event=2417 count=4096 submitted=9900032
t=6905485 read event=2418 count=4096 submitted=9904128
t=6908235 read event=2419 count=4096 submitted=9908224
t=6911179 read event=2420 count=4096 submitted=9912320
t=6914003 read event=2421 count=4096 submitted=9916416
t=6916754 read event=2422 count=4096 submitted=9920512
t=6919496 read event=2423 count=4096 submitted=9924608
t=6922445 read event=2424 count=4096 submitted=9928704
t=6925267 read event=2425 count=4096 submitted=9932800
t=6928017 read event=2426 count=4096 submitted=9936896
t=6930762 read event=2427 count=4096 submitted=9940992
t=6933707 read event=2428 count=4096 submitted=9945088
t=6936515 read event=2429 count=4096 submitted=9949184
t=6939264 read event=2430 count=4096 submitted=9953280
t=6942013 read event=2431 count=4096 submitted=9957376
t=6944954 read event=2432 count=4096 submitted=9961472
t=6947771 read event=2433 count=4096 submitted=9965568
t=6950513 read event=2434 count=4096 submitted=9969664
t=6953258 read event=2435 count=4096 submitted=9973760
t=6956200 read event=2436 count=4096 submitted=9977856
t=6959058 read event=2437 count=4096 submitted=9981952
t=6961817 read event=2438 count=4096 submitted=9986048
t=6964559 read event=2439 count=4096 submitted=9990144
t=6968013 read event=2440 count=4096 submitted=9994240
t=6970895 read event=2441 count=4096 submitted=9998336
t=6973722 read event=2442 count=4096 submitted=10002432
t=6976472 read event=2443 count=4096 submitted=10006528
t=6979437 read event=2444 count=4096 submitted=10010624
t=6982291 read event=2445 count=4096 submitted=10014720
t=6985044 read event=2446 count=4096 submitted=10018816
t=6987795 read event=2447 count=4096 submitted=10022912
t=6990741 read event=2448 count=4096 submitted=10027008
t=6993564 read event=2449 count=4096 submitted=10031104
t=6996315 read event=2450 count=4096 submitted=10035200
t=6999064 read event=2451 count=4096 submitted=10039296
t=7002006 read event=2452 count=4096 submitted=10043392
t=7004835 read event=2453 count=4096 submitted=10047488
t=7007586 read event=2454 count=4096 submitted=10051584
t=7010335 read event=2455 count=4096 submitted=10055680
t=7013284 read event=2456 count=4096 submitted=10059776
t=7016105 read event=2457 count=4096 submitted=10063872
t=7018853 read event=2458 count=4096 submitted=10067968
t=7021595 read event=2459 count=4096 submitted=10072064
t=7024542 read event=2460 count=4096 submitted=10076160
t=7027362 read event=2461 count=4096 submitted=10080256
t=7030112 read event=2462 count=4096 submitted=10084352
t=7032857 read event=2463 count=4096 submitted=10088448
t=7035799 read event=2464 count=4096 submitted=10092544
t=7038612 read event=2465 count=4096 submitted=10096640
t=7041365 read event=2466 count=4096 submitted=10100736
t=7044110 read event=2467 count=4096 submitted=10104832
t=7047049 read event=2468 count=4096 submitted=10108928
t=7049863 read event=2469 count=4096 submitted=10113024
t=7052607 read event=2470 count=4096 submitted=10117120
t=7055356 read event=2471 count=4096 submitted=10121216
t=7058815 read event=2472 count=4096 submitted=10125312
t=7061692 read event=2473 count=4096 submitted=10129408
t=7064520 read event=2474 count=4096 submitted=10133504
t=7067276 read event=2475 count=4096 submitted=10137600
t=7070240 read event=2476 count=4096 submitted=10141696
t=7073105 read event=2477 count=4096 submitted=10145792
t=7075877 read event=2478 count=4096 submitted=10149888
t=7078619 read event=2479 count=4096 submitted=10153984
t=7081574 read event=2480 count=4096 submitted=10158080
t=7084403 read event=2481 count=4096 submitted=10162176
t=7087155 read event=2482 count=4096 submitted=10166272
t=7089906 read event=2483 count=4096 submitted=10170368
t=7092852 read event=2484 count=4096 submitted=10174464
t=7095668 read event=2485 count=4096 submitted=10178560
t=7098424 read event=2486 count=4096 submitted=10182656
t=7101172 read event=2487 count=4096 submitted=10186752
t=7104116 read event=2488 count=4096 submitted=10190848
t=7106947 read event=2489 count=4096 submitted=10194944
t=7109700 read event=2490 count=4096 submitted=10199040
t=7112443 read event=2491 count=4096 submitted=10203136
t=7115386 read event=2492 count=4096 submitted=10207232
t=7118203 read event=2493 count=4096 submitted=10211328
t=7120959 read event=2494 count=4096 submitted=10215424
t=7123709 read event=2495 count=4096 submitted=10219520
t=7126647 read event=2496 count=4096 submitted=10223616
t=7129476 read event=2497 count=4096 submitted=10227712
t=7132228 read event=2498 count=4096 submitted=10231808
t=7134971 read event=2499 count=4096 submitted=10235904
t=7137922 read event=2500 count=4096 submitted=10240000
t=7140741 read event=2501 count=4096 submitted=10244096
t=7143486 read event=2502 count=4096 submitted=10248192
t=7146232 read event=2503 count=4096 submitted=10252288
t=7149697 read event=2504 count=4096 submitted=10256384
t=7152569 read event=2505 count=4096 submitted=10260480
t=7155400 read event=2506 count=4096 submitted=10264576
t=7158159 read event=2507 count=4096 submitted=10268672
t=7161120 read event=2508 count=4096 submitted=10272768
t=7163975 read event=2509 count=4096 submitted=10276864
t=7166776 read event=2510 count=4096 submitted=10280960
t=7169523 read event=2511 count=4096 submitted=10285056
t=7172479 read event=2512 count=4096 submitted=10289152
t=7175312 read event=2513 count=4096 submitted=10293248
t=7178068 read event=2514 count=4096 submitted=10297344
t=7180815 read event=2515 count=4096 submitted=10301440
t=7183760 read event=2516 count=4096 submitted=10305536
t=7186575 read event=2517 count=4096 submitted=10309632
t=7189326 read event=2518 count=4096 submitted=10313728
t=7192074 read event=2519 count=4096 submitted=10317824
t=7195019 read event=2520 count=4096 submitted=10321920
t=7197838 read event=2521 count=4096 submitted=10326016
t=7200581 read event=2522 count=4096 submitted=10330112
t=7203329 read event=2523 count=4096 submitted=10334208
t=7206300 read event=2524 count=4096 submitted=10338304
t=7209132 read event=2525 count=4096 submitted=10342400
t=7211885 read event=2526 count=4096 submitted=10346496
t=7214625 read event=2527 count=4096 submitted=10350592
t=7217583 read event=2528 count=4096 submitted=10354688
t=7220407 read event=2529 count=4096 submitted=10358784
t=7223159 read event=2530 count=4096 submitted=10362880
t=7225907 read event=2531 count=4096 submitted=10366976
t=7228845 read event=2532 count=4096 submitted=10371072
t=7231657 read event=2533 count=4096 submitted=10375168
t=7234409 read event=2534 count=4096 submitted=10379264
t=7237156 read event=2535 count=4096 submitted=10383360
t=7240621 read event=2536 count=4096 submitted=10387456
t=7243506 read event=2537 count=4096 submitted=10391552
t=7246343 read event=2538 count=4096 submitted=10395648
t=7249101 read event=2539 count=4096 submitted=10399744
t=7252059 read event=2540 count=4096 submitted=10403840
t=7254918 read event=2541 count=4096 submitted=10407936
t=7257666 read event=2542 count=4096 submitted=10412032
t=7260416 read event=2543 count=4096 submitted=10416128
t=7263377 read event=2544 count=4096 submitted=10420224
t=7266209 read event=2545 count=4096 submitted=10424320
t=7268961 read event=2546 count=4096 submitted=10428416
t=7271711 read event=2547 count=4096 submitted=10432512
t=7274653 read event=2548 count=4096 submitted=10436608
t=7277492 read event=2549 count=4096 submitted=10440704
t=7280245 read event=2550 count=4096 submitted=10444800
t=7283011 read event=2551 count=4096 submitted=10448896
t=7285959 read event=2552 count=4096 submitted=10452992
t=7288780 read event=2553 count=4096 submitted=10457088
t=7291526 read event=2554 count=4096 submitted=10461184
t=7294271 read event=2555 count=4096 submitted=10465280
t=7297215 read event=2556 count=4096 submitted=10469376
t=7300035 read event=2557 count=4096 submitted=10473472
t=7302782 read event=2558 count=4096 submitted=10477568
t=7305539 read event=2559 count=4096 submitted=10481664
t=7308488 read event=2560 count=4096 submitted=10485760
t=7311312 read event=2561 count=4096 submitted=10489856
t=7314064 read event=2562 count=4096 submitted=10493952
t=7316809 read event=2563 count=4096 submitted=10498048
t=7319754 read event=2564 count=4096 submitted=10502144
t=7322567 read event=2565 count=4096 submitted=10506240
t=7325319 read event=2566 count=4096 submitted=10510336
t=7328066 read event=2567 count=4096 submitted=10514432
t=7331543 read event=2568 count=4096 submitted=10518528
t=7334425 read event=2569 count=4096 submitted=10522624
t=7337259 read event=2570 count=4096 submitted=10526720
t=7340015 read event=2571 count=4096 submitted=10530816
t=7342971 read event=2572 count=4096 submitted=10534912
t=7345834 read event=2573 count=4096 submitted=10539008
t=7348580 read event=2574 count=4096 submitted=10543104
t=7351327 read event=2575 count=4096 submitted=10547200
t=7354275 read event=2576 count=4096 submitted=10551296
t=7357110 read event=2577 count=4096 submitted=10555392
t=7359864 read event=2578 count=4096 submitted=10559488
t=7362605 read event=2579 count=4096 submitted=10563584
t=7365554 read event=2580 count=4096 submitted=10567680
t=7368379 read event=2581 count=4096 submitted=10571776
t=7371129 read event=2582 count=4096 submitted=10575872
t=7373924 read event=2583 count=4096 submitted=10579968
t=7376878 read event=2584 count=4096 submitted=10584064
t=7379708 read event=2585 count=4096 submitted=10588160
t=7382451 read event=2586 count=4096 submitted=10592256
t=7385197 read event=2587 count=4096 submitted=10596352
t=7388140 read event=2588 count=4096 submitted=10600448
t=7390960 read event=2589 count=4096 submitted=10604544
t=7393713 read event=2590 count=4096 submitted=10608640
t=7396451 read event=2591 count=4096 submitted=10612736
t=7399396 read event=2592 count=4096 submitted=10616832
t=7402213 read event=2593 count=4096 submitted=10620928
t=7404978 read event=2594 count=4096 submitted=10625024
t=7407758 read event=2595 count=4096 submitted=10629120
t=7410713 read event=2596 count=4096 submitted=10633216
t=7413538 read event=2597 count=4096 submitted=10637312
t=7416293 read event=2598 count=4096 submitted=10641408
t=7419040 read event=2599 count=4096 submitted=10645504
t=7422525 read event=2600 count=4096 submitted=10649600
t=7425411 read event=2601 count=4096 submitted=10653696
t=7428249 read event=2602 count=4096 submitted=10657792
t=7431010 read event=2603 count=4096 submitted=10661888
t=7433965 read event=2604 count=4096 submitted=10665984
t=7436825 read event=2605 count=4096 submitted=10670080
t=7439577 read event=2606 count=4096 submitted=10674176
t=7442324 read event=2607 count=4096 submitted=10678272
t=7445269 read event=2608 count=4096 submitted=10682368
t=7448090 read event=2609 count=4096 submitted=10686464
t=7450840 read event=2610 count=4096 submitted=10690560
t=7453583 read event=2611 count=4096 submitted=10694656
t=7456534 read event=2612 count=4096 submitted=10698752
t=7459353 read event=2613 count=4096 submitted=10702848
t=7462103 read event=2614 count=4096 submitted=10706944
t=7464849 read event=2615 count=4096 submitted=10711040
t=7467797 read event=2616 count=4096 submitted=10715136
t=7470605 read event=2617 count=4096 submitted=10719232
t=7473360 read event=2618 count=4096 submitted=10723328
t=7476109 read event=2619 count=4096 submitted=10727424
t=7479052 read event=2620 count=4096 submitted=10731520
t=7481879 read event=2621 count=4096 submitted=10735616
t=7484622 read event=2622 count=4096 submitted=10739712
t=7487366 read event=2623 count=4096 submitted=10743808
t=7490337 read event=2624 count=4096 submitted=10747904
t=7493162 read event=2625 count=4096 submitted=10752000
t=7495915 read event=2626 count=4096 submitted=10756096
t=7498654 read event=2627 count=4096 submitted=10760192
t=7501603 read event=2628 count=4096 submitted=10764288
t=7504427 read event=2629 count=4096 submitted=10768384
t=7507191 read event=2630 count=4096 submitted=10772480
t=7509939 read event=2631 count=4096 submitted=10776576
t=7513380 read event=2632 count=4096 submitted=10780672
t=7516253 read event=2633 count=4096 submitted=10784768
t=7519092 read event=2634 count=4096 submitted=10788864
t=7521853 read event=2635 count=4096 submitted=10792960
t=7524817 read event=2636 count=4096 submitted=10797056
t=7527670 read event=2637 count=4096 submitted=10801152
t=7530425 read event=2638 count=4096 submitted=10805248
t=7533173 read event=2639 count=4096 submitted=10809344
t=7536118 read event=2640 count=4096 submitted=10813440
t=7538948 read event=2641 count=4096 submitted=10817536
t=7541699 read event=2642 count=4096 submitted=10821632
t=7544441 read event=2643 count=4096 submitted=10825728
t=7547386 read event=2644 count=4096 submitted=10829824
t=7550204 read event=2645 count=4096 submitted=10833920
t=7552954 read event=2646 count=4096 submitted=10838016
t=7555702 read event=2647 count=4096 submitted=10842112
t=7558639 read event=2648 count=4096 submitted=10846208
t=7561464 read event=2649 count=4096 submitted=10850304
t=7564213 read event=2650 count=4096 submitted=10854400
t=7566960 read event=2651 count=4096 submitted=10858496
t=7569903 read event=2652 count=4096 submitted=10862592
t=7572720 read event=2653 count=4096 submitted=10866688
t=7575463 read event=2654 count=4096 submitted=10870784
t=7578209 read event=2655 count=4096 submitted=10874880
t=7581148 read event=2656 count=4096 submitted=10878976
t=7584025 read event=2657 count=4096 submitted=10883072
t=7586784 read event=2658 count=4096 submitted=10887168
t=7589527 read event=2659 count=4096 submitted=10891264
t=7592483 read event=2660 count=4096 submitted=10895360
t=7595309 read event=2661 count=4096 submitted=10899456
t=7598062 read event=2662 count=4096 submitted=10903552
t=7600809 read event=2663 count=4096 submitted=10907648
t=7604264 read event=2664 count=4096 submitted=10911744
t=7607153 read event=2665 count=4096 submitted=10915840
t=7609998 read event=2666 count=4096 submitted=10919936
t=7612753 read event=2667 count=4096 submitted=10924032
t=7615710 read event=2668 count=4096 submitted=10928128
t=7618559 read event=2669 count=4096 submitted=10932224
t=7621314 read event=2670 count=4096 submitted=10936320
t=7624061 read event=2671 count=4096 submitted=10940416
t=7627001 read event=2672 count=4096 submitted=10944512
t=7629828 read event=2673 count=4096 submitted=10948608
t=7632576 read event=2674 count=4096 submitted=10952704
t=7635323 read event=2675 count=4096 submitted=10956800
t=7638267 read event=2676 count=4096 submitted=10960896
t=7641087 read event=2677 count=4096 submitted=10964992
t=7643839 read event=2678 count=4096 submitted=10969088
t=7646582 read event=2679 count=4096 submitted=10973184
t=7649532 read event=2680 count=4096 submitted=10977280
t=7652356 read event=2681 count=4096 submitted=10981376
t=7655107 read event=2682 count=4096 submitted=10985472
t=7657855 read event=2683 count=4096 submitted=10989568
t=7660794 read event=2684 count=4096 submitted=10993664
t=7663606 read event=2685 count=4096 submitted=10997760
t=7666358 read event=2686 count=4096 submitted=11001856
t=7669104 read event=2687 count=4096 submitted=11005952
t=7672047 read event=2688 count=4096 submitted=11010048
t=7674866 read event=2689 count=4096 submitted=11014144
t=7677610 read event=2690 count=4096 submitted=11018240
t=7680358 read event=2691 count=4096 submitted=11022336
t=7683305 read event=2692 count=4096 submitted=11026432
t=7686126 read event=2693 count=4096 submitted=11030528
t=7688875 read event=2694 count=4096 submitted=11034624
t=7691618 read event=2695 count=4096 submitted=11038720
t=7695075 read event=2696 count=4096 submitted=11042816
t=7697955 read event=2697 count=4096 submitted=11046912
t=7700816 read event=2698 count=4096 submitted=11051008
t=7703573 read event=2699 count=4096 submitted=11055104
t=7706548 read event=2700 count=4096 submitted=11059200
t=7709420 read event=2701 count=4096 submitted=11063296
t=7712176 read event=2702 count=4096 submitted=11067392
t=7714923 read event=2703 count=4096 submitted=11071488
t=7717868 read event=2704 count=4096 submitted=11075584
t=7720693 read event=2705 count=4096 submitted=11079680
t=7723440 read event=2706 count=4096 submitted=11083776
t=7726187 read event=2707 count=4096 submitted=11087872
t=7729129 read event=2708 count=4096 submitted=11091968
t=7731944 read event=2709 count=4096 submitted=11096064
t=7734695 read event=2710 count=4096 submitted=11100160
t=7737439 read event=2711 count=4096 submitted=11104256
t=7740385 read event=2712 count=4096 submitted=11108352
t=7743204 read event=2713 count=4096 submitted=11112448
t=7745954 read event=2714 count=4096 submitted=11116544
t=7748698 read event=2715 count=4096 submitted=11120640
t=7751633 read event=2716 count=4096 submitted=11124736
t=7754456 read event=2717 count=4096 submitted=11128832
t=7757204 read event=2718 count=4096 submitted=11132928
t=7759952 read event=2719 count=4096 submitted=11137024
t=7762894 read event=2720 count=4096 submitted=11141120
t=7765711 read event=2721 count=4096 submitted=11145216
t=7768462 read event=2722 count=4096 submitted=11149312
t=7771210 read event=2723 count=4096 submitted=11153408
t=7774150 read event=2724 count=4096 submitted=11157504
t=7776968 read event=2725 count=4096 submitted=11161600
t=7779722 read event=2726 count=4096 submitted=11165696
t=7782463 read event=2727 count=4096 submitted=11169792
t=7785923 read event=2728 count=4096 submitted=11173888
t=7788806 read event=2729 count=4096 submitted=11177984
t=7791697 read event=2730 count=4096 submitted=11182080
t=7794453 read event=2731 count=4096 submitted=11186176
t=7797414 read event=2732 count=4096 submitted=11190272
t=7800270 read event=2733 count=4096 submitted=11194368
t=7803027 read event=2734 count=4096 submitted=11198464
t=7805785 read event=2735 count=4096 submitted=11202560
t=7808729 read event=2736 count=4096 submitted=11206656
t=7811552 read event=2737 count=4096 submitted=11210752
t=7814306 read event=2738 count=4096 submitted=11214848
t=7817054 read event=2739 count=4096 submitted=11218944
t=7819998 read event=2740 count=4096 submitted=11223040
t=7822861 read event=2741 count=4096 submitted=11227136
t=7825614 read event=2742 count=4096 submitted=11231232
t=7828361 read event=2743 count=4096 submitted=11235328
t=7831307 read event=2744 count=4096 submitted=11239424
t=7834127 read event=2745 count=4096 submitted=11243520
t=7836877 read event=2746 count=4096 submitted=11247616
t=7839619 read event=2747 count=4096 submitted=11251712
t=7842568 read event=2748 count=4096 submitted=11255808
t=7845386 read event=2749 count=4096 submitted=11259904
t=7848135 read event=2750 count=4096 submitted=11264000
t=7850882 read event=2751 count=4096 submitted=11268096
t=7853821 read event=2752 count=4096 submitted=11272192
t=7856646 read event=2753 count=4096 submitted=11276288
t=7859401 read event=2754 count=4096 submitted=11280384
t=7862151 read event=2755 count=4096 submitted=11284480
t=7865093 read event=2756 count=4096 submitted=11288576
t=7867910 read event=2757 count=4096 submitted=11292672
t=7870654 read event=2758 count=4096 submitted=11296768
t=7873403 read event=2759 count=4096 submitted=11300864
t=7876862 read event=2760 count=4096 submitted=11304960
t=7879741 read event=2761 count=4096 submitted=11309056
t=7882574 read event=2762 count=4096 submitted=11313152
t=7885330 read event=2763 count=4096 submitted=11317248
t=7888286 read event=2764 count=4096 submitted=11321344
t=7891162 read event=2765 count=4096 submitted=11325440
t=7893918 read event=2766 count=4096 submitted=11329536
t=7896657 read event=2767 count=4096 submitted=11333632
t=7899608 read event=2768 count=4096 submitted=11337728
t=7902436 read event=2769 count=4096 submitted=11341824
t=7905198 read event=2770 count=4096 submitted=11345920
t=7907981 read event=2771 count=4096 submitted=11350016
t=7910937 read event=2772 count=4096 submitted=11354112
t=7913763 read event=2773 count=4096 submitted=11358208
t=7916509 read event=2774 count=4096 submitted=11362304
t=7919254 read event=2775 count=4096 submitted=11366400
t=7922201 read event=2776 count=4096 submitted=11370496
t=7925021 read event=2777 count=4096 submitted=11374592
t=7927772 read event=2778 count=4096 submitted=11378688
t=7930512 read event=2779 count=4096 submitted=11382784
t=7933466 read event=2780 count=4096 submitted=11386880
t=7936285 read event=2781 count=4096 submitted=11390976
t=7939035 read event=2782 count=4096 submitted=11395072
t=7941782 read event=2783 count=4096 submitted=11399168
t=7944723 read event=2784 count=4096 submitted=11403264
t=7947535 read event=2785 count=4096 submitted=11407360
t=7950287 read event=2786 count=4096 submitted=11411456
t=7953032 read event=2787 count=4096 submitted=11415552
t=7955978 read event=2788 count=4096 submitted=11419648
t=7958795 read event=2789 count=4096 submitted=11423744
t=7961540 read event=2790 count=4096 submitted=11427840
t=7964286 read event=2791 count=4096 submitted=11431936
t=7967748 read event=2792 count=4096 submitted=11436032
t=7970614 read event=2793 count=4096 submitted=11440128
t=7973455 read event=2794 count=4096 submitted=11444224
t=7976213 read event=2795 count=4096 submitted=11448320
t=7979174 read event=2796 count=4096 submitted=11452416
t=7982033 read event=2797 count=4096 submitted=11456512
t=7984786 read event=2798 count=4096 submitted=11460608
t=7987527 read event=2799 count=4096 submitted=11464704
t=7990489 read event=2800 count=4096 submitted=11468800
t=7993330 read event=2801 count=4096 submitted=11472896
t=7996095 read event=2802 count=4096 submitted=11476992
t=7998896 read event=2803 count=4096 submitted=11481088
t=8001858 read event=2804 count=4096 submitted=11485184
t=8004681 read event=2805 count=4096 submitted=11489280
t=8007447 read event=2806 count=4096 submitted=11493376
t=8010193 read event=2807 count=4096 submitted=11497472
t=8013140 read event=2808 count=4096 submitted=11501568
t=8015966 read event=2809 count=4096 submitted=11505664
t=8018724 read event=2810 count=4096 submitted=11509760
t=8021470 read event=2811 count=4096 submitted=11513856
t=8024422 read event=2812 count=4096 submitted=11517952
t=8027244 read event=2813 count=4096 submitted=11522048
t=8029995 read event=2814 count=4096 submitted=11526144
t=8032740 read event=2815 count=4096 submitted=11530240
t=8035680 read event=2816 count=4096 submitted=11534336
t=8038496 read event=2817 count=4096 submitted=11538432
t=8041247 read event=2818 count=4096 submitted=11542528
t=8043994 read event=2819 count=4096 submitted=11546624
t=8046940 read event=2820 count=4096 submitted=11550720
t=8049764 read event=2821 count=4096 submitted=11554816
t=8052505 read event=2822 count=4096 submitted=11558912
t=8055253 read event=2823 count=4096 submitted=11563008
t=8058718 read event=2824 count=4096 submitted=11567104
t=8061590 read event=2825 count=4096 submitted=11571200
t=8064426 read event=2826 count=4096 submitted=11575296
t=8067187 read event=2827 count=4096 submitted=11579392
t=8070144 read event=2828 count=4096 submitted=11583488
t=8073002 read event=2829 count=4096 submitted=11587584
t=8075757 read event=2830 count=4096 submitted=11591680
t=8078498 read event=2831 count=4096 submitted=11595776
t=8081454 read event=2832 count=4096 submitted=11599872
t=8084276 read event=2833 count=4096 submitted=11603968
t=8087028 read event=2834 count=4096 submitted=11608064
t=8089777 read event=2835 count=4096 submitted=11612160
t=8092726 read event=2836 count=4096 submitted=11616256
t=8095547 read event=2837 count=4096 submitted=11620352
t=8098301 read event=2838 count=4096 submitted=11624448
t=8101048 read event=2839 count=4096 submitted=11628544
t=8103993 read event=2840 count=4096 submitted=11632640
t=8106827 read event=2841 count=4096 submitted=11636736
t=8109573 read event=2842 count=4096 submitted=11640832
t=8112318 read event=2843 count=4096 submitted=11644928
t=8115285 read event=2844 count=4096 submitted=11649024
t=8118110 read event=2845 count=4096 submitted=11653120
t=8120862 read event=2846 count=4096 submitted=11657216
t=8123602 read event=2847 count=4096 submitted=11661312
t=8126553 read event=2848 count=4096 submitted=11665408
t=8129372 read event=2849 count=4096 submitted=11669504
t=8132125 read event=2850 count=4096 submitted=11673600
t=8134870 read event=2851 count=4096 submitted=11677696
t=8137817 read event=2852 count=4096 submitted=11681792
t=8140629 read event=2853 count=4096 submitted=11685888
t=8143381 read event=2854 count=4096 submitted=11689984
t=8146134 read event=2855 count=4096 submitted=11694080
t=8149582 read event=2856 count=4096 submitted=11698176
t=8153453 read event=2857 count=4096 submitted=11702272
t=8156268 read event=2858 count=4096 submitted=11706368
t=8159714 read event=2859 count=4096 submitted=11710464
t=8164005 read event=2860 count=4096 submitted=11714560
t=8167108 read event=2861 count=4096 submitted=11718656
t=8170038 read event=2862 count=4096 submitted=11722752
t=8172784 read event=2863 count=4096 submitted=11726848
t=8177767 read event=2864 count=4096 submitted=11730944
t=8183361 read event=2865 count=4096 submitted=11735040
t=8187231 read event=2866 count=4096 submitted=11739136
t=8189980 read event=2867 count=4096 submitted=11743232
t=8194425 read event=2868 count=4096 submitted=11747328
t=8197990 read event=2869 count=4096 submitted=11751424
t=8201032 read event=2870 count=4096 submitted=11755520
t=8203998 read event=2871 count=4096 submitted=11759616
t=8207005 read event=2872 count=4096 submitted=11763712
t=8211704 read event=2873 count=4096 submitted=11767808
t=8218236 read event=2874 count=4096 submitted=11771904
t=8221170 read event=2875 count=4096 submitted=11776000
t=8224664 read event=2876 count=4096 submitted=11780096
t=8229073 read event=2877 count=4096 submitted=11784192
t=8232103 read event=2878 count=4096 submitted=11788288
t=8235557 read event=2879 count=4096 submitted=11792384
t=8238504 read event=2880 count=4096 submitted=11796480
t=8243233 read event=2881 count=4096 submitted=11800576
t=8248936 read event=2882 count=4096 submitted=11804672
t=8252701 read event=2883 count=4096 submitted=11808768
t=8255643 read event=2884 count=4096 submitted=11812864
t=8260365 read event=2885 count=4096 submitted=11816960
t=8263828 read event=2886 count=4096 submitted=11821056
t=8267603 read event=2887 count=4096 submitted=11825152
t=8271065 read event=2888 count=4096 submitted=11829248
t=8275255 read event=2889 count=4096 submitted=11833344
t=8280837 read event=2890 count=4096 submitted=11837440
t=8284699 read event=2891 count=4096 submitted=11841536
t=8287646 read event=2892 count=4096 submitted=11845632
t=8292148 read event=2893 count=4096 submitted=11849728
t=8295974 read event=2894 count=4096 submitted=11853824
t=8299551 read event=2895 count=4096 submitted=11857920
t=8302589 read event=2896 count=4096 submitted=11862016
t=8307643 read event=2897 count=4096 submitted=11866112
t=8313240 read event=2898 count=4096 submitted=11870208
t=8317097 read event=2899 count=4096 submitted=11874304
t=8320042 read event=2900 count=4096 submitted=11878400
t=8324557 read event=2901 count=4096 submitted=11882496
t=8328537 read event=2902 count=4096 submitted=11886592
t=8332407 read event=2903 count=4096 submitted=11890688
t=8335349 read event=2904 count=4096 submitted=11894784
t=8340395 read event=2905 count=4096 submitted=11898880
t=8346437 read event=2906 count=4096 submitted=11902976
t=8349842 read event=2907 count=4096 submitted=11907072
t=8352783 read event=2908 count=4096 submitted=11911168
t=8357703 read event=2909 count=4096 submitted=11915264
t=8361578 read event=2910 count=4096 submitted=11919360
t=8365553 read event=2911 count=4096 submitted=11923456
t=8368503 read event=2912 count=4096 submitted=11927552
t=8373345 read event=2913 count=4096 submitted=11931648
t=8379859 read event=2914 count=4096 submitted=11935744
t=8382802 read event=2915 count=4096 submitted=11939840
t=8386341 read event=2916 count=4096 submitted=11943936
t=8391073 read event=2917 count=4096 submitted=11948032
t=8394904 read event=2918 count=4096 submitted=11952128
t=8398809 read event=2919 count=4096 submitted=11956224
t=8403844 read event=2920 count=4096 submitted=11960320
t=8409427 read event=2921 count=4096 submitted=11964416
t=8413279 read event=2922 count=4096 submitted=11968512
t=8416075 read event=2923 count=4096 submitted=11972608
t=8420759 read event=2924 count=4096 submitted=11976704
t=8424885 read event=2925 count=4096 submitted=11980800
t=8429271 read event=2926 count=4096 submitted=11984896
t=8432430 read event=2927 count=4096 submitted=11988992
t=8437561 read event=2928 count=4096 submitted=11993088
t=8444284 read event=2929 count=4096 submitted=11997184
t=8447033 read event=2930 count=4096 submitted=12001280
t=8450756 read event=2931 count=4096 submitted=12005376
t=8455553 read event=2932 count=4096 submitted=12009472
t=8459825 read event=2933 count=4096 submitted=12013568
t=8463508 read event=2934 count=4096 submitted=12017664
t=8469070 read event=2935 count=4096 submitted=12021760
t=8475558 read event=2936 count=4096 submitted=12025856
t=8478497 read event=2937 count=4096 submitted=12029952
t=8481641 read event=2938 count=4096 submitted=12034048
t=8486716 read event=2939 count=4096 submitted=12038144
t=8491331 read event=2940 count=4096 submitted=12042240
t=8495225 read event=2941 count=4096 submitted=12046336
t=8502103 read event=2942 count=4096 submitted=12050432
t=8508117 read event=2943 count=4096 submitted=12054528
t=8511503 read event=2944 count=4096 submitted=12058624
t=8514490 read event=2945 count=4096 submitted=12062720
t=8519325 read event=2946 count=4096 submitted=12066816
t=8523426 read event=2947 count=4096 submitted=12070912
t=8528262 read event=2948 count=4096 submitted=12075008
t=8535119 read event=2949 count=4096 submitted=12079104
t=8540832 read event=2950 count=4096 submitted=12083200
t=8544508 read event=2951 count=4096 submitted=12087296
t=8547968 read event=2952 count=4096 submitted=12091392
t=8552325 read event=2953 count=4096 submitted=12095488
t=8556479 read event=2954 count=4096 submitted=12099584
t=8561471 read event=2955 count=4096 submitted=12103680
t=8568328 read event=2956 count=4096 submitted=12107776
t=8573894 read event=2957 count=4096 submitted=12111872
t=8577722 read event=2958 count=4096 submitted=12115968
t=8580462 read event=2959 count=4096 submitted=12120064
t=8585211 read event=2960 count=4096 submitted=12124160
t=8589397 read event=2961 count=4096 submitted=12128256
t=8594868 read event=2962 count=4096 submitted=12132352
t=8601759 read event=2963 count=4096 submitted=12136448
t=8607305 read event=2964 count=4096 submitted=12140544
t=8611131 read event=2965 count=4096 submitted=12144640
t=8613885 read event=2966 count=4096 submitted=12148736
t=8618870 read event=2967 count=4096 submitted=12152832
t=8622656 read event=2968 count=4096 submitted=12156928
t=8628314 read event=2969 count=4096 submitted=12161024
t=8635183 read event=2970 count=4096 submitted=12165120
t=8640729 read event=2971 count=4096 submitted=12169216
t=8644548 read event=2972 count=4096 submitted=12173312
t=8647369 read event=2973 count=4096 submitted=12177408
t=8652294 read event=2974 count=4096 submitted=12181504
t=8656425 read event=2975 count=4096 submitted=12185600
t=8661900 read event=2976 count=4096 submitted=12189696
t=8668872 read event=2977 count=4096 submitted=12193792
t=8674878 read event=2978 count=4096 submitted=12197888
t=8678242 read event=2979 count=4096 submitted=12201984
t=8681291 read event=2980 count=4096 submitted=12206080
t=8686158 read event=2981 count=4096 submitted=12210176
t=8690276 read event=2982 count=4096 submitted=12214272
t=8695627 read event=2983 count=4096 submitted=12218368
t=8702768 read event=2984 count=4096 submitted=12222464
t=8709186 read event=2985 count=4096 submitted=12226560
t=8712102 read event=2986 count=4096 submitted=12230656
t=8715453 read event=2987 count=4096 submitted=12234752
t=8720330 read event=2988 count=4096 submitted=12238848
t=8724955 read event=2989 count=4096 submitted=12242944
t=8729440 read event=2990 count=4096 submitted=12247040
t=8736571 read event=2991 count=4096 submitted=12251136
t=8743068 read event=2992 count=4096 submitted=12255232
t=8745998 read event=2993 count=4096 submitted=12259328
t=8750184 read event=2994 count=4096 submitted=12263424
t=8754727 read event=2995 count=4096 submitted=12267520
t=8760053 read event=2996 count=4096 submitted=12271616
t=8766712 read event=2997 count=4096 submitted=12275712
t=8772835 read event=2998 count=4096 submitted=12279808
t=8777261 read event=2999 count=4096 submitted=12283904
t=8780203 read event=3000 count=4096 submitted=12288000
t=8783952 read event=3001 count=4096 submitted=12292096
t=8788400 read event=3002 count=4096 submitted=12296192
t=8794204 read event=3003 count=4096 submitted=12300288
t=8801517 read event=3004 count=4096 submitted=12304384
t=8806475 read event=3005 count=4096 submitted=12308480
t=8810667 read event=3006 count=4096 submitted=12312576
t=8813415 read event=3007 count=4096 submitted=12316672
t=8817449 read event=3008 count=4096 submitted=12320768
t=8821885 read event=3009 count=4096 submitted=12324864
t=8827759 read event=3010 count=4096 submitted=12328960
t=8835073 read event=3011 count=4096 submitted=12333056
t=8840014 read event=3012 count=4096 submitted=12337152
t=8844065 read event=3013 count=4096 submitted=12341248
t=8846851 read event=3014 count=4096 submitted=12345344
t=8851333 read event=3015 count=4096 submitted=12349440
t=8855391 read event=3016 count=4096 submitted=12353536
t=8861502 read event=3017 count=4096 submitted=12357632
t=8868569 read event=3018 count=4096 submitted=12361728
t=8873694 read event=3019 count=4096 submitted=12365824
t=8877463 read event=3020 count=4096 submitted=12369920
t=8880339 read event=3021 count=4096 submitted=12374016
t=8884968 read event=3022 count=4096 submitted=12378112
t=8889102 read event=3023 count=4096 submitted=12382208
t=8894902 read event=3024 count=4096 submitted=12386304
t=8901950 read event=3025 count=4096 submitted=12390400
t=8907280 read event=3026 count=4096 submitted=12394496
t=8910877 read event=3027 count=4096 submitted=12398592
t=8913828 read event=3028 count=4096 submitted=12402688
t=8918567 read event=3029 count=4096 submitted=12406784
t=8922664 read event=3030 count=4096 submitted=12410880
t=8928524 read event=3031 count=4096 submitted=12414976
t=8935641 read event=3032 count=4096 submitted=12419072
t=8941074 read event=3033 count=4096 submitted=12423168
t=8944691 read event=3034 count=4096 submitted=12427264
t=8947737 read event=3035 count=4096 submitted=12431360
t=8952825 read event=3036 count=4096 submitted=12435456
t=8957059 read event=3037 count=4096 submitted=12439552
t=8962455 read event=3038 count=4096 submitted=12443648
t=8969630 read event=3039 count=4096 submitted=12447744
t=8975526 read event=3040 count=4096 submitted=12451840
t=8978711 read event=3041 count=4096 submitted=12455936
t=8982742 read event=3042 count=4096 submitted=12460032
t=8987367 read event=3043 count=4096 submitted=12464128
t=8992342 read event=3044 count=4096 submitted=12468224
t=8996555 read event=3045 count=4096 submitted=12472320
t=9004251 read event=3046 count=4096 submitted=12476416
t=9009970 read event=3047 count=4096 submitted=12480512
t=9013416 read event=3048 count=4096 submitted=12484608
t=9017659 read event=3049 count=4096 submitted=12488704
t=9021908 read event=3050 count=4096 submitted=12492800
t=9027657 read event=3051 count=4096 submitted=12496896
t=9034869 read event=3052 count=4096 submitted=12500992
t=9039930 read event=3053 count=4096 submitted=12505088
t=9044152 read event=3054 count=4096 submitted=12509184
t=9046899 read event=3055 count=4096 submitted=12513280
t=9052074 read event=3056 count=4096 submitted=12517376
t=9056169 read event=3057 count=4096 submitted=12521472
t=9061949 read event=3058 count=4096 submitted=12525568
t=9069140 read event=3059 count=4096 submitted=12529664
t=9074605 read event=3060 count=4096 submitted=12533760
t=9078147 read event=3061 count=4096 submitted=12537856
t=9081448 read event=3062 count=4096 submitted=12541952
t=9086504 read event=3063 count=4096 submitted=12546048
t=9090938 read event=3064 count=4096 submitted=12550144
t=9096066 read event=3065 count=4096 submitted=12554240
t=9103284 read event=3066 count=4096 submitted=12558336
t=9109479 read event=3067 count=4096 submitted=12562432
t=9112429 read event=3068 count=4096 submitted=12566528
t=9116407 read event=3069 count=4096 submitted=12570624
t=9121492 read event=3070 count=4096 submitted=12574720
t=9126754 read event=3071 count=4096 submitted=12578816
t=9130883 read event=3072 count=4096 submitted=12582912
t=9139224 read event=3073 count=4096 submitted=12587008
t=9143912 read event=3074 count=4096 submitted=12591104
t=9146651 read event=3075 count=4096 submitted=12595200
t=9151902 read event=3076 count=4096 submitted=12599296
t=9156058 read event=3077 count=4096 submitted=12603392
t=9161976 read event=3078 count=4096 submitted=12607488
t=9169239 read event=3079 count=4096 submitted=12611584
t=9173993 read event=3080 count=4096 submitted=12615680
t=9176919 read event=3081 count=4096 submitted=12619776
t=9179731 read event=3082 count=4096 submitted=12623872
t=9182480 read event=3083 count=4096 submitted=12627968
t=9185443 read event=3084 count=4096 submitted=12632064
t=9188302 read event=3085 count=4096 submitted=12636160
t=9191055 read event=3086 count=4096 submitted=12640256
t=9193807 read event=3087 count=4096 submitted=12644352
t=9196751 read event=3088 count=4096 submitted=12648448
t=9199573 read event=3089 count=4096 submitted=12652544
t=9202325 read event=3090 count=4096 submitted=12656640
t=9205077 read event=3091 count=4096 submitted=12660736
t=9208025 read event=3092 count=4096 submitted=12664832
t=9210849 read event=3093 count=4096 submitted=12668928
t=9213599 read event=3094 count=4096 submitted=12673024
t=9216345 read event=3095 count=4096 submitted=12677120
t=9219286 read event=3096 count=4096 submitted=12681216
t=9222104 read event=3097 count=4096 submitted=12685312
t=9224855 read event=3098 count=4096 submitted=12689408
t=9227598 read event=3099 count=4096 submitted=12693504
t=9230546 read event=3100 count=4096 submitted=12697600
t=9233364 read event=3101 count=4096 submitted=12701696
t=9236115 read event=3102 count=4096 submitted=12705792
t=9238860 read event=3103 count=4096 submitted=12709888
t=9241804 read event=3104 count=4096 submitted=12713984
t=9244616 read event=3105 count=4096 submitted=12718080
t=9247417 read event=3106 count=4096 submitted=12722176
t=9250171 read event=3107 count=4096 submitted=12726272
t=9253117 read event=3108 count=4096 submitted=12730368
t=9255939 read event=3109 count=4096 submitted=12734464
t=9258690 read event=3110 count=4096 submitted=12738560
t=9261434 read event=3111 count=4096 submitted=12742656
t=9264909 read event=3112 count=4096 submitted=12746752
t=9267799 read event=3113 count=4096 submitted=12750848
t=9270635 read event=3114 count=4096 submitted=12754944
t=9273399 read event=3115 count=4096 submitted=12759040
t=9276357 read event=3116 count=4096 submitted=12763136
t=9279219 read event=3117 count=4096 submitted=12767232
t=9281974 read event=3118 count=4096 submitted=12771328
t=9284722 read event=3119 count=4096 submitted=12775424
t=9287666 read event=3120 count=4096 submitted=12779520
t=9290497 read event=3121 count=4096 submitted=12783616
t=9293245 read event=3122 count=4096 submitted=12787712
t=9295996 read event=3123 count=4096 submitted=12791808
t=9298941 read event=3124 count=4096 submitted=12795904
t=9301771 read event=3125 count=4096 submitted=12800000
t=9304514 read event=3126 count=4096 submitted=12804096
t=9307273 read event=3127 count=4096 submitted=12808192
t=9310217 read event=3128 count=4096 submitted=12812288
t=9313039 read event=3129 count=4096 submitted=12816384
t=9315792 read event=3130 count=4096 submitted=12820480
t=9318533 read event=3131 count=4096 submitted=12824576
t=9321482 read event=3132 count=4096 submitted=12828672
t=9324302 read event=3133 count=4096 submitted=12832768
t=9327053 read event=3134 count=4096 submitted=12836864
t=9329797 read event=3135 count=4096 submitted=12840960
t=9332764 read event=3136 count=4096 submitted=12845056
t=9335577 read event=3137 count=4096 submitted=12849152
t=9338328 read event=3138 count=4096 submitted=12853248
t=9341073 read event=3139 count=4096 submitted=12857344
t=9344017 read event=3140 count=4096 submitted=12861440
t=9346830 read event=3141 count=4096 submitted=12865536
t=9349576 read event=3142 count=4096 submitted=12869632
t=9352322 read event=3143 count=4096 submitted=12873728
t=9355785 read event=3144 count=4096 submitted=12877824
t=9358654 read event=3145 count=4096 submitted=12881920
t=9361494 read event=3146 count=4096 submitted=12886016
t=9364254 read event=3147 count=4096 submitted=12890112
t=9367213 read event=3148 count=4096 submitted=12894208
t=9370068 read event=3149 count=4096 submitted=12898304
t=9372825 read event=3150 count=4096 submitted=12902400
t=9375569 read event=3151 count=4096 submitted=12906496
t=9378525 read event=3152 count=4096 submitted=12910592
t=9381361 read event=3153 count=4096 submitted=12914688
t=9384111 read event=3154 count=4096 submitted=12918784
t=9386858 read event=3155 count=4096 submitted=12922880
t=9389798 read event=3156 count=4096 submitted=12926976
t=9392611 read event=3157 count=4096 submitted=12931072
t=9395362 read event=3158 count=4096 submitted=12935168
t=9398113 read event=3159 count=4096 submitted=12939264
t=9401056 read event=3160 count=4096 submitted=12943360
t=9403884 read event=3161 count=4096 submitted=12947456
t=9406638 read event=3162 count=4096 submitted=12951552
t=9409395 read event=3163 count=4096 submitted=12955648
t=9412336 read event=3164 count=4096 submitted=12959744
t=9415153 read event=3165 count=4096 submitted=12963840
t=9417905 read event=3166 count=4096 submitted=12967936
t=9420644 read event=3167 count=4096 submitted=12972032
t=9423595 read event=3168 count=4096 submitted=12976128
t=9426416 read event=3169 count=4096 submitted=12980224
t=9429166 read event=3170 count=4096 submitted=12984320
t=9431913 read event=3171 count=4096 submitted=12988416
t=9434853 read event=3172 count=4096 submitted=12992512
t=9437666 read event=3173 count=4096 submitted=12996608
t=9440419 read event=3174 count=4096 submitted=13000704
t=9443164 read event=3175 count=4096 submitted=13004800
t=9446617 read event=3176 count=4096 submitted=13008896
t=9449501 read event=3177 count=4096 submitted=13012992
t=9452335 read event=3178 count=4096 submitted=13017088
t=9455135 read event=3179 count=4096 submitted=13021184
t=9458095 read event=3180 count=4096 submitted=13025280
t=9460956 read event=3181 count=4096 submitted=13029376
t=9463712 read event=3182 count=4096 submitted=13033472
t=9466452 read event=3183 count=4096 submitted=13037568
t=9469404 read event=3184 count=4096 submitted=13041664
t=9472224 read event=3185 count=4096 submitted=13045760
t=9474976 read event=3186 count=4096 submitted=13049856
t=9477725 read event=3187 count=4096 submitted=13053952
t=9480661 read event=3188 count=4096 submitted=13058048
t=9483485 read event=3189 count=4096 submitted=13062144
t=9486240 read event=3190 count=4096 submitted=13066240
t=9488986 read event=3191 count=4096 submitted=13070336
t=9491933 read event=3192 count=4096 submitted=13074432
t=9494758 read event=3193 count=4096 submitted=13078528
t=9497506 read event=3194 count=4096 submitted=13082624
t=9500250 read event=3195 count=4096 submitted=13086720
t=9503199 read event=3196 count=4096 submitted=13090816
t=9506039 read event=3197 count=4096 submitted=13094912
t=9508792 read event=3198 count=4096 submitted=13099008
t=9511532 read event=3199 count=4096 submitted=13103104
t=9514483 read event=3200 count=4096 submitted=13107200
t=9517298 read event=3201 count=4096 submitted=13111296
t=9520047 read event=3202 count=4096 submitted=13115392
t=9522794 read event=3203 count=4096 submitted=13119488
t=9525737 read event=3204 count=4096 submitted=13123584
t=9528547 read event=3205 count=4096 submitted=13127680
t=9531299 read event=3206 count=4096 submitted=13131776
t=9534046 read event=3207 count=4096 submitted=13135872
t=9537492 read event=3208 count=4096 submitted=13139968
t=9540366 read event=3209 count=4096 submitted=13144064
t=9543220 read event=3210 count=4096 submitted=13148160
t=9545982 read event=3211 count=4096 submitted=13152256
t=9548941 read event=3212 count=4096 submitted=13156352
t=9551804 read event=3213 count=4096 submitted=13160448
t=9554548 read event=3214 count=4096 submitted=13164544
t=9557293 read event=3215 count=4096 submitted=13168640
t=9560245 read event=3216 count=4096 submitted=13172736
t=9563066 read event=3217 count=4096 submitted=13176832
t=9565819 read event=3218 count=4096 submitted=13180928
t=9568558 read event=3219 count=4096 submitted=13185024
t=9571505 read event=3220 count=4096 submitted=13189120
t=9574324 read event=3221 count=4096 submitted=13193216
t=9577074 read event=3222 count=4096 submitted=13197312
t=9579822 read event=3223 count=4096 submitted=13201408
t=9582762 read event=3224 count=4096 submitted=13205504
t=9585576 read event=3225 count=4096 submitted=13209600
t=9588327 read event=3226 count=4096 submitted=13213696
t=9591074 read event=3227 count=4096 submitted=13217792
t=9594016 read event=3228 count=4096 submitted=13221888
t=9596836 read event=3229 count=4096 submitted=13225984
t=9599582 read event=3230 count=4096 submitted=13230080
t=9602328 read event=3231 count=4096 submitted=13234176
t=9605285 read event=3232 count=4096 submitted=13238272
t=9608112 read event=3233 count=4096 submitted=13242368
t=9610862 read event=3234 count=4096 submitted=13246464
t=9613606 read event=3235 count=4096 submitted=13250560
t=9616560 read event=3236 count=4096 submitted=13254656
t=9619376 read event=3237 count=4096 submitted=13258752
t=9622127 read event=3238 count=4096 submitted=13262848
t=9624873 read event=3239 count=4096 submitted=13266944
t=9628321 read event=3240 count=4096 submitted=13271040
t=9631194 read event=3241 count=4096 submitted=13275136
t=9634030 read event=3242 count=4096 submitted=13279232
t=9636787 read event=3243 count=4096 submitted=13283328
t=9639747 read event=3244 count=4096 submitted=13287424
t=9642600 read event=3245 count=4096 submitted=13291520
t=9645353 read event=3246 count=4096 submitted=13295616
t=9648099 read event=3247 count=4096 submitted=13299712
t=9651047 read event=3248 count=4096 submitted=13303808
t=9653873 read event=3249 count=4096 submitted=13307904
t=9656619 read event=3250 count=4096 submitted=13312000
t=9659367 read event=3251 count=4096 submitted=13316096
t=9662351 read event=3252 count=4096 submitted=13320192
t=9665363 read event=3253 count=4096 submitted=13324288
t=9668135 read event=3254 count=4096 submitted=13328384
t=9670883 read event=3255 count=4096 submitted=13332480
t=9673834 read event=3256 count=4096 submitted=13336576
t=9676659 read event=3257 count=4096 submitted=13340672
t=9679417 read event=3258 count=4096 submitted=13344768
t=9682168 read event=3259 count=4096 submitted=13348864
t=9685116 read event=3260 count=4096 submitted=13352960
t=9687939 read event=3261 count=4096 submitted=13357056
t=9690692 read event=3262 count=4096 submitted=13361152
t=9693434 read event=3263 count=4096 submitted=13365248
t=9696381 read event=3264 count=4096 submitted=13369344
t=9699198 read event=3265 count=4096 submitted=13373440
t=9701946 read event=3266 count=4096 submitted=13377536
t=9704703 read event=3267 count=4096 submitted=13381632
t=9707643 read event=3268 count=4096 submitted=13385728
t=9710470 read event=3269 count=4096 submitted=13389824
t=9713219 read event=3270 count=4096 submitted=13393920
t=9715966 read event=3271 count=4096 submitted=13398016
t=9719419 read event=3272 count=4096 submitted=13402112
t=9722293 read event=3273 count=4096 submitted=13406208
t=9725130 read event=3274 count=4096 submitted=13410304
t=9727893 read event=3275 count=4096 submitted=13414400
t=9730849 read event=3276 count=4096 submitted=13418496
t=9733709 read event=3277 count=4096 submitted=13422592
t=9736452 read event=3278 count=4096 submitted=13426688
t=9739200 read event=3279 count=4096 submitted=13430784
t=9742143 read event=3280 count=4096 submitted=13434880
t=9744967 read event=3281 count=4096 submitted=13438976
t=9747720 read event=3282 count=4096 submitted=13443072
t=9750484 read event=3283 count=4096 submitted=13447168
t=9753439 read event=3284 count=4096 submitted=13451264
t=9756262 read event=3285 count=4096 submitted=13455360
t=9759013 read event=3286 count=4096 submitted=13459456
t=9761763 read event=3287 count=4096 submitted=13463552
t=9764707 read event=3288 count=4096 submitted=13467648
t=9767524 read event=3289 count=4096 submitted=13471744
t=9770273 read event=3290 count=4096 submitted=13475840
t=9773018 read event=3291 count=4096 submitted=13479936
t=9775965 read event=3292 count=4096 submitted=13484032
t=9778782 read event=3293 count=4096 submitted=13488128
t=9781530 read event=3294 count=4096 submitted=13492224
t=9784276 read event=3295 count=4096 submitted=13496320
t=9787219 read event=3296 count=4096 submitted=13500416
t=9790037 read event=3297 count=4096 submitted=13504512
t=9792792 read event=3298 count=4096 submitted=13508608
t=9795534 read event=3299 count=4096 submitted=13512704
t=9798483 read event=3300 count=4096 submitted=13516800
t=9801300 read event=3301 count=4096 submitted=13520896
t=9804051 read event=3302 count=4096 submitted=13524992
t=9806846 read event=3303 count=4096 submitted=13529088
t=9810304 read event=3304 count=4096 submitted=13533184
t=9813189 read event=3305 count=4096 submitted=13537280
t=9816025 read event=3306 count=4096 submitted=13541376
t=9818781 read event=3307 count=4096 submitted=13545472
t=9821736 read event=3308 count=4096 submitted=13549568
t=9824584 read event=3309 count=4096 submitted=13553664
t=9827339 read event=3310 count=4096 submitted=13557760
t=9830088 read event=3311 count=4096 submitted=13561856
t=9833036 read event=3312 count=4096 submitted=13565952
t=9835863 read event=3313 count=4096 submitted=13570048
t=9838607 read event=3314 count=4096 submitted=13574144
t=9841356 read event=3315 count=4096 submitted=13578240
t=9844297 read event=3316 count=4096 submitted=13582336
t=9847117 read event=3317 count=4096 submitted=13586432
t=9849871 read event=3318 count=4096 submitted=13590528
t=9852611 read event=3319 count=4096 submitted=13594624
t=9855564 read event=3320 count=4096 submitted=13598720
t=9858386 read event=3321 count=4096 submitted=13602816
t=9861138 read event=3322 count=4096 submitted=13606912
t=9863884 read event=3323 count=4096 submitted=13611008
t=9866826 read event=3324 count=4096 submitted=13615104
t=9869639 read event=3325 count=4096 submitted=13619200
t=9872440 read event=3326 count=4096 submitted=13623296
t=9875191 read event=3327 count=4096 submitted=13627392
t=9878142 read event=3328 count=4096 submitted=13631488
t=9880974 read event=3329 count=4096 submitted=13635584
t=9883728 read event=3330 count=4096 submitted=13639680
t=9886467 read event=3331 count=4096 submitted=13643776
t=9889416 read event=3332 count=4096 submitted=13647872
t=9892236 read event=3333 count=4096 submitted=13651968
t=9894985 read event=3334 count=4096 submitted=13656064
t=9897733 read event=3335 count=4096 submitted=13660160
t=9901176 read event=3336 count=4096 submitted=13664256
t=9904051 read event=3337 count=4096 submitted=13668352
t=9906896 read event=3338 count=4096 submitted=13672448
t=9909647 read event=3339 count=4096 submitted=13676544
t=9912608 read event=3340 count=4096 submitted=13680640
t=9915484 read event=3341 count=4096 submitted=13684736
t=9918239 read event=3342 count=4096 submitted=13688832
t=9920985 read event=3343 count=4096 submitted=13692928
t=9923927 read event=3344 count=4096 submitted=13697024
t=9926746 read event=3345 count=4096 submitted=13701120
t=9929493 read event=3346 count=4096 submitted=13705216
t=9932241 read event=3347 count=4096 submitted=13709312
t=9935184 read event=3348 count=4096 submitted=13713408
t=9938007 read event=3349 count=4096 submitted=13717504
t=9940760 read event=3350 count=4096 submitted=13721600
t=9943506 read event=3351 count=4096 submitted=13725696
t=9946453 read event=3352 count=4096 submitted=13729792
t=9949276 read event=3353 count=4096 submitted=13733888
t=9952026 read event=3354 count=4096 submitted=13737984
t=9954772 read event=3355 count=4096 submitted=13742080
t=9957741 read event=3356 count=4096 submitted=13746176
t=9960557 read event=3357 count=4096 submitted=13750272
t=9963306 read event=3358 count=4096 submitted=13754368
t=9966051 read event=3359 count=4096 submitted=13758464
t=9968992 read event=3360 count=4096 submitted=13762560
t=9971810 read event=3361 count=4096 submitted=13766656
t=9974552 read event=3362 count=4096 submitted=13770752
t=9977298 read event=3363 count=4096 submitted=13774848
t=9980241 read event=3364 count=4096 submitted=13778944
t=9983058 read event=3365 count=4096 submitted=13783040
t=9985809 read event=3366 count=4096 submitted=13787136
t=9988550 read event=3367 count=4096 submitted=13791232
t=9992016 read event=3368 count=4096 submitted=13795328
t=9994891 read event=3369 count=4096 submitted=13799424
t=9997721 read event=3370 count=4096 submitted=13803520
t=10000472 read event=3371 count=4096 submitted=13807616
t=10003437 read event=3372 count=4096 submitted=13811712
t=10006306 read event=3373 count=4096 submitted=13815808
t=10009062 read event=3374 count=4096 submitted=13819904
t=10011811 read event=3375 count=4096 submitted=13824000
t=10014756 read event=3376 count=4096 submitted=13828096
t=10017578 read event=3377 count=4096 submitted=13832192
t=10020326 read event=3378 count=4096 submitted=13836288
t=10023072 read event=3379 count=4096 submitted=13840384
t=10026017 read event=3380 count=4096 submitted=13844480
t=10028834 read event=3381 count=4096 submitted=13848576
t=10031580 read event=3382 count=4096 submitted=13852672
t=10034327 read event=3383 count=4096 submitted=13856768
t=10037269 read event=3384 count=4096 submitted=13860864
t=10040090 read event=3385 count=4096 submitted=13864960
t=10042838 read event=3386 count=4096 submitted=13869056
t=10045583 read event=3387 count=4096 submitted=13873152
t=10048533 read event=3388 count=4096 submitted=13877248
t=10051351 read event=3389 count=4096 submitted=13881344
t=10054101 read event=3390 count=4096 submitted=13885440
t=10056847 read event=3391 count=4096 submitted=13889536
t=10059788 read event=3392 count=4096 submitted=13893632
t=10062598 read event=3393 count=4096 submitted=13897728
t=10065354 read event=3394 count=4096 submitted=13901824
t=10068103 read event=3395 count=4096 submitted=13905920
t=10071051 read event=3396 count=4096 submitted=13910016
t=10073872 read event=3397 count=4096 submitted=13914112
t=10076615 read event=3398 count=4096 submitted=13918208
t=10079408 read event=3399 count=4096 submitted=13922304
t=10082878 read event=3400 count=4096 submitted=13926400
t=10085755 read event=3401 count=4096 submitted=13930496
t=10088583 read event=3402 count=4096 submitted=13934592
t=10091340 read event=3403 count=4096 submitted=13938688
t=10094298 read event=3404 count=4096 submitted=13942784
t=10097152 read event=3405 count=4096 submitted=13946880
t=10099906 read event=3406 count=4096 submitted=13950976
t=10102644 read event=3407 count=4096 submitted=13955072
t=10105608 read event=3408 count=4096 submitted=13959168
t=10108433 read event=3409 count=4096 submitted=13963264
t=10111183 read event=3410 count=4096 submitted=13967360
t=10113930 read event=3411 count=4096 submitted=13971456
t=10116874 read event=3412 count=4096 submitted=13975552
t=10119704 read event=3413 count=4096 submitted=13979648
t=10122448 read event=3414 count=4096 submitted=13983744
t=10125192 read event=3415 count=4096 submitted=13987840
t=10128134 read event=3416 count=4096 submitted=13991936
t=10130954 read event=3417 count=4096 submitted=13996032
t=10133706 read event=3418 count=4096 submitted=14000128
t=10136446 read event=3419 count=4096 submitted=14004224
t=10139391 read event=3420 count=4096 submitted=14008320
t=10142206 read event=3421 count=4096 submitted=14012416
t=10144952 read event=3422 count=4096 submitted=14016512
t=10147699 read event=3423 count=4096 submitted=14020608
t=10150632 read event=3424 count=4096 submitted=14024704
t=10153453 read event=3425 count=4096 submitted=14028800
t=10156204 read event=3426 count=4096 submitted=14032896
t=10158951 read event=3427 count=4096 submitted=14036992
t=10161929 read event=3428 count=4096 submitted=14041088
t=10164751 read event=3429 count=4096 submitted=14045184
t=10167499 read event=3430 count=4096 submitted=14049280
t=10170244 read event=3431 count=4096 submitted=14053376
t=10173701 read event=3432 count=4096 submitted=14057472
t=10176568 read event=3433 count=4096 submitted=14061568
t=10179408 read event=3434 count=4096 submitted=14065664
t=10182167 read event=3435 count=4096 submitted=14069760
t=10185127 read event=3436 count=4096 submitted=14073856
t=10187980 read event=3437 count=4096 submitted=14077952
t=10190734 read event=3438 count=4096 submitted=14082048
t=10193483 read event=3439 count=4096 submitted=14086144
t=10196435 read event=3440 count=4096 submitted=14090240
t=10199262 read event=3441 count=4096 submitted=14094336
t=10202020 read event=3442 count=4096 submitted=14098432
t=10204776 read event=3443 count=4096 submitted=14102528
t=10207721 read event=3444 count=4096 submitted=14106624
t=10210537 read event=3445 count=4096 submitted=14110720
t=10213291 read event=3446 count=4096 submitted=14114816
t=10216039 read event=3447 count=4096 submitted=14118912
t=10218982 read event=3448 count=4096 submitted=14123008
t=10221809 read event=3449 count=4096 submitted=14127104
t=10224554 read event=3450 count=4096 submitted=14131200
t=10227301 read event=3451 count=4096 submitted=14135296
t=10230251 read event=3452 count=4096 submitted=14139392
t=10233067 read event=3453 count=4096 submitted=14143488
t=10235817 read event=3454 count=4096 submitted=14147584
t=10238556 read event=3455 count=4096 submitted=14151680
t=10241506 read event=3456 count=4096 submitted=14155776
t=10244321 read event=3457 count=4096 submitted=14159872
t=10247071 read event=3458 count=4096 submitted=14163968
t=10249819 read event=3459 count=4096 submitted=14168064
t=10252759 read event=3460 count=4096 submitted=14172160
t=10255571 read event=3461 count=4096 submitted=14176256
t=10258322 read event=3462 count=4096 submitted=14180352
t=10261073 read event=3463 count=4096 submitted=14184448
t=10264556 read event=3464 count=4096 submitted=14188544
t=10267444 read event=3465 count=4096 submitted=14192640
t=10270280 read event=3466 count=4096 submitted=14196736
t=10273038 read event=3467 count=4096 submitted=14200832
t=10275997 read event=3468 count=4096 submitted=14204928
t=10278857 read event=3469 count=4096 submitted=14209024
t=10281604 read event=3470 count=4096 submitted=14213120
t=10284349 read event=3471 count=4096 submitted=14217216
t=10287340 read event=3472 count=4096 submitted=14221312
t=10290168 read event=3473 count=4096 submitted=14225408
t=10292919 read event=3474 count=4096 submitted=14229504
t=10295661 read event=3475 count=4096 submitted=14233600
t=10298614 read event=3476 count=4096 submitted=14237696
t=10301441 read event=3477 count=4096 submitted=14241792
t=10304192 read event=3478 count=4096 submitted=14245888
t=10306951 read event=3479 count=4096 submitted=14249984
t=10309897 read event=3480 count=4096 submitted=14254080
t=10312714 read event=3481 count=4096 submitted=14258176
t=10315461 read event=3482 count=4096 submitted=14262272
t=10318207 read event=3483 count=4096 submitted=14266368
t=10321153 read event=3484 count=4096 submitted=14270464
t=10323975 read event=3485 count=4096 submitted=14274560
t=10326723 read event=3486 count=4096 submitted=14278656
t=10329465 read event=3487 count=4096 submitted=14282752
t=10332416 read event=3488 count=4096 submitted=14286848
t=10335231 read event=3489 count=4096 submitted=14290944
t=10337982 read event=3490 count=4096 submitted=14295040
t=10340727 read event=3491 count=4096 submitted=14299136
t=10343664 read event=3492 count=4096 submitted=14303232
t=10346483 read event=3493 count=4096 submitted=14307328
t=10349235 read event=3494 count=4096 submitted=14311424
t=10351983 read event=3495 count=4096 submitted=14315520
t=10355429 read event=3496 count=4096 submitted=14319616
t=10358305 read event=3497 count=4096 submitted=14323712
t=10361143 read event=3498 count=4096 submitted=14327808
t=10363906 read event=3499 count=4096 submitted=14331904
t=10366883 read event=3500 count=4096 submitted=14336000
t=10369742 read event=3501 count=4096 submitted=14340096
t=10372489 read event=3502 count=4096 submitted=14344192
t=10375233 read event=3503 count=4096 submitted=14348288
t=10378172 read event=3504 count=4096 submitted=14352384
t=10381005 read event=3505 count=4096 submitted=14356480
t=10383759 read event=3506 count=4096 submitted=14360576
t=10386499 read event=3507 count=4096 submitted=14364672
t=10389454 read event=3508 count=4096 submitted=14368768
t=10392278 read event=3509 count=4096 submitted=14372864
t=10395031 read event=3510 count=4096 submitted=14376960
t=10397780 read event=3511 count=4096 submitted=14381056
t=10400719 read event=3512 count=4096 submitted=14385152
t=10403536 read event=3513 count=4096 submitted=14389248
t=10406298 read event=3514 count=4096 submitted=14393344
t=10409047 read event=3515 count=4096 submitted=14397440
t=10411996 read event=3516 count=4096 submitted=14401536
t=10414813 read event=3517 count=4096 submitted=14405632
t=10417558 read event=3518 count=4096 submitted=14409728
t=10420303 read event=3519 count=4096 submitted=14413824
t=10423246 read event=3520 count=4096 submitted=14417920
t=10426065 read event=3521 count=4096 submitted=14422016
t=10428814 read event=3522 count=4096 submitted=14426112
t=10431557 read event=3523 count=4096 submitted=14430208
t=10434506 read event=3524 count=4096 submitted=14434304
t=10437323 read event=3525 count=4096 submitted=14438400
t=10440071 read event=3526 count=4096 submitted=14442496
t=10442816 read event=3527 count=4096 submitted=14446592
t=10446271 read event=3528 count=4096 submitted=14450688
t=10449148 read event=3529 count=4096 submitted=14454784
t=10451987 read event=3530 count=4096 submitted=14458880
t=10454743 read event=3531 count=4096 submitted=14462976
t=10457704 read event=3532 count=4096 submitted=14467072
t=10460561 read event=3533 count=4096 submitted=14471168
t=10463314 read event=3534 count=4096 submitted=14475264
t=10466062 read event=3535 count=4096 submitted=14479360
t=10469002 read event=3536 count=4096 submitted=14483456
t=10471826 read event=3537 count=4096 submitted=14487552
t=10474573 read event=3538 count=4096 submitted=14491648
t=10477320 read event=3539 count=4096 submitted=14495744
t=10480262 read event=3540 count=4096 submitted=14499840
t=10483081 read event=3541 count=4096 submitted=14503936
t=10485835 read event=3542 count=4096 submitted=14508032
t=10488574 read event=3543 count=4096 submitted=14512128
t=10491529 read event=3544 count=4096 submitted=14516224
t=10494393 read event=3545 count=4096 submitted=14520320
t=10497151 read event=3546 count=4096 submitted=14524416
t=10499898 read event=3547 count=4096 submitted=14528512
t=10502846 read event=3548 count=4096 submitted=14532608
t=10505677 read event=3549 count=4096 submitted=14536704
t=10508429 read event=3550 count=4096 submitted=14540800
t=10511172 read event=3551 count=4096 submitted=14544896
t=10514110 read event=3552 count=4096 submitted=14548992
t=10516924 read event=3553 count=4096 submitted=14553088
t=10519672 read event=3554 count=4096 submitted=14557184
t=10522418 read event=3555 count=4096 submitted=14561280
t=10525360 read event=3556 count=4096 submitted=14565376
t=10528186 read event=3557 count=4096 submitted=14569472
t=10530939 read event=3558 count=4096 submitted=14573568
t=10533681 read event=3559 count=4096 submitted=14577664
t=10537128 read event=3560 count=4096 submitted=14581760
t=10540005 read event=3561 count=4096 submitted=14585856
t=10542844 read event=3562 count=4096 submitted=14589952
t=10545596 read event=3563 count=4096 submitted=14594048
t=10548559 read event=3564 count=4096 submitted=14598144
t=10551421 read event=3565 count=4096 submitted=14602240
t=10554171 read event=3566 count=4096 submitted=14606336
t=10556914 read event=3567 count=4096 submitted=14610432
t=10559856 read event=3568 count=4096 submitted=14614528
t=10562670 read event=3569 count=4096 submitted=14618624
t=10565427 read event=3570 count=4096 submitted=14622720
t=10568175 read event=3571 count=4096 submitted=14626816
t=10571139 read event=3572 count=4096 submitted=14630912
t=10573964 read event=3573 count=4096 submitted=14635008
t=10576714 read event=3574 count=4096 submitted=14639104
t=10579457 read event=3575 count=4096 submitted=14643200
t=10582408 read event=3576 count=4096 submitted=14647296
t=10585231 read event=3577 count=4096 submitted=14651392
t=10587982 read event=3578 count=4096 submitted=14655488
t=10590729 read event=3579 count=4096 submitted=14659584
t=10593669 read event=3580 count=4096 submitted=14663680
t=10596490 read event=3581 count=4096 submitted=14667776
t=10599243 read event=3582 count=4096 submitted=14671872
t=10601987 read event=3583 count=4096 submitted=14675968
t=10604940 read event=3584 count=4096 submitted=14680064
t=10607761 read event=3585 count=4096 submitted=14684160
t=10610508 read event=3586 count=4096 submitted=14688256
t=10613255 read event=3587 count=4096 submitted=14692352
t=10616196 read event=3588 count=4096 submitted=14696448
t=10619013 read event=3589 count=4096 submitted=14700544
t=10621765 read event=3590 count=4096 submitted=14704640
t=10624505 read event=3591 count=4096 submitted=14708736
t=10627972 read event=3592 count=4096 submitted=14712832
t=10630857 read event=3593 count=4096 submitted=14716928
t=10633695 read event=3594 count=4096 submitted=14721024
t=10636443 read event=3595 count=4096 submitted=14725120
t=10639411 read event=3596 count=4096 submitted=14729216
t=10642271 read event=3597 count=4096 submitted=14733312
t=10645026 read event=3598 count=4096 submitted=14737408
t=10647774 read event=3599 count=4096 submitted=14741504
t=10650717 read event=3600 count=4096 submitted=14745600
t=10653533 read event=3601 count=4096 submitted=14749696
t=10656285 read event=3602 count=4096 submitted=14753792
t=10659028 read event=3603 count=4096 submitted=14757888
t=10661969 read event=3604 count=4096 submitted=14761984
t=10664786 read event=3605 count=4096 submitted=14766080
t=10667532 read event=3606 count=4096 submitted=14770176
t=10670277 read event=3607 count=4096 submitted=14774272
t=10673224 read event=3608 count=4096 submitted=14778368
t=10676042 read event=3609 count=4096 submitted=14782464
t=10678791 read event=3610 count=4096 submitted=14786560
t=10681531 read event=3611 count=4096 submitted=14790656
t=10684484 read event=3612 count=4096 submitted=14794752
t=10687300 read event=3613 count=4096 submitted=14798848
t=10690048 read event=3614 count=4096 submitted=14802944
t=10692793 read event=3615 count=4096 submitted=14807040
t=10695731 read event=3616 count=4096 submitted=14811136
t=10698542 read event=3617 count=4096 submitted=14815232
t=10701294 read event=3618 count=4096 submitted=14819328
t=10704091 read event=3619 count=4096 submitted=14823424
t=10707056 read event=3620 count=4096 submitted=14827520
t=10709879 read event=3621 count=4096 submitted=14831616
t=10712625 read event=3622 count=4096 submitted=14835712
t=10715372 read event=3623 count=4096 submitted=14839808
t=10718832 read event=3624 count=4096 submitted=14843904
t=10721705 read event=3625 count=4096 submitted=14848000
t=10724530 read event=3626 count=4096 submitted=14852096
t=10727286 read event=3627 count=4096 submitted=14856192
t=10730239 read event=3628 count=4096 submitted=14860288
t=10733105 read event=3629 count=4096 submitted=14864384
t=10735859 read event=3630 count=4096 submitted=14868480
t=10738596 read event=3631 count=4096 submitted=14872576
t=10741551 read event=3632 count=4096 submitted=14876672
t=10744381 read event=3633 count=4096 submitted=14880768
t=10747132 read event=3634 count=4096 submitted=14884864
t=10749880 read event=3635 count=4096 submitted=14888960
t=10752820 read event=3636 count=4096 submitted=14893056
t=10755637 read event=3637 count=4096 submitted=14897152
t=10758393 read event=3638 count=4096 submitted=14901248
t=10761140 read event=3639 count=4096 submitted=14905344
t=10764083 read event=3640 count=4096 submitted=14909440
t=10766902 read event=3641 count=4096 submitted=14913536
t=10769646 read event=3642 count=4096 submitted=14917632
t=10772397 read event=3643 count=4096 submitted=14921728
t=10775363 read event=3644 count=4096 submitted=14925824
t=10778190 read event=3645 count=4096 submitted=14929920
t=10780940 read event=3646 count=4096 submitted=14934016
t=10783681 read event=3647 count=4096 submitted=14938112
t=10786624 read event=3648 count=4096 submitted=14942208
t=10789451 read event=3649 count=4096 submitted=14946304
t=10792200 read event=3650 count=4096 submitted=14950400
t=10794945 read event=3651 count=4096 submitted=14954496
t=10797888 read event=3652 count=4096 submitted=14958592
t=10800707 read event=3653 count=4096 submitted=14962688
t=10803457 read event=3654 count=4096 submitted=14966784
t=10806214 read event=3655 count=4096 submitted=14970880
t=10809677 read event=3656 count=4096 submitted=14974976
t=10812555 read event=3657 count=4096 submitted=14979072
t=10815395 read event=3658 count=4096 submitted=14983168
t=10818151 read event=3659 count=4096 submitted=14987264
t=10821108 read event=3660 count=4096 submitted=14991360
t=10823965 read event=3661 count=4096 submitted=14995456
t=10826718 read event=3662 count=4096 submitted=14999552
t=10829458 read event=3663 count=4096 submitted=15003648
t=10832436 read event=3664 count=4096 submitted=15007744
t=10835275 read event=3665 count=4096 submitted=15011840
t=10838028 read event=3666 count=4096 submitted=15015936
t=10840776 read event=3667 count=4096 submitted=15020032
t=10843724 read event=3668 count=4096 submitted=15024128
t=10846539 read event=3669 count=4096 submitted=15028224
t=10849292 read event=3670 count=4096 submitted=15032320
t=10852036 read event=3671 count=4096 submitted=15036416
t=10854978 read event=3672 count=4096 submitted=15040512
t=10857797 read event=3673 count=4096 submitted=15044608
t=10860541 read event=3674 count=4096 submitted=15048704
t=10863286 read event=3675 count=4096 submitted=15052800
t=10866226 read event=3676 count=4096 submitted=15056896
t=10869040 read event=3677 count=4096 submitted=15060992
t=10871792 read event=3678 count=4096 submitted=15065088
t=10874528 read event=3679 count=4096 submitted=15069184
t=10877485 read event=3680 count=4096 submitted=15073280
t=10880300 read event=3681 count=4096 submitted=15077376
t=10883048 read event=3682 count=4096 submitted=15081472
t=10885794 read event=3683 count=4096 submitted=15085568
t=10888733 read event=3684 count=4096 submitted=15089664
t=10891553 read event=3685 count=4096 submitted=15093760
t=10894304 read event=3686 count=4096 submitted=15097856
t=10897049 read event=3687 count=4096 submitted=15101952
t=10900508 read event=3688 count=4096 submitted=15106048
t=10903383 read event=3689 count=4096 submitted=15110144
t=10906231 read event=3690 count=4096 submitted=15114240
t=10908988 read event=3691 count=4096 submitted=15118336
t=10911995 read event=3692 count=4096 submitted=15122432
t=10914863 read event=3693 count=4096 submitted=15126528
t=10917612 read event=3694 count=4096 submitted=15130624
t=10920359 read event=3695 count=4096 submitted=15134720
t=10923304 read event=3696 count=4096 submitted=15138816
t=10926132 read event=3697 count=4096 submitted=15142912
t=10928884 read event=3698 count=4096 submitted=15147008
t=10931625 read event=3699 count=4096 submitted=15151104
t=10934584 read event=3700 count=4096 submitted=15155200
t=10937417 read event=3701 count=4096 submitted=15159296
t=10940168 read event=3702 count=4096 submitted=15163392
t=10942914 read event=3703 count=4096 submitted=15167488
t=10945856 read event=3704 count=4096 submitted=15171584
t=10948669 read event=3705 count=4096 submitted=15175680
t=10951423 read event=3706 count=4096 submitted=15179776
t=10954168 read event=3707 count=4096 submitted=15183872
t=10957109 read event=3708 count=4096 submitted=15187968
t=10959922 read event=3709 count=4096 submitted=15192064
t=10962662 read event=3710 count=4096 submitted=15196160
t=10965414 read event=3711 count=4096 submitted=15200256
t=10968358 read event=3712 count=4096 submitted=15204352
t=10971179 read event=3713 count=4096 submitted=15208448
t=10973933 read event=3714 count=4096 submitted=15212544
t=10976702 read event=3715 count=4096 submitted=15216640
t=10979639 read event=3716 count=4096 submitted=15220736
t=10982463 read event=3717 count=4096 submitted=15224832
t=10985217 read event=3718 count=4096 submitted=15228928
t=10987963 read event=3719 count=4096 submitted=15233024
t=10991416 read event=3720 count=4096 submitted=15237120
t=10994296 read event=3721 count=4096 submitted=15241216
t=10997131 read event=3722 count=4096 submitted=15245312
t=10999890 read event=3723 count=4096 submitted=15249408
t=11002845 read event=3724 count=4096 submitted=15253504
t=11005718 read event=3725 count=4096 submitted=15257600
t=11008466 read event=3726 count=4096 submitted=15261696
t=11011216 read event=3727 count=4096 submitted=15265792
t=11014161 read event=3728 count=4096 submitted=15269888
t=11016985 read event=3729 count=4096 submitted=15273984
t=11019739 read event=3730 count=4096 submitted=15278080
t=11022479 read event=3731 count=4096 submitted=15282176
t=11025428 read event=3732 count=4096 submitted=15286272
t=11028248 read event=3733 count=4096 submitted=15290368
t=11031000 read event=3734 count=4096 submitted=15294464
t=11033749 read event=3735 count=4096 submitted=15298560
t=11036695 read event=3736 count=4096 submitted=15302656
t=11039515 read event=3737 count=4096 submitted=15306752
t=11042263 read event=3738 count=4096 submitted=15310848
t=11045010 read event=3739 count=4096 submitted=15314944
t=11047951 read event=3740 count=4096 submitted=15319040
t=11050764 read event=3741 count=4096 submitted=15323136
t=11053507 read event=3742 count=4096 submitted=15327232
t=11056254 read event=3743 count=4096 submitted=15331328
t=11059196 read event=3744 count=4096 submitted=15335424
t=11062009 read event=3745 count=4096 submitted=15339520
t=11064756 read event=3746 count=4096 submitted=15343616
t=11067495 read event=3747 count=4096 submitted=15347712
t=11070443 read event=3748 count=4096 submitted=15351808
t=11073259 read event=3749 count=4096 submitted=15355904
t=11076008 read event=3750 count=4096 submitted=15360000
t=11078755 read event=3751 count=4096 submitted=15364096
t=11082216 read event=3752 count=4096 submitted=15368192
t=11085094 read event=3753 count=4096 submitted=15372288
t=11087931 read event=3754 count=4096 submitted=15376384
t=11090679 read event=3755 count=4096 submitted=15380480
t=11093637 read event=3756 count=4096 submitted=15384576
t=11096499 read event=3757 count=4096 submitted=15388672
t=11099253 read event=3758 count=4096 submitted=15392768
t=11101999 read event=3759 count=4096 submitted=15396864
t=11104952 read event=3760 count=4096 submitted=15400960
t=11107777 read event=3761 count=4096 submitted=15405056
t=11110520 read event=3762 count=4096 submitted=15409152
t=11113269 read event=3763 count=4096 submitted=15413248
t=11116210 read event=3764 count=4096 submitted=15417344
t=11119076 read event=3765 count=4096 submitted=15421440
t=11121833 read event=3766 count=4096 submitted=15425536
t=11124575 read event=3767 count=4096 submitted=15429632
t=11127531 read event=3768 count=4096 submitted=15433728
t=11130357 read event=3769 count=4096 submitted=15437824
t=11133106 read event=3770 count=4096 submitted=15441920
t=11135853 read event=3771 count=4096 submitted=15446016
t=11138791 read event=3772 count=4096 submitted=15450112
t=11141612 read event=3773 count=4096 submitted=15454208
t=11144359 read event=3774 count=4096 submitted=15458304
t=11147106 read event=3775 count=4096 submitted=15462400
t=11150049 read event=3776 count=4096 submitted=15466496
t=11152865 read event=3777 count=4096 submitted=15470592
t=11155610 read event=3778 count=4096 submitted=15474688
t=11158354 read event=3779 count=4096 submitted=15478784
t=11161299 read event=3780 count=4096 submitted=15482880
t=11164115 read event=3781 count=4096 submitted=15486976
t=11166865 read event=3782 count=4096 submitted=15491072
t=11169608 read event=3783 count=4096 submitted=15495168
t=11173065 read event=3784 count=4096 submitted=15499264
t=11175941 read event=3785 count=4096 submitted=15503360
t=11178774 read event=3786 count=4096 submitted=15507456
t=11181544 read event=3787 count=4096 submitted=15511552
t=11184507 read event=3788 count=4096 submitted=15515648
t=11187369 read event=3789 count=4096 submitted=15519744
t=11190119 read event=3790 count=4096 submitted=15523840
t=11192871 read event=3791 count=4096 submitted=15527936
t=11195815 read event=3792 count=4096 submitted=15532032
t=11198633 read event=3793 count=4096 submitted=15536128
t=11201386 read event=3794 count=4096 submitted=15540224
t=11204131 read event=3795 count=4096 submitted=15544320
t=11207086 read event=3796 count=4096 submitted=15548416
t=11209905 read event=3797 count=4096 submitted=15552512
t=11212649 read event=3798 count=4096 submitted=15556608
t=11215404 read event=3799 count=4096 submitted=15560704
t=11218358 read event=3800 count=4096 submitted=15564800
t=11221186 read event=3801 count=4096 submitted=15568896
t=11223937 read event=3802 count=4096 submitted=15572992
t=11226674 read event=3803 count=4096 submitted=15577088
t=11229624 read event=3804 count=4096 submitted=15581184
t=11232446 read event=3805 count=4096 submitted=15585280
t=11235198 read event=3806 count=4096 submitted=15589376
t=11237945 read event=3807 count=4096 submitted=15593472
t=11240888 read event=3808 count=4096 submitted=15597568
t=11243715 read event=3809 count=4096 submitted=15601664
t=11246459 read event=3810 count=4096 submitted=15605760
t=11249204 read event=3811 count=4096 submitted=15609856
t=11252148 read event=3812 count=4096 submitted=15613952
t=11254964 read event=3813 count=4096 submitted=15618048
t=11257713 read event=3814 count=4096 submitted=15622144
t=11260452 read event=3815 count=4096 submitted=15626240
t=11263936 read event=3816 count=4096 submitted=15630336
t=11266814 read event=3817 count=4096 submitted=15634432
t=11269642 read event=3818 count=4096 submitted=15638528
t=11272402 read event=3819 count=4096 submitted=15642624
t=11275357 read event=3820 count=4096 submitted=15646720
t=11278216 read event=3821 count=4096 submitted=15650816
t=11280969 read event=3822 count=4096 submitted=15654912
t=11283717 read event=3823 count=4096 submitted=15659008
t=11286655 read event=3824 count=4096 submitted=15663104
t=11289486 read event=3825 count=4096 submitted=15667200
t=11292237 read event=3826 count=4096 submitted=15671296
t=11294982 read event=3827 count=4096 submitted=15675392
t=11297926 read event=3828 count=4096 submitted=15679488
t=11300744 read event=3829 count=4096 submitted=15683584
t=11303490 read event=3830 count=4096 submitted=15687680
t=11306252 read event=3831 count=4096 submitted=15691776
t=11309200 read event=3832 count=4096 submitted=15695872
t=11312024 read event=3833 count=4096 submitted=15699968
t=11314776 read event=3834 count=4096 submitted=15704064
t=11317518 read event=3835 count=4096 submitted=15708160
t=11320467 read event=3836 count=4096 submitted=15712256
t=11323285 read event=3837 count=4096 submitted=15716352
t=11326033 read event=3838 count=4096 submitted=15720448
t=11328827 read event=3839 count=4096 submitted=15724544
t=11331780 read event=3840 count=4096 submitted=15728640
t=11334595 read event=3841 count=4096 submitted=15732736
t=11337349 read event=3842 count=4096 submitted=15736832
t=11340098 read event=3843 count=4096 submitted=15740928
t=11343041 read event=3844 count=4096 submitted=15745024
t=11345865 read event=3845 count=4096 submitted=15749120
t=11348610 read event=3846 count=4096 submitted=15753216
t=11351359 read event=3847 count=4096 submitted=15757312
t=11354822 read event=3848 count=4096 submitted=15761408
t=11357698 read event=3849 count=4096 submitted=15765504
t=11360522 read event=3850 count=4096 submitted=15769600
t=11363277 read event=3851 count=4096 submitted=15773696
t=11366233 read event=3852 count=4096 submitted=15777792
t=11369094 read event=3853 count=4096 submitted=15781888
t=11371849 read event=3854 count=4096 submitted=15785984
t=11374589 read event=3855 count=4096 submitted=15790080
t=11377539 read event=3856 count=4096 submitted=15794176
t=11380362 read event=3857 count=4096 submitted=15798272
t=11383114 read event=3858 count=4096 submitted=15802368
t=11385881 read event=3859 count=4096 submitted=15806464
t=11388827 read event=3860 count=4096 submitted=15810560
t=11391660 read event=3861 count=4096 submitted=15814656
t=11394416 read event=3862 count=4096 submitted=15818752
t=11397159 read event=3863 count=4096 submitted=15822848
t=11400104 read event=3864 count=4096 submitted=15826944
t=11402924 read event=3865 count=4096 submitted=15831040
t=11405691 read event=3866 count=4096 submitted=15835136
t=11408431 read event=3867 count=4096 submitted=15839232
t=11411373 read event=3868 count=4096 submitted=15843328
t=11414192 read event=3869 count=4096 submitted=15847424
t=11416940 read event=3870 count=4096 submitted=15851520
t=11419680 read event=3871 count=4096 submitted=15855616
t=11422624 read event=3872 count=4096 submitted=15859712
t=11425451 read event=3873 count=4096 submitted=15863808
t=11428201 read event=3874 count=4096 submitted=15867904
t=11430946 read event=3875 count=4096 submitted=15872000
t=11433890 read event=3876 count=4096 submitted=15876096
t=11436705 read event=3877 count=4096 submitted=15880192
t=11439452 read event=3878 count=4096 submitted=15884288
t=11442195 read event=3879 count=4096 submitted=15888384
t=11445650 read event=3880 count=4096 submitted=15892480
t=11448535 read event=3881 count=4096 submitted=15896576
t=11451370 read event=3882 count=4096 submitted=15900672
t=11454128 read event=3883 count=4096 submitted=15904768
t=11457083 read event=3884 count=4096 submitted=15908864
t=11459941 read event=3885 count=4096 submitted=15912960
t=11462692 read event=3886 count=4096 submitted=15917056
t=11465434 read event=3887 count=4096 submitted=15921152
t=11468378 read event=3888 count=4096 submitted=15925248
t=11471199 read event=3889 count=4096 submitted=15929344
t=11473952 read event=3890 count=4096 submitted=15933440
t=11476698 read event=3891 count=4096 submitted=15937536
t=11479641 read event=3892 count=4096 submitted=15941632
t=11482460 read event=3893 count=4096 submitted=15945728
t=11485208 read event=3894 count=4096 submitted=15949824
t=11487956 read event=3895 count=4096 submitted=15953920
t=11490897 read event=3896 count=4096 submitted=15958016
t=11493718 read event=3897 count=4096 submitted=15962112
t=11496461 read event=3898 count=4096 submitted=15966208
t=11499208 read event=3899 count=4096 submitted=15970304
t=11502148 read event=3900 count=4096 submitted=15974400
t=11504974 read event=3901 count=4096 submitted=15978496
t=11507727 read event=3902 count=4096 submitted=15982592
t=11510464 read event=3903 count=4096 submitted=15986688
t=11513416 read event=3904 count=4096 submitted=15990784
t=11516231 read event=3905 count=4096 submitted=15994880
t=11518979 read event=3906 count=4096 submitted=15998976
t=11521726 read event=3907 count=4096 submitted=16003072
t=11524663 read event=3908 count=4096 submitted=16007168
t=11527480 read event=3909 count=4096 submitted=16011264
t=11530228 read event=3910 count=4096 submitted=16015360
t=11532973 read event=3911 count=4096 submitted=16019456
t=11536458 read event=3912 count=4096 submitted=16023552
t=11539335 read event=3913 count=4096 submitted=16027648
t=11542161 read event=3914 count=4096 submitted=16031744
t=11544918 read event=3915 count=4096 submitted=16035840
t=11547873 read event=3916 count=4096 submitted=16039936
t=11550735 read event=3917 count=4096 submitted=16044032
t=11553483 read event=3918 count=4096 submitted=16048128
t=11556230 read event=3919 count=4096 submitted=16052224
t=11559175 read event=3920 count=4096 submitted=16056320
t=11561994 read event=3921 count=4096 submitted=16060416
t=11564744 read event=3922 count=4096 submitted=16064512
t=11567487 read event=3923 count=4096 submitted=16068608
t=11570443 read event=3924 count=4096 submitted=16072704
t=11573259 read event=3925 count=4096 submitted=16076800
t=11576010 read event=3926 count=4096 submitted=16080896
t=11578758 read event=3927 count=4096 submitted=16084992
t=11581705 read event=3928 count=4096 submitted=16089088
t=11584514 read event=3929 count=4096 submitted=16093184
t=11587264 read event=3930 count=4096 submitted=16097280
t=11590031 read event=3931 count=4096 submitted=16101376
t=11592972 read event=3932 count=4096 submitted=16105472
t=11595796 read event=3933 count=4096 submitted=16109568
t=11598538 read event=3934 count=4096 submitted=16113664
t=11601284 read event=3935 count=4096 submitted=16117760
t=11604224 read event=3936 count=4096 submitted=16121856
t=11607056 read event=3937 count=4096 submitted=16125952
t=11609808 read event=3938 count=4096 submitted=16130048
t=11612549 read event=3939 count=4096 submitted=16134144
t=11615506 read event=3940 count=4096 submitted=16138240
t=11618322 read event=3941 count=4096 submitted=16142336
t=11621072 read event=3942 count=4096 submitted=16146432
t=11623818 read event=3943 count=4096 submitted=16150528
t=11627259 read event=3944 count=4096 submitted=16154624
t=11630134 read event=3945 count=4096 submitted=16158720
t=11632970 read event=3946 count=4096 submitted=16162816
t=11635777 read event=3947 count=4096 submitted=16166912
t=11639114 read event=3948 count=4096 submitted=16171008
t=11642327 read event=3949 count=4096 submitted=16175104
t=11645380 read event=3950 count=4096 submitted=16179200
t=11648441 read event=3951 count=4096 submitted=16183296
t=11651766 read event=3952 count=4096 submitted=16187392
t=11654675 read event=3953 count=4096 submitted=16191488
t=11657441 read event=3954 count=4096 submitted=16195584
t=11660192 read event=3955 count=4096 submitted=16199680
t=11663146 read event=3956 count=4096 submitted=16203776
t=11665979 read event=3957 count=4096 submitted=16207872
t=11668732 read event=3958 count=4096 submitted=16211968
t=11671473 read event=3959 count=4096 submitted=16216064
t=11674426 read event=3960 count=4096 submitted=16220160
t=11677250 read event=3961 count=4096 submitted=16224256
t=11679999 read event=3962 count=4096 submitted=16228352
t=11682744 read event=3963 count=4096 submitted=16232448
t=11685694 read event=3964 count=4096 submitted=16236544
t=11688506 read event=3965 count=4096 submitted=16240640
t=11691262 read event=3966 count=4096 submitted=16244736
t=11694009 read event=3967 count=4096 submitted=16248832
t=11696951 read event=3968 count=4096 submitted=16252928
t=11699768 read event=3969 count=4096 submitted=16257024
t=11702511 read event=3970 count=4096 submitted=16261120
t=11705270 read event=3971 count=4096 submitted=16265216
t=11708216 read event=3972 count=4096 submitted=16269312
t=11711034 read event=3973 count=4096 submitted=16273408
t=11713786 read event=3974 count=4096 submitted=16277504
t=11716524 read event=3975 count=4096 submitted=16281600
t=11720011 read event=3976 count=4096 submitted=16285696
t=11722887 read event=3977 count=4096 submitted=16289792
t=11725728 read event=3978 count=4096 submitted=16293888
t=11728475 read event=3979 count=4096 submitted=16297984
t=11731438 read event=3980 count=4096 submitted=16302080
t=11734294 read event=3981 count=4096 submitted=16306176
t=11737049 read event=3982 count=4096 submitted=16310272
t=11739801 read event=3983 count=4096 submitted=16314368
t=11742802 read event=3984 count=4096 submitted=16318464
t=11745630 read event=3985 count=4096 submitted=16322560
t=11748386 read event=3986 count=4096 submitted=16326656
t=11751135 read event=3987 count=4096 submitted=16330752
t=11754079 read event=3988 count=4096 submitted=16334848
t=11756903 read event=3989 count=4096 submitted=16338944
t=11759650 read event=3990 count=4096 submitted=16343040
t=11762398 read event=3991 count=4096 submitted=16347136
t=11765346 read event=3992 count=4096 submitted=16351232
t=11768166 read event=3993 count=4096 submitted=16355328
t=11770913 read event=3994 count=4096 submitted=16359424
t=11773654 read event=3995 count=4096 submitted=16363520
t=11776602 read event=3996 count=4096 submitted=16367616
t=11779426 read event=3997 count=4096 submitted=16371712
t=11782178 read event=3998 count=4096 submitted=16375808
t=11784921 read event=3999 count=4096 submitted=16379904
t=11787862 read event=4000 count=4096 submitted=16384000
t=11790718 read event=4001 count=4096 submitted=16388096
t=11793466 read event=4002 count=4096 submitted=16392192
t=11796235 read event=4003 count=4096 submitted=16396288
t=11799188 read event=4004 count=4096 submitted=16400384
t=11802010 read event=4005 count=4096 submitted=16404480
t=11804774 read event=4006 count=4096 submitted=16408576
t=11807518 read event=4007 count=4096 submitted=16412672
t=11810970 read event=4008 count=4096 submitted=16416768
t=11813849 read event=4009 count=4096 submitted=16420864
t=11816682 read event=4010 count=4096 submitted=16424960
t=11819442 read event=4011 count=4096 submitted=16429056
t=11822404 read event=4012 count=4096 submitted=16433152
t=11825267 read event=4013 count=4096 submitted=16437248
t=11828022 read event=4014 count=4096 submitted=16441344
t=11830767 read event=4015 count=4096 submitted=16445440
t=11833713 read event=4016 count=4096 submitted=16449536
t=11836532 read event=4017 count=4096 submitted=16453632
t=11839283 read event=4018 count=4096 submitted=16457728
t=11842029 read event=4019 count=4096 submitted=16461824
t=11844972 read event=4020 count=4096 submitted=16465920
t=11847792 read event=4021 count=4096 submitted=16470016
t=11850536 read event=4022 count=4096 submitted=16474112
t=11853281 read event=4023 count=4096 submitted=16478208
t=11856222 read event=4024 count=4096 submitted=16482304
t=11859052 read event=4025 count=4096 submitted=16486400
t=11861803 read event=4026 count=4096 submitted=16490496
t=11864545 read event=4027 count=4096 submitted=16494592
t=11867498 read event=4028 count=4096 submitted=16498688
t=11870316 read event=4029 count=4096 submitted=16502784
t=11873067 read event=4030 count=4096 submitted=16506880
t=11875815 read event=4031 count=4096 submitted=16510976
t=11878757 read event=4032 count=4096 submitted=16515072
t=11881570 read event=4033 count=4096 submitted=16519168
t=11884318 read event=4034 count=4096 submitted=16523264
t=11887065 read event=4035 count=4096 submitted=16527360
t=11890006 read event=4036 count=4096 submitted=16531456
t=11892835 read event=4037 count=4096 submitted=16535552
t=11895578 read event=4038 count=4096 submitted=16539648
t=11898326 read event=4039 count=4096 submitted=16543744
t=11901791 read event=4040 count=4096 submitted=16547840
t=11904661 read event=4041 count=4096 submitted=16551936
t=11907522 read event=4042 count=4096 submitted=16556032
t=11910281 read event=4043 count=4096 submitted=16560128
t=11913239 read event=4044 count=4096 submitted=16564224
t=11916095 read event=4045 count=4096 submitted=16568320
t=11918849 read event=4046 count=4096 submitted=16572416
t=11921591 read event=4047 count=4096 submitted=16576512
t=11924547 read event=4048 count=4096 submitted=16580608
t=11927369 read event=4049 count=4096 submitted=16584704
t=11930120 read event=4050 count=4096 submitted=16588800
t=11932864 read event=4051 count=4096 submitted=16592896
t=11935811 read event=4052 count=4096 submitted=16596992
t=11938623 read event=4053 count=4096 submitted=16601088
t=11941378 read event=4054 count=4096 submitted=16605184
t=11944123 read event=4055 count=4096 submitted=16609280
t=11947067 read event=4056 count=4096 submitted=16613376
t=11949883 read event=4057 count=4096 submitted=16617472
t=11952678 read event=4058 count=4096 submitted=16621568
t=11955432 read event=4059 count=4096 submitted=16625664
t=11958385 read event=4060 count=4096 submitted=16629760
t=11961213 read event=4061 count=4096 submitted=16633856
t=11963962 read event=4062 count=4096 submitted=16637952
t=11966705 read event=4063 count=4096 submitted=16642048
t=11969643 read event=4064 count=4096 submitted=16646144
t=11972462 read event=4065 count=4096 submitted=16650240
t=11975213 read event=4066 count=4096 submitted=16654336
t=11977958 read event=4067 count=4096 submitted=16658432
t=11980901 read event=4068 count=4096 submitted=16662528
t=11983720 read event=4069 count=4096 submitted=16666624
t=11986468 read event=4070 count=4096 submitted=16670720
t=11989216 read event=4071 count=4096 submitted=16674816
t=11992660 read event=4072 count=4096 submitted=16678912
t=11995545 read event=4073 count=4096 submitted=16683008
t=11998379 read event=4074 count=4096 submitted=16687104
t=12001154 read event=4075 count=4096 submitted=16691200
t=12004120 read event=4076 count=4096 submitted=16695296
t=12006994 read event=4077 count=4096 submitted=16699392
t=12009751 read event=4078 count=4096 submitted=16703488
t=12012493 read event=4079 count=4096 submitted=16707584
t=12015447 read event=4080 count=4096 submitted=16711680
t=12018272 read event=4081 count=4096 submitted=16715776
t=12021023 read event=4082 count=4096 submitted=16719872
t=12023769 read event=4083 count=4096 submitted=16723968
t=12026713 read event=4084 count=4096 submitted=16728064
t=12029526 read event=4085 count=4096 submitted=16732160
t=12032277 read event=4086 count=4096 submitted=16736256
t=12035023 read event=4087 count=4096 submitted=16740352
t=12037965 read event=4088 count=4096 submitted=16744448
t=12040783 read event=4089 count=4096 submitted=16748544
t=12043529 read event=4090 count=4096 submitted=16752640
t=12046273 read event=4091 count=4096 submitted=16756736
t=12049214 read event=4092 count=4096 submitted=16760832
t=12052035 read event=4093 count=4096 submitted=16764928
t=12054785 read event=4094 count=4096 submitted=16769024
t=12057528 read event=4095 count=4096 submitted=16773120
t=12060477 read event=4096 count=4096 submitted=16777216
t=12063300 read event=4097 count=4096 submitted=16781312
t=12066050 read event=4098 count=4096 submitted=16785408
t=12068794 read event=4099 count=4096 submitted=16789504
t=12071740 read event=4100 count=4096 submitted=16793600
t=12074549 read event=4101 count=4096 submitted=16797696
t=12077299 read event=4102 count=4096 submitted=16801792
t=12080045 read event=4103 count=4096 submitted=16805888
t=12083518 read event=4104 count=4096 submitted=16809984
t=12086401 read event=4105 count=4096 submitted=16814080
t=12089237 read event=4106 count=4096 submitted=16818176
t=12091994 read event=4107 count=4096 submitted=16822272
t=12094946 read event=4108 count=4096 submitted=16826368
t=12097806 read event=4109 count=4096 submitted=16830464
t=12100549 read event=4110 count=4096 submitted=16834560
t=12103298 read event=4111 count=4096 submitted=16838656
t=12106255 read event=4112 count=4096 submitted=16842752
t=12109082 read event=4113 count=4096 submitted=16846848
t=12111836 read event=4114 count=4096 submitted=16850944
t=12114580 read event=4115 count=4096 submitted=16855040
t=12117538 read event=4116 count=4096 submitted=16859136
t=12120361 read event=4117 count=4096 submitted=16863232
t=12123113 read event=4118 count=4096 submitted=16867328
t=12125865 read event=4119 count=4096 submitted=16871424
t=12128809 read event=4120 count=4096 submitted=16875520
t=12131626 read event=4121 count=4096 submitted=16879616
t=12134378 read event=4122 count=4096 submitted=16883712
t=12137124 read event=4123 count=4096 submitted=16887808
t=12140067 read event=4124 count=4096 submitted=16891904
t=12142884 read event=4125 count=4096 submitted=16896000
t=12145631 read event=4126 count=4096 submitted=16900096
t=12148378 read event=4127 count=4096 submitted=16904192
t=12151323 read event=4128 count=4096 submitted=16908288
t=12154138 read event=4129 count=4096 submitted=16912384
t=12156886 read event=4130 count=4096 submitted=16916480
t=12159680 read event=4131 count=4096 submitted=16920576
t=12162634 read event=4132 count=4096 submitted=16924672
t=12165470 read event=4133 count=4096 submitted=16928768
t=12168223 read event=4134 count=4096 submitted=16932864
t=12170966 read event=4135 count=4096 submitted=16936960
t=12174430 read event=4136 count=4096 submitted=16941056
t=12177310 read event=4137 count=4096 submitted=16945152
t=12180139 read event=4138 count=4096 submitted=16949248
t=12182896 read event=4139 count=4096 submitted=16953344
t=12185855 read event=4140 count=4096 submitted=16957440
t=12188714 read event=4141 count=4096 submitted=16961536
t=12191464 read event=4142 count=4096 submitted=16965632
t=12194211 read event=4143 count=4096 submitted=16969728
t=12197156 read event=4144 count=4096 submitted=16973824
t=12199981 read event=4145 count=4096 submitted=16977920
t=12202736 read event=4146 count=4096 submitted=16982016
t=12205522 read event=4147 count=4096 submitted=16986112
t=12208482 read event=4148 count=4096 submitted=16990208
t=12211307 read event=4149 count=4096 submitted=16994304
t=12214060 read event=4150 count=4096 submitted=16998400
t=12216806 read event=4151 count=4096 submitted=17002496
t=12219749 read event=4152 count=4096 submitted=17006592
t=12222565 read event=4153 count=4096 submitted=17010688
t=12225315 read event=4154 count=4096 submitted=17014784
t=12228061 read event=4155 count=4096 submitted=17018880
t=12231000 read event=4156 count=4096 submitted=17022976
t=12233815 read event=4157 count=4096 submitted=17027072
t=12236559 read event=4158 count=4096 submitted=17031168
t=12239305 read event=4159 count=4096 submitted=17035264
t=12242256 read event=4160 count=4096 submitted=17039360
t=12245080 read event=4161 count=4096 submitted=17043456
t=12247835 read event=4162 count=4096 submitted=17047552
t=12250577 read event=4163 count=4096 submitted=17051648
t=12253533 read event=4164 count=4096 submitted=17055744
t=12256349 read event=4165 count=4096 submitted=17059840
t=12259102 read event=4166 count=4096 submitted=17063936
t=12261882 read event=4167 count=4096 submitted=17068032
t=12265358 read event=4168 count=4096 submitted=17072128
t=12268257 read event=4169 count=4096 submitted=17076224
t=12271102 read event=4170 count=4096 submitted=17080320
t=12273859 read event=4171 count=4096 submitted=17084416
t=12276818 read event=4172 count=4096 submitted=17088512
t=12279675 read event=4173 count=4096 submitted=17092608
t=12282430 read event=4174 count=4096 submitted=17096704
t=12285176 read event=4175 count=4096 submitted=17100800
t=12288133 read event=4176 count=4096 submitted=17104896
t=12290961 read event=4177 count=4096 submitted=17108992
t=12293712 read event=4178 count=4096 submitted=17113088
t=12296455 read event=4179 count=4096 submitted=17117184
t=12299407 read event=4180 count=4096 submitted=17121280
t=12302227 read event=4181 count=4096 submitted=17125376
t=12304987 read event=4182 count=4096 submitted=17129472
t=12307737 read event=4183 count=4096 submitted=17133568
t=12310676 read event=4184 count=4096 submitted=17137664
t=12313548 read event=4185 count=4096 submitted=17141760
t=12316309 read event=4186 count=4096 submitted=17145856
t=12319059 read event=4187 count=4096 submitted=17149952
t=12322010 read event=4188 count=4096 submitted=17154048
t=12324840 read event=4189 count=4096 submitted=17158144
t=12327589 read event=4190 count=4096 submitted=17162240
t=12330335 read event=4191 count=4096 submitted=17166336
t=12333282 read event=4192 count=4096 submitted=17170432
t=12336102 read event=4193 count=4096 submitted=17174528
t=12338856 read event=4194 count=4096 submitted=17178624
t=12341597 read event=4195 count=4096 submitted=17182720
t=12344555 read event=4196 count=4096 submitted=17186816
t=12347374 read event=4197 count=4096 submitted=17190912
t=12350124 read event=4198 count=4096 submitted=17195008
t=12352869 read event=4199 count=4096 submitted=17199104
t=12356324 read event=4200 count=4096 submitted=17203200
t=12359203 read event=4201 count=4096 submitted=17207296
t=12362043 read event=4202 count=4096 submitted=17211392
t=12364801 read event=4203 count=4096 submitted=17215488
t=12367804 read event=4204 count=4096 submitted=17219584
t=12370668 read event=4205 count=4096 submitted=17223680
t=12373433 read event=4206 count=4096 submitted=17227776
t=12376179 read event=4207 count=4096 submitted=17231872
t=12379127 read event=4208 count=4096 submitted=17235968
t=12381952 read event=4209 count=4096 submitted=17240064
t=12384702 read event=4210 count=4096 submitted=17244160
t=12387445 read event=4211 count=4096 submitted=17248256
t=12390388 read event=4212 count=4096 submitted=17252352
t=12393222 read event=4213 count=4096 submitted=17256448
t=12395973 read event=4214 count=4096 submitted=17260544
t=12398719 read event=4215 count=4096 submitted=17264640
t=12401656 read event=4216 count=4096 submitted=17268736
t=12404481 read event=4217 count=4096 submitted=17272832
t=12407275 read event=4218 count=4096 submitted=17276928
t=12410029 read event=4219 count=4096 submitted=17281024
t=12412978 read event=4220 count=4096 submitted=17285120
t=12415811 read event=4221 count=4096 submitted=17289216
t=12418554 read event=4222 count=4096 submitted=17293312
t=12421302 read event=4223 count=4096 submitted=17297408
t=12424244 read event=4224 count=4096 submitted=17301504
t=12427064 read event=4225 count=4096 submitted=17305600
t=12429815 read event=4226 count=4096 submitted=17309696
t=12432556 read event=4227 count=4096 submitted=17313792
t=12435507 read event=4228 count=4096 submitted=17317888
t=12438324 read event=4229 count=4096 submitted=17321984
t=12441074 read event=4230 count=4096 submitted=17326080
t=12443821 read event=4231 count=4096 submitted=17330176
t=12447270 read event=4232 count=4096 submitted=17334272
t=12450153 read event=4233 count=4096 submitted=17338368
t=12452987 read event=4234 count=4096 submitted=17342464
t=12455740 read event=4235 count=4096 submitted=17346560
t=12458697 read event=4236 count=4096 submitted=17350656
t=12461554 read event=4237 count=4096 submitted=17354752
t=12464306 read event=4238 count=4096 submitted=17358848
t=12467053 read event=4239 count=4096 submitted=17362944
t=12470002 read event=4240 count=4096 submitted=17367040
t=12472824 read event=4241 count=4096 submitted=17371136
t=12475570 read event=4242 count=4096 submitted=17375232
t=12478313 read event=4243 count=4096 submitted=17379328
t=12481258 read event=4244 count=4096 submitted=17383424
t=12484074 read event=4245 count=4096 submitted=17387520
t=12486823 read event=4246 count=4096 submitted=17391616
t=12489566 read event=4247 count=4096 submitted=17395712
t=12492518 read event=4248 count=4096 submitted=17399808
t=12495372 read event=4249 count=4096 submitted=17403904
t=12498125 read event=4250 count=4096 submitted=17408000
t=12500875 read event=4251 count=4096 submitted=17412096
t=12503821 read event=4252 count=4096 submitted=17416192
t=12506645 read event=4253 count=4096 submitted=17420288
t=12509407 read event=4254 count=4096 submitted=17424384
t=12512154 read event=4255 count=4096 submitted=17428480
t=12515100 read event=4256 count=4096 submitted=17432576
t=12517915 read event=4257 count=4096 submitted=17436672
t=12520661 read event=4258 count=4096 submitted=17440768
t=12523409 read event=4259 count=4096 submitted=17444864
t=12526358 read event=4260 count=4096 submitted=17448960
t=12529173 read event=4261 count=4096 submitted=17453056
t=12531923 read event=4262 count=4096 submitted=17457152
t=12534664 read event=4263 count=4096 submitted=17461248
t=12538120 read event=4264 count=4096 submitted=17465344
t=12540996 read event=4265 count=4096 submitted=17469440
t=12543835 read event=4266 count=4096 submitted=17473536
t=12546586 read event=4267 count=4096 submitted=17477632
t=12549554 read event=4268 count=4096 submitted=17481728
t=12552419 read event=4269 count=4096 submitted=17485824
t=12555172 read event=4270 count=4096 submitted=17489920
t=12557917 read event=4271 count=4096 submitted=17494016
t=12560862 read event=4272 count=4096 submitted=17498112
t=12563680 read event=4273 count=4096 submitted=17502208
t=12566433 read event=4274 count=4096 submitted=17506304
t=12569181 read event=4275 count=4096 submitted=17510400
t=12572125 read event=4276 count=4096 submitted=17514496
t=12575000 read event=4277 count=4096 submitted=17518592
t=12577758 read event=4278 count=4096 submitted=17522688
t=12580497 read event=4279 count=4096 submitted=17526784
t=12583453 read event=4280 count=4096 submitted=17530880
t=12586273 read event=4281 count=4096 submitted=17534976
t=12589025 read event=4282 count=4096 submitted=17539072
t=12591771 read event=4283 count=4096 submitted=17543168
t=12594713 read event=4284 count=4096 submitted=17547264
t=12597522 read event=4285 count=4096 submitted=17551360
t=12600272 read event=4286 count=4096 submitted=17555456
t=12603016 read event=4287 count=4096 submitted=17559552
t=12605987 read event=4288 count=4096 submitted=17563648
t=12608828 read event=4289 count=4096 submitted=17567744
t=12611599 read event=4290 count=4096 submitted=17571840
t=12614352 read event=4291 count=4096 submitted=17575936
t=12617300 read event=4292 count=4096 submitted=17580032
t=12620125 read event=4293 count=4096 submitted=17584128
t=12622874 read event=4294 count=4096 submitted=17588224
t=12625619 read event=4295 count=4096 submitted=17592320
t=12629082 read event=4296 count=4096 submitted=17596416
t=12631961 read event=4297 count=4096 submitted=17600512
t=12634798 read event=4298 count=4096 submitted=17604608
t=12637552 read event=4299 count=4096 submitted=17608704
t=12640511 read event=4300 count=4096 submitted=17612800
t=12643373 read event=4301 count=4096 submitted=17616896
t=12646124 read event=4302 count=4096 submitted=17620992
t=12648870 read event=4303 count=4096 submitted=17625088
t=12651820 read event=4304 count=4096 submitted=17629184
t=12654634 read event=4305 count=4096 submitted=17633280
t=12657388 read event=4306 count=4096 submitted=17637376
t=12660137 read event=4307 count=4096 submitted=17641472
t=12663085 read event=4308 count=4096 submitted=17645568
t=12666089 read event=4309 count=4096 submitted=17649664
t=12668861 read event=4310 count=4096 submitted=17653760
t=12671604 read event=4311 count=4096 submitted=17657856
t=12674563 read event=4312 count=4096 submitted=17661952
t=12677414 read event=4313 count=4096 submitted=17666048
t=12680165 read event=4314 count=4096 submitted=17670144
t=12682912 read event=4315 count=4096 submitted=17674240
t=12685856 read event=4316 count=4096 submitted=17678336
t=12688667 read event=4317 count=4096 submitted=17682432
t=12691422 read event=4318 count=4096 submitted=17686528
t=12694166 read event=4319 count=4096 submitted=17690624
t=12697112 read event=4320 count=4096 submitted=17694720
t=12699934 read event=4321 count=4096 submitted=17698816
t=12702677 read event=4322 count=4096 submitted=17702912
t=12705436 read event=4323 count=4096 submitted=17707008
t=12708381 read event=4324 count=4096 submitted=17711104
t=12711202 read event=4325 count=4096 submitted=17715200
t=12713952 read event=4326 count=4096 submitted=17719296
t=12716698 read event=4327 count=4096 submitted=17723392
t=12720156 read event=4328 count=4096 submitted=17727488
t=12723034 read event=4329 count=4096 submitted=17731584
t=12725872 read event=4330 count=4096 submitted=17735680
t=12728624 read event=4331 count=4096 submitted=17739776
t=12731588 read event=4332 count=4096 submitted=17743872
t=12734457 read event=4333 count=4096 submitted=17747968
t=12737210 read event=4334 count=4096 submitted=17752064
t=12739961 read event=4335 count=4096 submitted=17756160
t=12742907 read event=4336 count=4096 submitted=17760256
t=12745734 read event=4337 count=4096 submitted=17764352
t=12748480 read event=4338 count=4096 submitted=17768448
t=12751230 read event=4339 count=4096 submitted=17772544
t=12754173 read event=4340 count=4096 submitted=17776640
t=12756989 read event=4341 count=4096 submitted=17780736
t=12759740 read event=4342 count=4096 submitted=17784832
t=12762483 read event=4343 count=4096 submitted=17788928
t=12765433 read event=4344 count=4096 submitted=17793024
t=12768257 read event=4345 count=4096 submitted=17797120
t=12771010 read event=4346 count=4096 submitted=17801216
t=12773756 read event=4347 count=4096 submitted=17805312
t=12776698 read event=4348 count=4096 submitted=17809408
t=12779518 read event=4349 count=4096 submitted=17813504
t=12782313 read event=4350 count=4096 submitted=17817600
t=12785065 read event=4351 count=4096 submitted=17821696
t=12788012 read event=4352 count=4096 submitted=17825792
t=12790834 read event=4353 count=4096 submitted=17829888
t=12793578 read event=4354 count=4096 submitted=17833984
t=12796326 read event=4355 count=4096 submitted=17838080
t=12799271 read event=4356 count=4096 submitted=17842176
t=12802086 read event=4357 count=4096 submitted=17846272
t=12804849 read event=4358 count=4096 submitted=17850368
t=12807593 read event=4359 count=4096 submitted=17854464
t=12811054 read event=4360 count=4096 submitted=17858560
t=12813965 read event=4361 count=4096 submitted=17862656
t=12816841 read event=4362 count=4096 submitted=17866752
t=12819596 read event=4363 count=4096 submitted=17870848
t=12822560 read event=4364 count=4096 submitted=17874944
t=12825430 read event=4365 count=4096 submitted=17879040
t=12828182 read event=4366 count=4096 submitted=17883136
t=12830928 read event=4367 count=4096 submitted=17887232
t=12833876 read event=4368 count=4096 submitted=17891328
t=12836701 read event=4369 count=4096 submitted=17895424
t=12839449 read event=4370 count=4096 submitted=17899520
t=12842196 read event=4371 count=4096 submitted=17903616
t=12845137 read event=4372 count=4096 submitted=17907712
t=12847960 read event=4373 count=4096 submitted=17911808
t=12850711 read event=4374 count=4096 submitted=17915904
t=12853453 read event=4375 count=4096 submitted=17920000
t=12856397 read event=4376 count=4096 submitted=17924096
t=12859218 read event=4377 count=4096 submitted=17928192
t=12861970 read event=4378 count=4096 submitted=17932288
t=12864715 read event=4379 count=4096 submitted=17936384
t=12867653 read event=4380 count=4096 submitted=17940480
t=12870469 read event=4381 count=4096 submitted=17944576
t=12873218 read event=4382 count=4096 submitted=17948672
t=12875961 read event=4383 count=4096 submitted=17952768
t=12878906 read event=4384 count=4096 submitted=17956864
t=12881729 read event=4385 count=4096 submitted=17960960
t=12884471 read event=4386 count=4096 submitted=17965056
t=12887214 read event=4387 count=4096 submitted=17969152
t=12890152 read event=4388 count=4096 submitted=17973248
t=12892981 read event=4389 count=4096 submitted=17977344
t=12895733 read event=4390 count=4096 submitted=17981440
t=12898469 read event=4391 count=4096 submitted=17985536
t=12901943 read event=4392 count=4096 submitted=17989632
t=12904830 read event=4393 count=4096 submitted=17993728
t=12907667 read event=4394 count=4096 submitted=17997824
t=12910427 read event=4395 count=4096 submitted=18001920
t=12913387 read event=4396 count=4096 submitted=18006016
t=12916244 read event=4397 count=4096 submitted=18010112
t=12918998 read event=4398 count=4096 submitted=18014208
t=12921747 read event=4399 count=4096 submitted=18018304
t=12924690 read event=4400 count=4096 submitted=18022400
t=12927508 read event=4401 count=4096 submitted=18026496
t=12930256 read event=4402 count=4096 submitted=18030592
t=12933001 read event=4403 count=4096 submitted=18034688
t=12935944 read event=4404 count=4096 submitted=18038784
t=12938763 read event=4405 count=4096 submitted=18042880
t=12941511 read event=4406 count=4096 submitted=18046976
t=12944260 read event=4407 count=4096 submitted=18051072
t=12947201 read event=4408 count=4096 submitted=18055168
t=12950020 read event=4409 count=4096 submitted=18059264
t=12952771 read event=4410 count=4096 submitted=18063360
t=12955513 read event=4411 count=4096 submitted=18067456
t=12958467 read event=4412 count=4096 submitted=18071552
t=12961288 read event=4413 count=4096 submitted=18075648
t=12964038 read event=4414 count=4096 submitted=18079744
t=12966780 read event=4415 count=4096 submitted=18083840
t=12969725 read event=4416 count=4096 submitted=18087936
t=12972532 read event=4417 count=4096 submitted=18092032
t=12975281 read event=4418 count=4096 submitted=18096128
t=12978027 read event=4419 count=4096 submitted=18100224
t=12980971 read event=4420 count=4096 submitted=18104320
t=12983797 read event=4421 count=4096 submitted=18108416
t=12986541 read event=4422 count=4096 submitted=18112512
t=12989287 read event=4423 count=4096 submitted=18116608
t=12992786 read event=4424 count=4096 submitted=18120704
t=12995656 read event=4425 count=4096 submitted=18124800
t=12998497 read event=4426 count=4096 submitted=18128896
t=13001255 read event=4427 count=4096 submitted=18132992
t=13004218 read event=4428 count=4096 submitted=18137088
t=13007087 read event=4429 count=4096 submitted=18141184
t=13009849 read event=4430 count=4096 submitted=18145280
t=13012589 read event=4431 count=4096 submitted=18149376
t=13015554 read event=4432 count=4096 submitted=18153472
t=13018377 read event=4433 count=4096 submitted=18157568
t=13021151 read event=4434 count=4096 submitted=18161664
t=13023901 read event=4435 count=4096 submitted=18165760
t=13026847 read event=4436 count=4096 submitted=18169856
t=13029665 read event=4437 count=4096 submitted=18173952
t=13032418 read event=4438 count=4096 submitted=18178048
t=13035164 read event=4439 count=4096 submitted=18182144
t=13038105 read event=4440 count=4096 submitted=18186240
t=13040928 read event=4441 count=4096 submitted=18190336
t=13043674 read event=4442 count=4096 submitted=18194432
t=13046420 read event=4443 count=4096 submitted=18198528
t=13049363 read event=4444 count=4096 submitted=18202624
t=13052178 read event=4445 count=4096 submitted=18206720
t=13054926 read event=4446 count=4096 submitted=18210816
t=13057666 read event=4447 count=4096 submitted=18214912
t=13060608 read event=4448 count=4096 submitted=18219008
t=13063433 read event=4449 count=4096 submitted=18223104
t=13066186 read event=4450 count=4096 submitted=18227200
t=13068930 read event=4451 count=4096 submitted=18231296
t=13071873 read event=4452 count=4096 submitted=18235392
t=13074690 read event=4453 count=4096 submitted=18239488
t=13077434 read event=4454 count=4096 submitted=18243584
t=13080182 read event=4455 count=4096 submitted=18247680
t=13083639 read event=4456 count=4096 submitted=18251776
t=13086530 read event=4457 count=4096 submitted=18255872
t=13089370 read event=4458 count=4096 submitted=18259968
t=13092129 read event=4459 count=4096 submitted=18264064
t=13095089 read event=4460 count=4096 submitted=18268160
t=13097946 read event=4461 count=4096 submitted=18272256
t=13100698 read event=4462 count=4096 submitted=18276352
t=13103437 read event=4463 count=4096 submitted=18280448
t=13106397 read event=4464 count=4096 submitted=18284544
t=13109223 read event=4465 count=4096 submitted=18288640
t=13111974 read event=4466 count=4096 submitted=18292736
t=13114721 read event=4467 count=4096 submitted=18296832
t=13117658 read event=4468 count=4096 submitted=18300928
t=13120477 read event=4469 count=4096 submitted=18305024
t=13123228 read event=4470 count=4096 submitted=18309120
t=13125974 read event=4471 count=4096 submitted=18313216
t=13128915 read event=4472 count=4096 submitted=18317312
t=13131741 read event=4473 count=4096 submitted=18321408
t=13134485 read event=4474 count=4096 submitted=18325504
t=13137237 read event=4475 count=4096 submitted=18329600
t=13140185 read event=4476 count=4096 submitted=18333696
t=13143009 read event=4477 count=4096 submitted=18337792
t=13145759 read event=4478 count=4096 submitted=18341888
t=13148497 read event=4479 count=4096 submitted=18345984
t=13151448 read event=4480 count=4096 submitted=18350080
t=13154263 read event=4481 count=4096 submitted=18354176
t=13157012 read event=4482 count=4096 submitted=18358272
t=13159764 read event=4483 count=4096 submitted=18362368
t=13162705 read event=4484 count=4096 submitted=18366464
t=13165518 read event=4485 count=4096 submitted=18370560
t=13168267 read event=4486 count=4096 submitted=18374656
t=13171013 read event=4487 count=4096 submitted=18378752
t=13174461 read event=4488 count=4096 submitted=18382848
t=13177339 read event=4489 count=4096 submitted=18386944
t=13180172 read event=4490 count=4096 submitted=18391040
t=13182929 read event=4491 count=4096 submitted=18395136
t=13185884 read event=4492 count=4096 submitted=18399232
t=13188749 read event=4493 count=4096 submitted=18403328
t=13191499 read event=4494 count=4096 submitted=18407424
t=13194247 read event=4495 count=4096 submitted=18411520
t=13197193 read event=4496 count=4096 submitted=18415616
t=13200065 read event=4497 count=4096 submitted=18419712
t=13202819 read event=4498 count=4096 submitted=18423808
t=13205574 read event=4499 count=4096 submitted=18427904
t=13208526 read event=4500 count=4096 submitted=18432000
t=13211353 read event=4501 count=4096 submitted=18436096
t=13214108 read event=4502 count=4096 submitted=18440192
t=13216854 read event=4503 count=4096 submitted=18444288
t=13219801 read event=4504 count=4096 submitted=18448384
t=13222612 read event=4505 count=4096 submitted=18452480
t=13225386 read event=4506 count=4096 submitted=18456576
t=13228136 read event=4507 count=4096 submitted=18460672
t=13231082 read event=4508 count=4096 submitted=18464768
t=13233901 read event=4509 count=4096 submitted=18468864
t=13236645 read event=4510 count=4096 submitted=18472960
t=13239399 read event=4511 count=4096 submitted=18477056
t=13242343 read event=4512 count=4096 submitted=18481152
t=13245159 read event=4513 count=4096 submitted=18485248
t=13247911 read event=4514 count=4096 submitted=18489344
t=13250649 read event=4515 count=4096 submitted=18493440
t=13253599 read event=4516 count=4096 submitted=18497536
t=13256419 read event=4517 count=4096 submitted=18501632
t=13259170 read event=4518 count=4096 submitted=18505728
t=13261926 read event=4519 count=4096 submitted=18509824
t=13265382 read event=4520 count=4096 submitted=18513920
t=13268270 read event=4521 count=4096 submitted=18518016
t=13271111 read event=4522 count=4096 submitted=18522112
t=13273869 read event=4523 count=4096 submitted=18526208
t=13276825 read event=4524 count=4096 submitted=18530304
t=13279692 read event=4525 count=4096 submitted=18534400
t=13282438 read event=4526 count=4096 submitted=18538496
t=13285184 read event=4527 count=4096 submitted=18542592
t=13288127 read event=4528 count=4096 submitted=18546688
t=13290958 read event=4529 count=4096 submitted=18550784
t=13293710 read event=4530 count=4096 submitted=18554880
t=13296452 read event=4531 count=4096 submitted=18558976
t=13299404 read event=4532 count=4096 submitted=18563072
t=13302227 read event=4533 count=4096 submitted=18567168
t=13304990 read event=4534 count=4096 submitted=18571264
t=13307738 read event=4535 count=4096 submitted=18575360
t=13310675 read event=4536 count=4096 submitted=18579456
t=13313500 read event=4537 count=4096 submitted=18583552
t=13316250 read event=4538 count=4096 submitted=18587648
t=13318995 read event=4539 count=4096 submitted=18591744
t=13321947 read event=4540 count=4096 submitted=18595840
t=13324766 read event=4541 count=4096 submitted=18599936
t=13327512 read event=4542 count=4096 submitted=18604032
t=13330260 read event=4543 count=4096 submitted=18608128
t=13333203 read event=4544 count=4096 submitted=18612224
t=13336020 read event=4545 count=4096 submitted=18616320
t=13338771 read event=4546 count=4096 submitted=18620416
t=13341512 read event=4547 count=4096 submitted=18624512
t=13344465 read event=4548 count=4096 submitted=18628608
t=13347284 read event=4549 count=4096 submitted=18632704
t=13350035 read event=4550 count=4096 submitted=18636800
t=13352782 read event=4551 count=4096 submitted=18640896
t=13356255 read event=4552 count=4096 submitted=18644992
t=13359137 read event=4553 count=4096 submitted=18649088
t=13361962 read event=4554 count=4096 submitted=18653184
t=13364718 read event=4555 count=4096 submitted=18657280
t=13367672 read event=4556 count=4096 submitted=18661376
t=13370529 read event=4557 count=4096 submitted=18665472
t=13373283 read event=4558 count=4096 submitted=18669568
t=13376031 read event=4559 count=4096 submitted=18673664
t=13378972 read event=4560 count=4096 submitted=18677760
t=13381791 read event=4561 count=4096 submitted=18681856
t=13384535 read event=4562 count=4096 submitted=18685952
t=13387284 read event=4563 count=4096 submitted=18690048
t=13390225 read event=4564 count=4096 submitted=18694144
t=13393070 read event=4565 count=4096 submitted=18698240
t=13395823 read event=4566 count=4096 submitted=18702336
t=13398565 read event=4567 count=4096 submitted=18706432
t=13401519 read event=4568 count=4096 submitted=18710528
t=13404338 read event=4569 count=4096 submitted=18714624
t=13407152 read event=4570 count=4096 submitted=18718720
t=13409909 read event=4571 count=4096 submitted=18722816
t=13412858 read event=4572 count=4096 submitted=18726912
t=13415676 read event=4573 count=4096 submitted=18731008
t=13418427 read event=4574 count=4096 submitted=18735104
t=13421174 read event=4575 count=4096 submitted=18739200
t=13424116 read event=4576 count=4096 submitted=18743296
t=13426929 read event=4577 count=4096 submitted=18747392
t=13429701 read event=4578 count=4096 submitted=18751488
t=13432442 read event=4579 count=4096 submitted=18755584
t=13435390 read event=4580 count=4096 submitted=18759680
t=13438208 read event=4581 count=4096 submitted=18763776
t=13440963 read event=4582 count=4096 submitted=18767872
t=13443709 read event=4583 count=4096 submitted=18771968
t=13447142 read event=4584 count=4096 submitted=18776064
t=13450014 read event=4585 count=4096 submitted=18780160
t=13452848 read event=4586 count=4096 submitted=18784256
t=13455602 read event=4587 count=4096 submitted=18788352
t=13458569 read event=4588 count=4096 submitted=18792448
t=13461435 read event=4589 count=4096 submitted=18796544
t=13464190 read event=4590 count=4096 submitted=18800640
t=13466939 read event=4591 count=4096 submitted=18804736
t=13469881 read event=4592 count=4096 submitted=18808832
t=13472704 read event=4593 count=4096 submitted=18812928
t=13475449 read event=4594 count=4096 submitted=18817024
t=13478197 read event=4595 count=4096 submitted=18821120
t=13481142 read event=4596 count=4096 submitted=18825216
t=13483961 read event=4597 count=4096 submitted=18829312
t=13486713 read event=4598 count=4096 submitted=18833408
t=13489456 read event=4599 count=4096 submitted=18837504
t=13492409 read event=4600 count=4096 submitted=18841600
t=13495236 read event=4601 count=4096 submitted=18845696
t=13497987 read event=4602 count=4096 submitted=18849792
t=13500730 read event=4603 count=4096 submitted=18853888
t=13503675 read event=4604 count=4096 submitted=18857984
t=13506510 read event=4605 count=4096 submitted=18862080
t=13509262 read event=4606 count=4096 submitted=18866176
t=13512005 read event=4607 count=4096 submitted=18870272
t=13514945 read event=4608 count=4096 submitted=18874368
t=13517762 read event=4609 count=4096 submitted=18878464
t=13520503 read event=4610 count=4096 submitted=18882560
t=13523250 read event=4611 count=4096 submitted=18886656
t=13526189 read event=4612 count=4096 submitted=18890752
t=13529004 read event=4613 count=4096 submitted=18894848
t=13531758 read event=4614 count=4096 submitted=18898944
t=13534499 read event=4615 count=4096 submitted=18903040
t=13537967 read event=4616 count=4096 submitted=18907136
t=13540841 read event=4617 count=4096 submitted=18911232
t=13543670 read event=4618 count=4096 submitted=18915328
t=13546430 read event=4619 count=4096 submitted=18919424
t=13549386 read event=4620 count=4096 submitted=18923520
t=13552245 read event=4621 count=4096 submitted=18927616
t=13555001 read event=4622 count=4096 submitted=18931712
t=13557749 read event=4623 count=4096 submitted=18935808
t=13560689 read event=4624 count=4096 submitted=18939904
t=13563505 read event=4625 count=4096 submitted=18944000
t=13566255 read event=4626 count=4096 submitted=18948096
t=13569001 read event=4627 count=4096 submitted=18952192
t=13571945 read event=4628 count=4096 submitted=18956288
t=13574763 read event=4629 count=4096 submitted=18960384
t=13577513 read event=4630 count=4096 submitted=18964480
t=13580256 read event=4631 count=4096 submitted=18968576
t=13583200 read event=4632 count=4096 submitted=18972672
t=13586019 read event=4633 count=4096 submitted=18976768
t=13588768 read event=4634 count=4096 submitted=18980864
t=13591511 read event=4635 count=4096 submitted=18984960
t=13594462 read event=4636 count=4096 submitted=18989056
t=13597290 read event=4637 count=4096 submitted=18993152
t=13600039 read event=4638 count=4096 submitted=18997248
t=13602783 read event=4639 count=4096 submitted=19001344
t=13605735 read event=4640 count=4096 submitted=19005440
t=13608548 read event=4641 count=4096 submitted=19009536
t=13611300 read event=4642 count=4096 submitted=19013632
t=13614092 read event=4643 count=4096 submitted=19017728
t=13617040 read event=4644 count=4096 submitted=19021824
t=13619860 read event=4645 count=4096 submitted=19025920
t=13622602 read event=4646 count=4096 submitted=19030016
t=13625350 read event=4647 count=4096 submitted=19034112
t=13628810 read event=4648 count=4096 submitted=19038208
t=13631679 read event=4649 count=4096 submitted=19042304
t=13634526 read event=4650 count=4096 submitted=19046400
t=13637288 read event=4651 count=4096 submitted=19050496
t=13640250 read event=4652 count=4096 submitted=19054592
t=13643110 read event=4653 count=4096 submitted=19058688
t=13645863 read event=4654 count=4096 submitted=19062784
t=13648601 read event=4655 count=4096 submitted=19066880
t=13651551 read event=4656 count=4096 submitted=19070976
t=13654372 read event=4657 count=4096 submitted=19075072
t=13657122 read event=4658 count=4096 submitted=19079168
t=13659869 read event=4659 count=4096 submitted=19083264
t=13662809 read event=4660 count=4096 submitted=19087360
t=13665620 read event=4661 count=4096 submitted=19091456
t=13668371 read event=4662 count=4096 submitted=19095552
t=13671118 read event=4663 count=4096 submitted=19099648
t=13674060 read event=4664 count=4096 submitted=19103744
t=13676878 read event=4665 count=4096 submitted=19107840
t=13679622 read event=4666 count=4096 submitted=19111936
t=13682366 read event=4667 count=4096 submitted=19116032
t=13685309 read event=4668 count=4096 submitted=19120128
t=13688126 read event=4669 count=4096 submitted=19124224
t=13690874 read event=4670 count=4096 submitted=19128320
t=13693613 read event=4671 count=4096 submitted=19132416
t=13696561 read event=4672 count=4096 submitted=19136512
t=13699392 read event=4673 count=4096 submitted=19140608
t=13702142 read event=4674 count=4096 submitted=19144704
t=13704899 read event=4675 count=4096 submitted=19148800
t=13707843 read event=4676 count=4096 submitted=19152896
t=13710655 read event=4677 count=4096 submitted=19156992
t=13713410 read event=4678 count=4096 submitted=19161088
t=13716158 read event=4679 count=4096 submitted=19165184
t=13719621 read event=4680 count=4096 submitted=19169280
t=13722501 read event=4681 count=4096 submitted=19173376
t=13725335 read event=4682 count=4096 submitted=19177472
t=13728090 read event=4683 count=4096 submitted=19181568
t=13731044 read event=4684 count=4096 submitted=19185664
t=13733906 read event=4685 count=4096 submitted=19189760
t=13736652 read event=4686 count=4096 submitted=19193856
t=13739405 read event=4687 count=4096 submitted=19197952
t=13742348 read event=4688 count=4096 submitted=19202048
t=13745169 read event=4689 count=4096 submitted=19206144
t=13747924 read event=4690 count=4096 submitted=19210240
t=13750666 read event=4691 count=4096 submitted=19214336
t=13753618 read event=4692 count=4096 submitted=19218432
t=13756442 read event=4693 count=4096 submitted=19222528
t=13759196 read event=4694 count=4096 submitted=19226624
t=13761942 read event=4695 count=4096 submitted=19230720
t=13764888 read event=4696 count=4096 submitted=19234816
t=13767708 read event=4697 count=4096 submitted=19238912
t=13770454 read event=4698 count=4096 submitted=19243008
t=13773199 read event=4699 count=4096 submitted=19247104
t=13776145 read event=4700 count=4096 submitted=19251200
t=13778960 read event=4701 count=4096 submitted=19255296
t=13781713 read event=4702 count=4096 submitted=19259392
t=13784452 read event=4703 count=4096 submitted=19263488
t=13787400 read event=4704 count=4096 submitted=19267584
t=13790215 read event=4705 count=4096 submitted=19271680
t=13792964 read event=4706 count=4096 submitted=19275776
t=13795716 read event=4707 count=4096 submitted=19279872
t=13798651 read event=4708 count=4096 submitted=19283968
t=13801485 read event=4709 count=4096 submitted=19288064
t=13804236 read event=4710 count=4096 submitted=19292160
t=13806993 read event=4711 count=4096 submitted=19296256
t=13810455 read event=4712 count=4096 submitted=19300352
t=13813334 read event=4713 count=4096 submitted=19304448
t=13816172 read event=4714 count=4096 submitted=19308544
t=13818928 read event=4715 count=4096 submitted=19312640
t=13821886 read event=4716 count=4096 submitted=19316736
t=13824792 read event=4717 count=4096 submitted=19320832
t=13827546 read event=4718 count=4096 submitted=19324928
t=13830296 read event=4719 count=4096 submitted=19329024
t=13833244 read event=4720 count=4096 submitted=19333120
t=13836089 read event=4721 count=4096 submitted=19337216
t=13838878 read event=4722 count=4096 submitted=19341312
t=13841625 read event=4723 count=4096 submitted=19345408
t=13844585 read event=4724 count=4096 submitted=19349504
t=13847414 read event=4725 count=4096 submitted=19353600
t=13850166 read event=4726 count=4096 submitted=19357696
t=13852914 read event=4727 count=4096 submitted=19361792
t=13855861 read event=4728 count=4096 submitted=19365888
t=13858677 read event=4729 count=4096 submitted=19369984
t=13861431 read event=4730 count=4096 submitted=19374080
t=13864178 read event=4731 count=4096 submitted=19378176
t=13867122 read event=4732 count=4096 submitted=19382272
t=13869940 read event=4733 count=4096 submitted=19386368
t=13872692 read event=4734 count=4096 submitted=19390464
t=13875429 read event=4735 count=4096 submitted=19394560
t=13878369 read event=4736 count=4096 submitted=19398656
t=13881187 read event=4737 count=4096 submitted=19402752
t=13883935 read event=4738 count=4096 submitted=19406848
t=13886674 read event=4739 count=4096 submitted=19410944
t=13889619 read event=4740 count=4096 submitted=19415040
t=13892442 read event=4741 count=4096 submitted=19419136
t=13895195 read event=4742 count=4096 submitted=19423232
t=13897943 read event=4743 count=4096 submitted=19427328
t=13901409 read event=4744 count=4096 submitted=19431424
t=13904307 read event=4745 count=4096 submitted=19435520
t=13907161 read event=4746 count=4096 submitted=19439616
t=13909920 read event=4747 count=4096 submitted=19443712
t=13912876 read event=4748 count=4096 submitted=19447808
t=13915735 read event=4749 count=4096 submitted=19451904
t=13918480 read event=4750 count=4096 submitted=19456000
t=13921229 read event=4751 count=4096 submitted=19460096
t=13924169 read event=4752 count=4096 submitted=19464192
t=13926993 read event=4753 count=4096 submitted=19468288
t=13929748 read event=4754 count=4096 submitted=19472384
t=13932492 read event=4755 count=4096 submitted=19476480
t=13935446 read event=4756 count=4096 submitted=19480576
t=13938263 read event=4757 count=4096 submitted=19484672
t=13941015 read event=4758 count=4096 submitted=19488768
t=13943762 read event=4759 count=4096 submitted=19492864
t=13946706 read event=4760 count=4096 submitted=19496960
t=13949521 read event=4761 count=4096 submitted=19501056
t=13952272 read event=4762 count=4096 submitted=19505152
t=13955017 read event=4763 count=4096 submitted=19509248
t=13957962 read event=4764 count=4096 submitted=19513344
t=13960779 read event=4765 count=4096 submitted=19517440
t=13963524 read event=4766 count=4096 submitted=19521536
t=13966265 read event=4767 count=4096 submitted=19525632
t=13969207 read event=4768 count=4096 submitted=19529728
t=13972019 read event=4769 count=4096 submitted=19533824
t=13974765 read event=4770 count=4096 submitted=19537920
t=13977506 read event=4771 count=4096 submitted=19542016
t=13980454 read event=4772 count=4096 submitted=19546112
t=13983277 read event=4773 count=4096 submitted=19550208
t=13986027 read event=4774 count=4096 submitted=19554304
t=13988772 read event=4775 count=4096 submitted=19558400
t=13992229 read event=4776 count=4096 submitted=19562496
t=13995104 read event=4777 count=4096 submitted=19566592
t=13997937 read event=4778 count=4096 submitted=19570688
t=14000693 read event=4779 count=4096 submitted=19574784
t=14003644 read event=4780 count=4096 submitted=19578880
t=14006521 read event=4781 count=4096 submitted=19582976
t=14009277 read event=4782 count=4096 submitted=19587072
t=14012026 read event=4783 count=4096 submitted=19591168
t=14014968 read event=4784 count=4096 submitted=19595264
t=14017791 read event=4785 count=4096 submitted=19599360
t=14020537 read event=4786 count=4096 submitted=19603456
t=14023283 read event=4787 count=4096 submitted=19607552
t=14026227 read event=4788 count=4096 submitted=19611648
t=14029047 read event=4789 count=4096 submitted=19615744
t=14031850 read event=4790 count=4096 submitted=19619840
t=14034597 read event=4791 count=4096 submitted=19623936
t=14037555 read event=4792 count=4096 submitted=19628032
t=14040420 read event=4793 count=4096 submitted=19632128
t=14043174 read event=4794 count=4096 submitted=19636224
t=14045921 read event=4795 count=4096 submitted=19640320
t=14048864 read event=4796 count=4096 submitted=19644416
t=14051677 read event=4797 count=4096 submitted=19648512
t=14054427 read event=4798 count=4096 submitted=19652608
t=14057174 read event=4799 count=4096 submitted=19656704
t=14060117 read event=4800 count=4096 submitted=19660800
t=14062930 read event=4801 count=4096 submitted=19664896
t=14065677 read event=4802 count=4096 submitted=19668992
t=14068426 read event=4803 count=4096 submitted=19673088
t=14071367 read event=4804 count=4096 submitted=19677184
t=14074182 read event=4805 count=4096 submitted=19681280
t=14076935 read event=4806 count=4096 submitted=19685376
t=14079676 read event=4807 count=4096 submitted=19689472
t=14083147 read event=4808 count=4096 submitted=19693568
t=14086025 read event=4809 count=4096 submitted=19697664
t=14088860 read event=4810 count=4096 submitted=19701760
t=14091612 read event=4811 count=4096 submitted=19705856
t=14094581 read event=4812 count=4096 submitted=19709952
t=14097447 read event=4813 count=4096 submitted=19714048
t=14100204 read event=4814 count=4096 submitted=19718144
t=14102949 read event=4815 count=4096 submitted=19722240
t=14105910 read event=4816 count=4096 submitted=19726336
t=14108741 read event=4817 count=4096 submitted=19730432
t=14111490 read event=4818 count=4096 submitted=19734528
t=14114241 read event=4819 count=4096 submitted=19738624
t=14117185 read event=4820 count=4096 submitted=19742720
t=14120004 read event=4821 count=4096 submitted=19746816
t=14122754 read event=4822 count=4096 submitted=19750912
t=14125494 read event=4823 count=4096 submitted=19755008
t=14128447 read event=4824 count=4096 submitted=19759104
t=14131267 read event=4825 count=4096 submitted=19763200
t=14134017 read event=4826 count=4096 submitted=19767296
t=14136764 read event=4827 count=4096 submitted=19771392
t=14139707 read event=4828 count=4096 submitted=19775488
t=14142514 read event=4829 count=4096 submitted=19779584
t=14145265 read event=4830 count=4096 submitted=19783680
t=14148010 read event=4831 count=4096 submitted=19787776
t=14150952 read event=4832 count=4096 submitted=19791872
t=14153771 read event=4833 count=4096 submitted=19795968
t=14156511 read event=4834 count=4096 submitted=19800064
t=14159262 read event=4835 count=4096 submitted=19804160
t=14162208 read event=4836 count=4096 submitted=19808256
t=14165031 read event=4837 count=4096 submitted=19812352
t=14167788 read event=4838 count=4096 submitted=19816448
t=14170528 read event=4839 count=4096 submitted=19820544
t=14173998 read event=4840 count=4096 submitted=19824640
t=14176872 read event=4841 count=4096 submitted=19828736
t=14179712 read event=4842 count=4096 submitted=19832832
t=14182459 read event=4843 count=4096 submitted=19836928
t=14185426 read event=4844 count=4096 submitted=19841024
t=14188282 read event=4845 count=4096 submitted=19845120
t=14191039 read event=4846 count=4096 submitted=19849216
t=14193787 read event=4847 count=4096 submitted=19853312
t=14196731 read event=4848 count=4096 submitted=19857408
t=14199551 read event=4849 count=4096 submitted=19861504
t=14202305 read event=4850 count=4096 submitted=19865600
t=14205062 read event=4851 count=4096 submitted=19869696
t=14208007 read event=4852 count=4096 submitted=19873792
t=14210836 read event=4853 count=4096 submitted=19877888
t=14213585 read event=4854 count=4096 submitted=19881984
t=14216333 read event=4855 count=4096 submitted=19886080
t=14219278 read event=4856 count=4096 submitted=19890176
t=14222095 read event=4857 count=4096 submitted=19894272
t=14224842 read event=4858 count=4096 submitted=19898368
t=14227582 read event=4859 count=4096 submitted=19902464
t=14230531 read event=4860 count=4096 submitted=19906560
t=14233350 read event=4861 count=4096 submitted=19910656
t=14236097 read event=4862 count=4096 submitted=19914752
t=14238893 read event=4863 count=4096 submitted=19918848
t=14241841 read event=4864 count=4096 submitted=19922944
t=14244689 read event=4865 count=4096 submitted=19927040
t=14247436 read event=4866 count=4096 submitted=19931136
t=14250183 read event=4867 count=4096 submitted=19935232
t=14253128 read event=4868 count=4096 submitted=19939328
t=14255945 read event=4869 count=4096 submitted=19943424
t=14258695 read event=4870 count=4096 submitted=19947520
t=14261441 read event=4871 count=4096 submitted=19951616
t=14264924 read event=4872 count=4096 submitted=19955712
t=14267812 read event=4873 count=4096 submitted=19959808
t=14270645 read event=4874 count=4096 submitted=19963904
t=14273410 read event=4875 count=4096 submitted=19968000
t=14276369 read event=4876 count=4096 submitted=19972096
t=14279233 read event=4877 count=4096 submitted=19976192
t=14281990 read event=4878 count=4096 submitted=19980288
t=14284737 read event=4879 count=4096 submitted=19984384
t=14287681 read event=4880 count=4096 submitted=19988480
t=14290514 read event=4881 count=4096 submitted=19992576
t=14293266 read event=4882 count=4096 submitted=19996672
t=14296013 read event=4883 count=4096 submitted=20000768
t=14298958 read event=4884 count=4096 submitted=20004864
t=14301782 read event=4885 count=4096 submitted=20008960
t=14304527 read event=4886 count=4096 submitted=20013056
t=14307286 read event=4887 count=4096 submitted=20017152
t=14310233 read event=4888 count=4096 submitted=20021248
t=14313062 read event=4889 count=4096 submitted=20025344
t=14315813 read event=4890 count=4096 submitted=20029440
t=14318551 read event=4891 count=4096 submitted=20033536
t=14321505 read event=4892 count=4096 submitted=20037632
t=14324323 read event=4893 count=4096 submitted=20041728
t=14327074 read event=4894 count=4096 submitted=20045824
t=14329822 read event=4895 count=4096 submitted=20049920
t=14332763 read event=4896 count=4096 submitted=20054016
t=14335583 read event=4897 count=4096 submitted=20058112
t=14338335 read event=4898 count=4096 submitted=20062208
t=14341086 read event=4899 count=4096 submitted=20066304
t=14344031 read event=4900 count=4096 submitted=20070400
t=14346846 read event=4901 count=4096 submitted=20074496
t=14349593 read event=4902 count=4096 submitted=20078592
t=14352339 read event=4903 count=4096 submitted=20082688
t=14355808 read event=4904 count=4096 submitted=20086784
t=14358674 read event=4905 count=4096 submitted=20090880
t=14361515 read event=4906 count=4096 submitted=20094976
t=14364271 read event=4907 count=4096 submitted=20099072
t=14367225 read event=4908 count=4096 submitted=20103168
t=14370082 read event=4909 count=4096 submitted=20107264
t=14372838 read event=4910 count=4096 submitted=20111360
t=14375579 read event=4911 count=4096 submitted=20115456
t=14378529 read event=4912 count=4096 submitted=20119552
t=14381358 read event=4913 count=4096 submitted=20123648
t=14384113 read event=4914 count=4096 submitted=20127744
t=14386860 read event=4915 count=4096 submitted=20131840
t=14389806 read event=4916 count=4096 submitted=20135936
t=14392616 read event=4917 count=4096 submitted=20140032
t=14395370 read event=4918 count=4096 submitted=20144128
t=14398114 read event=4919 count=4096 submitted=20148224
t=14401060 read event=4920 count=4096 submitted=20152320
t=14403892 read event=4921 count=4096 submitted=20156416
t=14406649 read event=4922 count=4096 submitted=20160512
t=14409403 read event=4923 count=4096 submitted=20164608
t=14412344 read event=4924 count=4096 submitted=20168704
t=14415169 read event=4925 count=4096 submitted=20172800
t=14417919 read event=4926 count=4096 submitted=20176896
t=14420658 read event=4927 count=4096 submitted=20180992
t=14423606 read event=4928 count=4096 submitted=20185088
t=14426427 read event=4929 count=4096 submitted=20189184
t=14429178 read event=4930 count=4096 submitted=20193280
t=14431927 read event=4931 count=4096 submitted=20197376
t=14434869 read event=4932 count=4096 submitted=20201472
t=14437681 read event=4933 count=4096 submitted=20205568
t=14440432 read event=4934 count=4096 submitted=20209664
t=14443181 read event=4935 count=4096 submitted=20213760
t=14446707 read event=4936 count=4096 submitted=20217856
t=14449596 read event=4937 count=4096 submitted=20221952
t=14452432 read event=4938 count=4096 submitted=20226048
t=14455194 read event=4939 count=4096 submitted=20230144
t=14458149 read event=4940 count=4096 submitted=20234240
t=14461009 read event=4941 count=4096 submitted=20238336
t=14463764 read event=4942 count=4096 submitted=20242432
t=14466506 read event=4943 count=4096 submitted=20246528
t=14469462 read event=4944 count=4096 submitted=20250624
t=14472288 read event=4945 count=4096 submitted=20254720
t=14475037 read event=4946 count=4096 submitted=20258816
t=14477787 read event=4947 count=4096 submitted=20262912
t=14480730 read event=4948 count=4096 submitted=20267008
t=14483544 read event=4949 count=4096 submitted=20271104
t=14486296 read event=4950 count=4096 submitted=20275200
t=14489042 read event=4951 count=4096 submitted=20279296
t=14491987 read event=4952 count=4096 submitted=20283392
t=14494809 read event=4953 count=4096 submitted=20287488
t=14497556 read event=4954 count=4096 submitted=20291584
t=14500303 read event=4955 count=4096 submitted=20295680
t=14503247 read event=4956 count=4096 submitted=20299776
t=14506072 read event=4957 count=4096 submitted=20303872
t=14508822 read event=4958 count=4096 submitted=20307968
t=14511562 read event=4959 count=4096 submitted=20312064
t=14514509 read event=4960 count=4096 submitted=20316160
t=14517337 read event=4961 count=4096 submitted=20320256
t=14520090 read event=4962 count=4096 submitted=20324352
t=14522833 read event=4963 count=4096 submitted=20328448
t=14525778 read event=4964 count=4096 submitted=20332544
t=14528584 read event=4965 count=4096 submitted=20336640
t=14531336 read event=4966 count=4096 submitted=20340736
t=14534080 read event=4967 count=4096 submitted=20344832
t=14537541 read event=4968 count=4096 submitted=20348928
t=14540425 read event=4969 count=4096 submitted=20353024
t=14543258 read event=4970 count=4096 submitted=20357120
t=14546016 read event=4971 count=4096 submitted=20361216
t=14548972 read event=4972 count=4096 submitted=20365312
t=14551831 read event=4973 count=4096 submitted=20369408
t=14554577 read event=4974 count=4096 submitted=20373504
t=14557327 read event=4975 count=4096 submitted=20377600
t=14560270 read event=4976 count=4096 submitted=20381696
t=14563095 read event=4977 count=4096 submitted=20385792
t=14565845 read event=4978 count=4096 submitted=20389888
t=14568589 read event=4979 count=4096 submitted=20393984
t=14571546 read event=4980 count=4096 submitted=20398080
t=14574363 read event=4981 count=4096 submitted=20402176
t=14577116 read event=4982 count=4096 submitted=20406272
t=14579863 read event=4983 count=4096 submitted=20410368
t=14582809 read event=4984 count=4096 submitted=20414464
t=14585623 read event=4985 count=4096 submitted=20418560
t=14588372 read event=4986 count=4096 submitted=20422656
t=14591117 read event=4987 count=4096 submitted=20426752
t=14594060 read event=4988 count=4096 submitted=20430848
t=14596880 read event=4989 count=4096 submitted=20434944
t=14599623 read event=4990 count=4096 submitted=20439040
t=14602366 read event=4991 count=4096 submitted=20443136
t=14605320 read event=4992 count=4096 submitted=20447232
t=14608139 read event=4993 count=4096 submitted=20451328
t=14610889 read event=4994 count=4096 submitted=20455424
t=14613629 read event=4995 count=4096 submitted=20459520
t=14616586 read event=4996 count=4096 submitted=20463616
t=14619413 read event=4997 count=4096 submitted=20467712
t=14622164 read event=4998 count=4096 submitted=20471808
t=14624909 read event=4999 count=4096 submitted=20475904
t=14628364 read event=5000 count=4096 submitted=20480000
t=14631244 read event=5001 count=4096 submitted=20484096
t=14634075 read event=5002 count=4096 submitted=20488192
t=14636832 read event=5003 count=4096 submitted=20492288
t=14639784 read event=5004 count=4096 submitted=20496384
t=14642637 read event=5005 count=4096 submitted=20500480
t=14645396 read event=5006 count=4096 submitted=20504576
t=14648141 read event=5007 count=4096 submitted=20508672
t=14651087 read event=5008 count=4096 submitted=20512768
t=14653978 read event=5009 count=4096 submitted=20516864
t=14656736 read event=5010 count=4096 submitted=20520960
t=14659480 read event=5011 count=4096 submitted=20525056
t=14662437 read event=5012 count=4096 submitted=20529152
t=14665265 read event=5013 count=4096 submitted=20533248
t=14668018 read event=5014 count=4096 submitted=20537344
t=14670762 read event=5015 count=4096 submitted=20541440
t=14673704 read event=5016 count=4096 submitted=20545536
t=14676517 read event=5017 count=4096 submitted=20549632
t=14679270 read event=5018 count=4096 submitted=20553728
t=14682014 read event=5019 count=4096 submitted=20557824
t=14684954 read event=5020 count=4096 submitted=20561920
t=14687771 read event=5021 count=4096 submitted=20566016
t=14690516 read event=5022 count=4096 submitted=20570112
t=14693260 read event=5023 count=4096 submitted=20574208
t=14696206 read event=5024 count=4096 submitted=20578304
t=14699024 read event=5025 count=4096 submitted=20582400
t=14701777 read event=5026 count=4096 submitted=20586496
t=14704517 read event=5027 count=4096 submitted=20590592
t=14707479 read event=5028 count=4096 submitted=20594688
t=14710296 read event=5029 count=4096 submitted=20598784
t=14713044 read event=5030 count=4096 submitted=20602880
t=14715789 read event=5031 count=4096 submitted=20606976
t=14719229 read event=5032 count=4096 submitted=20611072
t=14722110 read event=5033 count=4096 submitted=20615168
t=14724945 read event=5034 count=4096 submitted=20619264
t=14727705 read event=5035 count=4096 submitted=20623360
t=14730658 read event=5036 count=4096 submitted=20627456
t=14733526 read event=5037 count=4096 submitted=20631552
t=14736280 read event=5038 count=4096 submitted=20635648
t=14739029 read event=5039 count=4096 submitted=20639744
t=14741969 read event=5040 count=4096 submitted=20643840
t=14744788 read event=5041 count=4096 submitted=20647936
t=14747533 read event=5042 count=4096 submitted=20652032
t=14750279 read event=5043 count=4096 submitted=20656128
t=14753227 read event=5044 count=4096 submitted=20660224
t=14756045 read event=5045 count=4096 submitted=20664320
t=14758797 read event=5046 count=4096 submitted=20668416
t=14761537 read event=5047 count=4096 submitted=20672512
t=14764492 read event=5048 count=4096 submitted=20676608
t=14767312 read event=5049 count=4096 submitted=20680704
t=14770063 read event=5050 count=4096 submitted=20684800
t=14772813 read event=5051 count=4096 submitted=20688896
t=14775753 read event=5052 count=4096 submitted=20692992
t=14778563 read event=5053 count=4096 submitted=20697088
t=14781313 read event=5054 count=4096 submitted=20701184
t=14784057 read event=5055 count=4096 submitted=20705280
t=14786997 read event=5056 count=4096 submitted=20709376
t=14789813 read event=5057 count=4096 submitted=20713472
t=14792557 read event=5058 count=4096 submitted=20717568
t=14795305 read event=5059 count=4096 submitted=20721664
t=14798248 read event=5060 count=4096 submitted=20725760
t=14801101 read event=5061 count=4096 submitted=20729856
t=14803854 read event=5062 count=4096 submitted=20733952
t=14806608 read event=5063 count=4096 submitted=20738048
t=14810071 read event=5064 count=4096 submitted=20742144
t=14812948 read event=5065 count=4096 submitted=20746240
t=14815786 read event=5066 count=4096 submitted=20750336
t=14818537 read event=5067 count=4096 submitted=20754432
t=14821504 read event=5068 count=4096 submitted=20758528
t=14824370 read event=5069 count=4096 submitted=20762624
t=14827128 read event=5070 count=4096 submitted=20766720
t=14829876 read event=5071 count=4096 submitted=20770816
t=14832821 read event=5072 count=4096 submitted=20774912
t=14835645 read event=5073 count=4096 submitted=20779008
t=14838404 read event=5074 count=4096 submitted=20783104
t=14841151 read event=5075 count=4096 submitted=20787200
t=14844098 read event=5076 count=4096 submitted=20791296
t=14846917 read event=5077 count=4096 submitted=20795392
t=14849666 read event=5078 count=4096 submitted=20799488
t=14852414 read event=5079 count=4096 submitted=20803584
t=14855356 read event=5080 count=4096 submitted=20807680
t=14858198 read event=5081 count=4096 submitted=20811776
t=14860953 read event=5082 count=4096 submitted=20815872
t=14863750 read event=5083 count=4096 submitted=20819968
t=14866699 read event=5084 count=4096 submitted=20824064
t=14869517 read event=5085 count=4096 submitted=20828160
t=14872269 read event=5086 count=4096 submitted=20832256
t=14875016 read event=5087 count=4096 submitted=20836352
t=14877958 read event=5088 count=4096 submitted=20840448
t=14880776 read event=5089 count=4096 submitted=20844544
t=14883524 read event=5090 count=4096 submitted=20848640
t=14886272 read event=5091 count=4096 submitted=20852736
t=14889219 read event=5092 count=4096 submitted=20856832
t=14892034 read event=5093 count=4096 submitted=20860928
t=14894783 read event=5094 count=4096 submitted=20865024
t=14897527 read event=5095 count=4096 submitted=20869120
t=14900976 read event=5096 count=4096 submitted=20873216
t=14903864 read event=5097 count=4096 submitted=20877312
t=14906712 read event=5098 count=4096 submitted=20881408
t=14909467 read event=5099 count=4096 submitted=20885504
t=14912436 read event=5100 count=4096 submitted=20889600
t=14915295 read event=5101 count=4096 submitted=20893696
t=14918047 read event=5102 count=4096 submitted=20897792
t=14920790 read event=5103 count=4096 submitted=20901888
t=14923742 read event=5104 count=4096 submitted=20905984
t=14926565 read event=5105 count=4096 submitted=20910080
t=14929320 read event=5106 count=4096 submitted=20914176
t=14932067 read event=5107 count=4096 submitted=20918272
t=14935013 read event=5108 count=4096 submitted=20922368
t=14937833 read event=5109 count=4096 submitted=20926464
t=14940577 read event=5110 count=4096 submitted=20930560
t=14943327 read event=5111 count=4096 submitted=20934656
t=14946272 read event=5112 count=4096 submitted=20938752
t=14949092 read event=5113 count=4096 submitted=20942848
t=14951841 read event=5114 count=4096 submitted=20946944
t=14954582 read event=5115 count=4096 submitted=20951040
t=14957532 read event=5116 count=4096 submitted=20955136
t=14960348 read event=5117 count=4096 submitted=20959232
t=14963099 read event=5118 count=4096 submitted=20963328
t=14965848 read event=5119 count=4096 submitted=20967424
t=14968790 read event=5120 count=4096 submitted=20971520
t=14971603 read event=5121 count=4096 submitted=20975616
t=14974352 read event=5122 count=4096 submitted=20979712
t=14977098 read event=5123 count=4096 submitted=20983808
t=14980041 read event=5124 count=4096 submitted=20987904
t=14982852 read event=5125 count=4096 submitted=20992000
t=14985597 read event=5126 count=4096 submitted=20996096
t=14988342 read event=5127 count=4096 submitted=21000192
t=14991816 read event=5128 count=4096 submitted=21004288
t=14994692 read event=5129 count=4096 submitted=21008384
t=14997522 read event=5130 count=4096 submitted=21012480
t=15000282 read event=5131 count=4096 submitted=21016576
t=15003238 read event=5132 count=4096 submitted=21020672
t=15006113 read event=5133 count=4096 submitted=21024768
t=15008866 read event=5134 count=4096 submitted=21028864
t=15011609 read event=5135 count=4096 submitted=21032960
t=15014566 read event=5136 count=4096 submitted=21037056
t=15017397 read event=5137 count=4096 submitted=21041152
t=15020149 read event=5138 count=4096 submitted=21045248
t=15022894 read event=5139 count=4096 submitted=21049344
t=15025841 read event=5140 count=4096 submitted=21053440
t=15028659 read event=5141 count=4096 submitted=21057536
t=15031413 read event=5142 count=4096 submitted=21061632
t=15034160 read event=5143 count=4096 submitted=21065728
t=15037104 read event=5144 count=4096 submitted=21069824
t=15039923 read event=5145 count=4096 submitted=21073920
t=15042663 read event=5146 count=4096 submitted=21078016
t=15045411 read event=5147 count=4096 submitted=21082112
t=15048354 read event=5148 count=4096 submitted=21086208
t=15051173 read event=5149 count=4096 submitted=21090304
t=15053925 read event=5150 count=4096 submitted=21094400
t=15056666 read event=5151 count=4096 submitted=21098496
t=15059622 read event=5152 count=4096 submitted=21102592
t=15062465 read event=5153 count=4096 submitted=21106688
t=15065221 read event=5154 count=4096 submitted=21110784
t=15067966 read event=5155 count=4096 submitted=21114880
t=15070958 read event=5156 count=4096 submitted=21118976
t=15073782 read event=5157 count=4096 submitted=21123072
t=15076527 read event=5158 count=4096 submitted=21127168
t=15079274 read event=5159 count=4096 submitted=21131264
t=15082722 read event=5160 count=4096 submitted=21135360
t=15085595 read event=5161 count=4096 submitted=21139456
t=15088423 read event=5162 count=4096 submitted=21143552
t=15091181 read event=5163 count=4096 submitted=21147648
t=15094136 read event=5164 count=4096 submitted=21151744
t=15097001 read event=5165 count=4096 submitted=21155840
t=15099756 read event=5166 count=4096 submitted=21159936
t=15102496 read event=5167 count=4096 submitted=21164032
t=15105468 read event=5168 count=4096 submitted=21168128
t=15108291 read event=5169 count=4096 submitted=21172224
t=15111041 read event=5170 count=4096 submitted=21176320
t=15113789 read event=5171 count=4096 submitted=21180416
t=15116733 read event=5172 count=4096 submitted=21184512
t=15119549 read event=5173 count=4096 submitted=21188608
t=15122301 read event=5174 count=4096 submitted=21192704
t=15125045 read event=5175 count=4096 submitted=21196800
t=15127987 read event=5176 count=4096 submitted=21200896
t=15130811 read event=5177 count=4096 submitted=21204992
t=15133555 read event=5178 count=4096 submitted=21209088
t=15136298 read event=5179 count=4096 submitted=21213184
t=15139243 read event=5180 count=4096 submitted=21217280
t=15142062 read event=5181 count=4096 submitted=21221376
t=15144813 read event=5182 count=4096 submitted=21225472
t=15147555 read event=5183 count=4096 submitted=21229568
t=15150504 read event=5184 count=4096 submitted=21233664
t=15153323 read event=5185 count=4096 submitted=21237760
t=15156073 read event=5186 count=4096 submitted=21241856
t=15158823 read event=5187 count=4096 submitted=21245952
t=15161770 read event=5188 count=4096 submitted=21250048
t=15164580 read event=5189 count=4096 submitted=21254144
t=15167331 read event=5190 count=4096 submitted=21258240
t=15170078 read event=5191 count=4096 submitted=21262336
t=15173537 read event=5192 count=4096 submitted=21266432
t=15176419 read event=5193 count=4096 submitted=21270528
t=15179252 read event=5194 count=4096 submitted=21274624
t=15182012 read event=5195 count=4096 submitted=21278720
t=15184971 read event=5196 count=4096 submitted=21282816
t=15187832 read event=5197 count=4096 submitted=21286912
t=15190579 read event=5198 count=4096 submitted=21291008
t=15193326 read event=5199 count=4096 submitted=21295104
t=15196269 read event=5200 count=4096 submitted=21299200
t=15199090 read event=5201 count=4096 submitted=21303296
t=15201843 read event=5202 count=4096 submitted=21307392
t=15204588 read event=5203 count=4096 submitted=21311488
t=15207550 read event=5204 count=4096 submitted=21315584
t=15210370 read event=5205 count=4096 submitted=21319680
t=15213121 read event=5206 count=4096 submitted=21323776
t=15215869 read event=5207 count=4096 submitted=21327872
t=15218810 read event=5208 count=4096 submitted=21331968
t=15221625 read event=5209 count=4096 submitted=21336064
t=15224379 read event=5210 count=4096 submitted=21340160
t=15227125 read event=5211 count=4096 submitted=21344256
t=15230068 read event=5212 count=4096 submitted=21348352
t=15232892 read event=5213 count=4096 submitted=21352448
t=15235638 read event=5214 count=4096 submitted=21356544
t=15238386 read event=5215 count=4096 submitted=21360640
t=15241330 read event=5216 count=4096 submitted=21364736
t=15244148 read event=5217 count=4096 submitted=21368832
t=15246899 read event=5218 count=4096 submitted=21372928
t=15249638 read event=5219 count=4096 submitted=21377024
t=15252584 read event=5220 count=4096 submitted=21381120
t=15255410 read event=5221 count=4096 submitted=21385216
t=15258162 read event=5222 count=4096 submitted=21389312
t=15260909 read event=5223 count=4096 submitted=21393408
t=15264412 read event=5224 count=4096 submitted=21397504
t=15267300 read event=5225 count=4096 submitted=21401600
t=15270130 read event=5226 count=4096 submitted=21405696
t=15272887 read event=5227 count=4096 submitted=21409792
t=15275844 read event=5228 count=4096 submitted=21413888
t=15278757 read event=5229 count=4096 submitted=21417984
t=15281510 read event=5230 count=4096 submitted=21422080
t=15284260 read event=5231 count=4096 submitted=21426176
t=15287208 read event=5232 count=4096 submitted=21430272
t=15290035 read event=5233 count=4096 submitted=21434368
t=15292785 read event=5234 count=4096 submitted=21438464
t=15295532 read event=5235 count=4096 submitted=21442560
t=15298488 read event=5236 count=4096 submitted=21446656
t=15301313 read event=5237 count=4096 submitted=21450752
t=15304065 read event=5238 count=4096 submitted=21454848
t=15306821 read event=5239 count=4096 submitted=21458944
t=15309762 read event=5240 count=4096 submitted=21463040
t=15312585 read event=5241 count=4096 submitted=21467136
t=15315340 read event=5242 count=4096 submitted=21471232
t=15318089 read event=5243 count=4096 submitted=21475328
t=15321034 read event=5244 count=4096 submitted=21479424
t=15323857 read event=5245 count=4096 submitted=21483520
t=15326604 read event=5246 count=4096 submitted=21487616
t=15329352 read event=5247 count=4096 submitted=21491712
t=15332298 read event=5248 count=4096 submitted=21495808
t=15335121 read event=5249 count=4096 submitted=21499904
t=15337876 read event=5250 count=4096 submitted=21504000
t=15340615 read event=5251 count=4096 submitted=21508096
t=15343570 read event=5252 count=4096 submitted=21512192
t=15346408 read event=5253 count=4096 submitted=21516288
t=15349159 read event=5254 count=4096 submitted=21520384
t=15351907 read event=5255 count=4096 submitted=21524480
t=15355351 read event=5256 count=4096 submitted=21528576
t=15358230 read event=5257 count=4096 submitted=21532672
t=15361063 read event=5258 count=4096 submitted=21536768
t=15363820 read event=5259 count=4096 submitted=21540864
t=15366774 read event=5260 count=4096 submitted=21544960
t=15369628 read event=5261 count=4096 submitted=21549056
t=15372384 read event=5262 count=4096 submitted=21553152
t=15375131 read event=5263 count=4096 submitted=21557248
t=15378075 read event=5264 count=4096 submitted=21561344
t=15380897 read event=5265 count=4096 submitted=21565440
t=15383644 read event=5266 count=4096 submitted=21569536
t=15386397 read event=5267 count=4096 submitted=21573632
t=15389346 read event=5268 count=4096 submitted=21577728
t=15392162 read event=5269 count=4096 submitted=21581824
t=15394914 read event=5270 count=4096 submitted=21585920
t=15397658 read event=5271 count=4096 submitted=21590016
t=15400603 read event=5272 count=4096 submitted=21594112
t=15403430 read event=5273 count=4096 submitted=21598208
t=15406189 read event=5274 count=4096 submitted=21602304
t=15408937 read event=5275 count=4096 submitted=21606400
t=15411879 read event=5276 count=4096 submitted=21610496
t=15414712 read event=5277 count=4096 submitted=21614592
t=15417461 read event=5278 count=4096 submitted=21618688
t=15420204 read event=5279 count=4096 submitted=21622784
t=15423153 read event=5280 count=4096 submitted=21626880
t=15425968 read event=5281 count=4096 submitted=21630976
t=15428720 read event=5282 count=4096 submitted=21635072
t=15431462 read event=5283 count=4096 submitted=21639168
t=15434414 read event=5284 count=4096 submitted=21643264
t=15437235 read event=5285 count=4096 submitted=21647360
t=15439990 read event=5286 count=4096 submitted=21651456
t=15442735 read event=5287 count=4096 submitted=21655552
t=15446185 read event=5288 count=4096 submitted=21659648
t=15449055 read event=5289 count=4096 submitted=21663744
t=15451894 read event=5290 count=4096 submitted=21667840
t=15454648 read event=5291 count=4096 submitted=21671936
t=15457610 read event=5292 count=4096 submitted=21676032
t=15460472 read event=5293 count=4096 submitted=21680128
t=15463228 read event=5294 count=4096 submitted=21684224
t=15465974 read event=5295 count=4096 submitted=21688320
t=15468946 read event=5296 count=4096 submitted=21692416
t=15471775 read event=5297 count=4096 submitted=21696512
t=15474518 read event=5298 count=4096 submitted=21700608
t=15477267 read event=5299 count=4096 submitted=21704704
t=15480212 read event=5300 count=4096 submitted=21708800
t=15483032 read event=5301 count=4096 submitted=21712896
t=15485829 read event=5302 count=4096 submitted=21716992
t=15488576 read event=5303 count=4096 submitted=21721088
t=15491533 read event=5304 count=4096 submitted=21725184
t=15494360 read event=5305 count=4096 submitted=21729280
t=15497110 read event=5306 count=4096 submitted=21733376
t=15499859 read event=5307 count=4096 submitted=21737472
t=15502799 read event=5308 count=4096 submitted=21741568
t=15505624 read event=5309 count=4096 submitted=21745664
t=15508377 read event=5310 count=4096 submitted=21749760
t=15511123 read event=5311 count=4096 submitted=21753856
t=15514066 read event=5312 count=4096 submitted=21757952
t=15516884 read event=5313 count=4096 submitted=21762048
t=15519628 read event=5314 count=4096 submitted=21766144
t=15522374 read event=5315 count=4096 submitted=21770240
t=15525317 read event=5316 count=4096 submitted=21774336
t=15528133 read event=5317 count=4096 submitted=21778432
t=15530883 read event=5318 count=4096 submitted=21782528
t=15533624 read event=5319 count=4096 submitted=21786624
t=15537088 read event=5320 count=4096 submitted=21790720
t=15539967 read event=5321 count=4096 submitted=21794816
t=15542795 read event=5322 count=4096 submitted=21798912
t=15545549 read event=5323 count=4096 submitted=21803008
t=15548515 read event=5324 count=4096 submitted=21807104
t=15551371 read event=5325 count=4096 submitted=21811200
t=15554125 read event=5326 count=4096 submitted=21815296
t=15556872 read event=5327 count=4096 submitted=21819392
t=15559819 read event=5328 count=4096 submitted=21823488
t=15562631 read event=5329 count=4096 submitted=21827584
t=15565388 read event=5330 count=4096 submitted=21831680
t=15568136 read event=5331 count=4096 submitted=21835776
t=15571084 read event=5332 count=4096 submitted=21839872
t=15573903 read event=5333 count=4096 submitted=21843968
t=15576647 read event=5334 count=4096 submitted=21848064
t=15579402 read event=5335 count=4096 submitted=21852160
t=15582344 read event=5336 count=4096 submitted=21856256
t=15585165 read event=5337 count=4096 submitted=21860352
t=15587916 read event=5338 count=4096 submitted=21864448
t=15590656 read event=5339 count=4096 submitted=21868544
t=15593606 read event=5340 count=4096 submitted=21872640
t=15596428 read event=5341 count=4096 submitted=21876736
t=15599178 read event=5342 count=4096 submitted=21880832
t=15601925 read event=5343 count=4096 submitted=21884928
t=15604875 read event=5344 count=4096 submitted=21889024
t=15607692 read event=5345 count=4096 submitted=21893120
t=15610432 read event=5346 count=4096 submitted=21897216
t=15613185 read event=5347 count=4096 submitted=21901312
t=15616130 read event=5348 count=4096 submitted=21905408
t=15618950 read event=5349 count=4096 submitted=21909504
t=15621700 read event=5350 count=4096 submitted=21913600
t=15624438 read event=5351 count=4096 submitted=21917696
t=15627899 read event=5352 count=4096 submitted=21921792
t=15630774 read event=5353 count=4096 submitted=21925888
t=15633605 read event=5354 count=4096 submitted=21929984
t=15636363 read event=5355 count=4096 submitted=21934080
t=15639320 read event=5356 count=4096 submitted=21938176
t=15642185 read event=5357 count=4096 submitted=21942272
t=15644937 read event=5358 count=4096 submitted=21946368
t=15647678 read event=5359 count=4096 submitted=21950464
t=15650624 read event=5360 count=4096 submitted=21954560
t=15653458 read event=5361 count=4096 submitted=21958656
t=15656208 read event=5362 count=4096 submitted=21962752
t=15658957 read event=5363 count=4096 submitted=21966848
t=15661901 read event=5364 count=4096 submitted=21970944
t=15664715 read event=5365 count=4096 submitted=21975040
t=15667461 read event=5366 count=4096 submitted=21979136
t=15670208 read event=5367 count=4096 submitted=21983232
t=15673173 read event=5368 count=4096 submitted=21987328
t=15676186 read event=5369 count=4096 submitted=21991424
t=15678960 read event=5370 count=4096 submitted=21995520
t=15681711 read event=5371 count=4096 submitted=21999616
t=15684653 read event=5372 count=4096 submitted=22003712
t=15687494 read event=5373 count=4096 submitted=22007808
t=15690246 read event=5374 count=4096 submitted=22011904
t=15692992 read event=5375 count=4096 submitted=22016000
t=15695994 read event=5376 count=4096 submitted=22020096
t=15698822 read event=5377 count=4096 submitted=22024192
t=15701571 read event=5378 count=4096 submitted=22028288
t=15704317 read event=5379 count=4096 submitted=22032384
t=15707279 read event=5380 count=4096 submitted=22036480
t=15710100 read event=5381 count=4096 submitted=22040576
t=15712849 read event=5382 count=4096 submitted=22044672
t=15715590 read event=5383 count=4096 submitted=22048768
t=15719055 read event=5384 count=4096 submitted=22052864
t=15721938 read event=5385 count=4096 submitted=22056960
t=15724771 read event=5386 count=4096 submitted=22061056
t=15727526 read event=5387 count=4096 submitted=22065152
t=15730486 read event=5388 count=4096 submitted=22069248
t=15733344 read event=5389 count=4096 submitted=22073344
t=15736099 read event=5390 count=4096 submitted=22077440
t=15738846 read event=5391 count=4096 submitted=22081536
t=15741794 read event=5392 count=4096 submitted=22085632
t=15744616 read event=5393 count=4096 submitted=22089728
t=15747366 read event=5394 count=4096 submitted=22093824
t=15750114 read event=5395 count=4096 submitted=22097920
t=15753055 read event=5396 count=4096 submitted=22102016
t=15755873 read event=5397 count=4096 submitted=22106112
t=15758615 read event=5398 count=4096 submitted=22110208
t=15761364 read event=5399 count=4096 submitted=22114304
t=15764306 read event=5400 count=4096 submitted=22118400
t=15767128 read event=5401 count=4096 submitted=22122496
t=15769881 read event=5402 count=4096 submitted=22126592
t=15772618 read event=5403 count=4096 submitted=22130688
t=15775566 read event=5404 count=4096 submitted=22134784
t=15778387 read event=5405 count=4096 submitted=22138880
t=15781141 read event=5406 count=4096 submitted=22142976
t=15783894 read event=5407 count=4096 submitted=22147072
t=15786849 read event=5408 count=4096 submitted=22151168
t=15789661 read event=5409 count=4096 submitted=22155264
t=15792414 read event=5410 count=4096 submitted=22159360
t=15795163 read event=5411 count=4096 submitted=22163456
t=15798103 read event=5412 count=4096 submitted=22167552
t=15800919 read event=5413 count=4096 submitted=22171648
t=15803664 read event=5414 count=4096 submitted=22175744
t=15806425 read event=5415 count=4096 submitted=22179840
t=15809889 read event=5416 count=4096 submitted=22183936
t=15814407 read event=5417 count=4096 submitted=22188032
t=15817217 read event=5418 count=4096 submitted=22192128
t=15819973 read event=5419 count=4096 submitted=22196224
t=15822963 read event=5420 count=4096 submitted=22200320
t=15825824 read event=5421 count=4096 submitted=22204416
t=15828574 read event=5422 count=4096 submitted=22208512
t=15831322 read event=5423 count=4096 submitted=22212608
t=15834269 read event=5424 count=4096 submitted=22216704
t=15837091 read event=5425 count=4096 submitted=22220800
t=15839844 read event=5426 count=4096 submitted=22224896
t=15843318 read event=5427 count=4096 submitted=22228992
t=15848506 read event=5428 count=4096 submitted=22233088
t=15851339 read event=5429 count=4096 submitted=22237184
t=15854088 read event=5430 count=4096 submitted=22241280
t=15856834 read event=5431 count=4096 submitted=22245376
t=15859777 read event=5432 count=4096 submitted=22249472
t=15862590 read event=5433 count=4096 submitted=22253568
t=15865344 read event=5434 count=4096 submitted=22257664
t=15868091 read event=5435 count=4096 submitted=22261760
t=15871032 read event=5436 count=4096 submitted=22265856
t=15873850 read event=5437 count=4096 submitted=22269952
t=15877061 read event=5438 count=4096 submitted=22274048
t=15882174 read event=5439 count=4096 submitted=22278144
t=15885289 read event=5440 count=4096 submitted=22282240
t=15888110 read event=5441 count=4096 submitted=22286336
t=15890859 read event=5442 count=4096 submitted=22290432
t=15893603 read event=5443 count=4096 submitted=22294528
t=15896559 read event=5444 count=4096 submitted=22298624
t=15899378 read event=5445 count=4096 submitted=22302720
t=15902178 read event=5446 count=4096 submitted=22306816
t=15904942 read event=5447 count=4096 submitted=22310912
t=15908394 read event=5448 count=4096 submitted=22315008
t=15911276 read event=5449 count=4096 submitted=22319104
t=15915870 read event=5450 count=4096 submitted=22323200
t=15919386 read event=5451 count=4096 submitted=22327296
t=15922339 read event=5452 count=4096 submitted=22331392
t=15925209 read event=5453 count=4096 submitted=22335488
t=15927963 read event=5454 count=4096 submitted=22339584
t=15930709 read event=5455 count=4096 submitted=22343680
t=15933650 read event=5456 count=4096 submitted=22347776
t=15936477 read event=5457 count=4096 submitted=22351872
t=15939230 read event=5458 count=4096 submitted=22355968
t=15941976 read event=5459 count=4096 submitted=22360064
t=15944930 read event=5460 count=4096 submitted=22364160
t=15949361 read event=5461 count=4096 submitted=22368256
t=15953468 read event=5462 count=4096 submitted=22372352
t=15956218 read event=5463 count=4096 submitted=22376448
t=15959164 read event=5464 count=4096 submitted=22380544
t=15961999 read event=5465 count=4096 submitted=22384640
t=15964749 read event=5466 count=4096 submitted=22388736
t=15967491 read event=5467 count=4096 submitted=22392832
t=15970439 read event=5468 count=4096 submitted=22396928
t=15973256 read event=5469 count=4096 submitted=22401024
t=15976006 read event=5470 count=4096 submitted=22405120
t=15978753 read event=5471 count=4096 submitted=22409216
t=15983046 read event=5472 count=4096 submitted=22413312
t=15987545 read event=5473 count=4096 submitted=22417408
t=15990293 read event=5474 count=4096 submitted=22421504
t=15993038 read event=5475 count=4096 submitted=22425600
t=15995976 read event=5476 count=4096 submitted=22429696
t=15998792 read event=5477 count=4096 submitted=22433792
t=16001538 read event=5478 count=4096 submitted=22437888
t=16004284 read event=5479 count=4096 submitted=22441984
t=16007761 read event=5480 count=4096 submitted=22446080
t=16010633 read event=5481 count=4096 submitted=22450176
t=16013476 read event=5482 count=4096 submitted=22454272
t=16016472 read event=5483 count=4096 submitted=22458368
t=16021624 read event=5484 count=4096 submitted=22462464
t=16024486 read event=5485 count=4096 submitted=22466560
t=16027240 read event=5486 count=4096 submitted=22470656
t=16029985 read event=5487 count=4096 submitted=22474752
t=16032931 read event=5488 count=4096 submitted=22478848
t=16035756 read event=5489 count=4096 submitted=22482944
t=16038502 read event=5490 count=4096 submitted=22487040
t=16041250 read event=5491 count=4096 submitted=22491136
t=16044192 read event=5492 count=4096 submitted=22495232
t=16047012 read event=5493 count=4096 submitted=22499328
t=16050480 read event=5494 count=4096 submitted=22503424
t=16055665 read event=5495 count=4096 submitted=22507520
t=16058610 read event=5496 count=4096 submitted=22511616
t=16061441 read event=5497 count=4096 submitted=22515712
t=16064193 read event=5498 count=4096 submitted=22519808
t=16066939 read event=5499 count=4096 submitted=22523904
t=16069887 read event=5500 count=4096 submitted=22528000
t=16072704 read event=5501 count=4096 submitted=22532096
t=16075447 read event=5502 count=4096 submitted=22536192
t=16078193 read event=5503 count=4096 submitted=22540288
t=16081138 read event=5504 count=4096 submitted=22544384
t=16084488 read event=5505 count=4096 submitted=22548480
t=16089672 read event=5506 count=4096 submitted=22552576
t=16092419 read event=5507 count=4096 submitted=22556672
t=16095366 read event=5508 count=4096 submitted=22560768
t=16098184 read event=5509 count=4096 submitted=22564864
t=16100933 read event=5510 count=4096 submitted=22568960
t=16103672 read event=5511 count=4096 submitted=22573056
t=16107177 read event=5512 count=4096 submitted=22577152
t=16110058 read event=5513 count=4096 submitted=22581248
t=16112944 read event=5514 count=4096 submitted=22585344
t=16115706 read event=5515 count=4096 submitted=22589440
t=16118655 read event=5516 count=4096 submitted=22593536
t=16123645 read event=5517 count=4096 submitted=22597632
t=16126403 read event=5518 count=4096 submitted=22601728
t=16129152 read event=5519 count=4096 submitted=22605824
t=16132101 read event=5520 count=4096 submitted=22609920
t=16134925 read event=5521 count=4096 submitted=22614016
t=16137671 read event=5522 count=4096 submitted=22618112
t=16140421 read event=5523 count=4096 submitted=22622208
t=16143367 read event=5524 count=4096 submitted=22626304
t=16146185 read event=5525 count=4096 submitted=22630400
t=16148935 read event=5526 count=4096 submitted=22634496
t=16152424 read event=5527 count=4096 submitted=22638592
t=16157614 read event=5528 count=4096 submitted=22642688
t=16160440 read event=5529 count=4096 submitted=22646784
t=16163194 read event=5530 count=4096 submitted=22650880
t=16165941 read event=5531 count=4096 submitted=22654976
t=16168885 read event=5532 count=4096 submitted=22659072
t=16171700 read event=5533 count=4096 submitted=22663168
t=16174445 read event=5534 count=4096 submitted=22667264
t=16177195 read event=5535 count=4096 submitted=22671360
t=16180140 read event=5536 count=4096 submitted=22675456
t=16182965 read event=5537 count=4096 submitted=22679552
t=16186355 read event=5538 count=4096 submitted=22683648
t=16191541 read event=5539 count=4096 submitted=22687744
t=16194488 read event=5540 count=4096 submitted=22691840
t=16197315 read event=5541 count=4096 submitted=22695936
t=16200064 read event=5542 count=4096 submitted=22700032
t=16202813 read event=5543 count=4096 submitted=22704128
t=16206286 read event=5544 count=4096 submitted=22708224
t=16209167 read event=5545 count=4096 submitted=22712320
t=16211999 read event=5546 count=4096 submitted=22716416
t=16214757 read event=5547 count=4096 submitted=22720512
t=16217721 read event=5548 count=4096 submitted=22724608
t=16220574 read event=5549 count=4096 submitted=22728704
t=16225446 read event=5550 count=4096 submitted=22732800
t=16228194 read event=5551 count=4096 submitted=22736896
t=16231141 read event=5552 count=4096 submitted=22740992
t=16233961 read event=5553 count=4096 submitted=22745088
t=16236714 read event=5554 count=4096 submitted=22749184
t=16239461 read event=5555 count=4096 submitted=22753280
t=16242417 read event=5556 count=4096 submitted=22757376
t=16245235 read event=5557 count=4096 submitted=22761472
t=16247986 read event=5558 count=4096 submitted=22765568
t=16250731 read event=5559 count=4096 submitted=22769664
t=16254148 read event=5560 count=4096 submitted=22773760
t=16259329 read event=5561 count=4096 submitted=22777856
t=16262091 read event=5562 count=4096 submitted=22781952
t=16264840 read event=5563 count=4096 submitted=22786048
t=16267794 read event=5564 count=4096 submitted=22790144
t=16270618 read event=5565 count=4096 submitted=22794240
t=16273372 read event=5566 count=4096 submitted=22798336
t=16276120 read event=5567 count=4096 submitted=22802432
t=16279068 read event=5568 count=4096 submitted=22806528
t=16281888 read event=5569 count=4096 submitted=22810624
t=16284631 read event=5570 count=4096 submitted=22814720
t=16288006 read event=5571 count=4096 submitted=22818816
t=16293195 read event=5572 count=4096 submitted=22822912
t=16296023 read event=5573 count=4096 submitted=22827008
t=16298772 read event=5574 count=4096 submitted=22831104
t=16301515 read event=5575 count=4096 submitted=22835200
t=16304993 read event=5576 count=4096 submitted=22839296
t=16307877 read event=5577 count=4096 submitted=22843392
t=16310709 read event=5578 count=4096 submitted=22847488
t=16313459 read event=5579 count=4096 submitted=22851584
t=16316424 read event=5580 count=4096 submitted=22855680
t=16319333 read event=5581 count=4096 submitted=22859776
t=16322092 read event=5582 count=4096 submitted=22863872
t=16325477 read event=5583 count=4096 submitted=22867968
t=16329707 read event=5584 count=4096 submitted=22872064
t=16332530 read event=5585 count=4096 submitted=22876160
t=16335284 read event=5586 count=4096 submitted=22880256
t=16338036 read event=5587 count=4096 submitted=22884352
t=16340979 read event=5588 count=4096 submitted=22888448
t=16343803 read event=5589 count=4096 submitted=22892544
t=16346553 read event=5590 count=4096 submitted=22896640
t=16349302 read event=5591 count=4096 submitted=22900736
t=16352247 read event=5592 count=4096 submitted=22904832
t=16355073 read event=5593 count=4096 submitted=22908928
t=16358277 read event=5594 count=4096 submitted=22913024
t=16363460 read event=5595 count=4096 submitted=22917120
t=16366412 read event=5596 count=4096 submitted=22921216
t=16369233 read event=5597 count=4096 submitted=22925312
t=16371980 read event=5598 count=4096 submitted=22929408
t=16374727 read event=5599 count=4096 submitted=22933504
t=16377663 read event=5600 count=4096 submitted=22937600
t=16380479 read event=5601 count=4096 submitted=22941696
t=16383231 read event=5602 count=4096 submitted=22945792
t=16385977 read event=5603 count=4096 submitted=22949888
t=16388917 read event=5604 count=4096 submitted=22953984
t=16392004 read event=5605 count=4096 submitted=22958080
t=16397182 read event=5606 count=4096 submitted=22962176
t=16399925 read event=5607 count=4096 submitted=22966272
t=16403380 read event=5608 count=4096 submitted=22970368
t=16406277 read event=5609 count=4096 submitted=22974464
t=16409108 read event=5610 count=4096 submitted=22978560
t=16411865 read event=5611 count=4096 submitted=22982656
t=16414826 read event=5612 count=4096 submitted=22986752
t=16417679 read event=5613 count=4096 submitted=22990848
t=16420433 read event=5614 count=4096 submitted=22994944
t=16423183 read event=5615 count=4096 submitted=22999040
t=16426127 read event=5616 count=4096 submitted=23003136
t=16430875 read event=5617 count=4096 submitted=23007232
t=16433623 read event=5618 count=4096 submitted=23011328
t=16436368 read event=5619 count=4096 submitted=23015424
t=16439315 read event=5620 count=4096 submitted=23019520
t=16442128 read event=5621 count=4096 submitted=23023616
t=16444879 read event=5622 count=4096 submitted=23027712
t=16447621 read event=5623 count=4096 submitted=23031808
t=16450569 read event=5624 count=4096 submitted=23035904
t=16453404 read event=5625 count=4096 submitted=23040000
t=16456152 read event=5626 count=4096 submitted=23044096
t=16459341 read event=5627 count=4096 submitted=23048192
t=16464529 read event=5628 count=4096 submitted=23052288
t=16467344 read event=5629 count=4096 submitted=23056384
t=16470096 read event=5630 count=4096 submitted=23060480
t=16472837 read event=5631 count=4096 submitted=23064576
t=16475785 read event=5632 count=4096 submitted=23068672
t=16478596 read event=5633 count=4096 submitted=23072768
t=16481347 read event=5634 count=4096 submitted=23076864
t=16484093 read event=5635 count=4096 submitted=23080960
t=16487034 read event=5636 count=4096 submitted=23085056
t=16489849 read event=5637 count=4096 submitted=23089152
t=16492590 read event=5638 count=4096 submitted=23093248
t=16495658 read event=5639 count=4096 submitted=23097344
t=16500854 read event=5640 count=4096 submitted=23101440
t=16503781 read event=5641 count=4096 submitted=23105536
t=16506580 read event=5642 count=4096 submitted=23109632
t=16509340 read event=5643 count=4096 submitted=23113728
t=16512295 read event=5644 count=4096 submitted=23117824
t=16515156 read event=5645 count=4096 submitted=23121920
t=16517911 read event=5646 count=4096 submitted=23126016
t=16520653 read event=5647 count=4096 submitted=23130112
t=16523604 read event=5648 count=4096 submitted=23134208
t=16526475 read event=5649 count=4096 submitted=23138304
t=16529288 read event=5650 count=4096 submitted=23142400
t=16534474 read event=5651 count=4096 submitted=23146496
t=16537431 read event=5652 count=4096 submitted=23150592
t=16540258 read event=5653 count=4096 submitted=23154688
t=16543009 read event=5654 count=4096 submitted=23158784
t=16545755 read event=5655 count=4096 submitted=23162880
t=16548720 read event=5656 count=4096 submitted=23166976
t=16551541 read event=5657 count=4096 submitted=23171072
t=16554293 read event=5658 count=4096 submitted=23175168
t=16557039 read event=5659 count=4096 submitted=23179264
t=16559984 read event=5660 count=4096 submitted=23183360
t=16562900 read event=5661 count=4096 submitted=23187456
t=16568087 read event=5662 count=4096 submitted=23191552
t=16570833 read event=5663 count=4096 submitted=23195648
t=16573777 read event=5664 count=4096 submitted=23199744
t=16576583 read event=5665 count=4096 submitted=23203840
t=16579332 read event=5666 count=4096 submitted=23207936
t=16582077 read event=5667 count=4096 submitted=23212032
t=16585018 read event=5668 count=4096 submitted=23216128
t=16587836 read event=5669 count=4096 submitted=23220224
t=16590579 read event=5670 count=4096 submitted=23224320
t=16593328 read event=5671 count=4096 submitted=23228416
t=16596785 read event=5672 count=4096 submitted=23232512
t=16601674 read event=5673 count=4096 submitted=23236608
t=16604468 read event=5674 count=4096 submitted=23240704
t=16607237 read event=5675 count=4096 submitted=23244800
t=16610195 read event=5676 count=4096 submitted=23248896
t=16613056 read event=5677 count=4096 submitted=23252992
t=16615810 read event=5678 count=4096 submitted=23257088
t=16618550 read event=5679 count=4096 submitted=23261184
t=16621506 read event=5680 count=4096 submitted=23265280
t=16624331 read event=5681 count=4096 submitted=23269376
t=16627087 read event=5682 count=4096 submitted=23273472
t=16629838 read event=5683 count=4096 submitted=23277568
t=16632781 read event=5684 count=4096 submitted=23281664
t=16637926 read event=5685 count=4096 submitted=23285760
t=16640672 read event=5686 count=4096 submitted=23289856
t=16643423 read event=5687 count=4096 submitted=23293952
t=16646367 read event=5688 count=4096 submitted=23298048
t=16649188 read event=5689 count=4096 submitted=23302144
t=16651955 read event=5690 count=4096 submitted=23306240
t=16654975 read event=5691 count=4096 submitted=23310336
t=16658218 read event=5692 count=4096 submitted=23314432
t=16661431 read event=5693 count=4096 submitted=23318528
t=16664497 read event=5694 count=4096 submitted=23322624
t=16667527 read event=5695 count=4096 submitted=23326720
t=16671513 read event=5696 count=4096 submitted=23330816
t=16674420 read event=5697 count=4096 submitted=23334912
t=16677182 read event=5698 count=4096 submitted=23339008
t=16679933 read event=5699 count=4096 submitted=23343104
t=16682890 read event=5700 count=4096 submitted=23347200
t=16685716 read event=5701 count=4096 submitted=23351296
t=16688465 read event=5702 count=4096 submitted=23355392
t=16691217 read event=5703 count=4096 submitted=23359488
t=16694706 read event=5704 count=4096 submitted=23363584
t=16697583 read event=5705 count=4096 submitted=23367680
t=16700420 read event=5706 count=4096 submitted=23371776
t=16705118 read event=5707 count=4096 submitted=23375872
t=16708074 read event=5708 count=4096 submitted=23379968
t=16710938 read event=5709 count=4096 submitted=23384064
t=16713693 read event=5710 count=4096 submitted=23388160
t=16716440 read event=5711 count=4096 submitted=23392256
t=16719390 read event=5712 count=4096 submitted=23396352
t=16722210 read event=5713 count=4096 submitted=23400448
t=16724961 read event=5714 count=4096 submitted=23404544
t=16727709 read event=5715 count=4096 submitted=23408640
t=16730645 read event=5716 count=4096 submitted=23412736
t=16733475 read event=5717 count=4096 submitted=23416832
t=16738107 read event=5718 count=4096 submitted=23420928
t=16741408 read event=5719 count=4096 submitted=23425024
t=16744355 read event=5720 count=4096 submitted=23429120
t=16747184 read event=5721 count=4096 submitted=23433216
t=16749935 read event=5722 count=4096 submitted=23437312
t=16752674 read event=5723 count=4096 submitted=23441408
t=16755623 read event=5724 count=4096 submitted=23445504
t=16758447 read event=5725 count=4096 submitted=23449600
t=16761198 read event=5726 count=4096 submitted=23453696
t=16763977 read event=5727 count=4096 submitted=23457792
t=16766921 read event=5728 count=4096 submitted=23461888
t=16769910 read event=5729 count=4096 submitted=23465984
t=16775099 read event=5730 count=4096 submitted=23470080
t=16777844 read event=5731 count=4096 submitted=23474176
t=16780791 read event=5732 count=4096 submitted=23478272
t=16783605 read event=5733 count=4096 submitted=23482368
t=16786359 read event=5734 count=4096 submitted=23486464
t=16789103 read event=5735 count=4096 submitted=23490560
t=16792559 read event=5736 count=4096 submitted=23494656
t=16795444 read event=5737 count=4096 submitted=23498752
t=16798280 read event=5738 count=4096 submitted=23502848
t=16801041 read event=5739 count=4096 submitted=23506944
t=16804005 read event=5740 count=4096 submitted=23511040
t=16808942 read event=5741 count=4096 submitted=23515136
t=16811695 read event=5742 count=4096 submitted=23519232
t=16814436 read event=5743 count=4096 submitted=23523328
t=16817383 read event=5744 count=4096 submitted=23527424
t=16820210 read event=5745 count=4096 submitted=23531520
t=16822961 read event=5746 count=4096 submitted=23535616
t=16825706 read event=5747 count=4096 submitted=23539712
t=16828639 read event=5748 count=4096 submitted=23543808
t=16831467 read event=5749 count=4096 submitted=23547904
t=16834221 read event=5750 count=4096 submitted=23552000
t=16837697 read event=5751 count=4096 submitted=23556096
t=16842886 read event=5752 count=4096 submitted=23560192
t=16845713 read event=5753 count=4096 submitted=23564288
t=16848486 read event=5754 count=4096 submitted=23568384
t=16851238 read event=5755 count=4096 submitted=23572480
t=16854198 read event=5756 count=4096 submitted=23576576
t=16857020 read event=5757 count=4096 submitted=23580672
t=16859771 read event=5758 count=4096 submitted=23584768
t=16862514 read event=5759 count=4096 submitted=23588864
t=16865466 read event=5760 count=4096 submitted=23592960
t=16868283 read event=5761 count=4096 submitted=23597056
t=16871754 read event=5762 count=4096 submitted=23601152
t=16876935 read event=5763 count=4096 submitted=23605248
t=16879876 read event=5764 count=4096 submitted=23609344
t=16882694 read event=5765 count=4096 submitted=23613440
t=16885441 read event=5766 count=4096 submitted=23617536
t=16888188 read event=5767 count=4096 submitted=23621632
t=16891646 read event=5768 count=4096 submitted=23625728
t=16894527 read event=5769 count=4096 submitted=23629824
t=16897358 read event=5770 count=4096 submitted=23633920
t=16900115 read event=5771 count=4096 submitted=23638016
t=16903073 read event=5772 count=4096 submitted=23642112
t=16906096 read event=5773 count=4096 submitted=23646208
t=16911262 read event=5774 count=4096 submitted=23650304
t=16914009 read event=5775 count=4096 submitted=23654400
t=16916952 read event=5776 count=4096 submitted=23658496
t=16919775 read event=5777 count=4096 submitted=23662592
t=16922517 read event=5778 count=4096 submitted=23666688
t=16925264 read event=5779 count=4096 submitted=23670784
t=16928204 read event=5780 count=4096 submitted=23674880
t=16931037 read event=5781 count=4096 submitted=23678976
t=16933792 read event=5782 count=4096 submitted=23683072
t=16936530 read event=5783 count=4096 submitted=23687168
t=16940282 read event=5784 count=4096 submitted=23691264
t=16945469 read event=5785 count=4096 submitted=23695360
t=16948224 read event=5786 count=4096 submitted=23699456
t=16950978 read event=5787 count=4096 submitted=23703552
t=16953927 read event=5788 count=4096 submitted=23707648
t=16956754 read event=5789 count=4096 submitted=23711744
t=16959502 read event=5790 count=4096 submitted=23715840
t=16962247 read event=5791 count=4096 submitted=23719936
t=16965190 read event=5792 count=4096 submitted=23724032
t=16968005 read event=5793 count=4096 submitted=23728128
t=16970757 read event=5794 count=4096 submitted=23732224
t=16974161 read event=5795 count=4096 submitted=23736320
t=16979353 read event=5796 count=4096 submitted=23740416
t=16982169 read event=5797 count=4096 submitted=23744512
t=16984919 read event=5798 count=4096 submitted=23748608
t=16987680 read event=5799 count=4096 submitted=23752704
t=16991127 read event=5800 count=4096 submitted=23756800
t=16994004 read event=5801 count=4096 submitted=23760896
t=16996840 read event=5802 count=4096 submitted=23764992
t=16999594 read event=5803 count=4096 submitted=23769088
t=17002562 read event=5804 count=4096 submitted=23773184
t=17005438 read event=5805 count=4096 submitted=23777280
t=17008193 read event=5806 count=4096 submitted=23781376
t=17012749 read event=5807 count=4096 submitted=23785472
t=17015694 read event=5808 count=4096 submitted=23789568
t=17018508 read event=5809 count=4096 submitted=23793664
t=17021261 read event=5810 count=4096 submitted=23797760
t=17024009 read event=5811 count=4096 submitted=23801856
t=17026950 read event=5812 count=4096 submitted=23805952
t=17029772 read event=5813 count=4096 submitted=23810048
t=17032517 read event=5814 count=4096 submitted=23814144
t=17035267 read event=5815 count=4096 submitted=23818240
t=17038211 read event=5816 count=4096 submitted=23822336
t=17041030 read event=5817 count=4096 submitted=23826432
t=17043779 read event=5818 count=4096 submitted=23830528
t=17047334 read event=5819 count=4096 submitted=23834624
t=17050278 read event=5820 count=4096 submitted=23838720
t=17053098 read event=5821 count=4096 submitted=23842816
t=17055847 read event=5822 count=4096 submitted=23846912
t=17058584 read event=5823 count=4096 submitted=23851008
t=17061531 read event=5824 count=4096 submitted=23855104
t=17064352 read event=5825 count=4096 submitted=23859200
t=17067100 read event=5826 count=4096 submitted=23863296
t=17069845 read event=5827 count=4096 submitted=23867392
t=17072787 read event=5828 count=4096 submitted=23871488
t=17075595 read event=5829 count=4096 submitted=23875584
t=17078346 read event=5830 count=4096 submitted=23879680
t=17081092 read event=5831 count=4096 submitted=23883776
t=17084547 read event=5832 count=4096 submitted=23887872
t=17087430 read event=5833 count=4096 submitted=23891968
t=17090267 read event=5834 count=4096 submitted=23896064
t=17093023 read event=5835 count=4096 submitted=23900160
t=17095980 read event=5836 count=4096 submitted=23904256
t=17098840 read event=5837 count=4096 submitted=23908352
t=17101589 read event=5838 count=4096 submitted=23912448
t=17104335 read event=5839 count=4096 submitted=23916544
t=17107292 read event=5840 count=4096 submitted=23920640
t=17110118 read event=5841 count=4096 submitted=23924736
t=17112871 read event=5842 count=4096 submitted=23928832
t=17115612 read event=5843 count=4096 submitted=23932928
t=17118562 read event=5844 count=4096 submitted=23937024
t=17121386 read event=5845 count=4096 submitted=23941120
t=17124141 read event=5846 count=4096 submitted=23945216
t=17126886 read event=5847 count=4096 submitted=23949312
t=17129841 read event=5848 count=4096 submitted=23953408
t=17132653 read event=5849 count=4096 submitted=23957504
t=17135411 read event=5850 count=4096 submitted=23961600
t=17138160 read event=5851 count=4096 submitted=23965696
t=17141102 read event=5852 count=4096 submitted=23969792
t=17143917 read event=5853 count=4096 submitted=23973888
t=17146660 read event=5854 count=4096 submitted=23977984
t=17149412 read event=5855 count=4096 submitted=23982080
t=17152403 read event=5856 count=4096 submitted=23986176
t=17155230 read event=5857 count=4096 submitted=23990272
t=17157979 read event=5858 count=4096 submitted=23994368
t=17160727 read event=5859 count=4096 submitted=23998464
t=17163665 read event=5860 count=4096 submitted=24002560
t=17166495 read event=5861 count=4096 submitted=24006656
t=17169247 read event=5862 count=4096 submitted=24010752
t=17171991 read event=5863 count=4096 submitted=24014848
t=17175441 read event=5864 count=4096 submitted=24018944
t=17178310 read event=5865 count=4096 submitted=24023040
t=17181144 read event=5866 count=4096 submitted=24027136
t=17183899 read event=5867 count=4096 submitted=24031232
t=17186857 read event=5868 count=4096 submitted=24035328
t=17189715 read event=5869 count=4096 submitted=24039424
t=17192463 read event=5870 count=4096 submitted=24043520
t=17195229 read event=5871 count=4096 submitted=24047616
t=17198176 read event=5872 count=4096 submitted=24051712
t=17201001 read event=5873 count=4096 submitted=24055808
t=17203750 read event=5874 count=4096 submitted=24059904
t=17206504 read event=5875 count=4096 submitted=24064000
t=17209458 read event=5876 count=4096 submitted=24068096
t=17212279 read event=5877 count=4096 submitted=24072192
t=17215032 read event=5878 count=4096 submitted=24076288
t=17217779 read event=5879 count=4096 submitted=24080384
t=17220725 read event=5880 count=4096 submitted=24084480
t=17223543 read event=5881 count=4096 submitted=24088576
t=17226292 read event=5882 count=4096 submitted=24092672
t=17229039 read event=5883 count=4096 submitted=24096768
t=17231993 read event=5884 count=4096 submitted=24100864
t=17234820 read event=5885 count=4096 submitted=24104960
t=17237565 read event=5886 count=4096 submitted=24109056
t=17240313 read event=5887 count=4096 submitted=24113152
t=17243256 read event=5888 count=4096 submitted=24117248
t=17246073 read event=5889 count=4096 submitted=24121344
t=17248819 read event=5890 count=4096 submitted=24125440
t=17251561 read event=5891 count=4096 submitted=24129536
t=17254509 read event=5892 count=4096 submitted=24133632
t=17257327 read event=5893 count=4096 submitted=24137728
t=17260082 read event=5894 count=4096 submitted=24141824
t=17262840 read event=5895 count=4096 submitted=24145920
t=17266299 read event=5896 count=4096 submitted=24150016
t=17269192 read event=5897 count=4096 submitted=24154112
t=17272023 read event=5898 count=4096 submitted=24158208
t=17274782 read event=5899 count=4096 submitted=24162304
t=17277743 read event=5900 count=4096 submitted=24166400
t=17280602 read event=5901 count=4096 submitted=24170496
t=17283358 read event=5902 count=4096 submitted=24174592
t=17286104 read event=5903 count=4096 submitted=24178688
t=17289051 read event=5904 count=4096 submitted=24182784
t=17291872 read event=5905 count=4096 submitted=24186880
t=17294617 read event=5906 count=4096 submitted=24190976
t=17297368 read event=5907 count=4096 submitted=24195072
t=17300312 read event=5908 count=4096 submitted=24199168
t=17303134 read event=5909 count=4096 submitted=24203264
t=17305896 read event=5910 count=4096 submitted=24207360
t=17308638 read event=5911 count=4096 submitted=24211456
t=17311594 read event=5912 count=4096 submitted=24215552
t=17314418 read event=5913 count=4096 submitted=24219648
t=17317174 read event=5914 count=4096 submitted=24223744
t=17319935 read event=5915 count=4096 submitted=24227840
t=17322890 read event=5916 count=4096 submitted=24231936
t=17325723 read event=5917 count=4096 submitted=24236032
t=17328472 read event=5918 count=4096 submitted=24240128
t=17331219 read event=5919 count=4096 submitted=24244224
t=17334161 read event=5920 count=4096 submitted=24248320
t=17336980 read event=5921 count=4096 submitted=24252416
t=17339730 read event=5922 count=4096 submitted=24256512
t=17342470 read event=5923 count=4096 submitted=24260608
t=17345422 read event=5924 count=4096 submitted=24264704
t=17348236 read event=5925 count=4096 submitted=24268800
t=17350990 read event=5926 count=4096 submitted=24272896
t=17353739 read event=5927 count=4096 submitted=24276992
t=17357191 read event=5928 count=4096 submitted=24281088
t=17360122 read event=5929 count=4096 submitted=24285184
t=17362963 read event=5930 count=4096 submitted=24289280
t=17365725 read event=5931 count=4096 submitted=24293376
t=17368671 read event=5932 count=4096 submitted=24297472
t=17371547 read event=5933 count=4096 submitted=24301568
t=17374304 read event=5934 count=4096 submitted=24305664
t=17377049 read event=5935 count=4096 submitted=24309760
t=17379990 read event=5936 count=4096 submitted=24313856
t=17382814 read event=5937 count=4096 submitted=24317952
t=17385559 read event=5938 count=4096 submitted=24322048
t=17388305 read event=5939 count=4096 submitted=24326144
t=17391258 read event=5940 count=4096 submitted=24330240
t=17394077 read event=5941 count=4096 submitted=24334336
t=17396831 read event=5942 count=4096 submitted=24338432
t=17399591 read event=5943 count=4096 submitted=24342528
t=17402554 read event=5944 count=4096 submitted=24346624
t=17405390 read event=5945 count=4096 submitted=24350720
t=17408146 read event=5946 count=4096 submitted=24354816
t=17410891 read event=5947 count=4096 submitted=24358912
t=17413836 read event=5948 count=4096 submitted=24363008
t=17416646 read event=5949 count=4096 submitted=24367104
t=17419407 read event=5950 count=4096 submitted=24371200
t=17422151 read event=5951 count=4096 submitted=24375296
t=17425095 read event=5952 count=4096 submitted=24379392
t=17427912 read event=5953 count=4096 submitted=24383488
t=17430655 read event=5954 count=4096 submitted=24387584
t=17433409 read event=5955 count=4096 submitted=24391680
t=17436349 read event=5956 count=4096 submitted=24395776
t=17439178 read event=5957 count=4096 submitted=24399872
t=17441927 read event=5958 count=4096 submitted=24403968
t=17444664 read event=5959 count=4096 submitted=24408064
t=17448140 read event=5960 count=4096 submitted=24412160
t=17451016 read event=5961 count=4096 submitted=24416256
t=17453849 read event=5962 count=4096 submitted=24420352
t=17456603 read event=5963 count=4096 submitted=24424448
t=17459570 read event=5964 count=4096 submitted=24428544
t=17462430 read event=5965 count=4096 submitted=24432640
t=17465183 read event=5966 count=4096 submitted=24436736
t=17467928 read event=5967 count=4096 submitted=24440832
t=17470868 read event=5968 count=4096 submitted=24444928
t=17473697 read event=5969 count=4096 submitted=24449024
t=17476443 read event=5970 count=4096 submitted=24453120
t=17479194 read event=5971 count=4096 submitted=24457216
t=17482137 read event=5972 count=4096 submitted=24461312
t=17484954 read event=5973 count=4096 submitted=24465408
t=17487706 read event=5974 count=4096 submitted=24469504
t=17490445 read event=5975 count=4096 submitted=24473600
t=17493392 read event=5976 count=4096 submitted=24477696
t=17496214 read event=5977 count=4096 submitted=24481792
t=17498965 read event=5978 count=4096 submitted=24485888
t=17501714 read event=5979 count=4096 submitted=24489984
t=17504652 read event=5980 count=4096 submitted=24494080
t=17507487 read event=5981 count=4096 submitted=24498176
t=17510237 read event=5982 count=4096 submitted=24502272
t=17512984 read event=5983 count=4096 submitted=24506368
t=17515930 read event=5984 count=4096 submitted=24510464
t=17518746 read event=5985 count=4096 submitted=24514560
t=17521491 read event=5986 count=4096 submitted=24518656
t=17524235 read event=5987 count=4096 submitted=24522752
t=17527175 read event=5988 count=4096 submitted=24526848
t=17529987 read event=5989 count=4096 submitted=24530944
t=17532737 read event=5990 count=4096 submitted=24535040
t=17535479 read event=5991 count=4096 submitted=24539136
t=17538940 read event=5992 count=4096 submitted=24543232
t=17541815 read event=5993 count=4096 submitted=24547328
t=17544640 read event=5994 count=4096 submitted=24551424
t=17547407 read event=5995 count=4096 submitted=24555520
t=17550364 read event=5996 count=4096 submitted=24559616
t=17553221 read event=5997 count=4096 submitted=24563712
t=17555977 read event=5998 count=4096 submitted=24567808
t=17558721 read event=5999 count=4096 submitted=24571904
t=17561661 read event=6000 count=4096 submitted=24576000
t=17564489 read event=6001 count=4096 submitted=24580096
t=17567294 read event=6002 count=4096 submitted=24584192
t=17570047 read event=6003 count=4096 submitted=24588288
t=17572993 read event=6004 count=4096 submitted=24592384
t=17575821 read event=6005 count=4096 submitted=24596480
t=17578566 read event=6006 count=4096 submitted=24600576
t=17581317 read event=6007 count=4096 submitted=24604672
t=17584260 read event=6008 count=4096 submitted=24608768
t=17587080 read event=6009 count=4096 submitted=24612864
t=17589830 read event=6010 count=4096 submitted=24616960
t=17592572 read event=6011 count=4096 submitted=24621056
t=17595523 read event=6012 count=4096 submitted=24625152
t=17598339 read event=6013 count=4096 submitted=24629248
t=17601089 read event=6014 count=4096 submitted=24633344
t=17603858 read event=6015 count=4096 submitted=24637440
t=17606827 read event=6016 count=4096 submitted=24641536
t=17609654 read event=6017 count=4096 submitted=24645632
t=17612410 read event=6018 count=4096 submitted=24649728
t=17615164 read event=6019 count=4096 submitted=24653824
t=17618132 read event=6020 count=4096 submitted=24657920
t=17620973 read event=6021 count=4096 submitted=24662016
t=17623731 read event=6022 count=4096 submitted=24666112
t=17626472 read event=6023 count=4096 submitted=24670208
t=17629956 read event=6024 count=4096 submitted=24674304
t=17632835 read event=6025 count=4096 submitted=24678400
t=17635668 read event=6026 count=4096 submitted=24682496
t=17638429 read event=6027 count=4096 submitted=24686592
t=17641383 read event=6028 count=4096 submitted=24690688
t=17644237 read event=6029 count=4096 submitted=24694784
t=17646994 read event=6030 count=4096 submitted=24698880
t=17649743 read event=6031 count=4096 submitted=24702976
t=17652694 read event=6032 count=4096 submitted=24707072
t=17655516 read event=6033 count=4096 submitted=24711168
t=17658267 read event=6034 count=4096 submitted=24715264
t=17661017 read event=6035 count=4096 submitted=24719360
t=17663960 read event=6036 count=4096 submitted=24723456
t=17666779 read event=6037 count=4096 submitted=24727552
t=17669525 read event=6038 count=4096 submitted=24731648
t=17672272 read event=6039 count=4096 submitted=24735744
t=17675217 read event=6040 count=4096 submitted=24739840
t=17678045 read event=6041 count=4096 submitted=24743936
t=17680793 read event=6042 count=4096 submitted=24748032
t=17683534 read event=6043 count=4096 submitted=24752128
t=17686481 read event=6044 count=4096 submitted=24756224
t=17689300 read event=6045 count=4096 submitted=24760320
t=17692048 read event=6046 count=4096 submitted=24764416
t=17694793 read event=6047 count=4096 submitted=24768512
t=17697732 read event=6048 count=4096 submitted=24772608
t=17700540 read event=6049 count=4096 submitted=24776704
t=17703293 read event=6050 count=4096 submitted=24780800
t=17706048 read event=6051 count=4096 submitted=24784896
t=17708992 read event=6052 count=4096 submitted=24788992
t=17711806 read event=6053 count=4096 submitted=24793088
t=17714550 read event=6054 count=4096 submitted=24797184
t=17717299 read event=6055 count=4096 submitted=24801280
t=17720753 read event=6056 count=4096 submitted=24805376
t=17723619 read event=6057 count=4096 submitted=24809472
t=17726454 read event=6058 count=4096 submitted=24813568
t=17729209 read event=6059 count=4096 submitted=24817664
t=17732162 read event=6060 count=4096 submitted=24821760
t=17735021 read event=6061 count=4096 submitted=24825856
t=17737780 read event=6062 count=4096 submitted=24829952
t=17740519 read event=6063 count=4096 submitted=24834048
t=17743472 read event=6064 count=4096 submitted=24838144
t=17746296 read event=6065 count=4096 submitted=24842240
t=17749049 read event=6066 count=4096 submitted=24846336
t=17751793 read event=6067 count=4096 submitted=24850432
t=17754740 read event=6068 count=4096 submitted=24854528
t=17757556 read event=6069 count=4096 submitted=24858624
t=17760307 read event=6070 count=4096 submitted=24862720
t=17763053 read event=6071 count=4096 submitted=24866816
t=17765998 read event=6072 count=4096 submitted=24870912
t=17768813 read event=6073 count=4096 submitted=24875008
t=17771558 read event=6074 count=4096 submitted=24879104
t=17774353 read event=6075 count=4096 submitted=24883200
t=17777305 read event=6076 count=4096 submitted=24887296
t=17780135 read event=6077 count=4096 submitted=24891392
t=17782888 read event=6078 count=4096 submitted=24895488
t=17785628 read event=6079 count=4096 submitted=24899584
t=17788574 read event=6080 count=4096 submitted=24903680
t=17791399 read event=6081 count=4096 submitted=24907776
t=17794149 read event=6082 count=4096 submitted=24911872
t=17796897 read event=6083 count=4096 submitted=24915968
t=17799842 read event=6084 count=4096 submitted=24920064
t=17802654 read event=6085 count=4096 submitted=24924160
t=17805421 read event=6086 count=4096 submitted=24928256
t=17808256 read event=6087 count=4096 submitted=24932352
t=17811738 read event=6088 count=4096 submitted=24936448
t=17814615 read event=6089 count=4096 submitted=24940544
t=17817450 read event=6090 count=4096 submitted=24944640
t=17820207 read event=6091 count=4096 submitted=24948736
t=17823164 read event=6092 count=4096 submitted=24952832
t=17826020 read event=6093 count=4096 submitted=24956928
t=17828773 read event=6094 count=4096 submitted=24961024
t=17831514 read event=6095 count=4096 submitted=24965120
t=17834467 read event=6096 count=4096 submitted=24969216
t=17837294 read event=6097 count=4096 submitted=24973312
t=17840047 read event=6098 count=4096 submitted=24977408
t=17842792 read event=6099 count=4096 submitted=24981504
t=17845737 read event=6100 count=4096 submitted=24985600
t=17848551 read event=6101 count=4096 submitted=24989696
t=17851303 read event=6102 count=4096 submitted=24993792
t=17854048 read event=6103 count=4096 submitted=24997888
t=17856997 read event=6104 count=4096 submitted=25001984
t=17859821 read event=6105 count=4096 submitted=25006080
t=17862564 read event=6106 count=4096 submitted=25010176
t=17865310 read event=6107 count=4096 submitted=25014272
t=17868252 read event=6108 count=4096 submitted=25018368
t=17871070 read event=6109 count=4096 submitted=25022464
t=17873822 read event=6110 count=4096 submitted=25026560
t=17876560 read event=6111 count=4096 submitted=25030656
t=17879511 read event=6112 count=4096 submitted=25034752
t=17882334 read event=6113 count=4096 submitted=25038848
t=17885085 read event=6114 count=4096 submitted=25042944
t=17887833 read event=6115 count=4096 submitted=25047040
t=17890775 read event=6116 count=4096 submitted=25051136
t=17893585 read event=6117 count=4096 submitted=25055232
t=17896332 read event=6118 count=4096 submitted=25059328
t=17899080 read event=6119 count=4096 submitted=25063424
t=17902537 read event=6120 count=4096 submitted=25067520
t=17905438 read event=6121 count=4096 submitted=25071616
t=17908273 read event=6122 count=4096 submitted=25075712
t=17911031 read event=6123 count=4096 submitted=25079808
t=17913986 read event=6124 count=4096 submitted=25083904
t=17916842 read event=6125 count=4096 submitted=25088000
t=17919590 read event=6126 count=4096 submitted=25092096
t=17922335 read event=6127 count=4096 submitted=25096192
t=17925280 read event=6128 count=4096 submitted=25100288
t=17928100 read event=6129 count=4096 submitted=25104384
t=17930853 read event=6130 count=4096 submitted=25108480
t=17933594 read event=6131 count=4096 submitted=25112576
t=17936551 read event=6132 count=4096 submitted=25116672
t=17939384 read event=6133 count=4096 submitted=25120768
t=17942134 read event=6134 count=4096 submitted=25124864
t=17944879 read event=6135 count=4096 submitted=25128960
t=17947829 read event=6136 count=4096 submitted=25133056
t=17950639 read event=6137 count=4096 submitted=25137152
t=17953397 read event=6138 count=4096 submitted=25141248
t=17956141 read event=6139 count=4096 submitted=25145344
t=17959081 read event=6140 count=4096 submitted=25149440
t=17961898 read event=6141 count=4096 submitted=25153536
t=17964640 read event=6142 count=4096 submitted=25157632
t=17967386 read event=6143 count=4096 submitted=25161728
t=17970327 read event=6144 count=4096 submitted=25165824
t=17973144 read event=6145 count=4096 submitted=25169920
t=17975892 read event=6146 count=4096 submitted=25174016
t=17978631 read event=6147 count=4096 submitted=25178112
t=17981582 read event=6148 count=4096 submitted=25182208
t=17984454 read event=6149 count=4096 submitted=25186304
t=17987211 read event=6150 count=4096 submitted=25190400
t=17989958 read event=6151 count=4096 submitted=25194496
t=17993402 read event=6152 count=4096 submitted=25198592
t=17996280 read event=6153 count=4096 submitted=25202688
t=17999110 read event=6154 count=4096 submitted=25206784
t=18001868 read event=6155 count=4096 submitted=25210880
t=18004831 read event=6156 count=4096 submitted=25214976
t=18007692 read event=6157 count=4096 submitted=25219072
t=18010438 read event=6158 count=4096 submitted=25223168
t=18013214 read event=6159 count=4096 submitted=25227264
t=18016161 read event=6160 count=4096 submitted=25231360
t=18018993 read event=6161 count=4096 submitted=25235456
t=18021747 read event=6162 count=4096 submitted=25239552
t=18024487 read event=6163 count=4096 submitted=25243648
t=18027442 read event=6164 count=4096 submitted=25247744
t=18030262 read event=6165 count=4096 submitted=25251840
t=18033014 read event=6166 count=4096 submitted=25255936
t=18035760 read event=6167 count=4096 submitted=25260032
t=18038705 read event=6168 count=4096 submitted=25264128
t=18041519 read event=6169 count=4096 submitted=25268224
t=18044268 read event=6170 count=4096 submitted=25272320
t=18047014 read event=6171 count=4096 submitted=25276416
t=18049955 read event=6172 count=4096 submitted=25280512
t=18052772 read event=6173 count=4096 submitted=25284608
t=18055516 read event=6174 count=4096 submitted=25288704
t=18058263 read event=6175 count=4096 submitted=25292800
t=18061208 read event=6176 count=4096 submitted=25296896
t=18064021 read event=6177 count=4096 submitted=25300992
t=18066769 read event=6178 count=4096 submitted=25305088
t=18069510 read event=6179 count=4096 submitted=25309184
t=18072457 read event=6180 count=4096 submitted=25313280
t=18075272 read event=6181 count=4096 submitted=25317376
t=18078023 read event=6182 count=4096 submitted=25321472
t=18080772 read event=6183 count=4096 submitted=25325568
t=18084226 read event=6184 count=4096 submitted=25329664
t=18087108 read event=6185 count=4096 submitted=25333760
t=18089944 read event=6186 count=4096 submitted=25337856
t=18092701 read event=6187 count=4096 submitted=25341952
t=18095652 read event=6188 count=4096 submitted=25346048
t=18098519 read event=6189 count=4096 submitted=25350144
t=18101275 read event=6190 count=4096 submitted=25354240
t=18104026 read event=6191 count=4096 submitted=25358336
t=18106986 read event=6192 count=4096 submitted=25362432
t=18109811 read event=6193 count=4096 submitted=25366528
t=18112553 read event=6194 count=4096 submitted=25370624
t=18115302 read event=6195 count=4096 submitted=25374720
t=18118244 read event=6196 count=4096 submitted=25378816
t=18121068 read event=6197 count=4096 submitted=25382912
t=18123815 read event=6198 count=4096 submitted=25387008
t=18126556 read event=6199 count=4096 submitted=25391104
t=18129517 read event=6200 count=4096 submitted=25395200
t=18132347 read event=6201 count=4096 submitted=25399296
t=18135097 read event=6202 count=4096 submitted=25403392
t=18137843 read event=6203 count=4096 submitted=25407488
t=18140783 read event=6204 count=4096 submitted=25411584
t=18143595 read event=6205 count=4096 submitted=25415680
t=18146344 read event=6206 count=4096 submitted=25419776
t=18149093 read event=6207 count=4096 submitted=25423872
t=18152033 read event=6208 count=4096 submitted=25427968
t=18154846 read event=6209 count=4096 submitted=25432064
t=18157593 read event=6210 count=4096 submitted=25436160
t=18160340 read event=6211 count=4096 submitted=25440256
t=18163285 read event=6212 count=4096 submitted=25444352
t=18166100 read event=6213 count=4096 submitted=25448448
t=18168851 read event=6214 count=4096 submitted=25452544
t=18171592 read event=6215 count=4096 submitted=25456640
t=18175053 read event=6216 count=4096 submitted=25460736
t=18177924 read event=6217 count=4096 submitted=25464832
t=18180757 read event=6218 count=4096 submitted=25468928
t=18183507 read event=6219 count=4096 submitted=25473024
t=18186473 read event=6220 count=4096 submitted=25477120
t=18189342 read event=6221 count=4096 submitted=25481216
t=18192145 read event=6222 count=4096 submitted=25485312
t=18194898 read event=6223 count=4096 submitted=25489408
t=18197844 read event=6224 count=4096 submitted=25493504
t=18200663 read event=6225 count=4096 submitted=25497600
t=18203421 read event=6226 count=4096 submitted=25501696
t=18206181 read event=6227 count=4096 submitted=25505792
t=18209130 read event=6228 count=4096 submitted=25509888
t=18211948 read event=6229 count=4096 submitted=25513984
t=18214697 read event=6230 count=4096 submitted=25518080
t=18217457 read event=6231 count=4096 submitted=25522176
t=18220413 read event=6232 count=4096 submitted=25526272
t=18223239 read event=6233 count=4096 submitted=25530368
t=18225988 read event=6234 count=4096 submitted=25534464
t=18228731 read event=6235 count=4096 submitted=25538560
t=18231668 read event=6236 count=4096 submitted=25542656
t=18234490 read event=6237 count=4096 submitted=25546752
t=18237239 read event=6238 count=4096 submitted=25550848
t=18239984 read event=6239 count=4096 submitted=25554944
t=18242924 read event=6240 count=4096 submitted=25559040
t=18245743 read event=6241 count=4096 submitted=25563136
t=18248486 read event=6242 count=4096 submitted=25567232
t=18251235 read event=6243 count=4096 submitted=25571328
t=18254180 read event=6244 count=4096 submitted=25575424
t=18257002 read event=6245 count=4096 submitted=25579520
t=18259756 read event=6246 count=4096 submitted=25583616
t=18262503 read event=6247 count=4096 submitted=25587712
t=18265981 read event=6248 count=4096 submitted=25591808
t=18268865 read event=6249 count=4096 submitted=25595904
t=18271701 read event=6250 count=4096 submitted=25600000
t=18274451 read event=6251 count=4096 submitted=25604096
t=18277421 read event=6252 count=4096 submitted=25608192
t=18280283 read event=6253 count=4096 submitted=25612288
t=18283036 read event=6254 count=4096 submitted=25616384
t=18285780 read event=6255 count=4096 submitted=25620480
t=18288726 read event=6256 count=4096 submitted=25624576
t=18291549 read event=6257 count=4096 submitted=25628672
t=18294300 read event=6258 count=4096 submitted=25632768
t=18297051 read event=6259 count=4096 submitted=25636864
t=18299998 read event=6260 count=4096 submitted=25640960
t=18302818 read event=6261 count=4096 submitted=25645056
t=18305573 read event=6262 count=4096 submitted=25649152
t=18308324 read event=6263 count=4096 submitted=25653248
t=18311267 read event=6264 count=4096 submitted=25657344
t=18314084 read event=6265 count=4096 submitted=25661440
t=18316831 read event=6266 count=4096 submitted=25665536
t=18319575 read event=6267 count=4096 submitted=25669632
t=18322521 read event=6268 count=4096 submitted=25673728
t=18325338 read event=6269 count=4096 submitted=25677824
t=18328085 read event=6270 count=4096 submitted=25681920
t=18330829 read event=6271 count=4096 submitted=25686016
t=18333768 read event=6272 count=4096 submitted=25690112
t=18336575 read event=6273 count=4096 submitted=25694208
t=18339326 read event=6274 count=4096 submitted=25698304
t=18342072 read event=6275 count=4096 submitted=25702400
t=18345014 read event=6276 count=4096 submitted=25706496
t=18347828 read event=6277 count=4096 submitted=25710592
t=18350570 read event=6278 count=4096 submitted=25714688
t=18353316 read event=6279 count=4096 submitted=25718784
t=18356777 read event=6280 count=4096 submitted=25722880
t=18359646 read event=6281 count=4096 submitted=25726976
t=18362487 read event=6282 count=4096 submitted=25731072
t=18365247 read event=6283 count=4096 submitted=25735168
t=18368203 read event=6284 count=4096 submitted=25739264
t=18371060 read event=6285 count=4096 submitted=25743360
t=18373817 read event=6286 count=4096 submitted=25747456
t=18376557 read event=6287 count=4096 submitted=25751552
t=18379509 read event=6288 count=4096 submitted=25755648
t=18382333 read event=6289 count=4096 submitted=25759744
t=18385090 read event=6290 count=4096 submitted=25763840
t=18387835 read event=6291 count=4096 submitted=25767936
t=18390785 read event=6292 count=4096 submitted=25772032
t=18393607 read event=6293 count=4096 submitted=25776128
t=18396359 read event=6294 count=4096 submitted=25780224
t=18399155 read event=6295 count=4096 submitted=25784320
t=18402104 read event=6296 count=4096 submitted=25788416
t=18404939 read event=6297 count=4096 submitted=25792512
t=18407689 read event=6298 count=4096 submitted=25796608
t=18410431 read event=6299 count=4096 submitted=25800704
t=18413372 read event=6300 count=4096 submitted=25804800
t=18416195 read event=6301 count=4096 submitted=25808896
t=18418971 read event=6302 count=4096 submitted=25812992
t=18421719 read event=6303 count=4096 submitted=25817088
t=18424652 read event=6304 count=4096 submitted=25821184
t=18427477 read event=6305 count=4096 submitted=25825280
t=18430228 read event=6306 count=4096 submitted=25829376
t=18432973 read event=6307 count=4096 submitted=25833472
t=18435917 read event=6308 count=4096 submitted=25837568
t=18438747 read event=6309 count=4096 submitted=25841664
t=18441492 read event=6310 count=4096 submitted=25845760
t=18444240 read event=6311 count=4096 submitted=25849856
t=18447704 read event=6312 count=4096 submitted=25853952
t=18450572 read event=6313 count=4096 submitted=25858048
t=18453407 read event=6314 count=4096 submitted=25862144
t=18456166 read event=6315 count=4096 submitted=25866240
t=18459124 read event=6316 count=4096 submitted=25870336
t=18461979 read event=6317 count=4096 submitted=25874432
t=18464732 read event=6318 count=4096 submitted=25878528
t=18467473 read event=6319 count=4096 submitted=25882624
t=18470425 read event=6320 count=4096 submitted=25886720
t=18473252 read event=6321 count=4096 submitted=25890816
t=18476004 read event=6322 count=4096 submitted=25894912
t=18478750 read event=6323 count=4096 submitted=25899008
t=18481696 read event=6324 count=4096 submitted=25903104
t=18484509 read event=6325 count=4096 submitted=25907200
t=18487263 read event=6326 count=4096 submitted=25911296
t=18490008 read event=6327 count=4096 submitted=25915392
t=18492952 read event=6328 count=4096 submitted=25919488
t=18495780 read event=6329 count=4096 submitted=25923584
t=18498522 read event=6330 count=4096 submitted=25927680
t=18501267 read event=6331 count=4096 submitted=25931776
t=18504210 read event=6332 count=4096 submitted=25935872
t=18507039 read event=6333 count=4096 submitted=25939968
t=18509792 read event=6334 count=4096 submitted=25944064
t=18512533 read event=6335 count=4096 submitted=25948160
t=18515482 read event=6336 count=4096 submitted=25952256
t=18518297 read event=6337 count=4096 submitted=25956352
t=18521045 read event=6338 count=4096 submitted=25960448
t=18523792 read event=6339 count=4096 submitted=25964544
t=18526739 read event=6340 count=4096 submitted=25968640
t=18529552 read event=6341 count=4096 submitted=25972736
t=18532299 read event=6342 count=4096 submitted=25976832
t=18535043 read event=6343 count=4096 submitted=25980928
t=18538494 read event=6344 count=4096 submitted=25985024
t=18541374 read event=6345 count=4096 submitted=25989120
t=18544206 read event=6346 count=4096 submitted=25993216
t=18546963 read event=6347 count=4096 submitted=25997312
t=18549916 read event=6348 count=4096 submitted=26001408
t=18552772 read event=6349 count=4096 submitted=26005504
t=18555519 read event=6350 count=4096 submitted=26009600
t=18558266 read event=6351 count=4096 submitted=26013696
t=18561214 read event=6352 count=4096 submitted=26017792
t=18564036 read event=6353 count=4096 submitted=26021888
t=18566792 read event=6354 count=4096 submitted=26025984
t=18569535 read event=6355 count=4096 submitted=26030080
t=18572485 read event=6356 count=4096 submitted=26034176
t=18575302 read event=6357 count=4096 submitted=26038272
t=18578056 read event=6358 count=4096 submitted=26042368
t=18580799 read event=6359 count=4096 submitted=26046464
t=18583739 read event=6360 count=4096 submitted=26050560
t=18586551 read event=6361 count=4096 submitted=26054656
t=18589303 read event=6362 count=4096 submitted=26058752
t=18592048 read event=6363 count=4096 submitted=26062848
t=18594988 read event=6364 count=4096 submitted=26066944
t=18597815 read event=6365 count=4096 submitted=26071040
t=18600557 read event=6366 count=4096 submitted=26075136
t=18603304 read event=6367 count=4096 submitted=26079232
t=18606307 read event=6368 count=4096 submitted=26083328
t=18609134 read event=6369 count=4096 submitted=26087424
t=18611884 read event=6370 count=4096 submitted=26091520
t=18614626 read event=6371 count=4096 submitted=26095616
t=18617577 read event=6372 count=4096 submitted=26099712
t=18620404 read event=6373 count=4096 submitted=26103808
t=18623178 read event=6374 count=4096 submitted=26107904
t=18625926 read event=6375 count=4096 submitted=26112000
t=18629360 read event=6376 count=4096 submitted=26116096
t=18632239 read event=6377 count=4096 submitted=26120192
t=18635075 read event=6378 count=4096 submitted=26124288
t=18637857 read event=6379 count=4096 submitted=26128384
t=18640808 read event=6380 count=4096 submitted=26132480
t=18643661 read event=6381 count=4096 submitted=26136576
t=18646415 read event=6382 count=4096 submitted=26140672
t=18649162 read event=6383 count=4096 submitted=26144768
t=18652107 read event=6384 count=4096 submitted=26148864
t=18654931 read event=6385 count=4096 submitted=26152960
t=18657678 read event=6386 count=4096 submitted=26157056
t=18660423 read event=6387 count=4096 submitted=26161152
t=18663369 read event=6388 count=4096 submitted=26165248
t=18666187 read event=6389 count=4096 submitted=26169344
t=18668937 read event=6390 count=4096 submitted=26173440
t=18671679 read event=6391 count=4096 submitted=26177536
t=18674615 read event=6392 count=4096 submitted=26181632
t=18677621 read event=6393 count=4096 submitted=26185728
t=18680405 read event=6394 count=4096 submitted=26189824
t=18683158 read event=6395 count=4096 submitted=26193920
t=18686108 read event=6396 count=4096 submitted=26198016
t=18688940 read event=6397 count=4096 submitted=26202112
t=18691692 read event=6398 count=4096 submitted=26206208
t=18694431 read event=6399 count=4096 submitted=26210304
t=18697374 read event=6400 count=4096 submitted=26214400
t=18700198 read event=6401 count=4096 submitted=26218496
t=18702947 read event=6402 count=4096 submitted=26222592
t=18705707 read event=6403 count=4096 submitted=26226688
t=18708646 read event=6404 count=4096 submitted=26230784
t=18711470 read event=6405 count=4096 submitted=26234880
t=18714220 read event=6406 count=4096 submitted=26238976
t=18716965 read event=6407 count=4096 submitted=26243072
t=18720421 read event=6408 count=4096 submitted=26247168
t=18723305 read event=6409 count=4096 submitted=26251264
t=18726139 read event=6410 count=4096 submitted=26255360
t=18728895 read event=6411 count=4096 submitted=26259456
t=18731847 read event=6412 count=4096 submitted=26263552
t=18734703 read event=6413 count=4096 submitted=26267648
t=18737451 read event=6414 count=4096 submitted=26271744
t=18740196 read event=6415 count=4096 submitted=26275840
t=18743143 read event=6416 count=4096 submitted=26279936
t=18745962 read event=6417 count=4096 submitted=26284032
t=18748711 read event=6418 count=4096 submitted=26288128
t=18751455 read event=6419 count=4096 submitted=26292224
t=18754418 read event=6420 count=4096 submitted=26296320
t=18757239 read event=6421 count=4096 submitted=26300416
t=18759989 read event=6422 count=4096 submitted=26304512
t=18762735 read event=6423 count=4096 submitted=26308608
t=18765671 read event=6424 count=4096 submitted=26312704
t=18768493 read event=6425 count=4096 submitted=26316800
t=18771245 read event=6426 count=4096 submitted=26320896
t=18773991 read event=6427 count=4096 submitted=26324992
t=18776931 read event=6428 count=4096 submitted=26329088
t=18779745 read event=6429 count=4096 submitted=26333184
t=18782492 read event=6430 count=4096 submitted=26337280
t=18785242 read event=6431 count=4096 submitted=26341376
t=18788186 read event=6432 count=4096 submitted=26345472
t=18791001 read event=6433 count=4096 submitted=26349568
t=18793752 read event=6434 count=4096 submitted=26353664
t=18796494 read event=6435 count=4096 submitted=26357760
t=18799443 read event=6436 count=4096 submitted=26361856
t=18802265 read event=6437 count=4096 submitted=26365952
t=18805016 read event=6438 count=4096 submitted=26370048
t=18807773 read event=6439 count=4096 submitted=26374144
t=18811218 read event=6440 count=4096 submitted=26378240
t=18814095 read event=6441 count=4096 submitted=26382336
t=18816981 read event=6442 count=4096 submitted=26386432
t=18819741 read event=6443 count=4096 submitted=26390528
t=18822696 read event=6444 count=4096 submitted=26394624
t=18825547 read event=6445 count=4096 submitted=26398720
t=18828323 read event=6446 count=4096 submitted=26402816
t=18831100 read event=6447 count=4096 submitted=26406912
t=18834053 read event=6448 count=4096 submitted=26411008
t=18836881 read event=6449 count=4096 submitted=26415104
t=18839628 read event=6450 count=4096 submitted=26419200
t=18842374 read event=6451 count=4096 submitted=26423296
t=18845318 read event=6452 count=4096 submitted=26427392
t=18848136 read event=6453 count=4096 submitted=26431488
t=18850888 read event=6454 count=4096 submitted=26435584
t=18853628 read event=6455 count=4096 submitted=26439680
t=18856574 read event=6456 count=4096 submitted=26443776
t=18859400 read event=6457 count=4096 submitted=26447872
t=18862149 read event=6458 count=4096 submitted=26451968
t=18864900 read event=6459 count=4096 submitted=26456064
t=18867842 read event=6460 count=4096 submitted=26460160
t=18870661 read event=6461 count=4096 submitted=26464256
t=18873417 read event=6462 count=4096 submitted=26468352
t=18876163 read event=6463 count=4096 submitted=26472448
t=18879107 read event=6464 count=4096 submitted=26476544
t=18881925 read event=6465 count=4096 submitted=26480640
t=18884668 read event=6466 count=4096 submitted=26484736
t=18887418 read event=6467 count=4096 submitted=26488832
t=18890360 read event=6468 count=4096 submitted=26492928
t=18893180 read event=6469 count=4096 submitted=26497024
t=18895929 read event=6470 count=4096 submitted=26501120
t=18898667 read event=6471 count=4096 submitted=26505216
t=18902132 read event=6472 count=4096 submitted=26509312
t=18905017 read event=6473 count=4096 submitted=26513408
t=18907862 read event=6474 count=4096 submitted=26517504
t=18910611 read event=6475 count=4096 submitted=26521600
t=18913576 read event=6476 count=4096 submitted=26525696
t=18916439 read event=6477 count=4096 submitted=26529792
t=18919196 read event=6478 count=4096 submitted=26533888
t=18921946 read event=6479 count=4096 submitted=26537984
t=18924892 read event=6480 count=4096 submitted=26542080
t=18927715 read event=6481 count=4096 submitted=26546176
t=18930458 read event=6482 count=4096 submitted=26550272
t=18933203 read event=6483 count=4096 submitted=26554368
t=18936146 read event=6484 count=4096 submitted=26558464
t=18938982 read event=6485 count=4096 submitted=26562560
t=18941733 read event=6486 count=4096 submitted=26566656
t=18944473 read event=6487 count=4096 submitted=26570752
t=18947424 read event=6488 count=4096 submitted=26574848
t=18950244 read event=6489 count=4096 submitted=26578944
t=18952992 read event=6490 count=4096 submitted=26583040
t=18955738 read event=6491 count=4096 submitted=26587136
t=18958674 read event=6492 count=4096 submitted=26591232
t=18961496 read event=6493 count=4096 submitted=26595328
t=18964247 read event=6494 count=4096 submitted=26599424
t=18966994 read event=6495 count=4096 submitted=26603520
t=18969936 read event=6496 count=4096 submitted=26607616
t=18972753 read event=6497 count=4096 submitted=26611712
t=18975496 read event=6498 count=4096 submitted=26615808
t=18978242 read event=6499 count=4096 submitted=26619904
t=18981184 read event=6500 count=4096 submitted=26624000
t=18984000 read event=6501 count=4096 submitted=26628096
t=18986750 read event=6502 count=4096 submitted=26632192
t=18989491 read event=6503 count=4096 submitted=26636288
t=18992954 read event=6504 count=4096 submitted=26640384
t=18995826 read event=6505 count=4096 submitted=26644480
t=18998655 read event=6506 count=4096 submitted=26648576
t=19001416 read event=6507 count=4096 submitted=26652672
t=19004369 read event=6508 count=4096 submitted=26656768
t=19007244 read event=6509 count=4096 submitted=26660864
t=19010000 read event=6510 count=4096 submitted=26664960
t=19012746 read event=6511 count=4096 submitted=26669056
t=19015692 read event=6512 count=4096 submitted=26673152
t=19018505 read event=6513 count=4096 submitted=26677248
t=19021258 read event=6514 count=4096 submitted=26681344
t=19024055 read event=6515 count=4096 submitted=26685440
t=19027010 read event=6516 count=4096 submitted=26689536
t=19029830 read event=6517 count=4096 submitted=26693632
t=19032595 read event=6518 count=4096 submitted=26697728
t=19035347 read event=6519 count=4096 submitted=26701824
t=19038293 read event=6520 count=4096 submitted=26705920
t=19041119 read event=6521 count=4096 submitted=26710016
t=19043868 read event=6522 count=4096 submitted=26714112
t=19046610 read event=6523 count=4096 submitted=26718208
t=19049561 read event=6524 count=4096 submitted=26722304
t=19052380 read event=6525 count=4096 submitted=26726400
t=19055132 read event=6526 count=4096 submitted=26730496
t=19057880 read event=6527 count=4096 submitted=26734592
t=19060821 read event=6528 count=4096 submitted=26738688
t=19063632 read event=6529 count=4096 submitted=26742784
t=19066383 read event=6530 count=4096 submitted=26746880
t=19069132 read event=6531 count=4096 submitted=26750976
t=19072077 read event=6532 count=4096 submitted=26755072
t=19074889 read event=6533 count=4096 submitted=26759168
t=19077632 read event=6534 count=4096 submitted=26763264
t=19080375 read event=6535 count=4096 submitted=26767360
t=19083833 read event=6536 count=4096 submitted=26771456
t=19086710 read event=6537 count=4096 submitted=26775552
t=19089543 read event=6538 count=4096 submitted=26779648
t=19092298 read event=6539 count=4096 submitted=26783744
t=19095255 read event=6540 count=4096 submitted=26787840
t=19098113 read event=6541 count=4096 submitted=26791936
t=19100868 read event=6542 count=4096 submitted=26796032
t=19103610 read event=6543 count=4096 submitted=26800128
t=19106582 read event=6544 count=4096 submitted=26804224
t=19109417 read event=6545 count=4096 submitted=26808320
t=19112168 read event=6546 count=4096 submitted=26812416
t=19114915 read event=6547 count=4096 submitted=26816512
t=19117860 read event=6548 count=4096 submitted=26820608
t=19120673 read event=6549 count=4096 submitted=26824704
t=19123429 read event=6550 count=4096 submitted=26828800
t=19126174 read event=6551 count=4096 submitted=26832896
t=19129118 read event=6552 count=4096 submitted=26836992
t=19131935 read event=6553 count=4096 submitted=26841088
t=19134680 read event=6554 count=4096 submitted=26845184
t=19137427 read event=6555 count=4096 submitted=26849280
t=19140369 read event=6556 count=4096 submitted=26853376
t=19143186 read event=6557 count=4096 submitted=26857472
t=19145935 read event=6558 count=4096 submitted=26861568
t=19148672 read event=6559 count=4096 submitted=26865664
t=19151616 read event=6560 count=4096 submitted=26869760
t=19154436 read event=6561 count=4096 submitted=26873856
t=19157190 read event=6562 count=4096 submitted=26877952
t=19159938 read event=6563 count=4096 submitted=26882048
t=19162878 read event=6564 count=4096 submitted=26886144
t=19165694 read event=6565 count=4096 submitted=26890240
t=19168437 read event=6566 count=4096 submitted=26894336
t=19171185 read event=6567 count=4096 submitted=26898432
t=19174645 read event=6568 count=4096 submitted=26902528
t=19177530 read event=6569 count=4096 submitted=26906624
t=19180363 read event=6570 count=4096 submitted=26910720
t=19183122 read event=6571 count=4096 submitted=26914816
t=19186080 read event=6572 count=4096 submitted=26918912
t=19188940 read event=6573 count=4096 submitted=26923008
t=19191691 read event=6574 count=4096 submitted=26927104
t=19194431 read event=6575 count=4096 submitted=26931200
t=19197377 read event=6576 count=4096 submitted=26935296
t=19200199 read event=6577 count=4096 submitted=26939392
t=19202951 read event=6578 count=4096 submitted=26943488
t=19205710 read event=6579 count=4096 submitted=26947584
t=19208649 read event=6580 count=4096 submitted=26951680
t=19211479 read event=6581 count=4096 submitted=26955776
t=19214227 read event=6582 count=4096 submitted=26959872
t=19216971 read event=6583 count=4096 submitted=26963968
t=19219916 read event=6584 count=4096 submitted=26968064
t=19222735 read event=6585 count=4096 submitted=26972160
t=19225482 read event=6586 count=4096 submitted=26976256
t=19228226 read event=6587 count=4096 submitted=26980352
t=19231223 read event=6588 count=4096 submitted=26984448
t=19234042 read event=6589 count=4096 submitted=26988544
t=19236812 read event=6590 count=4096 submitted=26992640
t=19239554 read event=6591 count=4096 submitted=26996736
t=19242508 read event=6592 count=4096 submitted=27000832
t=19245328 read event=6593 count=4096 submitted=27004928
t=19248080 read event=6594 count=4096 submitted=27009024
t=19250827 read event=6595 count=4096 submitted=27013120
t=19253768 read event=6596 count=4096 submitted=27017216
t=19256575 read event=6597 count=4096 submitted=27021312
t=19259329 read event=6598 count=4096 submitted=27025408
t=19262099 read event=6599 count=4096 submitted=27029504
t=19265578 read event=6600 count=4096 submitted=27033600
t=19268482 read event=6601 count=4096 submitted=27037696
t=19271322 read event=6602 count=4096 submitted=27041792
t=19274079 read event=6603 count=4096 submitted=27045888
t=19277038 read event=6604 count=4096 submitted=27049984
t=19279897 read event=6605 count=4096 submitted=27054080
t=19282647 read event=6606 count=4096 submitted=27058176
t=19285404 read event=6607 count=4096 submitted=27062272
t=19288349 read event=6608 count=4096 submitted=27066368
t=19291175 read event=6609 count=4096 submitted=27070464
t=19293924 read event=6610 count=4096 submitted=27074560
t=19296666 read event=6611 count=4096 submitted=27078656
t=19299618 read event=6612 count=4096 submitted=27082752
t=19302443 read event=6613 count=4096 submitted=27086848
t=19305195 read event=6614 count=4096 submitted=27090944
t=19307954 read event=6615 count=4096 submitted=27095040
t=19310903 read event=6616 count=4096 submitted=27099136
t=19313746 read event=6617 count=4096 submitted=27103232
t=19316511 read event=6618 count=4096 submitted=27107328
t=19319263 read event=6619 count=4096 submitted=27111424
t=19322214 read event=6620 count=4096 submitted=27115520
t=19325056 read event=6621 count=4096 submitted=27119616
t=19327813 read event=6622 count=4096 submitted=27123712
t=19330556 read event=6623 count=4096 submitted=27127808
t=19333511 read event=6624 count=4096 submitted=27131904
t=19336332 read event=6625 count=4096 submitted=27136000
t=19339085 read event=6626 count=4096 submitted=27140096
t=19341829 read event=6627 count=4096 submitted=27144192
t=19344769 read event=6628 count=4096 submitted=27148288
t=19347582 read event=6629 count=4096 submitted=27152384
t=19350332 read event=6630 count=4096 submitted=27156480
t=19353078 read event=6631 count=4096 submitted=27160576
t=19356545 read event=6632 count=4096 submitted=27164672
t=19359432 read event=6633 count=4096 submitted=27168768
t=19362264 read event=6634 count=4096 submitted=27172864
t=19365024 read event=6635 count=4096 submitted=27176960
t=19367982 read event=6636 count=4096 submitted=27181056
t=19370843 read event=6637 count=4096 submitted=27185152
t=19373591 read event=6638 count=4096 submitted=27189248
t=19376336 read event=6639 count=4096 submitted=27193344
t=19379284 read event=6640 count=4096 submitted=27197440
t=19382111 read event=6641 count=4096 submitted=27201536
t=19384859 read event=6642 count=4096 submitted=27205632
t=19387600 read event=6643 count=4096 submitted=27209728
t=19390549 read event=6644 count=4096 submitted=27213824
t=19393370 read event=6645 count=4096 submitted=27217920
t=19396123 read event=6646 count=4096 submitted=27222016
t=19398869 read event=6647 count=4096 submitted=27226112
t=19401812 read event=6648 count=4096 submitted=27230208
t=19404624 read event=6649 count=4096 submitted=27234304
t=19407391 read event=6650 count=4096 submitted=27238400
t=19410145 read event=6651 count=4096 submitted=27242496
t=19413093 read event=6652 count=4096 submitted=27246592
t=19415922 read event=6653 count=4096 submitted=27250688
t=19418669 read event=6654 count=4096 submitted=27254784
t=19421425 read event=6655 count=4096 submitted=27258880
t=19424369 read event=6656 count=4096 submitted=27262976
t=19427185 read event=6657 count=4096 submitted=27267072
t=19429936 read event=6658 count=4096 submitted=27271168
t=19432677 read event=6659 count=4096 submitted=27275264
t=19435619 read event=6660 count=4096 submitted=27279360
t=19438486 read event=6661 count=4096 submitted=27283456
t=19441269 read event=6662 count=4096 submitted=27287552
t=19444018 read event=6663 count=4096 submitted=27291648
t=19447467 read event=6664 count=4096 submitted=27295744
t=19450360 read event=6665 count=4096 submitted=27299840
t=19453198 read event=6666 count=4096 submitted=27303936
t=19455953 read event=6667 count=4096 submitted=27308032
t=19458917 read event=6668 count=4096 submitted=27312128
t=19461776 read event=6669 count=4096 submitted=27316224
t=19464524 read event=6670 count=4096 submitted=27320320
t=19467272 read event=6671 count=4096 submitted=27324416
t=19470219 read event=6672 count=4096 submitted=27328512
t=19473043 read event=6673 count=4096 submitted=27332608
t=19475793 read event=6674 count=4096 submitted=27336704
t=19478532 read event=6675 count=4096 submitted=27340800
t=19481485 read event=6676 count=4096 submitted=27344896
t=19484305 read event=6677 count=4096 submitted=27348992
t=19487057 read event=6678 count=4096 submitted=27353088
t=19489805 read event=6679 count=4096 submitted=27357184
t=19492742 read event=6680 count=4096 submitted=27361280
t=19495561 read event=6681 count=4096 submitted=27365376
t=19498312 read event=6682 count=4096 submitted=27369472
t=19501060 read event=6683 count=4096 submitted=27373568
t=19504003 read event=6684 count=4096 submitted=27377664
t=19506831 read event=6685 count=4096 submitted=27381760
t=19509577 read event=6686 count=4096 submitted=27385856
t=19512320 read event=6687 count=4096 submitted=27389952
t=19515264 read event=6688 count=4096 submitted=27394048
t=19518087 read event=6689 count=4096 submitted=27398144
t=19520840 read event=6690 count=4096 submitted=27402240
t=19523579 read event=6691 count=4096 submitted=27406336
t=19526528 read event=6692 count=4096 submitted=27410432
t=19529345 read event=6693 count=4096 submitted=27414528
t=19532093 read event=6694 count=4096 submitted=27418624
t=19534840 read event=6695 count=4096 submitted=27422720
t=19538288 read event=6696 count=4096 submitted=27426816
t=19541164 read event=6697 count=4096 submitted=27430912
t=19543998 read event=6698 count=4096 submitted=27435008
t=19546754 read event=6699 count=4096 submitted=27439104
t=19549718 read event=6700 count=4096 submitted=27443200
t=19552569 read event=6701 count=4096 submitted=27447296
t=19555325 read event=6702 count=4096 submitted=27451392
t=19558068 read event=6703 count=4096 submitted=27455488
t=19561013 read event=6704 count=4096 submitted=27459584
t=19563838 read event=6705 count=4096 submitted=27463680
t=19566581 read event=6706 count=4096 submitted=27467776
t=19569330 read event=6707 count=4096 submitted=27471872
t=19572275 read event=6708 count=4096 submitted=27475968
t=19575092 read event=6709 count=4096 submitted=27480064
t=19577844 read event=6710 count=4096 submitted=27484160
t=19580582 read event=6711 count=4096 submitted=27488256
t=19583541 read event=6712 count=4096 submitted=27492352
t=19586358 read event=6713 count=4096 submitted=27496448
t=19589109 read event=6714 count=4096 submitted=27500544
t=19591856 read event=6715 count=4096 submitted=27504640
t=19594800 read event=6716 count=4096 submitted=27508736
t=19597610 read event=6717 count=4096 submitted=27512832
t=19600363 read event=6718 count=4096 submitted=27516928
t=19603107 read event=6719 count=4096 submitted=27521024
t=19606061 read event=6720 count=4096 submitted=27525120
t=19608879 read event=6721 count=4096 submitted=27529216
t=19611622 read event=6722 count=4096 submitted=27533312
t=19614368 read event=6723 count=4096 submitted=27537408
t=19617308 read event=6724 count=4096 submitted=27541504
t=19620129 read event=6725 count=4096 submitted=27545600
t=19622877 read event=6726 count=4096 submitted=27549696
t=19625617 read event=6727 count=4096 submitted=27553792
t=19629072 read event=6728 count=4096 submitted=27557888
t=19631948 read event=6729 count=4096 submitted=27561984
t=19634780 read event=6730 count=4096 submitted=27566080
t=19637531 read event=6731 count=4096 submitted=27570176
t=19640492 read event=6732 count=4096 submitted=27574272
t=19643345 read event=6733 count=4096 submitted=27578368
t=19646161 read event=6734 count=4096 submitted=27582464
t=19648915 read event=6735 count=4096 submitted=27586560
t=19651867 read event=6736 count=4096 submitted=27590656
t=19654697 read event=6737 count=4096 submitted=27594752
t=19657447 read event=6738 count=4096 submitted=27598848
t=19660199 read event=6739 count=4096 submitted=27602944
t=19663143 read event=6740 count=4096 submitted=27607040
t=19665965 read event=6741 count=4096 submitted=27611136
t=19668716 read event=6742 count=4096 submitted=27615232
t=19671461 read event=6743 count=4096 submitted=27619328
t=19674411 read event=6744 count=4096 submitted=27623424
t=19677230 read event=6745 count=4096 submitted=27627520
t=19679982 read event=6746 count=4096 submitted=27631616
t=19682728 read event=6747 count=4096 submitted=27635712
t=19685664 read event=6748 count=4096 submitted=27639808
t=19688484 read event=6749 count=4096 submitted=27643904
t=19691237 read event=6750 count=4096 submitted=27648000
t=19693984 read event=6751 count=4096 submitted=27652096
t=19696926 read event=6752 count=4096 submitted=27656192
t=19699742 read event=6753 count=4096 submitted=27660288
t=19702486 read event=6754 count=4096 submitted=27664384
t=19705233 read event=6755 count=4096 submitted=27668480
t=19708187 read event=6756 count=4096 submitted=27672576
t=19710999 read event=6757 count=4096 submitted=27676672
t=19713748 read event=6758 count=4096 submitted=27680768
t=19716490 read event=6759 count=4096 submitted=27684864
t=19719950 read event=6760 count=4096 submitted=27688960
t=19722835 read event=6761 count=4096 submitted=27693056
t=19725664 read event=6762 count=4096 submitted=27697152
t=19728426 read event=6763 count=4096 submitted=27701248
t=19731385 read event=6764 count=4096 submitted=27705344
t=19734244 read event=6765 count=4096 submitted=27709440
t=19736998 read event=6766 count=4096 submitted=27713536
t=19739745 read event=6767 count=4096 submitted=27717632
t=19742690 read event=6768 count=4096 submitted=27721728
t=19745504 read event=6769 count=4096 submitted=27725824
t=19748255 read event=6770 count=4096 submitted=27729920
t=19751004 read event=6771 count=4096 submitted=27734016
t=19753946 read event=6772 count=4096 submitted=27738112
t=19756761 read event=6773 count=4096 submitted=27742208
t=19759508 read event=6774 count=4096 submitted=27746304
t=19762254 read event=6775 count=4096 submitted=27750400
t=19765196 read event=6776 count=4096 submitted=27754496
t=19768016 read event=6777 count=4096 submitted=27758592
t=19770767 read event=6778 count=4096 submitted=27762688
t=19773506 read event=6779 count=4096 submitted=27766784
t=19776458 read event=6780 count=4096 submitted=27770880
t=19779278 read event=6781 count=4096 submitted=27774976
t=19782028 read event=6782 count=4096 submitted=27779072
t=19784772 read event=6783 count=4096 submitted=27783168
t=19787715 read event=6784 count=4096 submitted=27787264
t=19790556 read event=6785 count=4096 submitted=27791360
t=19793310 read event=6786 count=4096 submitted=27795456
t=19796055 read event=6787 count=4096 submitted=27799552
t=19798996 read event=6788 count=4096 submitted=27803648
t=19801816 read event=6789 count=4096 submitted=27807744
t=19804562 read event=6790 count=4096 submitted=27811840
t=19807322 read event=6791 count=4096 submitted=27815936
t=19810776 read event=6792 count=4096 submitted=27820032
t=19813645 read event=6793 count=4096 submitted=27824128
t=19816485 read event=6794 count=4096 submitted=27828224
t=19819245 read event=6795 count=4096 submitted=27832320
t=19822202 read event=6796 count=4096 submitted=27836416
t=19825067 read event=6797 count=4096 submitted=27840512
t=19827825 read event=6798 count=4096 submitted=27844608
t=19830564 read event=6799 count=4096 submitted=27848704
t=19833519 read event=6800 count=4096 submitted=27852800
t=19836347 read event=6801 count=4096 submitted=27856896
t=19839099 read event=6802 count=4096 submitted=27860992
t=19841846 read event=6803 count=4096 submitted=27865088
t=19844793 read event=6804 count=4096 submitted=27869184
t=19847629 read event=6805 count=4096 submitted=27873280
t=19850386 read event=6806 count=4096 submitted=27877376
t=19853134 read event=6807 count=4096 submitted=27881472
t=19856136 read event=6808 count=4096 submitted=27885568
t=19858966 read event=6809 count=4096 submitted=27889664
t=19861720 read event=6810 count=4096 submitted=27893760
t=19864459 read event=6811 count=4096 submitted=27897856
t=19867417 read event=6812 count=4096 submitted=27901952
t=19870235 read event=6813 count=4096 submitted=27906048
t=19872990 read event=6814 count=4096 submitted=27910144
t=19875736 read event=6815 count=4096 submitted=27914240
t=19878674 read event=6816 count=4096 submitted=27918336
t=19881491 read event=6817 count=4096 submitted=27922432
t=19884241 read event=6818 count=4096 submitted=27926528
t=19886988 read event=6819 count=4096 submitted=27930624
t=19889930 read event=6820 count=4096 submitted=27934720
t=19892747 read event=6821 count=4096 submitted=27938816
t=19895497 read event=6822 count=4096 submitted=27942912
t=19898245 read event=6823 count=4096 submitted=27947008
t=19901709 read event=6824 count=4096 submitted=27951104
t=19904579 read event=6825 count=4096 submitted=27955200
t=19907419 read event=6826 count=4096 submitted=27959296
t=19910180 read event=6827 count=4096 submitted=27963392
t=19913142 read event=6828 count=4096 submitted=27967488
t=19916000 read event=6829 count=4096 submitted=27971584
t=19918755 read event=6830 count=4096 submitted=27975680
t=19921497 read event=6831 count=4096 submitted=27979776
t=19924450 read event=6832 count=4096 submitted=27983872
t=19927284 read event=6833 count=4096 submitted=27987968
t=19930036 read event=6834 count=4096 submitted=27992064
t=19932783 read event=6835 count=4096 submitted=27996160
t=19935726 read event=6836 count=4096 submitted=28000256
t=19938541 read event=6837 count=4096 submitted=28004352
t=19941297 read event=6838 count=4096 submitted=28008448
t=19944046 read event=6839 count=4096 submitted=28012544
t=19946985 read event=6840 count=4096 submitted=28016640
t=19949819 read event=6841 count=4096 submitted=28020736
t=19952562 read event=6842 count=4096 submitted=28024832
t=19955311 read event=6843 count=4096 submitted=28028928
t=19958256 read event=6844 count=4096 submitted=28033024
t=19961071 read event=6845 count=4096 submitted=28037120
t=19963820 read event=6846 count=4096 submitted=28041216
t=19966559 read event=6847 count=4096 submitted=28045312
t=19969513 read event=6848 count=4096 submitted=28049408
t=19972326 read event=6849 count=4096 submitted=28053504
t=19975078 read event=6850 count=4096 submitted=28057600
t=19977822 read event=6851 count=4096 submitted=28061696
t=19980762 read event=6852 count=4096 submitted=28065792
t=19983572 read event=6853 count=4096 submitted=28069888
t=19986322 read event=6854 count=4096 submitted=28073984
t=19989068 read event=6855 count=4096 submitted=28078080
t=19992527 read event=6856 count=4096 submitted=28082176
t=19995407 read event=6857 count=4096 submitted=28086272
t=19998242 read event=6858 count=4096 submitted=28090368
t=20000999 read event=6859 count=4096 submitted=28094464
t=20003961 read event=6860 count=4096 submitted=28098560
t=20006831 read event=6861 count=4096 submitted=28102656
t=20009581 read event=6862 count=4096 submitted=28106752
t=20012326 read event=6863 count=4096 submitted=28110848
t=20015271 read event=6864 count=4096 submitted=28114944
t=20018092 read event=6865 count=4096 submitted=28119040
t=20020843 read event=6866 count=4096 submitted=28123136
t=20023586 read event=6867 count=4096 submitted=28127232
t=20026532 read event=6868 count=4096 submitted=28131328
t=20029358 read event=6869 count=4096 submitted=28135424
t=20032109 read event=6870 count=4096 submitted=28139520
t=20034856 read event=6871 count=4096 submitted=28143616
t=20037799 read event=6872 count=4096 submitted=28147712
t=20040611 read event=6873 count=4096 submitted=28151808
t=20043364 read event=6874 count=4096 submitted=28155904
t=20046112 read event=6875 count=4096 submitted=28160000
t=20049059 read event=6876 count=4096 submitted=28164096
t=20051898 read event=6877 count=4096 submitted=28168192
t=20054643 read event=6878 count=4096 submitted=28172288
t=20057397 read event=6879 count=4096 submitted=28176384
t=20060338 read event=6880 count=4096 submitted=28180480
t=20063218 read event=6881 count=4096 submitted=28184576
t=20066002 read event=6882 count=4096 submitted=28188672
t=20068755 read event=6883 count=4096 submitted=28192768
t=20071711 read event=6884 count=4096 submitted=28196864
t=20074537 read event=6885 count=4096 submitted=28200960
t=20077292 read event=6886 count=4096 submitted=28205056
t=20080041 read event=6887 count=4096 submitted=28209152
t=20083500 read event=6888 count=4096 submitted=28213248
t=20086378 read event=6889 count=4096 submitted=28217344
t=20089217 read event=6890 count=4096 submitted=28221440
t=20091974 read event=6891 count=4096 submitted=28225536
t=20094935 read event=6892 count=4096 submitted=28229632
t=20097790 read event=6893 count=4096 submitted=28233728
t=20100539 read event=6894 count=4096 submitted=28237824
t=20103290 read event=6895 count=4096 submitted=28241920
t=20106245 read event=6896 count=4096 submitted=28246016
t=20109070 read event=6897 count=4096 submitted=28250112
t=20111828 read event=6898 count=4096 submitted=28254208
t=20114570 read event=6899 count=4096 submitted=28258304
t=20117519 read event=6900 count=4096 submitted=28262400
t=20120341 read event=6901 count=4096 submitted=28266496
t=20123093 read event=6902 count=4096 submitted=28270592
t=20125838 read event=6903 count=4096 submitted=28274688
t=20128781 read event=6904 count=4096 submitted=28278784
t=20131599 read event=6905 count=4096 submitted=28282880
t=20134348 read event=6906 count=4096 submitted=28286976
t=20137093 read event=6907 count=4096 submitted=28291072
t=20140036 read event=6908 count=4096 submitted=28295168
t=20142849 read event=6909 count=4096 submitted=28299264
t=20145591 read event=6910 count=4096 submitted=28303360
t=20148336 read event=6911 count=4096 submitted=28307456
t=20151277 read event=6912 count=4096 submitted=28311552
t=20154087 read event=6913 count=4096 submitted=28315648
t=20156836 read event=6914 count=4096 submitted=28319744
t=20159578 read event=6915 count=4096 submitted=28323840
t=20162525 read event=6916 count=4096 submitted=28327936
t=20165345 read event=6917 count=4096 submitted=28332032
t=20168097 read event=6918 count=4096 submitted=28336128
t=20170841 read event=6919 count=4096 submitted=28340224
t=20174288 read event=6920 count=4096 submitted=28344320
t=20177165 read event=6921 count=4096 submitted=28348416
t=20180000 read event=6922 count=4096 submitted=28352512
t=20182755 read event=6923 count=4096 submitted=28356608
t=20185715 read event=6924 count=4096 submitted=28360704
t=20188568 read event=6925 count=4096 submitted=28364800
t=20191323 read event=6926 count=4096 submitted=28368896
t=20194071 read event=6927 count=4096 submitted=28372992
t=20197017 read event=6928 count=4096 submitted=28377088
t=20199838 read event=6929 count=4096 submitted=28381184
t=20202586 read event=6930 count=4096 submitted=28385280
t=20205334 read event=6931 count=4096 submitted=28389376
t=20208291 read event=6932 count=4096 submitted=28393472
t=20211109 read event=6933 count=4096 submitted=28397568
t=20213859 read event=6934 count=4096 submitted=28401664
t=20216601 read event=6935 count=4096 submitted=28405760
t=20219550 read event=6936 count=4096 submitted=28409856
t=20222369 read event=6937 count=4096 submitted=28413952
t=20225121 read event=6938 count=4096 submitted=28418048
t=20227864 read event=6939 count=4096 submitted=28422144
t=20230806 read event=6940 count=4096 submitted=28426240
t=20233625 read event=6941 count=4096 submitted=28430336
t=20236374 read event=6942 count=4096 submitted=28434432
t=20239123 read event=6943 count=4096 submitted=28438528
t=20242063 read event=6944 count=4096 submitted=28442624
t=20244875 read event=6945 count=4096 submitted=28446720
t=20247617 read event=6946 count=4096 submitted=28450816
t=20250362 read event=6947 count=4096 submitted=28454912
t=20253304 read event=6948 count=4096 submitted=28459008
t=20256144 read event=6949 count=4096 submitted=28463104
t=20258898 read event=6950 count=4096 submitted=28467200
t=20261644 read event=6951 count=4096 submitted=28471296
t=20265114 read event=6952 count=4096 submitted=28475392
t=20268000 read event=6953 count=4096 submitted=28479488
t=20270877 read event=6954 count=4096 submitted=28483584
t=20273634 read event=6955 count=4096 submitted=28487680
t=20276603 read event=6956 count=4096 submitted=28491776
t=20279474 read event=6957 count=4096 submitted=28495872
t=20282227 read event=6958 count=4096 submitted=28499968
t=20284976 read event=6959 count=4096 submitted=28504064
t=20287915 read event=6960 count=4096 submitted=28508160
t=20290738 read event=6961 count=4096 submitted=28512256
t=20293486 read event=6962 count=4096 submitted=28516352
t=20296234 read event=6963 count=4096 submitted=28520448
t=20299178 read event=6964 count=4096 submitted=28524544
t=20302002 read event=6965 count=4096 submitted=28528640
t=20304754 read event=6966 count=4096 submitted=28532736
t=20307507 read event=6967 count=4096 submitted=28536832
t=20310458 read event=6968 count=4096 submitted=28540928
t=20313280 read event=6969 count=4096 submitted=28545024
t=20316031 read event=6970 count=4096 submitted=28549120
t=20318776 read event=6971 count=4096 submitted=28553216
t=20321723 read event=6972 count=4096 submitted=28557312
t=20324537 read event=6973 count=4096 submitted=28561408
t=20327291 read event=6974 count=4096 submitted=28565504
t=20330037 read event=6975 count=4096 submitted=28569600
t=20332978 read event=6976 count=4096 submitted=28573696
t=20335799 read event=6977 count=4096 submitted=28577792
t=20338541 read event=6978 count=4096 submitted=28581888
t=20341288 read event=6979 count=4096 submitted=28585984
t=20344231 read event=6980 count=4096 submitted=28590080
t=20347050 read event=6981 count=4096 submitted=28594176
t=20349800 read event=6982 count=4096 submitted=28598272
t=20352538 read event=6983 count=4096 submitted=28602368
t=20356006 read event=6984 count=4096 submitted=28606464
t=20358883 read event=6985 count=4096 submitted=28610560
t=20361718 read event=6986 count=4096 submitted=28614656
t=20364468 read event=6987 count=4096 submitted=28618752
t=20367434 read event=6988 count=4096 submitted=28622848
t=20370295 read event=6989 count=4096 submitted=28626944
t=20373050 read event=6990 count=4096 submitted=28631040
t=20375796 read event=6991 count=4096 submitted=28635136
t=20378741 read event=6992 count=4096 submitted=28639232
t=20381559 read event=6993 count=4096 submitted=28643328
t=20384310 read event=6994 count=4096 submitted=28647424
t=20387061 read event=6995 count=4096 submitted=28651520
t=20390004 read event=6996 count=4096 submitted=28655616
t=20392822 read event=6997 count=4096 submitted=28659712
t=20395570 read event=6998 count=4096 submitted=28663808
t=20398316 read event=6999 count=4096 submitted=28667904
t=20401265 read event=7000 count=4096 submitted=28672000
t=20404085 read event=7001 count=4096 submitted=28676096
t=20406847 read event=7002 count=4096 submitted=28680192
t=20409589 read event=7003 count=4096 submitted=28684288
t=20412540 read event=7004 count=4096 submitted=28688384
t=20415357 read event=7005 count=4096 submitted=28692480
t=20418107 read event=7006 count=4096 submitted=28696576
t=20420851 read event=7007 count=4096 submitted=28700672
t=20423793 read event=7008 count=4096 submitted=28704768
t=20426601 read event=7009 count=4096 submitted=28708864
t=20429351 read event=7010 count=4096 submitted=28712960
t=20432097 read event=7011 count=4096 submitted=28717056
t=20435051 read event=7012 count=4096 submitted=28721152
t=20437883 read event=7013 count=4096 submitted=28725248
t=20440630 read event=7014 count=4096 submitted=28729344
t=20443376 read event=7015 count=4096 submitted=28733440
t=20446825 read event=7016 count=4096 submitted=28737536
t=20449714 read event=7017 count=4096 submitted=28741632
t=20452546 read event=7018 count=4096 submitted=28745728
t=20455304 read event=7019 count=4096 submitted=28749824
t=20458262 read event=7020 count=4096 submitted=28753920
t=20461141 read event=7021 count=4096 submitted=28758016
t=20463895 read event=7022 count=4096 submitted=28762112
t=20466635 read event=7023 count=4096 submitted=28766208
t=20469587 read event=7024 count=4096 submitted=28770304
t=20472418 read event=7025 count=4096 submitted=28774400
t=20475172 read event=7026 count=4096 submitted=28778496
t=20477962 read event=7027 count=4096 submitted=28782592
t=20480915 read event=7028 count=4096 submitted=28786688
t=20483740 read event=7029 count=4096 submitted=28790784
t=20486486 read event=7030 count=4096 submitted=28794880
t=20489233 read event=7031 count=4096 submitted=28798976
t=20492177 read event=7032 count=4096 submitted=28803072
t=20495001 read event=7033 count=4096 submitted=28807168
t=20497752 read event=7034 count=4096 submitted=28811264
t=20500489 read event=7035 count=4096 submitted=28815360
t=20503441 read event=7036 count=4096 submitted=28819456
t=20506269 read event=7037 count=4096 submitted=28823552
t=20509021 read event=7038 count=4096 submitted=28827648
t=20511766 read event=7039 count=4096 submitted=28831744
t=20514704 read event=7040 count=4096 submitted=28835840
t=20517517 read event=7041 count=4096 submitted=28839936
t=20520268 read event=7042 count=4096 submitted=28844032
t=20523013 read event=7043 count=4096 submitted=28848128
t=20525954 read event=7044 count=4096 submitted=28852224
t=20528768 read event=7045 count=4096 submitted=28856320
t=20531514 read event=7046 count=4096 submitted=28860416
t=20534258 read event=7047 count=4096 submitted=28864512
t=20537729 read event=7048 count=4096 submitted=28868608
t=20540601 read event=7049 count=4096 submitted=28872704
t=20543438 read event=7050 count=4096 submitted=28876800
t=20546196 read event=7051 count=4096 submitted=28880896
t=20549154 read event=7052 count=4096 submitted=28884992
t=20552010 read event=7053 count=4096 submitted=28889088
t=20554764 read event=7054 count=4096 submitted=28893184
t=20557503 read event=7055 count=4096 submitted=28897280
t=20560455 read event=7056 count=4096 submitted=28901376
t=20563278 read event=7057 count=4096 submitted=28905472
t=20566032 read event=7058 count=4096 submitted=28909568
t=20568780 read event=7059 count=4096 submitted=28913664
t=20571722 read event=7060 count=4096 submitted=28917760
t=20574540 read event=7061 count=4096 submitted=28921856
t=20577294 read event=7062 count=4096 submitted=28925952
t=20580041 read event=7063 count=4096 submitted=28930048
t=20582995 read event=7064 count=4096 submitted=28934144
t=20585813 read event=7065 count=4096 submitted=28938240
t=20588558 read event=7066 count=4096 submitted=28942336
t=20591305 read event=7067 count=4096 submitted=28946432
t=20594247 read event=7068 count=4096 submitted=28950528
t=20597064 read event=7069 count=4096 submitted=28954624
t=20599814 read event=7070 count=4096 submitted=28958720
t=20602551 read event=7071 count=4096 submitted=28962816
t=20605501 read event=7072 count=4096 submitted=28966912
t=20608329 read event=7073 count=4096 submitted=28971008
t=20611082 read event=7074 count=4096 submitted=28975104
t=20613827 read event=7075 count=4096 submitted=28979200
t=20616766 read event=7076 count=4096 submitted=28983296
t=20619578 read event=7077 count=4096 submitted=28987392
t=20622327 read event=7078 count=4096 submitted=28991488
t=20625073 read event=7079 count=4096 submitted=28995584
t=20628524 read event=7080 count=4096 submitted=28999680
t=20631404 read event=7081 count=4096 submitted=29003776
t=20634240 read event=7082 count=4096 submitted=29007872
t=20636994 read event=7083 count=4096 submitted=29011968
t=20639950 read event=7084 count=4096 submitted=29016064
t=20642817 read event=7085 count=4096 submitted=29020160
t=20645564 read event=7086 count=4096 submitted=29024256
t=20648312 read event=7087 count=4096 submitted=29028352
t=20651255 read event=7088 count=4096 submitted=29032448
t=20654078 read event=7089 count=4096 submitted=29036544
t=20656828 read event=7090 count=4096 submitted=29040640
t=20659567 read event=7091 count=4096 submitted=29044736
t=20662518 read event=7092 count=4096 submitted=29048832
t=20665372 read event=7093 count=4096 submitted=29052928
t=20668127 read event=7094 count=4096 submitted=29057024
t=20670874 read event=7095 count=4096 submitted=29061120
t=20673820 read event=7096 count=4096 submitted=29065216
t=20676629 read event=7097 count=4096 submitted=29069312
t=20679382 read event=7098 count=4096 submitted=29073408
t=20682126 read event=7099 count=4096 submitted=29077504
t=20685071 read event=7100 count=4096 submitted=29081600
t=20687939 read event=7101 count=4096 submitted=29085696
t=20690693 read event=7102 count=4096 submitted=29089792
t=20693438 read event=7103 count=4096 submitted=29093888
t=20696381 read event=7104 count=4096 submitted=29097984
t=20699205 read event=7105 count=4096 submitted=29102080
t=20701956 read event=7106 count=4096 submitted=29106176
t=20704701 read event=7107 count=4096 submitted=29110272
t=20707651 read event=7108 count=4096 submitted=29114368
t=20710471 read event=7109 count=4096 submitted=29118464
t=20713225 read event=7110 count=4096 submitted=29122560
t=20715974 read event=7111 count=4096 submitted=29126656
t=20719433 read event=7112 count=4096 submitted=29130752
t=20722313 read event=7113 count=4096 submitted=29134848
t=20725139 read event=7114 count=4096 submitted=29138944
t=20727895 read event=7115 count=4096 submitted=29143040
t=20730856 read event=7116 count=4096 submitted=29147136
t=20733712 read event=7117 count=4096 submitted=29151232
t=20736460 read event=7118 count=4096 submitted=29155328
t=20739208 read event=7119 count=4096 submitted=29159424
t=20742155 read event=7120 count=4096 submitted=29163520
t=20744982 read event=7121 count=4096 submitted=29167616
t=20747742 read event=7122 count=4096 submitted=29171712
t=20750484 read event=7123 count=4096 submitted=29175808
t=20753438 read event=7124 count=4096 submitted=29179904
t=20756257 read event=7125 count=4096 submitted=29184000
t=20759010 read event=7126 count=4096 submitted=29188096
t=20761755 read event=7127 count=4096 submitted=29192192
t=20764696 read event=7128 count=4096 submitted=29196288
t=20767505 read event=7129 count=4096 submitted=29200384
t=20770253 read event=7130 count=4096 submitted=29204480
t=20773002 read event=7131 count=4096 submitted=29208576
t=20775946 read event=7132 count=4096 submitted=29212672
t=20778760 read event=7133 count=4096 submitted=29216768
t=20781504 read event=7134 count=4096 submitted=29220864
t=20784247 read event=7135 count=4096 submitted=29224960
t=20787192 read event=7136 count=4096 submitted=29229056
t=20790009 read event=7137 count=4096 submitted=29233152
t=20792760 read event=7138 count=4096 submitted=29237248
t=20795502 read event=7139 count=4096 submitted=29241344
t=20798453 read event=7140 count=4096 submitted=29245440
t=20801274 read event=7141 count=4096 submitted=29249536
t=20804024 read event=7142 count=4096 submitted=29253632
t=20806786 read event=7143 count=4096 submitted=29257728
t=20810233 read event=7144 count=4096 submitted=29261824
t=20813110 read event=7145 count=4096 submitted=29265920
t=20815979 read event=7146 count=4096 submitted=29270016
t=20818737 read event=7147 count=4096 submitted=29274112
t=20821693 read event=7148 count=4096 submitted=29278208
t=20824545 read event=7149 count=4096 submitted=29282304
t=20827301 read event=7150 count=4096 submitted=29286400
t=20830046 read event=7151 count=4096 submitted=29290496
t=20832990 read event=7152 count=4096 submitted=29294592
t=20835812 read event=7153 count=4096 submitted=29298688
t=20838557 read event=7154 count=4096 submitted=29302784
t=20841307 read event=7155 count=4096 submitted=29306880
t=20844250 read event=7156 count=4096 submitted=29310976
t=20847076 read event=7157 count=4096 submitted=29315072
t=20849828 read event=7158 count=4096 submitted=29319168
t=20852568 read event=7159 count=4096 submitted=29323264
t=20855526 read event=7160 count=4096 submitted=29327360
t=20858346 read event=7161 count=4096 submitted=29331456
t=20861096 read event=7162 count=4096 submitted=29335552
t=20863843 read event=7163 count=4096 submitted=29339648
t=20866785 read event=7164 count=4096 submitted=29343744
t=20869620 read event=7165 count=4096 submitted=29347840
t=20872373 read event=7166 count=4096 submitted=29351936
t=20875119 read event=7167 count=4096 submitted=29356032
t=20878059 read event=7168 count=4096 submitted=29360128
t=20880885 read event=7169 count=4096 submitted=29364224
t=20883629 read event=7170 count=4096 submitted=29368320
t=20886378 read event=7171 count=4096 submitted=29372416
t=20889326 read event=7172 count=4096 submitted=29376512
t=20892145 read event=7173 count=4096 submitted=29380608
t=20894951 read event=7174 count=4096 submitted=29384704
t=20897702 read event=7175 count=4096 submitted=29388800
t=20901147 read event=7176 count=4096 submitted=29392896
t=20904023 read event=7177 count=4096 submitted=29396992
t=20906871 read event=7178 count=4096 submitted=29401088
t=20909624 read event=7179 count=4096 submitted=29405184
t=20912586 read event=7180 count=4096 submitted=29409280
t=20915455 read event=7181 count=4096 submitted=29413376
t=20918208 read event=7182 count=4096 submitted=29417472
t=20920953 read event=7183 count=4096 submitted=29421568
t=20923898 read event=7184 count=4096 submitted=29425664
t=20926722 read event=7185 count=4096 submitted=29429760
t=20929470 read event=7186 count=4096 submitted=29433856
t=20932219 read event=7187 count=4096 submitted=29437952
t=20935166 read event=7188 count=4096 submitted=29442048
t=20937987 read event=7189 count=4096 submitted=29446144
t=20940738 read event=7190 count=4096 submitted=29450240
t=20943480 read event=7191 count=4096 submitted=29454336
t=20946433 read event=7192 count=4096 submitted=29458432
t=20949259 read event=7193 count=4096 submitted=29462528
t=20952007 read event=7194 count=4096 submitted=29466624
t=20954752 read event=7195 count=4096 submitted=29470720
t=20957695 read event=7196 count=4096 submitted=29474816
t=20960514 read event=7197 count=4096 submitted=29478912
t=20963264 read event=7198 count=4096 submitted=29483008
t=20966008 read event=7199 count=4096 submitted=29487104
t=20968952 read event=7200 count=4096 submitted=29491200
t=20971775 read event=7201 count=4096 submitted=29495296
t=20974519 read event=7202 count=4096 submitted=29499392
t=20977268 read event=7203 count=4096 submitted=29503488
t=20980211 read event=7204 count=4096 submitted=29507584
t=20983028 read event=7205 count=4096 submitted=29511680
t=20985778 read event=7206 count=4096 submitted=29515776
t=20988515 read event=7207 count=4096 submitted=29519872
t=20991975 read event=7208 count=4096 submitted=29523968
t=20994850 read event=7209 count=4096 submitted=29528064
t=20997680 read event=7210 count=4096 submitted=29532160
t=21000439 read event=7211 count=4096 submitted=29536256
t=21003398 read event=7212 count=4096 submitted=29540352
t=21006268 read event=7213 count=4096 submitted=29544448
t=21009025 read event=7214 count=4096 submitted=29548544
t=21011771 read event=7215 count=4096 submitted=29552640
t=21014713 read event=7216 count=4096 submitted=29556736
t=21017532 read event=7217 count=4096 submitted=29560832
t=21020284 read event=7218 count=4096 submitted=29564928
t=21023033 read event=7219 count=4096 submitted=29569024
t=21025979 read event=7220 count=4096 submitted=29573120
t=21028801 read event=7221 count=4096 submitted=29577216
t=21031546 read event=7222 count=4096 submitted=29581312
t=21034292 read event=7223 count=4096 submitted=29585408
t=21037245 read event=7224 count=4096 submitted=29589504
t=21040064 read event=7225 count=4096 submitted=29593600
t=21042814 read event=7226 count=4096 submitted=29597696
t=21045555 read event=7227 count=4096 submitted=29601792
t=21048505 read event=7228 count=4096 submitted=29605888
t=21051331 read event=7229 count=4096 submitted=29609984
t=21054080 read event=7230 count=4096 submitted=29614080
t=21056823 read event=7231 count=4096 submitted=29618176
t=21059764 read event=7232 count=4096 submitted=29622272
t=21062569 read event=7233 count=4096 submitted=29626368
t=21065321 read event=7234 count=4096 submitted=29630464
t=21068069 read event=7235 count=4096 submitted=29634560
t=21071016 read event=7236 count=4096 submitted=29638656
t=21073854 read event=7237 count=4096 submitted=29642752
t=21076605 read event=7238 count=4096 submitted=29646848
t=21079354 read event=7239 count=4096 submitted=29650944
t=21082801 read event=7240 count=4096 submitted=29655040
t=21085675 read event=7241 count=4096 submitted=29659136
t=21088509 read event=7242 count=4096 submitted=29663232
t=21091269 read event=7243 count=4096 submitted=29667328
t=21094226 read event=7244 count=4096 submitted=29671424
t=21097083 read event=7245 count=4096 submitted=29675520
t=21099836 read event=7246 count=4096 submitted=29679616
t=21102623 read event=7247 count=4096 submitted=29683712
t=21105585 read event=7248 count=4096 submitted=29687808
t=21108427 read event=7249 count=4096 submitted=29691904
t=21111181 read event=7250 count=4096 submitted=29696000
t=21113927 read event=7251 count=4096 submitted=29700096
t=21116872 read event=7252 count=4096 submitted=29704192
t=21119690 read event=7253 count=4096 submitted=29708288
t=21122437 read event=7254 count=4096 submitted=29712384
t=21125185 read event=7255 count=4096 submitted=29716480
t=21128129 read event=7256 count=4096 submitted=29720576
t=21130945 read event=7257 count=4096 submitted=29724672
t=21133694 read event=7258 count=4096 submitted=29728768
t=21136435 read event=7259 count=4096 submitted=29732864
t=21139378 read event=7260 count=4096 submitted=29736960
t=21142198 read event=7261 count=4096 submitted=29741056
t=21144948 read event=7262 count=4096 submitted=29745152
t=21147698 read event=7263 count=4096 submitted=29749248
t=21150632 read event=7264 count=4096 submitted=29753344
t=21153460 read event=7265 count=4096 submitted=29757440
t=21156211 read event=7266 count=4096 submitted=29761536
t=21158962 read event=7267 count=4096 submitted=29765632
t=21161903 read event=7268 count=4096 submitted=29769728
t=21164716 read event=7269 count=4096 submitted=29773824
t=21167460 read event=7270 count=4096 submitted=29777920
t=21170206 read event=7271 count=4096 submitted=29782016
t=21173674 read event=7272 count=4096 submitted=29786112
t=21176551 read event=7273 count=4096 submitted=29790208
t=21179390 read event=7274 count=4096 submitted=29794304
t=21182150 read event=7275 count=4096 submitted=29798400
t=21185107 read event=7276 count=4096 submitted=29802496
t=21187967 read event=7277 count=4096 submitted=29806592
t=21190719 read event=7278 count=4096 submitted=29810688
t=21193459 read event=7279 count=4096 submitted=29814784
t=21196415 read event=7280 count=4096 submitted=29818880
t=21199243 read event=7281 count=4096 submitted=29822976
t=21201994 read event=7282 count=4096 submitted=29827072
t=21204742 read event=7283 count=4096 submitted=29831168
t=21207701 read event=7284 count=4096 submitted=29835264
t=21210511 read event=7285 count=4096 submitted=29839360
t=21213263 read event=7286 count=4096 submitted=29843456
t=21216011 read event=7287 count=4096 submitted=29847552
t=21218954 read event=7288 count=4096 submitted=29851648
t=21221772 read event=7289 count=4096 submitted=29855744
t=21224516 read event=7290 count=4096 submitted=29859840
t=21227263 read event=7291 count=4096 submitted=29863936
t=21230201 read event=7292 count=4096 submitted=29868032
t=21233022 read event=7293 count=4096 submitted=29872128
t=21235774 read event=7294 count=4096 submitted=29876224
t=21238515 read event=7295 count=4096 submitted=29880320
t=21241462 read event=7296 count=4096 submitted=29884416
t=21244279 read event=7297 count=4096 submitted=29888512
t=21247029 read event=7298 count=4096 submitted=29892608
t=21249775 read event=7299 count=4096 submitted=29896704
t=21252718 read event=7300 count=4096 submitted=29900800
t=21255537 read event=7301 count=4096 submitted=29904896
t=21258286 read event=7302 count=4096 submitted=29908992
t=21261034 read event=7303 count=4096 submitted=29913088
t=21264522 read event=7304 count=4096 submitted=29917184
t=21267417 read event=7305 count=4096 submitted=29921280
t=21270248 read event=7306 count=4096 submitted=29925376
t=21273002 read event=7307 count=4096 submitted=29929472
t=21275980 read event=7308 count=4096 submitted=29933568
t=21278846 read event=7309 count=4096 submitted=29937664
t=21281594 read event=7310 count=4096 submitted=29941760
t=21284342 read event=7311 count=4096 submitted=29945856
t=21287287 read event=7312 count=4096 submitted=29949952
t=21290108 read event=7313 count=4096 submitted=29954048
t=21292860 read event=7314 count=4096 submitted=29958144
t=21295601 read event=7315 count=4096 submitted=29962240
t=21298550 read event=7316 count=4096 submitted=29966336
t=21301371 read event=7317 count=4096 submitted=29970432
t=21304122 read event=7318 count=4096 submitted=29974528
t=21306879 read event=7319 count=4096 submitted=29978624
t=21309870 read event=7320 count=4096 submitted=29982720
t=21312702 read event=7321 count=4096 submitted=29986816
t=21315450 read event=7322 count=4096 submitted=29990912
t=21318197 read event=7323 count=4096 submitted=29995008
t=21321140 read event=7324 count=4096 submitted=29999104
t=21323961 read event=7325 count=4096 submitted=30003200
t=21326711 read event=7326 count=4096 submitted=30007296
t=21329454 read event=7327 count=4096 submitted=30011392
t=21332402 read event=7328 count=4096 submitted=30015488
t=21335226 read event=7329 count=4096 submitted=30019584
t=21337978 read event=7330 count=4096 submitted=30023680
t=21340722 read event=7331 count=4096 submitted=30027776
t=21343660 read event=7332 count=4096 submitted=30031872
t=21346480 read event=7333 count=4096 submitted=30035968
t=21349231 read event=7334 count=4096 submitted=30040064
t=21351980 read event=7335 count=4096 submitted=30044160
t=21355432 read event=7336 count=4096 submitted=30048256
t=21358309 read event=7337 count=4096 submitted=30052352
t=21361146 read event=7338 count=4096 submitted=30056448
t=21363904 read event=7339 count=4096 submitted=30060544
t=21366862 read event=7340 count=4096 submitted=30064640
t=21369721 read event=7341 count=4096 submitted=30068736
t=21372466 read event=7342 count=4096 submitted=30072832
t=21375216 read event=7343 count=4096 submitted=30076928
t=21378159 read event=7344 count=4096 submitted=30081024
t=21380983 read event=7345 count=4096 submitted=30085120
t=21383738 read event=7346 count=4096 submitted=30089216
t=21386482 read event=7347 count=4096 submitted=30093312
t=21389442 read event=7348 count=4096 submitted=30097408
t=21392265 read event=7349 count=4096 submitted=30101504
t=21395023 read event=7350 count=4096 submitted=30105600
t=21397771 read event=7351 count=4096 submitted=30109696
t=21400715 read event=7352 count=4096 submitted=30113792
t=21403532 read event=7353 count=4096 submitted=30117888
t=21406291 read event=7354 count=4096 submitted=30121984
t=21409042 read event=7355 count=4096 submitted=30126080
t=21411982 read event=7356 count=4096 submitted=30130176
t=21414797 read event=7357 count=4096 submitted=30134272
t=21417543 read event=7358 count=4096 submitted=30138368
t=21420290 read event=7359 count=4096 submitted=30142464
t=21423233 read event=7360 count=4096 submitted=30146560
t=21426050 read event=7361 count=4096 submitted=30150656
t=21428802 read event=7362 count=4096 submitted=30154752
t=21431542 read event=7363 count=4096 submitted=30158848
t=21434493 read event=7364 count=4096 submitted=30162944
t=21437306 read event=7365 count=4096 submitted=30167040
t=21440055 read event=7366 count=4096 submitted=30171136
t=21442807 read event=7367 count=4096 submitted=30175232
t=21446259 read event=7368 count=4096 submitted=30179328
t=21449138 read event=7369 count=4096 submitted=30183424
t=21451974 read event=7370 count=4096 submitted=30187520
t=21454728 read event=7371 count=4096 submitted=30191616
t=21457690 read event=7372 count=4096 submitted=30195712
t=21460566 read event=7373 count=4096 submitted=30199808
t=21463323 read event=7374 count=4096 submitted=30203904
t=21466071 read event=7375 count=4096 submitted=30208000
t=21469017 read event=7376 count=4096 submitted=30212096
t=21471839 read event=7377 count=4096 submitted=30216192
t=21474584 read event=7378 count=4096 submitted=30220288
t=21477335 read event=7379 count=4096 submitted=30224384
t=21480308 read event=7380 count=4096 submitted=30228480
t=21483134 read event=7381 count=4096 submitted=30232576
t=21485886 read event=7382 count=4096 submitted=30236672
t=21488628 read event=7383 count=4096 submitted=30240768
t=21491580 read event=7384 count=4096 submitted=30244864
t=21494413 read event=7385 count=4096 submitted=30248960
t=21497164 read event=7386 count=4096 submitted=30253056
t=21499911 read event=7387 count=4096 submitted=30257152
t=21502854 read event=7388 count=4096 submitted=30261248
t=21505668 read event=7389 count=4096 submitted=30265344
t=21508431 read event=7390 count=4096 submitted=30269440
t=21511180 read event=7391 count=4096 submitted=30273536
t=21514123 read event=7392 count=4096 submitted=30277632
t=21516940 read event=7393 count=4096 submitted=30281728
t=21519743 read event=7394 count=4096 submitted=30285824
t=21522490 read event=7395 count=4096 submitted=30289920
t=21525445 read event=7396 count=4096 submitted=30294016
t=21528265 read event=7397 count=4096 submitted=30298112
t=21531017 read event=7398 count=4096 submitted=30302208
t=21533763 read event=7399 count=4096 submitted=30306304
t=21537203 read event=7400 count=4096 submitted=30310400
t=21540079 read event=7401 count=4096 submitted=30314496
t=21542913 read event=7402 count=4096 submitted=30318592
t=21545666 read event=7403 count=4096 submitted=30322688
t=21548632 read event=7404 count=4096 submitted=30326784
t=21551500 read event=7405 count=4096 submitted=30330880
t=21554252 read event=7406 count=4096 submitted=30334976
t=21557000 read event=7407 count=4096 submitted=30339072
t=21559944 read event=7408 count=4096 submitted=30343168
t=21562771 read event=7409 count=4096 submitted=30347264
t=21565514 read event=7410 count=4096 submitted=30351360
t=21568260 read event=7411 count=4096 submitted=30355456
t=21571207 read event=7412 count=4096 submitted=30359552
t=21574025 read event=7413 count=4096 submitted=30363648
t=21576775 read event=7414 count=4096 submitted=30367744
t=21579515 read event=7415 count=4096 submitted=30371840
t=21582465 read event=7416 count=4096 submitted=30375936
t=21585287 read event=7417 count=4096 submitted=30380032
t=21588034 read event=7418 count=4096 submitted=30384128
t=21590779 read event=7419 count=4096 submitted=30388224
t=21593720 read event=7420 count=4096 submitted=30392320
t=21596532 read event=7421 count=4096 submitted=30396416
t=21599282 read event=7422 count=4096 submitted=30400512
t=21602025 read event=7423 count=4096 submitted=30404608
t=21604967 read event=7424 count=4096 submitted=30408704
t=21607797 read event=7425 count=4096 submitted=30412800
t=21610541 read event=7426 count=4096 submitted=30416896
t=21613291 read event=7427 count=4096 submitted=30420992
t=21616234 read event=7428 count=4096 submitted=30425088
t=21619048 read event=7429 count=4096 submitted=30429184
t=21621799 read event=7430 count=4096 submitted=30433280
t=21624539 read event=7431 count=4096 submitted=30437376
t=21628002 read event=7432 count=4096 submitted=30441472
t=21630881 read event=7433 count=4096 submitted=30445568
t=21634636 read event=7434 count=4096 submitted=30449664
t=21638715 read event=7435 count=4096 submitted=30453760
t=21641990 read event=7436 count=4096 submitted=30457856
t=21644847 read event=7437 count=4096 submitted=30461952
t=21648779 read event=7438 count=4096 submitted=30466048
t=21651520 read event=7439 count=4096 submitted=30470144
t=21654471 read event=7440 count=4096 submitted=30474240
t=21657300 read event=7441 count=4096 submitted=30478336
t=21660616 read event=7442 count=4096 submitted=30482432
t=21666547 read event=7443 count=4096 submitted=30486528
t=21670902 read event=7444 count=4096 submitted=30490624
t=21674326 read event=7445 count=4096 submitted=30494720
t=21677397 read event=7446 count=4096 submitted=30498816
t=21681339 read event=7447 count=4096 submitted=30502912
t=21684593 read event=7448 count=4096 submitted=30507008
t=21687886 read event=7449 count=4096 submitted=30511104
t=21690679 read event=7450 count=4096 submitted=30515200
t=21693456 read event=7451 count=4096 submitted=30519296
t=21696758 read event=7452 count=4096 submitted=30523392
t=21701861 read event=7453 count=4096 submitted=30527488
t=21705423 read event=7454 count=4096 submitted=30531584
t=21708509 read event=7455 count=4096 submitted=30535680
t=21712954 read event=7456 count=4096 submitted=30539776
t=21715865 read event=7457 count=4096 submitted=30543872
t=21718608 read event=7458 count=4096 submitted=30547968
t=21721357 read event=7459 count=4096 submitted=30552064
t=21724303 read event=7460 count=4096 submitted=30556160
t=21727173 read event=7461 count=4096 submitted=30560256
t=21731021 read event=7462 count=4096 submitted=30564352
t=21735219 read event=7463 count=4096 submitted=30568448
t=21738747 read event=7464 count=4096 submitted=30572544
t=21741631 read event=7465 count=4096 submitted=30576640
t=21746284 read event=7466 count=4096 submitted=30580736
t=21749044 read event=7467 count=4096 submitted=30584832
t=21751998 read event=7468 count=4096 submitted=30588928
t=21754858 read event=7469 count=4096 submitted=30593024
t=21757610 read event=7470 count=4096 submitted=30597120
t=21760356 read event=7471 count=4096 submitted=30601216
t=21763307 read event=7472 count=4096 submitted=30605312
t=21766131 read event=7473 count=4096 submitted=30609408
t=21768882 read event=7474 count=4096 submitted=30613504
t=21771625 read event=7475 count=4096 submitted=30617600
t=21774577 read event=7476 count=4096 submitted=30621696
t=21777411 read event=7477 count=4096 submitted=30625792
t=21780163 read event=7478 count=4096 submitted=30629888
t=21782909 read event=7479 count=4096 submitted=30633984
t=21785853 read event=7480 count=4096 submitted=30638080
t=21788665 read event=7481 count=4096 submitted=30642176
t=21791421 read event=7482 count=4096 submitted=30646272
t=21794168 read event=7483 count=4096 submitted=30650368
t=21797112 read event=7484 count=4096 submitted=30654464
t=21799933 read event=7485 count=4096 submitted=30658560
t=21802676 read event=7486 count=4096 submitted=30662656
t=21805425 read event=7487 count=4096 submitted=30666752
t=21808376 read event=7488 count=4096 submitted=30670848
t=21811193 read event=7489 count=4096 submitted=30674944
t=21813941 read event=7490 count=4096 submitted=30679040
t=21816680 read event=7491 count=4096 submitted=30683136
t=21819624 read event=7492 count=4096 submitted=30687232
t=21822445 read event=7493 count=4096 submitted=30691328
t=21825198 read event=7494 count=4096 submitted=30695424
t=21827943 read event=7495 count=4096 submitted=30699520
t=21831402 read event=7496 count=4096 submitted=30703616
t=21834281 read event=7497 count=4096 submitted=30707712
t=21837118 read event=7498 count=4096 submitted=30711808
t=21839909 read event=7499 count=4096 submitted=30715904
t=21842869 read event=7500 count=4096 submitted=30720000
t=21845730 read event=7501 count=4096 submitted=30724096
t=21848477 read event=7502 count=4096 submitted=30728192
t=21851230 read event=7503 count=4096 submitted=30732288
t=21854179 read event=7504 count=4096 submitted=30736384
t=21857000 read event=7505 count=4096 submitted=30740480
t=21859753 read event=7506 count=4096 submitted=30744576
t=21862492 read event=7507 count=4096 submitted=30748672
t=21865447 read event=7508 count=4096 submitted=30752768
t=21868260 read event=7509 count=4096 submitted=30756864
t=21871010 read event=7510 count=4096 submitted=30760960
t=21873759 read event=7511 count=4096 submitted=30765056
t=21876699 read event=7512 count=4096 submitted=30769152
t=21879523 read event=7513 count=4096 submitted=30773248
t=21882271 read event=7514 count=4096 submitted=30777344
t=21885020 read event=7515 count=4096 submitted=30781440
t=21887962 read event=7516 count=4096 submitted=30785536
t=21890785 read event=7517 count=4096 submitted=30789632
t=21893528 read event=7518 count=4096 submitted=30793728
t=21896276 read event=7519 count=4096 submitted=30797824
t=21899224 read event=7520 count=4096 submitted=30801920
t=21902038 read event=7521 count=4096 submitted=30806016
t=21904789 read event=7522 count=4096 submitted=30810112
t=21907544 read event=7523 count=4096 submitted=30814208
t=21910519 read event=7524 count=4096 submitted=30818304
t=21913340 read event=7525 count=4096 submitted=30822400
t=21916092 read event=7526 count=4096 submitted=30826496
t=21918841 read event=7527 count=4096 submitted=30830592
t=21922286 read event=7528 count=4096 submitted=30834688
t=21925161 read event=7529 count=4096 submitted=30838784
t=21927993 read event=7530 count=4096 submitted=30842880
t=21930750 read event=7531 count=4096 submitted=30846976
t=21933710 read event=7532 count=4096 submitted=30851072
t=21936611 read event=7533 count=4096 submitted=30855168
t=21939371 read event=7534 count=4096 submitted=30859264
t=21942120 read event=7535 count=4096 submitted=30863360
t=21945069 read event=7536 count=4096 submitted=30867456
t=21947898 read event=7537 count=4096 submitted=30871552
t=21950643 read event=7538 count=4096 submitted=30875648
t=21953401 read event=7539 count=4096 submitted=30879744
t=21956342 read event=7540 count=4096 submitted=30883840
t=21959164 read event=7541 count=4096 submitted=30887936
t=21961916 read event=7542 count=4096 submitted=30892032
t=21964654 read event=7543 count=4096 submitted=30896128
t=21967601 read event=7544 count=4096 submitted=30900224
t=21970437 read event=7545 count=4096 submitted=30904320
t=21973191 read event=7546 count=4096 submitted=30908416
t=21975936 read event=7547 count=4096 submitted=30912512
t=21978877 read event=7548 count=4096 submitted=30916608
t=21981704 read event=7549 count=4096 submitted=30920704
t=21984446 read event=7550 count=4096 submitted=30924800
t=21987194 read event=7551 count=4096 submitted=30928896
t=21990138 read event=7552 count=4096 submitted=30932992
t=21992960 read event=7553 count=4096 submitted=30937088
t=21995711 read event=7554 count=4096 submitted=30941184
t=21998452 read event=7555 count=4096 submitted=30945280
t=22001403 read event=7556 count=4096 submitted=30949376
t=22004221 read event=7557 count=4096 submitted=30953472
t=22006986 read event=7558 count=4096 submitted=30957568
t=22009730 read event=7559 count=4096 submitted=30961664
t=22013178 read event=7560 count=4096 submitted=30965760
t=22016053 read event=7561 count=4096 submitted=30969856
t=22018885 read event=7562 count=4096 submitted=30973952
t=22021640 read event=7563 count=4096 submitted=30978048
t=22024599 read event=7564 count=4096 submitted=30982144
t=22027467 read event=7565 count=4096 submitted=30986240
t=22030219 read event=7566 count=4096 submitted=30990336
t=22032967 read event=7567 count=4096 submitted=30994432
t=22035912 read event=7568 count=4096 submitted=30998528
t=22038728 read event=7569 count=4096 submitted=31002624
t=22041474 read event=7570 count=4096 submitted=31006720
t=22044220 read event=7571 count=4096 submitted=31010816
t=22047166 read event=7572 count=4096 submitted=31014912
t=22049983 read event=7573 count=4096 submitted=31019008
t=22052732 read event=7574 count=4096 submitted=31023104
t=22055472 read event=7575 count=4096 submitted=31027200
t=22058425 read event=7576 count=4096 submitted=31031296
t=22061245 read event=7577 count=4096 submitted=31035392
t=22064000 read event=7578 count=4096 submitted=31039488
t=22066746 read event=7579 count=4096 submitted=31043584
t=22069682 read event=7580 count=4096 submitted=31047680
t=22072503 read event=7581 count=4096 submitted=31051776
t=22075254 read event=7582 count=4096 submitted=31055872
t=22077998 read event=7583 count=4096 submitted=31059968
t=22080940 read event=7584 count=4096 submitted=31064064
t=22083760 read event=7585 count=4096 submitted=31068160
t=22086504 read event=7586 count=4096 submitted=31072256
t=22089251 read event=7587 count=4096 submitted=31076352
t=22092193 read event=7588 count=4096 submitted=31080448
t=22095009 read event=7589 count=4096 submitted=31084544
t=22097760 read event=7590 count=4096 submitted=31088640
t=22100500 read event=7591 count=4096 submitted=31092736
t=22103969 read event=7592 count=4096 submitted=31096832
t=22106861 read event=7593 count=4096 submitted=31100928
t=22109680 read event=7594 count=4096 submitted=31105024
t=22112437 read event=7595 count=4096 submitted=31109120
t=22115421 read event=7596 count=4096 submitted=31113216
t=22118283 read event=7597 count=4096 submitted=31117312
t=22121040 read event=7598 count=4096 submitted=31121408
t=22123787 read event=7599 count=4096 submitted=31125504
t=22126732 read event=7600 count=4096 submitted=31129600
t=22129547 read event=7601 count=4096 submitted=31133696
t=22132297 read event=7602 count=4096 submitted=31137792
t=22135045 read event=7603 count=4096 submitted=31141888
t=22137990 read event=7604 count=4096 submitted=31145984
t=22140808 read event=7605 count=4096 submitted=31150080
t=22143605 read event=7606 count=4096 submitted=31154176
t=22146357 read event=7607 count=4096 submitted=31158272
t=22149307 read event=7608 count=4096 submitted=31162368
t=22152133 read event=7609 count=4096 submitted=31166464
t=22154884 read event=7610 count=4096 submitted=31170560
t=22157626 read event=7611 count=4096 submitted=31174656
t=22160574 read event=7612 count=4096 submitted=31178752
t=22163406 read event=7613 count=4096 submitted=31182848
t=22166154 read event=7614 count=4096 submitted=31186944
t=22168897 read event=7615 count=4096 submitted=31191040
t=22171845 read event=7616 count=4096 submitted=31195136
t=22174653 read event=7617 count=4096 submitted=31199232
t=22177409 read event=7618 count=4096 submitted=31203328
t=22180155 read event=7619 count=4096 submitted=31207424
t=22183099 read event=7620 count=4096 submitted=31211520
t=22185923 read event=7621 count=4096 submitted=31215616
t=22188667 read event=7622 count=4096 submitted=31219712
t=22191415 read event=7623 count=4096 submitted=31223808
t=22194872 read event=7624 count=4096 submitted=31227904
t=22197747 read event=7625 count=4096 submitted=31232000
t=22200576 read event=7626 count=4096 submitted=31236096
t=22203338 read event=7627 count=4096 submitted=31240192
t=22206302 read event=7628 count=4096 submitted=31244288
t=22209160 read event=7629 count=4096 submitted=31248384
t=22211913 read event=7630 count=4096 submitted=31252480
t=22214653 read event=7631 count=4096 submitted=31256576
t=22217604 read event=7632 count=4096 submitted=31260672
t=22220431 read event=7633 count=4096 submitted=31264768
t=22223185 read event=7634 count=4096 submitted=31268864
t=22225933 read event=7635 count=4096 submitted=31272960
t=22228884 read event=7636 count=4096 submitted=31277056
t=22231706 read event=7637 count=4096 submitted=31281152
t=22234450 read event=7638 count=4096 submitted=31285248
t=22237198 read event=7639 count=4096 submitted=31289344
t=22240138 read event=7640 count=4096 submitted=31293440
t=22242958 read event=7641 count=4096 submitted=31297536
t=22245709 read event=7642 count=4096 submitted=31301632
t=22248450 read event=7643 count=4096 submitted=31305728
t=22251402 read event=7644 count=4096 submitted=31309824
t=22254218 read event=7645 count=4096 submitted=31313920
t=22256968 read event=7646 count=4096 submitted=31318016
t=22259720 read event=7647 count=4096 submitted=31322112
t=22262673 read event=7648 count=4096 submitted=31326208
t=22265509 read event=7649 count=4096 submitted=31330304
t=22268264 read event=7650 count=4096 submitted=31334400
t=22271014 read event=7651 count=4096 submitted=31338496
t=22273959 read event=7652 count=4096 submitted=31342592
t=22276781 read event=7653 count=4096 submitted=31346688
t=22279527 read event=7654 count=4096 submitted=31350784
t=22282275 read event=7655 count=4096 submitted=31354880
t=22285747 read event=7656 count=4096 submitted=31358976
t=22288619 read event=7657 count=4096 submitted=31363072
t=22291457 read event=7658 count=4096 submitted=31367168
t=22294212 read event=7659 count=4096 submitted=31371264
t=22297169 read event=7660 count=4096 submitted=31375360
t=22300024 read event=7661 count=4096 submitted=31379456
t=22302779 read event=7662 count=4096 submitted=31383552
t=22305520 read event=7663 count=4096 submitted=31387648
t=22308483 read event=7664 count=4096 submitted=31391744
t=22311307 read event=7665 count=4096 submitted=31395840
t=22314062 read event=7666 count=4096 submitted=31399936
t=22316810 read event=7667 count=4096 submitted=31404032
t=22319782 read event=7668 count=4096 submitted=31408128
t=22322601 read event=7669 count=4096 submitted=31412224
t=22325351 read event=7670 count=4096 submitted=31416320
t=22328097 read event=7671 count=4096 submitted=31420416
t=22331044 read event=7672 count=4096 submitted=31424512
t=22333864 read event=7673 count=4096 submitted=31428608
t=22336604 read event=7674 count=4096 submitted=31432704
t=22339351 read event=7675 count=4096 submitted=31436800
t=22342293 read event=7676 count=4096 submitted=31440896
t=22345113 read event=7677 count=4096 submitted=31444992
t=22347864 read event=7678 count=4096 submitted=31449088
t=22350657 read event=7679 count=4096 submitted=31453184
t=22353621 read event=7680 count=4096 submitted=31457280
t=22356458 read event=7681 count=4096 submitted=31461376
t=22359212 read event=7682 count=4096 submitted=31465472
t=22361958 read event=7683 count=4096 submitted=31469568
t=22364904 read event=7684 count=4096 submitted=31473664
t=22367721 read event=7685 count=4096 submitted=31477760
t=22370466 read event=7686 count=4096 submitted=31481856
t=22373216 read event=7687 count=4096 submitted=31485952
t=22376676 read event=7688 count=4096 submitted=31490048
t=22379555 read event=7689 count=4096 submitted=31494144
t=22382392 read event=7690 count=4096 submitted=31498240
t=22385151 read event=7691 count=4096 submitted=31502336
t=22388102 read event=7692 count=4096 submitted=31506432
t=22390969 read event=7693 count=4096 submitted=31510528
t=22393728 read event=7694 count=4096 submitted=31514624
t=22396472 read event=7695 count=4096 submitted=31518720
t=22399428 read event=7696 count=4096 submitted=31522816
t=22402249 read event=7697 count=4096 submitted=31526912
t=22405000 read event=7698 count=4096 submitted=31531008
t=22407762 read event=7699 count=4096 submitted=31535104
t=22410708 read event=7700 count=4096 submitted=31539200
t=22413520 read event=7701 count=4096 submitted=31543296
t=22416273 read event=7702 count=4096 submitted=31547392
t=22419018 read event=7703 count=4096 submitted=31551488
t=22421958 read event=7704 count=4096 submitted=31555584
t=22424778 read event=7705 count=4096 submitted=31559680
t=22427521 read event=7706 count=4096 submitted=31563776
t=22430268 read event=7707 count=4096 submitted=31567872
t=22433207 read event=7708 count=4096 submitted=31571968
t=22436028 read event=7709 count=4096 submitted=31576064
t=22438777 read event=7710 count=4096 submitted=31580160
t=22441519 read event=7711 count=4096 submitted=31584256
t=22444471 read event=7712 count=4096 submitted=31588352
t=22447288 read event=7713 count=4096 submitted=31592448
t=22450037 read event=7714 count=4096 submitted=31596544
t=22452787 read event=7715 count=4096 submitted=31600640
t=22455729 read event=7716 count=4096 submitted=31604736
t=22458536 read event=7717 count=4096 submitted=31608832
t=22461288 read event=7718 count=4096 submitted=31612928
t=22464034 read event=7719 count=4096 submitted=31617024
t=22467485 read event=7720 count=4096 submitted=31621120
t=22470368 read event=7721 count=4096 submitted=31625216
t=22473208 read event=7722 count=4096 submitted=31629312
t=22475964 read event=7723 count=4096 submitted=31633408
t=22478920 read event=7724 count=4096 submitted=31637504
t=22481782 read event=7725 count=4096 submitted=31641600
t=22484530 read event=7726 count=4096 submitted=31645696
t=22487278 read event=7727 count=4096 submitted=31649792
t=22490225 read event=7728 count=4096 submitted=31653888
t=22493055 read event=7729 count=4096 submitted=31657984
t=22495807 read event=7730 count=4096 submitted=31662080
t=22498545 read event=7731 count=4096 submitted=31666176
t=22501499 read event=7732 count=4096 submitted=31670272
t=22504322 read event=7733 count=4096 submitted=31674368
t=22507087 read event=7734 count=4096 submitted=31678464
t=22509833 read event=7735 count=4096 submitted=31682560
t=22512778 read event=7736 count=4096 submitted=31686656
t=22515598 read event=7737 count=4096 submitted=31690752
t=22518348 read event=7738 count=4096 submitted=31694848
t=22521098 read event=7739 count=4096 submitted=31698944
t=22524059 read event=7740 count=4096 submitted=31703040
t=22526886 read event=7741 count=4096 submitted=31707136
t=22529630 read event=7742 count=4096 submitted=31711232
t=22532376 read event=7743 count=4096 submitted=31715328
t=22535322 read event=7744 count=4096 submitted=31719424
t=22538135 read event=7745 count=4096 submitted=31723520
t=22540884 read event=7746 count=4096 submitted=31727616
t=22543625 read event=7747 count=4096 submitted=31731712
t=22546580 read event=7748 count=4096 submitted=31735808
t=22549407 read event=7749 count=4096 submitted=31739904
t=22552157 read event=7750 count=4096 submitted=31744000
t=22554907 read event=7751 count=4096 submitted=31748096
t=22558344 read event=7752 count=4096 submitted=31752192
t=22561266 read event=7753 count=4096 submitted=31756288
t=22564111 read event=7754 count=4096 submitted=31760384
t=22566866 read event=7755 count=4096 submitted=31764480
t=22569819 read event=7756 count=4096 submitted=31768576
t=22572671 read event=7757 count=4096 submitted=31772672
t=22575429 read event=7758 count=4096 submitted=31776768
t=22578179 read event=7759 count=4096 submitted=31780864
t=22581127 read event=7760 count=4096 submitted=31784960
t=22583946 read event=7761 count=4096 submitted=31789056
t=22586694 read event=7762 count=4096 submitted=31793152
t=22589437 read event=7763 count=4096 submitted=31797248
t=22592377 read event=7764 count=4096 submitted=31801344
t=22595202 read event=7765 count=4096 submitted=31805440
t=22597955 read event=7766 count=4096 submitted=31809536
t=22600699 read event=7767 count=4096 submitted=31813632
t=22603637 read event=7768 count=4096 submitted=31817728
t=22606472 read event=7769 count=4096 submitted=31821824
t=22609225 read event=7770 count=4096 submitted=31825920
t=22611970 read event=7771 count=4096 submitted=31830016
t=22614912 read event=7772 count=4096 submitted=31834112
t=22617732 read event=7773 count=4096 submitted=31838208
t=22620477 read event=7774 count=4096 submitted=31842304
t=22623221 read event=7775 count=4096 submitted=31846400
t=22626165 read event=7776 count=4096 submitted=31850496
t=22628979 read event=7777 count=4096 submitted=31854592
t=22631729 read event=7778 count=4096 submitted=31858688
t=22634469 read event=7779 count=4096 submitted=31862784
t=22637423 read event=7780 count=4096 submitted=31866880
t=22640241 read event=7781 count=4096 submitted=31870976
t=22642994 read event=7782 count=4096 submitted=31875072
t=22645738 read event=7783 count=4096 submitted=31879168
t=22649182 read event=7784 count=4096 submitted=31883264
t=22652056 read event=7785 count=4096 submitted=31887360
t=22654893 read event=7786 count=4096 submitted=31891456
t=22657647 read event=7787 count=4096 submitted=31895552
t=22660609 read event=7788 count=4096 submitted=31899648
t=22663475 read event=7789 count=4096 submitted=31903744
t=22666227 read event=7790 count=4096 submitted=31907840
t=22668975 read event=7791 count=4096 submitted=31911936
t=22671918 read event=7792 count=4096 submitted=31916032
t=22674741 read event=7793 count=4096 submitted=31920128
t=22677483 read event=7794 count=4096 submitted=31924224
t=22680227 read event=7795 count=4096 submitted=31928320
t=22683168 read event=7796 count=4096 submitted=31932416
t=22685981 read event=7797 count=4096 submitted=31936512
t=22688732 read event=7798 count=4096 submitted=31940608
t=22691475 read event=7799 count=4096 submitted=31944704
t=22694429 read event=7800 count=4096 submitted=31948800
t=22697261 read event=7801 count=4096 submitted=31952896
t=22700014 read event=7802 count=4096 submitted=31956992
t=22702759 read event=7803 count=4096 submitted=31961088
t=22705715 read event=7804 count=4096 submitted=31965184
t=22708528 read event=7805 count=4096 submitted=31969280
t=22711279 read event=7806 count=4096 submitted=31973376
t=22714025 read event=7807 count=4096 submitted=31977472
t=22716968 read event=7808 count=4096 submitted=31981568
t=22719784 read event=7809 count=4096 submitted=31985664
t=22722528 read event=7810 count=4096 submitted=31989760
t=22725299 read event=7811 count=4096 submitted=31993856
t=22728241 read event=7812 count=4096 submitted=31997952
t=22731063 read event=7813 count=4096 submitted=32002048
t=22733813 read event=7814 count=4096 submitted=32006144
t=22736552 read event=7815 count=4096 submitted=32010240
t=22740029 read event=7816 count=4096 submitted=32014336
t=22742909 read event=7817 count=4096 submitted=32018432
t=22745748 read event=7818 count=4096 submitted=32022528
t=22748497 read event=7819 count=4096 submitted=32026624
t=22751456 read event=7820 count=4096 submitted=32030720
t=22754313 read event=7821 count=4096 submitted=32034816
t=22757069 read event=7822 count=4096 submitted=32038912
t=22759817 read event=7823 count=4096 submitted=32043008
t=22762759 read event=7824 count=4096 submitted=32047104
t=22765576 read event=7825 count=4096 submitted=32051200
t=22768380 read event=7826 count=4096 submitted=32055296
t=22771133 read event=7827 count=4096 submitted=32059392
t=22774082 read event=7828 count=4096 submitted=32063488
t=22776906 read event=7829 count=4096 submitted=32067584
t=22779653 read event=7830 count=4096 submitted=32071680
t=22782403 read event=7831 count=4096 submitted=32075776
t=22785348 read event=7832 count=4096 submitted=32079872
t=22788172 read event=7833 count=4096 submitted=32083968
t=22790926 read event=7834 count=4096 submitted=32088064
t=22793668 read event=7835 count=4096 submitted=32092160
t=22796617 read event=7836 count=4096 submitted=32096256
t=22799483 read event=7837 count=4096 submitted=32100352
t=22802235 read event=7838 count=4096 submitted=32104448
t=22804986 read event=7839 count=4096 submitted=32108544
t=22807956 read event=7840 count=4096 submitted=32112640
t=22810792 read event=7841 count=4096 submitted=32116736
t=22813538 read event=7842 count=4096 submitted=32120832
t=22816284 read event=7843 count=4096 submitted=32124928
t=22819226 read event=7844 count=4096 submitted=32129024
t=22822042 read event=7845 count=4096 submitted=32133120
t=22824796 read event=7846 count=4096 submitted=32137216
t=22827537 read event=7847 count=4096 submitted=32141312
t=22831003 read event=7848 count=4096 submitted=32145408
t=22833879 read event=7849 count=4096 submitted=32149504
t=22836716 read event=7850 count=4096 submitted=32153600
t=22839469 read event=7851 count=4096 submitted=32157696
t=22842435 read event=7852 count=4096 submitted=32161792
t=22845300 read event=7853 count=4096 submitted=32165888
t=22848056 read event=7854 count=4096 submitted=32169984
t=22850805 read event=7855 count=4096 submitted=32174080
t=22853752 read event=7856 count=4096 submitted=32178176
t=22856569 read event=7857 count=4096 submitted=32182272
t=22859319 read event=7858 count=4096 submitted=32186368
t=22862071 read event=7859 count=4096 submitted=32190464
t=22865015 read event=7860 count=4096 submitted=32194560
t=22867832 read event=7861 count=4096 submitted=32198656
t=22870576 read event=7862 count=4096 submitted=32202752
t=22873325 read event=7863 count=4096 submitted=32206848
t=22876266 read event=7864 count=4096 submitted=32210944
t=22879084 read event=7865 count=4096 submitted=32215040
t=22881832 read event=7866 count=4096 submitted=32219136
t=22884573 read event=7867 count=4096 submitted=32223232
t=22887525 read event=7868 count=4096 submitted=32227328
t=22890342 read event=7869 count=4096 submitted=32231424
t=22893096 read event=7870 count=4096 submitted=32235520
t=22895842 read event=7871 count=4096 submitted=32239616
t=22898788 read event=7872 count=4096 submitted=32243712
t=22901610 read event=7873 count=4096 submitted=32247808
t=22904361 read event=7874 count=4096 submitted=32251904
t=22907118 read event=7875 count=4096 submitted=32256000
t=22910060 read event=7876 count=4096 submitted=32260096
t=22912876 read event=7877 count=4096 submitted=32264192
t=22915623 read event=7878 count=4096 submitted=32268288
t=22918368 read event=7879 count=4096 submitted=32272384
t=22921843 read event=7880 count=4096 submitted=32276480
t=22924714 read event=7881 count=4096 submitted=32280576
t=22927548 read event=7882 count=4096 submitted=32284672
t=22930324 read event=7883 count=4096 submitted=32288768
t=22933292 read event=7884 count=4096 submitted=32292864
t=22936150 read event=7885 count=4096 submitted=32296960
t=22938900 read event=7886 count=4096 submitted=32301056
t=22941644 read event=7887 count=4096 submitted=32305152
t=22944597 read event=7888 count=4096 submitted=32309248
t=22947426 read event=7889 count=4096 submitted=32313344
t=22950176 read event=7890 count=4096 submitted=32317440
t=22952922 read event=7891 count=4096 submitted=32321536
t=22955865 read event=7892 count=4096 submitted=32325632
t=22958677 read event=7893 count=4096 submitted=32329728
t=22961434 read event=7894 count=4096 submitted=32333824
t=22964179 read event=7895 count=4096 submitted=32337920
t=22967119 read event=7896 count=4096 submitted=32342016
t=22969951 read event=7897 count=4096 submitted=32346112
t=22972701 read event=7898 count=4096 submitted=32350208
t=22975495 read event=7899 count=4096 submitted=32354304
t=22978454 read event=7900 count=4096 submitted=32358400
t=22981278 read event=7901 count=4096 submitted=32362496
t=22984027 read event=7902 count=4096 submitted=32366592
t=22986771 read event=7903 count=4096 submitted=32370688
t=22989714 read event=7904 count=4096 submitted=32374784
t=22992524 read event=7905 count=4096 submitted=32378880
t=22995276 read event=7906 count=4096 submitted=32382976
t=22998022 read event=7907 count=4096 submitted=32387072
t=23000963 read event=7908 count=4096 submitted=32391168
t=23003786 read event=7909 count=4096 submitted=32395264
t=23006544 read event=7910 count=4096 submitted=32399360
t=23009325 read event=7911 count=4096 submitted=32403456
t=23012804 read event=7912 count=4096 submitted=32407552
t=23015690 read event=7913 count=4096 submitted=32411648
t=23018531 read event=7914 count=4096 submitted=32415744
t=23021288 read event=7915 count=4096 submitted=32419840
t=23024248 read event=7916 count=4096 submitted=32423936
t=23027112 read event=7917 count=4096 submitted=32428032
t=23029862 read event=7918 count=4096 submitted=32432128
t=23032601 read event=7919 count=4096 submitted=32436224
t=23035555 read event=7920 count=4096 submitted=32440320
t=23038375 read event=7921 count=4096 submitted=32444416
t=23041126 read event=7922 count=4096 submitted=32448512
t=23043874 read event=7923 count=4096 submitted=32452608
t=23046815 read event=7924 count=4096 submitted=32456704
t=23049628 read event=7925 count=4096 submitted=32460800
t=23052378 read event=7926 count=4096 submitted=32464896
t=23055127 read event=7927 count=4096 submitted=32468992
t=23058070 read event=7928 count=4096 submitted=32473088
t=23060894 read event=7929 count=4096 submitted=32477184
t=23063639 read event=7930 count=4096 submitted=32481280
t=23066390 read event=7931 count=4096 submitted=32485376
t=23069336 read event=7932 count=4096 submitted=32489472
t=23072153 read event=7933 count=4096 submitted=32493568
t=23074904 read event=7934 count=4096 submitted=32497664
t=23077644 read event=7935 count=4096 submitted=32501760
t=23080593 read event=7936 count=4096 submitted=32505856
t=23083414 read event=7937 count=4096 submitted=32509952
t=23086161 read event=7938 count=4096 submitted=32514048
t=23088905 read event=7939 count=4096 submitted=32518144
t=23091842 read event=7940 count=4096 submitted=32522240
t=23094647 read event=7941 count=4096 submitted=32526336
t=23097404 read event=7942 count=4096 submitted=32530432
t=23100154 read event=7943 count=4096 submitted=32534528
t=23103613 read event=7944 count=4096 submitted=32538624
t=23106509 read event=7945 count=4096 submitted=32542720
t=23109350 read event=7946 count=4096 submitted=32546816
t=23112110 read event=7947 count=4096 submitted=32550912
t=23115069 read event=7948 count=4096 submitted=32555008
t=23117925 read event=7949 count=4096 submitted=32559104
t=23120673 read event=7950 count=4096 submitted=32563200
t=23123424 read event=7951 count=4096 submitted=32567296
t=23126369 read event=7952 count=4096 submitted=32571392
t=23129192 read event=7953 count=4096 submitted=32575488
t=23131944 read event=7954 count=4096 submitted=32579584
t=23134708 read event=7955 count=4096 submitted=32583680
t=23137649 read event=7956 count=4096 submitted=32587776
t=23140472 read event=7957 count=4096 submitted=32591872
t=23143227 read event=7958 count=4096 submitted=32595968
t=23145972 read event=7959 count=4096 submitted=32600064
t=23148916 read event=7960 count=4096 submitted=32604160
t=23151738 read event=7961 count=4096 submitted=32608256
t=23154483 read event=7962 count=4096 submitted=32612352
t=23157233 read event=7963 count=4096 submitted=32616448
t=23160177 read event=7964 count=4096 submitted=32620544
t=23162994 read event=7965 count=4096 submitted=32624640
t=23165744 read event=7966 count=4096 submitted=32628736
t=23168484 read event=7967 count=4096 submitted=32632832
t=23171437 read event=7968 count=4096 submitted=32636928
t=23174249 read event=7969 count=4096 submitted=32641024
t=23176999 read event=7970 count=4096 submitted=32645120
t=23179746 read event=7971 count=4096 submitted=32649216
t=23182735 read event=7972 count=4096 submitted=32653312
t=23185556 read event=7973 count=4096 submitted=32657408
t=23188311 read event=7974 count=4096 submitted=32661504
t=23191058 read event=7975 count=4096 submitted=32665600
t=23194516 read event=7976 count=4096 submitted=32669696
t=23197397 read event=7977 count=4096 submitted=32673792
t=23200234 read event=7978 count=4096 submitted=32677888
t=23202990 read event=7979 count=4096 submitted=32681984
t=23205955 read event=7980 count=4096 submitted=32686080
t=23208816 read event=7981 count=4096 submitted=32690176
t=23211564 read event=7982 count=4096 submitted=32694272
t=23214312 read event=7983 count=4096 submitted=32698368
t=23217259 read event=7984 count=4096 submitted=32702464
t=23220079 read event=7985 count=4096 submitted=32706560
t=23222828 read event=7986 count=4096 submitted=32710656
t=23225569 read event=7987 count=4096 submitted=32714752
t=23228520 read event=7988 count=4096 submitted=32718848
t=23231341 read event=7989 count=4096 submitted=32722944
t=23234091 read event=7990 count=4096 submitted=32727040
t=23236840 read event=7991 count=4096 submitted=32731136
t=23239781 read event=7992 count=4096 submitted=32735232
t=23242597 read event=7993 count=4096 submitted=32739328
t=23245345 read event=7994 count=4096 submitted=32743424
t=23248090 read event=7995 count=4096 submitted=32747520
t=23251030 read event=7996 count=4096 submitted=32751616
t=23253843 read event=7997 count=4096 submitted=32755712
t=23256587 read event=7998 count=4096 submitted=32759808
t=23259333 read event=7999 count=4096 submitted=32763904
t=23262293 read event=8000 count=4096 submitted=32768000
t=23265125 read event=8001 count=4096 submitted=32772096
t=23267877 read event=8002 count=4096 submitted=32776192
t=23270623 read event=8003 count=4096 submitted=32780288
t=23273579 read event=8004 count=4096 submitted=32784384
t=23276401 read event=8005 count=4096 submitted=32788480
t=23279151 read event=8006 count=4096 submitted=32792576
t=23281898 read event=8007 count=4096 submitted=32796672
t=23285350 read event=8008 count=4096 submitted=32800768
t=23288227 read event=8009 count=4096 submitted=32804864
t=23291065 read event=8010 count=4096 submitted=32808960
t=23293822 read event=8011 count=4096 submitted=32813056
t=23296776 read event=8012 count=4096 submitted=32817152
t=23299633 read event=8013 count=4096 submitted=32821248
t=23302390 read event=8014 count=4096 submitted=32825344
t=23305138 read event=8015 count=4096 submitted=32829440
t=23308093 read event=8016 count=4096 submitted=32833536
t=23310919 read event=8017 count=4096 submitted=32837632
t=23313663 read event=8018 count=4096 submitted=32841728
t=23316412 read event=8019 count=4096 submitted=32845824
t=23319357 read event=8020 count=4096 submitted=32849920
t=23322178 read event=8021 count=4096 submitted=32854016
t=23324932 read event=8022 count=4096 submitted=32858112
t=23327674 read event=8023 count=4096 submitted=32862208
t=23330620 read event=8024 count=4096 submitted=32866304
t=23333442 read event=8025 count=4096 submitted=32870400
t=23336192 read event=8026 count=4096 submitted=32874496
t=23338957 read event=8027 count=4096 submitted=32878592
t=23341909 read event=8028 count=4096 submitted=32882688
t=23344727 read event=8029 count=4096 submitted=32886784
t=23347475 read event=8030 count=4096 submitted=32890880
t=23350223 read event=8031 count=4096 submitted=32894976
t=23353168 read event=8032 count=4096 submitted=32899072
t=23355983 read event=8033 count=4096 submitted=32903168
t=23358735 read event=8034 count=4096 submitted=32907264
t=23361478 read event=8035 count=4096 submitted=32911360
t=23364435 read event=8036 count=4096 submitted=32915456
t=23367253 read event=8037 count=4096 submitted=32919552
t=23370003 read event=8038 count=4096 submitted=32923648
t=23372752 read event=8039 count=4096 submitted=32927744
t=23376208 read event=8040 count=4096 submitted=32931840
t=23379090 read event=8041 count=4096 submitted=32935936
t=23381925 read event=8042 count=4096 submitted=32940032
t=23384674 read event=8043 count=4096 submitted=32944128
t=23387635 read event=8044 count=4096 submitted=32948224
t=23390539 read event=8045 count=4096 submitted=32952320
t=23393298 read event=8046 count=4096 submitted=32956416
t=23396045 read event=8047 count=4096 submitted=32960512
t=23398986 read event=8048 count=4096 submitted=32964608
t=23401819 read event=8049 count=4096 submitted=32968704
t=23404560 read event=8050 count=4096 submitted=32972800
t=23407321 read event=8051 count=4096 submitted=32976896
t=23410263 read event=8052 count=4096 submitted=32980992
t=23413091 read event=8053 count=4096 submitted=32985088
t=23415842 read event=8054 count=4096 submitted=32989184
t=23418581 read event=8055 count=4096 submitted=32993280
t=23421533 read event=8056 count=4096 submitted=32997376
t=23424355 read event=8057 count=4096 submitted=33001472
t=23427105 read event=8058 count=4096 submitted=33005568
t=23429851 read event=8059 count=4096 submitted=33009664
t=23432797 read event=8060 count=4096 submitted=33013760
t=23435607 read event=8061 count=4096 submitted=33017856
t=23438358 read event=8062 count=4096 submitted=33021952
t=23441104 read event=8063 count=4096 submitted=33026048
t=23444044 read event=8064 count=4096 submitted=33030144
t=23446857 read event=8065 count=4096 submitted=33034240
t=23449601 read event=8066 count=4096 submitted=33038336
t=23452349 read event=8067 count=4096 submitted=33042432
t=23455292 read event=8068 count=4096 submitted=33046528
t=23458108 read event=8069 count=4096 submitted=33050624
t=23460861 read event=8070 count=4096 submitted=33054720
t=23463599 read event=8071 count=4096 submitted=33058816
t=23467067 read event=8072 count=4096 submitted=33062912
t=23469958 read event=8073 count=4096 submitted=33067008
t=23472797 read event=8074 count=4096 submitted=33071104
t=23475547 read event=8075 count=4096 submitted=33075200
t=23478515 read event=8076 count=4096 submitted=33079296
t=23481377 read event=8077 count=4096 submitted=33083392
t=23484127 read event=8078 count=4096 submitted=33087488
t=23486875 read event=8079 count=4096 submitted=33091584
t=23489817 read event=8080 count=4096 submitted=33095680
t=23492633 read event=8081 count=4096 submitted=33099776
t=23495387 read event=8082 count=4096 submitted=33103872
t=23498136 read event=8083 count=4096 submitted=33107968
t=23501082 read event=8084 count=4096 submitted=33112064
t=23503904 read event=8085 count=4096 submitted=33116160
t=23506663 read event=8086 count=4096 submitted=33120256
t=23509419 read event=8087 count=4096 submitted=33124352
t=23512363 read event=8088 count=4096 submitted=33128448
t=23515193 read event=8089 count=4096 submitted=33132544
t=23517945 read event=8090 count=4096 submitted=33136640
t=23520696 read event=8091 count=4096 submitted=33140736
t=23523636 read event=8092 count=4096 submitted=33144832
t=23526461 read event=8093 count=4096 submitted=33148928
t=23529212 read event=8094 count=4096 submitted=33153024
t=23531959 read event=8095 count=4096 submitted=33157120
t=23534900 read event=8096 count=4096 submitted=33161216
t=23537715 read event=8097 count=4096 submitted=33165312
t=23540457 read event=8098 count=4096 submitted=33169408
t=23543227 read event=8099 count=4096 submitted=33173504
t=23546173 read event=8100 count=4096 submitted=33177600
t=23548993 read event=8101 count=4096 submitted=33181696
t=23551743 read event=8102 count=4096 submitted=33185792
t=23554481 read event=8103 count=4096 submitted=33189888
t=23557939 read event=8104 count=4096 submitted=33193984
t=23560815 read event=8105 count=4096 submitted=33198080
t=23563649 read event=8106 count=4096 submitted=33202176
t=23566410 read event=8107 count=4096 submitted=33206272
t=23569370 read event=8108 count=4096 submitted=33210368
t=23572224 read event=8109 count=4096 submitted=33214464
t=23574977 read event=8110 count=4096 submitted=33218560
t=23577727 read event=8111 count=4096 submitted=33222656
t=23580673 read event=8112 count=4096 submitted=33226752
t=23583499 read event=8113 count=4096 submitted=33230848
t=23586253 read event=8114 count=4096 submitted=33234944
t=23589000 read event=8115 count=4096 submitted=33239040
t=23591941 read event=8116 count=4096 submitted=33243136
t=23594761 read event=8117 count=4096 submitted=33247232
t=23597509 read event=8118 count=4096 submitted=33251328
t=23600310 read event=8119 count=4096 submitted=33255424
t=23603265 read event=8120 count=4096 submitted=33259520
t=23606100 read event=8121 count=4096 submitted=33263616
t=23608848 read event=8122 count=4096 submitted=33267712
t=23611593 read event=8123 count=4096 submitted=33271808
t=23614546 read event=8124 count=4096 submitted=33275904
t=23617373 read event=8125 count=4096 submitted=33280000
t=23620123 read event=8126 count=4096 submitted=33284096
t=23622867 read event=8127 count=4096 submitted=33288192
t=23625808 read event=8128 count=4096 submitted=33292288
t=23628618 read event=8129 count=4096 submitted=33296384
t=23631370 read event=8130 count=4096 submitted=33300480
t=23634118 read event=8131 count=4096 submitted=33304576
t=23637056 read event=8132 count=4096 submitted=33308672
t=23639870 read event=8133 count=4096 submitted=33312768
t=23642615 read event=8134 count=4096 submitted=33316864
t=23645363 read event=8135 count=4096 submitted=33320960
t=23648831 read event=8136 count=4096 submitted=33325056
t=23651706 read event=8137 count=4096 submitted=33329152
t=23654535 read event=8138 count=4096 submitted=33333248
t=23657292 read event=8139 count=4096 submitted=33337344
t=23660251 read event=8140 count=4096 submitted=33341440
t=23663109 read event=8141 count=4096 submitted=33345536
t=23665864 read event=8142 count=4096 submitted=33349632
t=23668603 read event=8143 count=4096 submitted=33353728
t=23671554 read event=8144 count=4096 submitted=33357824
t=23674376 read event=8145 count=4096 submitted=33361920
t=23677126 read event=8146 count=4096 submitted=33366016
t=23679869 read event=8147 count=4096 submitted=33370112
t=23682813 read event=8148 count=4096 submitted=33374208
t=23685626 read event=8149 count=4096 submitted=33378304
t=23688376 read event=8150 count=4096 submitted=33382400
t=23691127 read event=8151 count=4096 submitted=33386496
t=23694074 read event=8152 count=4096 submitted=33390592
t=23696894 read event=8153 count=4096 submitted=33394688
t=23699638 read event=8154 count=4096 submitted=33398784
t=23702393 read event=8155 count=4096 submitted=33402880
t=23705337 read event=8156 count=4096 submitted=33406976
t=23708165 read event=8157 count=4096 submitted=33411072
t=23710915 read event=8158 count=4096 submitted=33415168
t=23713654 read event=8159 count=4096 submitted=33419264
t=23716599 read event=8160 count=4096 submitted=33423360
t=23719429 read event=8161 count=4096 submitted=33427456
t=23722176 read event=8162 count=4096 submitted=33431552
t=23724921 read event=8163 count=4096 submitted=33435648
t=23727863 read event=8164 count=4096 submitted=33439744
t=23730674 read event=8165 count=4096 submitted=33443840
t=23733428 read event=8166 count=4096 submitted=33447936
t=23736176 read event=8167 count=4096 submitted=33452032
t=23739634 read event=8168 count=4096 submitted=33456128
t=23742516 read event=8169 count=4096 submitted=33460224
t=23745343 read event=8170 count=4096 submitted=33464320
t=23748118 read event=8171 count=4096 submitted=33468416
t=23751076 read event=8172 count=4096 submitted=33472512
t=23753940 read event=8173 count=4096 submitted=33476608
t=23756693 read event=8174 count=4096 submitted=33480704
t=23759437 read event=8175 count=4096 submitted=33484800
t=23762382 read event=8176 count=4096 submitted=33488896
t=23765205 read event=8177 count=4096 submitted=33492992
t=23767953 read event=8178 count=4096 submitted=33497088
t=23770699 read event=8179 count=4096 submitted=33501184
t=23773637 read event=8180 count=4096 submitted=33505280
t=23776462 read event=8181 count=4096 submitted=33509376
t=23779216 read event=8182 count=4096 submitted=33513472
t=23781965 read event=8183 count=4096 submitted=33517568
t=23784917 read event=8184 count=4096 submitted=33521664
t=23787738 read event=8185 count=4096 submitted=33525760
t=23790483 read event=8186 count=4096 submitted=33529856
t=23793233 read event=8187 count=4096 submitted=33533952
t=23796179 read event=8188 count=4096 submitted=33538048
t=23798995 read event=8189 count=4096 submitted=33542144
t=23801746 read event=8190 count=4096 submitted=33546240
t=23804484 read event=8191 count=4096 submitted=33550336
t=23807497 read event=8192 count=4096 submitted=33554432
t=23810324 read event=8193 count=4096 submitted=33558528
t=23813078 read event=8194 count=4096 submitted=33562624
t=23815828 read event=8195 count=4096 submitted=33566720
t=23818767 read event=8196 count=4096 submitted=33570816
t=23821587 read event=8197 count=4096 submitted=33574912
t=23824370 read event=8198 count=4096 submitted=33579008
t=23827120 read event=8199 count=4096 submitted=33583104
t=23830574 read event=8200 count=4096 submitted=33587200
t=23833458 read event=8201 count=4096 submitted=33591296
t=23836294 read event=8202 count=4096 submitted=33595392
t=23839054 read event=8203 count=4096 submitted=33599488
t=23842010 read event=8204 count=4096 submitted=33603584
t=23844864 read event=8205 count=4096 submitted=33607680
t=23847611 read event=8206 count=4096 submitted=33611776
t=23850357 read event=8207 count=4096 submitted=33615872
t=23853305 read event=8208 count=4096 submitted=33619968
t=23856129 read event=8209 count=4096 submitted=33624064
t=23858884 read event=8210 count=4096 submitted=33628160
t=23861626 read event=8211 count=4096 submitted=33632256
t=23864576 read event=8212 count=4096 submitted=33636352
t=23867403 read event=8213 count=4096 submitted=33640448
t=23870156 read event=8214 count=4096 submitted=33644544
t=23872904 read event=8215 count=4096 submitted=33648640
t=23875849 read event=8216 count=4096 submitted=33652736
t=23878661 read event=8217 count=4096 submitted=33656832
t=23881419 read event=8218 count=4096 submitted=33660928
t=23884167 read event=8219 count=4096 submitted=33665024
t=23887112 read event=8220 count=4096 submitted=33669120
t=23889929 read event=8221 count=4096 submitted=33673216
t=23892675 read event=8222 count=4096 submitted=33677312
t=23895425 read event=8223 count=4096 submitted=33681408
t=23898366 read event=8224 count=4096 submitted=33685504
t=23901179 read event=8225 count=4096 submitted=33689600
t=23903932 read event=8226 count=4096 submitted=33693696
t=23906691 read event=8227 count=4096 submitted=33697792
t=23909630 read event=8228 count=4096 submitted=33701888
t=23912455 read event=8229 count=4096 submitted=33705984
t=23915206 read event=8230 count=4096 submitted=33710080
t=23917954 read event=8231 count=4096 submitted=33714176
t=23921409 read event=8232 count=4096 submitted=33718272
t=23924294 read event=8233 count=4096 submitted=33722368
t=23927135 read event=8234 count=4096 submitted=33726464
t=23929892 read event=8235 count=4096 submitted=33730560
t=23932849 read event=8236 count=4096 submitted=33734656
t=23935705 read event=8237 count=4096 submitted=33738752
t=23938453 read event=8238 count=4096 submitted=33742848
t=23941202 read event=8239 count=4096 submitted=33746944
t=23944145 read event=8240 count=4096 submitted=33751040
t=23946967 read event=8241 count=4096 submitted=33755136
t=23949718 read event=8242 count=4096 submitted=33759232
t=23952479 read event=8243 count=4096 submitted=33763328
t=23955433 read event=8244 count=4096 submitted=33767424
t=23958253 read event=8245 count=4096 submitted=33771520
t=23961009 read event=8246 count=4096 submitted=33775616
t=23963754 read event=8247 count=4096 submitted=33779712
t=23966696 read event=8248 count=4096 submitted=33783808
t=23969523 read event=8249 count=4096 submitted=33787904
t=23972273 read event=8250 count=4096 submitted=33792000
t=23975019 read event=8251 count=4096 submitted=33796096
t=23977961 read event=8252 count=4096 submitted=33800192
t=23980777 read event=8253 count=4096 submitted=33804288
t=23983520 read event=8254 count=4096 submitted=33808384
t=23986266 read event=8255 count=4096 submitted=33812480
t=23989209 read event=8256 count=4096 submitted=33816576
t=23992025 read event=8257 count=4096 submitted=33820672
t=23994777 read event=8258 count=4096 submitted=33824768
t=23997519 read event=8259 count=4096 submitted=33828864
t=24000466 read event=8260 count=4096 submitted=33832960
t=24003285 read event=8261 count=4096 submitted=33837056
t=24006046 read event=8262 count=4096 submitted=33841152
t=24008791 read event=8263 count=4096 submitted=33845248
t=24012248 read event=8264 count=4096 submitted=33849344
t=24015169 read event=8265 count=4096 submitted=33853440
t=24018016 read event=8266 count=4096 submitted=33857536
t=24020774 read event=8267 count=4096 submitted=33861632
t=24023724 read event=8268 count=4096 submitted=33865728
t=24026581 read event=8269 count=4096 submitted=33869824
t=24029337 read event=8270 count=4096 submitted=33873920
t=24032086 read event=8271 count=4096 submitted=33878016
t=24035028 read event=8272 count=4096 submitted=33882112
t=24037852 read event=8273 count=4096 submitted=33886208
t=24040597 read event=8274 count=4096 submitted=33890304
t=24043346 read event=8275 count=4096 submitted=33894400
t=24046285 read event=8276 count=4096 submitted=33898496
t=24049105 read event=8277 count=4096 submitted=33902592
t=24051856 read event=8278 count=4096 submitted=33906688
t=24054595 read event=8279 count=4096 submitted=33910784
t=24057548 read event=8280 count=4096 submitted=33914880
t=24060368 read event=8281 count=4096 submitted=33918976
t=24063117 read event=8282 count=4096 submitted=33923072
t=24065860 read event=8283 count=4096 submitted=33927168
t=24068804 read event=8284 count=4096 submitted=33931264
t=24071617 read event=8285 count=4096 submitted=33935360
t=24074367 read event=8286 count=4096 submitted=33939456
t=24077112 read event=8287 count=4096 submitted=33943552
t=24080055 read event=8288 count=4096 submitted=33947648
t=24082867 read event=8289 count=4096 submitted=33951744
t=24085612 read event=8290 count=4096 submitted=33955840
t=24088355 read event=8291 count=4096 submitted=33959936
t=24091300 read event=8292 count=4096 submitted=33964032
t=24094118 read event=8293 count=4096 submitted=33968128
t=24096870 read event=8294 count=4096 submitted=33972224
t=24099611 read event=8295 count=4096 submitted=33976320
t=24103074 read event=8296 count=4096 submitted=33980416
t=24105954 read event=8297 count=4096 submitted=33984512
t=24108790 read event=8298 count=4096 submitted=33988608
t=24111543 read event=8299 count=4096 submitted=33992704
t=24114504 read event=8300 count=4096 submitted=33996800
t=24117362 read event=8301 count=4096 submitted=34000896
t=24120116 read event=8302 count=4096 submitted=34004992
t=24122864 read event=8303 count=4096 submitted=34009088
t=24125807 read event=8304 count=4096 submitted=34013184
t=24128629 read event=8305 count=4096 submitted=34017280
t=24131381 read event=8306 count=4096 submitted=34021376
t=24134129 read event=8307 count=4096 submitted=34025472
t=24137075 read event=8308 count=4096 submitted=34029568
t=24139891 read event=8309 count=4096 submitted=34033664
t=24142634 read event=8310 count=4096 submitted=34037760
t=24145383 read event=8311 count=4096 submitted=34041856
t=24148325 read event=8312 count=4096 submitted=34045952
t=24151147 read event=8313 count=4096 submitted=34050048
t=24153915 read event=8314 count=4096 submitted=34054144
t=24156659 read event=8315 count=4096 submitted=34058240
t=24159608 read event=8316 count=4096 submitted=34062336
t=24162430 read event=8317 count=4096 submitted=34066432
t=24165179 read event=8318 count=4096 submitted=34070528
t=24167926 read event=8319 count=4096 submitted=34074624
t=24170866 read event=8320 count=4096 submitted=34078720
t=24173677 read event=8321 count=4096 submitted=34082816
t=24176427 read event=8322 count=4096 submitted=34086912
t=24179175 read event=8323 count=4096 submitted=34091008
t=24182118 read event=8324 count=4096 submitted=34095104
t=24184934 read event=8325 count=4096 submitted=34099200
t=24187678 read event=8326 count=4096 submitted=34103296
t=24190426 read event=8327 count=4096 submitted=34107392
t=24193895 read event=8328 count=4096 submitted=34111488
t=24196766 read event=8329 count=4096 submitted=34115584
t=24199598 read event=8330 count=4096 submitted=34119680
t=24202354 read event=8331 count=4096 submitted=34123776
t=24205312 read event=8332 count=4096 submitted=34127872
t=24208181 read event=8333 count=4096 submitted=34131968
t=24210934 read event=8334 count=4096 submitted=34136064
t=24213677 read event=8335 count=4096 submitted=34140160
t=24216622 read event=8336 count=4096 submitted=34144256
t=24219455 read event=8337 count=4096 submitted=34148352
t=24222254 read event=8338 count=4096 submitted=34152448
t=24225010 read event=8339 count=4096 submitted=34156544
t=24227958 read event=8340 count=4096 submitted=34160640
t=24230786 read event=8341 count=4096 submitted=34164736
t=24233534 read event=8342 count=4096 submitted=34168832
t=24236281 read event=8343 count=4096 submitted=34172928
t=24239229 read event=8344 count=4096 submitted=34177024
t=24242042 read event=8345 count=4096 submitted=34181120
t=24244792 read event=8346 count=4096 submitted=34185216
t=24247540 read event=8347 count=4096 submitted=34189312
t=24250493 read event=8348 count=4096 submitted=34193408
t=24253317 read event=8349 count=4096 submitted=34197504
t=24256065 read event=8350 count=4096 submitted=34201600
t=24258811 read event=8351 count=4096 submitted=34205696
t=24261767 read event=8352 count=4096 submitted=34209792
t=24264598 read event=8353 count=4096 submitted=34213888
t=24267352 read event=8354 count=4096 submitted=34217984
t=24270099 read event=8355 count=4096 submitted=34222080
t=24273052 read event=8356 count=4096 submitted=34226176
t=24275873 read event=8357 count=4096 submitted=34230272
t=24278618 read event=8358 count=4096 submitted=34234368
t=24281365 read event=8359 count=4096 submitted=34238464
t=24284822 read event=8360 count=4096 submitted=34242560
t=24287701 read event=8361 count=4096 submitted=34246656
t=24290538 read event=8362 count=4096 submitted=34250752
t=24293298 read event=8363 count=4096 submitted=34254848
t=24296262 read event=8364 count=4096 submitted=34258944
t=24299122 read event=8365 count=4096 submitted=34263040
t=24301875 read event=8366 count=4096 submitted=34267136
t=24304615 read event=8367 count=4096 submitted=34271232
t=24307580 read event=8368 count=4096 submitted=34275328
t=24310411 read event=8369 count=4096 submitted=34279424
t=24313164 read event=8370 count=4096 submitted=34283520
t=24315912 read event=8371 count=4096 submitted=34287616
t=24318857 read event=8372 count=4096 submitted=34291712
t=24321671 read event=8373 count=4096 submitted=34295808
t=24324427 read event=8374 count=4096 submitted=34299904
t=24327174 read event=8375 count=4096 submitted=34304000
t=24330118 read event=8376 count=4096 submitted=34308096
t=24332941 read event=8377 count=4096 submitted=34312192
t=24335691 read event=8378 count=4096 submitted=34316288
t=24338428 read event=8379 count=4096 submitted=34320384
t=24341369 read event=8380 count=4096 submitted=34324480
t=24344185 read event=8381 count=4096 submitted=34328576
t=24346934 read event=8382 count=4096 submitted=34332672
t=24349675 read event=8383 count=4096 submitted=34336768
t=24352616 read event=8384 count=4096 submitted=34340864
t=24355438 read event=8385 count=4096 submitted=34344960
t=24358209 read event=8386 count=4096 submitted=34349056
t=24360958 read event=8387 count=4096 submitted=34353152
t=24363898 read event=8388 count=4096 submitted=34357248
t=24366712 read event=8389 count=4096 submitted=34361344
t=24369456 read event=8390 count=4096 submitted=34365440
t=24372203 read event=8391 count=4096 submitted=34369536
t=24375660 read event=8392 count=4096 submitted=34373632
t=24378541 read event=8393 count=4096 submitted=34377728
t=24381384 read event=8394 count=4096 submitted=34381824
t=24384139 read event=8395 count=4096 submitted=34385920
t=24387092 read event=8396 count=4096 submitted=34390016
t=24389950 read event=8397 count=4096 submitted=34394112
t=24392704 read event=8398 count=4096 submitted=34398208
t=24395449 read event=8399 count=4096 submitted=34402304
t=24398399 read event=8400 count=4096 submitted=34406400
t=24401227 read event=8401 count=4096 submitted=34410496
t=24403981 read event=8402 count=4096 submitted=34414592
t=24406741 read event=8403 count=4096 submitted=34418688
t=24409694 read event=8404 count=4096 submitted=34422784
t=24412507 read event=8405 count=4096 submitted=34426880
t=24415260 read event=8406 count=4096 submitted=34430976
t=24418007 read event=8407 count=4096 submitted=34435072
t=24420951 read event=8408 count=4096 submitted=34439168
t=24423768 read event=8409 count=4096 submitted=34443264
t=24426510 read event=8410 count=4096 submitted=34447360
t=24429258 read event=8411 count=4096 submitted=34451456
t=24432247 read event=8412 count=4096 submitted=34455552
t=24435078 read event=8413 count=4096 submitted=34459648
t=24437831 read event=8414 count=4096 submitted=34463744
t=24440572 read event=8415 count=4096 submitted=34467840
t=24443532 read event=8416 count=4096 submitted=34471936
t=24446351 read event=8417 count=4096 submitted=34476032
t=24449102 read event=8418 count=4096 submitted=34480128
t=24451849 read event=8419 count=4096 submitted=34484224
t=24454796 read event=8420 count=4096 submitted=34488320
t=24457606 read event=8421 count=4096 submitted=34492416
t=24460355 read event=8422 count=4096 submitted=34496512
t=24463100 read event=8423 count=4096 submitted=34500608
t=24466561 read event=8424 count=4096 submitted=34504704
t=24469442 read event=8425 count=4096 submitted=34508800
t=24472274 read event=8426 count=4096 submitted=34512896
t=24475034 read event=8427 count=4096 submitted=34516992
t=24477991 read event=8428 count=4096 submitted=34521088
t=24480865 read event=8429 count=4096 submitted=34525184
t=24483616 read event=8430 count=4096 submitted=34529280
t=24486363 read event=8431 count=4096 submitted=34533376
t=24489309 read event=8432 count=4096 submitted=34537472
t=24492134 read event=8433 count=4096 submitted=34541568
t=24494886 read event=8434 count=4096 submitted=34545664
t=24497625 read event=8435 count=4096 submitted=34549760
t=24500577 read event=8436 count=4096 submitted=34553856
t=24503406 read event=8437 count=4096 submitted=34557952
t=24506167 read event=8438 count=4096 submitted=34562048
t=24508913 read event=8439 count=4096 submitted=34566144
t=24511859 read event=8440 count=4096 submitted=34570240
t=24514676 read event=8441 count=4096 submitted=34574336
t=24517430 read event=8442 count=4096 submitted=34578432
t=24520179 read event=8443 count=4096 submitted=34582528
t=24523119 read event=8444 count=4096 submitted=34586624
t=24525937 read event=8445 count=4096 submitted=34590720
t=24528697 read event=8446 count=4096 submitted=34594816
t=24531442 read event=8447 count=4096 submitted=34598912
t=24534390 read event=8448 count=4096 submitted=34603008
t=24537218 read event=8449 count=4096 submitted=34607104
t=24539971 read event=8450 count=4096 submitted=34611200
t=24542716 read event=8451 count=4096 submitted=34615296
t=24545658 read event=8452 count=4096 submitted=34619392
t=24548480 read event=8453 count=4096 submitted=34623488
t=24551235 read event=8454 count=4096 submitted=34627584
t=24553981 read event=8455 count=4096 submitted=34631680
t=24557278 read event=8456 count=4096 submitted=34635776
t=24560195 read event=8457 count=4096 submitted=34639872
t=24562977 read event=8458 count=4096 submitted=34643968
t=24565731 read event=8459 count=4096 submitted=34648064
t=24568678 read event=8460 count=4096 submitted=34652160
t=24571542 read event=8461 count=4096 submitted=34656256
t=24574295 read event=8462 count=4096 submitted=34660352
t=24577044 read event=8463 count=4096 submitted=34664448
t=24579989 read event=8464 count=4096 submitted=34668544
t=24582809 read event=8465 count=4096 submitted=34672640
t=24585553 read event=8466 count=4096 submitted=34676736
t=24588298 read event=8467 count=4096 submitted=34680832
t=24591246 read event=8468 count=4096 submitted=34684928
t=24594064 read event=8469 count=4096 submitted=34689024
t=24596815 read event=8470 count=4096 submitted=34693120
t=24599556 read event=8471 count=4096 submitted=34697216
t=24602512 read event=8472 count=4096 submitted=34701312
t=24605333 read event=8473 count=4096 submitted=34705408
t=24608095 read event=8474 count=4096 submitted=34709504
t=24610842 read event=8475 count=4096 submitted=34713600
t=24613786 read event=8476 count=4096 submitted=34717696
t=24616594 read event=8477 count=4096 submitted=34721792
t=24619345 read event=8478 count=4096 submitted=34725888
t=24622090 read event=8479 count=4096 submitted=34729984
t=24625032 read event=8480 count=4096 submitted=34734080
t=24627848 read event=8481 count=4096 submitted=34738176
t=24630590 read event=8482 count=4096 submitted=34742272
t=24633339 read event=8483 count=4096 submitted=34746368
t=24636282 read event=8484 count=4096 submitted=34750464
t=24639155 read event=8485 count=4096 submitted=34754560
t=24641913 read event=8486 count=4096 submitted=34758656
t=24644655 read event=8487 count=4096 submitted=34762752
t=24647610 read event=8488 count=4096 submitted=34766848
t=24650433 read event=8489 count=4096 submitted=34770944
t=24653185 read event=8490 count=4096 submitted=34775040
t=24655931 read event=8491 count=4096 submitted=34779136
t=24658871 read event=8492 count=4096 submitted=34783232
t=24661689 read event=8493 count=4096 submitted=34787328
t=24664432 read event=8494 count=4096 submitted=34791424
t=24667184 read event=8495 count=4096 submitted=34795520
t=24670121 read event=8496 count=4096 submitted=34799616
t=24672936 read event=8497 count=4096 submitted=34803712
t=24675678 read event=8498 count=4096 submitted=34807808
t=24678428 read event=8499 count=4096 submitted=34811904
t=24681371 read event=8500 count=4096 submitted=34816000
t=24684185 read event=8501 count=4096 submitted=34820096
t=24686932 read event=8502 count=4096 submitted=34824192
t=24689674 read event=8503 count=4096 submitted=34828288
t=24692618 read event=8504 count=4096 submitted=34832384
t=24695624 read event=8505 count=4096 submitted=34836480
t=24698408 read event=8506 count=4096 submitted=34840576
t=24701158 read event=8507 count=4096 submitted=34844672
t=24704092 read event=8508 count=4096 submitted=34848768
media_player_helper: video=34919166 bytes, pts=0, audio=0 frames/0 samples
t=24707072 read event=8509 count=4096 submitted=34852864
t=24710101 read event=8510 count=4096 submitted=34856960
t=24712853 read event=8511 count=4096 submitted=34861056
t=24715587 read event=8512 count=4096 submitted=34865152
t=24718384 read event=8513 count=4096 submitted=34869248
t=24721110 read event=8514 count=4096 submitted=34873344
t=24723831 read event=8515 count=4096 submitted=34877440
t=24726541 read event=8516 count=4096 submitted=34881536
t=24729312 read event=8517 count=4096 submitted=34885632
t=24732036 read event=8518 count=4096 submitted=34889728
t=24734752 read event=8519 count=4096 submitted=34893824
t=24737464 read event=8520 count=4096 submitted=34897920
t=24740243 read event=8521 count=4096 submitted=34902016
t=24742967 read event=8522 count=4096 submitted=34906112
t=24745690 read event=8523 count=4096 submitted=34910208
t=24748402 read event=8524 count=4096 submitted=34914304
t=24751169 read event=8525 count=4096 submitted=34918400
t=24751703 read event=8526 count=766 submitted=34919166
t=24751720 helper stdout eof
t=24751728 finish reason=eof fd=14 download=1 submitted=34919166 reads=8526 would_block=384
t=24751782 download released
t=24751848 child wait=932 status=0x0 wait_errno=0 exited=1 exit_code=0 signaled=0 signal=0
t=24751866 transfer complete submitted=34919166 reads=8526
